date,PEAK
2008-01-01 00:00:00,9754.763
2008-01-01 01:00:00,9754.763
2008-01-01 02:00:00,9754.763
2008-01-01 03:00:00,9754.763
2008-01-01 04:00:00,9754.763
2008-01-01 05:00:00,9754.763
2008-01-01 06:00:00,9754.763
2008-01-01 07:00:00,9754.763
2008-01-01 08:00:00,9754.763
2008-01-01 09:00:00,9754.763
2008-01-01 10:00:00,9754.763
2008-01-01 11:00:00,9754.763
2008-01-01 12:00:00,9754.763
2008-01-01 13:00:00,9754.763
2008-01-01 14:00:00,9754.763
2008-01-01 15:00:00,9754.763
2008-01-01 16:00:00,9754.763
2008-01-01 17:00:00,9754.763
2008-01-01 18:00:00,9754.763
2008-01-01 19:00:00,9754.763
2008-01-01 20:00:00,9754.763
2008-01-01 21:00:00,9754.763
2008-01-01 22:00:00,9754.763
2008-01-01 23:00:00,9754.763
2008-01-02 00:00:00,9754.835
2008-01-02 01:00:00,9755.5205
2008-01-02 02:00:00,9755.5205
2008-01-02 03:00:00,9755.5205
2008-01-02 04:00:00,9755.5205
2008-01-02 05:00:00,9755.5205
2008-01-02 06:00:00,9755.5205
2008-01-02 07:00:00,9755.5205
2008-01-02 08:00:00,9755.5205
2008-01-02 09:00:00,9755.5205
2008-01-02 10:00:00,9755.5205
2008-01-02 11:00:00,9755.5205
2008-01-02 12:00:00,9755.5205
2008-01-02 13:00:00,9755.5205
2008-01-02 14:00:00,9755.5205
2008-01-02 15:00:00,9755.5205
2008-01-02 16:00:00,9755.5205
2008-01-02 17:00:00,9755.5205
2008-01-02 18:00:00,9755.5205
2008-01-02 19:00:00,9755.5205
2008-01-02 20:00:00,9755.5205
2008-01-02 21:00:00,9755.5205
2008-01-02 22:00:00,9755.5205
2008-01-02 23:00:00,9755.5205
2008-01-03 00:00:00,9755.5205
2008-01-03 01:00:00,9755.5205
2008-01-03 02:00:00,9755.5205
2008-01-03 03:00:00,9755.5205
2008-01-03 04:00:00,9755.5205
2008-01-03 05:00:00,9755.5205
2008-01-03 06:00:00,9755.5205
2008-01-03 07:00:00,9755.5205
2008-01-03 08:00:00,9755.5205
2008-01-03 09:00:00,9755.5205
2008-01-03 10:00:00,9755.5205
2008-01-03 11:00:00,9755.5205
2008-01-03 12:00:00,9755.5205
2008-01-03 13:00:00,9755.5205
2008-01-03 14:00:00,9755.5205
2008-01-03 15:00:00,9755.5205
2008-01-03 16:00:00,9755.5205
2008-01-03 17:00:00,9755.5205
2008-01-03 18:00:00,9755.5205
2008-01-03 19:00:00,9755.5205
2008-01-03 20:00:00,9755.5205
2008-01-03 21:00:00,9755.5205
2008-01-03 22:00:00,9755.5205
2008-01-03 23:00:00,9755.5205
2008-01-04 00:00:00,9755.5205
2008-01-04 01:00:00,9755.5205
2008-01-04 02:00:00,9755.5205
2008-01-04 03:00:00,9755.5205
2008-01-04 04:00:00,9755.5205
2008-01-04 05:00:00,9755.5205
2008-01-04 06:00:00,9755.5205
2008-01-04 07:00:00,9755.5205
2008-01-04 08:00:00,9755.5205
2008-01-04 09:00:00,9755.5205
2008-01-04 10:00:00,9755.5205
2008-01-04 11:00:00,9755.5205
2008-01-04 12:00:00,9755.5205
2008-01-04 13:00:00,9755.5205
2008-01-04 14:00:00,9755.5205
2008-01-04 15:00:00,9755.5205
2008-01-04 16:00:00,9755.5205
2008-01-04 17:00:00,9755.5205
2008-01-04 18:00:00,9755.5205
2008-01-04 19:00:00,9755.5205
2008-01-04 20:00:00,9755.5205
2008-01-04 21:00:00,9755.5205
2008-01-04 22:00:00,9755.5205
2008-01-04 23:00:00,9755.5205
2008-01-05 00:00:00,9755.813
2008-01-05 01:00:00,9756.824
2008-01-05 02:00:00,9757.777
2008-01-05 03:00:00,9758.706
2008-01-05 04:00:00,9760.302
2008-01-05 05:00:00,9762.208
2008-01-05 06:00:00,9763.817
2008-01-05 07:00:00,9765.042
2008-01-05 08:00:00,9765.712
2008-01-05 09:00:00,9765.733
2008-01-05 10:00:00,9765.733
2008-01-05 11:00:00,9765.733
2008-01-05 12:00:00,9765.733
2008-01-05 13:00:00,9765.901
2008-01-05 14:00:00,9766.651
2008-01-05 15:00:00,9767.619
2008-01-05 16:00:00,9768.389
2008-01-05 17:00:00,9769.443
2008-01-05 18:00:00,9770.523
2008-01-05 19:00:00,9771.443
2008-01-05 20:00:00,9772.225
2008-01-05 21:00:00,9773.663
2008-01-05 22:00:00,9774.121
2008-01-05 23:00:00,9774.121
2008-01-06 00:00:00,9774.121
2008-01-06 01:00:00,9774.121
2008-01-06 02:00:00,9774.121
2008-01-06 03:00:00,9774.121
2008-01-06 04:00:00,9774.121
2008-01-06 05:00:00,9774.121
2008-01-06 06:00:00,9774.121
2008-01-06 07:00:00,9774.121
2008-01-06 08:00:00,9774.121
2008-01-06 09:00:00,9774.121
2008-01-06 10:00:00,9774.121
2008-01-06 11:00:00,9774.121
2008-01-06 12:00:00,9774.121
2008-01-06 13:00:00,9774.121
2008-01-06 14:00:00,9774.121
2008-01-06 15:00:00,9774.588
2008-01-06 16:00:00,9775.395
2008-01-06 17:00:00,9775.8
2008-01-06 18:00:00,9776.644
2008-01-06 19:00:00,9777.173
2008-01-06 20:00:00,9778.2705
2008-01-06 21:00:00,9779.127
2008-01-06 22:00:00,9779.938
2008-01-06 23:00:00,9780.618
2008-01-07 00:00:00,9780.618
2008-01-07 01:00:00,9780.618
2008-01-07 02:00:00,9780.618
2008-01-07 03:00:00,9780.806
2008-01-07 04:00:00,9781.125
2008-01-07 05:00:00,9781.248
2008-01-07 06:00:00,9781.794
2008-01-07 07:00:00,9782.556
2008-01-07 08:00:00,9783.022
2008-01-07 09:00:00,9783.127
2008-01-07 10:00:00,9783.317
2008-01-07 11:00:00,9783.317
2008-01-07 12:00:00,9783.317
2008-01-07 13:00:00,9783.317
2008-01-07 14:00:00,9783.317
2008-01-07 15:00:00,9783.396
2008-01-07 16:00:00,9783.396
2008-01-07 17:00:00,9783.474
2008-01-07 18:00:00,9784.13
2008-01-07 19:00:00,9785.214
2008-01-07 20:00:00,9786.078
2008-01-07 21:00:00,9787.063
2008-01-07 22:00:00,9788.2295
2008-01-07 23:00:00,9788.602
2008-01-08 00:00:00,9789.088
2008-01-08 01:00:00,9789.088
2008-01-08 02:00:00,9789.088
2008-01-08 03:00:00,9789.088
2008-01-08 04:00:00,9789.088
2008-01-08 05:00:00,9789.088
2008-01-08 06:00:00,9789.088
2008-01-08 07:00:00,9789.088
2008-01-08 08:00:00,9789.47
2008-01-08 09:00:00,9789.69
2008-01-08 10:00:00,9789.69
2008-01-08 11:00:00,9789.69
2008-01-08 12:00:00,9789.875
2008-01-08 13:00:00,9790.319
2008-01-08 14:00:00,9791.16
2008-01-08 15:00:00,9791.374
2008-01-08 16:00:00,9791.374
2008-01-08 17:00:00,9791.779
2008-01-08 18:00:00,9792.112
2008-01-08 19:00:00,9792.112
2008-01-08 20:00:00,9792.112
2008-01-08 21:00:00,9792.112
2008-01-08 22:00:00,9792.112
2008-01-08 23:00:00,9792.287
2008-01-09 00:00:00,9792.503
2008-01-09 01:00:00,9792.503
2008-01-09 02:00:00,9792.503
2008-01-09 03:00:00,9792.503
2008-01-09 04:00:00,9792.565
2008-01-09 05:00:00,9793.138
2008-01-09 06:00:00,9795.107
2008-01-09 07:00:00,9796.292
2008-01-09 08:00:00,9797.202
2008-01-09 09:00:00,9798.784
2008-01-09 10:00:00,9800.581
2008-01-09 11:00:00,9801.957
2008-01-09 12:00:00,9803.81
2008-01-09 13:00:00,9805.3955
2008-01-09 14:00:00,9807.667
2008-01-09 15:00:00,9807.789
2008-01-09 16:00:00,9808.261
2008-01-09 17:00:00,9808.96
2008-01-09 18:00:00,9809.0625
2008-01-09 19:00:00,9810.765
2008-01-09 20:00:00,9813.705
2008-01-09 21:00:00,9816.248
2008-01-09 22:00:00,9820.61
2008-01-09 23:00:00,9823.948
2008-01-10 00:00:00,9826.964
2008-01-10 01:00:00,9830.098
2008-01-10 02:00:00,9833.177
2008-01-10 03:00:00,9834.758
2008-01-10 04:00:00,9835.853
2008-01-10 05:00:00,9837.851
2008-01-10 06:00:00,9840.238
2008-01-10 07:00:00,9843.067
2008-01-10 08:00:00,9846.5625
2008-01-10 09:00:00,9849.0625
2008-01-10 10:00:00,9849.382
2008-01-10 11:00:00,9851.385
2008-01-10 12:00:00,9854.769
2008-01-10 13:00:00,9856.3
2008-01-10 14:00:00,9856.799
2008-01-10 15:00:00,9857.137
2008-01-10 16:00:00,9857.801
2008-01-10 17:00:00,9858.888
2008-01-10 18:00:00,9858.913
2008-01-10 19:00:00,9858.913
2008-01-10 20:00:00,9858.913
2008-01-10 21:00:00,9858.913
2008-01-10 22:00:00,9858.913
2008-01-10 23:00:00,9858.913
2008-01-11 00:00:00,9858.913
2008-01-11 01:00:00,9858.913
2008-01-11 02:00:00,9858.913
2008-01-11 03:00:00,9858.913
2008-01-11 04:00:00,9858.913
2008-01-11 05:00:00,9858.913
2008-01-11 06:00:00,9858.913
2008-01-11 07:00:00,9858.913
2008-01-11 08:00:00,9858.913
2008-01-11 09:00:00,9859.411
2008-01-11 10:00:00,9860.257
2008-01-11 11:00:00,9860.659
2008-01-11 12:00:00,9862.141
2008-01-11 13:00:00,9862.388
2008-01-11 14:00:00,9863.814
2008-01-11 15:00:00,9864.311
2008-01-11 16:00:00,9864.626
2008-01-11 17:00:00,9864.697
2008-01-11 18:00:00,9865.232
2008-01-11 19:00:00,9865.483
2008-01-11 20:00:00,9865.791
2008-01-11 21:00:00,9865.791
2008-01-11 22:00:00,9866.877
2008-01-11 23:00:00,9868.433
2008-01-12 00:00:00,9868.458
2008-01-12 01:00:00,9868.458
2008-01-12 02:00:00,9868.458
2008-01-12 03:00:00,9868.535
2008-01-12 04:00:00,9868.535
2008-01-12 05:00:00,9868.535
2008-01-12 06:00:00,9868.535
2008-01-12 07:00:00,9868.535
2008-01-12 08:00:00,9868.535
2008-01-12 09:00:00,9868.535
2008-01-12 10:00:00,9868.535
2008-01-12 11:00:00,9868.535
2008-01-12 12:00:00,9868.535
2008-01-12 13:00:00,9868.535
2008-01-12 14:00:00,9868.535
2008-01-12 15:00:00,9868.535
2008-01-12 16:00:00,9868.535
2008-01-12 17:00:00,9868.535
2008-01-12 18:00:00,9868.535
2008-01-12 19:00:00,9868.535
2008-01-12 20:00:00,9868.535
2008-01-12 21:00:00,9868.535
2008-01-12 22:00:00,9868.535
2008-01-12 23:00:00,9868.535
2008-01-13 00:00:00,9868.614
2008-01-13 01:00:00,9869.811
2008-01-13 02:00:00,9870.18
2008-01-13 03:00:00,9870.568
2008-01-13 04:00:00,9871.176
2008-01-13 05:00:00,9871.466
2008-01-13 06:00:00,9872.229
2008-01-13 07:00:00,9872.535
2008-01-13 08:00:00,9872.535
2008-01-13 09:00:00,9872.535
2008-01-13 10:00:00,9872.535
2008-01-13 11:00:00,9872.535
2008-01-13 12:00:00,9872.535
2008-01-13 13:00:00,9872.535
2008-01-13 14:00:00,9872.535
2008-01-13 15:00:00,9872.535
2008-01-13 16:00:00,9872.881
2008-01-13 17:00:00,9874.193
2008-01-13 18:00:00,9876.147
2008-01-13 19:00:00,9880.09
2008-01-13 20:00:00,9883.855
2008-01-13 21:00:00,9886.278
2008-01-13 22:00:00,9888.473
2008-01-13 23:00:00,9890.67
2008-01-14 00:00:00,9893.025
2008-01-14 01:00:00,9895.486
2008-01-14 02:00:00,9897.988
2008-01-14 03:00:00,9900.575
2008-01-14 04:00:00,9902.679
2008-01-14 05:00:00,9905.32
2008-01-14 06:00:00,9908.836
2008-01-14 07:00:00,9912.355
2008-01-14 08:00:00,9914.5
2008-01-14 09:00:00,9915.487
2008-01-14 10:00:00,9916.813
2008-01-14 11:00:00,9918.8
2008-01-14 12:00:00,9920.828
2008-01-14 13:00:00,9921.57
2008-01-14 14:00:00,9921.57
2008-01-14 15:00:00,9922.375
2008-01-14 16:00:00,9924.806
2008-01-14 17:00:00,9927.595
2008-01-14 18:00:00,9930.63
2008-01-14 19:00:00,9934.201
2008-01-14 20:00:00,9937.525
2008-01-14 21:00:00,9940.642
2008-01-14 22:00:00,9943.977
2008-01-14 23:00:00,9947.641
2008-01-15 00:00:00,9949.465
2008-01-15 01:00:00,9950.427
2008-01-15 02:00:00,9951.194
2008-01-15 03:00:00,9952.294
2008-01-15 04:00:00,9955.35
2008-01-15 05:00:00,9958.068
2008-01-15 06:00:00,9960.819
2008-01-15 07:00:00,9964.272
2008-01-15 08:00:00,9967.835
2008-01-15 09:00:00,9970.09
2008-01-15 10:00:00,9973.592
2008-01-15 11:00:00,9977.019
2008-01-15 12:00:00,9979.614
2008-01-15 13:00:00,9982.252
2008-01-15 14:00:00,9982.514
2008-01-15 15:00:00,9983.644
2008-01-15 16:00:00,9983.644
2008-01-15 17:00:00,9983.644
2008-01-15 18:00:00,9983.723
2008-01-15 19:00:00,9984.129
2008-01-15 20:00:00,9984.129
2008-01-15 21:00:00,9984.129
2008-01-15 22:00:00,9984.129
2008-01-15 23:00:00,9984.129
2008-01-16 00:00:00,9984.129
2008-01-16 01:00:00,9984.129
2008-01-16 02:00:00,9984.129
2008-01-16 03:00:00,9984.199
2008-01-16 04:00:00,9984.755
2008-01-16 05:00:00,9985.289
2008-01-16 06:00:00,9985.599
2008-01-16 07:00:00,9985.599
2008-01-16 08:00:00,9985.599
2008-01-16 09:00:00,9985.599
2008-01-16 10:00:00,9985.599
2008-01-16 11:00:00,9986.066
2008-01-16 12:00:00,9987.578
2008-01-16 13:00:00,9989.854
2008-01-16 14:00:00,9991.825
2008-01-16 15:00:00,9994.129
2008-01-16 16:00:00,9996.212
2008-01-16 17:00:00,9998.503
2008-01-16 18:00:00,10000.609
2008-01-16 19:00:00,10001.7705
2008-01-16 20:00:00,10002.492
2008-01-16 21:00:00,10002.634
2008-01-16 22:00:00,10002.634
2008-01-16 23:00:00,10002.634
2008-01-17 00:00:00,10002.634
2008-01-17 01:00:00,10002.715
2008-01-17 02:00:00,10003.563
2008-01-17 03:00:00,10004.268
2008-01-17 04:00:00,10004.496
2008-01-17 05:00:00,10004.496
2008-01-17 06:00:00,10004.496
2008-01-17 07:00:00,10004.496
2008-01-17 08:00:00,10004.496
2008-01-17 09:00:00,10004.496
2008-01-17 10:00:00,10004.496
2008-01-17 11:00:00,10004.496
2008-01-17 12:00:00,10004.496
2008-01-17 13:00:00,10004.496
2008-01-17 14:00:00,10004.496
2008-01-17 15:00:00,10004.496
2008-01-17 16:00:00,10004.496
2008-01-17 17:00:00,10004.496
2008-01-17 18:00:00,10004.496
2008-01-17 19:00:00,10004.496
2008-01-17 20:00:00,10004.496
2008-01-17 21:00:00,10004.496
2008-01-17 22:00:00,10004.496
2008-01-17 23:00:00,10004.496
2008-01-18 00:00:00,10004.496
2008-01-18 01:00:00,10004.496
2008-01-18 02:00:00,10004.496
2008-01-18 03:00:00,10004.496
2008-01-18 04:00:00,10004.496
2008-01-18 05:00:00,10004.496
2008-01-18 06:00:00,10004.515
2008-01-18 07:00:00,10005.3
2008-01-18 08:00:00,10006.067
2008-01-18 09:00:00,10006.067
2008-01-18 10:00:00,10006.067
2008-01-18 11:00:00,10006.067
2008-01-18 12:00:00,10006.529
2008-01-18 13:00:00,10007.518
2008-01-18 14:00:00,10009.227
2008-01-18 15:00:00,10011.692
2008-01-18 16:00:00,10013.716
2008-01-18 17:00:00,10016.723
2008-01-18 18:00:00,10020.038
2008-01-18 19:00:00,10023.39
2008-01-18 20:00:00,10027.192
2008-01-18 21:00:00,10030.458
2008-01-18 22:00:00,10034.532
2008-01-18 23:00:00,10038.896
2008-01-19 00:00:00,10043.619
2008-01-19 01:00:00,10047.167
2008-01-19 02:00:00,10050.556
2008-01-19 03:00:00,10053.668
2008-01-19 04:00:00,10054.202
2008-01-19 05:00:00,10054.459
2008-01-19 06:00:00,10057.212
2008-01-19 07:00:00,10061.677
2008-01-19 08:00:00,10065.931
2008-01-19 09:00:00,10069.084
2008-01-19 10:00:00,10071.604
2008-01-19 11:00:00,10073.427
2008-01-19 12:00:00,10073.465
2008-01-19 13:00:00,10074.481
2008-01-19 14:00:00,10075.792
2008-01-19 15:00:00,10076.532
2008-01-19 16:00:00,10079.516
2008-01-19 17:00:00,10079.679
2008-01-19 18:00:00,10080.992
2008-01-19 19:00:00,10082.943
2008-01-19 20:00:00,10085.707
2008-01-19 21:00:00,10086.366
2008-01-19 22:00:00,10088.221
2008-01-19 23:00:00,10092.114
2008-01-20 00:00:00,10093.904
2008-01-20 01:00:00,10098.879
2008-01-20 02:00:00,10102.265
2008-01-20 03:00:00,10104.5205
2008-01-20 04:00:00,10104.695
2008-01-20 05:00:00,10105.088
2008-01-20 06:00:00,10106.242
2008-01-20 07:00:00,10107.624
2008-01-20 08:00:00,10108.953
2008-01-20 09:00:00,10109.293
2008-01-20 10:00:00,10110.789
2008-01-20 11:00:00,10113.52
2008-01-20 12:00:00,10116.611
2008-01-20 13:00:00,10118.068
2008-01-20 14:00:00,10120.88
2008-01-20 15:00:00,10121.828
2008-01-20 16:00:00,10124.757
2008-01-20 17:00:00,10126.32
2008-01-20 18:00:00,10126.99
2008-01-20 19:00:00,10127.918
2008-01-20 20:00:00,10132.216
2008-01-20 21:00:00,10137.052
2008-01-20 22:00:00,10139.5
2008-01-20 23:00:00,10140.362
2008-01-21 00:00:00,10140.527
2008-01-21 01:00:00,10141.174
2008-01-21 02:00:00,10143.033
2008-01-21 03:00:00,10143.626
2008-01-21 04:00:00,10144.536
2008-01-21 05:00:00,10145.017
2008-01-21 06:00:00,10145.442
2008-01-21 07:00:00,10145.538
2008-01-21 08:00:00,10145.888
2008-01-21 09:00:00,10145.888
2008-01-21 10:00:00,10145.888
2008-01-21 11:00:00,10145.888
2008-01-21 12:00:00,10145.888
2008-01-21 13:00:00,10145.888
2008-01-21 14:00:00,10145.888
2008-01-21 15:00:00,10145.888
2008-01-21 16:00:00,10145.888
2008-01-21 17:00:00,10145.888
2008-01-21 18:00:00,10145.888
2008-01-21 19:00:00,10145.888
2008-01-21 20:00:00,10145.888
2008-01-21 21:00:00,10145.888
2008-01-21 22:00:00,10145.888
2008-01-21 23:00:00,10145.888
2008-01-22 00:00:00,10145.888
2008-01-22 01:00:00,10145.888
2008-01-22 02:00:00,10145.888
2008-01-22 03:00:00,10145.888
2008-01-22 04:00:00,10145.888
2008-01-22 05:00:00,10146.074
2008-01-22 06:00:00,10146.68
2008-01-22 07:00:00,10147.251
2008-01-22 08:00:00,10147.251
2008-01-22 09:00:00,10147.251
2008-01-22 10:00:00,10147.397
2008-01-22 11:00:00,10148.101
2008-01-22 12:00:00,10149.626
2008-01-22 13:00:00,10149.871
2008-01-22 14:00:00,10149.871
2008-01-22 15:00:00,10149.871
2008-01-22 16:00:00,10149.871
2008-01-22 17:00:00,10149.871
2008-01-22 18:00:00,10149.871
2008-01-22 19:00:00,10149.871
2008-01-22 20:00:00,10149.871
2008-01-22 21:00:00,10149.871
2008-01-22 22:00:00,10149.871
2008-01-22 23:00:00,10149.871
2008-01-23 00:00:00,10149.871
2008-01-23 01:00:00,10149.871
2008-01-23 02:00:00,10150.6045
2008-01-23 03:00:00,10151.418
2008-01-23 04:00:00,10152.67
2008-01-23 05:00:00,10153.841
2008-01-23 06:00:00,10154.638
2008-01-23 07:00:00,10154.93
2008-01-23 08:00:00,10155.477
2008-01-23 09:00:00,10157.33
2008-01-23 10:00:00,10158.9375
2008-01-23 11:00:00,10159.871
2008-01-23 12:00:00,10161.817
2008-01-23 13:00:00,10163.038
2008-01-23 14:00:00,10163.65
2008-01-23 15:00:00,10163.75
2008-01-23 16:00:00,10163.968
2008-01-23 17:00:00,10164.852
2008-01-23 18:00:00,10166.739
2008-01-23 19:00:00,10169.323
2008-01-23 20:00:00,10172.149
2008-01-23 21:00:00,10175.215
2008-01-23 22:00:00,10177.671
2008-01-23 23:00:00,10181.253
2008-01-24 00:00:00,10184.931
2008-01-24 01:00:00,10188.966
2008-01-24 02:00:00,10191.347
2008-01-24 03:00:00,10192.544
2008-01-24 04:00:00,10192.739
2008-01-24 05:00:00,10194.193
2008-01-24 06:00:00,10195.499
2008-01-24 07:00:00,10195.876
2008-01-24 08:00:00,10197.276
2008-01-24 09:00:00,10199.465
2008-01-24 10:00:00,10201.68
2008-01-24 11:00:00,10203.831
2008-01-24 12:00:00,10206.018
2008-01-24 13:00:00,10208.477
2008-01-24 14:00:00,10210.111
2008-01-24 15:00:00,10212.277
2008-01-24 16:00:00,10214.465
2008-01-24 17:00:00,10215.346
2008-01-24 18:00:00,10218.066
2008-01-24 19:00:00,10218.954
2008-01-24 20:00:00,10219.918
2008-01-24 21:00:00,10219.918
2008-01-24 22:00:00,10220.321
2008-01-24 23:00:00,10225.237
2008-01-25 00:00:00,10226.5205
2008-01-25 01:00:00,10227.618
2008-01-25 02:00:00,10228.061
2008-01-25 03:00:00,10230.238
2008-01-25 04:00:00,10234.893
2008-01-25 05:00:00,10239.082
2008-01-25 06:00:00,10241.816
2008-01-25 07:00:00,10246.061
2008-01-25 08:00:00,10247.631
2008-01-25 09:00:00,10250.984
2008-01-25 10:00:00,10252.815
2008-01-25 11:00:00,10258.121
2008-01-25 12:00:00,10263.65
2008-01-25 13:00:00,10263.823
2008-01-25 14:00:00,10265.01
2008-01-25 15:00:00,10265.431
2008-01-25 16:00:00,10268.305
2008-01-25 17:00:00,10268.846
2008-01-25 18:00:00,10269.201
2008-01-25 19:00:00,10270.046
2008-01-25 20:00:00,10271.455
2008-01-25 21:00:00,10273.959
2008-01-25 22:00:00,10275.108
2008-01-25 23:00:00,10276.006
2008-01-26 00:00:00,10279.117
2008-01-26 01:00:00,10283.554
2008-01-26 02:00:00,10285.114
2008-01-26 03:00:00,10286.833
2008-01-26 04:00:00,10289.47
2008-01-26 05:00:00,10289.966
2008-01-26 06:00:00,10290.59
2008-01-26 07:00:00,10293.782
2008-01-26 08:00:00,10295.73
2008-01-26 09:00:00,10296.351
2008-01-26 10:00:00,10298.141
2008-01-26 11:00:00,10298.214
2008-01-26 12:00:00,10300.576
2008-01-26 13:00:00,10302.89
2008-01-26 14:00:00,10306.632
2008-01-26 15:00:00,10307.495
2008-01-26 16:00:00,10309.308
2008-01-26 17:00:00,10309.761
2008-01-26 18:00:00,10310.515
2008-01-26 19:00:00,10311.403
2008-01-26 20:00:00,10314.316
2008-01-26 21:00:00,10316.3955
2008-01-26 22:00:00,10318.738
2008-01-26 23:00:00,10320.359
2008-01-27 00:00:00,10322.852
2008-01-27 01:00:00,10323.001
2008-01-27 02:00:00,10323.754
2008-01-27 03:00:00,10323.754
2008-01-27 04:00:00,10323.754
2008-01-27 05:00:00,10323.939
2008-01-27 06:00:00,10324.95
2008-01-27 07:00:00,10325.33
2008-01-27 08:00:00,10325.33
2008-01-27 09:00:00,10325.33
2008-01-27 10:00:00,10325.33
2008-01-27 11:00:00,10325.33
2008-01-27 12:00:00,10325.33
2008-01-27 13:00:00,10325.33
2008-01-27 14:00:00,10325.33
2008-01-27 15:00:00,10325.33
2008-01-27 16:00:00,10325.33
2008-01-27 17:00:00,10325.33
2008-01-27 18:00:00,10325.33
2008-01-27 19:00:00,10325.33
2008-01-27 20:00:00,10325.447
2008-01-27 21:00:00,10326.328
2008-01-27 22:00:00,10327.487
2008-01-27 23:00:00,10328.38
2008-01-28 00:00:00,10329.09
2008-01-28 01:00:00,10330.44
2008-01-28 02:00:00,10331.5625
2008-01-28 03:00:00,10332.522
2008-01-28 04:00:00,10333.91
2008-01-28 05:00:00,10334.818
2008-01-28 06:00:00,10335.365
2008-01-28 07:00:00,10335.879
2008-01-28 08:00:00,10336.95
2008-01-28 09:00:00,10338.533
2008-01-28 10:00:00,10340.503
2008-01-28 11:00:00,10343.228
2008-01-28 12:00:00,10344.58
2008-01-28 13:00:00,10346.125
2008-01-28 14:00:00,10347.293
2008-01-28 15:00:00,10349.146
2008-01-28 16:00:00,10352.365
2008-01-28 17:00:00,10355.025
2008-01-28 18:00:00,10356.839
2008-01-28 19:00:00,10358.195
2008-01-28 20:00:00,10358.195
2008-01-28 21:00:00,10361.376
2008-01-28 22:00:00,10365.114
2008-01-28 23:00:00,10369.948
2008-01-29 00:00:00,10375.109
2008-01-29 01:00:00,10380.458
2008-01-29 02:00:00,10385.194
2008-01-29 03:00:00,10389.266
2008-01-29 04:00:00,10393.821
2008-01-29 05:00:00,10395.886
2008-01-29 06:00:00,10398.266
2008-01-29 07:00:00,10398.551
2008-01-29 08:00:00,10398.877
2008-01-29 09:00:00,10400.238
2008-01-29 10:00:00,10400.947
2008-01-29 11:00:00,10401.693
2008-01-29 12:00:00,10402.656
2008-01-29 13:00:00,10403.397
2008-01-29 14:00:00,10403.397
2008-01-29 15:00:00,10404.261
2008-01-29 16:00:00,10405.138
2008-01-29 17:00:00,10405.776
2008-01-29 18:00:00,10406.419
2008-01-29 19:00:00,10407.016
2008-01-29 20:00:00,10407.301
2008-01-29 21:00:00,10407.301
2008-01-29 22:00:00,10407.301
2008-01-29 23:00:00,10407.301
2008-01-30 00:00:00,10407.301
2008-01-30 01:00:00,10407.301
2008-01-30 02:00:00,10407.301
2008-01-30 03:00:00,10407.301
2008-01-30 04:00:00,10407.301
2008-01-30 05:00:00,10407.301
2008-01-30 06:00:00,10407.448
2008-01-30 07:00:00,10407.876
2008-01-30 08:00:00,10408.724
2008-01-30 09:00:00,10409.756
2008-01-30 10:00:00,10410.247
2008-01-30 11:00:00,10411.264
2008-01-30 12:00:00,10412.174
2008-01-30 13:00:00,10412.208
2008-01-30 14:00:00,10413.718
2008-01-30 15:00:00,10417.285
2008-01-30 16:00:00,10418.212
2008-01-30 17:00:00,10419.611
2008-01-30 18:00:00,10421.191
2008-01-30 19:00:00,10421.928
2008-01-30 20:00:00,10422.731
2008-01-30 21:00:00,10422.731
2008-01-30 22:00:00,10422.731
2008-01-30 23:00:00,10422.743
2008-01-31 00:00:00,10422.939
2008-01-31 01:00:00,10423.583
2008-01-31 02:00:00,10424.988
2008-01-31 03:00:00,10427.482
2008-01-31 04:00:00,10429.946
2008-01-31 05:00:00,10432.976
2008-01-31 06:00:00,10436.149
2008-01-31 07:00:00,10439.293
2008-01-31 08:00:00,10441.437
2008-01-31 09:00:00,10442.305
2008-01-31 10:00:00,10443.186
2008-01-31 11:00:00,10444.822
2008-01-31 12:00:00,10447.622
2008-01-31 13:00:00,10451.106
2008-01-31 14:00:00,10454.584
2008-01-31 15:00:00,10458.417
2008-01-31 16:00:00,10462.298
2008-01-31 17:00:00,10465.866
2008-01-31 18:00:00,10469.711
2008-01-31 19:00:00,10471.475
2008-01-31 20:00:00,10472.233
2008-01-31 21:00:00,10473.554
2008-01-31 22:00:00,10474.267
2008-01-31 23:00:00,10475.188
2008-02-01 00:00:00,10475.713
2008-02-01 01:00:00,10475.713
2008-02-01 02:00:00,10475.713
2008-02-01 03:00:00,10475.713
2008-02-01 04:00:00,10475.713
2008-02-01 05:00:00,10475.713
2008-02-01 06:00:00,10475.713
2008-02-01 07:00:00,10475.713
2008-02-01 08:00:00,10475.713
2008-02-01 09:00:00,10475.933
2008-02-01 10:00:00,10476.747
2008-02-01 11:00:00,10477.693
2008-02-01 12:00:00,10477.938
2008-02-01 13:00:00,10478.28
2008-02-01 14:00:00,10479.062
2008-02-01 15:00:00,10479.521
2008-02-01 16:00:00,10479.593
2008-02-01 17:00:00,10480.139
2008-02-01 18:00:00,10482.466
2008-02-01 19:00:00,10486.563
2008-02-01 20:00:00,10488.451
2008-02-01 21:00:00,10488.966
2008-02-01 22:00:00,10490.336
2008-02-01 23:00:00,10493.903
2008-02-02 00:00:00,10496.271
2008-02-02 01:00:00,10497.519
2008-02-02 02:00:00,10498.823
2008-02-02 03:00:00,10500.478
2008-02-02 04:00:00,10501.603
2008-02-02 05:00:00,10503.15
2008-02-02 06:00:00,10504.666
2008-02-02 07:00:00,10506.931
2008-02-02 08:00:00,10508.021
2008-02-02 09:00:00,10508.21
2008-02-02 10:00:00,10510.545
2008-02-02 11:00:00,10510.735
2008-02-02 12:00:00,10511.564
2008-02-02 13:00:00,10512.021
2008-02-02 14:00:00,10512.662
2008-02-02 15:00:00,10514.84
2008-02-02 16:00:00,10515.439
2008-02-02 17:00:00,10515.654
2008-02-02 18:00:00,10516.971
2008-02-02 19:00:00,10517.636
2008-02-02 20:00:00,10518.784
2008-02-02 21:00:00,10519.612
2008-02-02 22:00:00,10520.6
2008-02-02 23:00:00,10521.065
2008-02-03 00:00:00,10521.065
2008-02-03 01:00:00,10521.203
2008-02-03 02:00:00,10521.438
2008-02-03 03:00:00,10521.718
2008-02-03 04:00:00,10521.749
2008-02-03 05:00:00,10521.749
2008-02-03 06:00:00,10521.749
2008-02-03 07:00:00,10521.97
2008-02-03 08:00:00,10522.808
2008-02-03 09:00:00,10523.762
2008-02-03 10:00:00,10525.045
2008-02-03 11:00:00,10526.451
2008-02-03 12:00:00,10528.269
2008-02-03 13:00:00,10530.443
2008-02-03 14:00:00,10534.311
2008-02-03 15:00:00,10538.601
2008-02-03 16:00:00,10541.483
2008-02-03 17:00:00,10542.758
2008-02-03 18:00:00,10542.758
2008-02-03 19:00:00,10542.946
2008-02-03 20:00:00,10542.946
2008-02-03 21:00:00,10542.946
2008-02-03 22:00:00,10542.946
2008-02-03 23:00:00,10542.946
2008-02-04 00:00:00,10542.946
2008-02-04 01:00:00,10542.946
2008-02-04 02:00:00,10542.946
2008-02-04 03:00:00,10542.946
2008-02-04 04:00:00,10542.946
2008-02-04 05:00:00,10542.946
2008-02-04 06:00:00,10542.946
2008-02-04 07:00:00,10542.946
2008-02-04 08:00:00,10542.946
2008-02-04 09:00:00,10542.946
2008-02-04 10:00:00,10542.946
2008-02-04 11:00:00,10542.946
2008-02-04 12:00:00,10542.946
2008-02-04 13:00:00,10542.946
2008-02-04 14:00:00,10542.946
2008-02-04 15:00:00,10542.946
2008-02-04 16:00:00,10542.946
2008-02-04 17:00:00,10542.946
2008-02-04 18:00:00,10542.946
2008-02-04 19:00:00,10542.946
2008-02-04 20:00:00,10543.99
2008-02-04 21:00:00,10544.965
2008-02-04 22:00:00,10546.071
2008-02-04 23:00:00,10548.363
2008-02-05 00:00:00,10550.379
2008-02-05 01:00:00,10550.706
2008-02-05 02:00:00,10551.743
2008-02-05 03:00:00,10552.541
2008-02-05 04:00:00,10553.699
2008-02-05 05:00:00,10555.242
2008-02-05 06:00:00,10556.033
2008-02-05 07:00:00,10557.481
2008-02-05 08:00:00,10558.901
2008-02-05 09:00:00,10559.178
2008-02-05 10:00:00,10559.178
2008-02-05 11:00:00,10559.178
2008-02-05 12:00:00,10559.178
2008-02-05 13:00:00,10559.249
2008-02-05 14:00:00,10559.586
2008-02-05 15:00:00,10561.247
2008-02-05 16:00:00,10562.558
2008-02-05 17:00:00,10564.368
2008-02-05 18:00:00,10566.117
2008-02-05 19:00:00,10567.026
2008-02-05 20:00:00,10567.893
2008-02-05 21:00:00,10568.778
2008-02-05 22:00:00,10569.856
2008-02-05 23:00:00,10570.843
2008-02-06 00:00:00,10571.477
2008-02-06 01:00:00,10572.27
2008-02-06 02:00:00,10573.34
2008-02-06 03:00:00,10574.891
2008-02-06 04:00:00,10576.877
2008-02-06 05:00:00,10578.818
2008-02-06 06:00:00,10579.857
2008-02-06 07:00:00,10580.635
2008-02-06 08:00:00,10581.338
2008-02-06 09:00:00,10581.811
2008-02-06 10:00:00,10582.726
2008-02-06 11:00:00,10583.457
2008-02-06 12:00:00,10584.061
2008-02-06 13:00:00,10585.236
2008-02-06 14:00:00,10586.862
2008-02-06 15:00:00,10588.202
2008-02-06 16:00:00,10591.025
2008-02-06 17:00:00,10593.527
2008-02-06 18:00:00,10596.545
2008-02-06 19:00:00,10599.143
2008-02-06 20:00:00,10601.539
2008-02-06 21:00:00,10601.95
2008-02-06 22:00:00,10602.21
2008-02-06 23:00:00,10602.21
2008-02-07 00:00:00,10602.398
2008-02-07 01:00:00,10602.398
2008-02-07 02:00:00,10602.398
2008-02-07 03:00:00,10602.398
2008-02-07 04:00:00,10602.398
2008-02-07 05:00:00,10602.398
2008-02-07 06:00:00,10602.398
2008-02-07 07:00:00,10602.398
2008-02-07 08:00:00,10602.398
2008-02-07 09:00:00,10602.398
2008-02-07 10:00:00,10602.398
2008-02-07 11:00:00,10602.398
2008-02-07 12:00:00,10602.398
2008-02-07 13:00:00,10602.398
2008-02-07 14:00:00,10603.4795
2008-02-07 15:00:00,10605.853
2008-02-07 16:00:00,10608.349
2008-02-07 17:00:00,10611.053
2008-02-07 18:00:00,10613.322
2008-02-07 19:00:00,10614.374
2008-02-07 20:00:00,10615.731
2008-02-07 21:00:00,10616.569
2008-02-07 22:00:00,10617.585
2008-02-07 23:00:00,10617.748
2008-02-08 00:00:00,10617.781
2008-02-08 01:00:00,10617.781
2008-02-08 02:00:00,10617.781
2008-02-08 03:00:00,10617.781
2008-02-08 04:00:00,10617.781
2008-02-08 05:00:00,10617.781
2008-02-08 06:00:00,10617.781
2008-02-08 07:00:00,10617.781
2008-02-08 08:00:00,10617.781
2008-02-08 09:00:00,10617.781
2008-02-08 10:00:00,10617.781
2008-02-08 11:00:00,10617.884
2008-02-08 12:00:00,10618.095
2008-02-08 13:00:00,10618.703
2008-02-08 14:00:00,10618.999
2008-02-08 15:00:00,10619.174
2008-02-08 16:00:00,10619.496
2008-02-08 17:00:00,10619.858
2008-02-08 18:00:00,10620.048
2008-02-08 19:00:00,10620.048
2008-02-08 20:00:00,10620.05
2008-02-08 21:00:00,10620.732
2008-02-08 22:00:00,10621.266
2008-02-08 23:00:00,10621.396
2008-02-09 00:00:00,10622.383
2008-02-09 01:00:00,10623.745
2008-02-09 02:00:00,10624.103
2008-02-09 03:00:00,10624.103
2008-02-09 04:00:00,10624.103
2008-02-09 05:00:00,10624.103
2008-02-09 06:00:00,10624.103
2008-02-09 07:00:00,10624.103
2008-02-09 08:00:00,10624.103
2008-02-09 09:00:00,10624.103
2008-02-09 10:00:00,10624.103
2008-02-09 11:00:00,10624.103
2008-02-09 12:00:00,10624.103
2008-02-09 13:00:00,10624.103
2008-02-09 14:00:00,10624.103
2008-02-09 15:00:00,10624.103
2008-02-09 16:00:00,10624.103
2008-02-09 17:00:00,10624.103
2008-02-09 18:00:00,10624.103
2008-02-09 19:00:00,10624.103
2008-02-09 20:00:00,10624.103
2008-02-09 21:00:00,10624.103
2008-02-09 22:00:00,10624.103
2008-02-09 23:00:00,10624.103
2008-02-10 00:00:00,10624.103
2008-02-10 01:00:00,10624.103
2008-02-10 02:00:00,10624.195
2008-02-10 03:00:00,10624.799
2008-02-10 04:00:00,10625.386
2008-02-10 05:00:00,10625.99
2008-02-10 06:00:00,10626.425
2008-02-10 07:00:00,10626.693
2008-02-10 08:00:00,10626.693
2008-02-10 09:00:00,10626.693
2008-02-10 10:00:00,10626.693
2008-02-10 11:00:00,10626.693
2008-02-10 12:00:00,10626.693
2008-02-10 13:00:00,10626.693
2008-02-10 14:00:00,10626.693
2008-02-10 15:00:00,10626.693
2008-02-10 16:00:00,10626.693
2008-02-10 17:00:00,10626.693
2008-02-10 18:00:00,10626.693
2008-02-10 19:00:00,10626.693
2008-02-10 20:00:00,10626.693
2008-02-10 21:00:00,10626.693
2008-02-10 22:00:00,10626.693
2008-02-10 23:00:00,10626.693
2008-02-11 00:00:00,10626.693
2008-02-11 01:00:00,10626.693
2008-02-11 02:00:00,10626.693
2008-02-11 03:00:00,10626.693
2008-02-11 04:00:00,10626.693
2008-02-11 05:00:00,10626.693
2008-02-11 06:00:00,10626.693
2008-02-11 07:00:00,10626.693
2008-02-11 08:00:00,10626.693
2008-02-11 09:00:00,10626.693
2008-02-11 10:00:00,10626.693
2008-02-11 11:00:00,10626.693
2008-02-11 12:00:00,10626.693
2008-02-11 13:00:00,10626.693
2008-02-11 14:00:00,10626.693
2008-02-11 15:00:00,10626.693
2008-02-11 16:00:00,10626.693
2008-02-11 17:00:00,10626.693
2008-02-11 18:00:00,10626.693
2008-02-11 19:00:00,10626.693
2008-02-11 20:00:00,10626.693
2008-02-11 21:00:00,10626.693
2008-02-11 22:00:00,10626.693
2008-02-11 23:00:00,10626.693
2008-02-12 00:00:00,10626.693
2008-02-12 01:00:00,10626.693
2008-02-12 02:00:00,10626.693
2008-02-12 03:00:00,10626.693
2008-02-12 04:00:00,10626.693
2008-02-12 05:00:00,10626.693
2008-02-12 06:00:00,10626.693
2008-02-12 07:00:00,10626.693
2008-02-12 08:00:00,10626.693
2008-02-12 09:00:00,10626.693
2008-02-12 10:00:00,10626.693
2008-02-12 11:00:00,10626.693
2008-02-12 12:00:00,10626.693
2008-02-12 13:00:00,10626.693
2008-02-12 14:00:00,10626.693
2008-02-12 15:00:00,10626.693
2008-02-12 16:00:00,10626.693
2008-02-12 17:00:00,10626.693
2008-02-12 18:00:00,10626.693
2008-02-12 19:00:00,10628.05
2008-02-12 20:00:00,10628.657
2008-02-12 21:00:00,10629.418
2008-02-12 22:00:00,10630.266
2008-02-12 23:00:00,10631.362
2008-02-13 00:00:00,10632.261
2008-02-13 01:00:00,10632.718
2008-02-13 02:00:00,10632.718
2008-02-13 03:00:00,10632.718
2008-02-13 04:00:00,10632.718
2008-02-13 05:00:00,10632.718
2008-02-13 06:00:00,10632.718
2008-02-13 07:00:00,10632.718
2008-02-13 08:00:00,10632.718
2008-02-13 09:00:00,10632.718
2008-02-13 10:00:00,10632.718
2008-02-13 11:00:00,10632.718
2008-02-13 12:00:00,10632.718
2008-02-13 13:00:00,10632.718
2008-02-13 14:00:00,10632.718
2008-02-13 15:00:00,10632.718
2008-02-13 16:00:00,10632.718
2008-02-13 17:00:00,10632.718
2008-02-13 18:00:00,10632.718
2008-02-13 19:00:00,10632.718
2008-02-13 20:00:00,10632.718
2008-02-13 21:00:00,10632.718
2008-02-13 22:00:00,10632.718
2008-02-13 23:00:00,10632.718
2008-02-14 00:00:00,10632.718
2008-02-14 01:00:00,10632.718
2008-02-14 02:00:00,10632.718
2008-02-14 03:00:00,10632.718
2008-02-14 04:00:00,10632.718
2008-02-14 05:00:00,10632.718
2008-02-14 06:00:00,10632.718
2008-02-14 07:00:00,10632.718
2008-02-14 08:00:00,10632.718
2008-02-14 09:00:00,10632.718
2008-02-14 10:00:00,10632.718
2008-02-14 11:00:00,10632.718
2008-02-14 12:00:00,10632.718
2008-02-14 13:00:00,10632.718
2008-02-14 14:00:00,10632.718
2008-02-14 15:00:00,10632.8545
2008-02-14 16:00:00,10633.109
2008-02-14 17:00:00,10633.308
2008-02-14 18:00:00,10633.6
2008-02-14 19:00:00,10633.6
2008-02-14 20:00:00,10633.6
2008-02-14 21:00:00,10633.6
2008-02-14 22:00:00,10633.821
2008-02-14 23:00:00,10633.821
2008-02-15 00:00:00,10633.821
2008-02-15 01:00:00,10633.821
2008-02-15 02:00:00,10633.821
2008-02-15 03:00:00,10633.821
2008-02-15 04:00:00,10633.821
2008-02-15 05:00:00,10633.821
2008-02-15 06:00:00,10633.821
2008-02-15 07:00:00,10633.821
2008-02-15 08:00:00,10633.821
2008-02-15 09:00:00,10633.821
2008-02-15 10:00:00,10633.821
2008-02-15 11:00:00,10633.821
2008-02-15 12:00:00,10633.821
2008-02-15 13:00:00,10633.821
2008-02-15 14:00:00,10633.821
2008-02-15 15:00:00,10633.821
2008-02-15 16:00:00,10633.821
2008-02-15 17:00:00,10633.821
2008-02-15 18:00:00,10633.821
2008-02-15 19:00:00,10633.821
2008-02-15 20:00:00,10633.821
2008-02-15 21:00:00,10633.821
2008-02-15 22:00:00,10633.821
2008-02-15 23:00:00,10633.821
2008-02-16 00:00:00,10633.821
2008-02-16 01:00:00,10633.821
2008-02-16 02:00:00,10633.821
2008-02-16 03:00:00,10633.821
2008-02-16 04:00:00,10633.821
2008-02-16 05:00:00,10633.821
2008-02-16 06:00:00,10633.821
2008-02-16 07:00:00,10633.821
2008-02-16 08:00:00,10633.821
2008-02-16 09:00:00,10633.821
2008-02-16 10:00:00,10633.821
2008-02-16 11:00:00,10633.821
2008-02-16 12:00:00,10633.821
2008-02-16 13:00:00,10633.821
2008-02-16 14:00:00,10633.821
2008-02-16 15:00:00,10633.821
2008-02-16 16:00:00,10633.821
2008-02-16 17:00:00,10634.351
2008-02-16 18:00:00,10636.089
2008-02-16 19:00:00,10638.979
2008-02-16 20:00:00,10642.75
2008-02-16 21:00:00,10646.61
2008-02-16 22:00:00,10650.977
2008-02-16 23:00:00,10655.638
2008-02-17 00:00:00,10660.363
2008-02-17 01:00:00,10665.172
2008-02-17 02:00:00,10670.497
2008-02-17 03:00:00,10676.119
2008-02-17 04:00:00,10682.815
2008-02-17 05:00:00,10690.861
2008-02-17 06:00:00,10698.474
2008-02-17 07:00:00,10705.872
2008-02-17 08:00:00,10712.278
2008-02-17 09:00:00,10716.383
2008-02-17 10:00:00,10721.429
2008-02-17 11:00:00,10723.772
2008-02-17 12:00:00,10728.039
2008-02-17 13:00:00,10728.558
2008-02-17 14:00:00,10730.642
2008-02-17 15:00:00,10733.17
2008-02-17 16:00:00,10733.863
2008-02-17 17:00:00,10734.751
2008-02-17 18:00:00,10735.459
2008-02-17 19:00:00,10735.459
2008-02-17 20:00:00,10735.459
2008-02-17 21:00:00,10735.459
2008-02-17 22:00:00,10735.459
2008-02-17 23:00:00,10735.459
2008-02-18 00:00:00,10735.459
2008-02-18 01:00:00,10735.459
2008-02-18 02:00:00,10735.459
2008-02-18 03:00:00,10735.915
2008-02-18 04:00:00,10736.823
2008-02-18 05:00:00,10738.48
2008-02-18 06:00:00,10740.698
2008-02-18 07:00:00,10743.3125
2008-02-18 08:00:00,10746.031
2008-02-18 09:00:00,10748.877
2008-02-18 10:00:00,10752.628
2008-02-18 11:00:00,10754.016
2008-02-18 12:00:00,10754.666
2008-02-18 13:00:00,10754.703
2008-02-18 14:00:00,10754.703
2008-02-18 15:00:00,10754.703
2008-02-18 16:00:00,10754.703
2008-02-18 17:00:00,10754.703
2008-02-18 18:00:00,10754.703
2008-02-18 19:00:00,10754.703
2008-02-18 20:00:00,10754.703
2008-02-18 21:00:00,10754.703
2008-02-18 22:00:00,10754.703
2008-02-18 23:00:00,10754.703
2008-02-19 00:00:00,10754.703
2008-02-19 01:00:00,10754.703
2008-02-19 02:00:00,10754.794
2008-02-19 03:00:00,10755.191
2008-02-19 04:00:00,10755.191
2008-02-19 05:00:00,10755.351
2008-02-19 06:00:00,10755.894
2008-02-19 07:00:00,10756.402
2008-02-19 08:00:00,10756.877
2008-02-19 09:00:00,10757.323
2008-02-19 10:00:00,10757.323
2008-02-19 11:00:00,10757.323
2008-02-19 12:00:00,10757.323
2008-02-19 13:00:00,10757.323
2008-02-19 14:00:00,10757.323
2008-02-19 15:00:00,10757.323
2008-02-19 16:00:00,10757.323
2008-02-19 17:00:00,10757.323
2008-02-19 18:00:00,10757.323
2008-02-19 19:00:00,10757.323
2008-02-19 20:00:00,10757.323
2008-02-19 21:00:00,10757.323
2008-02-19 22:00:00,10757.323
2008-02-19 23:00:00,10757.323
2008-02-20 00:00:00,10757.323
2008-02-20 01:00:00,10757.323
2008-02-20 02:00:00,10757.323
2008-02-20 03:00:00,10757.323
2008-02-20 04:00:00,10757.323
2008-02-20 05:00:00,10757.323
2008-02-20 06:00:00,10757.323
2008-02-20 07:00:00,10757.323
2008-02-20 08:00:00,10757.323
2008-02-20 09:00:00,10757.323
2008-02-20 10:00:00,10757.323
2008-02-20 11:00:00,10757.323
2008-02-20 12:00:00,10757.323
2008-02-20 13:00:00,10757.323
2008-02-20 14:00:00,10757.323
2008-02-20 15:00:00,10757.323
2008-02-20 16:00:00,10757.323
2008-02-20 17:00:00,10757.323
2008-02-20 18:00:00,10757.323
2008-02-20 19:00:00,10757.323
2008-02-20 20:00:00,10757.323
2008-02-20 21:00:00,10757.323
2008-02-20 22:00:00,10758.176
2008-02-20 23:00:00,10759.418
2008-02-21 00:00:00,10760.421
2008-02-21 01:00:00,10761.89
2008-02-21 02:00:00,10763.797
2008-02-21 03:00:00,10765.536
2008-02-21 04:00:00,10766.319
2008-02-21 05:00:00,10766.552
2008-02-21 06:00:00,10767.88
2008-02-21 07:00:00,10770.086
2008-02-21 08:00:00,10772.79
2008-02-21 09:00:00,10775.055
2008-02-21 10:00:00,10777.409
2008-02-21 11:00:00,10780.049
2008-02-21 12:00:00,10781.499
2008-02-21 13:00:00,10783.396
2008-02-21 14:00:00,10784.473
2008-02-21 15:00:00,10786.262
2008-02-21 16:00:00,10790.547
2008-02-21 17:00:00,10795.367
2008-02-21 18:00:00,10800.588
2008-02-21 19:00:00,10806.201
2008-02-21 20:00:00,10811.789
2008-02-21 21:00:00,10813.127
2008-02-21 22:00:00,10815.134
2008-02-21 23:00:00,10818.286
2008-02-22 00:00:00,10821.892
2008-02-22 01:00:00,10824.471
2008-02-22 02:00:00,10827.782
2008-02-22 03:00:00,10830.537
2008-02-22 04:00:00,10831.101
2008-02-22 05:00:00,10833.355
2008-02-22 06:00:00,10836.598
2008-02-22 07:00:00,10839.0205
2008-02-22 08:00:00,10840.644
2008-02-22 09:00:00,10843.256
2008-02-22 10:00:00,10845.083
2008-02-22 11:00:00,10849.433
2008-02-22 12:00:00,10850.908
2008-02-22 13:00:00,10851.422
2008-02-22 14:00:00,10852.431
2008-02-22 15:00:00,10854.895
2008-02-22 16:00:00,10857.504
2008-02-22 17:00:00,10858.312
2008-02-22 18:00:00,10858.455
2008-02-22 19:00:00,10860.132
2008-02-22 20:00:00,10861.173
2008-02-22 21:00:00,10861.591
2008-02-22 22:00:00,10864.198
2008-02-22 23:00:00,10868.47
2008-02-23 00:00:00,10870.496
2008-02-23 01:00:00,10871.474
2008-02-23 02:00:00,10871.474
2008-02-23 03:00:00,10871.474
2008-02-23 04:00:00,10871.474
2008-02-23 05:00:00,10871.474
2008-02-23 06:00:00,10872.718
2008-02-23 07:00:00,10875.768
2008-02-23 08:00:00,10880.062
2008-02-23 09:00:00,10885.148
2008-02-23 10:00:00,10886.6875
2008-02-23 11:00:00,10886.931
2008-02-23 12:00:00,10888.798
2008-02-23 13:00:00,10889.244
2008-02-23 14:00:00,10890.065
2008-02-23 15:00:00,10890.964
2008-02-23 16:00:00,10892.678
2008-02-23 17:00:00,10894.633
2008-02-23 18:00:00,10896.395
2008-02-23 19:00:00,10899.055
2008-02-23 20:00:00,10902.618
2008-02-23 21:00:00,10906.932
2008-02-23 22:00:00,10911.144
2008-02-23 23:00:00,10912.553
2008-02-24 00:00:00,10914.983
2008-02-24 01:00:00,10915.263
2008-02-24 02:00:00,10916.604
2008-02-24 03:00:00,10917.249
2008-02-24 04:00:00,10917.678
2008-02-24 05:00:00,10917.928
2008-02-24 06:00:00,10918.155
2008-02-24 07:00:00,10918.799
2008-02-24 08:00:00,10919.914
2008-02-24 09:00:00,10922.282
2008-02-24 10:00:00,10925.674
2008-02-24 11:00:00,10927.523
2008-02-24 12:00:00,10929.791
2008-02-24 13:00:00,10931.223
2008-02-24 14:00:00,10932.577
2008-02-24 15:00:00,10935.033
2008-02-24 16:00:00,10937.143
2008-02-24 17:00:00,10939.12
2008-02-24 18:00:00,10942.448
2008-02-24 19:00:00,10945.064
2008-02-24 20:00:00,10946.954
2008-02-24 21:00:00,10947.815
2008-02-24 22:00:00,10949.926
2008-02-24 23:00:00,10953.39
2008-02-25 00:00:00,10955.432
2008-02-25 01:00:00,10956.624
2008-02-25 02:00:00,10959.273
2008-02-25 03:00:00,10960.838
2008-02-25 04:00:00,10962.384
2008-02-25 05:00:00,10963.597
2008-02-25 06:00:00,10964.738
2008-02-25 07:00:00,10965.109
2008-02-25 08:00:00,10968.256
2008-02-25 09:00:00,10971.765
2008-02-25 10:00:00,10972.269
2008-02-25 11:00:00,10972.925
2008-02-25 12:00:00,10973.415
2008-02-25 13:00:00,10975.034
2008-02-25 14:00:00,10977.158
2008-02-25 15:00:00,10978.745
2008-02-25 16:00:00,10978.745
2008-02-25 17:00:00,10978.745
2008-02-25 18:00:00,10978.745
2008-02-25 19:00:00,10978.745
2008-02-25 20:00:00,10978.804
2008-02-25 21:00:00,10978.804
2008-02-25 22:00:00,10979.062
2008-02-25 23:00:00,10979.888
2008-02-26 00:00:00,10980.786
2008-02-26 01:00:00,10981.931
2008-02-26 02:00:00,10983.492
2008-02-26 03:00:00,10985.416
2008-02-26 04:00:00,10987.354
2008-02-26 05:00:00,10988.83
2008-02-26 06:00:00,10990.228
2008-02-26 07:00:00,10991.028
2008-02-26 08:00:00,10992.339
2008-02-26 09:00:00,10994.834
2008-02-26 10:00:00,10995.821
2008-02-26 11:00:00,10996.415
2008-02-26 12:00:00,10997.115
2008-02-26 13:00:00,10997.834
2008-02-26 14:00:00,10998.306
2008-02-26 15:00:00,10998.406
2008-02-26 16:00:00,10999.149
2008-02-26 17:00:00,11000.316
2008-02-26 18:00:00,11001.749
2008-02-26 19:00:00,11002.938
2008-02-26 20:00:00,11003.607
2008-02-26 21:00:00,11004.113
2008-02-26 22:00:00,11005.9375
2008-02-26 23:00:00,11007.461
2008-02-27 00:00:00,11007.735
2008-02-27 01:00:00,11008.21
2008-02-27 02:00:00,11008.958
2008-02-27 03:00:00,11010.043
2008-02-27 04:00:00,11013.587
2008-02-27 05:00:00,11015.531
2008-02-27 06:00:00,11017.165
2008-02-27 07:00:00,11018.806
2008-02-27 08:00:00,11020.027
2008-02-27 09:00:00,11023.767
2008-02-27 10:00:00,11027.102
2008-02-27 11:00:00,11031.162
2008-02-27 12:00:00,11036.186
2008-02-27 13:00:00,11040.059
2008-02-27 14:00:00,11043.007
2008-02-27 15:00:00,11046.314
2008-02-27 16:00:00,11050.86
2008-02-27 17:00:00,11053.633
2008-02-27 18:00:00,11056.986
2008-02-27 19:00:00,11058.032
2008-02-27 20:00:00,11058.032
2008-02-27 21:00:00,11058.324
2008-02-27 22:00:00,11058.324
2008-02-27 23:00:00,11058.642
2008-02-28 00:00:00,11059.015
2008-02-28 01:00:00,11060.612
2008-02-28 02:00:00,11065.575
2008-02-28 03:00:00,11066.409
2008-02-28 04:00:00,11067.296
2008-02-28 05:00:00,11067.496
2008-02-28 06:00:00,11068.328
2008-02-28 07:00:00,11069.642
2008-02-28 08:00:00,11070.429
2008-02-28 09:00:00,11071.827
2008-02-28 10:00:00,11072.428
2008-02-28 11:00:00,11072.897
2008-02-28 12:00:00,11072.897
2008-02-28 13:00:00,11072.977
2008-02-28 14:00:00,11073.703
2008-02-28 15:00:00,11074.622
2008-02-28 16:00:00,11075.654
2008-02-28 17:00:00,11078.348
2008-02-28 18:00:00,11082.722
2008-02-28 19:00:00,11085.008
2008-02-28 20:00:00,11089.158
2008-02-28 21:00:00,11089.755
2008-02-28 22:00:00,11092.125
2008-02-28 23:00:00,11093.586
2008-02-29 00:00:00,11096.224
2008-02-29 01:00:00,11099.913
2008-02-29 02:00:00,11101.972
2008-02-29 03:00:00,11104.3545
2008-02-29 04:00:00,11108.688
2008-02-29 05:00:00,11111.321
2008-02-29 06:00:00,11113.213
2008-02-29 07:00:00,11114.756
2008-02-29 08:00:00,11115.279
2008-02-29 09:00:00,11116.186
2008-02-29 10:00:00,11117.362
2008-02-29 11:00:00,11117.785
2008-02-29 12:00:00,11118.751
2008-02-29 13:00:00,11120.842
2008-02-29 14:00:00,11121.871
2008-02-29 15:00:00,11123.195
2008-02-29 16:00:00,11124.876
2008-02-29 17:00:00,11126.778
2008-02-29 18:00:00,11129.773
2008-02-29 19:00:00,11132.446
2008-02-29 20:00:00,11134.649
2008-02-29 21:00:00,11136.917
2008-02-29 22:00:00,11139.363
2008-02-29 23:00:00,11142.091
2008-03-01 00:00:00,11144.963
2008-03-01 01:00:00,11146.58
2008-03-01 02:00:00,11147.986
2008-03-01 03:00:00,11148.753
2008-03-01 04:00:00,11149.527
2008-03-01 05:00:00,11149.826
2008-03-01 06:00:00,11149.84
2008-03-01 07:00:00,11149.84
2008-03-01 08:00:00,11149.84
2008-03-01 09:00:00,11149.84
2008-03-01 10:00:00,11149.84
2008-03-01 11:00:00,11149.84
2008-03-01 12:00:00,11149.84
2008-03-01 13:00:00,11149.84
2008-03-01 14:00:00,11149.84
2008-03-01 15:00:00,11150.447
2008-03-01 16:00:00,11152.866
2008-03-01 17:00:00,11156.478
2008-03-01 18:00:00,11159.829
2008-03-01 19:00:00,11160.734
2008-03-01 20:00:00,11163.01
2008-03-01 21:00:00,11163.398
2008-03-01 22:00:00,11163.398
2008-03-01 23:00:00,11163.398
2008-03-02 00:00:00,11163.398
2008-03-02 01:00:00,11163.398
2008-03-02 02:00:00,11163.474
2008-03-02 03:00:00,11163.737
2008-03-02 04:00:00,11163.737
2008-03-02 05:00:00,11163.737
2008-03-02 06:00:00,11163.737
2008-03-02 07:00:00,11163.737
2008-03-02 08:00:00,11163.737
2008-03-02 09:00:00,11163.737
2008-03-02 10:00:00,11163.737
2008-03-02 11:00:00,11163.737
2008-03-02 12:00:00,11164.618
2008-03-02 13:00:00,11166.694
2008-03-02 14:00:00,11170.375
2008-03-02 15:00:00,11172.995
2008-03-02 16:00:00,11175.18
2008-03-02 17:00:00,11175.575
2008-03-02 18:00:00,11177.756
2008-03-02 19:00:00,11178.01
2008-03-02 20:00:00,11178.01
2008-03-02 21:00:00,11178.01
2008-03-02 22:00:00,11178.055
2008-03-02 23:00:00,11179.883
2008-03-03 00:00:00,11179.883
2008-03-03 01:00:00,11180.795
2008-03-03 02:00:00,11181.452
2008-03-03 03:00:00,11181.46
2008-03-03 04:00:00,11182.694
2008-03-03 05:00:00,11183.203
2008-03-03 06:00:00,11184.349
2008-03-03 07:00:00,11185.268
2008-03-03 08:00:00,11185.815
2008-03-03 09:00:00,11185.815
2008-03-03 10:00:00,11186.214
2008-03-03 11:00:00,11186.214
2008-03-03 12:00:00,11186.214
2008-03-03 13:00:00,11186.316
2008-03-03 14:00:00,11186.383
2008-03-03 15:00:00,11187.197
2008-03-03 16:00:00,11189.424
2008-03-03 17:00:00,11189.433
2008-03-03 18:00:00,11189.433
2008-03-03 19:00:00,11189.464
2008-03-03 20:00:00,11189.876
2008-03-03 21:00:00,11190.525
2008-03-03 22:00:00,11190.829
2008-03-03 23:00:00,11193.022
2008-03-04 00:00:00,11195.032
2008-03-04 01:00:00,11197.431
2008-03-04 02:00:00,11200.317
2008-03-04 03:00:00,11202.271
2008-03-04 04:00:00,11204.297
2008-03-04 05:00:00,11205.547
2008-03-04 06:00:00,11206.032
2008-03-04 07:00:00,11207.6
2008-03-04 08:00:00,11208.223
2008-03-04 09:00:00,11210.841
2008-03-04 10:00:00,11211.751
2008-03-04 11:00:00,11212.362
2008-03-04 12:00:00,11213.843
2008-03-04 13:00:00,11216.268
2008-03-04 14:00:00,11217.332
2008-03-04 15:00:00,11219.986
2008-03-04 16:00:00,11221.988
2008-03-04 17:00:00,11224.528
2008-03-04 18:00:00,11226.348
2008-03-04 19:00:00,11228.777
2008-03-04 20:00:00,11231.993
2008-03-04 21:00:00,11233.972
2008-03-04 22:00:00,11236.5625
2008-03-04 23:00:00,11238.624
2008-03-05 00:00:00,11239.013
2008-03-05 01:00:00,11240.0
2008-03-05 02:00:00,11240.0
2008-03-05 03:00:00,11240.0
2008-03-05 04:00:00,11240.0
2008-03-05 05:00:00,11240.0
2008-03-05 06:00:00,11240.0
2008-03-05 07:00:00,11240.245
2008-03-05 08:00:00,11240.245
2008-03-05 09:00:00,11240.778
2008-03-05 10:00:00,11241.827
2008-03-05 11:00:00,11244.125
2008-03-05 12:00:00,11246.756
2008-03-05 13:00:00,11249.556
2008-03-05 14:00:00,11252.761
2008-03-05 15:00:00,11254.846
2008-03-05 16:00:00,11256.479
2008-03-05 17:00:00,11257.835
2008-03-05 18:00:00,11258.741
2008-03-05 19:00:00,11259.376
2008-03-05 20:00:00,11260.271
2008-03-05 21:00:00,11262.012
2008-03-05 22:00:00,11263.855
2008-03-05 23:00:00,11267.279
2008-03-06 00:00:00,11267.279
2008-03-06 01:00:00,11268.587
2008-03-06 02:00:00,11271.326
2008-03-06 03:00:00,11273.191
2008-03-06 04:00:00,11274.125
2008-03-06 05:00:00,11277.016
2008-03-06 06:00:00,11278.248
2008-03-06 07:00:00,11278.689
2008-03-06 08:00:00,11280.046
2008-03-06 09:00:00,11280.873
2008-03-06 10:00:00,11281.759
2008-03-06 11:00:00,11283.339
2008-03-06 12:00:00,11285.167
2008-03-06 13:00:00,11285.994
2008-03-06 14:00:00,11287.403
2008-03-06 15:00:00,11287.713
2008-03-06 16:00:00,11287.723
2008-03-06 17:00:00,11287.723
2008-03-06 18:00:00,11287.723
2008-03-06 19:00:00,11287.723
2008-03-06 20:00:00,11287.723
2008-03-06 21:00:00,11287.723
2008-03-06 22:00:00,11287.723
2008-03-06 23:00:00,11287.723
2008-03-07 00:00:00,11287.723
2008-03-07 01:00:00,11287.723
2008-03-07 02:00:00,11287.723
2008-03-07 03:00:00,11287.871
2008-03-07 04:00:00,11288.359
2008-03-07 05:00:00,11289.01
2008-03-07 06:00:00,11289.52
2008-03-07 07:00:00,11289.71
2008-03-07 08:00:00,11289.71
2008-03-07 09:00:00,11289.71
2008-03-07 10:00:00,11289.71
2008-03-07 11:00:00,11289.71
2008-03-07 12:00:00,11289.71
2008-03-07 13:00:00,11289.996
2008-03-07 14:00:00,11290.19
2008-03-07 15:00:00,11290.628
2008-03-07 16:00:00,11290.695
2008-03-07 17:00:00,11291.304
2008-03-07 18:00:00,11292.025
2008-03-07 19:00:00,11292.507
2008-03-07 20:00:00,11295.036
2008-03-07 21:00:00,11297.866
2008-03-07 22:00:00,11301.285
2008-03-07 23:00:00,11302.6875
2008-03-08 00:00:00,11302.848
2008-03-08 01:00:00,11302.848
2008-03-08 02:00:00,11303.591
2008-03-08 03:00:00,11305.624
2008-03-08 04:00:00,11307.657
2008-03-08 05:00:00,11309.218
2008-03-08 06:00:00,11309.25
2008-03-08 07:00:00,11311.892
2008-03-08 08:00:00,11315.014
2008-03-08 09:00:00,11317.341
2008-03-08 10:00:00,11318.265
2008-03-08 11:00:00,11318.62
2008-03-08 12:00:00,11318.671
2008-03-08 13:00:00,11320.218
2008-03-08 14:00:00,11324.099
2008-03-08 15:00:00,11328.414
2008-03-08 16:00:00,11332.007
2008-03-08 17:00:00,11336.298
2008-03-08 18:00:00,11339.928
2008-03-08 19:00:00,11344.606
2008-03-08 20:00:00,11348.236
2008-03-08 21:00:00,11351.117
2008-03-08 22:00:00,11353.789
2008-03-08 23:00:00,11354.318
2008-03-09 00:00:00,11354.836
2008-03-09 01:00:00,11356.019
2008-03-09 02:00:00,11358.198
2008-03-09 03:00:00,11359.135
2008-03-09 04:00:00,11363.123
2008-03-09 05:00:00,11365.554
2008-03-09 06:00:00,11368.802
2008-03-09 07:00:00,11372.026
2008-03-09 08:00:00,11375.055
2008-03-09 09:00:00,11376.7705
2008-03-09 10:00:00,11378.6455
2008-03-09 11:00:00,11379.324
2008-03-09 12:00:00,11380.155
2008-03-09 13:00:00,11381.118
2008-03-09 14:00:00,11382.684
2008-03-09 15:00:00,11384.432
2008-03-09 16:00:00,11385.244
2008-03-09 17:00:00,11386.994
2008-03-09 18:00:00,11388.033
2008-03-09 19:00:00,11388.84
2008-03-09 20:00:00,11388.842
2008-03-09 21:00:00,11388.842
2008-03-09 22:00:00,11389.419
2008-03-09 23:00:00,11389.897
2008-03-10 00:00:00,11390.1
2008-03-10 01:00:00,11390.19
2008-03-10 02:00:00,11391.718
2008-03-10 03:00:00,11393.403
2008-03-10 04:00:00,11395.613
2008-03-10 05:00:00,11396.063
2008-03-10 06:00:00,11397.418
2008-03-10 07:00:00,11398.337
2008-03-10 08:00:00,11400.468
2008-03-10 09:00:00,11401.501
2008-03-10 10:00:00,11402.99
2008-03-10 11:00:00,11403.158
2008-03-10 12:00:00,11404.662
2008-03-10 13:00:00,11405.258
2008-03-10 14:00:00,11405.544
2008-03-10 15:00:00,11405.544
2008-03-10 16:00:00,11405.544
2008-03-10 17:00:00,11405.544
2008-03-10 18:00:00,11405.544
2008-03-10 19:00:00,11405.587
2008-03-10 20:00:00,11405.587
2008-03-10 21:00:00,11405.587
2008-03-10 22:00:00,11405.587
2008-03-10 23:00:00,11405.587
2008-03-11 00:00:00,11405.587
2008-03-11 01:00:00,11405.587
2008-03-11 02:00:00,11405.587
2008-03-11 03:00:00,11405.812
2008-03-11 04:00:00,11407.293
2008-03-11 05:00:00,11408.803
2008-03-11 06:00:00,11410.586
2008-03-11 07:00:00,11412.414
2008-03-11 08:00:00,11413.6875
2008-03-11 09:00:00,11414.714
2008-03-11 10:00:00,11415.466
2008-03-11 11:00:00,11416.067
2008-03-11 12:00:00,11416.067
2008-03-11 13:00:00,11416.067
2008-03-11 14:00:00,11416.067
2008-03-11 15:00:00,11416.067
2008-03-11 16:00:00,11416.067
2008-03-11 17:00:00,11416.084
2008-03-11 18:00:00,11416.084
2008-03-11 19:00:00,11416.084
2008-03-11 20:00:00,11416.084
2008-03-11 21:00:00,11416.22
2008-03-11 22:00:00,11417.722
2008-03-11 23:00:00,11418.653
2008-03-12 00:00:00,11419.108
2008-03-12 01:00:00,11421.891
2008-03-12 02:00:00,11425.363
2008-03-12 03:00:00,11428.595
2008-03-12 04:00:00,11431.824
2008-03-12 05:00:00,11435.151
2008-03-12 06:00:00,11437.9375
2008-03-12 07:00:00,11439.643
2008-03-12 08:00:00,11440.6875
2008-03-12 09:00:00,11440.99
2008-03-12 10:00:00,11441.357
2008-03-12 11:00:00,11442.026
2008-03-12 12:00:00,11442.747
2008-03-12 13:00:00,11442.849
2008-03-12 14:00:00,11443.554
2008-03-12 15:00:00,11445.436
2008-03-12 16:00:00,11447.033
2008-03-12 17:00:00,11447.99
2008-03-12 18:00:00,11448.119
2008-03-12 19:00:00,11448.119
2008-03-12 20:00:00,11448.119
2008-03-12 21:00:00,11448.119
2008-03-12 22:00:00,11448.119
2008-03-12 23:00:00,11448.119
2008-03-13 00:00:00,11448.119
2008-03-13 01:00:00,11448.119
2008-03-13 02:00:00,11448.119
2008-03-13 03:00:00,11448.119
2008-03-13 04:00:00,11448.119
2008-03-13 05:00:00,11448.119
2008-03-13 06:00:00,11448.119
2008-03-13 07:00:00,11448.119
2008-03-13 08:00:00,11448.119
2008-03-13 09:00:00,11448.119
2008-03-13 10:00:00,11448.119
2008-03-13 11:00:00,11448.119
2008-03-13 12:00:00,11448.119
2008-03-13 13:00:00,11448.119
2008-03-13 14:00:00,11448.119
2008-03-13 15:00:00,11448.119
2008-03-13 16:00:00,11448.119
2008-03-13 17:00:00,11448.511
2008-03-13 18:00:00,11448.511
2008-03-13 19:00:00,11448.511
2008-03-13 20:00:00,11448.858
2008-03-13 21:00:00,11448.971
2008-03-13 22:00:00,11448.971
2008-03-13 23:00:00,11448.971
2008-03-14 00:00:00,11449.451
2008-03-14 01:00:00,11449.635
2008-03-14 02:00:00,11450.159
2008-03-14 03:00:00,11450.185
2008-03-14 04:00:00,11450.185
2008-03-14 05:00:00,11450.185
2008-03-14 06:00:00,11450.185
2008-03-14 07:00:00,11450.185
2008-03-14 08:00:00,11450.185
2008-03-14 09:00:00,11450.185
2008-03-14 10:00:00,11450.185
2008-03-14 11:00:00,11450.185
2008-03-14 12:00:00,11450.185
2008-03-14 13:00:00,11450.185
2008-03-14 14:00:00,11450.185
2008-03-14 15:00:00,11450.185
2008-03-14 16:00:00,11450.185
2008-03-14 17:00:00,11450.185
2008-03-14 18:00:00,11450.185
2008-03-14 19:00:00,11450.185
2008-03-14 20:00:00,11450.185
2008-03-14 21:00:00,11450.482
2008-03-14 22:00:00,11450.482
2008-03-14 23:00:00,11450.773
2008-03-15 00:00:00,11450.773
2008-03-15 01:00:00,11450.773
2008-03-15 02:00:00,11451.351
2008-03-15 03:00:00,11451.757
2008-03-15 04:00:00,11452.205
2008-03-15 05:00:00,11452.205
2008-03-15 06:00:00,11452.41
2008-03-15 07:00:00,11452.461
2008-03-15 08:00:00,11452.461
2008-03-15 09:00:00,11452.461
2008-03-15 10:00:00,11452.461
2008-03-15 11:00:00,11452.461
2008-03-15 12:00:00,11452.461
2008-03-15 13:00:00,11452.461
2008-03-15 14:00:00,11452.461
2008-03-15 15:00:00,11452.461
2008-03-15 16:00:00,11452.461
2008-03-15 17:00:00,11452.461
2008-03-15 18:00:00,11452.461
2008-03-15 19:00:00,11452.461
2008-03-15 20:00:00,11452.461
2008-03-15 21:00:00,11452.461
2008-03-15 22:00:00,11452.461
2008-03-15 23:00:00,11452.461
2008-03-16 00:00:00,11452.461
2008-03-16 01:00:00,11452.461
2008-03-16 02:00:00,11452.461
2008-03-16 03:00:00,11452.461
2008-03-16 04:00:00,11452.461
2008-03-16 05:00:00,11452.461
2008-03-16 06:00:00,11452.461
2008-03-16 07:00:00,11452.461
2008-03-16 08:00:00,11452.583
2008-03-16 09:00:00,11453.823
2008-03-16 10:00:00,11455.866
2008-03-16 11:00:00,11457.051
2008-03-16 12:00:00,11458.904
2008-03-16 13:00:00,11461.4375
2008-03-16 14:00:00,11463.145
2008-03-16 15:00:00,11465.437
2008-03-16 16:00:00,11465.652
2008-03-16 17:00:00,11468.748
2008-03-16 18:00:00,11470.054
2008-03-16 19:00:00,11473.222
2008-03-16 20:00:00,11475.467
2008-03-16 21:00:00,11478.002
2008-03-16 22:00:00,11481.949
2008-03-16 23:00:00,11484.2
2008-03-17 00:00:00,11485.179
2008-03-17 01:00:00,11487.6455
2008-03-17 02:00:00,11491.423
2008-03-17 03:00:00,11493.82
2008-03-17 04:00:00,11496.696
2008-03-17 05:00:00,11498.627
2008-03-17 06:00:00,11498.95
2008-03-17 07:00:00,11499.701
2008-03-17 08:00:00,11502.357
2008-03-17 09:00:00,11504.707
2008-03-17 10:00:00,11505.597
2008-03-17 11:00:00,11506.859
2008-03-17 12:00:00,11508.673
2008-03-17 13:00:00,11513.08
2008-03-17 14:00:00,11514.524
2008-03-17 15:00:00,11516.106
2008-03-17 16:00:00,11518.576
2008-03-17 17:00:00,11520.088
2008-03-17 18:00:00,11520.689
2008-03-17 19:00:00,11521.5205
2008-03-17 20:00:00,11521.5205
2008-03-17 21:00:00,11521.775
2008-03-17 22:00:00,11521.867
2008-03-17 23:00:00,11521.867
2008-03-18 00:00:00,11521.867
2008-03-18 01:00:00,11522.945
2008-03-18 02:00:00,11524.45
2008-03-18 03:00:00,11526.013
2008-03-18 04:00:00,11526.735
2008-03-18 05:00:00,11528.254
2008-03-18 06:00:00,11528.805
2008-03-18 07:00:00,11529.575
2008-03-18 08:00:00,11530.776
2008-03-18 09:00:00,11530.885
2008-03-18 10:00:00,11532.158
2008-03-18 11:00:00,11532.4375
2008-03-18 12:00:00,11535.528
2008-03-18 13:00:00,11538.151
2008-03-18 14:00:00,11540.357
2008-03-18 15:00:00,11541.189
2008-03-18 16:00:00,11541.504
2008-03-18 17:00:00,11541.867
2008-03-18 18:00:00,11542.32
2008-03-18 19:00:00,11542.993
2008-03-18 20:00:00,11545.424
2008-03-18 21:00:00,11546.576
2008-03-18 22:00:00,11547.007
2008-03-18 23:00:00,11547.976
2008-03-19 00:00:00,11548.498
2008-03-19 01:00:00,11549.17
2008-03-19 02:00:00,11549.742
2008-03-19 03:00:00,11549.951
2008-03-19 04:00:00,11550.296
2008-03-19 05:00:00,11551.902
2008-03-19 06:00:00,11553.87
2008-03-19 07:00:00,11554.978
2008-03-19 08:00:00,11556.485
2008-03-19 09:00:00,11557.186
2008-03-19 10:00:00,11557.276
2008-03-19 11:00:00,11558.553
2008-03-19 12:00:00,11559.46
2008-03-19 13:00:00,11561.367
2008-03-19 14:00:00,11561.845
2008-03-19 15:00:00,11562.443
2008-03-19 16:00:00,11562.481
2008-03-19 17:00:00,11562.794
2008-03-19 18:00:00,11563.106
2008-03-19 19:00:00,11563.404
2008-03-19 20:00:00,11563.511
2008-03-19 21:00:00,11563.511
2008-03-19 22:00:00,11563.511
2008-03-19 23:00:00,11563.511
2008-03-20 00:00:00,11563.511
2008-03-20 01:00:00,11563.511
2008-03-20 02:00:00,11563.511
2008-03-20 03:00:00,11563.511
2008-03-20 04:00:00,11563.511
2008-03-20 05:00:00,11563.511
2008-03-20 06:00:00,11563.511
2008-03-20 07:00:00,11563.511
2008-03-20 08:00:00,11563.511
2008-03-20 09:00:00,11563.708
2008-03-20 10:00:00,11564.542
2008-03-20 11:00:00,11565.373
2008-03-20 12:00:00,11566.231
2008-03-20 13:00:00,11567.41
2008-03-20 14:00:00,11568.951
2008-03-20 15:00:00,11569.934
2008-03-20 16:00:00,11570.685
2008-03-20 17:00:00,11571.452
2008-03-20 18:00:00,11572.242
2008-03-20 19:00:00,11572.957
2008-03-20 20:00:00,11573.281
2008-03-20 21:00:00,11573.281
2008-03-20 22:00:00,11573.281
2008-03-20 23:00:00,11573.281
2008-03-21 00:00:00,11573.281
2008-03-21 01:00:00,11573.281
2008-03-21 02:00:00,11573.281
2008-03-21 03:00:00,11573.281
2008-03-21 04:00:00,11573.918
2008-03-21 05:00:00,11574.708
2008-03-21 06:00:00,11575.29
2008-03-21 07:00:00,11575.72
2008-03-21 08:00:00,11576.171
2008-03-21 09:00:00,11577.002
2008-03-21 10:00:00,11577.854
2008-03-21 11:00:00,11578.675
2008-03-21 12:00:00,11579.082
2008-03-21 13:00:00,11579.082
2008-03-21 14:00:00,11579.082
2008-03-21 15:00:00,11579.082
2008-03-21 16:00:00,11579.082
2008-03-21 17:00:00,11579.082
2008-03-21 18:00:00,11579.082
2008-03-21 19:00:00,11579.082
2008-03-21 20:00:00,11579.082
2008-03-21 21:00:00,11579.082
2008-03-21 22:00:00,11579.082
2008-03-21 23:00:00,11579.082
2008-03-22 00:00:00,11579.082
2008-03-22 01:00:00,11579.082
2008-03-22 02:00:00,11579.082
2008-03-22 03:00:00,11579.082
2008-03-22 04:00:00,11579.082
2008-03-22 05:00:00,11579.082
2008-03-22 06:00:00,11579.082
2008-03-22 07:00:00,11579.082
2008-03-22 08:00:00,11579.082
2008-03-22 09:00:00,11579.082
2008-03-22 10:00:00,11579.082
2008-03-22 11:00:00,11579.082
2008-03-22 12:00:00,11579.082
2008-03-22 13:00:00,11579.082
2008-03-22 14:00:00,11579.082
2008-03-22 15:00:00,11579.082
2008-03-22 16:00:00,11579.082
2008-03-22 17:00:00,11579.082
2008-03-22 18:00:00,11579.082
2008-03-22 19:00:00,11579.082
2008-03-22 20:00:00,11579.082
2008-03-22 21:00:00,11579.082
2008-03-22 22:00:00,11579.082
2008-03-22 23:00:00,11579.082
2008-03-23 00:00:00,11579.082
2008-03-23 01:00:00,11579.082
2008-03-23 02:00:00,11579.082
2008-03-23 03:00:00,11579.082
2008-03-23 04:00:00,11579.082
2008-03-23 05:00:00,11579.082
2008-03-23 06:00:00,11579.082
2008-03-23 07:00:00,11579.084
2008-03-23 08:00:00,11579.257
2008-03-23 09:00:00,11579.799
2008-03-23 10:00:00,11580.638
2008-03-23 11:00:00,11580.734
2008-03-23 12:00:00,11581.373
2008-03-23 13:00:00,11581.754
2008-03-23 14:00:00,11581.754
2008-03-23 15:00:00,11581.754
2008-03-23 16:00:00,11581.754
2008-03-23 17:00:00,11582.221
2008-03-23 18:00:00,11583.335
2008-03-23 19:00:00,11585.722
2008-03-23 20:00:00,11586.962
2008-03-23 21:00:00,11587.423
2008-03-23 22:00:00,11587.423
2008-03-23 23:00:00,11588.164
2008-03-24 00:00:00,11588.175
2008-03-24 01:00:00,11588.175
2008-03-24 02:00:00,11588.175
2008-03-24 03:00:00,11588.175
2008-03-24 04:00:00,11588.175
2008-03-24 05:00:00,11588.175
2008-03-24 06:00:00,11588.175
2008-03-24 07:00:00,11588.175
2008-03-24 08:00:00,11588.175
2008-03-24 09:00:00,11588.175
2008-03-24 10:00:00,11588.175
2008-03-24 11:00:00,11588.175
2008-03-24 12:00:00,11588.175
2008-03-24 13:00:00,11588.175
2008-03-24 14:00:00,11588.175
2008-03-24 15:00:00,11588.175
2008-03-24 16:00:00,11588.175
2008-03-24 17:00:00,11588.175
2008-03-24 18:00:00,11588.175
2008-03-24 19:00:00,11588.175
2008-03-24 20:00:00,11588.175
2008-03-24 21:00:00,11588.175
2008-03-24 22:00:00,11588.175
2008-03-24 23:00:00,11588.175
2008-03-25 00:00:00,11588.175
2008-03-25 01:00:00,11588.175
2008-03-25 02:00:00,11588.175
2008-03-25 03:00:00,11588.175
2008-03-25 04:00:00,11588.175
2008-03-25 05:00:00,11588.175
2008-03-25 06:00:00,11588.175
2008-03-25 07:00:00,11588.175
2008-03-25 08:00:00,11588.175
2008-03-25 09:00:00,11588.175
2008-03-25 10:00:00,11588.175
2008-03-25 11:00:00,11588.175
2008-03-25 12:00:00,11588.175
2008-03-25 13:00:00,11588.175
2008-03-25 14:00:00,11588.175
2008-03-25 15:00:00,11588.175
2008-03-25 16:00:00,11588.175
2008-03-25 17:00:00,11588.175
2008-03-25 18:00:00,11588.175
2008-03-25 19:00:00,11588.175
2008-03-25 20:00:00,11588.175
2008-03-25 21:00:00,11588.175
2008-03-25 22:00:00,11588.175
2008-03-25 23:00:00,11588.175
2008-03-26 00:00:00,11588.175
2008-03-26 01:00:00,11588.175
2008-03-26 02:00:00,11588.175
2008-03-26 03:00:00,11588.175
2008-03-26 04:00:00,11588.175
2008-03-26 05:00:00,11588.175
2008-03-26 06:00:00,11588.175
2008-03-26 07:00:00,11588.175
2008-03-26 08:00:00,11588.175
2008-03-26 09:00:00,11588.175
2008-03-26 10:00:00,11588.175
2008-03-26 11:00:00,11588.175
2008-03-26 12:00:00,11588.175
2008-03-26 13:00:00,11588.175
2008-03-26 14:00:00,11588.175
2008-03-26 15:00:00,11588.175
2008-03-26 16:00:00,11588.175
2008-03-26 17:00:00,11588.175
2008-03-26 18:00:00,11588.175
2008-03-26 19:00:00,11588.175
2008-03-26 20:00:00,11588.175
2008-03-26 21:00:00,11588.175
2008-03-26 22:00:00,11588.175
2008-03-26 23:00:00,11588.175
2008-03-27 00:00:00,11588.175
2008-03-27 01:00:00,11588.175
2008-03-27 02:00:00,11588.175
2008-03-27 03:00:00,11588.175
2008-03-27 04:00:00,11588.175
2008-03-27 05:00:00,11588.175
2008-03-27 06:00:00,11588.175
2008-03-27 07:00:00,11588.175
2008-03-27 08:00:00,11588.175
2008-03-27 09:00:00,11588.175
2008-03-27 10:00:00,11588.175
2008-03-27 11:00:00,11588.175
2008-03-27 12:00:00,11588.175
2008-03-27 13:00:00,11588.175
2008-03-27 14:00:00,11588.175
2008-03-27 15:00:00,11588.175
2008-03-27 16:00:00,11588.175
2008-03-27 17:00:00,11588.175
2008-03-27 18:00:00,11588.175
2008-03-27 19:00:00,11588.175
2008-03-27 20:00:00,11588.175
2008-03-27 21:00:00,11588.175
2008-03-27 22:00:00,11588.175
2008-03-27 23:00:00,11588.175
2008-03-28 00:00:00,11588.587
2008-03-28 01:00:00,11588.587
2008-03-28 02:00:00,11588.587
2008-03-28 03:00:00,11588.587
2008-03-28 04:00:00,11588.587
2008-03-28 05:00:00,11588.587
2008-03-28 06:00:00,11588.587
2008-03-28 07:00:00,11588.587
2008-03-28 08:00:00,11588.587
2008-03-28 09:00:00,11588.587
2008-03-28 10:00:00,11588.587
2008-03-28 11:00:00,11588.587
2008-03-28 12:00:00,11588.587
2008-03-28 13:00:00,11588.587
2008-03-28 14:00:00,11588.587
2008-03-28 15:00:00,11588.587
2008-03-28 16:00:00,11588.587
2008-03-28 17:00:00,11588.587
2008-03-28 18:00:00,11588.587
2008-03-28 19:00:00,11588.587
2008-03-28 20:00:00,11588.587
2008-03-28 21:00:00,11588.587
2008-03-28 22:00:00,11588.587
2008-03-28 23:00:00,11588.932
2008-03-29 00:00:00,11589.788
2008-03-29 01:00:00,11590.6045
2008-03-29 02:00:00,11591.343
2008-03-29 03:00:00,11592.047
2008-03-29 04:00:00,11592.694
2008-03-29 05:00:00,11593.62
2008-03-29 06:00:00,11594.917
2008-03-29 07:00:00,11596.188
2008-03-29 08:00:00,11597.382
2008-03-29 09:00:00,11598.845
2008-03-29 10:00:00,11600.435
2008-03-29 11:00:00,11602.251
2008-03-29 12:00:00,11604.126
2008-03-29 13:00:00,11605.792
2008-03-29 14:00:00,11606.913
2008-03-29 15:00:00,11607.601
2008-03-29 16:00:00,11607.994
2008-03-29 17:00:00,11607.994
2008-03-29 18:00:00,11607.994
2008-03-29 19:00:00,11608.06
2008-03-29 20:00:00,11608.06
2008-03-29 21:00:00,11608.06
2008-03-29 22:00:00,11608.06
2008-03-29 23:00:00,11608.06
2008-03-30 00:00:00,11608.06
2008-03-30 01:00:00,11608.06
2008-03-30 02:00:00,11608.06
2008-03-30 03:00:00,11608.06
2008-03-30 04:00:00,11608.06
2008-03-30 05:00:00,11608.576
2008-03-30 06:00:00,11610.084
2008-03-30 07:00:00,11611.933
2008-03-30 08:00:00,11613.865
2008-03-30 09:00:00,11615.605
2008-03-30 10:00:00,11617.337
2008-03-30 11:00:00,11619.729
2008-03-30 12:00:00,11622.6875
2008-03-30 13:00:00,11625.8125
2008-03-30 14:00:00,11629.694
2008-03-30 15:00:00,11633.226
2008-03-30 16:00:00,11636.495
2008-03-30 17:00:00,11639.912
2008-03-30 18:00:00,11641.954
2008-03-30 19:00:00,11642.405
2008-03-30 20:00:00,11642.578
2008-03-30 21:00:00,11646.174
2008-03-30 22:00:00,11648.469
2008-03-30 23:00:00,11651.441
2008-03-31 00:00:00,11653.808
2008-03-31 01:00:00,11655.949
2008-03-31 02:00:00,11660.842
2008-03-31 03:00:00,11662.709
2008-03-31 04:00:00,11666.538
2008-03-31 05:00:00,11668.811
2008-03-31 06:00:00,11671.833
2008-03-31 07:00:00,11672.13
2008-03-31 08:00:00,11672.13
2008-03-31 09:00:00,11672.131
2008-03-31 10:00:00,11673.426
2008-03-31 11:00:00,11673.426
2008-03-31 12:00:00,11674.048
2008-03-31 13:00:00,11674.215
2008-03-31 14:00:00,11674.215
2008-03-31 15:00:00,11674.215
2008-03-31 16:00:00,11674.249
2008-03-31 17:00:00,11674.249
2008-03-31 18:00:00,11674.249
2008-03-31 19:00:00,11674.249
2008-03-31 20:00:00,11674.249
2008-03-31 21:00:00,11674.249
2008-03-31 22:00:00,11674.249
2008-03-31 23:00:00,11674.249
2008-04-01 00:00:00,11674.249
2008-04-01 01:00:00,11674.425
2008-04-01 02:00:00,11674.888
2008-04-01 03:00:00,11676.003
2008-04-01 04:00:00,11678.744
2008-04-01 05:00:00,11679.534
2008-04-01 06:00:00,11680.912
2008-04-01 07:00:00,11683.078
2008-04-01 08:00:00,11685.57
2008-04-01 09:00:00,11687.4375
2008-04-01 10:00:00,11687.66
2008-04-01 11:00:00,11687.66
2008-04-01 12:00:00,11688.21
2008-04-01 13:00:00,11688.492
2008-04-01 14:00:00,11688.723
2008-04-01 15:00:00,11689.262
2008-04-01 16:00:00,11689.262
2008-04-01 17:00:00,11690.534
2008-04-01 18:00:00,11692.215
2008-04-01 19:00:00,11693.604
2008-04-01 20:00:00,11695.2
2008-04-01 21:00:00,11697.537
2008-04-01 22:00:00,11699.708
2008-04-01 23:00:00,11701.7295
2008-04-02 00:00:00,11703.897
2008-04-02 01:00:00,11706.019
2008-04-02 02:00:00,11708.008
2008-04-02 03:00:00,11709.725
2008-04-02 04:00:00,11710.469
2008-04-02 05:00:00,11710.688
2008-04-02 06:00:00,11710.688
2008-04-02 07:00:00,11710.688
2008-04-02 08:00:00,11710.688
2008-04-02 09:00:00,11710.688
2008-04-02 10:00:00,11710.688
2008-04-02 11:00:00,11710.688
2008-04-02 12:00:00,11710.688
2008-04-02 13:00:00,11710.688
2008-04-02 14:00:00,11710.688
2008-04-02 15:00:00,11710.688
2008-04-02 16:00:00,11710.688
2008-04-02 17:00:00,11710.688
2008-04-02 18:00:00,11710.688
2008-04-02 19:00:00,11710.688
2008-04-02 20:00:00,11710.688
2008-04-02 21:00:00,11710.688
2008-04-02 22:00:00,11710.688
2008-04-02 23:00:00,11710.688
2008-04-03 00:00:00,11710.688
2008-04-03 01:00:00,11710.688
2008-04-03 02:00:00,11710.688
2008-04-03 03:00:00,11710.688
2008-04-03 04:00:00,11710.688
2008-04-03 05:00:00,11710.688
2008-04-03 06:00:00,11710.688
2008-04-03 07:00:00,11710.688
2008-04-03 08:00:00,11710.688
2008-04-03 09:00:00,11710.688
2008-04-03 10:00:00,11710.688
2008-04-03 11:00:00,11710.688
2008-04-03 12:00:00,11710.688
2008-04-03 13:00:00,11710.688
2008-04-03 14:00:00,11710.688
2008-04-03 15:00:00,11710.688
2008-04-03 16:00:00,11710.688
2008-04-03 17:00:00,11710.688
2008-04-03 18:00:00,11710.688
2008-04-03 19:00:00,11710.688
2008-04-03 20:00:00,11710.688
2008-04-03 21:00:00,11711.304
2008-04-03 22:00:00,11711.987
2008-04-03 23:00:00,11712.671
2008-04-04 00:00:00,11713.378
2008-04-04 01:00:00,11714.514
2008-04-04 02:00:00,11715.4
2008-04-04 03:00:00,11717.019
2008-04-04 04:00:00,11719.712
2008-04-04 05:00:00,11720.587
2008-04-04 06:00:00,11720.587
2008-04-04 07:00:00,11721.224
2008-04-04 08:00:00,11723.685
2008-04-04 09:00:00,11727.054
2008-04-04 10:00:00,11729.428
2008-04-04 11:00:00,11730.137
2008-04-04 12:00:00,11731.229
2008-04-04 13:00:00,11733.517
2008-04-04 14:00:00,11736.097
2008-04-04 15:00:00,11738.085
2008-04-04 16:00:00,11742.373
2008-04-04 17:00:00,11743.899
2008-04-04 18:00:00,11745.816
2008-04-04 19:00:00,11747.01
2008-04-04 20:00:00,11748.279
2008-04-04 21:00:00,11748.592
2008-04-04 22:00:00,11749.065
2008-04-04 23:00:00,11750.212
2008-04-05 00:00:00,11751.607
2008-04-05 01:00:00,11752.78
2008-04-05 02:00:00,11754.279
2008-04-05 03:00:00,11756.474
2008-04-05 04:00:00,11757.347
2008-04-05 05:00:00,11759.629
2008-04-05 06:00:00,11760.458
2008-04-05 07:00:00,11761.543
2008-04-05 08:00:00,11763.254
2008-04-05 09:00:00,11763.909
2008-04-05 10:00:00,11764.86
2008-04-05 11:00:00,11764.86
2008-04-05 12:00:00,11767.136
2008-04-05 13:00:00,11768.053
2008-04-05 14:00:00,11770.353
2008-04-05 15:00:00,11771.2705
2008-04-05 16:00:00,11771.616
2008-04-05 17:00:00,11771.979
2008-04-05 18:00:00,11771.979
2008-04-05 19:00:00,11771.979
2008-04-05 20:00:00,11772.025
2008-04-05 21:00:00,11772.302
2008-04-05 22:00:00,11772.539
2008-04-05 23:00:00,11772.539
2008-04-06 00:00:00,11772.539
2008-04-06 01:00:00,11772.539
2008-04-06 02:00:00,11772.539
2008-04-06 03:00:00,11772.539
2008-04-06 04:00:00,11772.539
2008-04-06 05:00:00,11772.539
2008-04-06 06:00:00,11772.539
2008-04-06 07:00:00,11772.539
2008-04-06 08:00:00,11772.539
2008-04-06 09:00:00,11772.539
2008-04-06 10:00:00,11772.539
2008-04-06 11:00:00,11772.539
2008-04-06 12:00:00,11772.539
2008-04-06 13:00:00,11772.539
2008-04-06 14:00:00,11772.539
2008-04-06 15:00:00,11772.539
2008-04-06 16:00:00,11772.539
2008-04-06 17:00:00,11772.539
2008-04-06 18:00:00,11772.539
2008-04-06 19:00:00,11772.595
2008-04-06 20:00:00,11774.136
2008-04-06 21:00:00,11776.883
2008-04-06 22:00:00,11777.133
2008-04-06 23:00:00,11777.133
2008-04-07 00:00:00,11777.133
2008-04-07 01:00:00,11777.133
2008-04-07 02:00:00,11777.133
2008-04-07 03:00:00,11777.133
2008-04-07 04:00:00,11777.133
2008-04-07 05:00:00,11777.133
2008-04-07 06:00:00,11777.133
2008-04-07 07:00:00,11777.133
2008-04-07 08:00:00,11777.162
2008-04-07 09:00:00,11777.245
2008-04-07 10:00:00,11777.245
2008-04-07 11:00:00,11777.245
2008-04-07 12:00:00,11777.245
2008-04-07 13:00:00,11777.245
2008-04-07 14:00:00,11777.66
2008-04-07 15:00:00,11777.833
2008-04-07 16:00:00,11777.924
2008-04-07 17:00:00,11778.323
2008-04-07 18:00:00,11778.328
2008-04-07 19:00:00,11778.328
2008-04-07 20:00:00,11778.328
2008-04-07 21:00:00,11778.328
2008-04-07 22:00:00,11778.404
2008-04-07 23:00:00,11778.497
2008-04-08 00:00:00,11778.5205
2008-04-08 01:00:00,11778.685
2008-04-08 02:00:00,11778.757
2008-04-08 03:00:00,11778.819
2008-04-08 04:00:00,11778.819
2008-04-08 05:00:00,11778.819
2008-04-08 06:00:00,11778.819
2008-04-08 07:00:00,11778.819
2008-04-08 08:00:00,11778.819
2008-04-08 09:00:00,11778.819
2008-04-08 10:00:00,11778.819
2008-04-08 11:00:00,11778.819
2008-04-08 12:00:00,11778.819
2008-04-08 13:00:00,11778.819
2008-04-08 14:00:00,11778.819
2008-04-08 15:00:00,11778.819
2008-04-08 16:00:00,11778.819
2008-04-08 17:00:00,11778.819
2008-04-08 18:00:00,11778.819
2008-04-08 19:00:00,11778.819
2008-04-08 20:00:00,11778.819
2008-04-08 21:00:00,11778.819
2008-04-08 22:00:00,11778.819
2008-04-08 23:00:00,11778.819
2008-04-09 00:00:00,11778.819
2008-04-09 01:00:00,11778.819
2008-04-09 02:00:00,11778.819
2008-04-09 03:00:00,11778.819
2008-04-09 04:00:00,11778.819
2008-04-09 05:00:00,11778.819
2008-04-09 06:00:00,11778.819
2008-04-09 07:00:00,11778.819
2008-04-09 08:00:00,11778.819
2008-04-09 09:00:00,11778.819
2008-04-09 10:00:00,11778.819
2008-04-09 11:00:00,11778.819
2008-04-09 12:00:00,11778.819
2008-04-09 13:00:00,11778.819
2008-04-09 14:00:00,11778.819
2008-04-09 15:00:00,11778.819
2008-04-09 16:00:00,11778.819
2008-04-09 17:00:00,11778.819
2008-04-09 18:00:00,11778.819
2008-04-09 19:00:00,11778.819
2008-04-09 20:00:00,11778.819
2008-04-09 21:00:00,11778.819
2008-04-09 22:00:00,11778.819
2008-04-09 23:00:00,11778.819
2008-04-10 00:00:00,11778.819
2008-04-10 01:00:00,11778.819
2008-04-10 02:00:00,11778.819
2008-04-10 03:00:00,11778.819
2008-04-10 04:00:00,11778.819
2008-04-10 05:00:00,11778.819
2008-04-10 06:00:00,11778.819
2008-04-10 07:00:00,11778.819
2008-04-10 08:00:00,11778.819
2008-04-10 09:00:00,11778.819
2008-04-10 10:00:00,11778.819
2008-04-10 11:00:00,11778.819
2008-04-10 12:00:00,11778.819
2008-04-10 13:00:00,11778.819
2008-04-10 14:00:00,11778.819
2008-04-10 15:00:00,11778.819
2008-04-10 16:00:00,11778.819
2008-04-10 17:00:00,11778.819
2008-04-10 18:00:00,11778.819
2008-04-10 19:00:00,11778.819
2008-04-10 20:00:00,11779.648
2008-04-10 21:00:00,11780.369
2008-04-10 22:00:00,11781.152
2008-04-10 23:00:00,11783.08
2008-04-11 00:00:00,11783.314
2008-04-11 01:00:00,11783.314
2008-04-11 02:00:00,11783.378
2008-04-11 03:00:00,11783.826
2008-04-11 04:00:00,11783.826
2008-04-11 05:00:00,11783.826
2008-04-11 06:00:00,11783.826
2008-04-11 07:00:00,11783.826
2008-04-11 08:00:00,11783.826
2008-04-11 09:00:00,11783.826
2008-04-11 10:00:00,11783.826
2008-04-11 11:00:00,11783.826
2008-04-11 12:00:00,11783.826
2008-04-11 13:00:00,11783.826
2008-04-11 14:00:00,11783.826
2008-04-11 15:00:00,11783.826
2008-04-11 16:00:00,11783.826
2008-04-11 17:00:00,11783.826
2008-04-11 18:00:00,11783.826
2008-04-11 19:00:00,11783.826
2008-04-11 20:00:00,11783.826
2008-04-11 21:00:00,11783.826
2008-04-11 22:00:00,11783.826
2008-04-11 23:00:00,11783.826
2008-04-12 00:00:00,11783.826
2008-04-12 01:00:00,11783.826
2008-04-12 02:00:00,11783.826
2008-04-12 03:00:00,11783.826
2008-04-12 04:00:00,11783.826
2008-04-12 05:00:00,11783.826
2008-04-12 06:00:00,11783.826
2008-04-12 07:00:00,11783.826
2008-04-12 08:00:00,11783.911
2008-04-12 09:00:00,11784.671
2008-04-12 10:00:00,11785.522
2008-04-12 11:00:00,11786.406
2008-04-12 12:00:00,11787.153
2008-04-12 13:00:00,11787.94
2008-04-12 14:00:00,11789.54
2008-04-12 15:00:00,11790.044
2008-04-12 16:00:00,11790.044
2008-04-12 17:00:00,11790.044
2008-04-12 18:00:00,11790.044
2008-04-12 19:00:00,11790.044
2008-04-12 20:00:00,11790.101
2008-04-12 21:00:00,11790.823
2008-04-12 22:00:00,11791.196
2008-04-12 23:00:00,11791.196
2008-04-13 00:00:00,11791.196
2008-04-13 01:00:00,11791.196
2008-04-13 02:00:00,11791.196
2008-04-13 03:00:00,11791.632
2008-04-13 04:00:00,11792.167
2008-04-13 05:00:00,11792.562
2008-04-13 06:00:00,11792.83
2008-04-13 07:00:00,11792.903
2008-04-13 08:00:00,11793.266
2008-04-13 09:00:00,11793.546
2008-04-13 10:00:00,11793.546
2008-04-13 11:00:00,11793.546
2008-04-13 12:00:00,11793.546
2008-04-13 13:00:00,11793.631
2008-04-13 14:00:00,11793.951
2008-04-13 15:00:00,11794.105
2008-04-13 16:00:00,11794.326
2008-04-13 17:00:00,11794.832
2008-04-13 18:00:00,11795.384
2008-04-13 19:00:00,11796.127
2008-04-13 20:00:00,11796.259
2008-04-13 21:00:00,11796.259
2008-04-13 22:00:00,11796.259
2008-04-13 23:00:00,11796.326
2008-04-14 00:00:00,11796.326
2008-04-14 01:00:00,11796.326
2008-04-14 02:00:00,11796.326
2008-04-14 03:00:00,11796.326
2008-04-14 04:00:00,11796.326
2008-04-14 05:00:00,11796.326
2008-04-14 06:00:00,11796.326
2008-04-14 07:00:00,11796.354
2008-04-14 08:00:00,11796.946
2008-04-14 09:00:00,11797.53
2008-04-14 10:00:00,11797.53
2008-04-14 11:00:00,11797.53
2008-04-14 12:00:00,11797.53
2008-04-14 13:00:00,11797.53
2008-04-14 14:00:00,11797.718
2008-04-14 15:00:00,11798.84
2008-04-14 16:00:00,11800.069
2008-04-14 17:00:00,11801.426
2008-04-14 18:00:00,11802.822
2008-04-14 19:00:00,11805.446
2008-04-14 20:00:00,11806.918
2008-04-14 21:00:00,11807.714
2008-04-14 22:00:00,11796.326
2008-04-14 23:00:00,11796.326
2008-04-15 00:00:00,11807.848
2008-04-15 01:00:00,11807.848
2008-04-15 02:00:00,11807.848
2008-04-15 03:00:00,11807.848
2008-04-15 04:00:00,11807.848
2008-04-15 05:00:00,11807.848
2008-04-15 06:00:00,11807.848
2008-04-15 07:00:00,11807.848
2008-04-15 08:00:00,11807.848
2008-04-15 09:00:00,11807.848
2008-04-15 10:00:00,11807.848
2008-04-15 11:00:00,11807.848
2008-04-15 12:00:00,11808.495
2008-04-15 13:00:00,11808.495
2008-04-15 14:00:00,11808.495
2008-04-15 15:00:00,11808.495
2008-04-15 16:00:00,11808.495
2008-04-15 17:00:00,11808.495
2008-04-15 18:00:00,11808.495
2008-04-15 19:00:00,11808.495
2008-04-15 20:00:00,11808.495
2008-04-15 21:00:00,11808.495
2008-04-15 22:00:00,11808.495
2008-04-15 23:00:00,11808.495
2008-04-16 00:00:00,11808.495
2008-04-16 01:00:00,11808.495
2008-04-16 02:00:00,11808.495
2008-04-16 03:00:00,11808.495
2008-04-16 04:00:00,11808.495
2008-04-16 05:00:00,11808.495
2008-04-16 06:00:00,11808.495
2008-04-16 07:00:00,11808.495
2008-04-16 08:00:00,11808.495
2008-04-16 09:00:00,11808.495
2008-04-16 10:00:00,11808.495
2008-04-16 11:00:00,11808.495
2008-04-16 12:00:00,11808.495
2008-04-16 13:00:00,11808.495
2008-04-16 14:00:00,11808.495
2008-04-16 15:00:00,11808.495
2008-04-16 16:00:00,11808.495
2008-04-16 17:00:00,11808.495
2008-04-16 18:00:00,11808.495
2008-04-16 19:00:00,11808.495
2008-04-16 20:00:00,11808.495
2008-04-16 21:00:00,11808.495
2008-04-16 22:00:00,11808.495
2008-04-16 23:00:00,11808.495
2008-04-17 00:00:00,11808.495
2008-04-17 01:00:00,11808.495
2008-04-17 02:00:00,11808.495
2008-04-17 03:00:00,11808.495
2008-04-17 04:00:00,11808.495
2008-04-17 05:00:00,11808.495
2008-04-17 06:00:00,11808.495
2008-04-17 07:00:00,11808.495
2008-04-17 08:00:00,11808.495
2008-04-17 09:00:00,11808.495
2008-04-17 10:00:00,11808.495
2008-04-17 11:00:00,11808.495
2008-04-17 12:00:00,11808.495
2008-04-17 13:00:00,11808.495
2008-04-17 14:00:00,11808.495
2008-04-17 15:00:00,11808.495
2008-04-17 16:00:00,11808.495
2008-04-17 17:00:00,11808.495
2008-04-17 18:00:00,11808.495
2008-04-17 19:00:00,11808.495
2008-04-17 20:00:00,11808.495
2008-04-17 21:00:00,11808.495
2008-04-17 22:00:00,11808.495
2008-04-17 23:00:00,11808.495
2008-04-18 00:00:00,11808.495
2008-04-18 01:00:00,11808.495
2008-04-18 02:00:00,11808.495
2008-04-18 03:00:00,11808.495
2008-04-18 04:00:00,11808.495
2008-04-18 05:00:00,11808.495
2008-04-18 06:00:00,11808.495
2008-04-18 07:00:00,11808.495
2008-04-18 08:00:00,11808.495
2008-04-18 09:00:00,11808.495
2008-04-18 10:00:00,11808.495
2008-04-18 11:00:00,11808.495
2008-04-18 12:00:00,11808.495
2008-04-18 13:00:00,11808.495
2008-04-18 14:00:00,11808.495
2008-04-18 15:00:00,11808.495
2008-04-18 16:00:00,11808.495
2008-04-18 17:00:00,11808.495
2008-04-18 18:00:00,11808.495
2008-04-18 19:00:00,11808.495
2008-04-18 20:00:00,11808.495
2008-04-18 21:00:00,11808.495
2008-04-18 22:00:00,11808.495
2008-04-18 23:00:00,11808.495
2008-04-19 00:00:00,11808.495
2008-04-19 01:00:00,11808.495
2008-04-19 02:00:00,11808.495
2008-04-19 03:00:00,11808.495
2008-04-19 04:00:00,11808.495
2008-04-19 05:00:00,11808.495
2008-04-19 06:00:00,11808.495
2008-04-19 07:00:00,11808.495
2008-04-19 08:00:00,11808.495
2008-04-19 09:00:00,11808.495
2008-04-19 10:00:00,11808.495
2008-04-19 11:00:00,11808.495
2008-04-19 12:00:00,11808.495
2008-04-19 13:00:00,11808.495
2008-04-19 14:00:00,11808.495
2008-04-19 15:00:00,11808.495
2008-04-19 16:00:00,11808.495
2008-04-19 17:00:00,11808.495
2008-04-19 18:00:00,11808.495
2008-04-19 19:00:00,11808.495
2008-04-19 20:00:00,11808.495
2008-04-19 21:00:00,11808.495
2008-04-19 22:00:00,11808.495
2008-04-19 23:00:00,11808.495
2008-04-20 00:00:00,11808.495
2008-04-20 01:00:00,11808.495
2008-04-20 02:00:00,11808.495
2008-04-20 03:00:00,11808.495
2008-04-20 04:00:00,11808.495
2008-04-20 05:00:00,11808.495
2008-04-20 06:00:00,11808.495
2008-04-20 07:00:00,11808.495
2008-04-20 08:00:00,11808.495
2008-04-20 09:00:00,11808.495
2008-04-20 10:00:00,11808.495
2008-04-20 11:00:00,11808.495
2008-04-20 12:00:00,11808.495
2008-04-20 13:00:00,11808.495
2008-04-20 14:00:00,11808.495
2008-04-20 15:00:00,11808.495
2008-04-20 16:00:00,11808.495
2008-04-20 17:00:00,11808.495
2008-04-20 18:00:00,11808.495
2008-04-20 19:00:00,11808.495
2008-04-20 20:00:00,11808.495
2008-04-20 21:00:00,11808.495
2008-04-20 22:00:00,11808.495
2008-04-20 23:00:00,11808.495
2008-04-21 00:00:00,11808.495
2008-04-21 01:00:00,11808.495
2008-04-21 02:00:00,11808.495
2008-04-21 03:00:00,11808.495
2008-04-21 04:00:00,11808.495
2008-04-21 05:00:00,11808.495
2008-04-21 06:00:00,11808.495
2008-04-21 07:00:00,11808.495
2008-04-21 08:00:00,11808.495
2008-04-21 09:00:00,11808.495
2008-04-21 10:00:00,11808.495
2008-04-21 11:00:00,11808.495
2008-04-21 12:00:00,11808.495
2008-04-21 13:00:00,11808.495
2008-04-21 14:00:00,11808.495
2008-04-21 15:00:00,11808.495
2008-04-21 16:00:00,11808.495
2008-04-21 17:00:00,11808.495
2008-04-21 18:00:00,11808.495
2008-04-21 19:00:00,11808.495
2008-04-21 20:00:00,11808.495
2008-04-21 21:00:00,11808.495
2008-04-21 22:00:00,11808.495
2008-04-21 23:00:00,11808.495
2008-04-22 00:00:00,11808.495
2008-04-22 01:00:00,11808.495
2008-04-22 02:00:00,11808.495
2008-04-22 03:00:00,11808.495
2008-04-22 04:00:00,11808.495
2008-04-22 05:00:00,11808.495
2008-04-22 06:00:00,11808.495
2008-04-22 07:00:00,11808.495
2008-04-22 08:00:00,11808.495
2008-04-22 09:00:00,11808.495
2008-04-22 10:00:00,11808.495
2008-04-22 11:00:00,11808.495
2008-04-22 12:00:00,11808.495
2008-04-22 13:00:00,11808.495
2008-04-22 14:00:00,11808.495
2008-04-22 15:00:00,11808.495
2008-04-22 16:00:00,11808.495
2008-04-22 17:00:00,11808.495
2008-04-22 18:00:00,11808.495
2008-04-22 19:00:00,11808.495
2008-04-22 20:00:00,11808.495
2008-04-22 21:00:00,11808.495
2008-04-22 22:00:00,11808.495
2008-04-22 23:00:00,11808.495
2008-04-23 00:00:00,11808.495
2008-04-23 01:00:00,11808.495
2008-04-23 02:00:00,11808.495
2008-04-23 03:00:00,11808.495
2008-04-23 04:00:00,11808.495
2008-04-23 05:00:00,11808.495
2008-04-23 06:00:00,11808.495
2008-04-23 07:00:00,11808.495
2008-04-23 08:00:00,11808.495
2008-04-23 09:00:00,11808.495
2008-04-23 10:00:00,11808.495
2008-04-23 11:00:00,11808.495
2008-04-23 12:00:00,11808.495
2008-04-23 13:00:00,11808.495
2008-04-23 14:00:00,11808.495
2008-04-23 15:00:00,11808.495
2008-04-23 16:00:00,11808.495
2008-04-23 17:00:00,11808.495
2008-04-23 18:00:00,11808.495
2008-04-23 19:00:00,11808.495
2008-04-23 20:00:00,11808.495
2008-04-23 21:00:00,11808.495
2008-04-23 22:00:00,11808.495
2008-04-23 23:00:00,11808.495
2008-04-24 00:00:00,11808.495
2008-04-24 01:00:00,11808.495
2008-04-24 02:00:00,11808.495
2008-04-24 03:00:00,11808.495
2008-04-24 04:00:00,11808.495
2008-04-24 05:00:00,11808.495
2008-04-24 06:00:00,11808.495
2008-04-24 07:00:00,11808.495
2008-04-24 08:00:00,11808.495
2008-04-24 09:00:00,11808.495
2008-04-24 10:00:00,11808.495
2008-04-24 11:00:00,11808.495
2008-04-24 12:00:00,11808.495
2008-04-24 13:00:00,11808.495
2008-04-24 14:00:00,11808.495
2008-04-24 15:00:00,11808.495
2008-04-24 16:00:00,11808.495
2008-04-24 17:00:00,11808.495
2008-04-24 18:00:00,11808.495
2008-04-24 19:00:00,11808.495
2008-04-24 20:00:00,11808.495
2008-04-24 21:00:00,11808.495
2008-04-24 22:00:00,11808.495
2008-04-24 23:00:00,11808.495
2008-04-25 00:00:00,11808.495
2008-04-25 01:00:00,11808.495
2008-04-25 02:00:00,11808.495
2008-04-25 03:00:00,11808.495
2008-04-25 04:00:00,11808.495
2008-04-25 05:00:00,11808.495
2008-04-25 06:00:00,11808.495
2008-04-25 07:00:00,11808.495
2008-04-25 08:00:00,11808.495
2008-04-25 09:00:00,11808.495
2008-04-25 10:00:00,11808.495
2008-04-25 11:00:00,11808.495
2008-04-25 12:00:00,11808.495
2008-04-25 13:00:00,11808.495
2008-04-25 14:00:00,11808.495
2008-04-25 15:00:00,11808.495
2008-04-25 16:00:00,11808.495
2008-04-25 17:00:00,11808.707
2008-04-25 18:00:00,11808.883
2008-04-25 19:00:00,11808.883
2008-04-25 20:00:00,11808.948
2008-04-25 21:00:00,11808.948
2008-04-25 22:00:00,11808.948
2008-04-25 23:00:00,11808.948
2008-04-26 00:00:00,11808.948
2008-04-26 01:00:00,11808.948
2008-04-26 02:00:00,11808.948
2008-04-26 03:00:00,11808.948
2008-04-26 04:00:00,11808.948
2008-04-26 05:00:00,11808.948
2008-04-26 06:00:00,11808.948
2008-04-26 07:00:00,11808.948
2008-04-26 08:00:00,11808.948
2008-04-26 09:00:00,11808.948
2008-04-26 10:00:00,11808.948
2008-04-26 11:00:00,11808.948
2008-04-26 12:00:00,11808.948
2008-04-26 13:00:00,11808.948
2008-04-26 14:00:00,11809.34
2008-04-26 15:00:00,11809.716
2008-04-26 16:00:00,11810.571
2008-04-26 17:00:00,11811.439
2008-04-26 18:00:00,11812.509
2008-04-26 19:00:00,11813.328
2008-04-26 20:00:00,11813.645
2008-04-26 21:00:00,11813.645
2008-04-26 22:00:00,11813.875
2008-04-26 23:00:00,11814.037
2008-04-27 00:00:00,11814.779
2008-04-27 01:00:00,11814.529
2008-04-27 02:00:00,11814.825
2008-04-27 03:00:00,11814.779
2008-04-27 04:00:00,11814.95
2008-04-27 05:00:00,11814.95
2008-04-27 06:00:00,11814.95
2008-04-27 07:00:00,11814.95
2008-04-27 08:00:00,11814.95
2008-04-27 09:00:00,11814.95
2008-04-27 10:00:00,11814.95
2008-04-27 11:00:00,11814.95
2008-04-27 12:00:00,11814.95
2008-04-27 13:00:00,11814.95
2008-04-27 14:00:00,11814.95
2008-04-27 15:00:00,11814.95
2008-04-27 16:00:00,11814.95
2008-04-27 17:00:00,11814.95
2008-04-27 18:00:00,11814.95
2008-04-27 19:00:00,11814.95
2008-04-27 20:00:00,11814.95
2008-04-27 21:00:00,11814.95
2008-04-27 22:00:00,11814.95
2008-04-27 23:00:00,11814.432
2008-04-28 00:00:00,11842.399
2008-04-28 01:00:00,11815.603
2008-04-28 02:00:00,11816.48
2008-04-28 03:00:00,11817.702
2008-04-28 04:00:00,11818.546
2008-04-28 05:00:00,11819.766
2008-04-28 06:00:00,11821.398
2008-04-28 07:00:00,11823.0625
2008-04-28 08:00:00,11824.884
2008-04-28 09:00:00,11825.789
2008-04-28 10:00:00,11829.326
2008-04-28 11:00:00,11832.534
2008-04-28 12:00:00,11836.439
2008-04-28 13:00:00,11839.908
2008-04-28 14:00:00,11844.991
2008-04-28 15:00:00,11847.865
2008-04-28 16:00:00,11850.337
2008-04-28 17:00:00,11851.867
2008-04-28 18:00:00,11852.879
2008-04-28 19:00:00,11853.542
2008-04-28 20:00:00,11853.542
2008-04-28 21:00:00,11853.542
2008-04-28 22:00:00,11853.542
2008-04-28 23:00:00,11854.079
2008-04-29 00:00:00,11856.469
2008-04-29 01:00:00,11862.011
2008-04-29 02:00:00,11867.123
2008-04-29 03:00:00,11871.066
2008-04-29 04:00:00,11874.7705
2008-04-29 05:00:00,11878.385
2008-04-29 06:00:00,11882.225
2008-04-29 07:00:00,11885.794
2008-04-29 08:00:00,11889.284
2008-04-29 09:00:00,11892.9
2008-04-29 10:00:00,11896.013
2008-04-29 11:00:00,11898.889
2008-04-29 12:00:00,11901.575
2008-04-29 13:00:00,11904.237
2008-04-29 14:00:00,11907.396
2008-04-29 15:00:00,11911.427
2008-04-29 16:00:00,11915.017
2008-04-29 17:00:00,11918.246
2008-04-29 18:00:00,11918.789
2008-04-29 19:00:00,11918.789
2008-04-29 20:00:00,11918.789
2008-04-29 21:00:00,11918.789
2008-04-29 22:00:00,11918.789
2008-04-29 23:00:00,11918.789
2008-04-30 00:00:00,11918.789
2008-04-30 01:00:00,11918.789
2008-04-30 02:00:00,11918.789
2008-04-30 03:00:00,11918.789
2008-04-30 04:00:00,11918.789
2008-04-30 05:00:00,11918.789
2008-04-30 06:00:00,11918.789
2008-04-30 07:00:00,11918.789
2008-04-30 08:00:00,11918.789
2008-04-30 09:00:00,11919.159
2008-04-30 10:00:00,11921.527
2008-04-30 11:00:00,11922.26
2008-04-30 12:00:00,11922.308
2008-04-30 13:00:00,11922.38
2008-04-30 14:00:00,11925.114
2008-04-30 15:00:00,11926.496
2008-04-30 16:00:00,11926.496
2008-04-30 17:00:00,11926.496
2008-04-30 18:00:00,11926.496
2008-04-30 19:00:00,11918.789
2008-04-30 20:00:00,11918.789
2008-04-30 21:00:00,11918.789
2008-04-30 22:00:00,11918.789
2008-04-30 23:00:00,11918.789
2008-05-01 00:00:00,11932.759
2008-05-01 01:00:00,11933.828
2008-05-01 02:00:00,11936.484
2008-05-01 03:00:00,11939.533
2008-05-01 04:00:00,11942.969
2008-05-01 05:00:00,11931.637
2008-05-01 06:00:00,11926.496
2008-05-01 07:00:00,11926.876
2008-05-01 08:00:00,11926.876
2008-05-01 09:00:00,11926.876
2008-05-01 10:00:00,11926.876
2008-05-01 11:00:00,11926.876
2008-05-01 12:00:00,11926.876
2008-05-01 13:00:00,11926.876
2008-05-01 14:00:00,11926.876
2008-05-01 15:00:00,11926.876
2008-05-01 16:00:00,11926.876
2008-05-01 17:00:00,11926.876
2008-05-01 18:00:00,11928.228
2008-05-01 19:00:00,11929.787
2008-05-01 20:00:00,11930.771
2008-05-01 21:00:00,11931.151
2008-05-01 22:00:00,11931.151
2008-05-01 23:00:00,11931.151
2008-05-02 00:00:00,11947.358
2008-05-02 01:00:00,11953.355
2008-05-02 02:00:00,11957.609
2008-05-02 03:00:00,11961.281
2008-05-02 04:00:00,11963.573
2008-05-02 05:00:00,11965.147
2008-05-02 06:00:00,11965.957
2008-05-02 07:00:00,11966.204
2008-05-02 08:00:00,11966.241
2008-05-02 09:00:00,11966.241
2008-05-02 10:00:00,11966.241
2008-05-02 11:00:00,11966.241
2008-05-02 12:00:00,11966.241
2008-05-02 13:00:00,11966.241
2008-05-02 14:00:00,11966.241
2008-05-02 15:00:00,11966.241
2008-05-02 16:00:00,11966.241
2008-05-02 17:00:00,11966.241
2008-05-02 18:00:00,11966.241
2008-05-02 19:00:00,11966.241
2008-05-02 20:00:00,11966.241
2008-05-02 21:00:00,11966.241
2008-05-02 22:00:00,11966.241
2008-05-02 23:00:00,11966.241
2008-05-03 00:00:00,11966.241
2008-05-03 01:00:00,11966.241
2008-05-03 02:00:00,11966.241
2008-05-03 03:00:00,11966.241
2008-05-03 04:00:00,11966.241
2008-05-03 05:00:00,11966.241
2008-05-03 06:00:00,11966.241
2008-05-03 07:00:00,11966.241
2008-05-03 08:00:00,11966.241
2008-05-03 09:00:00,11966.241
2008-05-03 10:00:00,11966.241
2008-05-03 11:00:00,11966.241
2008-05-03 12:00:00,11966.241
2008-05-03 13:00:00,11966.241
2008-05-03 14:00:00,11966.241
2008-05-03 15:00:00,11966.241
2008-05-03 16:00:00,11966.241
2008-05-03 17:00:00,11966.241
2008-05-03 18:00:00,11966.241
2008-05-03 19:00:00,11966.241
2008-05-03 20:00:00,11966.241
2008-05-03 21:00:00,11966.241
2008-05-03 22:00:00,11966.241
2008-05-03 23:00:00,11966.241
2008-05-04 00:00:00,11966.241
2008-05-04 01:00:00,11966.241
2008-05-04 02:00:00,11966.241
2008-05-04 03:00:00,11966.241
2008-05-04 04:00:00,11966.241
2008-05-04 05:00:00,11966.241
2008-05-04 06:00:00,11966.241
2008-05-04 07:00:00,11966.241
2008-05-04 08:00:00,11966.241
2008-05-04 09:00:00,11966.241
2008-05-04 10:00:00,11966.241
2008-05-04 11:00:00,11966.241
2008-05-04 12:00:00,11966.241
2008-05-04 13:00:00,11966.241
2008-05-04 14:00:00,11966.241
2008-05-04 15:00:00,11966.241
2008-05-04 16:00:00,11966.241
2008-05-04 17:00:00,11966.241
2008-05-04 18:00:00,11966.241
2008-05-04 19:00:00,11966.241
2008-05-04 20:00:00,11966.241
2008-05-04 21:00:00,11966.241
2008-05-04 22:00:00,11966.241
2008-05-04 23:00:00,11966.241
2008-05-05 00:00:00,11966.241
2008-05-05 01:00:00,11966.241
2008-05-05 02:00:00,11966.241
2008-05-05 03:00:00,11966.241
2008-05-05 04:00:00,11966.241
2008-05-05 05:00:00,11966.241
2008-05-05 06:00:00,11966.241
2008-05-05 07:00:00,11966.241
2008-05-05 08:00:00,11966.241
2008-05-05 09:00:00,11966.241
2008-05-05 10:00:00,11966.241
2008-05-05 11:00:00,11966.241
2008-05-05 12:00:00,11966.241
2008-05-05 13:00:00,11966.241
2008-05-05 14:00:00,11966.241
2008-05-05 15:00:00,11966.241
2008-05-05 16:00:00,11966.241
2008-05-05 17:00:00,11966.241
2008-05-05 18:00:00,11966.419
2008-05-05 19:00:00,11966.585
2008-05-05 20:00:00,11966.585
2008-05-05 21:00:00,11966.585
2008-05-05 22:00:00,11966.585
2008-05-05 23:00:00,11966.585
2008-05-06 00:00:00,11966.585
2008-05-06 01:00:00,11966.585
2008-05-06 02:00:00,11966.585
2008-05-06 03:00:00,11966.585
2008-05-06 04:00:00,11966.585
2008-05-06 05:00:00,11966.585
2008-05-06 06:00:00,11966.585
2008-05-06 07:00:00,11966.585
2008-05-06 08:00:00,11966.585
2008-05-06 09:00:00,11966.585
2008-05-06 10:00:00,11966.585
2008-05-06 11:00:00,11966.585
2008-05-06 12:00:00,11966.585
2008-05-06 13:00:00,11966.585
2008-05-06 14:00:00,11966.585
2008-05-06 15:00:00,11966.585
2008-05-06 16:00:00,11966.585
2008-05-06 17:00:00,11966.585
2008-05-06 18:00:00,11966.585
2008-05-06 19:00:00,11966.585
2008-05-06 20:00:00,11966.585
2008-05-06 21:00:00,11966.585
2008-05-06 22:00:00,11966.585
2008-05-06 23:00:00,11966.585
2008-05-07 00:00:00,11966.585
2008-05-07 01:00:00,11966.585
2008-05-07 02:00:00,11966.585
2008-05-07 03:00:00,11966.585
2008-05-07 04:00:00,11966.585
2008-05-07 05:00:00,11966.585
2008-05-07 06:00:00,11966.585
2008-05-07 07:00:00,11966.585
2008-05-07 08:00:00,11966.585
2008-05-07 09:00:00,11966.585
2008-05-07 10:00:00,11966.585
2008-05-07 11:00:00,11966.585
2008-05-07 12:00:00,11966.585
2008-05-07 13:00:00,11966.585
2008-05-07 14:00:00,11966.585
2008-05-07 15:00:00,11966.585
2008-05-07 16:00:00,11966.585
2008-05-07 17:00:00,11966.585
2008-05-07 18:00:00,11966.585
2008-05-07 19:00:00,11966.585
2008-05-07 20:00:00,11966.585
2008-05-07 21:00:00,11966.585
2008-05-07 22:00:00,11966.585
2008-05-07 23:00:00,11966.585
2008-05-08 00:00:00,11966.585
2008-05-08 01:00:00,11966.585
2008-05-08 02:00:00,11966.585
2008-05-08 03:00:00,11966.585
2008-05-08 04:00:00,11966.585
2008-05-08 05:00:00,11966.585
2008-05-08 06:00:00,11966.585
2008-05-08 07:00:00,11966.585
2008-05-08 08:00:00,11966.585
2008-05-08 09:00:00,11966.585
2008-05-08 10:00:00,11966.585
2008-05-08 11:00:00,11966.585
2008-05-08 12:00:00,11966.585
2008-05-08 13:00:00,11966.585
2008-05-08 14:00:00,11966.585
2008-05-08 15:00:00,11966.585
2008-05-08 16:00:00,11966.585
2008-05-08 17:00:00,11966.585
2008-05-08 18:00:00,11966.585
2008-05-08 19:00:00,11966.585
2008-05-08 20:00:00,11966.585
2008-05-08 21:00:00,11966.585
2008-05-08 22:00:00,11966.585
2008-05-08 23:00:00,11966.585
2008-05-09 00:00:00,11966.585
2008-05-09 01:00:00,11966.585
2008-05-09 02:00:00,11966.585
2008-05-09 03:00:00,11966.585
2008-05-09 04:00:00,11966.585
2008-05-09 05:00:00,11966.585
2008-05-09 06:00:00,11966.585
2008-05-09 07:00:00,11966.585
2008-05-09 08:00:00,11966.585
2008-05-09 09:00:00,11966.585
2008-05-09 10:00:00,11966.585
2008-05-09 11:00:00,11966.585
2008-05-09 12:00:00,11966.585
2008-05-09 13:00:00,11966.585
2008-05-09 14:00:00,11966.585
2008-05-09 15:00:00,11966.585
2008-05-09 16:00:00,11966.585
2008-05-09 17:00:00,11966.585
2008-05-09 18:00:00,11966.585
2008-05-09 19:00:00,11966.585
2008-05-09 20:00:00,11966.585
2008-05-09 21:00:00,11966.585
2008-05-09 22:00:00,11966.585
2008-05-09 23:00:00,11966.585
2008-05-10 00:00:00,11966.585
2008-05-10 01:00:00,11966.585
2008-05-10 02:00:00,11966.585
2008-05-10 03:00:00,11966.585
2008-05-10 04:00:00,11966.585
2008-05-10 05:00:00,11966.585
2008-05-10 06:00:00,11966.585
2008-05-10 07:00:00,11966.585
2008-05-10 08:00:00,11966.585
2008-05-10 09:00:00,11966.585
2008-05-10 10:00:00,11966.585
2008-05-10 11:00:00,11966.585
2008-05-10 12:00:00,11966.585
2008-05-10 13:00:00,11966.585
2008-05-10 14:00:00,11966.585
2008-05-10 15:00:00,11966.585
2008-05-10 16:00:00,11966.585
2008-05-10 17:00:00,11966.585
2008-05-10 18:00:00,11966.585
2008-05-10 19:00:00,11966.585
2008-05-10 20:00:00,11966.585
2008-05-10 21:00:00,11966.585
2008-05-10 22:00:00,11966.585
2008-05-10 23:00:00,11966.585
2008-05-11 00:00:00,11970.295
2008-05-11 01:00:00,11966.585
2008-05-11 02:00:00,11966.585
2008-05-11 03:00:00,11966.941
2008-05-11 04:00:00,11968.319
2008-05-11 05:00:00,11969.445
2008-05-11 06:00:00,11969.947
2008-05-11 07:00:00,11970.061
2008-05-11 08:00:00,11970.085
2008-05-11 09:00:00,11970.295
2008-05-11 10:00:00,11970.295
2008-05-11 11:00:00,11970.295
2008-05-11 12:00:00,11970.295
2008-05-11 13:00:00,11970.295
2008-05-11 14:00:00,11970.295
2008-05-11 15:00:00,11970.295
2008-05-11 16:00:00,11970.295
2008-05-11 17:00:00,11970.309
2008-05-11 18:00:00,11970.538
2008-05-11 19:00:00,11970.538
2008-05-11 20:00:00,11970.538
2008-05-11 21:00:00,11970.538
2008-05-11 22:00:00,11970.538
2008-05-11 23:00:00,11970.538
2008-05-12 00:00:00,11970.538
2008-05-12 01:00:00,11970.538
2008-05-12 02:00:00,11970.538
2008-05-12 03:00:00,11970.538
2008-05-12 04:00:00,11970.538
2008-05-12 05:00:00,11970.538
2008-05-12 06:00:00,11970.538
2008-05-12 07:00:00,11970.538
2008-05-12 08:00:00,11970.538
2008-05-12 09:00:00,11970.538
2008-05-12 10:00:00,11970.538
2008-05-12 11:00:00,11970.538
2008-05-12 12:00:00,11970.538
2008-05-12 13:00:00,11970.538
2008-05-12 14:00:00,11970.538
2008-05-12 15:00:00,11970.538
2008-05-12 16:00:00,11970.538
2008-05-12 17:00:00,11970.538
2008-05-12 18:00:00,11970.538
2008-05-12 19:00:00,11970.538
2008-05-12 20:00:00,11970.538
2008-05-12 21:00:00,11970.538
2008-05-12 22:00:00,11970.538
2008-05-12 23:00:00,11970.538
2008-05-13 00:00:00,11970.538
2008-05-13 01:00:00,11970.538
2008-05-13 02:00:00,11970.538
2008-05-13 03:00:00,11970.538
2008-05-13 04:00:00,11970.538
2008-05-13 05:00:00,11970.538
2008-05-13 06:00:00,11970.538
2008-05-13 07:00:00,11970.538
2008-05-13 08:00:00,11970.538
2008-05-13 09:00:00,11970.538
2008-05-13 10:00:00,11970.538
2008-05-13 11:00:00,11970.538
2008-05-13 12:00:00,11970.538
2008-05-13 13:00:00,11970.88
2008-05-13 14:00:00,11970.88
2008-05-13 15:00:00,11970.914
2008-05-13 16:00:00,11971.286
2008-05-13 17:00:00,11971.286
2008-05-13 18:00:00,11971.286
2008-05-13 19:00:00,11970.538
2008-05-13 20:00:00,11970.538
2008-05-13 21:00:00,11970.538
2008-05-13 22:00:00,11970.538
2008-05-13 23:00:00,11970.538
2008-05-14 00:00:00,11982.699
2008-05-14 01:00:00,11982.699
2008-05-14 02:00:00,11982.699
2008-05-14 03:00:00,11982.699
2008-05-14 04:00:00,11982.699
2008-05-14 05:00:00,11982.492
2008-05-14 06:00:00,11971.286
2008-05-14 07:00:00,11971.286
2008-05-14 08:00:00,11971.435
2008-05-14 09:00:00,11972.228
2008-05-14 10:00:00,11973.059
2008-05-14 11:00:00,11973.903
2008-05-14 12:00:00,11974.742
2008-05-14 13:00:00,11975.599
2008-05-14 14:00:00,11976.524
2008-05-14 15:00:00,11977.356
2008-05-14 16:00:00,11978.368
2008-05-14 17:00:00,11979.845
2008-05-14 18:00:00,11980.736
2008-05-14 19:00:00,11980.976
2008-05-14 20:00:00,11981.552
2008-05-14 21:00:00,11981.642
2008-05-14 22:00:00,11981.732
2008-05-14 23:00:00,11982.347
2008-05-15 00:00:00,11982.699
2008-05-15 01:00:00,11983.17
2008-05-15 02:00:00,11983.756
2008-05-15 03:00:00,11984.342
2008-05-15 04:00:00,11984.928
2008-05-15 05:00:00,11985.514
2008-05-15 06:00:00,11986.1
2008-05-15 07:00:00,11986.686
2008-05-15 08:00:00,11987.402
2008-05-15 09:00:00,11988.462
2008-05-15 10:00:00,11989.634
2008-05-15 11:00:00,11990.732
2008-05-15 12:00:00,11991.3955
2008-05-15 13:00:00,11991.981
2008-05-15 14:00:00,11992.675
2008-05-15 15:00:00,11994.211
2008-05-15 16:00:00,11995.294
2008-05-15 17:00:00,11995.757
2008-05-15 18:00:00,11996.0
2008-05-15 19:00:00,11996.268
2008-05-15 20:00:00,11996.807
2008-05-15 21:00:00,11997.01
2008-05-15 22:00:00,11997.199
2008-05-15 23:00:00,11997.388
2008-05-16 00:00:00,11998.354
2008-05-16 01:00:00,11998.354
2008-05-16 02:00:00,11998.354
2008-05-16 03:00:00,11998.354
2008-05-16 04:00:00,11998.354
2008-05-16 05:00:00,11998.354
2008-05-16 06:00:00,11998.354
2008-05-16 07:00:00,11998.979
2008-05-16 08:00:00,11999.889
2008-05-16 09:00:00,11997.461
2008-05-16 10:00:00,11997.461
2008-05-16 11:00:00,11997.461
2008-05-16 12:00:00,11997.461
2008-05-16 13:00:00,11997.589
2008-05-16 14:00:00,11997.589
2008-05-16 15:00:00,11997.589
2008-05-16 16:00:00,11997.589
2008-05-16 17:00:00,11997.603
2008-05-16 18:00:00,11997.826
2008-05-16 19:00:00,11998.155
2008-05-16 20:00:00,11998.334
2008-05-16 21:00:00,11998.354
2008-05-16 22:00:00,11998.354
2008-05-16 23:00:00,11998.354
2008-05-17 00:00:00,12002.059
2008-05-17 01:00:00,12002.548
2008-05-17 02:00:00,12002.548
2008-05-17 03:00:00,12002.548
2008-05-17 04:00:00,12002.548
2008-05-17 05:00:00,12002.548
2008-05-17 06:00:00,12002.548
2008-05-17 07:00:00,12002.548
2008-05-17 08:00:00,12002.548
2008-05-17 09:00:00,12002.548
2008-05-17 10:00:00,12002.548
2008-05-17 11:00:00,12002.548
2008-05-17 12:00:00,12002.548
2008-05-17 13:00:00,12002.548
2008-05-17 14:00:00,12003.423
2008-05-17 15:00:00,12003.969
2008-05-17 16:00:00,12004.037
2008-05-17 17:00:00,12004.057
2008-05-17 18:00:00,12005.27
2008-05-17 19:00:00,12005.312
2008-05-17 20:00:00,12005.27
2008-05-17 21:00:00,12005.485
2008-05-17 22:00:00,12005.683
2008-05-17 23:00:00,12005.683
2008-05-18 00:00:00,12005.683
2008-05-18 01:00:00,12005.683
2008-05-18 02:00:00,12005.683
2008-05-18 03:00:00,12005.683
2008-05-18 04:00:00,12005.683
2008-05-18 05:00:00,12005.683
2008-05-18 06:00:00,12005.683
2008-05-18 07:00:00,12005.683
2008-05-18 08:00:00,12005.683
2008-05-18 09:00:00,12005.683
2008-05-18 10:00:00,12005.683
2008-05-18 11:00:00,12005.683
2008-05-18 12:00:00,12005.683
2008-05-18 13:00:00,12005.683
2008-05-18 14:00:00,12006.232
2008-05-18 15:00:00,12006.232
2008-05-18 16:00:00,12006.232
2008-05-18 17:00:00,12006.232
2008-05-18 18:00:00,12006.232
2008-05-18 19:00:00,12006.232
2008-05-18 20:00:00,12006.232
2008-05-18 21:00:00,12006.232
2008-05-18 22:00:00,12006.232
2008-05-18 23:00:00,12006.232
2008-05-19 00:00:00,12010.64
2008-05-19 01:00:00,12009.99
2008-05-19 02:00:00,12010.824
2008-05-19 03:00:00,12011.605
2008-05-19 04:00:00,12012.256
2008-05-19 05:00:00,12006.232
2008-05-19 06:00:00,12006.232
2008-05-19 07:00:00,12006.232
2008-05-19 08:00:00,12006.232
2008-05-19 09:00:00,12006.232
2008-05-19 10:00:00,12006.232
2008-05-19 11:00:00,12006.232
2008-05-19 12:00:00,12006.232
2008-05-19 13:00:00,12006.232
2008-05-19 14:00:00,12006.232
2008-05-19 15:00:00,12006.232
2008-05-19 16:00:00,12006.232
2008-05-19 17:00:00,12006.352
2008-05-19 18:00:00,12007.133
2008-05-19 19:00:00,12007.742
2008-05-19 20:00:00,12008.508
2008-05-19 21:00:00,12008.974
2008-05-19 22:00:00,12008.986
2008-05-19 23:00:00,12009.815
2008-05-20 00:00:00,12012.256
2008-05-20 01:00:00,12012.256
2008-05-20 02:00:00,12012.256
2008-05-20 03:00:00,12012.256
2008-05-20 04:00:00,12012.256
2008-05-20 05:00:00,12012.256
2008-05-20 06:00:00,12012.256
2008-05-20 07:00:00,12012.256
2008-05-20 08:00:00,12012.256
2008-05-20 09:00:00,12012.256
2008-05-20 10:00:00,12012.256
2008-05-20 11:00:00,12012.256
2008-05-20 12:00:00,12012.256
2008-05-20 13:00:00,12012.256
2008-05-20 14:00:00,12012.256
2008-05-20 15:00:00,12012.667
2008-05-20 16:00:00,12013.34
2008-05-20 17:00:00,12013.35
2008-05-20 18:00:00,12013.35
2008-05-20 19:00:00,12013.35
2008-05-20 20:00:00,12013.35
2008-05-20 21:00:00,12013.35
2008-05-20 22:00:00,12013.35
2008-05-20 23:00:00,12013.35
2008-05-21 00:00:00,12013.35
2008-05-21 01:00:00,12013.35
2008-05-21 02:00:00,12013.35
2008-05-21 03:00:00,12013.35
2008-05-21 04:00:00,12013.35
2008-05-21 05:00:00,12013.35
2008-05-21 06:00:00,12013.35
2008-05-21 07:00:00,12013.35
2008-05-21 08:00:00,12013.35
2008-05-21 09:00:00,12013.35
2008-05-21 10:00:00,12013.35
2008-05-21 11:00:00,12013.35
2008-05-21 12:00:00,12013.35
2008-05-21 13:00:00,12013.35
2008-05-21 14:00:00,12013.35
2008-05-21 15:00:00,12013.35
2008-05-21 16:00:00,12013.35
2008-05-21 17:00:00,12013.35
2008-05-21 18:00:00,12013.35
2008-05-21 19:00:00,12013.35
2008-05-21 20:00:00,12013.572
2008-05-21 21:00:00,12013.672
2008-05-21 22:00:00,12013.672
2008-05-21 23:00:00,12013.672
2008-05-22 00:00:00,12013.672
2008-05-22 01:00:00,12014.262
2008-05-22 02:00:00,12014.592
2008-05-22 03:00:00,12014.959
2008-05-22 04:00:00,12014.959
2008-05-22 05:00:00,12014.959
2008-05-22 06:00:00,12014.959
2008-05-22 07:00:00,12014.959
2008-05-22 08:00:00,12014.959
2008-05-22 09:00:00,12014.959
2008-05-22 10:00:00,12014.959
2008-05-22 11:00:00,12014.959
2008-05-22 12:00:00,12014.959
2008-05-22 13:00:00,12014.959
2008-05-22 14:00:00,12014.959
2008-05-22 15:00:00,12014.959
2008-05-22 16:00:00,12014.959
2008-05-22 17:00:00,12014.959
2008-05-22 18:00:00,12014.959
2008-05-22 19:00:00,12014.959
2008-05-22 20:00:00,12014.959
2008-05-22 21:00:00,12014.959
2008-05-22 22:00:00,12014.959
2008-05-22 23:00:00,12014.959
2008-05-23 00:00:00,12014.959
2008-05-23 01:00:00,12014.959
2008-05-23 02:00:00,12014.959
2008-05-23 03:00:00,12014.959
2008-05-23 04:00:00,12014.959
2008-05-23 05:00:00,12014.959
2008-05-23 06:00:00,12014.959
2008-05-23 07:00:00,12014.959
2008-05-23 08:00:00,12014.959
2008-05-23 09:00:00,12015.164
2008-05-23 10:00:00,12015.164
2008-05-23 11:00:00,12015.164
2008-05-23 12:00:00,12015.4
2008-05-23 13:00:00,12015.4
2008-05-23 14:00:00,12015.4
2008-05-23 15:00:00,12015.4
2008-05-23 16:00:00,12015.4
2008-05-23 17:00:00,12015.4
2008-05-23 18:00:00,12015.4
2008-05-23 19:00:00,12015.4
2008-05-23 20:00:00,12015.4
2008-05-23 21:00:00,12015.4
2008-05-23 22:00:00,12015.4
2008-05-23 23:00:00,12014.959
2008-05-24 00:00:00,12015.4
2008-05-24 01:00:00,12015.4
2008-05-24 02:00:00,12015.4
2008-05-24 03:00:00,12015.4
2008-05-24 04:00:00,12015.4
2008-05-24 05:00:00,12015.4
2008-05-24 06:00:00,12015.4
2008-05-24 07:00:00,12015.4
2008-05-24 08:00:00,12015.4
2008-05-24 09:00:00,12015.4
2008-05-24 10:00:00,12015.4
2008-05-24 11:00:00,12015.4
2008-05-24 12:00:00,12015.4
2008-05-24 13:00:00,12015.4
2008-05-24 14:00:00,12015.4
2008-05-24 15:00:00,12015.4
2008-05-24 16:00:00,12015.4
2008-05-24 17:00:00,12015.4
2008-05-24 18:00:00,12015.4
2008-05-24 19:00:00,12015.4
2008-05-24 20:00:00,12015.4
2008-05-24 21:00:00,12015.4
2008-05-24 22:00:00,12015.4
2008-05-24 23:00:00,12015.4
2008-05-25 00:00:00,12015.4
2008-05-25 01:00:00,12015.4
2008-05-25 02:00:00,12015.4
2008-05-25 03:00:00,12015.4
2008-05-25 04:00:00,12015.4
2008-05-25 05:00:00,12015.4
2008-05-25 06:00:00,12015.4
2008-05-25 07:00:00,12015.4
2008-05-25 08:00:00,12015.4
2008-05-25 09:00:00,12015.4
2008-05-25 10:00:00,12015.4
2008-05-25 11:00:00,12015.4
2008-05-25 12:00:00,12015.4
2008-05-25 13:00:00,12015.4
2008-05-25 14:00:00,12015.4
2008-05-25 15:00:00,12015.4
2008-05-25 16:00:00,12015.4
2008-05-25 17:00:00,12015.4
2008-05-25 18:00:00,12015.4
2008-05-25 19:00:00,12015.4
2008-05-25 20:00:00,12015.4
2008-05-25 21:00:00,12015.4
2008-05-25 22:00:00,12015.4
2008-05-25 23:00:00,12015.4
2008-05-26 00:00:00,12015.4
2008-05-26 01:00:00,12015.4
2008-05-26 02:00:00,12015.4
2008-05-26 03:00:00,12015.4
2008-05-26 04:00:00,12015.4
2008-05-26 05:00:00,12015.4
2008-05-26 06:00:00,12015.4
2008-05-26 07:00:00,12015.4
2008-05-26 08:00:00,12015.4
2008-05-26 09:00:00,12015.4
2008-05-26 10:00:00,12015.4
2008-05-26 11:00:00,12015.4
2008-05-26 12:00:00,12015.4
2008-05-26 13:00:00,12015.4
2008-05-26 14:00:00,12015.4
2008-05-26 15:00:00,12015.4
2008-05-26 16:00:00,12015.4
2008-05-26 17:00:00,12015.4
2008-05-26 18:00:00,12015.4
2008-05-26 19:00:00,12015.4
2008-05-26 20:00:00,12015.4
2008-05-26 21:00:00,12015.4
2008-05-26 22:00:00,12015.4
2008-05-26 23:00:00,12015.4
2008-05-27 00:00:00,12015.4
2008-05-27 01:00:00,12015.4
2008-05-27 02:00:00,12015.4
2008-05-27 03:00:00,12015.4
2008-05-27 04:00:00,12015.4
2008-05-27 05:00:00,12015.4
2008-05-27 06:00:00,12015.4
2008-05-27 07:00:00,12015.4
2008-05-27 08:00:00,12015.4
2008-05-27 09:00:00,12015.4
2008-05-27 10:00:00,12015.4
2008-05-27 11:00:00,12015.4
2008-05-27 12:00:00,12015.4
2008-05-27 13:00:00,12015.4
2008-05-27 14:00:00,12015.4
2008-05-27 15:00:00,12015.4
2008-05-27 16:00:00,12015.4
2008-05-27 17:00:00,12015.4
2008-05-27 18:00:00,12015.4
2008-05-27 19:00:00,12015.4
2008-05-27 20:00:00,12015.4
2008-05-27 21:00:00,12015.4
2008-05-27 22:00:00,12015.4
2008-05-27 23:00:00,12015.4
2008-05-28 00:00:00,12015.4
2008-05-28 01:00:00,12015.4
2008-05-28 02:00:00,12015.4
2008-05-28 03:00:00,12015.4
2008-05-28 04:00:00,12015.4
2008-05-28 05:00:00,12015.4
2008-05-28 06:00:00,12015.4
2008-05-28 07:00:00,12015.4
2008-05-28 08:00:00,12015.4
2008-05-28 09:00:00,12015.4
2008-05-28 10:00:00,12015.4
2008-05-28 11:00:00,12015.4
2008-05-28 12:00:00,12015.4
2008-05-28 13:00:00,12015.4
2008-05-28 14:00:00,12015.4
2008-05-28 15:00:00,12015.4
2008-05-28 16:00:00,12015.4
2008-05-28 17:00:00,12015.4
2008-05-28 18:00:00,12015.4
2008-05-28 19:00:00,12015.4
2008-05-28 20:00:00,12015.4
2008-05-28 21:00:00,12015.4
2008-05-28 22:00:00,12015.4
2008-05-28 23:00:00,12015.4
2008-05-29 00:00:00,12015.4
2008-05-29 01:00:00,12015.4
2008-05-29 02:00:00,12015.4
2008-05-29 03:00:00,12015.4
2008-05-29 04:00:00,12015.4
2008-05-29 05:00:00,12015.4
2008-05-29 06:00:00,12015.4
2008-05-29 07:00:00,12015.4
2008-05-29 08:00:00,12015.4
2008-05-29 09:00:00,12015.4
2008-05-29 10:00:00,12015.4
2008-05-29 11:00:00,12015.4
2008-05-29 12:00:00,12015.4
2008-05-29 13:00:00,12015.4
2008-05-29 14:00:00,12015.4
2008-05-29 15:00:00,12015.4
2008-05-29 16:00:00,12015.4
2008-05-29 17:00:00,12015.4
2008-05-29 18:00:00,12015.4
2008-05-29 19:00:00,12015.4
2008-05-29 20:00:00,12015.4
2008-05-29 21:00:00,12015.4
2008-05-29 22:00:00,12015.4
2008-05-29 23:00:00,12015.4
2008-05-30 00:00:00,12015.4
2008-05-30 01:00:00,12015.4
2008-05-30 02:00:00,12015.4
2008-05-30 03:00:00,12015.4
2008-05-30 04:00:00,12015.4
2008-05-30 05:00:00,12015.4
2008-05-30 06:00:00,12015.4
2008-05-30 07:00:00,12015.4
2008-05-30 08:00:00,12015.4
2008-05-30 09:00:00,12015.4
2008-05-30 10:00:00,12015.4
2008-05-30 11:00:00,12015.4
2008-05-30 12:00:00,12015.4
2008-05-30 13:00:00,12015.4
2008-05-30 14:00:00,12015.4
2008-05-30 15:00:00,12015.4
2008-05-30 16:00:00,12015.4
2008-05-30 17:00:00,12015.4
2008-05-30 18:00:00,12015.4
2008-05-30 19:00:00,12015.4
2008-05-30 20:00:00,12015.4
2008-05-30 21:00:00,12015.4
2008-05-30 22:00:00,12015.4
2008-05-30 23:00:00,12015.4
2008-05-31 00:00:00,12015.4
2008-05-31 01:00:00,12015.4
2008-05-31 02:00:00,12015.4
2008-05-31 03:00:00,12015.4
2008-05-31 04:00:00,12015.4
2008-05-31 05:00:00,12015.4
2008-05-31 06:00:00,12015.4
2008-05-31 07:00:00,12015.4
2008-05-31 08:00:00,12015.4
2008-05-31 09:00:00,12015.4
2008-05-31 10:00:00,12015.4
2008-05-31 11:00:00,12015.4
2008-05-31 12:00:00,12015.4
2008-05-31 13:00:00,12015.4
2008-05-31 14:00:00,12015.4
2008-05-31 15:00:00,12015.4
2008-05-31 16:00:00,12015.4
2008-05-31 17:00:00,12015.4
2008-05-31 18:00:00,12015.4
2008-05-31 19:00:00,12015.4
2008-05-31 20:00:00,12015.4
2008-05-31 21:00:00,12015.4
2008-05-31 22:00:00,12015.4
2008-05-31 23:00:00,12015.4
2008-06-01 00:00:00,12015.4
2008-06-01 01:00:00,12015.4
2008-06-01 02:00:00,12015.4
2008-06-01 03:00:00,12015.4
2008-06-01 04:00:00,12015.4
2008-06-01 05:00:00,12015.4
2008-06-01 06:00:00,12015.4
2008-06-01 07:00:00,12015.4
2008-06-01 08:00:00,12015.4
2008-06-01 09:00:00,12015.4
2008-06-01 10:00:00,12015.4
2008-06-01 11:00:00,12015.4
2008-06-01 12:00:00,12015.4
2008-06-01 13:00:00,12015.4
2008-06-01 14:00:00,12015.4
2008-06-01 15:00:00,12015.4
2008-06-01 16:00:00,12015.4
2008-06-01 17:00:00,12015.4
2008-06-01 18:00:00,12015.4
2008-06-01 19:00:00,12015.4
2008-06-01 20:00:00,12015.4
2008-06-01 21:00:00,12015.4
2008-06-01 22:00:00,12015.4
2008-06-01 23:00:00,12015.4
2008-06-02 00:00:00,12015.4
2008-06-02 01:00:00,12015.4
2008-06-02 02:00:00,12015.4
2008-06-02 03:00:00,12015.4
2008-06-02 04:00:00,12015.4
2008-06-02 05:00:00,12015.4
2008-06-02 06:00:00,12015.4
2008-06-02 07:00:00,12015.4
2008-06-02 08:00:00,12015.4
2008-06-02 09:00:00,12015.4
2008-06-02 10:00:00,12015.4
2008-06-02 11:00:00,12015.4
2008-06-02 12:00:00,12015.4
2008-06-02 13:00:00,12015.4
2008-06-02 14:00:00,12015.4
2008-06-02 15:00:00,12015.4
2008-06-02 16:00:00,12015.4
2008-06-02 17:00:00,12015.4
2008-06-02 18:00:00,12015.4
2008-06-02 19:00:00,12015.4
2008-06-02 20:00:00,12015.4
2008-06-02 21:00:00,12015.4
2008-06-02 22:00:00,12015.4
2008-06-02 23:00:00,12015.4
2008-06-03 00:00:00,12015.4
2008-06-03 01:00:00,12015.4
2008-06-03 02:00:00,12015.4
2008-06-03 03:00:00,12015.4
2008-06-03 04:00:00,12015.4
2008-06-03 05:00:00,12015.4
2008-06-03 06:00:00,12015.4
2008-06-03 07:00:00,12015.4
2008-06-03 08:00:00,12015.4
2008-06-03 09:00:00,12015.4
2008-06-03 10:00:00,12015.4
2008-06-03 11:00:00,12015.4
2008-06-03 12:00:00,12015.4
2008-06-03 13:00:00,12015.4
2008-06-03 14:00:00,12015.4
2008-06-03 15:00:00,12015.4
2008-06-03 16:00:00,12015.4
2008-06-03 17:00:00,12015.4
2008-06-03 18:00:00,12015.4
2008-06-03 19:00:00,12015.4
2008-06-03 20:00:00,12015.4
2008-06-03 21:00:00,12015.4
2008-06-03 22:00:00,12015.4
2008-06-03 23:00:00,12015.4
2008-06-04 00:00:00,12015.4
2008-06-04 01:00:00,12015.4
2008-06-04 02:00:00,12015.4
2008-06-04 03:00:00,12015.4
2008-06-04 04:00:00,12015.4
2008-06-04 05:00:00,12015.4
2008-06-04 06:00:00,12015.4
2008-06-04 07:00:00,12015.4
2008-06-04 08:00:00,12015.4
2008-06-04 09:00:00,12015.4
2008-06-04 10:00:00,12015.4
2008-06-04 11:00:00,12015.4
2008-06-04 12:00:00,12015.4
2008-06-04 13:00:00,12015.4
2008-06-04 14:00:00,12015.4
2008-06-04 15:00:00,12015.4
2008-06-04 16:00:00,12015.4
2008-06-04 17:00:00,12015.4
2008-06-04 18:00:00,12015.4
2008-06-04 19:00:00,12015.4
2008-06-04 20:00:00,12015.4
2008-06-04 21:00:00,12015.4
2008-06-04 22:00:00,12015.4
2008-06-04 23:00:00,12015.4
2008-06-05 00:00:00,12015.4
2008-06-05 01:00:00,12015.4
2008-06-05 02:00:00,12015.4
2008-06-05 03:00:00,12015.4
2008-06-05 04:00:00,12015.4
2008-06-05 05:00:00,12015.4
2008-06-05 06:00:00,12015.4
2008-06-05 07:00:00,12015.4
2008-06-05 08:00:00,12015.4
2008-06-05 09:00:00,12015.4
2008-06-05 10:00:00,12015.4
2008-06-05 11:00:00,12015.4
2008-06-05 12:00:00,12015.4
2008-06-05 13:00:00,12015.4
2008-06-05 14:00:00,12015.4
2008-06-05 15:00:00,12015.4
2008-06-05 16:00:00,12015.4
2008-06-05 17:00:00,12015.4
2008-06-05 18:00:00,12015.4
2008-06-05 19:00:00,12015.4
2008-06-05 20:00:00,12015.4
2008-06-05 21:00:00,12015.4
2008-06-05 22:00:00,12015.4
2008-06-05 23:00:00,12015.4
2008-06-06 00:00:00,12015.4
2008-06-06 01:00:00,12015.4
2008-06-06 02:00:00,12015.4
2008-06-06 03:00:00,12015.4
2008-06-06 04:00:00,12015.4
2008-06-06 05:00:00,12015.4
2008-06-06 06:00:00,12015.4
2008-06-06 07:00:00,12015.4
2008-06-06 08:00:00,12015.4
2008-06-06 09:00:00,12015.4
2008-06-06 10:00:00,12015.4
2008-06-06 11:00:00,12015.4
2008-06-06 12:00:00,12015.4
2008-06-06 13:00:00,12015.4
2008-06-06 14:00:00,12015.4
2008-06-06 15:00:00,12015.4
2008-06-06 16:00:00,12015.4
2008-06-06 17:00:00,12015.4
2008-06-06 18:00:00,12015.4
2008-06-06 19:00:00,12015.4
2008-06-06 20:00:00,12015.4
2008-06-06 21:00:00,12015.4
2008-06-06 22:00:00,12015.4
2008-06-06 23:00:00,12015.4
2008-06-07 00:00:00,12015.4
2008-06-07 01:00:00,12015.4
2008-06-07 02:00:00,12015.4
2008-06-07 03:00:00,12015.4
2008-06-07 04:00:00,12015.4
2008-06-07 05:00:00,12015.4
2008-06-07 06:00:00,12015.4
2008-06-07 07:00:00,12015.4
2008-06-07 08:00:00,12015.4
2008-06-07 09:00:00,12015.4
2008-06-07 10:00:00,12015.4
2008-06-07 11:00:00,12015.4
2008-06-07 12:00:00,12015.4
2008-06-07 13:00:00,12015.4
2008-06-07 14:00:00,12015.4
2008-06-07 15:00:00,12015.4
2008-06-07 16:00:00,12015.4
2008-06-07 17:00:00,12015.4
2008-06-07 18:00:00,12015.4
2008-06-07 19:00:00,12015.4
2008-06-07 20:00:00,12015.4
2008-06-07 21:00:00,12015.4
2008-06-07 22:00:00,12015.4
2008-06-07 23:00:00,12015.4
2008-06-08 00:00:00,12015.4
2008-06-08 01:00:00,12015.4
2008-06-08 02:00:00,12015.4
2008-06-08 03:00:00,12015.4
2008-06-08 04:00:00,12015.4
2008-06-08 05:00:00,12015.4
2008-06-08 06:00:00,12015.4
2008-06-08 07:00:00,12015.4
2008-06-08 08:00:00,12015.449
2008-06-08 09:00:00,12016.164
2008-06-08 10:00:00,12020.191
2008-06-08 11:00:00,12020.984
2008-06-08 12:00:00,12022.248
2008-06-08 13:00:00,12023.855
2008-06-08 14:00:00,12024.4795
2008-06-08 15:00:00,12024.511
2008-06-08 16:00:00,12024.511
2008-06-08 17:00:00,12024.511
2008-06-08 18:00:00,12024.511
2008-06-08 19:00:00,12015.4
2008-06-08 20:00:00,12015.4
2008-06-08 21:00:00,12015.4
2008-06-08 22:00:00,12015.4
2008-06-08 23:00:00,12015.4
2008-06-09 00:00:00,12037.3
2008-06-09 01:00:00,12038.319
2008-06-09 02:00:00,12039.456
2008-06-09 03:00:00,12040.629
2008-06-09 04:00:00,12042.126
2008-06-09 05:00:00,12035.967
2008-06-09 06:00:00,12024.511
2008-06-09 07:00:00,12024.511
2008-06-09 08:00:00,12024.511
2008-06-09 09:00:00,12024.511
2008-06-09 10:00:00,12024.511
2008-06-09 11:00:00,12025.294
2008-06-09 12:00:00,12026.431
2008-06-09 13:00:00,12027.954
2008-06-09 14:00:00,12028.567
2008-06-09 15:00:00,12028.911
2008-06-09 16:00:00,12029.993
2008-06-09 17:00:00,12031.387
2008-06-09 18:00:00,12032.474
2008-06-09 19:00:00,12032.863
2008-06-09 20:00:00,12032.863
2008-06-09 21:00:00,12032.863
2008-06-09 22:00:00,12033.215
2008-06-09 23:00:00,12035.11
2008-06-10 00:00:00,12043.31
2008-06-10 01:00:00,12044.793
2008-06-10 02:00:00,12047.237
2008-06-10 03:00:00,12048.86
2008-06-10 04:00:00,12049.413
2008-06-10 05:00:00,12051.521
2008-06-10 06:00:00,12056.249
2008-06-10 07:00:00,12060.539
2008-06-10 08:00:00,12064.027
2008-06-10 09:00:00,12067.066
2008-06-10 10:00:00,12070.172
2008-06-10 11:00:00,12076.591
2008-06-10 12:00:00,12081.826
2008-06-10 13:00:00,12086.705
2008-06-10 14:00:00,12091.785
2008-06-10 15:00:00,12093.704
2008-06-10 16:00:00,12093.977
2008-06-10 17:00:00,12093.977
2008-06-10 18:00:00,12094.759
2008-06-10 19:00:00,12097.426
2008-06-10 20:00:00,12099.72
2008-06-10 21:00:00,12101.318
2008-06-10 22:00:00,12106.18
2008-06-10 23:00:00,12109.852
2008-06-11 00:00:00,12144.852
2008-06-11 01:00:00,12144.616
2008-06-11 02:00:00,12145.991
2008-06-11 03:00:00,12146.048
2008-06-11 04:00:00,12146.048
2008-06-11 05:00:00,12146.048
2008-06-11 06:00:00,12146.048
2008-06-11 07:00:00,12146.191
2008-06-11 08:00:00,12146.699
2008-06-11 09:00:00,12111.737
2008-06-11 10:00:00,12114.197
2008-06-11 11:00:00,12118.816
2008-06-11 12:00:00,12123.406
2008-06-11 13:00:00,12125.752
2008-06-11 14:00:00,12127.015
2008-06-11 15:00:00,12128.073
2008-06-11 16:00:00,12129.771
2008-06-11 17:00:00,12131.7
2008-06-11 18:00:00,12134.055
2008-06-11 19:00:00,12135.796
2008-06-11 20:00:00,12137.829
2008-06-11 21:00:00,12141.3545
2008-06-11 22:00:00,12142.831
2008-06-11 23:00:00,12143.524
2008-06-12 00:00:00,12146.699
2008-06-12 01:00:00,12147.02
2008-06-12 02:00:00,12147.404
2008-06-12 03:00:00,12147.404
2008-06-12 04:00:00,12147.442
2008-06-12 05:00:00,12147.805
2008-06-12 06:00:00,12147.805
2008-06-12 07:00:00,12147.963
2008-06-12 08:00:00,12148.113
2008-06-12 09:00:00,12148.566
2008-06-12 10:00:00,12148.663
2008-06-12 11:00:00,12148.663
2008-06-12 12:00:00,12148.772
2008-06-12 13:00:00,12149.065
2008-06-12 14:00:00,12149.267
2008-06-12 15:00:00,12149.737
2008-06-12 16:00:00,12150.097
2008-06-12 17:00:00,12149.769
2008-06-12 18:00:00,12150.392
2008-06-12 19:00:00,12150.823
2008-06-12 20:00:00,12150.823
2008-06-12 21:00:00,12150.823
2008-06-12 22:00:00,12150.823
2008-06-12 23:00:00,12150.823
2008-06-13 00:00:00,12151.199
2008-06-13 01:00:00,12150.823
2008-06-13 02:00:00,12150.936
2008-06-13 03:00:00,12150.956
2008-06-13 04:00:00,12151.199
2008-06-13 05:00:00,12151.199
2008-06-13 06:00:00,12151.199
2008-06-13 07:00:00,12151.199
2008-06-13 08:00:00,12151.199
2008-06-13 09:00:00,12151.199
2008-06-13 10:00:00,12151.199
2008-06-13 11:00:00,12151.199
2008-06-13 12:00:00,12151.199
2008-06-13 13:00:00,12151.199
2008-06-13 14:00:00,12151.199
2008-06-13 15:00:00,12151.199
2008-06-13 16:00:00,12151.199
2008-06-13 17:00:00,12151.199
2008-06-13 18:00:00,12151.199
2008-06-13 19:00:00,12151.199
2008-06-13 20:00:00,12151.199
2008-06-13 21:00:00,12151.199
2008-06-13 22:00:00,12151.199
2008-06-13 23:00:00,12151.199
2008-06-14 00:00:00,12161.394
2008-06-14 01:00:00,12161.394
2008-06-14 02:00:00,12161.394
2008-06-14 03:00:00,12161.394
2008-06-14 04:00:00,12161.394
2008-06-14 05:00:00,12151.199
2008-06-14 06:00:00,12151.199
2008-06-14 07:00:00,12151.53
2008-06-14 08:00:00,12151.815
2008-06-14 09:00:00,12152.597
2008-06-14 10:00:00,12152.775
2008-06-14 11:00:00,12153.018
2008-06-14 12:00:00,12153.828
2008-06-14 13:00:00,12154.902
2008-06-14 14:00:00,12155.772
2008-06-14 15:00:00,12157.152
2008-06-14 16:00:00,12157.825
2008-06-14 17:00:00,12158.876
2008-06-14 18:00:00,12160.542
2008-06-14 19:00:00,12161.394
2008-06-14 20:00:00,12161.394
2008-06-14 21:00:00,12161.394
2008-06-14 22:00:00,12161.394
2008-06-14 23:00:00,12161.394
2008-06-15 00:00:00,12161.394
2008-06-15 01:00:00,12161.394
2008-06-15 02:00:00,12161.394
2008-06-15 03:00:00,12161.394
2008-06-15 04:00:00,12161.394
2008-06-15 05:00:00,12161.394
2008-06-15 06:00:00,12161.394
2008-06-15 07:00:00,12161.394
2008-06-15 08:00:00,12161.394
2008-06-15 09:00:00,12161.394
2008-06-15 10:00:00,12161.394
2008-06-15 11:00:00,12161.394
2008-06-15 12:00:00,12161.394
2008-06-15 13:00:00,12161.394
2008-06-15 14:00:00,12161.394
2008-06-15 15:00:00,12161.394
2008-06-15 16:00:00,12161.394
2008-06-15 17:00:00,12161.394
2008-06-15 18:00:00,12161.394
2008-06-15 19:00:00,12161.394
2008-06-15 20:00:00,12161.394
2008-06-15 21:00:00,12161.394
2008-06-15 22:00:00,12161.394
2008-06-15 23:00:00,12161.394
2008-06-16 00:00:00,12161.394
2008-06-16 01:00:00,12161.394
2008-06-16 02:00:00,12161.394
2008-06-16 03:00:00,12161.394
2008-06-16 04:00:00,12161.394
2008-06-16 05:00:00,12161.394
2008-06-16 06:00:00,12161.394
2008-06-16 07:00:00,12161.394
2008-06-16 08:00:00,12161.394
2008-06-16 09:00:00,12161.394
2008-06-16 10:00:00,12161.394
2008-06-16 11:00:00,12161.394
2008-06-16 12:00:00,12161.394
2008-06-16 13:00:00,12161.394
2008-06-16 14:00:00,12161.394
2008-06-16 15:00:00,12161.394
2008-06-16 16:00:00,12161.394
2008-06-16 17:00:00,12161.394
2008-06-16 18:00:00,12161.394
2008-06-16 19:00:00,12161.394
2008-06-16 20:00:00,12161.394
2008-06-16 21:00:00,12161.394
2008-06-16 22:00:00,12161.394
2008-06-16 23:00:00,12161.394
2008-06-17 00:00:00,12161.394
2008-06-17 01:00:00,12161.394
2008-06-17 02:00:00,12161.394
2008-06-17 03:00:00,12161.394
2008-06-17 04:00:00,12161.394
2008-06-17 05:00:00,12161.394
2008-06-17 06:00:00,12161.394
2008-06-17 07:00:00,12161.394
2008-06-17 08:00:00,12161.394
2008-06-17 09:00:00,12161.394
2008-06-17 10:00:00,12161.394
2008-06-17 11:00:00,12161.394
2008-06-17 12:00:00,12161.394
2008-06-17 13:00:00,12161.394
2008-06-17 14:00:00,12161.394
2008-06-17 15:00:00,12161.394
2008-06-17 16:00:00,12161.97
2008-06-17 17:00:00,12162.002
2008-06-17 18:00:00,12162.002
2008-06-17 19:00:00,12162.002
2008-06-17 20:00:00,12162.002
2008-06-17 21:00:00,12162.002
2008-06-17 22:00:00,12162.002
2008-06-17 23:00:00,12162.002
2008-06-18 00:00:00,12162.002
2008-06-18 01:00:00,12162.002
2008-06-18 02:00:00,12162.002
2008-06-18 03:00:00,12162.002
2008-06-18 04:00:00,12162.002
2008-06-18 05:00:00,12162.002
2008-06-18 06:00:00,12162.002
2008-06-18 07:00:00,12162.002
2008-06-18 08:00:00,12162.002
2008-06-18 09:00:00,12162.002
2008-06-18 10:00:00,12162.002
2008-06-18 11:00:00,12162.002
2008-06-18 12:00:00,12162.002
2008-06-18 13:00:00,12162.35
2008-06-18 14:00:00,12163.227
2008-06-18 15:00:00,12163.944
2008-06-18 16:00:00,12164.657
2008-06-18 17:00:00,12165.028
2008-06-18 18:00:00,12165.955
2008-06-18 19:00:00,12166.219
2008-06-18 20:00:00,12168.374
2008-06-18 21:00:00,12168.374
2008-06-18 22:00:00,12168.381
2008-06-18 23:00:00,12168.894
2008-06-19 00:00:00,12179.501
2008-06-19 01:00:00,12168.966
2008-06-19 02:00:00,12168.966
2008-06-19 03:00:00,12168.966
2008-06-19 04:00:00,12168.966
2008-06-19 05:00:00,12168.966
2008-06-19 06:00:00,12168.966
2008-06-19 07:00:00,12168.966
2008-06-19 08:00:00,12169.384
2008-06-19 09:00:00,12170.156
2008-06-19 10:00:00,12171.08
2008-06-19 11:00:00,12172.591
2008-06-19 12:00:00,12174.835
2008-06-19 13:00:00,12177.143
2008-06-19 14:00:00,12183.412
2008-06-19 15:00:00,12188.553
2008-06-19 16:00:00,12193.1455
2008-06-19 17:00:00,12197.927
2008-06-19 18:00:00,12202.712
2008-06-19 19:00:00,12205.067
2008-06-19 20:00:00,12206.412
2008-06-19 21:00:00,12207.248
2008-06-19 22:00:00,12207.248
2008-06-19 23:00:00,12207.248
2008-06-20 00:00:00,12207.32
2008-06-20 01:00:00,12207.32
2008-06-20 02:00:00,12207.44
2008-06-20 03:00:00,12207.503
2008-06-20 04:00:00,12208.398
2008-06-20 05:00:00,12208.824
2008-06-20 06:00:00,12210.476
2008-06-20 07:00:00,12212.494
2008-06-20 08:00:00,12215.707
2008-06-20 09:00:00,12218.498
2008-06-20 10:00:00,12222.564
2008-06-20 11:00:00,12223.264
2008-06-20 12:00:00,12224.363
2008-06-20 13:00:00,12226.293
2008-06-20 14:00:00,12229.362
2008-06-20 15:00:00,12233.237
2008-06-20 16:00:00,12236.085
2008-06-20 17:00:00,12238.81
2008-06-20 18:00:00,12241.221
2008-06-20 19:00:00,12242.947
2008-06-20 20:00:00,12243.035
2008-06-20 21:00:00,12245.44
2008-06-20 22:00:00,12246.514
2008-06-20 23:00:00,12249.986
2008-06-21 00:00:00,12263.815
2008-06-21 01:00:00,12261.37
2008-06-21 02:00:00,12266.389
2008-06-21 03:00:00,12269.356
2008-06-21 04:00:00,12272.405
2008-06-21 05:00:00,12275.171
2008-06-21 06:00:00,12280.158
2008-06-21 07:00:00,12284.698
2008-06-21 08:00:00,12288.266
2008-06-21 09:00:00,12288.611
2008-06-21 10:00:00,12289.36
2008-06-21 11:00:00,12290.027
2008-06-21 12:00:00,12291.302
2008-06-21 13:00:00,12291.972
2008-06-21 14:00:00,12292.956
2008-06-21 15:00:00,12295.02
2008-06-21 16:00:00,12296.179
2008-06-21 17:00:00,12296.179
2008-06-21 18:00:00,12296.323
2008-06-21 19:00:00,12252.536
2008-06-21 20:00:00,12253.337
2008-06-21 21:00:00,12254.504
2008-06-21 22:00:00,12255.479
2008-06-21 23:00:00,12257.538
2008-06-22 00:00:00,12303.042
2008-06-22 01:00:00,12303.091
2008-06-22 02:00:00,12303.091
2008-06-22 03:00:00,12303.091
2008-06-22 04:00:00,12303.091
2008-06-22 05:00:00,12301.433
2008-06-22 06:00:00,12296.99
2008-06-22 07:00:00,12297.21
2008-06-22 08:00:00,12297.21
2008-06-22 09:00:00,12297.21
2008-06-22 10:00:00,12297.21
2008-06-22 11:00:00,12297.21
2008-06-22 12:00:00,12297.21
2008-06-22 13:00:00,12297.21
2008-06-22 14:00:00,12297.21
2008-06-22 15:00:00,12297.21
2008-06-22 16:00:00,12297.21
2008-06-22 17:00:00,12297.21
2008-06-22 18:00:00,12297.21
2008-06-22 19:00:00,12297.21
2008-06-22 20:00:00,12297.21
2008-06-22 21:00:00,12297.484
2008-06-22 22:00:00,12299.044
2008-06-22 23:00:00,12300.266
2008-06-23 00:00:00,12303.091
2008-06-23 01:00:00,12304.347
2008-06-23 02:00:00,12305.295
2008-06-23 03:00:00,12305.881
2008-06-23 04:00:00,12306.467
2008-06-23 05:00:00,12307.053
2008-06-23 06:00:00,12307.463
2008-06-23 07:00:00,12307.463
2008-06-23 08:00:00,12308.034
2008-06-23 09:00:00,12308.034
2008-06-23 10:00:00,12308.034
2008-06-23 11:00:00,12308.094
2008-06-23 12:00:00,12308.261
2008-06-23 13:00:00,12308.404
2008-06-23 14:00:00,12308.404
2008-06-23 15:00:00,12308.555
2008-06-23 16:00:00,12309.1875
2008-06-23 17:00:00,12309.1875
2008-06-23 18:00:00,12309.1875
2008-06-23 19:00:00,12309.1875
2008-06-23 20:00:00,12309.495
2008-06-23 21:00:00,12310.236
2008-06-23 22:00:00,12310.408
2008-06-23 23:00:00,12310.519
2008-06-24 00:00:00,12324.488
2008-06-24 01:00:00,12324.56
2008-06-24 02:00:00,12324.725
2008-06-24 03:00:00,12324.785
2008-06-24 04:00:00,12324.909
2008-06-24 05:00:00,12324.909
2008-06-24 06:00:00,12324.929
2008-06-24 07:00:00,12324.952
2008-06-24 08:00:00,12325.009
2008-06-24 09:00:00,12325.083
2008-06-24 10:00:00,12310.996
2008-06-24 11:00:00,12311.457
2008-06-24 12:00:00,12312.836
2008-06-24 13:00:00,12313.347
2008-06-24 14:00:00,12314.138
2008-06-24 15:00:00,12314.488
2008-06-24 16:00:00,12314.818
2008-06-24 17:00:00,12315.132
2008-06-24 18:00:00,12315.825
2008-06-24 19:00:00,12317.164
2008-06-24 20:00:00,12319.035
2008-06-24 21:00:00,12322.67
2008-06-24 22:00:00,12324.367
2008-06-24 23:00:00,12324.488
2008-06-25 00:00:00,12325.458
2008-06-25 01:00:00,12326.295
2008-06-25 02:00:00,12327.366
2008-06-25 03:00:00,12327.547
2008-06-25 04:00:00,12327.65
2008-06-25 05:00:00,12327.65
2008-06-25 06:00:00,12327.65
2008-06-25 07:00:00,12327.65
2008-06-25 08:00:00,12327.65
2008-06-25 09:00:00,12327.65
2008-06-25 10:00:00,12327.65
2008-06-25 11:00:00,12327.65
2008-06-25 12:00:00,12327.65
2008-06-25 13:00:00,12327.65
2008-06-25 14:00:00,12327.65
2008-06-25 15:00:00,12327.65
2008-06-25 16:00:00,12327.65
2008-06-25 17:00:00,12327.65
2008-06-25 18:00:00,12327.65
2008-06-25 19:00:00,12327.65
2008-06-25 20:00:00,12327.65
2008-06-25 21:00:00,12327.65
2008-06-25 22:00:00,12327.65
2008-06-25 23:00:00,12327.65
2008-06-26 00:00:00,12327.65
2008-06-26 01:00:00,12327.65
2008-06-26 02:00:00,12327.65
2008-06-26 03:00:00,12327.65
2008-06-26 04:00:00,12327.65
2008-06-26 05:00:00,12327.65
2008-06-26 06:00:00,12327.65
2008-06-26 07:00:00,12327.65
2008-06-26 08:00:00,12327.65
2008-06-26 09:00:00,12327.65
2008-06-26 10:00:00,12327.65
2008-06-26 11:00:00,12327.65
2008-06-26 12:00:00,12327.65
2008-06-26 13:00:00,12327.65
2008-06-26 14:00:00,12327.656
2008-06-26 15:00:00,12327.865
2008-06-26 16:00:00,12328.646
2008-06-26 17:00:00,12329.456
2008-06-26 18:00:00,12329.531
2008-06-26 19:00:00,12329.531
2008-06-26 20:00:00,12329.531
2008-06-26 21:00:00,12329.531
2008-06-26 22:00:00,12329.531
2008-06-26 23:00:00,12329.531
2008-06-27 00:00:00,12329.531
2008-06-27 01:00:00,12329.531
2008-06-27 02:00:00,12329.531
2008-06-27 03:00:00,12329.531
2008-06-27 04:00:00,12329.531
2008-06-27 05:00:00,12329.531
2008-06-27 06:00:00,12329.531
2008-06-27 07:00:00,12329.531
2008-06-27 08:00:00,12339.094
2008-06-27 09:00:00,12339.094
2008-06-27 10:00:00,12339.094
2008-06-27 11:00:00,12339.094
2008-06-27 12:00:00,12339.094
2008-06-27 13:00:00,12339.922
2008-06-27 14:00:00,12339.351
2008-06-27 15:00:00,12340.854
2008-06-27 16:00:00,12341.499
2008-06-27 17:00:00,12341.499
2008-06-27 18:00:00,12341.817
2008-06-27 19:00:00,12342.219
2008-06-27 20:00:00,12342.219
2008-06-27 21:00:00,12342.219
2008-06-27 22:00:00,12342.219
2008-06-27 23:00:00,12342.219
2008-06-28 00:00:00,12342.219
2008-06-28 01:00:00,12342.219
2008-06-28 02:00:00,12342.219
2008-06-28 03:00:00,12342.219
2008-06-28 04:00:00,12342.219
2008-06-28 05:00:00,12342.219
2008-06-28 06:00:00,12342.219
2008-06-28 07:00:00,12339.094
2008-06-28 08:00:00,12339.094
2008-06-28 09:00:00,12339.094
2008-06-28 10:00:00,12339.351
2008-06-28 11:00:00,12339.351
2008-06-28 12:00:00,12339.351
2008-06-28 13:00:00,12342.219
2008-06-28 14:00:00,12342.219
2008-06-28 15:00:00,12342.219
2008-06-28 16:00:00,12342.219
2008-06-28 17:00:00,12342.219
2008-06-28 18:00:00,12342.219
2008-06-28 19:00:00,12342.219
2008-06-28 20:00:00,12342.219
2008-06-28 21:00:00,12342.219
2008-06-28 22:00:00,12342.219
2008-06-28 23:00:00,12342.219
2008-06-29 00:00:00,12342.219
2008-06-29 01:00:00,12342.219
2008-06-29 02:00:00,12342.219
2008-06-29 03:00:00,12342.219
2008-06-29 04:00:00,12342.219
2008-06-29 05:00:00,12342.219
2008-06-29 06:00:00,12342.219
2008-06-29 07:00:00,12342.219
2008-06-29 08:00:00,12342.219
2008-06-29 09:00:00,12342.219
2008-06-29 10:00:00,12342.219
2008-06-29 11:00:00,12342.219
2008-06-29 12:00:00,12342.219
2008-06-29 13:00:00,12342.219
2008-06-29 14:00:00,12342.219
2008-06-29 15:00:00,12342.219
2008-06-29 16:00:00,12342.219
2008-06-29 17:00:00,12342.219
2008-06-29 18:00:00,12342.219
2008-06-29 19:00:00,12342.219
2008-06-29 20:00:00,12342.219
2008-06-29 21:00:00,12342.219
2008-06-29 22:00:00,12342.219
2008-06-29 23:00:00,12342.219
2008-06-30 00:00:00,12342.219
2008-06-30 01:00:00,12342.219
2008-06-30 02:00:00,12342.219
2008-06-30 03:00:00,12342.219
2008-06-30 04:00:00,12342.219
2008-06-30 05:00:00,12342.219
2008-06-30 06:00:00,12342.219
2008-06-30 07:00:00,12342.219
2008-06-30 08:00:00,12342.219
2008-06-30 09:00:00,12342.219
2008-06-30 10:00:00,12342.219
2008-06-30 11:00:00,12342.219
2008-06-30 12:00:00,12342.219
2008-06-30 13:00:00,12342.219
2008-06-30 14:00:00,12342.219
2008-06-30 15:00:00,12342.219
2008-06-30 16:00:00,12342.219
2008-06-30 17:00:00,12342.219
2008-06-30 18:00:00,12342.219
2008-06-30 19:00:00,12342.219
2008-06-30 20:00:00,12342.219
2008-06-30 21:00:00,12342.219
2008-06-30 22:00:00,12342.219
2008-06-30 23:00:00,12342.219
2008-07-01 00:00:00,12342.219
2008-07-01 01:00:00,12342.219
2008-07-01 02:00:00,12342.219
2008-07-01 03:00:00,12342.219
2008-07-01 04:00:00,12342.219
2008-07-01 05:00:00,12342.219
2008-07-01 06:00:00,12342.219
2008-07-01 07:00:00,12342.219
2008-07-01 08:00:00,12342.219
2008-07-01 09:00:00,12342.219
2008-07-01 10:00:00,12342.219
2008-07-01 11:00:00,12342.219
2008-07-01 12:00:00,12342.219
2008-07-01 13:00:00,12342.219
2008-07-01 14:00:00,12342.219
2008-07-01 15:00:00,12342.219
2008-07-01 16:00:00,12342.219
2008-07-01 17:00:00,12342.219
2008-07-01 18:00:00,12342.219
2008-07-01 19:00:00,12342.219
2008-07-01 20:00:00,12342.219
2008-07-01 21:00:00,12342.219
2008-07-01 22:00:00,12342.219
2008-07-01 23:00:00,12342.219
2008-07-02 00:00:00,12342.219
2008-07-02 01:00:00,12342.219
2008-07-02 02:00:00,12342.219
2008-07-02 03:00:00,12342.219
2008-07-02 04:00:00,12342.219
2008-07-02 05:00:00,12342.219
2008-07-02 06:00:00,12342.219
2008-07-02 07:00:00,12342.219
2008-07-02 08:00:00,12342.219
2008-07-02 09:00:00,12342.219
2008-07-02 10:00:00,12342.219
2008-07-02 11:00:00,12342.219
2008-07-02 12:00:00,12342.219
2008-07-02 13:00:00,12342.219
2008-07-02 14:00:00,12342.219
2008-07-02 15:00:00,12342.219
2008-07-02 16:00:00,12342.219
2008-07-02 17:00:00,12342.219
2008-07-02 18:00:00,12342.219
2008-07-02 19:00:00,12342.219
2008-07-02 20:00:00,12342.219
2008-07-02 21:00:00,12342.219
2008-07-02 22:00:00,12342.219
2008-07-02 23:00:00,12342.219
2008-07-03 00:00:00,12342.219
2008-07-03 01:00:00,12342.219
2008-07-03 02:00:00,12342.219
2008-07-03 03:00:00,12342.219
2008-07-03 04:00:00,12342.219
2008-07-03 05:00:00,12342.478
2008-07-03 06:00:00,12347.656
2008-07-03 07:00:00,12349.239
2008-07-03 08:00:00,12350.834
2008-07-03 09:00:00,12352.005
2008-07-03 10:00:00,12355.247
2008-07-03 11:00:00,12357.304
2008-07-03 12:00:00,12361.108
2008-07-03 13:00:00,12374.113
2008-07-03 14:00:00,12374.113
2008-07-03 15:00:00,12374.113
2008-07-03 16:00:00,12374.113
2008-07-03 17:00:00,12374.113
2008-07-03 18:00:00,12364.341
2008-07-03 19:00:00,12366.108
2008-07-03 20:00:00,12366.517
2008-07-03 21:00:00,12367.716
2008-07-03 22:00:00,12369.377
2008-07-03 23:00:00,12371.678
2008-07-04 00:00:00,12372.795
2008-07-04 01:00:00,12372.795
2008-07-04 02:00:00,12373.787
2008-07-04 03:00:00,12374.113
2008-07-04 04:00:00,12374.113
2008-07-04 05:00:00,12374.113
2008-07-04 06:00:00,12374.113
2008-07-04 07:00:00,12374.113
2008-07-04 08:00:00,12374.113
2008-07-04 09:00:00,12374.113
2008-07-04 10:00:00,12374.113
2008-07-04 11:00:00,12374.113
2008-07-04 12:00:00,12374.113
2008-07-04 13:00:00,12374.113
2008-07-04 14:00:00,12374.113
2008-07-04 15:00:00,12374.113
2008-07-04 16:00:00,12374.113
2008-07-04 17:00:00,12374.113
2008-07-04 18:00:00,12374.113
2008-07-04 19:00:00,12374.113
2008-07-04 20:00:00,12374.113
2008-07-04 21:00:00,12374.113
2008-07-04 22:00:00,12374.113
2008-07-04 23:00:00,12374.113
2008-07-05 00:00:00,12374.113
2008-07-05 01:00:00,12374.113
2008-07-05 02:00:00,12374.113
2008-07-05 03:00:00,12374.113
2008-07-05 04:00:00,12374.113
2008-07-05 05:00:00,12374.113
2008-07-05 06:00:00,12374.113
2008-07-05 07:00:00,12374.113
2008-07-05 08:00:00,12374.113
2008-07-05 09:00:00,12374.113
2008-07-05 10:00:00,12374.113
2008-07-05 11:00:00,12374.113
2008-07-05 12:00:00,12374.113
2008-07-05 13:00:00,12374.113
2008-07-05 14:00:00,12374.113
2008-07-05 15:00:00,12374.113
2008-07-05 16:00:00,12374.113
2008-07-05 17:00:00,12374.113
2008-07-05 18:00:00,12374.113
2008-07-05 19:00:00,12374.113
2008-07-05 20:00:00,12374.113
2008-07-05 21:00:00,12374.113
2008-07-05 22:00:00,12374.113
2008-07-05 23:00:00,12374.113
2008-07-06 00:00:00,12374.113
2008-07-06 01:00:00,12374.113
2008-07-06 02:00:00,12374.113
2008-07-06 03:00:00,12374.113
2008-07-06 04:00:00,12374.113
2008-07-06 05:00:00,12374.113
2008-07-06 06:00:00,12374.113
2008-07-06 07:00:00,12374.113
2008-07-06 08:00:00,12374.113
2008-07-06 09:00:00,12374.113
2008-07-06 10:00:00,12374.113
2008-07-06 11:00:00,12374.113
2008-07-06 12:00:00,12374.113
2008-07-06 13:00:00,12374.113
2008-07-06 14:00:00,12374.113
2008-07-06 15:00:00,12374.113
2008-07-06 16:00:00,12374.113
2008-07-06 17:00:00,12374.113
2008-07-06 18:00:00,12374.113
2008-07-06 19:00:00,12374.113
2008-07-06 20:00:00,12374.113
2008-07-06 21:00:00,12374.113
2008-07-06 22:00:00,12374.113
2008-07-06 23:00:00,12374.113
2008-07-07 00:00:00,12374.113
2008-07-07 01:00:00,12374.113
2008-07-07 02:00:00,12374.113
2008-07-07 03:00:00,12374.113
2008-07-07 04:00:00,12374.113
2008-07-07 05:00:00,12374.113
2008-07-07 06:00:00,12374.113
2008-07-07 07:00:00,12374.113
2008-07-07 08:00:00,12374.113
2008-07-07 09:00:00,12374.113
2008-07-07 10:00:00,12374.113
2008-07-07 11:00:00,12374.113
2008-07-07 12:00:00,12374.113
2008-07-07 13:00:00,12374.113
2008-07-07 14:00:00,12374.113
2008-07-07 15:00:00,12374.113
2008-07-07 16:00:00,12374.113
2008-07-07 17:00:00,12374.113
2008-07-07 18:00:00,12374.113
2008-07-07 19:00:00,12374.113
2008-07-07 20:00:00,12374.113
2008-07-07 21:00:00,12374.113
2008-07-07 22:00:00,12374.113
2008-07-07 23:00:00,12374.113
2008-07-08 00:00:00,12374.113
2008-07-08 01:00:00,12374.473
2008-07-08 02:00:00,12375.113
2008-07-08 03:00:00,12375.113
2008-07-08 04:00:00,12375.113
2008-07-08 05:00:00,12375.113
2008-07-08 06:00:00,12375.113
2008-07-08 07:00:00,12375.113
2008-07-08 08:00:00,12375.113
2008-07-08 09:00:00,12375.113
2008-07-08 10:00:00,12375.113
2008-07-08 11:00:00,12375.113
2008-07-08 12:00:00,12374.113
2008-07-08 13:00:00,12375.113
2008-07-08 14:00:00,12375.113
2008-07-08 15:00:00,12375.113
2008-07-08 16:00:00,12375.113
2008-07-08 17:00:00,12375.113
2008-07-08 18:00:00,12375.113
2008-07-08 19:00:00,12375.113
2008-07-08 20:00:00,12375.113
2008-07-08 21:00:00,12375.113
2008-07-08 22:00:00,12375.113
2008-07-08 23:00:00,12375.113
2008-07-09 00:00:00,12375.113
2008-07-09 01:00:00,12375.113
2008-07-09 02:00:00,12375.113
2008-07-09 03:00:00,12375.113
2008-07-09 04:00:00,12375.113
2008-07-09 05:00:00,12375.113
2008-07-09 06:00:00,12375.113
2008-07-09 07:00:00,12375.113
2008-07-09 08:00:00,12375.113
2008-07-09 09:00:00,12375.113
2008-07-09 10:00:00,12375.113
2008-07-09 11:00:00,12375.113
2008-07-09 12:00:00,12375.113
2008-07-09 13:00:00,12375.113
2008-07-09 14:00:00,12375.113
2008-07-09 15:00:00,12375.113
2008-07-09 16:00:00,12375.113
2008-07-09 17:00:00,12375.113
2008-07-09 18:00:00,12375.113
2008-07-09 19:00:00,12375.113
2008-07-09 20:00:00,12375.113
2008-07-09 21:00:00,12375.113
2008-07-09 22:00:00,12375.113
2008-07-09 23:00:00,12375.113
2008-07-10 00:00:00,12375.113
2008-07-10 01:00:00,12375.113
2008-07-10 02:00:00,12375.113
2008-07-10 03:00:00,12375.113
2008-07-10 04:00:00,12375.113
2008-07-10 05:00:00,12375.113
2008-07-10 06:00:00,12375.113
2008-07-10 07:00:00,12375.113
2008-07-10 08:00:00,12375.113
2008-07-10 09:00:00,12375.113
2008-07-10 10:00:00,12375.113
2008-07-10 11:00:00,12375.113
2008-07-10 12:00:00,12375.113
2008-07-10 13:00:00,12375.113
2008-07-10 14:00:00,12375.113
2008-07-10 15:00:00,12375.113
2008-07-10 16:00:00,12375.113
2008-07-10 17:00:00,12375.638
2008-07-10 18:00:00,12377.025
2008-07-10 19:00:00,12378.562
2008-07-10 20:00:00,12378.904
2008-07-10 21:00:00,12378.904
2008-07-10 22:00:00,12378.904
2008-07-10 23:00:00,12378.962
2008-07-11 00:00:00,12379.002
2008-07-11 01:00:00,12379.002
2008-07-11 02:00:00,12379.002
2008-07-11 03:00:00,12379.002
2008-07-11 04:00:00,12379.031
2008-07-11 05:00:00,12379.031
2008-07-11 06:00:00,12379.031
2008-07-11 07:00:00,12379.236
2008-07-11 08:00:00,12375.113
2008-07-11 09:00:00,12375.113
2008-07-11 10:00:00,12375.113
2008-07-11 11:00:00,12375.113
2008-07-11 12:00:00,12375.113
2008-07-11 13:00:00,12421.01
2008-07-11 14:00:00,12421.849
2008-07-11 15:00:00,12422.558
2008-07-11 16:00:00,12425.099
2008-07-11 17:00:00,12427.506
2008-07-11 18:00:00,12420.979
2008-07-11 19:00:00,12383.042
2008-07-11 20:00:00,12386.605
2008-07-11 21:00:00,12389.143
2008-07-11 22:00:00,12392.093
2008-07-11 23:00:00,12393.314
2008-07-12 00:00:00,12394.039
2008-07-12 01:00:00,12395.102
2008-07-12 02:00:00,12396.959
2008-07-12 03:00:00,12401.227
2008-07-12 04:00:00,12407.297
2008-07-12 05:00:00,12411.072
2008-07-12 06:00:00,12416.292
2008-07-12 07:00:00,12417.611
2008-07-12 08:00:00,12417.942
2008-07-12 09:00:00,12418.619
2008-07-12 10:00:00,12419.844
2008-07-12 11:00:00,12419.951
2008-07-12 12:00:00,12420.244
2008-07-12 13:00:00,12429.481
2008-07-12 14:00:00,12431.538
2008-07-12 15:00:00,12432.634
2008-07-12 16:00:00,12435.11
2008-07-12 17:00:00,12435.843
2008-07-12 18:00:00,12438.219
2008-07-12 19:00:00,12438.53
2008-07-12 20:00:00,12440.24
2008-07-12 21:00:00,12442.166
2008-07-12 22:00:00,12443.467
2008-07-12 23:00:00,12444.043
2008-07-13 00:00:00,12444.341
2008-07-13 01:00:00,12444.589
2008-07-13 02:00:00,12445.986
2008-07-13 03:00:00,12447.8545
2008-07-13 04:00:00,12449.068
2008-07-13 05:00:00,12449.357
2008-07-13 06:00:00,12451.115
2008-07-13 07:00:00,12453.662
2008-07-13 08:00:00,12453.902
2008-07-13 09:00:00,12455.682
2008-07-13 10:00:00,12456.555
2008-07-13 11:00:00,12458.209
2008-07-13 12:00:00,12459.69
2008-07-13 13:00:00,12468.844
2008-07-13 14:00:00,12468.844
2008-07-13 15:00:00,12468.991
2008-07-13 16:00:00,12468.991
2008-07-13 17:00:00,12469.469
2008-07-13 18:00:00,12469.831
2008-07-13 19:00:00,12469.831
2008-07-13 20:00:00,12469.861
2008-07-13 21:00:00,12469.861
2008-07-13 22:00:00,12461.411
2008-07-13 23:00:00,12462.032
2008-07-14 00:00:00,12463.288
2008-07-14 01:00:00,12463.566
2008-07-14 02:00:00,12464.237
2008-07-14 03:00:00,12465.04
2008-07-14 04:00:00,12465.802
2008-07-14 05:00:00,12466.433
2008-07-14 06:00:00,12467.011
2008-07-14 07:00:00,12467.647
2008-07-14 08:00:00,12467.676
2008-07-14 09:00:00,12467.676
2008-07-14 10:00:00,12468.193
2008-07-14 11:00:00,12468.193
2008-07-14 12:00:00,12468.488
2008-07-14 13:00:00,12469.861
2008-07-14 14:00:00,12469.861
2008-07-14 15:00:00,12469.861
2008-07-14 16:00:00,12469.861
2008-07-14 17:00:00,12469.861
2008-07-14 18:00:00,12469.861
2008-07-14 19:00:00,12469.861
2008-07-14 20:00:00,12469.861
2008-07-14 21:00:00,12469.861
2008-07-14 22:00:00,12469.861
2008-07-14 23:00:00,12469.861
2008-07-15 00:00:00,12469.861
2008-07-15 01:00:00,12469.861
2008-07-15 02:00:00,12469.861
2008-07-15 03:00:00,12469.861
2008-07-15 04:00:00,12469.861
2008-07-15 05:00:00,12469.861
2008-07-15 06:00:00,12469.861
2008-07-15 07:00:00,12469.861
2008-07-15 08:00:00,12469.861
2008-07-15 09:00:00,12469.861
2008-07-15 10:00:00,12469.861
2008-07-15 11:00:00,12469.861
2008-07-15 12:00:00,12469.861
2008-07-15 13:00:00,12469.861
2008-07-15 14:00:00,12469.861
2008-07-15 15:00:00,12469.861
2008-07-15 16:00:00,12469.861
2008-07-15 17:00:00,12469.861
2008-07-15 18:00:00,12469.861
2008-07-15 19:00:00,12469.861
2008-07-15 20:00:00,12470.189
2008-07-15 21:00:00,12470.359
2008-07-15 22:00:00,12470.359
2008-07-15 23:00:00,12470.359
2008-07-16 00:00:00,12470.359
2008-07-16 01:00:00,12470.359
2008-07-16 02:00:00,12470.359
2008-07-16 03:00:00,12470.359
2008-07-16 04:00:00,12470.359
2008-07-16 05:00:00,12470.518
2008-07-16 06:00:00,12470.518
2008-07-16 07:00:00,12470.518
2008-07-16 08:00:00,12470.518
2008-07-16 09:00:00,12470.518
2008-07-16 10:00:00,12470.518
2008-07-16 11:00:00,12470.518
2008-07-16 12:00:00,12470.518
2008-07-16 13:00:00,12478.729
2008-07-16 14:00:00,12478.504
2008-07-16 15:00:00,12478.729
2008-07-16 16:00:00,12478.729
2008-07-16 17:00:00,12478.729
2008-07-16 18:00:00,12470.518
2008-07-16 19:00:00,12470.518
2008-07-16 20:00:00,12471.047
2008-07-16 21:00:00,12471.598
2008-07-16 22:00:00,12472.557
2008-07-16 23:00:00,12473.36
2008-07-17 00:00:00,12473.443
2008-07-17 01:00:00,12474.081
2008-07-17 02:00:00,12474.396
2008-07-17 03:00:00,12474.432
2008-07-17 04:00:00,12474.432
2008-07-17 05:00:00,12474.432
2008-07-17 06:00:00,12474.432
2008-07-17 07:00:00,12474.432
2008-07-17 08:00:00,12475.98
2008-07-17 09:00:00,12476.8545
2008-07-17 10:00:00,12477.538
2008-07-17 11:00:00,12478.444
2008-07-17 12:00:00,12478.504
2008-07-17 13:00:00,12478.729
2008-07-17 14:00:00,12478.729
2008-07-17 15:00:00,12478.729
2008-07-17 16:00:00,12478.729
2008-07-17 17:00:00,12478.729
2008-07-17 18:00:00,12478.729
2008-07-17 19:00:00,12478.729
2008-07-17 20:00:00,12478.729
2008-07-17 21:00:00,12478.729
2008-07-17 22:00:00,12478.729
2008-07-17 23:00:00,12478.729
2008-07-18 00:00:00,12478.729
2008-07-18 01:00:00,12478.729
2008-07-18 02:00:00,12478.729
2008-07-18 03:00:00,12478.729
2008-07-18 04:00:00,12478.729
2008-07-18 05:00:00,12478.729
2008-07-18 06:00:00,12478.729
2008-07-18 07:00:00,12478.729
2008-07-18 08:00:00,12478.729
2008-07-18 09:00:00,12478.729
2008-07-18 10:00:00,12478.729
2008-07-18 11:00:00,12478.729
2008-07-18 12:00:00,12478.729
2008-07-18 13:00:00,12478.729
2008-07-18 14:00:00,12478.729
2008-07-18 15:00:00,12478.729
2008-07-18 16:00:00,12478.729
2008-07-18 17:00:00,12478.729
2008-07-18 18:00:00,12478.729
2008-07-18 19:00:00,12478.729
2008-07-18 20:00:00,12478.729
2008-07-18 21:00:00,12478.729
2008-07-18 22:00:00,12478.729
2008-07-18 23:00:00,12478.729
2008-07-19 00:00:00,12478.729
2008-07-19 01:00:00,12478.729
2008-07-19 02:00:00,12478.729
2008-07-19 03:00:00,12478.729
2008-07-19 04:00:00,12478.729
2008-07-19 05:00:00,12478.729
2008-07-19 06:00:00,12478.729
2008-07-19 07:00:00,12478.729
2008-07-19 08:00:00,12478.729
2008-07-19 09:00:00,12478.729
2008-07-19 10:00:00,12478.729
2008-07-19 11:00:00,12478.729
2008-07-19 12:00:00,12478.729
2008-07-19 13:00:00,12478.729
2008-07-19 14:00:00,12478.729
2008-07-19 15:00:00,12478.729
2008-07-19 16:00:00,12478.729
2008-07-19 17:00:00,12478.729
2008-07-19 18:00:00,12478.729
2008-07-19 19:00:00,12478.729
2008-07-19 20:00:00,12478.729
2008-07-19 21:00:00,12478.729
2008-07-19 22:00:00,12478.729
2008-07-19 23:00:00,12478.88
2008-07-20 00:00:00,12479.302
2008-07-20 01:00:00,12479.302
2008-07-20 02:00:00,12479.302
2008-07-20 03:00:00,12479.302
2008-07-20 04:00:00,12479.302
2008-07-20 05:00:00,12479.302
2008-07-20 06:00:00,12479.302
2008-07-20 07:00:00,12479.302
2008-07-20 08:00:00,12479.302
2008-07-20 09:00:00,12479.302
2008-07-20 10:00:00,12479.302
2008-07-20 11:00:00,12479.302
2008-07-20 12:00:00,12479.302
2008-07-20 13:00:00,12479.302
2008-07-20 14:00:00,12479.302
2008-07-20 15:00:00,12479.302
2008-07-20 16:00:00,12479.302
2008-07-20 17:00:00,12479.302
2008-07-20 18:00:00,12479.302
2008-07-20 19:00:00,12479.302
2008-07-20 20:00:00,12479.302
2008-07-20 21:00:00,12479.302
2008-07-20 22:00:00,12479.302
2008-07-20 23:00:00,12479.302
2008-07-21 00:00:00,12479.302
2008-07-21 01:00:00,12479.302
2008-07-21 02:00:00,12479.302
2008-07-21 03:00:00,12479.302
2008-07-21 04:00:00,12479.302
2008-07-21 05:00:00,12479.302
2008-07-21 06:00:00,12479.302
2008-07-21 07:00:00,12479.302
2008-07-21 08:00:00,12479.302
2008-07-21 09:00:00,12479.302
2008-07-21 10:00:00,12479.302
2008-07-21 11:00:00,12479.302
2008-07-21 12:00:00,12479.302
2008-07-21 13:00:00,12479.302
2008-07-21 14:00:00,12479.302
2008-07-21 15:00:00,12479.302
2008-07-21 16:00:00,12479.302
2008-07-21 17:00:00,12479.302
2008-07-21 18:00:00,12479.302
2008-07-21 19:00:00,12479.302
2008-07-21 20:00:00,12479.302
2008-07-21 21:00:00,12479.302
2008-07-21 22:00:00,12479.302
2008-07-21 23:00:00,12479.302
2008-07-22 00:00:00,12479.302
2008-07-22 01:00:00,12479.302
2008-07-22 02:00:00,12479.302
2008-07-22 03:00:00,12479.302
2008-07-22 04:00:00,12479.302
2008-07-22 05:00:00,12479.302
2008-07-22 06:00:00,12479.302
2008-07-22 07:00:00,12479.302
2008-07-22 08:00:00,12479.302
2008-07-22 09:00:00,12479.302
2008-07-22 10:00:00,12479.302
2008-07-22 11:00:00,12479.302
2008-07-22 12:00:00,12479.302
2008-07-22 13:00:00,12479.302
2008-07-22 14:00:00,12479.302
2008-07-22 15:00:00,12479.302
2008-07-22 16:00:00,12479.302
2008-07-22 17:00:00,12479.302
2008-07-22 18:00:00,12479.302
2008-07-22 19:00:00,12479.302
2008-07-22 20:00:00,12479.302
2008-07-22 21:00:00,12479.302
2008-07-22 22:00:00,12479.302
2008-07-22 23:00:00,12479.302
2008-07-23 00:00:00,12479.302
2008-07-23 01:00:00,12479.302
2008-07-23 02:00:00,12479.302
2008-07-23 03:00:00,12479.302
2008-07-23 04:00:00,12479.302
2008-07-23 05:00:00,12479.302
2008-07-23 06:00:00,12479.302
2008-07-23 07:00:00,12479.302
2008-07-23 08:00:00,12479.302
2008-07-23 09:00:00,12479.302
2008-07-23 10:00:00,12479.302
2008-07-23 11:00:00,12479.302
2008-07-23 12:00:00,12479.302
2008-07-23 13:00:00,12479.302
2008-07-23 14:00:00,12479.302
2008-07-23 15:00:00,12479.302
2008-07-23 16:00:00,12479.302
2008-07-23 17:00:00,12479.302
2008-07-23 18:00:00,12479.302
2008-07-23 19:00:00,12479.302
2008-07-23 20:00:00,12479.302
2008-07-23 21:00:00,12479.302
2008-07-23 22:00:00,12479.302
2008-07-23 23:00:00,12479.302
2008-07-24 00:00:00,12479.302
2008-07-24 01:00:00,12479.302
2008-07-24 02:00:00,12479.302
2008-07-24 03:00:00,12479.302
2008-07-24 04:00:00,12479.302
2008-07-24 05:00:00,12479.302
2008-07-24 06:00:00,12479.302
2008-07-24 07:00:00,12479.302
2008-07-24 08:00:00,12479.302
2008-07-24 09:00:00,12479.302
2008-07-24 10:00:00,12479.302
2008-07-24 11:00:00,12479.302
2008-07-24 12:00:00,12479.302
2008-07-24 13:00:00,12479.302
2008-07-24 14:00:00,12479.302
2008-07-24 15:00:00,12479.302
2008-07-24 16:00:00,12479.302
2008-07-24 17:00:00,12479.302
2008-07-24 18:00:00,12479.302
2008-07-24 19:00:00,12479.302
2008-07-24 20:00:00,12479.302
2008-07-24 21:00:00,12479.302
2008-07-24 22:00:00,12479.302
2008-07-24 23:00:00,12479.302
2008-07-25 00:00:00,12479.302
2008-07-25 01:00:00,12479.302
2008-07-25 02:00:00,12479.302
2008-07-25 03:00:00,12479.302
2008-07-25 04:00:00,12479.302
2008-07-25 05:00:00,12479.302
2008-07-25 06:00:00,12479.302
2008-07-25 07:00:00,12479.302
2008-07-25 08:00:00,12479.302
2008-07-25 09:00:00,12479.302
2008-07-25 10:00:00,12479.302
2008-07-25 11:00:00,12479.302
2008-07-25 12:00:00,12479.302
2008-07-25 13:00:00,12479.302
2008-07-25 14:00:00,12479.302
2008-07-25 15:00:00,12479.302
2008-07-25 16:00:00,12479.302
2008-07-25 17:00:00,12479.302
2008-07-25 18:00:00,12479.302
2008-07-25 19:00:00,12479.302
2008-07-25 20:00:00,12479.302
2008-07-25 21:00:00,12479.302
2008-07-25 22:00:00,12479.302
2008-07-25 23:00:00,12479.302
2008-07-26 00:00:00,12479.302
2008-07-26 01:00:00,12479.302
2008-07-26 02:00:00,12479.302
2008-07-26 03:00:00,12479.302
2008-07-26 04:00:00,12479.302
2008-07-26 05:00:00,12479.302
2008-07-26 06:00:00,12479.302
2008-07-26 07:00:00,12479.302
2008-07-26 08:00:00,12479.302
2008-07-26 09:00:00,12479.302
2008-07-26 10:00:00,12479.302
2008-07-26 11:00:00,12479.302
2008-07-26 12:00:00,12479.302
2008-07-26 13:00:00,12479.302
2008-07-26 14:00:00,12479.302
2008-07-26 15:00:00,12479.302
2008-07-26 16:00:00,12479.302
2008-07-26 17:00:00,12479.302
2008-07-26 18:00:00,12479.302
2008-07-26 19:00:00,12479.302
2008-07-26 20:00:00,12479.302
2008-07-26 21:00:00,12479.302
2008-07-26 22:00:00,12479.302
2008-07-26 23:00:00,12479.302
2008-07-27 00:00:00,12479.302
2008-07-27 01:00:00,12479.302
2008-07-27 02:00:00,12479.302
2008-07-27 03:00:00,12479.302
2008-07-27 04:00:00,12479.302
2008-07-27 05:00:00,12479.302
2008-07-27 06:00:00,12479.302
2008-07-27 07:00:00,12479.302
2008-07-27 08:00:00,12479.302
2008-07-27 09:00:00,12479.302
2008-07-27 10:00:00,12479.302
2008-07-27 11:00:00,12479.302
2008-07-27 12:00:00,12479.302
2008-07-27 13:00:00,12479.302
2008-07-27 14:00:00,12479.302
2008-07-27 15:00:00,12479.302
2008-07-27 16:00:00,12479.302
2008-07-27 17:00:00,12479.302
2008-07-27 18:00:00,12479.302
2008-07-27 19:00:00,12479.302
2008-07-27 20:00:00,12479.302
2008-07-27 21:00:00,12479.302
2008-07-27 22:00:00,12479.302
2008-07-27 23:00:00,12479.302
2008-07-28 00:00:00,12479.302
2008-07-28 01:00:00,12479.302
2008-07-28 02:00:00,12479.302
2008-07-28 03:00:00,12479.302
2008-07-28 04:00:00,12479.302
2008-07-28 05:00:00,12479.302
2008-07-28 06:00:00,12479.302
2008-07-28 07:00:00,12479.302
2008-07-28 08:00:00,12479.302
2008-07-28 09:00:00,12479.302
2008-07-28 10:00:00,12479.302
2008-07-28 11:00:00,12479.302
2008-07-28 12:00:00,12479.302
2008-07-28 13:00:00,12479.302
2008-07-28 14:00:00,12479.302
2008-07-28 15:00:00,12479.302
2008-07-28 16:00:00,12479.302
2008-07-28 17:00:00,12479.302
2008-07-28 18:00:00,12479.302
2008-07-28 19:00:00,12479.302
2008-07-28 20:00:00,12479.302
2008-07-28 21:00:00,12479.302
2008-07-28 22:00:00,12479.302
2008-07-28 23:00:00,12479.302
2008-07-29 00:00:00,12479.302
2008-07-29 01:00:00,12479.302
2008-07-29 02:00:00,12479.302
2008-07-29 03:00:00,12479.302
2008-07-29 04:00:00,12479.302
2008-07-29 05:00:00,12479.302
2008-07-29 06:00:00,12479.302
2008-07-29 07:00:00,12479.302
2008-07-29 08:00:00,12479.302
2008-07-29 09:00:00,12479.302
2008-07-29 10:00:00,12479.302
2008-07-29 11:00:00,12479.302
2008-07-29 12:00:00,12479.302
2008-07-29 13:00:00,12492.263
2008-07-29 14:00:00,12492.263
2008-07-29 15:00:00,12492.263
2008-07-29 16:00:00,12492.263
2008-07-29 17:00:00,12492.263
2008-07-29 18:00:00,12479.302
2008-07-29 19:00:00,12479.302
2008-07-29 20:00:00,12479.302
2008-07-29 21:00:00,12479.302
2008-07-29 22:00:00,12479.302
2008-07-29 23:00:00,12479.302
2008-07-30 00:00:00,12479.302
2008-07-30 01:00:00,12479.302
2008-07-30 02:00:00,12479.302
2008-07-30 03:00:00,12479.506
2008-07-30 04:00:00,12480.122
2008-07-30 05:00:00,12480.831
2008-07-30 06:00:00,12481.15
2008-07-30 07:00:00,12483.554
2008-07-30 08:00:00,12484.756
2008-07-30 09:00:00,12487.906
2008-07-30 10:00:00,12488.777
2008-07-30 11:00:00,12490.222
2008-07-30 12:00:00,12491.021
2008-07-30 13:00:00,12492.263
2008-07-30 14:00:00,12492.263
2008-07-30 15:00:00,12492.263
2008-07-30 16:00:00,12492.263
2008-07-30 17:00:00,12492.263
2008-07-30 18:00:00,12492.263
2008-07-30 19:00:00,12492.263
2008-07-30 20:00:00,12492.323
2008-07-30 21:00:00,12493.98
2008-07-30 22:00:00,12497.372
2008-07-30 23:00:00,12499.222
2008-07-31 00:00:00,12502.051
2008-07-31 01:00:00,12504.152
2008-07-31 02:00:00,12505.499
2008-07-31 03:00:00,12505.499
2008-07-31 04:00:00,12505.499
2008-07-31 05:00:00,12505.719
2008-07-31 06:00:00,12506.452
2008-07-31 07:00:00,12506.452
2008-07-31 08:00:00,12506.452
2008-07-31 09:00:00,12506.452
2008-07-31 10:00:00,12506.452
2008-07-31 11:00:00,12506.452
2008-07-31 12:00:00,12506.452
2008-07-31 13:00:00,12512.016
2008-07-31 14:00:00,12512.016
2008-07-31 15:00:00,12506.452
2008-07-31 16:00:00,12506.452
2008-07-31 17:00:00,12506.452
2008-07-31 18:00:00,12506.524
2008-07-31 19:00:00,12506.524
2008-07-31 20:00:00,12506.524
2008-07-31 21:00:00,12509.556
2008-07-31 22:00:00,12511.232
2008-07-31 23:00:00,12512.016
2008-08-01 00:00:00,12512.016
2008-08-01 01:00:00,12512.075
2008-08-01 02:00:00,12512.177
2008-08-01 03:00:00,12512.177
2008-08-01 04:00:00,12512.177
2008-08-01 05:00:00,12512.177
2008-08-01 06:00:00,12512.177
2008-08-01 07:00:00,12512.177
2008-08-01 08:00:00,12512.177
2008-08-01 09:00:00,12512.177
2008-08-01 10:00:00,12512.177
2008-08-01 11:00:00,12512.177
2008-08-01 12:00:00,12512.177
2008-08-01 13:00:00,12512.177
2008-08-01 14:00:00,12512.177
2008-08-01 15:00:00,12512.177
2008-08-01 16:00:00,12512.177
2008-08-01 17:00:00,12512.177
2008-08-01 18:00:00,12512.177
2008-08-01 19:00:00,12512.177
2008-08-01 20:00:00,12512.177
2008-08-01 21:00:00,12512.177
2008-08-01 22:00:00,12512.177
2008-08-01 23:00:00,12512.177
2008-08-02 00:00:00,12512.177
2008-08-02 01:00:00,12512.177
2008-08-02 02:00:00,12512.177
2008-08-02 03:00:00,12512.177
2008-08-02 04:00:00,12512.177
2008-08-02 05:00:00,12512.177
2008-08-02 06:00:00,12512.177
2008-08-02 07:00:00,12512.177
2008-08-02 08:00:00,12512.177
2008-08-02 09:00:00,12512.202
2008-08-02 10:00:00,12512.506
2008-08-02 11:00:00,12512.761
2008-08-02 12:00:00,12513.278
2008-08-02 13:00:00,12513.407
2008-08-02 14:00:00,12513.469
2008-08-02 15:00:00,12513.516
2008-08-02 16:00:00,12514.128
2008-08-02 17:00:00,12516.345
2008-08-02 18:00:00,12517.881
2008-08-02 19:00:00,12517.881
2008-08-02 20:00:00,12517.881
2008-08-02 21:00:00,12517.881
2008-08-02 22:00:00,12517.951
2008-08-02 23:00:00,12517.951
2008-08-03 00:00:00,12518.064
2008-08-03 01:00:00,12518.142
2008-08-03 02:00:00,12518.193
2008-08-03 03:00:00,12518.193
2008-08-03 04:00:00,12518.193
2008-08-03 05:00:00,12518.193
2008-08-03 06:00:00,12518.193
2008-08-03 07:00:00,12518.193
2008-08-03 08:00:00,12518.193
2008-08-03 09:00:00,12518.193
2008-08-03 10:00:00,12518.193
2008-08-03 11:00:00,12518.193
2008-08-03 12:00:00,12518.193
2008-08-03 13:00:00,12518.193
2008-08-03 14:00:00,12518.193
2008-08-03 15:00:00,12518.193
2008-08-03 16:00:00,12518.193
2008-08-03 17:00:00,12518.193
2008-08-03 18:00:00,12518.193
2008-08-03 19:00:00,12518.193
2008-08-03 20:00:00,12518.193
2008-08-03 21:00:00,12518.193
2008-08-03 22:00:00,12518.193
2008-08-03 23:00:00,12518.193
2008-08-04 00:00:00,12518.193
2008-08-04 01:00:00,12518.193
2008-08-04 02:00:00,12518.193
2008-08-04 03:00:00,12518.193
2008-08-04 04:00:00,12518.193
2008-08-04 05:00:00,12518.193
2008-08-04 06:00:00,12518.193
2008-08-04 07:00:00,12518.193
2008-08-04 08:00:00,12518.193
2008-08-04 09:00:00,12518.193
2008-08-04 10:00:00,12518.264
2008-08-04 11:00:00,12518.264
2008-08-04 12:00:00,12518.264
2008-08-04 13:00:00,12518.264
2008-08-04 14:00:00,12518.264
2008-08-04 15:00:00,12518.264
2008-08-04 16:00:00,12518.264
2008-08-04 17:00:00,12518.264
2008-08-04 18:00:00,12518.264
2008-08-04 19:00:00,12518.264
2008-08-04 20:00:00,12518.264
2008-08-04 21:00:00,12518.264
2008-08-04 22:00:00,12518.264
2008-08-04 23:00:00,12518.264
2008-08-05 00:00:00,12518.264
2008-08-05 01:00:00,12518.264
2008-08-05 02:00:00,12518.264
2008-08-05 03:00:00,12518.264
2008-08-05 04:00:00,12518.264
2008-08-05 05:00:00,12518.264
2008-08-05 06:00:00,12518.264
2008-08-05 07:00:00,12518.264
2008-08-05 08:00:00,12518.264
2008-08-05 09:00:00,12518.264
2008-08-05 10:00:00,12518.264
2008-08-05 11:00:00,12518.264
2008-08-05 12:00:00,12518.264
2008-08-05 13:00:00,12518.3
2008-08-05 14:00:00,12518.3
2008-08-05 15:00:00,12518.3
2008-08-05 16:00:00,12518.319
2008-08-05 17:00:00,12518.319
2008-08-05 18:00:00,12518.319
2008-08-05 19:00:00,12518.319
2008-08-05 20:00:00,12518.319
2008-08-05 21:00:00,12518.401
2008-08-05 22:00:00,12518.401
2008-08-05 23:00:00,12518.401
2008-08-06 00:00:00,12518.401
2008-08-06 01:00:00,12518.401
2008-08-06 02:00:00,12518.401
2008-08-06 03:00:00,12518.401
2008-08-06 04:00:00,12518.401
2008-08-06 05:00:00,12518.401
2008-08-06 06:00:00,12518.401
2008-08-06 07:00:00,12518.401
2008-08-06 08:00:00,12518.264
2008-08-06 09:00:00,12518.3
2008-08-06 10:00:00,12518.3
2008-08-06 11:00:00,12518.3
2008-08-06 12:00:00,12518.3
2008-08-06 13:00:00,12518.622
2008-08-06 14:00:00,12518.622
2008-08-06 15:00:00,12518.622
2008-08-06 16:00:00,12518.683
2008-08-06 17:00:00,12518.723
2008-08-06 18:00:00,12518.723
2008-08-06 19:00:00,12518.622
2008-08-06 20:00:00,12518.401
2008-08-06 21:00:00,12518.401
2008-08-06 22:00:00,12518.401
2008-08-06 23:00:00,12518.401
2008-08-07 00:00:00,12518.401
2008-08-07 01:00:00,12518.401
2008-08-07 02:00:00,12518.401
2008-08-07 03:00:00,12518.401
2008-08-07 04:00:00,12518.401
2008-08-07 05:00:00,12518.401
2008-08-07 06:00:00,12518.401
2008-08-07 07:00:00,12518.401
2008-08-07 08:00:00,12518.401
2008-08-07 09:00:00,12518.401
2008-08-07 10:00:00,12518.401
2008-08-07 11:00:00,12518.401
2008-08-07 12:00:00,12518.531
2008-08-07 13:00:00,12518.723
2008-08-07 14:00:00,12519.113
2008-08-07 15:00:00,12519.146
2008-08-07 16:00:00,12520.052
2008-08-07 17:00:00,12522.473
2008-08-07 18:00:00,12522.655
2008-08-07 19:00:00,12522.765
2008-08-07 20:00:00,12523.058
2008-08-07 21:00:00,12525.502
2008-08-07 22:00:00,12525.823
2008-08-07 23:00:00,12525.823
2008-08-08 00:00:00,12526.477
2008-08-08 01:00:00,12526.791
2008-08-08 02:00:00,12527.998
2008-08-08 03:00:00,12528.381
2008-08-08 04:00:00,12529.162
2008-08-08 05:00:00,12529.591
2008-08-08 06:00:00,12529.591
2008-08-08 07:00:00,12529.591
2008-08-08 08:00:00,12529.648
2008-08-08 09:00:00,12529.648
2008-08-08 10:00:00,12529.911
2008-08-08 11:00:00,12529.998
2008-08-08 12:00:00,12530.012
2008-08-08 13:00:00,12530.012
2008-08-08 14:00:00,12530.012
2008-08-08 15:00:00,12530.012
2008-08-08 16:00:00,12530.012
2008-08-08 17:00:00,12530.012
2008-08-08 18:00:00,12530.012
2008-08-08 19:00:00,12530.012
2008-08-08 20:00:00,12530.361
2008-08-08 21:00:00,12531.427
2008-08-08 22:00:00,12530.012
2008-08-08 23:00:00,12530.012
2008-08-09 00:00:00,12530.012
2008-08-09 01:00:00,12530.012
2008-08-09 02:00:00,12530.012
2008-08-09 03:00:00,12530.012
2008-08-09 04:00:00,12530.012
2008-08-09 05:00:00,12530.012
2008-08-09 06:00:00,12530.012
2008-08-09 07:00:00,12530.012
2008-08-09 08:00:00,12530.012
2008-08-09 09:00:00,12530.012
2008-08-09 10:00:00,12530.012
2008-08-09 11:00:00,12530.012
2008-08-09 12:00:00,12530.012
2008-08-09 13:00:00,12531.427
2008-08-09 14:00:00,12531.427
2008-08-09 15:00:00,12531.427
2008-08-09 16:00:00,12531.427
2008-08-09 17:00:00,12531.427
2008-08-09 18:00:00,12531.427
2008-08-09 19:00:00,12531.427
2008-08-09 20:00:00,12531.427
2008-08-09 21:00:00,12531.427
2008-08-09 22:00:00,12531.427
2008-08-09 23:00:00,12531.427
2008-08-10 00:00:00,12531.427
2008-08-10 01:00:00,12531.427
2008-08-10 02:00:00,12531.427
2008-08-10 03:00:00,12531.6
2008-08-10 04:00:00,12531.6
2008-08-10 05:00:00,12531.697
2008-08-10 06:00:00,12531.771
2008-08-10 07:00:00,12532.276
2008-08-10 08:00:00,12532.855
2008-08-10 09:00:00,12533.566
2008-08-10 10:00:00,12534.232
2008-08-10 11:00:00,12534.232
2008-08-10 12:00:00,12534.232
2008-08-10 13:00:00,12536.955
2008-08-10 14:00:00,12534.69
2008-08-10 15:00:00,12534.69
2008-08-10 16:00:00,12535.093
2008-08-10 17:00:00,12536.401
2008-08-10 18:00:00,12538.003
2008-08-10 19:00:00,12538.003
2008-08-10 20:00:00,12538.003
2008-08-10 21:00:00,12538.003
2008-08-10 22:00:00,12538.003
2008-08-10 23:00:00,12538.003
2008-08-11 00:00:00,12538.003
2008-08-11 01:00:00,12538.003
2008-08-11 02:00:00,12538.003
2008-08-11 03:00:00,12538.003
2008-08-11 04:00:00,12538.003
2008-08-11 05:00:00,12538.003
2008-08-11 06:00:00,12538.003
2008-08-11 07:00:00,12538.003
2008-08-11 08:00:00,12538.003
2008-08-11 09:00:00,12538.003
2008-08-11 10:00:00,12538.003
2008-08-11 11:00:00,12538.003
2008-08-11 12:00:00,12538.003
2008-08-11 13:00:00,12538.003
2008-08-11 14:00:00,12538.003
2008-08-11 15:00:00,12538.003
2008-08-11 16:00:00,12538.003
2008-08-11 17:00:00,12538.003
2008-08-11 18:00:00,12538.003
2008-08-11 19:00:00,12538.003
2008-08-11 20:00:00,12538.003
2008-08-11 21:00:00,12538.003
2008-08-11 22:00:00,12538.003
2008-08-11 23:00:00,12538.003
2008-08-12 00:00:00,12538.003
2008-08-12 01:00:00,12538.003
2008-08-12 02:00:00,12538.003
2008-08-12 03:00:00,12538.003
2008-08-12 04:00:00,12538.003
2008-08-12 05:00:00,12538.003
2008-08-12 06:00:00,12538.003
2008-08-12 07:00:00,12538.003
2008-08-12 08:00:00,12538.003
2008-08-12 09:00:00,12538.003
2008-08-12 10:00:00,12538.003
2008-08-12 11:00:00,12538.003
2008-08-12 12:00:00,12538.003
2008-08-12 13:00:00,12538.003
2008-08-12 14:00:00,12538.003
2008-08-12 15:00:00,12538.003
2008-08-12 16:00:00,12538.003
2008-08-12 17:00:00,12538.003
2008-08-12 18:00:00,12538.003
2008-08-12 19:00:00,12538.003
2008-08-12 20:00:00,12538.003
2008-08-12 21:00:00,12538.003
2008-08-12 22:00:00,12538.003
2008-08-12 23:00:00,12538.003
2008-08-13 00:00:00,12538.003
2008-08-13 01:00:00,12538.003
2008-08-13 02:00:00,12538.003
2008-08-13 03:00:00,12538.003
2008-08-13 04:00:00,12538.003
2008-08-13 05:00:00,12538.003
2008-08-13 06:00:00,12538.003
2008-08-13 07:00:00,12538.003
2008-08-13 08:00:00,12538.003
2008-08-13 09:00:00,12538.003
2008-08-13 10:00:00,12538.003
2008-08-13 11:00:00,12538.003
2008-08-13 12:00:00,12538.003
2008-08-13 13:00:00,12538.003
2008-08-13 14:00:00,12538.003
2008-08-13 15:00:00,12538.003
2008-08-13 16:00:00,12538.003
2008-08-13 17:00:00,12538.003
2008-08-13 18:00:00,12538.003
2008-08-13 19:00:00,12538.003
2008-08-13 20:00:00,12538.003
2008-08-13 21:00:00,12538.003
2008-08-13 22:00:00,12538.003
2008-08-13 23:00:00,12538.003
2008-08-14 00:00:00,12538.003
2008-08-14 01:00:00,12538.003
2008-08-14 02:00:00,12538.003
2008-08-14 03:00:00,12538.003
2008-08-14 04:00:00,12538.003
2008-08-14 05:00:00,12538.003
2008-08-14 06:00:00,12538.003
2008-08-14 07:00:00,12538.003
2008-08-14 08:00:00,12538.003
2008-08-14 09:00:00,12538.003
2008-08-14 10:00:00,12538.003
2008-08-14 11:00:00,12538.003
2008-08-14 12:00:00,12538.003
2008-08-14 13:00:00,12538.003
2008-08-14 14:00:00,12538.003
2008-08-14 15:00:00,12538.003
2008-08-14 16:00:00,12538.003
2008-08-14 17:00:00,12538.003
2008-08-14 18:00:00,12538.003
2008-08-14 19:00:00,12538.003
2008-08-14 20:00:00,12538.003
2008-08-14 21:00:00,12538.003
2008-08-14 22:00:00,12538.003
2008-08-14 23:00:00,12538.003
2008-08-15 00:00:00,12538.003
2008-08-15 01:00:00,12538.003
2008-08-15 02:00:00,12538.003
2008-08-15 03:00:00,12538.003
2008-08-15 04:00:00,12538.003
2008-08-15 05:00:00,12538.003
2008-08-15 06:00:00,12538.003
2008-08-15 07:00:00,12538.003
2008-08-15 08:00:00,12538.003
2008-08-15 09:00:00,12538.003
2008-08-15 10:00:00,12538.003
2008-08-15 11:00:00,12538.003
2008-08-15 12:00:00,12538.003
2008-08-15 13:00:00,12538.003
2008-08-15 14:00:00,12538.003
2008-08-15 15:00:00,12538.003
2008-08-15 16:00:00,12538.003
2008-08-15 17:00:00,12538.003
2008-08-15 18:00:00,12538.003
2008-08-15 19:00:00,12538.003
2008-08-15 20:00:00,12538.003
2008-08-15 21:00:00,12538.003
2008-08-15 22:00:00,12538.003
2008-08-15 23:00:00,12538.003
2008-08-16 00:00:00,12538.003
2008-08-16 01:00:00,12538.003
2008-08-16 02:00:00,12538.003
2008-08-16 03:00:00,12538.003
2008-08-16 04:00:00,12538.003
2008-08-16 05:00:00,12538.003
2008-08-16 06:00:00,12538.003
2008-08-16 07:00:00,12538.003
2008-08-16 08:00:00,12538.003
2008-08-16 09:00:00,12538.003
2008-08-16 10:00:00,12538.003
2008-08-16 11:00:00,12538.003
2008-08-16 12:00:00,12538.003
2008-08-16 13:00:00,12538.003
2008-08-16 14:00:00,12538.003
2008-08-16 15:00:00,12538.003
2008-08-16 16:00:00,12538.003
2008-08-16 17:00:00,12538.003
2008-08-16 18:00:00,12538.003
2008-08-16 19:00:00,12538.003
2008-08-16 20:00:00,12538.003
2008-08-16 21:00:00,12538.003
2008-08-16 22:00:00,12538.003
2008-08-16 23:00:00,12538.003
2008-08-17 00:00:00,12538.003
2008-08-17 01:00:00,12538.003
2008-08-17 02:00:00,12538.003
2008-08-17 03:00:00,12538.003
2008-08-17 04:00:00,12538.003
2008-08-17 05:00:00,12538.003
2008-08-17 06:00:00,12538.003
2008-08-17 07:00:00,12538.003
2008-08-17 08:00:00,12538.003
2008-08-17 09:00:00,12538.003
2008-08-17 10:00:00,12538.003
2008-08-17 11:00:00,12538.003
2008-08-17 12:00:00,12538.003
2008-08-17 13:00:00,12538.003
2008-08-17 14:00:00,12538.003
2008-08-17 15:00:00,12538.003
2008-08-17 16:00:00,12538.003
2008-08-17 17:00:00,12538.003
2008-08-17 18:00:00,12538.003
2008-08-17 19:00:00,12538.003
2008-08-17 20:00:00,12538.003
2008-08-17 21:00:00,12538.003
2008-08-17 22:00:00,12538.003
2008-08-17 23:00:00,12538.003
2008-08-18 00:00:00,12538.003
2008-08-18 01:00:00,12538.003
2008-08-18 02:00:00,12538.003
2008-08-18 03:00:00,12538.003
2008-08-18 04:00:00,12538.003
2008-08-18 05:00:00,12538.003
2008-08-18 06:00:00,12538.003
2008-08-18 07:00:00,12538.003
2008-08-18 08:00:00,12538.003
2008-08-18 09:00:00,12538.003
2008-08-18 10:00:00,12538.003
2008-08-18 11:00:00,12538.145
2008-08-18 12:00:00,12538.145
2008-08-18 13:00:00,12538.145
2008-08-18 14:00:00,12538.145
2008-08-18 15:00:00,12538.145
2008-08-18 16:00:00,12538.145
2008-08-18 17:00:00,12538.145
2008-08-18 18:00:00,12538.145
2008-08-18 19:00:00,12538.145
2008-08-18 20:00:00,12538.145
2008-08-18 21:00:00,12538.145
2008-08-18 22:00:00,12538.145
2008-08-18 23:00:00,12538.145
2008-08-19 00:00:00,12538.145
2008-08-19 01:00:00,12538.145
2008-08-19 02:00:00,12538.145
2008-08-19 03:00:00,12538.145
2008-08-19 04:00:00,12538.145
2008-08-19 05:00:00,12538.145
2008-08-19 06:00:00,12538.145
2008-08-19 07:00:00,12538.145
2008-08-19 08:00:00,12538.145
2008-08-19 09:00:00,12538.145
2008-08-19 10:00:00,12538.145
2008-08-19 11:00:00,12538.145
2008-08-19 12:00:00,12538.145
2008-08-19 13:00:00,12538.195
2008-08-19 14:00:00,12538.195
2008-08-19 15:00:00,12538.195
2008-08-19 16:00:00,12538.271
2008-08-19 17:00:00,12538.271
2008-08-19 18:00:00,12538.195
2008-08-19 19:00:00,12538.145
2008-08-19 20:00:00,12538.145
2008-08-19 21:00:00,12538.145
2008-08-19 22:00:00,12538.145
2008-08-19 23:00:00,12538.145
2008-08-20 00:00:00,12538.145
2008-08-20 01:00:00,12538.145
2008-08-20 02:00:00,12538.145
2008-08-20 03:00:00,12538.145
2008-08-20 04:00:00,12538.145
2008-08-20 05:00:00,12538.145
2008-08-20 06:00:00,12538.145
2008-08-20 07:00:00,12538.145
2008-08-20 08:00:00,12538.145
2008-08-20 09:00:00,12538.145
2008-08-20 10:00:00,12538.145
2008-08-20 11:00:00,12538.145
2008-08-20 12:00:00,12538.145
2008-08-20 13:00:00,12538.271
2008-08-20 14:00:00,12538.271
2008-08-20 15:00:00,12538.3125
2008-08-20 16:00:00,12538.3125
2008-08-20 17:00:00,12538.3125
2008-08-20 18:00:00,12538.3125
2008-08-20 19:00:00,12538.3125
2008-08-20 20:00:00,12538.3125
2008-08-20 21:00:00,12538.3125
2008-08-20 22:00:00,12538.3125
2008-08-20 23:00:00,12567.854
2008-08-21 00:00:00,12569.596
2008-08-21 01:00:00,12569.668
2008-08-21 02:00:00,12569.735
2008-08-21 03:00:00,12570.218
2008-08-21 04:00:00,12570.237
2008-08-21 05:00:00,12570.296
2008-08-21 06:00:00,12573.655
2008-08-21 07:00:00,12573.942
2008-08-21 08:00:00,12574.79
2008-08-21 09:00:00,12590.296
2008-08-21 10:00:00,12590.296
2008-08-21 11:00:00,12590.296
2008-08-21 12:00:00,12590.296
2008-08-21 13:00:00,12590.296
2008-08-21 14:00:00,12576.374
2008-08-21 15:00:00,12580.199
2008-08-21 16:00:00,12580.414
2008-08-21 17:00:00,12581.237
2008-08-21 18:00:00,12582.913
2008-08-21 19:00:00,12584.237
2008-08-21 20:00:00,12587.602
2008-08-21 21:00:00,12590.206
2008-08-21 22:00:00,12590.218
2008-08-21 23:00:00,12590.218
2008-08-22 00:00:00,12590.218
2008-08-22 01:00:00,12590.218
2008-08-22 02:00:00,12590.218
2008-08-22 03:00:00,12590.218
2008-08-22 04:00:00,12590.218
2008-08-22 05:00:00,12590.218
2008-08-22 06:00:00,12590.218
2008-08-22 07:00:00,12590.218
2008-08-22 08:00:00,12590.296
2008-08-22 09:00:00,12590.296
2008-08-22 10:00:00,12590.296
2008-08-22 11:00:00,12590.296
2008-08-22 12:00:00,12590.296
2008-08-22 13:00:00,12590.296
2008-08-22 14:00:00,12590.296
2008-08-22 15:00:00,12590.296
2008-08-22 16:00:00,12590.296
2008-08-22 17:00:00,12590.296
2008-08-22 18:00:00,12590.296
2008-08-22 19:00:00,12590.296
2008-08-22 20:00:00,12590.296
2008-08-22 21:00:00,12590.296
2008-08-22 22:00:00,12590.296
2008-08-22 23:00:00,12590.296
2008-08-23 00:00:00,12590.296
2008-08-23 01:00:00,12590.296
2008-08-23 02:00:00,12590.296
2008-08-23 03:00:00,12590.296
2008-08-23 04:00:00,12590.296
2008-08-23 05:00:00,12590.296
2008-08-23 06:00:00,12590.296
2008-08-23 07:00:00,12590.296
2008-08-23 08:00:00,12590.365
2008-08-23 09:00:00,12590.484
2008-08-23 10:00:00,12590.484
2008-08-23 11:00:00,12590.484
2008-08-23 12:00:00,12590.484
2008-08-23 13:00:00,12590.484
2008-08-23 14:00:00,12590.484
2008-08-23 15:00:00,12590.484
2008-08-23 16:00:00,12590.484
2008-08-23 17:00:00,12590.484
2008-08-23 18:00:00,12590.484
2008-08-23 19:00:00,12590.484
2008-08-23 20:00:00,12590.484
2008-08-23 21:00:00,12590.484
2008-08-23 22:00:00,12590.484
2008-08-23 23:00:00,12590.484
2008-08-24 00:00:00,12590.484
2008-08-24 01:00:00,12590.484
2008-08-24 02:00:00,12590.484
2008-08-24 03:00:00,12590.484
2008-08-24 04:00:00,12590.484
2008-08-24 05:00:00,12590.484
2008-08-24 06:00:00,12590.484
2008-08-24 07:00:00,12590.484
2008-08-24 08:00:00,12590.484
2008-08-24 09:00:00,12590.484
2008-08-24 10:00:00,12590.484
2008-08-24 11:00:00,12590.484
2008-08-24 12:00:00,12590.484
2008-08-24 13:00:00,12590.484
2008-08-24 14:00:00,12590.484
2008-08-24 15:00:00,12590.484
2008-08-24 16:00:00,12590.484
2008-08-24 17:00:00,12590.484
2008-08-24 18:00:00,12590.484
2008-08-24 19:00:00,12590.484
2008-08-24 20:00:00,12590.484
2008-08-24 21:00:00,12590.484
2008-08-24 22:00:00,12590.484
2008-08-24 23:00:00,12590.484
2008-08-25 00:00:00,12590.484
2008-08-25 01:00:00,12590.484
2008-08-25 02:00:00,12590.484
2008-08-25 03:00:00,12590.484
2008-08-25 04:00:00,12590.484
2008-08-25 05:00:00,12590.484
2008-08-25 06:00:00,12590.484
2008-08-25 07:00:00,12590.484
2008-08-25 08:00:00,12590.484
2008-08-25 09:00:00,12590.484
2008-08-25 10:00:00,12590.484
2008-08-25 11:00:00,12590.484
2008-08-25 12:00:00,12590.484
2008-08-25 13:00:00,12590.484
2008-08-25 14:00:00,12590.484
2008-08-25 15:00:00,12590.484
2008-08-25 16:00:00,12590.484
2008-08-25 17:00:00,12590.484
2008-08-25 18:00:00,12590.484
2008-08-25 19:00:00,12590.484
2008-08-25 20:00:00,12590.484
2008-08-25 21:00:00,12590.484
2008-08-25 22:00:00,12590.484
2008-08-25 23:00:00,12590.484
2008-08-26 00:00:00,12590.484
2008-08-26 01:00:00,12590.484
2008-08-26 02:00:00,12590.484
2008-08-26 03:00:00,12590.484
2008-08-26 04:00:00,12590.484
2008-08-26 05:00:00,12590.484
2008-08-26 06:00:00,12590.484
2008-08-26 07:00:00,12590.484
2008-08-26 08:00:00,12590.484
2008-08-26 09:00:00,12592.653
2008-08-26 10:00:00,12590.484
2008-08-26 11:00:00,12590.484
2008-08-26 12:00:00,12590.484
2008-08-26 13:00:00,12591.481
2008-08-26 14:00:00,12592.387
2008-08-26 15:00:00,12592.653
2008-08-26 16:00:00,12592.653
2008-08-26 17:00:00,12592.653
2008-08-26 18:00:00,12592.653
2008-08-26 19:00:00,12592.653
2008-08-26 20:00:00,12592.653
2008-08-26 21:00:00,12592.653
2008-08-26 22:00:00,12592.653
2008-08-26 23:00:00,12592.653
2008-08-27 00:00:00,12593.365
2008-08-27 01:00:00,12595.92
2008-08-27 02:00:00,12600.302
2008-08-27 03:00:00,12604.608
2008-08-27 04:00:00,12607.462
2008-08-27 05:00:00,12610.834
2008-08-27 06:00:00,12612.565
2008-08-27 07:00:00,12614.416
2008-08-27 08:00:00,12618.0
2008-08-27 09:00:00,12619.15
2008-08-27 10:00:00,12619.913
2008-08-27 11:00:00,12620.433
2008-08-27 12:00:00,12620.921
2008-08-27 13:00:00,12621.409
2008-08-27 14:00:00,12622.676
2008-08-27 15:00:00,12624.144
2008-08-27 16:00:00,12625.452
2008-08-27 17:00:00,12626.624
2008-08-27 18:00:00,12628.05
2008-08-27 19:00:00,12628.517
2008-08-27 20:00:00,12628.517
2008-08-27 21:00:00,12628.532
2008-08-27 22:00:00,12628.559
2008-08-27 23:00:00,12628.668
2008-08-28 00:00:00,12629.258
2008-08-28 01:00:00,12629.281
2008-08-28 02:00:00,12629.345
2008-08-28 03:00:00,12629.495
2008-08-28 04:00:00,12629.495
2008-08-28 05:00:00,12629.495
2008-08-28 06:00:00,12629.495
2008-08-28 07:00:00,12629.495
2008-08-28 08:00:00,12629.495
2008-08-28 09:00:00,12629.495
2008-08-28 10:00:00,12629.495
2008-08-28 11:00:00,12629.495
2008-08-28 12:00:00,12629.495
2008-08-28 13:00:00,12629.495
2008-08-28 14:00:00,12629.495
2008-08-28 15:00:00,12629.495
2008-08-28 16:00:00,12630.366
2008-08-28 17:00:00,12629.495
2008-08-28 18:00:00,12631.408
2008-08-28 19:00:00,12631.408
2008-08-28 20:00:00,12631.408
2008-08-28 21:00:00,12631.408
2008-08-28 22:00:00,12631.408
2008-08-28 23:00:00,12631.408
2008-08-29 00:00:00,12631.408
2008-08-29 01:00:00,12631.408
2008-08-29 02:00:00,12631.408
2008-08-29 03:00:00,12629.495
2008-08-29 04:00:00,12629.495
2008-08-29 05:00:00,12629.495
2008-08-29 06:00:00,12629.495
2008-08-29 07:00:00,12629.495
2008-08-29 08:00:00,12629.495
2008-08-29 09:00:00,12632.567
2008-08-29 10:00:00,12632.567
2008-08-29 11:00:00,12632.567
2008-08-29 12:00:00,12632.567
2008-08-29 13:00:00,12632.567
2008-08-29 14:00:00,12632.431
2008-08-29 15:00:00,12631.408
2008-08-29 16:00:00,12631.408
2008-08-29 17:00:00,12631.408
2008-08-29 18:00:00,12631.408
2008-08-29 19:00:00,12631.408
2008-08-29 20:00:00,12631.408
2008-08-29 21:00:00,12631.408
2008-08-29 22:00:00,12631.408
2008-08-29 23:00:00,12631.408
2008-08-30 00:00:00,12631.408
2008-08-30 01:00:00,12631.408
2008-08-30 02:00:00,12631.425
2008-08-30 03:00:00,12631.453
2008-08-30 04:00:00,12631.886
2008-08-30 05:00:00,12631.886
2008-08-30 06:00:00,12631.886
2008-08-30 07:00:00,12631.886
2008-08-30 08:00:00,12631.895
2008-08-30 09:00:00,12632.567
2008-08-30 10:00:00,12632.567
2008-08-30 11:00:00,12632.567
2008-08-30 12:00:00,12632.567
2008-08-30 13:00:00,12632.567
2008-08-30 14:00:00,12632.567
2008-08-30 15:00:00,12632.567
2008-08-30 16:00:00,12632.567
2008-08-30 17:00:00,12632.567
2008-08-30 18:00:00,12632.567
2008-08-30 19:00:00,12632.567
2008-08-30 20:00:00,12632.567
2008-08-30 21:00:00,12632.567
2008-08-30 22:00:00,12632.567
2008-08-30 23:00:00,12632.567
2008-08-31 00:00:00,12632.567
2008-08-31 01:00:00,12632.567
2008-08-31 02:00:00,12632.567
2008-08-31 03:00:00,12632.567
2008-08-31 04:00:00,12632.567
2008-08-31 05:00:00,12632.567
2008-08-31 06:00:00,12632.567
2008-08-31 07:00:00,12632.567
2008-08-31 08:00:00,12632.567
2008-08-31 09:00:00,12632.567
2008-08-31 10:00:00,12632.567
2008-08-31 11:00:00,12632.567
2008-08-31 12:00:00,12632.567
2008-08-31 13:00:00,12632.567
2008-08-31 14:00:00,12632.567
2008-08-31 15:00:00,12632.567
2008-08-31 16:00:00,12632.567
2008-08-31 17:00:00,12632.567
2008-08-31 18:00:00,12632.567
2008-08-31 19:00:00,12632.567
2008-08-31 20:00:00,12632.567
2008-08-31 21:00:00,12632.567
2008-08-31 22:00:00,12632.567
2008-08-31 23:00:00,12632.567
2008-09-01 00:00:00,12632.567
2008-09-01 01:00:00,12632.567
2008-09-01 02:00:00,12632.567
2008-09-01 03:00:00,12632.567
2008-09-01 04:00:00,12632.567
2008-09-01 05:00:00,12632.567
2008-09-01 06:00:00,12632.567
2008-09-01 07:00:00,12632.567
2008-09-01 08:00:00,12632.567
2008-09-01 09:00:00,12632.567
2008-09-01 10:00:00,12632.567
2008-09-01 11:00:00,12632.567
2008-09-01 12:00:00,12632.567
2008-09-01 13:00:00,12632.567
2008-09-01 14:00:00,12632.567
2008-09-01 15:00:00,12632.567
2008-09-01 16:00:00,12632.567
2008-09-01 17:00:00,12632.567
2008-09-01 18:00:00,12632.567
2008-09-01 19:00:00,12632.567
2008-09-01 20:00:00,12632.567
2008-09-01 21:00:00,12632.567
2008-09-01 22:00:00,12632.567
2008-09-01 23:00:00,12632.567
2008-09-02 00:00:00,12632.567
2008-09-02 01:00:00,12632.567
2008-09-02 02:00:00,12632.567
2008-09-02 03:00:00,12632.567
2008-09-02 04:00:00,12632.567
2008-09-02 05:00:00,12632.567
2008-09-02 06:00:00,12632.567
2008-09-02 07:00:00,12632.567
2008-09-02 08:00:00,12632.567
2008-09-02 09:00:00,12632.567
2008-09-02 10:00:00,12632.567
2008-09-02 11:00:00,12632.567
2008-09-02 12:00:00,12632.567
2008-09-02 13:00:00,12632.567
2008-09-02 14:00:00,12632.567
2008-09-02 15:00:00,12632.567
2008-09-02 16:00:00,12632.567
2008-09-02 17:00:00,12632.567
2008-09-02 18:00:00,12632.567
2008-09-02 19:00:00,12632.567
2008-09-02 20:00:00,12632.567
2008-09-02 21:00:00,12632.567
2008-09-02 22:00:00,12632.567
2008-09-02 23:00:00,12632.567
2008-09-03 00:00:00,12632.567
2008-09-03 01:00:00,12632.567
2008-09-03 02:00:00,12632.567
2008-09-03 03:00:00,12632.567
2008-09-03 04:00:00,12632.567
2008-09-03 05:00:00,12632.567
2008-09-03 06:00:00,12632.567
2008-09-03 07:00:00,12632.567
2008-09-03 08:00:00,12632.567
2008-09-03 09:00:00,12634.688
2008-09-03 10:00:00,12634.688
2008-09-03 11:00:00,12634.688
2008-09-03 12:00:00,12634.688
2008-09-03 13:00:00,12634.688
2008-09-03 14:00:00,12632.567
2008-09-03 15:00:00,12632.567
2008-09-03 16:00:00,12632.567
2008-09-03 17:00:00,12632.567
2008-09-03 18:00:00,12632.567
2008-09-03 19:00:00,12632.567
2008-09-03 20:00:00,12632.567
2008-09-03 21:00:00,12632.567
2008-09-03 22:00:00,12632.567
2008-09-03 23:00:00,12632.567
2008-09-04 00:00:00,12632.567
2008-09-04 01:00:00,12632.567
2008-09-04 02:00:00,12632.567
2008-09-04 03:00:00,12632.567
2008-09-04 04:00:00,12632.567
2008-09-04 05:00:00,12633.075
2008-09-04 06:00:00,12633.997
2008-09-04 07:00:00,12634.688
2008-09-04 08:00:00,12634.688
2008-09-04 09:00:00,12634.688
2008-09-04 10:00:00,12634.688
2008-09-04 11:00:00,12634.688
2008-09-04 12:00:00,12634.688
2008-09-04 13:00:00,12634.688
2008-09-04 14:00:00,12634.688
2008-09-04 15:00:00,12634.688
2008-09-04 16:00:00,12634.688
2008-09-04 17:00:00,12634.688
2008-09-04 18:00:00,12634.688
2008-09-04 19:00:00,12634.688
2008-09-04 20:00:00,12634.688
2008-09-04 21:00:00,12634.688
2008-09-04 22:00:00,12634.688
2008-09-04 23:00:00,12634.688
2008-09-05 00:00:00,12634.688
2008-09-05 01:00:00,12634.688
2008-09-05 02:00:00,12634.688
2008-09-05 03:00:00,12634.688
2008-09-05 04:00:00,12634.688
2008-09-05 05:00:00,12634.688
2008-09-05 06:00:00,12634.688
2008-09-05 07:00:00,12634.688
2008-09-05 08:00:00,12634.688
2008-09-05 09:00:00,12634.688
2008-09-05 10:00:00,12634.688
2008-09-05 11:00:00,12634.688
2008-09-05 12:00:00,12634.688
2008-09-05 13:00:00,12634.688
2008-09-05 14:00:00,12634.688
2008-09-05 15:00:00,12634.688
2008-09-05 16:00:00,12634.688
2008-09-05 17:00:00,12634.688
2008-09-05 18:00:00,12634.688
2008-09-05 19:00:00,12634.688
2008-09-05 20:00:00,12634.688
2008-09-05 21:00:00,12634.688
2008-09-05 22:00:00,12634.688
2008-09-05 23:00:00,12634.688
2008-09-06 00:00:00,12634.688
2008-09-06 01:00:00,12634.688
2008-09-06 02:00:00,12634.688
2008-09-06 03:00:00,12634.688
2008-09-06 04:00:00,12634.688
2008-09-06 05:00:00,12634.688
2008-09-06 06:00:00,12634.688
2008-09-06 07:00:00,12634.688
2008-09-06 08:00:00,12634.688
2008-09-06 09:00:00,12634.688
2008-09-06 10:00:00,12634.688
2008-09-06 11:00:00,12634.688
2008-09-06 12:00:00,12634.688
2008-09-06 13:00:00,12634.688
2008-09-06 14:00:00,12634.688
2008-09-06 15:00:00,12634.688
2008-09-06 16:00:00,12634.688
2008-09-06 17:00:00,12634.688
2008-09-06 18:00:00,12634.688
2008-09-06 19:00:00,12634.688
2008-09-06 20:00:00,12634.688
2008-09-06 21:00:00,12634.688
2008-09-06 22:00:00,12634.688
2008-09-06 23:00:00,12634.688
2008-09-07 00:00:00,12634.688
2008-09-07 01:00:00,12634.688
2008-09-07 02:00:00,12634.688
2008-09-07 03:00:00,12634.688
2008-09-07 04:00:00,12634.688
2008-09-07 05:00:00,12634.688
2008-09-07 06:00:00,12634.688
2008-09-07 07:00:00,12634.688
2008-09-07 08:00:00,12634.688
2008-09-07 09:00:00,12634.688
2008-09-07 10:00:00,12634.688
2008-09-07 11:00:00,12634.688
2008-09-07 12:00:00,12634.688
2008-09-07 13:00:00,12634.688
2008-09-07 14:00:00,12634.688
2008-09-07 15:00:00,12634.688
2008-09-07 16:00:00,12634.688
2008-09-07 17:00:00,12634.688
2008-09-07 18:00:00,12634.688
2008-09-07 19:00:00,12634.688
2008-09-07 20:00:00,12634.688
2008-09-07 21:00:00,12634.688
2008-09-07 22:00:00,12634.688
2008-09-07 23:00:00,12634.688
2008-09-08 00:00:00,12634.688
2008-09-08 01:00:00,12634.688
2008-09-08 02:00:00,12634.688
2008-09-08 03:00:00,12634.688
2008-09-08 04:00:00,12634.688
2008-09-08 05:00:00,12634.688
2008-09-08 06:00:00,12634.688
2008-09-08 07:00:00,12634.688
2008-09-08 08:00:00,12634.688
2008-09-08 09:00:00,12634.688
2008-09-08 10:00:00,12634.688
2008-09-08 11:00:00,12634.688
2008-09-08 12:00:00,12634.688
2008-09-08 13:00:00,12634.688
2008-09-08 14:00:00,12634.688
2008-09-08 15:00:00,12634.688
2008-09-08 16:00:00,12634.688
2008-09-08 17:00:00,12634.688
2008-09-08 18:00:00,12634.688
2008-09-08 19:00:00,12634.688
2008-09-08 20:00:00,12634.688
2008-09-08 21:00:00,12634.688
2008-09-08 22:00:00,12634.688
2008-09-08 23:00:00,12634.688
2008-09-09 00:00:00,12634.688
2008-09-09 01:00:00,12634.688
2008-09-09 02:00:00,12634.688
2008-09-09 03:00:00,12634.688
2008-09-09 04:00:00,12634.688
2008-09-09 05:00:00,12634.688
2008-09-09 06:00:00,12634.688
2008-09-09 07:00:00,12634.688
2008-09-09 08:00:00,12634.688
2008-09-09 09:00:00,12634.688
2008-09-09 10:00:00,12634.688
2008-09-09 11:00:00,12634.688
2008-09-09 12:00:00,12634.688
2008-09-09 13:00:00,12634.688
2008-09-09 14:00:00,12634.688
2008-09-09 15:00:00,12634.688
2008-09-09 16:00:00,12634.688
2008-09-09 17:00:00,12634.688
2008-09-09 18:00:00,12634.688
2008-09-09 19:00:00,12634.688
2008-09-09 20:00:00,12634.688
2008-09-09 21:00:00,12634.688
2008-09-09 22:00:00,12634.688
2008-09-09 23:00:00,12634.688
2008-09-10 00:00:00,12634.688
2008-09-10 01:00:00,12634.688
2008-09-10 02:00:00,12634.688
2008-09-10 03:00:00,12634.688
2008-09-10 04:00:00,12634.688
2008-09-10 05:00:00,12634.688
2008-09-10 06:00:00,12634.688
2008-09-10 07:00:00,12634.688
2008-09-10 08:00:00,12634.688
2008-09-10 09:00:00,12634.688
2008-09-10 10:00:00,12634.688
2008-09-10 11:00:00,12634.688
2008-09-10 12:00:00,12634.688
2008-09-10 13:00:00,12634.688
2008-09-10 14:00:00,12634.688
2008-09-10 15:00:00,12634.688
2008-09-10 16:00:00,12634.688
2008-09-10 17:00:00,12634.688
2008-09-10 18:00:00,12634.688
2008-09-10 19:00:00,12634.688
2008-09-10 20:00:00,12634.688
2008-09-10 21:00:00,12634.688
2008-09-10 22:00:00,12634.688
2008-09-10 23:00:00,12634.688
2008-09-11 00:00:00,12634.688
2008-09-11 01:00:00,12634.688
2008-09-11 02:00:00,12634.688
2008-09-11 03:00:00,12634.688
2008-09-11 04:00:00,12634.688
2008-09-11 05:00:00,12634.688
2008-09-11 06:00:00,12634.688
2008-09-11 07:00:00,12634.688
2008-09-11 08:00:00,12634.688
2008-09-11 09:00:00,12634.688
2008-09-11 10:00:00,12634.688
2008-09-11 11:00:00,12634.688
2008-09-11 12:00:00,12634.688
2008-09-11 13:00:00,12634.688
2008-09-11 14:00:00,12634.688
2008-09-11 15:00:00,12634.688
2008-09-11 16:00:00,12634.688
2008-09-11 17:00:00,12634.688
2008-09-11 18:00:00,12634.688
2008-09-11 19:00:00,12634.688
2008-09-11 20:00:00,12634.688
2008-09-11 21:00:00,12634.688
2008-09-11 22:00:00,12634.688
2008-09-11 23:00:00,12634.688
2008-09-12 00:00:00,12634.688
2008-09-12 01:00:00,12634.688
2008-09-12 02:00:00,12634.688
2008-09-12 03:00:00,12635.849
2008-09-12 04:00:00,12637.2295
2008-09-12 05:00:00,12638.538
2008-09-12 06:00:00,12639.336
2008-09-12 07:00:00,12640.113
2008-09-12 08:00:00,12641.393
2008-09-12 09:00:00,12642.658
2008-09-12 10:00:00,12643.309
2008-09-12 11:00:00,12644.128
2008-09-12 12:00:00,12645.389
2008-09-12 13:00:00,12646.509
2008-09-12 14:00:00,12647.405
2008-09-12 15:00:00,12648.06
2008-09-12 16:00:00,12648.863
2008-09-12 17:00:00,12649.259
2008-09-12 18:00:00,12649.259
2008-09-12 19:00:00,12649.259
2008-09-12 20:00:00,12649.259
2008-09-12 21:00:00,12649.259
2008-09-12 22:00:00,12649.259
2008-09-12 23:00:00,12649.259
2008-09-13 00:00:00,12649.259
2008-09-13 01:00:00,12649.259
2008-09-13 02:00:00,12649.297
2008-09-13 03:00:00,12649.757
2008-09-13 04:00:00,12650.487
2008-09-13 05:00:00,12650.7705
2008-09-13 06:00:00,12651.1
2008-09-13 07:00:00,12651.495
2008-09-13 08:00:00,12651.495
2008-09-13 09:00:00,12651.495
2008-09-13 10:00:00,12651.495
2008-09-13 11:00:00,12651.495
2008-09-13 12:00:00,12651.495
2008-09-13 13:00:00,12651.495
2008-09-13 14:00:00,12651.495
2008-09-13 15:00:00,12651.495
2008-09-13 16:00:00,12651.495
2008-09-13 17:00:00,12651.495
2008-09-13 18:00:00,12651.495
2008-09-13 19:00:00,12651.495
2008-09-13 20:00:00,12651.495
2008-09-13 21:00:00,12651.495
2008-09-13 22:00:00,12651.495
2008-09-13 23:00:00,12651.495
2008-09-14 00:00:00,12651.495
2008-09-14 01:00:00,12651.495
2008-09-14 02:00:00,12651.495
2008-09-14 03:00:00,12651.495
2008-09-14 04:00:00,12651.495
2008-09-14 05:00:00,12651.495
2008-09-14 06:00:00,12651.495
2008-09-14 07:00:00,12651.495
2008-09-14 08:00:00,12651.495
2008-09-14 09:00:00,12651.495
2008-09-14 10:00:00,12651.495
2008-09-14 11:00:00,12651.892
2008-09-14 12:00:00,12651.495
2008-09-14 13:00:00,12651.495
2008-09-14 14:00:00,12651.495
2008-09-14 15:00:00,12651.495
2008-09-14 16:00:00,12651.495
2008-09-14 17:00:00,12651.495
2008-09-14 18:00:00,12651.495
2008-09-14 19:00:00,12651.495
2008-09-14 20:00:00,12651.495
2008-09-14 21:00:00,12651.495
2008-09-14 22:00:00,12651.495
2008-09-14 23:00:00,12651.495
2008-09-15 00:00:00,12651.495
2008-09-15 01:00:00,12651.495
2008-09-15 02:00:00,12651.495
2008-09-15 03:00:00,12651.495
2008-09-15 04:00:00,12651.495
2008-09-15 05:00:00,12651.495
2008-09-15 06:00:00,12651.495
2008-09-15 07:00:00,12651.495
2008-09-15 08:00:00,12651.495
2008-09-15 09:00:00,12652.5205
2008-09-15 10:00:00,12653.211
2008-09-15 11:00:00,12653.898
2008-09-15 12:00:00,12654.089
2008-09-15 13:00:00,12654.861
2008-09-15 14:00:00,12654.898
2008-09-15 15:00:00,12654.898
2008-09-15 16:00:00,12654.898
2008-09-15 17:00:00,12654.898
2008-09-15 18:00:00,12654.898
2008-09-15 19:00:00,12654.898
2008-09-15 20:00:00,12654.898
2008-09-15 21:00:00,12654.898
2008-09-15 22:00:00,12654.898
2008-09-15 23:00:00,12654.898
2008-09-16 00:00:00,12654.898
2008-09-16 01:00:00,12654.898
2008-09-16 02:00:00,12654.898
2008-09-16 03:00:00,12654.898
2008-09-16 04:00:00,12654.898
2008-09-16 05:00:00,12654.898
2008-09-16 06:00:00,12654.898
2008-09-16 07:00:00,12654.898
2008-09-16 08:00:00,12654.898
2008-09-16 09:00:00,12654.898
2008-09-16 10:00:00,12654.898
2008-09-16 11:00:00,12654.898
2008-09-16 12:00:00,12654.898
2008-09-16 13:00:00,12654.898
2008-09-16 14:00:00,12654.898
2008-09-16 15:00:00,12654.898
2008-09-16 16:00:00,12654.898
2008-09-16 17:00:00,12654.898
2008-09-16 18:00:00,12654.898
2008-09-16 19:00:00,12654.898
2008-09-16 20:00:00,12654.898
2008-09-16 21:00:00,12654.898
2008-09-16 22:00:00,12654.898
2008-09-16 23:00:00,12654.898
2008-09-17 00:00:00,12654.898
2008-09-17 01:00:00,12654.898
2008-09-17 02:00:00,12654.898
2008-09-17 03:00:00,12654.898
2008-09-17 04:00:00,12654.898
2008-09-17 05:00:00,12654.898
2008-09-17 06:00:00,12654.898
2008-09-17 07:00:00,12654.898
2008-09-17 08:00:00,12654.898
2008-09-17 09:00:00,12654.898
2008-09-17 10:00:00,12654.898
2008-09-17 11:00:00,12654.898
2008-09-17 12:00:00,12654.898
2008-09-17 13:00:00,12654.898
2008-09-17 14:00:00,12654.898
2008-09-17 15:00:00,12654.898
2008-09-17 16:00:00,12654.898
2008-09-17 17:00:00,12654.898
2008-09-17 18:00:00,12654.898
2008-09-17 19:00:00,12654.898
2008-09-17 20:00:00,12654.898
2008-09-17 21:00:00,12654.898
2008-09-17 22:00:00,12654.898
2008-09-17 23:00:00,12654.898
2008-09-18 00:00:00,12654.898
2008-09-18 01:00:00,12654.898
2008-09-18 02:00:00,12654.898
2008-09-18 03:00:00,12654.898
2008-09-18 04:00:00,12654.898
2008-09-18 05:00:00,12654.898
2008-09-18 06:00:00,12654.898
2008-09-18 07:00:00,12654.898
2008-09-18 08:00:00,12654.898
2008-09-18 09:00:00,12654.898
2008-09-18 10:00:00,12654.898
2008-09-18 11:00:00,12654.898
2008-09-18 12:00:00,12654.898
2008-09-18 13:00:00,12654.898
2008-09-18 14:00:00,12654.898
2008-09-18 15:00:00,12654.898
2008-09-18 16:00:00,12654.898
2008-09-18 17:00:00,12654.898
2008-09-18 18:00:00,12654.898
2008-09-18 19:00:00,12654.898
2008-09-18 20:00:00,12654.898
2008-09-18 21:00:00,12654.898
2008-09-18 22:00:00,12654.898
2008-09-18 23:00:00,12654.898
2008-09-19 00:00:00,12654.898
2008-09-19 01:00:00,12654.898
2008-09-19 02:00:00,12654.898
2008-09-19 03:00:00,12654.898
2008-09-19 04:00:00,12654.898
2008-09-19 05:00:00,12654.898
2008-09-19 06:00:00,12654.898
2008-09-19 07:00:00,12654.898
2008-09-19 08:00:00,12654.898
2008-09-19 09:00:00,12658.202
2008-09-19 10:00:00,12658.202
2008-09-19 11:00:00,12658.202
2008-09-19 12:00:00,12658.202
2008-09-19 13:00:00,12654.898
2008-09-19 14:00:00,12654.898
2008-09-19 15:00:00,12654.898
2008-09-19 16:00:00,12654.898
2008-09-19 17:00:00,12655.755
2008-09-19 18:00:00,12656.0
2008-09-19 19:00:00,12656.199
2008-09-19 20:00:00,12656.199
2008-09-19 21:00:00,12656.199
2008-09-19 22:00:00,12656.199
2008-09-19 23:00:00,12656.199
2008-09-20 00:00:00,12656.199
2008-09-20 01:00:00,12656.199
2008-09-20 02:00:00,12656.199
2008-09-20 03:00:00,12656.29
2008-09-20 04:00:00,12656.914
2008-09-20 05:00:00,12658.098
2008-09-20 06:00:00,12658.202
2008-09-20 07:00:00,12658.202
2008-09-20 08:00:00,12658.202
2008-09-20 09:00:00,12658.202
2008-09-20 10:00:00,12658.202
2008-09-20 11:00:00,12658.202
2008-09-20 12:00:00,12658.312
2008-09-20 13:00:00,12658.431
2008-09-20 14:00:00,12658.35
2008-09-20 15:00:00,12658.655
2008-09-20 16:00:00,12658.706
2008-09-20 17:00:00,12658.706
2008-09-20 18:00:00,12658.842
2008-09-20 19:00:00,12659.152
2008-09-20 20:00:00,12659.944
2008-09-20 21:00:00,12662.703
2008-09-20 22:00:00,12668.195
2008-09-20 23:00:00,12673.16
2008-09-21 00:00:00,12677.114
2008-09-21 01:00:00,12681.351
2008-09-21 02:00:00,12685.03
2008-09-21 03:00:00,12688.234
2008-09-21 04:00:00,12690.931
2008-09-21 05:00:00,12694.17
2008-09-21 06:00:00,12696.821
2008-09-21 07:00:00,12696.854
2008-09-21 08:00:00,12698.728
2008-09-21 09:00:00,12714.889
2008-09-21 10:00:00,12714.723
2008-09-21 11:00:00,12701.818
2008-09-21 12:00:00,12703.812
2008-09-21 13:00:00,12705.368
2008-09-21 14:00:00,12711.435
2008-09-21 15:00:00,12713.75
2008-09-21 16:00:00,12714.618
2008-09-21 17:00:00,12714.667
2008-09-21 18:00:00,12714.723
2008-09-21 19:00:00,12715.194
2008-09-21 20:00:00,12715.651
2008-09-21 21:00:00,12715.651
2008-09-21 22:00:00,12715.651
2008-09-21 23:00:00,12715.751
2008-09-22 00:00:00,12715.751
2008-09-22 01:00:00,12715.751
2008-09-22 02:00:00,12715.751
2008-09-22 03:00:00,12716.395
2008-09-22 04:00:00,12717.1
2008-09-22 05:00:00,12717.1
2008-09-22 06:00:00,12717.478
2008-09-22 07:00:00,12717.478
2008-09-22 08:00:00,12717.688
2008-09-22 09:00:00,12718.458
2008-09-22 10:00:00,12720.376
2008-09-22 11:00:00,12720.696
2008-09-22 12:00:00,12721.24
2008-09-22 13:00:00,12721.802
2008-09-22 14:00:00,12722.378
2008-09-22 15:00:00,12722.949
2008-09-22 16:00:00,12722.949
2008-09-22 17:00:00,12723.213
2008-09-22 18:00:00,12723.224
2008-09-22 19:00:00,12723.224
2008-09-22 20:00:00,12723.224
2008-09-22 21:00:00,12723.224
2008-09-22 22:00:00,12723.224
2008-09-22 23:00:00,12723.224
2008-09-23 00:00:00,12723.224
2008-09-23 01:00:00,12723.224
2008-09-23 02:00:00,12723.224
2008-09-23 03:00:00,12723.224
2008-09-23 04:00:00,12723.224
2008-09-23 05:00:00,12723.3125
2008-09-23 06:00:00,12723.3125
2008-09-23 07:00:00,12723.3125
2008-09-23 08:00:00,12723.3125
2008-09-23 09:00:00,12723.3125
2008-09-23 10:00:00,12723.3125
2008-09-23 11:00:00,12723.3125
2008-09-23 12:00:00,12723.3125
2008-09-23 13:00:00,12723.3125
2008-09-23 14:00:00,12723.3125
2008-09-23 15:00:00,12723.3125
2008-09-23 16:00:00,12723.3125
2008-09-23 17:00:00,12723.3125
2008-09-23 18:00:00,12723.3125
2008-09-23 19:00:00,12723.3125
2008-09-23 20:00:00,12723.3125
2008-09-23 21:00:00,12723.3125
2008-09-23 22:00:00,12723.3125
2008-09-23 23:00:00,12723.3125
2008-09-24 00:00:00,12723.3125
2008-09-24 01:00:00,12723.3125
2008-09-24 02:00:00,12723.3125
2008-09-24 03:00:00,12723.3125
2008-09-24 04:00:00,12723.3125
2008-09-24 05:00:00,12723.3125
2008-09-24 06:00:00,12723.3125
2008-09-24 07:00:00,12723.3125
2008-09-24 08:00:00,12723.3125
2008-09-24 09:00:00,12724.502
2008-09-24 10:00:00,12723.3125
2008-09-24 11:00:00,12723.3125
2008-09-24 12:00:00,12723.3125
2008-09-24 13:00:00,12723.3125
2008-09-24 14:00:00,12723.706
2008-09-24 15:00:00,12724.293
2008-09-24 16:00:00,12724.502
2008-09-24 17:00:00,12724.502
2008-09-24 18:00:00,12724.502
2008-09-24 19:00:00,12724.502
2008-09-24 20:00:00,12724.502
2008-09-24 21:00:00,12724.502
2008-09-24 22:00:00,12724.502
2008-09-24 23:00:00,12724.502
2008-09-25 00:00:00,12724.502
2008-09-25 01:00:00,12724.502
2008-09-25 02:00:00,12724.502
2008-09-25 03:00:00,12724.502
2008-09-25 04:00:00,12724.502
2008-09-25 05:00:00,12724.502
2008-09-25 06:00:00,12724.502
2008-09-25 07:00:00,12724.502
2008-09-25 08:00:00,12724.502
2008-09-25 09:00:00,12724.502
2008-09-25 10:00:00,12724.502
2008-09-25 11:00:00,12724.502
2008-09-25 12:00:00,12724.502
2008-09-25 13:00:00,12724.502
2008-09-25 14:00:00,12724.502
2008-09-25 15:00:00,12724.714
2008-09-25 16:00:00,12725.495
2008-09-25 17:00:00,12726.098
2008-09-25 18:00:00,12726.385
2008-09-25 19:00:00,12726.385
2008-09-25 20:00:00,12726.501
2008-09-25 21:00:00,12726.501
2008-09-25 22:00:00,12726.501
2008-09-25 23:00:00,12726.501
2008-09-26 00:00:00,12726.501
2008-09-26 01:00:00,12726.501
2008-09-26 02:00:00,12726.501
2008-09-26 03:00:00,12726.501
2008-09-26 04:00:00,12726.501
2008-09-26 05:00:00,12726.501
2008-09-26 06:00:00,12726.501
2008-09-26 07:00:00,12726.501
2008-09-26 08:00:00,12726.501
2008-09-26 09:00:00,12726.501
2008-09-26 10:00:00,12726.501
2008-09-26 11:00:00,12726.501
2008-09-26 12:00:00,12726.501
2008-09-26 13:00:00,12726.501
2008-09-26 14:00:00,12726.501
2008-09-26 15:00:00,12726.501
2008-09-26 16:00:00,12726.501
2008-09-26 17:00:00,12726.501
2008-09-26 18:00:00,12726.501
2008-09-26 19:00:00,12726.501
2008-09-26 20:00:00,12726.501
2008-09-26 21:00:00,12726.501
2008-09-26 22:00:00,12726.501
2008-09-26 23:00:00,12726.501
2008-09-27 00:00:00,12726.501
2008-09-27 01:00:00,12726.501
2008-09-27 02:00:00,12726.608
2008-09-27 03:00:00,12726.673
2008-09-27 04:00:00,12726.501
2008-09-27 05:00:00,12726.501
2008-09-27 06:00:00,12726.501
2008-09-27 07:00:00,12726.501
2008-09-27 08:00:00,12726.501
2008-09-27 09:00:00,12752.85
2008-09-27 10:00:00,12732.482
2008-09-27 11:00:00,12736.331
2008-09-27 12:00:00,12741.179
2008-09-27 13:00:00,12747.027
2008-09-27 14:00:00,12732.051
2008-09-27 15:00:00,12727.652
2008-09-27 16:00:00,12728.406
2008-09-27 17:00:00,12729.291
2008-09-27 18:00:00,12729.794
2008-09-27 19:00:00,12730.463
2008-09-27 20:00:00,12730.565
2008-09-27 21:00:00,12730.565
2008-09-27 22:00:00,12730.565
2008-09-27 23:00:00,12730.565
2008-09-28 00:00:00,12730.565
2008-09-28 01:00:00,12730.64
2008-09-28 02:00:00,12730.684
2008-09-28 03:00:00,12730.684
2008-09-28 04:00:00,12730.684
2008-09-28 05:00:00,12731.203
2008-09-28 06:00:00,12731.27
2008-09-28 07:00:00,12731.378
2008-09-28 08:00:00,12732.051
2008-09-28 09:00:00,12760.552
2008-09-28 10:00:00,12762.6875
2008-09-28 11:00:00,12763.237
2008-09-28 12:00:00,12763.237
2008-09-28 13:00:00,12763.917
2008-09-28 14:00:00,12764.731
2008-09-28 15:00:00,12765.622
2008-09-28 16:00:00,12765.622
2008-09-28 17:00:00,12766.108
2008-09-28 18:00:00,12766.516
2008-09-28 19:00:00,12767.116
2008-09-28 20:00:00,12768.096
2008-09-28 21:00:00,12769.379
2008-09-28 22:00:00,12772.605
2008-09-28 23:00:00,12777.15
2008-09-29 00:00:00,12781.492
2008-09-29 01:00:00,12785.298
2008-09-29 02:00:00,12787.912
2008-09-29 03:00:00,12790.876
2008-09-29 04:00:00,12793.22
2008-09-29 05:00:00,12793.818
2008-09-29 06:00:00,12799.231
2008-09-29 07:00:00,12805.964
2008-09-29 08:00:00,12806.554
2008-09-29 09:00:00,12827.137
2008-09-29 10:00:00,12827.137
2008-09-29 11:00:00,12827.137
2008-09-29 12:00:00,12827.137
2008-09-29 13:00:00,12827.137
2008-09-29 14:00:00,12827.137
2008-09-29 15:00:00,12827.137
2008-09-29 16:00:00,12827.137
2008-09-29 17:00:00,12827.137
2008-09-29 18:00:00,12809.651
2008-09-29 19:00:00,12812.504
2008-09-29 20:00:00,12816.266
2008-09-29 21:00:00,12816.665
2008-09-29 22:00:00,12818.212
2008-09-29 23:00:00,12820.531
2008-09-30 00:00:00,12823.92
2008-09-30 01:00:00,12823.9795
2008-09-30 02:00:00,12825.531
2008-09-30 03:00:00,12827.036
2008-09-30 04:00:00,12827.036
2008-09-30 05:00:00,12827.036
2008-09-30 06:00:00,12827.036
2008-09-30 07:00:00,12827.137
2008-09-30 08:00:00,12827.137
2008-09-30 09:00:00,12827.137
2008-09-30 10:00:00,12827.137
2008-09-30 11:00:00,12827.137
2008-09-30 12:00:00,12827.137
2008-09-30 13:00:00,12827.137
2008-09-30 14:00:00,12827.137
2008-09-30 15:00:00,12827.137
2008-09-30 16:00:00,12827.137
2008-09-30 17:00:00,12827.137
2008-09-30 18:00:00,12827.137
2008-09-30 19:00:00,12827.137
2008-09-30 20:00:00,12827.137
2008-09-30 21:00:00,12827.137
2008-09-30 22:00:00,12827.137
2008-09-30 23:00:00,12827.137
2008-10-01 00:00:00,12827.137
2008-10-01 01:00:00,12827.137
2008-10-01 02:00:00,12827.137
2008-10-01 03:00:00,12827.137
2008-10-01 04:00:00,12827.137
2008-10-01 05:00:00,12827.137
2008-10-01 06:00:00,12827.137
2008-10-01 07:00:00,12827.137
2008-10-01 08:00:00,12827.137
2008-10-01 09:00:00,12828.107
2008-10-01 10:00:00,12827.137
2008-10-01 11:00:00,12827.137
2008-10-01 12:00:00,12827.276
2008-10-01 13:00:00,12827.292
2008-10-01 14:00:00,12828.407
2008-10-01 15:00:00,12829.19
2008-10-01 16:00:00,12830.657
2008-10-01 17:00:00,12833.478
2008-10-01 18:00:00,12837.031
2008-10-01 19:00:00,12841.487
2008-10-01 20:00:00,12842.751
2008-10-01 21:00:00,12843.387
2008-10-01 22:00:00,12844.211
2008-10-01 23:00:00,12845.18
2008-10-02 00:00:00,12846.047
2008-10-02 01:00:00,12846.211
2008-10-02 02:00:00,12846.211
2008-10-02 03:00:00,12846.497
2008-10-02 04:00:00,12848.311
2008-10-02 05:00:00,12848.78
2008-10-02 06:00:00,12849.065
2008-10-02 07:00:00,12849.37
2008-10-02 08:00:00,12849.37
2008-10-02 09:00:00,12856.264
2008-10-02 10:00:00,12854.089
2008-10-02 11:00:00,12856.944
2008-10-02 12:00:00,12857.204
2008-10-02 13:00:00,12849.37
2008-10-02 14:00:00,12849.37
2008-10-02 15:00:00,12849.37
2008-10-02 16:00:00,12849.37
2008-10-02 17:00:00,12849.37
2008-10-02 18:00:00,12849.37
2008-10-02 19:00:00,12849.37
2008-10-02 20:00:00,12849.712
2008-10-02 21:00:00,12849.712
2008-10-02 22:00:00,12849.712
2008-10-02 23:00:00,12849.712
2008-10-03 00:00:00,12849.712
2008-10-03 01:00:00,12849.712
2008-10-03 02:00:00,12849.712
2008-10-03 03:00:00,12849.712
2008-10-03 04:00:00,12849.712
2008-10-03 05:00:00,12849.712
2008-10-03 06:00:00,12849.712
2008-10-03 07:00:00,12851.34
2008-10-03 08:00:00,12852.188
2008-10-03 09:00:00,12857.461
2008-10-03 10:00:00,12857.741
2008-10-03 11:00:00,12858.2705
2008-10-03 12:00:00,12858.2705
2008-10-03 13:00:00,12858.2705
2008-10-03 14:00:00,12858.364
2008-10-03 15:00:00,12859.091
2008-10-03 16:00:00,12859.8545
2008-10-03 17:00:00,12860.609
2008-10-03 18:00:00,12861.387
2008-10-03 19:00:00,12861.387
2008-10-03 20:00:00,12863.108
2008-10-03 21:00:00,12865.69
2008-10-03 22:00:00,12868.046
2008-10-03 23:00:00,12870.1875
2008-10-04 00:00:00,12872.216
2008-10-04 01:00:00,12872.216
2008-10-04 02:00:00,12872.606
2008-10-04 03:00:00,12872.676
2008-10-04 04:00:00,12873.719
2008-10-04 05:00:00,12877.728
2008-10-04 06:00:00,12878.497
2008-10-04 07:00:00,12879.559
2008-10-04 08:00:00,12880.656
2008-10-04 09:00:00,12884.827
2008-10-04 10:00:00,12881.037
2008-10-04 11:00:00,12881.576
2008-10-04 12:00:00,12882.506
2008-10-04 13:00:00,12882.747
2008-10-04 14:00:00,12882.747
2008-10-04 15:00:00,12883.998
2008-10-04 16:00:00,12884.546
2008-10-04 17:00:00,12884.759
2008-10-04 18:00:00,12884.788
2008-10-04 19:00:00,12884.914
2008-10-04 20:00:00,12884.914
2008-10-04 21:00:00,12885.016
2008-10-04 22:00:00,12885.024
2008-10-04 23:00:00,12886.509
2008-10-05 00:00:00,12887.644
2008-10-05 01:00:00,12889.188
2008-10-05 02:00:00,12892.355
2008-10-05 03:00:00,12895.181
2008-10-05 04:00:00,12897.39
2008-10-05 05:00:00,12897.826
2008-10-05 06:00:00,12899.925
2008-10-05 07:00:00,12901.377
2008-10-05 08:00:00,12905.668
2008-10-05 09:00:00,12906.727
2008-10-05 10:00:00,12909.977
2008-10-05 11:00:00,12911.725
2008-10-05 12:00:00,12912.281
2008-10-05 13:00:00,12914.58
2008-10-05 14:00:00,12916.06
2008-10-05 15:00:00,12917.975
2008-10-05 16:00:00,12919.519
2008-10-05 17:00:00,12920.612
2008-10-05 18:00:00,12921.722
2008-10-05 19:00:00,12922.513
2008-10-05 20:00:00,12924.74
2008-10-05 21:00:00,12926.944
2008-10-05 22:00:00,12928.216
2008-10-05 23:00:00,12930.402
2008-10-06 00:00:00,12932.028
2008-10-06 01:00:00,12932.495
2008-10-06 02:00:00,12933.524
2008-10-06 03:00:00,12934.859
2008-10-06 04:00:00,12936.003
2008-10-06 05:00:00,12936.833
2008-10-06 06:00:00,12937.764
2008-10-06 07:00:00,12938.591
2008-10-06 08:00:00,12939.298
2008-10-06 09:00:00,12943.053
2008-10-06 10:00:00,12941.252
2008-10-06 11:00:00,12945.198
2008-10-06 12:00:00,12946.484
2008-10-06 13:00:00,12948.26
2008-10-06 14:00:00,12949.764
2008-10-06 15:00:00,12951.77
2008-10-06 16:00:00,12954.028
2008-10-06 17:00:00,12958.307
2008-10-06 18:00:00,12963.665
2008-10-06 19:00:00,12967.856
2008-10-06 20:00:00,12972.587
2008-10-06 21:00:00,12975.133
2008-10-06 22:00:00,12975.527
2008-10-06 23:00:00,12975.896
2008-10-07 00:00:00,12976.014
2008-10-07 01:00:00,12977.217
2008-10-07 02:00:00,12977.393
2008-10-07 03:00:00,12978.148
2008-10-07 04:00:00,12980.195
2008-10-07 05:00:00,12980.504
2008-10-07 06:00:00,12981.188
2008-10-07 07:00:00,12983.766
2008-10-07 08:00:00,12940.164
2008-10-07 09:00:00,13025.815
2008-10-07 10:00:00,12985.441
2008-10-07 11:00:00,12988.054
2008-10-07 12:00:00,12991.6045
2008-10-07 13:00:00,12995.387
2008-10-07 14:00:00,12997.296
2008-10-07 15:00:00,12998.521
2008-10-07 16:00:00,13001.358
2008-10-07 17:00:00,13005.409
2008-10-07 18:00:00,13011.753
2008-10-07 19:00:00,13016.837
2008-10-07 20:00:00,13019.516
2008-10-07 21:00:00,13024.434
2008-10-07 22:00:00,13023.711
2008-10-07 23:00:00,13026.416
2008-10-08 00:00:00,13028.556
2008-10-08 01:00:00,13030.418
2008-10-08 02:00:00,13032.486
2008-10-08 03:00:00,13034.399
2008-10-08 04:00:00,13035.91
2008-10-08 05:00:00,13037.792
2008-10-08 06:00:00,13039.474
2008-10-08 07:00:00,13041.235
2008-10-08 08:00:00,13041.235
2008-10-08 09:00:00,13041.535
2008-10-08 10:00:00,13041.715
2008-10-08 11:00:00,13041.715
2008-10-08 12:00:00,13041.715
2008-10-08 13:00:00,13041.715
2008-10-08 14:00:00,13041.715
2008-10-08 15:00:00,13041.715
2008-10-08 16:00:00,13041.715
2008-10-08 17:00:00,13041.715
2008-10-08 18:00:00,13041.715
2008-10-08 19:00:00,13041.715
2008-10-08 20:00:00,13041.715
2008-10-08 21:00:00,13041.715
2008-10-08 22:00:00,13041.715
2008-10-08 23:00:00,13041.8
2008-10-09 00:00:00,13041.8
2008-10-09 01:00:00,13042.213
2008-10-09 02:00:00,13042.436
2008-10-09 03:00:00,13043.365
2008-10-09 04:00:00,13044.166
2008-10-09 05:00:00,13044.407
2008-10-09 06:00:00,13044.407
2008-10-09 07:00:00,13044.407
2008-10-09 08:00:00,13045.264
2008-10-09 09:00:00,13050.854
2008-10-09 10:00:00,13050.558
2008-10-09 11:00:00,13051.095
2008-10-09 12:00:00,13051.427
2008-10-09 13:00:00,13051.427
2008-10-09 14:00:00,13051.427
2008-10-09 15:00:00,13051.427
2008-10-09 16:00:00,13051.427
2008-10-09 17:00:00,13051.427
2008-10-09 18:00:00,13051.427
2008-10-09 19:00:00,13051.427
2008-10-09 20:00:00,13051.427
2008-10-09 21:00:00,13051.427
2008-10-09 22:00:00,13051.427
2008-10-09 23:00:00,13051.427
2008-10-10 00:00:00,13051.427
2008-10-10 01:00:00,13051.427
2008-10-10 02:00:00,13051.427
2008-10-10 03:00:00,13051.427
2008-10-10 04:00:00,13045.625
2008-10-10 05:00:00,13046.534
2008-10-10 06:00:00,13049.01
2008-10-10 07:00:00,13050.026
2008-10-10 08:00:00,13050.212
2008-10-10 09:00:00,13052.13
2008-10-10 10:00:00,13052.13
2008-10-10 11:00:00,13052.13
2008-10-10 12:00:00,13052.13
2008-10-10 13:00:00,13052.13
2008-10-10 14:00:00,13052.13
2008-10-10 15:00:00,13051.427
2008-10-10 16:00:00,13051.473
2008-10-10 17:00:00,13051.801
2008-10-10 18:00:00,13051.801
2008-10-10 19:00:00,13051.801
2008-10-10 20:00:00,13051.801
2008-10-10 21:00:00,13051.801
2008-10-10 22:00:00,13051.801
2008-10-10 23:00:00,13051.801
2008-10-11 00:00:00,13051.801
2008-10-11 01:00:00,13051.801
2008-10-11 02:00:00,13051.8955
2008-10-11 03:00:00,13051.8955
2008-10-11 04:00:00,13051.8955
2008-10-11 05:00:00,13052.13
2008-10-11 06:00:00,13052.13
2008-10-11 07:00:00,13052.13
2008-10-11 08:00:00,13052.13
2008-10-11 09:00:00,13052.13
2008-10-11 10:00:00,13052.633
2008-10-11 11:00:00,13053.367
2008-10-11 12:00:00,13053.918
2008-10-11 13:00:00,13054.626
2008-10-11 14:00:00,13055.458
2008-10-11 15:00:00,13057.2295
2008-10-11 16:00:00,13058.309
2008-10-11 17:00:00,13059.449
2008-10-11 18:00:00,13060.509
2008-10-11 19:00:00,13061.829
2008-10-11 20:00:00,13063.425
2008-10-11 21:00:00,13064.731
2008-10-11 22:00:00,13067.604
2008-10-11 23:00:00,13069.88
2008-10-12 00:00:00,13071.566
2008-10-12 01:00:00,13072.486
2008-10-12 02:00:00,13074.212
2008-10-12 03:00:00,13076.032
2008-10-12 04:00:00,13077.385
2008-10-12 05:00:00,13079.391
2008-10-12 06:00:00,13082.327
2008-10-12 07:00:00,13083.277
2008-10-12 08:00:00,13083.352
2008-10-12 09:00:00,13093.652
2008-10-12 10:00:00,13093.652
2008-10-12 11:00:00,13094.017
2008-10-12 12:00:00,13094.86
2008-10-12 13:00:00,13095.668
2008-10-12 14:00:00,13097.033
2008-10-12 15:00:00,13099.298
2008-10-12 16:00:00,13102.326
2008-10-12 17:00:00,13101.144
2008-10-12 18:00:00,13087.864
2008-10-12 19:00:00,13089.764
2008-10-12 20:00:00,13091.391
2008-10-12 21:00:00,13091.391
2008-10-12 22:00:00,13092.633
2008-10-12 23:00:00,13092.75
2008-10-13 00:00:00,13092.931
2008-10-13 01:00:00,13092.931
2008-10-13 02:00:00,13093.293
2008-10-13 03:00:00,13093.652
2008-10-13 04:00:00,13093.652
2008-10-13 05:00:00,13093.652
2008-10-13 06:00:00,13093.652
2008-10-13 07:00:00,13093.652
2008-10-13 08:00:00,13093.652
2008-10-13 09:00:00,13104.166
2008-10-13 10:00:00,13106.466
2008-10-13 11:00:00,13107.441
2008-10-13 12:00:00,13108.35
2008-10-13 13:00:00,13110.205
2008-10-13 14:00:00,13113.385
2008-10-13 15:00:00,13117.491
2008-10-13 16:00:00,13121.371
2008-10-13 17:00:00,13126.105
2008-10-13 18:00:00,13132.709
2008-10-13 19:00:00,13138.379
2008-10-13 20:00:00,13144.586
2008-10-13 21:00:00,13153.516
2008-10-13 22:00:00,13162.539
2008-10-13 23:00:00,13164.924
2008-10-14 00:00:00,13166.118
2008-10-14 01:00:00,13169.671
2008-10-14 02:00:00,13170.071
2008-10-14 03:00:00,13170.107
2008-10-14 04:00:00,13173.101
2008-10-14 05:00:00,13176.452
2008-10-14 06:00:00,13180.153
2008-10-14 07:00:00,13181.817
2008-10-14 08:00:00,13184.143
2008-10-14 09:00:00,13190.822
2008-10-14 10:00:00,13185.754
2008-10-14 11:00:00,13187.842
2008-10-14 12:00:00,13187.966
2008-10-14 13:00:00,13191.434
2008-10-14 14:00:00,13192.968
2008-10-14 15:00:00,13194.403
2008-10-14 16:00:00,13195.402
2008-10-14 17:00:00,13195.533
2008-10-14 18:00:00,13196.479
2008-10-14 19:00:00,13197.378
2008-10-14 20:00:00,13198.061
2008-10-14 21:00:00,13199.598
2008-10-14 22:00:00,13200.752
2008-10-14 23:00:00,13202.134
2008-10-15 00:00:00,13202.431
2008-10-15 01:00:00,13202.983
2008-10-15 02:00:00,13203.412
2008-10-15 03:00:00,13204.711
2008-10-15 04:00:00,13206.379
2008-10-15 05:00:00,13206.6
2008-10-15 06:00:00,13206.728
2008-10-15 07:00:00,13207.413
2008-10-15 08:00:00,13209.127
2008-10-15 09:00:00,13232.564
2008-10-15 10:00:00,13232.564
2008-10-15 11:00:00,13232.564
2008-10-15 12:00:00,13232.933
2008-10-15 13:00:00,13233.994
2008-10-15 14:00:00,13209.37
2008-10-15 15:00:00,13210.769
2008-10-15 16:00:00,13210.809
2008-10-15 17:00:00,13212.619
2008-10-15 18:00:00,13212.741
2008-10-15 19:00:00,13213.102
2008-10-15 20:00:00,13213.893
2008-10-15 21:00:00,13214.05
2008-10-15 22:00:00,13214.727
2008-10-15 23:00:00,13215.904
2008-10-16 00:00:00,13219.152
2008-10-16 01:00:00,13223.418
2008-10-16 02:00:00,13223.964
2008-10-16 03:00:00,13225.245
2008-10-16 04:00:00,13226.519
2008-10-16 05:00:00,13228.271
2008-10-16 06:00:00,13228.521
2008-10-16 07:00:00,13228.883
2008-10-16 08:00:00,13231.041
2008-10-16 09:00:00,13234.196
2008-10-16 10:00:00,13234.315
2008-10-16 11:00:00,13235.272
2008-10-16 12:00:00,13236.293
2008-10-16 13:00:00,13237.735
2008-10-16 14:00:00,13240.056
2008-10-16 15:00:00,13242.91
2008-10-16 16:00:00,13246.644
2008-10-16 17:00:00,13251.3545
2008-10-16 18:00:00,13254.572
2008-10-16 19:00:00,13256.742
2008-10-16 20:00:00,13258.943
2008-10-16 21:00:00,13261.264
2008-10-16 22:00:00,13264.042
2008-10-16 23:00:00,13265.301
2008-10-17 00:00:00,13266.881
2008-10-17 01:00:00,13269.898
2008-10-17 02:00:00,13273.173
2008-10-17 03:00:00,13274.62
2008-10-17 04:00:00,13276.99
2008-10-17 05:00:00,13280.019
2008-10-17 06:00:00,13283.707
2008-10-17 07:00:00,13289.154
2008-10-17 08:00:00,13294.22
2008-10-17 09:00:00,13310.055
2008-10-17 10:00:00,13310.055
2008-10-17 11:00:00,13298.659
2008-10-17 12:00:00,13301.526
2008-10-17 13:00:00,13303.695
2008-10-17 14:00:00,13304.579
2008-10-17 15:00:00,13304.591
2008-10-17 16:00:00,13306.529
2008-10-17 17:00:00,13306.963
2008-10-17 18:00:00,13307.404
2008-10-17 19:00:00,13313.389
2008-10-17 20:00:00,13317.666
2008-10-17 21:00:00,13319.336
2008-10-17 22:00:00,13320.556
2008-10-17 23:00:00,13321.541
2008-10-18 00:00:00,13322.4375
2008-10-18 01:00:00,13323.776
2008-10-18 02:00:00,13323.9
2008-10-18 03:00:00,13324.309
2008-10-18 04:00:00,13325.323
2008-10-18 05:00:00,13328.344
2008-10-18 06:00:00,13331.357
2008-10-18 07:00:00,13333.564
2008-10-18 08:00:00,13337.618
2008-10-18 09:00:00,13339.786
2008-10-18 10:00:00,13341.988
2008-10-18 11:00:00,13348.122
2008-10-18 12:00:00,13351.433
2008-10-18 13:00:00,13354.084
2008-10-18 14:00:00,13355.619
2008-10-18 15:00:00,13357.56
2008-10-18 16:00:00,13360.999
2008-10-18 17:00:00,13364.772
2008-10-18 18:00:00,13368.81
2008-10-18 19:00:00,13371.592
2008-10-18 20:00:00,13374.594
2008-10-18 21:00:00,13376.923
2008-10-18 22:00:00,13381.525
2008-10-18 23:00:00,13386.321
2008-10-19 00:00:00,13391.039
2008-10-19 01:00:00,13396.524
2008-10-19 02:00:00,13402.502
2008-10-19 03:00:00,13411.068
2008-10-19 04:00:00,13415.391
2008-10-19 05:00:00,13420.0625
2008-10-19 06:00:00,13424.051
2008-10-19 07:00:00,13429.599
2008-10-19 08:00:00,13432.959
2008-10-19 09:00:00,13438.174
2008-10-19 10:00:00,13439.922
2008-10-19 11:00:00,13440.305
2008-10-19 12:00:00,13441.85
2008-10-19 13:00:00,13444.074
2008-10-19 14:00:00,13444.255
2008-10-19 15:00:00,13444.558
2008-10-19 16:00:00,13445.31
2008-10-19 17:00:00,13446.689
2008-10-19 18:00:00,13447.644
2008-10-19 19:00:00,13452.095
2008-10-19 20:00:00,13452.62
2008-10-19 21:00:00,13455.1455
2008-10-19 22:00:00,13457.277
2008-10-19 23:00:00,13458.757
2008-10-20 00:00:00,13463.597
2008-10-20 01:00:00,13463.63
2008-10-20 02:00:00,13463.908
2008-10-20 03:00:00,13466.116
2008-10-20 04:00:00,13466.72
2008-10-20 05:00:00,13467.571
2008-10-20 06:00:00,13469.967
2008-10-20 07:00:00,13472.158
2008-10-20 08:00:00,13472.807
2008-10-20 09:00:00,13480.398
2008-10-20 10:00:00,13473.211
2008-10-20 11:00:00,13474.231
2008-10-20 12:00:00,13475.863
2008-10-20 13:00:00,13475.922
2008-10-20 14:00:00,13476.501
2008-10-20 15:00:00,13478.732
2008-10-20 16:00:00,13480.296
2008-10-20 17:00:00,13480.296
2008-10-20 18:00:00,13480.296
2008-10-20 19:00:00,13480.296
2008-10-20 20:00:00,13480.296
2008-10-20 21:00:00,13480.296
2008-10-20 22:00:00,13480.352
2008-10-20 23:00:00,13481.6
2008-10-21 00:00:00,13483.54
2008-10-21 01:00:00,13487.49
2008-10-21 02:00:00,13489.674
2008-10-21 03:00:00,13490.436
2008-10-21 04:00:00,13492.49
2008-10-21 05:00:00,13495.009
2008-10-21 06:00:00,13497.188
2008-10-21 07:00:00,13498.464
2008-10-21 08:00:00,13500.467
2008-10-21 09:00:00,13501.921
2008-10-21 10:00:00,13502.46
2008-10-21 11:00:00,13503.187
2008-10-21 12:00:00,13503.444
2008-10-21 13:00:00,13503.444
2008-10-21 14:00:00,13503.778
2008-10-21 15:00:00,13503.778
2008-10-21 16:00:00,13503.778
2008-10-21 17:00:00,13503.778
2008-10-21 18:00:00,13503.778
2008-10-21 19:00:00,13503.778
2008-10-21 20:00:00,13503.778
2008-10-21 21:00:00,13503.778
2008-10-21 22:00:00,13503.778
2008-10-21 23:00:00,13503.778
2008-10-22 00:00:00,13503.778
2008-10-22 01:00:00,13503.778
2008-10-22 02:00:00,13503.778
2008-10-22 03:00:00,13503.778
2008-10-22 04:00:00,13503.778
2008-10-22 05:00:00,13503.778
2008-10-22 06:00:00,13503.778
2008-10-22 07:00:00,13503.778
2008-10-22 08:00:00,13503.778
2008-10-22 09:00:00,13504.112
2008-10-22 10:00:00,13503.778
2008-10-22 11:00:00,13505.458
2008-10-22 12:00:00,13506.148
2008-10-22 13:00:00,13506.148
2008-10-22 14:00:00,13506.148
2008-10-22 15:00:00,13506.148
2008-10-22 16:00:00,13506.148
2008-10-22 17:00:00,13506.148
2008-10-22 18:00:00,13506.148
2008-10-22 19:00:00,13506.148
2008-10-22 20:00:00,13506.148
2008-10-22 21:00:00,13506.148
2008-10-22 22:00:00,13506.148
2008-10-22 23:00:00,13506.148
2008-10-23 00:00:00,13506.148
2008-10-23 01:00:00,13506.148
2008-10-23 02:00:00,13506.148
2008-10-23 03:00:00,13506.148
2008-10-23 04:00:00,13503.778
2008-10-23 05:00:00,13503.778
2008-10-23 06:00:00,13503.778
2008-10-23 07:00:00,13503.778
2008-10-23 08:00:00,13503.778
2008-10-23 09:00:00,13507.03
2008-10-23 10:00:00,13507.03
2008-10-23 11:00:00,13507.03
2008-10-23 12:00:00,13507.03
2008-10-23 13:00:00,13507.03
2008-10-23 14:00:00,13507.03
2008-10-23 15:00:00,13506.148
2008-10-23 16:00:00,13506.148
2008-10-23 17:00:00,13506.148
2008-10-23 18:00:00,13506.148
2008-10-23 19:00:00,13506.424
2008-10-23 20:00:00,13506.835
2008-10-23 21:00:00,13506.835
2008-10-23 22:00:00,13506.835
2008-10-23 23:00:00,13506.835
2008-10-24 00:00:00,13506.835
2008-10-24 01:00:00,13506.835
2008-10-24 02:00:00,13506.835
2008-10-24 03:00:00,13507.03
2008-10-24 04:00:00,13507.03
2008-10-24 05:00:00,13507.03
2008-10-24 06:00:00,13507.03
2008-10-24 07:00:00,13507.03
2008-10-24 08:00:00,13507.03
2008-10-24 09:00:00,13507.03
2008-10-24 10:00:00,13507.03
2008-10-24 11:00:00,13507.03
2008-10-24 12:00:00,13507.03
2008-10-24 13:00:00,13507.03
2008-10-24 14:00:00,13507.03
2008-10-24 15:00:00,13507.03
2008-10-24 16:00:00,13507.03
2008-10-24 17:00:00,13507.03
2008-10-24 18:00:00,13507.03
2008-10-24 19:00:00,13507.03
2008-10-24 20:00:00,13507.03
2008-10-24 21:00:00,13507.03
2008-10-24 22:00:00,13507.03
2008-10-24 23:00:00,13507.03
2008-10-25 00:00:00,13507.03
2008-10-25 01:00:00,13507.03
2008-10-25 02:00:00,13507.03
2008-10-25 03:00:00,13507.03
2008-10-25 04:00:00,13507.03
2008-10-25 05:00:00,13507.03
2008-10-25 06:00:00,13507.03
2008-10-25 07:00:00,13507.03
2008-10-25 08:00:00,13507.03
2008-10-25 09:00:00,13507.03
2008-10-25 10:00:00,13507.03
2008-10-25 11:00:00,13507.03
2008-10-25 12:00:00,13507.03
2008-10-25 13:00:00,13507.03
2008-10-25 14:00:00,13507.03
2008-10-25 15:00:00,13507.03
2008-10-25 16:00:00,13507.03
2008-10-25 17:00:00,13507.03
2008-10-25 18:00:00,13507.03
2008-10-25 19:00:00,13507.03
2008-10-25 20:00:00,13507.03
2008-10-25 21:00:00,13507.03
2008-10-25 22:00:00,13507.03
2008-10-25 23:00:00,13507.03
2008-10-26 00:00:00,13507.03
2008-10-26 01:00:00,13507.03
2008-10-26 02:00:00,13507.03
2008-10-26 03:00:00,13507.03
2008-10-26 04:00:00,13507.03
2008-10-26 05:00:00,13507.03
2008-10-26 06:00:00,13507.03
2008-10-26 07:00:00,13507.03
2008-10-26 08:00:00,13507.03
2008-10-26 09:00:00,13507.03
2008-10-26 10:00:00,13507.03
2008-10-26 11:00:00,13507.03
2008-10-26 12:00:00,13507.03
2008-10-26 13:00:00,13507.03
2008-10-26 14:00:00,13507.03
2008-10-26 15:00:00,13507.03
2008-10-26 16:00:00,13508.096
2008-10-26 17:00:00,13508.739
2008-10-26 18:00:00,13508.843
2008-10-26 19:00:00,13508.958
2008-10-26 20:00:00,13509.382
2008-10-26 21:00:00,13509.748
2008-10-26 22:00:00,13510.03
2008-10-26 23:00:00,13510.035
2008-10-27 00:00:00,13510.182
2008-10-27 01:00:00,13510.182
2008-10-27 02:00:00,13510.182
2008-10-27 03:00:00,13510.182
2008-10-27 04:00:00,13510.182
2008-10-27 05:00:00,13510.182
2008-10-27 06:00:00,13510.182
2008-10-27 07:00:00,13510.182
2008-10-27 08:00:00,13510.182
2008-10-27 09:00:00,13510.993
2008-10-27 10:00:00,13510.182
2008-10-27 11:00:00,13510.263
2008-10-27 12:00:00,13510.359
2008-10-27 13:00:00,13510.59
2008-10-27 14:00:00,13511.315
2008-10-27 15:00:00,13511.686
2008-10-27 16:00:00,13512.239
2008-10-27 17:00:00,13512.519
2008-10-27 18:00:00,13512.519
2008-10-27 19:00:00,13513.228
2008-10-27 20:00:00,13514.493
2008-10-27 21:00:00,13514.62
2008-10-27 22:00:00,13515.295
2008-10-27 23:00:00,13515.563
2008-10-28 00:00:00,13516.283
2008-10-28 01:00:00,13517.158
2008-10-28 02:00:00,13517.494
2008-10-28 03:00:00,13517.494
2008-10-28 04:00:00,13517.494
2008-10-28 05:00:00,13517.494
2008-10-28 06:00:00,13518.112
2008-10-28 07:00:00,13518.796
2008-10-28 08:00:00,13519.22
2008-10-28 09:00:00,13519.22
2008-10-28 10:00:00,13519.22
2008-10-28 11:00:00,13519.22
2008-10-28 12:00:00,13519.22
2008-10-28 13:00:00,13519.22
2008-10-28 14:00:00,13519.22
2008-10-28 15:00:00,13519.22
2008-10-28 16:00:00,13519.22
2008-10-28 17:00:00,13519.22
2008-10-28 18:00:00,13519.22
2008-10-28 19:00:00,13519.22
2008-10-28 20:00:00,13519.22
2008-10-28 21:00:00,13519.22
2008-10-28 22:00:00,13519.22
2008-10-28 23:00:00,13519.22
2008-10-29 00:00:00,13519.22
2008-10-29 01:00:00,13519.22
2008-10-29 02:00:00,13519.22
2008-10-29 03:00:00,13519.22
2008-10-29 04:00:00,13519.22
2008-10-29 05:00:00,13519.22
2008-10-29 06:00:00,13519.22
2008-10-29 07:00:00,13519.22
2008-10-29 08:00:00,13519.22
2008-10-29 09:00:00,13519.22
2008-10-29 10:00:00,13519.22
2008-10-29 11:00:00,13519.22
2008-10-29 12:00:00,13519.22
2008-10-29 13:00:00,13519.22
2008-10-29 14:00:00,13519.22
2008-10-29 15:00:00,13519.22
2008-10-29 16:00:00,13519.22
2008-10-29 17:00:00,13519.22
2008-10-29 18:00:00,13519.22
2008-10-29 19:00:00,13519.22
2008-10-29 20:00:00,13519.22
2008-10-29 21:00:00,13519.22
2008-10-29 22:00:00,13519.22
2008-10-29 23:00:00,13519.22
2008-10-30 00:00:00,13519.22
2008-10-30 01:00:00,13519.22
2008-10-30 02:00:00,13519.22
2008-10-30 03:00:00,13519.22
2008-10-30 04:00:00,13519.22
2008-10-30 05:00:00,13519.22
2008-10-30 06:00:00,13519.22
2008-10-30 07:00:00,13519.22
2008-10-30 08:00:00,13519.22
2008-10-30 09:00:00,13519.22
2008-10-30 10:00:00,13519.22
2008-10-30 11:00:00,13519.22
2008-10-30 12:00:00,13519.22
2008-10-30 13:00:00,13519.22
2008-10-30 14:00:00,13519.22
2008-10-30 15:00:00,13519.22
2008-10-30 16:00:00,13519.22
2008-10-30 17:00:00,13519.22
2008-10-30 18:00:00,13519.22
2008-10-30 19:00:00,13519.22
2008-10-30 20:00:00,13519.22
2008-10-30 21:00:00,13519.22
2008-10-30 22:00:00,13519.22
2008-10-30 23:00:00,13519.22
2008-10-31 00:00:00,13519.22
2008-10-31 01:00:00,13519.22
2008-10-31 02:00:00,13519.22
2008-10-31 03:00:00,13519.22
2008-10-31 04:00:00,13519.22
2008-10-31 05:00:00,13519.22
2008-10-31 06:00:00,13519.22
2008-10-31 07:00:00,13519.22
2008-10-31 08:00:00,13519.22
2008-10-31 09:00:00,13519.22
2008-10-31 10:00:00,13519.22
2008-10-31 11:00:00,13519.22
2008-10-31 12:00:00,13519.22
2008-10-31 13:00:00,13519.22
2008-10-31 14:00:00,13519.22
2008-10-31 15:00:00,13519.22
2008-10-31 16:00:00,13519.22
2008-10-31 17:00:00,13519.22
2008-10-31 18:00:00,13519.22
2008-10-31 19:00:00,13519.22
2008-10-31 20:00:00,13519.22
2008-10-31 21:00:00,13519.529
2008-10-31 22:00:00,13520.295
2008-10-31 23:00:00,13521.036
2008-11-01 00:00:00,13521.744
2008-11-01 01:00:00,13522.422
2008-11-01 02:00:00,13523.122
2008-11-01 03:00:00,13523.382
2008-11-01 04:00:00,13523.382
2008-11-01 05:00:00,13523.382
2008-11-01 06:00:00,13523.382
2008-11-01 07:00:00,13523.382
2008-11-01 08:00:00,13523.382
2008-11-01 09:00:00,13523.382
2008-11-01 10:00:00,13523.382
2008-11-01 11:00:00,13523.382
2008-11-01 12:00:00,13523.382
2008-11-01 13:00:00,13523.382
2008-11-01 14:00:00,13523.382
2008-11-01 15:00:00,13524.081
2008-11-01 16:00:00,13526.163
2008-11-01 17:00:00,13528.529
2008-11-01 18:00:00,13531.1455
2008-11-01 19:00:00,13532.903
2008-11-01 20:00:00,13534.9375
2008-11-01 21:00:00,13536.425
2008-11-01 22:00:00,13536.443
2008-11-01 23:00:00,13536.443
2008-11-02 00:00:00,13536.443
2008-11-02 01:00:00,13536.443
2008-11-02 02:00:00,13536.443
2008-11-02 03:00:00,13536.443
2008-11-02 04:00:00,13536.443
2008-11-02 05:00:00,13536.443
2008-11-02 06:00:00,13536.443
2008-11-02 07:00:00,13536.443
2008-11-02 08:00:00,13523.382
2008-11-02 09:00:00,13568.123
2008-11-02 10:00:00,13536.443
2008-11-02 11:00:00,13538.122
2008-11-02 12:00:00,13541.31
2008-11-02 13:00:00,13545.183
2008-11-02 14:00:00,13549.177
2008-11-02 15:00:00,13551.434
2008-11-02 16:00:00,13551.435
2008-11-02 17:00:00,13552.282
2008-11-02 18:00:00,13552.589
2008-11-02 19:00:00,13552.589
2008-11-02 20:00:00,13553.404
2008-11-02 21:00:00,13556.261
2008-11-02 22:00:00,13559.837
2008-11-02 23:00:00,13563.771
2008-11-03 00:00:00,13571.524
2008-11-03 01:00:00,13575.361
2008-11-03 02:00:00,13577.905
2008-11-03 03:00:00,13579.055
2008-11-03 04:00:00,13580.267
2008-11-03 05:00:00,13581.193
2008-11-03 06:00:00,13582.022
2008-11-03 07:00:00,13582.906
2008-11-03 08:00:00,13583.345
2008-11-03 09:00:00,13583.745
2008-11-03 10:00:00,13585.496
2008-11-03 11:00:00,13585.496
2008-11-03 12:00:00,13586.08
2008-11-03 13:00:00,13586.809
2008-11-03 14:00:00,13587.929
2008-11-03 15:00:00,13588.391
2008-11-03 16:00:00,13589.864
2008-11-03 17:00:00,13591.115
2008-11-03 18:00:00,13592.108
2008-11-03 19:00:00,13592.504
2008-11-03 20:00:00,13592.856
2008-11-03 21:00:00,13592.856
2008-11-03 22:00:00,13592.856
2008-11-03 23:00:00,13592.856
2008-11-04 00:00:00,13592.856
2008-11-04 01:00:00,13592.856
2008-11-04 02:00:00,13592.856
2008-11-04 03:00:00,13593.544
2008-11-04 04:00:00,13593.974
2008-11-04 05:00:00,13594.057
2008-11-04 06:00:00,13594.437
2008-11-04 07:00:00,13594.536
2008-11-04 08:00:00,13595.19
2008-11-04 09:00:00,13596.235
2008-11-04 10:00:00,13596.235
2008-11-04 11:00:00,13596.235
2008-11-04 12:00:00,13596.235
2008-11-04 13:00:00,13596.235
2008-11-04 14:00:00,13596.235
2008-11-04 15:00:00,13596.235
2008-11-04 16:00:00,13596.235
2008-11-04 17:00:00,13596.235
2008-11-04 18:00:00,13596.235
2008-11-04 19:00:00,13596.235
2008-11-04 20:00:00,13596.235
2008-11-04 21:00:00,13596.235
2008-11-04 22:00:00,13596.235
2008-11-04 23:00:00,13596.235
2008-11-05 00:00:00,13596.235
2008-11-05 01:00:00,13596.235
2008-11-05 02:00:00,13596.235
2008-11-05 03:00:00,13596.067
2008-11-05 04:00:00,13596.235
2008-11-05 05:00:00,13596.235
2008-11-05 06:00:00,13596.235
2008-11-05 07:00:00,13596.235
2008-11-05 08:00:00,13596.235
2008-11-05 09:00:00,13596.235
2008-11-05 10:00:00,13596.235
2008-11-05 11:00:00,13596.235
2008-11-05 12:00:00,13596.235
2008-11-05 13:00:00,13596.235
2008-11-05 14:00:00,13596.235
2008-11-05 15:00:00,13596.235
2008-11-05 16:00:00,13596.235
2008-11-05 17:00:00,13596.235
2008-11-05 18:00:00,13596.235
2008-11-05 19:00:00,13596.235
2008-11-05 20:00:00,13596.235
2008-11-05 21:00:00,13596.235
2008-11-05 22:00:00,13596.235
2008-11-05 23:00:00,13596.235
2008-11-06 00:00:00,13596.235
2008-11-06 01:00:00,13596.235
2008-11-06 02:00:00,13596.235
2008-11-06 03:00:00,13596.235
2008-11-06 04:00:00,13596.235
2008-11-06 05:00:00,13596.235
2008-11-06 06:00:00,13596.235
2008-11-06 07:00:00,13596.235
2008-11-06 08:00:00,13596.235
2008-11-06 09:00:00,13596.235
2008-11-06 10:00:00,13596.235
2008-11-06 11:00:00,13596.235
2008-11-06 12:00:00,13596.235
2008-11-06 13:00:00,13596.235
2008-11-06 14:00:00,13596.235
2008-11-06 15:00:00,13596.538
2008-11-06 16:00:00,13596.619
2008-11-06 17:00:00,13596.619
2008-11-06 18:00:00,13596.97
2008-11-06 19:00:00,13597.732
2008-11-06 20:00:00,13597.878
2008-11-06 21:00:00,13598.293
2008-11-06 22:00:00,13598.293
2008-11-06 23:00:00,13598.293
2008-11-07 00:00:00,13598.293
2008-11-07 01:00:00,13598.64
2008-11-07 02:00:00,13599.525
2008-11-07 03:00:00,13600.99
2008-11-07 04:00:00,13602.523
2008-11-07 05:00:00,13603.327
2008-11-07 06:00:00,13604.131
2008-11-07 07:00:00,13605.353
2008-11-07 08:00:00,13606.178
2008-11-07 09:00:00,13616.519
2008-11-07 10:00:00,13615.92
2008-11-07 11:00:00,13616.705
2008-11-07 12:00:00,13618.212
2008-11-07 13:00:00,13619.575
2008-11-07 14:00:00,13621.072
2008-11-07 15:00:00,13622.164
2008-11-07 16:00:00,13623.676
2008-11-07 17:00:00,13628.647
2008-11-07 18:00:00,13607.167
2008-11-07 19:00:00,13608.409
2008-11-07 20:00:00,13609.186
2008-11-07 21:00:00,13610.503
2008-11-07 22:00:00,13611.613
2008-11-07 23:00:00,13612.558
2008-11-08 00:00:00,13613.14
2008-11-08 01:00:00,13613.781
2008-11-08 02:00:00,13614.45
2008-11-08 03:00:00,13614.769
2008-11-08 04:00:00,13615.389
2008-11-08 05:00:00,13615.459
2008-11-08 06:00:00,13615.469
2008-11-08 07:00:00,13615.469
2008-11-08 08:00:00,13615.469
2008-11-08 09:00:00,13634.095
2008-11-08 10:00:00,13637.723
2008-11-08 11:00:00,13640.346
2008-11-08 12:00:00,13643.921
2008-11-08 13:00:00,13647.093
2008-11-08 14:00:00,13650.75
2008-11-08 15:00:00,13654.871
2008-11-08 16:00:00,13657.981
2008-11-08 17:00:00,13662.326
2008-11-08 18:00:00,13663.56
2008-11-08 19:00:00,13668.007
2008-11-08 20:00:00,13668.958
2008-11-08 21:00:00,13670.957
2008-11-08 22:00:00,13675.214
2008-11-08 23:00:00,13679.035
2008-11-09 00:00:00,13684.08
2008-11-09 01:00:00,13687.96
2008-11-09 02:00:00,13692.355
2008-11-09 03:00:00,13694.953
2008-11-09 04:00:00,13700.139
2008-11-09 05:00:00,13704.301
2008-11-09 06:00:00,13709.347
2008-11-09 07:00:00,13714.391
2008-11-09 08:00:00,13720.39
2008-11-09 09:00:00,13732.334
2008-11-09 10:00:00,13724.924
2008-11-09 11:00:00,13727.493
2008-11-09 12:00:00,13729.373
2008-11-09 13:00:00,13730.485
2008-11-09 14:00:00,13735.438
2008-11-09 15:00:00,13737.763
2008-11-09 16:00:00,13738.434
2008-11-09 17:00:00,13738.898
2008-11-09 18:00:00,13739.243
2008-11-09 19:00:00,13739.604
2008-11-09 20:00:00,13739.8545
2008-11-09 21:00:00,13740.208
2008-11-09 22:00:00,13742.171
2008-11-09 23:00:00,13745.0205
2008-11-10 00:00:00,13747.196
2008-11-10 01:00:00,13749.442
2008-11-10 02:00:00,13751.103
2008-11-10 03:00:00,13752.198
2008-11-10 04:00:00,13752.213
2008-11-10 05:00:00,13752.665
2008-11-10 06:00:00,13752.665
2008-11-10 07:00:00,13752.665
2008-11-10 08:00:00,13752.665
2008-11-10 09:00:00,13771.594
2008-11-10 10:00:00,13772.911
2008-11-10 11:00:00,13776.511
2008-11-10 12:00:00,13779.494
2008-11-10 13:00:00,13781.765
2008-11-10 14:00:00,13753.545
2008-11-10 15:00:00,13754.425
2008-11-10 16:00:00,13755.14
2008-11-10 17:00:00,13755.275
2008-11-10 18:00:00,13756.046
2008-11-10 19:00:00,13756.9375
2008-11-10 20:00:00,13757.712
2008-11-10 21:00:00,13758.397
2008-11-10 22:00:00,13759.706
2008-11-10 23:00:00,13761.8955
2008-11-11 00:00:00,13764.144
2008-11-11 01:00:00,13766.487
2008-11-11 02:00:00,13767.97
2008-11-11 03:00:00,13767.97
2008-11-11 04:00:00,13769.051
2008-11-11 05:00:00,13770.263
2008-11-11 06:00:00,13771.35
2008-11-11 07:00:00,13771.504
2008-11-11 08:00:00,13771.504
2008-11-11 09:00:00,13784.422
2008-11-11 10:00:00,13786.423
2008-11-11 11:00:00,13787.293
2008-11-11 12:00:00,13790.184
2008-11-11 13:00:00,13793.095
2008-11-11 14:00:00,13796.583
2008-11-11 15:00:00,13798.896
2008-11-11 16:00:00,13799.494
2008-11-11 17:00:00,13804.684
2008-11-11 18:00:00,13806.909
2008-11-11 19:00:00,13807.975
2008-11-11 20:00:00,13810.128
2008-11-11 21:00:00,13812.516
2008-11-11 22:00:00,13815.118
2008-11-11 23:00:00,13816.792
2008-11-12 00:00:00,13819.375
2008-11-12 01:00:00,13819.739
2008-11-12 02:00:00,13821.242
2008-11-12 03:00:00,13823.852
2008-11-12 04:00:00,13828.71
2008-11-12 05:00:00,13831.091
2008-11-12 06:00:00,13835.232
2008-11-12 07:00:00,13835.985
2008-11-12 08:00:00,13836.96
2008-11-12 09:00:00,13849.572
2008-11-12 10:00:00,13848.707
2008-11-12 11:00:00,13837.855
2008-11-12 12:00:00,13838.558
2008-11-12 13:00:00,13839.264
2008-11-12 14:00:00,13840.079
2008-11-12 15:00:00,13841.011
2008-11-12 16:00:00,13842.692
2008-11-12 17:00:00,13844.054
2008-11-12 18:00:00,13844.94
2008-11-12 19:00:00,13853.038
2008-11-12 20:00:00,13854.422
2008-11-12 21:00:00,13855.26
2008-11-12 22:00:00,13857.628
2008-11-12 23:00:00,13861.376
2008-11-13 00:00:00,13864.55
2008-11-13 01:00:00,13866.12
2008-11-13 02:00:00,13866.447
2008-11-13 03:00:00,13866.804
2008-11-13 04:00:00,13866.977
2008-11-13 05:00:00,13871.495
2008-11-13 06:00:00,13873.703
2008-11-13 07:00:00,13875.53
2008-11-13 08:00:00,13876.761
2008-11-13 09:00:00,13880.083
2008-11-13 10:00:00,13881.709
2008-11-13 11:00:00,13883.585
2008-11-13 12:00:00,13885.848
2008-11-13 13:00:00,13888.401
2008-11-13 14:00:00,13891.543
2008-11-13 15:00:00,13894.705
2008-11-13 16:00:00,13897.059
2008-11-13 17:00:00,13898.91
2008-11-13 18:00:00,13901.789
2008-11-13 19:00:00,13902.239
2008-11-13 20:00:00,13902.239
2008-11-13 21:00:00,13903.113
2008-11-13 22:00:00,13903.113
2008-11-13 23:00:00,13903.626
2008-11-14 00:00:00,13905.0625
2008-11-14 01:00:00,13905.0625
2008-11-14 02:00:00,13905.99
2008-11-14 03:00:00,13908.308
2008-11-14 04:00:00,13909.362
2008-11-14 05:00:00,13911.175
2008-11-14 06:00:00,13913.081
2008-11-14 07:00:00,13914.344
2008-11-14 08:00:00,13915.726
2008-11-14 09:00:00,13920.193
2008-11-14 10:00:00,13917.4795
2008-11-14 11:00:00,13921.284
2008-11-14 12:00:00,13922.019
2008-11-14 13:00:00,13923.269
2008-11-14 14:00:00,13923.667
2008-11-14 15:00:00,13924.61
2008-11-14 16:00:00,13926.149
2008-11-14 17:00:00,13928.127
2008-11-14 18:00:00,13929.749
2008-11-14 19:00:00,13931.459
2008-11-14 20:00:00,13932.401
2008-11-14 21:00:00,13934.862
2008-11-14 22:00:00,13936.301
2008-11-14 23:00:00,13939.091
2008-11-15 00:00:00,13941.276
2008-11-15 01:00:00,13943.337
2008-11-15 02:00:00,13944.987
2008-11-15 03:00:00,13946.702
2008-11-15 04:00:00,13950.003
2008-11-15 05:00:00,13953.93
2008-11-15 06:00:00,13958.222
2008-11-15 07:00:00,13963.047
2008-11-15 08:00:00,13916.95
2008-11-15 09:00:00,13973.636
2008-11-15 10:00:00,13968.571
2008-11-15 11:00:00,13971.786
2008-11-15 12:00:00,13972.5
2008-11-15 13:00:00,13973.283
2008-11-15 14:00:00,13973.283
2008-11-15 15:00:00,13973.283
2008-11-15 16:00:00,13973.283
2008-11-15 17:00:00,13973.283
2008-11-15 18:00:00,13973.283
2008-11-15 19:00:00,13973.283
2008-11-15 20:00:00,13973.511
2008-11-15 21:00:00,13973.511
2008-11-15 22:00:00,13973.511
2008-11-15 23:00:00,13973.511
2008-11-16 00:00:00,13975.929
2008-11-16 01:00:00,13976.832
2008-11-16 02:00:00,13980.103
2008-11-16 03:00:00,13985.247
2008-11-16 04:00:00,13988.18
2008-11-16 05:00:00,13990.538
2008-11-16 06:00:00,13991.703
2008-11-16 07:00:00,13992.692
2008-11-16 08:00:00,13993.513
2008-11-16 09:00:00,13994.641
2008-11-16 10:00:00,13996.357
2008-11-16 11:00:00,14000.264
2008-11-16 12:00:00,14005.144
2008-11-16 13:00:00,14005.504
2008-11-16 14:00:00,14005.7295
2008-11-16 15:00:00,14005.895
2008-11-16 16:00:00,14005.895
2008-11-16 17:00:00,14005.895
2008-11-16 18:00:00,14005.895
2008-11-16 19:00:00,14005.895
2008-11-16 20:00:00,14005.895
2008-11-16 21:00:00,14005.895
2008-11-16 22:00:00,14005.895
2008-11-16 23:00:00,14005.895
2008-11-17 00:00:00,14005.895
2008-11-17 01:00:00,14005.895
2008-11-17 02:00:00,14005.895
2008-11-17 03:00:00,14005.895
2008-11-17 04:00:00,14005.895
2008-11-17 05:00:00,14005.895
2008-11-17 06:00:00,14005.895
2008-11-17 07:00:00,14005.895
2008-11-17 08:00:00,14005.895
2008-11-17 09:00:00,14005.895
2008-11-17 10:00:00,14005.895
2008-11-17 11:00:00,14005.895
2008-11-17 12:00:00,14005.895
2008-11-17 13:00:00,14005.895
2008-11-17 14:00:00,14006.107
2008-11-17 15:00:00,14006.107
2008-11-17 16:00:00,14006.182
2008-11-17 17:00:00,14006.536
2008-11-17 18:00:00,14006.536
2008-11-17 19:00:00,14006.536
2008-11-17 20:00:00,14006.636
2008-11-17 21:00:00,14006.8
2008-11-17 22:00:00,14007.287
2008-11-17 23:00:00,14007.367
2008-11-18 00:00:00,14007.41
2008-11-18 01:00:00,14007.594
2008-11-18 02:00:00,14007.594
2008-11-18 03:00:00,14007.628
2008-11-18 04:00:00,14005.895
2008-11-18 05:00:00,14005.895
2008-11-18 06:00:00,14005.895
2008-11-18 07:00:00,14005.895
2008-11-18 08:00:00,14005.895
2008-11-18 09:00:00,14024.045
2008-11-18 10:00:00,14025.805
2008-11-18 11:00:00,14027.778
2008-11-18 12:00:00,14030.034
2008-11-18 13:00:00,14031.073
2008-11-18 14:00:00,14022.453
2008-11-18 15:00:00,14008.4795
2008-11-18 16:00:00,14009.647
2008-11-18 17:00:00,14010.323
2008-11-18 18:00:00,14011.845
2008-11-18 19:00:00,14013.478
2008-11-18 20:00:00,14013.957
2008-11-18 21:00:00,14015.7295
2008-11-18 22:00:00,14017.824
2008-11-18 23:00:00,14018.093
2008-11-19 00:00:00,14018.11
2008-11-19 01:00:00,14019.566
2008-11-19 02:00:00,14020.679
2008-11-19 03:00:00,14020.988
2008-11-19 04:00:00,14020.988
2008-11-19 05:00:00,14021.07
2008-11-19 06:00:00,14021.07
2008-11-19 07:00:00,14021.07
2008-11-19 08:00:00,14021.285
2008-11-19 09:00:00,14031.905
2008-11-19 10:00:00,14033.962
2008-11-19 11:00:00,14036.748
2008-11-19 12:00:00,14039.609
2008-11-19 13:00:00,14041.125
2008-11-19 14:00:00,14043.193
2008-11-19 15:00:00,14048.049
2008-11-19 16:00:00,14052.158
2008-11-19 17:00:00,14053.48
2008-11-19 18:00:00,14053.816
2008-11-19 19:00:00,14055.116
2008-11-19 20:00:00,14058.374
2008-11-19 21:00:00,14062.503
2008-11-19 22:00:00,14065.6875
2008-11-19 23:00:00,14069.156
2008-11-20 00:00:00,14072.841
2008-11-20 01:00:00,14075.831
2008-11-20 02:00:00,14079.082
2008-11-20 03:00:00,14082.07
2008-11-20 04:00:00,14085.644
2008-11-20 05:00:00,14091.16
2008-11-20 06:00:00,14097.538
2008-11-20 07:00:00,14102.415
2008-11-20 08:00:00,14109.646
2008-11-20 09:00:00,14170.115
2008-11-20 10:00:00,14167.3
2008-11-20 11:00:00,14171.371
2008-11-20 12:00:00,14174.331
2008-11-20 13:00:00,14175.635
2008-11-20 14:00:00,14175.65
2008-11-20 15:00:00,14177.17
2008-11-20 16:00:00,14177.405
2008-11-20 17:00:00,14179.194
2008-11-20 18:00:00,14114.912
2008-11-20 19:00:00,14119.771
2008-11-20 20:00:00,14124.825
2008-11-20 21:00:00,14130.799
2008-11-20 22:00:00,14135.534
2008-11-20 23:00:00,14137.897
2008-11-21 00:00:00,14142.35
2008-11-21 01:00:00,14146.208
2008-11-21 02:00:00,14148.879
2008-11-21 03:00:00,14153.855
2008-11-21 04:00:00,14155.668
2008-11-21 05:00:00,14157.78
2008-11-21 06:00:00,14160.602
2008-11-21 07:00:00,14161.862
2008-11-21 08:00:00,14163.231
2008-11-21 09:00:00,14179.441
2008-11-21 10:00:00,14179.441
2008-11-21 11:00:00,14179.441
2008-11-21 12:00:00,14179.441
2008-11-21 13:00:00,14179.744
2008-11-21 14:00:00,14179.957
2008-11-21 15:00:00,14179.957
2008-11-21 16:00:00,14180.634
2008-11-21 17:00:00,14180.065
2008-11-21 18:00:00,14180.678
2008-11-21 19:00:00,14181.233
2008-11-21 20:00:00,14182.103
2008-11-21 21:00:00,14183.191
2008-11-21 22:00:00,14183.829
2008-11-21 23:00:00,14187.061
2008-11-22 00:00:00,14188.949
2008-11-22 01:00:00,14189.63
2008-11-22 02:00:00,14189.823
2008-11-22 03:00:00,14189.823
2008-11-22 04:00:00,14189.823
2008-11-22 05:00:00,14189.823
2008-11-22 06:00:00,14189.823
2008-11-22 07:00:00,14189.823
2008-11-22 08:00:00,14189.823
2008-11-22 09:00:00,14189.823
2008-11-22 10:00:00,14189.823
2008-11-22 11:00:00,14189.823
2008-11-22 12:00:00,14189.823
2008-11-22 13:00:00,14189.823
2008-11-22 14:00:00,14189.823
2008-11-22 15:00:00,14189.823
2008-11-22 16:00:00,14189.823
2008-11-22 17:00:00,14189.823
2008-11-22 18:00:00,14189.823
2008-11-22 19:00:00,14189.823
2008-11-22 20:00:00,14189.823
2008-11-22 21:00:00,14189.823
2008-11-22 22:00:00,14189.823
2008-11-22 23:00:00,14189.823
2008-11-23 00:00:00,14189.841
2008-11-23 01:00:00,14190.686
2008-11-23 02:00:00,14191.489
2008-11-23 03:00:00,14192.893
2008-11-23 04:00:00,14194.459
2008-11-23 05:00:00,14195.552
2008-11-23 06:00:00,14196.391
2008-11-23 07:00:00,14197.199
2008-11-23 08:00:00,14197.962
2008-11-23 09:00:00,14198.302
2008-11-23 10:00:00,14198.302
2008-11-23 11:00:00,14198.302
2008-11-23 12:00:00,14198.302
2008-11-23 13:00:00,14198.305
2008-11-23 14:00:00,14198.302
2008-11-23 15:00:00,14198.302
2008-11-23 16:00:00,14198.302
2008-11-23 17:00:00,14198.302
2008-11-23 18:00:00,14198.302
2008-11-23 19:00:00,14198.302
2008-11-23 20:00:00,14198.302
2008-11-23 21:00:00,14198.302
2008-11-23 22:00:00,14198.302
2008-11-23 23:00:00,14198.302
2008-11-24 00:00:00,14198.302
2008-11-24 01:00:00,14198.302
2008-11-24 02:00:00,14198.302
2008-11-24 03:00:00,14198.302
2008-11-24 04:00:00,14198.302
2008-11-24 05:00:00,14198.302
2008-11-24 06:00:00,14198.302
2008-11-24 07:00:00,14198.302
2008-11-24 08:00:00,14198.302
2008-11-24 09:00:00,14198.305
2008-11-24 10:00:00,14198.305
2008-11-24 11:00:00,14198.325
2008-11-24 12:00:00,14198.325
2008-11-24 13:00:00,14198.987
2008-11-24 14:00:00,14200.21
2008-11-24 15:00:00,14200.428
2008-11-24 16:00:00,14200.428
2008-11-24 17:00:00,14200.428
2008-11-24 18:00:00,14200.428
2008-11-24 19:00:00,14200.559
2008-11-24 20:00:00,14200.702
2008-11-24 21:00:00,14201.006
2008-11-24 22:00:00,14201.006
2008-11-24 23:00:00,14201.006
2008-11-25 00:00:00,14201.006
2008-11-25 01:00:00,14201.006
2008-11-25 02:00:00,14201.006
2008-11-25 03:00:00,14201.006
2008-11-25 04:00:00,14201.006
2008-11-25 05:00:00,14201.006
2008-11-25 06:00:00,14201.006
2008-11-25 07:00:00,14201.006
2008-11-25 08:00:00,14201.006
2008-11-25 09:00:00,14201.006
2008-11-25 10:00:00,14201.006
2008-11-25 11:00:00,14201.006
2008-11-25 12:00:00,14201.006
2008-11-25 13:00:00,14201.006
2008-11-25 14:00:00,14201.006
2008-11-25 15:00:00,14201.006
2008-11-25 16:00:00,14201.006
2008-11-25 17:00:00,14201.006
2008-11-25 18:00:00,14201.006
2008-11-25 19:00:00,14201.006
2008-11-25 20:00:00,14201.006
2008-11-25 21:00:00,14201.006
2008-11-25 22:00:00,14201.006
2008-11-25 23:00:00,14201.006
2008-11-26 00:00:00,14201.006
2008-11-26 01:00:00,14201.006
2008-11-26 02:00:00,14201.006
2008-11-26 03:00:00,14201.006
2008-11-26 04:00:00,14201.006
2008-11-26 05:00:00,14201.006
2008-11-26 06:00:00,14201.006
2008-11-26 07:00:00,14201.006
2008-11-26 08:00:00,14201.006
2008-11-26 09:00:00,14201.006
2008-11-26 10:00:00,14201.006
2008-11-26 11:00:00,14201.006
2008-11-26 12:00:00,14201.006
2008-11-26 13:00:00,14201.006
2008-11-26 14:00:00,14201.006
2008-11-26 15:00:00,14201.006
2008-11-26 16:00:00,14201.006
2008-11-26 17:00:00,14201.006
2008-11-26 18:00:00,14201.006
2008-11-26 19:00:00,14201.006
2008-11-26 20:00:00,14201.006
2008-11-26 21:00:00,14201.006
2008-11-26 22:00:00,14201.006
2008-11-26 23:00:00,14201.006
2008-11-27 00:00:00,14201.006
2008-11-27 01:00:00,14201.006
2008-11-27 02:00:00,14201.006
2008-11-27 03:00:00,14201.006
2008-11-27 04:00:00,14201.006
2008-11-27 05:00:00,14201.006
2008-11-27 06:00:00,14201.006
2008-11-27 07:00:00,14201.006
2008-11-27 08:00:00,14201.006
2008-11-27 09:00:00,14201.006
2008-11-27 10:00:00,14201.006
2008-11-27 11:00:00,14201.006
2008-11-27 12:00:00,14201.006
2008-11-27 13:00:00,14201.006
2008-11-27 14:00:00,14201.006
2008-11-27 15:00:00,14201.006
2008-11-27 16:00:00,14201.006
2008-11-27 17:00:00,14201.006
2008-11-27 18:00:00,14201.006
2008-11-27 19:00:00,14201.006
2008-11-27 20:00:00,14201.006
2008-11-27 21:00:00,14201.006
2008-11-27 22:00:00,14201.006
2008-11-27 23:00:00,14201.006
2008-11-28 00:00:00,14201.006
2008-11-28 01:00:00,14201.006
2008-11-28 02:00:00,14201.006
2008-11-28 03:00:00,14201.006
2008-11-28 04:00:00,14201.006
2008-11-28 05:00:00,14201.006
2008-11-28 06:00:00,14201.006
2008-11-28 07:00:00,14201.006
2008-11-28 08:00:00,14201.006
2008-11-28 09:00:00,14201.006
2008-11-28 10:00:00,14201.006
2008-11-28 11:00:00,14201.006
2008-11-28 12:00:00,14201.006
2008-11-28 13:00:00,14201.006
2008-11-28 14:00:00,14201.006
2008-11-28 15:00:00,14201.006
2008-11-28 16:00:00,14201.006
2008-11-28 17:00:00,14201.006
2008-11-28 18:00:00,14201.006
2008-11-28 19:00:00,14201.006
2008-11-28 20:00:00,14201.006
2008-11-28 21:00:00,14201.006
2008-11-28 22:00:00,14201.006
2008-11-28 23:00:00,14201.006
2008-11-29 00:00:00,14201.006
2008-11-29 01:00:00,14201.006
2008-11-29 02:00:00,14201.006
2008-11-29 03:00:00,14201.006
2008-11-29 04:00:00,14201.006
2008-11-29 05:00:00,14201.006
2008-11-29 06:00:00,14201.006
2008-11-29 07:00:00,14201.006
2008-11-29 08:00:00,14201.006
2008-11-29 09:00:00,14201.006
2008-11-29 10:00:00,14201.006
2008-11-29 11:00:00,14201.006
2008-11-29 12:00:00,14201.006
2008-11-29 13:00:00,14201.006
2008-11-29 14:00:00,14201.006
2008-11-29 15:00:00,14201.006
2008-11-29 16:00:00,14201.006
2008-11-29 17:00:00,14201.006
2008-11-29 18:00:00,14201.006
2008-11-29 19:00:00,14201.006
2008-11-29 20:00:00,14201.006
2008-11-29 21:00:00,14201.006
2008-11-29 22:00:00,14201.006
2008-11-29 23:00:00,14201.006
2008-11-30 00:00:00,14201.006
2008-11-30 01:00:00,14201.006
2008-11-30 02:00:00,14201.006
2008-11-30 03:00:00,14201.006
2008-11-30 04:00:00,14201.006
2008-11-30 05:00:00,14201.006
2008-11-30 06:00:00,14201.006
2008-11-30 07:00:00,14201.006
2008-11-30 08:00:00,14201.006
2008-11-30 09:00:00,14201.006
2008-11-30 10:00:00,14201.006
2008-11-30 11:00:00,14201.006
2008-11-30 12:00:00,14201.006
2008-11-30 13:00:00,14201.006
2008-11-30 14:00:00,14201.006
2008-11-30 15:00:00,14201.006
2008-11-30 16:00:00,14201.006
2008-11-30 17:00:00,14201.006
2008-11-30 18:00:00,14201.006
2008-11-30 19:00:00,14201.006
2008-11-30 20:00:00,14201.006
2008-11-30 21:00:00,14201.006
2008-11-30 22:00:00,14201.006
2008-11-30 23:00:00,14201.163
2008-12-01 00:00:00,14201.163
2008-12-01 01:00:00,14202.075
2008-12-01 02:00:00,14203.42
2008-12-01 03:00:00,14204.874
2008-12-01 04:00:00,14201.006
2008-12-01 05:00:00,14201.006
2008-12-01 06:00:00,14201.006
2008-12-01 07:00:00,14201.006
2008-12-01 08:00:00,14201.006
2008-12-01 09:00:00,14240.339
2008-12-01 10:00:00,14240.841
2008-12-01 11:00:00,14240.949
2008-12-01 12:00:00,14241.699
2008-12-01 13:00:00,14241.85
2008-12-01 14:00:00,14239.001
2008-12-01 15:00:00,14207.45
2008-12-01 16:00:00,14211.138
2008-12-01 17:00:00,14214.849
2008-12-01 18:00:00,14217.626
2008-12-01 19:00:00,14220.54
2008-12-01 20:00:00,14223.948
2008-12-01 21:00:00,14227.774
2008-12-01 22:00:00,14230.33
2008-12-01 23:00:00,14231.648
2008-12-02 00:00:00,14232.083
2008-12-02 01:00:00,14232.083
2008-12-02 02:00:00,14232.083
2008-12-02 03:00:00,14232.115
2008-12-02 04:00:00,14232.703
2008-12-02 05:00:00,14233.229
2008-12-02 06:00:00,14234.403
2008-12-02 07:00:00,14236.461
2008-12-02 08:00:00,14238.032
2008-12-02 09:00:00,14242.086
2008-12-02 10:00:00,14242.304
2008-12-02 11:00:00,14242.459
2008-12-02 12:00:00,14243.524
2008-12-02 13:00:00,14243.618
2008-12-02 14:00:00,14243.618
2008-12-02 15:00:00,14243.618
2008-12-02 16:00:00,14243.618
2008-12-02 17:00:00,14243.831
2008-12-02 18:00:00,14244.359
2008-12-02 19:00:00,14244.482
2008-12-02 20:00:00,14245.312
2008-12-02 21:00:00,14245.918
2008-12-02 22:00:00,14246.103
2008-12-02 23:00:00,14246.184
2008-12-03 00:00:00,14246.447
2008-12-03 01:00:00,14246.447
2008-12-03 02:00:00,14246.447
2008-12-03 03:00:00,14246.638
2008-12-03 04:00:00,14246.781
2008-12-03 05:00:00,14246.848
2008-12-03 06:00:00,14246.848
2008-12-03 07:00:00,14246.848
2008-12-03 08:00:00,14246.848
2008-12-03 09:00:00,14246.848
2008-12-03 10:00:00,14246.848
2008-12-03 11:00:00,14246.848
2008-12-03 12:00:00,14246.848
2008-12-03 13:00:00,14246.848
2008-12-03 14:00:00,14246.848
2008-12-03 15:00:00,14246.848
2008-12-03 16:00:00,14246.848
2008-12-03 17:00:00,14246.848
2008-12-03 18:00:00,14246.848
2008-12-03 19:00:00,14246.848
2008-12-03 20:00:00,14246.848
2008-12-03 21:00:00,14246.848
2008-12-03 22:00:00,14246.848
2008-12-03 23:00:00,14246.848
2008-12-04 00:00:00,14246.848
2008-12-04 01:00:00,14246.848
2008-12-04 02:00:00,14246.848
2008-12-04 03:00:00,14246.848
2008-12-04 04:00:00,14246.848
2008-12-04 05:00:00,14246.848
2008-12-04 06:00:00,14246.848
2008-12-04 07:00:00,14246.848
2008-12-04 08:00:00,14246.848
2008-12-04 09:00:00,14246.848
2008-12-04 10:00:00,14246.848
2008-12-04 11:00:00,14246.848
2008-12-04 12:00:00,14246.848
2008-12-04 13:00:00,14246.848
2008-12-04 14:00:00,14246.848
2008-12-04 15:00:00,14246.848
2008-12-04 16:00:00,14246.848
2008-12-04 17:00:00,14246.848
2008-12-04 18:00:00,14246.848
2008-12-04 19:00:00,14246.848
2008-12-04 20:00:00,14246.848
2008-12-04 21:00:00,14246.848
2008-12-04 22:00:00,14246.848
2008-12-04 23:00:00,14246.848
2008-12-05 00:00:00,14246.848
2008-12-05 01:00:00,14246.848
2008-12-05 02:00:00,14246.848
2008-12-05 03:00:00,14246.848
2008-12-05 04:00:00,14246.848
2008-12-05 05:00:00,14246.848
2008-12-05 06:00:00,14246.848
2008-12-05 07:00:00,14246.848
2008-12-05 08:00:00,14246.848
2008-12-05 09:00:00,14246.848
2008-12-05 10:00:00,14246.848
2008-12-05 11:00:00,14246.848
2008-12-05 12:00:00,14246.848
2008-12-05 13:00:00,14246.848
2008-12-05 14:00:00,14246.848
2008-12-05 15:00:00,14246.848
2008-12-05 16:00:00,14246.848
2008-12-05 17:00:00,14246.848
2008-12-05 18:00:00,14246.848
2008-12-05 19:00:00,14246.848
2008-12-05 20:00:00,14246.848
2008-12-05 21:00:00,14246.848
2008-12-05 22:00:00,14246.848
2008-12-05 23:00:00,14246.848
2008-12-06 00:00:00,14246.848
2008-12-06 01:00:00,14246.848
2008-12-06 02:00:00,14246.848
2008-12-06 03:00:00,14246.848
2008-12-06 04:00:00,14246.848
2008-12-06 05:00:00,14246.848
2008-12-06 06:00:00,14246.848
2008-12-06 07:00:00,14246.848
2008-12-06 08:00:00,14246.848
2008-12-06 09:00:00,14246.848
2008-12-06 10:00:00,14246.848
2008-12-06 11:00:00,14246.848
2008-12-06 12:00:00,14246.848
2008-12-06 13:00:00,14246.848
2008-12-06 14:00:00,14246.848
2008-12-06 15:00:00,14246.848
2008-12-06 16:00:00,14246.848
2008-12-06 17:00:00,14246.848
2008-12-06 18:00:00,14246.848
2008-12-06 19:00:00,14246.848
2008-12-06 20:00:00,14246.848
2008-12-06 21:00:00,14246.848
2008-12-06 22:00:00,14246.848
2008-12-06 23:00:00,14246.848
2008-12-07 00:00:00,14246.848
2008-12-07 01:00:00,14246.848
2008-12-07 02:00:00,14246.848
2008-12-07 03:00:00,14246.848
2008-12-07 04:00:00,14246.848
2008-12-07 05:00:00,14246.848
2008-12-07 06:00:00,14246.848
2008-12-07 07:00:00,14246.848
2008-12-07 08:00:00,14246.848
2008-12-07 09:00:00,14246.848
2008-12-07 10:00:00,14246.848
2008-12-07 11:00:00,14246.848
2008-12-07 12:00:00,14247.24
2008-12-07 13:00:00,14246.986
2008-12-07 14:00:00,14247.24
2008-12-07 15:00:00,14247.24
2008-12-07 16:00:00,14247.24
2008-12-07 17:00:00,14247.24
2008-12-07 18:00:00,14247.24
2008-12-07 19:00:00,14247.24
2008-12-07 20:00:00,14247.24
2008-12-07 21:00:00,14247.24
2008-12-07 22:00:00,14247.24
2008-12-07 23:00:00,14247.24
2008-12-08 00:00:00,14247.24
2008-12-08 01:00:00,14247.24
2008-12-08 02:00:00,14247.24
2008-12-08 03:00:00,14247.24
2008-12-08 04:00:00,14247.24
2008-12-08 05:00:00,14247.24
2008-12-08 06:00:00,14247.24
2008-12-08 07:00:00,14247.24
2008-12-08 08:00:00,14247.24
2008-12-08 09:00:00,14247.24
2008-12-08 10:00:00,14247.24
2008-12-08 11:00:00,14247.24
2008-12-08 12:00:00,14247.24
2008-12-08 13:00:00,14247.24
2008-12-08 14:00:00,14247.24
2008-12-08 15:00:00,14247.24
2008-12-08 16:00:00,14247.24
2008-12-08 17:00:00,14247.24
2008-12-08 18:00:00,14247.24
2008-12-08 19:00:00,14247.24
2008-12-08 20:00:00,14247.24
2008-12-08 21:00:00,14247.24
2008-12-08 22:00:00,14247.614
2008-12-08 23:00:00,14248.087
2008-12-09 00:00:00,14248.087
2008-12-09 01:00:00,14248.087
2008-12-09 02:00:00,14248.091
2008-12-09 03:00:00,14248.143
2008-12-09 04:00:00,14248.143
2008-12-09 05:00:00,14248.143
2008-12-09 06:00:00,14248.143
2008-12-09 07:00:00,14248.745
2008-12-09 08:00:00,14249.626
2008-12-09 09:00:00,14250.521
2008-12-09 10:00:00,14251.633
2008-12-09 11:00:00,14253.471
2008-12-09 12:00:00,14256.017
2008-12-09 13:00:00,14258.485
2008-12-09 14:00:00,14260.235
2008-12-09 15:00:00,14261.533
2008-12-09 16:00:00,14262.956
2008-12-09 17:00:00,14263.727
2008-12-09 18:00:00,14264.379
2008-12-09 19:00:00,14264.379
2008-12-09 20:00:00,14264.379
2008-12-09 21:00:00,14264.379
2008-12-09 22:00:00,14264.379
2008-12-09 23:00:00,14265.005
2008-12-10 00:00:00,14268.071
2008-12-10 01:00:00,14268.495
2008-12-10 02:00:00,14269.274
2008-12-10 03:00:00,14271.208
2008-12-10 04:00:00,14273.095
2008-12-10 05:00:00,14274.757
2008-12-10 06:00:00,14276.738
2008-12-10 07:00:00,14279.697
2008-12-10 08:00:00,14282.885
2008-12-10 09:00:00,14293.242
2008-12-10 10:00:00,14289.475
2008-12-10 11:00:00,14297.121
2008-12-10 12:00:00,14301.201
2008-12-10 13:00:00,14305.266
2008-12-10 14:00:00,14308.744
2008-12-10 15:00:00,14312.146
2008-12-10 16:00:00,14313.712
2008-12-10 17:00:00,14314.822
2008-12-10 18:00:00,14315.177
2008-12-10 19:00:00,14315.177
2008-12-10 20:00:00,14315.177
2008-12-10 21:00:00,14317.365
2008-12-10 22:00:00,14318.446
2008-12-10 23:00:00,14318.9375
2008-12-11 00:00:00,14319.082
2008-12-11 01:00:00,14320.199
2008-12-11 02:00:00,14320.609
2008-12-11 03:00:00,14321.817
2008-12-11 04:00:00,14326.068
2008-12-11 05:00:00,14328.438
2008-12-11 06:00:00,14332.421
2008-12-11 07:00:00,14337.179
2008-12-11 08:00:00,14286.049
2008-12-11 09:00:00,14404.127
2008-12-11 10:00:00,14342.598
2008-12-11 11:00:00,14346.533
2008-12-11 12:00:00,14349.342
2008-12-11 13:00:00,14352.314
2008-12-11 14:00:00,14355.807
2008-12-11 15:00:00,14359.219
2008-12-11 16:00:00,14367.2295
2008-12-11 17:00:00,14372.681
2008-12-11 18:00:00,14373.443
2008-12-11 19:00:00,14379.413
2008-12-11 20:00:00,14381.473
2008-12-11 21:00:00,14385.023
2008-12-11 22:00:00,14392.473
2008-12-11 23:00:00,14399.324
2008-12-12 00:00:00,14406.943
2008-12-12 01:00:00,14408.591
2008-12-12 02:00:00,14413.76
2008-12-12 03:00:00,14416.366
2008-12-12 04:00:00,14417.083
2008-12-12 05:00:00,14418.713
2008-12-12 06:00:00,14421.176
2008-12-12 07:00:00,14421.467
2008-12-12 08:00:00,14421.478
2008-12-12 09:00:00,14421.478
2008-12-12 10:00:00,14421.478
2008-12-12 11:00:00,14423.043
2008-12-12 12:00:00,14424.487
2008-12-12 13:00:00,14425.636
2008-12-12 14:00:00,14427.809
2008-12-12 15:00:00,14429.707
2008-12-12 16:00:00,14430.625
2008-12-12 17:00:00,14431.122
2008-12-12 18:00:00,14432.194
2008-12-12 19:00:00,14433.269
2008-12-12 20:00:00,14433.269
2008-12-12 21:00:00,14433.502
2008-12-12 22:00:00,14433.924
2008-12-12 23:00:00,14434.455
2008-12-13 00:00:00,14435.348
2008-12-13 01:00:00,14435.348
2008-12-13 02:00:00,14436.211
2008-12-13 03:00:00,14436.257
2008-12-13 04:00:00,14436.678
2008-12-13 05:00:00,14437.653
2008-12-13 06:00:00,14438.111
2008-12-13 07:00:00,14439.101
2008-12-13 08:00:00,14439.66
2008-12-13 09:00:00,14453.751
2008-12-13 10:00:00,14454.74
2008-12-13 11:00:00,14455.358
2008-12-13 12:00:00,14456.009
2008-12-13 13:00:00,14458.39
2008-12-13 14:00:00,14460.578
2008-12-13 15:00:00,14461.153
2008-12-13 16:00:00,14461.906
2008-12-13 17:00:00,14464.944
2008-12-13 18:00:00,14467.695
2008-12-13 19:00:00,14470.932
2008-12-13 20:00:00,14475.439
2008-12-13 21:00:00,14479.137
2008-12-13 22:00:00,14481.706
2008-12-13 23:00:00,14481.963
2008-12-14 00:00:00,14481.963
2008-12-14 01:00:00,14482.892
2008-12-14 02:00:00,14486.366
2008-12-14 03:00:00,14487.234
2008-12-14 04:00:00,14441.592
2008-12-14 05:00:00,14444.314
2008-12-14 06:00:00,14447.801
2008-12-14 07:00:00,14450.139
2008-12-14 08:00:00,14451.901
2008-12-14 09:00:00,14519.5625
2008-12-14 10:00:00,14523.524
2008-12-14 11:00:00,14527.343
2008-12-14 12:00:00,14530.257
2008-12-14 13:00:00,14533.8
2008-12-14 14:00:00,14517.46
2008-12-14 15:00:00,14488.7705
2008-12-14 16:00:00,14489.544
2008-12-14 17:00:00,14489.544
2008-12-14 18:00:00,14489.544
2008-12-14 19:00:00,14489.544
2008-12-14 20:00:00,14489.544
2008-12-14 21:00:00,14489.544
2008-12-14 22:00:00,14489.544
2008-12-14 23:00:00,14489.544
2008-12-15 00:00:00,14489.764
2008-12-15 01:00:00,14490.986
2008-12-15 02:00:00,14493.1455
2008-12-15 03:00:00,14495.319
2008-12-15 04:00:00,14499.673
2008-12-15 05:00:00,14505.323
2008-12-15 06:00:00,14510.083
2008-12-15 07:00:00,14510.745
2008-12-15 08:00:00,14513.833
2008-12-15 09:00:00,14539.097
2008-12-15 10:00:00,14541.242
2008-12-15 11:00:00,14543.554
2008-12-15 12:00:00,14545.962
2008-12-15 13:00:00,14548.814
2008-12-15 14:00:00,14550.287
2008-12-15 15:00:00,14554.436
2008-12-15 16:00:00,14556.695
2008-12-15 17:00:00,14557.802
2008-12-15 18:00:00,14557.802
2008-12-15 19:00:00,14559.653
2008-12-15 20:00:00,14560.761
2008-12-15 21:00:00,14560.857
2008-12-15 22:00:00,14560.999
2008-12-15 23:00:00,14561.584
2008-12-16 00:00:00,14562.619
2008-12-16 01:00:00,14563.019
2008-12-16 02:00:00,14563.64
2008-12-16 03:00:00,14564.59
2008-12-16 04:00:00,14566.849
2008-12-16 05:00:00,14567.477
2008-12-16 06:00:00,14567.477
2008-12-16 07:00:00,14567.477
2008-12-16 08:00:00,14568.204
2008-12-16 09:00:00,14568.362
2008-12-16 10:00:00,14568.362
2008-12-16 11:00:00,14568.362
2008-12-16 12:00:00,14568.362
2008-12-16 13:00:00,14568.362
2008-12-16 14:00:00,14568.362
2008-12-16 15:00:00,14568.362
2008-12-16 16:00:00,14568.623
2008-12-16 17:00:00,14570.432
2008-12-16 18:00:00,14568.362
2008-12-16 19:00:00,14568.362
2008-12-16 20:00:00,14568.362
2008-12-16 21:00:00,14568.362
2008-12-16 22:00:00,14568.362
2008-12-16 23:00:00,14568.362
2008-12-17 00:00:00,14568.362
2008-12-17 01:00:00,14568.362
2008-12-17 02:00:00,14568.362
2008-12-17 03:00:00,14568.362
2008-12-17 04:00:00,14568.362
2008-12-17 05:00:00,14568.362
2008-12-17 06:00:00,14568.362
2008-12-17 07:00:00,14568.362
2008-12-17 08:00:00,14568.362
2008-12-17 09:00:00,14573.505
2008-12-17 10:00:00,14574.886
2008-12-17 11:00:00,14575.945
2008-12-17 12:00:00,14576.462
2008-12-17 13:00:00,14576.923
2008-12-17 14:00:00,14576.923
2008-12-17 15:00:00,14576.944
2008-12-17 16:00:00,14577.015
2008-12-17 17:00:00,14577.371
2008-12-17 18:00:00,14577.408
2008-12-17 19:00:00,14577.512
2008-12-17 20:00:00,14577.873
2008-12-17 21:00:00,14579.178
2008-12-17 22:00:00,14579.275
2008-12-17 23:00:00,14579.275
2008-12-18 00:00:00,14579.275
2008-12-18 01:00:00,14579.275
2008-12-18 02:00:00,14579.275
2008-12-18 03:00:00,14579.275
2008-12-18 04:00:00,14579.275
2008-12-18 05:00:00,14579.275
2008-12-18 06:00:00,14579.275
2008-12-18 07:00:00,14579.275
2008-12-18 08:00:00,14579.275
2008-12-18 09:00:00,14579.275
2008-12-18 10:00:00,14579.275
2008-12-18 11:00:00,14579.275
2008-12-18 12:00:00,14579.275
2008-12-18 13:00:00,14579.275
2008-12-18 14:00:00,14579.275
2008-12-18 15:00:00,14579.275
2008-12-18 16:00:00,14579.275
2008-12-18 17:00:00,14579.275
2008-12-18 18:00:00,14579.275
2008-12-18 19:00:00,14579.275
2008-12-18 20:00:00,14579.275
2008-12-18 21:00:00,14579.275
2008-12-18 22:00:00,14579.275
2008-12-18 23:00:00,14579.275
2008-12-19 00:00:00,14579.275
2008-12-19 01:00:00,14579.275
2008-12-19 02:00:00,14579.275
2008-12-19 03:00:00,14579.275
2008-12-19 04:00:00,14579.275
2008-12-19 05:00:00,14579.275
2008-12-19 06:00:00,14579.275
2008-12-19 07:00:00,14579.275
2008-12-19 08:00:00,14579.275
2008-12-19 09:00:00,14579.275
2008-12-19 10:00:00,14579.275
2008-12-19 11:00:00,14579.275
2008-12-19 12:00:00,14579.275
2008-12-19 13:00:00,14579.275
2008-12-19 14:00:00,14579.275
2008-12-19 15:00:00,14579.275
2008-12-19 16:00:00,14579.275
2008-12-19 17:00:00,14579.275
2008-12-19 18:00:00,14579.275
2008-12-19 19:00:00,14579.275
2008-12-19 20:00:00,14579.275
2008-12-19 21:00:00,14579.275
2008-12-19 22:00:00,14579.275
2008-12-19 23:00:00,14579.275
2008-12-20 00:00:00,14579.275
2008-12-20 01:00:00,14579.275
2008-12-20 02:00:00,14579.275
2008-12-20 03:00:00,14579.275
2008-12-20 04:00:00,14579.275
2008-12-20 05:00:00,14579.275
2008-12-20 06:00:00,14579.275
2008-12-20 07:00:00,14579.275
2008-12-20 08:00:00,14579.275
2008-12-20 09:00:00,14579.275
2008-12-20 10:00:00,14579.275
2008-12-20 11:00:00,14579.275
2008-12-20 12:00:00,14579.275
2008-12-20 13:00:00,14579.275
2008-12-20 14:00:00,14579.275
2008-12-20 15:00:00,14579.275
2008-12-20 16:00:00,14579.275
2008-12-20 17:00:00,14579.275
2008-12-20 18:00:00,14579.275
2008-12-20 19:00:00,14579.275
2008-12-20 20:00:00,14579.275
2008-12-20 21:00:00,14579.275
2008-12-20 22:00:00,14579.275
2008-12-20 23:00:00,14579.275
2008-12-21 00:00:00,14579.275
2008-12-21 01:00:00,14579.275
2008-12-21 02:00:00,14579.275
2008-12-21 03:00:00,14579.275
2008-12-21 04:00:00,14579.275
2008-12-21 05:00:00,14579.275
2008-12-21 06:00:00,14579.275
2008-12-21 07:00:00,14579.275
2008-12-21 08:00:00,14579.275
2008-12-21 09:00:00,14579.275
2008-12-21 10:00:00,14579.275
2008-12-21 11:00:00,14579.275
2008-12-21 12:00:00,14579.275
2008-12-21 13:00:00,14579.275
2008-12-21 14:00:00,14579.275
2008-12-21 15:00:00,14579.275
2008-12-21 16:00:00,14579.275
2008-12-21 17:00:00,14579.275
2008-12-21 18:00:00,14579.275
2008-12-21 19:00:00,14579.275
2008-12-21 20:00:00,14579.275
2008-12-21 21:00:00,14579.275
2008-12-21 22:00:00,14579.275
2008-12-21 23:00:00,14579.275
2008-12-22 00:00:00,14579.275
2008-12-22 01:00:00,14579.275
2008-12-22 02:00:00,14579.275
2008-12-22 03:00:00,14579.275
2008-12-22 04:00:00,14579.275
2008-12-22 05:00:00,14579.275
2008-12-22 06:00:00,14579.275
2008-12-22 07:00:00,14579.275
2008-12-22 08:00:00,14579.275
2008-12-22 09:00:00,14579.275
2008-12-22 10:00:00,14579.275
2008-12-22 11:00:00,14579.275
2008-12-22 12:00:00,14579.275
2008-12-22 13:00:00,14579.275
2008-12-22 14:00:00,14579.275
2008-12-22 15:00:00,14579.275
2008-12-22 16:00:00,14579.275
2008-12-22 17:00:00,14579.275
2008-12-22 18:00:00,14579.275
2008-12-22 19:00:00,14579.275
2008-12-22 20:00:00,14579.275
2008-12-22 21:00:00,14579.275
2008-12-22 22:00:00,14579.275
2008-12-22 23:00:00,14579.275
2008-12-23 00:00:00,14579.275
2008-12-23 01:00:00,14579.275
2008-12-23 02:00:00,14579.275
2008-12-23 03:00:00,14579.275
2008-12-23 04:00:00,14579.275
2008-12-23 05:00:00,14579.275
2008-12-23 06:00:00,14579.275
2008-12-23 07:00:00,14579.275
2008-12-23 08:00:00,14579.275
2008-12-23 09:00:00,14579.275
2008-12-23 10:00:00,14579.275
2008-12-23 11:00:00,14579.275
2008-12-23 12:00:00,14579.275
2008-12-23 13:00:00,14579.275
2008-12-23 14:00:00,14579.275
2008-12-23 15:00:00,14579.275
2008-12-23 16:00:00,14579.275
2008-12-23 17:00:00,14579.275
2008-12-23 18:00:00,14579.275
2008-12-23 19:00:00,14579.275
2008-12-23 20:00:00,14579.275
2008-12-23 21:00:00,14579.275
2008-12-23 22:00:00,14579.275
2008-12-23 23:00:00,14579.275
2008-12-24 00:00:00,14579.275
2008-12-24 01:00:00,14579.275
2008-12-24 02:00:00,14579.275
2008-12-24 03:00:00,14579.275
2008-12-24 04:00:00,14579.275
2008-12-24 05:00:00,14579.275
2008-12-24 06:00:00,14579.275
2008-12-24 07:00:00,14579.275
2008-12-24 08:00:00,14579.275
2008-12-24 09:00:00,14581.322
2008-12-24 10:00:00,14579.275
2008-12-24 11:00:00,14579.275
2008-12-24 12:00:00,14579.275
2008-12-24 13:00:00,14579.275
2008-12-24 14:00:00,14579.275
2008-12-24 15:00:00,14579.591
2008-12-24 16:00:00,14579.591
2008-12-24 17:00:00,14579.591
2008-12-24 18:00:00,14579.655
2008-12-24 19:00:00,14579.707
2008-12-24 20:00:00,14579.897
2008-12-24 21:00:00,14579.966
2008-12-24 22:00:00,14580.936
2008-12-24 23:00:00,14581.857
2008-12-25 00:00:00,14582.541
2008-12-25 01:00:00,14583.105
2008-12-25 02:00:00,14584.098
2008-12-25 03:00:00,14584.233
2008-12-25 04:00:00,14585.694
2008-12-25 05:00:00,14587.287
2008-12-25 06:00:00,14587.757
2008-12-25 07:00:00,14587.818
2008-12-25 08:00:00,14587.818
