date,MG,FL,OD,VS,SJ
2009-01-01 00:00:00,5341.775,6082.8735,7920.2397,5562.4023,6626.637
2009-01-01 01:00:00,5341.775,6082.8735,7920.307,5562.4023,6626.673
2009-01-01 02:00:00,5341.775,6082.8735,7920.323,5562.4023,6626.6816
2009-01-01 03:00:00,5341.9395,6082.8735,7920.792,5562.4023,6626.6816
2009-01-01 04:00:00,5342.067,6082.8735,7920.792,5562.4023,6626.6816
2009-01-01 05:00:00,5342.067,6082.8735,7921.064,5562.4023,6626.6816
2009-01-01 06:00:00,5342.108,6082.8735,7921.064,5562.4023,6627.059
2009-01-01 07:00:00,5342.108,6082.8735,7921.5234,5562.4023,6627.2485
2009-01-01 08:00:00,5342.108,6082.8735,7921.622,5562.4023,6627.3623
2009-01-01 09:00:00,5342.108,6082.8735,7921.6313,5562.4023,6627.465
2009-01-01 10:00:00,5342.108,6082.8735,7922.3335,5562.4023,6628.084
2009-01-01 11:00:00,5342.108,6082.8735,7922.3335,5562.4023,6628.249
2009-01-01 12:00:00,5342.108,6082.8735,7922.8706,5562.527,6628.729
2009-01-01 13:00:00,5342.1206,6083.005,7923.5034,5562.7446,6628.949
2009-01-01 14:00:00,5342.142,6083.1724,7923.937,5562.932,6630.6987
2009-01-01 15:00:00,5342.4424,6083.2686,7924.569,5563.206,6631.7056
2009-01-01 16:00:00,5342.6606,6083.712,7924.828,5564.042,6632.2754
2009-01-01 17:00:00,5343.211,6083.931,7925.0176,5564.184,6632.2754
2009-01-01 18:00:00,5343.5146,6084.132,7925.6543,5564.324,6632.5884
2009-01-01 19:00:00,5343.63,6084.6772,7925.92,5564.8413,6632.8027
2009-01-01 20:00:00,5343.747,6084.8647,7925.92,5564.888,6633.668
2009-01-01 21:00:00,5343.747,6084.932,7925.92,5564.888,6634.28
2009-01-01 22:00:00,5343.747,6084.932,7925.92,5564.888,6634.665
2009-01-01 23:00:00,5344.1367,6084.932,7926.0503,5564.9478,6634.9614
2009-01-02 00:00:00,5344.404,6084.932,7926.0503,5564.9478,6634.9614
2009-01-02 01:00:00,5344.491,6084.932,7926.086,5564.9478,6635.19
2009-01-02 02:00:00,5344.491,6084.932,7926.9697,5564.9478,6635.19
2009-01-02 03:00:00,5344.491,6084.932,7927.242,5564.9478,6635.297
2009-01-02 04:00:00,5344.491,6084.932,7927.429,5564.9478,6635.9736
2009-01-02 05:00:00,5344.491,6084.932,7927.708,5564.9478,6636.3706
2009-01-02 06:00:00,5344.491,6084.932,7927.7563,5564.9478,6636.561
2009-01-02 07:00:00,5344.491,6084.932,7927.7744,5564.9478,6636.8594
2009-01-02 08:00:00,5344.491,6084.932,7927.993,5564.9478,6637.3784
2009-01-02 09:00:00,5344.494,6085.0356,7928.131,5564.9478,6639.1274
2009-01-02 10:00:00,5344.7095,6085.055,7928.151,5565.068,6640.7437
2009-01-02 11:00:00,5344.816,6085.2227,7928.174,5565.2314,6640.8237
2009-01-02 12:00:00,5344.874,6085.309,7928.174,5565.355,6641.0786
2009-01-02 13:00:00,5344.874,6085.3643,7928.385,5565.355,6641.195
2009-01-02 14:00:00,5344.942,6085.3794,7929.021,5565.464,6641.586
2009-01-02 15:00:00,5344.942,6085.3887,7929.0522,5565.479,6642.741
2009-01-02 16:00:00,5345.03,6085.6016,7929.162,5565.565,6643.0474
2009-01-02 17:00:00,5345.03,6086.059,7929.366,5565.7705,6643.091
2009-01-02 18:00:00,5345.099,6086.059,7929.8994,5565.807,6643.091
2009-01-02 19:00:00,5345.3564,6086.1147,7930.22,5565.9473,6643.188
2009-01-02 20:00:00,5345.4565,6086.1147,7930.22,5566.177,6643.319
2009-01-02 21:00:00,5345.5513,6086.208,7930.5293,5566.355,6643.4346
2009-01-02 22:00:00,5345.6426,6086.208,7930.887,5566.6606,6643.622
2009-01-02 23:00:00,5345.772,6086.412,7931.1895,5567.114,6644.575
2009-01-03 00:00:00,5346.1094,6086.7495,7932.118,5567.9287,6646.1226
2009-01-03 01:00:00,5346.5996,6087.3726,7933.0386,5568.9194,6648.6646
2009-01-03 02:00:00,5347.573,6088.2637,7934.5195,5569.7466,6649.085
2009-01-03 03:00:00,5348.4976,6088.7627,7934.562,5570.601,6650.0605
2009-01-03 04:00:00,5349.4624,6088.7627,7934.6475,5570.601,6650.382
2009-01-03 05:00:00,5350.4126,6088.913,7935.8125,5571.154,6651.0957
2009-01-03 06:00:00,5350.692,6089.1367,7935.892,5571.186,6651.8506
2009-01-03 07:00:00,5350.865,6089.1367,7936.744,5571.615,6652.006
2009-01-03 08:00:00,5350.8945,6089.1367,7936.912,5571.615,6652.006
2009-01-03 09:00:00,5351.2285,6089.2983,7938.0054,5572.115,6654.402
2009-01-03 10:00:00,5351.2285,6089.3384,7938.0054,5572.115,6654.4165
2009-01-03 11:00:00,5351.2285,6089.3384,7938.0054,5572.115,6654.516
2009-01-03 12:00:00,5351.2285,6089.3384,7938.0054,5572.115,6654.9326
2009-01-03 13:00:00,5351.2285,6089.3384,7938.0054,5572.115,6655.2983
2009-01-03 14:00:00,5351.2285,6089.3384,7938.145,5572.115,6655.403
2009-01-03 15:00:00,5351.2285,6089.385,7938.145,5572.2993,6655.403
2009-01-03 16:00:00,5351.2285,6089.385,7938.145,5572.2993,6655.403
2009-01-03 17:00:00,5351.2285,6089.385,7938.145,5572.2993,6655.403
2009-01-03 18:00:00,5351.2285,6089.385,7938.145,5572.2993,6655.403
2009-01-03 19:00:00,5351.2285,6089.385,7938.382,5572.2993,6655.403
2009-01-03 20:00:00,5351.2285,6089.385,7938.382,5572.2993,6655.486
2009-01-03 21:00:00,5351.2285,6089.385,7938.382,5572.2993,6655.486
2009-01-03 22:00:00,5351.2285,6089.385,7938.382,5572.2993,6655.486
2009-01-03 23:00:00,5351.2285,6089.385,7938.382,5572.2993,6655.486
2009-01-04 00:00:00,5351.2285,6089.385,7938.382,5572.2993,6655.486
2009-01-04 01:00:00,5351.2285,6089.385,7938.382,5572.2993,6655.486
2009-01-04 02:00:00,5351.2285,6089.385,7938.382,5572.2993,6655.486
2009-01-04 03:00:00,5351.2285,6089.385,7938.382,5572.2993,6655.486
2009-01-04 04:00:00,5351.2285,6089.385,7938.382,5572.2993,6655.486
2009-01-04 05:00:00,5351.2285,6089.385,7938.382,5572.2993,6655.486
2009-01-04 06:00:00,5351.2285,6089.385,7938.382,5572.2993,6655.486
2009-01-04 07:00:00,5351.2285,6089.385,7938.382,5572.2993,6655.486
2009-01-04 08:00:00,5351.2285,6089.385,7938.382,5572.2993,6655.486
2009-01-04 09:00:00,5351.2285,6089.385,7938.382,5572.2993,6655.486
2009-01-04 10:00:00,5351.2285,6089.385,7938.382,5572.2993,6655.486
2009-01-04 11:00:00,5351.2285,6089.385,7938.382,5572.2993,6655.486
2009-01-04 12:00:00,5351.2285,6089.385,7938.382,5572.2993,6655.486
2009-01-04 13:00:00,5351.2285,6089.385,7938.382,5572.2993,6655.486
2009-01-04 14:00:00,5351.2285,6089.385,7938.382,5572.2993,6655.486
2009-01-04 15:00:00,5351.2285,6089.385,7938.382,5572.2993,6655.486
2009-01-04 16:00:00,5351.2285,6089.385,7938.382,5572.2993,6655.486
2009-01-04 17:00:00,5351.2285,6089.385,7938.382,5572.2993,6655.486
2009-01-04 18:00:00,5351.2285,6089.385,7938.382,5572.2993,6655.486
2009-01-04 19:00:00,5351.2285,6089.385,7938.382,5572.2993,6655.486
2009-01-04 20:00:00,5351.2285,6089.385,7938.382,5572.2993,6655.486
2009-01-04 21:00:00,5351.2285,6089.385,7938.382,5572.2993,6655.486
2009-01-04 22:00:00,5351.2285,6089.385,7938.382,5572.2993,6655.486
2009-01-04 23:00:00,5351.2285,6089.385,7938.382,5572.2993,6655.486
2009-01-05 00:00:00,5351.2285,6089.385,7938.382,5572.2993,6655.486
2009-01-05 01:00:00,5351.2285,6089.385,7938.382,5572.2993,6655.486
2009-01-05 02:00:00,5351.2285,6089.385,7938.382,5572.2993,6655.486
2009-01-05 03:00:00,5351.2285,6089.385,7938.382,5572.2993,6655.486
2009-01-05 04:00:00,5351.2285,6089.385,7938.382,5572.2993,6655.486
2009-01-05 05:00:00,5351.2285,6089.385,7938.382,5572.2993,6655.486
2009-01-05 06:00:00,5351.2285,6089.385,7938.382,5572.2993,6655.486
2009-01-05 07:00:00,5351.2285,6089.385,7938.382,5572.2993,6655.486
2009-01-05 08:00:00,5351.2285,6089.385,7938.382,5572.2993,6655.486
2009-01-05 09:00:00,5351.2285,6089.385,7938.382,5572.2993,6655.486
2009-01-05 10:00:00,5351.2285,6089.385,7938.382,5572.2993,6655.486
2009-01-05 11:00:00,5351.2285,6089.385,7938.382,5572.2993,6655.774
2009-01-05 12:00:00,5351.2285,6089.3857,7938.382,5572.2993,6655.7812
2009-01-05 13:00:00,5351.2285,6089.3857,7938.382,5572.2993,6655.7812
2009-01-05 14:00:00,5351.2285,6089.3857,7938.4805,5572.2993,6655.8755
2009-01-05 15:00:00,5351.2285,6089.3857,7938.4805,5572.2993,6655.9688
2009-01-05 16:00:00,5351.2285,6089.3857,7938.538,5572.2993,6656.476
2009-01-05 17:00:00,5351.2285,6089.3857,7938.6133,5572.2993,6657.0786
2009-01-05 18:00:00,5351.2534,6089.812,7939.0415,5572.5283,6658.145
2009-01-05 19:00:00,5351.2534,6089.8735,7939.3022,5572.7446,6658.318
2009-01-05 20:00:00,5351.304,6090.321,7939.576,5572.8535,6660.911
2009-01-05 21:00:00,5351.7285,6090.651,7940.491,5573.5435,6662.4355
2009-01-05 22:00:00,5352.2573,6091.1973,7941.0137,5573.8643,6663.7456
2009-01-05 23:00:00,5352.565,6091.6816,7941.4214,5574.211,6664.4253
2009-01-06 00:00:00,5353.09,6092.1855,7941.8403,5574.405,6665.765
2009-01-06 01:00:00,5353.4033,6092.7446,7942.4883,5574.641,6667.6147
2009-01-06 02:00:00,5354.018,6093.4487,7943.0312,5574.993,6669.654
2009-01-06 03:00:00,5354.619,6094.2866,7943.4717,5575.377,6672.065
2009-01-06 04:00:00,5355.5767,6095.318,7944.132,5575.79,6673.958
2009-01-06 05:00:00,5356.781,6096.3945,7945.666,5576.3125,6676.769
2009-01-06 06:00:00,5357.407,6097.3887,7946.6084,5576.912,6679.9854
2009-01-06 07:00:00,5358.2207,6098.347,7949.726,5577.5093,6684.7593
2009-01-06 08:00:00,5361.7427,6100.2925,7953.781,5580.717,6689.2534
2009-01-06 09:00:00,5362.942,6102.5273,7954.644,5582.395,6693.6323
2009-01-06 10:00:00,5363.6333,6103.64,7955.034,5583.014,6694.1187
2009-01-06 11:00:00,5363.8994,6103.824,7955.6265,5583.0938,6694.1187
2009-01-06 12:00:00,5365.3853,6105.0547,7956.4033,5583.457,6696.3555
2009-01-06 13:00:00,5366.382,6105.562,7958.0874,5583.8984,6697.8853
2009-01-06 14:00:00,5367.426,6106.0947,7959.008,5584.313,6698.178
2009-01-06 15:00:00,5368.6304,6106.157,7959.1724,5584.329,6698.6523
2009-01-06 16:00:00,5370.3438,6106.339,7960.0044,5584.9766,6699.0312
2009-01-06 17:00:00,5370.775,6107.3813,7960.846,5585.969,6701.186
2009-01-06 18:00:00,5371.743,6108.342,7961.733,5586.5947,6702.8794
2009-01-06 19:00:00,5372.695,6109.282,7961.733,5587.038,6702.8906
2009-01-06 20:00:00,5374.112,6109.339,7962.013,5587.163,6703.8164
2009-01-06 21:00:00,5374.447,6110.1323,7962.86,5587.7676,6704.269
2009-01-06 22:00:00,5374.9517,6110.619,7963.5923,5587.9653,6704.703
2009-01-06 23:00:00,5376.2695,6111.656,7965.525,5588.8823,6706.295
2009-01-07 00:00:00,5376.4883,6112.115,7967.9175,5591.099,6706.601
2009-01-07 01:00:00,5377.807,6113.0913,7969.8657,5592.0894,6708.4155
2009-01-07 02:00:00,5378.2427,6114.2227,7970.5635,5593.0303,6709.578
2009-01-07 03:00:00,5378.3735,6114.9863,7971.863,5593.2593,6711.0703
2009-01-07 04:00:00,5378.929,6115.6494,7972.2153,5593.907,6712.2393
2009-01-07 05:00:00,5380.0415,6116.017,7972.787,5594.123,6713.635
2009-01-07 06:00:00,5381.3105,6116.5186,7973.522,5594.3467,6715.46
2009-01-07 07:00:00,5381.466,6117.015,7973.581,5594.7065,6715.855
2009-01-07 08:00:00,5381.466,6117.015,7975.022,5594.9653,6716.078
2009-01-07 09:00:00,5381.5356,6117.2783,7975.022,5595.5566,6716.8613
2009-01-07 10:00:00,5381.5356,6117.503,7975.022,5595.5566,6718.32
2009-01-07 11:00:00,5381.5356,6117.617,7975.5684,5595.674,6718.8555
2009-01-07 12:00:00,5381.7256,6117.81,7975.7275,5595.764,6719.9907
2009-01-07 13:00:00,5381.7256,6118.0474,7975.7275,5596.001,6720.372
2009-01-07 14:00:00,5381.7256,6118.0474,7975.7275,5596.001,6720.372
2009-01-07 15:00:00,5381.7256,6118.0474,7975.7275,5596.001,6720.372
2009-01-07 16:00:00,5381.7256,6118.0474,7975.7275,5596.001,6720.372
2009-01-07 17:00:00,5381.7256,6118.0474,7975.7275,5596.001,6720.372
2009-01-07 18:00:00,5381.7256,6118.0474,7975.7275,5596.001,6720.372
2009-01-07 19:00:00,5381.7256,6118.0474,7975.7275,5596.001,6720.6016
2009-01-07 20:00:00,5381.7256,6118.1064,7976.0093,5596.001,6721.022
2009-01-07 21:00:00,5381.7256,6118.463,7976.3657,5596.001,6721.81
2009-01-07 22:00:00,5381.7256,6118.803,7976.9683,5596.001,6722.4907
2009-01-07 23:00:00,5381.7256,6119.512,7977.755,5596.238,6723.3315
2009-01-08 00:00:00,5382.0093,6120.7397,7978.5703,5596.871,6724.491
2009-01-08 01:00:00,5382.793,6122.3745,7979.9595,5597.879,6725.7173
2009-01-08 02:00:00,5383.692,6123.605,7980.66,5599.85,6726.826
2009-01-08 03:00:00,5384.6855,6124.629,7980.7964,5601.133,6727.6426
2009-01-08 04:00:00,5385.6313,6125.168,7980.7964,5601.5034,6728.401
2009-01-08 05:00:00,5386.1597,6125.422,7980.818,5601.5034,6728.7896
2009-01-08 06:00:00,5386.189,6126.091,7980.848,5601.5034,6730.265
2009-01-08 07:00:00,5386.2944,6126.7803,7980.9946,5602.1206,6733.54
2009-01-08 08:00:00,5386.788,6127.087,7982.19,5602.8403,6734.89
2009-01-08 09:00:00,5387.5146,6127.2783,7983.64,5603.6606,6735.793
2009-01-08 10:00:00,5388.9067,6127.3184,7985.9526,5604.034,6736.5757
2009-01-08 11:00:00,5389.717,6127.418,7989.1206,5604.305,6738.055
2009-01-08 12:00:00,5390.2603,6128.018,7990.872,5605.265,6739.7373
2009-01-08 13:00:00,5391.525,6129.565,7992.925,5606.273,6741.8086
2009-01-08 14:00:00,5392.2217,6131.5195,7994.3203,5607.1885,6743.76
2009-01-08 15:00:00,5392.4155,6132.288,7995.59,5607.6074,6745.858
2009-01-08 16:00:00,5393.168,6133.7017,7997.421,5609.239,6746.8267
2009-01-08 17:00:00,5394.256,6135.115,7998.8066,5610.448,6748.3945
2009-01-08 18:00:00,5396.227,6137.56,8000.6875,5612.5835,6748.8247
2009-01-08 19:00:00,5398.9136,6139.497,8005.1255,5613.4097,6749.9546
2009-01-08 20:00:00,5399.2715,6142.168,8006.1396,5614.699,6750.7305
2009-01-08 21:00:00,5399.5723,6143.2993,8007.91,5614.7466,6750.8115
2009-01-08 22:00:00,5399.7817,6143.584,8010.24,5615.1426,6751.7544
2009-01-08 23:00:00,5399.858,6143.882,8012.91,5615.5957,6754.1714
2009-01-09 00:00:00,5400.4062,6143.882,8015.688,5616.253,6754.7676
2009-01-09 01:00:00,5401.1304,6143.882,8017.9404,5616.8936,6755.599
2009-01-09 02:00:00,5401.369,6143.921,8019.4575,5617.5483,6757.3237
2009-01-09 03:00:00,5402.2954,6143.921,8020.637,5618.261,6757.9575
2009-01-09 04:00:00,5404.554,6143.921,8020.9956,5618.653,6758.096
2009-01-09 05:00:00,5405.884,6143.921,8021.2573,5618.6763,6758.2427
2009-01-09 06:00:00,5406.9214,6143.921,8021.345,5618.7827,6758.567
2009-01-09 07:00:00,5407.935,6143.921,8021.345,5619.0767,6758.668
2009-01-09 08:00:00,5408.635,6144.2246,8021.516,5619.5645,6758.9033
2009-01-09 09:00:00,5408.71,6144.4565,8021.8115,5619.7715,6758.9165
2009-01-09 10:00:00,5409.0195,6144.463,8022.3135,5619.778,6759.218
2009-01-09 11:00:00,5409.05,6144.4907,8022.4146,5619.778,6759.4805
2009-01-09 12:00:00,5409.05,6144.4976,8022.4146,5619.778,6759.8486
2009-01-09 13:00:00,5409.05,6144.605,8022.4146,5619.778,6759.908
2009-01-09 14:00:00,5409.05,6144.7085,8022.7163,5619.843,6761.4155
2009-01-09 15:00:00,5409.05,6144.7085,8022.9106,5619.9023,6761.5425
2009-01-09 16:00:00,5409.076,6144.7085,8022.9106,5619.9023,6761.5957
2009-01-09 17:00:00,5409.076,6144.7085,8022.9277,5619.9023,6761.61
2009-01-09 18:00:00,5409.076,6144.724,8022.9277,5619.9653,6761.741
2009-01-09 19:00:00,5409.076,6144.724,8022.9277,5620.007,6761.7534
2009-01-09 20:00:00,5409.076,6144.724,8022.9277,5620.007,6761.7534
2009-01-09 21:00:00,5409.076,6144.724,8022.9277,5620.007,6761.7534
2009-01-09 22:00:00,5409.076,6144.724,8022.9277,5620.007,6761.7534
2009-01-09 23:00:00,5409.076,6144.724,8022.9277,5620.007,6761.7534
2009-01-10 00:00:00,5409.076,6144.724,8022.9277,5620.007,6761.7534
2009-01-10 01:00:00,5409.076,6144.724,8022.9277,5620.007,6761.7534
2009-01-10 02:00:00,5409.076,6144.724,8022.9277,5620.007,6761.7534
2009-01-10 03:00:00,5409.076,6144.724,8022.9277,5620.007,6761.7534
2009-01-10 04:00:00,5409.076,6144.724,8022.9277,5620.007,6761.7534
2009-01-10 05:00:00,5409.076,6144.724,8022.9277,5620.007,6761.7534
2009-01-10 06:00:00,5409.076,6144.724,8022.9277,5620.007,6761.7534
2009-01-10 07:00:00,5409.076,6144.724,8022.9277,5620.007,6761.7534
2009-01-10 08:00:00,5409.076,6144.724,8022.9277,5620.007,6761.7534
2009-01-10 09:00:00,5409.076,6144.724,8022.9277,5620.007,6761.7534
2009-01-10 10:00:00,5409.076,6144.724,8022.9277,5620.007,6761.7534
2009-01-10 11:00:00,5409.076,6144.724,8022.9277,5620.007,6761.7534
2009-01-10 12:00:00,5409.076,6144.724,8022.9277,5620.007,6761.7534
2009-01-10 13:00:00,5409.076,6144.724,8022.9277,5620.007,6761.7534
2009-01-10 14:00:00,5409.076,6144.724,8022.9277,5620.007,6761.7534
2009-01-10 15:00:00,5409.076,6144.724,8022.9277,5620.007,6761.7534
2009-01-10 16:00:00,5409.076,6144.724,8022.9277,5620.007,6761.7534
2009-01-10 17:00:00,5409.076,6144.724,8022.9277,5620.007,6761.7534
2009-01-10 18:00:00,5409.076,6144.724,8022.9277,5620.007,6762.304
2009-01-10 19:00:00,5409.307,6145.3623,8023.259,5620.2573,6763.665
2009-01-10 20:00:00,5410.4375,6146.878,8023.751,5621.1025,6765.2324
2009-01-10 21:00:00,5412.613,6149.498,8025.04,5622.2627,6766.5327
2009-01-10 22:00:00,5414.3203,6151.616,8026.693,5623.3193,6767.585
2009-01-10 23:00:00,5415.562,6153.286,8028.104,5623.9053,6768.7705
2009-01-11 00:00:00,5447.6094,6197.938,8110.0864,5698.041,6803.0103
2009-01-11 01:00:00,5449.828,6200.3496,8115.895,5702.387,6805.3696
2009-01-11 02:00:00,5452.38,6201.4663,8116.6016,5705.595,6805.745
2009-01-11 03:00:00,5453.235,6202.423,8117.7095,5709.283,6806.5464
2009-01-11 04:00:00,5416.131,6155.2354,8030.145,5624.782,6771.5605
2009-01-11 05:00:00,5417.0664,6157.4473,8034.444,5626.535,6773.286
2009-01-11 06:00:00,5418.2964,6158.884,8034.5,5628.7363,6773.286
2009-01-11 07:00:00,5418.584,6158.884,8036.794,5628.8286,6774.623
2009-01-11 08:00:00,5419.892,6158.9165,8038.542,5629.1455,6774.6553
2009-01-11 09:00:00,5420.6235,6159.359,8041.896,5629.5137,6776.299
2009-01-11 10:00:00,5420.92,6159.36,8042.4844,5630.196,6776.9844
2009-01-11 11:00:00,5421.5293,6159.727,8044.4673,5630.733,6777.3574
2009-01-11 12:00:00,5421.8535,6160.4956,8046.7847,5631.518,6777.822
2009-01-11 13:00:00,5422.4614,6162.518,8050.3516,5633.5625,6778.8735
2009-01-11 14:00:00,5423.51,6165.2466,8055.086,5636.1367,6780.2964
2009-01-11 15:00:00,5425.1123,6168.294,8060.3545,5638.66,6782.1055
2009-01-11 16:00:00,5427.2144,6172.584,8065.859,5641.6665,6784.4995
2009-01-11 17:00:00,5429.109,6176.792,8071.7896,5646.087,6786.9077
2009-01-11 18:00:00,5430.6714,6180.608,8077.9707,5652.1826,6789.0713
2009-01-11 19:00:00,5432.0933,6183.989,8084.051,5659.003,6790.9097
2009-01-11 20:00:00,5433.4565,6187.828,8089.8,5667.104,6792.925
2009-01-11 21:00:00,5435.6475,6190.867,8094.392,5674.746,6794.359
2009-01-11 22:00:00,5440.0884,6193.4766,8099.003,5683.816,6796.4404
2009-01-11 23:00:00,5444.5947,6195.7163,8104.631,5693.361,6799.526
2009-01-12 00:00:00,5454.6914,6203.4253,8122.8916,5710.3745,6808.618
2009-01-12 01:00:00,5456.174,6205.557,8127.389,5712.014,6809.616
2009-01-12 02:00:00,5457.437,6208.4805,8130.101,5715.0586,6810.1865
2009-01-12 03:00:00,5459.0244,6210.4814,8135.7485,5717.5366,6812.422
2009-01-12 04:00:00,5460.678,6212.936,8137.1465,5720.0757,6812.5005
2009-01-12 05:00:00,5462.811,6213.611,8138.1353,5722.544,6812.7275
2009-01-12 06:00:00,5464.7295,6213.611,8140.974,5722.837,6812.9517
2009-01-12 07:00:00,5466.24,6213.7183,8143.2607,5722.934,6813.365
2009-01-12 08:00:00,5467.4546,6215.663,8144.0903,5726.624,6813.4873
2009-01-12 09:00:00,5467.801,6216.809,8147.25,5727.9917,6814.171
2009-01-12 10:00:00,5468.011,6217.71,8150.878,5729.019,6814.786
2009-01-12 11:00:00,5469.5044,6219.3745,8154.0044,5730.7124,6815.633
2009-01-12 12:00:00,5470.4297,6220.2554,8155.51,5731.5947,6815.8027
2009-01-12 13:00:00,5470.935,6220.9185,8159.13,5732.286,6816.8013
2009-01-12 14:00:00,5471.3267,6221.4478,8161.523,5732.659,6817.3096
2009-01-12 15:00:00,5471.4854,6221.761,8165.3574,5732.8384,6817.6445
2009-01-12 16:00:00,5471.745,6222.244,8166.4966,5733.3086,6818.427
2009-01-12 17:00:00,5472.166,6222.4766,8166.9653,5733.933,6818.427
2009-01-12 18:00:00,5472.3013,6222.4766,8167.4937,5733.933,6819.9595
2009-01-12 19:00:00,5472.3013,6222.4766,8173.453,5733.933,6823.158
2009-01-12 20:00:00,5472.3013,6223.2056,8178.5366,5734.5757,6825.6187
2009-01-12 21:00:00,5473.179,6223.3906,8179.2563,5735.335,6825.6187
2009-01-12 22:00:00,5473.5186,6224.0513,8181.514,5736.0005,6826.5044
2009-01-12 23:00:00,5473.7876,6224.3975,8184.6865,5737.0386,6828.5913
2009-01-13 00:00:00,5474.1367,6224.465,8188.2163,5737.056,6830.689
2009-01-13 01:00:00,5474.3574,6224.5796,8194.142,5737.2466,6833.6196
2009-01-13 02:00:00,5474.8823,6225.3027,8196.268,5737.873,6833.7925
2009-01-13 03:00:00,5475.922,6226.578,8196.47,5738.076,6834.052
2009-01-13 04:00:00,5476.257,6226.7705,8196.47,5739.3965,6834.052
2009-01-13 05:00:00,5476.32,6226.7705,8196.475,5739.3965,6834.5947
2009-01-13 06:00:00,5476.351,6227.7295,8200.021,5739.7783,6838.8677
2009-01-13 07:00:00,5476.5854,6227.879,8200.113,5739.86,6838.8677
2009-01-13 08:00:00,5476.6455,6227.879,8200.113,5739.86,6838.8677
2009-01-13 09:00:00,5476.6455,6227.879,8200.113,5739.873,6838.8677
2009-01-13 10:00:00,5477.0454,6228.287,8200.25,5740.2173,6838.8677
2009-01-13 11:00:00,5477.0674,6228.8315,8200.564,5740.5225,6839.297
2009-01-13 12:00:00,5477.7773,6230.7656,8202.213,5741.133,6839.786
2009-01-13 13:00:00,5478.759,6235.119,8204.144,5743.666,6840.005
2009-01-13 14:00:00,5479.4717,6235.255,8204.429,5743.7437,6840.131
2009-01-13 15:00:00,5480.3193,6236.868,8206.196,5744.3857,6840.499
2009-01-13 16:00:00,5482.086,6238.4443,8206.224,5745.347,6840.557
2009-01-13 17:00:00,5482.67,6238.965,8207.2705,5745.693,6840.926
2009-01-13 18:00:00,5482.829,6239.1187,8208.293,5745.928,6840.926
2009-01-13 19:00:00,5483.146,6239.1187,8208.753,5745.928,6840.964
2009-01-13 20:00:00,5483.811,6239.148,8209.995,5746.1475,6841.741
2009-01-13 21:00:00,5484.9053,6239.597,8210.691,5746.6836,6842.382
2009-01-13 22:00:00,5485.657,6239.8594,8210.826,5747.1143,6842.942
2009-01-13 23:00:00,5486.064,6239.8594,8210.826,5747.1143,6843.31
2009-01-14 00:00:00,5486.064,6239.8594,8210.826,5747.1143,6843.555
2009-01-14 01:00:00,5486.064,6239.8594,8211.639,5747.1143,6843.7915
2009-01-14 02:00:00,5486.095,6239.8594,8211.732,5747.1504,6843.871
2009-01-14 03:00:00,5486.095,6239.8594,8211.732,5747.1504,6844.007
2009-01-14 04:00:00,5486.095,6239.8594,8211.763,5747.1504,6844.0645
2009-01-14 05:00:00,5486.095,6239.8594,8211.847,5747.1504,6844.0645
2009-01-14 06:00:00,5486.095,6239.8594,8211.847,5747.1504,6844.0645
2009-01-14 07:00:00,5486.095,6239.8594,8212.4795,5747.1504,6844.0645
2009-01-14 08:00:00,5486.095,6239.8594,8212.4795,5747.1504,6844.0645
2009-01-14 09:00:00,5486.095,6239.8594,8212.521,5747.1504,6844.0645
2009-01-14 10:00:00,5486.095,6239.8594,8212.521,5747.1504,6844.0645
2009-01-14 11:00:00,5486.095,6239.8594,8212.521,5747.1504,6844.0645
2009-01-14 12:00:00,5486.095,6239.8594,8212.521,5747.1504,6844.0645
2009-01-14 13:00:00,5486.095,6239.8594,8212.521,5747.1504,6844.0645
2009-01-14 14:00:00,5486.095,6239.8594,8212.521,5747.1504,6844.0645
2009-01-14 15:00:00,5486.095,6239.8594,8212.521,5747.1504,6844.0645
2009-01-14 16:00:00,5486.095,6239.8594,8212.521,5747.1504,6844.0645
2009-01-14 17:00:00,5486.095,6239.8594,8212.521,5747.1504,6844.0645
2009-01-14 18:00:00,5486.095,6239.8594,8212.521,5747.1504,6844.0645
2009-01-14 19:00:00,5486.095,6239.8594,8212.521,5747.1504,6844.0645
2009-01-14 20:00:00,5486.095,6239.8594,8212.521,5747.1504,6844.0645
2009-01-14 21:00:00,5486.095,6239.8594,8212.521,5747.1504,6844.0645
2009-01-14 22:00:00,5486.095,6239.8594,8212.521,5747.1504,6844.0645
2009-01-14 23:00:00,5486.095,6239.8594,8212.521,5747.1504,6844.0645
2009-01-15 00:00:00,5486.095,6239.8594,8212.521,5747.1504,6844.0645
2009-01-15 01:00:00,5486.095,6239.8594,8212.521,5747.1504,6844.0645
2009-01-15 02:00:00,5486.095,6239.8594,8212.521,5747.1504,6844.0645
2009-01-15 03:00:00,5486.095,6239.8594,8212.521,5747.1504,6844.0645
2009-01-15 04:00:00,5486.095,6239.8594,8212.521,5747.1504,6844.0645
2009-01-15 05:00:00,5486.095,6239.8594,8212.521,5747.1504,6844.0645
2009-01-15 06:00:00,5486.095,6239.8594,8212.521,5747.1504,6844.0645
2009-01-15 07:00:00,5486.095,6239.8594,8212.521,5747.1504,6844.0645
2009-01-15 08:00:00,5486.095,6239.8594,8212.521,5747.1504,6844.0645
2009-01-15 09:00:00,5486.095,6239.8594,8212.521,5747.1504,6844.0645
2009-01-15 10:00:00,5486.095,6239.8594,8212.521,5747.1504,6844.0645
2009-01-15 11:00:00,5486.095,6239.8594,8212.521,5747.1504,6844.0645
2009-01-15 12:00:00,5486.095,6239.8594,8212.521,5747.1504,6844.0645
2009-01-15 13:00:00,5486.095,6239.8594,8212.521,5747.1504,6844.0645
2009-01-15 14:00:00,5486.095,6239.8594,8212.521,5747.1504,6844.0645
2009-01-15 15:00:00,5486.095,6239.8594,8212.521,5747.1504,6844.0645
2009-01-15 16:00:00,5486.095,6239.8594,8212.521,5747.1504,6844.0645
2009-01-15 17:00:00,5486.095,6239.8594,8212.521,5747.1504,6844.0645
2009-01-15 18:00:00,5486.095,6239.8594,8212.521,5747.1504,6844.0645
2009-01-15 19:00:00,5486.095,6239.8594,8212.521,5747.1504,6844.0645
2009-01-15 20:00:00,5486.095,6239.8594,8212.521,5747.1504,6844.0645
2009-01-15 21:00:00,5486.095,6239.8594,8212.521,5747.1504,6844.0645
2009-01-15 22:00:00,5486.095,6239.8594,8212.521,5747.1504,6844.0645
2009-01-15 23:00:00,5486.095,6239.8594,8212.521,5747.1504,6844.0645
2009-01-16 00:00:00,5486.095,6239.8594,8212.521,5747.1504,6844.0645
2009-01-16 01:00:00,5486.095,6239.8594,8212.521,5747.1504,6844.0645
2009-01-16 02:00:00,5486.095,6240.2153,8212.521,5747.1504,6844.289
2009-01-16 03:00:00,5486.1953,6240.628,8212.521,5747.5664,6844.7017
2009-01-16 04:00:00,5486.569,6241.0015,8212.521,5748.458,6845.075
2009-01-16 05:00:00,5486.9966,6241.6655,8213.04,5749.721,6845.7627
2009-01-16 06:00:00,5487.5957,6242.26,8213.834,5751.399,6846.5566
2009-01-16 07:00:00,5488.0347,6242.694,8214.481,5753.147,6847.408
2009-01-16 08:00:00,5488.4824,6243.1416,8214.481,5754.3096,6847.856
2009-01-16 09:00:00,5489.077,6243.5957,8214.481,5755.218,6848.31
2009-01-16 10:00:00,5489.9766,6243.843,8214.481,5756.117,6848.76
2009-01-16 11:00:00,5490.5454,6243.843,8214.481,5756.6284,6849.224
2009-01-16 12:00:00,5491.027,6243.843,8214.481,5756.8135,6849.5728
2009-01-16 13:00:00,5491.298,6243.843,8214.481,5756.8135,6849.5728
2009-01-16 14:00:00,5491.298,6243.843,8214.481,5756.8135,6849.5728
2009-01-16 15:00:00,5491.298,6243.843,8214.481,5756.8135,6849.5728
2009-01-16 16:00:00,5491.298,6243.843,8214.481,5756.8135,6849.5728
2009-01-16 17:00:00,5491.298,6243.843,8214.481,5756.8135,6849.5728
2009-01-16 18:00:00,5491.298,6243.843,8214.481,5756.8135,6849.5728
2009-01-16 19:00:00,5491.298,6243.843,8214.481,5756.8135,6849.5728
2009-01-16 20:00:00,5491.298,6243.843,8214.481,5756.8135,6849.5728
2009-01-16 21:00:00,5491.298,6243.843,8214.481,5756.8135,6849.5728
2009-01-16 22:00:00,5491.298,6243.843,8214.481,5756.8135,6849.5728
2009-01-16 23:00:00,5491.298,6243.843,8214.481,5756.8135,6849.5728
2009-01-17 00:00:00,5491.298,6243.843,8214.481,5756.8135,6849.5728
2009-01-17 01:00:00,5491.298,6243.843,8214.481,5756.8135,6849.5728
2009-01-17 02:00:00,5491.298,6243.843,8214.481,5756.8135,6849.5728
2009-01-17 03:00:00,5491.298,6243.843,8214.481,5756.8135,6849.5728
2009-01-17 04:00:00,5491.298,6243.843,8214.481,5756.8135,6849.5728
2009-01-17 05:00:00,5491.298,6243.843,8214.481,5756.8135,6849.5728
2009-01-17 06:00:00,5491.298,6243.843,8214.481,5756.8135,6849.5728
2009-01-17 07:00:00,5491.298,6243.843,8214.481,5756.8135,6849.5728
2009-01-17 08:00:00,5491.298,6243.843,8214.481,5756.8135,6849.5728
2009-01-17 09:00:00,5491.298,6243.843,8214.481,5756.8135,6849.5728
2009-01-17 10:00:00,5491.298,6243.843,8214.481,5756.8135,6849.5728
2009-01-17 11:00:00,5491.298,6243.843,8214.481,5756.8135,6849.5728
2009-01-17 12:00:00,5491.298,6243.843,8214.481,5756.8135,6849.5728
2009-01-17 13:00:00,5491.298,6243.843,8214.481,5756.8135,6849.5728
2009-01-17 14:00:00,5491.298,6243.843,8214.481,5756.8135,6849.5728
2009-01-17 15:00:00,5491.4116,6243.843,8214.481,5756.8135,6849.8223
2009-01-17 16:00:00,5491.432,6243.843,8214.481,5756.8135,6849.8223
2009-01-17 17:00:00,5491.7036,6243.843,8214.481,5756.8135,6849.8223
2009-01-17 18:00:00,5492.17,6243.843,8214.481,5757.1104,6849.8223
2009-01-17 19:00:00,5492.642,6243.843,8214.481,5757.5825,6849.8223
2009-01-17 20:00:00,5492.9404,6243.843,8214.481,5758.058,6849.8223
2009-01-17 21:00:00,5493.191,6243.843,8214.481,5758.1987,6849.8403
2009-01-17 22:00:00,5493.191,6243.843,8214.7295,5758.1987,6850.2666
2009-01-17 23:00:00,5493.191,6243.843,8214.7295,5758.1987,6850.4453
2009-01-18 00:00:00,5495.217,6247.188,8222.655,5760.0894,6856.7446
2009-01-18 01:00:00,5496.1787,6247.8896,8223.563,5760.938,6858.3457
2009-01-18 02:00:00,5497.6104,6248.24,8225.017,5762.1885,6859.1987
2009-01-18 03:00:00,5498.69,6248.24,8225.751,5762.846,6859.566
2009-01-18 04:00:00,5493.191,6243.843,8214.7295,5758.1987,6850.4453
2009-01-18 05:00:00,5493.191,6243.843,8214.7295,5758.1987,6850.4453
2009-01-18 06:00:00,5493.191,6243.843,8214.7295,5758.1987,6850.4453
2009-01-18 07:00:00,5493.191,6243.843,8214.7295,5758.1987,6850.4453
2009-01-18 08:00:00,5493.191,6243.843,8214.7295,5758.1987,6850.4453
2009-01-18 09:00:00,5493.191,6243.843,8214.7295,5758.1987,6850.4453
2009-01-18 10:00:00,5493.191,6243.843,8214.7295,5758.1987,6850.4453
2009-01-18 11:00:00,5493.191,6243.843,8214.7295,5758.1987,6850.4453
2009-01-18 12:00:00,5493.191,6243.843,8214.7295,5758.1987,6850.4453
2009-01-18 13:00:00,5493.191,6243.843,8214.739,5758.1987,6850.4453
2009-01-18 14:00:00,5493.191,6243.843,8214.739,5758.1987,6850.4453
2009-01-18 15:00:00,5493.191,6243.843,8214.739,5758.1987,6850.4453
2009-01-18 16:00:00,5493.191,6243.843,8214.739,5758.1987,6850.449
2009-01-18 17:00:00,5493.191,6243.843,8214.739,5758.1987,6850.449
2009-01-18 18:00:00,5493.191,6243.843,8215.304,5758.1987,6850.88
2009-01-18 19:00:00,5493.191,6243.843,8216.249,5758.1987,6851.516
2009-01-18 20:00:00,5493.3335,6244.027,8217.707,5758.2334,6852.162
2009-01-18 21:00:00,5493.7266,6244.3765,8218.663,5758.5327,6852.989
2009-01-18 22:00:00,5494.1943,6245.1094,8219.955,5758.866,6853.9395
2009-01-18 23:00:00,5494.776,6246.2075,8221.554,5759.526,6855.274
2009-01-19 00:00:00,5499.389,6248.398,8226.456,5762.856,6859.9185
2009-01-19 01:00:00,5500.207,6248.83,8226.858,5763.193,6860.3506
2009-01-19 02:00:00,5501.686,6249.206,8226.858,5763.942,6860.4644
2009-01-19 03:00:00,5503.0054,6249.55,8226.858,5764.6294,6860.4644
2009-01-19 04:00:00,5503.874,6249.6187,8226.858,5765.0903,6860.4644
2009-01-19 05:00:00,5504.2295,6249.6187,8226.858,5765.096,6860.4644
2009-01-19 06:00:00,5504.2295,6249.6187,8226.858,5765.096,6860.5444
2009-01-19 07:00:00,5504.2295,6249.6187,8226.858,5765.096,6860.5444
2009-01-19 08:00:00,5504.2295,6249.6187,8226.858,5765.096,6860.5444
2009-01-19 09:00:00,5504.2295,6249.6187,8226.858,5765.096,6860.5444
2009-01-19 10:00:00,5504.2295,6249.76,8227.037,5765.096,6860.635
2009-01-19 11:00:00,5504.2295,6250.0312,8227.596,5765.096,6861.034
2009-01-19 12:00:00,5504.2295,6250.0312,8228.532,5765.096,6861.249
2009-01-19 13:00:00,5504.2295,6250.0312,8229.247,5765.096,6861.2607
2009-01-19 14:00:00,5504.2295,6250.0312,8229.247,5765.096,6861.2607
2009-01-19 15:00:00,5504.2295,6250.0312,8229.247,5765.096,6861.2607
2009-01-19 16:00:00,5504.2295,6250.0312,8229.247,5765.096,6861.2607
2009-01-19 17:00:00,5504.2295,6250.0312,8229.247,5765.096,6861.2607
2009-01-19 18:00:00,5504.2295,6250.0312,8229.247,5765.096,6861.2607
2009-01-19 19:00:00,5504.2295,6250.0312,8229.247,5765.096,6861.2607
2009-01-19 20:00:00,5504.2295,6250.0312,8229.247,5765.096,6861.2607
2009-01-19 21:00:00,5504.2295,6250.0312,8229.247,5765.096,6861.2607
2009-01-19 22:00:00,5504.2295,6250.0312,8229.247,5765.096,6861.2607
2009-01-19 23:00:00,5504.2295,6250.0312,8229.247,5765.096,6861.2607
2009-01-20 00:00:00,5504.2295,6250.0312,8229.247,5765.096,6861.2607
2009-01-20 01:00:00,5504.2295,6250.0312,8229.247,5765.096,6861.2607
2009-01-20 02:00:00,5504.2295,6250.0312,8229.247,5765.096,6861.2607
2009-01-20 03:00:00,5504.2295,6250.0312,8229.247,5765.096,6861.2607
2009-01-20 04:00:00,5504.2295,6250.0312,8229.247,5765.096,6861.2607
2009-01-20 05:00:00,5504.2295,6250.0312,8229.541,5765.096,6861.543
2009-01-20 06:00:00,5504.317,6250.0312,8230.493,5765.096,6861.889
2009-01-20 07:00:00,5504.6816,6250.0312,8231.386,5765.1616,6861.889
2009-01-20 08:00:00,5505.099,6250.078,8231.722,5765.494,6861.889
2009-01-20 09:00:00,5505.479,6250.26,8231.722,5766.004,6861.9883
2009-01-20 10:00:00,5506.0874,6251.042,8232.293,5767.1445,6862.346
2009-01-20 11:00:00,5506.8486,6251.961,8233.084,5768.357,6862.7417
2009-01-20 12:00:00,5507.4316,6252.3706,8233.409,5768.8994,6862.906
2009-01-20 13:00:00,5507.4316,6252.7603,8233.409,5769.174,6863.0796
2009-01-20 14:00:00,5507.67,6253.4795,8233.409,5769.782,6863.3306
2009-01-20 15:00:00,5508.08,6253.623,8233.409,5770.0303,6863.4326
2009-01-20 16:00:00,5508.4194,6253.623,8233.409,5770.0303,6863.5254
2009-01-20 17:00:00,5508.4194,6253.623,8233.409,5770.0303,6863.5254
2009-01-20 18:00:00,5508.4194,6253.623,8233.409,5770.0303,6863.5254
2009-01-20 19:00:00,5508.4194,6253.623,8233.409,5770.1553,6863.5254
2009-01-20 20:00:00,5508.799,6254.4624,8233.409,5771.607,6863.5254
2009-01-20 21:00:00,5509.489,6254.707,8233.409,5772.582,6863.57
2009-01-20 22:00:00,5509.9824,6254.7314,8233.409,5773.0815,6863.57
2009-01-20 23:00:00,5510.239,6255.0513,8233.409,5774.3115,6863.661
2009-01-21 00:00:00,5511.3813,6255.0513,8233.409,5774.809,6863.8843
2009-01-21 01:00:00,5511.517,6255.0786,8233.57,5775.193,6863.8843
2009-01-21 02:00:00,5512.238,6255.0786,8233.751,5775.5967,6863.9727
2009-01-21 03:00:00,5513.492,6255.0786,8234.013,5776.448,6864.2075
2009-01-21 04:00:00,5513.492,6255.0786,8234.013,5776.448,6864.3887
2009-01-21 05:00:00,5513.69,6255.221,8234.013,5776.4565,6864.7476
2009-01-21 06:00:00,5514.0977,6255.221,8234.1875,5776.4565,6864.8105
2009-01-21 07:00:00,5514.224,6255.3057,8234.383,5776.74,6865.4126
2009-01-21 08:00:00,5515.4624,6255.77,8234.909,5778.142,6865.806
2009-01-21 09:00:00,5516.1084,6257.665,8235.259,5779.482,6866.366
2009-01-21 10:00:00,5518.1655,6257.665,8235.259,5780.16,6866.366
2009-01-21 11:00:00,5518.3267,6258.024,8235.577,5780.2725,6867.0913
2009-01-21 12:00:00,5519.2773,6258.491,8236.465,5781.2427,6868.5474
2009-01-21 13:00:00,5520.615,6258.895,8237.048,5782.3735,6868.5806
2009-01-21 14:00:00,5521.5527,6260.1694,8237.475,5782.5435,6868.5806
2009-01-21 15:00:00,5522.697,6260.986,8237.475,5783.216,6868.604
2009-01-21 16:00:00,5522.697,6260.986,8237.536,5783.216,6868.646
2009-01-21 17:00:00,5522.697,6260.986,8237.536,5783.216,6868.724
2009-01-21 18:00:00,5522.697,6260.9937,8237.536,5783.216,6868.7764
2009-01-21 19:00:00,5522.697,6261.173,8237.536,5783.216,6868.785
2009-01-21 20:00:00,5522.697,6261.218,8237.583,5783.2275,6869.3364
2009-01-21 21:00:00,5523.711,6261.767,8237.754,5786.294,6869.3364
2009-01-21 22:00:00,5526.0547,6261.849,8237.93,5786.9414,6869.632
2009-01-21 23:00:00,5526.2886,6262.205,8237.93,5787.2886,6870.82
2009-01-22 00:00:00,5526.303,6262.205,8237.93,5787.309,6870.82
2009-01-22 01:00:00,5526.303,6262.205,8237.93,5787.309,6870.82
2009-01-22 02:00:00,5526.303,6262.205,8237.93,5787.309,6870.82
2009-01-22 03:00:00,5526.303,6262.205,8237.93,5787.309,6870.82
2009-01-22 04:00:00,5526.303,6262.205,8237.93,5787.309,6870.843
2009-01-22 05:00:00,5526.303,6262.205,8238.01,5787.309,6870.9585
2009-01-22 06:00:00,5526.303,6262.205,8238.01,5787.309,6870.9873
2009-01-22 07:00:00,5526.303,6262.205,8238.01,5787.309,6870.9873
2009-01-22 08:00:00,5526.303,6262.205,8238.01,5787.309,6870.9873
2009-01-22 09:00:00,5526.303,6262.205,8238.01,5787.309,6870.9873
2009-01-22 10:00:00,5526.303,6262.205,8238.01,5787.309,6870.9873
2009-01-22 11:00:00,5526.303,6262.205,8238.01,5787.309,6870.9873
2009-01-22 12:00:00,5526.303,6262.205,8238.01,5787.309,6870.9873
2009-01-22 13:00:00,5526.303,6262.205,8238.01,5787.309,6870.9873
2009-01-22 14:00:00,5526.303,6262.205,8238.01,5787.309,6870.9873
2009-01-22 15:00:00,5526.303,6262.205,8238.01,5787.309,6870.9873
2009-01-22 16:00:00,5526.303,6262.205,8238.01,5787.309,6870.9873
2009-01-22 17:00:00,5526.303,6262.205,8238.01,5787.309,6870.9873
2009-01-22 18:00:00,5526.303,6262.205,8238.01,5787.309,6870.9873
2009-01-22 19:00:00,5526.303,6262.205,8238.01,5787.309,6870.9873
2009-01-22 20:00:00,5526.303,6262.205,8238.01,5787.309,6870.9873
2009-01-22 21:00:00,5526.303,6262.205,8238.01,5787.3496,6870.9873
2009-01-22 22:00:00,5526.434,6262.3667,8238.01,5787.9956,6871.5728
2009-01-22 23:00:00,5526.8555,6262.493,8238.01,5788.5684,6871.994
2009-01-23 00:00:00,5527.6284,6262.924,8238.3545,5789.5947,6872.6226
2009-01-23 01:00:00,5528.1675,6263.3906,8239.285,5790.9937,6873.5547
2009-01-23 02:00:00,5528.758,6263.819,8240.142,5792.2783,6874.411
2009-01-23 03:00:00,5529.3,6264.2275,8240.959,5793.297,6875.2285
2009-01-23 04:00:00,5529.844,6264.697,8241.709,5794.047,6875.9785
2009-01-23 05:00:00,5530.352,6265.75,8243.141,5794.79,6876.4043
2009-01-23 06:00:00,5530.7573,6266.7217,8244.273,5795.3906,6876.8096
2009-01-23 07:00:00,5531.1636,6267.435,8245.086,5795.8228,6877.216
2009-01-23 08:00:00,5531.9634,6267.8438,8245.903,5796.2314,6877.6245
2009-01-23 09:00:00,5532.3945,6268.0356,8246.596,5796.6343,6878.026
2009-01-23 10:00:00,5532.83,6268.0356,8246.596,5797.036,6878.4277
2009-01-23 11:00:00,5533.229,6268.0356,8246.596,5797.1597,6878.5464
2009-01-23 12:00:00,5533.288,6268.0356,8246.596,5797.1597,6878.5464
2009-01-23 13:00:00,5533.288,6268.0356,8246.596,5797.1597,6878.5464
2009-01-23 14:00:00,5533.288,6268.0356,8246.596,5797.1597,6878.5464
2009-01-23 15:00:00,5533.288,6268.0356,8246.596,5797.1597,6878.5464
2009-01-23 16:00:00,5533.288,6268.0356,8246.596,5797.4883,6878.7725
2009-01-23 17:00:00,5533.288,6268.0356,8246.596,5797.7363,6879.1445
2009-01-23 18:00:00,5533.3794,6268.6523,8247.197,5798.9297,6880.1655
2009-01-23 19:00:00,5533.9663,6269.164,8248.108,5799.1885,6881.5903
2009-01-23 20:00:00,5533.9756,6269.164,8248.255,5799.1885,6881.8774
2009-01-23 21:00:00,5533.9756,6269.164,8248.255,5799.1885,6881.8774
2009-01-23 22:00:00,5533.9756,6269.164,8248.255,5799.1885,6881.8774
2009-01-23 23:00:00,5533.9756,6269.164,8248.255,5799.1885,6881.8774
2009-01-24 00:00:00,5533.9756,6269.164,8248.255,5799.1885,6881.8774
2009-01-24 01:00:00,5533.9756,6269.164,8248.255,5799.1885,6881.8774
2009-01-24 02:00:00,5533.9756,6269.164,8248.255,5799.1885,6881.8774
2009-01-24 03:00:00,5533.9756,6269.164,8248.255,5799.1885,6881.8774
2009-01-24 04:00:00,5533.9756,6269.164,8248.255,5799.1885,6881.8774
2009-01-24 05:00:00,5533.9756,6269.164,8248.255,5799.1885,6881.8774
2009-01-24 06:00:00,5533.9756,6269.164,8248.255,5799.1885,6881.8774
2009-01-24 07:00:00,5533.9756,6269.164,8248.255,5799.1885,6881.8774
2009-01-24 08:00:00,5533.9756,6269.164,8248.255,5799.1885,6881.8774
2009-01-24 09:00:00,5533.9756,6269.164,8248.255,5799.1885,6881.8774
2009-01-24 10:00:00,5533.9756,6269.164,8248.255,5799.1885,6881.8774
2009-01-24 11:00:00,5533.9756,6269.164,8248.255,5799.1885,6881.8774
2009-01-24 12:00:00,5533.9756,6269.164,8248.255,5799.1885,6881.8774
2009-01-24 13:00:00,5533.9756,6269.164,8248.255,5799.1885,6881.8774
2009-01-24 14:00:00,5533.9756,6269.164,8248.255,5799.1885,6881.8774
2009-01-24 15:00:00,5533.9756,6269.164,8248.255,5799.1885,6881.8774
2009-01-24 16:00:00,5533.9756,6269.164,8248.255,5799.1885,6881.95
2009-01-24 17:00:00,5533.9756,6269.164,8248.255,5799.1885,6882.341
2009-01-24 18:00:00,5533.9756,6269.164,8248.255,5799.1885,6882.8813
2009-01-24 19:00:00,5533.9756,6269.164,8248.255,5799.1885,6883.771
2009-01-24 20:00:00,5533.9756,6269.5967,8249.281,5799.2607,6884.661
2009-01-24 21:00:00,5534.0107,6270.163,8250.315,5800.1533,6885.3525
2009-01-24 22:00:00,5534.411,6270.648,8250.881,5801.0513,6886.0127
2009-01-24 23:00:00,5535.87,6270.9604,8250.881,5801.989,6886.3823
2009-01-25 00:00:00,5539.3037,6271.383,8250.881,5803.7437,6886.9536
2009-01-25 01:00:00,5539.3037,6271.383,8250.881,5803.7437,6886.9536
2009-01-25 02:00:00,5539.3037,6271.383,8250.881,5803.7437,6886.9536
2009-01-25 03:00:00,5539.3037,6271.383,8250.881,5803.7437,6886.9536
2009-01-25 04:00:00,5536.934,6271.232,8250.881,5802.651,6886.676
2009-01-25 05:00:00,5537.7964,6271.2363,8250.881,5802.964,6886.838
2009-01-25 06:00:00,5538.4106,6271.2363,8250.881,5803.2524,6886.838
2009-01-25 07:00:00,5538.74,6271.2793,8250.881,5803.56,6886.838
2009-01-25 08:00:00,5539.1084,6271.2793,8250.881,5803.7437,6886.838
2009-01-25 09:00:00,5539.3037,6271.2793,8250.881,5803.7437,6886.838
2009-01-25 10:00:00,5539.3037,6271.2793,8250.881,5803.7437,6886.838
2009-01-25 11:00:00,5539.3037,6271.2793,8250.881,5803.7437,6886.838
2009-01-25 12:00:00,5539.3037,6271.2793,8250.881,5803.7437,6886.838
2009-01-25 13:00:00,5539.3037,6271.364,8250.881,5803.7437,6886.838
2009-01-25 14:00:00,5539.3037,6271.383,8250.881,5803.7437,6886.89
2009-01-25 15:00:00,5539.3037,6271.383,8250.881,5803.7437,6886.9536
2009-01-25 16:00:00,5539.3037,6271.383,8250.881,5803.7437,6886.9536
2009-01-25 17:00:00,5539.3037,6271.383,8250.881,5803.7437,6886.9536
2009-01-25 18:00:00,5539.3037,6271.383,8250.881,5803.7437,6886.9536
2009-01-25 19:00:00,5539.3037,6271.383,8250.881,5803.7437,6886.9536
2009-01-25 20:00:00,5539.3037,6271.383,8250.881,5803.7437,6886.9536
2009-01-25 21:00:00,5539.3037,6271.383,8250.881,5803.7437,6886.9536
2009-01-25 22:00:00,5539.3037,6271.383,8250.881,5803.7437,6886.9536
2009-01-25 23:00:00,5539.3037,6271.383,8250.881,5803.7437,6886.9536
2009-01-26 00:00:00,5539.3037,6271.383,8250.881,5803.7437,6886.9536
2009-01-26 01:00:00,5539.3037,6271.383,8250.881,5803.7437,6886.9536
2009-01-26 02:00:00,5539.3037,6271.383,8250.881,5803.7437,6886.9536
2009-01-26 03:00:00,5539.3037,6271.383,8250.881,5803.7437,6886.9536
2009-01-26 04:00:00,5539.3037,6271.383,8250.881,5803.7437,6886.9536
2009-01-26 05:00:00,5539.3037,6271.383,8250.881,5803.7437,6886.9536
2009-01-26 06:00:00,5539.3037,6271.383,8250.881,5803.7437,6886.9536
2009-01-26 07:00:00,5539.3037,6271.383,8250.881,5803.7437,6886.9536
2009-01-26 08:00:00,5539.3037,6271.383,8250.881,5803.7437,6886.9536
2009-01-26 09:00:00,5539.3037,6271.383,8250.881,5803.7437,6886.9536
2009-01-26 10:00:00,5539.3037,6271.383,8250.881,5803.7437,6886.9536
2009-01-26 11:00:00,5539.3037,6271.383,8250.881,5803.7437,6886.9536
2009-01-26 12:00:00,5539.3037,6271.383,8250.881,5803.7437,6886.9536
2009-01-26 13:00:00,5539.3037,6271.383,8250.881,5803.7437,6886.9536
2009-01-26 14:00:00,5539.3037,6271.383,8250.881,5803.7437,6886.9536
2009-01-26 15:00:00,5539.3037,6271.383,8250.881,5803.7437,6886.9536
2009-01-26 16:00:00,5539.3037,6271.383,8250.881,5803.7437,6886.9536
2009-01-26 17:00:00,5539.3037,6271.383,8250.881,5803.7437,6886.9536
2009-01-26 18:00:00,5539.3037,6271.383,8250.881,5803.7437,6886.9536
2009-01-26 19:00:00,5539.3037,6271.383,8250.881,5803.7437,6886.9536
2009-01-26 20:00:00,5539.3037,6271.383,8250.881,5803.7437,6886.9536
2009-01-26 21:00:00,5539.3037,6271.383,8250.881,5803.7437,6886.9536
2009-01-26 22:00:00,5539.3037,6271.383,8250.881,5803.7437,6886.9536
2009-01-26 23:00:00,5539.3037,6271.383,8250.881,5803.7437,6886.9536
2009-01-27 00:00:00,5539.3037,6271.383,8250.881,5803.7437,6886.9536
2009-01-27 01:00:00,5539.3037,6271.383,8250.881,5803.7437,6886.9536
2009-01-27 02:00:00,5539.3037,6271.383,8250.881,5803.7437,6886.9536
2009-01-27 03:00:00,5539.3037,6271.383,8250.881,5803.7437,6886.9536
2009-01-27 04:00:00,5539.3037,6271.383,8250.881,5803.7437,6886.9536
2009-01-27 05:00:00,5539.3037,6271.383,8250.881,5803.7437,6886.9536
2009-01-27 06:00:00,5539.3037,6271.383,8250.881,5803.7437,6886.9536
2009-01-27 07:00:00,5539.3037,6271.383,8250.881,5803.7437,6886.9536
2009-01-27 08:00:00,5539.3037,6271.383,8250.881,5803.7437,6886.9536
2009-01-27 09:00:00,5539.3037,6271.383,8250.881,5803.7437,6886.9536
2009-01-27 10:00:00,5539.3037,6271.383,8250.881,5803.7437,6886.9536
2009-01-27 11:00:00,5539.3037,6271.383,8250.881,5803.7437,6886.9536
2009-01-27 12:00:00,5539.3037,6271.383,8250.881,5803.7437,6886.9536
2009-01-27 13:00:00,5539.3037,6271.383,8250.881,5803.7437,6886.9536
2009-01-27 14:00:00,5539.3037,6271.383,8250.881,5803.7437,6886.9536
2009-01-27 15:00:00,5539.3037,6271.383,8250.881,5803.7437,6886.9536
2009-01-27 16:00:00,5539.3037,6271.383,8250.881,5803.7437,6886.9536
2009-01-27 17:00:00,5539.3037,6271.383,8250.881,5803.8296,6886.9536
2009-01-27 18:00:00,5539.3037,6271.383,8250.881,5803.8296,6886.9536
2009-01-27 19:00:00,5539.3037,6271.383,8250.881,5803.8296,6886.9536
2009-01-27 20:00:00,5539.3037,6271.383,8250.881,5803.8296,6886.9536
2009-01-27 21:00:00,5539.3037,6271.383,8250.881,5803.8296,6886.9536
2009-01-27 22:00:00,5539.3037,6271.383,8250.881,5803.8296,6886.9536
2009-01-27 23:00:00,5539.3037,6271.383,8250.881,5803.8296,6886.9536
2009-01-28 00:00:00,5539.3037,6271.383,8250.881,5803.8296,6886.9536
2009-01-28 01:00:00,5539.3037,6271.383,8250.881,5803.8296,6887.276
2009-01-28 02:00:00,5539.3037,6271.383,8250.881,5803.8296,6887.839
2009-01-28 03:00:00,5539.3037,6271.383,8250.881,5803.8296,6888.136
2009-01-28 04:00:00,5539.3037,6271.383,8250.881,5803.8296,6888.136
2009-01-28 05:00:00,5539.3037,6271.383,8250.881,5803.8296,6888.136
2009-01-28 06:00:00,5539.3037,6271.383,8250.881,5803.8296,6888.136
2009-01-28 07:00:00,5539.3037,6271.383,8250.881,5803.8296,6888.136
2009-01-28 08:00:00,5539.3037,6271.383,8250.881,5803.8296,6888.136
2009-01-28 09:00:00,5539.3037,6271.383,8250.881,5803.8296,6888.136
2009-01-28 10:00:00,5539.3037,6271.5063,8250.881,5803.8296,6888.136
2009-01-28 11:00:00,5539.3037,6271.905,8250.881,5803.8296,6888.136
2009-01-28 12:00:00,5539.3125,6272.3037,8250.881,5804.1006,6888.2183
2009-01-28 13:00:00,5539.5044,6272.6924,8250.881,5804.3115,6888.2183
2009-01-28 14:00:00,5539.8887,6272.8823,8250.881,5804.696,6888.5493
2009-01-28 15:00:00,5539.93,6272.8823,8250.881,5804.7056,6888.705
2009-01-28 16:00:00,5539.9897,6272.8823,8250.881,5804.7056,6888.914
2009-01-28 17:00:00,5539.9897,6272.8823,8250.881,5804.7056,6888.914
2009-01-28 18:00:00,5539.9897,6272.8823,8250.881,5804.7056,6888.914
2009-01-28 19:00:00,5539.9897,6272.8823,8250.881,5804.7056,6888.914
2009-01-28 20:00:00,5539.9897,6272.8823,8250.881,5804.7056,6888.914
2009-01-28 21:00:00,5539.9897,6272.8823,8250.881,5804.7056,6888.914
2009-01-28 22:00:00,5539.9897,6272.8823,8250.881,5804.7056,6888.914
2009-01-28 23:00:00,5539.9897,6272.8823,8250.881,5804.7056,6888.914
2009-01-29 00:00:00,5539.9897,6272.8823,8250.881,5804.7056,6888.914
2009-01-29 01:00:00,5539.9897,6272.8823,8250.881,5804.7056,6888.914
2009-01-29 02:00:00,5539.9897,6272.8823,8250.881,5804.7056,6888.914
2009-01-29 03:00:00,5539.9897,6272.8823,8250.881,5804.7056,6888.914
2009-01-29 04:00:00,5539.9897,6272.8823,8250.881,5804.7056,6888.914
2009-01-29 05:00:00,5539.9897,6272.8823,8250.881,5804.7056,6888.914
2009-01-29 06:00:00,5539.9897,6272.8823,8250.881,5804.7056,6888.914
2009-01-29 07:00:00,5539.9897,6272.8823,8250.881,5804.7056,6888.914
2009-01-29 08:00:00,5539.9897,6272.8823,8250.881,5804.7056,6888.914
2009-01-29 09:00:00,5539.9897,6272.8823,8250.881,5804.7056,6888.914
2009-01-29 10:00:00,5539.9897,6272.8823,8250.881,5804.7056,6888.914
2009-01-29 11:00:00,5539.9897,6272.8823,8250.881,5804.7056,6888.914
2009-01-29 12:00:00,5539.9897,6272.8823,8250.881,5804.7056,6888.914
2009-01-29 13:00:00,5539.9897,6272.8823,8250.881,5804.7056,6888.914
2009-01-29 14:00:00,5539.9897,6272.8823,8250.881,5804.7056,6888.914
2009-01-29 15:00:00,5539.9897,6272.8823,8250.881,5804.7056,6888.914
2009-01-29 16:00:00,5539.9897,6272.8823,8250.881,5804.7056,6888.914
2009-01-29 17:00:00,5539.9897,6272.8823,8250.881,5804.7056,6888.914
2009-01-29 18:00:00,5539.9897,6272.8823,8250.881,5804.7056,6888.914
2009-01-29 19:00:00,5539.9897,6272.8823,8250.881,5804.7056,6888.914
2009-01-29 20:00:00,5539.9897,6272.8823,8250.881,5804.7056,6888.914
2009-01-29 21:00:00,5539.9897,6272.8823,8250.881,5804.7056,6888.914
2009-01-29 22:00:00,5539.9897,6272.8823,8250.881,5804.7056,6888.914
2009-01-29 23:00:00,5539.9897,6272.8823,8250.881,5804.7056,6888.914
2009-01-30 00:00:00,5539.9897,6272.8823,8250.881,5804.7056,6888.914
2009-01-30 01:00:00,5539.9897,6272.8823,8250.881,5804.7056,6888.914
2009-01-30 02:00:00,5539.9897,6272.8823,8250.881,5804.7056,6888.914
2009-01-30 03:00:00,5539.9897,6272.8823,8250.881,5804.7056,6888.914
2009-01-30 04:00:00,5539.9897,6272.8823,8250.881,5804.7056,6888.914
2009-01-30 05:00:00,5539.9897,6272.8823,8250.881,5804.7056,6888.914
2009-01-30 06:00:00,5539.9897,6272.8823,8250.881,5804.7056,6888.914
2009-01-30 07:00:00,5539.9897,6272.8823,8250.881,5804.7056,6888.914
2009-01-30 08:00:00,5539.9897,6272.8823,8250.881,5804.7056,6888.914
2009-01-30 09:00:00,5539.9897,6272.8823,8250.881,5804.7056,6888.914
2009-01-30 10:00:00,5539.9897,6272.8823,8250.881,5804.7056,6888.914
2009-01-30 11:00:00,5539.9897,6272.8823,8250.881,5804.7056,6888.914
2009-01-30 12:00:00,5539.9897,6272.8823,8250.881,5804.7056,6888.914
2009-01-30 13:00:00,5539.9897,6272.8823,8250.881,5804.7056,6888.914
2009-01-30 14:00:00,5539.9897,6272.8823,8250.881,5804.7056,6888.914
2009-01-30 15:00:00,5539.9897,6272.8823,8250.881,5804.7056,6888.914
2009-01-30 16:00:00,5539.9897,6272.8823,8250.881,5804.7056,6888.914
2009-01-30 17:00:00,5539.9897,6272.8823,8250.881,5804.7056,6888.914
2009-01-30 18:00:00,5539.9897,6272.8823,8250.881,5804.7056,6888.914
2009-01-30 19:00:00,5539.9897,6272.8823,8250.881,5804.7056,6888.914
2009-01-30 20:00:00,5539.9897,6272.8823,8250.881,5804.7056,6888.914
2009-01-30 21:00:00,5539.9897,6272.8823,8250.881,5804.7056,6888.914
2009-01-30 22:00:00,5539.9897,6272.8823,8250.881,5804.7056,6888.914
2009-01-30 23:00:00,5539.9897,6272.8823,8250.881,5804.7056,6888.914
2009-01-31 00:00:00,5539.9897,6272.8823,8250.881,5804.7056,6888.914
2009-01-31 01:00:00,5539.9897,6272.8823,8250.881,5804.7056,6888.914
2009-01-31 02:00:00,5539.9897,6272.8823,8250.881,5804.7056,6888.914
2009-01-31 03:00:00,5539.9897,6272.8823,8250.881,5804.7056,6888.914
2009-01-31 04:00:00,5539.9897,6272.8823,8250.881,5804.7056,6888.914
2009-01-31 05:00:00,5539.9897,6272.8823,8250.881,5804.7056,6888.914
2009-01-31 06:00:00,5539.9897,6272.8823,8250.881,5804.7056,6888.914
2009-01-31 07:00:00,5539.9897,6272.8823,8250.881,5804.7056,6888.914
2009-01-31 08:00:00,5539.9897,6272.8823,8250.881,5804.7056,6888.914
2009-01-31 09:00:00,5539.9897,6272.8823,8250.881,5804.7056,6888.914
2009-01-31 10:00:00,5539.9897,6272.8823,8250.881,5804.7056,6888.914
2009-01-31 11:00:00,5539.9897,6272.8823,8250.881,5804.7056,6888.914
2009-01-31 12:00:00,5539.9897,6272.8823,8250.881,5804.7056,6888.914
2009-01-31 13:00:00,5539.9897,6272.8823,8250.881,5804.7056,6888.914
2009-01-31 14:00:00,5539.9897,6272.8823,8250.881,5804.7056,6888.914
2009-01-31 15:00:00,5539.9897,6272.8823,8250.881,5804.7056,6888.914
2009-01-31 16:00:00,5539.9897,6272.8823,8250.881,5804.7056,6888.914
2009-01-31 17:00:00,5539.9897,6272.8823,8250.881,5804.7056,6888.914
2009-01-31 18:00:00,5539.9897,6272.8823,8250.881,5804.7056,6888.914
2009-01-31 19:00:00,5539.9897,6272.8823,8250.881,5804.7056,6888.914
2009-01-31 20:00:00,5539.9897,6272.8823,8250.881,5804.7056,6888.914
2009-01-31 21:00:00,5539.9897,6272.8823,8250.881,5804.7056,6888.914
2009-01-31 22:00:00,5539.9897,6272.8823,8250.881,5804.7056,6888.914
2009-01-31 23:00:00,5539.9897,6272.8823,8250.881,5804.7056,6888.914
2009-02-01 00:00:00,5539.9897,6272.8823,8250.881,5804.7056,6888.914
2009-02-01 01:00:00,5539.9897,6272.8823,8250.881,5804.7056,6888.914
2009-02-01 02:00:00,5539.9897,6272.8823,8250.881,5804.7056,6888.914
2009-02-01 03:00:00,5539.9897,6272.8823,8250.881,5804.7056,6888.914
2009-02-01 04:00:00,5539.9897,6272.8823,8250.881,5804.7056,6888.914
2009-02-01 05:00:00,5539.9897,6272.8823,8250.881,5804.7056,6888.914
2009-02-01 06:00:00,5539.9897,6272.8823,8250.881,5804.7056,6888.914
2009-02-01 07:00:00,5539.9897,6272.8823,8250.881,5804.7056,6888.914
2009-02-01 08:00:00,5539.9897,6272.8823,8250.881,5804.7056,6888.914
2009-02-01 09:00:00,5539.9897,6272.8823,8250.881,5804.7056,6888.914
2009-02-01 10:00:00,5539.9897,6272.8823,8250.881,5804.7056,6888.914
2009-02-01 11:00:00,5539.9897,6272.8823,8250.881,5804.7056,6888.914
2009-02-01 12:00:00,5539.9897,6272.8823,8250.881,5804.7056,6888.914
2009-02-01 13:00:00,5539.9897,6272.8823,8250.881,5804.7056,6888.914
2009-02-01 14:00:00,5539.9897,6272.8823,8250.881,5804.7056,6888.914
2009-02-01 15:00:00,5539.9897,6272.8823,8250.881,5804.7056,6888.914
2009-02-01 16:00:00,5539.9897,6272.8823,8250.881,5804.7056,6888.914
2009-02-01 17:00:00,5539.9897,6272.8823,8250.881,5804.7056,6888.914
2009-02-01 18:00:00,5539.9897,6272.8823,8250.881,5804.7056,6888.914
2009-02-01 19:00:00,5539.9897,6272.8823,8250.881,5804.7056,6888.914
2009-02-01 20:00:00,5539.9897,6272.8823,8250.881,5804.7056,6888.914
2009-02-01 21:00:00,5539.9897,6272.8823,8250.881,5804.7056,6888.914
2009-02-01 22:00:00,5539.9897,6272.8823,8250.881,5804.7056,6888.914
2009-02-01 23:00:00,5539.9897,6272.8823,8250.881,5804.7056,6888.914
2009-02-02 00:00:00,5539.9897,6272.8823,8250.881,5804.7056,6888.914
2009-02-02 01:00:00,5539.9897,6272.8823,8250.881,5804.7056,6888.914
2009-02-02 02:00:00,5539.9897,6272.8823,8250.881,5804.7056,6888.914
2009-02-02 03:00:00,5539.9897,6272.8823,8250.881,5804.7056,6888.914
2009-02-02 04:00:00,5539.9897,6272.8823,8250.881,5804.7056,6888.914
2009-02-02 05:00:00,5539.9897,6272.8823,8250.881,5804.7056,6888.914
2009-02-02 06:00:00,5539.9897,6272.8823,8250.881,5804.7056,6888.914
2009-02-02 07:00:00,5539.9897,6272.8823,8250.881,5804.7056,6888.914
2009-02-02 08:00:00,5539.9897,6272.8823,8250.881,5804.7056,6888.914
2009-02-02 09:00:00,5539.9897,6272.8823,8250.881,5804.7056,6888.914
2009-02-02 10:00:00,5539.9897,6272.8823,8250.881,5804.7056,6888.914
2009-02-02 11:00:00,5539.9897,6272.8823,8250.881,5804.7056,6888.914
2009-02-02 12:00:00,5539.9897,6272.8823,8250.881,5804.7056,6888.914
2009-02-02 13:00:00,5539.9897,6272.8823,8250.881,5804.7056,6888.914
2009-02-02 14:00:00,5539.9897,6272.8823,8250.881,5804.7056,6888.914
2009-02-02 15:00:00,5539.9897,6272.8823,8250.881,5804.7056,6888.914
2009-02-02 16:00:00,5539.9897,6272.8823,8250.881,5804.7056,6888.914
2009-02-02 17:00:00,5539.9897,6272.8823,8250.881,5804.7056,6888.914
2009-02-02 18:00:00,5539.9897,6272.8823,8250.881,5804.7056,6888.914
2009-02-02 19:00:00,5539.9897,6272.8823,8250.881,5804.7056,6888.914
2009-02-02 20:00:00,5539.9897,6272.8823,8250.881,5804.7056,6888.914
2009-02-02 21:00:00,5539.9897,6272.8823,8250.881,5804.7056,6888.914
2009-02-02 22:00:00,5539.9897,6272.8823,8250.881,5804.7056,6888.914
2009-02-02 23:00:00,5539.9897,6272.8823,8250.881,5804.7056,6888.914
2009-02-03 00:00:00,5539.9897,6272.8823,8250.881,5804.7056,6888.914
2009-02-03 01:00:00,5539.9897,6272.8823,8250.881,5804.7056,6888.914
2009-02-03 02:00:00,5539.9897,6272.8823,8250.881,5804.7056,6888.914
2009-02-03 03:00:00,5539.9897,6272.8823,8250.881,5804.7056,6888.914
2009-02-03 04:00:00,5539.9897,6272.8823,8250.881,5804.7056,6888.914
2009-02-03 05:00:00,5539.9897,6272.8823,8250.881,5804.7056,6888.914
2009-02-03 06:00:00,5539.9897,6272.8823,8250.881,5804.7056,6888.914
2009-02-03 07:00:00,5539.9897,6272.8823,8250.881,5804.7056,6888.914
2009-02-03 08:00:00,5539.9897,6272.8823,8250.881,5804.7056,6888.914
2009-02-03 09:00:00,5539.9897,6272.8823,8250.881,5804.7056,6888.914
2009-02-03 10:00:00,5539.9897,6272.8823,8250.881,5804.7056,6888.914
2009-02-03 11:00:00,5539.9897,6272.8823,8250.881,5804.7056,6888.914
2009-02-03 12:00:00,5539.9897,6272.8823,8250.881,5804.7056,6888.914
2009-02-03 13:00:00,5539.9897,6272.8823,8250.881,5804.7056,6888.914
2009-02-03 14:00:00,5539.9897,6272.8823,8250.881,5804.7056,6888.914
2009-02-03 15:00:00,5539.9897,6272.8823,8250.881,5804.7056,6888.914
2009-02-03 16:00:00,5539.9897,6272.8823,8250.881,5804.7056,6888.914
2009-02-03 17:00:00,5539.9897,6272.8823,8250.881,5804.7056,6888.914
2009-02-03 18:00:00,5539.9897,6272.8823,8250.881,5804.7056,6888.914
2009-02-03 19:00:00,5539.9897,6272.8823,8250.881,5804.7056,6888.914
2009-02-03 20:00:00,5539.9897,6272.8823,8250.881,5804.7056,6888.914
2009-02-03 21:00:00,5539.9897,6272.8823,8250.881,5804.7056,6888.914
2009-02-03 22:00:00,5539.9897,6272.8823,8250.881,5804.7056,6888.914
2009-02-03 23:00:00,5539.9897,6272.8823,8250.881,5804.7056,6888.914
2009-02-04 00:00:00,5539.9897,6272.8823,8250.881,5804.7056,6888.914
2009-02-04 01:00:00,5539.9897,6272.8823,8250.881,5804.7056,6888.914
2009-02-04 02:00:00,5539.9897,6272.8823,8250.881,5804.7056,6888.914
2009-02-04 03:00:00,5539.9897,6272.8823,8250.881,5804.7056,6888.914
2009-02-04 04:00:00,5539.9897,6272.8823,8250.881,5804.7056,6888.914
2009-02-04 05:00:00,5539.9897,6272.8823,8250.881,5804.7056,6888.914
2009-02-04 06:00:00,5539.9897,6272.8823,8250.881,5804.7056,6888.914
2009-02-04 07:00:00,5539.9897,6272.8823,8250.881,5804.925,6888.914
2009-02-04 08:00:00,5539.9897,6273.022,8250.881,5805.1787,6888.914
2009-02-04 09:00:00,5539.9897,6273.022,8250.881,5805.1924,6888.914
2009-02-04 10:00:00,5540.099,6273.1934,8250.881,5805.4106,6888.914
2009-02-04 11:00:00,5540.4897,6273.584,8250.881,5805.8013,6889.301
2009-02-04 12:00:00,5540.649,6273.584,8250.881,5805.911,6889.4873
2009-02-04 13:00:00,5540.8335,6273.9067,8250.881,5806.2085,6889.809
2009-02-04 14:00:00,5541.224,6274.2974,8250.881,5806.599,6890.1997
2009-02-04 15:00:00,5541.6147,6274.688,8250.881,5806.9897,6890.5903
2009-02-04 16:00:00,5542.0054,6275.0786,8250.881,5807.3804,6890.981
2009-02-04 17:00:00,5542.396,6275.469,8251.219,5807.771,6891.3716
2009-02-04 18:00:00,5542.7886,6275.862,8251.219,5808.1636,6891.9956
2009-02-04 19:00:00,5543.179,6276.2524,8251.319,5808.554,6892.386
2009-02-04 20:00:00,5543.57,6276.643,8251.826,5808.945,6893.0737
2009-02-04 21:00:00,5543.9604,6277.0337,8251.826,5809.3354,6893.5073
2009-02-04 22:00:00,5544.3525,6277.359,8251.826,5809.7275,6893.751
2009-02-04 23:00:00,5544.7056,6277.3623,8251.826,5810.0806,6894.104
2009-02-05 00:00:00,5544.9385,6277.3623,8251.826,5810.4233,6894.2905
2009-02-05 01:00:00,5544.9385,6277.3623,8251.826,5810.4233,6894.2905
2009-02-05 02:00:00,5544.9385,6277.3623,8251.826,5810.4233,6894.2905
2009-02-05 03:00:00,5544.9385,6277.3623,8251.826,5810.4233,6894.2905
2009-02-05 04:00:00,5544.9385,6277.3623,8251.826,5810.4233,6894.2905
2009-02-05 05:00:00,5544.9385,6277.3623,8251.826,5810.4233,6894.2905
2009-02-05 06:00:00,5544.9385,6277.3623,8251.826,5810.4233,6894.2905
2009-02-05 07:00:00,5544.9385,6277.3623,8251.826,5810.4233,6894.2905
2009-02-05 08:00:00,5544.9385,6277.3623,8251.826,5810.4233,6894.2905
2009-02-05 09:00:00,5544.9385,6277.3623,8251.826,5810.4233,6894.2905
2009-02-05 10:00:00,5544.9385,6277.3623,8251.826,5810.4233,6894.2905
2009-02-05 11:00:00,5544.9385,6277.3623,8251.826,5810.4233,6894.2905
2009-02-05 12:00:00,5544.9385,6277.3623,8251.826,5810.4233,6894.2905
2009-02-05 13:00:00,5544.9385,6277.3623,8251.826,5810.4233,6894.2905
2009-02-05 14:00:00,5544.9385,6277.3623,8251.826,5810.4233,6894.2905
2009-02-05 15:00:00,5544.9385,6277.3623,8251.826,5810.4233,6894.2905
2009-02-05 16:00:00,5544.9385,6277.3623,8251.826,5810.4233,6894.2905
2009-02-05 17:00:00,5544.9385,6277.3623,8251.826,5810.4233,6894.2905
2009-02-05 18:00:00,5544.9385,6277.3623,8251.826,5810.4233,6894.2905
2009-02-05 19:00:00,5544.9385,6277.3623,8251.826,5810.4233,6894.2905
2009-02-05 20:00:00,5544.9385,6277.3623,8251.826,5810.4233,6894.2905
2009-02-05 21:00:00,5544.9385,6277.3623,8251.826,5810.4233,6894.2905
2009-02-05 22:00:00,5544.9385,6277.3623,8251.826,5810.4233,6894.2905
2009-02-05 23:00:00,5544.9385,6277.3623,8251.826,5810.4233,6894.2905
2009-02-06 00:00:00,5544.9385,6277.3623,8251.826,5810.4233,6894.2905
2009-02-06 01:00:00,5544.9385,6277.3623,8251.826,5810.4233,6894.2905
2009-02-06 02:00:00,5544.9385,6277.3623,8251.826,5810.4233,6894.2905
2009-02-06 03:00:00,5544.9385,6277.3623,8251.826,5810.4233,6894.2905
2009-02-06 04:00:00,5544.9385,6277.3623,8251.826,5810.4233,6894.2905
2009-02-06 05:00:00,5544.9385,6277.3623,8251.826,5810.4233,6894.2905
2009-02-06 06:00:00,5544.9385,6277.3623,8251.826,5810.4233,6894.2905
2009-02-06 07:00:00,5544.9385,6277.3623,8251.826,5810.4233,6894.2905
2009-02-06 08:00:00,5544.9385,6277.3623,8251.826,5810.4233,6894.2905
2009-02-06 09:00:00,5544.9385,6277.3623,8251.826,5810.4233,6894.2905
2009-02-06 10:00:00,5544.9385,6277.3623,8251.826,5810.4233,6894.2905
2009-02-06 11:00:00,5544.9385,6277.3623,8251.826,5810.4233,6894.2905
2009-02-06 12:00:00,5544.9385,6277.3623,8251.826,5810.4233,6894.2905
2009-02-06 13:00:00,5544.9385,6277.3623,8251.826,5810.4233,6894.2905
2009-02-06 14:00:00,5544.9385,6277.3623,8251.826,5810.4233,6894.2905
2009-02-06 15:00:00,5544.9385,6277.3623,8251.826,5810.4233,6894.2905
2009-02-06 16:00:00,5544.9385,6277.3623,8251.826,5810.4233,6894.2905
2009-02-06 17:00:00,5544.9385,6277.3623,8251.826,5810.4233,6894.2905
2009-02-06 18:00:00,5544.9385,6277.3623,8251.826,5810.4233,6894.2905
2009-02-06 19:00:00,5544.9385,6277.3623,8251.826,5810.4233,6894.2905
2009-02-06 20:00:00,5544.9385,6277.3623,8251.826,5810.4233,6894.2905
2009-02-06 21:00:00,5544.9385,6277.3623,8251.826,5810.4233,6894.2905
2009-02-06 22:00:00,5544.9385,6277.3623,8251.826,5810.4233,6894.2905
2009-02-06 23:00:00,5544.9385,6277.3623,8251.826,5810.4233,6894.2905
2009-02-07 00:00:00,5544.9385,6277.3623,8251.826,5810.4233,6894.2905
2009-02-07 01:00:00,5544.9385,6277.3623,8251.826,5810.4233,6894.2905
2009-02-07 02:00:00,5544.9385,6277.3623,8251.826,5810.4233,6894.2905
2009-02-07 03:00:00,5544.9385,6277.3623,8251.826,5810.4233,6894.2905
2009-02-07 04:00:00,5544.9385,6277.3623,8251.826,5810.4233,6894.2905
2009-02-07 05:00:00,5544.9385,6277.3623,8251.826,5810.4233,6894.2905
2009-02-07 06:00:00,5544.9385,6277.3623,8251.826,5810.4233,6894.2905
2009-02-07 07:00:00,5544.9385,6277.3623,8251.826,5810.4233,6894.2905
2009-02-07 08:00:00,5544.9385,6277.3623,8251.826,5810.4233,6894.2905
2009-02-07 09:00:00,5544.9385,6277.3623,8251.826,5810.4233,6894.2905
2009-02-07 10:00:00,5544.9385,6277.3623,8251.826,5810.4233,6894.2905
2009-02-07 11:00:00,5544.9385,6277.3623,8251.826,5810.4233,6894.2905
2009-02-07 12:00:00,5544.9385,6277.3623,8251.826,5810.4233,6894.2905
2009-02-07 13:00:00,5544.9385,6277.3623,8251.826,5810.4233,6894.2905
2009-02-07 14:00:00,5544.9385,6277.3623,8251.826,5810.4233,6894.2905
2009-02-07 15:00:00,5544.9385,6277.3623,8251.826,5810.4233,6894.2905
2009-02-07 16:00:00,5544.9385,6277.3623,8251.826,5810.4233,6894.2905
2009-02-07 17:00:00,5544.9385,6277.3623,8251.826,5810.4233,6894.2905
2009-02-07 18:00:00,5544.9385,6277.3623,8251.826,5810.4233,6894.2905
2009-02-07 19:00:00,5544.9385,6277.3623,8251.826,5810.4233,6894.2905
2009-02-07 20:00:00,5544.9385,6277.3623,8251.826,5810.4233,6894.2905
2009-02-07 21:00:00,5544.9385,6277.3623,8251.826,5810.4233,6894.2905
2009-02-07 22:00:00,5544.9385,6277.3623,8251.826,5810.4233,6894.2905
2009-02-07 23:00:00,5544.9385,6277.3623,8251.826,5810.4233,6894.2905
2009-02-08 00:00:00,5545.6445,6277.3623,8253.11,5811.407,6894.7095
2009-02-08 01:00:00,5545.6445,6277.3623,8253.237,5811.407,6895.423
2009-02-08 02:00:00,5545.916,6277.8403,8254.374,5811.5566,6897.492
2009-02-08 03:00:00,5546.342,6278.5176,8255.226,5811.9824,6897.768
2009-02-08 04:00:00,5546.99,6278.5176,8255.488,5812.2085,6897.768
2009-02-08 05:00:00,5547.7188,6278.619,8256.924,5812.2393,6897.9805
2009-02-08 06:00:00,5544.9385,6277.3623,8251.826,5810.4233,6894.2905
2009-02-08 07:00:00,5544.9385,6277.3623,8251.826,5810.4233,6894.2905
2009-02-08 08:00:00,5544.9385,6277.3623,8251.826,5810.4233,6894.2905
2009-02-08 09:00:00,5544.9385,6277.3623,8251.826,5810.4233,6894.2905
2009-02-08 10:00:00,5544.9385,6277.3623,8251.826,5810.4233,6894.2905
2009-02-08 11:00:00,5544.9385,6277.3623,8251.826,5810.4233,6894.2905
2009-02-08 12:00:00,5544.9385,6277.3623,8251.826,5810.4233,6894.2905
2009-02-08 13:00:00,5544.9385,6277.3623,8251.826,5810.4233,6894.2905
2009-02-08 14:00:00,5544.9385,6277.3623,8251.826,5810.4233,6894.2905
2009-02-08 15:00:00,5544.9385,6277.3623,8251.826,5810.4233,6894.2905
2009-02-08 16:00:00,5544.9385,6277.3623,8251.826,5810.4233,6894.2905
2009-02-08 17:00:00,5544.9385,6277.3623,8251.826,5810.4233,6894.2905
2009-02-08 18:00:00,5544.9385,6277.3623,8251.921,5810.4233,6894.3345
2009-02-08 19:00:00,5544.995,6277.3623,8252.211,5810.4233,6894.5674
2009-02-08 20:00:00,5545.1675,6277.3623,8252.211,5810.5146,6894.5674
2009-02-08 21:00:00,5545.2495,6277.3623,8252.695,5810.5205,6894.5674
2009-02-08 22:00:00,5545.2495,6277.3623,8253.11,5811.3,6894.7095
2009-02-08 23:00:00,5545.4233,6277.3623,8253.11,5811.3223,6894.7095
2009-02-09 00:00:00,5549.0015,6278.6245,8257.558,5812.48,6897.9805
2009-02-09 01:00:00,5549.0015,6278.776,8257.674,5812.48,6898.4795
2009-02-09 02:00:00,5549.1255,6278.882,8257.9375,5812.747,6898.761
2009-02-09 03:00:00,5549.1953,6278.882,8258.8955,5812.747,6898.822
2009-02-09 04:00:00,5549.568,6279.2686,8259.141,5812.851,6900.117
2009-02-09 05:00:00,5549.568,6279.2803,8260.327,5813.1357,6900.1963
2009-02-09 06:00:00,5550.0845,6279.4487,8261.757,5813.1943,6900.3735
2009-02-09 07:00:00,5550.8706,6279.4536,8262.054,5813.228,6900.803
2009-02-09 08:00:00,5550.8706,6281.2744,8262.406,5813.5737,6901.484
2009-02-09 09:00:00,5550.883,6281.302,8263.83,5813.6914,6901.484
2009-02-09 10:00:00,5551.3164,6281.302,8264.009,5813.6914,6901.484
2009-02-09 11:00:00,5551.334,6281.302,8264.564,5813.6914,6901.484
2009-02-09 12:00:00,5551.341,6281.322,8264.956,5813.721,6901.5225
2009-02-09 13:00:00,5551.341,6281.353,8265.383,5813.9873,6901.8657
2009-02-09 14:00:00,5551.459,6281.353,8265.487,5813.9873,6901.967
2009-02-09 15:00:00,5551.527,6282.248,8265.487,5813.9873,6901.967
2009-02-09 16:00:00,5551.527,6283.162,8265.487,5814.601,6901.967
2009-02-09 17:00:00,5551.527,6283.162,8265.487,5814.61,6901.967
2009-02-09 18:00:00,5551.527,6283.162,8265.487,5814.61,6903.1846
2009-02-09 19:00:00,5551.527,6283.162,8265.487,5814.61,6903.2046
2009-02-09 20:00:00,5551.527,6283.162,8265.487,5814.61,6903.8193
2009-02-09 21:00:00,5551.527,6283.1704,8265.776,5814.61,6903.8354
2009-02-09 22:00:00,5551.527,6283.1704,8266.335,5814.61,6904.1943
2009-02-09 23:00:00,5551.527,6283.1704,8266.335,5814.61,6904.1943
2009-02-10 00:00:00,5551.527,6283.4136,8266.335,5814.61,6904.2314
2009-02-10 01:00:00,5551.527,6283.713,8266.335,5814.61,6904.381
2009-02-10 02:00:00,5551.527,6284.392,8266.335,5814.61,6904.756
2009-02-10 03:00:00,5551.527,6284.5264,8266.335,5814.7314,6904.763
2009-02-10 04:00:00,5551.527,6284.5264,8266.335,5814.7314,6905.2207
2009-02-10 05:00:00,5551.527,6284.5264,8266.335,5814.7314,6905.809
2009-02-10 06:00:00,5551.527,6284.5264,8266.335,5814.7314,6906.1763
2009-02-10 07:00:00,5551.527,6284.5264,8266.335,5814.7314,6906.2666
2009-02-10 08:00:00,5551.527,6284.5264,8266.335,5814.7314,6906.2666
2009-02-10 09:00:00,5551.527,6284.5264,8266.335,5814.7314,6906.2666
2009-02-10 10:00:00,5551.527,6284.5264,8266.335,5814.7314,6906.2666
2009-02-10 11:00:00,5551.527,6284.5264,8266.335,5814.7314,6906.2666
2009-02-10 12:00:00,5551.527,6284.5264,8266.335,5814.7314,6906.2666
2009-02-10 13:00:00,5551.527,6284.5264,8266.335,5814.7314,6906.2666
2009-02-10 14:00:00,5551.527,6284.5264,8266.335,5814.7314,6906.2666
2009-02-10 15:00:00,5551.527,6284.5264,8266.335,5814.7314,6906.2666
2009-02-10 16:00:00,5551.527,6284.5264,8266.335,5814.7314,6906.2666
2009-02-10 17:00:00,5551.527,6284.5264,8266.335,5814.7314,6906.2666
2009-02-10 18:00:00,5551.527,6284.5264,8266.335,5814.7314,6906.2666
2009-02-10 19:00:00,5551.527,6284.5264,8266.335,5814.7314,6906.2666
2009-02-10 20:00:00,5551.527,6284.5264,8266.335,5814.7314,6906.2666
2009-02-10 21:00:00,5551.527,6284.5264,8266.335,5814.7314,6906.2666
2009-02-10 22:00:00,5551.527,6284.5264,8266.335,5814.7314,6906.2666
2009-02-10 23:00:00,5551.527,6284.5264,8266.335,5814.7314,6906.2666
2009-02-11 00:00:00,5551.527,6284.5264,8266.335,5814.7314,6906.2666
2009-02-11 01:00:00,5551.527,6284.5264,8266.335,5814.7314,6906.2666
2009-02-11 02:00:00,5551.527,6284.5264,8266.335,5814.7314,6906.2666
2009-02-11 03:00:00,5551.527,6284.5264,8266.335,5814.7314,6906.3584
2009-02-11 04:00:00,5551.527,6284.5264,8266.335,5814.7314,6906.5737
2009-02-11 05:00:00,5551.527,6284.5264,8266.335,5814.7314,6906.5737
2009-02-11 06:00:00,5551.527,6284.5264,8266.335,5814.7314,6906.5737
2009-02-11 07:00:00,5551.527,6284.5264,8266.335,5814.7314,6906.5737
2009-02-11 08:00:00,5551.527,6284.5264,8266.335,5814.7314,6906.5757
2009-02-11 09:00:00,5551.527,6284.5264,8266.335,5814.7314,6906.5757
2009-02-11 10:00:00,5551.527,6284.5264,8266.335,5814.7314,6906.5757
2009-02-11 11:00:00,5551.527,6284.5264,8266.335,5814.7314,6906.5757
2009-02-11 12:00:00,5551.527,6284.5264,8266.335,5814.7314,6906.9404
2009-02-11 13:00:00,5551.527,6284.5264,8266.335,5814.7314,6907.0654
2009-02-11 14:00:00,5551.527,6284.5264,8266.649,5814.7314,6907.0684
2009-02-11 15:00:00,5552.181,6284.5264,8267.333,5814.869,6907.3745
2009-02-11 16:00:00,5552.434,6284.5264,8267.522,5815.0464,6907.4897
2009-02-11 17:00:00,5552.5137,6284.5264,8267.583,5815.0464,6907.4897
2009-02-11 18:00:00,5552.8223,6284.5264,8267.583,5815.0464,6907.4897
2009-02-11 19:00:00,5552.8223,6284.5264,8267.583,5815.0464,6907.5454
2009-02-11 20:00:00,5552.8223,6284.5264,8267.583,5815.0464,6907.7275
2009-02-11 21:00:00,5552.8223,6284.5264,8267.583,5815.1143,6907.834
2009-02-11 22:00:00,5552.8223,6284.5264,8267.583,5815.1143,6908.1606
2009-02-11 23:00:00,5552.8223,6284.5264,8267.583,5815.1143,6908.9585
2009-02-12 00:00:00,5552.8223,6284.6577,8267.696,5815.228,6909.324
2009-02-12 01:00:00,5553.025,6284.8228,8267.696,5815.4146,6909.324
2009-02-12 02:00:00,5553.025,6284.8228,8267.696,5815.4146,6909.324
2009-02-12 03:00:00,5553.025,6284.8228,8267.696,5815.4146,6909.7134
2009-02-12 04:00:00,5553.1675,6285.0723,8267.696,5815.603,6910.1646
2009-02-12 05:00:00,5553.1675,6285.252,8267.696,5815.7173,6910.1646
2009-02-12 06:00:00,5553.1675,6285.252,8267.696,5815.7173,6910.1646
2009-02-12 07:00:00,5553.1675,6285.252,8267.83,5815.7173,6910.1646
2009-02-12 08:00:00,5553.1675,6285.265,8268.19,5815.9194,6910.919
2009-02-12 09:00:00,5553.1675,6285.4136,8268.19,5816.001,6911.1523
2009-02-12 10:00:00,5553.1675,6285.4136,8268.19,5816.001,6911.1523
2009-02-12 11:00:00,5553.1675,6285.4136,8268.19,5816.001,6911.3906
2009-02-12 12:00:00,5553.1675,6285.4136,8268.19,5816.001,6911.7793
2009-02-12 13:00:00,5553.1675,6285.4136,8268.19,5816.001,6912.056
2009-02-12 14:00:00,5553.1675,6285.4136,8268.19,5816.001,6912.056
2009-02-12 15:00:00,5553.1675,6285.4136,8268.19,5816.001,6912.056
2009-02-12 16:00:00,5553.1675,6285.4136,8268.19,5816.001,6912.056
2009-02-12 17:00:00,5553.1675,6285.4136,8268.19,5816.001,6912.056
2009-02-12 18:00:00,5553.1675,6285.4136,8268.19,5816.001,6912.056
2009-02-12 19:00:00,5553.1675,6285.4136,8268.19,5816.001,6912.056
2009-02-12 20:00:00,5553.1675,6285.4136,8268.19,5816.001,6912.056
2009-02-12 21:00:00,5553.1675,6285.4136,8268.19,5816.001,6912.056
2009-02-12 22:00:00,5553.1675,6285.4136,8268.19,5816.001,6912.198
2009-02-12 23:00:00,5553.1675,6285.4136,8268.247,5816.001,6912.937
2009-02-13 00:00:00,5553.1675,6285.4136,8268.975,5816.001,6912.992
2009-02-13 01:00:00,5553.1675,6285.4136,8269.378,5816.001,6913.006
2009-02-13 02:00:00,5553.1675,6285.4136,8270.44,5816.001,6913.1206
2009-02-13 03:00:00,5553.1675,6285.4136,8270.53,5816.001,6913.1206
2009-02-13 04:00:00,5553.1675,6285.4136,8270.53,5816.001,6913.1206
2009-02-13 05:00:00,5553.1675,6285.4136,8270.53,5816.001,6913.1206
2009-02-13 06:00:00,5553.1675,6285.4136,8270.624,5816.001,6913.1206
2009-02-13 07:00:00,5553.1675,6285.4136,8270.635,5816.001,6913.1206
2009-02-13 08:00:00,5553.1675,6285.4136,8270.635,5816.001,6913.1206
2009-02-13 09:00:00,5553.1675,6285.4136,8270.635,5816.001,6913.1206
2009-02-13 10:00:00,5553.1675,6285.4136,8270.635,5816.001,6913.1206
2009-02-13 11:00:00,5553.1675,6285.4136,8270.635,5816.001,6913.1206
2009-02-13 12:00:00,5553.1675,6285.4136,8270.635,5816.001,6913.1206
2009-02-13 13:00:00,5553.1675,6285.4136,8270.635,5816.001,6913.1206
2009-02-13 14:00:00,5553.1675,6285.4136,8270.635,5816.001,6913.1206
2009-02-13 15:00:00,5553.1675,6285.4136,8270.635,5816.001,6913.1206
2009-02-13 16:00:00,5553.1675,6285.4136,8270.635,5816.001,6913.1206
2009-02-13 17:00:00,5553.1675,6285.4136,8270.635,5816.001,6913.1206
2009-02-13 18:00:00,5553.1675,6285.4136,8270.635,5816.001,6913.1206
2009-02-13 19:00:00,5553.1675,6285.4136,8270.635,5816.001,6913.1206
2009-02-13 20:00:00,5553.1675,6285.4136,8270.635,5816.001,6913.1724
2009-02-13 21:00:00,5553.1675,6285.4136,8270.635,5816.001,6913.1724
2009-02-13 22:00:00,5553.1675,6285.4136,8270.635,5816.001,6913.1724
2009-02-13 23:00:00,5553.1675,6285.4136,8270.635,5816.001,6913.1724
2009-02-14 00:00:00,5553.1675,6285.4136,8270.635,5816.001,6913.1797
2009-02-14 01:00:00,5553.285,6285.4136,8270.635,5816.001,6913.5728
2009-02-14 02:00:00,5553.285,6285.4136,8270.635,5816.001,6913.5728
2009-02-14 03:00:00,5553.405,6285.4136,8270.635,5816.001,6913.5728
2009-02-14 04:00:00,5553.685,6285.4136,8270.635,5816.0947,6913.5728
2009-02-14 05:00:00,5553.906,6285.4136,8270.635,5816.3315,6913.5728
2009-02-14 06:00:00,5554.2964,6285.5513,8270.635,5816.3315,6913.5728
2009-02-14 07:00:00,5554.65,6285.5513,8270.635,5816.3315,6913.5728
2009-02-14 08:00:00,5554.8525,6285.5513,8270.635,5816.393,6913.5728
2009-02-14 09:00:00,5554.9175,6285.5513,8270.635,5816.393,6913.5728
2009-02-14 10:00:00,5554.999,6285.5513,8270.635,5816.393,6913.7075
2009-02-14 11:00:00,5554.999,6285.5513,8270.635,5816.393,6913.7075
2009-02-14 12:00:00,5554.999,6285.6924,8270.635,5816.393,6913.7075
2009-02-14 13:00:00,5554.999,6285.6924,8270.635,5816.393,6913.7075
2009-02-14 14:00:00,5554.999,6285.6924,8270.635,5816.393,6913.7075
2009-02-14 15:00:00,5554.999,6285.6924,8270.635,5816.393,6913.7075
2009-02-14 16:00:00,5554.999,6285.6924,8270.635,5816.393,6913.7075
2009-02-14 17:00:00,5554.999,6285.6924,8270.635,5816.393,6913.7075
2009-02-14 18:00:00,5554.999,6285.6924,8270.635,5816.393,6913.7075
2009-02-14 19:00:00,5554.999,6285.6924,8270.635,5816.393,6913.7075
2009-02-14 20:00:00,5555.0884,6286.0327,8270.635,5816.715,6913.761
2009-02-14 21:00:00,5555.479,6286.4233,8270.635,5817.1055,6913.761
2009-02-14 22:00:00,5555.8696,6286.814,8270.635,5817.5264,6914.0317
2009-02-14 23:00:00,5556.3096,6287.427,8270.635,5818.3076,6914.4224
2009-02-15 00:00:00,5561.825,6295.6255,8270.635,5827.199,6919.7026
2009-02-15 01:00:00,5561.825,6295.8345,8270.635,5827.199,6920.0933
2009-02-15 02:00:00,5561.825,6296.225,8270.635,5827.199,6920.484
2009-02-15 03:00:00,5561.825,6296.3853,8270.635,5827.199,6920.8687
2009-02-15 04:00:00,5561.825,6296.592,8270.635,5827.199,6921.1533
2009-02-15 05:00:00,5561.825,6296.7773,8270.635,5827.199,6921.1533
2009-02-15 06:00:00,5557.0947,6288.212,8270.635,5819.2876,6914.815
2009-02-15 07:00:00,5557.9385,6289.0557,8270.635,5820.318,6915.237
2009-02-15 08:00:00,5558.8105,6289.5527,8270.635,5821.196,6915.676
2009-02-15 09:00:00,5559.229,6290.051,8270.635,5821.986,6916.095
2009-02-15 10:00:00,5559.6377,6290.868,8270.635,5822.803,6916.801
2009-02-15 11:00:00,5560.061,6291.4365,8270.635,5823.65,6917.224
2009-02-15 12:00:00,5560.4614,6292.098,8270.635,5824.4507,6917.6245
2009-02-15 13:00:00,5560.863,6292.901,8270.635,5825.2534,6918.1235
2009-02-15 14:00:00,5561.233,6293.641,8270.635,5826.1816,6918.4937
2009-02-15 15:00:00,5561.5776,6294.3306,8270.635,5826.806,6918.8384
2009-02-15 16:00:00,5561.825,6294.696,8270.635,5827.148,6919.18
2009-02-15 17:00:00,5561.825,6295.0376,8270.635,5827.199,6919.5186
2009-02-15 18:00:00,5561.825,6295.3804,8270.635,5827.199,6919.5186
2009-02-15 19:00:00,5561.825,6295.3975,8270.635,5827.199,6919.5186
2009-02-15 20:00:00,5561.825,6295.3975,8270.635,5827.199,6919.5186
2009-02-15 21:00:00,5561.825,6295.3975,8270.635,5827.199,6919.5186
2009-02-15 22:00:00,5561.825,6295.3975,8270.635,5827.199,6919.6143
2009-02-15 23:00:00,5561.825,6295.6255,8270.635,5827.199,6919.6562
2009-02-16 00:00:00,5561.825,6296.7773,8270.635,5827.206,6921.1904
2009-02-16 01:00:00,5561.825,6296.7773,8270.635,5827.4644,6921.4253
2009-02-16 02:00:00,5561.825,6296.7773,8270.635,5827.4644,6921.4253
2009-02-16 03:00:00,5561.825,6296.7773,8270.635,5827.4644,6921.4653
2009-02-16 04:00:00,5561.825,6296.7773,8270.635,5827.4644,6921.606
2009-02-16 05:00:00,5561.825,6296.7773,8270.635,5827.4644,6921.606
2009-02-16 06:00:00,5561.825,6296.7773,8270.635,5827.4644,6921.606
2009-02-16 07:00:00,5561.825,6296.7773,8270.635,5827.4644,6921.606
2009-02-16 08:00:00,5561.825,6296.7773,8270.635,5827.4644,6921.6084
2009-02-16 09:00:00,5561.825,6296.825,8270.635,5827.4644,6921.9033
2009-02-16 10:00:00,5561.825,6296.98,8270.635,5827.4644,6921.9033
2009-02-16 11:00:00,5561.825,6296.98,8270.635,5827.4644,6921.9033
2009-02-16 12:00:00,5561.825,6296.98,8270.635,5827.4644,6921.9033
2009-02-16 13:00:00,5561.825,6296.98,8270.635,5827.4644,6921.9033
2009-02-16 14:00:00,5561.825,6297.073,8270.635,5827.4644,6921.9033
2009-02-16 15:00:00,5561.825,6297.464,8270.635,5827.82,6921.9033
2009-02-16 16:00:00,5562.1646,6297.8545,8270.635,5828.2104,6921.9033
2009-02-16 17:00:00,5562.555,6298.245,8270.635,5828.601,6921.9033
2009-02-16 18:00:00,5562.946,6298.6357,8270.635,5828.9917,6921.9033
2009-02-16 19:00:00,5563.2163,6299.0264,8270.635,5829.3823,6921.9927
2009-02-16 20:00:00,5563.2163,6299.417,8270.635,5829.773,6922.368
2009-02-16 21:00:00,5563.2163,6299.8076,8270.635,5829.8184,6922.368
2009-02-16 22:00:00,5563.2163,6299.932,8270.635,5829.8184,6922.368
2009-02-16 23:00:00,5563.2163,6299.932,8270.635,5829.8184,6922.368
2009-02-17 00:00:00,5563.2163,6299.932,8270.635,5829.8184,6922.368
2009-02-17 01:00:00,5563.2163,6299.932,8270.635,5829.8184,6922.368
2009-02-17 02:00:00,5563.2163,6299.932,8270.635,5829.8184,6922.4507
2009-02-17 03:00:00,5563.2163,6300.2295,8270.635,5829.8184,6922.8413
2009-02-17 04:00:00,5563.2163,6300.62,8270.635,5829.955,6923.232
2009-02-17 05:00:00,5563.346,6301.1274,8270.635,5830.3623,6923.639
2009-02-17 06:00:00,5564.0767,6302.048,8270.635,5831.22,6924.324
2009-02-17 07:00:00,5565.2954,6303.2666,8270.635,5832.452,6925.439
2009-02-17 08:00:00,5566.9375,6304.6147,8270.879,5833.7573,6927.161
2009-02-17 09:00:00,5567.7915,6305.4624,8270.879,5834.379,6927.672
2009-02-17 10:00:00,5568.038,6306.4746,8270.879,5834.4863,6928.7114
2009-02-17 11:00:00,5568.056,6307.003,8270.879,5834.8633,6929.024
2009-02-17 12:00:00,5568.056,6307.389,8270.879,5835.2495,6929.2866
2009-02-17 13:00:00,5568.056,6307.7144,8270.879,5835.3584,6929.7876
2009-02-17 14:00:00,5568.056,6307.9683,8270.879,5835.3584,6930.2764
2009-02-17 15:00:00,5568.056,6308.145,8270.879,5835.3584,6930.7373
2009-02-17 16:00:00,5568.056,6308.145,8270.879,5835.3584,6931.11
2009-02-17 17:00:00,5568.056,6308.145,8270.879,5835.3584,6931.5347
2009-02-17 18:00:00,5568.056,6308.145,8270.879,5835.3584,6931.7085
2009-02-17 19:00:00,5568.056,6308.145,8270.879,5835.3584,6931.8213
2009-02-17 20:00:00,5568.056,6308.1494,8270.879,5835.3584,6931.9873
2009-02-17 21:00:00,5568.056,6308.233,8270.879,5835.3584,6931.9873
2009-02-17 22:00:00,5568.056,6308.346,8270.879,5835.3584,6932.1367
2009-02-17 23:00:00,5568.056,6308.346,8270.879,5835.3584,6932.1367
2009-02-18 00:00:00,5568.056,6308.346,8270.879,5835.3584,6932.1367
2009-02-18 01:00:00,5568.056,6308.346,8270.879,5835.3584,6932.1367
2009-02-18 02:00:00,5568.056,6308.346,8270.879,5835.3584,6932.1367
2009-02-18 03:00:00,5568.056,6308.346,8270.879,5835.3584,6932.1367
2009-02-18 04:00:00,5568.056,6308.346,8270.879,5835.3584,6932.1367
2009-02-18 05:00:00,5568.056,6308.346,8270.879,5835.3584,6932.1367
2009-02-18 06:00:00,5568.056,6308.346,8270.879,5835.3584,6932.1367
2009-02-18 07:00:00,5568.056,6308.346,8270.879,5835.3584,6932.1367
2009-02-18 08:00:00,5568.056,6308.346,8270.879,5835.406,6932.1367
2009-02-18 09:00:00,5568.056,6308.346,8270.879,5835.4854,6932.1367
2009-02-18 10:00:00,5568.056,6308.346,8270.879,5835.514,6932.1367
2009-02-18 11:00:00,5568.056,6308.346,8270.879,5835.772,6932.1367
2009-02-18 12:00:00,5568.056,6308.346,8270.879,5835.772,6932.1367
2009-02-18 13:00:00,5568.056,6308.346,8270.879,5835.772,6932.1367
2009-02-18 14:00:00,5568.056,6308.346,8270.879,5835.772,6932.1367
2009-02-18 15:00:00,5568.056,6308.346,8270.879,5835.772,6932.1367
2009-02-18 16:00:00,5568.056,6308.346,8270.879,5835.772,6932.1367
2009-02-18 17:00:00,5568.056,6308.346,8270.879,5835.772,6932.1367
2009-02-18 18:00:00,5568.056,6308.346,8270.879,5835.772,6932.1367
2009-02-18 19:00:00,5568.056,6308.346,8270.879,5835.772,6932.1367
2009-02-18 20:00:00,5568.056,6308.346,8270.879,5835.772,6932.1367
2009-02-18 21:00:00,5568.056,6308.346,8270.879,5835.772,6932.1367
2009-02-18 22:00:00,5568.056,6308.346,8270.879,5835.772,6932.1367
2009-02-18 23:00:00,5568.056,6308.346,8270.879,5835.772,6932.239
2009-02-19 00:00:00,5568.056,6308.346,8270.879,5835.772,6932.4927
2009-02-19 01:00:00,5568.056,6308.5977,8270.879,5835.772,6932.8203
2009-02-19 02:00:00,5568.056,6309.05,8270.879,5836.0576,6933.2646
2009-02-19 03:00:00,5568.056,6309.4404,8271.071,5836.2466,6933.688
2009-02-19 04:00:00,5568.306,6309.831,8271.116,5836.2466,6934.469
2009-02-19 05:00:00,5568.306,6309.985,8271.116,5836.2466,6935.2373
2009-02-19 06:00:00,5568.306,6309.985,8271.116,5836.2466,6936.126
2009-02-19 07:00:00,5568.306,6309.985,8271.116,5836.2466,6936.126
2009-02-19 08:00:00,5568.306,6309.985,8271.116,5836.2466,6936.262
2009-02-19 09:00:00,5568.306,6309.985,8271.116,5836.2466,6936.6445
2009-02-19 10:00:00,5568.306,6309.985,8271.116,5836.2466,6936.6445
2009-02-19 11:00:00,5568.306,6309.985,8271.116,5836.2466,6936.6445
2009-02-19 12:00:00,5568.306,6309.985,8271.116,5836.2466,6936.6445
2009-02-19 13:00:00,5568.306,6309.985,8271.116,5836.2466,6936.714
2009-02-19 14:00:00,5568.306,6309.985,8271.116,5836.2466,6936.8374
2009-02-19 15:00:00,5568.306,6309.985,8271.116,5836.2466,6937.019
2009-02-19 16:00:00,5568.306,6309.985,8271.116,5836.2466,6937.2505
2009-02-19 17:00:00,5568.306,6309.985,8271.116,5836.2466,6937.3545
2009-02-19 18:00:00,5568.306,6309.985,8271.116,5836.2466,6937.3545
2009-02-19 19:00:00,5568.306,6309.985,8271.116,5836.2466,6937.9976
2009-02-19 20:00:00,5568.306,6310.1895,8271.116,5836.2466,6938.6567
2009-02-19 21:00:00,5568.306,6310.1895,8271.278,5836.2466,6939.825
2009-02-19 22:00:00,5568.306,6310.4746,8271.387,5836.2466,6940.024
2009-02-19 23:00:00,5568.306,6310.483,8271.387,5836.2466,6940.024
2009-02-20 00:00:00,5568.306,6310.483,8271.387,5836.2466,6940.024
2009-02-20 01:00:00,5568.306,6310.483,8271.387,5836.2466,6940.024
2009-02-20 02:00:00,5568.306,6310.483,8271.387,5836.2466,6940.5605
2009-02-20 03:00:00,5568.306,6310.483,8271.405,5836.2466,6940.5605
2009-02-20 04:00:00,5568.306,6310.483,8271.574,5836.2466,6940.5605
2009-02-20 05:00:00,5568.306,6310.483,8272.024,5836.2466,6940.5605
2009-02-20 06:00:00,5568.306,6310.483,8272.024,5836.2466,6940.5605
2009-02-20 07:00:00,5568.306,6310.483,8272.024,5836.2466,6940.5605
2009-02-20 08:00:00,5568.306,6310.483,8272.024,5836.2466,6940.5605
2009-02-20 09:00:00,5568.306,6310.483,8272.024,5836.2466,6940.5874
2009-02-20 10:00:00,5568.306,6310.483,8272.024,5836.2466,6941.204
2009-02-20 11:00:00,5568.436,6310.531,8272.024,5836.3003,6941.8613
2009-02-20 12:00:00,5568.494,6310.531,8272.024,5836.3003,6941.998
2009-02-20 13:00:00,5568.546,6310.531,8272.024,5836.3003,6941.998
2009-02-20 14:00:00,5568.546,6310.531,8272.024,5836.3003,6941.998
2009-02-20 15:00:00,5568.546,6310.531,8272.024,5836.3003,6941.998
2009-02-20 16:00:00,5568.546,6310.531,8272.024,5836.3003,6941.998
2009-02-20 17:00:00,5568.546,6310.531,8272.024,5836.3003,6941.998
2009-02-20 18:00:00,5568.546,6310.531,8272.024,5836.3003,6941.998
2009-02-20 19:00:00,5568.546,6310.617,8272.024,5836.3003,6942.067
2009-02-20 20:00:00,5568.546,6310.617,8272.024,5836.3003,6942.168
2009-02-20 21:00:00,5568.546,6310.9834,8272.024,5836.3003,6942.3423
2009-02-20 22:00:00,5568.7383,6311.8945,8272.024,5836.3003,6942.7207
2009-02-20 23:00:00,5569.1577,6313.2207,8272.024,5836.3003,6942.932
2009-02-21 00:00:00,5569.555,6314.5625,8272.024,5836.3926,6943.1216
2009-02-21 01:00:00,5569.814,6315.0825,8272.024,5836.472,6943.3477
2009-02-21 02:00:00,5569.814,6315.7466,8272.024,5836.472,6943.7114
2009-02-21 03:00:00,5569.814,6316.6064,8272.024,5836.519,6943.997
2009-02-21 04:00:00,5570.126,6319.0215,8272.218,5836.825,6945.027
2009-02-21 05:00:00,5570.8545,6321.772,8273.094,5837.5977,6946.0127
2009-02-21 06:00:00,5571.6953,6324.6494,8273.489,5839.1943,6946.9194
2009-02-21 07:00:00,5572.827,6327.481,8274.542,5840.9004,6947.6045
2009-02-21 08:00:00,5574.2896,6329.5146,8275.323,5842.489,6947.73
2009-02-21 09:00:00,5575.3047,6330.899,8276.507,5843.6655,6947.8125
2009-02-21 10:00:00,5576.0054,6331.9146,8277.5,5844.7754,6947.8125
2009-02-21 11:00:00,5576.6294,6332.74,8277.594,5845.9404,6947.935
2009-02-21 12:00:00,5576.9575,6333.271,8278.428,5846.681,6948.0737
2009-02-21 13:00:00,5577.7236,6333.725,8279.527,5847.1055,6948.423
2009-02-21 14:00:00,5579.5347,6334.8325,8281.211,5847.8135,6949.34
2009-02-21 15:00:00,5581.5713,6336.5034,8284.196,5849.024,6950.321
2009-02-21 16:00:00,5584.3423,6338.5947,8290.094,5851.193,6950.9116
2009-02-21 17:00:00,5586.563,6340.304,8292.197,5852.999,6951.498
2009-02-21 18:00:00,5587.6074,6342.122,8295.53,5854.772,6952.894
2009-02-21 19:00:00,5588.857,6343.2827,8296.1,5856.255,6953.7354
2009-02-21 20:00:00,5589.049,6343.9287,8297.374,5856.5376,6955.9287
2009-02-21 21:00:00,5590.211,6346.085,8298.441,5856.7075,6957.4873
2009-02-21 22:00:00,5590.4155,6346.5703,8298.454,5857.116,6958.3237
2009-02-21 23:00:00,5590.5244,6346.909,8298.509,5858.2056,6958.7437
2009-02-22 00:00:00,5602.166,6357.017,8317.249,5864.7236,6978.01
2009-02-22 01:00:00,5602.166,6357.207,8317.249,5864.778,6978.01
2009-02-22 02:00:00,5602.166,6357.3984,8317.249,5864.778,6978.01
2009-02-22 03:00:00,5602.166,6357.3984,8317.249,5864.778,6978.01
2009-02-22 04:00:00,5590.6753,6346.9287,8299.867,5858.52,6959.834
2009-02-22 05:00:00,5591.073,6347.322,8301.061,5859.0054,6959.9907
2009-02-22 06:00:00,5591.34,6347.7144,8302.059,5859.4155,6960.3853
2009-02-22 07:00:00,5591.4004,6348.1323,8302.877,5859.868,6960.7524
2009-02-22 08:00:00,5591.56,6348.599,8303.435,5859.9355,6961.2456
2009-02-22 09:00:00,5591.858,6349.185,8304.394,5860.4443,6964.805
2009-02-22 10:00:00,5592.2163,6350.4136,8306.137,5861.1484,6967.9663
2009-02-22 11:00:00,5592.333,6350.6255,8307.245,5861.386,6968.0054
2009-02-22 12:00:00,5592.333,6350.8335,8307.8,5861.386,6968.278
2009-02-22 13:00:00,5592.333,6351.317,8308.342,5861.4116,6969.404
2009-02-22 14:00:00,5592.54,6351.8853,8310.133,5862.04,6970.224
2009-02-22 15:00:00,5593.0654,6352.6455,8311.918,5862.264,6971.0654
2009-02-22 16:00:00,5595.084,6353.265,8313.944,5862.5713,6972.0703
2009-02-22 17:00:00,5597.292,6353.752,8316.025,5863.4346,6973.552
2009-02-22 18:00:00,5598.415,6354.048,8316.531,5863.8384,6974.7236
2009-02-22 19:00:00,5599.2793,6354.454,8317.133,5864.1997,6975.097
2009-02-22 20:00:00,5600.7236,6354.713,8317.182,5864.1997,6975.237
2009-02-22 21:00:00,5601.7915,6354.755,8317.182,5864.1997,6976.9023
2009-02-22 22:00:00,5602.0986,6354.8975,8317.216,5864.1997,6977.243
2009-02-22 23:00:00,5602.166,6355.676,8317.249,5864.534,6977.535
2009-02-23 00:00:00,5602.166,6357.3984,8317.249,5864.778,6978.01
2009-02-23 01:00:00,5602.166,6357.3984,8317.249,5864.778,6978.3354
2009-02-23 02:00:00,5602.185,6357.3984,8317.249,5864.778,6978.6763
2009-02-23 03:00:00,5602.185,6357.3984,8317.249,5864.778,6978.6763
2009-02-23 04:00:00,5602.185,6357.3984,8317.249,5864.778,6978.6914
2009-02-23 05:00:00,5602.185,6357.3984,8317.249,5864.778,6978.786
2009-02-23 06:00:00,5602.185,6357.3984,8317.249,5864.778,6978.786
2009-02-23 07:00:00,5602.185,6357.3984,8317.249,5864.778,6979.1733
2009-02-23 08:00:00,5602.185,6357.3984,8317.249,5864.778,6979.4443
2009-02-23 09:00:00,5602.185,6357.3984,8317.249,5864.778,6979.6445
2009-02-23 10:00:00,5602.185,6357.3984,8317.249,5864.778,6979.8364
2009-02-23 11:00:00,5602.185,6357.3984,8317.249,5864.778,6979.8364
2009-02-23 12:00:00,5602.185,6357.3984,8317.249,5864.778,6979.8364
2009-02-23 13:00:00,5602.185,6357.3984,8317.249,5864.778,6979.8364
2009-02-23 14:00:00,5602.185,6357.3984,8317.249,5864.778,6979.8364
2009-02-23 15:00:00,5602.185,6357.3984,8317.249,5864.778,6979.889
2009-02-23 16:00:00,5602.185,6357.3984,8317.249,5864.778,6979.889
2009-02-23 17:00:00,5602.185,6357.3984,8317.249,5864.778,6979.889
2009-02-23 18:00:00,5602.185,6357.3984,8317.249,5864.778,6979.889
2009-02-23 19:00:00,5602.185,6357.3984,8317.249,5864.778,6979.889
2009-02-23 20:00:00,5602.185,6357.3984,8317.249,5864.778,6979.889
2009-02-23 21:00:00,5602.185,6357.3984,8317.249,5864.778,6979.889
2009-02-23 22:00:00,5602.185,6357.3984,8317.249,5864.778,6979.889
2009-02-23 23:00:00,5602.185,6357.3984,8317.249,5864.778,6979.889
2009-02-24 00:00:00,5602.185,6357.3984,8317.249,5864.778,6979.912
2009-02-24 01:00:00,5602.211,6357.414,8317.249,5864.778,6980.254
2009-02-24 02:00:00,5602.7007,6357.7754,8317.454,5864.998,6980.8066
2009-02-24 03:00:00,5603.7,6358.4873,8318.166,5865.9595,6981.665
2009-02-24 04:00:00,5604.798,6359.3066,8319.331,5867.2114,6982.3193
2009-02-24 05:00:00,5605.644,6359.7705,8319.357,5867.8755,6983.1562
2009-02-24 06:00:00,5606.115,6360.4624,8319.529,5869.2544,6983.9414
2009-02-24 07:00:00,5606.5996,6361.3677,8319.529,5870.9546,6985.1562
2009-02-24 08:00:00,5606.9756,6362.381,8319.529,5871.7256,6987.1025
2009-02-24 09:00:00,5606.9756,6363.7583,8319.529,5872.1113,6988.2383
2009-02-24 10:00:00,5606.9756,6364.7793,8319.529,5872.2974,6988.6816
2009-02-24 11:00:00,5606.9756,6365.419,8319.529,5872.2974,6988.6816
2009-02-24 12:00:00,5607.1694,6365.7773,8319.529,5872.2974,6988.6816
2009-02-24 13:00:00,5607.1694,6365.7773,8319.529,5872.2974,6988.8604
2009-02-24 14:00:00,5607.1694,6365.7773,8319.529,5872.2974,6988.8604
2009-02-24 15:00:00,5607.1694,6365.7773,8319.529,5872.2974,6988.8604
2009-02-24 16:00:00,5607.1694,6365.7773,8319.529,5872.2974,6988.8604
2009-02-24 17:00:00,5607.1694,6365.7773,8319.529,5872.2974,6988.8604
2009-02-24 18:00:00,5607.1694,6365.7773,8319.529,5872.2974,6988.8604
2009-02-24 19:00:00,5607.1694,6365.7773,8319.529,5872.2974,6988.8604
2009-02-24 20:00:00,5607.1694,6365.7773,8319.529,5872.2974,6988.8604
2009-02-24 21:00:00,5607.1694,6365.7773,8319.529,5872.2974,6988.8604
2009-02-24 22:00:00,5607.1694,6365.7773,8319.529,5872.2974,6988.8604
2009-02-24 23:00:00,5607.1694,6365.7773,8319.529,5872.2974,6988.8604
2009-02-25 00:00:00,5607.1694,6365.7773,8319.529,5872.2974,6988.8604
2009-02-25 01:00:00,5607.1694,6365.7773,8319.529,5872.2974,6988.8604
2009-02-25 02:00:00,5607.1694,6365.7773,8319.529,5872.2974,6988.8604
2009-02-25 03:00:00,5607.1694,6365.7773,8319.529,5872.2974,6988.8604
2009-02-25 04:00:00,5607.1694,6365.7773,8319.529,5872.387,6988.977
2009-02-25 05:00:00,5607.4717,6366.058,8319.529,5872.555,6989.3657
2009-02-25 06:00:00,5608.001,6366.6167,8319.529,5873.0547,6989.7354
2009-02-25 07:00:00,5608.621,6367.1064,8319.529,5873.6973,6989.941
2009-02-25 08:00:00,5609.2925,6367.5327,8319.629,5874.6104,6990.788
2009-02-25 09:00:00,5609.7783,6367.8613,8319.706,5875.048,6991.1616
2009-02-25 10:00:00,5609.9937,6368.0737,8319.783,5875.3,6991.352
2009-02-25 11:00:00,5610.124,6368.7544,8319.962,5875.5337,6991.352
2009-02-25 12:00:00,5611.018,6369.2104,8320.2,5875.676,6991.4683
2009-02-25 13:00:00,5611.3154,6370.4165,8321.043,5875.676,6991.4683
2009-02-25 14:00:00,5612.3276,6372.431,8322.799,5876.7876,6991.7646
2009-02-25 15:00:00,5612.8335,6372.57,8323.206,5876.935,6992.4
2009-02-25 16:00:00,5612.938,6373.186,8324.871,5877.332,6994.1357
2009-02-25 17:00:00,5612.9854,6374.523,8324.871,5877.7144,6994.4937
2009-02-25 18:00:00,5612.996,6374.627,8325.111,5877.7705,6996.6597
2009-02-25 19:00:00,5613.3633,6374.641,8325.914,5877.9424,6999.471
2009-02-25 20:00:00,5613.884,6375.6885,8326.0625,5878.722,6999.843
2009-02-25 21:00:00,5613.9653,6376.0093,8326.0625,5878.725,7000.066
2009-02-25 22:00:00,5613.9653,6376.138,8326.0625,5878.8643,7000.192
2009-02-25 23:00:00,5613.9653,6376.138,8326.0625,5878.8643,7000.192
2009-02-26 00:00:00,5613.9653,6376.138,8326.0625,5878.8643,7000.192
2009-02-26 01:00:00,5613.9653,6376.138,8326.0625,5878.8643,7000.192
2009-02-26 02:00:00,5613.9653,6376.138,8326.0625,5878.8643,7000.192
2009-02-26 03:00:00,5613.9653,6376.138,8326.0625,5878.8643,7000.192
2009-02-26 04:00:00,5613.9653,6376.138,8326.0625,5878.8643,7000.192
2009-02-26 05:00:00,5613.9653,6376.138,8326.0625,5878.8643,7000.192
2009-02-26 06:00:00,5613.9653,6376.138,8326.0625,5878.8643,7000.192
2009-02-26 07:00:00,5613.9653,6376.138,8326.0625,5878.8643,7000.192
2009-02-26 08:00:00,5613.9653,6376.138,8326.0625,5878.8643,7000.192
2009-02-26 09:00:00,5613.9653,6376.138,8326.0625,5878.8643,7000.192
2009-02-26 10:00:00,5613.9653,6376.138,8326.0625,5878.8643,7000.192
2009-02-26 11:00:00,5613.9653,6376.138,8326.0625,5878.8643,7000.192
2009-02-26 12:00:00,5613.9653,6376.138,8326.0625,5878.8643,7000.192
2009-02-26 13:00:00,5613.9653,6376.138,8326.0625,5878.8643,7000.192
2009-02-26 14:00:00,5613.9653,6376.138,8326.0625,5878.8643,7000.192
2009-02-26 15:00:00,5613.9653,6376.138,8326.0625,5878.8643,7000.192
2009-02-26 16:00:00,5613.9653,6376.138,8326.0625,5878.8643,7000.192
2009-02-26 17:00:00,5613.9653,6376.138,8326.243,5878.8643,7000.192
2009-02-26 18:00:00,5613.9653,6376.138,8326.303,5878.8643,7000.192
2009-02-26 19:00:00,5613.9653,6376.138,8326.303,5878.8643,7000.221
2009-02-26 20:00:00,5613.9653,6376.138,8326.303,5878.8643,7000.293
2009-02-26 21:00:00,5613.9653,6376.138,8326.303,5878.8643,7000.293
2009-02-26 22:00:00,5613.9653,6376.138,8326.303,5878.8643,7000.293
2009-02-26 23:00:00,5613.9653,6376.138,8326.303,5878.8643,7000.293
2009-02-27 00:00:00,5613.9653,6376.138,8326.303,5878.8643,7000.293
2009-02-27 01:00:00,5613.9653,6376.138,8326.303,5878.8643,7000.293
2009-02-27 02:00:00,5613.9653,6376.138,8326.303,5878.8643,7000.293
2009-02-27 03:00:00,5613.9653,6376.3613,8326.303,5878.8643,7000.293
2009-02-27 04:00:00,5613.9653,6376.3613,8326.303,5878.8643,7000.293
2009-02-27 05:00:00,5613.9653,6376.3613,8326.303,5878.8643,7000.293
2009-02-27 06:00:00,5613.9653,6376.3613,8326.472,5878.8643,7000.293
2009-02-27 07:00:00,5613.9653,6376.3613,8327.253,5878.8643,7000.6045
2009-02-27 08:00:00,5614.1753,6376.3613,8327.797,5878.8643,7001.131
2009-02-27 09:00:00,5614.4565,6376.3613,8328.184,5878.8643,7001.391
2009-02-27 10:00:00,5614.779,6376.3613,8328.652,5879.151,7002.6763
2009-02-27 11:00:00,5614.8667,6376.3613,8329.229,5879.151,7003.137
2009-02-27 12:00:00,5614.8667,6376.3613,8329.682,5879.151,7003.137
2009-02-27 13:00:00,5614.8667,6376.3613,8329.682,5879.151,7003.1797
2009-02-27 14:00:00,5614.8667,6376.3613,8329.682,5879.151,7003.1797
2009-02-27 15:00:00,5614.8667,6376.3613,8329.682,5879.151,7003.1797
2009-02-27 16:00:00,5614.8667,6376.3613,8329.682,5879.151,7003.1797
2009-02-27 17:00:00,5614.8667,6376.3613,8329.682,5879.151,7003.1797
2009-02-27 18:00:00,5614.8667,6376.3613,8329.682,5879.151,7003.1797
2009-02-27 19:00:00,5614.8667,6376.3613,8329.682,5879.151,7003.1797
2009-02-27 20:00:00,5614.8667,6376.3613,8329.682,5879.151,7003.1797
2009-02-27 21:00:00,5614.8667,6376.3613,8329.682,5879.151,7003.1797
2009-02-27 22:00:00,5614.8667,6376.3613,8329.682,5879.151,7003.1797
2009-02-27 23:00:00,5614.8667,6376.3613,8329.682,5879.151,7003.1797
2009-02-28 00:00:00,5614.8667,6376.3613,8329.682,5879.151,7003.1797
2009-02-28 01:00:00,5614.8667,6376.3613,8329.682,5879.151,7003.1797
2009-02-28 02:00:00,5614.8667,6376.3613,8329.682,5879.151,7003.1797
2009-02-28 03:00:00,5614.8667,6376.3613,8329.682,5879.151,7003.1797
2009-02-28 04:00:00,5614.8667,6376.3613,8329.682,5879.151,7003.1797
2009-02-28 05:00:00,5614.8667,6376.3613,8329.682,5879.151,7003.1797
2009-02-28 06:00:00,5614.8667,6376.3613,8329.682,5879.151,7003.1797
2009-02-28 07:00:00,5614.8667,6376.3613,8329.682,5879.151,7003.1797
2009-02-28 08:00:00,5614.8667,6376.3613,8329.682,5879.151,7003.1797
2009-02-28 09:00:00,5614.8667,6376.3613,8329.682,5879.151,7003.1797
2009-02-28 10:00:00,5614.8667,6376.3613,8329.682,5879.151,7003.1797
2009-02-28 11:00:00,5614.8667,6376.3613,8329.682,5879.151,7003.1797
2009-02-28 12:00:00,5614.8667,6376.3613,8329.682,5879.151,7003.273
2009-02-28 13:00:00,5614.8667,6376.3613,8329.682,5879.151,7003.6943
2009-02-28 14:00:00,5615.3022,6376.4272,8329.682,5879.504,7004.3247
2009-02-28 15:00:00,5615.982,6377.928,8329.682,5880.397,7005.5454
2009-02-28 16:00:00,5616.7837,6379.548,8329.682,5881.928,7006.347
2009-02-28 17:00:00,5617.972,6381.269,8329.682,5883.2246,7006.8086
2009-02-28 18:00:00,5619.217,6383.2217,8329.682,5884.732,7007.2183
2009-02-28 19:00:00,5620.443,6384.8926,8329.682,5886.3667,7007.2725
2009-02-28 20:00:00,5621.6426,6386.492,8329.682,5887.9663,7007.2764
2009-02-28 21:00:00,5622.457,6387.757,8329.682,5889.25,7007.5093
2009-02-28 22:00:00,5622.9175,6388.8745,8329.682,5890.3677,7007.882
2009-02-28 23:00:00,5623.3096,6390.051,8329.682,5891.544,7007.9355
2009-03-01 00:00:00,5633.8774,6404.9717,8329.682,5900.248,7011.117
2009-03-01 01:00:00,5634.314,6405.8447,8329.682,5900.248,7011.1973
2009-03-01 02:00:00,5635.1113,6406.9624,8329.682,5900.248,7011.1973
2009-03-01 03:00:00,5635.9414,6408.2075,8329.682,5900.554,7011.1973
2009-03-01 04:00:00,5623.8237,6391.2344,8329.682,5892.7275,7007.936
2009-03-01 05:00:00,5624.6567,6392.147,8329.682,5893.5757,7007.9688
2009-03-01 06:00:00,5625.5337,6392.7686,8329.682,5894.4067,7008.3267
2009-03-01 07:00:00,5626.1875,6393.197,8329.682,5894.835,7008.584
2009-03-01 08:00:00,5626.5923,6393.6016,8329.682,5895.1562,7008.584
2009-03-01 09:00:00,5626.9927,6394.002,8329.682,5895.1562,7008.584
2009-03-01 10:00:00,5627.226,6394.433,8329.682,5895.315,7008.584
2009-03-01 11:00:00,5627.483,6394.884,8329.682,5895.7656,7008.584
2009-03-01 12:00:00,5627.783,6395.144,8329.682,5895.7715,7008.584
2009-03-01 13:00:00,5627.783,6395.5713,8329.682,5895.7715,7008.584
2009-03-01 14:00:00,5627.783,6396.1616,8329.682,5896.009,7008.584
2009-03-01 15:00:00,5627.844,6396.9653,8329.682,5896.3794,7008.657
2009-03-01 16:00:00,5628.1973,6397.7837,8329.682,5896.782,7008.7417
2009-03-01 17:00:00,5628.707,6398.4023,8329.682,5897.711,7009.1787
2009-03-01 18:00:00,5629.765,6399.8496,8329.682,5899.05,7010.4517
2009-03-01 19:00:00,5630.9634,6401.549,8329.682,5900.1504,7011.117
2009-03-01 20:00:00,5631.7026,6402.635,8329.682,5900.248,7011.117
2009-03-01 21:00:00,5632.1885,6403.302,8329.682,5900.248,7011.117
2009-03-01 22:00:00,5632.6226,6403.736,8329.682,5900.248,7011.117
2009-03-01 23:00:00,5633.217,6404.1743,8329.682,5900.248,7011.117
2009-03-02 00:00:00,5636.7607,6409.728,8329.682,5900.7397,7011.694
2009-03-02 01:00:00,5637.6367,6410.883,8329.682,5900.7397,7012.132
2009-03-02 02:00:00,5638.314,6412.0903,8329.682,5901.1196,7012.71
2009-03-02 03:00:00,5639.4844,6414.0137,8329.682,5901.911,7012.819
2009-03-02 04:00:00,5640.389,6415.505,8329.682,5902.3145,7012.819
2009-03-02 05:00:00,5640.6235,6415.505,8329.682,5902.337,7012.819
2009-03-02 06:00:00,5640.6875,6415.7017,8329.682,5902.337,7012.819
2009-03-02 07:00:00,5640.8594,6416.0557,8329.797,5902.4385,7013.1978
2009-03-02 08:00:00,5641.8813,6416.5083,8330.6,5903.0596,7013.496
2009-03-02 09:00:00,5642.3765,6417.074,8331.157,5903.353,7013.6006
2009-03-02 10:00:00,5642.5093,6417.3096,8331.801,5903.604,7013.6616
2009-03-02 11:00:00,5642.5093,6417.3096,8331.835,5903.604,7013.968
2009-03-02 12:00:00,5642.5093,6417.3096,8331.935,5903.604,7013.968
2009-03-02 13:00:00,5642.5093,6417.3096,8331.935,5903.604,7013.968
2009-03-02 14:00:00,5642.5093,6417.3096,8331.935,5903.604,7013.968
2009-03-02 15:00:00,5642.5093,6417.3096,8331.935,5903.604,7013.968
2009-03-02 16:00:00,5642.614,6417.598,8331.988,5903.604,7013.968
2009-03-02 17:00:00,5642.614,6418.083,8331.988,5903.9,7013.968
2009-03-02 18:00:00,5642.838,6418.542,8331.988,5903.953,7014.0405
2009-03-02 19:00:00,5642.8677,6418.542,8332.099,5904.04,7014.0405
2009-03-02 20:00:00,5642.8677,6418.542,8332.099,5904.04,7014.0405
2009-03-02 21:00:00,5643.249,6418.542,8332.099,5904.04,7014.0405
2009-03-02 22:00:00,5643.713,6418.888,8332.099,5904.04,7014.0405
2009-03-02 23:00:00,5644.056,6419.536,8332.131,5904.306,7014.0405
2009-03-03 00:00:00,5644.3423,6419.536,8332.131,5904.8477,7014.041
2009-03-03 01:00:00,5644.8125,6420.1704,8332.131,5905.568,7014.321
2009-03-03 02:00:00,5646.5366,6421.611,8332.438,5906.6025,7015.0083
2009-03-03 03:00:00,5648.279,6423.9683,8332.438,5908.003,7015.5474
2009-03-03 04:00:00,5649.5303,6424.867,8332.558,5908.3135,7016.016
2009-03-03 05:00:00,5651.4336,6425.726,8332.931,5909.4443,7018.223
2009-03-03 06:00:00,5651.6885,6427.36,8334.427,5909.5273,7019.944
2009-03-03 07:00:00,5652.2256,6427.8677,8335.389,5910.4033,7020.4165
2009-03-03 08:00:00,5652.652,6428.3184,8335.868,5911.043,7020.7256
2009-03-03 09:00:00,5652.652,6428.411,8335.95,5911.3887,7021.327
2009-03-03 10:00:00,5653.1714,6428.576,8336.686,5911.6724,7021.4517
2009-03-03 11:00:00,5653.28,6428.994,8336.739,5911.828,7021.528
2009-03-03 12:00:00,5653.28,6428.994,8336.739,5911.828,7021.528
2009-03-03 13:00:00,5653.28,6428.994,8336.739,5911.828,7021.528
2009-03-03 14:00:00,5653.28,6428.994,8336.739,5911.828,7021.528
2009-03-03 15:00:00,5653.28,6428.994,8336.739,5911.828,7021.528
2009-03-03 16:00:00,5653.28,6428.994,8336.739,5911.828,7021.528
2009-03-03 17:00:00,5653.28,6428.994,8336.739,5911.828,7021.528
2009-03-03 18:00:00,5653.28,6428.994,8336.739,5911.828,7021.528
2009-03-03 19:00:00,5653.28,6428.994,8336.739,5911.828,7021.528
2009-03-03 20:00:00,5653.28,6428.994,8336.739,5911.828,7021.528
2009-03-03 21:00:00,5653.28,6428.994,8336.739,5911.828,7021.528
2009-03-03 22:00:00,5653.28,6428.994,8336.739,5911.828,7021.528
2009-03-03 23:00:00,5653.28,6429.004,8336.739,5911.828,7021.528
2009-03-04 00:00:00,5653.28,6429.004,8336.739,5911.828,7021.5444
2009-03-04 01:00:00,5653.28,6429.1855,8336.739,5911.828,7021.5444
2009-03-04 02:00:00,5653.28,6429.2017,8336.739,5911.828,7021.5894
2009-03-04 03:00:00,5653.28,6429.2017,8336.739,5911.828,7021.6245
2009-03-04 04:00:00,5653.28,6429.2017,8336.739,5911.828,7021.6245
2009-03-04 05:00:00,5653.28,6429.2017,8336.739,5911.828,7021.6245
2009-03-04 06:00:00,5653.28,6429.2017,8336.739,5911.828,7021.6245
2009-03-04 07:00:00,5653.28,6429.2017,8336.739,5911.828,7021.6245
2009-03-04 08:00:00,5653.28,6429.2017,8336.739,5911.828,7021.6245
2009-03-04 09:00:00,5653.28,6429.2017,8336.739,5911.828,7021.6245
2009-03-04 10:00:00,5653.28,6429.2017,8336.739,5911.828,7021.6245
2009-03-04 11:00:00,5653.28,6429.2017,8336.739,5911.828,7021.6245
2009-03-04 12:00:00,5653.28,6429.2017,8336.739,5911.828,7021.6245
2009-03-04 13:00:00,5653.28,6429.2017,8336.739,5911.828,7021.6245
2009-03-04 14:00:00,5653.28,6429.2017,8336.739,5911.828,7021.6245
2009-03-04 15:00:00,5653.28,6429.2017,8336.739,5911.828,7021.6245
2009-03-04 16:00:00,5653.28,6429.2017,8336.739,5911.828,7021.6245
2009-03-04 17:00:00,5653.28,6429.2017,8336.739,5911.828,7021.6245
2009-03-04 18:00:00,5653.28,6429.2017,8336.739,5911.828,7021.6245
2009-03-04 19:00:00,5653.28,6429.2017,8336.739,5911.828,7021.6245
2009-03-04 20:00:00,5653.28,6429.2017,8336.739,5911.828,7021.6245
2009-03-04 21:00:00,5653.28,6429.2017,8336.739,5911.828,7021.6245
2009-03-04 22:00:00,5653.28,6429.2017,8336.739,5911.828,7021.6245
2009-03-04 23:00:00,5653.28,6429.2017,8336.739,5911.828,7021.6245
2009-03-05 00:00:00,5653.28,6429.2017,8336.739,5911.828,7021.6245
2009-03-05 01:00:00,5653.28,6429.2017,8336.739,5911.828,7021.6245
2009-03-05 02:00:00,5653.28,6429.2017,8336.739,5911.828,7021.6245
2009-03-05 03:00:00,5653.28,6429.2017,8336.739,5911.828,7021.6245
2009-03-05 04:00:00,5653.28,6429.2017,8336.739,5911.828,7021.6245
2009-03-05 05:00:00,5653.28,6429.2017,8336.739,5911.828,7021.6245
2009-03-05 06:00:00,5653.28,6429.2017,8336.739,5911.828,7021.6245
2009-03-05 07:00:00,5653.28,6429.2017,8336.739,5911.828,7021.6245
2009-03-05 08:00:00,5653.28,6429.2017,8336.739,5911.828,7021.6245
2009-03-05 09:00:00,5653.28,6429.2017,8336.739,5911.828,7021.6245
2009-03-05 10:00:00,5653.28,6429.2017,8336.739,5911.828,7021.6245
2009-03-05 11:00:00,5653.28,6429.2017,8336.739,5911.828,7021.6245
2009-03-05 12:00:00,5653.28,6429.2017,8336.739,5911.828,7021.6245
2009-03-05 13:00:00,5653.28,6429.2017,8336.739,5911.828,7021.6245
2009-03-05 14:00:00,5653.28,6429.2017,8336.739,5911.828,7021.6245
2009-03-05 15:00:00,5653.28,6429.2017,8336.739,5911.828,7021.6245
2009-03-05 16:00:00,5653.28,6429.2017,8336.739,5911.828,7021.6245
2009-03-05 17:00:00,5653.28,6429.2017,8336.739,5911.828,7021.6245
2009-03-05 18:00:00,5653.28,6429.2017,8336.739,5911.828,7021.6245
2009-03-05 19:00:00,5653.28,6429.2017,8336.739,5911.828,7021.6245
2009-03-05 20:00:00,5653.28,6429.2017,8336.739,5911.828,7021.6245
2009-03-05 21:00:00,5653.28,6429.2017,8336.739,5911.828,7021.6245
2009-03-05 22:00:00,5653.28,6429.2017,8336.739,5911.828,7021.6245
2009-03-05 23:00:00,5653.28,6429.2017,8336.739,5911.828,7021.6245
2009-03-06 00:00:00,5653.28,6429.2017,8336.739,5911.828,7021.6245
2009-03-06 01:00:00,5653.28,6429.2017,8336.739,5911.828,7021.6245
2009-03-06 02:00:00,5653.28,6429.2017,8336.739,5911.828,7021.6245
2009-03-06 03:00:00,5653.28,6429.2017,8336.739,5911.828,7021.6245
2009-03-06 04:00:00,5653.28,6429.2017,8336.739,5911.828,7021.6245
2009-03-06 05:00:00,5653.28,6429.2017,8336.739,5911.828,7021.6245
2009-03-06 06:00:00,5653.28,6429.2017,8336.739,5911.828,7021.6245
2009-03-06 07:00:00,5653.396,6429.2017,8336.739,5911.828,7021.6245
2009-03-06 08:00:00,5653.5293,6429.2017,8336.739,5911.828,7021.6245
2009-03-06 09:00:00,5653.5293,6429.2017,8336.739,5911.828,7021.6245
2009-03-06 10:00:00,5653.5293,6429.2017,8336.739,5911.828,7021.6245
2009-03-06 11:00:00,5653.5293,6429.2017,8336.739,5911.828,7021.8047
2009-03-06 12:00:00,5653.5293,6429.2017,8336.739,5911.828,7022.528
2009-03-06 13:00:00,5653.5303,6429.4995,8336.739,5911.828,7023.129
2009-03-06 14:00:00,5654.3535,6430.2153,8336.739,5911.895,7023.963
2009-03-06 15:00:00,5655.324,6430.3916,8336.739,5912.529,7024.0977
2009-03-06 16:00:00,5655.596,6430.3916,8336.739,5912.529,7024.0977
2009-03-06 17:00:00,5655.596,6430.3916,8336.739,5912.529,7024.0977
2009-03-06 18:00:00,5655.7036,6430.3916,8336.739,5912.529,7024.0977
2009-03-06 19:00:00,5656.0083,6430.3916,8336.739,5912.529,7024.0977
2009-03-06 20:00:00,5656.025,6430.3916,8336.739,5912.529,7024.0977
2009-03-06 21:00:00,5656.025,6430.3916,8336.739,5912.529,7024.0977
2009-03-06 22:00:00,5656.2354,6430.3916,8336.739,5912.529,7024.729
2009-03-06 23:00:00,5656.703,6430.3916,8336.739,5912.529,7024.936
2009-03-07 00:00:00,5656.934,6430.3916,8336.739,5912.529,7024.9604
2009-03-07 01:00:00,5656.934,6430.3916,8336.739,5912.529,7025.041
2009-03-07 02:00:00,5656.934,6430.3916,8336.787,5912.529,7025.5303
2009-03-07 03:00:00,5656.934,6430.46,8336.787,5912.664,7026.0
2009-03-07 04:00:00,5657.254,6431.048,8336.787,5913.2593,7026.28
2009-03-07 05:00:00,5657.8076,6431.8755,8336.787,5914.1226,7026.5566
2009-03-07 06:00:00,5658.6074,6432.2144,8336.787,5915.2534,7026.8423
2009-03-07 07:00:00,5659.5605,6432.506,8336.787,5916.2505,7027.1895
2009-03-07 08:00:00,5660.324,6432.506,8336.787,5916.8613,7027.4985
2009-03-07 09:00:00,5660.7373,6432.506,8336.787,5917.2646,7027.5347
2009-03-07 10:00:00,5661.0757,6432.506,8336.787,5917.7725,7027.5347
2009-03-07 11:00:00,5661.183,6432.506,8336.787,5917.7725,7027.5347
2009-03-07 12:00:00,5661.183,6432.506,8336.787,5917.7725,7027.5347
2009-03-07 13:00:00,5661.183,6432.506,8336.787,5917.7725,7027.5347
2009-03-07 14:00:00,5661.183,6432.506,8336.787,5917.7725,7027.5347
2009-03-07 15:00:00,5661.183,6432.506,8336.787,5917.7725,7027.5347
2009-03-07 16:00:00,5661.183,6432.506,8336.787,5917.7725,7027.5347
2009-03-07 17:00:00,5661.183,6432.506,8336.787,5917.7725,7027.5347
2009-03-07 18:00:00,5661.183,6432.506,8336.787,5917.7725,7027.5347
2009-03-07 19:00:00,5661.183,6432.506,8336.787,5917.7725,7027.5347
2009-03-07 20:00:00,5661.183,6432.506,8336.787,5917.7725,7027.6587
2009-03-07 21:00:00,5661.183,6432.853,8336.787,5917.8706,7028.057
2009-03-07 22:00:00,5661.183,6433.2383,8336.787,5918.176,7028.4424
2009-03-07 23:00:00,5661.183,6433.679,8336.787,5918.6167,7028.936
2009-03-08 00:00:00,5671.5215,6448.291,8347.499,5928.473,7043.804
2009-03-08 01:00:00,5671.5215,6448.291,8347.499,5928.473,7043.804
2009-03-08 02:00:00,5671.5215,6448.3125,8347.511,5928.473,7043.804
2009-03-08 03:00:00,5671.5215,6448.3125,8347.667,5928.473,7043.804
2009-03-08 04:00:00,5661.328,6434.48,8336.798,5919.4517,7030.11
2009-03-08 05:00:00,5661.762,6434.92,8337.218,5920.6396,7031.412
2009-03-08 06:00:00,5662.181,6435.499,8337.218,5921.582,7032.669
2009-03-08 07:00:00,5662.599,6436.249,8337.218,5922.2837,7033.96
2009-03-08 08:00:00,5663.125,6437.344,8337.259,5923.671,7035.713
2009-03-08 09:00:00,5664.5244,6438.663,8338.272,5925.416,7038.0825
2009-03-08 10:00:00,5666.1924,6440.0767,8340.194,5926.3857,7040.178
2009-03-08 11:00:00,5666.6777,6440.145,8341.503,5926.436,7040.516
2009-03-08 12:00:00,5667.123,6440.7686,8342.267,5926.6445,7040.516
2009-03-08 13:00:00,5667.4307,6440.812,8342.5205,5926.713,7040.6147
2009-03-08 14:00:00,5667.93,6441.822,8343.755,5926.7275,7041.026
2009-03-08 15:00:00,5668.797,6444.9116,8345.515,5926.964,7042.731
2009-03-08 16:00:00,5669.517,6446.4756,8346.202,5927.256,7043.4375
2009-03-08 17:00:00,5669.6367,6447.3013,8347.349,5927.6216,7043.5938
2009-03-08 18:00:00,5670.574,6447.3706,8347.349,5928.473,7043.7837
2009-03-08 19:00:00,5671.353,6448.291,8347.414,5928.473,7043.7837
2009-03-08 20:00:00,5671.353,6448.291,8347.414,5928.473,7043.7837
2009-03-08 21:00:00,5671.375,6448.291,8347.499,5928.473,7043.7837
2009-03-08 22:00:00,5671.375,6448.291,8347.499,5928.473,7043.7837
2009-03-08 23:00:00,5671.375,6448.291,8347.499,5928.473,7043.804
2009-03-09 00:00:00,5671.569,6448.3125,8347.667,5928.473,7043.804
2009-03-09 01:00:00,5671.569,6448.3125,8347.667,5928.473,7043.804
2009-03-09 02:00:00,5671.569,6448.3125,8347.667,5928.473,7043.804
2009-03-09 03:00:00,5671.569,6448.3125,8347.667,5928.473,7043.804
2009-03-09 04:00:00,5671.569,6448.3125,8347.962,5928.473,7044.1523
2009-03-09 05:00:00,5671.694,6448.3125,8348.87,5928.473,7044.6943
2009-03-09 06:00:00,5671.694,6448.3125,8348.921,5928.473,7044.946
2009-03-09 07:00:00,5671.959,6448.414,8349.611,5928.473,7045.647
2009-03-09 08:00:00,5672.1055,6448.414,8349.673,5928.473,7046.1104
2009-03-09 09:00:00,5672.1055,6448.414,8350.846,5928.525,7046.67
2009-03-09 10:00:00,5672.158,6448.414,8351.861,5928.525,7047.5103
2009-03-09 11:00:00,5672.158,6448.414,8352.727,5928.525,7048.185
2009-03-09 12:00:00,5672.1997,6448.414,8353.521,5928.525,7048.674
2009-03-09 13:00:00,5672.2725,6448.436,8354.338,5928.525,7048.873
2009-03-09 14:00:00,5672.4507,6448.529,8355.195,5928.525,7049.037
2009-03-09 15:00:00,5672.575,6448.529,8355.611,5928.5635,7049.5596
2009-03-09 16:00:00,5673.093,6449.4634,8356.486,5929.4688,7049.824
2009-03-09 17:00:00,5674.085,6450.8213,8356.486,5929.7417,7049.824
2009-03-09 18:00:00,5674.1587,6450.8213,8356.486,5929.779,7049.873
2009-03-09 19:00:00,5674.1587,6450.8213,8356.486,5929.779,7049.873
2009-03-09 20:00:00,5674.267,6450.8213,8356.486,5930.05,7049.928
2009-03-09 21:00:00,5674.4834,6450.8213,8356.547,5930.342,7050.2563
2009-03-09 22:00:00,5674.4834,6450.8447,8356.607,5930.342,7051.64
2009-03-09 23:00:00,5674.4834,6451.0083,8356.657,5930.4224,7052.8125
2009-03-10 00:00:00,5674.751,6452.293,8356.657,5931.055,7052.8125
2009-03-10 01:00:00,5674.9893,6452.7427,8356.657,5931.166,7053.132
2009-03-10 02:00:00,5675.0903,6453.9688,8356.657,5931.7075,7053.642
2009-03-10 03:00:00,5675.405,6455.0444,8356.657,5931.7583,7053.7017
2009-03-10 04:00:00,5675.5527,6455.4185,8356.657,5931.823,7053.776
2009-03-10 05:00:00,5675.5527,6456.1753,8356.657,5931.823,7054.1255
2009-03-10 06:00:00,5675.621,6457.417,8356.657,5931.891,7054.4053
2009-03-10 07:00:00,5675.621,6458.1543,8356.657,5932.1265,7054.5967
2009-03-10 08:00:00,5675.621,6458.368,8356.657,5932.1265,7054.5967
2009-03-10 09:00:00,5675.621,6458.368,8356.657,5932.1265,7054.5967
2009-03-10 10:00:00,5675.621,6458.368,8356.657,5932.1265,7054.5967
2009-03-10 11:00:00,5675.621,6458.368,8356.657,5932.1265,7054.5967
2009-03-10 12:00:00,5675.621,6458.368,8356.657,5932.1265,7054.5967
2009-03-10 13:00:00,5675.621,6458.368,8356.657,5932.1265,7054.5967
2009-03-10 14:00:00,5675.621,6458.368,8356.657,5932.1265,7054.5967
2009-03-10 15:00:00,5675.621,6458.368,8356.657,5932.1265,7054.5967
2009-03-10 16:00:00,5675.621,6458.368,8356.657,5932.1265,7054.5967
2009-03-10 17:00:00,5675.621,6458.368,8356.657,5932.1265,7054.5967
2009-03-10 18:00:00,5675.621,6458.368,8356.657,5932.1265,7054.5967
2009-03-10 19:00:00,5675.621,6458.368,8356.657,5932.1265,7054.5967
2009-03-10 20:00:00,5675.621,6458.368,8356.657,5932.1265,7054.5967
2009-03-10 21:00:00,5675.621,6458.368,8356.657,5932.1265,7054.5967
2009-03-10 22:00:00,5675.621,6458.368,8356.657,5932.1265,7054.5967
2009-03-10 23:00:00,5675.621,6458.368,8356.657,5932.1265,7054.5967
2009-03-11 00:00:00,5675.621,6458.368,8356.657,5932.1265,7054.6567
2009-03-11 01:00:00,5675.621,6458.368,8356.657,5932.1265,7054.6567
2009-03-11 02:00:00,5675.621,6458.368,8356.657,5932.1265,7054.6567
2009-03-11 03:00:00,5675.621,6458.368,8356.657,5932.1265,7054.681
2009-03-11 04:00:00,5675.621,6458.368,8356.657,5932.1265,7054.681
2009-03-11 05:00:00,5675.621,6458.368,8356.878,5932.1265,7054.681
2009-03-11 06:00:00,5675.621,6458.368,8356.991,5932.1265,7054.681
2009-03-11 07:00:00,5675.621,6458.368,8357.844,5932.1265,7054.7163
2009-03-11 08:00:00,5675.621,6458.368,8358.527,5932.1265,7054.7163
2009-03-11 09:00:00,5675.621,6458.368,8358.531,5932.1265,7054.7163
2009-03-11 10:00:00,5675.621,6458.368,8358.531,5932.1265,7054.7163
2009-03-11 11:00:00,5675.621,6458.368,8358.531,5932.1265,7054.7163
2009-03-11 12:00:00,5675.621,6458.368,8358.691,5932.1265,7054.7163
2009-03-11 13:00:00,5675.621,6458.368,8358.691,5932.1265,7054.7163
2009-03-11 14:00:00,5675.621,6458.368,8358.691,5932.1265,7054.7163
2009-03-11 15:00:00,5675.621,6458.368,8358.691,5932.1265,7054.7163
2009-03-11 16:00:00,5675.621,6458.368,8358.691,5932.1265,7054.7163
2009-03-11 17:00:00,5675.621,6458.368,8358.691,5932.1265,7054.7163
2009-03-11 18:00:00,5675.621,6458.368,8358.691,5932.1265,7054.7163
2009-03-11 19:00:00,5675.621,6458.368,8358.691,5932.1265,7054.7163
2009-03-11 20:00:00,5675.621,6458.368,8358.691,5932.1265,7054.7163
2009-03-11 21:00:00,5675.621,6458.368,8358.691,5932.1265,7054.7163
2009-03-11 22:00:00,5675.621,6458.368,8358.691,5932.1265,7054.7163
2009-03-11 23:00:00,5675.621,6458.368,8358.691,5932.1265,7054.7163
2009-03-12 00:00:00,5675.621,6458.368,8358.691,5932.1265,7054.7163
2009-03-12 01:00:00,5675.621,6458.368,8358.691,5932.1265,7054.7163
2009-03-12 02:00:00,5675.621,6458.368,8358.691,5932.1265,7055.2715
2009-03-12 03:00:00,5675.661,6458.5005,8358.691,5932.3413,7056.6055
2009-03-12 04:00:00,5676.272,6459.672,8359.233,5933.465,7057.011
2009-03-12 05:00:00,5677.2944,6461.229,8359.233,5935.3237,7057.411
2009-03-12 06:00:00,5678.5396,6462.404,8359.233,5936.9976,7057.728
2009-03-12 07:00:00,5679.663,6463.453,8359.233,5938.25,7058.1025
2009-03-12 08:00:00,5680.778,6464.1963,8359.233,5939.3647,7058.474
2009-03-12 09:00:00,5681.831,6464.967,8359.233,5940.3716,7058.7026
2009-03-12 10:00:00,5682.734,6465.6973,8359.233,5941.0396,7058.7026
2009-03-12 11:00:00,5683.4634,6466.2505,8359.233,5941.7046,7058.7026
2009-03-12 12:00:00,5684.1606,6466.3477,8359.233,5942.0874,7058.7026
2009-03-12 13:00:00,5684.245,6466.3477,8359.233,5942.0874,7058.7026
2009-03-12 14:00:00,5684.245,6467.2466,8359.233,5942.185,7058.9146
2009-03-12 15:00:00,5684.7773,6467.66,8359.233,5942.48,7058.9385
2009-03-12 16:00:00,5684.8403,6468.5044,8359.305,5942.7573,7059.0273
2009-03-12 17:00:00,5684.96,6469.5044,8359.305,5943.2773,7059.0273
2009-03-12 18:00:00,5685.2856,6469.5044,8359.305,5943.48,7059.0273
2009-03-12 19:00:00,5685.367,6469.5127,8359.305,5943.795,7059.0273
2009-03-12 20:00:00,5685.6865,6469.7915,8359.305,5944.003,7059.0273
2009-03-12 21:00:00,5685.814,6470.0513,8359.305,5944.5933,7059.0273
2009-03-12 22:00:00,5685.814,6470.0513,8359.305,5944.6978,7059.0273
2009-03-12 23:00:00,5685.814,6470.1553,8359.305,5944.7046,7059.0273
2009-03-13 00:00:00,5686.0327,6471.2974,8359.305,5945.711,7059.0273
2009-03-13 01:00:00,5686.8823,6472.4297,8359.374,5946.83,7059.0273
2009-03-13 02:00:00,5687.3223,6472.869,8359.558,5947.421,7059.0854
2009-03-13 03:00:00,5687.714,6473.393,8360.463,5947.7197,7059.2476
2009-03-13 04:00:00,5688.063,6474.94,8360.857,5948.114,7059.2476
2009-03-13 05:00:00,5688.063,6475.1475,8362.244,5948.939,7060.2
2009-03-13 06:00:00,5688.119,6475.7397,8363.11,5949.0303,7061.3584
2009-03-13 07:00:00,5688.5845,6477.5566,8364.527,5951.106,7061.5054
2009-03-13 08:00:00,5689.0586,6478.2085,8365.697,5951.2134,7062.054
2009-03-13 09:00:00,5689.1416,6478.3286,8365.754,5951.3584,7062.054
2009-03-13 10:00:00,5689.1416,6478.3286,8365.916,5951.3584,7062.094
2009-03-13 11:00:00,5689.1416,6478.3564,8365.916,5951.3584,7063.72
2009-03-13 12:00:00,5689.1416,6480.1323,8365.916,5951.978,7068.82
2009-03-13 13:00:00,5689.4033,6481.041,8366.01,5952.982,7069.2583
2009-03-13 14:00:00,5689.4033,6481.514,8366.157,5954.063,7069.3047
2009-03-13 15:00:00,5689.4404,6482.1226,8366.614,5954.063,7069.4727
2009-03-13 16:00:00,5689.4404,6482.396,8366.68,5954.1567,7073.027
2009-03-13 17:00:00,5689.4404,6482.502,8366.845,5954.1753,7073.07
2009-03-13 18:00:00,5689.4404,6482.502,8367.729,5954.1753,7073.373
2009-03-13 19:00:00,5689.4404,6482.502,8367.729,5954.1753,7073.56
2009-03-13 20:00:00,5689.4404,6482.502,8367.836,5954.1753,7073.653
2009-03-13 21:00:00,5689.4404,6482.502,8367.836,5954.1753,7073.653
2009-03-13 22:00:00,5689.4404,6482.502,8367.836,5954.1753,7073.653
2009-03-13 23:00:00,5689.4404,6482.502,8367.836,5954.1753,7073.653
2009-03-14 00:00:00,5689.4404,6482.502,8367.836,5954.1753,7073.653
2009-03-14 01:00:00,5689.4404,6482.502,8367.836,5954.1753,7073.653
2009-03-14 02:00:00,5689.4404,6482.502,8367.836,5954.1753,7073.653
2009-03-14 03:00:00,5689.4404,6482.502,8367.836,5954.1753,7073.653
2009-03-14 04:00:00,5689.4404,6482.502,8367.836,5954.1753,7073.653
2009-03-14 05:00:00,5689.4404,6482.502,8367.836,5954.1753,7073.653
2009-03-14 06:00:00,5689.4404,6482.502,8367.836,5954.1753,7073.653
2009-03-14 07:00:00,5689.4404,6482.663,8367.836,5954.1753,7073.653
2009-03-14 08:00:00,5689.4404,6482.737,8367.836,5954.1753,7073.653
2009-03-14 09:00:00,5689.4404,6482.737,8367.836,5954.1753,7073.653
2009-03-14 10:00:00,5689.4404,6482.737,8367.836,5954.1753,7073.653
2009-03-14 11:00:00,5689.4404,6482.737,8367.836,5954.1753,7073.653
2009-03-14 12:00:00,5689.4404,6482.737,8367.836,5954.1753,7073.653
2009-03-14 13:00:00,5689.4404,6482.737,8367.836,5954.1753,7073.653
2009-03-14 14:00:00,5689.4404,6482.737,8367.836,5954.1753,7073.653
2009-03-14 15:00:00,5689.4404,6482.737,8367.836,5954.1753,7073.653
2009-03-14 16:00:00,5689.4404,6482.737,8367.836,5954.1753,7073.653
2009-03-14 17:00:00,5689.4404,6482.737,8367.836,5954.1753,7073.653
2009-03-14 18:00:00,5689.4404,6482.737,8367.836,5954.1753,7073.653
2009-03-14 19:00:00,5689.4404,6482.737,8367.836,5954.1753,7073.653
2009-03-14 20:00:00,5689.4404,6482.737,8367.836,5954.1753,7073.653
2009-03-14 21:00:00,5689.4404,6482.737,8367.836,5954.1753,7073.653
2009-03-14 22:00:00,5689.4404,6482.737,8367.836,5954.1753,7073.653
2009-03-14 23:00:00,5689.4404,6482.737,8367.836,5954.1753,7073.653
2009-03-15 00:00:00,5690.2593,6485.359,8370.885,5955.6763,7077.248
2009-03-15 01:00:00,5691.0723,6486.902,8371.848,5956.528,7078.602
2009-03-15 02:00:00,5691.2456,6487.909,8372.798,5957.0483,7081.037
2009-03-15 03:00:00,5691.9214,6488.6816,8373.419,5957.524,7081.13
2009-03-15 04:00:00,5689.4404,6482.737,8367.836,5954.1753,7073.653
2009-03-15 05:00:00,5689.4404,6482.737,8367.836,5954.1753,7073.653
2009-03-15 06:00:00,5689.4404,6482.737,8367.836,5954.1753,7073.653
2009-03-15 07:00:00,5689.4404,6482.737,8367.836,5954.1753,7073.653
2009-03-15 08:00:00,5689.4404,6482.737,8367.836,5954.1753,7073.653
2009-03-15 09:00:00,5689.4404,6482.737,8367.836,5954.1753,7073.653
2009-03-15 10:00:00,5689.4404,6482.737,8367.836,5954.1753,7073.653
2009-03-15 11:00:00,5689.4404,6482.737,8367.836,5954.1753,7073.653
2009-03-15 12:00:00,5689.4404,6482.737,8367.836,5954.1753,7073.653
2009-03-15 13:00:00,5689.4404,6482.737,8367.836,5954.1753,7073.653
2009-03-15 14:00:00,5689.4404,6482.737,8367.836,5954.1753,7073.653
2009-03-15 15:00:00,5689.4404,6482.737,8367.836,5954.1753,7073.653
2009-03-15 16:00:00,5689.4404,6482.737,8367.836,5954.1753,7073.653
2009-03-15 17:00:00,5689.4404,6482.737,8367.836,5954.1753,7073.653
2009-03-15 18:00:00,5689.4404,6482.737,8367.836,5954.1753,7073.653
2009-03-15 19:00:00,5689.4404,6482.8916,8367.836,5954.1753,7073.653
2009-03-15 20:00:00,5689.4404,6482.8916,8367.836,5954.1753,7073.653
2009-03-15 21:00:00,5689.4404,6482.8916,8367.836,5954.1753,7073.653
2009-03-15 22:00:00,5689.4404,6482.8916,8368.858,5954.1753,7074.1606
2009-03-15 23:00:00,5689.8086,6483.771,8369.643,5954.363,7075.646
2009-03-16 00:00:00,5692.6396,6489.5596,8374.692,5957.709,7081.13
2009-03-16 01:00:00,5692.722,6490.691,8377.126,5958.307,7081.2046
2009-03-16 02:00:00,5693.059,6491.88,8382.157,5960.8496,7083.1836
2009-03-16 03:00:00,5694.0103,6493.1157,8387.375,5964.7246,7085.774
2009-03-16 04:00:00,5695.783,6496.058,8391.26,5967.578,7087.144
2009-03-16 05:00:00,5696.495,6496.3496,8391.917,5968.2,7089.1445
2009-03-16 06:00:00,5697.2456,6496.6997,8393.722,5968.524,7092.3164
2009-03-16 07:00:00,5697.297,6497.4033,8395.228,5968.524,7093.4575
2009-03-16 08:00:00,5697.432,6497.6387,8395.228,5968.6494,7093.4585
2009-03-16 09:00:00,5697.432,6497.6387,8395.228,5968.6494,7093.4585
2009-03-16 10:00:00,5697.432,6497.6387,8395.228,5968.6494,7093.4585
2009-03-16 11:00:00,5697.432,6497.6387,8395.228,5968.6494,7093.4585
2009-03-16 12:00:00,5697.432,6497.6387,8395.228,5968.6494,7093.4585
2009-03-16 13:00:00,5697.432,6497.6387,8395.228,5968.6494,7093.4585
2009-03-16 14:00:00,5697.432,6497.6387,8395.228,5968.6494,7093.476
2009-03-16 15:00:00,5697.432,6497.6387,8395.228,5968.6494,7094.561
2009-03-16 16:00:00,5697.477,6497.663,8395.228,5968.6494,7096.8667
2009-03-16 17:00:00,5697.7197,6497.663,8395.228,5968.985,7096.905
2009-03-16 18:00:00,5697.799,6497.663,8395.228,5968.985,7097.718
2009-03-16 19:00:00,5697.799,6497.7666,8395.228,5968.985,7098.43
2009-03-16 20:00:00,5697.799,6497.7666,8395.228,5968.985,7098.6875
2009-03-16 21:00:00,5697.799,6498.174,8395.612,5969.059,7099.563
2009-03-16 22:00:00,5697.9575,6498.226,8396.46,5969.2554,7101.0376
2009-03-16 23:00:00,5698.6177,6498.3594,8396.673,5969.9917,7101.4023
2009-03-17 00:00:00,5699.828,6499.2095,8399.258,5970.1685,7102.772
2009-03-17 01:00:00,5701.8726,6500.313,8400.5625,5970.575,7103.5854
2009-03-17 02:00:00,5704.377,6500.701,8401.95,5971.593,7104.195
2009-03-17 03:00:00,5705.757,6500.877,8403.69,5973.6416,7104.599
2009-03-17 04:00:00,5705.9053,6501.405,8404.211,5974.1807,7105.8506
2009-03-17 05:00:00,5706.8965,6502.0273,8405.081,5975.8306,7106.5073
2009-03-17 06:00:00,5707.2373,6502.2783,8405.493,5976.7373,7107.3413
2009-03-17 07:00:00,5707.954,6502.286,8406.032,5977.1836,7107.606
2009-03-17 08:00:00,5708.635,6502.325,8406.032,5978.1016,7107.715
2009-03-17 09:00:00,5708.7393,6502.4956,8406.032,5978.2554,7107.733
2009-03-17 10:00:00,5708.7393,6502.4956,8406.032,5978.2554,7107.733
2009-03-17 11:00:00,5708.7393,6502.4956,8406.032,5978.2554,7107.733
2009-03-17 12:00:00,5708.7393,6502.4956,8406.032,5978.2554,7107.733
2009-03-17 13:00:00,5708.7393,6502.4956,8406.032,5978.2554,7107.733
2009-03-17 14:00:00,5708.7393,6502.4956,8406.032,5978.265,7107.733
2009-03-17 15:00:00,5708.7393,6502.743,8406.032,5978.4854,7107.733
2009-03-17 16:00:00,5708.7393,6502.743,8406.073,5979.6006,7107.733
2009-03-17 17:00:00,5708.7393,6502.743,8407.201,5979.6685,7107.7866
2009-03-17 18:00:00,5709.2036,6502.743,8407.274,5979.6685,7107.8374
2009-03-17 19:00:00,5709.818,6502.869,8407.32,5979.887,7108.0444
2009-03-17 20:00:00,5710.779,6502.937,8407.512,5980.034,7108.346
2009-03-17 21:00:00,5711.387,6503.2983,8408.107,5980.2993,7109.697
2009-03-17 22:00:00,5711.9985,6504.132,8409.739,5980.8774,7111.164
2009-03-17 23:00:00,5713.9043,6504.82,8412.9,5981.9233,7112.731
2009-03-18 00:00:00,5715.554,6505.256,8414.385,5982.4106,7112.77
2009-03-18 01:00:00,5717.4766,6505.284,8414.385,5982.5005,7112.77
2009-03-18 02:00:00,5718.191,6505.284,8414.385,5982.5005,7112.77
2009-03-18 03:00:00,5718.3115,6505.284,8414.385,5982.5005,7112.77
2009-03-18 04:00:00,5718.3115,6505.304,8414.385,5982.5005,7112.9575
2009-03-18 05:00:00,5718.3115,6505.304,8414.797,5982.5415,7112.9575
2009-03-18 06:00:00,5718.406,6505.304,8415.108,5982.5415,7112.9575
2009-03-18 07:00:00,5719.1055,6505.304,8415.188,5982.5415,7112.9575
2009-03-18 08:00:00,5719.301,6505.7354,8415.317,5982.5415,7112.9575
2009-03-18 09:00:00,5719.301,6505.744,8415.699,5982.6274,7112.9575
2009-03-18 10:00:00,5719.301,6505.744,8415.699,5982.6274,7112.9575
2009-03-18 11:00:00,5719.301,6505.744,8415.699,5982.6274,7112.9575
2009-03-18 12:00:00,5719.301,6505.7583,8415.739,5982.6274,7113.0513
2009-03-18 13:00:00,5719.301,6505.848,8415.743,5982.9863,7113.16
2009-03-18 14:00:00,5719.301,6505.848,8415.743,5982.9863,7113.16
2009-03-18 15:00:00,5719.301,6505.848,8415.743,5982.9863,7113.464
2009-03-18 16:00:00,5719.301,6505.848,8415.847,5982.9863,7113.464
2009-03-18 17:00:00,5719.301,6505.848,8415.847,5983.0015,7113.4966
2009-03-18 18:00:00,5719.301,6505.848,8415.847,5983.0015,7113.4966
2009-03-18 19:00:00,5719.301,6505.848,8415.847,5983.0015,7113.4966
2009-03-18 20:00:00,5719.301,6505.848,8415.847,5983.0015,7113.4966
2009-03-18 21:00:00,5719.301,6505.848,8415.847,5983.0015,7113.497
2009-03-18 22:00:00,5719.301,6505.848,8415.847,5983.0015,7113.497
2009-03-18 23:00:00,5719.301,6505.848,8415.847,5983.0015,7113.497
2009-03-19 00:00:00,5719.301,6505.848,8415.847,5983.0015,7113.497
2009-03-19 01:00:00,5719.301,6505.848,8415.847,5983.0015,7113.497
2009-03-19 02:00:00,5719.301,6505.848,8415.847,5983.0015,7113.497
2009-03-19 03:00:00,5719.301,6505.848,8415.847,5983.0015,7113.497
2009-03-19 04:00:00,5719.301,6505.848,8415.847,5983.0015,7113.497
2009-03-19 05:00:00,5719.301,6505.848,8415.847,5983.0015,7113.497
2009-03-19 06:00:00,5719.301,6505.848,8415.847,5983.0015,7113.497
2009-03-19 07:00:00,5719.301,6505.848,8415.847,5983.0015,7113.497
2009-03-19 08:00:00,5719.301,6505.848,8415.847,5983.0015,7113.497
2009-03-19 09:00:00,5719.301,6505.848,8415.847,5983.0015,7113.497
2009-03-19 10:00:00,5719.301,6505.848,8415.847,5983.0015,7113.497
2009-03-19 11:00:00,5719.301,6505.848,8415.847,5983.0015,7113.497
2009-03-19 12:00:00,5719.301,6505.848,8415.847,5983.0015,7113.497
2009-03-19 13:00:00,5719.301,6505.848,8415.847,5983.0015,7113.497
2009-03-19 14:00:00,5719.301,6505.848,8415.847,5983.0015,7113.497
2009-03-19 15:00:00,5719.301,6505.848,8415.847,5983.0015,7113.497
2009-03-19 16:00:00,5719.301,6505.848,8415.847,5983.0015,7113.497
2009-03-19 17:00:00,5719.301,6505.848,8415.847,5983.0015,7113.497
2009-03-19 18:00:00,5719.301,6505.848,8415.847,5983.0015,7113.497
2009-03-19 19:00:00,5719.301,6505.848,8415.847,5983.0015,7113.497
2009-03-19 20:00:00,5719.301,6505.848,8415.847,5983.0015,7113.497
2009-03-19 21:00:00,5719.301,6505.848,8415.847,5983.0015,7113.497
2009-03-19 22:00:00,5719.301,6505.848,8415.847,5983.0015,7113.497
2009-03-19 23:00:00,5719.301,6505.848,8415.847,5983.0015,7113.497
2009-03-20 00:00:00,5719.301,6505.848,8415.847,5983.0015,7113.497
2009-03-20 01:00:00,5719.301,6505.848,8415.847,5983.0015,7113.497
2009-03-20 02:00:00,5719.301,6505.848,8415.847,5983.0015,7113.497
2009-03-20 03:00:00,5719.301,6505.848,8415.847,5983.0015,7113.497
2009-03-20 04:00:00,5719.301,6505.848,8415.847,5983.0015,7113.497
2009-03-20 05:00:00,5719.301,6505.848,8415.847,5983.0015,7113.497
2009-03-20 06:00:00,5719.301,6505.848,8415.847,5983.0015,7113.497
2009-03-20 07:00:00,5719.301,6505.848,8415.847,5983.0015,7113.497
2009-03-20 08:00:00,5719.301,6505.848,8415.847,5983.0015,7113.497
2009-03-20 09:00:00,5719.301,6505.848,8415.847,5983.0015,7113.497
2009-03-20 10:00:00,5719.301,6505.848,8415.847,5983.0015,7113.497
2009-03-20 11:00:00,5719.301,6505.848,8415.847,5983.0015,7113.497
2009-03-20 12:00:00,5719.301,6505.848,8415.847,5983.0015,7113.497
2009-03-20 13:00:00,5719.301,6505.848,8415.847,5983.0015,7113.497
2009-03-20 14:00:00,5719.301,6505.848,8415.847,5983.0015,7113.497
2009-03-20 15:00:00,5719.301,6505.848,8415.847,5983.0015,7113.497
2009-03-20 16:00:00,5719.301,6505.848,8415.847,5983.0015,7113.497
2009-03-20 17:00:00,5719.301,6505.848,8415.847,5983.0015,7113.497
2009-03-20 18:00:00,5719.301,6505.848,8415.847,5983.0015,7113.497
2009-03-20 19:00:00,5719.301,6505.848,8415.847,5983.0015,7113.497
2009-03-20 20:00:00,5719.301,6505.848,8415.847,5983.0015,7113.497
2009-03-20 21:00:00,5719.301,6505.848,8415.847,5983.0015,7113.497
2009-03-20 22:00:00,5719.301,6505.848,8415.847,5983.0015,7113.497
2009-03-20 23:00:00,5719.301,6505.848,8415.847,5983.0015,7113.497
2009-03-21 00:00:00,5719.301,6505.848,8415.847,5983.0015,7113.497
2009-03-21 01:00:00,5719.301,6505.848,8415.847,5983.0015,7113.497
2009-03-21 02:00:00,5719.301,6505.848,8415.847,5983.0015,7113.497
2009-03-21 03:00:00,5719.301,6505.848,8415.847,5983.0015,7113.497
2009-03-21 04:00:00,5719.301,6505.848,8415.847,5983.0015,7113.497
2009-03-21 05:00:00,5719.301,6505.848,8415.847,5983.0015,7113.497
2009-03-21 06:00:00,5719.301,6505.848,8415.847,5983.0015,7113.497
2009-03-21 07:00:00,5719.301,6505.848,8415.847,5983.0015,7113.497
2009-03-21 08:00:00,5719.301,6505.848,8415.847,5983.0015,7113.497
2009-03-21 09:00:00,5719.301,6505.848,8415.847,5983.0015,7113.497
2009-03-21 10:00:00,5719.301,6505.848,8415.847,5983.0015,7113.497
2009-03-21 11:00:00,5719.301,6505.848,8415.847,5983.0015,7113.497
2009-03-21 12:00:00,5719.301,6505.848,8415.847,5983.0015,7113.497
2009-03-21 13:00:00,5719.301,6505.848,8415.847,5983.0015,7113.497
2009-03-21 14:00:00,5719.301,6505.848,8415.847,5983.0015,7113.497
2009-03-21 15:00:00,5719.301,6505.848,8415.847,5983.0015,7113.497
2009-03-21 16:00:00,5719.301,6505.848,8415.847,5983.0015,7113.497
2009-03-21 17:00:00,5719.301,6505.848,8415.847,5983.0015,7113.497
2009-03-21 18:00:00,5719.301,6505.848,8415.847,5983.0015,7113.7354
2009-03-21 19:00:00,5719.301,6505.848,8415.847,5983.0015,7113.7354
2009-03-21 20:00:00,5719.301,6505.848,8415.847,5983.0015,7113.7354
2009-03-21 21:00:00,5719.301,6505.848,8415.847,5983.0015,7113.7773
2009-03-21 22:00:00,5719.301,6505.848,8415.847,5983.0015,7113.9536
2009-03-21 23:00:00,5719.301,6505.9785,8415.943,5983.1123,7114.891
2009-03-22 00:00:00,5724.2944,6521.1885,8427.366,5991.0933,7130.997
2009-03-22 01:00:00,5724.827,6521.7817,8428.8125,5991.5664,7131.388
2009-03-22 02:00:00,5725.6016,6522.144,8432.555,5993.3374,7133.435
2009-03-22 03:00:00,5726.049,6522.4395,8435.378,5993.7656,7133.6973
2009-03-22 04:00:00,5719.301,6506.4497,8415.943,5983.3193,7115.689
2009-03-22 05:00:00,5719.301,6507.4834,8416.036,5983.4517,7115.689
2009-03-22 06:00:00,5719.301,6508.5356,8416.036,5983.4517,7115.72
2009-03-22 07:00:00,5719.301,6508.6455,8416.075,5983.4517,7115.7305
2009-03-22 08:00:00,5719.301,6508.6455,8416.592,5983.4517,7115.7725
2009-03-22 09:00:00,5719.4165,6508.6455,8416.592,5983.4604,7115.7725
2009-03-22 10:00:00,5719.4165,6508.6455,8416.592,5983.5347,7115.7725
2009-03-22 11:00:00,5719.4165,6508.6455,8416.592,5983.5347,7115.7725
2009-03-22 12:00:00,5719.4165,6508.6455,8416.592,5983.5347,7115.7725
2009-03-22 13:00:00,5719.4165,6508.781,8416.639,5983.5347,7116.746
2009-03-22 14:00:00,5719.5176,6509.1294,8416.691,5983.669,7117.2773
2009-03-22 15:00:00,5719.663,6510.244,8417.149,5984.149,7119.4844
2009-03-22 16:00:00,5720.384,6512.2065,8418.262,5985.434,7120.3335
2009-03-22 17:00:00,5721.278,6513.0635,8418.789,5987.678,7122.2373
2009-03-22 18:00:00,5721.3945,6514.651,8419.097,5988.181,7123.3857
2009-03-22 19:00:00,5721.922,6514.651,8421.1455,5988.203,7123.5654
2009-03-22 20:00:00,5722.1646,6515.08,8422.909,5988.808,7125.6694
2009-03-22 21:00:00,5723.351,6515.834,8423.719,5989.8394,7126.6865
2009-03-22 22:00:00,5723.8145,6517.093,8424.572,5990.211,7128.33
2009-03-22 23:00:00,5724.207,6519.506,8425.464,5990.574,7130.2153
2009-03-23 00:00:00,5726.8086,6522.564,8435.885,5993.7915,7133.6973
2009-03-23 01:00:00,5726.8086,6522.577,8435.885,5993.7915,7134.0654
2009-03-23 02:00:00,5726.8086,6523.063,8436.248,5993.7915,7134.0654
2009-03-23 03:00:00,5726.8086,6523.063,8436.248,5993.7915,7134.0654
2009-03-23 04:00:00,5726.8086,6523.063,8436.248,5993.7915,7134.0654
2009-03-23 05:00:00,5726.8086,6523.063,8436.248,5993.7915,7134.0654
2009-03-23 06:00:00,5726.8086,6523.063,8436.248,5993.7915,7134.0654
2009-03-23 07:00:00,5726.8086,6523.063,8436.248,5993.7915,7134.0654
2009-03-23 08:00:00,5726.8086,6523.063,8436.248,5993.7915,7134.0654
2009-03-23 09:00:00,5726.8086,6523.063,8436.248,5993.7915,7134.0654
2009-03-23 10:00:00,5726.8086,6523.063,8436.248,5993.7915,7134.0654
2009-03-23 11:00:00,5726.8086,6523.063,8436.248,5993.7915,7134.0654
2009-03-23 12:00:00,5726.8086,6523.063,8436.248,5993.7915,7134.0654
2009-03-23 13:00:00,5726.8086,6523.063,8436.248,5993.7915,7134.0654
2009-03-23 14:00:00,5726.8086,6523.063,8436.248,5993.7915,7134.158
2009-03-23 15:00:00,5726.8086,6523.063,8436.248,5993.7915,7134.43
2009-03-23 16:00:00,5726.8086,6523.063,8436.248,5993.7915,7134.667
2009-03-23 17:00:00,5726.8086,6523.063,8436.248,5993.7915,7134.667
2009-03-23 18:00:00,5726.8086,6523.063,8436.248,5993.7915,7134.667
2009-03-23 19:00:00,5726.8086,6523.063,8436.248,5993.7915,7134.667
2009-03-23 20:00:00,5726.8086,6523.063,8436.248,5993.7915,7134.667
2009-03-23 21:00:00,5726.8086,6523.063,8436.248,5993.7915,7134.667
2009-03-23 22:00:00,5726.8086,6523.063,8436.248,5993.7915,7134.667
2009-03-23 23:00:00,5726.8086,6523.063,8436.248,5993.7915,7134.667
2009-03-24 00:00:00,5726.8086,6523.063,8436.248,5993.7915,7134.667
2009-03-24 01:00:00,5726.8086,6523.063,8436.248,5993.7915,7134.667
2009-03-24 02:00:00,5726.8086,6523.063,8436.248,5993.7915,7134.667
2009-03-24 03:00:00,5726.8086,6523.063,8436.248,5993.7915,7134.667
2009-03-24 04:00:00,5726.8086,6523.063,8436.248,5993.7915,7134.667
2009-03-24 05:00:00,5726.8086,6523.063,8436.248,5993.7915,7134.667
2009-03-24 06:00:00,5726.8086,6523.063,8436.248,5993.7915,7134.667
2009-03-24 07:00:00,5726.8086,6523.063,8436.248,5993.7915,7134.667
2009-03-24 08:00:00,5726.8086,6523.063,8436.248,5993.7915,7134.667
2009-03-24 09:00:00,5726.8086,6523.063,8436.248,5993.7915,7134.667
2009-03-24 10:00:00,5726.8086,6523.063,8436.248,5993.7915,7134.667
2009-03-24 11:00:00,5726.8086,6523.063,8436.248,5993.7915,7134.667
2009-03-24 12:00:00,5726.8086,6523.063,8436.248,5993.7915,7134.667
2009-03-24 13:00:00,5726.8086,6523.063,8436.248,5993.7915,7134.667
2009-03-24 14:00:00,5726.8086,6523.063,8436.248,5993.7915,7134.667
2009-03-24 15:00:00,5726.8086,6523.063,8436.248,5993.7915,7134.667
2009-03-24 16:00:00,5726.8086,6523.063,8436.248,5993.7915,7134.667
2009-03-24 17:00:00,5726.8086,6523.063,8436.248,5993.7915,7134.667
2009-03-24 18:00:00,5726.8086,6523.063,8436.248,5993.7915,7134.667
2009-03-24 19:00:00,5726.8086,6523.063,8436.248,5993.7915,7134.667
2009-03-24 20:00:00,5726.8086,6523.063,8436.248,5993.7915,7134.667
2009-03-24 21:00:00,5726.8086,6523.063,8436.248,5993.7915,7134.667
2009-03-24 22:00:00,5726.8086,6523.063,8436.248,5993.7915,7134.667
2009-03-24 23:00:00,5726.8086,6523.063,8436.248,5993.7915,7134.667
2009-03-25 00:00:00,5726.8086,6523.063,8436.248,5993.7915,7134.667
2009-03-25 01:00:00,5726.8086,6523.063,8436.248,5993.7915,7134.667
2009-03-25 02:00:00,5726.8086,6523.063,8436.248,5993.7915,7134.667
2009-03-25 03:00:00,5726.8086,6523.063,8436.248,5993.7915,7134.667
2009-03-25 04:00:00,5726.8086,6523.063,8436.248,5993.7915,7134.667
2009-03-25 05:00:00,5726.8086,6523.063,8436.248,5993.7915,7134.667
2009-03-25 06:00:00,5726.8086,6523.063,8436.248,5993.7915,7134.667
2009-03-25 07:00:00,5726.8086,6523.063,8436.248,5993.7915,7134.667
2009-03-25 08:00:00,5726.8086,6523.063,8436.248,5993.7915,7134.667
2009-03-25 09:00:00,5726.8086,6523.063,8436.248,5993.7915,7134.667
2009-03-25 10:00:00,5726.8086,6523.063,8436.248,5993.7915,7134.667
2009-03-25 11:00:00,5726.8086,6523.063,8436.248,5993.7915,7134.667
2009-03-25 12:00:00,5726.8086,6523.063,8436.248,5993.7915,7134.667
2009-03-25 13:00:00,5726.8086,6523.063,8436.248,5993.7915,7134.667
2009-03-25 14:00:00,5726.8086,6523.063,8436.248,5993.7915,7134.667
2009-03-25 15:00:00,5726.8086,6523.063,8436.248,5993.7915,7134.667
2009-03-25 16:00:00,5726.8086,6523.063,8436.248,5993.7915,7134.667
2009-03-25 17:00:00,5726.8086,6523.063,8436.248,5993.7915,7134.667
2009-03-25 18:00:00,5726.8086,6523.063,8436.248,5993.7915,7134.667
2009-03-25 19:00:00,5726.8086,6523.063,8436.248,5993.7915,7134.667
2009-03-25 20:00:00,5726.8086,6523.063,8436.248,5993.7915,7134.667
2009-03-25 21:00:00,5726.8086,6523.063,8436.248,5993.7915,7134.667
2009-03-25 22:00:00,5726.8086,6523.063,8436.248,5993.7915,7134.667
2009-03-25 23:00:00,5726.8086,6523.063,8436.248,5993.7915,7134.667
2009-03-26 00:00:00,5726.8086,6523.063,8436.248,5993.7915,7134.667
2009-03-26 01:00:00,5726.8086,6523.063,8436.248,5993.7915,7134.667
2009-03-26 02:00:00,5726.8086,6523.063,8436.248,5993.7915,7134.667
2009-03-26 03:00:00,5726.8086,6523.063,8436.248,5993.7915,7134.667
2009-03-26 04:00:00,5726.8086,6523.063,8436.248,5993.7915,7134.667
2009-03-26 05:00:00,5726.8086,6523.063,8436.248,5993.7915,7134.667
2009-03-26 06:00:00,5726.8086,6523.063,8436.248,5993.7915,7134.667
2009-03-26 07:00:00,5726.8086,6523.063,8436.248,5993.7915,7134.667
2009-03-26 08:00:00,5726.8086,6523.063,8436.248,5993.7915,7134.667
2009-03-26 09:00:00,5726.8086,6523.063,8436.248,5993.7915,7134.667
2009-03-26 10:00:00,5726.8086,6523.063,8436.248,5993.7915,7134.667
2009-03-26 11:00:00,5726.8086,6523.063,8436.248,5993.7915,7134.667
2009-03-26 12:00:00,5726.8086,6523.063,8436.248,5993.7915,7134.667
2009-03-26 13:00:00,5726.8086,6523.063,8436.248,5993.7915,7134.667
2009-03-26 14:00:00,5726.8086,6523.063,8436.248,5993.7915,7134.667
2009-03-26 15:00:00,5726.8086,6523.063,8436.248,5993.7915,7134.667
2009-03-26 16:00:00,5726.8086,6523.063,8436.248,5993.7915,7134.667
2009-03-26 17:00:00,5726.8086,6523.063,8436.248,5993.7915,7134.667
2009-03-26 18:00:00,5726.8086,6523.063,8436.248,5993.7915,7134.667
2009-03-26 19:00:00,5726.8086,6523.063,8436.248,5993.7915,7134.667
2009-03-26 20:00:00,5726.8086,6523.063,8436.248,5993.7915,7134.667
2009-03-26 21:00:00,5726.8086,6523.4277,8436.248,5993.7915,7134.667
2009-03-26 22:00:00,5726.8086,6523.7676,8436.248,5993.7915,7134.667
2009-03-26 23:00:00,5726.8086,6523.7676,8436.248,5993.7915,7134.667
2009-03-27 00:00:00,5726.8086,6523.7676,8436.248,5993.7915,7134.667
2009-03-27 01:00:00,5726.8086,6523.7676,8436.248,5993.7915,7134.667
2009-03-27 02:00:00,5726.8086,6524.002,8436.248,5993.879,7134.667
2009-03-27 03:00:00,5726.8086,6524.4214,8436.248,5994.2983,7134.667
2009-03-27 04:00:00,5726.8086,6524.4966,8436.248,5994.945,7134.667
2009-03-27 05:00:00,5726.8086,6524.4966,8436.248,5995.6387,7134.8003
2009-03-27 06:00:00,5726.8086,6524.4966,8436.248,5996.101,7134.8135
2009-03-27 07:00:00,5726.8086,6524.4966,8436.248,5996.322,7134.8135
2009-03-27 08:00:00,5726.8086,6524.4966,8436.248,5996.322,7134.8135
2009-03-27 09:00:00,5726.8086,6524.4966,8436.248,5996.322,7134.8135
2009-03-27 10:00:00,5726.8086,6524.4966,8436.248,5996.3745,7134.8135
2009-03-27 11:00:00,5726.8086,6524.6216,8436.248,5996.8374,7134.8135
2009-03-27 12:00:00,5727.24,6525.0264,8436.248,5997.2925,7134.8135
2009-03-27 13:00:00,5727.307,6525.0264,8436.248,5997.7085,7134.8135
2009-03-27 14:00:00,5727.307,6525.0264,8436.248,5998.016,7134.8135
2009-03-27 15:00:00,5727.307,6525.0264,8436.248,5998.016,7134.8135
2009-03-27 16:00:00,5727.307,6525.0264,8436.248,5998.016,7134.8135
2009-03-27 17:00:00,5727.307,6525.0264,8436.248,5998.016,7134.8135
2009-03-27 18:00:00,5727.307,6525.0264,8436.248,5998.016,7134.8135
2009-03-27 19:00:00,5727.307,6525.0264,8436.248,5998.016,7134.8135
2009-03-27 20:00:00,5727.307,6525.0264,8436.248,5998.016,7134.8135
2009-03-27 21:00:00,5727.307,6525.0264,8436.248,5998.016,7134.8135
2009-03-27 22:00:00,5727.307,6525.0264,8436.248,5998.016,7134.8135
2009-03-27 23:00:00,5727.307,6525.0264,8436.248,5998.016,7134.8135
2009-03-28 00:00:00,5727.307,6525.0264,8436.248,5998.016,7134.8135
2009-03-28 01:00:00,5727.307,6525.0264,8436.248,5998.016,7134.8135
2009-03-28 02:00:00,5727.307,6525.0264,8436.248,5998.016,7134.8135
2009-03-28 03:00:00,5727.307,6525.0264,8436.248,5998.016,7134.8135
2009-03-28 04:00:00,5727.307,6525.0264,8436.248,5998.016,7134.8135
2009-03-28 05:00:00,5727.307,6525.0264,8436.248,5998.016,7134.8135
2009-03-28 06:00:00,5727.307,6525.0264,8436.248,5998.016,7134.8135
2009-03-28 07:00:00,5727.307,6525.0264,8436.248,5998.016,7134.8135
2009-03-28 08:00:00,5727.307,6525.0264,8436.248,5998.016,7134.8135
2009-03-28 09:00:00,5727.307,6525.0264,8436.248,5998.016,7134.8135
2009-03-28 10:00:00,5727.307,6525.0264,8436.248,5998.016,7134.8135
2009-03-28 11:00:00,5727.307,6525.0264,8436.248,5998.016,7134.8135
2009-03-28 12:00:00,5727.307,6525.0264,8436.248,5998.016,7134.8135
2009-03-28 13:00:00,5727.307,6525.0264,8436.248,5998.016,7134.8135
2009-03-28 14:00:00,5727.307,6525.0264,8436.248,5998.016,7134.8135
2009-03-28 15:00:00,5727.307,6525.0264,8436.248,5998.016,7134.8135
2009-03-28 16:00:00,5727.307,6525.0264,8436.248,5998.016,7134.8135
2009-03-28 17:00:00,5727.307,6525.0264,8436.248,5998.016,7134.8135
2009-03-28 18:00:00,5727.307,6525.0264,8436.248,5998.016,7134.8135
2009-03-28 19:00:00,5727.307,6525.0264,8436.248,5998.016,7134.8135
2009-03-28 20:00:00,5727.307,6525.0264,8436.248,5998.016,7134.918
2009-03-28 21:00:00,5727.307,6525.0264,8436.248,5998.016,7135.039
2009-03-28 22:00:00,5727.307,6525.0264,8436.459,5998.016,7135.1626
2009-03-28 23:00:00,5727.307,6525.0264,8436.459,5998.016,7135.1626
2009-03-29 00:00:00,5727.307,6525.2314,8438.078,5998.227,7136.4463
2009-03-29 01:00:00,5727.307,6525.68,8438.078,5998.227,7136.4463
2009-03-29 02:00:00,5727.422,6526.1143,8438.078,5998.5576,7136.4746
2009-03-29 03:00:00,5727.8594,6526.6904,8438.078,5998.995,7136.912
2009-03-29 04:00:00,5727.307,6525.0264,8436.459,5998.016,7135.1626
2009-03-29 05:00:00,5727.307,6525.0264,8436.459,5998.016,7135.2266
2009-03-29 06:00:00,5727.307,6525.0264,8436.83,5998.016,7135.5547
2009-03-29 07:00:00,5727.307,6525.0264,8436.987,5998.016,7135.5547
2009-03-29 08:00:00,5727.307,6525.0264,8436.987,5998.016,7135.5547
2009-03-29 09:00:00,5727.307,6525.0264,8436.987,5998.0576,7135.5547
2009-03-29 10:00:00,5727.307,6525.0264,8437.439,5998.227,7135.5547
2009-03-29 11:00:00,5727.307,6525.145,8438.078,5998.227,7135.792
2009-03-29 12:00:00,5727.307,6525.1753,8438.078,5998.227,7136.3555
2009-03-29 13:00:00,5727.307,6525.1753,8438.078,5998.227,7136.3555
2009-03-29 14:00:00,5727.307,6525.1753,8438.078,5998.227,7136.3555
2009-03-29 15:00:00,5727.307,6525.1753,8438.078,5998.227,7136.3555
2009-03-29 16:00:00,5727.307,6525.1753,8438.078,5998.227,7136.3555
2009-03-29 17:00:00,5727.307,6525.1753,8438.078,5998.227,7136.3555
2009-03-29 18:00:00,5727.307,6525.1753,8438.078,5998.227,7136.3555
2009-03-29 19:00:00,5727.307,6525.1753,8438.078,5998.227,7136.3555
2009-03-29 20:00:00,5727.307,6525.1753,8438.078,5998.227,7136.3555
2009-03-29 21:00:00,5727.307,6525.1753,8438.078,5998.227,7136.3555
2009-03-29 22:00:00,5727.307,6525.1753,8438.078,5998.227,7136.3555
2009-03-29 23:00:00,5727.307,6525.1753,8438.078,5998.227,7136.3555
2009-03-30 00:00:00,5728.3096,6527.7876,8438.078,5999.4453,7137.5654
2009-03-30 01:00:00,5728.9824,6529.312,8438.078,6000.1904,7138.141
2009-03-30 02:00:00,5730.0435,6530.592,8438.078,6000.985,7138.146
2009-03-30 03:00:00,5730.906,6530.6826,8438.078,6001.416,7138.146
2009-03-30 04:00:00,5731.4604,6530.6826,8438.078,6001.785,7138.9253
2009-03-30 05:00:00,5732.123,6530.6895,8438.717,6002.764,7139.856
2009-03-30 06:00:00,5733.002,6530.896,8438.912,6004.0806,7140.2017
2009-03-30 07:00:00,5734.0767,6531.138,8439.609,6005.198,7140.667
2009-03-30 08:00:00,5735.424,6532.9155,8440.714,6005.7725,7140.895
2009-03-30 09:00:00,5736.049,6533.5034,8441.672,6006.1606,7140.946
2009-03-30 10:00:00,5736.1016,6533.5034,8441.672,6006.1606,7140.946
2009-03-30 11:00:00,5736.428,6533.6885,8441.935,6006.2866,7140.9844
2009-03-30 12:00:00,5736.6714,6534.3257,8444.903,6006.8193,7142.111
2009-03-30 13:00:00,5738.534,6537.5093,8447.918,6009.1816,7146.8643
2009-03-30 14:00:00,5739.55,6538.918,8449.109,6010.195,7148.9336
2009-03-30 15:00:00,5740.3545,6539.4453,8449.294,6010.688,7149.069
2009-03-30 16:00:00,5740.7646,6540.2925,8449.587,6011.3926,7150.6655
2009-03-30 17:00:00,5740.994,6540.663,8449.605,6012.1064,7150.954
2009-03-30 18:00:00,5741.2695,6540.7915,8450.094,6012.201,7151.0938
2009-03-30 19:00:00,5741.692,6541.2056,8450.407,6013.091,7155.1694
2009-03-30 20:00:00,5742.7354,6541.6465,8451.808,6016.9663,7158.4087
2009-03-30 21:00:00,5745.75,6542.043,8455.508,6017.6157,7158.879
2009-03-30 22:00:00,5746.16,6542.043,8455.898,6017.6157,7158.879
2009-03-30 23:00:00,5746.251,6542.0786,8457.025,6018.1406,7158.966
2009-03-31 00:00:00,5746.61,6542.0786,8457.118,6018.3667,7158.966
2009-03-31 01:00:00,5746.9375,6542.22,8457.151,6018.8335,7158.966
2009-03-31 02:00:00,5747.002,6542.2417,8457.252,6018.9067,7158.966
2009-03-31 03:00:00,5747.4907,6542.4746,8457.862,6019.7476,7159.4385
2009-03-31 04:00:00,5747.7593,6542.531,8458.169,6019.948,7162.205
2009-03-31 05:00:00,5748.185,6542.732,8458.169,6020.425,7162.627
2009-03-31 06:00:00,5748.185,6543.2554,8458.299,6020.5073,7162.8037
2009-03-31 07:00:00,5748.185,6544.111,8458.299,6020.8477,7164.5273
2009-03-31 08:00:00,5748.185,6544.8696,8458.299,6021.2744,7165.8267
2009-03-31 09:00:00,5748.185,6545.612,8458.299,6021.9688,7166.714
2009-03-31 10:00:00,5748.185,6546.109,8458.299,6022.2173,7166.925
2009-03-31 11:00:00,5748.185,6546.109,8458.299,6022.3354,7166.925
2009-03-31 12:00:00,5748.185,6546.109,8458.299,6022.3354,7166.925
2009-03-31 13:00:00,5748.185,6546.109,8458.299,6022.3354,7166.925
2009-03-31 14:00:00,5748.185,6546.109,8458.299,6022.3354,7166.925
2009-03-31 15:00:00,5748.185,6546.109,8458.299,6022.3354,7166.925
2009-03-31 16:00:00,5748.185,6546.109,8458.299,6022.3354,7166.925
2009-03-31 17:00:00,5748.185,6546.109,8458.299,6022.3354,7166.925
2009-03-31 18:00:00,5748.185,6546.109,8458.299,6022.3354,7166.925
2009-03-31 19:00:00,5748.185,6546.109,8458.299,6022.3354,7166.925
2009-03-31 20:00:00,5748.185,6546.109,8458.299,6022.3354,7166.925
2009-03-31 21:00:00,5748.185,6546.109,8458.299,6022.3354,7166.925
2009-03-31 22:00:00,5748.185,6546.109,8458.299,6022.3354,7166.925
2009-03-31 23:00:00,5748.185,6546.109,8458.299,6022.3354,7166.925
2009-04-01 00:00:00,5748.185,6546.109,8458.299,6022.3354,7166.925
2009-04-01 01:00:00,5748.185,6546.109,8458.299,6022.3354,7166.925
2009-04-01 02:00:00,5748.185,6546.109,8458.299,6022.3354,7166.925
2009-04-01 03:00:00,5748.185,6546.109,8458.299,6022.3354,7166.925
2009-04-01 04:00:00,5748.185,6546.109,8458.299,6022.3354,7166.925
2009-04-01 05:00:00,5748.185,6546.109,8458.299,6022.3354,7166.925
2009-04-01 06:00:00,5748.185,6546.109,8458.299,6022.3354,7166.925
2009-04-01 07:00:00,5748.185,6546.109,8458.299,6022.3354,7166.925
2009-04-01 08:00:00,5748.185,6546.109,8458.299,6022.3354,7166.925
2009-04-01 09:00:00,5748.185,6546.109,8458.299,6022.3354,7166.925
2009-04-01 10:00:00,5748.185,6546.109,8458.299,6022.3354,7166.925
2009-04-01 11:00:00,5748.185,6546.109,8458.34,6022.3354,7166.925
2009-04-01 12:00:00,5748.185,6546.1104,8458.545,6022.3354,7167.0464
2009-04-01 13:00:00,5748.2153,6546.1147,8460.031,6022.4604,7167.1797
2009-04-01 14:00:00,5748.5083,6546.1147,8461.05,6022.7534,7167.1797
2009-04-01 15:00:00,5749.0127,6546.2017,8461.28,6022.8438,7167.3496
2009-04-01 16:00:00,5749.299,6546.259,8461.28,6022.9087,7167.4673
2009-04-01 17:00:00,5749.299,6546.259,8461.28,6022.9087,7167.4673
2009-04-01 18:00:00,5749.299,6546.259,8461.28,6022.9146,7167.5933
2009-04-01 19:00:00,5749.299,6546.259,8461.28,6022.937,7167.7134
2009-04-01 20:00:00,5749.299,6546.259,8461.354,6022.9653,7167.8066
2009-04-01 21:00:00,5749.299,6546.259,8461.354,6022.9824,7167.8066
2009-04-01 22:00:00,5749.299,6546.259,8461.354,6022.9824,7167.8066
2009-04-01 23:00:00,5749.299,6546.259,8461.354,6022.9824,7167.8066
2009-04-02 00:00:00,5749.299,6546.259,8461.354,6022.9824,7167.8066
2009-04-02 01:00:00,5749.299,6546.259,8461.354,6022.9824,7167.857
2009-04-02 02:00:00,5749.299,6546.259,8461.354,6022.9824,7167.857
2009-04-02 03:00:00,5749.299,6546.259,8461.354,6022.9824,7167.857
2009-04-02 04:00:00,5749.299,6546.259,8461.354,6022.9824,7167.857
2009-04-02 05:00:00,5749.299,6546.259,8461.354,6022.9824,7167.857
2009-04-02 06:00:00,5749.299,6546.259,8461.354,6022.9824,7167.857
2009-04-02 07:00:00,5749.299,6546.259,8461.354,6022.9824,7167.857
2009-04-02 08:00:00,5749.299,6546.259,8461.354,6022.9824,7167.857
2009-04-02 09:00:00,5749.299,6546.259,8461.354,6022.9824,7167.857
2009-04-02 10:00:00,5749.299,6546.259,8461.354,6023.0273,7168.0234
2009-04-02 11:00:00,5749.299,6546.259,8461.354,6023.3286,7168.2534
2009-04-02 12:00:00,5749.299,6546.259,8461.354,6023.3286,7168.2534
2009-04-02 13:00:00,5749.299,6546.259,8461.354,6023.3286,7168.2534
2009-04-02 14:00:00,5749.299,6546.259,8461.354,6023.3286,7168.2534
2009-04-02 15:00:00,5749.299,6546.259,8461.354,6023.3286,7168.2534
2009-04-02 16:00:00,5749.299,6546.259,8461.354,6023.3286,7168.674
2009-04-02 17:00:00,5749.299,6546.259,8461.354,6023.3286,7168.674
2009-04-02 18:00:00,5749.299,6546.259,8461.354,6023.3286,7168.674
2009-04-02 19:00:00,5749.299,6546.259,8461.354,6023.3286,7168.674
2009-04-02 20:00:00,5749.299,6546.259,8461.354,6023.3286,7168.674
2009-04-02 21:00:00,5749.299,6546.259,8461.354,6023.3286,7168.674
2009-04-02 22:00:00,5749.299,6546.259,8461.354,6023.3286,7168.674
2009-04-02 23:00:00,5749.299,6546.259,8461.354,6023.3286,7168.674
2009-04-03 00:00:00,5749.299,6546.259,8461.354,6023.3286,7168.674
2009-04-03 01:00:00,5749.299,6546.259,8461.354,6023.3286,7168.674
2009-04-03 02:00:00,5749.299,6546.259,8461.354,6023.3286,7168.686
2009-04-03 03:00:00,5749.299,6546.259,8461.354,6023.3286,7168.686
2009-04-03 04:00:00,5749.299,6546.259,8461.354,6023.3286,7168.708
2009-04-03 05:00:00,5749.299,6546.259,8461.354,6023.3286,7168.708
2009-04-03 06:00:00,5749.299,6546.259,8461.354,6023.3286,7168.708
2009-04-03 07:00:00,5749.299,6546.259,8461.354,6023.3286,7168.708
2009-04-03 08:00:00,5749.299,6546.259,8461.354,6023.3286,7168.708
2009-04-03 09:00:00,5749.299,6546.259,8461.354,6023.3286,7168.708
2009-04-03 10:00:00,5749.299,6546.259,8461.354,6023.3286,7168.708
2009-04-03 11:00:00,5749.299,6546.259,8461.354,6023.3286,7168.708
2009-04-03 12:00:00,5749.299,6546.259,8461.354,6023.3286,7168.708
2009-04-03 13:00:00,5749.299,6546.259,8461.354,6023.3286,7168.708
2009-04-03 14:00:00,5749.299,6546.259,8461.354,6023.3286,7168.708
2009-04-03 15:00:00,5749.299,6546.259,8461.354,6023.3286,7168.708
2009-04-03 16:00:00,5749.299,6546.259,8461.354,6023.3286,7168.708
2009-04-03 17:00:00,5749.299,6546.259,8461.354,6023.3286,7168.708
2009-04-03 18:00:00,5749.299,6546.259,8461.354,6023.3286,7168.708
2009-04-03 19:00:00,5749.299,6546.259,8461.354,6023.3286,7168.708
2009-04-03 20:00:00,5749.299,6546.259,8461.354,6023.3286,7168.708
2009-04-03 21:00:00,5749.299,6546.259,8461.354,6023.3286,7168.708
2009-04-03 22:00:00,5749.299,6546.259,8461.354,6023.3286,7168.708
2009-04-03 23:00:00,5749.299,6546.259,8461.354,6023.3286,7168.708
2009-04-04 00:00:00,5749.299,6546.259,8461.354,6023.3286,7168.708
2009-04-04 01:00:00,5749.299,6546.259,8461.354,6023.3286,7168.708
2009-04-04 02:00:00,5749.299,6546.259,8461.354,6023.3286,7168.708
2009-04-04 03:00:00,5749.299,6546.259,8461.354,6023.3286,7168.708
2009-04-04 04:00:00,5749.299,6546.259,8461.354,6023.3286,7168.708
2009-04-04 05:00:00,5749.299,6546.259,8461.354,6023.3286,7168.708
2009-04-04 06:00:00,5749.299,6546.259,8461.354,6023.3286,7168.708
2009-04-04 07:00:00,5749.299,6546.259,8461.354,6023.3286,7168.708
2009-04-04 08:00:00,5749.299,6546.259,8461.354,6023.3286,7168.708
2009-04-04 09:00:00,5749.299,6546.259,8461.354,6023.3286,7168.708
2009-04-04 10:00:00,5749.299,6546.259,8461.354,6023.3286,7168.708
2009-04-04 11:00:00,5749.299,6546.259,8461.354,6023.3286,7168.708
2009-04-04 12:00:00,5749.299,6546.259,8461.354,6023.3286,7168.708
2009-04-04 13:00:00,5749.299,6546.259,8461.354,6023.3286,7168.708
2009-04-04 14:00:00,5749.299,6546.259,8461.354,6023.3286,7168.708
2009-04-04 15:00:00,5749.299,6546.259,8461.354,6023.3286,7168.708
2009-04-04 16:00:00,5749.299,6546.259,8461.354,6023.3286,7168.708
2009-04-04 17:00:00,5749.299,6546.259,8461.354,6023.3286,7168.708
2009-04-04 18:00:00,5749.299,6546.259,8461.354,6023.3286,7168.708
2009-04-04 19:00:00,5749.299,6546.259,8461.354,6023.3286,7168.708
2009-04-04 20:00:00,5749.299,6546.259,8461.354,6023.3286,7168.708
2009-04-04 21:00:00,5749.299,6546.259,8461.354,6023.3286,7168.708
2009-04-04 22:00:00,5749.299,6546.259,8461.354,6023.3286,7168.708
2009-04-04 23:00:00,5749.299,6546.259,8461.354,6023.3286,7168.708
2009-04-05 00:00:00,5753.6455,6554.5596,8473.72,6033.3096,7178.8994
2009-04-05 01:00:00,5753.6455,6554.5596,8474.069,6033.3096,7178.9624
2009-04-05 02:00:00,5753.6455,6554.739,8474.069,6033.3096,7178.9985
2009-04-05 03:00:00,5753.6455,6554.739,8474.069,6033.3096,7178.9985
2009-04-05 04:00:00,5749.299,6546.259,8461.354,6023.3286,7168.708
2009-04-05 05:00:00,5749.299,6546.5728,8461.354,6023.414,7168.708
2009-04-05 06:00:00,5749.299,6546.9746,8461.354,6023.816,7168.708
2009-04-05 07:00:00,5749.4233,6547.1323,8461.354,6024.3716,7168.708
2009-04-05 08:00:00,5749.765,6547.1323,8461.354,6024.3716,7168.708
2009-04-05 09:00:00,5749.791,6547.1323,8461.354,6024.4663,7168.708
2009-04-05 10:00:00,5750.006,6547.2114,8461.354,6024.4663,7168.708
2009-04-05 11:00:00,5750.9136,6547.35,8461.354,6024.4663,7168.708
2009-04-05 12:00:00,5751.136,6547.791,8461.354,6024.8354,7168.7783
2009-04-05 13:00:00,5751.308,6548.487,8461.354,6025.3887,7168.9194
2009-04-05 14:00:00,5751.717,6548.901,8462.196,6025.414,7168.9194
2009-04-05 15:00:00,5752.1426,6549.2573,8462.979,6025.681,7169.157
2009-04-05 16:00:00,5752.1426,6549.5967,8464.0625,6026.376,7169.7163
2009-04-05 17:00:00,5752.3633,6550.32,8466.121,6027.7217,7170.133
2009-04-05 18:00:00,5753.1787,6551.057,8469.351,6030.1035,7172.0327
2009-04-05 19:00:00,5753.383,6551.4453,8471.335,6031.1143,7173.098
2009-04-05 20:00:00,5753.4004,6552.018,8472.768,6031.536,7174.741
2009-04-05 21:00:00,5753.4463,6553.2603,8472.85,6032.0107,7176.516
2009-04-05 22:00:00,5753.4463,6554.5596,8472.899,6032.906,7178.633
2009-04-05 23:00:00,5753.5005,6554.5596,8473.529,6033.3096,7178.8994
2009-04-06 00:00:00,5753.6455,6555.0166,8474.069,6033.3096,7179.0835
2009-04-06 01:00:00,5753.6455,6555.449,8474.069,6033.596,7180.0186
2009-04-06 02:00:00,5753.8564,6556.7603,8474.069,6034.652,7180.7295
2009-04-06 03:00:00,5754.4565,6559.4536,8474.069,6036.204,7181.1973
2009-04-06 04:00:00,5755.0835,6561.446,8474.363,6037.374,7181.626
2009-04-06 05:00:00,5755.486,6562.0444,8474.839,6038.158,7183.918
2009-04-06 06:00:00,5756.5513,6562.194,8475.474,6038.8945,7184.5586
2009-04-06 07:00:00,5757.11,6562.194,8476.763,6038.8945,7184.574
2009-04-06 08:00:00,5757.785,6562.2593,8478.65,6038.8945,7185.188
2009-04-06 09:00:00,5758.363,6562.2593,8481.459,6038.937,7185.3115
2009-04-06 10:00:00,5758.9746,6562.2593,8483.5205,6038.937,7185.5127
2009-04-06 11:00:00,5759.0986,6562.2593,8484.809,6038.964,7186.1504
2009-04-06 12:00:00,5759.161,6562.2593,8485.084,6038.9746,7186.1504
2009-04-06 13:00:00,5759.161,6562.2593,8485.534,6038.9746,7186.1504
2009-04-06 14:00:00,5759.161,6562.2593,8485.853,6038.9746,7186.1504
2009-04-06 15:00:00,5759.161,6562.2593,8485.853,6038.9746,7186.1685
2009-04-06 16:00:00,5759.161,6562.2593,8485.853,6038.9746,7186.205
2009-04-06 17:00:00,5759.161,6562.2593,8485.853,6038.9746,7186.2324
2009-04-06 18:00:00,5759.161,6562.2593,8485.853,6038.9746,7186.2324
2009-04-06 19:00:00,5759.161,6562.2593,8485.853,6038.9746,7186.2324
2009-04-06 20:00:00,5759.161,6562.2593,8485.853,6038.9746,7186.2324
2009-04-06 21:00:00,5759.161,6562.2593,8485.853,6038.9746,7186.2324
2009-04-06 22:00:00,5759.161,6562.2593,8485.853,6038.9746,7186.2324
2009-04-06 23:00:00,5759.161,6562.2593,8485.853,6038.9746,7186.2324
2009-04-07 00:00:00,5759.161,6562.2593,8485.853,6038.9746,7186.2324
2009-04-07 01:00:00,5759.161,6562.2593,8485.853,6038.9746,7186.2324
2009-04-07 02:00:00,5759.161,6562.2593,8485.853,6038.9746,7186.2324
2009-04-07 03:00:00,5759.161,6562.2593,8485.853,6038.9746,7186.2324
2009-04-07 04:00:00,5759.161,6562.2593,8485.853,6038.9746,7186.2324
2009-04-07 05:00:00,5759.161,6562.2593,8485.853,6038.9746,7186.2324
2009-04-07 06:00:00,5759.161,6562.2593,8485.853,6038.9746,7186.2324
2009-04-07 07:00:00,5759.161,6562.2593,8485.853,6038.9746,7186.2324
2009-04-07 08:00:00,5759.161,6562.2593,8485.853,6038.9746,7186.2324
2009-04-07 09:00:00,5759.161,6562.2593,8485.853,6038.9746,7186.2324
2009-04-07 10:00:00,5759.161,6562.2593,8485.853,6038.9746,7186.2324
2009-04-07 11:00:00,5759.161,6562.2593,8485.853,6038.9746,7186.2324
2009-04-07 12:00:00,5759.161,6562.2593,8485.853,6038.9746,7186.2324
2009-04-07 13:00:00,5759.161,6562.2593,8485.853,6038.9746,7186.2324
2009-04-07 14:00:00,5759.161,6562.2593,8485.853,6038.9746,7186.2324
2009-04-07 15:00:00,5759.161,6562.2593,8485.853,6038.9746,7186.2324
2009-04-07 16:00:00,5759.161,6562.9556,8485.853,6038.9746,7186.3486
2009-04-07 17:00:00,5759.905,6565.3594,8487.901,6039.984,7187.9365
2009-04-07 18:00:00,5761.6113,6567.054,8489.753,6040.394,7190.613
2009-04-07 19:00:00,5763.496,6569.4067,8492.179,6041.0,7192.171
2009-04-07 20:00:00,5765.613,6572.4746,8494.054,6041.549,7193.134
2009-04-07 21:00:00,5765.9585,6574.993,8495.603,6042.4478,7193.9053
2009-04-07 22:00:00,5765.9585,6577.0015,8496.273,6043.329,7194.5044
2009-04-07 23:00:00,5767.306,6578.525,8496.59,6046.4062,7194.8853
2009-04-08 00:00:00,5769.2764,6579.5654,8496.59,6050.1865,7195.127
2009-04-08 01:00:00,5771.14,6580.4966,8496.59,6052.6196,7195.127
2009-04-08 02:00:00,5772.634,6580.7666,8496.59,6053.6396,7195.127
2009-04-08 03:00:00,5773.0776,6580.9365,8496.59,6053.704,7195.127
2009-04-08 04:00:00,5773.098,6581.176,8496.59,6053.802,7195.127
2009-04-08 05:00:00,5773.127,6581.3022,8496.59,6053.802,7195.127
2009-04-08 06:00:00,5773.127,6581.3022,8496.59,6053.802,7195.127
2009-04-08 07:00:00,5773.127,6581.3022,8496.59,6053.802,7195.127
2009-04-08 08:00:00,5773.127,6581.3022,8496.59,6053.802,7195.127
2009-04-08 09:00:00,5773.127,6581.3022,8496.59,6053.802,7195.127
2009-04-08 10:00:00,5773.127,6581.3022,8496.59,6053.802,7195.127
2009-04-08 11:00:00,5773.127,6581.3022,8496.59,6053.802,7195.127
2009-04-08 12:00:00,5773.127,6581.3022,8496.59,6053.802,7195.127
2009-04-08 13:00:00,5773.127,6581.3022,8496.59,6053.802,7195.127
2009-04-08 14:00:00,5773.127,6581.3022,8496.59,6053.82,7195.127
2009-04-08 15:00:00,5773.127,6581.3022,8496.59,6053.82,7195.127
2009-04-08 16:00:00,5773.127,6581.3022,8496.59,6053.82,7195.127
2009-04-08 17:00:00,5773.127,6581.3022,8496.59,6053.82,7195.127
2009-04-08 18:00:00,5773.127,6581.3022,8496.59,6053.82,7195.127
2009-04-08 19:00:00,5773.127,6581.3022,8496.59,6053.82,7195.127
2009-04-08 20:00:00,5773.127,6581.3022,8496.59,6053.82,7195.127
2009-04-08 21:00:00,5773.127,6581.3022,8496.59,6053.82,7195.127
2009-04-08 22:00:00,5773.212,6581.3022,8496.59,6053.82,7195.127
2009-04-08 23:00:00,5773.212,6581.3022,8496.59,6053.82,7195.127
2009-04-09 00:00:00,5773.212,6581.3022,8496.59,6053.82,7195.127
2009-04-09 01:00:00,5773.212,6581.3022,8496.59,6053.82,7195.127
2009-04-09 02:00:00,5773.212,6581.3022,8496.59,6053.82,7195.127
2009-04-09 03:00:00,5773.212,6581.4985,8496.733,6053.82,7195.188
2009-04-09 04:00:00,5773.2695,6581.9644,8497.624,6053.82,7195.3916
2009-04-09 05:00:00,5773.2695,6582.206,8497.845,6053.82,7195.425
2009-04-09 06:00:00,5773.516,6582.3423,8497.902,6054.0635,7195.451
2009-04-09 07:00:00,5773.6147,6582.8926,8498.093,6054.177,7195.6284
2009-04-09 08:00:00,5773.703,6582.917,8498.143,6054.177,7195.6284
2009-04-09 09:00:00,5773.8667,6583.0483,8498.143,6054.241,7195.6284
2009-04-09 10:00:00,5773.905,6583.0483,8498.333,6054.2725,7195.6284
2009-04-09 11:00:00,5773.905,6583.117,8498.855,6054.2725,7196.4683
2009-04-09 12:00:00,5773.905,6583.3354,8499.141,6054.4463,7197.3477
2009-04-09 13:00:00,5773.905,6583.3857,8499.141,6054.4463,7197.7427
2009-04-09 14:00:00,5773.905,6583.519,8499.849,6054.59,7198.5205
2009-04-09 15:00:00,5773.905,6583.519,8500.416,6054.643,7198.5815
2009-04-09 16:00:00,5773.905,6583.519,8500.416,6054.643,7198.5815
2009-04-09 17:00:00,5773.905,6583.519,8500.416,6054.643,7198.5815
2009-04-09 18:00:00,5773.905,6583.519,8500.416,6054.643,7198.5815
2009-04-09 19:00:00,5773.905,6583.519,8500.416,6054.643,7198.5815
2009-04-09 20:00:00,5773.905,6583.519,8500.416,6054.643,7198.5815
2009-04-09 21:00:00,5773.905,6583.519,8500.416,6054.643,7198.5815
2009-04-09 22:00:00,5773.905,6583.519,8500.416,6054.643,7198.5815
2009-04-09 23:00:00,5773.905,6583.519,8500.416,6054.643,7198.5815
2009-04-10 00:00:00,5773.905,6583.7007,8500.416,6054.643,7198.5815
2009-04-10 01:00:00,5773.99,6583.7534,8500.416,6054.643,7198.5815
2009-04-10 02:00:00,5774.113,6583.7534,8500.416,6054.941,7198.5815
2009-04-10 03:00:00,5774.113,6583.7534,8500.416,6055.3354,7198.5815
2009-04-10 04:00:00,5774.1743,6584.0166,8500.416,6055.7314,7198.814
2009-04-10 05:00:00,5774.598,6584.74,8501.06,6056.388,7199.4253
2009-04-10 06:00:00,5775.3125,6585.167,8502.187,6057.1025,7199.9146
2009-04-10 07:00:00,5775.9272,6585.742,8503.418,6057.7173,7200.2803
2009-04-10 08:00:00,5776.773,6586.12,8504.845,6058.105,7200.2803
2009-04-10 09:00:00,5776.897,6586.3965,8505.02,6058.328,7200.2803
2009-04-10 10:00:00,5777.0293,6586.518,8506.043,6058.3926,7200.2803
2009-04-10 11:00:00,5777.105,6586.518,8506.043,6058.6284,7200.2803
2009-04-10 12:00:00,5777.1587,6586.518,8506.043,6058.7393,7200.2803
2009-04-10 13:00:00,5777.1587,6586.518,8506.043,6058.8237,7200.2803
2009-04-10 14:00:00,5777.1587,6586.518,8506.043,6058.8237,7200.2803
2009-04-10 15:00:00,5777.1587,6586.518,8506.043,6058.8237,7200.2803
2009-04-10 16:00:00,5777.1587,6586.518,8506.043,6058.8237,7200.2803
2009-04-10 17:00:00,5777.1587,6586.518,8506.043,6058.8237,7200.2803
2009-04-10 18:00:00,5777.1587,6586.518,8506.043,6058.8237,7200.2803
2009-04-10 19:00:00,5777.1587,6586.518,8506.043,6058.8237,7200.2803
2009-04-10 20:00:00,5777.1587,6586.518,8506.043,6058.8237,7200.2803
2009-04-10 21:00:00,5777.1587,6586.518,8506.043,6058.8237,7200.2803
2009-04-10 22:00:00,5777.1587,6586.518,8506.043,6058.8237,7200.2803
2009-04-10 23:00:00,5777.1587,6586.518,8506.043,6058.8237,7200.2803
2009-04-11 00:00:00,5777.1587,6586.518,8506.043,6058.8237,7200.2803
2009-04-11 01:00:00,5777.1587,6586.518,8506.043,6058.8237,7200.2803
2009-04-11 02:00:00,5777.1587,6586.518,8506.043,6058.8237,7200.2803
2009-04-11 03:00:00,5777.1587,6586.518,8506.043,6058.8237,7200.2803
2009-04-11 04:00:00,5777.1587,6586.518,8506.043,6058.8237,7200.2803
2009-04-11 05:00:00,5777.1587,6586.518,8506.043,6058.8237,7200.2803
2009-04-11 06:00:00,5777.1587,6586.518,8506.043,6058.8237,7200.2803
2009-04-11 07:00:00,5777.1587,6586.518,8506.043,6058.8237,7200.2803
2009-04-11 08:00:00,5777.1587,6586.518,8506.043,6058.8237,7200.2803
2009-04-11 09:00:00,5777.1587,6586.518,8506.386,6058.8237,7200.2803
2009-04-11 10:00:00,5777.1587,6586.518,8507.069,6058.8237,7200.2803
2009-04-11 11:00:00,5777.1587,6586.518,8507.069,6058.8237,7200.2803
2009-04-11 12:00:00,5777.1587,6586.518,8507.069,6058.8237,7200.2803
2009-04-11 13:00:00,5777.1587,6586.518,8507.069,6058.8237,7200.2803
2009-04-11 14:00:00,5777.1587,6586.5264,8507.134,6058.8237,7201.001
2009-04-11 15:00:00,5777.1587,6586.6426,8507.281,6059.323,7201.001
2009-04-11 16:00:00,5777.1587,6586.658,8507.281,6059.946,7201.9434
2009-04-11 17:00:00,5777.1587,6586.982,8507.62,6060.096,7202.8296
2009-04-11 18:00:00,5777.1587,6586.982,8507.62,6060.143,7203.6904
2009-04-11 19:00:00,5777.3223,6586.982,8507.62,6060.173,7204.453
2009-04-11 20:00:00,5777.682,6586.982,8507.62,6060.64,7204.453
2009-04-11 21:00:00,5778.0796,6586.982,8507.62,6061.435,7204.453
2009-04-11 22:00:00,5778.47,6586.982,8507.62,6062.1787,7204.453
2009-04-11 23:00:00,5778.8877,6586.982,8507.62,6063.067,7204.453
2009-04-12 00:00:00,5786.779,6594.278,8510.374,6069.999,7207.531
2009-04-12 01:00:00,5786.779,6594.278,8510.374,6069.999,7207.531
2009-04-12 02:00:00,5786.779,6594.278,8510.374,6069.999,7207.531
2009-04-12 03:00:00,5786.779,6594.278,8510.374,6069.999,7207.531
2009-04-12 04:00:00,5786.779,6594.278,8510.374,6069.999,7207.531
2009-04-12 05:00:00,5786.779,6594.278,8510.374,6069.999,7207.531
2009-04-12 06:00:00,5779.615,6587.0127,8507.62,6064.5405,7205.0127
2009-04-12 07:00:00,5781.228,6588.2163,8507.62,6065.336,7205.7437
2009-04-12 08:00:00,5782.1777,6589.2236,8508.012,6066.241,7206.032
2009-04-12 09:00:00,5782.661,6589.9536,8508.524,6066.869,7206.599
2009-04-12 10:00:00,5782.985,6590.871,8509.034,6067.19,7206.63
2009-04-12 11:00:00,5782.985,6591.4033,8509.746,6067.19,7206.63
2009-04-12 12:00:00,5783.1206,6592.047,8510.199,6067.8315,7206.8447
2009-04-12 13:00:00,5783.131,6592.452,8510.374,6068.029,7207.25
2009-04-12 14:00:00,5784.116,6592.83,8510.374,6068.4067,7207.531
2009-04-12 15:00:00,5785.372,6593.19,8510.374,6069.0103,7207.531
2009-04-12 16:00:00,5785.9023,6593.5254,8510.374,6069.3457,7207.531
2009-04-12 17:00:00,5786.152,6593.863,8510.374,6069.6445,7207.531
2009-04-12 18:00:00,5786.178,6594.2285,8510.374,6069.6445,7207.531
2009-04-12 19:00:00,5786.5327,6594.278,8510.374,6069.91,7207.531
2009-04-12 20:00:00,5786.779,6594.278,8510.374,6069.999,7207.531
2009-04-12 21:00:00,5786.779,6594.278,8510.374,6069.999,7207.531
2009-04-12 22:00:00,5786.779,6594.278,8510.374,6069.999,7207.531
2009-04-12 23:00:00,5786.779,6594.278,8510.374,6069.999,7207.531
2009-04-13 00:00:00,5786.779,6594.278,8510.374,6069.999,7207.531
2009-04-13 01:00:00,5786.779,6594.278,8510.374,6069.999,7207.531
2009-04-13 02:00:00,5786.779,6594.278,8510.374,6069.999,7207.531
2009-04-13 03:00:00,5786.779,6594.278,8510.374,6069.999,7207.531
2009-04-13 04:00:00,5786.779,6594.278,8510.374,6069.999,7207.531
2009-04-13 05:00:00,5786.779,6594.278,8510.374,6069.999,7207.531
2009-04-13 06:00:00,5786.779,6594.278,8510.374,6069.999,7207.531
2009-04-13 07:00:00,5786.779,6594.278,8510.374,6069.999,7207.531
2009-04-13 08:00:00,5786.779,6594.278,8510.374,6069.999,7207.531
2009-04-13 09:00:00,5786.779,6594.278,8510.374,6069.999,7207.531
2009-04-13 10:00:00,5786.779,6594.278,8510.374,6069.999,7207.531
2009-04-13 11:00:00,5786.779,6594.278,8510.374,6069.999,7207.531
2009-04-13 12:00:00,5786.779,6594.278,8510.374,6069.999,7207.531
2009-04-13 13:00:00,5786.779,6594.278,8510.374,6069.999,7207.531
2009-04-13 14:00:00,5786.779,6594.278,8510.374,6069.999,7207.531
2009-04-13 15:00:00,5786.779,6594.278,8510.374,6069.999,7207.531
2009-04-13 16:00:00,5786.779,6594.278,8510.374,6069.999,7207.531
2009-04-13 17:00:00,5786.779,6594.278,8510.374,6069.999,7207.531
2009-04-13 18:00:00,5786.779,6594.278,8510.374,6069.999,7207.531
2009-04-13 19:00:00,5786.779,6594.278,8510.374,6069.999,7207.531
2009-04-13 20:00:00,5786.779,6594.278,8510.374,6069.999,7207.531
2009-04-13 21:00:00,5786.779,6594.278,8510.374,6069.999,7207.531
2009-04-13 22:00:00,5786.779,6594.278,8510.374,6069.999,7207.531
2009-04-13 23:00:00,5786.779,6594.278,8510.374,6069.999,7207.531
2009-04-14 00:00:00,5786.779,6594.278,8510.374,6069.999,7207.531
2009-04-14 01:00:00,5786.779,6594.278,8510.374,6069.999,7207.531
2009-04-14 02:00:00,5786.779,6594.278,8510.374,6069.999,7207.531
2009-04-14 03:00:00,5786.779,6594.278,8510.374,6069.999,7207.531
2009-04-14 04:00:00,5786.779,6594.278,8510.374,6069.999,7207.531
2009-04-14 05:00:00,5786.779,6594.278,8510.374,6069.999,7207.531
2009-04-14 06:00:00,5786.779,6594.278,8510.374,6069.999,7207.531
2009-04-14 07:00:00,5786.779,6594.278,8510.374,6069.999,7207.531
2009-04-14 08:00:00,5786.779,6594.278,8510.374,6069.999,7207.531
2009-04-14 09:00:00,5786.779,6594.278,8510.374,6069.999,7207.531
2009-04-14 10:00:00,5786.779,6594.278,8510.374,6069.999,7207.531
2009-04-14 11:00:00,5786.779,6594.278,8510.374,6069.999,7207.531
2009-04-14 12:00:00,5786.779,6594.278,8510.374,6069.999,7207.531
2009-04-14 13:00:00,5786.779,6594.278,8510.374,6069.999,7207.531
2009-04-14 14:00:00,5786.779,6594.278,8510.374,6069.999,7207.531
2009-04-14 15:00:00,5786.779,6594.278,8510.374,6069.999,7207.531
2009-04-14 16:00:00,5786.779,6594.278,8510.374,6069.999,7207.531
2009-04-14 17:00:00,5786.779,6594.278,8510.374,6069.999,7207.531
2009-04-14 18:00:00,5786.779,6594.278,8510.374,6069.999,7207.531
2009-04-14 19:00:00,5786.779,6594.278,8510.374,6069.999,7207.531
2009-04-14 20:00:00,5786.779,6594.278,8510.374,6069.999,7207.531
2009-04-14 21:00:00,5786.779,6594.278,8510.374,6069.999,7207.531
2009-04-14 22:00:00,5786.779,6594.278,8510.374,6069.999,7207.531
2009-04-14 23:00:00,5786.779,6594.278,8510.374,6069.999,7207.531
2009-04-15 00:00:00,5786.779,6594.278,8510.374,6069.999,7207.531
2009-04-15 01:00:00,5786.779,6594.278,8510.374,6069.999,7207.531
2009-04-15 02:00:00,5786.779,6594.278,8510.374,6069.999,7207.531
2009-04-15 03:00:00,5786.779,6594.278,8510.374,6069.999,7207.531
2009-04-15 04:00:00,5786.779,6594.278,8510.374,6069.999,7207.531
2009-04-15 05:00:00,5786.779,6594.278,8510.374,6069.999,7207.531
2009-04-15 06:00:00,5786.779,6594.278,8510.374,6069.999,7207.531
2009-04-15 07:00:00,5786.779,6594.278,8510.374,6069.999,7207.531
2009-04-15 08:00:00,5786.779,6594.278,8510.374,6069.999,7207.531
2009-04-15 09:00:00,5786.779,6594.278,8510.374,6069.999,7207.531
2009-04-15 10:00:00,5786.779,6594.278,8510.374,6069.999,7207.531
2009-04-15 11:00:00,5786.779,6594.278,8510.374,6069.999,7207.531
2009-04-15 12:00:00,5786.779,6594.278,8510.374,6069.999,7207.531
2009-04-15 13:00:00,5786.779,6594.278,8510.374,6069.999,7207.531
2009-04-15 14:00:00,5786.779,6594.278,8510.374,6069.999,7207.531
2009-04-15 15:00:00,5786.779,6594.278,8510.374,6069.999,7207.531
2009-04-15 16:00:00,5786.779,6594.278,8510.374,6069.999,7207.531
2009-04-15 17:00:00,5786.779,6594.278,8510.374,6069.999,7207.531
2009-04-15 18:00:00,5786.779,6594.278,8510.374,6069.999,7207.531
2009-04-15 19:00:00,5786.779,6594.278,8510.374,6069.999,7207.531
2009-04-15 20:00:00,5786.779,6594.278,8510.374,6069.999,7207.531
2009-04-15 21:00:00,5786.779,6594.278,8510.374,6069.999,7207.531
2009-04-15 22:00:00,5786.779,6594.278,8510.374,6069.999,7207.531
2009-04-15 23:00:00,5786.779,6594.278,8510.374,6069.999,7207.531
2009-04-16 00:00:00,5786.779,6594.278,8510.374,6069.999,7207.531
2009-04-16 01:00:00,5786.779,6594.278,8510.374,6069.999,7207.531
2009-04-16 02:00:00,5786.779,6594.278,8510.374,6069.999,7207.531
2009-04-16 03:00:00,5786.779,6594.278,8510.374,6069.999,7207.531
2009-04-16 04:00:00,5786.779,6594.278,8510.374,6069.999,7207.531
2009-04-16 05:00:00,5786.779,6594.278,8510.374,6069.999,7207.531
2009-04-16 06:00:00,5786.779,6594.278,8510.374,6069.999,7207.531
2009-04-16 07:00:00,5786.779,6594.278,8510.374,6069.999,7207.531
2009-04-16 08:00:00,5786.779,6594.278,8510.374,6069.999,7207.531
2009-04-16 09:00:00,5786.779,6594.278,8510.374,6069.999,7207.531
2009-04-16 10:00:00,5786.779,6594.278,8510.374,6069.999,7207.531
2009-04-16 11:00:00,5786.779,6594.278,8510.374,6069.999,7207.531
2009-04-16 12:00:00,5786.779,6594.278,8510.374,6069.999,7207.531
2009-04-16 13:00:00,5786.779,6594.278,8510.374,6069.999,7207.531
2009-04-16 14:00:00,5786.779,6594.278,8510.374,6069.999,7207.531
2009-04-16 15:00:00,5786.779,6594.278,8510.374,6069.999,7207.531
2009-04-16 16:00:00,5786.779,6594.278,8510.374,6069.999,7207.531
2009-04-16 17:00:00,5786.779,6594.278,8510.374,6069.999,7207.531
2009-04-16 18:00:00,5786.779,6594.278,8510.374,6069.999,7207.531
2009-04-16 19:00:00,5786.779,6594.278,8510.374,6069.999,7207.531
2009-04-16 20:00:00,5786.779,6594.278,8510.374,6069.999,7207.531
2009-04-16 21:00:00,5786.779,6594.278,8510.374,6069.999,7207.531
2009-04-16 22:00:00,5786.779,6594.278,8510.374,6069.999,7207.531
2009-04-16 23:00:00,5786.779,6594.278,8510.374,6069.999,7207.531
2009-04-17 00:00:00,5786.779,6594.278,8510.374,6069.999,7207.531
2009-04-17 01:00:00,5786.779,6594.278,8510.374,6069.999,7207.531
2009-04-17 02:00:00,5786.779,6594.278,8510.374,6069.999,7207.531
2009-04-17 03:00:00,5786.779,6594.278,8510.374,6069.999,7207.531
2009-04-17 04:00:00,5786.779,6594.278,8510.374,6069.999,7207.531
2009-04-17 05:00:00,5786.779,6594.278,8510.374,6069.999,7207.531
2009-04-17 06:00:00,5786.779,6594.278,8510.374,6069.999,7207.531
2009-04-17 07:00:00,5786.779,6594.278,8510.374,6069.999,7207.531
2009-04-17 08:00:00,5786.779,6594.278,8510.374,6069.999,7207.531
2009-04-17 09:00:00,5786.779,6594.278,8510.374,6069.999,7207.531
2009-04-17 10:00:00,5786.779,6594.278,8510.374,6069.999,7207.531
2009-04-17 11:00:00,5786.779,6594.278,8510.374,6069.999,7207.531
2009-04-17 12:00:00,5786.779,6594.278,8510.64,6069.999,7207.531
2009-04-17 13:00:00,5786.779,6594.278,8510.64,6069.999,7207.531
2009-04-17 14:00:00,5786.779,6594.278,8510.64,6069.999,7207.531
2009-04-17 15:00:00,5786.779,6594.278,8510.64,6069.999,7207.531
2009-04-17 16:00:00,5786.779,6594.278,8510.64,6069.999,7207.531
2009-04-17 17:00:00,5786.779,6594.278,8510.64,6069.999,7207.531
2009-04-17 18:00:00,5786.779,6594.278,8510.64,6069.999,7207.531
2009-04-17 19:00:00,5786.779,6594.278,8510.64,6069.999,7207.531
2009-04-17 20:00:00,5786.779,6594.278,8510.64,6069.999,7207.531
2009-04-17 21:00:00,5786.779,6594.278,8510.64,6069.999,7207.531
2009-04-17 22:00:00,5786.779,6594.278,8510.64,6069.999,7207.531
2009-04-17 23:00:00,5786.779,6594.278,8510.64,6069.999,7207.531
2009-04-18 00:00:00,5786.779,6594.278,8510.64,6069.999,7207.531
2009-04-18 01:00:00,5786.779,6594.278,8510.64,6069.999,7207.531
2009-04-18 02:00:00,5786.779,6594.278,8510.64,6069.999,7207.531
2009-04-18 03:00:00,5786.779,6594.278,8510.64,6069.999,7207.531
2009-04-18 04:00:00,5786.779,6594.278,8510.64,6069.999,7207.531
2009-04-18 05:00:00,5786.779,6594.278,8510.64,6069.999,7207.531
2009-04-18 06:00:00,5786.779,6594.278,8510.64,6069.999,7207.531
2009-04-18 07:00:00,5786.779,6594.278,8510.64,6069.999,7207.531
2009-04-18 08:00:00,5786.779,6594.278,8510.64,6069.999,7207.531
2009-04-18 09:00:00,5786.779,6594.278,8510.64,6069.999,7207.531
2009-04-18 10:00:00,5786.779,6594.278,8510.64,6069.999,7207.531
2009-04-18 11:00:00,5786.779,6594.278,8510.64,6069.999,7207.531
2009-04-18 12:00:00,5786.779,6594.278,8510.64,6069.999,7207.531
2009-04-18 13:00:00,5786.779,6594.278,8510.64,6069.999,7207.531
2009-04-18 14:00:00,5786.779,6594.278,8510.64,6069.999,7207.531
2009-04-18 15:00:00,5786.779,6594.278,8510.64,6069.999,7207.531
2009-04-18 16:00:00,5786.779,6594.278,8510.64,6069.999,7207.531
2009-04-18 17:00:00,5786.779,6594.278,8510.64,6069.999,7207.531
2009-04-18 18:00:00,5786.779,6594.278,8510.64,6069.999,7207.531
2009-04-18 19:00:00,5786.779,6594.278,8510.64,6069.999,7207.531
2009-04-18 20:00:00,5786.779,6594.278,8510.64,6069.999,7207.531
2009-04-18 21:00:00,5786.779,6594.278,8510.64,6069.999,7207.531
2009-04-18 22:00:00,5786.779,6594.278,8510.64,6069.999,7207.531
2009-04-18 23:00:00,5786.779,6594.278,8510.64,6069.999,7207.531
2009-04-19 00:00:00,5786.779,6594.5767,8510.64,6069.999,7208.389
2009-04-19 01:00:00,5786.779,6594.5767,8510.64,6069.999,7208.389
2009-04-19 02:00:00,5786.779,6594.5767,8510.64,6069.999,7208.389
2009-04-19 03:00:00,5786.779,6594.5767,8510.64,6069.999,7208.389
2009-04-19 04:00:00,5786.779,6594.278,8510.64,6069.999,7207.531
2009-04-19 05:00:00,5786.779,6594.278,8510.64,6069.999,7207.531
2009-04-19 06:00:00,5786.779,6594.278,8510.64,6069.999,7207.531
2009-04-19 07:00:00,5786.779,6594.278,8510.64,6069.999,7207.531
2009-04-19 08:00:00,5786.779,6594.278,8510.64,6069.999,7207.531
2009-04-19 09:00:00,5786.779,6594.278,8510.64,6069.999,7207.531
2009-04-19 10:00:00,5786.779,6594.278,8510.64,6069.999,7207.531
2009-04-19 11:00:00,5786.779,6594.278,8510.64,6069.999,7207.531
2009-04-19 12:00:00,5786.779,6594.278,8510.64,6069.999,7207.632
2009-04-19 13:00:00,5786.779,6594.278,8510.64,6069.999,7207.644
2009-04-19 14:00:00,5786.779,6594.278,8510.64,6069.999,7208.0347
2009-04-19 15:00:00,5786.779,6594.278,8510.64,6069.999,7208.389
2009-04-19 16:00:00,5786.779,6594.278,8510.64,6069.999,7208.389
2009-04-19 17:00:00,5786.779,6594.278,8510.64,6069.999,7208.389
2009-04-19 18:00:00,5786.779,6594.278,8510.64,6069.999,7208.389
2009-04-19 19:00:00,5786.779,6594.278,8510.64,6069.999,7208.389
2009-04-19 20:00:00,5786.779,6594.278,8510.64,6069.999,7208.389
2009-04-19 21:00:00,5786.779,6594.278,8510.64,6069.999,7208.389
2009-04-19 22:00:00,5786.779,6594.278,8510.64,6069.999,7208.389
2009-04-19 23:00:00,5786.779,6594.5767,8510.64,6069.999,7208.389
2009-04-20 00:00:00,5786.779,6594.5767,8510.64,6069.999,7208.389
2009-04-20 01:00:00,5786.779,6594.5767,8510.64,6069.999,7208.389
2009-04-20 02:00:00,5786.779,6594.5767,8510.64,6069.999,7208.389
2009-04-20 03:00:00,5786.779,6594.5767,8510.64,6069.999,7208.389
2009-04-20 04:00:00,5786.779,6594.5767,8510.64,6069.999,7208.389
2009-04-20 05:00:00,5786.779,6594.5767,8510.64,6069.999,7208.389
2009-04-20 06:00:00,5786.779,6594.5767,8510.64,6069.999,7208.389
2009-04-20 07:00:00,5786.779,6594.5767,8510.64,6069.999,7208.389
2009-04-20 08:00:00,5786.779,6594.5767,8510.64,6069.999,7208.389
2009-04-20 09:00:00,5786.779,6594.5767,8510.64,6069.999,7208.389
2009-04-20 10:00:00,5786.779,6594.5767,8510.64,6069.999,7208.389
2009-04-20 11:00:00,5786.779,6594.5767,8510.64,6069.999,7208.389
2009-04-20 12:00:00,5786.779,6594.5767,8510.64,6069.999,7208.389
2009-04-20 13:00:00,5786.779,6594.5767,8510.64,6069.999,7208.389
2009-04-20 14:00:00,5786.779,6594.5767,8510.64,6069.999,7208.389
2009-04-20 15:00:00,5786.779,6594.5767,8510.64,6069.999,7208.389
2009-04-20 16:00:00,5786.779,6594.5767,8510.64,6069.999,7208.389
2009-04-20 17:00:00,5786.779,6594.5767,8510.64,6069.999,7208.389
2009-04-20 18:00:00,5786.779,6594.5767,8510.64,6069.999,7208.389
2009-04-20 19:00:00,5786.779,6594.5767,8510.64,6069.999,7208.389
2009-04-20 20:00:00,5786.779,6594.5767,8510.64,6069.999,7208.389
2009-04-20 21:00:00,5786.779,6594.5767,8510.64,6069.999,7208.389
2009-04-20 22:00:00,5786.779,6594.5767,8510.64,6069.999,7208.389
2009-04-20 23:00:00,5786.779,6594.5767,8510.64,6069.999,7208.389
2009-04-21 00:00:00,5786.779,6594.5767,8510.64,6069.999,7208.389
2009-04-21 01:00:00,5786.779,6594.5767,8510.64,6069.999,7208.389
2009-04-21 02:00:00,5786.779,6594.5767,8510.64,6069.999,7208.389
2009-04-21 03:00:00,5786.779,6594.5767,8510.64,6069.999,7208.389
2009-04-21 04:00:00,5786.779,6594.5767,8510.64,6069.999,7208.389
2009-04-21 05:00:00,5786.779,6594.5767,8510.64,6069.999,7208.389
2009-04-21 06:00:00,5786.779,6594.5767,8510.64,6069.999,7208.389
2009-04-21 07:00:00,5786.779,6594.5767,8510.64,6069.999,7208.389
2009-04-21 08:00:00,5786.779,6594.5767,8510.64,6069.999,7208.389
2009-04-21 09:00:00,5786.779,6594.5767,8510.64,6069.999,7208.389
2009-04-21 10:00:00,5786.779,6594.5767,8510.64,6069.999,7208.389
2009-04-21 11:00:00,5786.779,6594.5767,8510.64,6069.999,7208.389
2009-04-21 12:00:00,5786.779,6594.5767,8510.64,6069.999,7208.389
2009-04-21 13:00:00,5786.779,6594.5767,8510.64,6069.999,7208.389
2009-04-21 14:00:00,5786.779,6594.5767,8510.64,6069.999,7208.389
2009-04-21 15:00:00,5786.779,6594.5767,8510.64,6069.999,7208.389
2009-04-21 16:00:00,5786.779,6594.5767,8510.64,6069.999,7208.389
2009-04-21 17:00:00,5786.779,6594.5767,8510.64,6069.999,7208.389
2009-04-21 18:00:00,5786.779,6594.5767,8510.64,6069.999,7208.389
2009-04-21 19:00:00,5786.779,6594.5767,8510.64,6069.999,7208.498
2009-04-21 20:00:00,5786.779,6594.5767,8510.64,6069.999,7208.498
2009-04-21 21:00:00,5786.779,6594.5767,8510.64,6069.999,7208.498
2009-04-21 22:00:00,5786.779,6594.5767,8510.64,6069.999,7208.498
2009-04-21 23:00:00,5786.779,6594.5767,8510.64,6069.999,7208.498
2009-04-22 00:00:00,5786.779,6594.5767,8510.64,6069.999,7208.498
2009-04-22 01:00:00,5786.779,6594.5767,8510.64,6069.999,7209.1357
2009-04-22 02:00:00,5786.779,6594.744,8510.64,6069.999,7209.438
2009-04-22 03:00:00,5786.779,6595.041,8510.64,6070.0474,7209.708
2009-04-22 04:00:00,5787.0415,6595.328,8510.64,6070.0957,7209.708
2009-04-22 05:00:00,5787.3833,6595.328,8510.64,6070.0957,7209.7285
2009-04-22 06:00:00,5787.3984,6595.328,8510.64,6070.0957,7210.041
2009-04-22 07:00:00,5787.3984,6595.328,8510.64,6070.0957,7210.041
2009-04-22 08:00:00,5787.3984,6595.328,8510.64,6070.0957,7210.178
2009-04-22 09:00:00,5787.3984,6595.328,8510.64,6070.0957,7210.3125
2009-04-22 10:00:00,5787.3984,6595.328,8510.709,6070.0957,7210.3125
2009-04-22 11:00:00,5787.3984,6595.328,8510.773,6070.0957,7210.3125
2009-04-22 12:00:00,5787.3984,6595.328,8510.773,6070.0957,7210.3125
2009-04-22 13:00:00,5787.3984,6595.328,8510.773,6070.0957,7210.3125
2009-04-22 14:00:00,5787.3984,6595.328,8510.773,6070.0957,7210.3125
2009-04-22 15:00:00,5787.3984,6595.328,8510.773,6070.0957,7210.3125
2009-04-22 16:00:00,5787.3984,6595.328,8510.773,6070.0957,7210.3125
2009-04-22 17:00:00,5787.3984,6595.328,8510.773,6070.0957,7210.3125
2009-04-22 18:00:00,5787.3984,6595.328,8510.773,6070.0957,7210.3125
2009-04-22 19:00:00,5787.3984,6595.328,8510.773,6070.0957,7210.3125
2009-04-22 20:00:00,5787.3984,6595.328,8510.773,6070.0957,7210.3125
2009-04-22 21:00:00,5787.3984,6595.328,8510.773,6070.0957,7210.3125
2009-04-22 22:00:00,5787.3984,6595.328,8510.773,6070.0957,7210.3125
2009-04-22 23:00:00,5787.3984,6595.328,8510.773,6070.0957,7210.3125
2009-04-23 00:00:00,5787.2236,6595.3706,8511.456,6070.1064,7210.3853
2009-04-23 01:00:00,5787.2236,6595.3706,8511.456,6070.1064,7210.3853
2009-04-23 02:00:00,5787.2236,6595.3706,8511.456,6070.1064,7210.3853
2009-04-23 03:00:00,5787.2236,6595.3706,8511.456,6070.1064,7210.3853
2009-04-23 04:00:00,5787.2236,6595.3706,8511.456,6070.1064,7210.3853
2009-04-23 05:00:00,5787.2236,6595.3706,8511.456,6070.1064,7210.3853
2009-04-23 06:00:00,5787.2236,6595.3706,8511.456,6070.1064,7210.3853
2009-04-23 07:00:00,5787.2236,6595.3706,8511.456,6070.1064,7210.3853
2009-04-23 08:00:00,5787.2236,6595.3706,8511.456,6070.1064,7210.3853
2009-04-23 09:00:00,5787.2236,6595.3706,8511.456,6070.1064,7210.3853
2009-04-23 10:00:00,5787.2236,6595.3706,8511.456,6070.1064,7210.3853
2009-04-23 11:00:00,5787.2236,6595.3706,8511.456,6070.1064,7210.3853
2009-04-23 12:00:00,5787.2236,6595.3706,8511.456,6070.1064,7210.3853
2009-04-23 13:00:00,5787.2236,6595.3706,8511.456,6070.1064,7210.3853
2009-04-23 14:00:00,5787.2236,6595.3706,8511.456,6070.1064,7210.3853
2009-04-23 15:00:00,5787.2236,6595.3706,8511.456,6070.1064,7210.3853
2009-04-23 16:00:00,5787.2236,6595.3706,8511.456,6070.1064,7210.3853
2009-04-23 17:00:00,5787.2236,6595.3706,8511.456,6070.1064,7210.3853
2009-04-23 18:00:00,5787.3984,6595.328,8510.773,6070.0957,7210.3125
2009-04-23 19:00:00,5787.3984,6595.328,8510.773,6070.0957,7210.3125
2009-04-23 20:00:00,5787.3984,6595.328,8510.773,6070.0957,7210.3125
2009-04-23 21:00:00,5787.3984,6595.328,8510.773,6070.0957,7210.3125
2009-04-23 22:00:00,5787.3984,6595.328,8510.773,6070.0957,7210.3125
2009-04-23 23:00:00,5787.3984,6595.328,8510.773,6070.0957,7210.3125
2009-04-24 00:00:00,5787.3984,6595.328,8510.773,6070.0957,7210.3125
2009-04-24 01:00:00,5787.3984,6595.328,8510.773,6070.0957,7210.3125
2009-04-24 02:00:00,5787.3984,6595.328,8510.773,6070.0957,7210.3125
2009-04-24 03:00:00,5787.3984,6595.328,8510.773,6070.0957,7210.3125
2009-04-24 04:00:00,5787.3984,6595.328,8510.773,6070.0957,7210.3125
2009-04-24 05:00:00,5787.2236,6595.3706,8511.456,6070.1064,7210.3853
2009-04-24 06:00:00,5787.3984,6595.328,8510.773,6070.0957,7210.3125
2009-04-24 07:00:00,5787.3984,6595.328,8510.773,6070.0957,7210.3125
2009-04-24 08:00:00,5787.3984,6595.328,8510.773,6070.0957,7210.3125
2009-04-24 09:00:00,5787.3984,6595.328,8510.773,6070.0957,7210.3125
2009-04-24 10:00:00,5787.3984,6595.328,8510.773,6070.0957,7210.3125
2009-04-24 11:00:00,5787.3984,6595.328,8510.773,6070.0957,7210.3125
2009-04-24 12:00:00,5787.3984,6595.328,8510.773,6070.0957,7210.3125
2009-04-24 13:00:00,5787.3984,6595.328,8510.773,6070.0957,7210.3125
2009-04-24 14:00:00,5787.3984,6595.328,8510.773,6070.0957,7210.3125
2009-04-24 15:00:00,5787.3984,6595.328,8510.773,6070.0957,7210.3125
2009-04-24 16:00:00,5787.3984,6595.328,8510.773,6070.0957,7210.3125
2009-04-24 17:00:00,5787.3984,6595.328,8510.773,6070.0957,7210.3125
2009-04-24 18:00:00,5787.3984,6595.328,8510.773,6070.0957,7210.3125
2009-04-24 19:00:00,5787.3984,6595.328,8510.773,6070.0957,7210.3125
2009-04-24 20:00:00,5787.3984,6595.328,8510.773,6070.0957,7210.3125
2009-04-24 21:00:00,5787.3984,6595.328,8510.773,6070.0957,7210.3125
2009-04-24 22:00:00,5787.3984,6595.328,8510.773,6070.0957,7210.3125
2009-04-24 23:00:00,5787.3984,6595.328,8510.773,6070.0957,7210.3125
2009-04-25 00:00:00,5787.3984,6595.328,8510.773,6070.0957,7210.3125
2009-04-25 01:00:00,5787.3984,6595.328,8510.773,6070.0957,7210.3125
2009-04-25 02:00:00,5787.3984,6595.328,8510.773,6070.0957,7210.3125
2009-04-25 03:00:00,5787.3984,6595.328,8510.773,6070.0957,7210.3125
2009-04-25 04:00:00,5787.3984,6595.328,8510.773,6070.0957,7210.3125
2009-04-25 05:00:00,5787.3984,6595.328,8510.773,6070.0957,7210.3125
2009-04-25 06:00:00,5787.3984,6595.328,8510.773,6070.0957,7210.3125
2009-04-25 07:00:00,5787.2236,6595.3706,8511.456,6070.1064,7210.3853
2009-04-25 08:00:00,5787.2236,6595.3706,8511.456,6070.1064,7210.3853
2009-04-25 09:00:00,5787.2236,6595.3706,8511.456,6070.1064,7210.3853
2009-04-25 10:00:00,5787.2236,6595.3706,8511.456,6070.1064,7210.3853
2009-04-25 11:00:00,5787.2236,6595.3706,8511.456,6070.1064,7210.3853
2009-04-25 12:00:00,5787.2236,6595.3706,8511.456,6070.1064,7210.3853
2009-04-25 13:00:00,5787.2236,6595.3706,8511.456,6070.1064,7210.3853
2009-04-25 14:00:00,5787.2236,6595.3706,8511.456,6070.1064,7210.3853
2009-04-25 15:00:00,5787.2236,6595.3706,8511.456,6070.1064,7210.3853
2009-04-25 16:00:00,5787.2236,6595.3706,8511.456,6070.1064,7210.3853
2009-04-25 17:00:00,5787.2236,6595.3706,8511.456,6070.1064,7210.3853
2009-04-25 18:00:00,5787.2236,6595.3706,8511.456,6070.1064,7210.3853
2009-04-25 19:00:00,5787.2236,6595.3706,8511.456,6070.1064,7210.3853
2009-04-25 20:00:00,5787.2236,6595.3706,8511.456,6070.1064,7210.3853
2009-04-25 21:00:00,5787.2236,6595.3706,8511.456,6070.1064,7210.3853
2009-04-25 22:00:00,5787.2236,6595.3706,8511.456,6070.1064,7210.3853
2009-04-25 23:00:00,5787.2236,6595.3706,8511.456,6070.1064,7210.3853
2009-04-26 00:00:00,5787.2236,6597.082,8511.456,6070.1064,7210.4883
2009-04-26 01:00:00,5787.2236,6597.082,8511.456,6070.1064,7210.4883
2009-04-26 02:00:00,5787.2236,6597.082,8511.456,6070.1064,7210.4883
2009-04-26 03:00:00,5787.2236,6597.082,8511.456,6070.1064,7210.4883
2009-04-26 04:00:00,5787.2236,6597.082,8511.456,6070.1064,7210.4883
2009-04-26 05:00:00,5787.2236,6597.082,8511.456,6070.1064,7210.4883
2009-04-26 06:00:00,5787.2236,6595.3706,8511.456,6070.1064,7210.3853
2009-04-26 07:00:00,5787.2236,6595.3706,8511.456,6070.1064,7210.3853
2009-04-26 08:00:00,5787.2236,6595.3706,8511.456,6070.1064,7210.3853
2009-04-26 09:00:00,5787.2236,6595.3706,8511.456,6070.1064,7210.3853
2009-04-26 10:00:00,5787.2236,6595.3706,8511.456,6070.1064,7210.3853
2009-04-26 11:00:00,5787.2236,6595.3706,8511.456,6070.1064,7210.3853
2009-04-26 12:00:00,5787.2236,6595.3706,8511.456,6070.1064,7210.3853
2009-04-26 13:00:00,5787.2236,6595.3706,8511.456,6070.1064,7210.3853
2009-04-26 14:00:00,5787.2236,6595.3706,8511.456,6070.1064,7210.3853
2009-04-26 15:00:00,5787.2236,6595.3706,8511.456,6070.1064,7210.3853
2009-04-26 16:00:00,5787.2236,6595.3706,8511.456,6070.1064,7210.3853
2009-04-26 17:00:00,5787.2236,6595.3706,8511.456,6070.1064,7210.3853
2009-04-26 18:00:00,5787.2236,6595.3706,8511.456,6070.1064,7210.3853
2009-04-26 19:00:00,5787.2236,6597.074,8511.456,6070.1064,7210.3853
2009-04-26 20:00:00,5787.2236,6597.074,8511.456,6070.1064,7210.397
2009-04-26 21:00:00,5787.2236,6597.082,8511.456,6070.1064,7210.4883
2009-04-26 22:00:00,5787.2236,6597.082,8511.456,6070.1064,7210.4883
2009-04-26 23:00:00,5787.2236,6597.082,8511.456,6070.1064,7210.4883
2009-04-27 00:00:00,5787.2236,6597.082,8511.456,6070.1064,7210.4883
2009-04-27 01:00:00,5787.2236,6597.082,8511.456,6070.1064,7210.4883
2009-04-27 02:00:00,5787.2236,6597.082,8511.456,6070.1064,7210.4883
2009-04-27 03:00:00,5787.2236,6597.082,8511.456,6070.1064,7210.4883
2009-04-27 04:00:00,5787.2236,6597.082,8511.456,6070.1064,7210.4883
2009-04-27 05:00:00,5787.2236,6597.082,8511.456,6070.1064,7210.4883
2009-04-27 06:00:00,5787.2236,6597.082,8511.456,6070.1064,7210.4883
2009-04-27 07:00:00,5787.2236,6597.082,8511.456,6070.1064,7210.4883
2009-04-27 08:00:00,5787.2236,6597.082,8511.456,6070.1064,7210.4883
2009-04-27 09:00:00,5787.2236,6597.082,8511.456,6070.1064,7210.4883
2009-04-27 10:00:00,5787.2236,6597.082,8511.456,6070.1064,7210.4883
2009-04-27 11:00:00,5787.2236,6597.082,8511.456,6070.1064,7210.4883
2009-04-27 12:00:00,5787.2236,6597.082,8511.456,6070.1064,7210.4883
2009-04-27 13:00:00,5787.2236,6597.082,8511.456,6070.1064,7210.4883
2009-04-27 14:00:00,5787.2236,6597.082,8511.456,6070.1064,7210.4883
2009-04-27 15:00:00,5787.49,6597.9014,8511.609,6070.829,7210.4883
2009-04-27 16:00:00,5787.857,6600.7407,8512.995,6071.1196,7211.109
2009-04-27 17:00:00,5787.857,6601.2295,8515.118,6071.1196,7211.4453
2009-04-27 18:00:00,5787.857,6601.556,8515.155,6071.329,7211.7637
2009-04-27 19:00:00,5787.857,6601.8657,8515.199,6071.78,7212.054
2009-04-27 20:00:00,5787.952,6602.5273,8515.341,6071.891,7212.181
2009-04-27 21:00:00,5788.13,6603.338,8515.341,6072.9614,7212.5063
2009-04-27 22:00:00,5788.441,6604.5864,8515.341,6073.697,7212.7163
2009-04-27 23:00:00,5788.6294,6605.6377,8515.341,6074.1245,7212.7163
2009-04-28 00:00:00,5788.9023,6605.6836,8515.341,6074.269,7212.7163
2009-04-28 01:00:00,5788.9023,6605.8423,8515.341,6074.269,7213.002
2009-04-28 02:00:00,5789.1406,6606.435,8515.341,6074.405,7213.567
2009-04-28 03:00:00,5789.377,6606.8228,8515.341,6074.7466,7213.782
2009-04-28 04:00:00,5789.534,6606.8516,8515.403,6074.8213,7213.837
2009-04-28 05:00:00,5789.534,6606.8516,8515.403,6074.8213,7213.9595
2009-04-28 06:00:00,5789.534,6606.8516,8515.403,6074.8213,7214.029
2009-04-28 07:00:00,5789.534,6606.8516,8515.403,6074.8213,7214.029
2009-04-28 08:00:00,5789.534,6606.8516,8515.403,6074.8213,7214.029
2009-04-28 09:00:00,5789.534,6606.8516,8515.403,6074.8213,7214.029
2009-04-28 10:00:00,5789.534,6606.8516,8515.403,6074.8213,7214.029
2009-04-28 11:00:00,5789.534,6606.8516,8515.403,6074.8213,7214.029
2009-04-28 12:00:00,5789.534,6606.8516,8515.403,6074.8213,7214.029
2009-04-28 13:00:00,5789.534,6606.8516,8515.403,6074.8213,7214.029
2009-04-28 14:00:00,5789.534,6606.8516,8515.403,6074.8213,7214.029
2009-04-28 15:00:00,5789.534,6606.8516,8515.403,6074.8213,7214.029
2009-04-28 16:00:00,5789.534,6606.8516,8515.403,6074.8213,7214.029
2009-04-28 17:00:00,5789.534,6606.8516,8515.403,6074.8213,7214.029
2009-04-28 18:00:00,5789.534,6606.8516,8515.403,6074.8213,7214.029
2009-04-28 19:00:00,5789.534,6606.8516,8515.403,6074.8213,7214.029
2009-04-28 20:00:00,5789.534,6606.8516,8515.403,6074.8213,7214.029
2009-04-28 21:00:00,5789.534,6606.8516,8515.403,6074.8213,7214.029
2009-04-28 22:00:00,5789.534,6606.8516,8515.403,6074.8213,7214.029
2009-04-28 23:00:00,5789.534,6606.8516,8515.403,6074.8213,7214.029
2009-04-29 00:00:00,5789.534,6606.8516,8515.403,6074.8213,7214.029
2009-04-29 01:00:00,5789.534,6606.8516,8515.403,6074.8213,7214.029
2009-04-29 02:00:00,5789.534,6606.8516,8515.403,6074.8213,7214.029
2009-04-29 03:00:00,5789.534,6606.8516,8515.403,6074.8213,7214.029
2009-04-29 04:00:00,5789.534,6606.8516,8515.403,6074.8213,7214.029
2009-04-29 05:00:00,5789.534,6606.8516,8515.403,6074.8213,7214.029
2009-04-29 06:00:00,5789.534,6606.8516,8515.403,6074.8213,7214.029
2009-04-29 07:00:00,5789.534,6606.8516,8515.403,6074.8213,7214.029
2009-04-29 08:00:00,5789.534,6606.8516,8515.403,6074.8213,7214.029
2009-04-29 09:00:00,5789.534,6606.8516,8515.403,6074.8213,7214.029
2009-04-29 10:00:00,5789.534,6606.8516,8515.403,6074.8213,7214.029
2009-04-29 11:00:00,5789.534,6606.8516,8515.403,6074.8213,7214.029
2009-04-29 12:00:00,5789.534,6606.8516,8515.403,6074.8213,7214.029
2009-04-29 13:00:00,5789.534,6606.8516,8515.403,6074.8213,7214.029
2009-04-29 14:00:00,5789.534,6606.8516,8515.403,6074.8213,7214.029
2009-04-29 15:00:00,5789.534,6606.8516,8515.403,6074.8213,7214.029
2009-04-29 16:00:00,5789.534,6606.8516,8515.403,6074.8213,7214.029
2009-04-29 17:00:00,5789.534,6606.8516,8515.403,6074.8213,7214.029
2009-04-29 18:00:00,5789.534,6606.8516,8515.403,6074.8213,7214.029
2009-04-29 19:00:00,5789.534,6606.8516,8515.403,6074.8213,7214.029
2009-04-29 20:00:00,5789.534,6606.8516,8515.696,6074.8213,7214.029
2009-04-29 21:00:00,5789.534,6606.8516,8515.696,6074.8213,7214.029
2009-04-29 22:00:00,5789.534,6606.8516,8515.696,6074.8213,7214.029
2009-04-29 23:00:00,5789.534,6606.8516,8515.696,6074.8213,7214.029
2009-04-30 00:00:00,5789.534,6606.8516,8515.696,6074.8213,7214.029
2009-04-30 01:00:00,5789.534,6606.8516,8515.696,6074.8213,7214.029
2009-04-30 02:00:00,5789.534,6606.8516,8515.696,6074.8213,7214.029
2009-04-30 03:00:00,5789.534,6606.8516,8515.696,6074.8213,7214.029
2009-04-30 04:00:00,5789.534,6606.8516,8515.696,6074.8213,7214.029
2009-04-30 05:00:00,5789.534,6606.8516,8515.696,6074.8213,7214.029
2009-04-30 06:00:00,5789.534,6606.8516,8515.696,6074.8213,7214.029
2009-04-30 07:00:00,5789.534,6606.8516,8515.696,6074.8213,7214.029
2009-04-30 08:00:00,5789.534,6606.8516,8515.696,6074.8213,7214.029
2009-04-30 09:00:00,5789.534,6606.8516,8515.696,6074.8213,7214.029
2009-04-30 10:00:00,5789.534,6606.8516,8515.696,6074.8213,7214.029
2009-04-30 11:00:00,5789.534,6606.8516,8515.696,6074.8213,7214.029
2009-04-30 12:00:00,5789.534,6606.8516,8515.696,6074.8213,7214.029
2009-04-30 13:00:00,5789.534,6606.8516,8515.696,6074.8213,7214.029
2009-04-30 14:00:00,5789.534,6606.8516,8515.696,6074.8213,7214.029
2009-04-30 15:00:00,5789.534,6606.8516,8515.696,6074.8213,7214.029
2009-04-30 16:00:00,5789.534,6606.8516,8515.696,6074.8213,7214.029
2009-04-30 17:00:00,5789.534,6606.8516,8515.696,6074.8213,7214.029
2009-04-30 18:00:00,5789.534,6606.8516,8515.696,6074.8213,7214.029
2009-04-30 19:00:00,5789.534,6606.8516,8515.696,6074.8213,7214.029
2009-04-30 20:00:00,5789.534,6606.8516,8515.696,6074.8213,7214.029
2009-04-30 21:00:00,5789.534,6606.8516,8515.696,6074.8213,7214.029
2009-04-30 22:00:00,5789.534,6606.8516,8515.696,6074.8213,7214.029
2009-04-30 23:00:00,5789.534,6606.8516,8515.696,6074.8213,7214.029
2009-05-01 00:00:00,5789.534,6606.8516,8515.696,6074.8213,7214.029
2009-05-01 01:00:00,5789.534,6606.8516,8515.696,6074.8213,7214.029
2009-05-01 02:00:00,5789.534,6606.8516,8515.696,6074.8213,7214.029
2009-05-01 03:00:00,5789.534,6606.8516,8515.696,6074.8213,7214.029
2009-05-01 04:00:00,5789.534,6606.8516,8515.696,6074.8213,7214.029
2009-05-01 05:00:00,5789.534,6606.8516,8515.696,6074.8213,7214.029
2009-05-01 06:00:00,5789.534,6606.8516,8515.696,6074.8213,7214.029
2009-05-01 07:00:00,5789.534,6606.8516,8515.696,6074.8213,7214.029
2009-05-01 08:00:00,5789.534,6606.8516,8515.696,6074.8213,7214.029
2009-05-01 09:00:00,5789.534,6606.8516,8515.696,6074.8213,7214.029
2009-05-01 10:00:00,5789.534,6606.8516,8515.696,6074.8213,7214.029
2009-05-01 11:00:00,5789.534,6606.8516,8515.696,6074.8213,7214.029
2009-05-01 12:00:00,5789.534,6606.8516,8515.696,6074.8213,7214.029
2009-05-01 13:00:00,5789.534,6606.8516,8515.696,6074.8213,7214.029
2009-05-01 14:00:00,5789.534,6606.8516,8515.696,6074.8213,7214.029
2009-05-01 15:00:00,5789.534,6606.8516,8515.696,6074.8213,7214.029
2009-05-01 16:00:00,5789.534,6606.8516,8515.696,6074.8213,7214.029
2009-05-01 17:00:00,5789.534,6606.8516,8515.696,6074.8213,7214.029
2009-05-01 18:00:00,5789.534,6606.8516,8515.696,6074.8213,7214.029
2009-05-01 19:00:00,5789.534,6606.8516,8515.696,6074.8213,7214.029
2009-05-01 20:00:00,5789.534,6606.8516,8515.696,6074.8213,7214.029
2009-05-01 21:00:00,5789.534,6606.8516,8515.696,6074.8213,7214.029
2009-05-01 22:00:00,5789.534,6606.8516,8515.696,6074.8213,7214.029
2009-05-01 23:00:00,5789.534,6606.8516,8515.696,6074.8213,7214.029
2009-05-02 00:00:00,5789.534,6606.8516,8515.696,6074.8213,7214.029
2009-05-02 01:00:00,5789.534,6606.8516,8515.696,6074.8213,7214.029
2009-05-02 02:00:00,5789.534,6607.011,8515.858,6074.8213,7215.5874
2009-05-02 03:00:00,5789.54,6607.4463,8516.541,6075.666,7215.7007
2009-05-02 04:00:00,5790.21,6607.627,8516.79,6076.3276,7216.276
2009-05-02 05:00:00,5790.8765,6607.8506,8517.341,6076.4233,7217.962
2009-05-02 06:00:00,5791.071,6607.908,8517.673,6076.5835,7218.7876
2009-05-02 07:00:00,5791.1357,6608.206,8518.466,6076.616,7218.7876
2009-05-02 08:00:00,5791.1987,6608.206,8518.466,6076.6235,7218.8545
2009-05-02 09:00:00,5791.1987,6608.4087,8520.397,6076.6235,7219.1694
2009-05-02 10:00:00,5791.402,6609.7993,8522.004,6077.29,7219.5986
2009-05-02 11:00:00,5792.0522,6609.7993,8522.004,6077.562,7219.807
2009-05-02 12:00:00,5792.0522,6609.8467,8522.004,6077.562,7219.807
2009-05-02 13:00:00,5792.0522,6609.8467,8522.004,6077.562,7219.807
2009-05-02 14:00:00,5792.0522,6609.8467,8522.004,6077.562,7219.807
2009-05-02 15:00:00,5792.0522,6609.8467,8522.004,6077.562,7219.807
2009-05-02 16:00:00,5792.0522,6609.8467,8522.091,6077.562,7219.807
2009-05-02 17:00:00,5792.0522,6609.8467,8522.091,6077.562,7219.8086
2009-05-02 18:00:00,5792.0522,6609.874,8522.17,6077.562,7219.9043
2009-05-02 19:00:00,5792.2427,6609.903,8522.17,6077.5825,7219.9043
2009-05-02 20:00:00,5792.3564,6609.903,8522.17,6077.6187,7219.9043
2009-05-02 21:00:00,5792.3564,6609.903,8522.272,6077.7095,7220.0283
2009-05-02 22:00:00,5792.3564,6609.9067,8522.535,6077.7095,7220.0283
2009-05-02 23:00:00,5792.3564,6610.0884,8522.556,6077.8813,7220.0967
2009-05-03 00:00:00,5794.6997,6619.2725,8528.841,6082.373,7225.399
2009-05-03 01:00:00,5794.841,6619.569,8529.313,6082.373,7225.399
2009-05-03 02:00:00,5795.063,6619.6807,8529.313,6082.373,7225.399
2009-05-03 03:00:00,5795.2666,6619.6807,8529.313,6082.373,7225.5107
2009-05-03 04:00:00,5795.2666,6619.912,8529.313,6082.373,7225.5107
2009-05-03 05:00:00,5795.2666,6620.519,8529.313,6082.5493,7225.522
2009-05-03 06:00:00,5792.3564,6610.0884,8522.867,6077.8813,7220.2417
2009-05-03 07:00:00,5792.3564,6610.9277,8523.055,6077.9473,7220.256
2009-05-03 08:00:00,5792.3564,6610.9385,8524.911,6078.1875,7220.372
2009-05-03 09:00:00,5792.3564,6610.9385,8525.14,6078.1875,7220.372
2009-05-03 10:00:00,5792.3564,6611.639,8525.14,6078.2544,7220.372
2009-05-03 11:00:00,5792.3564,6611.7905,8525.455,6078.2544,7220.372
2009-05-03 12:00:00,5792.3564,6611.7905,8525.455,6078.2544,7220.372
2009-05-03 13:00:00,5792.3564,6611.8022,8525.455,6078.2544,7220.372
2009-05-03 14:00:00,5792.3564,6612.4517,8525.455,6078.2793,7221.4644
2009-05-03 15:00:00,5792.3564,6612.4526,8525.484,6078.311,7221.8564
2009-05-03 16:00:00,5792.3564,6612.4526,8525.636,6078.311,7221.8564
2009-05-03 17:00:00,5792.3564,6612.5615,8525.636,6078.311,7221.8833
2009-05-03 18:00:00,5792.3564,6612.991,8525.928,6078.3374,7222.566
2009-05-03 19:00:00,5792.3564,6614.2246,8526.351,6078.473,7222.9023
2009-05-03 20:00:00,5792.5063,6617.413,8527.484,6078.566,7223.348
2009-05-03 21:00:00,5793.239,6617.948,8527.608,6081.3794,7223.6123
2009-05-03 22:00:00,5794.25,6618.151,8527.7,6081.777,7224.4595
2009-05-03 23:00:00,5794.361,6619.2725,8528.841,6082.195,7224.6494
2009-05-04 00:00:00,5795.616,6621.1016,8529.313,6083.044,7225.571
2009-05-04 01:00:00,5795.616,6622.611,8529.313,6083.327,7225.571
2009-05-04 02:00:00,5795.616,6622.7188,8529.313,6083.327,7225.571
2009-05-04 03:00:00,5795.7534,6622.7188,8529.313,6083.327,7225.633
2009-05-04 04:00:00,5795.7534,6622.742,8529.313,6083.327,7225.636
2009-05-04 05:00:00,5795.7534,6622.8276,8529.313,6083.83,7225.636
2009-05-04 06:00:00,5795.7534,6622.8457,8529.313,6084.1763,7225.636
2009-05-04 07:00:00,5795.7534,6622.8457,8529.313,6084.1763,7225.636
2009-05-04 08:00:00,5795.7534,6622.8457,8529.313,6084.1763,7225.636
2009-05-04 09:00:00,5796.0684,6622.8457,8529.313,6084.1763,7225.636
2009-05-04 10:00:00,5796.0684,6622.8457,8529.313,6084.1763,7225.636
2009-05-04 11:00:00,5796.0684,6622.8457,8529.313,6084.1763,7225.636
2009-05-04 12:00:00,5796.0684,6622.8457,8529.313,6084.1763,7225.636
2009-05-04 13:00:00,5796.0684,6622.8457,8529.313,6084.1763,7225.636
2009-05-04 14:00:00,5796.0684,6622.8457,8529.313,6084.1763,7225.636
2009-05-04 15:00:00,5796.0684,6622.8457,8529.313,6084.19,7225.636
2009-05-04 16:00:00,5796.0684,6622.9067,8529.313,6084.19,7225.636
2009-05-04 17:00:00,5796.0684,6623.6323,8529.313,6084.3604,7225.636
2009-05-04 18:00:00,5796.224,6625.4907,8529.313,6085.5146,7225.6636
2009-05-04 19:00:00,5796.5923,6627.99,8529.313,6087.0005,7226.0806
2009-05-04 20:00:00,5797.448,6630.113,8529.313,6088.6934,7226.492
2009-05-04 21:00:00,5798.315,6631.3477,8529.667,6090.4644,7226.9497
2009-05-04 22:00:00,5800.225,6632.761,8530.414,6092.0933,7227.167
2009-05-04 23:00:00,5803.5845,6633.7666,8532.535,6092.608,7227.6035
2009-05-05 00:00:00,5805.515,6634.0806,8536.001,6092.837,7228.7554
2009-05-05 01:00:00,5806.3696,6635.094,8536.487,6093.204,7229.219
2009-05-05 02:00:00,5807.2847,6635.2246,8537.434,6093.5083,7230.137
2009-05-05 03:00:00,5808.0703,6635.3726,8537.443,6093.854,7230.5303
2009-05-05 04:00:00,5808.0703,6635.673,8537.737,6095.322,7230.8867
2009-05-05 05:00:00,5808.0703,6635.9497,8538.282,6095.935,7232.2754
2009-05-05 06:00:00,5808.111,6636.727,8540.235,6096.104,7232.6216
2009-05-05 07:00:00,5808.177,6636.976,8541.084,6096.2227,7233.127
2009-05-05 08:00:00,5808.321,6637.087,8541.205,6096.331,7233.127
2009-05-05 09:00:00,5808.321,6637.2676,8541.468,6096.3457,7233.6084
2009-05-05 10:00:00,5808.4443,6638.2954,8541.93,6096.886,7233.7905
2009-05-05 11:00:00,5808.7183,6638.517,8542.626,6096.9053,7234.072
2009-05-05 12:00:00,5808.7183,6638.7227,8544.454,6096.95,7234.267
2009-05-05 13:00:00,5808.869,6639.4414,8545.067,6097.35,7234.5576
2009-05-05 14:00:00,5809.8325,6640.8877,8545.88,6097.901,7234.902
2009-05-05 15:00:00,5810.5864,6641.2017,8547.596,6098.3677,7235.465
2009-05-05 16:00:00,5811.397,6642.1367,8549.154,6099.031,7236.5103
2009-05-05 17:00:00,5812.4844,6643.145,8552.024,6100.4155,7239.078
2009-05-05 18:00:00,5812.9863,6643.6353,8552.723,6101.2803,7240.5366
2009-05-05 19:00:00,5813.7656,6644.544,8555.556,6102.0347,7241.313
2009-05-05 20:00:00,5814.094,6645.989,8557.616,6102.3027,7241.862
2009-05-05 21:00:00,5814.305,6647.727,8558.165,6103.4478,7242.8604
2009-05-05 22:00:00,5815.801,6647.9395,8558.864,6105.132,7243.563
2009-05-05 23:00:00,5816.8145,6650.3574,8558.904,6105.618,7243.608
2009-05-06 00:00:00,5816.8145,6653.574,8558.904,6107.3687,7243.7407
2009-05-06 01:00:00,5817.0044,6656.9814,8558.992,6110.997,7245.41
2009-05-06 02:00:00,5817.0933,6659.5347,8559.451,6113.387,7246.987
2009-05-06 03:00:00,5817.418,6660.996,8559.855,6113.5273,7249.136
2009-05-06 04:00:00,5819.186,6662.573,8560.788,6114.0933,7249.136
2009-05-06 05:00:00,5819.2964,6664.337,8563.1455,6115.3354,7249.8496
2009-05-06 06:00:00,5819.8496,6665.1587,8564.529,6117.505,7251.403
2009-05-06 07:00:00,5820.3896,6665.1587,8564.529,6117.8833,7252.22
2009-05-06 08:00:00,5820.3896,6665.292,8564.826,6117.8833,7255.2217
2009-05-06 09:00:00,5820.3975,6665.5166,8565.027,6117.8833,7257.0103
2009-05-06 10:00:00,5820.5615,6665.5596,8565.387,6117.8833,7257.3145
2009-05-06 11:00:00,5820.5615,6666.427,8566.163,6117.9023,7257.379
2009-05-06 12:00:00,5820.6143,6666.467,8567.1,6117.911,7257.379
2009-05-06 13:00:00,5820.6143,6666.479,8567.724,6118.067,7257.379
2009-05-06 14:00:00,5820.6914,6666.8125,8568.464,6118.346,7257.379
2009-05-06 15:00:00,5820.7344,6666.8125,8568.602,6118.386,7257.379
2009-05-06 16:00:00,5820.793,6666.8125,8568.891,6118.386,7257.493
2009-05-06 17:00:00,5820.793,6666.8125,8569.108,6118.386,7257.576
2009-05-06 18:00:00,5820.793,6666.8125,8569.108,6118.386,7257.6064
2009-05-06 19:00:00,5820.793,6666.8125,8569.108,6118.386,7257.6333
2009-05-06 20:00:00,5820.793,6666.8125,8569.259,6118.386,7258.2183
2009-05-06 21:00:00,5820.793,6666.8125,8569.509,6118.386,7258.286
2009-05-06 22:00:00,5820.793,6666.8125,8569.509,6118.5034,7258.286
2009-05-06 23:00:00,5820.804,6666.8125,8569.509,6118.5034,7258.286
2009-05-07 00:00:00,5820.804,6666.8125,8569.509,6118.5034,7258.286
2009-05-07 01:00:00,5820.804,6666.8125,8569.509,6118.5034,7258.286
2009-05-07 02:00:00,5820.804,6666.94,8569.509,6118.7725,7258.286
2009-05-07 03:00:00,5821.126,6668.2583,8569.982,6120.765,7259.128
2009-05-07 04:00:00,5823.287,6670.477,8573.319,6123.303,7260.0635
2009-05-07 05:00:00,5825.033,6672.12,8575.05,6125.0513,7260.4136
2009-05-07 06:00:00,5825.9863,6673.9272,8575.779,6126.538,7260.5176
2009-05-07 07:00:00,5827.25,6675.4736,8576.162,6127.965,7261.4346
2009-05-07 08:00:00,5828.296,6676.667,8577.196,6129.11,7261.461
2009-05-07 09:00:00,5829.845,6677.03,8578.417,6129.9067,7261.725
2009-05-07 10:00:00,5829.8896,6677.1553,8578.447,6130.3037,7261.725
2009-05-07 11:00:00,5830.5845,6677.7744,8578.655,6130.733,7262.003
2009-05-07 12:00:00,5831.2993,6678.878,8581.604,6131.7065,7262.1265
2009-05-07 13:00:00,5831.389,6679.0347,8581.935,6132.159,7262.243
2009-05-07 14:00:00,5831.463,6679.0347,8582.03,6132.228,7262.38
2009-05-07 15:00:00,5831.482,6679.0347,8582.077,6132.228,7262.455
2009-05-07 16:00:00,5831.482,6679.0347,8582.077,6132.256,7262.455
2009-05-07 17:00:00,5831.5894,6679.4834,8582.077,6132.4097,7262.455
2009-05-07 18:00:00,5832.49,6679.935,8582.077,6132.5254,7262.455
2009-05-07 19:00:00,5832.7715,6679.935,8582.077,6132.671,7262.455
2009-05-07 20:00:00,5832.7715,6679.935,8582.077,6132.671,7262.455
2009-05-07 21:00:00,5832.7715,6679.935,8582.077,6132.671,7262.455
2009-05-07 22:00:00,5832.7715,6679.935,8582.077,6132.671,7262.455
2009-05-07 23:00:00,5832.7715,6679.935,8582.077,6132.671,7262.455
2009-05-08 00:00:00,5832.7715,6679.935,8582.077,6132.671,7262.455
2009-05-08 01:00:00,5832.7715,6679.935,8582.077,6132.671,7262.455
2009-05-08 02:00:00,5832.7715,6679.935,8582.077,6132.671,7262.455
2009-05-08 03:00:00,5832.7715,6679.935,8582.077,6132.671,7262.455
2009-05-08 04:00:00,5832.7715,6679.935,8582.077,6132.671,7262.455
2009-05-08 05:00:00,5832.7715,6679.935,8582.077,6132.671,7262.455
2009-05-08 06:00:00,5832.7715,6679.935,8582.077,6132.671,7262.455
2009-05-08 07:00:00,5832.7715,6679.935,8582.077,6132.671,7262.455
2009-05-08 08:00:00,5832.782,6679.935,8582.077,6132.922,7262.474
2009-05-08 09:00:00,5832.864,6679.935,8582.09,6132.922,7262.579
2009-05-08 10:00:00,5834.493,6680.0054,8583.099,6132.9873,7262.5903
2009-05-08 11:00:00,5834.493,6680.0054,8583.121,6133.0034,7262.5903
2009-05-08 12:00:00,5834.516,6680.0054,8583.121,6133.0034,7262.5903
2009-05-08 13:00:00,5834.516,6680.0054,8583.121,6133.0034,7262.5903
2009-05-08 14:00:00,5834.516,6680.0054,8583.126,6133.0034,7262.921
2009-05-08 15:00:00,5834.516,6680.0054,8583.734,6133.0034,7263.2476
2009-05-08 16:00:00,5834.516,6680.0054,8584.358,6133.0034,7263.349
2009-05-08 17:00:00,5834.516,6680.495,8585.392,6133.0923,7263.6724
2009-05-08 18:00:00,5834.8247,6680.5103,8585.392,6133.4736,7263.6724
2009-05-08 19:00:00,5834.8247,6680.5103,8585.392,6133.4736,7263.6724
2009-05-08 20:00:00,5834.8247,6680.5103,8585.399,6133.4736,7263.9575
2009-05-08 21:00:00,5834.9717,6681.189,8586.512,6133.9663,7264.4966
2009-05-08 22:00:00,5835.6953,6681.8345,8586.816,6134.316,7264.5923
2009-05-08 23:00:00,5835.985,6681.9565,8587.861,6134.6147,7264.911
2009-05-09 00:00:00,5836.2,6682.336,8588.019,6134.951,7264.917
2009-05-09 01:00:00,5836.2,6682.779,8589.236,6135.3296,7265.925
2009-05-09 02:00:00,5836.2905,6682.8877,8591.419,6136.109,7266.036
2009-05-09 03:00:00,5836.499,6683.106,8593.104,6136.4204,7266.5205
2009-05-09 04:00:00,5838.288,6683.2656,8595.007,6136.4727,7266.634
2009-05-09 05:00:00,5838.8774,6683.7026,8596.312,6136.672,7266.871
2009-05-09 06:00:00,5839.934,6683.764,8596.684,6136.7085,7266.9497
2009-05-09 07:00:00,5840.0728,6683.764,8596.747,6136.7227,7266.9497
2009-05-09 08:00:00,5840.0728,6683.89,8597.274,6136.7227,7266.9497
2009-05-09 09:00:00,5840.0728,6683.89,8597.868,6136.7227,7266.9497
2009-05-09 10:00:00,5840.0728,6683.89,8598.245,6136.7227,7267.0293
2009-05-09 11:00:00,5840.091,6683.89,8598.6875,6136.7227,7267.0586
2009-05-09 12:00:00,5840.1885,6684.3794,8599.613,6136.892,7267.219
2009-05-09 13:00:00,5840.1885,6684.654,8599.643,6136.912,7267.219
2009-05-09 14:00:00,5840.1885,6685.0356,8599.654,6137.1445,7267.356
2009-05-09 15:00:00,5838.564,6689.6206,8600.401,6141.0967,7279.4004
2009-05-09 16:00:00,5838.6245,6689.851,8600.971,6141.3906,7279.451
2009-05-09 17:00:00,5838.767,6690.5894,8601.832,6141.999,7279.7056
2009-05-09 18:00:00,5839.0845,6690.6406,8601.832,6142.3154,7279.836
2009-05-09 19:00:00,5839.0845,6690.882,8601.832,6142.847,7279.836
2009-05-09 20:00:00,5839.252,6690.882,8601.94,6143.4883,7279.836
2009-05-09 21:00:00,5839.3755,6690.972,8602.18,6143.891,7279.911
2009-05-09 22:00:00,5839.966,6690.972,8602.69,6143.9263,7279.911
2009-05-09 23:00:00,5839.981,6690.972,8603.009,6143.9263,7279.911
2009-05-10 00:00:00,5841.521,6697.132,8607.297,6148.8286,7283.8105
2009-05-10 01:00:00,5841.521,6697.132,8607.699,6148.8286,7283.8105
2009-05-10 02:00:00,5841.521,6697.132,8607.788,6148.8286,7283.8726
2009-05-10 03:00:00,5841.521,6697.132,8607.788,6148.8286,7284.0073
2009-05-10 04:00:00,5841.521,6697.132,8607.788,6148.8286,7284.0073
2009-05-10 05:00:00,5841.521,6697.132,8607.788,6148.8286,7284.0073
2009-05-10 06:00:00,5839.981,6690.972,8603.066,6143.9263,7279.9204
2009-05-10 07:00:00,5839.981,6690.972,8603.655,6143.9263,7280.481
2009-05-10 08:00:00,5840.6924,6693.3726,8603.719,6145.8613,7280.5464
2009-05-10 09:00:00,5841.222,6693.7554,8605.207,6147.659,7280.894
2009-05-10 10:00:00,5841.4814,6694.96,8605.328,6148.755,7280.894
2009-05-10 11:00:00,5841.521,6694.96,8605.393,6148.755,7280.9814
2009-05-10 12:00:00,5841.521,6694.96,8605.393,6148.755,7281.3193
2009-05-10 13:00:00,5841.521,6695.0054,8605.7705,6148.755,7282.5034
2009-05-10 14:00:00,5841.521,6695.1465,8605.7705,6148.8057,7282.5815
2009-05-10 15:00:00,5841.521,6695.1465,8606.285,6148.8057,7282.5815
2009-05-10 16:00:00,5841.521,6695.1836,8606.679,6148.8057,7282.874
2009-05-10 17:00:00,5841.521,6695.2637,8606.679,6148.8286,7282.9355
2009-05-10 18:00:00,5841.521,6695.553,8607.008,6148.8286,7283.0645
2009-05-10 19:00:00,5841.521,6696.9873,8607.22,6148.8286,7283.466
2009-05-10 20:00:00,5841.521,6697.1035,8607.297,6148.8286,7283.8105
2009-05-10 21:00:00,5841.521,6697.1035,8607.297,6148.8286,7283.8105
2009-05-10 22:00:00,5841.521,6697.1035,8607.297,6148.8286,7283.8105
2009-05-10 23:00:00,5841.521,6697.132,8607.297,6148.8286,7283.8105
2009-05-11 00:00:00,5841.521,6697.132,8607.788,6148.8286,7284.0073
2009-05-11 01:00:00,5841.521,6697.132,8607.788,6148.8286,7284.0073
2009-05-11 02:00:00,5841.521,6697.132,8607.788,6148.8286,7284.066
2009-05-11 03:00:00,5841.521,6697.132,8607.788,6148.8286,7284.066
2009-05-11 04:00:00,5841.521,6697.132,8607.788,6148.8286,7284.438
2009-05-11 05:00:00,5841.521,6697.132,8607.788,6148.8286,7284.7764
2009-05-11 06:00:00,5841.521,6697.132,8607.788,6148.8286,7284.9277
2009-05-11 07:00:00,5841.521,6697.132,8607.788,6148.8286,7284.9277
2009-05-11 08:00:00,5841.521,6697.132,8607.788,6148.8286,7284.9277
2009-05-11 09:00:00,5841.521,6697.132,8607.788,6148.8286,7284.9277
2009-05-11 10:00:00,5841.521,6697.132,8607.788,6148.8286,7284.9277
2009-05-11 11:00:00,5841.521,6697.132,8607.788,6148.8286,7284.9277
2009-05-11 12:00:00,5841.521,6697.132,8607.788,6148.8286,7284.9277
2009-05-11 13:00:00,5841.521,6697.132,8607.788,6148.8286,7284.9277
2009-05-11 14:00:00,5841.521,6697.132,8607.788,6148.8286,7284.9277
2009-05-11 15:00:00,5841.521,6697.132,8607.788,6148.8286,7284.9277
2009-05-11 16:00:00,5841.521,6697.132,8607.788,6148.8286,7284.9277
2009-05-11 17:00:00,5841.521,6697.132,8607.788,6148.8286,7284.9277
2009-05-11 18:00:00,5841.521,6697.132,8607.788,6148.8286,7284.9277
2009-05-11 19:00:00,5841.521,6697.132,8607.788,6148.8286,7284.9277
2009-05-11 20:00:00,5841.521,6697.132,8607.788,6148.8286,7284.9277
2009-05-11 21:00:00,5841.521,6697.132,8607.788,6148.8286,7284.9277
2009-05-11 22:00:00,5841.521,6697.132,8607.788,6148.8286,7284.9277
2009-05-11 23:00:00,5841.521,6697.132,8607.788,6148.8286,7284.9277
2009-05-12 00:00:00,5841.521,6697.132,8607.788,6148.8286,7284.9277
2009-05-12 01:00:00,5841.521,6697.132,8607.788,6148.8286,7284.9277
2009-05-12 02:00:00,5841.521,6697.132,8607.788,6148.8286,7284.9277
2009-05-12 03:00:00,5841.521,6697.132,8607.788,6148.8286,7284.9277
2009-05-12 04:00:00,5841.521,6697.132,8607.788,6148.8286,7284.9277
2009-05-12 05:00:00,5841.521,6697.132,8607.788,6148.8286,7284.9277
2009-05-12 06:00:00,5841.521,6697.132,8607.788,6148.8286,7284.9277
2009-05-12 07:00:00,5841.521,6697.132,8607.788,6148.8286,7284.9277
2009-05-12 08:00:00,5841.521,6697.132,8607.788,6148.8286,7284.9277
2009-05-12 09:00:00,5841.521,6697.132,8607.788,6148.8286,7284.9277
2009-05-12 10:00:00,5841.521,6697.132,8607.788,6148.8286,7284.9277
2009-05-12 11:00:00,5841.521,6697.132,8607.788,6148.8286,7284.9277
2009-05-12 12:00:00,5841.521,6697.132,8607.788,6148.8286,7284.9277
2009-05-12 13:00:00,5841.521,6697.132,8607.788,6148.8286,7284.9277
2009-05-12 14:00:00,5841.521,6697.132,8607.788,6148.8286,7284.9277
2009-05-12 15:00:00,5841.521,6697.132,8607.788,6148.8286,7284.995
2009-05-12 16:00:00,5841.521,6697.132,8607.788,6148.8286,7285.1436
2009-05-12 17:00:00,5841.521,6697.132,8607.788,6148.8286,7285.2505
2009-05-12 18:00:00,5841.521,6697.132,8607.788,6148.8286,7285.2505
2009-05-12 19:00:00,5841.521,6697.132,8607.788,6148.8286,7285.2505
2009-05-12 20:00:00,5841.521,6697.132,8607.788,6148.8286,7285.2505
2009-05-12 21:00:00,5841.521,6697.132,8607.788,6148.8286,7285.2505
2009-05-12 22:00:00,5841.521,6697.132,8607.788,6148.8286,7285.2505
2009-05-12 23:00:00,5841.521,6697.132,8607.788,6148.8286,7285.2505
2009-05-13 00:00:00,5841.521,6697.132,8607.788,6148.8286,7285.2505
2009-05-13 01:00:00,5841.521,6697.132,8607.788,6148.8286,7285.2505
2009-05-13 02:00:00,5841.521,6697.132,8607.788,6148.8286,7285.2505
2009-05-13 03:00:00,5841.521,6697.132,8607.788,6148.8286,7285.2505
2009-05-13 04:00:00,5841.521,6697.132,8607.788,6148.8286,7285.2505
2009-05-13 05:00:00,5841.521,6697.132,8607.788,6148.8286,7285.2505
2009-05-13 06:00:00,5841.521,6697.132,8607.788,6148.8286,7285.2505
2009-05-13 07:00:00,5841.521,6697.132,8607.788,6148.8286,7285.2505
2009-05-13 08:00:00,5841.521,6697.132,8607.788,6148.8286,7285.2505
2009-05-13 09:00:00,5841.521,6697.132,8607.788,6148.8286,7285.2505
2009-05-13 10:00:00,5841.521,6697.132,8607.788,6148.8286,7285.2505
2009-05-13 11:00:00,5841.521,6697.132,8607.788,6148.8286,7285.2505
2009-05-13 12:00:00,5841.521,6697.132,8607.788,6148.8286,7285.2505
2009-05-13 13:00:00,5841.521,6697.132,8607.788,6148.8286,7285.2505
2009-05-13 14:00:00,5841.521,6697.132,8607.788,6148.8286,7285.2505
2009-05-13 15:00:00,5841.521,6697.132,8607.788,6148.8286,7285.2505
2009-05-13 16:00:00,5841.521,6697.132,8607.788,6148.8286,7285.2505
2009-05-13 17:00:00,5841.521,6697.132,8607.788,6148.8286,7285.2505
2009-05-13 18:00:00,5841.521,6697.132,8607.788,6148.8286,7285.2505
2009-05-13 19:00:00,5841.521,6697.132,8607.788,6148.8286,7285.2505
2009-05-13 20:00:00,5841.521,6697.132,8607.788,6148.8286,7285.2505
2009-05-13 21:00:00,5841.521,6697.132,8607.788,6148.8286,7285.2505
2009-05-13 22:00:00,5841.521,6697.132,8607.788,6148.8286,7285.2505
2009-05-13 23:00:00,5841.521,6697.132,8607.788,6148.8286,7285.2505
2009-05-14 00:00:00,5841.521,6697.132,8607.788,6148.8286,7285.2505
2009-05-14 01:00:00,5841.521,6697.132,8607.788,6148.8286,7285.2505
2009-05-14 02:00:00,5841.521,6697.132,8607.788,6148.8286,7285.2505
2009-05-14 03:00:00,5841.521,6697.132,8607.788,6148.8286,7285.2505
2009-05-14 04:00:00,5841.521,6697.132,8607.788,6148.8286,7285.2505
2009-05-14 05:00:00,5841.521,6697.132,8607.788,6148.8286,7285.2505
2009-05-14 06:00:00,5841.521,6697.132,8607.788,6148.8286,7285.2505
2009-05-14 07:00:00,5841.521,6697.132,8607.788,6148.8286,7285.2505
2009-05-14 08:00:00,5841.521,6697.132,8607.788,6148.8286,7285.2505
2009-05-14 09:00:00,5841.521,6697.132,8607.788,6148.8286,7285.2505
2009-05-14 10:00:00,5841.521,6697.132,8607.788,6148.8286,7285.2505
2009-05-14 11:00:00,5841.521,6697.132,8607.788,6148.8286,7285.2505
2009-05-14 12:00:00,5841.521,6697.132,8607.788,6148.8286,7285.2505
2009-05-14 13:00:00,5841.521,6697.132,8607.788,6148.8286,7285.2505
2009-05-14 14:00:00,5841.521,6697.132,8607.788,6148.8286,7285.2505
2009-05-14 15:00:00,5841.521,6697.132,8607.788,6148.8286,7285.2505
2009-05-14 16:00:00,5841.521,6697.132,8607.788,6148.8286,7285.2505
2009-05-14 17:00:00,5841.521,6697.132,8607.788,6148.8286,7285.2505
2009-05-14 18:00:00,5841.521,6697.132,8607.788,6148.8286,7285.2505
2009-05-14 19:00:00,5841.521,6697.132,8607.788,6148.8286,7285.2505
2009-05-14 20:00:00,5841.521,6697.132,8607.788,6148.8286,7285.2505
2009-05-14 21:00:00,5841.521,6697.132,8607.788,6148.8286,7285.2505
2009-05-14 22:00:00,5841.521,6697.132,8607.788,6148.8286,7285.2505
2009-05-14 23:00:00,5841.521,6697.132,8607.788,6148.8286,7285.2505
2009-05-15 00:00:00,5841.521,6697.132,8607.788,6148.8286,7285.2505
2009-05-15 01:00:00,5841.521,6697.132,8607.788,6148.8286,7285.2505
2009-05-15 02:00:00,5841.521,6697.132,8607.788,6148.8286,7285.2505
2009-05-15 03:00:00,5841.521,6697.132,8607.788,6148.8286,7285.2505
2009-05-15 04:00:00,5841.521,6697.132,8607.788,6148.8286,7285.2505
2009-05-15 05:00:00,5841.521,6697.132,8607.788,6148.8286,7285.2505
2009-05-15 06:00:00,5841.521,6697.132,8607.788,6148.8286,7285.2505
2009-05-15 07:00:00,5841.521,6697.132,8607.788,6148.8286,7285.2505
2009-05-15 08:00:00,5841.521,6697.132,8607.788,6148.8286,7285.2505
2009-05-15 09:00:00,5841.521,6697.132,8607.788,6148.8286,7285.2505
2009-05-15 10:00:00,5841.521,6697.132,8607.788,6148.8286,7285.2505
2009-05-15 11:00:00,5841.521,6697.132,8607.788,6148.8286,7285.2505
2009-05-15 12:00:00,5841.521,6697.132,8607.788,6148.8286,7285.2505
2009-05-15 13:00:00,5841.521,6697.132,8607.788,6148.8286,7285.2505
2009-05-15 14:00:00,5841.521,6697.132,8607.788,6148.8286,7285.2505
2009-05-15 15:00:00,5841.521,6697.132,8607.788,6148.8286,7285.2505
2009-05-15 16:00:00,5841.521,6697.132,8607.788,6148.8286,7285.2505
2009-05-15 17:00:00,5841.521,6697.132,8607.788,6148.8286,7285.2505
2009-05-15 18:00:00,5841.521,6697.132,8607.788,6148.8286,7285.2505
2009-05-15 19:00:00,5841.521,6697.132,8607.788,6148.8286,7285.2505
2009-05-15 20:00:00,5841.521,6697.132,8607.788,6148.8286,7285.2505
2009-05-15 21:00:00,5841.521,6697.132,8607.788,6148.8286,7285.2505
2009-05-15 22:00:00,5841.521,6697.132,8607.788,6148.8286,7285.2505
2009-05-15 23:00:00,5841.521,6697.132,8607.788,6148.8286,7285.2505
2009-05-16 00:00:00,5841.521,6697.132,8607.788,6148.8286,7285.2505
2009-05-16 01:00:00,5841.521,6697.132,8607.788,6148.8286,7285.2505
2009-05-16 02:00:00,5841.521,6697.132,8607.788,6148.8286,7285.2505
2009-05-16 03:00:00,5841.521,6697.132,8607.788,6148.8286,7285.2505
2009-05-16 04:00:00,5841.521,6697.132,8607.788,6148.8286,7285.2505
2009-05-16 05:00:00,5841.521,6697.132,8607.788,6148.8286,7285.2505
2009-05-16 06:00:00,5841.521,6697.132,8607.788,6148.8286,7285.2505
2009-05-16 07:00:00,5841.521,6697.132,8607.788,6148.8286,7285.2505
2009-05-16 08:00:00,5841.521,6697.132,8607.788,6148.8286,7285.2505
2009-05-16 09:00:00,5841.521,6697.132,8607.788,6148.8286,7285.2505
2009-05-16 10:00:00,5841.521,6697.132,8607.788,6148.8286,7285.2505
2009-05-16 11:00:00,5841.521,6697.132,8607.788,6148.8286,7285.2505
2009-05-16 12:00:00,5841.521,6697.132,8607.788,6148.8286,7285.2505
2009-05-16 13:00:00,5841.521,6697.132,8607.788,6148.8286,7285.2505
2009-05-16 14:00:00,5841.521,6697.132,8607.788,6148.8286,7285.2505
2009-05-16 15:00:00,5841.521,6697.132,8607.788,6148.8286,7285.2505
2009-05-16 16:00:00,5841.521,6697.132,8607.788,6148.8286,7285.2505
2009-05-16 17:00:00,5841.521,6697.132,8607.788,6148.8286,7285.2505
2009-05-16 18:00:00,5841.521,6697.132,8607.788,6148.8286,7285.2505
2009-05-16 19:00:00,5841.521,6697.132,8607.788,6148.8286,7285.2505
2009-05-16 20:00:00,5841.521,6697.132,8607.788,6148.836,7285.2505
2009-05-16 21:00:00,5841.521,6697.1973,8607.788,6149.581,7285.2505
2009-05-16 22:00:00,5841.521,6697.1973,8607.788,6149.581,7285.2505
2009-05-16 23:00:00,5841.521,6697.1973,8607.788,6149.581,7285.2505
2009-05-17 00:00:00,5841.521,6697.269,8607.985,6150.111,7285.2847
2009-05-17 01:00:00,5841.521,6697.269,8607.985,6150.111,7285.2847
2009-05-17 02:00:00,5841.521,6697.269,8607.985,6150.111,7285.2847
2009-05-17 03:00:00,5841.521,6697.269,8607.985,6150.111,7285.2847
2009-05-17 04:00:00,5841.521,6697.269,8607.788,6149.581,7285.2847
2009-05-17 05:00:00,5841.521,6697.269,8607.788,6149.581,7285.2847
2009-05-17 06:00:00,5841.521,6697.269,8607.985,6149.913,7285.2847
2009-05-17 07:00:00,5841.521,6697.269,8607.985,6150.111,7285.2847
2009-05-17 08:00:00,5841.521,6697.269,8607.985,6150.111,7285.2847
2009-05-17 09:00:00,5841.521,6697.269,8607.985,6150.111,7285.2847
2009-05-17 10:00:00,5841.521,6697.269,8607.985,6150.111,7285.2847
2009-05-17 11:00:00,5841.521,6697.269,8607.985,6150.111,7285.2847
2009-05-17 12:00:00,5841.521,6697.269,8607.985,6150.111,7285.2847
2009-05-17 13:00:00,5841.521,6697.269,8607.985,6150.111,7285.2847
2009-05-17 14:00:00,5841.521,6697.269,8607.985,6150.111,7285.2847
2009-05-17 15:00:00,5841.521,6697.269,8607.985,6150.111,7285.2847
2009-05-17 16:00:00,5841.521,6697.269,8607.985,6150.111,7285.2847
2009-05-17 17:00:00,5841.521,6697.269,8607.985,6150.111,7285.2847
2009-05-17 18:00:00,5841.521,6697.269,8607.985,6150.111,7285.2847
2009-05-17 19:00:00,5841.521,6697.269,8607.985,6150.111,7285.2847
2009-05-17 20:00:00,5841.521,6697.269,8607.985,6150.111,7285.2847
2009-05-17 21:00:00,5841.521,6697.269,8607.985,6150.111,7285.2847
2009-05-17 22:00:00,5841.521,6697.269,8607.985,6150.111,7285.2847
2009-05-17 23:00:00,5841.521,6697.269,8607.985,6150.111,7285.2847
2009-05-18 00:00:00,5841.521,6697.334,8607.985,6150.111,7285.2847
2009-05-18 01:00:00,5841.521,6697.888,8607.985,6150.382,7285.2847
2009-05-18 02:00:00,5841.521,6698.322,8607.985,6150.646,7285.3486
2009-05-18 03:00:00,5841.521,6698.7695,8607.985,6150.984,7285.3486
2009-05-18 04:00:00,5841.521,6699.0396,8607.985,6151.3613,7285.382
2009-05-18 05:00:00,5841.825,6699.843,8607.985,6151.9854,7285.7354
2009-05-18 06:00:00,5842.8257,6701.231,8608.293,6152.8613,7286.5913
2009-05-18 07:00:00,5844.1763,6702.653,8608.735,6153.534,7286.9165
2009-05-18 08:00:00,5845.162,6702.996,8609.58,6153.872,7286.9165
2009-05-18 09:00:00,5846.011,6702.996,8609.585,6154.2026,7286.9165
2009-05-18 10:00:00,5846.3677,6702.996,8609.585,6154.623,7286.9165
2009-05-18 11:00:00,5846.6416,6702.996,8609.585,6155.171,7286.9165
2009-05-18 12:00:00,5846.7983,6702.996,8609.585,6155.463,7286.9165
2009-05-18 13:00:00,5846.7983,6702.996,8609.585,6155.463,7286.9165
2009-05-18 14:00:00,5846.7983,6702.996,8609.585,6155.463,7286.9165
2009-05-18 15:00:00,5846.7983,6703.1543,8609.585,6155.482,7286.9165
2009-05-18 16:00:00,5846.7983,6703.1543,8609.585,6155.6274,7286.9165
2009-05-18 17:00:00,5846.7983,6703.3794,8609.585,6155.6274,7286.9165
2009-05-18 18:00:00,5846.7983,6703.776,8609.585,6155.735,7286.9165
2009-05-18 19:00:00,5846.9927,6706.1904,8609.585,6156.2036,7286.959
2009-05-18 20:00:00,5847.391,6707.427,8609.777,6156.744,7286.98
2009-05-18 21:00:00,5848.3633,6707.9243,8609.777,6157.0806,7287.547
2009-05-18 22:00:00,5849.4546,6708.672,8609.777,6157.435,7287.9663
2009-05-18 23:00:00,5850.0605,6709.12,8609.818,6158.015,7288.5312
2009-05-19 00:00:00,5850.455,6709.3643,8609.818,6158.156,7288.5312
2009-05-19 01:00:00,5850.503,6709.635,8609.818,6158.845,7288.692
2009-05-19 02:00:00,5850.503,6709.6816,8609.818,6158.845,7288.692
2009-05-19 03:00:00,5850.7197,6709.8057,8609.818,6158.845,7288.692
2009-05-19 04:00:00,5850.7925,6709.8057,8609.818,6158.845,7288.692
2009-05-19 05:00:00,5850.7925,6709.8057,8609.818,6158.845,7288.692
2009-05-19 06:00:00,5850.7925,6709.8057,8609.818,6158.845,7288.692
2009-05-19 07:00:00,5850.7925,6709.8057,8609.818,6158.845,7288.692
2009-05-19 08:00:00,5850.7925,6709.8057,8609.818,6158.845,7288.7197
2009-05-19 09:00:00,5850.7925,6709.8057,8609.818,6158.845,7289.865
2009-05-19 10:00:00,5850.7925,6709.8057,8609.818,6159.0947,7289.865
2009-05-19 11:00:00,5850.9062,6709.835,8609.818,6159.112,7289.865
2009-05-19 12:00:00,5850.9062,6710.003,8609.818,6159.658,7289.865
2009-05-19 13:00:00,5850.9062,6710.3994,8609.818,6160.4717,7289.865
2009-05-19 14:00:00,5851.2036,6710.79,8609.818,6161.1377,7289.865
2009-05-19 15:00:00,5851.5234,6711.9604,8609.818,6162.2856,7289.865
2009-05-19 16:00:00,5852.1475,6714.291,8609.818,6163.818,7290.1533
2009-05-19 17:00:00,5852.5986,6714.848,8609.818,6164.5947,7290.2295
2009-05-19 18:00:00,5852.738,6715.0005,8609.818,6164.6763,7290.255
2009-05-19 19:00:00,5852.738,6715.339,8609.818,6165.204,7290.255
2009-05-19 20:00:00,5852.8657,6715.4023,8609.818,6165.204,7290.255
2009-05-19 21:00:00,5852.9365,6715.448,8609.818,6165.3955,7290.255
2009-05-19 22:00:00,5852.9976,6715.448,8609.818,6165.3955,7290.255
2009-05-19 23:00:00,5853.061,6715.448,8609.818,6165.3955,7290.255
2009-05-20 00:00:00,5853.061,6715.448,8609.818,6165.3955,7290.255
2009-05-20 01:00:00,5853.061,6715.448,8609.818,6165.3955,7290.255
2009-05-20 02:00:00,5853.061,6715.8213,8609.818,6165.3955,7290.255
2009-05-20 03:00:00,5853.159,6715.868,8609.818,6165.5977,7290.255
2009-05-20 04:00:00,5853.8022,6715.9746,8609.818,6166.546,7290.255
2009-05-20 05:00:00,5853.8022,6716.007,8609.818,6166.625,7290.255
2009-05-20 06:00:00,5853.882,6716.007,8609.818,6166.625,7290.255
2009-05-20 07:00:00,5853.882,6716.007,8609.818,6166.625,7290.255
2009-05-20 08:00:00,5853.882,6716.007,8609.818,6166.625,7290.255
2009-05-20 09:00:00,5853.882,6716.007,8609.818,6166.625,7290.255
2009-05-20 10:00:00,5853.93,6716.007,8609.818,6166.625,7290.255
2009-05-20 11:00:00,5853.93,6716.007,8609.818,6166.625,7290.255
2009-05-20 12:00:00,5853.93,6716.007,8609.818,6166.625,7290.255
2009-05-20 13:00:00,5853.93,6716.007,8609.818,6166.625,7290.255
2009-05-20 14:00:00,5853.93,6716.007,8609.818,6166.625,7290.255
2009-05-20 15:00:00,5853.93,6716.007,8609.818,6166.625,7290.255
2009-05-20 16:00:00,5853.93,6716.007,8609.818,6166.625,7290.255
2009-05-20 17:00:00,5853.93,6716.007,8609.818,6166.625,7290.255
2009-05-20 18:00:00,5853.93,6716.007,8609.818,6166.625,7290.255
2009-05-20 19:00:00,5853.93,6716.007,8609.818,6166.625,7290.255
2009-05-20 20:00:00,5853.93,6716.007,8609.818,6166.625,7290.255
2009-05-20 21:00:00,5853.93,6716.007,8609.818,6166.625,7290.255
2009-05-20 22:00:00,5853.93,6716.007,8609.818,6166.837,7290.255
2009-05-20 23:00:00,5853.93,6716.007,8609.818,6166.837,7290.255
2009-05-21 00:00:00,5853.93,6716.007,8609.818,6166.837,7290.255
2009-05-21 01:00:00,5853.93,6716.0806,8609.818,6166.9087,7290.255
2009-05-21 02:00:00,5853.93,6716.471,8609.818,6167.2993,7290.4663
2009-05-21 03:00:00,5854.0127,6716.862,8609.818,6167.8726,7290.6885
2009-05-21 04:00:00,5854.4033,6717.2524,8609.818,6168.263,7291.1636
2009-05-21 05:00:00,5854.6914,6717.643,8609.883,6168.654,7291.554
2009-05-21 06:00:00,5854.763,6718.1587,8609.933,6169.0444,7291.945
2009-05-21 07:00:00,5854.8745,6718.5493,8609.933,6169.684,7292.3354
2009-05-21 08:00:00,5854.8745,6718.8213,8609.933,6170.1445,7292.413
2009-05-21 09:00:00,5854.8745,6718.8213,8609.946,6170.297,7292.413
2009-05-21 10:00:00,5854.8745,6718.8213,8609.968,6170.297,7292.413
2009-05-21 11:00:00,5854.8745,6718.8213,8609.968,6170.297,7292.413
2009-05-21 12:00:00,5854.8745,6718.8213,8609.968,6170.297,7292.413
2009-05-21 13:00:00,5854.8745,6718.862,8609.968,6170.297,7292.413
2009-05-21 14:00:00,5854.8745,6719.14,8609.968,6170.297,7292.413
2009-05-21 15:00:00,5854.8745,6719.14,8609.968,6170.297,7292.413
2009-05-21 16:00:00,5854.8745,6719.14,8609.968,6170.297,7292.413
2009-05-21 17:00:00,5854.8745,6719.14,8609.968,6170.297,7292.413
2009-05-21 18:00:00,5854.8745,6719.14,8609.968,6170.297,7292.413
2009-05-21 19:00:00,5854.8745,6719.14,8609.968,6170.297,7292.413
2009-05-21 20:00:00,5854.8745,6719.14,8609.968,6170.297,7292.413
2009-05-21 21:00:00,5854.8745,6719.14,8609.968,6170.297,7292.413
2009-05-21 22:00:00,5854.8745,6719.14,8609.968,6170.297,7292.413
2009-05-21 23:00:00,5854.8745,6719.207,8609.968,6170.297,7292.413
2009-05-22 00:00:00,5854.8745,6719.207,8609.968,6170.297,7292.568
2009-05-22 01:00:00,5854.8745,6719.207,8610.083,6170.297,7292.568
2009-05-22 02:00:00,5854.8745,6719.207,8610.083,6170.297,7292.568
2009-05-22 03:00:00,5854.8745,6719.319,8610.083,6170.297,7292.568
2009-05-22 04:00:00,5854.8745,6719.319,8610.083,6170.297,7292.568
2009-05-22 05:00:00,5854.8745,6719.319,8610.083,6170.297,7292.568
2009-05-22 06:00:00,5854.8745,6719.319,8610.083,6170.297,7292.568
2009-05-22 07:00:00,5854.8745,6719.319,8610.083,6170.297,7292.568
2009-05-22 08:00:00,5854.8745,6719.319,8610.083,6170.297,7292.568
2009-05-22 09:00:00,5854.8745,6719.319,8610.083,6170.297,7292.568
2009-05-22 10:00:00,5854.8745,6719.319,8610.083,6170.297,7292.568
2009-05-22 11:00:00,5854.8745,6719.319,8610.083,6170.297,7292.568
2009-05-22 12:00:00,5854.8745,6719.319,8610.083,6170.297,7292.568
2009-05-22 13:00:00,5854.8745,6719.319,8610.083,6170.297,7292.568
2009-05-22 14:00:00,5854.8745,6719.319,8610.083,6170.297,7292.568
2009-05-22 15:00:00,5854.8745,6719.319,8610.083,6170.297,7292.568
2009-05-22 16:00:00,5854.8745,6719.319,8610.083,6170.297,7292.568
2009-05-22 17:00:00,5854.8745,6719.319,8610.226,6170.297,7292.661
2009-05-22 18:00:00,5854.8745,6719.319,8610.226,6170.297,7293.4287
2009-05-22 19:00:00,5854.8745,6719.319,8610.226,6170.297,7293.4775
2009-05-22 20:00:00,5854.8745,6719.319,8610.226,6170.297,7293.4775
2009-05-22 21:00:00,5854.8745,6719.319,8610.226,6170.297,7293.4775
2009-05-22 22:00:00,5854.8745,6719.319,8610.226,6170.297,7293.4775
2009-05-22 23:00:00,5854.8745,6719.319,8610.226,6170.297,7293.4775
2009-05-23 00:00:00,5854.8745,6719.319,8610.226,6170.297,7293.4775
2009-05-23 01:00:00,5854.8745,6719.319,8610.226,6170.297,7293.4775
2009-05-23 02:00:00,5854.8745,6719.319,8610.226,6170.297,7293.4775
2009-05-23 03:00:00,5854.8745,6719.319,8610.226,6170.297,7293.4775
2009-05-23 04:00:00,5854.8745,6719.319,8610.226,6170.297,7293.4775
2009-05-23 05:00:00,5854.8745,6719.319,8610.226,6170.297,7293.4775
2009-05-23 06:00:00,5854.8745,6719.319,8610.226,6170.297,7293.4775
2009-05-23 07:00:00,5854.8745,6719.319,8610.226,6170.297,7293.4775
2009-05-23 08:00:00,5854.8745,6719.319,8610.226,6170.297,7293.4775
2009-05-23 09:00:00,5854.8745,6719.319,8610.226,6170.297,7293.4775
2009-05-23 10:00:00,5854.8745,6719.319,8610.226,6170.297,7293.4775
2009-05-23 11:00:00,5854.8745,6719.319,8610.226,6170.297,7293.4775
2009-05-23 12:00:00,5854.8745,6719.319,8610.226,6170.297,7293.4775
2009-05-23 13:00:00,5854.8745,6719.319,8610.226,6170.297,7293.4775
2009-05-23 14:00:00,5854.8745,6719.319,8610.226,6170.297,7293.4775
2009-05-23 15:00:00,5854.8745,6719.319,8610.226,6170.297,7293.4775
2009-05-23 16:00:00,5854.8745,6719.319,8610.226,6170.297,7293.4775
2009-05-23 17:00:00,5854.8745,6719.319,8610.226,6170.297,7293.4775
2009-05-23 18:00:00,5854.8745,6719.319,8610.226,6170.297,7293.4775
2009-05-23 19:00:00,5854.8745,6719.3345,8610.226,6170.297,7293.4775
2009-05-23 20:00:00,5854.8745,6719.3345,8610.226,6170.297,7293.4775
2009-05-23 21:00:00,5854.8745,6719.3345,8610.226,6170.297,7293.4775
2009-05-23 22:00:00,5854.8745,6719.3345,8610.226,6170.297,7293.4775
2009-05-23 23:00:00,5854.8745,6719.3345,8610.226,6170.297,7293.4775
2009-05-24 00:00:00,5855.7246,6720.168,8610.226,6171.384,7296.4766
2009-05-24 01:00:00,5855.7246,6720.168,8610.226,6171.384,7296.4766
2009-05-24 02:00:00,5855.7246,6720.168,8610.226,6171.384,7296.4766
2009-05-24 03:00:00,5855.7246,6720.168,8610.226,6171.384,7296.4766
2009-05-24 04:00:00,5854.8745,6719.3345,8610.226,6170.297,7293.4775
2009-05-24 05:00:00,5854.8745,6719.3345,8610.226,6170.297,7293.4775
2009-05-24 06:00:00,5854.8745,6719.3345,8610.226,6170.297,7293.4775
2009-05-24 07:00:00,5854.8745,6719.3345,8610.226,6170.297,7293.4775
2009-05-24 08:00:00,5854.8745,6719.3345,8610.226,6170.297,7293.4775
2009-05-24 09:00:00,5854.8745,6719.466,8610.226,6170.37,7293.4775
2009-05-24 10:00:00,5854.8745,6719.466,8610.226,6170.37,7293.4775
2009-05-24 11:00:00,5854.8745,6719.466,8610.226,6170.37,7293.4775
2009-05-24 12:00:00,5854.8745,6719.466,8610.226,6170.37,7293.4775
2009-05-24 13:00:00,5854.8745,6719.466,8610.226,6170.37,7293.4775
2009-05-24 14:00:00,5854.8745,6719.466,8610.226,6170.37,7293.4775
2009-05-24 15:00:00,5854.8745,6719.466,8610.226,6170.37,7293.657
2009-05-24 16:00:00,5854.8745,6719.79,8610.226,6170.55,7293.825
2009-05-24 17:00:00,5855.015,6720.043,8610.226,6170.9146,7294.069
2009-05-24 18:00:00,5855.2456,6720.043,8610.226,6170.9146,7294.157
2009-05-24 19:00:00,5855.2456,6720.043,8610.226,6170.9814,7294.4814
2009-05-24 20:00:00,5855.2715,6720.152,8610.226,6171.3027,7295.958
2009-05-24 21:00:00,5855.567,6720.152,8610.226,6171.384,7296.336
2009-05-24 22:00:00,5855.7246,6720.152,8610.226,6171.384,7296.387
2009-05-24 23:00:00,5855.7246,6720.152,8610.226,6171.384,7296.459
2009-05-25 00:00:00,5855.7246,6720.2188,8610.226,6171.384,7296.4766
2009-05-25 01:00:00,5855.7246,6720.2324,8610.226,6171.384,7296.5244
2009-05-25 02:00:00,5855.7246,6720.515,8610.226,6171.3896,7296.7256
2009-05-25 03:00:00,5856.0444,6720.83,8610.226,6171.5195,7296.766
2009-05-25 04:00:00,5856.3066,6721.101,8610.226,6171.6733,7297.5557
2009-05-25 05:00:00,5856.38,6721.38,8610.226,6171.6733,7297.8833
2009-05-25 06:00:00,5856.646,6721.6064,8610.226,6171.6733,7298.0044
2009-05-25 07:00:00,5856.8027,6721.746,8610.226,6171.6885,7298.0366
2009-05-25 08:00:00,5856.838,6721.8984,8610.226,6171.711,7298.3516
2009-05-25 09:00:00,5856.838,6722.4844,8610.226,6171.768,7298.4165
2009-05-25 10:00:00,5856.9497,6722.551,8610.226,6171.768,7298.4976
2009-05-25 11:00:00,5856.9863,6722.59,8610.226,6171.7847,7298.5005
2009-05-25 12:00:00,5856.9863,6722.59,8610.336,6171.7847,7298.7397
2009-05-25 13:00:00,5857.214,6723.1377,8611.922,6172.1763,7299.3647
2009-05-25 14:00:00,5857.214,6723.3037,8613.309,6172.894,7300.001
2009-05-25 15:00:00,5857.2783,6724.2656,8614.494,6173.491,7300.7417
2009-05-25 16:00:00,5857.696,6725.9355,8616.794,6174.8306,7301.1826
2009-05-25 17:00:00,5858.1,6726.697,8620.305,6176.7715,7301.795
2009-05-25 18:00:00,5858.504,6727.579,8623.754,6178.3843,7303.9146
2009-05-25 19:00:00,5858.9136,6729.2524,8626.566,6179.159,7305.27
2009-05-25 20:00:00,5859.5225,6730.9336,8629.348,6179.9316,7306.621
2009-05-25 21:00:00,5859.891,6732.119,8630.8,6180.849,7307.032
2009-05-25 22:00:00,5860.0566,6733.9897,8631.41,6181.3594,7307.032
2009-05-25 23:00:00,5860.0566,6735.4883,8631.704,6181.5723,7307.245
2009-05-26 00:00:00,5860.0566,6735.861,8631.704,6181.5723,7307.5117
2009-05-26 01:00:00,5860.1245,6736.201,8631.704,6181.751,7307.898
2009-05-26 02:00:00,5860.5845,6736.7114,8631.704,6182.0996,7308.1924
2009-05-26 03:00:00,5862.072,6737.722,8631.704,6183.24,7309.1733
2009-05-26 04:00:00,5864.2007,6739.0015,8632.161,6183.81,7311.7446
2009-05-26 05:00:00,5865.963,6740.2295,8632.746,6184.77,7313.993
2009-05-26 06:00:00,5867.4253,6741.103,8632.746,6185.789,7315.8003
2009-05-26 07:00:00,5868.3926,6741.505,8632.746,6186.5396,7316.64
2009-05-26 08:00:00,5868.873,6741.778,8632.746,6186.8813,7317.2583
2009-05-26 09:00:00,5869.215,6741.808,8632.746,6187.223,7317.734
2009-05-26 10:00:00,5869.5913,6742.096,8632.746,6187.6616,7318.4526
2009-05-26 11:00:00,5869.933,6742.4497,8632.746,6187.811,7319.0894
2009-05-26 12:00:00,5870.8643,6743.3887,8632.746,6188.9595,7320.3477
2009-05-26 13:00:00,5871.963,6743.7856,8632.746,6189.694,7321.597
2009-05-26 14:00:00,5872.647,6744.065,8632.746,6190.193,7322.4136
2009-05-26 15:00:00,5874.2134,6745.501,8632.862,6191.857,7323.591
2009-05-26 16:00:00,5875.4043,6746.7793,8633.546,6193.156,7324.2812
2009-05-26 17:00:00,5876.1924,6747.713,8634.2295,6194.155,7324.731
2009-05-26 18:00:00,5876.8037,6748.426,8634.913,6194.956,7325.432
2009-05-26 19:00:00,5877.1455,6748.946,8635.6875,6195.32,7326.606
2009-05-26 20:00:00,5877.634,6749.5933,8636.528,6195.947,7327.468
2009-05-26 21:00:00,5878.804,6750.277,8638.914,6197.0034,7328.435
2009-05-26 22:00:00,5879.381,6751.652,8640.1875,6197.462,7329.402
2009-05-26 23:00:00,5879.7227,6752.2817,8640.871,6198.038,7330.13
2009-05-27 00:00:00,5880.3447,6752.666,8641.165,6198.3843,7330.8135
2009-05-27 01:00:00,5880.7036,6753.142,8641.165,6198.5854,7331.5283
2009-05-27 02:00:00,5880.9097,6753.7036,8641.614,6198.7407,7332.6387
2009-05-27 03:00:00,5881.322,6754.5513,8644.193,6199.145,7332.779
2009-05-27 04:00:00,5881.833,6754.5513,8648.406,6199.1807,7332.891
2009-05-27 05:00:00,5881.911,6754.5513,8648.426,6199.1807,7332.891
2009-05-27 06:00:00,5881.911,6755.0786,8648.947,6199.1807,7333.888
2009-05-27 07:00:00,5881.921,6755.0786,8649.658,6199.1807,7333.932
2009-05-27 08:00:00,5881.921,6755.169,8649.85,6199.334,7335.021
2009-05-27 09:00:00,5881.9956,6756.578,8649.963,6199.5825,7335.9673
2009-05-27 10:00:00,5882.2812,6756.966,8650.765,6199.965,7336.061
2009-05-27 11:00:00,5882.746,6758.585,8651.812,6202.263,7336.265
2009-05-27 12:00:00,5883.28,6759.112,8653.91,6203.828,7336.282
2009-05-27 13:00:00,5883.3315,6759.112,8656.405,6203.9873,7338.7534
2009-05-27 14:00:00,5884.075,6759.6797,8659.993,6205.1597,7339.5664
2009-05-27 15:00:00,5884.3193,6759.7285,8660.737,6205.498,7340.405
2009-05-27 16:00:00,5884.523,6760.22,8662.451,6205.519,7340.405
2009-05-27 17:00:00,5884.565,6760.707,8663.4795,6205.865,7340.504
2009-05-27 18:00:00,5884.565,6760.707,8664.192,6206.138,7340.515
2009-05-27 19:00:00,5884.631,6761.3916,8665.05,6206.438,7342.472
2009-05-27 20:00:00,5885.3623,6762.8223,8665.565,6207.03,7343.612
2009-05-27 21:00:00,5885.479,6763.936,8668.354,6207.101,7343.612
2009-05-27 22:00:00,5885.479,6764.406,8669.084,6207.101,7343.612
2009-05-27 23:00:00,5886.006,6764.575,8670.785,6207.101,7343.612
2009-05-28 00:00:00,5887.2183,6765.102,8672.323,6207.137,7345.1025
2009-05-28 01:00:00,5887.2607,6765.3135,8673.007,6207.137,7345.592
2009-05-28 02:00:00,5887.2607,6765.3735,8673.692,6207.137,7345.639
2009-05-28 03:00:00,5887.2607,6765.3735,8674.554,6207.137,7345.639
2009-05-28 04:00:00,5887.2847,6765.3735,8674.813,6207.137,7345.741
2009-05-28 05:00:00,5887.358,6766.061,8675.195,6207.137,7347.169
2009-05-28 06:00:00,5887.409,6766.541,8675.735,6207.2144,7347.3057
2009-05-28 07:00:00,5887.409,6766.8066,8675.838,6207.2144,7347.9624
2009-05-28 08:00:00,5887.409,6766.8066,8675.838,6207.2144,7348.593
2009-05-28 09:00:00,5887.409,6766.8066,8675.929,6207.2144,7348.73
2009-05-28 10:00:00,5887.409,6766.8066,8675.929,6207.2144,7348.7803
2009-05-28 11:00:00,5887.409,6766.8257,8675.929,6207.2144,7349.099
2009-05-28 12:00:00,5887.4683,6766.83,8675.929,6207.2144,7349.099
2009-05-28 13:00:00,5887.4683,6766.83,8675.929,6207.2144,7349.099
2009-05-28 14:00:00,5887.4683,6766.83,8675.929,6207.2144,7349.099
2009-05-28 15:00:00,5887.4683,6766.83,8675.929,6207.2144,7349.099
2009-05-28 16:00:00,5887.4683,6766.83,8675.929,6207.2144,7349.099
2009-05-28 17:00:00,5887.4683,6766.83,8675.929,6207.2144,7349.099
2009-05-28 18:00:00,5887.4683,6766.83,8675.929,6207.2144,7349.099
2009-05-28 19:00:00,5887.4683,6766.83,8675.929,6207.2144,7349.099
2009-05-28 20:00:00,5887.4683,6766.83,8675.929,6207.2144,7349.099
2009-05-28 21:00:00,5887.4683,6766.83,8675.929,6207.2144,7349.099
2009-05-28 22:00:00,5887.4683,6766.83,8675.929,6207.2144,7349.099
2009-05-28 23:00:00,5887.4683,6766.83,8675.929,6207.2144,7349.099
2009-05-29 00:00:00,5887.4683,6766.83,8675.929,6207.2144,7349.099
2009-05-29 01:00:00,5887.4683,6766.83,8675.929,6207.2144,7349.099
2009-05-29 02:00:00,5887.4683,6766.83,8675.929,6207.2144,7349.4907
2009-05-29 03:00:00,5887.4683,6766.83,8675.956,6207.2144,7349.733
2009-05-29 04:00:00,5887.4683,6766.83,8675.956,6207.2144,7349.733
2009-05-29 05:00:00,5887.4683,6766.83,8675.956,6207.2144,7349.733
2009-05-29 06:00:00,5887.4683,6766.83,8675.956,6207.2144,7349.733
2009-05-29 07:00:00,5887.4683,6766.83,8675.956,6207.2144,7349.733
2009-05-29 08:00:00,5887.4683,6766.83,8675.956,6207.2144,7349.733
2009-05-29 09:00:00,5887.4683,6766.83,8675.956,6207.2144,7349.733
2009-05-29 10:00:00,5887.4683,6766.83,8675.956,6207.2144,7349.733
2009-05-29 11:00:00,5887.4683,6766.83,8675.956,6207.2144,7349.733
2009-05-29 12:00:00,5887.4683,6766.83,8675.956,6207.2144,7349.733
2009-05-29 13:00:00,5887.4683,6766.83,8675.956,6207.2144,7349.733
2009-05-29 14:00:00,5887.4683,6766.83,8675.956,6207.2144,7349.733
2009-05-29 15:00:00,5887.4683,6766.83,8675.956,6207.2144,7349.733
2009-05-29 16:00:00,5887.4683,6766.83,8675.956,6207.2144,7349.733
2009-05-29 17:00:00,5887.4683,6766.83,8675.956,6207.2144,7349.733
2009-05-29 18:00:00,5887.4683,6766.83,8675.956,6207.2144,7349.733
2009-05-29 19:00:00,5887.4683,6766.83,8675.956,6207.2144,7349.733
2009-05-29 20:00:00,5887.4683,6766.83,8675.956,6207.2144,7349.733
2009-05-29 21:00:00,5887.4683,6766.83,8675.956,6207.2144,7349.733
2009-05-29 22:00:00,5887.4683,6766.83,8675.956,6207.2144,7349.733
2009-05-29 23:00:00,5887.4683,6766.83,8675.956,6207.2144,7349.733
2009-05-30 00:00:00,5887.4683,6766.83,8675.956,6207.2144,7349.733
2009-05-30 01:00:00,5887.4683,6766.83,8675.956,6207.2144,7349.733
2009-05-30 02:00:00,5887.4683,6766.83,8675.956,6207.2144,7349.733
2009-05-30 03:00:00,5887.4683,6766.83,8675.956,6207.2144,7349.733
2009-05-30 04:00:00,5887.4683,6766.83,8675.956,6207.2144,7349.733
2009-05-30 05:00:00,5887.4683,6766.83,8675.956,6207.2144,7349.733
2009-05-30 06:00:00,5887.4683,6766.83,8675.956,6207.2144,7349.733
2009-05-30 07:00:00,5887.4683,6766.83,8675.956,6207.2144,7349.733
2009-05-30 08:00:00,5887.4683,6766.83,8675.956,6207.2144,7349.733
2009-05-30 09:00:00,5887.4683,6766.83,8675.956,6207.2144,7349.733
2009-05-30 10:00:00,5887.4683,6766.83,8675.956,6207.2144,7349.733
2009-05-30 11:00:00,5887.4683,6766.83,8675.956,6207.2144,7349.733
2009-05-30 12:00:00,5887.4683,6766.83,8675.956,6207.2144,7349.733
2009-05-30 13:00:00,5887.4683,6766.83,8675.956,6207.2144,7349.733
2009-05-30 14:00:00,5887.4683,6766.83,8675.956,6207.2144,7349.733
2009-05-30 15:00:00,5887.4683,6766.83,8675.956,6207.2144,7349.733
2009-05-30 16:00:00,5887.4683,6766.83,8675.956,6207.2144,7349.733
2009-05-30 17:00:00,5887.4683,6766.83,8675.956,6207.2144,7349.733
2009-05-30 18:00:00,5887.4683,6766.83,8675.956,6207.2144,7349.733
2009-05-30 19:00:00,5887.4683,6766.83,8675.956,6207.2144,7349.733
2009-05-30 20:00:00,5887.4683,6766.83,8675.956,6207.2144,7349.733
2009-05-30 21:00:00,5887.4683,6766.83,8675.956,6207.2144,7349.733
2009-05-30 22:00:00,5887.4683,6766.83,8675.956,6207.2144,7349.733
2009-05-30 23:00:00,5887.4683,6766.83,8675.956,6207.2144,7349.733
2009-05-31 00:00:00,5887.4683,6766.83,8675.956,6207.2144,7349.733
2009-05-31 01:00:00,5887.4683,6766.83,8675.956,6207.2144,7349.733
2009-05-31 02:00:00,5887.4683,6766.83,8675.956,6207.2144,7349.733
2009-05-31 03:00:00,5887.4683,6766.83,8675.956,6207.2144,7349.733
2009-05-31 04:00:00,5887.4683,6766.83,8675.956,6207.2144,7349.733
2009-05-31 05:00:00,5887.4683,6766.83,8675.956,6207.2144,7349.733
2009-05-31 06:00:00,5887.4683,6766.83,8675.956,6207.2144,7349.733
2009-05-31 07:00:00,5887.4683,6766.83,8675.956,6207.2144,7349.733
2009-05-31 08:00:00,5887.4683,6766.83,8675.956,6207.2144,7349.733
2009-05-31 09:00:00,5887.4683,6766.83,8675.956,6207.2144,7349.733
2009-05-31 10:00:00,5887.4683,6766.83,8675.956,6207.2144,7349.733
2009-05-31 11:00:00,5887.4683,6766.83,8675.956,6207.2144,7349.733
2009-05-31 12:00:00,5887.4683,6766.83,8675.956,6207.2144,7349.733
2009-05-31 13:00:00,5887.4683,6766.83,8675.956,6207.2144,7349.733
2009-05-31 14:00:00,5887.4683,6766.83,8675.956,6207.2144,7349.733
2009-05-31 15:00:00,5887.4683,6766.83,8675.956,6207.2144,7349.733
2009-05-31 16:00:00,5887.4683,6766.83,8675.956,6207.2144,7349.733
2009-05-31 17:00:00,5887.4683,6766.83,8675.956,6207.2144,7349.733
2009-05-31 18:00:00,5887.4683,6766.83,8675.956,6207.2144,7349.733
2009-05-31 19:00:00,5887.4683,6766.83,8675.956,6207.2144,7349.733
2009-05-31 20:00:00,5887.4683,6766.83,8675.956,6207.2144,7349.733
2009-05-31 21:00:00,5887.4683,6766.83,8675.956,6207.2144,7349.733
2009-05-31 22:00:00,5887.4683,6766.83,8675.956,6207.2144,7349.733
2009-05-31 23:00:00,5887.4683,6766.83,8675.956,6207.2144,7349.733
2009-06-01 00:00:00,5887.4683,6766.83,8675.956,6207.2144,7349.733
2009-06-01 01:00:00,5887.4683,6766.83,8675.956,6207.2144,7349.733
2009-06-01 02:00:00,5887.4683,6766.83,8675.956,6207.2144,7349.733
2009-06-01 03:00:00,5887.4683,6766.83,8675.956,6207.2144,7349.733
2009-06-01 04:00:00,5887.4683,6766.83,8675.956,6207.2144,7349.733
2009-06-01 05:00:00,5887.4683,6766.83,8675.956,6207.2144,7349.733
2009-06-01 06:00:00,5887.4683,6766.83,8675.956,6207.2144,7349.733
2009-06-01 07:00:00,5887.4683,6766.83,8675.956,6207.2144,7349.733
2009-06-01 08:00:00,5887.4683,6766.83,8675.956,6207.2144,7349.733
2009-06-01 09:00:00,5887.4683,6766.83,8675.956,6207.2144,7349.733
2009-06-01 10:00:00,5887.4683,6766.83,8675.956,6207.2144,7349.733
2009-06-01 11:00:00,5887.4683,6766.83,8675.956,6207.2144,7349.733
2009-06-01 12:00:00,5887.4683,6766.83,8675.956,6207.2144,7349.733
2009-06-01 13:00:00,5887.4683,6766.83,8675.956,6207.2144,7349.733
2009-06-01 14:00:00,5887.4683,6766.83,8675.956,6207.2144,7349.733
2009-06-01 15:00:00,5887.4683,6766.83,8675.956,6207.2144,7349.733
2009-06-01 16:00:00,5887.4683,6766.83,8675.956,6207.2144,7349.733
2009-06-01 17:00:00,5887.4683,6766.83,8675.956,6207.2144,7349.733
2009-06-01 18:00:00,5887.4683,6766.83,8675.956,6207.2144,7349.733
2009-06-01 19:00:00,5887.4683,6766.83,8675.956,6207.2144,7349.733
2009-06-01 20:00:00,5887.4683,6766.83,8675.956,6207.2144,7349.733
2009-06-01 21:00:00,5887.4683,6766.83,8675.956,6207.2144,7349.733
2009-06-01 22:00:00,5887.4683,6766.83,8675.956,6207.2144,7349.733
2009-06-01 23:00:00,5887.4683,6766.83,8675.956,6207.2144,7349.733
2009-06-02 00:00:00,5887.4683,6766.83,8675.956,6207.2144,7349.733
2009-06-02 01:00:00,5887.4683,6766.83,8675.956,6207.2144,7349.733
2009-06-02 02:00:00,5887.4683,6766.83,8675.956,6207.2144,7349.733
2009-06-02 03:00:00,5887.4683,6766.83,8675.956,6207.2144,7349.733
2009-06-02 04:00:00,5887.4683,6766.83,8675.956,6207.2144,7349.733
2009-06-02 05:00:00,5887.4683,6766.83,8675.956,6207.2144,7349.733
2009-06-02 06:00:00,5887.4683,6766.83,8675.956,6207.2144,7349.733
2009-06-02 07:00:00,5887.4683,6766.83,8675.956,6207.2144,7349.733
2009-06-02 08:00:00,5887.4683,6766.83,8675.956,6207.2144,7349.733
2009-06-02 09:00:00,5887.4683,6766.83,8675.956,6207.2144,7349.733
2009-06-02 10:00:00,5887.4683,6766.83,8675.956,6207.2144,7349.733
2009-06-02 11:00:00,5887.4683,6766.83,8675.956,6207.2144,7349.748
2009-06-02 12:00:00,5887.4683,6766.83,8675.956,6207.2144,7349.748
2009-06-02 13:00:00,5887.4683,6766.83,8675.956,6207.2144,7349.748
2009-06-02 14:00:00,5887.502,6766.862,8676.881,6207.2144,7349.9326
2009-06-02 15:00:00,5887.6147,6766.9326,8677.118,6207.2446,7350.696
2009-06-02 16:00:00,5888.598,6767.0938,8677.141,6207.536,7350.696
2009-06-02 17:00:00,5889.023,6767.1406,8677.447,6207.575,7350.696
2009-06-02 18:00:00,5890.6567,6767.229,8677.867,6207.8823,7351.435
2009-06-02 19:00:00,5891.47,6767.6904,8678.194,6208.337,7352.078
2009-06-02 20:00:00,5891.564,6767.6904,8678.401,6208.337,7352.683
2009-06-02 21:00:00,5892.0605,6768.7397,8679.331,6208.5874,7353.4297
2009-06-02 22:00:00,5892.5747,6769.204,8680.566,6208.663,7355.1064
2009-06-02 23:00:00,5892.717,6769.2515,8681.203,6208.782,7356.51
2009-06-03 00:00:00,5892.762,6769.672,8681.203,6208.782,7358.197
2009-06-03 01:00:00,5892.762,6769.6777,8681.203,6208.782,7358.197
2009-06-03 02:00:00,5892.7856,6769.6777,8681.203,6208.782,7358.7876
2009-06-03 03:00:00,5892.9897,6769.6777,8681.561,6208.782,7359.116
2009-06-03 04:00:00,5893.0225,6769.831,8681.561,6208.782,7359.87
2009-06-03 05:00:00,5893.0225,6769.831,8681.561,6208.782,7360.1577
2009-06-03 06:00:00,5893.062,6769.831,8681.736,6208.818,7361.808
2009-06-03 07:00:00,5894.4917,6769.831,8682.095,6208.818,7362.5044
2009-06-03 08:00:00,5894.889,6769.831,8682.135,6209.117,7362.5327
2009-06-03 09:00:00,5895.065,6769.831,8682.135,6209.314,7363.5806
2009-06-03 10:00:00,5895.1475,6769.8975,8682.6875,6209.5674,7364.0967
2009-06-03 11:00:00,5895.4004,6769.9966,8683.141,6209.9937,7364.0967
2009-06-03 12:00:00,5895.5063,6770.096,8684.388,6210.364,7364.187
2009-06-03 13:00:00,5895.8013,6770.435,8684.439,6210.3887,7364.499
2009-06-03 14:00:00,5895.8564,6770.9497,8684.439,6210.3887,7365.278
2009-06-03 15:00:00,5895.8564,6771.3696,8684.597,6210.3887,7365.6006
2009-06-03 16:00:00,5896.2725,6771.3696,8684.789,6210.407,7366.6143
2009-06-03 17:00:00,5896.67,6771.4824,8685.951,6210.62,7367.0815
2009-06-03 18:00:00,5896.687,6771.4824,8686.241,6210.62,7367.3477
2009-06-03 19:00:00,5896.687,6771.499,8686.241,6210.62,7367.5415
2009-06-03 20:00:00,5896.687,6771.499,8686.241,6210.62,7367.5415
2009-06-03 21:00:00,5896.687,6771.499,8686.241,6210.62,7367.5415
2009-06-03 22:00:00,5896.687,6771.499,8686.241,6210.62,7367.8174
2009-06-03 23:00:00,5896.687,6771.499,8686.241,6210.62,7367.8174
2009-06-04 00:00:00,5896.687,6771.499,8686.241,6210.62,7368.0117
2009-06-04 01:00:00,5896.687,6771.499,8686.241,6210.62,7368.2324
2009-06-04 02:00:00,5896.687,6771.499,8686.241,6210.62,7368.2764
2009-06-04 03:00:00,5896.687,6771.499,8686.241,6210.649,7368.4434
2009-06-04 04:00:00,5896.687,6771.499,8686.241,6210.675,7368.4824
2009-06-04 05:00:00,5896.687,6771.499,8686.241,6210.675,7369.124
2009-06-04 06:00:00,5896.687,6771.499,8686.241,6210.675,7369.167
2009-06-04 07:00:00,5896.687,6771.499,8686.241,6210.675,7369.167
2009-06-04 08:00:00,5896.687,6771.499,8686.241,6210.675,7369.185
2009-06-04 09:00:00,5896.687,6771.499,8686.241,6210.675,7369.185
2009-06-04 10:00:00,5896.687,6771.499,8686.241,6210.675,7369.185
2009-06-04 11:00:00,5896.687,6771.499,8686.241,6210.675,7369.185
2009-06-04 12:00:00,5896.687,6771.499,8686.241,6210.675,7369.185
2009-06-04 13:00:00,5896.687,6771.499,8686.241,6210.675,7369.2085
2009-06-04 14:00:00,5896.687,6771.499,8686.241,6210.675,7369.2085
2009-06-04 15:00:00,5896.687,6771.499,8686.241,6210.675,7369.2085
2009-06-04 16:00:00,5896.687,6771.499,8686.241,6210.675,7369.4126
2009-06-04 17:00:00,5896.687,6771.499,8686.241,6210.675,7369.4136
2009-06-04 18:00:00,5896.687,6771.499,8686.241,6210.675,7369.4136
2009-06-04 19:00:00,5896.687,6771.499,8686.241,6210.675,7369.4136
2009-06-04 20:00:00,5896.687,6771.499,8686.241,6210.675,7369.4136
2009-06-04 21:00:00,5896.687,6771.499,8686.241,6210.675,7369.4136
2009-06-04 22:00:00,5896.687,6771.499,8686.241,6210.675,7369.4136
2009-06-04 23:00:00,5896.687,6771.499,8686.241,6210.675,7369.4136
2009-06-05 00:00:00,5896.687,6771.499,8686.241,6210.675,7369.4136
2009-06-05 01:00:00,5896.687,6771.499,8686.241,6210.675,7369.4136
2009-06-05 02:00:00,5896.687,6771.499,8686.241,6210.675,7369.4136
2009-06-05 03:00:00,5896.687,6771.499,8686.241,6210.675,7369.4136
2009-06-05 04:00:00,5896.687,6771.499,8686.241,6210.675,7369.4136
2009-06-05 05:00:00,5896.687,6771.499,8686.241,6210.675,7369.4136
2009-06-05 06:00:00,5896.687,6771.499,8686.241,6210.675,7369.4136
2009-06-05 07:00:00,5896.687,6771.499,8686.241,6210.675,7369.4136
2009-06-05 08:00:00,5896.687,6771.499,8686.241,6210.675,7369.4136
2009-06-05 09:00:00,5896.687,6771.499,8686.241,6210.675,7369.4136
2009-06-05 10:00:00,5896.687,6771.499,8686.241,6210.675,7369.4136
2009-06-05 11:00:00,5896.687,6771.499,8686.241,6210.675,7369.4136
2009-06-05 12:00:00,5896.687,6771.499,8686.241,6210.675,7369.4136
2009-06-05 13:00:00,5896.687,6771.499,8686.241,6210.675,7369.4136
2009-06-05 14:00:00,5896.687,6771.499,8686.241,6210.675,7369.4136
2009-06-05 15:00:00,5896.687,6771.499,8686.241,6210.675,7369.4136
2009-06-05 16:00:00,5896.687,6771.499,8686.241,6210.675,7369.4136
2009-06-05 17:00:00,5896.687,6771.499,8686.241,6210.675,7369.4136
2009-06-05 18:00:00,5896.687,6771.499,8686.241,6210.675,7369.4136
2009-06-05 19:00:00,5896.687,6771.499,8686.241,6210.675,7369.4136
2009-06-05 20:00:00,5896.687,6771.499,8686.241,6210.675,7369.4136
2009-06-05 21:00:00,5896.687,6771.499,8686.241,6210.675,7369.4136
2009-06-05 22:00:00,5896.687,6771.499,8686.241,6210.675,7369.4136
2009-06-05 23:00:00,5896.687,6771.499,8686.241,6210.675,7369.4136
2009-06-06 00:00:00,5896.687,6771.499,8686.241,6210.675,7369.4136
2009-06-06 01:00:00,5896.687,6771.499,8686.241,6210.675,7369.4136
2009-06-06 02:00:00,5896.687,6771.499,8686.241,6210.675,7369.4136
2009-06-06 03:00:00,5896.687,6771.499,8686.241,6210.675,7369.4136
2009-06-06 04:00:00,5896.687,6771.499,8686.241,6210.675,7369.4136
2009-06-06 05:00:00,5896.687,6771.499,8686.241,6210.675,7369.4136
2009-06-06 06:00:00,5896.687,6771.499,8686.241,6210.675,7369.4136
2009-06-06 07:00:00,5896.687,6771.499,8686.241,6210.675,7369.4136
2009-06-06 08:00:00,5896.687,6771.499,8686.241,6210.675,7369.4136
2009-06-06 09:00:00,5896.687,6771.499,8686.241,6210.675,7369.4136
2009-06-06 10:00:00,5896.687,6771.499,8686.241,6210.675,7369.4136
2009-06-06 11:00:00,5896.687,6771.499,8686.241,6210.675,7369.4136
2009-06-06 12:00:00,5896.687,6771.499,8686.241,6210.675,7369.4136
2009-06-06 13:00:00,5896.687,6771.499,8686.241,6210.675,7369.4136
2009-06-06 14:00:00,5896.687,6771.499,8686.241,6210.675,7369.4136
2009-06-06 15:00:00,5896.687,6771.499,8686.241,6210.675,7369.4136
2009-06-06 16:00:00,5896.687,6771.499,8686.241,6210.675,7369.4136
2009-06-06 17:00:00,5896.687,6771.499,8686.241,6210.675,7369.4136
2009-06-06 18:00:00,5896.687,6771.499,8686.241,6210.675,7369.4136
2009-06-06 19:00:00,5896.687,6771.499,8686.241,6210.675,7369.4136
2009-06-06 20:00:00,5896.687,6771.499,8686.241,6210.675,7369.4136
2009-06-06 21:00:00,5896.687,6771.499,8686.241,6210.675,7369.4136
2009-06-06 22:00:00,5896.687,6771.499,8686.241,6210.675,7369.4136
2009-06-06 23:00:00,5896.687,6771.499,8686.241,6210.675,7369.4136
2009-06-07 00:00:00,5896.687,6771.5195,8686.241,6210.7593,7369.4136
2009-06-07 01:00:00,5896.687,6771.5195,8686.241,6210.7593,7369.4136
2009-06-07 02:00:00,5896.687,6771.5195,8686.241,6210.7593,7369.4136
2009-06-07 03:00:00,5896.687,6771.5195,8686.241,6210.7593,7369.4136
2009-06-07 04:00:00,5896.687,6771.499,8686.241,6210.675,7369.4136
2009-06-07 05:00:00,5896.687,6771.499,8686.241,6210.675,7369.4136
2009-06-07 06:00:00,5896.687,6771.499,8686.241,6210.675,7369.4136
2009-06-07 07:00:00,5896.687,6771.499,8686.241,6210.675,7369.4136
2009-06-07 08:00:00,5896.687,6771.499,8686.241,6210.675,7369.4136
2009-06-07 09:00:00,5896.687,6771.499,8686.241,6210.675,7369.4136
2009-06-07 10:00:00,5896.687,6771.499,8686.241,6210.675,7369.4136
2009-06-07 11:00:00,5896.687,6771.499,8686.241,6210.675,7369.4136
2009-06-07 12:00:00,5896.687,6771.499,8686.241,6210.675,7369.4136
2009-06-07 13:00:00,5896.687,6771.499,8686.241,6210.675,7369.4136
2009-06-07 14:00:00,5896.687,6771.5195,8686.241,6210.675,7369.4136
2009-06-07 15:00:00,5896.687,6771.5195,8686.241,6210.7593,7369.4136
2009-06-07 16:00:00,5896.687,6771.5195,8686.241,6210.7593,7369.4136
2009-06-07 17:00:00,5896.687,6771.5195,8686.241,6210.7593,7369.4136
2009-06-07 18:00:00,5896.687,6771.5195,8686.241,6210.7593,7369.4136
2009-06-07 19:00:00,5896.687,6771.5195,8686.241,6210.7593,7369.4136
2009-06-07 20:00:00,5896.687,6771.5195,8686.241,6210.7593,7369.4136
2009-06-07 21:00:00,5896.687,6771.5195,8686.241,6210.7593,7369.4136
2009-06-07 22:00:00,5896.687,6771.5195,8686.241,6210.7593,7369.4136
2009-06-07 23:00:00,5896.687,6771.5195,8686.241,6210.7593,7369.4136
2009-06-08 00:00:00,5896.687,6771.5195,8686.241,6210.7593,7369.4136
2009-06-08 01:00:00,5896.687,6771.5195,8686.241,6210.7593,7369.4136
2009-06-08 02:00:00,5896.687,6771.5195,8686.241,6210.7593,7369.4136
2009-06-08 03:00:00,5896.687,6771.5195,8686.241,6210.7593,7369.4136
2009-06-08 04:00:00,5896.687,6771.5195,8686.241,6210.7593,7369.4136
2009-06-08 05:00:00,5896.687,6771.5195,8686.241,6210.7593,7369.4136
2009-06-08 06:00:00,5896.687,6771.5195,8686.241,6210.7593,7369.4136
2009-06-08 07:00:00,5896.687,6771.5195,8686.241,6210.7593,7369.4136
2009-06-08 08:00:00,5896.687,6771.5195,8686.241,6210.7593,7369.4136
2009-06-08 09:00:00,5896.687,6771.5195,8686.241,6210.7593,7369.4136
2009-06-08 10:00:00,5896.687,6771.5195,8686.241,6210.7593,7369.4136
2009-06-08 11:00:00,5896.687,6771.5195,8686.241,6210.7593,7369.4136
2009-06-08 12:00:00,5896.687,6771.5195,8686.241,6210.7593,7369.4136
2009-06-08 13:00:00,5896.687,6771.5195,8686.241,6210.7593,7369.4136
2009-06-08 14:00:00,5896.687,6771.5195,8686.241,6210.7593,7369.591
2009-06-08 15:00:00,5896.687,6771.5195,8686.824,6210.7593,7371.172
2009-06-08 16:00:00,5896.687,6771.5195,8686.824,6210.7593,7371.272
2009-06-08 17:00:00,5896.687,6771.5195,8686.824,6210.7593,7371.3525
2009-06-08 18:00:00,5896.687,6771.5195,8686.824,6210.7593,7371.3525
2009-06-08 19:00:00,5896.687,6771.5195,8686.824,6210.7593,7374.172
2009-06-08 20:00:00,5896.687,6771.5195,8686.931,6210.7593,7375.6763
2009-06-08 21:00:00,5896.687,6771.5195,8686.931,6210.7593,7376.0264
2009-06-08 22:00:00,5896.687,6771.5195,8686.931,6210.7593,7376.0264
2009-06-08 23:00:00,5896.687,6771.5195,8686.931,6210.7593,7376.0264
2009-06-09 00:00:00,5896.687,6771.5195,8686.931,6210.7593,7376.0264
2009-06-09 01:00:00,5896.687,6771.5195,8686.931,6210.7593,7376.0264
2009-06-09 02:00:00,5896.687,6771.5195,8686.931,6210.7593,7376.0264
2009-06-09 03:00:00,5896.687,6771.5195,8686.931,6210.7593,7376.0264
2009-06-09 04:00:00,5896.687,6771.5195,8686.931,6210.7593,7376.0264
2009-06-09 05:00:00,5896.687,6771.5195,8686.931,6210.7593,7376.0264
2009-06-09 06:00:00,5896.687,6771.5195,8686.931,6210.7593,7376.0264
2009-06-09 07:00:00,5896.687,6771.6895,8686.931,6210.7593,7376.1235
2009-06-09 08:00:00,5896.687,6771.6895,8686.931,6210.7593,7376.449
2009-06-09 09:00:00,5896.687,6771.6895,8686.931,6210.7593,7376.449
2009-06-09 10:00:00,5896.687,6771.6895,8686.931,6210.7593,7376.449
2009-06-09 11:00:00,5896.7905,6771.6895,8686.931,6210.7593,7376.449
2009-06-09 12:00:00,5896.7905,6771.6895,8686.931,6210.7593,7376.524
2009-06-09 13:00:00,5896.7905,6771.6895,8686.931,6210.7593,7376.524
2009-06-09 14:00:00,5896.7905,6771.6895,8686.931,6210.7593,7376.524
2009-06-09 15:00:00,5896.7905,6771.6895,8686.931,6210.7593,7376.524
2009-06-09 16:00:00,5896.7905,6771.6895,8686.931,6210.7593,7376.524
2009-06-09 17:00:00,5896.7905,6771.6895,8686.931,6210.7593,7376.524
2009-06-09 18:00:00,5896.7905,6771.6895,8686.931,6210.7593,7376.524
2009-06-09 19:00:00,5896.7905,6771.6895,8686.931,6210.7593,7376.524
2009-06-09 20:00:00,5896.7905,6771.6895,8686.931,6210.7593,7376.524
2009-06-09 21:00:00,5896.7905,6771.6895,8686.931,6211.377,7376.524
2009-06-09 22:00:00,5897.072,6771.7534,8686.931,6211.377,7376.524
2009-06-09 23:00:00,5897.295,6772.301,8686.931,6211.5303,7376.6313
2009-06-10 00:00:00,5897.6123,6773.195,8686.931,6212.0107,7376.6445
2009-06-10 01:00:00,5897.6123,6773.195,8686.931,6212.0107,7376.6445
2009-06-10 02:00:00,5897.6123,6773.195,8686.931,6212.0107,7376.6445
2009-06-10 03:00:00,5897.6123,6773.195,8686.931,6212.0107,7376.6445
2009-06-10 04:00:00,5897.8105,6773.195,8686.931,6212.0107,7376.6445
2009-06-10 05:00:00,5897.851,6773.195,8686.931,6212.0107,7376.6445
2009-06-10 06:00:00,5897.851,6773.195,8686.931,6212.0107,7376.6445
2009-06-10 07:00:00,5897.851,6773.195,8686.931,6212.0107,7376.6445
2009-06-10 08:00:00,5897.851,6773.195,8686.931,6212.0107,7376.6445
2009-06-10 09:00:00,5897.9316,6773.195,8686.931,6212.0107,7376.6445
2009-06-10 10:00:00,5897.9316,6773.195,8686.931,6212.051,7376.6445
2009-06-10 11:00:00,5897.9316,6773.454,8686.931,6212.2446,7376.6445
2009-06-10 12:00:00,5897.9316,6773.96,8686.931,6212.2446,7376.6445
2009-06-10 13:00:00,5897.9316,6774.4478,8686.931,6212.2446,7376.746
2009-06-10 14:00:00,5897.966,6774.4478,8686.931,6212.352,7376.7637
2009-06-10 15:00:00,5898.3574,6774.797,8686.931,6212.475,7376.961
2009-06-10 16:00:00,5898.75,6776.1016,8686.931,6212.916,7376.9897
2009-06-10 17:00:00,5899.1377,6777.7534,8686.931,6213.5166,7377.5815
2009-06-10 18:00:00,5899.5737,6779.7227,8687.864,6214.2,7378.3604
2009-06-10 19:00:00,5900.2954,6781.214,8689.261,6214.571,7378.846
2009-06-10 20:00:00,5900.909,6781.382,8689.58,6215.0146,7379.188
2009-06-10 21:00:00,5901.4473,6781.707,8689.58,6215.6045,7379.4927
2009-06-10 22:00:00,5901.71,6782.049,8689.58,6215.9463,7379.643
2009-06-10 23:00:00,5901.71,6782.3906,8689.58,6215.982,7380.2427
2009-06-11 00:00:00,5901.71,6782.7324,8689.58,6216.128,7380.775
2009-06-11 01:00:00,5901.821,6783.074,8689.58,6216.377,7381.241
2009-06-11 02:00:00,5902.1626,6783.416,8689.746,6217.0605,7381.5933
2009-06-11 03:00:00,5902.6216,6783.9536,8690.66,6217.744,7381.935
2009-06-11 04:00:00,5903.305,6784.346,8691.722,6218.4277,7382.277
2009-06-11 05:00:00,5903.943,6784.4067,8692.405,6218.7974,7382.851
2009-06-11 06:00:00,5904.385,6784.5835,8692.962,6218.935,7383.106
2009-06-11 07:00:00,5904.7266,6785.3257,8692.962,6218.935,7383.106
2009-06-11 08:00:00,5904.803,6785.616,8692.962,6218.935,7383.106
2009-06-11 09:00:00,5904.803,6785.616,8692.962,6218.935,7383.106
2009-06-11 10:00:00,5904.803,6785.616,8692.962,6218.935,7383.106
2009-06-11 11:00:00,5904.803,6785.616,8692.962,6218.935,7383.106
2009-06-11 12:00:00,5904.803,6785.616,8692.962,6218.935,7383.106
2009-06-11 13:00:00,5904.803,6785.616,8692.962,6218.935,7383.106
2009-06-11 14:00:00,5904.803,6785.616,8692.962,6218.935,7383.106
2009-06-11 15:00:00,5904.803,6785.616,8692.962,6218.935,7383.106
2009-06-11 16:00:00,5904.803,6785.616,8692.962,6218.935,7383.106
2009-06-11 17:00:00,5904.803,6785.616,8692.962,6218.935,7383.106
2009-06-11 18:00:00,5904.803,6785.616,8692.962,6218.935,7383.106
2009-06-11 19:00:00,5904.803,6785.616,8692.962,6218.935,7383.106
2009-06-11 20:00:00,5904.803,6785.616,8692.962,6218.935,7383.106
2009-06-11 21:00:00,5904.803,6785.616,8692.962,6218.935,7383.106
2009-06-11 22:00:00,5904.803,6785.616,8692.962,6218.935,7383.106
2009-06-11 23:00:00,5904.803,6785.616,8692.962,6218.935,7383.106
2009-06-12 00:00:00,5904.803,6785.616,8692.962,6218.935,7383.106
2009-06-12 01:00:00,5904.803,6785.616,8692.962,6218.935,7383.106
2009-06-12 02:00:00,5904.803,6785.616,8692.962,6218.935,7383.106
2009-06-12 03:00:00,5904.803,6785.616,8692.962,6218.935,7383.106
2009-06-12 04:00:00,5904.803,6785.616,8692.962,6218.935,7383.106
2009-06-12 05:00:00,5904.803,6785.616,8692.962,6218.935,7383.106
2009-06-12 06:00:00,5904.803,6785.616,8692.962,6218.935,7383.106
2009-06-12 07:00:00,5904.803,6785.616,8692.962,6218.935,7383.106
2009-06-12 08:00:00,5904.803,6785.616,8692.962,6218.935,7383.106
2009-06-12 09:00:00,5904.803,6785.616,8692.962,6218.935,7383.106
2009-06-12 10:00:00,5904.803,6785.616,8692.962,6218.935,7383.106
2009-06-12 11:00:00,5904.803,6785.616,8692.962,6218.935,7383.106
2009-06-12 12:00:00,5904.803,6785.616,8692.962,6218.935,7383.106
2009-06-12 13:00:00,5904.803,6785.616,8692.962,6218.935,7383.1846
2009-06-12 14:00:00,5904.803,6785.616,8692.962,6218.935,7383.1846
2009-06-12 15:00:00,5904.803,6785.616,8692.962,6218.935,7383.1846
2009-06-12 16:00:00,5904.803,6785.616,8692.962,6218.935,7383.1846
2009-06-12 17:00:00,5904.803,6785.616,8692.962,6218.935,7383.1846
2009-06-12 18:00:00,5904.803,6785.616,8692.962,6218.935,7383.1846
2009-06-12 19:00:00,5904.803,6785.616,8692.962,6218.935,7383.1846
2009-06-12 20:00:00,5904.803,6785.616,8692.962,6218.935,7383.1846
2009-06-12 21:00:00,5904.803,6785.616,8692.962,6218.935,7383.1846
2009-06-12 22:00:00,5904.803,6785.616,8692.962,6218.935,7383.1846
2009-06-12 23:00:00,5904.803,6785.616,8692.962,6218.935,7383.1846
2009-06-13 00:00:00,5904.803,6785.616,8692.962,6218.935,7383.1846
2009-06-13 01:00:00,5904.803,6785.616,8692.962,6218.935,7383.1846
2009-06-13 02:00:00,5904.803,6785.616,8692.962,6218.935,7383.1846
2009-06-13 03:00:00,5904.803,6785.616,8692.962,6218.935,7383.1846
2009-06-13 04:00:00,5904.803,6785.616,8692.962,6218.935,7383.1846
2009-06-13 05:00:00,5904.803,6785.616,8692.962,6218.935,7383.1846
2009-06-13 06:00:00,5904.803,6785.616,8692.962,6218.935,7383.1846
2009-06-13 07:00:00,5904.803,6785.616,8692.962,6218.935,7383.1846
2009-06-13 08:00:00,5904.803,6785.616,8692.962,6218.935,7383.1846
2009-06-13 09:00:00,5904.803,6785.616,8692.962,6218.935,7383.1846
2009-06-13 10:00:00,5904.803,6785.616,8692.962,6218.935,7383.1846
2009-06-13 11:00:00,5904.803,6785.616,8692.962,6218.935,7383.1846
2009-06-13 12:00:00,5904.803,6785.616,8692.962,6218.935,7383.1846
2009-06-13 13:00:00,5904.803,6785.616,8692.962,6218.935,7383.1846
2009-06-13 14:00:00,5904.803,6785.616,8692.962,6218.935,7383.1846
2009-06-13 15:00:00,5904.803,6785.616,8692.962,6218.935,7383.1846
2009-06-13 16:00:00,5904.803,6785.616,8692.962,6218.935,7383.1846
2009-06-13 17:00:00,5904.803,6785.616,8692.962,6218.935,7383.1846
2009-06-13 18:00:00,5904.803,6785.616,8692.962,6218.935,7383.1846
2009-06-13 19:00:00,5904.803,6785.616,8692.962,6218.935,7383.1846
2009-06-13 20:00:00,5904.803,6785.616,8692.962,6218.935,7383.1846
2009-06-13 21:00:00,5904.803,6785.616,8692.962,6218.935,7383.2676
2009-06-13 22:00:00,5904.803,6785.616,8692.962,6218.935,7383.2676
2009-06-13 23:00:00,5904.803,6785.616,8692.962,6218.935,7383.402
2009-06-14 00:00:00,5904.803,6785.616,8692.962,6218.935,7383.402
2009-06-14 01:00:00,5904.803,6785.616,8692.962,6218.935,7383.402
2009-06-14 02:00:00,5904.803,6785.616,8692.962,6218.935,7383.402
2009-06-14 03:00:00,5904.803,6785.616,8692.962,6218.935,7383.402
2009-06-14 04:00:00,5904.803,6785.616,8692.962,6218.935,7383.402
2009-06-14 05:00:00,5904.803,6785.616,8693.394,6218.935,7383.437
2009-06-14 06:00:00,5904.803,6785.616,8692.962,6218.935,7383.402
2009-06-14 07:00:00,5904.803,6785.616,8692.962,6218.935,7383.402
2009-06-14 08:00:00,5904.803,6785.616,8692.962,6218.935,7383.402
2009-06-14 09:00:00,5904.803,6785.616,8692.962,6218.935,7383.402
2009-06-14 10:00:00,5904.803,6785.616,8692.962,6218.935,7383.402
2009-06-14 11:00:00,5904.803,6785.616,8692.962,6218.935,7383.402
2009-06-14 12:00:00,5904.803,6785.616,8692.962,6218.935,7383.402
2009-06-14 13:00:00,5904.803,6785.616,8692.962,6218.935,7383.402
2009-06-14 14:00:00,5904.803,6785.616,8692.962,6218.935,7383.402
2009-06-14 15:00:00,5904.803,6785.616,8692.962,6218.935,7383.402
2009-06-14 16:00:00,5904.803,6785.616,8692.962,6218.935,7383.402
2009-06-14 17:00:00,5904.803,6785.616,8692.962,6218.935,7383.402
2009-06-14 18:00:00,5904.803,6785.616,8692.962,6218.935,7383.402
2009-06-14 19:00:00,5904.803,6785.616,8692.962,6218.935,7383.402
2009-06-14 20:00:00,5904.803,6785.616,8692.962,6218.935,7383.402
2009-06-14 21:00:00,5904.803,6785.616,8692.962,6218.935,7383.402
2009-06-14 22:00:00,5904.803,6785.616,8692.962,6218.935,7383.402
2009-06-14 23:00:00,5904.803,6785.616,8692.962,6218.935,7383.402
2009-06-15 00:00:00,5904.803,6785.616,8693.394,6218.935,7383.437
2009-06-15 01:00:00,5904.803,6785.616,8693.394,6218.935,7383.437
2009-06-15 02:00:00,5904.803,6785.616,8693.394,6218.935,7383.437
2009-06-15 03:00:00,5904.803,6785.616,8693.436,6218.935,7383.9917
2009-06-15 04:00:00,5904.803,6785.616,8693.512,6218.935,7384.269
2009-06-15 05:00:00,5904.803,6785.616,8693.512,6218.935,7384.269
2009-06-15 06:00:00,5904.803,6785.616,8693.586,6218.935,7384.299
2009-06-15 07:00:00,5904.836,6785.616,8693.634,6218.935,7384.5854
2009-06-15 08:00:00,5904.836,6785.616,8693.634,6218.935,7385.006
2009-06-15 09:00:00,5904.836,6785.616,8693.634,6218.935,7385.877
2009-06-15 10:00:00,5904.836,6785.616,8693.634,6218.935,7385.877
2009-06-15 11:00:00,5904.836,6785.616,8693.634,6218.935,7385.877
2009-06-15 12:00:00,5904.836,6785.616,8693.92,6218.935,7385.877
2009-06-15 13:00:00,5904.836,6785.616,8694.099,6218.935,7386.026
2009-06-15 14:00:00,5904.836,6785.616,8694.394,6218.935,7386.026
2009-06-15 15:00:00,5904.836,6785.616,8694.984,6218.935,7386.3237
2009-06-15 16:00:00,5904.836,6785.616,8695.202,6218.935,7386.3916
2009-06-15 17:00:00,5904.836,6785.616,8695.202,6218.935,7386.8447
2009-06-15 18:00:00,5904.836,6785.616,8695.426,6218.935,7386.8447
2009-06-15 19:00:00,5904.836,6785.616,8695.426,6218.935,7387.3057
2009-06-15 20:00:00,5904.836,6785.616,8695.708,6218.935,7387.395
2009-06-15 21:00:00,5904.836,6785.616,8696.024,6218.935,7387.4956
2009-06-15 22:00:00,5904.836,6785.616,8696.024,6218.935,7387.881
2009-06-15 23:00:00,5904.836,6785.616,8696.024,6218.935,7387.881
2009-06-16 00:00:00,5904.836,6785.616,8696.024,6218.935,7387.881
2009-06-16 01:00:00,5904.836,6785.616,8696.024,6218.935,7387.881
2009-06-16 02:00:00,5904.836,6785.616,8696.024,6218.935,7387.881
2009-06-16 03:00:00,5904.836,6785.616,8696.024,6218.935,7387.881
2009-06-16 04:00:00,5904.836,6785.616,8696.024,6218.935,7387.881
2009-06-16 05:00:00,5904.836,6785.616,8696.153,6218.935,7387.881
2009-06-16 06:00:00,5904.836,6785.616,8696.465,6218.935,7388.1064
2009-06-16 07:00:00,5904.836,6785.616,8696.508,6218.935,7388.1064
2009-06-16 08:00:00,5904.836,6785.616,8696.5625,6218.935,7388.1064
2009-06-16 09:00:00,5904.836,6785.616,8696.5625,6218.935,7388.1064
2009-06-16 10:00:00,5904.836,6785.616,8696.596,6218.935,7388.1064
2009-06-16 11:00:00,5904.836,6785.616,8696.821,6218.935,7388.1064
2009-06-16 12:00:00,5904.836,6785.616,8696.897,6218.9966,7388.336
2009-06-16 13:00:00,5904.836,6785.616,8696.897,6218.9966,7388.336
2009-06-16 14:00:00,5904.836,6785.616,8697.268,6218.9966,7388.336
2009-06-16 15:00:00,5904.885,6785.616,8697.268,6218.9966,7388.369
2009-06-16 16:00:00,5904.9727,6785.616,8697.268,6218.9966,7388.369
2009-06-16 17:00:00,5904.9727,6785.616,8697.268,6218.9966,7388.369
2009-06-16 18:00:00,5904.9727,6785.616,8697.268,6218.9966,7388.492
2009-06-16 19:00:00,5904.9727,6785.616,8697.268,6218.9966,7388.492
2009-06-16 20:00:00,5904.9727,6785.616,8697.268,6218.9966,7388.492
2009-06-16 21:00:00,5904.9727,6785.616,8697.268,6218.9966,7388.492
2009-06-16 22:00:00,5904.9727,6785.616,8697.268,6218.9966,7388.492
2009-06-16 23:00:00,5904.9727,6785.616,8697.268,6218.9966,7388.492
2009-06-17 00:00:00,5904.9727,6785.616,8697.268,6218.9966,7388.492
2009-06-17 01:00:00,5904.9727,6785.616,8697.268,6218.9966,7388.492
2009-06-17 02:00:00,5904.9727,6785.616,8697.268,6218.9966,7388.492
2009-06-17 03:00:00,5904.9727,6785.616,8697.268,6218.9966,7388.492
2009-06-17 04:00:00,5904.9727,6785.616,8697.268,6218.9966,7388.492
2009-06-17 05:00:00,5904.9727,6785.616,8697.268,6218.9966,7388.492
2009-06-17 06:00:00,5904.9727,6785.616,8697.268,6218.9966,7388.492
2009-06-17 07:00:00,5904.9727,6785.616,8697.268,6218.9966,7388.492
2009-06-17 08:00:00,5904.9727,6785.616,8697.268,6218.9966,7388.492
2009-06-17 09:00:00,5904.9727,6785.616,8697.268,6218.9966,7388.492
2009-06-17 10:00:00,5904.9727,6785.616,8697.268,6218.9966,7388.492
2009-06-17 11:00:00,5904.9727,6785.616,8697.268,6218.9966,7388.492
2009-06-17 12:00:00,5904.9727,6785.616,8697.268,6218.9966,7388.492
2009-06-17 13:00:00,5904.9727,6785.616,8697.268,6218.9966,7388.492
2009-06-17 14:00:00,5904.9727,6785.616,8697.268,6218.9966,7388.492
2009-06-17 15:00:00,5904.9727,6785.616,8697.268,6218.9966,7388.492
2009-06-17 16:00:00,5904.9727,6785.616,8697.268,6218.9966,7388.492
2009-06-17 17:00:00,5904.9727,6785.616,8697.268,6218.9966,7388.492
2009-06-17 18:00:00,5904.9727,6785.616,8697.268,6218.9966,7388.492
2009-06-17 19:00:00,5904.9727,6785.616,8697.268,6219.0024,7388.492
2009-06-17 20:00:00,5905.0303,6786.007,8697.268,6219.537,7388.667
2009-06-17 21:00:00,5905.07,6787.4253,8697.662,6220.754,7389.292
2009-06-17 22:00:00,5905.2705,6788.9907,8698.513,6222.335,7389.83
2009-06-17 23:00:00,5906.3623,6790.455,8699.9375,6223.1045,7390.839
2009-06-18 00:00:00,5907.73,6792.5474,8703.674,6224.0947,7393.4614
2009-06-18 01:00:00,5909.125,6795.4243,8709.682,6225.7017,7396.3394
2009-06-18 02:00:00,5910.2666,6798.5415,8716.508,6227.03,7398.8022
2009-06-18 03:00:00,5911.096,6801.8833,8721.072,6228.2,7401.37
2009-06-18 04:00:00,5912.095,6804.6025,8723.41,6229.8755,7403.783
2009-06-18 05:00:00,5914.3555,6805.3745,8724.446,6231.382,7404.561
2009-06-18 06:00:00,5916.774,6806.2676,8725.102,6233.4287,7404.8853
2009-06-18 07:00:00,5917.8125,6806.578,8725.839,6234.353,7405.1167
2009-06-18 08:00:00,5918.4077,6807.498,8726.601,6234.5083,7405.9995
2009-06-18 09:00:00,5918.8535,6807.7246,8727.318,6234.5083,7406.095
2009-06-18 10:00:00,5919.691,6807.7246,8727.476,6234.5083,7406.371
2009-06-18 11:00:00,5919.938,6807.8745,8727.62,6234.5234,7407.085
2009-06-18 12:00:00,5920.283,6807.8745,8728.054,6234.6025,7407.6885
2009-06-18 13:00:00,5920.5854,6807.8745,8728.586,6234.618,7407.8447
2009-06-18 14:00:00,5920.5854,6807.8745,8729.801,6234.6294,7408.856
2009-06-18 15:00:00,5920.5854,6807.8745,8730.669,6234.6294,7409.0615
2009-06-18 16:00:00,5920.5854,6807.8745,8730.72,6234.6294,7409.362
2009-06-18 17:00:00,5920.5854,6807.8745,8731.02,6234.6294,7409.362
2009-06-18 18:00:00,5920.5854,6807.8745,8731.02,6234.6294,7409.412
2009-06-18 19:00:00,5920.5854,6808.208,8731.02,6234.6294,7409.412
2009-06-18 20:00:00,5920.5854,6808.208,8731.02,6234.6294,7409.412
2009-06-18 21:00:00,5920.5854,6808.208,8731.02,6234.6294,7409.412
2009-06-18 22:00:00,5920.5854,6808.208,8731.02,6234.6294,7409.412
2009-06-18 23:00:00,5920.5854,6808.208,8731.02,6234.6294,7409.412
2009-06-19 00:00:00,5920.5854,6808.208,8731.02,6234.6294,7409.412
2009-06-19 01:00:00,5920.5854,6808.5444,8731.02,6234.6357,7409.412
2009-06-19 02:00:00,5920.5854,6808.76,8731.02,6234.7583,7409.412
2009-06-19 03:00:00,5920.5854,6808.76,8731.02,6234.808,7409.412
2009-06-19 04:00:00,5920.5854,6808.76,8731.02,6235.097,7409.628
2009-06-19 05:00:00,5920.5854,6808.76,8731.02,6235.097,7409.628
2009-06-19 06:00:00,5920.5854,6808.76,8731.02,6235.097,7409.628
2009-06-19 07:00:00,5920.5854,6808.76,8731.02,6235.097,7409.628
2009-06-19 08:00:00,5920.5854,6808.76,8731.02,6235.097,7409.628
2009-06-19 09:00:00,5920.5854,6808.76,8731.02,6235.097,7409.628
2009-06-19 10:00:00,5920.5854,6808.76,8731.02,6235.097,7409.628
2009-06-19 11:00:00,5920.5854,6808.76,8731.02,6235.097,7409.628
2009-06-19 12:00:00,5920.5854,6808.769,8731.02,6235.097,7409.628
2009-06-19 13:00:00,5920.5854,6809.003,8731.02,6235.097,7409.628
2009-06-19 14:00:00,5920.5854,6809.003,8731.02,6235.097,7409.628
2009-06-19 15:00:00,5920.5854,6809.003,8731.02,6235.097,7409.628
2009-06-19 16:00:00,5920.5854,6809.003,8731.02,6235.097,7409.628
2009-06-19 17:00:00,5920.5854,6809.003,8731.02,6235.097,7409.628
2009-06-19 18:00:00,5920.5854,6809.003,8731.02,6235.097,7409.628
2009-06-19 19:00:00,5920.5854,6809.003,8731.02,6235.097,7409.628
2009-06-19 20:00:00,5920.5854,6809.003,8731.02,6235.097,7409.628
2009-06-19 21:00:00,5920.5854,6809.003,8731.02,6235.097,7409.628
2009-06-19 22:00:00,5920.5854,6809.003,8731.181,6235.097,7409.628
2009-06-19 23:00:00,5920.5854,6809.003,8731.282,6235.097,7409.628
2009-06-20 00:00:00,5920.5854,6809.003,8731.282,6235.097,7409.628
2009-06-20 01:00:00,5920.5854,6809.003,8731.282,6235.097,7409.644
2009-06-20 02:00:00,5920.5854,6809.003,8731.282,6235.097,7409.644
2009-06-20 03:00:00,5920.5854,6809.003,8731.282,6235.097,7409.644
2009-06-20 04:00:00,5920.5854,6809.003,8731.282,6235.097,7409.644
2009-06-20 05:00:00,5920.5854,6809.003,8731.282,6235.097,7409.644
2009-06-20 06:00:00,5920.5854,6809.003,8731.282,6235.097,7409.644
2009-06-20 07:00:00,5920.5854,6809.003,8731.282,6235.097,7409.644
2009-06-20 08:00:00,5920.5854,6809.003,8731.282,6235.097,7409.644
2009-06-20 09:00:00,5920.5854,6809.003,8731.282,6235.097,7409.644
2009-06-20 10:00:00,5920.5854,6809.003,8731.282,6235.097,7409.644
2009-06-20 11:00:00,5920.5854,6809.003,8731.282,6235.097,7409.644
2009-06-20 12:00:00,5920.5854,6809.003,8731.282,6235.097,7409.644
2009-06-20 13:00:00,5920.5854,6809.003,8731.282,6235.097,7409.644
2009-06-20 14:00:00,5920.5854,6809.003,8731.282,6235.097,7409.644
2009-06-20 15:00:00,5920.5854,6809.003,8731.282,6235.097,7409.6826
2009-06-20 16:00:00,5920.5854,6809.003,8731.282,6235.097,7409.7056
2009-06-20 17:00:00,5920.5854,6809.003,8731.282,6235.097,7410.312
2009-06-20 18:00:00,5920.5854,6809.003,8731.282,6235.097,7410.347
2009-06-20 19:00:00,5920.5854,6809.003,8731.282,6235.097,7410.347
2009-06-20 20:00:00,5920.5854,6809.003,8731.282,6235.097,7410.347
2009-06-20 21:00:00,5920.5854,6809.003,8731.282,6235.097,7410.347
2009-06-20 22:00:00,5920.5854,6809.003,8731.282,6235.097,7410.347
2009-06-20 23:00:00,5920.5854,6809.003,8731.282,6235.097,7410.347
2009-06-21 00:00:00,5920.5854,6809.003,8731.282,6235.097,7410.347
2009-06-21 01:00:00,5920.5854,6809.003,8731.282,6235.097,7410.347
2009-06-21 02:00:00,5920.5854,6809.003,8731.282,6235.097,7410.347
2009-06-21 03:00:00,5920.5854,6809.003,8731.282,6235.097,7410.347
2009-06-21 04:00:00,5920.5854,6809.003,8731.282,6235.097,7410.347
2009-06-21 05:00:00,5920.5854,6809.003,8731.282,6235.097,7410.347
2009-06-21 06:00:00,5920.5854,6809.003,8731.282,6235.097,7410.347
2009-06-21 07:00:00,5920.5854,6809.003,8731.282,6235.097,7410.347
2009-06-21 08:00:00,5920.5854,6809.003,8731.282,6235.097,7410.347
2009-06-21 09:00:00,5920.5854,6809.003,8731.282,6235.097,7410.347
2009-06-21 10:00:00,5920.5854,6809.003,8731.282,6235.097,7410.347
2009-06-21 11:00:00,5920.5854,6809.003,8731.282,6235.097,7410.347
2009-06-21 12:00:00,5920.5854,6809.003,8731.282,6235.097,7410.347
2009-06-21 13:00:00,5920.5854,6809.003,8731.282,6235.097,7410.347
2009-06-21 14:00:00,5920.5854,6809.003,8731.282,6235.097,7410.347
2009-06-21 15:00:00,5920.5854,6809.003,8731.282,6235.097,7410.347
2009-06-21 16:00:00,5920.5854,6809.003,8731.282,6235.097,7410.347
2009-06-21 17:00:00,5920.5854,6809.003,8731.282,6235.097,7410.347
2009-06-21 18:00:00,5920.5854,6809.003,8731.282,6235.097,7410.347
2009-06-21 19:00:00,5920.5854,6809.003,8731.282,6235.097,7410.347
2009-06-21 20:00:00,5920.5854,6809.003,8731.282,6235.097,7410.347
2009-06-21 21:00:00,5920.5854,6809.003,8731.282,6235.097,7410.347
2009-06-21 22:00:00,5920.5854,6809.003,8731.282,6235.097,7410.347
2009-06-21 23:00:00,5920.5854,6809.003,8731.282,6235.097,7410.347
2009-06-22 00:00:00,5920.5854,6809.003,8731.282,6235.097,7410.347
2009-06-22 01:00:00,5920.5854,6809.003,8731.282,6235.097,7410.347
2009-06-22 02:00:00,5920.5854,6809.003,8731.282,6235.097,7410.347
2009-06-22 03:00:00,5920.5854,6809.003,8731.282,6235.097,7410.347
2009-06-22 04:00:00,5920.5854,6809.003,8731.282,6235.097,7410.347
2009-06-22 05:00:00,5920.5854,6809.003,8731.282,6235.097,7410.347
2009-06-22 06:00:00,5920.5854,6809.003,8731.282,6235.097,7410.347
2009-06-22 07:00:00,5920.5854,6809.003,8731.282,6235.097,7410.347
2009-06-22 08:00:00,5920.5854,6809.003,8731.282,6235.097,7410.347
2009-06-22 09:00:00,5920.5854,6809.003,8731.282,6235.097,7410.347
2009-06-22 10:00:00,5920.5854,6809.003,8731.282,6235.097,7410.347
2009-06-22 11:00:00,5920.5854,6809.003,8731.282,6235.097,7410.347
2009-06-22 12:00:00,5920.5854,6809.003,8731.282,6235.097,7410.347
2009-06-22 13:00:00,5920.5854,6809.003,8731.282,6235.097,7410.347
2009-06-22 14:00:00,5920.5854,6809.003,8731.282,6235.097,7410.347
2009-06-22 15:00:00,5920.5854,6809.003,8731.282,6235.097,7410.347
2009-06-22 16:00:00,5920.5854,6809.003,8731.282,6235.097,7410.347
2009-06-22 17:00:00,5920.5854,6809.003,8731.282,6235.097,7410.347
2009-06-22 18:00:00,5920.5854,6809.003,8731.282,6235.097,7410.347
2009-06-22 19:00:00,5920.5854,6809.003,8731.282,6235.097,7410.347
2009-06-22 20:00:00,5920.5854,6809.003,8731.282,6235.097,7410.347
2009-06-22 21:00:00,5920.5854,6809.003,8731.282,6235.097,7410.347
2009-06-22 22:00:00,5920.5854,6809.003,8731.282,6235.097,7410.5845
2009-06-22 23:00:00,5920.5854,6809.003,8731.282,6235.097,7410.7295
2009-06-23 00:00:00,5920.5854,6809.003,8731.282,6235.097,7410.7295
2009-06-23 01:00:00,5920.5854,6809.003,8731.282,6235.097,7410.7295
2009-06-23 02:00:00,5920.5854,6809.003,8731.282,6235.097,7410.7295
2009-06-23 03:00:00,5920.5854,6809.003,8731.282,6235.097,7410.7295
2009-06-23 04:00:00,5920.5854,6809.003,8731.282,6235.097,7410.7295
2009-06-23 05:00:00,5920.5854,6809.003,8731.282,6235.097,7410.7295
2009-06-23 06:00:00,5920.5854,6809.003,8731.282,6235.097,7410.7295
2009-06-23 07:00:00,5920.5854,6809.003,8731.282,6235.097,7410.7295
2009-06-23 08:00:00,5920.5854,6809.003,8731.282,6235.097,7410.7295
2009-06-23 09:00:00,5920.5854,6809.003,8731.282,6235.097,7410.7295
2009-06-23 10:00:00,5920.5854,6809.003,8731.282,6235.097,7410.7295
2009-06-23 11:00:00,5920.5854,6809.003,8731.282,6235.097,7410.7295
2009-06-23 12:00:00,5920.5854,6809.003,8731.282,6235.097,7410.7295
2009-06-23 13:00:00,5920.5854,6809.003,8731.282,6235.097,7410.7295
2009-06-23 14:00:00,5920.5854,6809.003,8731.282,6235.097,7410.7295
2009-06-23 15:00:00,5920.5854,6809.003,8731.282,6235.097,7410.7295
2009-06-23 16:00:00,5920.5854,6809.003,8731.282,6235.097,7410.7295
2009-06-23 17:00:00,5920.5854,6809.003,8731.282,6235.097,7410.7295
2009-06-23 18:00:00,5920.5854,6809.003,8731.282,6235.097,7410.7295
2009-06-23 19:00:00,5920.5854,6809.003,8731.282,6235.097,7410.7295
2009-06-23 20:00:00,5920.5854,6809.003,8731.282,6235.097,7410.7295
2009-06-23 21:00:00,5920.5854,6809.003,8731.282,6235.097,7410.7295
2009-06-23 22:00:00,5920.5854,6809.003,8731.282,6235.097,7410.7295
2009-06-23 23:00:00,5920.5854,6809.003,8731.282,6235.097,7410.7295
2009-06-24 00:00:00,5920.5854,6809.003,8731.282,6235.097,7410.7295
2009-06-24 01:00:00,5920.5854,6809.003,8731.282,6235.097,7410.7295
2009-06-24 02:00:00,5920.5854,6809.003,8731.282,6235.097,7410.7295
2009-06-24 03:00:00,5920.5854,6809.003,8731.282,6235.097,7410.7295
2009-06-24 04:00:00,5920.5854,6809.003,8731.282,6235.097,7410.7295
2009-06-24 05:00:00,5920.5854,6809.003,8731.282,6235.097,7410.7295
2009-06-24 06:00:00,5920.5854,6809.003,8731.282,6235.097,7410.7295
2009-06-24 07:00:00,5920.5854,6809.003,8731.282,6235.097,7410.7295
2009-06-24 08:00:00,5920.5854,6809.003,8731.282,6235.097,7410.7295
2009-06-24 09:00:00,5920.5854,6809.003,8731.282,6235.097,7410.7295
2009-06-24 10:00:00,5920.5854,6809.003,8731.282,6235.097,7410.7295
2009-06-24 11:00:00,5920.5854,6809.003,8731.282,6235.097,7410.7295
2009-06-24 12:00:00,5920.5854,6809.003,8731.282,6235.097,7410.7295
2009-06-24 13:00:00,5920.5854,6809.003,8731.282,6235.097,7410.7295
2009-06-24 14:00:00,5920.5854,6809.003,8731.282,6235.097,7410.7295
2009-06-24 15:00:00,5920.5854,6809.003,8731.282,6235.097,7410.7295
2009-06-24 16:00:00,5920.5854,6809.003,8731.282,6235.097,7410.7295
2009-06-24 17:00:00,5920.5854,6809.003,8731.282,6235.097,7410.7295
2009-06-24 18:00:00,5920.5854,6809.003,8731.282,6235.097,7410.7295
2009-06-24 19:00:00,5920.5854,6809.003,8731.282,6235.097,7410.7295
2009-06-24 20:00:00,5920.5854,6809.003,8731.282,6235.097,7410.7295
2009-06-24 21:00:00,5920.5854,6809.003,8731.282,6235.097,7410.7295
2009-06-24 22:00:00,5920.5854,6809.003,8731.282,6235.097,7410.7295
2009-06-24 23:00:00,5920.5854,6809.003,8731.282,6235.097,7410.7295
2009-06-25 00:00:00,5920.5854,6809.003,8731.282,6235.097,7410.7295
2009-06-25 01:00:00,5920.5854,6809.003,8731.282,6235.097,7410.7295
2009-06-25 02:00:00,5920.5854,6809.003,8731.282,6235.097,7410.7295
2009-06-25 03:00:00,5920.5854,6809.003,8731.282,6235.097,7410.7295
2009-06-25 04:00:00,5920.5854,6809.003,8731.282,6235.097,7410.7295
2009-06-25 05:00:00,5920.5854,6809.003,8731.282,6235.097,7410.7295
2009-06-25 06:00:00,5920.5854,6809.003,8731.282,6235.097,7410.7295
2009-06-25 07:00:00,5920.5854,6809.003,8731.282,6235.097,7410.7295
2009-06-25 08:00:00,5920.5854,6809.003,8731.282,6235.097,7410.7295
2009-06-25 09:00:00,5920.5854,6809.003,8731.282,6235.097,7410.7295
2009-06-25 10:00:00,5920.5854,6809.003,8731.282,6235.097,7410.7295
2009-06-25 11:00:00,5920.5854,6809.003,8731.282,6235.097,7410.7295
2009-06-25 12:00:00,5920.5854,6809.003,8731.282,6235.097,7410.7295
2009-06-25 13:00:00,5920.5854,6809.003,8731.282,6235.097,7410.7295
2009-06-25 14:00:00,5920.5854,6809.003,8731.282,6235.097,7410.7295
2009-06-25 15:00:00,5920.5854,6809.003,8731.282,6235.097,7410.7295
2009-06-25 16:00:00,5920.5854,6809.003,8731.282,6235.097,7410.7295
2009-06-25 17:00:00,5920.5854,6809.003,8731.282,6235.097,7410.7295
2009-06-25 18:00:00,5920.5854,6809.003,8731.282,6235.097,7410.7295
2009-06-25 19:00:00,5920.5854,6809.003,8731.282,6235.097,7410.7295
2009-06-25 20:00:00,5920.5854,6809.003,8731.282,6235.097,7410.7295
2009-06-25 21:00:00,5920.5854,6809.003,8731.282,6235.097,7410.7295
2009-06-25 22:00:00,5920.5854,6809.003,8731.282,6235.097,7410.7295
2009-06-25 23:00:00,5920.5854,6809.003,8731.282,6235.097,7410.7295
2009-06-26 00:00:00,5920.5854,6809.003,8731.282,6235.097,7410.7295
2009-06-26 01:00:00,5920.5854,6809.003,8731.282,6235.097,7410.7295
2009-06-26 02:00:00,5920.5854,6809.003,8731.282,6235.097,7410.7295
2009-06-26 03:00:00,5920.5854,6809.003,8731.282,6235.097,7410.7295
2009-06-26 04:00:00,5920.5854,6809.003,8731.282,6235.097,7410.7295
2009-06-26 05:00:00,5920.5854,6809.003,8731.282,6235.097,7410.7295
2009-06-26 06:00:00,5920.5854,6809.003,8731.282,6235.097,7410.7295
2009-06-26 07:00:00,5920.5854,6809.003,8731.282,6235.097,7410.7295
2009-06-26 08:00:00,5920.5854,6809.003,8731.282,6235.097,7410.7295
2009-06-26 09:00:00,5920.5854,6809.003,8731.282,6235.097,7410.7295
2009-06-26 10:00:00,5920.5854,6809.003,8731.282,6235.097,7410.7295
2009-06-26 11:00:00,5920.5854,6809.003,8731.282,6235.097,7410.7295
2009-06-26 12:00:00,5920.5854,6809.003,8731.282,6235.097,7410.7295
2009-06-26 13:00:00,5920.5854,6809.003,8731.282,6235.097,7410.7295
2009-06-26 14:00:00,5920.5854,6809.003,8731.282,6235.097,7410.7295
2009-06-26 15:00:00,5920.5854,6809.003,8731.282,6235.097,7410.7295
2009-06-26 16:00:00,5920.5854,6809.003,8731.282,6235.097,7410.7295
2009-06-26 17:00:00,5920.5854,6809.003,8731.282,6235.097,7410.7295
2009-06-26 18:00:00,5920.5854,6809.003,8731.282,6235.097,7410.7295
2009-06-26 19:00:00,5920.5854,6809.003,8731.282,6235.097,7410.7295
2009-06-26 20:00:00,5920.5854,6809.003,8731.282,6235.097,7410.7295
2009-06-26 21:00:00,5920.5854,6809.003,8731.282,6235.097,7410.7295
2009-06-26 22:00:00,5920.5854,6809.003,8731.282,6235.097,7410.7295
2009-06-26 23:00:00,5920.5854,6809.003,8731.282,6235.097,7410.7295
2009-06-27 00:00:00,5920.5854,6809.003,8731.282,6235.097,7410.7295
2009-06-27 01:00:00,5920.5854,6809.003,8731.282,6235.097,7410.7295
2009-06-27 02:00:00,5920.5854,6809.003,8731.282,6235.097,7410.7295
2009-06-27 03:00:00,5920.5854,6809.003,8731.282,6235.097,7410.7295
2009-06-27 04:00:00,5920.5854,6809.003,8731.282,6235.097,7410.7295
2009-06-27 05:00:00,5920.5854,6809.003,8731.282,6235.097,7410.7295
2009-06-27 06:00:00,5920.5854,6809.003,8731.282,6235.097,7410.7295
2009-06-27 07:00:00,5920.5854,6809.003,8731.282,6235.097,7410.7295
2009-06-27 08:00:00,5920.5854,6809.003,8731.282,6235.097,7410.7295
2009-06-27 09:00:00,5920.5854,6809.003,8731.282,6235.097,7410.7295
2009-06-27 10:00:00,5920.5854,6809.003,8731.282,6235.097,7410.7295
2009-06-27 11:00:00,5920.5854,6809.003,8731.282,6235.097,7410.7295
2009-06-27 12:00:00,5920.5854,6809.003,8731.282,6235.097,7410.7295
2009-06-27 13:00:00,5920.5854,6809.003,8731.282,6235.097,7410.7295
2009-06-27 14:00:00,5920.5854,6809.003,8731.282,6235.097,7410.7295
2009-06-27 15:00:00,5920.5854,6809.003,8731.282,6235.097,7410.7295
2009-06-27 16:00:00,5920.5854,6809.003,8731.282,6235.097,7410.7295
2009-06-27 17:00:00,5920.5854,6809.003,8731.282,6235.097,7410.7295
2009-06-27 18:00:00,5920.5854,6809.003,8731.282,6235.097,7410.7295
2009-06-27 19:00:00,5920.5854,6809.003,8731.282,6235.097,7410.7295
2009-06-27 20:00:00,5920.5854,6809.003,8731.282,6235.097,7410.7295
2009-06-27 21:00:00,5920.5854,6809.003,8731.282,6235.097,7410.7295
2009-06-27 22:00:00,5920.5854,6809.003,8731.282,6235.097,7410.7295
2009-06-27 23:00:00,5920.5854,6809.003,8731.282,6235.097,7410.7295
2009-06-28 00:00:00,5920.5854,6809.003,8731.282,6235.097,7410.7295
2009-06-28 01:00:00,5920.5854,6809.003,8731.282,6235.097,7410.7295
2009-06-28 02:00:00,5920.5854,6809.003,8731.282,6235.097,7410.7295
2009-06-28 03:00:00,5920.5854,6809.003,8731.282,6235.097,7410.7295
2009-06-28 04:00:00,5920.5854,6809.003,8731.282,6235.097,7410.7295
2009-06-28 05:00:00,5920.5854,6809.003,8731.282,6235.097,7410.7295
2009-06-28 06:00:00,5920.5854,6809.003,8731.282,6235.097,7410.7295
2009-06-28 07:00:00,5920.5854,6809.003,8731.282,6235.097,7410.7295
2009-06-28 08:00:00,5920.5854,6809.003,8731.282,6235.097,7410.7295
2009-06-28 09:00:00,5920.5854,6809.003,8731.282,6235.097,7410.7295
2009-06-28 10:00:00,5920.5854,6809.003,8731.282,6235.097,7410.7295
2009-06-28 11:00:00,5920.5854,6809.003,8731.282,6235.097,7410.7295
2009-06-28 12:00:00,5920.5854,6809.003,8731.282,6235.097,7410.7295
2009-06-28 13:00:00,5920.5854,6809.003,8731.282,6235.097,7410.7295
2009-06-28 14:00:00,5920.5854,6809.003,8731.282,6235.097,7410.7295
2009-06-28 15:00:00,5920.5854,6809.003,8731.282,6235.097,7410.7295
2009-06-28 16:00:00,5920.5854,6809.003,8731.282,6235.097,7410.7295
2009-06-28 17:00:00,5920.5854,6809.003,8731.282,6235.097,7410.7295
2009-06-28 18:00:00,5920.5854,6809.003,8731.282,6235.097,7410.7295
2009-06-28 19:00:00,5920.5854,6809.003,8731.282,6235.097,7410.7295
2009-06-28 20:00:00,5920.5854,6809.003,8731.282,6235.097,7410.7295
2009-06-28 21:00:00,5920.5854,6809.003,8731.282,6235.097,7410.7295
2009-06-28 22:00:00,5920.5854,6809.003,8731.282,6235.097,7410.7295
2009-06-28 23:00:00,5920.5854,6809.003,8731.282,6235.097,7410.7295
2009-06-29 00:00:00,5920.5854,6809.003,8731.282,6235.097,7410.7295
2009-06-29 01:00:00,5920.5854,6809.003,8731.282,6235.097,7410.7295
2009-06-29 02:00:00,5920.5854,6809.003,8731.282,6235.097,7410.7295
2009-06-29 03:00:00,5920.5854,6809.003,8731.282,6235.097,7410.7295
2009-06-29 04:00:00,5920.5854,6809.003,8731.282,6235.097,7410.7295
2009-06-29 05:00:00,5920.5854,6809.003,8731.282,6235.097,7410.7295
2009-06-29 06:00:00,5920.5854,6809.003,8731.282,6235.097,7410.7295
2009-06-29 07:00:00,5920.5854,6809.003,8731.282,6235.097,7410.7295
2009-06-29 08:00:00,5920.5854,6809.003,8731.282,6235.097,7410.7295
2009-06-29 09:00:00,5920.5854,6809.003,8731.282,6235.097,7410.7295
2009-06-29 10:00:00,5920.5854,6809.003,8731.282,6235.097,7410.7295
2009-06-29 11:00:00,5920.5854,6809.003,8731.282,6235.097,7410.7295
2009-06-29 12:00:00,5920.5854,6809.003,8731.282,6235.097,7410.7295
2009-06-29 13:00:00,5920.5854,6809.003,8731.282,6235.097,7410.7295
2009-06-29 14:00:00,5920.5854,6809.003,8731.282,6235.097,7410.7295
2009-06-29 15:00:00,5920.5854,6809.003,8731.282,6235.097,7410.7295
2009-06-29 16:00:00,5920.5854,6809.003,8731.282,6235.097,7410.7295
2009-06-29 17:00:00,5920.5854,6809.003,8731.282,6235.097,7410.7295
2009-06-29 18:00:00,5920.5854,6809.003,8731.282,6235.097,7410.7295
2009-06-29 19:00:00,5920.5854,6809.003,8731.282,6235.097,7410.7295
2009-06-29 20:00:00,5920.5854,6809.003,8731.282,6235.097,7410.7295
2009-06-29 21:00:00,5920.5854,6809.0615,8731.282,6235.097,7410.7295
2009-06-29 22:00:00,5920.5854,6810.193,8731.282,6235.097,7410.7295
2009-06-29 23:00:00,5920.5854,6810.193,8731.282,6235.097,7410.7295
2009-06-30 00:00:00,5920.5854,6810.193,8731.282,6235.126,7410.7295
2009-06-30 01:00:00,5920.5854,6810.193,8731.282,6235.126,7410.7295
2009-06-30 02:00:00,5920.5854,6810.193,8731.282,6235.194,7410.7295
2009-06-30 03:00:00,5920.5854,6810.193,8731.282,6235.194,7410.7295
2009-06-30 04:00:00,5920.5854,6810.193,8731.282,6235.194,7410.7295
2009-06-30 05:00:00,5920.5854,6810.193,8731.282,6235.194,7410.7295
2009-06-30 06:00:00,5920.5854,6810.193,8731.282,6235.194,7410.7295
2009-06-30 07:00:00,5920.5854,6810.193,8731.282,6235.194,7410.7295
2009-06-30 08:00:00,5920.5854,6810.193,8731.282,6235.194,7410.7295
2009-06-30 09:00:00,5920.5854,6810.193,8731.282,6235.194,7410.7295
2009-06-30 10:00:00,5920.5854,6810.193,8731.282,6235.194,7410.7295
2009-06-30 11:00:00,5920.5854,6810.193,8731.282,6235.194,7410.7295
2009-06-30 12:00:00,5920.5854,6810.193,8731.282,6235.194,7410.7295
2009-06-30 13:00:00,5920.5854,6810.2017,8731.282,6235.194,7410.7295
2009-06-30 14:00:00,5920.5854,6810.2017,8731.282,6235.4585,7410.7295
2009-06-30 15:00:00,5920.863,6810.2017,8731.282,6235.628,7410.7295
2009-06-30 16:00:00,5920.863,6810.2017,8731.282,6235.628,7410.7295
2009-06-30 17:00:00,5921.8438,6810.2017,8731.282,6235.628,7410.7295
2009-06-30 18:00:00,5921.8438,6810.2017,8731.282,6235.628,7410.7295
2009-06-30 19:00:00,5921.8438,6810.2017,8731.282,6235.628,7410.7295
2009-06-30 20:00:00,5921.8438,6810.2017,8731.282,6235.628,7410.7295
2009-06-30 21:00:00,5921.8438,6810.485,8731.282,6235.628,7410.7295
2009-06-30 22:00:00,5921.8438,6810.485,8731.282,6235.628,7410.7295
2009-06-30 23:00:00,5921.8438,6810.485,8731.282,6235.628,7410.7295
2009-07-01 00:00:00,5921.8438,6810.485,8731.282,6235.628,7410.7295
2009-07-01 01:00:00,5921.8438,6810.485,8731.282,6235.628,7410.7295
2009-07-01 02:00:00,5921.8438,6810.485,8731.282,6235.628,7410.7295
2009-07-01 03:00:00,5921.8438,6810.485,8731.282,6235.628,7410.7295
2009-07-01 04:00:00,5921.8438,6810.485,8731.282,6235.628,7410.7295
2009-07-01 05:00:00,5921.8438,6810.485,8731.282,6235.628,7410.7295
2009-07-01 06:00:00,5921.8438,6810.485,8731.282,6235.628,7410.7295
2009-07-01 07:00:00,5921.8438,6810.485,8731.282,6235.628,7410.7295
2009-07-01 08:00:00,5921.8438,6810.485,8731.282,6235.628,7410.7295
2009-07-01 09:00:00,5921.8438,6810.485,8731.282,6235.628,7410.7295
2009-07-01 10:00:00,5921.8438,6810.485,8731.282,6235.628,7410.7295
2009-07-01 11:00:00,5921.8438,6810.485,8731.282,6235.628,7410.7295
2009-07-01 12:00:00,5921.8438,6810.485,8731.282,6235.628,7410.7295
2009-07-01 13:00:00,5921.8438,6810.485,8731.282,6235.628,7410.7295
2009-07-01 14:00:00,5921.8438,6810.485,8731.282,6235.628,7410.7295
2009-07-01 15:00:00,5921.8438,6810.485,8731.282,6235.628,7410.7295
2009-07-01 16:00:00,5921.8438,6810.485,8731.282,6235.628,7410.7295
2009-07-01 17:00:00,5921.8438,6810.485,8731.282,6235.628,7410.7295
2009-07-01 18:00:00,5921.8438,6810.485,8731.282,6235.628,7410.912
2009-07-01 19:00:00,5921.8438,6810.485,8731.282,6235.628,7410.997
2009-07-01 20:00:00,5921.8438,6810.485,8731.282,6235.628,7410.997
2009-07-01 21:00:00,5921.8438,6810.485,8731.282,6235.628,7410.997
2009-07-01 22:00:00,5921.8438,6810.485,8731.282,6235.628,7410.997
2009-07-01 23:00:00,5921.8438,6810.485,8731.282,6235.628,7410.997
2009-07-02 00:00:00,5921.8438,6810.485,8731.282,6235.628,7410.997
2009-07-02 01:00:00,5921.8438,6810.485,8731.282,6235.628,7410.997
2009-07-02 02:00:00,5921.8438,6810.485,8731.282,6235.628,7410.997
2009-07-02 03:00:00,5921.8438,6810.485,8731.282,6235.628,7410.997
2009-07-02 04:00:00,5921.8438,6810.485,8731.282,6235.628,7410.997
2009-07-02 05:00:00,5921.8438,6810.485,8731.282,6235.628,7410.997
2009-07-02 06:00:00,5921.8438,6810.485,8731.282,6235.628,7410.997
2009-07-02 07:00:00,5921.8438,6810.485,8731.282,6235.628,7410.997
2009-07-02 08:00:00,5921.8438,6810.485,8731.282,6235.628,7410.997
2009-07-02 09:00:00,5921.8438,6810.485,8731.282,6235.628,7410.997
2009-07-02 10:00:00,5921.8438,6810.485,8731.282,6235.628,7410.997
2009-07-02 11:00:00,5921.8438,6810.485,8731.282,6235.628,7410.997
2009-07-02 12:00:00,5921.8438,6810.485,8731.282,6235.628,7410.997
2009-07-02 13:00:00,5921.8438,6810.485,8731.282,6235.628,7410.997
2009-07-02 14:00:00,5921.8438,6810.485,8731.282,6235.628,7410.997
2009-07-02 15:00:00,5921.8438,6810.485,8731.282,6235.628,7410.997
2009-07-02 16:00:00,5921.8438,6810.485,8731.282,6235.628,7410.997
2009-07-02 17:00:00,5921.8438,6810.485,8731.282,6235.628,7410.997
2009-07-02 18:00:00,5921.8438,6810.485,8731.282,6235.628,7410.997
2009-07-02 19:00:00,5921.8438,6810.485,8731.282,6235.628,7410.997
2009-07-02 20:00:00,5921.8438,6810.485,8731.282,6235.628,7410.997
2009-07-02 21:00:00,5921.8438,6810.485,8731.282,6235.628,7410.997
2009-07-02 22:00:00,5921.8438,6810.485,8731.282,6235.628,7410.997
2009-07-02 23:00:00,5921.8438,6810.485,8731.282,6235.628,7410.997
2009-07-03 00:00:00,5921.8438,6810.485,8731.282,6235.628,7410.997
2009-07-03 01:00:00,5921.8438,6810.485,8731.282,6235.628,7410.997
2009-07-03 02:00:00,5921.8438,6810.485,8731.282,6235.628,7410.997
2009-07-03 03:00:00,5921.8438,6810.485,8731.282,6235.628,7410.997
2009-07-03 04:00:00,5921.8438,6810.485,8731.282,6235.628,7410.997
2009-07-03 05:00:00,5921.8438,6810.485,8731.282,6235.628,7410.997
2009-07-03 06:00:00,5921.8438,6810.485,8731.282,6235.628,7410.997
2009-07-03 07:00:00,5921.8438,6810.485,8731.282,6235.628,7410.997
2009-07-03 08:00:00,5921.8438,6810.485,8731.282,6235.628,7410.997
2009-07-03 09:00:00,5921.8438,6810.485,8731.282,6235.628,7410.997
2009-07-03 10:00:00,5921.8438,6810.485,8731.282,6235.628,7410.997
2009-07-03 11:00:00,5921.8438,6810.485,8731.282,6235.628,7410.997
2009-07-03 12:00:00,5921.8438,6810.485,8731.282,6235.628,7410.997
2009-07-03 13:00:00,5921.8438,6810.485,8731.282,6235.628,7410.997
2009-07-03 14:00:00,5921.8438,6810.485,8731.282,6235.628,7410.997
2009-07-03 15:00:00,5921.8438,6810.485,8731.282,6235.628,7410.997
2009-07-03 16:00:00,5921.8438,6810.485,8731.282,6235.628,7410.997
2009-07-03 17:00:00,5921.8438,6810.485,8731.282,6235.628,7410.997
2009-07-03 18:00:00,5921.8438,6810.485,8731.282,6235.628,7410.997
2009-07-03 19:00:00,5921.8438,6810.485,8731.282,6235.628,7410.997
2009-07-03 20:00:00,5921.8438,6810.485,8731.282,6235.628,7410.997
2009-07-03 21:00:00,5921.8438,6810.485,8731.282,6235.628,7410.997
2009-07-03 22:00:00,5921.8438,6810.485,8731.282,6235.628,7410.997
2009-07-03 23:00:00,5921.8438,6810.485,8731.282,6235.628,7410.997
2009-07-04 00:00:00,5921.8438,6810.485,8731.282,6235.628,7410.997
2009-07-04 01:00:00,5921.8438,6810.485,8731.282,6235.628,7410.997
2009-07-04 02:00:00,5921.8438,6810.485,8731.282,6235.628,7410.997
2009-07-04 03:00:00,5921.8438,6810.485,8731.282,6235.628,7410.997
2009-07-04 04:00:00,5921.8438,6810.485,8731.282,6235.628,7410.997
2009-07-04 05:00:00,5921.8438,6810.485,8731.282,6235.628,7410.997
2009-07-04 06:00:00,5921.8438,6810.485,8731.282,6235.628,7410.997
2009-07-04 07:00:00,5921.8438,6810.485,8731.282,6235.628,7410.997
2009-07-04 08:00:00,5921.8438,6810.485,8731.282,6235.628,7410.997
2009-07-04 09:00:00,5921.8438,6810.485,8731.282,6235.628,7410.997
2009-07-04 10:00:00,5921.8438,6810.485,8731.282,6235.628,7410.997
2009-07-04 11:00:00,5921.8438,6810.485,8731.282,6235.628,7410.997
2009-07-04 12:00:00,5921.8438,6810.485,8731.282,6235.628,7410.997
2009-07-04 13:00:00,5921.8438,6810.485,8731.282,6235.628,7410.997
2009-07-04 14:00:00,5921.8438,6810.485,8731.282,6235.628,7410.997
2009-07-04 15:00:00,5921.8438,6810.485,8731.282,6235.628,7410.997
2009-07-04 16:00:00,5921.8438,6810.485,8731.282,6235.628,7410.997
2009-07-04 17:00:00,5921.8438,6810.485,8731.282,6235.628,7410.997
2009-07-04 18:00:00,5921.8438,6810.485,8731.282,6235.628,7410.997
2009-07-04 19:00:00,5921.8438,6810.485,8731.282,6235.628,7410.997
2009-07-04 20:00:00,5921.8438,6810.485,8731.282,6235.628,7410.997
2009-07-04 21:00:00,5921.8438,6810.485,8731.282,6235.628,7410.997
2009-07-04 22:00:00,5921.8438,6810.485,8731.282,6235.628,7410.997
2009-07-04 23:00:00,5921.8438,6810.485,8731.282,6235.628,7410.997
2009-07-05 00:00:00,5921.8438,6810.485,8739.04,6236.1924,7411.29
2009-07-05 01:00:00,5921.8438,6810.485,8739.551,6236.5005,7411.29
2009-07-05 02:00:00,5921.8438,6810.485,8740.221,6236.9424,7411.29
2009-07-05 03:00:00,5921.8438,6810.485,8741.511,6236.9946,7411.29
2009-07-05 04:00:00,5921.8438,6810.485,8731.282,6235.628,7410.997
2009-07-05 05:00:00,5921.8438,6810.485,8731.282,6235.628,7410.997
2009-07-05 06:00:00,5921.8438,6810.485,8731.282,6235.628,7410.997
2009-07-05 07:00:00,5921.8438,6810.485,8731.282,6235.628,7410.997
2009-07-05 08:00:00,5921.8438,6810.485,8731.282,6235.628,7410.997
2009-07-05 09:00:00,5921.8438,6810.485,8731.282,6235.628,7410.997
2009-07-05 10:00:00,5921.8438,6810.485,8731.282,6235.628,7410.997
2009-07-05 11:00:00,5921.8438,6810.485,8731.282,6235.628,7410.997
2009-07-05 12:00:00,5921.8438,6810.485,8731.282,6235.628,7410.997
2009-07-05 13:00:00,5921.8438,6810.485,8731.282,6235.628,7410.997
2009-07-05 14:00:00,5921.8438,6810.485,8731.282,6235.628,7410.997
2009-07-05 15:00:00,5921.8438,6810.485,8731.282,6235.628,7410.997
2009-07-05 16:00:00,5921.8438,6810.485,8731.282,6235.628,7410.997
2009-07-05 17:00:00,5921.8438,6810.485,8731.282,6235.628,7410.997
2009-07-05 18:00:00,5921.8438,6810.485,8731.282,6235.628,7410.997
2009-07-05 19:00:00,5921.8438,6810.485,8731.282,6235.628,7411.0244
2009-07-05 20:00:00,5921.8438,6810.485,8731.282,6235.628,7411.29
2009-07-05 21:00:00,5921.8438,6810.485,8731.318,6235.628,7411.29
2009-07-05 22:00:00,5921.8438,6810.485,8736.275,6235.628,7411.29
2009-07-05 23:00:00,5921.8438,6810.485,8736.995,6235.67,7411.29
2009-07-06 00:00:00,5921.8438,6810.485,8741.657,6236.9946,7411.625
2009-07-06 01:00:00,5921.8438,6810.485,8741.657,6236.9946,7411.625
2009-07-06 02:00:00,5921.8438,6810.485,8741.657,6236.9946,7411.625
2009-07-06 03:00:00,5921.8438,6810.485,8741.657,6236.9946,7411.625
2009-07-06 04:00:00,5921.8438,6810.5835,8741.657,6236.9946,7411.625
2009-07-06 05:00:00,5921.8438,6810.5835,8741.657,6238.067,7411.625
2009-07-06 06:00:00,5921.8438,6810.675,8741.657,6238.067,7411.625
2009-07-06 07:00:00,5921.8438,6810.8237,8741.657,6238.123,7411.625
2009-07-06 08:00:00,5921.8438,6810.8237,8741.657,6238.1636,7411.625
2009-07-06 09:00:00,5921.8438,6810.8237,8741.657,6238.1636,7411.625
2009-07-06 10:00:00,5921.8438,6810.8237,8741.657,6238.1636,7411.625
2009-07-06 11:00:00,5921.8438,6810.8237,8741.657,6238.1636,7411.625
2009-07-06 12:00:00,5921.8438,6810.8237,8741.657,6238.1636,7411.625
2009-07-06 13:00:00,5921.8438,6810.8237,8741.657,6238.1636,7411.625
2009-07-06 14:00:00,5921.8438,6810.8237,8741.657,6238.1636,7411.625
2009-07-06 15:00:00,5921.8438,6810.8237,8741.657,6238.1636,7411.625
2009-07-06 16:00:00,5921.8438,6810.8237,8741.657,6238.1636,7411.625
2009-07-06 17:00:00,5921.8438,6810.8237,8741.657,6238.1636,7411.625
2009-07-06 18:00:00,5921.8438,6810.8237,8741.657,6238.1636,7411.6567
2009-07-06 19:00:00,5921.8438,6810.8237,8741.657,6238.1636,7411.6567
2009-07-06 20:00:00,5921.8438,6810.8237,8741.657,6238.1636,7411.6567
2009-07-06 21:00:00,5921.8438,6810.8237,8741.657,6238.1636,7411.6567
2009-07-06 22:00:00,5921.8438,6810.8237,8741.657,6238.1636,7411.6567
2009-07-06 23:00:00,5921.8438,6810.8237,8741.657,6238.1636,7411.6567
2009-07-07 00:00:00,5921.8438,6810.8237,8741.657,6238.1636,7411.6567
2009-07-07 01:00:00,5921.8438,6810.8237,8741.657,6238.1636,7411.6567
2009-07-07 02:00:00,5921.8438,6810.8237,8741.657,6238.1636,7411.6567
2009-07-07 03:00:00,5921.8438,6810.8237,8741.657,6238.1636,7411.6567
2009-07-07 04:00:00,5921.8438,6810.8237,8741.657,6238.1636,7411.6567
2009-07-07 05:00:00,5921.8438,6810.8237,8741.657,6238.1636,7411.6567
2009-07-07 06:00:00,5921.8438,6810.8237,8741.657,6238.1636,7411.6567
2009-07-07 07:00:00,5921.8438,6810.8237,8741.657,6238.1636,7411.6567
2009-07-07 08:00:00,5921.8438,6810.8237,8741.657,6238.1636,7411.6567
2009-07-07 09:00:00,5921.8438,6810.8237,8741.657,6238.1636,7411.6567
2009-07-07 10:00:00,5921.8438,6810.8237,8741.657,6238.1636,7411.6567
2009-07-07 11:00:00,5921.8438,6810.8237,8741.657,6238.1636,7411.6567
2009-07-07 12:00:00,5921.8823,6810.8237,8741.657,6238.1636,7411.6567
2009-07-07 13:00:00,5921.9897,6810.8237,8741.657,6238.1636,7411.6567
2009-07-07 14:00:00,5921.9897,6810.8237,8741.657,6238.1636,7411.6567
2009-07-07 15:00:00,5921.9897,6810.8237,8741.657,6238.8057,7411.6567
2009-07-07 16:00:00,5921.9897,6810.8237,8741.657,6238.8154,7411.6567
2009-07-07 17:00:00,5921.9897,6810.8237,8741.657,6238.8154,7411.6567
2009-07-07 18:00:00,5921.9897,6810.8237,8741.657,6238.8154,7411.6567
2009-07-07 19:00:00,5921.9897,6810.8237,8741.657,6238.8154,7411.6567
2009-07-07 20:00:00,5921.9897,6810.8237,8741.657,6238.8154,7411.6567
2009-07-07 21:00:00,5921.9897,6810.8237,8741.657,6238.8154,7411.6567
2009-07-07 22:00:00,5921.9897,6810.8237,8741.657,6238.8154,7411.6567
2009-07-07 23:00:00,5921.9897,6810.8486,8741.657,6238.8154,7411.6567
2009-07-08 00:00:00,5921.9897,6811.349,8741.657,6238.8154,7411.839
2009-07-08 01:00:00,5921.9897,6811.5454,8741.657,6238.8154,7411.839
2009-07-08 02:00:00,5921.9897,6811.5454,8741.657,6238.8154,7411.839
2009-07-08 03:00:00,5921.9897,6811.5454,8741.657,6238.8154,7411.839
2009-07-08 04:00:00,5921.9897,6811.5454,8741.657,6238.8154,7411.839
2009-07-08 05:00:00,5921.9897,6811.5454,8741.657,6238.8154,7411.839
2009-07-08 06:00:00,5921.9897,6811.5454,8741.657,6238.8154,7411.839
2009-07-08 07:00:00,5921.9897,6811.5454,8741.657,6238.8154,7411.839
2009-07-08 08:00:00,5921.9897,6811.5454,8741.657,6238.8154,7411.839
2009-07-08 09:00:00,5921.9897,6811.5454,8741.657,6238.8154,7411.839
2009-07-08 10:00:00,5921.9897,6811.5454,8741.657,6238.8154,7411.839
2009-07-08 11:00:00,5921.9897,6811.5454,8741.657,6238.8154,7411.839
2009-07-08 12:00:00,5922.931,6811.5454,8741.657,6239.601,7411.839
2009-07-08 13:00:00,5924.4116,6811.823,8741.797,6240.192,7411.839
2009-07-08 14:00:00,5924.4116,6811.9473,8741.936,6240.358,7411.839
2009-07-08 15:00:00,5924.7305,6811.9473,8742.58,6240.4536,7411.839
2009-07-08 16:00:00,5925.3745,6812.055,8742.58,6240.942,7411.839
2009-07-08 17:00:00,5927.53,6812.9365,8742.646,6242.1343,7411.839
2009-07-08 18:00:00,5930.292,6816.175,8743.136,6244.772,7412.2344
2009-07-08 19:00:00,5931.3394,6816.955,8745.353,6245.1963,7413.6978
2009-07-08 20:00:00,5931.6924,6817.1787,8745.881,6245.2637,7414.104
2009-07-08 21:00:00,5931.7217,6817.1787,8745.881,6245.3,7414.323
2009-07-08 22:00:00,5931.7217,6817.1787,8745.881,6246.2705,7414.323
2009-07-08 23:00:00,5931.7217,6817.1787,8745.881,6246.54,7414.323
2009-07-09 00:00:00,5931.7217,6817.1978,8745.881,6246.6025,7414.323
2009-07-09 01:00:00,5931.7217,6817.1978,8745.881,6246.6025,7414.323
2009-07-09 02:00:00,5931.9834,6817.1978,8745.881,6246.6025,7414.323
2009-07-09 03:00:00,5931.9834,6817.1978,8745.881,6246.6025,7414.323
2009-07-09 04:00:00,5931.9834,6817.1978,8745.953,6246.6025,7414.323
2009-07-09 05:00:00,5931.9834,6817.1978,8745.953,6246.6025,7414.323
2009-07-09 06:00:00,5931.9834,6817.1978,8745.953,6246.6025,7414.323
2009-07-09 07:00:00,5931.9834,6817.1978,8745.953,6246.6025,7414.323
2009-07-09 08:00:00,5931.9834,6817.1978,8745.953,6246.6025,7414.323
2009-07-09 09:00:00,5931.9834,6817.1978,8745.953,6246.6025,7414.323
2009-07-09 10:00:00,5931.9834,6817.1978,8745.953,6246.6025,7414.323
2009-07-09 11:00:00,5931.9834,6817.1978,8745.953,6246.6025,7414.323
2009-07-09 12:00:00,5931.9834,6817.1978,8745.953,6246.6025,7414.323
2009-07-09 13:00:00,5931.9834,6817.1978,8745.953,6246.6025,7414.323
2009-07-09 14:00:00,5931.9834,6817.1978,8745.953,6246.6025,7414.323
2009-07-09 15:00:00,5931.9834,6817.1978,8745.953,6246.6025,7414.323
2009-07-09 16:00:00,5931.9834,6817.1978,8745.953,6246.6025,7414.323
2009-07-09 17:00:00,5931.9834,6817.1978,8745.953,6246.6025,7414.323
2009-07-09 18:00:00,5931.9834,6817.1978,8745.953,6246.6025,7414.323
2009-07-09 19:00:00,5931.9834,6817.1978,8745.953,6246.6025,7414.323
2009-07-09 20:00:00,5931.9834,6817.1978,8745.953,6246.6025,7414.323
2009-07-09 21:00:00,5931.9834,6817.1978,8745.953,6246.6025,7414.323
2009-07-09 22:00:00,5931.9834,6817.1978,8745.953,6246.6025,7414.323
2009-07-09 23:00:00,5931.9834,6817.1978,8745.953,6246.6025,7414.323
2009-07-10 00:00:00,5931.9834,6817.1978,8745.953,6246.6025,7414.323
2009-07-10 01:00:00,5931.9834,6817.1978,8745.953,6246.6025,7414.323
2009-07-10 02:00:00,5931.9834,6817.1978,8745.953,6246.6025,7414.323
2009-07-10 03:00:00,5931.9834,6817.1978,8745.953,6246.6025,7414.323
2009-07-10 04:00:00,5931.9834,6817.1978,8745.953,6246.6025,7414.323
2009-07-10 05:00:00,5931.9834,6817.1978,8745.953,6246.6025,7414.323
2009-07-10 06:00:00,5931.9834,6817.1978,8745.953,6246.6025,7414.323
2009-07-10 07:00:00,5931.9834,6817.1978,8745.953,6246.6025,7414.323
2009-07-10 08:00:00,5931.9834,6817.1978,8745.953,6246.6025,7414.323
2009-07-10 09:00:00,5931.9834,6817.1978,8745.953,6246.6025,7414.367
2009-07-10 10:00:00,5931.9834,6817.1978,8745.953,6246.7114,7414.367
2009-07-10 11:00:00,5931.9834,6817.1978,8745.953,6247.0723,7414.367
2009-07-10 12:00:00,5931.9834,6817.1978,8745.953,6248.3516,7414.6436
2009-07-10 13:00:00,5931.9834,6817.4834,8746.161,6248.9033,7415.3438
2009-07-10 14:00:00,5931.9834,6817.848,8746.248,6250.0664,7416.4204
2009-07-10 15:00:00,5931.9834,6817.965,8746.248,6250.1367,7416.939
2009-07-10 16:00:00,5932.0474,6817.965,8746.248,6250.5737,7417.03
2009-07-10 17:00:00,5932.1445,6818.0947,8746.248,6250.991,7417.03
2009-07-10 18:00:00,5932.321,6818.0947,8746.248,6251.064,7417.03
2009-07-10 19:00:00,5932.321,6818.2295,8746.248,6251.078,7417.03
2009-07-10 20:00:00,5932.321,6818.2295,8746.248,6251.078,7417.03
2009-07-10 21:00:00,5932.321,6818.2295,8746.248,6251.078,7417.03
2009-07-10 22:00:00,5932.321,6818.2295,8746.248,6251.078,7417.03
2009-07-10 23:00:00,5932.321,6818.2295,8746.248,6251.078,7417.03
2009-07-11 00:00:00,5932.321,6818.2295,8746.248,6251.078,7417.03
2009-07-11 01:00:00,5932.321,6818.2295,8746.248,6251.078,7417.03
2009-07-11 02:00:00,5932.321,6818.2295,8746.248,6251.078,7417.03
2009-07-11 03:00:00,5932.321,6818.2295,8746.248,6251.078,7417.03
2009-07-11 04:00:00,5932.321,6818.2295,8746.248,6251.078,7417.03
2009-07-11 05:00:00,5932.321,6818.2295,8746.248,6251.078,7417.03
2009-07-11 06:00:00,5932.321,6818.2295,8746.248,6251.078,7417.03
2009-07-11 07:00:00,5932.6143,6818.2295,8746.248,6251.078,7417.03
2009-07-11 08:00:00,5933.2114,6818.2295,8746.248,6251.173,7417.4136
2009-07-11 09:00:00,5933.4995,6818.2295,8746.248,6251.45,7417.4136
2009-07-11 10:00:00,5934.364,6818.2295,8746.248,6251.9043,7417.4136
2009-07-11 11:00:00,5934.7173,6818.2295,8746.248,6251.9043,7417.4136
2009-07-11 12:00:00,5935.059,6818.2295,8746.248,6251.9043,7417.4136
2009-07-11 13:00:00,5935.173,6818.2295,8746.248,6251.9043,7417.4136
2009-07-11 14:00:00,5935.173,6818.2295,8746.248,6251.9043,7417.4136
2009-07-11 15:00:00,5935.173,6818.2295,8746.248,6251.9043,7417.4136
2009-07-11 16:00:00,5935.173,6818.2295,8746.248,6251.9043,7417.4136
2009-07-11 17:00:00,5935.173,6818.2295,8746.248,6251.9043,7417.4136
2009-07-11 18:00:00,5935.173,6818.2295,8746.248,6251.9043,7417.4136
2009-07-11 19:00:00,5935.173,6818.2295,8746.248,6251.9043,7417.4136
2009-07-11 20:00:00,5935.173,6818.2295,8746.248,6251.9043,7417.4136
2009-07-11 21:00:00,5935.173,6818.2295,8746.248,6251.9043,7417.4136
2009-07-11 22:00:00,5935.173,6818.2295,8746.248,6251.9043,7417.4136
2009-07-11 23:00:00,5935.173,6818.2295,8746.248,6251.9043,7417.4136
2009-07-12 00:00:00,5935.173,6818.2295,8746.248,6251.9043,7417.4136
2009-07-12 01:00:00,5935.173,6818.2295,8746.248,6251.9043,7417.4136
2009-07-12 02:00:00,5935.173,6818.2295,8746.248,6251.9043,7417.4136
2009-07-12 03:00:00,5935.173,6818.2295,8746.248,6251.9043,7417.4136
2009-07-12 04:00:00,5935.173,6818.2295,8746.248,6251.9043,7417.4136
2009-07-12 05:00:00,5935.173,6818.2295,8746.248,6251.9043,7417.4136
2009-07-12 06:00:00,5935.173,6818.2295,8746.248,6251.9043,7417.4136
2009-07-12 07:00:00,5935.173,6818.2295,8746.248,6251.9043,7417.4136
2009-07-12 08:00:00,5935.173,6818.2295,8746.248,6251.9043,7417.4136
2009-07-12 09:00:00,5935.173,6818.2295,8746.248,6251.9043,7417.4136
2009-07-12 10:00:00,5935.173,6818.2295,8746.248,6251.9043,7417.4136
2009-07-12 11:00:00,5935.173,6818.2295,8746.248,6251.9043,7417.4136
2009-07-12 12:00:00,5935.173,6818.2295,8746.248,6251.9043,7417.4136
2009-07-12 13:00:00,5935.173,6818.2295,8746.248,6251.9043,7417.4136
2009-07-12 14:00:00,5935.173,6818.2295,8746.248,6251.9043,7417.4136
2009-07-12 15:00:00,5935.173,6818.2295,8746.248,6251.9043,7417.4136
2009-07-12 16:00:00,5935.173,6818.2295,8746.248,6251.9043,7417.4136
2009-07-12 17:00:00,5935.173,6818.2295,8746.248,6251.9043,7417.4136
2009-07-12 18:00:00,5935.173,6818.2295,8746.248,6251.9043,7417.4136
2009-07-12 19:00:00,5935.173,6818.2295,8746.248,6251.9043,7417.4136
2009-07-12 20:00:00,5935.173,6818.2295,8746.248,6251.9043,7417.4136
2009-07-12 21:00:00,5935.173,6818.2295,8746.248,6251.9043,7417.4136
2009-07-12 22:00:00,5935.173,6818.2295,8746.248,6251.9043,7417.4136
2009-07-12 23:00:00,5935.173,6818.2295,8746.248,6251.9043,7417.4136
2009-07-13 00:00:00,5935.173,6818.2295,8746.248,6251.9043,7417.4136
2009-07-13 01:00:00,5935.173,6818.2295,8746.248,6251.9043,7417.4136
2009-07-13 02:00:00,5935.173,6818.2295,8746.248,6251.9043,7417.4136
2009-07-13 03:00:00,5935.173,6818.2295,8746.248,6251.9043,7417.4136
2009-07-13 04:00:00,5935.173,6818.2295,8746.248,6251.9043,7417.4136
2009-07-13 05:00:00,5935.173,6818.2295,8746.248,6251.9043,7417.4136
2009-07-13 06:00:00,5935.173,6818.2295,8746.248,6251.9043,7417.4136
2009-07-13 07:00:00,5935.173,6818.2295,8746.248,6251.9043,7417.4136
2009-07-13 08:00:00,5935.173,6818.2295,8746.248,6251.9043,7417.4136
2009-07-13 09:00:00,5935.173,6818.2295,8746.248,6251.9043,7417.4136
2009-07-13 10:00:00,5935.173,6818.2295,8746.248,6251.9043,7417.4136
2009-07-13 11:00:00,5935.173,6818.2295,8746.248,6251.9043,7417.4136
2009-07-13 12:00:00,5935.173,6818.2295,8746.248,6251.9043,7417.4136
2009-07-13 13:00:00,5935.173,6818.2295,8746.248,6251.9043,7417.4136
2009-07-13 14:00:00,5935.2324,6818.2295,8746.248,6251.9043,7417.4136
2009-07-13 15:00:00,5935.2324,6819.4478,8746.248,6252.003,7417.4136
2009-07-13 16:00:00,5936.6313,6820.479,8746.393,6252.003,7417.8877
2009-07-13 17:00:00,5936.7646,6820.572,8746.591,6252.1553,7417.8877
2009-07-13 18:00:00,5937.4927,6820.62,8746.591,6252.3096,7417.8877
2009-07-13 19:00:00,5937.856,6820.6636,8746.591,6252.68,7417.8877
2009-07-13 20:00:00,5937.8623,6820.7197,8746.591,6252.68,7417.8877
2009-07-13 21:00:00,5937.8623,6820.7197,8746.591,6252.68,7417.8877
2009-07-13 22:00:00,5937.8623,6820.808,8746.591,6252.68,7417.8877
2009-07-13 23:00:00,5937.8623,6821.3975,8746.591,6252.68,7417.9824
2009-07-14 00:00:00,5937.8623,6821.3975,8746.591,6252.68,7417.9824
2009-07-14 01:00:00,5937.8623,6821.3975,8746.591,6252.751,7417.9824
2009-07-14 02:00:00,5937.8623,6821.3975,8746.699,6252.751,7417.9824
2009-07-14 03:00:00,5937.8623,6821.3975,8746.699,6252.751,7417.9824
2009-07-14 04:00:00,5937.8623,6821.4663,8746.699,6252.751,7417.9824
2009-07-14 05:00:00,5939.465,6821.4663,8746.699,6252.751,7417.9824
2009-07-14 06:00:00,5940.508,6821.4663,8746.699,6252.751,7417.9824
2009-07-14 07:00:00,5940.51,6821.4663,8746.699,6252.751,7417.9824
2009-07-14 08:00:00,5940.51,6821.507,8746.699,6252.751,7418.1987
2009-07-14 09:00:00,5940.51,6821.818,8746.699,6252.751,7418.297
2009-07-14 10:00:00,5940.51,6822.467,8746.897,6253.1357,7418.4814
2009-07-14 11:00:00,5940.51,6822.876,8747.108,6253.203,7418.4814
2009-07-14 12:00:00,5940.51,6822.9233,8747.124,6253.365,7418.4814
2009-07-14 13:00:00,5940.51,6822.9233,8747.124,6253.734,7418.614
2009-07-14 14:00:00,5940.51,6822.9233,8747.124,6253.734,7418.614
2009-07-14 15:00:00,5940.51,6822.9233,8747.124,6253.734,7418.614
2009-07-14 16:00:00,5940.51,6822.9233,8747.124,6253.734,7418.614
2009-07-14 17:00:00,5940.51,6822.9233,8747.124,6253.734,7418.614
2009-07-14 18:00:00,5940.51,6822.9233,8747.124,6253.734,7418.614
2009-07-14 19:00:00,5940.51,6822.9233,8747.124,6253.734,7418.614
2009-07-14 20:00:00,5940.51,6822.9233,8747.124,6253.734,7418.614
2009-07-14 21:00:00,5940.51,6822.9233,8747.124,6253.734,7418.614
2009-07-14 22:00:00,5940.51,6822.9233,8747.124,6253.734,7418.614
2009-07-14 23:00:00,5940.51,6822.9233,8747.124,6253.734,7418.614
2009-07-15 00:00:00,5940.51,6822.9233,8747.124,6253.734,7418.614
2009-07-15 01:00:00,5940.51,6822.9233,8747.124,6253.734,7418.614
2009-07-15 02:00:00,5940.51,6822.9233,8747.124,6253.734,7418.614
2009-07-15 03:00:00,5940.51,6822.9233,8747.124,6253.734,7418.9062
2009-07-15 04:00:00,5940.51,6822.9233,8747.124,6253.734,7419.305
2009-07-15 05:00:00,5940.51,6822.9233,8747.124,6253.734,7419.305
2009-07-15 06:00:00,5940.51,6822.9233,8747.124,6253.734,7419.305
2009-07-15 07:00:00,5940.51,6822.9233,8747.124,6253.734,7419.305
2009-07-15 08:00:00,5940.51,6822.9233,8747.124,6253.734,7419.305
2009-07-15 09:00:00,5940.51,6822.9233,8747.124,6253.734,7419.305
2009-07-15 10:00:00,5940.51,6822.9233,8747.124,6253.734,7419.305
2009-07-15 11:00:00,5940.51,6822.9233,8747.124,6253.734,7419.305
2009-07-15 12:00:00,5940.51,6822.9233,8747.124,6253.734,7419.305
2009-07-15 13:00:00,5940.51,6822.9233,8747.124,6253.734,7419.305
2009-07-15 14:00:00,5940.51,6822.9233,8747.124,6253.734,7419.305
2009-07-15 15:00:00,5940.51,6822.9233,8747.124,6253.734,7419.305
2009-07-15 16:00:00,5940.51,6822.9233,8747.124,6253.734,7419.305
2009-07-15 17:00:00,5940.51,6822.9233,8747.124,6253.734,7419.305
2009-07-15 18:00:00,5940.51,6822.9233,8747.124,6256.0386,7420.066
2009-07-15 19:00:00,5941.9805,6822.9233,8747.124,6256.0386,7420.066
2009-07-15 20:00:00,5943.5933,6822.9233,8747.124,6256.0386,7420.087
2009-07-15 21:00:00,5944.022,6822.9233,8747.124,6256.0386,7420.28
2009-07-15 22:00:00,5944.022,6822.9233,8747.124,6256.0386,7420.28
2009-07-15 23:00:00,5944.022,6822.9233,8747.124,6256.0386,7420.3413
2009-07-16 00:00:00,5944.022,6822.9233,8747.124,6256.0386,7420.3413
2009-07-16 01:00:00,5944.022,6822.9233,8747.124,6256.0386,7420.3413
2009-07-16 02:00:00,5944.022,6822.9233,8747.124,6256.0386,7420.3413
2009-07-16 03:00:00,5944.027,6822.9233,8747.124,6256.0386,7420.3413
2009-07-16 04:00:00,5944.859,6822.9233,8747.124,6256.0386,7420.3413
2009-07-16 05:00:00,5944.859,6822.9233,8747.124,6256.0386,7420.3413
2009-07-16 06:00:00,5944.859,6822.9233,8747.124,6256.0386,7420.3413
2009-07-16 07:00:00,5944.859,6822.9233,8747.124,6256.0386,7420.3413
2009-07-16 08:00:00,5944.859,6822.9233,8747.124,6256.1733,7420.3413
2009-07-16 09:00:00,5944.859,6822.9233,8747.124,6256.1987,7420.501
2009-07-16 10:00:00,5944.859,6822.987,8747.124,6256.1987,7420.6855
2009-07-16 11:00:00,5944.859,6823.1396,8747.124,6256.3413,7422.371
2009-07-16 12:00:00,5944.859,6823.1396,8748.022,6256.3413,7423.629
2009-07-16 13:00:00,5944.859,6823.1396,8749.12,6256.3413,7425.6704
2009-07-16 14:00:00,5944.859,6823.217,8750.344,6256.3413,7427.4243
2009-07-16 15:00:00,5944.859,6824.1445,8751.453,6256.652,7429.1504
2009-07-16 16:00:00,5944.859,6824.2754,8753.037,6257.661,7432.6323
2009-07-16 17:00:00,5945.667,6824.2754,8754.514,6258.005,7435.5054
2009-07-16 18:00:00,5946.458,6824.2754,8754.514,6258.005,7437.961
2009-07-16 19:00:00,5947.458,6824.2754,8754.514,6258.005,7439.2354
2009-07-16 20:00:00,5947.458,6824.2754,8754.514,6258.005,7439.293
2009-07-16 21:00:00,5947.498,6824.2754,8754.514,6258.005,7439.293
2009-07-16 22:00:00,5947.498,6824.2754,8754.514,6258.005,7439.293
2009-07-16 23:00:00,5947.498,6824.2754,8754.514,6258.005,7439.4277
2009-07-17 00:00:00,5947.498,6824.2754,8754.514,6258.005,7439.4277
2009-07-17 01:00:00,5947.498,6824.2754,8754.514,6258.005,7439.4277
2009-07-17 02:00:00,5947.498,6824.2754,8754.514,6258.005,7439.4277
2009-07-17 03:00:00,5947.498,6824.2754,8754.514,6258.005,7439.4277
2009-07-17 04:00:00,5947.498,6824.2754,8754.514,6258.0703,7439.4277
2009-07-17 05:00:00,5947.498,6824.2754,8754.514,6258.1665,7439.4277
2009-07-17 06:00:00,5947.498,6824.2754,8754.514,6258.1665,7439.4277
2009-07-17 07:00:00,5947.498,6824.2754,8754.514,6258.1665,7439.4277
2009-07-17 08:00:00,5947.498,6824.2754,8754.514,6258.1665,7439.4277
2009-07-17 09:00:00,5947.498,6824.2754,8754.514,6258.1665,7439.4277
2009-07-17 10:00:00,5947.498,6824.2754,8754.514,6258.1665,7439.4277
2009-07-17 11:00:00,5947.498,6824.2754,8754.514,6258.1665,7439.4277
2009-07-17 12:00:00,5947.498,6824.2754,8754.514,6258.1665,7439.4277
2009-07-17 13:00:00,5947.498,6824.2754,8754.514,6258.1665,7439.4277
2009-07-17 14:00:00,5947.498,6824.2754,8754.514,6258.1665,7439.4277
2009-07-17 15:00:00,5947.498,6824.2754,8754.514,6258.1665,7439.4277
2009-07-17 16:00:00,5947.498,6824.2754,8754.514,6258.1665,7439.4277
2009-07-17 17:00:00,5947.498,6824.2754,8754.514,6258.1665,7439.4277
2009-07-17 18:00:00,5947.498,6824.2754,8754.514,6258.1665,7439.4277
2009-07-17 19:00:00,5947.498,6824.2754,8754.514,6258.1665,7439.4277
2009-07-17 20:00:00,5947.498,6824.2754,8754.514,6258.1665,7439.4277
2009-07-17 21:00:00,5947.498,6824.2754,8754.514,6258.1665,7439.4277
2009-07-17 22:00:00,5947.498,6824.2754,8754.514,6258.1665,7439.4277
2009-07-17 23:00:00,5947.498,6824.2754,8754.514,6258.1665,7439.4277
2009-07-18 00:00:00,5947.498,6824.2754,8754.514,6258.1665,7439.4277
2009-07-18 01:00:00,5947.498,6824.2754,8754.514,6258.1665,7439.4277
2009-07-18 02:00:00,5947.498,6824.2754,8754.514,6258.1665,7439.4277
2009-07-18 03:00:00,5947.498,6824.2754,8754.514,6258.1665,7439.4277
2009-07-18 04:00:00,5947.498,6824.2754,8754.514,6258.1665,7439.4277
2009-07-18 05:00:00,5947.498,6824.2754,8754.514,6258.1665,7439.4277
2009-07-18 06:00:00,5947.498,6824.2754,8754.514,6258.1665,7439.4277
2009-07-18 07:00:00,5947.498,6824.2754,8754.514,6258.1665,7439.4277
2009-07-18 08:00:00,5947.498,6824.2754,8754.514,6258.1665,7439.4277
2009-07-18 09:00:00,5947.498,6824.2754,8754.514,6258.1665,7439.4277
2009-07-18 10:00:00,5947.498,6824.2754,8754.514,6258.1665,7439.4277
2009-07-18 11:00:00,5947.498,6824.2754,8754.514,6258.1665,7439.4277
2009-07-18 12:00:00,5947.498,6824.2754,8754.514,6258.1665,7439.4277
2009-07-18 13:00:00,5947.498,6824.2754,8754.514,6258.1665,7439.4277
2009-07-18 14:00:00,5947.498,6824.2754,8754.514,6258.1665,7439.4277
2009-07-18 15:00:00,5947.498,6824.2754,8754.514,6258.1665,7439.4277
2009-07-18 16:00:00,5947.498,6824.2754,8754.514,6258.1665,7439.4277
2009-07-18 17:00:00,5947.498,6824.2754,8754.514,6258.1665,7439.4277
2009-07-18 18:00:00,5947.498,6824.33,8754.514,6258.5312,7439.4277
2009-07-18 19:00:00,5947.796,6824.7637,8754.514,6258.976,7439.4277
2009-07-18 20:00:00,5948.571,6824.8955,8754.514,6259.5117,7439.4277
2009-07-18 21:00:00,5949.0366,6824.8955,8754.514,6259.8047,7439.4277
2009-07-18 22:00:00,5949.551,6824.979,8754.514,6260.2036,7439.4277
2009-07-18 23:00:00,5950.248,6825.146,8754.785,6261.7056,7439.7246
2009-07-19 00:00:00,5961.3457,6835.145,8758.8545,6275.7563,7446.26
2009-07-19 01:00:00,5961.8203,6836.777,8761.956,6277.114,7448.2993
2009-07-19 02:00:00,5964.3525,6837.4727,8764.547,6278.034,7449.9736
2009-07-19 03:00:00,5950.958,6825.3384,8754.785,6263.674,7439.8047
2009-07-19 04:00:00,5951.832,6825.808,8754.785,6264.828,7439.9375
2009-07-19 05:00:00,5952.6343,6826.836,8754.807,6266.1157,7440.766
2009-07-19 06:00:00,5954.1133,6828.4497,8755.482,6266.6143,7441.2803
2009-07-19 07:00:00,5955.092,6829.143,8755.803,6266.7153,7441.8306
2009-07-19 08:00:00,5956.0444,6829.4253,8755.803,6268.39,7441.9106
2009-07-19 09:00:00,5957.2485,6829.4253,8755.803,6269.8857,7441.9106
2009-07-19 10:00:00,5957.5947,6829.4253,8755.803,6270.2495,7441.9106
2009-07-19 11:00:00,5957.5947,6829.4253,8755.803,6270.2495,7441.9106
2009-07-19 12:00:00,5957.5947,6829.4253,8755.803,6270.2495,7441.9106
2009-07-19 13:00:00,5957.5947,6829.433,8755.803,6270.2495,7441.9106
2009-07-19 14:00:00,5957.5947,6829.769,8755.803,6270.2495,7441.9106
2009-07-19 15:00:00,5957.5947,6829.8843,8755.803,6270.2495,7441.9106
2009-07-19 16:00:00,5957.5947,6830.523,8755.803,6270.2495,7441.9106
2009-07-19 17:00:00,5957.5947,6831.508,8755.843,6270.2495,7441.9106
2009-07-19 18:00:00,5957.5947,6832.185,8756.618,6271.481,7441.9106
2009-07-19 19:00:00,5957.647,6832.2305,8757.227,6274.0884,7441.9106
2009-07-19 20:00:00,5959.033,6832.4067,8758.296,6275.0444,7441.9307
2009-07-19 21:00:00,5960.76,6832.5337,8758.384,6275.2847,7443.761
2009-07-19 22:00:00,5961.0527,6833.505,8758.384,6275.3604,7445.4087
2009-07-19 23:00:00,5966.8696,6838.4316,8766.387,6279.132,7451.659
2009-07-20 00:00:00,5969.614,6839.36,8767.372,6279.967,7452.885
2009-07-20 01:00:00,5972.346,6840.2964,8769.217,6280.926,7453.477
2009-07-20 02:00:00,5974.874,6840.9478,8771.799,6281.5117,7454.063
2009-07-20 03:00:00,5977.663,6841.462,8774.634,6282.1377,7454.649
2009-07-20 04:00:00,5980.193,6842.005,8776.643,6283.001,7455.397
2009-07-20 05:00:00,5981.9077,6842.725,8778.008,6283.739,7456.1724
2009-07-20 06:00:00,5984.15,6843.4575,8779.766,6284.378,7457.0513
2009-07-20 07:00:00,5985.571,6844.1953,8780.858,6285.039,7457.93
2009-07-20 08:00:00,5986.687,6844.8306,8781.451,6285.612,7458.792
2009-07-20 09:00:00,5987.4634,6845.558,8782.325,6286.338,7459.9927
2009-07-20 10:00:00,5988.78,6846.032,8782.911,6286.7734,7460.624
2009-07-20 11:00:00,5989.3496,6846.542,8783.605,6287.067,7461.044
2009-07-20 12:00:00,5990.0234,6846.98,8783.716,6287.5815,7461.3877
2009-07-20 13:00:00,5990.959,6847.538,8784.777,6288.501,7462.2524
2009-07-20 14:00:00,5992.118,6848.513,8786.233,6289.513,7462.948
2009-07-20 15:00:00,5993.0605,6849.5635,8788.069,6290.564,7465.93
2009-07-20 16:00:00,5995.1665,6850.3276,8790.263,6291.4507,7466.657
2009-07-20 17:00:00,5996.823,6851.338,8792.835,6292.095,7466.95
2009-07-20 18:00:00,5997.9023,6852.7017,8793.062,6292.4326,7467.2393
2009-07-20 19:00:00,5998.622,6852.8325,8793.062,6293.12,7467.2393
2009-07-20 20:00:00,5998.973,6854.245,8793.281,6293.936,7467.7793
2009-07-20 21:00:00,5999.174,6855.2227,8793.3955,6294.9395,7468.5396
2009-07-20 22:00:00,5999.2935,6856.0283,8794.413,6295.1255,7468.9395
2009-07-20 23:00:00,5999.2935,6856.0386,8794.4375,6295.127,7469.425
2009-07-21 00:00:00,5999.2935,6856.0386,8794.4375,6295.127,7469.495
2009-07-21 01:00:00,5999.2935,6856.0386,8794.4375,6295.127,7469.65
2009-07-21 02:00:00,5999.2935,6856.0386,8794.4375,6295.127,7469.65
2009-07-21 03:00:00,5999.2935,6856.0386,8794.751,6295.127,7469.65
2009-07-21 04:00:00,5999.506,6856.0386,8795.741,6295.127,7469.65
2009-07-21 05:00:00,6000.003,6856.449,8797.266,6295.512,7470.2383
2009-07-21 06:00:00,6000.296,6857.6587,8798.664,6295.9893,7471.1567
2009-07-21 07:00:00,6000.598,6859.2383,8799.966,6296.3506,7471.876
2009-07-21 08:00:00,6000.9443,6860.107,8801.039,6296.6553,7472.5938
2009-07-21 09:00:00,6001.1133,6860.967,8802.0205,6296.857,7474.085
2009-07-21 10:00:00,6001.1133,6861.4614,8802.822,6297.012,7474.674
2009-07-21 11:00:00,6001.2524,6861.984,8803.795,6297.1484,7475.0474
2009-07-21 12:00:00,6001.2524,6862.572,8804.594,6297.293,7475.4243
2009-07-21 13:00:00,6001.2524,6862.8057,8805.455,6297.293,7475.915
2009-07-21 14:00:00,6001.2524,6863.0527,8805.899,6297.293,7476.566
2009-07-21 15:00:00,6001.3013,6863.322,8806.072,6297.686,7477.6367
2009-07-21 16:00:00,6001.3013,6863.669,8806.072,6298.265,7477.7124
2009-07-21 17:00:00,6001.3013,6863.741,8806.072,6298.265,7477.737
2009-07-21 18:00:00,6001.3013,6863.741,8806.072,6298.265,7477.737
2009-07-21 19:00:00,6001.3013,6863.741,8806.072,6298.265,7477.737
2009-07-21 20:00:00,6001.3013,6863.741,8806.072,6298.265,7477.737
2009-07-21 21:00:00,6001.3013,6863.741,8806.072,6298.265,7477.737
2009-07-21 22:00:00,6001.3013,6863.741,8806.072,6298.265,7477.737
2009-07-21 23:00:00,6001.3013,6863.741,8806.072,6298.265,7477.737
2009-07-22 00:00:00,6001.3013,6863.741,8806.072,6298.265,7477.737
2009-07-22 01:00:00,6001.3013,6863.741,8806.072,6298.265,7477.737
2009-07-22 02:00:00,6001.3013,6863.741,8806.072,6298.265,7477.8105
2009-07-22 03:00:00,6001.3013,6863.741,8806.072,6298.265,7477.8105
2009-07-22 04:00:00,6001.3013,6863.741,8806.072,6298.265,7477.8105
2009-07-22 05:00:00,6001.3013,6863.741,8806.072,6298.265,7477.8105
2009-07-22 06:00:00,6001.304,6863.741,8806.072,6298.265,7477.8105
2009-07-22 07:00:00,6001.6226,6863.741,8806.072,6298.265,7477.8105
2009-07-22 08:00:00,6001.648,6863.741,8806.072,6298.265,7477.8105
2009-07-22 09:00:00,6001.648,6863.741,8806.072,6298.265,7477.8105
2009-07-22 10:00:00,6001.648,6863.741,8806.072,6298.265,7477.8105
2009-07-22 11:00:00,6001.648,6863.741,8806.072,6298.265,7477.8105
2009-07-22 12:00:00,6001.648,6863.741,8806.072,6298.265,7477.8105
2009-07-22 13:00:00,6001.648,6863.741,8806.072,6298.265,7477.8105
2009-07-22 14:00:00,6001.648,6863.741,8806.072,6298.265,7477.8105
2009-07-22 15:00:00,6001.648,6863.741,8806.072,6298.265,7479.617
2009-07-22 16:00:00,6001.648,6863.741,8806.224,6298.265,7479.617
2009-07-22 17:00:00,6001.6704,6864.1934,8806.224,6298.265,7479.6455
2009-07-22 18:00:00,6001.939,6870.0674,8806.224,6298.466,7480.297
2009-07-22 19:00:00,6003.117,6875.8936,8806.468,6298.854,7480.3633
2009-07-22 20:00:00,6004.893,6877.935,8806.468,6299.0034,7480.3633
2009-07-22 21:00:00,6005.1416,6877.935,8806.468,6299.1143,7480.3633
2009-07-22 22:00:00,6005.1416,6877.935,8806.468,6299.1143,7480.3633
2009-07-22 23:00:00,6005.1416,6877.935,8806.468,6299.1484,7480.3633
2009-07-23 00:00:00,6005.1416,6877.935,8806.468,6299.341,7480.3633
2009-07-23 01:00:00,6005.1416,6878.0938,8806.468,6299.341,7480.3633
2009-07-23 02:00:00,6005.1416,6878.0938,8806.468,6299.341,7480.3633
2009-07-23 03:00:00,6005.1416,6878.0938,8806.468,6299.341,7480.3633
2009-07-23 04:00:00,6005.1416,6878.0938,8806.468,6299.341,7480.3633
2009-07-23 05:00:00,6005.1416,6878.0938,8806.468,6299.341,7480.3633
2009-07-23 06:00:00,6005.19,6878.9077,8806.468,6299.8115,7480.3633
2009-07-23 07:00:00,6005.5347,6879.1016,8806.5,6301.7007,7480.3633
2009-07-23 08:00:00,6006.7944,6879.1753,8806.5,6304.0996,7480.3633
2009-07-23 09:00:00,6007.92,6879.3125,8806.5,6307.2046,7480.4043
2009-07-23 10:00:00,6008.677,6879.4897,8806.5,6309.7905,7480.4043
2009-07-23 11:00:00,6009.5664,6880.5815,8806.5,6312.6904,7480.6206
2009-07-23 12:00:00,6009.806,6887.1846,8806.606,6315.042,7480.9595
2009-07-23 13:00:00,6010.024,6891.133,8806.764,6316.493,7481.3984
2009-07-23 14:00:00,6010.1396,6893.3394,8807.169,6318.1265,7481.889
2009-07-23 15:00:00,6010.7505,6894.277,8807.169,6319.119,7482.504
2009-07-23 16:00:00,6010.7505,6894.511,8807.433,6319.3433,7482.7275
2009-07-23 17:00:00,6010.9673,6894.8584,8807.433,6319.999,7482.7275
2009-07-23 18:00:00,6012.7075,6894.9995,8807.938,6320.056,7482.7275
2009-07-23 19:00:00,6012.7075,6894.9995,8807.938,6320.056,7482.7275
2009-07-23 20:00:00,6012.7314,6894.9995,8807.938,6320.2524,7482.7275
2009-07-23 21:00:00,6012.7314,6894.9995,8807.938,6320.2524,7482.7275
2009-07-23 22:00:00,6014.169,6894.9995,8807.938,6321.028,7482.7495
2009-07-23 23:00:00,6014.859,6895.023,8807.938,6321.4556,7482.8867
2009-07-24 00:00:00,6014.859,6895.31,8807.938,6321.671,7483.044
2009-07-24 01:00:00,6016.8975,6895.31,8807.938,6321.9624,7483.644
2009-07-24 02:00:00,6016.98,6895.31,8807.938,6321.963,7483.6953
2009-07-24 03:00:00,6016.98,6895.31,8807.938,6322.2017,7483.717
2009-07-24 04:00:00,6017.1094,6895.31,8807.938,6322.2065,7483.717
2009-07-24 05:00:00,6017.1562,6895.31,8807.938,6322.302,7483.794
2009-07-24 06:00:00,6017.1562,6895.31,8807.938,6322.302,7483.794
2009-07-24 07:00:00,6017.1562,6895.31,8807.938,6322.302,7483.794
2009-07-24 08:00:00,6017.1562,6895.31,8807.938,6322.302,7483.794
2009-07-24 09:00:00,6017.1562,6895.31,8807.938,6322.302,7483.794
2009-07-24 10:00:00,6017.1562,6895.31,8807.938,6322.302,7483.794
2009-07-24 11:00:00,6017.1562,6895.31,8807.938,6322.302,7483.794
2009-07-24 12:00:00,6017.1562,6895.31,8807.938,6322.302,7483.794
2009-07-24 13:00:00,6017.1562,6895.31,8807.938,6322.302,7483.794
2009-07-24 14:00:00,6017.1562,6895.31,8807.938,6322.302,7483.92
2009-07-24 15:00:00,6017.1562,6895.3257,8807.938,6322.302,7483.92
2009-07-24 16:00:00,6017.1562,6895.3257,8807.938,6322.302,7484.0444
2009-07-24 17:00:00,6017.1562,6895.356,8807.938,6322.302,7485.939
2009-07-24 18:00:00,6017.1562,6895.724,8808.551,6322.302,7485.9585
2009-07-24 19:00:00,6017.1562,6895.724,8810.576,6322.8,7487.0063
2009-07-24 20:00:00,6017.1562,6895.724,8811.791,6322.8,7487.72
2009-07-24 21:00:00,6017.1562,6895.724,8812.723,6322.8,7489.724
2009-07-24 22:00:00,6017.1562,6895.724,8812.723,6322.8,7489.959
2009-07-24 23:00:00,6017.1562,6895.724,8813.205,6322.8,7490.1626
2009-07-25 00:00:00,6017.466,6895.724,8813.283,6322.8,7490.1626
2009-07-25 01:00:00,6018.142,6895.724,8813.283,6322.8,7490.1626
2009-07-25 02:00:00,6018.3633,6895.724,8813.283,6322.8,7490.367
2009-07-25 03:00:00,6018.473,6895.724,8813.283,6322.8,7490.566
2009-07-25 04:00:00,6018.473,6895.724,8813.283,6322.8,7490.566
2009-07-25 05:00:00,6018.473,6895.724,8813.283,6322.8,7490.566
2009-07-25 06:00:00,6018.473,6895.724,8813.283,6322.8,7490.566
2009-07-25 07:00:00,6018.473,6895.724,8813.446,6322.8,7490.566
2009-07-25 08:00:00,6018.473,6895.724,8814.69,6322.8,7491.107
2009-07-25 09:00:00,6018.8726,6895.724,8815.124,6322.893,7492.898
2009-07-25 10:00:00,6020.35,6895.724,8815.27,6322.893,7492.898
2009-07-25 11:00:00,6020.704,6895.724,8815.27,6322.893,7492.898
2009-07-25 12:00:00,6020.9937,6895.724,8815.27,6322.893,7493.2476
2009-07-25 13:00:00,6020.9937,6895.724,8815.27,6322.893,7494.0503
2009-07-25 14:00:00,6020.9937,6895.724,8815.27,6322.893,7494.1104
2009-07-25 15:00:00,6020.9937,6895.724,8815.27,6322.893,7494.1846
2009-07-25 16:00:00,6020.9937,6895.7563,8815.27,6322.893,7494.3823
2009-07-25 17:00:00,6020.9937,6895.7563,8815.27,6322.893,7495.515
2009-07-25 18:00:00,6020.9937,6895.7563,8815.27,6322.893,7495.553
2009-07-25 19:00:00,6020.9937,6895.7563,8815.27,6322.893,7495.553
2009-07-25 20:00:00,6020.9937,6895.7563,8815.27,6322.893,7495.63
2009-07-25 21:00:00,6020.9937,6895.7563,8815.27,6322.893,7495.63
2009-07-25 22:00:00,6020.9937,6895.7563,8815.27,6322.893,7495.63
2009-07-25 23:00:00,6020.9937,6895.7563,8815.27,6322.893,7495.63
2009-07-26 00:00:00,6020.9937,6895.7563,8816.717,6322.893,7497.692
2009-07-26 01:00:00,6020.9937,6895.7563,8815.585,6322.893,7495.63
2009-07-26 02:00:00,6020.9937,6895.7563,8815.585,6322.893,7496.7803
2009-07-26 03:00:00,6020.9937,6895.7563,8815.585,6322.893,7496.918
2009-07-26 04:00:00,6020.9937,6895.7563,8815.585,6322.893,7496.9277
2009-07-26 05:00:00,6020.9937,6895.7563,8815.585,6322.893,7496.994
2009-07-26 06:00:00,6020.9937,6895.7563,8815.585,6322.893,7496.994
2009-07-26 07:00:00,6020.9937,6895.7563,8815.585,6322.893,7496.994
2009-07-26 08:00:00,6020.9937,6895.7563,8815.977,6322.893,7497.0244
2009-07-26 09:00:00,6020.9937,6895.7563,8816.717,6322.893,7497.406
2009-07-26 10:00:00,6020.9937,6895.7563,8816.717,6322.893,7497.4844
2009-07-26 11:00:00,6020.9937,6895.7563,8816.717,6322.893,7497.617
2009-07-26 12:00:00,6020.9937,6895.7563,8816.717,6322.893,7497.617
2009-07-26 13:00:00,6020.9937,6895.7563,8816.717,6322.893,7497.692
2009-07-26 14:00:00,6020.9937,6895.7563,8816.717,6322.893,7497.692
2009-07-26 15:00:00,6020.9937,6895.7563,8816.717,6322.893,7497.692
2009-07-26 16:00:00,6020.9937,6895.7563,8816.717,6322.893,7497.692
2009-07-26 17:00:00,6020.9937,6895.7563,8816.717,6322.893,7497.692
2009-07-26 18:00:00,6020.9937,6895.7563,8816.717,6322.893,7497.692
2009-07-26 19:00:00,6020.9937,6895.7563,8816.717,6322.893,7497.692
2009-07-26 20:00:00,6020.9937,6895.7563,8816.717,6322.893,7497.692
2009-07-26 21:00:00,6020.9937,6895.7563,8816.717,6322.893,7497.692
2009-07-26 22:00:00,6020.9937,6895.7563,8816.717,6322.893,7497.692
2009-07-26 23:00:00,6020.9937,6895.7563,8816.717,6322.893,7497.692
2009-07-27 00:00:00,6020.9937,6895.7563,8816.717,6322.893,7497.692
2009-07-27 01:00:00,6020.9937,6895.7563,8816.717,6322.893,7497.692
2009-07-27 02:00:00,6020.9937,6895.7563,8816.717,6322.893,7497.692
2009-07-27 03:00:00,6020.9937,6895.7563,8816.717,6322.893,7497.692
2009-07-27 04:00:00,6020.9937,6895.7563,8816.717,6322.893,7497.692
2009-07-27 05:00:00,6020.9937,6895.7563,8816.717,6322.893,7497.692
2009-07-27 06:00:00,6020.9937,6895.7563,8816.717,6322.893,7497.692
2009-07-27 07:00:00,6020.9937,6895.7563,8816.717,6322.893,7497.692
2009-07-27 08:00:00,6020.9937,6895.7563,8816.717,6322.893,7497.692
2009-07-27 09:00:00,6020.9937,6895.7563,8816.717,6322.893,7497.692
2009-07-27 10:00:00,6021.032,6895.7563,8816.717,6322.893,7497.692
2009-07-27 11:00:00,6021.079,6895.7563,8816.717,6322.893,7497.692
2009-07-27 12:00:00,6021.079,6895.7563,8816.717,6322.893,7497.692
2009-07-27 13:00:00,6021.079,6895.7563,8816.717,6322.893,7497.692
2009-07-27 14:00:00,6021.079,6895.8867,8816.717,6322.893,7497.96
2009-07-27 15:00:00,6021.079,6896.511,8817.187,6323.0527,7499.601
2009-07-27 16:00:00,6021.4688,6897.22,8818.088,6323.834,7501.349
2009-07-27 17:00:00,6021.924,6899.825,8820.313,6324.5723,7503.876
2009-07-27 18:00:00,6022.882,6900.792,8821.764,6325.5347,7505.2593
2009-07-27 19:00:00,6023.5996,6900.829,8822.433,6326.394,7505.3525
2009-07-27 20:00:00,6024.1665,6900.829,8822.456,6327.1655,7505.3853
2009-07-27 21:00:00,6024.1665,6900.829,8822.754,6327.1655,7505.4873
2009-07-27 22:00:00,6024.582,6900.829,8822.823,6327.1655,7505.58
2009-07-27 23:00:00,6024.619,6900.829,8822.823,6327.1655,7505.58
2009-07-28 00:00:00,6025.2944,6900.878,8822.823,6327.1655,7505.58
2009-07-28 01:00:00,6025.4097,6900.878,8822.823,6327.1826,7505.7534
2009-07-28 02:00:00,6025.4097,6900.878,8822.823,6327.1826,7505.9165
2009-07-28 03:00:00,6025.4097,6900.878,8822.823,6327.1826,7506.4053
2009-07-28 04:00:00,6025.4097,6900.878,8822.823,6327.1826,7506.5938
2009-07-28 05:00:00,6025.4097,6900.878,8822.823,6327.1826,7506.6074
2009-07-28 06:00:00,6025.4097,6901.036,8822.823,6327.1826,7506.6973
2009-07-28 07:00:00,6025.4097,6901.036,8822.823,6327.1826,7506.6973
2009-07-28 08:00:00,6025.456,6901.036,8822.823,6327.1826,7506.919
2009-07-28 09:00:00,6025.456,6901.13,8823.171,6327.1826,7510.023
2009-07-28 10:00:00,6025.456,6901.13,8823.292,6327.1826,7510.151
2009-07-28 11:00:00,6025.456,6901.1675,8823.296,6327.1826,7510.3276
2009-07-28 12:00:00,6025.476,6902.432,8823.773,6327.1826,7510.5327
2009-07-28 13:00:00,6025.554,6902.4385,8824.022,6328.621,7510.5327
2009-07-28 14:00:00,6026.7812,6902.4487,8824.022,6328.621,7510.5327
2009-07-28 15:00:00,6026.7812,6902.5483,8824.022,6328.692,7510.5693
2009-07-28 16:00:00,6026.7812,6902.5483,8824.022,6328.692,7510.5693
2009-07-28 17:00:00,6026.7812,6902.5483,8824.022,6328.692,7510.5693
2009-07-28 18:00:00,6026.7812,6902.5483,8824.022,6328.692,7510.5693
2009-07-28 19:00:00,6026.7812,6902.5483,8824.022,6328.692,7510.5693
2009-07-28 20:00:00,6026.805,6902.5483,8824.022,6328.723,7510.5693
2009-07-28 21:00:00,6026.805,6902.5483,8824.022,6328.723,7510.5693
2009-07-28 22:00:00,6027.0415,6902.5483,8824.022,6328.723,7510.5693
2009-07-28 23:00:00,6028.8804,6902.5483,8824.022,6328.723,7510.5693
2009-07-29 00:00:00,6028.8804,6902.5483,8824.022,6328.723,7510.5693
2009-07-29 01:00:00,6028.8804,6902.5483,8824.022,6328.723,7510.5693
2009-07-29 02:00:00,6028.8804,6902.5483,8824.022,6328.723,7510.5693
2009-07-29 03:00:00,6028.8804,6902.5483,8824.022,6328.723,7510.5693
2009-07-29 04:00:00,6028.8804,6902.5483,8824.022,6328.723,7510.5693
2009-07-29 05:00:00,6028.8804,6902.5483,8824.022,6328.723,7510.5693
2009-07-29 06:00:00,6028.8804,6902.5483,8824.022,6328.723,7510.5693
2009-07-29 07:00:00,6028.8804,6902.662,8824.022,6328.723,7510.7104
2009-07-29 08:00:00,6028.8804,6904.0938,8824.022,6328.814,7511.965
2009-07-29 09:00:00,6028.8804,6905.7305,8824.022,6329.4287,7513.1226
2009-07-29 10:00:00,6028.8804,6906.2095,8824.022,6329.828,7513.8228
2009-07-29 11:00:00,6028.973,6907.1323,8824.022,6330.4243,7514.55
2009-07-29 12:00:00,6029.129,6907.9424,8824.022,6330.893,7515.0137
2009-07-29 13:00:00,6029.129,6908.5703,8824.022,6331.6636,7515.4473
2009-07-29 14:00:00,6029.129,6909.376,8824.022,6332.252,7516.2485
2009-07-29 15:00:00,6029.2026,6910.2705,8824.022,6333.0825,7517.0723
2009-07-29 16:00:00,6029.7446,6910.6733,8824.022,6334.2056,7517.53
2009-07-29 17:00:00,6029.8457,6911.162,8824.022,6334.5396,7517.53
2009-07-29 18:00:00,6029.8457,6911.162,8824.022,6334.5396,7517.53
2009-07-29 19:00:00,6029.8457,6911.162,8824.022,6334.5396,7517.53
2009-07-29 20:00:00,6029.8457,6911.162,8824.022,6334.5396,7517.53
2009-07-29 21:00:00,6029.8457,6911.162,8824.022,6334.5396,7517.53
2009-07-29 22:00:00,6029.8457,6911.162,8824.022,6334.5396,7517.53
2009-07-29 23:00:00,6029.8457,6911.162,8824.022,6334.5396,7517.53
2009-07-30 00:00:00,6029.8457,6911.162,8824.022,6334.5396,7517.53
2009-07-30 01:00:00,6029.8457,6911.162,8824.022,6334.5396,7517.53
2009-07-30 02:00:00,6029.946,6911.162,8824.022,6334.766,7517.53
2009-07-30 03:00:00,6031.465,6911.246,8824.022,6335.304,7517.741
2009-07-30 04:00:00,6032.1597,6911.246,8824.022,6335.446,7517.792
2009-07-30 05:00:00,6032.201,6911.5947,8824.022,6335.9355,7518.042
2009-07-30 06:00:00,6033.7417,6912.218,8824.742,6338.161,7518.374
2009-07-30 07:00:00,6035.694,6913.362,8827.194,6341.049,7519.0786
2009-07-30 08:00:00,6038.166,6913.5576,8828.778,6343.865,7519.0786
2009-07-30 09:00:00,6039.2734,6913.8687,8829.531,6347.048,7519.155
2009-07-30 10:00:00,6039.8296,6914.302,8830.223,6348.5186,7519.2847
2009-07-30 11:00:00,6041.27,6915.161,8830.869,6349.1787,7519.5483
2009-07-30 12:00:00,6041.95,6916.932,8831.397,6349.8154,7520.315
2009-07-30 13:00:00,6042.053,6917.9595,8831.928,6350.156,7521.46
2009-07-30 14:00:00,6042.213,6918.1294,8831.928,6350.384,7521.46
2009-07-30 15:00:00,6042.459,6918.1294,8833.133,6350.6724,7521.46
2009-07-30 16:00:00,6042.459,6918.468,8834.859,6350.8125,7521.8237
2009-07-30 17:00:00,6042.5044,6918.574,8835.667,6351.268,7522.4395
2009-07-30 18:00:00,6042.5044,6918.574,8835.776,6351.2905,7522.4434
2009-07-30 19:00:00,6042.5044,6918.596,8835.776,6351.2905,7522.5283
2009-07-30 20:00:00,6042.5044,6918.602,8835.776,6351.2905,7522.5283
2009-07-30 21:00:00,6042.5044,6918.602,8835.776,6351.2905,7522.5283
2009-07-30 22:00:00,6042.5044,6918.602,8835.776,6351.2905,7522.5283
2009-07-30 23:00:00,6042.5044,6918.602,8835.776,6351.2905,7522.5283
2009-07-31 00:00:00,6042.5044,6918.602,8835.776,6351.2905,7522.5283
2009-07-31 01:00:00,6042.5044,6918.602,8835.776,6351.2905,7522.5283
2009-07-31 02:00:00,6042.5044,6918.602,8835.776,6351.2905,7522.5283
2009-07-31 03:00:00,6042.5044,6918.602,8835.776,6351.2905,7522.5283
2009-07-31 04:00:00,6043.3203,6918.602,8835.776,6351.2905,7522.5283
2009-07-31 05:00:00,6043.983,6918.602,8835.776,6351.2905,7522.5283
2009-07-31 06:00:00,6043.983,6918.602,8835.776,6351.2905,7522.5283
2009-07-31 07:00:00,6043.983,6918.602,8835.776,6351.2905,7522.5283
2009-07-31 08:00:00,6043.983,6918.602,8835.776,6351.2905,7522.5283
2009-07-31 09:00:00,6043.983,6918.602,8835.776,6351.2905,7522.5283
2009-07-31 10:00:00,6043.983,6918.602,8835.776,6351.2905,7522.5444
2009-07-31 11:00:00,6043.983,6921.2183,8836.49,6352.207,7522.8354
2009-07-31 12:00:00,6044.5356,6921.8853,8837.043,6352.935,7523.0557
2009-07-31 13:00:00,6045.1616,6925.5864,8839.997,6353.566,7530.804
2009-07-31 14:00:00,6046.4717,6925.9614,8840.656,6354.961,7534.0757
2009-07-31 15:00:00,6046.944,6926.5137,8840.889,6356.591,7536.8037
2009-07-31 16:00:00,6047.2637,6927.5615,8842.957,6358.027,7538.99
2009-07-31 17:00:00,6047.782,6928.136,8844.418,6358.2407,7539.6978
2009-07-31 18:00:00,6047.8877,6928.5044,8848.351,6358.257,7540.4463
2009-07-31 19:00:00,6047.8877,6928.5044,8850.348,6358.257,7541.002
2009-07-31 20:00:00,6047.8877,6928.5044,8850.348,6358.257,7541.687
2009-07-31 21:00:00,6047.8877,6928.5044,8850.348,6358.257,7542.1167
2009-07-31 22:00:00,6047.8877,6928.5044,8850.348,6358.257,7542.1167
2009-07-31 23:00:00,6047.8877,6928.5044,8850.348,6358.257,7542.1167
2009-08-01 00:00:00,6047.8877,6928.5044,8850.348,6358.257,7542.1167
2009-08-01 01:00:00,6047.8877,6928.61,8850.348,6358.257,7542.614
2009-08-01 02:00:00,6047.8877,6928.61,8850.348,6358.257,7542.614
2009-08-01 03:00:00,6047.8877,6928.61,8850.348,6358.257,7542.614
2009-08-01 04:00:00,6047.8877,6928.61,8850.348,6358.257,7542.614
2009-08-01 05:00:00,6047.8877,6928.61,8850.348,6358.257,7542.614
2009-08-01 06:00:00,6047.8877,6928.61,8850.348,6358.257,7542.614
2009-08-01 07:00:00,6047.8877,6928.61,8850.348,6358.257,7542.614
2009-08-01 08:00:00,6047.8877,6928.61,8850.348,6358.257,7542.614
2009-08-01 09:00:00,6047.8877,6928.61,8850.348,6358.257,7542.614
2009-08-01 10:00:00,6047.8877,6928.61,8850.348,6358.257,7542.614
2009-08-01 11:00:00,6047.8877,6928.61,8850.348,6358.257,7542.614
2009-08-01 12:00:00,6047.8877,6928.61,8850.348,6358.257,7542.614
2009-08-01 13:00:00,6047.8877,6928.61,8850.348,6358.257,7542.614
2009-08-01 14:00:00,6047.8877,6928.61,8850.348,6358.257,7542.614
2009-08-01 15:00:00,6047.8877,6928.61,8850.348,6358.257,7542.614
2009-08-01 16:00:00,6047.8877,6928.61,8850.348,6358.257,7542.614
2009-08-01 17:00:00,6047.8877,6928.61,8850.348,6358.257,7542.614
2009-08-01 18:00:00,6047.8877,6928.61,8850.348,6358.257,7542.614
2009-08-01 19:00:00,6047.8877,6928.61,8850.348,6358.257,7542.614
2009-08-01 20:00:00,6047.8877,6928.61,8850.348,6358.257,7542.614
2009-08-01 21:00:00,6047.8877,6928.61,8850.348,6358.257,7542.614
2009-08-01 22:00:00,6047.8877,6928.61,8850.348,6358.257,7542.614
2009-08-01 23:00:00,6047.8877,6928.61,8850.348,6358.257,7542.614
2009-08-02 00:00:00,6047.8877,6928.61,8850.348,6358.257,7542.614
2009-08-02 01:00:00,6047.8877,6928.61,8850.348,6358.257,7542.614
2009-08-02 02:00:00,6047.8877,6928.61,8850.348,6358.257,7542.614
2009-08-02 03:00:00,6047.8877,6928.61,8850.348,6358.257,7542.614
2009-08-02 04:00:00,6047.8877,6928.61,8850.348,6358.257,7542.614
2009-08-02 05:00:00,6047.8877,6928.61,8850.348,6358.257,7542.614
2009-08-02 06:00:00,6047.8877,6928.61,8850.348,6358.257,7542.614
2009-08-02 07:00:00,6047.8877,6928.61,8850.348,6358.257,7542.614
2009-08-02 08:00:00,6047.8877,6928.61,8850.348,6358.257,7542.614
2009-08-02 09:00:00,6047.8877,6928.61,8850.348,6358.257,7542.614
2009-08-02 10:00:00,6047.8877,6928.61,8850.348,6358.257,7542.614
2009-08-02 11:00:00,6047.8877,6928.61,8850.348,6358.257,7542.614
2009-08-02 12:00:00,6047.8877,6928.61,8850.348,6358.257,7542.614
2009-08-02 13:00:00,6047.8877,6928.61,8850.348,6358.257,7542.614
2009-08-02 14:00:00,6047.8877,6928.61,8850.348,6358.257,7542.614
2009-08-02 15:00:00,6047.8877,6928.61,8850.348,6358.257,7542.614
2009-08-02 16:00:00,6047.8877,6928.61,8850.348,6358.257,7542.614
2009-08-02 17:00:00,6047.8877,6928.61,8850.348,6358.257,7542.614
2009-08-02 18:00:00,6047.8877,6928.61,8850.348,6358.257,7542.614
2009-08-02 19:00:00,6047.8877,6928.61,8850.348,6358.257,7542.614
2009-08-02 20:00:00,6047.8877,6928.6104,8850.348,6358.4326,7542.614
2009-08-02 21:00:00,6047.912,6928.764,8850.348,6358.4326,7542.645
2009-08-02 22:00:00,6048.0005,6929.782,8850.348,6358.7134,7542.9517
2009-08-02 23:00:00,6048.0923,6931.381,8850.348,6359.6514,7543.545
2009-08-03 00:00:00,6048.6235,6931.922,8850.348,6360.751,7543.7095
2009-08-03 01:00:00,6048.842,6932.2793,8850.348,6361.3633,7543.799
2009-08-03 02:00:00,6049.3755,6932.8384,8850.348,6362.356,7543.799
2009-08-03 03:00:00,6050.0493,6933.258,8850.348,6363.0825,7543.799
2009-08-03 04:00:00,6050.4263,6933.696,8850.348,6363.1343,7543.799
2009-08-03 05:00:00,6050.4263,6934.002,8850.348,6363.1343,7543.9697
2009-08-03 06:00:00,6050.4263,6934.002,8850.348,6363.1343,7544.75
2009-08-03 07:00:00,6050.4263,6934.1646,8850.348,6363.1343,7544.75
2009-08-03 08:00:00,6050.4263,6934.2085,8850.348,6363.1343,7544.75
2009-08-03 09:00:00,6050.4263,6934.2085,8850.348,6363.1343,7544.75
2009-08-03 10:00:00,6050.4263,6934.2085,8850.348,6363.1343,7544.75
2009-08-03 11:00:00,6050.4263,6934.4336,8850.348,6363.1343,7544.75
2009-08-03 12:00:00,6050.6543,6935.3516,8850.348,6363.2207,7544.75
2009-08-03 13:00:00,6050.764,6936.426,8850.348,6363.598,7545.125
2009-08-03 14:00:00,6050.764,6936.7363,8850.348,6363.598,7545.125
2009-08-03 15:00:00,6050.764,6936.9985,8850.348,6363.598,7545.125
2009-08-03 16:00:00,6050.8457,6937.341,8850.348,6363.598,7545.125
2009-08-03 17:00:00,6050.8457,6937.476,8850.783,6363.598,7545.125
2009-08-03 18:00:00,6050.8457,6938.065,8850.783,6363.8457,7545.125
2009-08-03 19:00:00,6050.8457,6938.187,8850.783,6363.8457,7545.125
2009-08-03 20:00:00,6050.8457,6938.5146,8850.783,6363.8457,7545.375
2009-08-03 21:00:00,6050.8457,6938.6904,8850.783,6363.8457,7545.375
2009-08-03 22:00:00,6050.8457,6939.02,8850.783,6363.8457,7545.375
2009-08-03 23:00:00,6050.8457,6939.115,8850.783,6363.8457,7545.375
2009-08-04 00:00:00,6050.974,6940.122,8850.783,6363.8457,7545.4688
2009-08-04 01:00:00,6051.6074,6940.7275,8850.783,6363.9746,7547.65
2009-08-04 02:00:00,6052.064,6941.14,8851.667,6365.1724,7551.8535
2009-08-04 03:00:00,6053.212,6942.886,8853.881,6366.216,7552.1523
2009-08-04 04:00:00,6054.1,6943.6484,8857.353,6366.436,7552.7036
2009-08-04 05:00:00,6054.1,6943.7383,8857.681,6366.436,7552.7036
2009-08-04 06:00:00,6054.1,6943.7383,8857.681,6366.436,7552.7036
2009-08-04 07:00:00,6054.1,6943.7383,8857.681,6366.436,7552.7036
2009-08-04 08:00:00,6054.1,6943.7383,8857.681,6366.436,7552.7036
2009-08-04 09:00:00,6054.1,6943.7383,8857.681,6366.9233,7552.7036
2009-08-04 10:00:00,6054.1,6943.7383,8857.681,6367.269,7552.7036
2009-08-04 11:00:00,6054.165,6943.7383,8857.681,6367.269,7552.7036
2009-08-04 12:00:00,6054.279,6943.7383,8857.681,6367.269,7552.7036
2009-08-04 13:00:00,6054.428,6943.7383,8857.681,6367.269,7552.7036
2009-08-04 14:00:00,6054.428,6943.7383,8857.681,6367.269,7552.7036
2009-08-04 15:00:00,6054.428,6943.7627,8857.681,6367.269,7552.7036
2009-08-04 16:00:00,6054.428,6944.0645,8857.681,6367.269,7552.7036
2009-08-04 17:00:00,6054.428,6944.0835,8857.681,6367.269,7552.724
2009-08-04 18:00:00,6054.428,6944.0996,8857.681,6367.269,7552.7363
2009-08-04 19:00:00,6054.428,6944.0996,8857.681,6367.269,7552.7363
2009-08-04 20:00:00,6054.428,6944.0996,8857.681,6367.269,7552.7363
2009-08-04 21:00:00,6054.428,6944.0996,8857.681,6367.269,7552.7363
2009-08-04 22:00:00,6054.428,6944.0996,8857.681,6367.269,7552.7363
2009-08-04 23:00:00,6054.428,6944.0996,8857.681,6367.269,7552.7363
2009-08-05 00:00:00,6054.428,6944.0996,8857.681,6367.269,7552.7363
2009-08-05 01:00:00,6054.428,6944.0996,8857.681,6367.269,7552.7363
2009-08-05 02:00:00,6054.428,6944.0996,8857.681,6367.269,7552.7744
2009-08-05 03:00:00,6054.4546,6944.44,8857.681,6367.269,7552.7744
2009-08-05 04:00:00,6054.4546,6944.44,8857.681,6367.269,7552.7744
2009-08-05 05:00:00,6054.4546,6944.44,8857.681,6367.269,7552.7744
2009-08-05 06:00:00,6054.4546,6944.44,8857.681,6367.269,7552.7744
2009-08-05 07:00:00,6054.4546,6944.44,8857.681,6367.269,7552.7744
2009-08-05 08:00:00,6054.4546,6944.44,8857.681,6367.269,7552.7744
2009-08-05 09:00:00,6054.4546,6944.44,8857.681,6367.269,7552.7744
2009-08-05 10:00:00,6054.4546,6944.44,8857.681,6367.269,7552.7744
2009-08-05 11:00:00,6054.4546,6944.44,8857.681,6367.269,7552.7744
2009-08-05 12:00:00,6054.4546,6944.44,8857.681,6367.269,7552.7744
2009-08-05 13:00:00,6054.4546,6944.44,8857.681,6367.269,7552.7744
2009-08-05 14:00:00,6054.4546,6944.44,8857.681,6367.269,7552.7744
2009-08-05 15:00:00,6054.4546,6944.44,8857.681,6367.269,7552.7744
2009-08-05 16:00:00,6054.4546,6944.44,8857.681,6367.269,7552.7744
2009-08-05 17:00:00,6054.4546,6944.44,8857.681,6367.269,7552.7744
2009-08-05 18:00:00,6054.4546,6944.44,8857.681,6367.269,7552.7744
2009-08-05 19:00:00,6054.4546,6944.44,8857.681,6367.269,7552.7744
2009-08-05 20:00:00,6054.4546,6944.44,8857.681,6367.269,7552.7744
2009-08-05 21:00:00,6054.4546,6944.44,8857.681,6367.269,7552.8447
2009-08-05 22:00:00,6054.4546,6944.44,8857.681,6367.269,7552.862
2009-08-05 23:00:00,6054.4546,6944.901,8857.681,6367.269,7552.862
2009-08-06 00:00:00,6054.4546,6944.9707,8857.681,6367.269,7552.862
2009-08-06 01:00:00,6054.4546,6944.9707,8857.681,6367.555,7552.862
2009-08-06 02:00:00,6054.4546,6944.9707,8857.681,6367.6265,7552.862
2009-08-06 03:00:00,6054.4546,6944.9707,8857.681,6367.6265,7552.862
2009-08-06 04:00:00,6054.4546,6944.9707,8857.681,6367.6265,7552.862
2009-08-06 05:00:00,6054.4546,6944.9707,8857.681,6367.6265,7552.862
2009-08-06 06:00:00,6054.4546,6944.9707,8857.681,6367.6265,7552.862
2009-08-06 07:00:00,6054.4546,6944.9707,8857.681,6367.6265,7552.862
2009-08-06 08:00:00,6054.4546,6944.9707,8857.681,6367.6265,7552.862
2009-08-06 09:00:00,6054.4546,6944.9707,8857.681,6367.6265,7552.862
2009-08-06 10:00:00,6054.4546,6944.9707,8857.681,6367.6265,7552.862
2009-08-06 11:00:00,6054.4546,6944.9707,8857.681,6367.6265,7552.862
2009-08-06 12:00:00,6054.4546,6944.9707,8857.681,6367.6265,7552.862
2009-08-06 13:00:00,6054.4546,6944.9707,8857.681,6367.6265,7552.862
2009-08-06 14:00:00,6054.4546,6944.9707,8857.681,6367.6265,7552.862
2009-08-06 15:00:00,6054.4546,6944.9707,8857.681,6367.6265,7552.862
2009-08-06 16:00:00,6054.4546,6944.9707,8857.681,6367.6265,7552.862
2009-08-06 17:00:00,6054.4546,6944.9707,8857.681,6367.6265,7552.862
2009-08-06 18:00:00,6054.4546,6944.9897,8857.681,6367.6265,7552.862
2009-08-06 19:00:00,6054.4546,6944.9897,8857.681,6367.6265,7552.862
2009-08-06 20:00:00,6054.4546,6944.9897,8857.681,6367.6265,7552.98
2009-08-06 21:00:00,6054.4546,6944.9897,8857.681,6367.6265,7553.0537
2009-08-06 22:00:00,6054.4546,6944.9897,8857.681,6367.6265,7553.2666
2009-08-06 23:00:00,6054.4546,6944.9897,8857.681,6367.6265,7553.2666
2009-08-07 00:00:00,6054.4546,6944.9897,8857.681,6367.6265,7553.2666
2009-08-07 01:00:00,6054.4546,6944.9897,8857.681,6367.6265,7553.2666
2009-08-07 02:00:00,6054.4785,6944.9897,8857.681,6367.6265,7553.2666
2009-08-07 03:00:00,6054.4785,6944.9897,8857.681,6367.6265,7553.2666
2009-08-07 04:00:00,6054.4785,6944.9897,8857.681,6367.6265,7553.2666
2009-08-07 05:00:00,6054.4785,6944.9897,8857.681,6367.6265,7553.2666
2009-08-07 06:00:00,6054.4785,6944.9897,8857.681,6367.6265,7553.2666
2009-08-07 07:00:00,6054.4785,6944.9897,8857.681,6367.6265,7553.2666
2009-08-07 08:00:00,6054.4785,6944.9897,8857.681,6367.6265,7553.2666
2009-08-07 09:00:00,6054.4785,6944.9897,8857.681,6367.6265,7553.2666
2009-08-07 10:00:00,6054.4785,6944.9897,8857.681,6367.6265,7553.2666
2009-08-07 11:00:00,6054.4785,6944.9897,8857.681,6367.6265,7553.2666
2009-08-07 12:00:00,6054.4785,6944.9897,8857.681,6367.6265,7553.2666
2009-08-07 13:00:00,6054.4785,6944.9897,8857.681,6367.6265,7553.2666
2009-08-07 14:00:00,6054.4785,6944.9897,8857.681,6367.6265,7553.2666
2009-08-07 15:00:00,6054.4785,6944.9897,8857.681,6367.6265,7553.2666
2009-08-07 16:00:00,6054.4785,6944.9897,8857.681,6367.6265,7553.2666
2009-08-07 17:00:00,6054.4785,6944.9897,8857.681,6367.6265,7553.2666
2009-08-07 18:00:00,6054.4785,6944.9897,8857.681,6367.6265,7553.2666
2009-08-07 19:00:00,6054.4785,6944.9897,8857.681,6367.6265,7553.2666
2009-08-07 20:00:00,6054.4785,6944.9897,8857.681,6367.6265,7553.2666
2009-08-07 21:00:00,6054.4785,6945.156,8857.681,6367.6265,7553.2666
2009-08-07 22:00:00,6054.4785,6945.2207,8857.681,6367.6265,7553.3643
2009-08-07 23:00:00,6054.4785,6945.2207,8857.681,6367.6265,7553.3643
2009-08-08 00:00:00,6054.4785,6945.2207,8857.681,6367.6265,7553.3643
2009-08-08 01:00:00,6054.4785,6945.2207,8857.681,6367.6265,7553.3643
2009-08-08 02:00:00,6054.4785,6945.2207,8857.681,6367.6265,7553.3643
2009-08-08 03:00:00,6054.4785,6945.2207,8857.681,6367.6265,7553.3643
2009-08-08 04:00:00,6054.4785,6945.2207,8857.681,6367.6265,7553.3643
2009-08-08 05:00:00,6054.4785,6945.2207,8857.681,6367.6265,7553.3643
2009-08-08 06:00:00,6054.4785,6945.2207,8857.681,6367.6265,7553.3643
2009-08-08 07:00:00,6054.4785,6945.2207,8857.681,6367.6265,7553.3643
2009-08-08 08:00:00,6054.4785,6945.2207,8857.681,6367.6265,7553.3643
2009-08-08 09:00:00,6054.4785,6945.2207,8857.681,6367.6265,7553.3643
2009-08-08 10:00:00,6054.4785,6945.2207,8857.681,6367.6265,7553.3643
2009-08-08 11:00:00,6054.4785,6945.2207,8857.681,6367.6265,7553.3643
2009-08-08 12:00:00,6054.4785,6945.288,8857.681,6367.6265,7553.3643
2009-08-08 13:00:00,6054.4785,6945.288,8857.681,6367.6265,7553.3643
2009-08-08 14:00:00,6054.4785,6945.288,8857.681,6367.6265,7553.3643
2009-08-08 15:00:00,6054.4785,6945.288,8857.681,6367.6797,7553.5625
2009-08-08 16:00:00,6054.4785,6945.288,8857.681,6367.6797,7553.913
2009-08-08 17:00:00,6054.4785,6945.6094,8857.681,6368.08,7554.161
2009-08-08 18:00:00,6054.4785,6945.6587,8857.681,6368.313,7554.161
2009-08-08 19:00:00,6054.677,6945.6587,8857.681,6368.7188,7554.325
2009-08-08 20:00:00,6054.908,6945.867,8857.681,6369.4307,7554.325
2009-08-08 21:00:00,6058.328,6945.945,8857.681,6369.4307,7554.325
2009-08-08 22:00:00,6058.328,6945.945,8857.681,6369.4307,7554.325
2009-08-08 23:00:00,6058.328,6945.945,8857.681,6369.4307,7554.325
2009-08-09 00:00:00,6059.6816,6945.945,8857.681,6371.4873,7556.557
2009-08-09 01:00:00,6059.6816,6945.945,8857.681,6371.4873,7556.557
2009-08-09 02:00:00,6059.6816,6945.945,8857.681,6371.4873,7556.557
2009-08-09 03:00:00,6059.6816,6945.945,8857.681,6371.4873,7556.557
2009-08-09 04:00:00,6059.6816,6945.945,8857.681,6371.4873,7556.557
2009-08-09 05:00:00,6059.6816,6945.945,8857.681,6371.4873,7556.557
2009-08-09 06:00:00,6058.328,6945.945,8857.681,6369.4307,7554.325
2009-08-09 07:00:00,6058.328,6945.945,8857.681,6369.4307,7554.325
2009-08-09 08:00:00,6058.7534,6945.945,8857.681,6369.4307,7554.342
2009-08-09 09:00:00,6058.7534,6945.945,8857.681,6369.464,7554.8315
2009-08-09 10:00:00,6058.8687,6945.945,8857.681,6369.638,7556.557
2009-08-09 11:00:00,6059.28,6945.945,8857.681,6369.96,7556.557
2009-08-09 12:00:00,6059.5073,6945.945,8857.681,6369.9805,7556.557
2009-08-09 13:00:00,6059.5073,6945.945,8857.681,6369.9805,7556.557
2009-08-09 14:00:00,6059.5073,6945.945,8857.681,6369.9805,7556.557
2009-08-09 15:00:00,6059.5073,6945.945,8857.681,6369.9805,7556.557
2009-08-09 16:00:00,6059.513,6945.945,8857.681,6369.9805,7556.557
2009-08-09 17:00:00,6059.513,6945.945,8857.681,6370.715,7556.557
2009-08-09 18:00:00,6059.513,6945.945,8857.681,6371.4624,7556.557
2009-08-09 19:00:00,6059.575,6945.945,8857.681,6371.4873,7556.557
2009-08-09 20:00:00,6059.6543,6945.945,8857.681,6371.4873,7556.557
2009-08-09 21:00:00,6059.6816,6945.945,8857.681,6371.4873,7556.557
2009-08-09 22:00:00,6059.6816,6945.945,8857.681,6371.4873,7556.557
2009-08-09 23:00:00,6059.6816,6945.945,8857.681,6371.4873,7556.557
2009-08-10 00:00:00,6059.6816,6945.945,8857.681,6371.4873,7556.557
2009-08-10 01:00:00,6059.6816,6945.945,8857.681,6371.4873,7556.557
2009-08-10 02:00:00,6059.6816,6945.945,8857.681,6371.4873,7556.557
2009-08-10 03:00:00,6059.6816,6945.945,8857.681,6371.4873,7556.557
2009-08-10 04:00:00,6059.6816,6945.945,8857.681,6371.4873,7556.557
2009-08-10 05:00:00,6059.6816,6945.945,8857.681,6371.4873,7556.557
2009-08-10 06:00:00,6059.6816,6945.945,8857.681,6371.4873,7556.557
2009-08-10 07:00:00,6059.6816,6945.945,8857.681,6371.4873,7556.557
2009-08-10 08:00:00,6059.6816,6945.945,8857.681,6371.4873,7556.557
2009-08-10 09:00:00,6059.6816,6945.945,8857.681,6371.4873,7556.557
2009-08-10 10:00:00,6059.6816,6945.945,8857.681,6371.4873,7556.557
2009-08-10 11:00:00,6059.6816,6945.945,8857.681,6371.4873,7556.557
2009-08-10 12:00:00,6059.6816,6945.945,8857.681,6371.4873,7556.557
2009-08-10 13:00:00,6059.6816,6945.945,8857.681,6371.4873,7556.557
2009-08-10 14:00:00,6059.6816,6945.945,8857.681,6371.4873,7556.557
2009-08-10 15:00:00,6059.6816,6945.945,8857.681,6371.4873,7556.557
2009-08-10 16:00:00,6059.6816,6945.945,8857.681,6371.4873,7556.557
2009-08-10 17:00:00,6059.6816,6945.945,8857.681,6371.4873,7559.2188
2009-08-10 18:00:00,6059.6816,6945.945,8857.681,6371.4873,7561.5913
2009-08-10 19:00:00,6059.6816,6945.945,8857.681,6371.4873,7563.4404
2009-08-10 20:00:00,6059.6816,6945.945,8857.681,6371.4873,7564.049
2009-08-10 21:00:00,6059.6816,6945.945,8857.681,6371.4873,7565.4595
2009-08-10 22:00:00,6059.6816,6945.945,8857.681,6371.4873,7566.436
2009-08-10 23:00:00,6059.6816,6945.945,8857.681,6371.4873,7566.436
2009-08-11 00:00:00,6059.6816,6945.945,8857.681,6371.4873,7566.436
2009-08-11 01:00:00,6059.6816,6945.945,8857.681,6371.4873,7566.436
2009-08-11 02:00:00,6059.6816,6945.945,8857.681,6371.4873,7566.7466
2009-08-11 03:00:00,6059.6816,6945.945,8857.681,6371.4873,7566.8765
2009-08-11 04:00:00,6059.6816,6945.945,8858.191,6371.4873,7566.8765
2009-08-11 05:00:00,6059.6816,6945.945,8858.277,6371.4873,7566.8765
2009-08-11 06:00:00,6059.818,6945.945,8858.277,6371.4873,7566.8765
2009-08-11 07:00:00,6059.818,6945.945,8858.277,6371.4873,7566.8765
2009-08-11 08:00:00,6059.9946,6945.945,8858.277,6371.4873,7569.255
2009-08-11 09:00:00,6059.9946,6945.945,8858.277,6371.4873,7571.639
2009-08-11 10:00:00,6059.9946,6945.945,8858.277,6371.4873,7572.6143
2009-08-11 11:00:00,6059.9946,6945.945,8858.277,6371.4873,7573.0503
2009-08-11 12:00:00,6059.9946,6945.945,8858.277,6371.4873,7574.2954
2009-08-11 13:00:00,6059.9946,6945.945,8858.277,6371.4873,7574.2954
2009-08-11 14:00:00,6059.9946,6946.215,8858.277,6371.4873,7574.842
2009-08-11 15:00:00,6059.9946,6946.3203,8858.277,6371.4873,7575.6294
2009-08-11 16:00:00,6059.9946,6946.3203,8858.511,6371.4873,7575.6294
2009-08-11 17:00:00,6062.1357,6946.3203,8858.511,6371.4873,7575.6494
2009-08-11 18:00:00,6063.1445,6946.3203,8859.025,6371.4873,7575.6665
2009-08-11 19:00:00,6063.1445,6946.3203,8859.031,6371.559,7575.768
2009-08-11 20:00:00,6063.1445,6946.3203,8859.031,6371.559,7576.0933
2009-08-11 21:00:00,6063.1445,6946.3203,8859.031,6371.559,7576.0933
2009-08-11 22:00:00,6063.1445,6946.3203,8859.031,6371.559,7576.1343
2009-08-11 23:00:00,6063.1445,6946.3203,8859.031,6371.559,7576.1343
2009-08-12 00:00:00,6063.1445,6946.5093,8859.031,6371.559,7576.3535
2009-08-12 01:00:00,6063.2603,6946.6,8859.174,6371.5737,7576.932
2009-08-12 02:00:00,6063.444,6946.6,8859.808,6372.127,7577.0405
2009-08-12 03:00:00,6063.992,6946.8247,8859.9,6372.1797,7577.132
2009-08-12 04:00:00,6064.294,6946.8555,8859.9,6372.211,7577.233
2009-08-12 05:00:00,6064.3574,6946.8555,8859.9,6372.211,7577.233
2009-08-12 06:00:00,6064.3574,6946.8555,8859.9,6372.211,7577.233
2009-08-12 07:00:00,6064.3574,6946.8555,8859.9,6372.211,7577.233
2009-08-12 08:00:00,6064.3574,6946.8555,8859.9,6372.211,7577.233
2009-08-12 09:00:00,6064.3574,6946.8555,8859.9,6372.211,7577.26
2009-08-12 10:00:00,6064.3574,6946.8555,8859.9,6372.211,7577.279
2009-08-12 11:00:00,6064.3574,6946.8555,8859.9,6372.211,7577.5938
2009-08-12 12:00:00,6064.3574,6946.8555,8859.9,6372.211,7577.5938
2009-08-12 13:00:00,6064.3574,6946.8555,8859.9,6372.211,7577.6323
2009-08-12 14:00:00,6064.3574,6946.8555,8859.9,6372.211,7577.9014
2009-08-12 15:00:00,6064.3574,6946.8555,8859.9,6372.211,7577.961
2009-08-12 16:00:00,6064.3574,6946.8555,8859.9,6372.211,7577.999
2009-08-12 17:00:00,6064.3574,6946.8555,8860.555,6372.211,7578.494
2009-08-12 18:00:00,6064.3574,6946.8555,8860.597,6372.233,7578.494
2009-08-12 19:00:00,6064.408,6946.8555,8861.85,6372.412,7578.494
2009-08-12 20:00:00,6064.647,6946.8555,8861.85,6372.412,7578.494
2009-08-12 21:00:00,6064.647,6946.8555,8861.85,6372.412,7578.494
2009-08-12 22:00:00,6064.647,6946.8555,8861.85,6372.412,7578.8022
2009-08-12 23:00:00,6064.647,6946.8555,8861.85,6372.412,7579.056
2009-08-13 00:00:00,6064.647,6946.8555,8861.85,6372.412,7579.082
2009-08-13 01:00:00,6064.7134,6946.8555,8862.555,6373.0024,7579.133
2009-08-13 02:00:00,6065.2505,6946.8555,8862.555,6373.0425,7579.133
2009-08-13 03:00:00,6065.2505,6946.8555,8862.555,6373.0425,7579.133
2009-08-13 04:00:00,6065.2505,6946.8555,8862.555,6373.0425,7579.133
2009-08-13 05:00:00,6065.2505,6946.8555,8862.555,6373.0425,7579.133
2009-08-13 06:00:00,6065.2505,6946.8555,8862.781,6373.0425,7579.2856
2009-08-13 07:00:00,6065.2505,6946.8555,8862.841,6373.0425,7579.6353
2009-08-13 08:00:00,6065.2505,6946.8555,8862.841,6373.0425,7580.2583
2009-08-13 09:00:00,6065.2505,6946.8555,8863.228,6373.0425,7580.3
2009-08-13 10:00:00,6065.2505,6946.8555,8863.283,6373.0425,7580.346
2009-08-13 11:00:00,6065.37,6947.388,8864.094,6373.0425,7581.7266
2009-08-13 12:00:00,6065.37,6947.7183,8864.855,6373.2446,7581.7603
2009-08-13 13:00:00,6065.9634,6947.845,8865.781,6373.252,7582.0264
2009-08-13 14:00:00,6066.143,6948.249,8867.821,6373.392,7584.123
2009-08-13 15:00:00,6066.4966,6948.6694,8868.468,6373.881,7584.599
2009-08-13 16:00:00,6066.8037,6948.758,8869.316,6373.9287,7584.599
2009-08-13 17:00:00,6067.4194,6948.7827,8872.352,6374.7324,7584.933
2009-08-13 18:00:00,6068.1704,6948.7827,8873.755,6375.0815,7588.945
2009-08-13 19:00:00,6069.229,6949.8535,8873.84,6375.0815,7589.019
2009-08-13 20:00:00,6069.7656,6949.8535,8873.84,6375.2437,7589.019
2009-08-13 21:00:00,6070.532,6949.8535,8874.905,6375.2437,7589.0796
2009-08-13 22:00:00,6070.7637,6949.8535,8876.092,6375.2993,7589.0796
2009-08-13 23:00:00,6071.7715,6949.8535,8877.081,6375.316,7590.5317
2009-08-14 00:00:00,6072.0454,6949.883,8878.019,6375.901,7590.695
2009-08-14 01:00:00,6072.127,6949.883,8878.8955,6375.901,7590.7637
2009-08-14 02:00:00,6072.2827,6949.883,8878.994,6375.901,7590.8027
2009-08-14 03:00:00,6072.2827,6949.883,8879.105,6375.901,7591.15
2009-08-14 04:00:00,6072.3647,6949.883,8879.105,6375.901,7591.15
2009-08-14 05:00:00,6072.456,6949.883,8879.448,6375.901,7591.4414
2009-08-14 06:00:00,6072.604,6949.883,8879.726,6375.901,7591.4414
2009-08-14 07:00:00,6072.604,6949.883,8879.726,6375.901,7591.4414
2009-08-14 08:00:00,6072.62,6949.883,8879.823,6375.901,7591.467
2009-08-14 09:00:00,6072.6445,6949.883,8879.823,6375.901,7591.4844
2009-08-14 10:00:00,6072.6445,6949.883,8879.966,6375.901,7591.6943
2009-08-14 11:00:00,6072.6445,6949.883,8879.966,6375.992,7592.9443
2009-08-14 12:00:00,6072.6445,6949.883,8880.197,6376.0913,7593.5083
2009-08-14 13:00:00,6072.725,6949.883,8880.461,6376.3687,7593.895
2009-08-14 14:00:00,6072.725,6949.883,8881.212,6376.383,7593.895
2009-08-14 15:00:00,6072.725,6949.883,8881.475,6376.383,7593.895
2009-08-14 16:00:00,6072.725,6949.883,8881.475,6376.383,7593.895
2009-08-14 17:00:00,6072.725,6949.883,8881.475,6376.383,7593.895
2009-08-14 18:00:00,6072.725,6949.883,8881.475,6376.383,7593.895
2009-08-14 19:00:00,6072.725,6949.883,8881.475,6376.383,7593.895
2009-08-14 20:00:00,6072.725,6949.883,8881.475,6376.383,7593.895
2009-08-14 21:00:00,6072.725,6949.883,8881.475,6376.383,7593.895
2009-08-14 22:00:00,6072.725,6949.883,8881.475,6376.383,7593.895
2009-08-14 23:00:00,6072.725,6949.883,8881.475,6376.383,7593.895
2009-08-15 00:00:00,6072.725,6949.883,8881.475,6376.383,7593.895
2009-08-15 01:00:00,6072.725,6949.883,8881.475,6376.383,7593.895
2009-08-15 02:00:00,6072.725,6949.883,8881.475,6376.383,7593.895
2009-08-15 03:00:00,6072.725,6949.883,8881.475,6376.383,7593.895
2009-08-15 04:00:00,6072.725,6949.883,8881.475,6376.383,7593.895
2009-08-15 05:00:00,6072.725,6949.883,8881.475,6376.383,7593.895
2009-08-15 06:00:00,6072.725,6949.883,8881.475,6376.383,7593.895
2009-08-15 07:00:00,6072.725,6949.883,8881.475,6376.383,7593.895
2009-08-15 08:00:00,6072.725,6949.883,8881.475,6376.383,7593.895
2009-08-15 09:00:00,6072.725,6949.883,8881.475,6376.383,7594.1274
2009-08-15 10:00:00,6072.725,6950.876,8881.475,6376.9365,7594.9775
2009-08-15 11:00:00,6073.7183,6952.0093,8881.475,6378.3066,7596.582
2009-08-15 12:00:00,6074.7314,6952.5864,8882.701,6378.9824,7599.569
2009-08-15 13:00:00,6075.1094,6953.0723,8882.788,6380.594,7601.973
2009-08-15 14:00:00,6075.4546,6953.8257,8883.04,6382.5986,7602.3477
2009-08-15 15:00:00,6075.8306,6953.8545,8885.616,6383.8506,7603.3574
2009-08-15 16:00:00,6075.975,6954.0195,8886.298,6384.563,7603.7827
2009-08-15 17:00:00,6076.248,6954.535,8886.298,6385.9175,7604.215
2009-08-15 18:00:00,6077.042,6956.566,8886.421,6387.285,7605.2534
2009-08-15 19:00:00,6077.8877,6958.8267,8886.679,6388.9873,7606.506
2009-08-15 20:00:00,6079.7227,6961.077,8887.574,6391.6426,7608.048
2009-08-15 21:00:00,6082.258,6963.867,8888.77,6394.276,7609.8564
2009-08-15 22:00:00,6083.6304,6966.8525,8890.66,6396.8657,7612.378
2009-08-15 23:00:00,6085.404,6969.007,8892.943,6399.411,7614.321
2009-08-16 00:00:00,6092.772,6972.9595,8898.22,6404.0024,7620.7305
2009-08-16 01:00:00,6092.781,6972.9595,8898.261,6404.0024,7620.804
2009-08-16 02:00:00,6092.781,6972.9595,8898.261,6404.0024,7620.95
2009-08-16 03:00:00,6092.7974,6972.9595,8898.261,6404.0024,7620.974
2009-08-16 04:00:00,6092.7974,6972.9595,8899.636,6404.0024,7621.2275
2009-08-16 05:00:00,6092.8438,6972.9595,8903.638,6404.0024,7621.317
2009-08-16 06:00:00,6088.0034,6970.2583,8894.2,6400.5728,7614.424
2009-08-16 07:00:00,6089.0444,6970.8574,8894.2,6401.391,7615.857
2009-08-16 08:00:00,6090.927,6970.8574,8894.557,6401.391,7616.9844
2009-08-16 09:00:00,6090.9697,6970.8574,8894.557,6401.391,7616.9844
2009-08-16 10:00:00,6090.99,6970.8574,8894.557,6401.391,7616.9844
2009-08-16 11:00:00,6090.9985,6970.8574,8894.557,6401.391,7616.9844
2009-08-16 12:00:00,6090.9985,6971.2637,8894.587,6401.7896,7617.9727
2009-08-16 13:00:00,6091.1953,6971.6836,8895.061,6403.2793,7618.5312
2009-08-16 14:00:00,6091.4077,6971.866,8895.484,6403.2793,7619.4004
2009-08-16 15:00:00,6091.641,6971.951,8896.322,6403.6284,7619.9966
2009-08-16 16:00:00,6091.788,6972.1274,8897.021,6403.6284,7619.9966
2009-08-16 17:00:00,6092.0396,6972.4175,8897.756,6403.915,7619.9966
2009-08-16 18:00:00,6092.1416,6972.665,8897.756,6403.915,7620.2803
2009-08-16 19:00:00,6092.5303,6972.7324,8897.887,6403.9526,7620.2803
2009-08-16 20:00:00,6092.5303,6972.7324,8897.927,6403.9526,7620.2803
2009-08-16 21:00:00,6092.5303,6972.7324,8897.927,6403.9526,7620.2803
2009-08-16 22:00:00,6092.6133,6972.934,8897.997,6403.9526,7620.2803
2009-08-16 23:00:00,6092.673,6972.934,8898.22,6404.0024,7620.2803
2009-08-17 00:00:00,6093.0654,6972.9595,8904.443,6404.0024,7621.7983
2009-08-17 01:00:00,6093.0654,6972.9595,8904.443,6404.0024,7621.7983
2009-08-17 02:00:00,6093.0654,6972.9595,8905.046,6404.0024,7623.045
2009-08-17 03:00:00,6093.1367,6973.0107,8905.046,6404.31,7623.562
2009-08-17 04:00:00,6093.1367,6973.0107,8905.046,6404.4062,7623.562
2009-08-17 05:00:00,6093.172,6973.026,8905.046,6404.4062,7623.8296
2009-08-17 06:00:00,6093.172,6973.0522,8905.046,6404.4062,7623.8296
2009-08-17 07:00:00,6093.184,6973.22,8905.068,6404.4062,7623.8296
2009-08-17 08:00:00,6093.184,6973.22,8905.673,6404.4062,7623.8296
2009-08-17 09:00:00,6093.209,6973.22,8905.673,6404.466,7623.8296
2009-08-17 10:00:00,6093.209,6973.22,8905.673,6404.466,7623.8296
2009-08-17 11:00:00,6093.2476,6973.3384,8905.673,6404.646,7625.399
2009-08-17 12:00:00,6093.3535,6973.697,8906.192,6404.7456,7625.411
2009-08-17 13:00:00,6093.3535,6973.697,8906.43,6404.7456,7627.58
2009-08-17 14:00:00,6093.3535,6973.992,8906.645,6404.791,7627.9546
2009-08-17 15:00:00,6093.3535,6973.992,8906.645,6404.791,7627.9546
2009-08-17 16:00:00,6093.3535,6973.992,8906.645,6404.791,7628.059
2009-08-17 17:00:00,6093.3535,6973.992,8907.1875,6404.791,7628.059
2009-08-17 18:00:00,6093.3535,6974.095,8907.245,6404.791,7628.059
2009-08-17 19:00:00,6093.3535,6974.095,8907.614,6404.791,7629.212
2009-08-17 20:00:00,6093.3535,6974.095,8907.614,6404.791,7629.212
2009-08-17 21:00:00,6093.3535,6974.095,8908.095,6404.791,7629.212
2009-08-17 22:00:00,6093.3535,6974.095,8910.614,6404.791,7629.2285
2009-08-17 23:00:00,6093.389,6974.095,8912.753,6404.791,7630.1377
2009-08-18 00:00:00,6093.389,6974.095,8912.853,6404.791,7630.4927
2009-08-18 01:00:00,6093.389,6974.095,8914.08,6404.791,7630.7217
2009-08-18 02:00:00,6093.389,6974.095,8914.367,6404.791,7630.7783
2009-08-18 03:00:00,6093.389,6974.095,8915.262,6404.791,7630.835
2009-08-18 04:00:00,6093.389,6974.095,8916.11,6404.791,7631.578
2009-08-18 05:00:00,6093.389,6974.095,8916.11,6404.791,7631.942
2009-08-18 06:00:00,6093.389,6974.095,8917.545,6404.791,7632.6333
2009-08-18 07:00:00,6093.4414,6974.095,8918.056,6404.791,7633.054
2009-08-18 08:00:00,6093.4414,6974.095,8918.056,6404.791,7633.1416
2009-08-18 09:00:00,6093.4414,6974.095,8918.056,6404.791,7633.395
2009-08-18 10:00:00,6093.4414,6974.095,8918.056,6404.791,7633.931
2009-08-18 11:00:00,6093.4414,6974.095,8918.056,6404.791,7633.931
2009-08-18 12:00:00,6093.4414,6974.095,8918.056,6404.791,7633.931
2009-08-18 13:00:00,6093.4414,6974.095,8918.056,6404.791,7633.931
2009-08-18 14:00:00,6093.4414,6974.095,8918.056,6404.791,7633.931
2009-08-18 15:00:00,6093.4414,6974.095,8918.056,6404.791,7633.931
2009-08-18 16:00:00,6093.4414,6974.095,8918.056,6404.791,7633.931
2009-08-18 17:00:00,6093.4414,6974.095,8918.056,6404.791,7633.931
2009-08-18 18:00:00,6093.4414,6974.095,8918.056,6404.791,7633.931
2009-08-18 19:00:00,6093.4414,6974.095,8918.056,6404.791,7633.931
2009-08-18 20:00:00,6093.4414,6974.095,8918.056,6404.791,7633.931
2009-08-18 21:00:00,6093.4414,6974.095,8918.056,6404.791,7633.931
2009-08-18 22:00:00,6093.4414,6974.095,8918.056,6404.791,7633.931
2009-08-18 23:00:00,6093.4414,6974.095,8918.056,6404.791,7633.931
2009-08-19 00:00:00,6093.4414,6974.095,8918.056,6404.791,7633.931
2009-08-19 01:00:00,6093.4414,6974.095,8918.056,6404.791,7633.931
2009-08-19 02:00:00,6093.4414,6974.095,8918.056,6404.791,7633.931
2009-08-19 03:00:00,6093.4414,6974.095,8918.056,6404.791,7633.931
2009-08-19 04:00:00,6093.4414,6974.095,8918.056,6404.791,7633.931
2009-08-19 05:00:00,6093.4414,6974.095,8918.056,6404.791,7633.931
2009-08-19 06:00:00,6093.4414,6974.095,8918.056,6404.791,7633.931
2009-08-19 07:00:00,6093.4414,6974.095,8918.056,6404.791,7633.931
2009-08-19 08:00:00,6093.4414,6974.095,8918.056,6404.791,7633.931
2009-08-19 09:00:00,6093.4414,6974.095,8918.056,6404.791,7633.931
2009-08-19 10:00:00,6093.4414,6974.095,8918.056,6404.791,7633.931
2009-08-19 11:00:00,6093.4414,6974.095,8918.056,6404.791,7633.931
2009-08-19 12:00:00,6093.4414,6974.095,8918.056,6404.791,7633.931
2009-08-19 13:00:00,6093.4414,6974.095,8918.056,6404.791,7633.931
2009-08-19 14:00:00,6093.4414,6974.095,8918.056,6404.791,7633.931
2009-08-19 15:00:00,6093.4414,6974.095,8918.056,6404.791,7633.931
2009-08-19 16:00:00,6093.4414,6974.095,8918.056,6404.791,7633.931
2009-08-19 17:00:00,6093.4414,6974.095,8918.056,6404.791,7633.931
2009-08-19 18:00:00,6093.4414,6974.095,8918.056,6404.791,7633.931
2009-08-19 19:00:00,6093.4414,6974.095,8918.056,6404.791,7633.931
2009-08-19 20:00:00,6093.4414,6974.095,8918.056,6404.791,7633.931
2009-08-19 21:00:00,6093.4414,6974.095,8918.056,6404.791,7633.931
2009-08-19 22:00:00,6093.4414,6974.095,8918.056,6404.791,7633.931
2009-08-19 23:00:00,6093.4414,6974.095,8918.341,6404.791,7633.931
2009-08-20 00:00:00,6093.4414,6974.095,8918.634,6404.791,7633.931
2009-08-20 01:00:00,6093.4414,6974.095,8918.634,6404.791,7633.931
2009-08-20 02:00:00,6093.4414,6974.095,8918.634,6404.791,7633.931
2009-08-20 03:00:00,6093.4414,6974.095,8918.634,6404.791,7633.931
2009-08-20 04:00:00,6093.4414,6974.095,8918.634,6404.791,7633.931
2009-08-20 05:00:00,6093.4414,6974.095,8918.634,6404.791,7633.931
2009-08-20 06:00:00,6093.4414,6974.095,8918.634,6404.791,7633.931
2009-08-20 07:00:00,6093.4414,6974.095,8918.634,6404.791,7633.931
2009-08-20 08:00:00,6093.4414,6974.095,8918.634,6404.791,7633.931
2009-08-20 09:00:00,6093.4414,6974.095,8918.634,6404.791,7633.931
2009-08-20 10:00:00,6093.4414,6974.095,8918.634,6404.791,7633.931
2009-08-20 11:00:00,6093.4414,6974.095,8918.634,6404.791,7633.931
2009-08-20 12:00:00,6093.4414,6974.095,8918.634,6404.791,7633.931
2009-08-20 13:00:00,6093.4414,6974.095,8918.634,6404.791,7633.931
2009-08-20 14:00:00,6093.4414,6974.095,8918.634,6404.791,7633.931
2009-08-20 15:00:00,6093.4414,6974.095,8918.634,6404.791,7633.931
2009-08-20 16:00:00,6093.4414,6974.095,8918.634,6404.791,7633.931
2009-08-20 17:00:00,6093.4414,6974.095,8918.634,6404.791,7633.931
2009-08-20 18:00:00,6093.4414,6974.095,8918.634,6404.791,7633.931
2009-08-20 19:00:00,6093.472,6974.1445,8918.634,6404.791,7633.931
2009-08-20 20:00:00,6094.2695,6974.21,8919.343,6405.344,7634.104
2009-08-20 21:00:00,6094.8955,6974.287,8921.028,6405.6685,7634.8267
2009-08-20 22:00:00,6095.297,6974.591,8926.07,6407.042,7635.2573
2009-08-20 23:00:00,6096.905,6975.6885,8928.5625,6415.0337,7636.676
2009-08-21 00:00:00,6099.4077,6977.423,8930.059,6419.8887,7636.676
2009-08-21 01:00:00,6102.071,6977.423,8930.059,6420.2285,7636.676
2009-08-21 02:00:00,6102.071,6977.423,8930.059,6420.2285,7636.676
2009-08-21 03:00:00,6102.071,6977.423,8930.059,6420.2285,7636.676
2009-08-21 04:00:00,6102.071,6977.423,8930.059,6420.2285,7636.676
2009-08-21 05:00:00,6102.071,6977.423,8930.255,6420.2285,7636.676
2009-08-21 06:00:00,6102.071,6977.423,8930.255,6420.2285,7636.8916
2009-08-21 07:00:00,6102.071,6977.423,8930.319,6420.2285,7636.8916
2009-08-21 08:00:00,6102.2554,6977.423,8930.319,6420.2285,7636.8916
2009-08-21 09:00:00,6102.416,6977.423,8930.319,6420.2285,7636.8916
2009-08-21 10:00:00,6102.416,6977.423,8930.319,6420.2285,7636.8916
2009-08-21 11:00:00,6102.4575,6977.579,8930.319,6420.2285,7636.8916
2009-08-21 12:00:00,6102.4575,6978.078,8930.319,6420.2285,7636.8916
2009-08-21 13:00:00,6102.4575,6978.338,8930.319,6420.2285,7636.8916
2009-08-21 14:00:00,6102.4575,6978.4307,8930.319,6420.2285,7636.9688
2009-08-21 15:00:00,6102.4575,6978.4307,8930.319,6420.2285,7636.9688
2009-08-21 16:00:00,6102.4575,6978.4307,8930.319,6420.2285,7636.985
2009-08-21 17:00:00,6102.84,6978.4307,8930.319,6420.2285,7636.985
2009-08-21 18:00:00,6102.84,6978.4307,8930.319,6420.2285,7636.985
2009-08-21 19:00:00,6102.84,6978.4307,8930.319,6420.2285,7636.985
2009-08-21 20:00:00,6102.8467,6978.4307,8930.319,6420.2285,7636.985
2009-08-21 21:00:00,6103.534,6978.4307,8930.319,6420.2285,7636.985
2009-08-21 22:00:00,6103.6304,6978.4307,8930.319,6420.2285,7637.1465
2009-08-21 23:00:00,6103.6304,6978.4307,8930.319,6420.2285,7637.1465
2009-08-22 00:00:00,6103.6304,6978.4307,8930.319,6420.2285,7637.1465
2009-08-22 01:00:00,6103.6304,6978.4307,8930.319,6420.2285,7637.1465
2009-08-22 02:00:00,6103.6304,6978.4307,8930.319,6420.2285,7637.1465
2009-08-22 03:00:00,6103.6304,6978.4307,8930.329,6420.2285,7637.1465
2009-08-22 04:00:00,6103.6304,6979.2646,8930.329,6421.2817,7637.1465
2009-08-22 05:00:00,6103.875,6979.2646,8930.329,6421.8574,7637.189
2009-08-22 06:00:00,6104.2124,6979.296,8930.329,6421.8574,7638.6113
2009-08-22 07:00:00,6104.2124,6980.225,8930.545,6421.8765,7638.7935
2009-08-22 08:00:00,6104.2124,6980.283,8931.156,6421.8765,7638.9487
2009-08-22 09:00:00,6104.3726,6980.333,8931.724,6421.8765,7638.9487
2009-08-22 10:00:00,6104.4214,6980.333,8931.724,6422.1035,7638.9487
2009-08-22 11:00:00,6104.442,6980.4663,8931.724,6422.1035,7638.9487
2009-08-22 12:00:00,6104.442,6980.5107,8931.724,6422.1035,7638.9487
2009-08-22 13:00:00,6104.442,6980.5107,8931.724,6422.1035,7638.9487
2009-08-22 14:00:00,6104.442,6980.5107,8931.724,6422.1035,7638.9487
2009-08-22 15:00:00,6104.442,6980.5107,8931.724,6422.1035,7638.957
2009-08-22 16:00:00,6104.442,6980.5107,8931.724,6422.1694,7638.97
2009-08-22 17:00:00,6104.464,6980.5107,8931.724,6422.1694,7638.993
2009-08-22 18:00:00,6104.464,6980.522,8931.724,6422.1694,7638.993
2009-08-22 19:00:00,6104.464,6980.522,8931.724,6422.1694,7638.993
2009-08-22 20:00:00,6104.464,6980.5337,8931.724,6422.1694,7638.9946
2009-08-22 21:00:00,6104.464,6980.5337,8931.724,6422.1694,7639.0645
2009-08-22 22:00:00,6104.464,6980.5337,8931.724,6422.1694,7639.0645
2009-08-22 23:00:00,6104.464,6980.5337,8931.724,6422.1694,7639.0645
2009-08-23 00:00:00,6104.8003,6980.933,8931.724,6422.4644,7639.574
2009-08-23 01:00:00,6104.8003,6981.0176,8931.724,6422.529,7640.705
2009-08-23 02:00:00,6104.9126,6981.3794,8931.724,6422.7734,7640.982
2009-08-23 03:00:00,6105.115,6981.8022,8932.326,6423.264,7641.428
2009-08-23 04:00:00,6104.464,6980.5337,8931.724,6422.1694,7639.299
2009-08-23 05:00:00,6104.464,6980.5337,8931.724,6422.1694,7639.527
2009-08-23 06:00:00,6104.464,6980.5337,8931.724,6422.1694,7639.527
2009-08-23 07:00:00,6104.464,6980.745,8931.724,6422.1694,7639.527
2009-08-23 08:00:00,6104.6597,6980.745,8931.724,6422.1694,7639.527
2009-08-23 09:00:00,6104.8003,6980.745,8931.724,6422.1694,7639.527
2009-08-23 10:00:00,6104.8003,6980.745,8931.724,6422.1694,7639.527
2009-08-23 11:00:00,6104.8003,6980.745,8931.724,6422.1694,7639.527
2009-08-23 12:00:00,6104.8003,6980.745,8931.724,6422.1694,7639.527
2009-08-23 13:00:00,6104.8003,6980.745,8931.724,6422.1694,7639.527
2009-08-23 14:00:00,6104.8003,6980.745,8931.724,6422.1694,7639.527
2009-08-23 15:00:00,6104.8003,6980.745,8931.724,6422.1694,7639.562
2009-08-23 16:00:00,6104.8003,6980.7773,8931.724,6422.1694,7639.562
2009-08-23 17:00:00,6104.8003,6980.7773,8931.724,6422.1694,7639.562
2009-08-23 18:00:00,6104.8003,6980.7773,8931.724,6422.3384,7639.562
2009-08-23 19:00:00,6104.8003,6980.825,8931.724,6422.3423,7639.562
2009-08-23 20:00:00,6104.8003,6980.933,8931.724,6422.4644,7639.562
2009-08-23 21:00:00,6104.8003,6980.933,8931.724,6422.4644,7639.562
2009-08-23 22:00:00,6104.8003,6980.933,8931.724,6422.4644,7639.562
2009-08-23 23:00:00,6104.8003,6980.933,8931.724,6422.4644,7639.562
2009-08-24 00:00:00,6105.888,6983.356,8933.824,6424.284,7642.519
2009-08-24 01:00:00,6107.7236,6984.264,8935.885,6425.645,7643.4756
2009-08-24 02:00:00,6108.8716,6984.9233,8936.361,6426.329,7644.5967
2009-08-24 03:00:00,6110.2427,6985.472,8936.587,6427.1123,7645.287
2009-08-24 04:00:00,6111.5884,6985.7075,8937.876,6427.508,7645.4263
2009-08-24 05:00:00,6112.4375,6985.7075,8938.206,6427.5894,7645.4263
2009-08-24 06:00:00,6112.557,6985.7075,8938.206,6427.5894,7645.4263
2009-08-24 07:00:00,6112.557,6985.7075,8938.206,6427.5894,7645.4263
2009-08-24 08:00:00,6112.557,6985.7075,8938.206,6427.5894,7645.4263
2009-08-24 09:00:00,6112.557,6985.7075,8938.457,6427.5894,7645.4263
2009-08-24 10:00:00,6112.557,6985.7075,8939.027,6427.5894,7645.4263
2009-08-24 11:00:00,6112.557,6985.7075,8939.027,6427.5894,7645.4263
2009-08-24 12:00:00,6112.557,6985.7075,8939.027,6427.5894,7645.4263
2009-08-24 13:00:00,6112.557,6985.7075,8939.027,6427.5894,7645.4263
2009-08-24 14:00:00,6112.557,6985.7075,8939.027,6427.5894,7645.4263
2009-08-24 15:00:00,6112.557,6985.7075,8939.027,6427.5894,7645.4263
2009-08-24 16:00:00,6112.557,6985.7075,8939.027,6427.5894,7645.4263
2009-08-24 17:00:00,6112.557,6985.7075,8939.027,6427.5894,7645.4263
2009-08-24 18:00:00,6112.557,6985.7075,8939.027,6427.5894,7645.4263
2009-08-24 19:00:00,6112.557,6985.7075,8939.027,6427.5894,7645.4263
2009-08-24 20:00:00,6112.557,6985.7075,8939.027,6427.5894,7645.4263
2009-08-24 21:00:00,6112.557,6985.7075,8939.027,6427.5894,7645.4263
2009-08-24 22:00:00,6112.557,6985.7075,8939.027,6427.5894,7645.4263
2009-08-24 23:00:00,6112.557,6985.7075,8939.027,6427.5894,7645.4263
2009-08-25 00:00:00,6112.557,6985.7075,8939.027,6427.5894,7645.4263
2009-08-25 01:00:00,6112.557,6985.7075,8939.027,6427.5894,7645.4263
2009-08-25 02:00:00,6112.557,6985.7075,8939.027,6427.5894,7645.4263
2009-08-25 03:00:00,6112.557,6985.7075,8939.027,6427.5894,7645.4263
2009-08-25 04:00:00,6112.557,6985.7075,8939.027,6427.5894,7645.4263
2009-08-25 05:00:00,6112.557,6985.7075,8939.027,6427.5894,7645.4263
2009-08-25 06:00:00,6112.557,6985.7075,8939.027,6427.5894,7645.4263
2009-08-25 07:00:00,6112.557,6985.7075,8939.027,6427.5894,7645.4263
2009-08-25 08:00:00,6112.557,6985.7075,8939.027,6427.5894,7645.4263
2009-08-25 09:00:00,6112.557,6985.7075,8939.027,6427.5894,7645.4263
2009-08-25 10:00:00,6112.557,6985.7075,8939.027,6427.5894,7645.4263
2009-08-25 11:00:00,6112.557,6985.7075,8939.027,6427.5894,7645.4263
2009-08-25 12:00:00,6112.557,6985.9575,8939.027,6427.5894,7645.4263
2009-08-25 13:00:00,6112.557,6985.9575,8939.027,6427.5894,7645.4263
2009-08-25 14:00:00,6112.557,6985.9575,8939.027,6427.5894,7645.4263
2009-08-25 15:00:00,6112.557,6985.9575,8939.027,6427.5894,7645.4263
2009-08-25 16:00:00,6112.557,6985.9575,8939.027,6427.5894,7645.6055
2009-08-25 17:00:00,6113.022,6985.9575,8939.567,6427.5894,7646.531
2009-08-25 18:00:00,6114.915,6985.9575,8939.784,6427.6035,7647.4263
2009-08-25 19:00:00,6116.579,6986.012,8940.276,6427.9946,7649.188
2009-08-25 20:00:00,6119.0454,6986.9077,8940.321,6428.165,7653.4365
2009-08-25 21:00:00,6119.681,6989.8604,8940.858,6428.197,7654.832
2009-08-25 22:00:00,6120.106,6990.2725,8941.534,6428.197,7656.162
2009-08-25 23:00:00,6121.1904,6990.878,8942.096,6428.209,7657.18
2009-08-26 00:00:00,6122.7427,6991.5693,8943.099,6428.7935,7657.323
2009-08-26 01:00:00,6122.7427,6991.654,8943.299,6428.7935,7657.383
2009-08-26 02:00:00,6122.9707,6991.654,8943.6045,6429.0073,7657.556
2009-08-26 03:00:00,6123.0806,6991.8887,8943.6045,6429.1675,7657.584
2009-08-26 04:00:00,6123.6367,6991.9043,8943.6045,6429.3213,7657.584
2009-08-26 05:00:00,6124.3438,6991.9043,8943.905,6429.646,7657.584
2009-08-26 06:00:00,6125.2095,6991.9043,8944.097,6430.0015,7657.584
2009-08-26 07:00:00,6126.134,6991.9043,8944.423,6430.1094,7657.584
2009-08-26 08:00:00,6127.3867,6991.9043,8944.423,6430.1094,7657.584
2009-08-26 09:00:00,6127.8975,6991.9043,8944.423,6430.1094,7657.584
2009-08-26 10:00:00,6127.8975,6991.9043,8944.423,6430.1094,7657.584
2009-08-26 11:00:00,6127.8975,6991.9043,8944.423,6430.1094,7657.584
2009-08-26 12:00:00,6127.8975,6991.9043,8944.423,6430.1094,7657.584
2009-08-26 13:00:00,6127.8975,6991.9043,8944.423,6430.1094,7657.6094
2009-08-26 14:00:00,6127.8975,6992.015,8944.423,6430.1094,7657.657
2009-08-26 15:00:00,6127.8975,6992.015,8944.423,6430.1094,7657.724
2009-08-26 16:00:00,6127.8975,6992.31,8944.423,6430.1094,7657.8833
2009-08-26 17:00:00,6127.8975,6992.34,8944.423,6430.1094,7658.0503
2009-08-26 18:00:00,6127.8975,6992.34,8944.423,6430.1094,7658.157
2009-08-26 19:00:00,6127.8975,6992.34,8944.423,6430.1094,7658.157
2009-08-26 20:00:00,6127.8975,6992.34,8944.423,6430.1094,7658.157
2009-08-26 21:00:00,6127.8975,6992.34,8944.423,6430.1094,7658.157
2009-08-26 22:00:00,6127.8975,6992.34,8944.423,6430.1094,7658.157
2009-08-26 23:00:00,6127.8975,6992.34,8944.423,6430.1094,7658.157
2009-08-27 00:00:00,6127.8975,6992.34,8944.423,6430.1094,7658.157
2009-08-27 01:00:00,6127.8975,6992.34,8944.423,6430.1094,7658.716
2009-08-27 02:00:00,6127.8975,6992.34,8944.423,6430.1094,7660.4146
2009-08-27 03:00:00,6127.9077,6992.3716,8944.509,6430.1772,7660.6826
2009-08-27 04:00:00,6127.9077,6992.7354,8945.661,6430.3613,7661.628
2009-08-27 05:00:00,6127.96,6993.1943,8946.468,6430.918,7662.983
2009-08-27 06:00:00,6128.2524,6993.7666,8946.468,6431.004,7662.983
2009-08-27 07:00:00,6128.3306,6995.1133,8946.468,6431.05,7662.983
2009-08-27 08:00:00,6128.8955,6999.605,8946.468,6431.27,7663.1333
2009-08-27 09:00:00,6129.435,7001.824,8946.468,6431.464,7663.1333
2009-08-27 10:00:00,6130.2354,7002.0537,8946.468,6431.874,7663.144
2009-08-27 11:00:00,6131.2656,7002.0537,8946.468,6432.4116,7663.2144
2009-08-27 12:00:00,6131.9053,7002.0537,8946.468,6432.7754,7663.2144
2009-08-27 13:00:00,6132.918,7002.0537,8946.468,6433.4165,7663.2144
2009-08-27 14:00:00,6133.276,7002.0537,8947.871,6434.761,7663.4424
2009-08-27 15:00:00,6133.2837,7002.4214,8948.165,6434.831,7663.7036
2009-08-27 16:00:00,6133.348,7002.681,8948.206,6434.8374,7663.987
2009-08-27 17:00:00,6133.348,7002.681,8948.206,6434.8374,7664.419
2009-08-27 18:00:00,6133.348,7002.681,8948.206,6434.8374,7664.428
2009-08-27 19:00:00,6133.348,7002.681,8948.206,6434.8374,7664.428
2009-08-27 20:00:00,6133.348,7002.681,8948.206,6434.8374,7664.428
2009-08-27 21:00:00,6133.348,7002.681,8948.206,6434.8374,7664.428
2009-08-27 22:00:00,6133.348,7002.681,8948.206,6434.8374,7664.428
2009-08-27 23:00:00,6133.348,7002.681,8948.206,6434.8374,7664.428
2009-08-28 00:00:00,6133.348,7002.681,8948.304,6434.8374,7664.428
2009-08-28 01:00:00,6133.348,7002.681,8948.321,6434.8374,7664.428
2009-08-28 02:00:00,6133.438,7002.681,8948.321,6434.8374,7664.428
2009-08-28 03:00:00,6133.6577,7002.681,8948.321,6434.891,7664.428
2009-08-28 04:00:00,6133.664,7002.719,8948.338,6435.2637,7664.7925
2009-08-28 05:00:00,6133.664,7002.776,8948.56,6435.2637,7665.201
2009-08-28 06:00:00,6133.664,7002.776,8948.56,6435.2637,7665.201
2009-08-28 07:00:00,6133.664,7002.776,8948.56,6435.2637,7665.201
2009-08-28 08:00:00,6133.664,7002.776,8948.56,6435.2637,7665.201
2009-08-28 09:00:00,6133.664,7002.776,8948.56,6435.2637,7665.201
2009-08-28 10:00:00,6133.664,7002.776,8948.56,6435.2637,7665.201
2009-08-28 11:00:00,6133.664,7002.776,8948.56,6435.2637,7665.215
2009-08-28 12:00:00,6134.204,7003.083,8948.56,6436.653,7665.3174
2009-08-28 13:00:00,6134.3535,7003.083,8948.56,6436.7544,7665.4067
2009-08-28 14:00:00,6135.1743,7003.762,8949.227,6437.9346,7665.6655
2009-08-28 15:00:00,6136.9556,7004.043,8949.611,6439.8423,7666.2134
2009-08-28 16:00:00,6138.766,7005.0083,8950.294,6440.877,7667.1143
2009-08-28 17:00:00,6140.5327,7008.9326,8950.744,6443.3354,7669.827
2009-08-28 18:00:00,6140.674,7010.047,8951.445,6444.648,7672.0327
2009-08-28 19:00:00,6143.075,7011.22,8951.823,6445.3735,7676.374
2009-08-28 20:00:00,6143.1313,7011.5264,8952.434,6446.242,7677.258
2009-08-28 21:00:00,6143.1924,7011.5264,8953.352,6446.242,7677.258
2009-08-28 22:00:00,6143.222,7011.5264,8953.352,6446.242,7677.258
2009-08-28 23:00:00,6143.222,7011.5264,8953.352,6446.242,7677.258
2009-08-29 00:00:00,6143.222,7011.5264,8953.352,6446.242,7677.258
2009-08-29 01:00:00,6143.222,7011.5264,8953.352,6446.242,7677.258
2009-08-29 02:00:00,6143.222,7011.5264,8953.352,6446.242,7677.258
2009-08-29 03:00:00,6143.222,7011.5264,8953.352,6446.242,7677.258
2009-08-29 04:00:00,6143.222,7012.479,8953.352,6446.242,7677.258
2009-08-29 05:00:00,6143.222,7012.9575,8953.352,6446.242,7677.258
2009-08-29 06:00:00,6143.2305,7013.214,8953.352,6446.242,7677.258
2009-08-29 07:00:00,6143.3306,7013.214,8953.352,6446.242,7677.258
2009-08-29 08:00:00,6143.3306,7013.214,8953.352,6446.274,7677.258
2009-08-29 09:00:00,6143.3306,7013.274,8953.352,6446.274,7677.258
2009-08-29 10:00:00,6143.3486,7013.288,8953.352,6446.274,7677.2734
2009-08-29 11:00:00,6143.5894,7014.67,8954.856,6446.8647,7677.6772
2009-08-29 12:00:00,6144.003,7015.115,8956.664,6447.22,7677.6772
2009-08-29 13:00:00,6144.0835,7015.115,8957.5,6447.22,7677.912
2009-08-29 14:00:00,6144.0835,7015.115,8958.13,6447.22,7678.1313
2009-08-29 15:00:00,6144.1206,7015.135,8959.919,6447.22,7678.252
2009-08-29 16:00:00,6144.1997,7015.5645,8960.46,6447.4023,7679.4927
2009-08-29 17:00:00,6144.43,7016.8564,8962.561,6449.8057,7681.6396
2009-08-29 18:00:00,6144.7563,7017.0195,8963.899,6450.9297,7682.9966
2009-08-29 19:00:00,6144.838,7017.0586,8964.087,6451.2964,7682.9966
2009-08-29 20:00:00,6144.871,7017.0938,8964.542,6451.2964,7683.0493
2009-08-29 21:00:00,6144.9116,7017.1826,8964.926,6451.302,7683.0713
2009-08-29 22:00:00,6144.968,7017.2227,8964.926,6451.573,7683.422
2009-08-29 23:00:00,6145.025,7017.394,8967.531,6451.672,7683.822
2009-08-30 00:00:00,6153.7573,7041.8403,9032.095,6506.0547,7713.4463
2009-08-30 01:00:00,6154.5317,7044.181,9039.532,6511.064,7716.795
2009-08-30 02:00:00,6155.0083,7046.3496,9046.89,6515.2466,7719.8247
2009-08-30 03:00:00,6155.4453,7049.119,9053.028,6519.843,7721.477
2009-08-30 04:00:00,6145.7686,7017.4453,8969.164,6451.7935,7685.7373
2009-08-30 05:00:00,6146.1636,7017.9067,8971.1875,6452.1113,7685.9004
2009-08-30 06:00:00,6146.3,7017.9155,8971.681,6452.6406,7685.901
2009-08-30 07:00:00,6146.3486,7017.9155,8971.895,6452.6406,7686.756
2009-08-30 08:00:00,6146.6797,7018.396,8974.816,6452.904,7687.8438
2009-08-30 09:00:00,6146.813,7018.4375,8974.842,6452.904,7687.8706
2009-08-30 10:00:00,6147.0195,7019.6187,8976.066,6453.6636,7688.324
2009-08-30 11:00:00,6147.3423,7019.934,8977.448,6455.18,7689.0366
2009-08-30 12:00:00,6147.37,7019.9863,8978.861,6456.122,7689.096
2009-08-30 13:00:00,6147.4194,7019.9863,8979.87,6456.2456,7689.529
2009-08-30 14:00:00,6147.463,7020.129,8983.495,6456.5483,7690.2397
2009-08-30 15:00:00,6148.126,7022.171,8989.62,6458.7563,7691.5146
2009-08-30 16:00:00,6149.9688,7026.446,8996.264,6464.2876,7692.867
2009-08-30 17:00:00,6151.491,7029.4487,9001.866,6470.8276,7695.4663
2009-08-30 18:00:00,6152.017,7031.053,9004.588,6476.092,7698.6797
2009-08-30 19:00:00,6152.2974,7031.911,9006.944,6479.2646,7699.7896
2009-08-30 20:00:00,6152.358,7033.368,9010.098,6482.643,7700.8203
2009-08-30 21:00:00,6152.5415,7035.1104,9014.243,6487.673,7703.908
2009-08-30 22:00:00,6152.8047,7036.962,9019.15,6493.384,7706.79
2009-08-30 23:00:00,6153.1187,7039.2734,9024.446,6499.375,7709.1074
2009-08-31 00:00:00,6156.0586,7050.454,9059.187,6523.296,7724.4688
2009-08-31 01:00:00,6156.6045,7051.0425,9063.695,6524.0635,7725.1406
2009-08-31 02:00:00,6156.674,7051.4614,9064.104,6524.421,7725.1406
2009-08-31 03:00:00,6156.887,7051.4614,9064.104,6524.448,7725.616
2009-08-31 04:00:00,6156.887,7051.5254,9064.104,6524.448,7725.616
2009-08-31 05:00:00,6156.887,7051.5684,9064.104,6524.483,7725.7065
2009-08-31 06:00:00,6156.911,7051.5684,9064.339,6524.501,7726.1685
2009-08-31 07:00:00,6156.911,7051.5684,9064.339,6524.522,7726.3013
2009-08-31 08:00:00,6156.911,7051.5684,9064.339,6524.572,7726.3013
2009-08-31 09:00:00,6156.911,7051.5684,9064.339,6524.572,7726.3013
2009-08-31 10:00:00,6156.911,7051.5684,9064.339,6524.572,7726.3013
2009-08-31 11:00:00,6156.911,7051.5684,9064.339,6524.572,7726.3013
2009-08-31 12:00:00,6156.911,7051.6235,9064.339,6524.6665,7726.4604
2009-08-31 13:00:00,6157.0723,7052.5728,9064.339,6525.241,7727.188
2009-08-31 14:00:00,6157.7144,7054.3823,9065.494,6526.2856,7727.6104
2009-08-31 15:00:00,6159.1343,7056.6064,9067.552,6528.5723,7728.36
2009-08-31 16:00:00,6160.9463,7058.0366,9071.967,6530.773,7729.925
2009-08-31 17:00:00,6164.8877,7060.4033,9076.014,6532.9556,7732.217
2009-08-31 18:00:00,6167.227,7061.115,9082.682,6533.809,7733.4863
2009-08-31 19:00:00,6167.648,7061.229,9088.005,6533.818,7734.3657
2009-08-31 20:00:00,6168.74,7061.7544,9091.392,6534.473,7737.223
2009-08-31 21:00:00,6169.108,7062.2944,9100.233,6535.298,7743.7285
2009-08-31 22:00:00,6169.14,7062.2944,9102.449,6536.014,7744.258
2009-08-31 23:00:00,6169.1626,7062.2944,9102.76,6536.1,7744.258
2009-09-01 00:00:00,6169.1626,7062.2944,9103.178,6536.183,7744.258
2009-09-01 01:00:00,6169.199,7062.2944,9104.166,6536.3486,7744.2856
2009-09-01 02:00:00,6169.199,7062.2944,9104.268,6536.3486,7744.2856
2009-09-01 03:00:00,6169.199,7062.867,9104.268,6536.4995,7744.432
2009-09-01 04:00:00,6169.4927,7065.7227,9104.268,6536.9893,7744.6978
2009-09-01 05:00:00,6169.64,7067.276,9104.438,6537.565,7745.565
2009-09-01 06:00:00,6170.0986,7068.2583,9104.75,6538.0254,7746.9873
2009-09-01 07:00:00,6170.842,7068.4795,9105.569,6538.72,7748.9756
2009-09-01 08:00:00,6171.0503,7068.4795,9105.805,6538.7593,7750.361
2009-09-01 09:00:00,6171.0806,7068.6333,9105.805,6539.07,7750.438
2009-09-01 10:00:00,6172.9824,7068.6333,9105.805,6540.3975,7752.367
2009-09-01 11:00:00,6174.5337,7070.5923,9107.116,6542.9424,7753.814
2009-09-01 12:00:00,6174.6787,7070.646,9111.851,6543.156,7760.0127
2009-09-01 13:00:00,6174.8125,7072.057,9122.34,6543.4478,7765.5703
2009-09-01 14:00:00,6175.1924,7076.217,9126.25,6544.385,7769.3296
2009-09-01 15:00:00,6175.318,7077.836,9131.057,6544.48,7772.6436
2009-09-01 16:00:00,6178.4707,7084.3555,9133.613,6546.9556,7776.8154
2009-09-01 17:00:00,6181.7817,7085.879,9136.253,6548.404,7776.8154
2009-09-01 18:00:00,6182.732,7085.879,9136.253,6548.404,7776.8154
2009-09-01 19:00:00,6182.732,7085.879,9136.253,6548.404,7776.8154
2009-09-01 20:00:00,6182.732,7085.879,9136.253,6548.404,7776.8154
2009-09-01 21:00:00,6182.732,7085.879,9136.253,6548.404,7777.164
2009-09-01 22:00:00,6182.732,7085.879,9136.253,6548.404,7777.545
2009-09-01 23:00:00,6182.7476,7085.879,9136.253,6548.404,7777.545
2009-09-02 00:00:00,6182.7476,7085.879,9136.253,6548.4263,7777.545
2009-09-02 01:00:00,6182.7476,7085.879,9136.253,6548.4263,7777.545
2009-09-02 02:00:00,6182.7476,7085.879,9136.253,6548.4263,7777.545
2009-09-02 03:00:00,6182.7476,7085.879,9136.253,6548.4263,7777.545
2009-09-02 04:00:00,6182.7476,7086.009,9136.253,6548.4263,7777.545
2009-09-02 05:00:00,6182.815,7086.212,9136.253,6548.7925,7777.545
2009-09-02 06:00:00,6182.815,7086.212,9136.253,6548.8154,7777.545
2009-09-02 07:00:00,6182.838,7086.212,9136.36,6548.8154,7777.545
2009-09-02 08:00:00,6182.838,7086.3296,9136.36,6548.8154,7777.709
2009-09-02 09:00:00,6182.838,7088.506,9138.129,6549.2803,7778.134
2009-09-02 10:00:00,6185.3906,7089.2104,9141.153,6550.8984,7778.134
2009-09-02 11:00:00,6185.6865,7089.3066,9141.294,6550.9355,7778.592
2009-09-02 12:00:00,6185.729,7089.375,9141.423,6550.9355,7779.2866
2009-09-02 13:00:00,6185.7817,7089.8545,9143.176,6551.063,7781.5625
2009-09-02 14:00:00,6185.963,7090.0737,9146.474,6551.28,7782.1753
2009-09-02 15:00:00,6186.147,7090.0737,9146.877,6551.308,7782.1753
2009-09-02 16:00:00,6186.3174,7090.0737,9147.975,6551.308,7782.8403
2009-09-02 17:00:00,6186.955,7090.0737,9147.975,6551.308,7782.8403
2009-09-02 18:00:00,6186.955,7090.0737,9147.982,6551.308,7782.8403
2009-09-02 19:00:00,6186.955,7090.0737,9148.137,6551.308,7783.03
2009-09-02 20:00:00,6186.955,7090.4497,9148.496,6551.308,7783.0806
2009-09-02 21:00:00,6186.955,7090.6147,9148.964,6551.3125,7783.1465
2009-09-02 22:00:00,6186.955,7090.6147,9149.456,6551.3125,7783.1465
2009-09-02 23:00:00,6186.955,7090.6147,9149.456,6551.3125,7783.1465
2009-09-03 00:00:00,6186.955,7091.1016,9149.456,6551.3755,7783.1465
2009-09-03 01:00:00,6187.043,7091.109,9149.456,6551.3755,7783.1465
2009-09-03 02:00:00,6187.0596,7091.425,9149.456,6551.3755,7783.1465
2009-09-03 03:00:00,6187.1157,7091.513,9149.456,6551.47,7783.1465
2009-09-03 04:00:00,6187.1157,7091.513,9149.542,6551.47,7783.278
2009-09-03 05:00:00,6187.1157,7091.513,9149.542,6551.47,7783.278
2009-09-03 06:00:00,6187.1157,7091.513,9149.542,6551.47,7783.278
2009-09-03 07:00:00,6187.1157,7091.513,9149.542,6551.47,7783.278
2009-09-03 08:00:00,6187.1157,7091.513,9149.542,6551.47,7783.278
2009-09-03 09:00:00,6187.1157,7091.513,9149.542,6551.47,7783.278
2009-09-03 10:00:00,6187.1157,7091.513,9149.542,6551.47,7783.278
2009-09-03 11:00:00,6187.1157,7091.513,9149.542,6551.47,7783.278
2009-09-03 12:00:00,6187.1157,7091.513,9149.542,6551.47,7783.278
2009-09-03 13:00:00,6187.1157,7091.513,9149.542,6551.47,7783.278
2009-09-03 14:00:00,6187.1157,7091.513,9149.542,6551.47,7783.278
2009-09-03 15:00:00,6187.1157,7091.513,9149.542,6551.47,7783.278
2009-09-03 16:00:00,6187.1157,7091.513,9149.542,6551.47,7783.278
2009-09-03 17:00:00,6187.1157,7091.513,9149.542,6551.47,7783.278
2009-09-03 18:00:00,6187.1157,7091.513,9149.542,6551.47,7783.278
2009-09-03 19:00:00,6187.1157,7091.513,9149.542,6551.47,7783.278
2009-09-03 20:00:00,6187.1157,7091.513,9149.542,6551.47,7783.278
2009-09-03 21:00:00,6187.1157,7091.513,9149.542,6551.47,7783.278
2009-09-03 22:00:00,6187.1157,7091.513,9149.542,6551.47,7783.278
2009-09-03 23:00:00,6187.1157,7091.513,9149.542,6551.47,7783.278
2009-09-04 00:00:00,6187.1157,7091.513,9149.542,6551.47,7783.278
2009-09-04 01:00:00,6187.1157,7091.513,9149.542,6551.47,7783.278
2009-09-04 02:00:00,6187.1157,7091.513,9149.542,6551.47,7783.278
2009-09-04 03:00:00,6187.1157,7091.513,9149.542,6551.6934,7783.278
2009-09-04 04:00:00,6187.4062,7091.513,9149.558,6552.743,7783.303
2009-09-04 05:00:00,6187.7485,7091.5522,9150.643,6555.347,7783.6763
2009-09-04 06:00:00,6187.942,7091.7725,9151.245,6556.139,7783.8022
2009-09-04 07:00:00,6187.961,7091.7725,9151.881,6556.295,7783.975
2009-09-04 08:00:00,6187.961,7091.7725,9152.234,6556.638,7784.167
2009-09-04 09:00:00,6188.014,7091.7725,9152.234,6556.824,7784.167
2009-09-04 10:00:00,6188.2188,7091.7993,9152.234,6556.824,7784.167
2009-09-04 11:00:00,6188.2188,7091.7993,9152.234,6556.824,7784.167
2009-09-04 12:00:00,6188.2188,7091.7993,9152.234,6556.824,7784.167
2009-09-04 13:00:00,6188.2188,7091.7993,9152.234,6556.824,7784.167
2009-09-04 14:00:00,6188.2188,7091.7993,9152.234,6556.824,7784.167
2009-09-04 15:00:00,6188.2188,7091.7993,9152.234,6556.824,7784.167
2009-09-04 16:00:00,6188.236,7091.7993,9152.234,6556.824,7784.167
2009-09-04 17:00:00,6188.236,7091.7993,9152.234,6556.824,7784.167
2009-09-04 18:00:00,6188.236,7091.7993,9152.234,6556.824,7784.167
2009-09-04 19:00:00,6188.332,7091.7993,9152.779,6556.824,7784.167
2009-09-04 20:00:00,6188.332,7091.7993,9153.157,6556.824,7784.167
2009-09-04 21:00:00,6188.332,7091.7993,9153.74,6556.824,7784.167
2009-09-04 22:00:00,6188.332,7091.7993,9153.801,6556.824,7784.167
2009-09-04 23:00:00,6188.332,7091.7993,9153.801,6556.824,7784.167
2009-09-05 00:00:00,6188.332,7091.7993,9153.801,6556.824,7784.167
2009-09-05 01:00:00,6188.332,7091.7993,9154.021,6556.824,7784.167
2009-09-05 02:00:00,6188.332,7091.7993,9154.021,6556.824,7784.167
2009-09-05 03:00:00,6188.332,7091.7993,9154.021,6556.824,7784.167
2009-09-05 04:00:00,6188.332,7091.7993,9154.021,6556.824,7784.167
2009-09-05 05:00:00,6188.332,7091.7993,9154.021,6556.824,7784.167
2009-09-05 06:00:00,6188.332,7091.7993,9154.021,6556.824,7784.167
2009-09-05 07:00:00,6188.332,7091.7993,9154.021,6556.824,7784.167
2009-09-05 08:00:00,6188.332,7091.7993,9154.021,6556.824,7784.167
2009-09-05 09:00:00,6188.332,7091.7993,9154.021,6556.824,7784.167
2009-09-05 10:00:00,6188.332,7091.7993,9154.021,6556.824,7784.167
2009-09-05 11:00:00,6188.332,7091.7993,9154.021,6556.824,7784.242
2009-09-05 12:00:00,6188.332,7091.7993,9154.021,6556.824,7784.242
2009-09-05 13:00:00,6188.332,7091.7993,9154.021,6556.824,7784.242
2009-09-05 14:00:00,6188.332,7091.7993,9154.021,6556.824,7784.242
2009-09-05 15:00:00,6188.332,7091.7993,9154.021,6556.824,7784.242
2009-09-05 16:00:00,6188.332,7091.7993,9154.021,6556.824,7784.242
2009-09-05 17:00:00,6188.332,7091.7993,9154.021,6556.824,7784.242
2009-09-05 18:00:00,6188.332,7091.7993,9154.021,6556.824,7784.242
2009-09-05 19:00:00,6188.332,7091.7993,9154.021,6556.824,7784.242
2009-09-05 20:00:00,6188.332,7091.7993,9154.021,6556.824,7784.242
2009-09-05 21:00:00,6188.332,7091.7993,9154.021,6556.824,7784.242
2009-09-05 22:00:00,6188.332,7091.7993,9154.021,6556.824,7784.242
2009-09-05 23:00:00,6188.332,7091.7993,9154.021,6556.824,7784.242
2009-09-06 00:00:00,6189.5503,7093.364,9155.049,6558.783,7787.8857
2009-09-06 01:00:00,6189.6006,7093.415,9155.049,6558.8325,7788.1445
2009-09-06 02:00:00,6189.722,7093.498,9155.273,6558.8486,7788.479
2009-09-06 03:00:00,6189.896,7093.5376,9155.274,6559.1006,7788.8467
2009-09-06 04:00:00,6188.332,7091.7993,9154.021,6556.824,7784.242
2009-09-06 05:00:00,6188.332,7091.7993,9154.021,6556.824,7784.242
2009-09-06 06:00:00,6188.332,7091.7993,9154.021,6556.824,7784.242
2009-09-06 07:00:00,6188.332,7091.7993,9154.021,6556.824,7784.242
2009-09-06 08:00:00,6188.332,7091.7993,9154.021,6556.824,7784.242
2009-09-06 09:00:00,6188.332,7091.7993,9154.021,6556.824,7784.242
2009-09-06 10:00:00,6188.332,7092.087,9154.021,6556.824,7784.3516
2009-09-06 11:00:00,6188.769,7092.087,9154.021,6557.2827,7784.4355
2009-09-06 12:00:00,6188.836,7092.613,9154.168,6557.458,7784.614
2009-09-06 13:00:00,6189.0117,7092.6855,9154.168,6557.929,7784.7324
2009-09-06 14:00:00,6189.0117,7092.8027,9154.168,6557.929,7784.801
2009-09-06 15:00:00,6189.061,7093.0884,9154.168,6558.2075,7785.0083
2009-09-06 16:00:00,6189.1875,7093.236,9154.168,6558.2534,7785.043
2009-09-06 17:00:00,6189.327,7093.236,9154.593,6558.3994,7785.2236
2009-09-06 18:00:00,6189.3765,7093.2754,9154.593,6558.4155,7785.403
2009-09-06 19:00:00,6189.3765,7093.291,9154.693,6558.4375,7785.7466
2009-09-06 20:00:00,6189.439,7093.332,9154.693,6558.5723,7787.4033
2009-09-06 21:00:00,6189.536,7093.332,9155.023,6558.656,7787.4033
2009-09-06 22:00:00,6189.536,7093.332,9155.023,6558.656,7787.5176
2009-09-06 23:00:00,6189.536,7093.364,9155.023,6558.783,7787.7334
2009-09-07 00:00:00,6189.9507,7093.5376,9155.274,6559.1006,7788.8467
2009-09-07 01:00:00,6189.9507,7093.5376,9155.274,6559.1006,7788.868
2009-09-07 02:00:00,6189.9507,7093.5376,9155.274,6559.1006,7788.868
2009-09-07 03:00:00,6189.9507,7093.5376,9155.274,6559.1006,7788.868
2009-09-07 04:00:00,6189.9507,7093.5376,9155.274,6559.1006,7788.868
2009-09-07 05:00:00,6189.9507,7093.9087,9155.274,6559.219,7788.868
2009-09-07 06:00:00,6190.211,7094.142,9155.274,6559.438,7788.868
2009-09-07 07:00:00,6190.228,7094.2266,9155.274,6559.438,7788.868
2009-09-07 08:00:00,6190.228,7094.4497,9155.274,6559.5435,7788.926
2009-09-07 09:00:00,6190.394,7096.293,9155.484,6560.4077,7789.478
2009-09-07 10:00:00,6190.9673,7096.6567,9157.242,6562.137,7790.83
2009-09-07 11:00:00,6191.501,7097.121,9160.243,6563.172,7791.949
2009-09-07 12:00:00,6192.143,7097.8975,9161.942,6565.3276,7794.183
2009-09-07 13:00:00,6193.015,7099.0547,9162.157,6565.843,7796.585
2009-09-07 14:00:00,6193.6533,7100.9478,9163.946,6566.2427,7797.3047
2009-09-07 15:00:00,6193.8125,7101.0776,9165.396,6566.4995,7797.5825
2009-09-07 16:00:00,6193.8125,7101.0776,9166.284,6566.4995,7797.5825
2009-09-07 17:00:00,6193.8125,7101.0776,9167.36,6566.4995,7797.5825
2009-09-07 18:00:00,6193.8125,7101.1294,9167.38,6566.4995,7797.5825
2009-09-07 19:00:00,6194.352,7101.6006,9167.38,6566.5166,7797.5825
2009-09-07 20:00:00,6194.3867,7101.6006,9167.38,6566.5166,7797.963
2009-09-07 21:00:00,6194.3867,7101.6655,9167.38,6566.5166,7798.175
2009-09-07 22:00:00,6194.4683,7101.7173,9167.392,6566.5166,7798.378
2009-09-07 23:00:00,6194.5986,7101.7173,9167.439,6566.7114,7798.378
2009-09-08 00:00:00,6194.8325,7101.901,9167.439,6566.7974,7798.42
2009-09-08 01:00:00,6194.836,7102.0347,9167.439,6566.814,7798.456
2009-09-08 02:00:00,6194.877,7102.0347,9167.454,6566.8877,7798.592
2009-09-08 03:00:00,6194.877,7102.0347,9167.454,6566.899,7798.633
2009-09-08 04:00:00,6194.877,7102.0347,9167.454,6566.899,7798.7983
2009-09-08 05:00:00,6194.877,7102.0347,9167.454,6566.9106,7798.851
2009-09-08 06:00:00,6194.877,7102.0347,9167.454,6566.9106,7798.851
2009-09-08 07:00:00,6194.877,7102.0347,9167.454,6566.9106,7798.851
2009-09-08 08:00:00,6194.877,7102.0347,9167.454,6566.9106,7798.851
2009-09-08 09:00:00,6194.877,7102.0347,9167.454,6566.9106,7798.851
2009-09-08 10:00:00,6194.877,7102.0347,9167.454,6566.9106,7798.851
2009-09-08 11:00:00,6194.8843,7102.0347,9167.652,6566.9106,7798.9937
2009-09-08 12:00:00,6195.312,7102.283,9168.915,6567.3867,7799.7188
2009-09-08 13:00:00,6195.832,7103.2134,9169.207,6568.954,7801.005
2009-09-08 14:00:00,6197.5825,7107.0356,9169.744,6571.6646,7804.2817
2009-09-08 15:00:00,6200.462,7111.4746,9169.911,6575.6313,7806.4116
2009-09-08 16:00:00,6203.5,7115.279,9169.911,6578.368,7807.4263
2009-09-08 17:00:00,6207.3086,7120.606,9169.911,6582.4736,7808.8
2009-09-08 18:00:00,6210.543,7126.58,9170.614,6585.7886,7811.286
2009-09-08 19:00:00,6214.068,7133.5474,9171.527,6592.7354,7813.4717
2009-09-08 20:00:00,6218.3994,7139.2764,9173.329,6598.536,7816.5127
2009-09-08 21:00:00,6221.5566,7143.895,9175.338,6603.477,7818.7656
2009-09-08 22:00:00,6222.3115,7145.181,9177.37,6604.525,7819.0054
2009-09-08 23:00:00,6222.4062,7145.181,9178.563,6604.876,7819.0103
2009-09-09 00:00:00,6222.4062,7145.181,9178.885,6605.157,7819.2734
2009-09-09 01:00:00,6222.4062,7145.181,9178.885,6605.157,7819.2734
2009-09-09 02:00:00,6222.4062,7145.1978,9179.651,6605.157,7819.318
2009-09-09 03:00:00,6222.5996,7145.817,9180.728,6605.371,7819.5786
2009-09-09 04:00:00,6222.79,7146.445,9181.699,6605.424,7819.871
2009-09-09 05:00:00,6223.0767,7146.76,9183.227,6605.985,7820.72
2009-09-09 06:00:00,6223.0967,7146.9385,9185.923,6606.3022,7822.837
2009-09-09 07:00:00,6223.695,7147.676,9186.141,6607.3984,7822.901
2009-09-09 08:00:00,6224.283,7148.629,9188.756,6608.4985,7824.283
2009-09-09 09:00:00,6224.512,7149.215,9190.256,6609.6235,7825.2603
2009-09-09 10:00:00,6224.512,7149.3633,9192.799,6610.0615,7826.4883
2009-09-09 11:00:00,6224.584,7149.48,9193.345,6610.0615,7826.9307
2009-09-09 12:00:00,6224.5903,7149.5674,9193.3545,6610.0806,7827.2593
2009-09-09 13:00:00,6224.5903,7149.631,9193.47,6610.2417,7827.568
2009-09-09 14:00:00,6224.5903,7149.7734,9193.4795,6610.2666,7827.5854
2009-09-09 15:00:00,6224.5903,7149.7734,9193.584,6610.2666,7827.6636
2009-09-09 16:00:00,6224.601,7149.869,9193.62,6610.2666,7827.8633
2009-09-09 17:00:00,6224.617,7149.9077,9193.632,6610.2666,7828.175
2009-09-09 18:00:00,6224.617,7149.962,9193.632,6610.2666,7828.175
2009-09-09 19:00:00,6224.617,7149.962,9193.632,6610.2666,7828.175
2009-09-09 20:00:00,6224.617,7150.0396,9193.632,6610.326,7828.175
2009-09-09 21:00:00,6224.617,7150.0396,9193.632,6610.326,7828.175
2009-09-09 22:00:00,6224.617,7150.0396,9193.632,6610.326,7828.175
2009-09-09 23:00:00,6224.617,7150.0396,9193.676,6610.326,7828.32
2009-09-10 00:00:00,6224.617,7150.0396,9193.704,6610.326,7828.5806
2009-09-10 01:00:00,6224.617,7150.0396,9193.704,6610.326,7828.9185
2009-09-10 02:00:00,6224.617,7150.0396,9193.704,6610.326,7829.089
2009-09-10 03:00:00,6224.6973,7150.0396,9193.704,6610.326,7829.45
2009-09-10 04:00:00,6224.8687,7150.0396,9193.704,6610.326,7829.68
2009-09-10 05:00:00,6225.0,7150.314,9193.704,6610.348,7829.7734
2009-09-10 06:00:00,6225.0244,7150.314,9193.704,6610.389,7829.836
2009-09-10 07:00:00,6225.027,7150.314,9193.704,6610.389,7830.849
2009-09-10 08:00:00,6225.062,7150.314,9193.704,6610.389,7830.849
2009-09-10 09:00:00,6225.062,7150.314,9193.704,6610.389,7831.1226
2009-09-10 10:00:00,6225.062,7150.314,9193.704,6610.389,7831.149
2009-09-10 11:00:00,6225.062,7150.314,9193.816,6610.418,7831.149
2009-09-10 12:00:00,6225.062,7150.314,9193.84,6610.418,7831.1836
2009-09-10 13:00:00,6225.062,7150.563,9193.84,6610.418,7831.2505
2009-09-10 14:00:00,6225.062,7150.622,9193.84,6610.418,7831.3027
2009-09-10 15:00:00,6225.062,7150.622,9193.84,6610.418,7831.4204
2009-09-10 16:00:00,6225.062,7150.6455,9193.84,6610.418,7832.5513
2009-09-10 17:00:00,6225.062,7150.9443,9193.84,6610.427,7832.5645
2009-09-10 18:00:00,6225.062,7150.9443,9193.84,6610.427,7832.613
2009-09-10 19:00:00,6225.062,7150.9443,9193.84,6610.427,7832.6694
2009-09-10 20:00:00,6225.062,7150.9443,9193.84,6610.427,7832.6943
2009-09-10 21:00:00,6225.062,7150.9443,9193.84,6610.427,7832.8315
2009-09-10 22:00:00,6225.062,7150.9443,9193.84,6610.427,7832.8315
2009-09-10 23:00:00,6225.062,7150.9443,9193.84,6610.427,7833.1196
2009-09-11 00:00:00,6225.062,7150.9443,9193.926,6610.427,7833.5234
2009-09-11 01:00:00,6225.152,7150.9443,9193.926,6610.427,7833.691
2009-09-11 02:00:00,6225.277,7150.9443,9193.926,6610.427,7833.691
2009-09-11 03:00:00,6225.277,7150.9443,9193.926,6610.427,7833.691
2009-09-11 04:00:00,6225.277,7150.9443,9193.926,6610.427,7833.691
2009-09-11 05:00:00,6225.277,7150.9443,9193.958,6610.427,7834.0566
2009-09-11 06:00:00,6225.277,7150.946,9194.498,6610.4883,7834.7305
2009-09-11 07:00:00,6225.277,7150.946,9195.122,6610.4883,7834.9688
2009-09-11 08:00:00,6225.4146,7150.946,9196.098,6611.1523,7834.9746
2009-09-11 09:00:00,6226.0254,7151.013,9196.984,6611.394,7835.9
2009-09-11 10:00:00,6226.773,7151.462,9199.322,6611.8335,7836.5576
2009-09-11 11:00:00,6227.388,7151.785,9200.995,6612.6265,7838.2256
2009-09-11 12:00:00,6227.523,7152.341,9202.78,6613.8906,7839.644
2009-09-11 13:00:00,6228.269,7153.0103,9206.795,6615.402,7841.6274
2009-09-11 14:00:00,6228.794,7153.6836,9209.061,6616.072,7842.302
2009-09-11 15:00:00,6229.2285,7154.2715,9210.77,6616.5176,7842.475
2009-09-11 16:00:00,6230.1396,7154.5767,9212.656,6617.2085,7842.5913
2009-09-11 17:00:00,6230.653,7154.657,9214.114,6618.223,7842.9907
2009-09-11 18:00:00,6231.047,7154.696,9214.831,6618.4375,7843.042
2009-09-11 19:00:00,6231.047,7154.725,9215.147,6618.446,7843.042
2009-09-11 20:00:00,6231.047,7154.8076,9215.689,6618.446,7843.216
2009-09-11 21:00:00,6231.047,7154.9272,9216.263,6618.446,7843.5083
2009-09-11 22:00:00,6231.047,7154.9272,9216.263,6618.446,7844.0093
2009-09-11 23:00:00,6231.047,7154.9272,9216.301,6618.446,7844.038
2009-09-12 00:00:00,6231.047,7154.9272,9216.301,6618.446,7844.4424
2009-09-12 01:00:00,6231.047,7154.9272,9217.651,6618.614,7845.4595
2009-09-12 02:00:00,6231.047,7154.99,9220.519,6619.143,7846.09
2009-09-12 03:00:00,6231.047,7154.998,9221.059,6619.6206,7846.1636
2009-09-12 04:00:00,6231.047,7155.0693,9221.059,6619.6206,7846.2407
2009-09-12 05:00:00,6231.047,7155.2114,9221.059,6619.823,7846.2935
2009-09-12 06:00:00,6231.0737,7155.3354,9221.059,6619.8613,7847.136
2009-09-12 07:00:00,6231.17,7155.3477,9221.102,6619.8613,7847.153
2009-09-12 08:00:00,6231.2544,7155.4478,9221.102,6619.8945,7847.517
2009-09-12 09:00:00,6231.6597,7155.809,9221.482,6620.2793,7848.2207
2009-09-12 10:00:00,6231.7725,7155.9194,9222.559,6620.6523,7848.9604
2009-09-12 11:00:00,6231.9287,7156.344,9223.172,6621.3276,7850.4414
2009-09-12 12:00:00,6232.036,7156.369,9223.473,6621.5347,7850.5874
2009-09-12 13:00:00,6232.036,7156.369,9223.473,6621.5347,7851.8447
2009-09-12 14:00:00,6232.036,7156.369,9223.614,6621.5347,7852.878
2009-09-12 15:00:00,6232.036,7156.369,9223.614,6621.5347,7852.928
2009-09-12 16:00:00,6232.036,7156.369,9223.614,6621.5347,7852.952
2009-09-12 17:00:00,6232.053,7156.369,9223.614,6621.5464,7852.952
2009-09-12 18:00:00,6233.3867,7156.4775,9223.614,6621.736,7853.0195
2009-09-12 19:00:00,6234.574,7156.5303,9223.614,6622.102,7853.0195
2009-09-12 20:00:00,6234.6196,7156.7793,9223.798,6622.527,7853.191
2009-09-12 21:00:00,6234.6313,7158.305,9223.798,6622.7373,7853.2036
2009-09-12 22:00:00,6234.777,7159.225,9223.798,6622.799,7853.3154
2009-09-12 23:00:00,6234.7886,7159.269,9223.798,6622.799,7853.401
2009-09-13 00:00:00,6234.7886,7159.269,9224.527,6622.818,7853.8657
2009-09-13 01:00:00,6234.7886,7159.269,9224.527,6622.818,7853.8657
2009-09-13 02:00:00,6234.7886,7159.269,9224.527,6622.818,7853.8657
2009-09-13 03:00:00,6234.7886,7159.269,9224.527,6622.818,7853.8657
2009-09-13 04:00:00,6234.7886,7159.269,9223.798,6622.799,7853.463
2009-09-13 05:00:00,6234.7886,7159.269,9223.798,6622.799,7853.463
2009-09-13 06:00:00,6234.7886,7159.269,9223.798,6622.818,7853.463
2009-09-13 07:00:00,6234.7886,7159.269,9223.99,6622.818,7853.5205
2009-09-13 08:00:00,6234.7886,7159.269,9224.307,6622.818,7853.599
2009-09-13 09:00:00,6234.7886,7159.269,9224.444,6622.818,7853.618
2009-09-13 10:00:00,6234.7886,7159.269,9224.527,6622.818,7853.7397
2009-09-13 11:00:00,6234.7886,7159.269,9224.527,6622.818,7853.8657
2009-09-13 12:00:00,6234.7886,7159.269,9224.527,6622.818,7853.8657
2009-09-13 13:00:00,6234.7886,7159.269,9224.527,6622.818,7853.8657
2009-09-13 14:00:00,6234.7886,7159.269,9224.527,6622.818,7853.8657
2009-09-13 15:00:00,6234.7886,7159.269,9224.527,6622.818,7853.8657
2009-09-13 16:00:00,6234.7886,7159.269,9224.527,6622.818,7853.8657
2009-09-13 17:00:00,6234.7886,7159.269,9224.527,6622.818,7853.8657
2009-09-13 18:00:00,6234.7886,7159.269,9224.527,6622.818,7853.8657
2009-09-13 19:00:00,6234.7886,7159.269,9224.527,6622.818,7853.8657
2009-09-13 20:00:00,6234.7886,7159.269,9224.527,6622.818,7853.8657
2009-09-13 21:00:00,6234.7886,7159.269,9224.527,6622.818,7853.8657
2009-09-13 22:00:00,6234.7886,7159.269,9224.527,6622.818,7853.8657
2009-09-13 23:00:00,6234.7886,7159.269,9224.527,6622.818,7853.8657
2009-09-14 00:00:00,6234.7886,7159.269,9224.527,6622.818,7853.8657
2009-09-14 01:00:00,6234.7886,7159.269,9224.527,6622.818,7853.8657
2009-09-14 02:00:00,6234.7886,7159.269,9224.527,6622.818,7853.8657
2009-09-14 03:00:00,6234.7886,7159.269,9224.527,6622.818,7853.8657
2009-09-14 04:00:00,6234.7886,7159.269,9224.527,6622.818,7853.8657
2009-09-14 05:00:00,6234.7886,7159.269,9224.527,6622.818,7853.8657
2009-09-14 06:00:00,6234.7886,7159.269,9224.527,6622.818,7853.8657
2009-09-14 07:00:00,6234.7886,7159.269,9224.527,6622.818,7853.8657
2009-09-14 08:00:00,6234.7886,7159.269,9224.527,6622.818,7853.8657
2009-09-14 09:00:00,6234.7886,7159.269,9224.527,6622.818,7853.8657
2009-09-14 10:00:00,6234.7886,7159.269,9224.527,6622.818,7853.8657
2009-09-14 11:00:00,6234.7886,7159.269,9224.527,6622.818,7853.8657
2009-09-14 12:00:00,6234.7886,7159.269,9224.527,6622.818,7853.8657
2009-09-14 13:00:00,6234.7886,7159.269,9224.527,6622.818,7853.8657
2009-09-14 14:00:00,6234.7886,7159.269,9224.527,6622.818,7853.8657
2009-09-14 15:00:00,6234.7886,7159.269,9224.527,6622.818,7853.8657
2009-09-14 16:00:00,6234.7886,7159.269,9224.527,6622.818,7853.8657
2009-09-14 17:00:00,6234.7886,7159.269,9224.527,6622.818,7853.8657
2009-09-14 18:00:00,6234.7886,7159.269,9224.527,6622.818,7853.8657
2009-09-14 19:00:00,6234.7886,7159.269,9224.527,6622.818,7853.8657
2009-09-14 20:00:00,6234.7886,7159.269,9224.527,6622.818,7853.8657
2009-09-14 21:00:00,6234.7886,7159.269,9224.527,6622.818,7853.8657
2009-09-14 22:00:00,6234.7886,7159.269,9224.527,6622.818,7853.8657
2009-09-14 23:00:00,6234.7886,7159.269,9224.527,6622.818,7853.8657
2009-09-15 00:00:00,6234.7886,7159.269,9224.527,6622.818,7853.8657
2009-09-15 01:00:00,6234.7886,7159.269,9224.527,6622.818,7853.8657
2009-09-15 02:00:00,6234.7886,7159.269,9224.527,6622.818,7853.8657
2009-09-15 03:00:00,6234.7886,7159.269,9224.527,6622.818,7853.8657
2009-09-15 04:00:00,6234.7886,7159.269,9224.527,6622.818,7853.8657
2009-09-15 05:00:00,6234.7886,7159.269,9224.527,6622.818,7853.8657
2009-09-15 06:00:00,6234.7886,7159.269,9224.527,6622.818,7853.8657
2009-09-15 07:00:00,6234.7886,7159.269,9224.527,6622.818,7853.8657
2009-09-15 08:00:00,6234.7886,7159.269,9224.527,6622.818,7853.8657
2009-09-15 09:00:00,6234.7886,7159.269,9224.527,6622.818,7853.8657
2009-09-15 10:00:00,6234.7886,7159.269,9224.527,6622.818,7853.8657
2009-09-15 11:00:00,6234.7886,7159.269,9224.527,6622.818,7853.8657
2009-09-15 12:00:00,6234.7886,7159.312,9224.527,6622.818,7853.8657
2009-09-15 13:00:00,6234.7886,7159.4795,9224.527,6622.818,7853.8657
2009-09-15 14:00:00,6234.7886,7159.4795,9224.527,6622.818,7853.883
2009-09-15 15:00:00,6234.7886,7159.4795,9224.527,6622.818,7853.9224
2009-09-15 16:00:00,6234.7886,7159.5,9224.527,6622.818,7853.9937
2009-09-15 17:00:00,6234.823,7159.5244,9224.527,6622.9087,7853.9937
2009-09-15 18:00:00,6234.823,7159.5244,9224.527,6622.9087,7854.03
2009-09-15 19:00:00,6234.823,7159.5244,9224.527,6622.9087,7854.03
2009-09-15 20:00:00,6234.823,7159.5244,9224.527,6622.9087,7854.289
2009-09-15 21:00:00,6234.823,7159.5444,9224.527,6622.9087,7854.6245
2009-09-15 22:00:00,6234.823,7159.5444,9224.527,6622.9087,7854.6406
2009-09-15 23:00:00,6234.823,7159.5444,9224.527,6622.9087,7855.1597
2009-09-16 00:00:00,6234.823,7159.5522,9224.574,6622.9766,7855.278
2009-09-16 01:00:00,6234.8564,7159.5522,9224.574,6622.9766,7855.278
2009-09-16 02:00:00,6234.8564,7159.5522,9224.669,6622.9766,7855.278
2009-09-16 03:00:00,6234.8564,7159.5522,9224.669,6622.9766,7855.278
2009-09-16 04:00:00,6234.8564,7159.5522,9224.669,6622.9766,7855.3623
2009-09-16 05:00:00,6234.8564,7159.5522,9224.669,6622.9766,7855.4185
2009-09-16 06:00:00,6234.8564,7159.5815,9224.669,6622.9766,7855.482
2009-09-16 07:00:00,6234.8564,7159.6426,9224.669,6622.9766,7855.5522
2009-09-16 08:00:00,6234.8564,7159.8853,9224.754,6623.0054,7856.019
2009-09-16 09:00:00,6235.023,7159.948,9224.77,6623.0825,7856.0967
2009-09-16 10:00:00,6235.023,7159.948,9224.77,6623.156,7857.0503
2009-09-16 11:00:00,6235.023,7159.948,9224.851,6623.284,7857.6504
2009-09-16 12:00:00,6235.023,7159.948,9224.851,6623.4272,7857.6797
2009-09-16 13:00:00,6235.322,7159.948,9225.311,6623.647,7857.9336
2009-09-16 14:00:00,6235.735,7160.0156,9226.374,6623.9043,7858.6157
2009-09-16 15:00:00,6235.842,7160.084,9226.374,6624.212,7858.6973
2009-09-16 16:00:00,6235.842,7160.084,9226.803,6624.212,7858.6973
2009-09-16 17:00:00,6236.1636,7160.1206,9227.32,6624.3438,7858.842
2009-09-16 18:00:00,6236.6826,7160.3716,9227.573,6624.624,7858.9326
2009-09-16 19:00:00,6236.7666,7160.5737,9227.573,6624.6577,7858.9634
2009-09-16 20:00:00,6236.7666,7160.5737,9227.573,6624.6577,7858.9634
2009-09-16 21:00:00,6236.7666,7160.5737,9227.573,6624.6577,7858.9634
2009-09-16 22:00:00,6236.9126,7160.5737,9227.573,6624.6577,7858.9634
2009-09-16 23:00:00,6237.1074,7160.5737,9227.577,6624.6577,7858.9634
2009-09-17 00:00:00,6237.3804,7160.647,9227.577,6624.6577,7859.0845
2009-09-17 01:00:00,6237.5723,7160.647,9227.696,6624.6577,7859.1978
2009-09-17 02:00:00,6237.5723,7160.647,9227.696,6624.6577,7859.1978
2009-09-17 03:00:00,6237.5845,7160.647,9227.803,6624.685,7859.2935
2009-09-17 04:00:00,6237.5845,7160.647,9228.389,6624.847,7859.8657
2009-09-17 05:00:00,6237.5845,7160.647,9228.805,6624.859,7860.1094
2009-09-17 06:00:00,6237.5845,7160.647,9228.805,6624.859,7860.299
2009-09-17 07:00:00,6237.5845,7160.647,9228.805,6624.859,7860.299
2009-09-17 08:00:00,6237.5845,7160.647,9228.805,6624.859,7860.299
2009-09-17 09:00:00,6237.5845,7160.647,9228.805,6624.859,7860.299
2009-09-17 10:00:00,6237.5845,7160.647,9228.805,6624.859,7860.299
2009-09-17 11:00:00,6237.5845,7160.647,9228.805,6624.859,7860.299
2009-09-17 12:00:00,6237.5845,7160.647,9228.805,6624.859,7860.475
2009-09-17 13:00:00,6237.5845,7160.647,9228.805,6624.859,7860.6978
2009-09-17 14:00:00,6237.5845,7160.647,9228.805,6624.859,7860.7183
2009-09-17 15:00:00,6237.5845,7160.647,9228.818,6624.859,7860.7183
2009-09-17 16:00:00,6237.5845,7160.647,9229.502,6624.8975,7860.7183
2009-09-17 17:00:00,6237.5845,7160.647,9230.186,6624.935,7860.8066
2009-09-17 18:00:00,6237.5845,7160.647,9230.879,6625.7886,7861.0347
2009-09-17 19:00:00,6237.5845,7160.647,9231.451,6626.306,7861.114
2009-09-17 20:00:00,6237.5845,7160.6895,9231.451,6626.8174,7861.3584
2009-09-17 21:00:00,6237.681,7160.747,9231.451,6627.043,7861.6353
2009-09-17 22:00:00,6237.8276,7160.747,9231.451,6627.043,7861.6895
2009-09-17 23:00:00,6237.8774,7160.747,9231.451,6627.043,7862.123
2009-09-18 00:00:00,6237.8774,7161.0923,9231.451,6627.043,7862.6533
2009-09-18 01:00:00,6237.8774,7161.3975,9231.451,6627.043,7863.013
2009-09-18 02:00:00,6237.8774,7161.3975,9232.008,6627.087,7863.187
2009-09-18 03:00:00,6237.8774,7161.532,9233.24,6627.427,7863.713
2009-09-18 04:00:00,6237.8774,7161.532,9233.902,6627.4434,7864.0254
2009-09-18 05:00:00,6238.026,7161.597,9234.109,6627.4434,7864.159
2009-09-18 06:00:00,6238.0425,7161.597,9234.109,6627.4434,7864.159
2009-09-18 07:00:00,6238.0425,7161.597,9234.109,6627.4434,7864.159
2009-09-18 08:00:00,6238.0425,7161.6274,9234.109,6627.4434,7864.159
2009-09-18 09:00:00,6238.0425,7161.7637,9234.109,6627.4434,7864.159
2009-09-18 10:00:00,6238.0425,7161.7637,9234.109,6627.4434,7864.2896
2009-09-18 11:00:00,6238.0425,7161.7637,9234.109,6627.4434,7864.414
2009-09-18 12:00:00,6238.0425,7161.7637,9234.109,6627.4434,7864.5464
2009-09-18 13:00:00,6238.0425,7161.9756,9234.109,6627.4434,7864.5464
2009-09-18 14:00:00,6238.0425,7161.9756,9234.109,6627.4434,7864.5464
2009-09-18 15:00:00,6238.0425,7161.9756,9234.109,6627.4434,7864.5464
2009-09-18 16:00:00,6238.0425,7161.9756,9234.109,6627.4434,7864.5464
2009-09-18 17:00:00,6238.0425,7161.9756,9234.109,6627.4434,7864.5464
2009-09-18 18:00:00,6238.0425,7161.9756,9234.109,6627.4434,7864.5464
2009-09-18 19:00:00,6238.0425,7161.9756,9234.109,6627.4434,7864.5464
2009-09-18 20:00:00,6238.0425,7161.9756,9234.109,6627.4434,7864.5464
2009-09-18 21:00:00,6238.0425,7161.9756,9234.109,6627.4434,7864.5464
2009-09-18 22:00:00,6238.0425,7161.9756,9234.109,6627.4434,7864.5464
2009-09-18 23:00:00,6238.0425,7161.9756,9234.109,6627.4434,7864.5464
2009-09-19 00:00:00,6238.0425,7161.9756,9234.109,6627.4434,7864.5464
2009-09-19 01:00:00,6238.0425,7161.9756,9234.109,6627.4434,7864.5464
2009-09-19 02:00:00,6238.0425,7161.9756,9234.109,6627.4434,7864.5464
2009-09-19 03:00:00,6238.0425,7161.9756,9234.109,6627.4434,7864.5464
2009-09-19 04:00:00,6238.0425,7161.9756,9234.109,6627.4434,7864.5464
2009-09-19 05:00:00,6238.0425,7161.9756,9234.109,6627.4434,7864.5464
2009-09-19 06:00:00,6238.0425,7161.9756,9234.109,6627.4434,7864.5464
2009-09-19 07:00:00,6238.0425,7161.9756,9234.109,6627.4434,7864.5464
2009-09-19 08:00:00,6238.0425,7161.9756,9234.109,6627.4434,7864.5464
2009-09-19 09:00:00,6238.0425,7161.9756,9234.109,6627.4434,7864.5464
2009-09-19 10:00:00,6238.0425,7161.9756,9234.109,6627.4434,7864.5464
2009-09-19 11:00:00,6238.0425,7161.9756,9234.109,6627.4434,7864.5464
2009-09-19 12:00:00,6238.0425,7161.9756,9234.109,6627.4434,7864.5464
2009-09-19 13:00:00,6238.0425,7161.9756,9234.109,6627.4434,7864.5464
2009-09-19 14:00:00,6238.0425,7161.9756,9234.109,6627.4434,7864.5464
2009-09-19 15:00:00,6238.0425,7161.9756,9234.109,6627.4434,7864.5464
2009-09-19 16:00:00,6238.0425,7161.9756,9234.109,6627.4434,7864.5464
2009-09-19 17:00:00,6238.0425,7161.9756,9234.109,6627.4434,7864.5464
2009-09-19 18:00:00,6238.0425,7161.9756,9234.109,6627.4434,7864.5464
2009-09-19 19:00:00,6238.0425,7161.9756,9234.109,6627.4434,7864.5464
2009-09-19 20:00:00,6238.0425,7162.254,9234.109,6627.4434,7864.5464
2009-09-19 21:00:00,6238.0425,7162.254,9234.109,6627.4434,7864.5464
2009-09-19 22:00:00,6238.14,7162.254,9234.109,6627.4434,7864.5464
2009-09-19 23:00:00,6238.8936,7162.254,9234.109,6627.4434,7864.5464
2009-09-20 00:00:00,6240.137,7164.004,9239.325,6629.372,7868.273
2009-09-20 01:00:00,6240.137,7164.004,9239.325,6629.372,7868.347
2009-09-20 02:00:00,6240.137,7164.004,9239.325,6629.372,7868.347
2009-09-20 03:00:00,6240.137,7164.108,9239.325,6629.372,7868.347
2009-09-20 04:00:00,6240.137,7164.1396,9239.325,6629.372,7868.4385
2009-09-20 05:00:00,6240.186,7164.1753,9239.325,6629.41,7868.506
2009-09-20 06:00:00,6239.0283,7162.3984,9234.109,6627.454,7864.5464
2009-09-20 07:00:00,6239.0283,7162.3984,9234.109,6627.454,7864.5464
2009-09-20 08:00:00,6239.0283,7162.3984,9234.109,6627.454,7864.5674
2009-09-20 09:00:00,6239.104,7162.415,9234.492,6627.521,7864.671
2009-09-20 10:00:00,6239.151,7162.415,9235.043,6627.56,7864.836
2009-09-20 11:00:00,6239.151,7162.415,9235.202,6627.608,7864.8916
2009-09-20 12:00:00,6239.151,7162.415,9235.202,6627.6357,7864.8916
2009-09-20 13:00:00,6239.151,7162.415,9235.202,6627.6357,7864.9336
2009-09-20 14:00:00,6239.151,7162.415,9235.202,6627.6357,7864.976
2009-09-20 15:00:00,6239.446,7162.565,9237.496,6627.696,7865.941
2009-09-20 16:00:00,6240.1157,7163.236,9238.103,6628.8506,7866.6167
2009-09-20 17:00:00,6240.137,7163.236,9238.83,6628.8833,7867.081
2009-09-20 18:00:00,6240.137,7163.236,9238.85,6628.913,7867.081
2009-09-20 19:00:00,6240.137,7163.7954,9239.325,6628.9556,7867.795
2009-09-20 20:00:00,6240.137,7163.9097,9239.325,6629.2715,7867.795
2009-09-20 21:00:00,6240.137,7163.9097,9239.325,6629.2715,7867.8755
2009-09-20 22:00:00,6240.137,7164.004,9239.325,6629.2715,7867.8853
2009-09-20 23:00:00,6240.137,7164.004,9239.325,6629.2715,7868.273
2009-09-21 00:00:00,6240.186,7164.267,9239.802,6629.4175,7868.626
2009-09-21 01:00:00,6240.186,7164.2886,9239.832,6629.4175,7868.626
2009-09-21 02:00:00,6240.186,7164.8853,9240.408,6629.565,7869.377
2009-09-21 03:00:00,6240.2153,7164.8853,9240.408,6629.5864,7869.377
2009-09-21 04:00:00,6240.2153,7165.0063,9240.967,6629.741,7869.4053
2009-09-21 05:00:00,6240.3643,7165.497,9241.91,6630.2295,7869.5073
2009-09-21 06:00:00,6240.6626,7165.7705,9242.675,6630.4023,7869.5073
2009-09-21 07:00:00,6240.9336,7166.503,9242.675,6630.635,7869.867
2009-09-21 08:00:00,6242.1904,7168.0107,9243.478,6631.721,7870.468
2009-09-21 09:00:00,6243.4946,7171.75,9246.847,6634.03,7871.566
2009-09-21 10:00:00,6244.739,7176.699,9251.306,6637.6436,7873.0967
2009-09-21 11:00:00,6246.46,7180.2373,9256.602,6640.5454,7874.249
2009-09-21 12:00:00,6247.476,7181.713,9259.87,6642.8145,7876.8926
2009-09-21 13:00:00,6247.9336,7182.428,9261.827,6643.558,7877.8354
2009-09-21 14:00:00,6248.133,7182.5854,9262.117,6643.76,7878.522
2009-09-21 15:00:00,6248.4346,7182.5854,9262.728,6643.76,7879.7983
2009-09-21 16:00:00,6248.4785,7182.605,9263.631,6643.8623,7880.5356
2009-09-21 17:00:00,6248.4785,7182.803,9264.951,6643.9087,7881.7056
2009-09-21 18:00:00,6248.4824,7183.0615,9265.178,6643.988,7881.732
2009-09-21 19:00:00,6248.5376,7183.094,9265.333,6644.0073,7881.815
2009-09-21 20:00:00,6248.632,7183.198,9265.561,6644.073,7882.1987
2009-09-21 21:00:00,6248.632,7183.4507,9266.562,6644.1484,7882.2383
2009-09-21 22:00:00,6248.632,7183.77,9267.399,6644.1484,7882.2383
2009-09-21 23:00:00,6248.632,7184.1455,9267.399,6644.3774,7882.2383
2009-09-22 00:00:00,6248.632,7184.5757,9268.097,6644.8027,7882.2407
2009-09-22 01:00:00,6248.7266,7184.606,9269.9375,6645.1294,7882.3755
2009-09-22 02:00:00,6248.7646,7184.866,9274.479,6645.186,7882.943
2009-09-22 03:00:00,6249.111,7185.5347,9279.969,6645.7085,7883.9805
2009-09-22 04:00:00,6250.2803,7187.658,9286.332,6649.9272,7886.0356
2009-09-22 05:00:00,6251.0747,7188.0894,9289.764,6652.0312,7887.6406
2009-09-22 06:00:00,6252.9688,7189.9023,9294.532,6654.724,7888.8613
2009-09-22 07:00:00,6252.973,7189.9023,9297.905,6656.4053,7889.5566
2009-09-22 08:00:00,6252.9946,7190.109,9298.072,6656.9546,7892.2837
2009-09-22 09:00:00,6252.9946,7190.109,9300.556,6657.9395,7894.8633
2009-09-22 10:00:00,6253.267,7190.121,9301.231,6658.903,7895.085
2009-09-22 11:00:00,6253.267,7190.121,9301.846,6658.9204,7896.2114
2009-09-22 12:00:00,6253.267,7190.127,9303.896,6659.133,7896.281
2009-09-22 13:00:00,6253.267,7190.5396,9305.019,6659.529,7896.281
2009-09-22 14:00:00,6253.267,7190.771,9308.184,6659.811,7896.842
2009-09-22 15:00:00,6253.3027,7190.9346,9311.21,6660.1333,7896.864
2009-09-22 16:00:00,6253.3027,7191.219,9315.121,6660.8955,7897.5874
2009-09-22 17:00:00,6253.469,7191.837,9315.393,6662.2046,7897.75
2009-09-22 18:00:00,6253.469,7193.1606,9315.718,6664.43,7898.759
2009-09-22 19:00:00,6253.5005,7193.301,9317.278,6665.4893,7899.7354
2009-09-22 20:00:00,6253.5024,7193.48,9317.574,6665.9863,7901.4224
2009-09-22 21:00:00,6253.653,7193.839,9317.625,6666.119,7901.5415
2009-09-22 22:00:00,6253.705,7194.434,9317.625,6666.4395,7901.7036
2009-09-22 23:00:00,6254.024,7194.7656,9317.668,6666.735,7901.7036
2009-09-23 00:00:00,6254.4604,7195.513,9318.406,6667.4175,7903.8647
2009-09-23 01:00:00,6255.457,7195.914,9319.957,6667.47,7904.518
2009-09-23 02:00:00,6256.0605,7196.045,9326.336,6667.5254,7905.3677
2009-09-23 03:00:00,6256.5933,7196.488,9329.634,6667.538,7906.67
2009-09-23 04:00:00,6257.4175,7196.646,9331.57,6667.6504,7906.8745
2009-09-23 05:00:00,6257.7334,7196.8296,9333.571,6668.383,7909.555
2009-09-23 06:00:00,6258.6343,7198.496,9334.875,6668.9595,7910.2944
2009-09-23 07:00:00,6260.188,7201.4233,9337.633,6670.5215,7912.7534
2009-09-23 08:00:00,6260.57,7202.6733,9338.143,6671.19,7914.4307
2009-09-23 09:00:00,6261.0566,7202.7134,9339.476,6671.2207,7917.6875
2009-09-23 10:00:00,6261.8623,7205.223,9341.256,6672.3364,7919.863
2009-09-23 11:00:00,6262.3965,7206.539,9341.673,6673.573,7922.5913
2009-09-23 12:00:00,6262.8364,7207.062,9343.3125,6673.929,7924.316
2009-09-23 13:00:00,6264.1484,7208.582,9345.23,6675.8115,7926.5386
2009-09-23 14:00:00,6265.434,7209.654,9345.992,6676.6514,7928.667
2009-09-23 15:00:00,6265.854,7211.095,9347.23,6677.066,7932.6714
2009-09-23 16:00:00,6268.8755,7211.9307,9349.217,6677.7407,7934.7896
2009-09-23 17:00:00,6270.619,7212.533,9351.186,6679.5903,7936.3335
2009-09-23 18:00:00,6272.0933,7212.6987,9352.285,6680.355,7938.974
2009-09-23 19:00:00,6274.155,7212.751,9354.09,6680.5957,7938.997
2009-09-23 20:00:00,6275.136,7212.88,9354.229,6681.1587,7939.3696
2009-09-23 21:00:00,6276.2812,7213.0645,9354.39,6681.8267,7940.012
2009-09-23 22:00:00,6279.2046,7213.407,9355.378,6685.21,7941.9346
2009-09-23 23:00:00,6279.7017,7213.643,9357.082,6685.913,7941.9756
2009-09-24 00:00:00,6279.886,7216.294,9360.361,6688.053,7945.343
2009-09-24 01:00:00,6280.931,7218.6,9362.475,6690.178,7948.063
2009-09-24 02:00:00,6281.479,7219.07,9364.316,6691.9995,7949.975
2009-09-24 03:00:00,6282.1133,7219.7246,9365.29,6693.4175,7950.5776
2009-09-24 04:00:00,6282.2705,7220.3755,9365.462,6693.9634,7951.5874
2009-09-24 05:00:00,6282.7085,7222.5073,9367.746,6694.3506,7951.7354
2009-09-24 06:00:00,6283.8633,7222.5073,9368.937,6695.099,7953.1123
2009-09-24 07:00:00,6285.406,7222.626,9371.667,6695.523,7953.1123
2009-09-24 08:00:00,6286.274,7222.626,9372.05,6695.7227,7953.1416
2009-09-24 09:00:00,6286.5894,7222.7007,9372.05,6696.162,7953.1416
2009-09-24 10:00:00,6286.5894,7222.7188,9372.05,6696.162,7953.1562
2009-09-24 11:00:00,6286.5894,7222.744,9372.103,6696.2397,7953.213
2009-09-24 12:00:00,6286.5894,7222.744,9372.334,6696.2397,7953.236
2009-09-24 13:00:00,6286.5894,7222.854,9372.334,6696.2812,7953.236
2009-09-24 14:00:00,6286.5894,7222.9395,9372.635,6696.3354,7954.38
2009-09-24 15:00:00,6286.5894,7222.9395,9372.635,6696.4194,7954.5264
2009-09-24 16:00:00,6286.5894,7222.9395,9372.635,6696.4194,7954.5474
2009-09-24 17:00:00,6286.5894,7222.9395,9372.635,6696.4194,7954.571
2009-09-24 18:00:00,6286.5894,7222.988,9372.635,6696.4194,7954.571
2009-09-24 19:00:00,6286.5894,7223.1206,9374.674,6696.595,7954.9443
2009-09-24 20:00:00,6287.4272,7223.7686,9377.401,6697.0986,7955.5234
2009-09-24 21:00:00,6289.4014,7223.976,9379.156,6697.4414,7956.023
2009-09-24 22:00:00,6290.4756,7224.372,9379.193,6697.46,7956.5894
2009-09-24 23:00:00,6291.3643,7224.97,9379.419,6697.881,7957.019
2009-09-25 00:00:00,6293.5386,7224.9917,9379.419,6698.1084,7957.4443
2009-09-25 01:00:00,6295.667,7224.9917,9379.419,6698.1904,7958.0376
2009-09-25 02:00:00,6296.2856,7225.2754,9379.438,6698.254,7958.913
2009-09-25 03:00:00,6296.5796,7225.527,9380.471,6698.3286,7959.72
2009-09-25 04:00:00,6296.585,7225.7793,9381.929,6698.3286,7960.285
2009-09-25 05:00:00,6296.585,7226.348,9382.585,6698.677,7960.766
2009-09-25 06:00:00,6296.585,7226.9478,9383.042,6698.989,7961.299
2009-09-25 07:00:00,6296.714,7227.236,9383.648,6699.0386,7961.878
2009-09-25 08:00:00,6296.755,7227.236,9383.745,6699.0386,7962.2085
2009-09-25 09:00:00,6296.755,7227.236,9383.745,6699.0386,7962.6733
2009-09-25 10:00:00,6296.755,7227.236,9383.745,6699.0386,7963.367
2009-09-25 11:00:00,6296.7964,7227.236,9383.745,6699.0386,7963.8574
2009-09-25 12:00:00,6296.7964,7227.302,9383.745,6699.0386,7964.383
2009-09-25 13:00:00,6296.865,7228.1523,9383.745,6699.0386,7965.047
2009-09-25 14:00:00,6297.082,7228.9785,9383.745,6699.0386,7965.9336
2009-09-25 15:00:00,6297.4214,7230.3115,9383.745,6699.0386,7967.519
2009-09-25 16:00:00,6297.4214,7231.5254,9383.745,6699.0386,7969.242
2009-09-25 17:00:00,6297.4214,7232.199,9383.745,6699.0386,7969.944
2009-09-25 18:00:00,6297.602,7232.62,9383.745,6699.0386,7970.5063
2009-09-25 19:00:00,6297.602,7232.62,9383.745,6699.0386,7970.7607
2009-09-25 20:00:00,6297.602,7232.62,9383.745,6699.0386,7970.9307
2009-09-25 21:00:00,6297.602,7233.311,9383.745,6699.0386,7970.997
2009-09-25 22:00:00,6297.602,7233.756,9383.745,6699.055,7970.997
2009-09-25 23:00:00,6297.8145,7234.2197,9383.745,6699.083,7971.198
2009-09-26 00:00:00,6297.9297,7234.6113,9383.745,6699.083,7971.3867
2009-09-26 01:00:00,6297.9297,7234.9995,9383.745,6699.083,7971.3867
2009-09-26 02:00:00,6297.9297,7235.4033,9383.745,6699.083,7971.508
2009-09-26 03:00:00,6298.545,7235.788,9383.745,6699.083,7971.508
2009-09-26 04:00:00,6299.3877,7236.078,9383.745,6699.083,7971.508
2009-09-26 05:00:00,6300.1533,7236.1914,9383.745,6699.2827,7971.797
2009-09-26 06:00:00,6301.6143,7236.3584,9383.745,6699.472,7972.089
2009-09-26 07:00:00,6303.2583,7236.4146,9383.745,6699.5635,7972.421
2009-09-26 08:00:00,6305.3145,7236.6147,9383.769,6699.7954,7972.4707
2009-09-26 09:00:00,6306.659,7236.6206,9383.769,6699.9272,7972.7573
2009-09-26 10:00:00,6308.168,7236.6206,9383.798,6699.9272,7972.8413
2009-09-26 11:00:00,6309.7534,7236.6206,9384.479,6699.9272,7972.99
2009-09-26 12:00:00,6310.7314,7236.6206,9385.183,6699.9272,7973.0527
2009-09-26 13:00:00,6310.8906,7236.6206,9385.991,6699.9272,7973.0684
2009-09-26 14:00:00,6310.8906,7236.6206,9386.42,6699.9272,7973.232
2009-09-26 15:00:00,6310.8906,7236.6206,9387.251,6699.9272,7973.6255
2009-09-26 16:00:00,6310.8906,7236.6206,9387.585,6699.9272,7974.7495
2009-09-26 17:00:00,6310.9946,7236.6206,9387.959,6699.9272,7975.645
2009-09-26 18:00:00,6311.3345,7236.658,9388.3125,6699.9272,7976.6206
2009-09-26 19:00:00,6311.472,7236.658,9388.44,6699.9272,7976.8945
2009-09-26 20:00:00,6311.472,7236.698,9388.716,6699.9272,7976.8945
2009-09-26 21:00:00,6311.496,7236.698,9388.727,6699.9644,7976.8945
2009-09-26 22:00:00,6311.5957,7236.698,9388.727,6699.9644,7976.8945
2009-09-26 23:00:00,6311.6646,7236.698,9388.727,6699.9644,7976.8945
2009-09-27 00:00:00,6324.283,7256.966,9446.959,6735.401,7999.2266
2009-09-27 01:00:00,6324.283,7256.966,9446.959,6735.401,7999.2266
2009-09-27 02:00:00,6324.283,7256.966,9447.024,6735.401,7999.2397
2009-09-27 03:00:00,6324.3857,7257.067,9448.837,6735.6006,8000.611
2009-09-27 04:00:00,6324.9297,7257.301,9450.326,6735.9634,8002.212
2009-09-27 05:00:00,6325.244,7257.3735,9451.298,6737.0054,8003.012
2009-09-27 06:00:00,6311.753,7236.698,9388.727,6699.9644,7976.8945
2009-09-27 07:00:00,6311.753,7236.698,9388.727,6699.9644,7976.8945
2009-09-27 08:00:00,6311.753,7236.8477,9389.623,6699.9644,7977.148
2009-09-27 09:00:00,6311.8716,7237.463,9390.455,6700.0703,7977.1953
2009-09-27 10:00:00,6312.025,7238.49,9391.689,6700.437,7977.258
2009-09-27 11:00:00,6312.083,7238.6763,9393.634,6700.476,7977.5176
2009-09-27 12:00:00,6313.568,7239.863,9400.926,6702.303,7978.7134
2009-09-27 13:00:00,6316.194,7242.9106,9410.543,6707.4224,7982.038
2009-09-27 14:00:00,6318.085,7247.2227,9419.308,6713.905,7985.546
2009-09-27 15:00:00,6319.1147,7250.826,9427.406,6719.5713,7988.21
2009-09-27 16:00:00,6320.2915,7253.7017,9434.119,6724.427,7991.108
2009-09-27 17:00:00,6322.165,7254.8726,9440.144,6728.567,7994.403
2009-09-27 18:00:00,6323.518,7255.703,9445.517,6732.033,7997.404
2009-09-27 19:00:00,6324.0723,7256.415,9446.921,6734.7456,7998.783
2009-09-27 20:00:00,6324.1475,7256.6357,9446.959,6735.3223,7998.99
2009-09-27 21:00:00,6324.1475,7256.7656,9446.959,6735.401,7998.99
2009-09-27 22:00:00,6324.1523,7256.856,9446.959,6735.401,7999.2266
2009-09-27 23:00:00,6324.283,7256.966,9446.959,6735.401,7999.2266
2009-09-28 00:00:00,6325.773,7257.643,9454.835,6737.2305,8003.845
2009-09-28 01:00:00,6327.134,7258.252,9456.929,6737.962,8004.7026
2009-09-28 02:00:00,6328.79,7258.9463,9458.536,6739.8354,8008.705
2009-09-28 03:00:00,6328.7915,7260.443,9460.5205,6740.767,8008.7085
2009-09-28 04:00:00,6332.8057,7260.812,9467.745,6740.8955,8008.9736
2009-09-28 05:00:00,6336.5063,7262.565,9471.394,6741.736,8012.0713
2009-09-28 06:00:00,6336.882,7264.698,9472.974,6744.8906,8013.585
2009-09-28 07:00:00,6338.3345,7265.6514,9474.23,6745.1743,8013.836
2009-09-28 08:00:00,6338.5435,7266.5615,9474.862,6745.6055,8013.8574
2009-09-28 09:00:00,6338.876,7266.6904,9475.659,6745.6055,8013.8574
2009-09-28 10:00:00,6342.6577,7267.0176,9479.199,6745.6304,8014.891
2009-09-28 11:00:00,6344.642,7267.814,9481.16,6746.899,8016.054
2009-09-28 12:00:00,6345.194,7268.78,9481.407,6747.0767,8016.208
2009-09-28 13:00:00,6346.67,7268.8296,9482.894,6747.309,8016.2617
2009-09-28 14:00:00,6346.67,7269.0835,9482.894,6747.309,8016.2617
2009-09-28 15:00:00,6347.4067,7269.113,9483.645,6747.515,8017.1797
2009-09-28 16:00:00,6348.053,7269.409,9483.645,6747.6104,8017.3833
2009-09-28 17:00:00,6349.8823,7269.409,9484.682,6747.8813,8017.3833
2009-09-28 18:00:00,6349.8823,7269.409,9485.08,6748.1465,8017.9424
2009-09-28 19:00:00,6349.9814,7269.6323,9485.217,6748.182,8018.465
2009-09-28 20:00:00,6350.453,7269.655,9485.742,6748.22,8019.202
2009-09-28 21:00:00,6351.7456,7269.9844,9485.742,6748.2637,8021.275
2009-09-28 22:00:00,6352.5894,7269.9844,9485.742,6748.315,8021.301
2009-09-28 23:00:00,6352.5894,7269.9844,9485.982,6748.7314,8021.8823
2009-09-29 00:00:00,6352.7305,7270.3125,9486.197,6749.094,8021.8823
2009-09-29 01:00:00,6354.129,7270.3125,9488.449,6749.2983,8021.9463
2009-09-29 02:00:00,6356.7705,7270.375,9490.681,6749.97,8022.5156
2009-09-29 03:00:00,6358.1187,7270.5674,9491.236,6749.97,8022.5156
2009-09-29 04:00:00,6359.3984,7271.5674,9491.576,6750.2104,8023.834
2009-09-29 05:00:00,6359.4434,7272.0586,9494.565,6750.319,8024.785
2009-09-29 06:00:00,6359.8403,7272.578,9494.734,6750.3643,8025.1177
2009-09-29 07:00:00,6360.407,7272.578,9495.498,6750.9194,8025.1177
2009-09-29 08:00:00,6360.4155,7272.614,9496.189,6750.933,8025.291
2009-09-29 09:00:00,6360.742,7272.6367,9496.708,6750.933,8025.5186
2009-09-29 10:00:00,6360.7554,7273.9673,9496.848,6751.471,8026.351
2009-09-29 11:00:00,6360.7554,7274.0674,9496.848,6751.5044,8026.351
2009-09-29 12:00:00,6360.836,7274.0674,9496.848,6751.5557,8026.351
2009-09-29 13:00:00,6361.0674,7274.0674,9497.044,6751.5557,8026.351
2009-09-29 14:00:00,6361.303,7274.0674,9497.167,6751.5557,8026.351
2009-09-29 15:00:00,6361.316,7274.0674,9497.265,6751.6333,8026.351
2009-09-29 16:00:00,6361.663,7274.0674,9497.474,6751.6333,8026.457
2009-09-29 17:00:00,6362.1055,7274.0674,9497.474,6751.6646,8027.604
2009-09-29 18:00:00,6362.2734,7274.189,9497.585,6751.6646,8028.285
2009-09-29 19:00:00,6362.9087,7274.189,9497.958,6751.6646,8028.285
2009-09-29 20:00:00,6363.002,7274.189,9499.359,6751.719,8028.285
2009-09-29 21:00:00,6363.002,7274.189,9500.157,6751.719,8028.3486
2009-09-29 22:00:00,6363.002,7274.189,9500.157,6751.719,8028.887
2009-09-29 23:00:00,6363.002,7274.2163,9500.281,6751.719,8029.1094
2009-09-30 00:00:00,6363.002,7274.2163,9500.569,6751.719,8029.1094
2009-09-30 01:00:00,6363.096,7274.2163,9501.193,6751.719,8029.1094
2009-09-30 02:00:00,6363.372,7274.6113,9501.239,6751.719,8029.1094
2009-09-30 03:00:00,6363.372,7274.725,9501.239,6751.719,8029.1123
2009-09-30 04:00:00,6363.372,7274.725,9501.239,6751.719,8029.4346
2009-09-30 05:00:00,6363.372,7274.8193,9501.239,6751.719,8029.4346
2009-09-30 06:00:00,6363.372,7275.103,9501.239,6751.719,8030.3193
2009-09-30 07:00:00,6363.372,7275.5127,9501.239,6751.719,8030.3193
2009-09-30 08:00:00,6363.372,7275.5625,9501.239,6751.719,8030.3193
2009-09-30 09:00:00,6363.372,7275.5625,9501.239,6751.719,8030.771
2009-09-30 10:00:00,6363.372,7275.6016,9501.239,6751.783,8030.935
2009-09-30 11:00:00,6363.372,7276.1626,9501.533,6751.974,8032.274
2009-09-30 12:00:00,6363.548,7277.6416,9501.533,6752.643,8032.798
2009-09-30 13:00:00,6363.636,7278.2617,9501.533,6753.42,8033.0356
2009-09-30 14:00:00,6363.6606,7279.9927,9501.555,6754.2715,8034.2593
2009-09-30 15:00:00,6363.939,7280.882,9502.525,6754.5293,8036.3193
2009-09-30 16:00:00,6364.6934,7283.206,9503.188,6755.012,8038.017
2009-09-30 17:00:00,6365.309,7284.1284,9503.867,6755.402,8039.648
2009-09-30 18:00:00,6366.708,7284.6553,9504.544,6755.65,8039.9814
2009-09-30 19:00:00,6366.8223,7284.859,9504.978,6755.65,8040.053
2009-09-30 20:00:00,6366.8965,7285.33,9505.867,6755.6665,8040.879
2009-09-30 21:00:00,6366.8965,7285.3325,9505.867,6755.6665,8041.419
2009-09-30 22:00:00,6366.8965,7285.685,9505.867,6755.6665,8044.5737
2009-09-30 23:00:00,6366.8965,7286.4893,9505.867,6755.6665,8045.4263
2009-10-01 00:00:00,6366.8965,7286.4893,9506.248,6755.6665,8046.2085
2009-10-01 01:00:00,6366.8965,7286.72,9506.613,6755.8745,8046.7197
2009-10-01 02:00:00,6366.8965,7286.72,9506.613,6755.9565,8046.9673
2009-10-01 03:00:00,6366.8965,7286.72,9506.613,6755.9565,8046.9673
2009-10-01 04:00:00,6366.8965,7286.72,9506.613,6755.9565,8046.9673
2009-10-01 05:00:00,6366.8965,7286.72,9506.613,6755.9565,8046.9673
2009-10-01 06:00:00,6366.8965,7286.72,9506.613,6755.9565,8046.9673
2009-10-01 07:00:00,6366.8965,7286.72,9506.613,6755.9565,8046.9673
2009-10-01 08:00:00,6366.8965,7286.72,9506.613,6755.9565,8046.9673
2009-10-01 09:00:00,6366.8965,7286.72,9506.613,6755.9565,8046.9673
2009-10-01 10:00:00,6366.8965,7286.72,9506.653,6755.9565,8047.1055
2009-10-01 11:00:00,6366.8965,7286.72,9507.359,6755.9565,8047.352
2009-10-01 12:00:00,6366.8965,7286.72,9507.38,6755.9565,8047.352
2009-10-01 13:00:00,6366.9146,7286.72,9507.38,6755.9565,8047.352
2009-10-01 14:00:00,6366.9146,7286.72,9507.719,6755.9565,8047.8354
2009-10-01 15:00:00,6366.9146,7286.72,9509.812,6755.9565,8047.883
2009-10-01 16:00:00,6367.1943,7286.768,9510.254,6755.9565,8048.4453
2009-10-01 17:00:00,6367.1943,7286.811,9510.254,6755.9565,8048.4453
2009-10-01 18:00:00,6367.1943,7286.811,9510.254,6755.9565,8048.814
2009-10-01 19:00:00,6367.1943,7286.811,9510.254,6755.9565,8049.856
2009-10-01 20:00:00,6367.1943,7286.811,9510.254,6755.9565,8050.3945
2009-10-01 21:00:00,6367.1943,7286.811,9510.254,6755.9565,8050.3945
2009-10-01 22:00:00,6367.1943,7286.811,9510.254,6755.9565,8050.687
2009-10-01 23:00:00,6367.1943,7286.811,9511.016,6755.9565,8051.683
2009-10-02 00:00:00,6367.1943,7286.811,9511.478,6755.9565,8052.415
2009-10-02 01:00:00,6367.1943,7286.811,9511.984,6755.9565,8053.2524
2009-10-02 02:00:00,6367.1943,7286.811,9511.984,6755.9565,8053.3423
2009-10-02 03:00:00,6367.1943,7286.811,9511.984,6755.9565,8053.3423
2009-10-02 04:00:00,6367.1943,7286.811,9511.984,6755.9565,8053.4375
2009-10-02 05:00:00,6367.1943,7286.811,9511.984,6755.9565,8054.974
2009-10-02 06:00:00,6367.1943,7286.8535,9511.984,6755.9565,8055.3506
2009-10-02 07:00:00,6367.1943,7286.8535,9511.984,6755.9565,8055.385
2009-10-02 08:00:00,6367.1943,7286.8535,9512.243,6755.9565,8055.606
2009-10-02 09:00:00,6367.1943,7286.8535,9512.243,6755.9565,8055.606
2009-10-02 10:00:00,6367.1943,7286.8535,9512.243,6755.9565,8055.606
2009-10-02 11:00:00,6367.1943,7286.8535,9512.243,6755.9565,8055.606
2009-10-02 12:00:00,6367.1943,7286.8535,9512.243,6755.9565,8055.606
2009-10-02 13:00:00,6367.1943,7286.8535,9512.243,6755.9565,8055.606
2009-10-02 14:00:00,6367.1943,7286.8535,9512.243,6755.9565,8055.606
2009-10-02 15:00:00,6367.1943,7286.8535,9512.243,6755.9565,8055.606
2009-10-02 16:00:00,6367.1943,7286.8535,9512.243,6755.9565,8055.606
2009-10-02 17:00:00,6367.1943,7286.8535,9512.243,6755.9565,8055.606
2009-10-02 18:00:00,6367.1943,7286.8535,9512.243,6755.9565,8055.606
2009-10-02 19:00:00,6367.1943,7286.8535,9512.243,6755.9565,8055.606
2009-10-02 20:00:00,6367.1943,7286.8535,9512.243,6755.9565,8055.606
2009-10-02 21:00:00,6367.1943,7286.8535,9512.243,6755.9565,8055.606
2009-10-02 22:00:00,6367.1943,7286.8535,9512.243,6755.9565,8055.606
2009-10-02 23:00:00,6367.1943,7286.8535,9512.243,6755.9565,8055.606
2009-10-03 00:00:00,6367.1943,7286.8535,9512.243,6755.9565,8055.606
2009-10-03 01:00:00,6367.1943,7286.8535,9512.243,6755.9565,8055.606
2009-10-03 02:00:00,6367.1943,7286.8535,9512.243,6755.9565,8055.606
2009-10-03 03:00:00,6367.1943,7286.8535,9512.243,6755.9565,8055.606
2009-10-03 04:00:00,6367.1943,7286.8535,9512.243,6755.9565,8055.606
2009-10-03 05:00:00,6367.1943,7286.8535,9512.243,6755.9565,8055.606
2009-10-03 06:00:00,6367.314,7286.8535,9512.243,6755.9565,8055.606
2009-10-03 07:00:00,6367.7383,7286.8535,9512.243,6756.115,8055.684
2009-10-03 08:00:00,6368.3906,7287.1045,9512.243,6756.535,8056.104
2009-10-03 09:00:00,6368.8735,7287.9136,9512.243,6757.136,8056.531
2009-10-03 10:00:00,6369.8105,7289.47,9512.287,6757.7373,8057.497
2009-10-03 11:00:00,6371.2637,7291.8955,9513.262,6759.727,8059.19
2009-10-03 12:00:00,6372.9844,7292.9995,9514.624,6762.4907,8060.3105
2009-10-03 13:00:00,6375.0786,7294.1953,9514.979,6763.926,8060.806
2009-10-03 14:00:00,6376.7046,7295.8066,9515.033,6766.6875,8062.0894
2009-10-03 15:00:00,6377.672,7296.4023,9515.033,6768.405,8062.3223
2009-10-03 16:00:00,6378.19,7296.527,9515.033,6769.641,8062.3223
2009-10-03 17:00:00,6378.19,7296.527,9515.033,6769.729,8062.3223
2009-10-03 18:00:00,6378.19,7296.527,9515.033,6769.729,8062.3223
2009-10-03 19:00:00,6378.19,7296.527,9515.033,6769.729,8062.3223
2009-10-03 20:00:00,6378.19,7296.527,9515.033,6769.729,8062.3223
2009-10-03 21:00:00,6378.19,7296.527,9515.033,6769.729,8062.3223
2009-10-03 22:00:00,6378.19,7296.527,9515.033,6769.729,8062.3223
2009-10-03 23:00:00,6378.19,7296.527,9515.033,6769.729,8062.3223
2009-10-04 00:00:00,6378.423,7296.9204,9517.306,6770.1597,8066.5444
2009-10-04 01:00:00,6379.3633,7296.9204,9517.687,6770.354,8066.691
2009-10-04 02:00:00,6379.433,7297.0034,9517.856,6770.5107,8067.5737
2009-10-04 03:00:00,6379.659,7297.3584,9518.313,6770.627,8068.2993
2009-10-04 04:00:00,6379.7637,7297.4736,9519.435,6770.627,8071.423
2009-10-04 05:00:00,6380.1797,7298.977,9521.277,6771.1816,8073.907
2009-10-04 06:00:00,6378.19,7296.527,9515.033,6769.729,8062.3223
2009-10-04 07:00:00,6378.19,7296.527,9515.033,6769.729,8062.3223
2009-10-04 08:00:00,6378.19,7296.527,9515.033,6769.729,8063.69
2009-10-04 09:00:00,6378.19,7296.527,9515.336,6769.729,8064.074
2009-10-04 10:00:00,6378.19,7296.6895,9515.916,6769.729,8064.7173
2009-10-04 11:00:00,6378.19,7296.7188,9516.785,6769.729,8064.977
2009-10-04 12:00:00,6378.19,7296.7188,9516.785,6769.729,8065.167
2009-10-04 13:00:00,6378.19,7296.7188,9516.785,6769.729,8065.167
2009-10-04 14:00:00,6378.19,7296.7188,9516.785,6769.729,8065.167
2009-10-04 15:00:00,6378.19,7296.7188,9516.785,6769.729,8065.167
2009-10-04 16:00:00,6378.19,7296.7188,9516.785,6769.729,8065.167
2009-10-04 17:00:00,6378.19,7296.7188,9516.785,6769.729,8065.167
2009-10-04 18:00:00,6378.19,7296.7188,9516.785,6769.729,8065.636
2009-10-04 19:00:00,6378.19,7296.893,9516.785,6769.729,8065.7583
2009-10-04 20:00:00,6378.19,7296.893,9516.785,6769.729,8065.7583
2009-10-04 21:00:00,6378.19,7296.893,9516.785,6769.729,8066.316
2009-10-04 22:00:00,6378.226,7296.9204,9516.785,6769.729,8066.316
2009-10-04 23:00:00,6378.226,7296.9204,9517.306,6769.729,8066.362
2009-10-05 00:00:00,6380.2656,7299.9062,9521.46,6771.399,8074.8193
2009-10-05 01:00:00,6380.8633,7300.189,9522.487,6771.399,8075.195
2009-10-05 02:00:00,6381.015,7300.189,9522.812,6771.399,8075.7983
2009-10-05 03:00:00,6381.302,7300.401,9522.95,6771.5234,8075.8984
2009-10-05 04:00:00,6381.302,7300.401,9522.95,6771.5234,8076.389
2009-10-05 05:00:00,6381.302,7300.693,9522.95,6771.5234,8077.0884
2009-10-05 06:00:00,6381.302,7300.693,9522.95,6771.5234,8078.93
2009-10-05 07:00:00,6381.352,7300.8423,9524.164,6771.5234,8081.246
2009-10-05 08:00:00,6381.379,7301.2866,9524.758,6771.6045,8081.676
2009-10-05 09:00:00,6381.379,7301.3223,9524.852,6771.6045,8082.2695
2009-10-05 10:00:00,6381.379,7302.154,9524.852,6771.6655,8083.1196
2009-10-05 11:00:00,6381.379,7302.8125,9524.852,6771.6655,8083.3457
2009-10-05 12:00:00,6381.379,7303.934,9525.474,6771.901,8084.1562
2009-10-05 13:00:00,6381.379,7304.434,9525.574,6772.1855,8084.1562
2009-10-05 14:00:00,6381.379,7304.434,9525.574,6772.1855,8084.537
2009-10-05 15:00:00,6381.379,7304.434,9525.574,6772.1855,8085.877
2009-10-05 16:00:00,6381.379,7304.434,9525.574,6772.1855,8087.695
2009-10-05 17:00:00,6381.379,7304.434,9525.574,6772.4683,8089.4575
2009-10-05 18:00:00,6381.379,7304.434,9525.574,6772.6304,8089.763
2009-10-05 19:00:00,6381.4707,7304.434,9525.779,6772.6304,8090.496
2009-10-05 20:00:00,6381.544,7304.434,9525.779,6772.6304,8090.699
2009-10-05 21:00:00,6381.699,7304.434,9525.779,6772.6304,8090.699
2009-10-05 22:00:00,6381.699,7304.434,9525.779,6772.6304,8090.699
2009-10-05 23:00:00,6381.699,7304.434,9525.779,6772.6304,8090.699
2009-10-06 00:00:00,6381.699,7304.434,9525.779,6772.6304,8090.699
2009-10-06 01:00:00,6381.699,7304.434,9525.779,6772.6304,8090.699
2009-10-06 02:00:00,6381.699,7304.434,9525.779,6772.6304,8090.699
2009-10-06 03:00:00,6381.699,7304.434,9525.779,6772.6304,8090.699
2009-10-06 04:00:00,6381.699,7304.434,9525.779,6772.6304,8090.699
2009-10-06 05:00:00,6381.699,7304.434,9525.779,6772.6304,8090.699
2009-10-06 06:00:00,6381.699,7304.434,9525.779,6772.6304,8090.699
2009-10-06 07:00:00,6381.699,7304.434,9525.779,6772.6304,8090.699
2009-10-06 08:00:00,6382.1045,7304.434,9525.779,6773.0234,8090.699
2009-10-06 09:00:00,6382.979,7304.8394,9525.779,6774.345,8091.287
2009-10-06 10:00:00,6384.53,7305.3633,9526.356,6777.0244,8092.9033
2009-10-06 11:00:00,6387.6016,7307.4854,9528.38,6780.4854,8095.7344
2009-10-06 12:00:00,6391.25,7309.833,9529.999,6783.6455,8099.1196
2009-10-06 13:00:00,6394.669,7311.829,9531.75,6786.1626,8101.4062
2009-10-06 14:00:00,6395.7563,7313.699,9533.832,6787.9355,8103.689
2009-10-06 15:00:00,6396.5825,7315.62,9535.417,6789.509,8105.7695
2009-10-06 16:00:00,6397.6997,7317.3525,9536.412,6791.4277,8107.1807
2009-10-06 17:00:00,6399.733,7319.6353,9538.124,6793.7114,8109.5483
2009-10-06 18:00:00,6400.9194,7320.896,9541.009,6794.8765,8110.2866
2009-10-06 19:00:00,6401.669,7321.1025,9541.181,6795.2397,8110.2866
2009-10-06 20:00:00,6401.669,7321.198,9541.2,6795.2397,8110.475
2009-10-06 21:00:00,6402.0664,7323.55,9541.775,6796.518,8110.9053
2009-10-06 22:00:00,6402.3525,7324.049,9542.772,6797.299,8112.028
2009-10-06 23:00:00,6403.0103,7324.859,9544.451,6798.255,8112.095
2009-10-07 00:00:00,6403.044,7325.6455,9545.1875,6798.405,8112.536
2009-10-07 01:00:00,6404.225,7326.0493,9545.621,6798.976,8112.568
2009-10-07 02:00:00,6404.276,7326.439,9546.354,6799.234,8113.567
2009-10-07 03:00:00,6405.498,7327.9775,9551.234,6800.934,8116.108
2009-10-07 04:00:00,6406.3574,7328.4966,9553.981,6801.644,8116.956
2009-10-07 05:00:00,6408.4604,7329.1885,9557.86,6803.397,8118.615
2009-10-07 06:00:00,6409.6797,7330.5283,9560.794,6804.5234,8119.0273
2009-10-07 07:00:00,6410.233,7331.449,9562.05,6804.701,8119.693
2009-10-07 08:00:00,6412.3677,7332.6157,9564.574,6805.572,8120.518
2009-10-07 09:00:00,6413.316,7334.313,9567.362,6806.931,8120.5713
2009-10-07 10:00:00,6415.0845,7335.4863,9570.291,6808.722,8122.4014
2009-10-07 11:00:00,6415.2363,7336.773,9570.458,6811.481,8123.0576
2009-10-07 12:00:00,6418.614,7338.883,9571.644,6812.477,8124.708
2009-10-07 13:00:00,6420.1177,7340.9,9572.838,6813.649,8126.041
2009-10-07 14:00:00,6420.816,7340.9,9572.894,6813.649,8126.119
2009-10-07 15:00:00,6422.009,7341.187,9573.422,6813.7188,8126.492
2009-10-07 16:00:00,6423.155,7341.328,9573.433,6814.358,8126.685
2009-10-07 17:00:00,6424.0303,7342.52,9573.563,6814.9507,8127.5493
2009-10-07 18:00:00,6424.0728,7342.723,9573.932,6815.415,8128.245
2009-10-07 19:00:00,6424.606,7343.2676,9574.005,6815.5757,8129.0425
2009-10-07 20:00:00,6425.0757,7343.27,9574.247,6815.7637,8129.2256
2009-10-07 21:00:00,6425.0757,7343.594,9574.247,6815.7637,8129.2256
2009-10-07 22:00:00,6425.0757,7343.594,9574.247,6815.7637,8129.2427
2009-10-07 23:00:00,6425.0757,7343.594,9574.247,6815.7637,8129.3184
2009-10-08 00:00:00,6425.0757,7343.594,9574.247,6815.7637,8129.4277
2009-10-08 01:00:00,6425.0757,7343.706,9574.247,6815.7637,8129.4277
2009-10-08 02:00:00,6425.0757,7343.9595,9574.247,6815.7637,8129.4277
2009-10-08 03:00:00,6425.0757,7343.9595,9574.247,6815.7637,8129.4463
2009-10-08 04:00:00,6425.0757,7343.9595,9574.247,6815.7637,8129.907
2009-10-08 05:00:00,6425.0757,7344.2544,9574.247,6815.9717,8130.9697
2009-10-08 06:00:00,6425.0757,7344.545,9574.247,6816.2197,8131.801
2009-10-08 07:00:00,6425.0757,7344.745,9574.247,6816.2197,8132.0664
2009-10-08 08:00:00,6425.0757,7344.745,9574.247,6816.2197,8132.1245
2009-10-08 09:00:00,6425.0757,7344.745,9574.247,6816.2197,8132.1245
2009-10-08 10:00:00,6425.0757,7344.745,9574.247,6816.2197,8132.1245
2009-10-08 11:00:00,6425.0757,7344.745,9574.247,6816.2197,8132.2603
2009-10-08 12:00:00,6425.0757,7344.745,9574.552,6816.2197,8132.544
2009-10-08 13:00:00,6425.532,7345.282,9574.552,6816.2197,8133.2095
2009-10-08 14:00:00,6425.532,7345.3823,9574.593,6816.987,8134.95
2009-10-08 15:00:00,6425.532,7345.3823,9574.593,6817.2744,8135.5303
2009-10-08 16:00:00,6425.532,7345.3823,9574.593,6817.2744,8135.5303
2009-10-08 17:00:00,6425.532,7345.3823,9574.593,6817.2744,8135.577
2009-10-08 18:00:00,6425.532,7345.3823,9574.593,6817.2744,8135.76
2009-10-08 19:00:00,6425.532,7345.4023,9575.108,6817.2744,8138.5557
2009-10-08 20:00:00,6425.891,7345.4023,9575.714,6817.3438,8139.664
2009-10-08 21:00:00,6426.111,7345.9395,9577.302,6817.5264,8142.9653
2009-10-08 22:00:00,6426.377,7346.115,9578.405,6817.847,8146.418
2009-10-08 23:00:00,6426.48,7346.908,9579.061,6818.4536,8146.5073
2009-10-09 00:00:00,6427.279,7346.908,9579.143,6818.5835,8146.5073
2009-10-09 01:00:00,6427.639,7346.908,9579.867,6818.5835,8147.9854
2009-10-09 02:00:00,6427.639,7346.908,9579.867,6818.5835,8148.295
2009-10-09 03:00:00,6427.639,7346.908,9580.004,6818.5835,8148.6763
2009-10-09 04:00:00,6427.639,7346.908,9580.474,6818.5835,8148.6763
2009-10-09 05:00:00,6427.639,7346.908,9580.474,6818.5835,8148.6763
2009-10-09 06:00:00,6427.639,7346.908,9580.474,6818.5835,8148.6763
2009-10-09 07:00:00,6427.639,7346.908,9580.474,6818.5835,8148.6763
2009-10-09 08:00:00,6427.639,7346.908,9580.474,6818.5835,8148.6763
2009-10-09 09:00:00,6427.639,7346.908,9580.474,6818.5835,8148.6763
2009-10-09 10:00:00,6427.639,7346.908,9580.474,6818.5835,8148.6763
2009-10-09 11:00:00,6427.639,7346.908,9580.474,6818.5835,8148.6763
2009-10-09 12:00:00,6427.639,7346.908,9580.474,6818.5835,8148.6763
2009-10-09 13:00:00,6427.639,7346.908,9580.474,6818.5835,8148.6763
2009-10-09 14:00:00,6427.639,7346.908,9580.474,6818.5835,8148.6763
2009-10-09 15:00:00,6427.639,7346.908,9580.474,6818.5835,8148.6763
2009-10-09 16:00:00,6427.639,7346.908,9580.474,6818.5835,8148.6763
2009-10-09 17:00:00,6427.639,7346.908,9580.474,6818.5835,8148.6763
2009-10-09 18:00:00,6427.639,7346.908,9580.474,6818.5835,8148.6763
2009-10-09 19:00:00,6427.639,7346.908,9580.474,6818.5835,8148.6763
2009-10-09 20:00:00,6427.639,7346.908,9580.474,6818.5835,8148.6763
2009-10-09 21:00:00,6427.639,7346.908,9580.474,6818.5835,8148.6763
2009-10-09 22:00:00,6427.639,7346.908,9580.474,6818.5835,8148.6763
2009-10-09 23:00:00,6427.639,7346.908,9580.474,6818.5835,8148.6763
2009-10-10 00:00:00,6427.639,7346.908,9580.474,6818.5835,8148.6763
2009-10-10 01:00:00,6427.639,7346.908,9580.474,6818.5835,8148.6763
2009-10-10 02:00:00,6427.639,7346.908,9580.474,6818.5835,8148.6763
2009-10-10 03:00:00,6427.639,7346.908,9580.474,6818.5835,8148.6763
2009-10-10 04:00:00,6427.639,7346.908,9580.474,6818.5835,8148.6763
2009-10-10 05:00:00,6427.639,7346.908,9580.474,6818.5835,8148.6763
2009-10-10 06:00:00,6427.639,7346.908,9580.474,6818.5835,8148.6763
2009-10-10 07:00:00,6427.639,7346.908,9580.474,6818.5835,8148.6763
2009-10-10 08:00:00,6427.639,7346.908,9580.474,6818.5835,8148.6763
2009-10-10 09:00:00,6427.639,7346.908,9580.474,6818.5835,8148.6763
2009-10-10 10:00:00,6427.639,7346.908,9580.474,6818.5835,8148.6763
2009-10-10 11:00:00,6427.639,7346.908,9580.474,6818.5835,8148.6763
2009-10-10 12:00:00,6427.639,7346.908,9580.474,6818.5835,8148.6763
2009-10-10 13:00:00,6427.639,7346.908,9580.474,6818.5835,8148.6763
2009-10-10 14:00:00,6427.639,7346.908,9580.474,6818.5835,8148.6763
2009-10-10 15:00:00,6427.639,7346.908,9580.474,6818.5835,8148.6763
2009-10-10 16:00:00,6427.639,7346.908,9580.474,6818.5835,8148.6763
2009-10-10 17:00:00,6427.639,7346.908,9580.474,6818.5835,8148.6763
2009-10-10 18:00:00,6427.639,7346.908,9580.474,6818.5835,8148.6763
2009-10-10 19:00:00,6427.639,7346.908,9580.474,6818.5835,8148.6763
2009-10-10 20:00:00,6427.639,7346.908,9580.474,6818.5835,8148.6763
2009-10-10 21:00:00,6427.639,7346.908,9580.474,6818.5835,8148.6763
2009-10-10 22:00:00,6427.639,7346.908,9580.474,6818.5835,8148.6763
2009-10-10 23:00:00,6427.639,7346.908,9580.474,6818.5835,8148.6763
2009-10-11 00:00:00,6427.701,7346.965,9580.474,6820.7275,8148.956
2009-10-11 01:00:00,6427.701,7346.965,9580.474,6820.7275,8148.956
2009-10-11 02:00:00,6427.701,7346.965,9580.474,6820.7275,8148.956
2009-10-11 03:00:00,6427.701,7346.965,9580.474,6820.7275,8148.956
2009-10-11 04:00:00,6427.639,7346.908,9580.474,6818.5835,8148.6763
2009-10-11 05:00:00,6427.639,7346.908,9580.474,6818.5835,8148.6763
2009-10-11 06:00:00,6427.639,7346.908,9580.474,6818.5835,8148.6763
2009-10-11 07:00:00,6427.639,7346.908,9580.474,6818.591,8148.6763
2009-10-11 08:00:00,6427.6514,7346.908,9580.474,6818.789,8148.6763
2009-10-11 09:00:00,6427.701,7346.908,9580.474,6818.949,8148.6763
2009-10-11 10:00:00,6427.701,7346.908,9580.474,6818.949,8148.6763
2009-10-11 11:00:00,6427.701,7346.908,9580.474,6819.0967,8148.6763
2009-10-11 12:00:00,6427.701,7346.965,9580.474,6819.514,8148.6763
2009-10-11 13:00:00,6427.701,7346.965,9580.474,6819.933,8148.6763
2009-10-11 14:00:00,6427.701,7346.965,9580.474,6820.292,8148.95
2009-10-11 15:00:00,6427.701,7346.965,9580.474,6820.685,8148.956
2009-10-11 16:00:00,6427.701,7346.965,9580.474,6820.7275,8148.956
2009-10-11 17:00:00,6427.701,7346.965,9580.474,6820.7275,8148.956
2009-10-11 18:00:00,6427.701,7346.965,9580.474,6820.7275,8148.956
2009-10-11 19:00:00,6427.701,7346.965,9580.474,6820.7275,8148.956
2009-10-11 20:00:00,6427.701,7346.965,9580.474,6820.7275,8148.956
2009-10-11 21:00:00,6427.701,7346.965,9580.474,6820.7275,8148.956
2009-10-11 22:00:00,6427.701,7346.965,9580.474,6820.7275,8148.956
2009-10-11 23:00:00,6427.701,7346.965,9580.474,6820.7275,8148.956
2009-10-12 00:00:00,6427.701,7346.965,9580.506,6820.7275,8148.956
2009-10-12 01:00:00,6427.701,7346.965,9580.8125,6820.7275,8148.956
2009-10-12 02:00:00,6427.701,7346.965,9580.8125,6820.7275,8148.956
2009-10-12 03:00:00,6427.701,7346.965,9580.8125,6820.7275,8148.956
2009-10-12 04:00:00,6427.701,7346.965,9580.884,6820.7275,8148.956
2009-10-12 05:00:00,6427.701,7346.965,9580.965,6820.7275,8148.9976
2009-10-12 06:00:00,6427.701,7346.965,9580.965,6820.7275,8148.9976
2009-10-12 07:00:00,6427.701,7346.965,9580.965,6820.7275,8148.9976
2009-10-12 08:00:00,6427.701,7346.965,9580.965,6820.7275,8148.9976
2009-10-12 09:00:00,6427.701,7346.965,9580.965,6820.7275,8149.4106
2009-10-12 10:00:00,6427.946,7346.965,9580.965,6820.7334,8149.4663
2009-10-12 11:00:00,6427.946,7346.965,9580.965,6820.7334,8149.4663
2009-10-12 12:00:00,6427.946,7346.965,9581.156,6820.7534,8149.5845
2009-10-12 13:00:00,6427.946,7346.9688,9581.156,6820.7534,8150.15
2009-10-12 14:00:00,6428.187,7347.2393,9581.861,6820.7534,8150.4346
2009-10-12 15:00:00,6428.187,7347.5186,9581.911,6820.7534,8150.4346
2009-10-12 16:00:00,6428.187,7347.5186,9581.911,6820.7534,8150.656
2009-10-12 17:00:00,6428.187,7347.5186,9582.416,6820.7534,8152.083
2009-10-12 18:00:00,6428.187,7347.5186,9582.44,6820.7534,8152.1846
2009-10-12 19:00:00,6428.187,7347.5186,9582.44,6820.7534,8152.1846
2009-10-12 20:00:00,6428.187,7347.5186,9582.477,6820.7607,8152.1846
2009-10-12 21:00:00,6428.187,7347.5186,9582.667,6820.793,8152.1846
2009-10-12 22:00:00,6428.187,7347.5186,9582.711,6820.793,8152.1846
2009-10-12 23:00:00,6428.187,7347.5186,9582.711,6820.793,8152.211
2009-10-13 00:00:00,6428.187,7347.5186,9582.711,6820.793,8152.211
2009-10-13 01:00:00,6428.187,7347.5186,9582.711,6820.793,8152.211
2009-10-13 02:00:00,6428.187,7347.5186,9582.918,6820.793,8152.211
2009-10-13 03:00:00,6428.187,7347.5186,9582.918,6820.793,8152.211
2009-10-13 04:00:00,6428.187,7347.5186,9582.918,6820.793,8152.211
2009-10-13 05:00:00,6428.187,7347.5186,9582.918,6820.793,8152.211
2009-10-13 06:00:00,6428.187,7347.5186,9582.918,6820.793,8152.211
2009-10-13 07:00:00,6428.187,7347.5186,9582.918,6820.793,8152.211
2009-10-13 08:00:00,6428.187,7347.5186,9582.918,6820.793,8152.211
2009-10-13 09:00:00,6428.187,7347.5186,9582.918,6820.793,8152.211
2009-10-13 10:00:00,6428.187,7347.5186,9582.918,6820.793,8152.211
2009-10-13 11:00:00,6428.187,7347.5186,9582.918,6820.793,8152.211
2009-10-13 12:00:00,6428.187,7347.5186,9582.918,6820.793,8152.211
2009-10-13 13:00:00,6428.187,7347.5186,9582.918,6820.793,8152.211
2009-10-13 14:00:00,6428.187,7347.5186,9582.918,6820.793,8152.211
2009-10-13 15:00:00,6428.187,7347.5186,9582.918,6820.793,8152.211
2009-10-13 16:00:00,6428.187,7347.5186,9582.918,6820.793,8152.211
2009-10-13 17:00:00,6428.187,7347.5186,9582.918,6820.793,8152.211
2009-10-13 18:00:00,6428.187,7347.5186,9582.918,6820.793,8152.211
2009-10-13 19:00:00,6428.187,7347.5186,9582.918,6820.793,8152.211
2009-10-13 20:00:00,6428.187,7347.5186,9582.918,6820.793,8152.211
2009-10-13 21:00:00,6428.187,7347.5186,9582.918,6820.793,8152.211
2009-10-13 22:00:00,6428.187,7347.5186,9582.918,6820.793,8152.211
2009-10-13 23:00:00,6428.187,7347.5186,9582.918,6820.793,8152.211
2009-10-14 00:00:00,6428.187,7347.5186,9582.918,6820.793,8152.211
2009-10-14 01:00:00,6428.187,7347.5186,9582.918,6820.793,8152.211
2009-10-14 02:00:00,6428.187,7347.5186,9582.918,6820.793,8152.211
2009-10-14 03:00:00,6428.187,7347.5186,9582.918,6820.793,8152.211
2009-10-14 04:00:00,6428.187,7347.5186,9582.918,6820.793,8152.211
2009-10-14 05:00:00,6428.187,7347.5186,9582.918,6820.793,8152.211
2009-10-14 06:00:00,6428.187,7347.5186,9582.918,6820.793,8152.211
2009-10-14 07:00:00,6428.187,7347.5186,9582.918,6820.793,8152.211
2009-10-14 08:00:00,6428.187,7347.5186,9582.918,6820.793,8152.211
2009-10-14 09:00:00,6428.187,7347.5186,9582.918,6820.793,8152.211
2009-10-14 10:00:00,6428.187,7347.5186,9582.918,6820.793,8152.211
2009-10-14 11:00:00,6428.187,7347.5186,9582.918,6820.793,8152.211
2009-10-14 12:00:00,6428.187,7347.5186,9582.918,6820.793,8152.211
2009-10-14 13:00:00,6428.187,7347.5186,9582.918,6820.793,8152.211
2009-10-14 14:00:00,6428.187,7347.5186,9582.918,6820.793,8152.211
2009-10-14 15:00:00,6428.187,7347.5186,9582.918,6820.793,8152.211
2009-10-14 16:00:00,6428.187,7347.5186,9582.918,6820.793,8152.211
2009-10-14 17:00:00,6428.187,7347.5186,9582.918,6820.793,8152.211
2009-10-14 18:00:00,6428.187,7347.5186,9582.918,6820.793,8152.211
2009-10-14 19:00:00,6428.187,7347.5186,9582.918,6820.793,8152.211
2009-10-14 20:00:00,6428.187,7347.5186,9582.918,6820.793,8152.211
2009-10-14 21:00:00,6428.187,7347.5186,9582.918,6820.793,8152.434
2009-10-14 22:00:00,6428.187,7347.5186,9582.918,6820.793,8152.6694
2009-10-14 23:00:00,6428.187,7347.5186,9582.918,6820.793,8152.6694
2009-10-15 00:00:00,6428.187,7347.5186,9582.918,6820.793,8152.6694
2009-10-15 01:00:00,6428.187,7347.5186,9582.918,6820.793,8152.6694
2009-10-15 02:00:00,6428.187,7347.5186,9582.918,6820.793,8152.6694
2009-10-15 03:00:00,6428.187,7347.5186,9582.918,6820.793,8152.6694
2009-10-15 04:00:00,6428.187,7347.5186,9582.918,6820.793,8152.6694
2009-10-15 05:00:00,6428.187,7347.5186,9582.918,6820.793,8152.6694
2009-10-15 06:00:00,6428.187,7347.5186,9582.918,6820.793,8152.6694
2009-10-15 07:00:00,6428.187,7347.5186,9582.918,6820.793,8152.6694
2009-10-15 08:00:00,6428.187,7347.5186,9582.918,6820.793,8152.6694
2009-10-15 09:00:00,6428.187,7347.5186,9582.918,6820.793,8152.6694
2009-10-15 10:00:00,6428.187,7347.5186,9582.918,6820.793,8152.6694
2009-10-15 11:00:00,6428.187,7347.5186,9582.918,6820.793,8152.6694
2009-10-15 12:00:00,6428.187,7347.5186,9582.918,6820.793,8152.6694
2009-10-15 13:00:00,6428.187,7347.5186,9582.918,6820.793,8152.6694
2009-10-15 14:00:00,6428.187,7347.5186,9582.918,6820.793,8152.6694
2009-10-15 15:00:00,6428.187,7347.5186,9582.918,6820.959,8152.781
2009-10-15 16:00:00,6428.3477,7347.5186,9582.918,6820.964,8153.2773
2009-10-15 17:00:00,6429.3535,7348.14,9582.918,6821.793,8153.3125
2009-10-15 18:00:00,6429.622,7349.025,9583.572,6822.6167,8154.3833
2009-10-15 19:00:00,6430.5854,7349.6636,9584.578,6824.078,8156.8735
2009-10-15 20:00:00,6430.98,7350.687,9585.367,6824.9243,8159.188
2009-10-15 21:00:00,6431.375,7351.0176,9586.322,6825.3193,8160.8047
2009-10-15 22:00:00,6431.4854,7351.5063,9587.085,6825.618,8161.483
2009-10-15 23:00:00,6431.4854,7351.5063,9587.241,6825.618,8161.533
2009-10-16 00:00:00,6431.4854,7351.5063,9587.486,6825.618,8161.7715
2009-10-16 01:00:00,6431.4854,7351.5063,9587.486,6825.618,8161.7715
2009-10-16 02:00:00,6431.4854,7351.5063,9587.486,6825.618,8161.7715
2009-10-16 03:00:00,6431.4854,7351.5063,9587.516,6825.618,8161.8525
2009-10-16 04:00:00,6431.4854,7351.5063,9587.516,6825.618,8161.99
2009-10-16 05:00:00,6431.4854,7351.5063,9587.516,6825.618,8161.99
2009-10-16 06:00:00,6431.4854,7351.5063,9587.516,6825.618,8161.99
2009-10-16 07:00:00,6431.538,7351.702,9587.546,6825.7,8161.99
2009-10-16 08:00:00,6431.678,7352.623,9587.546,6825.953,8162.0415
2009-10-16 09:00:00,6431.7393,7352.8994,9587.581,6825.953,8162.0415
2009-10-16 10:00:00,6432.559,7352.8994,9588.827,6826.151,8162.201
2009-10-16 11:00:00,6432.846,7352.933,9588.827,6826.43,8162.2256
2009-10-16 12:00:00,6433.5884,7353.1387,9589.306,6826.5938,8162.2256
2009-10-16 13:00:00,6433.5884,7353.1387,9589.343,6826.6636,8162.2393
2009-10-16 14:00:00,6434.018,7353.4604,9589.343,6826.756,8162.2993
2009-10-16 15:00:00,6434.356,7353.526,9590.837,6826.8164,8163.2163
2009-10-16 16:00:00,6434.356,7353.941,9590.837,6827.0786,8163.624
2009-10-16 17:00:00,6434.4253,7353.941,9590.837,6827.2583,8163.7637
2009-10-16 18:00:00,6434.4507,7353.998,9590.837,6827.2583,8163.8936
2009-10-16 19:00:00,6434.8755,7353.998,9591.242,6827.2583,8163.8936
2009-10-16 20:00:00,6434.8755,7354.0103,9591.513,6827.281,8163.9116
2009-10-16 21:00:00,6434.8755,7354.1763,9591.513,6827.281,8163.9116
2009-10-16 22:00:00,6434.8755,7354.261,9591.588,6827.281,8163.9116
2009-10-16 23:00:00,6434.8755,7354.261,9591.588,6827.281,8163.9116
2009-10-17 00:00:00,6434.8755,7354.261,9591.588,6827.281,8163.9907
2009-10-17 01:00:00,6434.8755,7354.261,9591.588,6827.281,8163.9907
2009-10-17 02:00:00,6434.8755,7354.261,9591.595,6827.281,8164.0405
2009-10-17 03:00:00,6434.8755,7354.261,9591.677,6827.281,8164.099
2009-10-17 04:00:00,6434.8755,7354.261,9591.677,6827.281,8164.173
2009-10-17 05:00:00,6434.8755,7354.261,9591.677,6827.281,8164.173
2009-10-17 06:00:00,6434.8755,7354.261,9591.755,6827.281,8164.173
2009-10-17 07:00:00,6434.8755,7354.261,9591.755,6827.281,8164.173
2009-10-17 08:00:00,6434.8755,7354.261,9591.755,6827.281,8164.173
2009-10-17 09:00:00,6434.8755,7354.261,9591.755,6827.281,8164.173
2009-10-17 10:00:00,6434.8755,7354.261,9591.755,6827.281,8164.173
2009-10-17 11:00:00,6434.8755,7354.261,9591.755,6827.281,8164.173
2009-10-17 12:00:00,6434.8755,7354.261,9591.755,6827.281,8164.173
2009-10-17 13:00:00,6434.8755,7354.261,9591.755,6827.281,8164.173
2009-10-17 14:00:00,6434.8755,7354.261,9591.755,6827.281,8164.173
2009-10-17 15:00:00,6434.8755,7354.261,9591.755,6827.281,8164.173
2009-10-17 16:00:00,6434.8755,7354.261,9591.755,6827.281,8164.173
2009-10-17 17:00:00,6434.8755,7354.261,9591.755,6827.281,8164.173
2009-10-17 18:00:00,6434.8755,7354.261,9591.755,6827.281,8164.173
2009-10-17 19:00:00,6434.8755,7354.261,9591.755,6827.281,8164.173
2009-10-17 20:00:00,6434.8755,7354.261,9591.755,6827.281,8164.173
2009-10-17 21:00:00,6434.8755,7354.261,9591.755,6827.281,8164.173
2009-10-17 22:00:00,6434.8755,7354.261,9591.755,6827.281,8164.173
2009-10-17 23:00:00,6434.8755,7354.261,9591.755,6827.281,8164.173
2009-10-18 00:00:00,6435.1826,7354.651,9591.912,6827.756,8164.551
2009-10-18 01:00:00,6435.5522,7354.9487,9592.171,6828.139,8164.8154
2009-10-18 02:00:00,6435.9214,7354.9565,9592.171,6828.2676,8165.066
2009-10-18 03:00:00,6435.9214,7355.323,9592.171,6828.424,8165.532
2009-10-18 04:00:00,6434.8755,7354.261,9591.755,6827.281,8164.173
2009-10-18 05:00:00,6434.8755,7354.261,9591.755,6827.281,8164.173
2009-10-18 06:00:00,6434.8755,7354.261,9591.755,6827.281,8164.173
2009-10-18 07:00:00,6434.8755,7354.261,9591.755,6827.281,8164.173
2009-10-18 08:00:00,6434.8755,7354.261,9591.755,6827.281,8164.173
2009-10-18 09:00:00,6434.8755,7354.261,9591.755,6827.281,8164.173
2009-10-18 10:00:00,6434.8755,7354.261,9591.755,6827.281,8164.173
2009-10-18 11:00:00,6434.8755,7354.261,9591.755,6827.281,8164.173
2009-10-18 12:00:00,6434.8755,7354.261,9591.755,6827.281,8164.173
2009-10-18 13:00:00,6434.8755,7354.261,9591.755,6827.281,8164.173
2009-10-18 14:00:00,6434.8755,7354.261,9591.755,6827.281,8164.173
2009-10-18 15:00:00,6434.8755,7354.261,9591.755,6827.281,8164.173
2009-10-18 16:00:00,6434.8755,7354.261,9591.755,6827.281,8164.173
2009-10-18 17:00:00,6434.8755,7354.261,9591.755,6827.281,8164.173
2009-10-18 18:00:00,6434.8755,7354.261,9591.755,6827.281,8164.173
2009-10-18 19:00:00,6434.8755,7354.261,9591.755,6827.281,8164.173
2009-10-18 20:00:00,6434.8755,7354.261,9591.755,6827.281,8164.173
2009-10-18 21:00:00,6434.8755,7354.261,9591.755,6827.281,8164.173
2009-10-18 22:00:00,6434.8755,7354.261,9591.755,6827.281,8164.173
2009-10-18 23:00:00,6434.8755,7354.28,9591.842,6827.281,8164.271
2009-10-19 00:00:00,6435.9214,7355.6157,9592.702,6828.424,8165.824
2009-10-19 01:00:00,6435.9214,7355.7754,9593.032,6828.424,8165.824
2009-10-19 02:00:00,6435.9214,7355.7754,9593.032,6828.424,8166.308
2009-10-19 03:00:00,6435.9214,7355.7754,9593.18,6828.424,8167.1787
2009-10-19 04:00:00,6435.9214,7355.844,9593.332,6828.424,8168.361
2009-10-19 05:00:00,6435.9214,7356.0493,9593.332,6828.6196,8168.361
2009-10-19 06:00:00,6435.9214,7356.0493,9593.332,6828.6196,8168.361
2009-10-19 07:00:00,6435.9214,7356.0493,9593.332,6828.6196,8168.361
2009-10-19 08:00:00,6435.9214,7356.0493,9593.332,6828.6196,8168.361
2009-10-19 09:00:00,6435.9214,7356.0493,9593.332,6828.6196,8168.361
2009-10-19 10:00:00,6435.9214,7356.0493,9593.332,6828.6196,8168.361
2009-10-19 11:00:00,6435.9214,7356.0493,9593.332,6828.6196,8168.361
2009-10-19 12:00:00,6435.9214,7356.0493,9593.332,6828.6196,8168.361
2009-10-19 13:00:00,6435.9214,7356.0493,9593.332,6828.6196,8168.361
2009-10-19 14:00:00,6435.9214,7356.0493,9593.332,6828.6196,8168.361
2009-10-19 15:00:00,6435.9214,7356.0493,9593.332,6828.6196,8168.361
2009-10-19 16:00:00,6435.9214,7356.0493,9593.332,6828.6196,8168.361
2009-10-19 17:00:00,6435.9214,7356.0493,9593.332,6828.6196,8168.361
2009-10-19 18:00:00,6435.9214,7356.0493,9593.332,6828.6196,8168.361
2009-10-19 19:00:00,6435.9214,7356.0493,9593.332,6828.6196,8168.361
2009-10-19 20:00:00,6435.9214,7356.0493,9593.332,6828.6196,8168.361
2009-10-19 21:00:00,6435.9214,7356.0493,9593.332,6828.6196,8168.361
2009-10-19 22:00:00,6435.9214,7356.0493,9593.332,6828.6196,8168.361
2009-10-19 23:00:00,6435.9214,7356.0493,9593.332,6828.6196,8168.361
2009-10-20 00:00:00,6435.9214,7356.0493,9593.332,6828.6196,8168.361
2009-10-20 01:00:00,6435.9214,7356.0493,9593.332,6828.6196,8168.361
2009-10-20 02:00:00,6435.9214,7356.0493,9593.332,6828.6196,8168.361
2009-10-20 03:00:00,6435.9214,7356.0493,9593.332,6828.6196,8168.361
2009-10-20 04:00:00,6435.9214,7356.0493,9593.332,6828.6196,8168.361
2009-10-20 05:00:00,6435.9214,7356.0493,9593.332,6828.6196,8168.361
2009-10-20 06:00:00,6435.9214,7356.0493,9593.332,6828.6196,8168.361
2009-10-20 07:00:00,6435.9214,7356.0493,9593.332,6828.6196,8168.361
2009-10-20 08:00:00,6435.9214,7356.0493,9593.332,6828.6196,8168.361
2009-10-20 09:00:00,6435.9214,7356.0493,9593.332,6828.6196,8168.361
2009-10-20 10:00:00,6435.9214,7356.0493,9593.332,6828.6196,8168.361
2009-10-20 11:00:00,6435.9214,7356.0493,9593.332,6828.6196,8168.361
2009-10-20 12:00:00,6435.9214,7356.0493,9593.332,6828.6196,8168.361
2009-10-20 13:00:00,6435.9214,7356.0493,9593.332,6828.6196,8168.361
2009-10-20 14:00:00,6435.9214,7356.0493,9593.332,6828.6196,8168.361
2009-10-20 15:00:00,6435.9214,7356.0493,9593.332,6828.6196,8168.361
2009-10-20 16:00:00,6435.9214,7356.0493,9593.332,6828.6196,8168.416
2009-10-20 17:00:00,6435.9214,7356.0493,9593.332,6828.6196,8168.473
2009-10-20 18:00:00,6435.9214,7356.0493,9593.332,6828.6196,8168.473
2009-10-20 19:00:00,6435.9214,7356.0493,9593.332,6828.6196,8168.473
2009-10-20 20:00:00,6435.9214,7356.0493,9593.332,6828.6196,8168.473
2009-10-20 21:00:00,6435.9214,7356.0493,9593.332,6828.6196,8168.473
2009-10-20 22:00:00,6435.9214,7356.0493,9593.332,6828.6196,8168.473
2009-10-20 23:00:00,6435.9214,7356.0493,9593.332,6828.6196,8168.473
2009-10-21 00:00:00,6435.9214,7356.0493,9593.332,6828.6196,8168.473
2009-10-21 01:00:00,6435.9214,7356.0493,9593.332,6828.6196,8168.473
2009-10-21 02:00:00,6435.9214,7356.0493,9593.332,6828.6196,8168.473
2009-10-21 03:00:00,6435.9214,7356.0493,9593.332,6828.6196,8168.473
2009-10-21 04:00:00,6435.9214,7356.0493,9593.332,6828.6196,8168.473
2009-10-21 05:00:00,6435.9214,7356.0493,9593.332,6828.6196,8168.473
2009-10-21 06:00:00,6435.9214,7356.0493,9593.332,6828.6196,8168.473
2009-10-21 07:00:00,6435.9214,7356.0493,9593.332,6828.6196,8168.473
2009-10-21 08:00:00,6435.9214,7356.0493,9593.332,6828.6196,8168.473
2009-10-21 09:00:00,6435.9214,7356.0493,9593.332,6828.6196,8168.473
2009-10-21 10:00:00,6435.9214,7356.0493,9593.332,6828.6196,8168.473
2009-10-21 11:00:00,6435.9214,7356.0493,9593.332,6828.6196,8168.473
2009-10-21 12:00:00,6435.9214,7356.0493,9593.332,6828.6196,8168.473
2009-10-21 13:00:00,6435.9214,7356.0493,9593.332,6828.6196,8168.473
2009-10-21 14:00:00,6435.9214,7356.0493,9593.332,6828.6196,8168.473
2009-10-21 15:00:00,6435.9214,7356.0493,9593.332,6828.6196,8168.473
2009-10-21 16:00:00,6435.9214,7356.0493,9593.332,6828.6196,8168.473
2009-10-21 17:00:00,6435.9214,7356.0493,9593.332,6828.6196,8168.473
2009-10-21 18:00:00,6435.9214,7356.0493,9593.332,6828.6196,8168.473
2009-10-21 19:00:00,6435.9214,7356.0493,9593.332,6828.6196,8168.473
2009-10-21 20:00:00,6435.9214,7356.0493,9593.332,6828.6196,8168.473
2009-10-21 21:00:00,6435.9214,7356.0493,9593.332,6828.6196,8168.473
2009-10-21 22:00:00,6435.9214,7356.0493,9593.332,6828.6196,8168.473
2009-10-21 23:00:00,6435.9214,7356.0493,9593.332,6828.6196,8168.473
2009-10-22 00:00:00,6435.9214,7356.0493,9593.332,6828.6196,8168.473
2009-10-22 01:00:00,6435.9214,7356.0493,9593.332,6828.6196,8168.473
2009-10-22 02:00:00,6435.9214,7356.0493,9593.332,6828.6196,8168.473
2009-10-22 03:00:00,6435.9214,7356.0493,9593.332,6828.6196,8168.473
2009-10-22 04:00:00,6435.9214,7356.0493,9593.332,6828.6196,8168.473
2009-10-22 05:00:00,6435.9214,7356.0493,9593.332,6828.6196,8168.473
2009-10-22 06:00:00,6435.9214,7356.0493,9593.332,6828.6196,8168.473
2009-10-22 07:00:00,6435.9214,7356.0493,9593.332,6828.6196,8168.473
2009-10-22 08:00:00,6435.9214,7356.0493,9593.332,6828.6196,8168.473
2009-10-22 09:00:00,6435.9214,7356.0493,9593.332,6828.6196,8168.473
2009-10-22 10:00:00,6435.9214,7356.0493,9593.332,6828.6196,8168.473
2009-10-22 11:00:00,6435.9214,7356.0493,9593.332,6828.6196,8168.473
2009-10-22 12:00:00,6435.9214,7356.0493,9593.332,6828.6196,8168.473
2009-10-22 13:00:00,6435.9214,7356.0493,9593.332,6828.6196,8168.473
2009-10-22 14:00:00,6435.9214,7356.0493,9593.332,6828.6196,8168.473
2009-10-22 15:00:00,6435.9214,7356.0493,9593.332,6828.6196,8168.473
2009-10-22 16:00:00,6435.9214,7356.0493,9593.332,6828.6196,8168.473
2009-10-22 17:00:00,6435.9214,7356.0493,9593.332,6828.6196,8168.473
2009-10-22 18:00:00,6435.9214,7356.0493,9593.332,6828.6196,8168.473
2009-10-22 19:00:00,6435.9214,7356.0493,9593.332,6828.6196,8168.473
2009-10-22 20:00:00,6435.9214,7356.0493,9593.332,6828.6196,8168.473
2009-10-22 21:00:00,6435.9214,7356.0493,9593.332,6828.6196,8168.473
2009-10-22 22:00:00,6435.9214,7356.0493,9593.332,6828.6196,8168.473
2009-10-22 23:00:00,6435.9214,7356.0493,9593.332,6828.6196,8168.473
2009-10-23 00:00:00,6435.9214,7356.0493,9593.332,6828.6196,8168.473
2009-10-23 01:00:00,6435.9214,7356.0493,9593.332,6828.6196,8168.473
2009-10-23 02:00:00,6435.9214,7356.0493,9593.332,6828.6196,8168.473
2009-10-23 03:00:00,6435.9214,7356.0493,9593.332,6828.6196,8168.473
2009-10-23 04:00:00,6435.9214,7356.0493,9593.332,6828.6196,8168.473
2009-10-23 05:00:00,6435.9214,7356.0493,9593.332,6828.6196,8168.473
2009-10-23 06:00:00,6435.9214,7356.0493,9593.332,6828.6196,8168.473
2009-10-23 07:00:00,6435.9214,7356.0493,9593.332,6828.6196,8168.473
2009-10-23 08:00:00,6435.9214,7356.0493,9593.332,6828.6196,8168.473
2009-10-23 09:00:00,6435.9214,7356.0493,9593.332,6828.6196,8168.473
2009-10-23 10:00:00,6435.9214,7356.0493,9593.332,6828.6196,8168.473
2009-10-23 11:00:00,6435.9214,7356.0493,9593.332,6828.6196,8168.473
2009-10-23 12:00:00,6435.9214,7356.0493,9593.332,6828.6196,8168.473
2009-10-23 13:00:00,6435.9214,7356.0493,9593.332,6828.6196,8168.473
2009-10-23 14:00:00,6435.9214,7356.0493,9593.332,6828.6196,8168.473
2009-10-23 15:00:00,6435.9214,7356.0493,9593.332,6828.6196,8168.473
2009-10-23 16:00:00,6435.9214,7356.0493,9593.332,6828.6196,8168.473
2009-10-23 17:00:00,6435.9214,7356.0493,9593.332,6828.6196,8168.473
2009-10-23 18:00:00,6435.9214,7356.0493,9593.332,6828.6196,8168.473
2009-10-23 19:00:00,6435.9214,7356.0493,9593.332,6828.6196,8168.473
2009-10-23 20:00:00,6435.9214,7356.0493,9593.332,6828.6196,8168.473
2009-10-23 21:00:00,6435.9214,7356.0493,9593.332,6828.6196,8168.473
2009-10-23 22:00:00,6435.9214,7356.301,9593.332,6828.721,8168.473
2009-10-23 23:00:00,6435.9214,7356.63,9593.332,6829.2437,8168.473
2009-10-24 00:00:00,6435.9214,7356.942,9593.332,6829.6846,8168.473
2009-10-24 01:00:00,6435.9214,7357.253,9593.332,6829.9956,8168.473
2009-10-24 02:00:00,6435.9214,7357.5195,9593.332,6830.166,8168.473
2009-10-24 03:00:00,6435.9214,7357.5195,9593.332,6830.2207,8168.473
2009-10-24 04:00:00,6435.9214,7357.5195,9593.332,6830.2207,8168.473
2009-10-24 05:00:00,6435.9214,7357.5195,9593.332,6830.2207,8168.473
2009-10-24 06:00:00,6435.9214,7357.5195,9593.332,6830.2207,8168.473
2009-10-24 07:00:00,6435.9214,7357.5195,9593.332,6830.2207,8168.473
2009-10-24 08:00:00,6435.9214,7357.5195,9593.332,6830.2207,8168.473
2009-10-24 09:00:00,6435.9214,7357.5195,9593.332,6830.2207,8168.473
2009-10-24 10:00:00,6435.9214,7357.5195,9593.332,6830.2207,8168.473
2009-10-24 11:00:00,6435.9214,7357.5195,9593.332,6830.2207,8168.473
2009-10-24 12:00:00,6435.9214,7357.5195,9593.332,6830.2207,8168.473
2009-10-24 13:00:00,6435.9214,7357.5195,9593.332,6830.2207,8168.473
2009-10-24 14:00:00,6435.9214,7357.5195,9593.332,6830.2207,8168.473
2009-10-24 15:00:00,6435.9214,7357.5195,9593.332,6830.2207,8168.473
2009-10-24 16:00:00,6435.9214,7357.5195,9593.332,6830.2207,8168.473
2009-10-24 17:00:00,6435.9214,7357.5195,9593.332,6830.2207,8168.473
2009-10-24 18:00:00,6435.9214,7357.5195,9593.332,6830.2207,8168.473
2009-10-24 19:00:00,6435.9214,7357.5195,9593.332,6830.2207,8168.473
2009-10-24 20:00:00,6435.9214,7357.5195,9593.332,6830.2207,8168.473
2009-10-24 21:00:00,6435.9214,7357.5195,9593.332,6830.2207,8168.473
2009-10-24 22:00:00,6435.9214,7357.5195,9593.332,6830.2207,8168.473
2009-10-24 23:00:00,6435.9214,7357.5195,9593.332,6830.2207,8168.473
2009-10-25 00:00:00,6435.9214,7357.5195,9593.332,6830.2207,8168.473
2009-10-25 01:00:00,6435.9214,7357.5195,9593.332,6830.2207,8168.473
2009-10-25 02:00:00,6435.9214,7357.5195,9593.332,6830.2207,8168.473
2009-10-25 03:00:00,6435.9214,7357.5195,9593.332,6830.2207,8168.473
2009-10-25 04:00:00,6435.9214,7357.5195,9593.332,6830.2207,8168.473
2009-10-25 05:00:00,6435.9214,7357.5195,9593.332,6830.2207,8168.473
2009-10-25 06:00:00,6435.9214,7357.5195,9593.332,6830.2207,8168.473
2009-10-25 07:00:00,6435.9214,7357.5195,9593.332,6830.2207,8168.473
2009-10-25 08:00:00,6435.9214,7357.5195,9593.332,6830.2207,8168.473
2009-10-25 09:00:00,6435.9214,7357.5195,9593.332,6830.2207,8168.473
2009-10-25 10:00:00,6435.9214,7357.5195,9593.332,6830.2207,8168.473
2009-10-25 11:00:00,6435.9214,7357.5195,9593.332,6830.2207,8168.473
2009-10-25 12:00:00,6435.9214,7357.5195,9593.332,6830.2207,8168.473
2009-10-25 13:00:00,6435.9214,7357.5195,9593.332,6830.2207,8168.473
2009-10-25 14:00:00,6435.9214,7357.5195,9593.332,6830.2207,8168.473
2009-10-25 15:00:00,6435.9214,7357.5195,9593.332,6830.2207,8168.473
2009-10-25 16:00:00,6435.9214,7357.5195,9593.332,6830.2207,8168.473
2009-10-25 17:00:00,6435.9214,7357.5195,9593.332,6830.2207,8168.473
2009-10-25 18:00:00,6435.9214,7357.5195,9593.332,6830.2207,8168.473
2009-10-25 19:00:00,6435.9214,7357.5195,9593.332,6830.2207,8168.473
2009-10-25 20:00:00,6435.9214,7357.5195,9593.332,6830.2207,8168.473
2009-10-25 21:00:00,6435.9214,7357.5195,9593.332,6830.2207,8168.473
2009-10-25 22:00:00,6435.9214,7357.5195,9593.332,6830.2207,8168.473
2009-10-25 23:00:00,6435.9214,7357.5195,9593.332,6830.2207,8168.473
2009-10-26 00:00:00,6435.9214,7357.5195,9593.332,6830.2207,8168.473
2009-10-26 01:00:00,6435.9214,7357.5195,9593.332,6830.2207,8168.473
2009-10-26 02:00:00,6435.9214,7357.5195,9593.332,6830.2207,8168.473
2009-10-26 03:00:00,6435.9214,7357.5195,9593.332,6830.2207,8168.473
2009-10-26 04:00:00,6435.9214,7357.5195,9593.332,6830.2207,8168.473
2009-10-26 05:00:00,6435.9214,7357.5195,9593.332,6830.2207,8168.473
2009-10-26 06:00:00,6435.9214,7357.5195,9593.332,6830.2207,8168.473
2009-10-26 07:00:00,6435.9214,7357.5195,9593.332,6830.2207,8168.473
2009-10-26 08:00:00,6435.9214,7357.5195,9593.332,6830.2207,8168.473
2009-10-26 09:00:00,6435.9214,7357.5195,9593.332,6830.2207,8168.473
2009-10-26 10:00:00,6435.9214,7357.5195,9593.332,6830.2207,8168.473
2009-10-26 11:00:00,6435.9214,7357.5195,9593.332,6830.2207,8168.473
2009-10-26 12:00:00,6435.9214,7357.5195,9593.332,6830.2207,8168.473
2009-10-26 13:00:00,6435.9214,7357.5195,9593.332,6830.2207,8168.473
2009-10-26 14:00:00,6435.9214,7357.5195,9593.332,6830.2207,8168.473
2009-10-26 15:00:00,6435.9214,7357.5195,9593.332,6830.2207,8168.473
2009-10-26 16:00:00,6435.9214,7357.5195,9593.332,6830.2207,8168.473
2009-10-26 17:00:00,6435.9214,7357.5195,9593.332,6830.2207,8168.473
2009-10-26 18:00:00,6435.9214,7357.5195,9593.332,6830.2207,8168.473
2009-10-26 19:00:00,6435.9214,7357.5195,9593.332,6830.2207,8168.473
2009-10-26 20:00:00,6435.9214,7357.5195,9593.332,6830.2207,8168.473
2009-10-26 21:00:00,6435.9214,7357.5195,9593.47,6830.2207,8168.659
2009-10-26 22:00:00,6435.9214,7357.5195,9593.479,6830.2207,8168.7314
2009-10-26 23:00:00,6435.9214,7357.5195,9593.723,6830.2207,8168.9194
2009-10-27 00:00:00,6435.9214,7357.5195,9593.998,6830.2207,8169.3745
2009-10-27 01:00:00,6435.9214,7357.5366,9593.998,6830.2207,8169.9443
2009-10-27 02:00:00,6435.9214,7357.5864,9593.998,6830.2207,8170.153
2009-10-27 03:00:00,6435.9214,7357.5864,9594.205,6830.2207,8170.2217
2009-10-27 04:00:00,6435.9214,7357.5864,9594.205,6830.2207,8170.2217
2009-10-27 05:00:00,6435.9214,7357.5864,9594.205,6830.2207,8170.2725
2009-10-27 06:00:00,6435.9214,7357.5864,9594.205,6830.2207,8170.2725
2009-10-27 07:00:00,6435.9214,7357.5864,9594.377,6830.2207,8170.3687
2009-10-27 08:00:00,6435.9214,7357.5864,9594.81,6830.2207,8170.3687
2009-10-27 09:00:00,6435.9214,7357.5864,9594.81,6830.2207,8170.3687
2009-10-27 10:00:00,6435.9214,7357.5864,9594.81,6830.2207,8170.3687
2009-10-27 11:00:00,6435.9214,7357.5864,9594.81,6830.2207,8170.3687
2009-10-27 12:00:00,6435.9214,7357.5864,9594.81,6830.2207,8170.3687
2009-10-27 13:00:00,6435.9214,7357.5864,9594.81,6830.2207,8170.3687
2009-10-27 14:00:00,6435.9214,7357.5864,9594.81,6830.2207,8170.3687
2009-10-27 15:00:00,6435.9214,7357.5864,9594.81,6830.2207,8170.3687
2009-10-27 16:00:00,6435.9214,7357.5864,9594.81,6830.2207,8170.3687
2009-10-27 17:00:00,6435.9214,7357.5864,9594.81,6830.2207,8170.3687
2009-10-27 18:00:00,6435.9214,7357.5864,9594.81,6830.2207,8170.3687
2009-10-27 19:00:00,6435.9214,7357.5864,9594.81,6830.2207,8170.3687
2009-10-27 20:00:00,6435.9214,7357.5864,9594.81,6830.2207,8170.3687
2009-10-27 21:00:00,6435.9214,7357.5864,9594.81,6830.2207,8170.3687
2009-10-27 22:00:00,6435.9214,7357.5864,9594.81,6830.2207,8170.3687
2009-10-27 23:00:00,6435.9214,7357.5864,9594.81,6830.2207,8170.3687
2009-10-28 00:00:00,6435.9214,7357.5864,9594.81,6830.2207,8170.3687
2009-10-28 01:00:00,6435.9214,7357.5864,9594.81,6830.2207,8170.3687
2009-10-28 02:00:00,6435.9214,7357.5864,9594.81,6830.2207,8170.3687
2009-10-28 03:00:00,6435.9214,7357.5864,9594.81,6830.2207,8170.3687
2009-10-28 04:00:00,6435.9214,7357.5864,9594.81,6830.2207,8170.3687
2009-10-28 05:00:00,6435.9214,7357.5864,9594.81,6830.2207,8170.3687
2009-10-28 06:00:00,6435.9214,7357.5864,9594.81,6830.2207,8170.3687
2009-10-28 07:00:00,6435.9214,7357.5864,9594.81,6830.2207,8170.3687
2009-10-28 08:00:00,6435.9214,7357.5864,9594.81,6830.2207,8170.3687
2009-10-28 09:00:00,6435.9214,7357.5864,9594.81,6830.2207,8170.3687
2009-10-28 10:00:00,6435.9214,7357.5864,9594.81,6830.2207,8170.3687
2009-10-28 11:00:00,6435.9214,7357.5864,9594.81,6830.2207,8170.3687
2009-10-28 12:00:00,6435.9214,7357.5864,9594.81,6830.2207,8170.3687
2009-10-28 13:00:00,6435.9214,7357.5864,9594.81,6830.2207,8170.3687
2009-10-28 14:00:00,6435.9214,7357.5864,9594.81,6830.2207,8170.3687
2009-10-28 15:00:00,6435.9214,7357.5864,9594.81,6830.2207,8170.3687
2009-10-28 16:00:00,6435.9214,7357.5864,9594.81,6830.2207,8170.3687
2009-10-28 17:00:00,6435.9214,7357.5864,9594.81,6830.2207,8170.3687
2009-10-28 18:00:00,6435.9214,7357.5864,9594.81,6830.2207,8170.3687
2009-10-28 19:00:00,6435.9214,7357.5864,9594.81,6830.2207,8170.3687
2009-10-28 20:00:00,6435.9214,7357.5864,9594.81,6830.2207,8170.3687
2009-10-28 21:00:00,6435.9214,7357.5864,9594.81,6830.2207,8170.3687
2009-10-28 22:00:00,6435.9214,7357.5864,9594.81,6830.2207,8170.3687
2009-10-28 23:00:00,6435.9214,7357.5864,9594.81,6830.2207,8170.3687
2009-10-29 00:00:00,6435.9214,7357.5864,9594.81,6830.2207,8170.3687
2009-10-29 01:00:00,6435.9214,7357.5864,9594.81,6830.2207,8170.3687
2009-10-29 02:00:00,6435.9214,7357.5864,9594.81,6830.2207,8170.3687
2009-10-29 03:00:00,6435.9214,7357.5864,9594.81,6830.2207,8170.3687
2009-10-29 04:00:00,6435.9214,7357.5864,9594.81,6830.2207,8170.3687
2009-10-29 05:00:00,6435.9214,7357.5864,9594.81,6830.2207,8170.3687
2009-10-29 06:00:00,6435.9214,7357.5864,9594.81,6830.2207,8170.3687
2009-10-29 07:00:00,6435.9214,7357.5864,9594.81,6830.2207,8170.3687
2009-10-29 08:00:00,6435.9214,7357.5864,9594.81,6830.2207,8170.3687
2009-10-29 09:00:00,6435.9214,7357.5864,9594.81,6830.2207,8170.3687
2009-10-29 10:00:00,6435.9214,7357.5864,9594.81,6830.2207,8170.3687
2009-10-29 11:00:00,6435.9214,7357.5864,9594.81,6830.2207,8170.3687
2009-10-29 12:00:00,6435.9214,7357.5864,9594.81,6830.2207,8170.3687
2009-10-29 13:00:00,6435.9214,7357.5864,9594.81,6830.2207,8170.3687
2009-10-29 14:00:00,6435.9214,7357.5864,9594.81,6830.2207,8170.3687
2009-10-29 15:00:00,6435.9214,7357.5864,9594.81,6830.2207,8170.3687
2009-10-29 16:00:00,6435.9214,7357.5864,9594.81,6830.2207,8170.3687
2009-10-29 17:00:00,6435.9214,7357.5864,9594.81,6830.2207,8170.3687
2009-10-29 18:00:00,6435.9214,7357.5864,9594.81,6830.2207,8170.3687
2009-10-29 19:00:00,6435.9214,7357.5864,9594.81,6830.2207,8170.3687
2009-10-29 20:00:00,6435.9214,7357.5864,9594.81,6830.2207,8170.3687
2009-10-29 21:00:00,6435.9214,7357.5864,9594.81,6830.2207,8170.3687
2009-10-29 22:00:00,6435.9214,7357.5864,9594.81,6830.2207,8170.7593
2009-10-29 23:00:00,6435.9214,7357.5864,9594.81,6830.2207,8170.7715
2009-10-30 00:00:00,6435.9214,7357.5864,9594.81,6830.2207,8170.9775
2009-10-30 01:00:00,6435.9214,7357.659,9594.81,6830.2207,8171.007
2009-10-30 02:00:00,6435.9214,7357.6816,9594.81,6830.2207,8171.148
2009-10-30 03:00:00,6435.9214,7357.6816,9594.81,6830.2207,8171.148
2009-10-30 04:00:00,6435.9214,7357.6816,9594.81,6830.2207,8171.148
2009-10-30 05:00:00,6435.9214,7357.6816,9594.81,6830.2207,8171.148
2009-10-30 06:00:00,6435.9214,7357.6816,9594.81,6830.2207,8171.148
2009-10-30 07:00:00,6435.9214,7357.6816,9594.81,6830.2207,8171.148
2009-10-30 08:00:00,6435.9214,7357.6816,9594.81,6830.2207,8171.148
2009-10-30 09:00:00,6435.9214,7357.6816,9594.81,6830.2207,8171.148
2009-10-30 10:00:00,6435.9214,7357.6816,9594.81,6830.2207,8171.148
2009-10-30 11:00:00,6435.9214,7357.6816,9594.81,6830.2207,8171.148
2009-10-30 12:00:00,6435.9214,7357.6816,9594.81,6830.2207,8171.148
2009-10-30 13:00:00,6435.9214,7357.6816,9594.81,6830.2207,8171.148
2009-10-30 14:00:00,6435.9214,7357.6816,9594.81,6830.2207,8171.148
2009-10-30 15:00:00,6435.9214,7357.6816,9594.81,6830.2207,8171.148
2009-10-30 16:00:00,6435.9214,7357.6816,9594.81,6830.2207,8171.148
2009-10-30 17:00:00,6435.9214,7357.6816,9594.81,6830.2207,8171.148
2009-10-30 18:00:00,6435.9214,7357.6816,9594.81,6830.2207,8171.148
2009-10-30 19:00:00,6435.9214,7357.6816,9594.81,6830.2207,8171.148
2009-10-30 20:00:00,6435.9214,7357.6816,9594.81,6830.2207,8171.148
2009-10-30 21:00:00,6435.9214,7357.6816,9594.81,6830.2207,8171.148
2009-10-30 22:00:00,6435.9214,7357.6816,9594.81,6830.2207,8171.148
2009-10-30 23:00:00,6435.9214,7357.6816,9594.81,6830.2207,8171.148
2009-10-31 00:00:00,6435.9214,7357.6816,9594.81,6830.2207,8171.148
2009-10-31 01:00:00,6435.9214,7357.6816,9594.81,6830.2207,8171.148
2009-10-31 02:00:00,6435.9214,7357.6816,9594.81,6830.2207,8171.148
2009-10-31 03:00:00,6435.9214,7357.6816,9594.81,6830.2207,8171.148
2009-10-31 04:00:00,6435.9214,7357.6816,9594.81,6830.2207,8171.148
2009-10-31 05:00:00,6435.9214,7357.6816,9594.81,6830.2207,8171.148
2009-10-31 06:00:00,6435.9214,7357.6816,9594.81,6830.2207,8171.148
2009-10-31 07:00:00,6435.9214,7357.6816,9594.81,6830.2207,8171.148
2009-10-31 08:00:00,6435.9214,7357.6816,9594.81,6830.2207,8171.148
2009-10-31 09:00:00,6435.9214,7357.6816,9594.81,6830.2207,8171.148
2009-10-31 10:00:00,6435.9214,7357.6816,9594.81,6830.2207,8171.148
2009-10-31 11:00:00,6435.9214,7357.6816,9594.81,6830.2207,8171.148
2009-10-31 12:00:00,6435.9214,7357.6816,9594.81,6830.2207,8171.148
2009-10-31 13:00:00,6435.9214,7357.6816,9594.81,6830.2207,8171.148
2009-10-31 14:00:00,6435.9214,7357.6816,9594.81,6830.2207,8171.148
2009-10-31 15:00:00,6435.9214,7357.6816,9594.81,6830.2207,8171.148
2009-10-31 16:00:00,6435.9214,7357.6816,9594.81,6830.2207,8171.148
2009-10-31 17:00:00,6435.9214,7357.6816,9594.81,6830.2207,8171.148
2009-10-31 18:00:00,6435.9214,7357.6816,9594.81,6830.2207,8171.148
2009-10-31 19:00:00,6435.9214,7357.837,9594.81,6830.2207,8171.368
2009-10-31 20:00:00,6435.9214,7358.2944,9594.81,6830.2207,8171.79
2009-10-31 21:00:00,6435.9214,7358.7114,9595.262,6830.572,8171.971
2009-10-31 22:00:00,6436.0,7359.097,9596.033,6831.57,8172.6177
2009-10-31 23:00:00,6436.598,7359.4644,9597.603,6832.6113,8173.436
2009-11-01 00:00:00,6438.9067,7361.6865,9599.08,6836.194,8174.526
2009-11-01 01:00:00,6438.9287,7361.726,9599.339,6836.377,8175.0957
2009-11-01 02:00:00,6439.1357,7362.743,9599.339,6837.262,8175.4243
2009-11-01 03:00:00,6439.1396,7363.2607,9599.339,6838.2153,8176.0054
2009-11-01 04:00:00,6437.5635,7360.262,9598.995,6834.3667,8173.436
2009-11-01 05:00:00,6438.7407,7360.2983,9598.995,6835.162,8173.436
2009-11-01 06:00:00,6438.8267,7360.2983,9599.08,6835.216,8173.436
2009-11-01 07:00:00,6438.8267,7360.2983,9599.08,6835.216,8173.436
2009-11-01 08:00:00,6438.8267,7360.2983,9599.08,6835.216,8173.436
2009-11-01 09:00:00,6438.8267,7360.4336,9599.08,6835.216,8173.436
2009-11-01 10:00:00,6438.8267,7360.7495,9599.08,6835.216,8173.436
2009-11-01 11:00:00,6438.8267,7360.7495,9599.08,6835.3027,8173.436
2009-11-01 12:00:00,6438.8267,7360.856,9599.08,6835.3027,8173.436
2009-11-01 13:00:00,6438.8267,7360.856,9599.08,6835.3027,8173.7036
2009-11-01 14:00:00,6438.8267,7360.856,9599.08,6835.3027,8173.7036
2009-11-01 15:00:00,6438.8267,7360.856,9599.08,6835.3027,8173.7036
2009-11-01 16:00:00,6438.8267,7360.856,9599.08,6835.3027,8173.7036
2009-11-01 17:00:00,6438.8267,7360.856,9599.08,6835.3027,8173.7036
2009-11-01 18:00:00,6438.8267,7360.856,9599.08,6835.3027,8173.7036
2009-11-01 19:00:00,6438.8267,7360.856,9599.08,6835.3027,8173.7036
2009-11-01 20:00:00,6438.8267,7360.856,9599.08,6835.3027,8173.7036
2009-11-01 21:00:00,6438.8267,7360.856,9599.08,6835.3027,8173.7036
2009-11-01 22:00:00,6438.8267,7360.856,9599.08,6835.3027,8173.7036
2009-11-01 23:00:00,6438.8267,7360.893,9599.08,6835.3027,8173.7036
2009-11-02 00:00:00,6439.1685,7363.2905,9599.826,6839.016,8176.1694
2009-11-02 01:00:00,6439.9146,7363.7617,9601.996,6841.718,8176.8203
2009-11-02 02:00:00,6440.8706,7366.0796,9608.444,6845.3066,8178.689
2009-11-02 03:00:00,6443.572,7367.633,9615.215,6847.387,8180.906
2009-11-02 04:00:00,6446.328,7367.675,9618.801,6847.8447,8181.1597
2009-11-02 05:00:00,6446.836,7367.675,9618.9375,6847.8447,8181.1597
2009-11-02 06:00:00,6446.836,7367.675,9618.9375,6847.8447,8181.1597
2009-11-02 07:00:00,6446.836,7367.675,9618.9375,6847.8447,8181.1597
2009-11-02 08:00:00,6446.836,7367.675,9618.9375,6847.8447,8181.1597
2009-11-02 09:00:00,6446.836,7367.675,9618.9375,6847.8447,8181.1597
2009-11-02 10:00:00,6446.836,7367.675,9618.9375,6847.8447,8181.1597
2009-11-02 11:00:00,6446.836,7367.675,9618.9375,6847.8447,8181.1597
2009-11-02 12:00:00,6446.836,7367.675,9618.9375,6847.8447,8181.1597
2009-11-02 13:00:00,6446.836,7367.675,9618.9375,6847.8447,8181.1597
2009-11-02 14:00:00,6446.836,7367.675,9618.9375,6847.8447,8181.1597
2009-11-02 15:00:00,6446.836,7367.675,9618.9375,6847.8447,8181.1597
2009-11-02 16:00:00,6446.836,7367.675,9618.9375,6847.8447,8181.289
2009-11-02 17:00:00,6447.0317,7367.9893,9620.698,6848.6646,8182.8584
2009-11-02 18:00:00,6448.29,7368.144,9624.171,6850.4097,8184.1045
2009-11-02 19:00:00,6448.924,7368.144,9626.192,6851.663,8184.4263
2009-11-02 20:00:00,6449.6777,7368.382,9628.094,6852.0464,8185.1206
2009-11-02 21:00:00,6450.42,7368.783,9629.154,6852.896,8186.29
2009-11-02 22:00:00,6450.59,7368.798,9629.719,6853.1426,8186.7954
2009-11-02 23:00:00,6450.977,7368.84,9629.816,6853.406,8187.202
2009-11-03 00:00:00,6451.85,7368.84,9630.046,6853.7974,8187.718
2009-11-03 01:00:00,6452.7144,7369.2075,9630.393,6854.2295,8189.179
2009-11-03 02:00:00,6452.869,7369.8276,9630.393,6854.236,8190.128
2009-11-03 03:00:00,6453.1797,7370.5444,9630.393,6854.518,8191.215
2009-11-03 04:00:00,6453.8125,7371.364,9630.393,6854.7666,8192.093
2009-11-03 05:00:00,6454.1533,7372.005,9630.393,6854.7666,8192.53
2009-11-03 06:00:00,6454.1533,7372.005,9630.393,6854.7666,8192.604
2009-11-03 07:00:00,6454.1533,7372.005,9630.393,6854.7666,8192.604
2009-11-03 08:00:00,6454.1826,7372.467,9630.676,6854.9297,8192.604
2009-11-03 09:00:00,6454.1826,7372.467,9630.872,6854.9297,8192.604
2009-11-03 10:00:00,6454.193,7372.467,9630.872,6854.9297,8192.604
2009-11-03 11:00:00,6454.612,7372.479,9630.872,6855.0186,8192.638
2009-11-03 12:00:00,6454.669,7372.9644,9630.872,6855.398,8192.807
2009-11-03 13:00:00,6454.669,7373.097,9631.032,6855.4077,8192.807
2009-11-03 14:00:00,6454.669,7373.154,9631.032,6855.4077,8192.912
2009-11-03 15:00:00,6454.669,7373.675,9631.13,6855.4077,8193.857
2009-11-03 16:00:00,6454.669,7373.675,9631.13,6855.4077,8193.93
2009-11-03 17:00:00,6454.669,7373.675,9631.323,6855.4077,8193.93
2009-11-03 18:00:00,6454.669,7373.706,9631.649,6855.4077,8193.93
2009-11-03 19:00:00,6454.9297,7373.8677,9632.488,6855.4077,8193.93
2009-11-03 20:00:00,6455.0874,7373.8677,9633.328,6855.4077,8193.93
2009-11-03 21:00:00,6455.0874,7373.8677,9634.096,6855.4077,8193.93
2009-11-03 22:00:00,6455.0874,7373.8677,9634.096,6855.4077,8193.93
2009-11-03 23:00:00,6455.0874,7373.8677,9634.096,6855.4077,8193.93
2009-11-04 00:00:00,6455.0874,7373.8677,9634.096,6855.4077,8193.93
2009-11-04 01:00:00,6455.0874,7373.8677,9634.096,6855.4077,8193.93
2009-11-04 02:00:00,6455.0874,7373.8677,9634.096,6855.4077,8193.93
2009-11-04 03:00:00,6455.0874,7373.8677,9634.096,6855.4077,8193.93
2009-11-04 04:00:00,6455.0874,7373.8677,9634.096,6855.4077,8193.93
2009-11-04 05:00:00,6455.0874,7373.8677,9634.096,6855.4077,8193.93
2009-11-04 06:00:00,6455.0874,7373.8677,9634.096,6855.4077,8193.93
2009-11-04 07:00:00,6455.0874,7373.8677,9634.096,6855.4077,8193.93
2009-11-04 08:00:00,6455.0874,7373.8677,9634.096,6855.4077,8193.93
2009-11-04 09:00:00,6455.0874,7373.8677,9634.096,6855.4077,8193.93
2009-11-04 10:00:00,6455.0874,7373.8677,9634.096,6855.4077,8193.93
2009-11-04 11:00:00,6455.0874,7373.8677,9634.096,6855.4077,8193.93
2009-11-04 12:00:00,6455.0874,7373.8677,9634.096,6855.4077,8193.93
2009-11-04 13:00:00,6455.0874,7373.8677,9634.096,6855.4077,8193.93
2009-11-04 14:00:00,6455.0874,7373.8677,9634.096,6855.4077,8193.93
2009-11-04 15:00:00,6455.0874,7373.8677,9634.096,6855.4077,8193.93
2009-11-04 16:00:00,6455.0874,7373.8677,9634.096,6855.4077,8193.93
2009-11-04 17:00:00,6455.0874,7373.8677,9634.096,6855.4077,8193.93
2009-11-04 18:00:00,6455.0874,7373.8677,9634.096,6855.4077,8193.93
2009-11-04 19:00:00,6455.0874,7373.8677,9634.096,6855.4077,8193.93
2009-11-04 20:00:00,6455.0874,7373.8677,9634.096,6855.4077,8193.93
2009-11-04 21:00:00,6455.0874,7373.8677,9634.096,6855.4077,8193.93
2009-11-04 22:00:00,6455.0874,7373.8677,9634.096,6855.4077,8193.93
2009-11-04 23:00:00,6455.0874,7373.8677,9634.096,6855.4077,8193.93
2009-11-05 00:00:00,6455.0874,7373.8677,9634.096,6855.4077,8193.93
2009-11-05 01:00:00,6455.0874,7373.8677,9634.096,6855.4077,8193.93
2009-11-05 02:00:00,6455.0874,7373.8677,9634.096,6855.4077,8193.93
2009-11-05 03:00:00,6455.0874,7373.8677,9634.096,6855.4077,8193.93
2009-11-05 04:00:00,6455.0874,7373.8677,9634.096,6855.4077,8193.93
2009-11-05 05:00:00,6455.0874,7373.8677,9634.096,6855.4077,8193.93
2009-11-05 06:00:00,6455.0874,7373.8677,9634.096,6855.4077,8193.93
2009-11-05 07:00:00,6455.0874,7373.8677,9634.096,6855.4077,8193.93
2009-11-05 08:00:00,6455.0874,7373.8677,9634.096,6855.4077,8193.93
2009-11-05 09:00:00,6455.0874,7373.8677,9634.096,6855.4077,8193.93
2009-11-05 10:00:00,6455.0874,7373.8677,9634.096,6855.4077,8193.93
2009-11-05 11:00:00,6455.0874,7373.8677,9634.096,6855.4077,8193.93
2009-11-05 12:00:00,6455.0874,7373.8677,9634.096,6855.4077,8193.93
2009-11-05 13:00:00,6455.0874,7373.8677,9634.096,6855.4077,8193.93
2009-11-05 14:00:00,6455.0874,7373.8677,9634.096,6855.4077,8193.93
2009-11-05 15:00:00,6455.0874,7373.8677,9634.096,6855.4077,8193.93
2009-11-05 16:00:00,6455.0874,7373.8677,9634.096,6855.4077,8193.93
2009-11-05 17:00:00,6455.0874,7373.8677,9634.096,6855.4077,8193.93
2009-11-05 18:00:00,6455.0874,7373.8677,9634.096,6855.4077,8193.93
2009-11-05 19:00:00,6455.0874,7373.8677,9634.096,6855.4077,8193.93
2009-11-05 20:00:00,6455.0874,7373.8677,9634.096,6855.4077,8193.93
2009-11-05 21:00:00,6455.0874,7373.8677,9634.096,6855.4077,8193.93
2009-11-05 22:00:00,6455.0874,7373.8677,9634.096,6855.4077,8193.93
2009-11-05 23:00:00,6455.0874,7373.8677,9634.096,6855.4077,8193.93
2009-11-06 00:00:00,6455.0874,7373.8677,9634.096,6855.4077,8193.93
2009-11-06 01:00:00,6455.0874,7373.8677,9634.096,6855.4077,8193.93
2009-11-06 02:00:00,6455.0874,7373.8677,9634.096,6855.4077,8193.93
2009-11-06 03:00:00,6455.0874,7373.8677,9634.096,6855.4077,8193.93
2009-11-06 04:00:00,6455.0874,7373.8677,9634.096,6855.4077,8193.93
2009-11-06 05:00:00,6455.0874,7373.8677,9634.096,6855.4077,8193.93
2009-11-06 06:00:00,6455.0874,7373.8677,9634.096,6855.4077,8193.93
2009-11-06 07:00:00,6455.0874,7373.8677,9634.096,6855.4077,8193.93
2009-11-06 08:00:00,6455.0874,7373.8677,9634.096,6855.4077,8193.93
2009-11-06 09:00:00,6455.0874,7373.8677,9634.096,6855.4077,8193.93
2009-11-06 10:00:00,6455.0874,7373.8677,9634.096,6855.4077,8193.93
2009-11-06 11:00:00,6455.0874,7373.8677,9634.096,6855.4077,8193.93
2009-11-06 12:00:00,6455.0874,7373.8677,9634.096,6855.4077,8193.93
2009-11-06 13:00:00,6455.0874,7373.8677,9634.096,6855.4077,8193.93
2009-11-06 14:00:00,6455.0874,7373.8677,9634.096,6855.4077,8193.93
2009-11-06 15:00:00,6455.0874,7373.8677,9634.096,6855.4077,8193.93
2009-11-06 16:00:00,6455.0874,7373.8677,9634.096,6855.4077,8193.93
2009-11-06 17:00:00,6455.0874,7373.8677,9634.096,6855.4077,8193.93
2009-11-06 18:00:00,6455.0874,7373.8677,9634.096,6855.4077,8193.93
2009-11-06 19:00:00,6455.0874,7373.8677,9634.096,6855.4077,8193.93
2009-11-06 20:00:00,6455.0874,7373.8677,9634.096,6855.4077,8193.93
2009-11-06 21:00:00,6455.0874,7373.8677,9634.096,6855.4077,8193.93
2009-11-06 22:00:00,6455.0874,7373.8677,9634.096,6855.4077,8193.93
2009-11-06 23:00:00,6455.0874,7373.8677,9634.096,6855.4077,8193.93
2009-11-07 00:00:00,6455.0874,7373.8677,9634.096,6855.4077,8193.93
2009-11-07 01:00:00,6455.0874,7373.8677,9634.096,6855.4077,8193.93
2009-11-07 02:00:00,6455.0874,7373.8677,9634.096,6855.4077,8193.93
2009-11-07 03:00:00,6455.0874,7373.8677,9634.096,6855.4077,8193.93
2009-11-07 04:00:00,6455.0874,7373.8677,9634.096,6855.4077,8193.93
2009-11-07 05:00:00,6455.0874,7373.8677,9634.096,6855.4077,8193.93
2009-11-07 06:00:00,6455.0874,7373.8677,9634.096,6855.4077,8193.93
2009-11-07 07:00:00,6455.0874,7373.8677,9634.096,6855.4077,8193.93
2009-11-07 08:00:00,6455.0874,7373.8677,9634.096,6855.4077,8193.93
2009-11-07 09:00:00,6455.0874,7373.8677,9634.096,6855.4077,8193.93
2009-11-07 10:00:00,6455.0874,7373.8677,9634.096,6855.4077,8193.93
2009-11-07 11:00:00,6455.0874,7373.8677,9634.096,6855.4077,8193.93
2009-11-07 12:00:00,6455.0874,7373.8677,9634.096,6855.4077,8193.93
2009-11-07 13:00:00,6455.0874,7373.8677,9634.096,6855.4077,8193.93
2009-11-07 14:00:00,6455.0874,7373.8677,9634.096,6855.4077,8193.93
2009-11-07 15:00:00,6455.0874,7373.8677,9634.096,6855.4077,8193.93
2009-11-07 16:00:00,6455.0874,7373.8677,9634.096,6855.4077,8193.93
2009-11-07 17:00:00,6455.0874,7373.8677,9634.096,6855.4077,8193.93
2009-11-07 18:00:00,6455.0874,7373.8677,9634.096,6855.4077,8193.93
2009-11-07 19:00:00,6455.0874,7373.8677,9634.096,6855.4077,8193.93
2009-11-07 20:00:00,6455.0874,7373.8677,9634.096,6855.4077,8193.93
2009-11-07 21:00:00,6455.0874,7373.8677,9634.096,6855.4077,8193.93
2009-11-07 22:00:00,6455.0874,7373.8677,9634.096,6855.4077,8193.93
2009-11-07 23:00:00,6455.0874,7373.8677,9634.096,6855.4077,8193.93
2009-11-08 00:00:00,6455.0874,7373.8677,9634.096,6855.4077,8193.93
2009-11-08 01:00:00,6455.0874,7373.8677,9634.096,6855.4077,8193.93
2009-11-08 02:00:00,6455.0874,7373.8677,9634.096,6855.4077,8193.93
2009-11-08 03:00:00,6455.0874,7373.8677,9634.096,6855.4077,8193.93
2009-11-08 04:00:00,6455.0874,7373.8677,9634.096,6855.4077,8193.93
2009-11-08 05:00:00,6455.0874,7373.8677,9634.096,6855.4077,8193.93
2009-11-08 06:00:00,6455.0874,7373.8677,9634.096,6855.4077,8193.93
2009-11-08 07:00:00,6455.0874,7373.8677,9634.096,6855.4077,8193.93
2009-11-08 08:00:00,6455.0874,7373.8677,9634.096,6855.4077,8193.93
2009-11-08 09:00:00,6455.0874,7373.8677,9634.096,6855.4077,8193.93
2009-11-08 10:00:00,6455.0874,7373.8677,9634.096,6855.4077,8193.93
2009-11-08 11:00:00,6455.0874,7373.8677,9634.096,6855.4077,8193.93
2009-11-08 12:00:00,6455.0874,7373.8677,9634.096,6855.4077,8193.93
2009-11-08 13:00:00,6455.0874,7373.8677,9634.096,6855.4077,8193.93
2009-11-08 14:00:00,6455.0874,7373.8677,9634.096,6855.4077,8193.93
2009-11-08 15:00:00,6455.0874,7373.8677,9634.096,6855.4077,8193.93
2009-11-08 16:00:00,6455.0874,7373.8677,9634.096,6855.4077,8193.93
2009-11-08 17:00:00,6455.0874,7373.8677,9634.096,6855.4077,8193.93
2009-11-08 18:00:00,6455.0874,7373.8677,9634.096,6855.4077,8193.93
2009-11-08 19:00:00,6455.0874,7373.8677,9634.096,6855.4077,8193.93
2009-11-08 20:00:00,6455.0874,7373.8677,9634.096,6855.4077,8193.93
2009-11-08 21:00:00,6455.0874,7373.8677,9634.096,6855.4077,8193.93
2009-11-08 22:00:00,6455.0874,7373.8677,9634.096,6855.4077,8193.93
2009-11-08 23:00:00,6455.0874,7373.8677,9634.096,6855.4077,8193.93
2009-11-09 00:00:00,6455.0874,7373.8677,9634.096,6855.4077,8193.93
2009-11-09 01:00:00,6455.0874,7373.8677,9634.096,6855.4077,8193.93
2009-11-09 02:00:00,6455.0874,7373.8677,9634.096,6855.4077,8193.93
2009-11-09 03:00:00,6455.0874,7373.8677,9634.096,6855.4077,8193.93
2009-11-09 04:00:00,6455.0874,7373.8677,9634.096,6855.4077,8193.93
2009-11-09 05:00:00,6455.0874,7373.8677,9634.096,6855.4077,8193.93
2009-11-09 06:00:00,6455.0874,7373.8677,9634.096,6855.4077,8193.93
2009-11-09 07:00:00,6455.0874,7373.8677,9634.096,6855.4077,8193.93
2009-11-09 08:00:00,6455.0874,7373.8677,9634.096,6855.4077,8193.93
2009-11-09 09:00:00,6455.0874,7373.8677,9634.096,6855.4077,8193.93
2009-11-09 10:00:00,6455.0874,7373.8677,9634.096,6855.4077,8193.93
2009-11-09 11:00:00,6455.0874,7373.8677,9634.096,6855.4077,8193.93
2009-11-09 12:00:00,6455.0874,7373.8677,9634.096,6855.4077,8193.93
2009-11-09 13:00:00,6455.0874,7373.8677,9634.096,6855.4077,8193.93
2009-11-09 14:00:00,6455.0874,7373.8677,9634.096,6855.4077,8193.93
2009-11-09 15:00:00,6455.0874,7373.8677,9634.096,6855.4077,8193.93
2009-11-09 16:00:00,6455.0874,7373.8677,9634.096,6855.4077,8193.93
2009-11-09 17:00:00,6455.0874,7373.8677,9634.096,6855.4077,8193.93
2009-11-09 18:00:00,6455.0874,7373.8677,9634.096,6855.4077,8193.93
2009-11-09 19:00:00,6455.0874,7373.8677,9634.096,6855.4077,8193.93
2009-11-09 20:00:00,6455.0874,7373.8677,9634.096,6855.4077,8193.93
2009-11-09 21:00:00,6455.0874,7373.8677,9634.096,6855.4077,8193.93
2009-11-09 22:00:00,6455.0874,7373.8677,9634.096,6855.4077,8193.93
2009-11-09 23:00:00,6455.0874,7373.8677,9634.096,6855.4077,8193.93
2009-11-10 00:00:00,6455.0874,7373.8677,9634.096,6855.4077,8193.93
2009-11-10 01:00:00,6455.0874,7373.8677,9634.096,6855.4077,8193.93
2009-11-10 02:00:00,6455.0874,7373.8677,9634.096,6855.4077,8193.93
2009-11-10 03:00:00,6455.0874,7373.8677,9634.096,6855.4077,8193.93
2009-11-10 04:00:00,6455.0874,7373.8677,9634.096,6855.4077,8193.93
2009-11-10 05:00:00,6455.0874,7373.8677,9634.096,6855.4077,8193.93
2009-11-10 06:00:00,6455.0874,7373.8677,9634.096,6855.4077,8193.93
2009-11-10 07:00:00,6455.0874,7373.8677,9634.096,6855.4077,8193.93
2009-11-10 08:00:00,6455.0874,7373.8677,9634.096,6855.4077,8193.93
2009-11-10 09:00:00,6455.0874,7373.8677,9634.096,6855.4077,8193.93
2009-11-10 10:00:00,6455.0874,7373.8677,9634.096,6855.4077,8193.93
2009-11-10 11:00:00,6455.0874,7373.8677,9634.096,6855.4077,8193.93
2009-11-10 12:00:00,6455.0874,7373.8677,9634.096,6855.4077,8193.93
2009-11-10 13:00:00,6455.0874,7373.8677,9634.096,6855.4077,8193.93
2009-11-10 14:00:00,6455.0874,7373.8677,9634.096,6855.4077,8193.93
2009-11-10 15:00:00,6455.0874,7373.8677,9634.096,6855.4077,8193.93
2009-11-10 16:00:00,6455.0874,7373.8677,9634.096,6855.4077,8193.93
2009-11-10 17:00:00,6455.0874,7373.8677,9634.096,6855.4077,8193.93
2009-11-10 18:00:00,6455.0874,7373.8677,9634.096,6855.4077,8193.93
2009-11-10 19:00:00,6455.0874,7373.8677,9634.096,6855.4077,8193.93
2009-11-10 20:00:00,6455.0874,7373.8677,9634.096,6855.4077,8193.93
2009-11-10 21:00:00,6455.0874,7373.8677,9634.096,6855.4077,8193.93
2009-11-10 22:00:00,6455.0874,7373.8677,9634.096,6855.4077,8193.93
2009-11-10 23:00:00,6455.0874,7373.8677,9634.096,6855.4077,8193.93
2009-11-11 00:00:00,6455.0874,7373.8677,9634.096,6855.4077,8193.93
2009-11-11 01:00:00,6455.0874,7373.8677,9634.096,6855.4077,8193.93
2009-11-11 02:00:00,6455.0874,7373.8677,9634.096,6855.4077,8193.93
2009-11-11 03:00:00,6455.0874,7373.8677,9634.096,6855.4077,8193.93
2009-11-11 04:00:00,6455.0874,7373.8677,9634.096,6855.4077,8193.93
2009-11-11 05:00:00,6455.0874,7373.8677,9634.096,6855.4077,8193.93
2009-11-11 06:00:00,6455.0874,7373.8677,9634.096,6855.4077,8193.93
2009-11-11 07:00:00,6455.0874,7373.8677,9634.096,6855.4077,8193.93
2009-11-11 08:00:00,6455.0874,7373.8677,9634.096,6855.4077,8193.93
2009-11-11 09:00:00,6455.0874,7373.8677,9634.096,6855.4077,8193.93
2009-11-11 10:00:00,6455.0874,7373.8677,9634.096,6855.4077,8193.93
2009-11-11 11:00:00,6455.0874,7373.8677,9634.096,6855.4077,8193.93
2009-11-11 12:00:00,6455.0874,7373.8677,9634.096,6855.4077,8193.93
2009-11-11 13:00:00,6455.0874,7373.8677,9634.096,6855.4077,8193.93
2009-11-11 14:00:00,6455.0874,7373.8677,9634.096,6855.4077,8193.93
2009-11-11 15:00:00,6455.0874,7373.8677,9634.096,6855.4077,8193.93
2009-11-11 16:00:00,6455.0874,7373.8677,9634.096,6855.4077,8193.93
2009-11-11 17:00:00,6455.0874,7373.8677,9634.096,6855.4077,8193.93
2009-11-11 18:00:00,6455.0874,7373.8677,9634.096,6855.4077,8193.93
2009-11-11 19:00:00,6455.0874,7373.8677,9634.096,6855.4077,8193.93
2009-11-11 20:00:00,6455.0874,7373.8677,9634.096,6855.4077,8193.93
2009-11-11 21:00:00,6455.0874,7373.8677,9634.096,6855.4077,8193.93
2009-11-11 22:00:00,6455.0874,7373.8677,9634.096,6855.4077,8193.93
2009-11-11 23:00:00,6455.0874,7373.8677,9634.096,6855.4077,8193.93
2009-11-12 00:00:00,6455.0874,7373.8677,9634.096,6855.4077,8193.93
2009-11-12 01:00:00,6455.0874,7373.8677,9634.096,6855.4077,8193.93
2009-11-12 02:00:00,6455.0874,7373.8677,9634.096,6855.4077,8193.93
2009-11-12 03:00:00,6455.0874,7373.8677,9634.096,6855.4077,8193.93
2009-11-12 04:00:00,6455.0874,7373.8677,9634.096,6855.4077,8193.93
2009-11-12 05:00:00,6455.0874,7373.8677,9634.096,6855.4077,8193.93
2009-11-12 06:00:00,6455.0874,7373.8677,9634.096,6855.4077,8193.93
2009-11-12 07:00:00,6455.0874,7373.8677,9634.096,6855.4077,8193.93
2009-11-12 08:00:00,6455.0874,7373.8677,9634.096,6855.4077,8193.93
2009-11-12 09:00:00,6455.0874,7373.8677,9634.096,6855.4077,8193.93
2009-11-12 10:00:00,6455.0874,7373.8677,9634.096,6855.4077,8193.93
2009-11-12 11:00:00,6455.0874,7373.8677,9634.096,6855.4077,8193.93
2009-11-12 12:00:00,6455.0874,7373.8677,9634.096,6855.4077,8193.93
2009-11-12 13:00:00,6455.0874,7373.8677,9634.096,6855.4077,8193.93
2009-11-12 14:00:00,6455.0874,7373.8677,9634.096,6855.4077,8193.93
2009-11-12 15:00:00,6455.0874,7373.8677,9634.096,6855.4077,8193.93
2009-11-12 16:00:00,6455.0874,7373.8677,9634.096,6855.4077,8193.93
2009-11-12 17:00:00,6455.0874,7373.8677,9634.096,6855.4077,8193.93
2009-11-12 18:00:00,6455.0874,7373.8677,9634.096,6855.4077,8193.93
2009-11-12 19:00:00,6455.0874,7373.8677,9634.096,6855.4077,8193.93
2009-11-12 20:00:00,6455.0874,7373.8677,9634.096,6855.4077,8193.93
2009-11-12 21:00:00,6455.0874,7373.8677,9634.096,6855.4077,8193.93
2009-11-12 22:00:00,6455.0874,7373.8677,9634.096,6855.4077,8193.93
2009-11-12 23:00:00,6455.0874,7373.8677,9634.096,6855.4077,8193.93
2009-11-13 00:00:00,6455.0874,7373.8677,9634.096,6855.4077,8193.93
2009-11-13 01:00:00,6455.0874,7373.8677,9634.096,6855.4077,8193.93
2009-11-13 02:00:00,6455.0874,7373.8677,9634.096,6855.4077,8193.93
2009-11-13 03:00:00,6455.0874,7373.8677,9634.096,6855.4077,8193.93
2009-11-13 04:00:00,6455.0874,7373.8677,9634.096,6855.4077,8193.93
2009-11-13 05:00:00,6455.0874,7373.8677,9634.096,6855.4077,8193.93
2009-11-13 06:00:00,6455.0874,7373.8677,9634.096,6855.4077,8193.93
2009-11-13 07:00:00,6455.0874,7373.8677,9634.096,6855.4077,8193.93
2009-11-13 08:00:00,6455.0874,7373.8677,9634.096,6855.4077,8193.93
2009-11-13 09:00:00,6455.0874,7373.8677,9634.096,6855.4077,8193.93
2009-11-13 10:00:00,6455.0874,7373.8677,9634.096,6855.4077,8193.93
2009-11-13 11:00:00,6455.0874,7373.8677,9634.096,6855.4077,8193.93
2009-11-13 12:00:00,6455.0874,7373.8677,9634.096,6855.4077,8193.93
2009-11-13 13:00:00,6455.0874,7373.8677,9634.096,6855.4077,8193.93
2009-11-13 14:00:00,6455.0874,7373.8677,9634.096,6855.4077,8193.93
2009-11-13 15:00:00,6455.0874,7373.8677,9634.096,6855.4077,8193.93
2009-11-13 16:00:00,6455.0874,7373.8677,9634.096,6855.4077,8193.93
2009-11-13 17:00:00,6455.0874,7373.8677,9634.096,6855.4077,8193.93
2009-11-13 18:00:00,6455.0874,7373.8677,9634.096,6855.4077,8193.93
2009-11-13 19:00:00,6455.0874,7373.8677,9634.096,6855.4565,8193.93
2009-11-13 20:00:00,6455.0874,7373.8677,9634.096,6855.4565,8193.93
2009-11-13 21:00:00,6455.0874,7373.8677,9634.096,6855.4565,8193.93
2009-11-13 22:00:00,6455.0874,7373.8677,9634.096,6855.4565,8193.93
2009-11-13 23:00:00,6455.0874,7373.8677,9634.096,6855.4565,8193.93
2009-11-14 00:00:00,6455.0874,7373.8677,9634.096,6855.4565,8193.93
2009-11-14 01:00:00,6455.0874,7373.8677,9634.096,6855.4565,8193.93
2009-11-14 02:00:00,6455.0874,7373.8677,9634.096,6855.4565,8193.93
2009-11-14 03:00:00,6455.0874,7373.8677,9634.096,6855.4565,8193.93
2009-11-14 04:00:00,6455.0874,7373.8677,9634.096,6855.4565,8193.93
2009-11-14 05:00:00,6455.0874,7373.8677,9634.096,6855.4565,8193.93
2009-11-14 06:00:00,6455.0874,7373.8677,9634.096,6855.4565,8193.93
2009-11-14 07:00:00,6455.346,7374.0796,9634.096,6855.55,8193.93
2009-11-14 08:00:00,6455.862,7375.2617,9634.647,6855.84,8194.289
2009-11-14 09:00:00,6456.9185,7377.5303,9636.468,6856.6265,8195.885
2009-11-14 10:00:00,6458.645,7383.139,9639.536,6857.939,8198.007
2009-11-14 11:00:00,6460.2007,7386.6284,9641.081,6858.578,8200.951
2009-11-14 12:00:00,6461.1387,7387.4277,9641.982,6858.8335,8201.792
2009-11-14 13:00:00,6461.292,7387.4277,9643.1045,6858.8335,8201.851
2009-11-14 14:00:00,6461.292,7387.4277,9644.254,6858.8335,8201.851
2009-11-14 15:00:00,6461.292,7387.4277,9644.656,6858.8335,8201.851
2009-11-14 16:00:00,6461.4736,7387.4277,9644.656,6858.8335,8202.442
2009-11-14 17:00:00,6462.3677,7387.6284,9644.857,6858.8623,8204.281
2009-11-14 18:00:00,6462.473,7389.3687,9645.96,6859.1104,8206.71
2009-11-14 19:00:00,6462.473,7393.876,9647.912,6859.784,8210.297
2009-11-14 20:00:00,6462.721,7396.874,9651.009,6860.12,8211.312
2009-11-14 21:00:00,6462.7373,7398.862,9654.313,6860.12,8211.854
2009-11-14 22:00:00,6462.7373,7399.025,9655.182,6860.12,8212.218
2009-11-14 23:00:00,6462.7373,7399.025,9655.182,6860.12,8212.218
2009-11-15 00:00:00,6467.3325,7400.2656,9658.861,6862.6167,8214.005
2009-11-15 01:00:00,6467.3325,7400.2656,9658.861,6862.6167,8214.005
2009-11-15 02:00:00,6467.3325,7400.2656,9658.861,6862.6167,8214.005
2009-11-15 03:00:00,6467.3325,7400.2656,9658.861,6862.6167,8214.005
2009-11-15 04:00:00,6467.3325,7400.2656,9658.861,6862.6167,8214.005
2009-11-15 05:00:00,6467.3325,7400.2656,9658.861,6862.6167,8214.005
2009-11-15 06:00:00,6462.7373,7399.025,9655.182,6860.12,8212.218
2009-11-15 07:00:00,6462.7373,7399.025,9655.182,6860.12,8212.218
2009-11-15 08:00:00,6462.7373,7399.025,9655.182,6860.12,8212.218
2009-11-15 09:00:00,6462.7373,7399.025,9655.182,6860.12,8212.218
2009-11-15 10:00:00,6462.7373,7399.025,9655.182,6860.12,8212.218
2009-11-15 11:00:00,6462.803,7399.025,9655.182,6860.12,8212.218
2009-11-15 12:00:00,6463.1895,7399.2573,9655.482,6860.447,8212.794
2009-11-15 13:00:00,6463.662,7399.663,9658.186,6861.532,8213.413
2009-11-15 14:00:00,6465.8877,7400.0713,9658.38,6862.337,8213.97
2009-11-15 15:00:00,6467.26,7400.2656,9658.861,6862.6167,8214.005
2009-11-15 16:00:00,6467.3325,7400.2656,9658.861,6862.6167,8214.005
2009-11-15 17:00:00,6467.3325,7400.2656,9658.861,6862.6167,8214.005
2009-11-15 18:00:00,6467.3325,7400.2656,9658.861,6862.6167,8214.005
2009-11-15 19:00:00,6467.3325,7400.2656,9658.861,6862.6167,8214.005
2009-11-15 20:00:00,6467.3325,7400.2656,9658.861,6862.6167,8214.005
2009-11-15 21:00:00,6467.3325,7400.2656,9658.861,6862.6167,8214.005
2009-11-15 22:00:00,6467.3325,7400.2656,9658.861,6862.6167,8214.005
2009-11-15 23:00:00,6467.3325,7400.2656,9658.861,6862.6167,8214.005
2009-11-16 00:00:00,6467.3325,7400.2656,9658.861,6862.6167,8214.005
2009-11-16 01:00:00,6467.3325,7400.2656,9658.861,6862.6167,8214.005
2009-11-16 02:00:00,6467.3325,7400.2656,9658.861,6862.6167,8214.005
2009-11-16 03:00:00,6467.3325,7400.2656,9658.861,6862.6167,8214.005
2009-11-16 04:00:00,6467.3325,7400.2656,9658.861,6862.6167,8214.005
2009-11-16 05:00:00,6467.3325,7400.2656,9658.861,6862.6167,8214.005
2009-11-16 06:00:00,6467.3325,7400.2656,9658.861,6862.6167,8214.005
2009-11-16 07:00:00,6467.3325,7400.2656,9658.861,6862.6167,8214.005
2009-11-16 08:00:00,6467.3325,7400.2656,9658.861,6862.6167,8214.005
2009-11-16 09:00:00,6467.3325,7400.2656,9658.861,6862.6167,8214.005
2009-11-16 10:00:00,6467.3325,7400.2656,9658.861,6862.6167,8214.005
2009-11-16 11:00:00,6467.3325,7400.2656,9658.861,6862.6167,8214.005
2009-11-16 12:00:00,6467.3325,7400.2656,9658.861,6862.6167,8214.005
2009-11-16 13:00:00,6467.3325,7400.2656,9658.861,6862.6167,8214.005
2009-11-16 14:00:00,6467.3325,7400.2656,9658.861,6862.6167,8214.005
2009-11-16 15:00:00,6467.3325,7400.2656,9658.861,6862.6167,8214.005
2009-11-16 16:00:00,6467.3325,7400.2656,9658.861,6862.6167,8214.005
2009-11-16 17:00:00,6467.3325,7400.2656,9658.861,6862.6167,8214.005
2009-11-16 18:00:00,6467.3325,7400.2656,9658.861,6862.6167,8214.005
2009-11-16 19:00:00,6467.3325,7400.2656,9658.861,6862.6167,8214.005
2009-11-16 20:00:00,6467.3325,7400.2656,9658.861,6862.6167,8214.005
2009-11-16 21:00:00,6467.3325,7400.2656,9658.861,6862.6167,8214.005
2009-11-16 22:00:00,6467.3325,7400.2656,9658.861,6862.6167,8214.005
2009-11-16 23:00:00,6467.3325,7400.2656,9658.861,6862.6167,8214.005
2009-11-17 00:00:00,6467.3325,7400.2656,9658.861,6862.6167,8214.005
2009-11-17 01:00:00,6467.3325,7400.2656,9658.861,6862.6167,8214.005
2009-11-17 02:00:00,6467.3325,7400.2656,9658.861,6862.6167,8214.005
2009-11-17 03:00:00,6467.3325,7400.2656,9658.861,6862.6167,8214.005
2009-11-17 04:00:00,6467.3325,7400.2656,9658.861,6862.6167,8214.005
2009-11-17 05:00:00,6467.3325,7400.2656,9658.861,6862.6167,8214.005
2009-11-17 06:00:00,6467.3325,7400.2656,9658.861,6862.6167,8214.005
2009-11-17 07:00:00,6467.3325,7400.2666,9658.861,6862.7876,8214.005
2009-11-17 08:00:00,6467.3325,7400.853,9659.126,6863.093,8215.484
2009-11-17 09:00:00,6467.7476,7401.4575,9659.872,6864.3423,8216.73
2009-11-17 10:00:00,6469.2354,7401.5806,9660.218,6865.239,8216.73
2009-11-17 11:00:00,6470.476,7401.582,9660.218,6865.494,8216.73
2009-11-17 12:00:00,6470.545,7401.582,9660.218,6865.494,8216.73
2009-11-17 13:00:00,6470.545,7401.582,9660.218,6865.494,8216.73
2009-11-17 14:00:00,6470.545,7401.582,9660.218,6865.494,8216.73
2009-11-17 15:00:00,6470.545,7401.6157,9660.218,6865.494,8216.73
2009-11-17 16:00:00,6470.545,7402.7197,9660.218,6865.5737,8216.981
2009-11-17 17:00:00,6470.652,7404.7617,9660.218,6866.261,8218.33
2009-11-17 18:00:00,6470.8613,7406.381,9660.908,6866.965,8219.482
2009-11-17 19:00:00,6471.5874,7408.255,9660.92,6867.452,8220.345
2009-11-17 20:00:00,6473.27,7411.1304,9661.862,6868.4214,8221.642
2009-11-17 21:00:00,6475.0396,7411.9536,9662.797,6869.7363,8221.822
2009-11-17 22:00:00,6475.567,7412.488,9662.797,6870.324,8221.822
2009-11-17 23:00:00,6477.308,7413.127,9662.854,6871.152,8221.944
2009-11-18 00:00:00,6478.187,7413.9746,9662.91,6871.7837,8222.257
2009-11-18 01:00:00,6479.2656,7414.6895,9662.941,6872.413,8222.295
2009-11-18 02:00:00,6481.36,7416.095,9663.593,6874.164,8223.066
2009-11-18 03:00:00,6483.3755,7417.942,9664.448,6875.21,8224.1045
2009-11-18 04:00:00,6484.7393,7419.2114,9666.863,6875.9116,8225.394
2009-11-18 05:00:00,6484.8447,7419.2114,9667.375,6875.9116,8225.857
2009-11-18 06:00:00,6484.8447,7419.2114,9667.375,6875.9116,8225.857
2009-11-18 07:00:00,6484.8447,7419.2896,9667.375,6875.9375,8225.899
2009-11-18 08:00:00,6484.919,7420.3257,9667.476,6876.832,8225.935
2009-11-18 09:00:00,6485.375,7420.9907,9667.476,6877.819,8225.935
2009-11-18 10:00:00,6485.5737,7422.61,9667.8955,6878.46,8225.935
2009-11-18 11:00:00,6485.9077,7424.541,9667.961,6879.813,8226.294
2009-11-18 12:00:00,6486.0195,7425.0303,9668.405,6880.194,8226.294
2009-11-18 13:00:00,6486.1084,7425.6763,9668.405,6880.194,8226.294
2009-11-18 14:00:00,6486.1084,7426.1543,9668.405,6880.194,8226.294
2009-11-18 15:00:00,6486.282,7426.4395,9668.405,6880.2583,8226.294
2009-11-18 16:00:00,6487.042,7427.3203,9668.551,6880.724,8226.294
2009-11-18 17:00:00,6487.1,7428.2847,9668.551,6881.2603,8226.588
2009-11-18 18:00:00,6487.2856,7429.362,9668.717,6881.526,8226.588
2009-11-18 19:00:00,6487.3696,7429.5884,9668.717,6881.5835,8226.996
2009-11-18 20:00:00,6487.4956,7429.919,9668.955,6882.023,8228.195
2009-11-18 21:00:00,6488.3457,7430.049,9668.955,6882.3765,8228.376
2009-11-18 22:00:00,6488.377,7431.8423,9668.955,6882.7466,8229.143
2009-11-18 23:00:00,6489.173,7432.8613,9669.906,6882.981,8229.2
2009-11-19 00:00:00,6489.748,7432.8613,9670.363,6883.6304,8229.2
2009-11-19 01:00:00,6489.859,7432.8613,9670.363,6883.6304,8229.23
2009-11-19 02:00:00,6489.859,7432.8613,9670.363,6883.6304,8229.23
2009-11-19 03:00:00,6489.859,7433.1426,9670.363,6883.6523,8229.737
2009-11-19 04:00:00,6489.859,7433.1426,9670.363,6883.7363,8229.737
2009-11-19 05:00:00,6489.859,7433.1426,9670.363,6883.7363,8229.737
2009-11-19 06:00:00,6489.859,7433.1426,9670.363,6883.7363,8229.737
2009-11-19 07:00:00,6489.859,7433.1426,9670.363,6883.7363,8229.737
2009-11-19 08:00:00,6489.859,7433.3135,9670.363,6883.75,8229.782
2009-11-19 09:00:00,6490.4194,7434.1016,9670.735,6885.256,8230.38
2009-11-19 10:00:00,6491.9253,7435.0947,9673.006,6887.657,8231.29
2009-11-19 11:00:00,6493.465,7435.7847,9675.647,6888.8853,8232.296
2009-11-19 12:00:00,6494.3164,7436.9634,9675.724,6891.3237,8232.296
2009-11-19 13:00:00,6494.8555,7437.853,9675.95,6892.557,8232.325
2009-11-19 14:00:00,6495.584,7439.5176,9676.018,6892.7383,8232.325
2009-11-19 15:00:00,6495.9297,7439.7456,9676.132,6893.18,8232.325
2009-11-19 16:00:00,6496.715,7441.8394,9676.132,6895.1626,8232.48
2009-11-19 17:00:00,6497.574,7444.2744,9676.132,6896.029,8232.963
2009-11-19 18:00:00,6497.958,7446.3687,9677.002,6896.8003,8233.607
2009-11-19 19:00:00,6498.366,7448.686,9677.563,6897.495,8234.424
2009-11-19 20:00:00,6499.1367,7451.109,9678.193,6898.5815,8235.23
2009-11-19 21:00:00,6499.9717,7453.3022,9678.782,6899.536,8236.065
2009-11-19 22:00:00,6500.944,7454.9453,9679.343,6901.0063,8236.899
2009-11-19 23:00:00,6502.2324,7456.6987,9680.834,6903.2983,8237.708
2009-11-20 00:00:00,6503.0786,7458.1094,9684.738,6905.092,8238.467
2009-11-20 01:00:00,6503.745,7459.65,9688.218,6905.8467,8239.448
2009-11-20 02:00:00,6504.6553,7461.787,9691.644,6906.7983,8240.282
2009-11-20 03:00:00,6505.4824,7464.619,9695.099,6907.938,8241.177
2009-11-20 04:00:00,6505.956,7466.4624,9697.542,6908.9365,8241.823
2009-11-20 05:00:00,6506.337,7468.3545,9699.863,6910.463,8243.163
2009-11-20 06:00:00,6507.21,7470.9023,9702.491,6912.4775,8245.874
2009-11-20 07:00:00,6509.3477,7474.0835,9704.474,6914.676,8248.096
2009-11-20 08:00:00,6511.2925,7476.647,9707.343,6915.9937,8249.29
2009-11-20 09:00:00,6512.2256,7478.619,9709.345,6916.8574,8249.792
2009-11-20 10:00:00,6513.116,7481.198,9709.394,6917.968,8250.951
2009-11-20 11:00:00,6514.9736,7484.8247,9709.394,6919.8076,8252.13
2009-11-20 12:00:00,6516.7295,7486.1777,9709.541,6920.877,8253.689
2009-11-20 13:00:00,6518.5522,7487.1025,9709.705,6922.7915,8254.062
2009-11-20 14:00:00,6519.0815,7487.535,9709.88,6923.6714,8254.062
2009-11-20 15:00:00,6519.1143,7487.8896,9709.971,6924.0596,8254.799
2009-11-20 16:00:00,6519.2783,7488.1895,9712.308,6924.4204,8255.051
2009-11-20 17:00:00,6519.753,7488.479,9715.541,6925.6055,8256.327
2009-11-20 18:00:00,6520.2065,7489.5737,9719.117,6926.9565,8258.127
2009-11-20 19:00:00,6521.2695,7490.548,9720.828,6928.215,8258.281
2009-11-20 20:00:00,6521.3086,7490.8525,9722.295,6929.3755,8258.504
2009-11-20 21:00:00,6521.4365,7490.8594,9723.536,6929.3755,8259.433
2009-11-20 22:00:00,6521.6865,7490.8594,9723.736,6929.384,8259.433
2009-11-20 23:00:00,6522.4717,7490.9614,9725.583,6931.5786,8260.13
2009-11-21 00:00:00,6523.6255,7491.6997,9726.792,6933.2354,8260.13
2009-11-21 01:00:00,6524.493,7492.0273,9728.677,6935.8833,8261.656
2009-11-21 02:00:00,6524.718,7492.171,9729.582,6936.3916,8261.892
2009-11-21 03:00:00,6526.009,7492.171,9731.267,6936.9717,8263.21
2009-11-21 04:00:00,6527.1807,7492.171,9732.482,6937.304,8264.606
2009-11-21 05:00:00,6528.419,7492.6094,9734.497,6939.2827,8267.281
2009-11-21 06:00:00,6529.903,7495.185,9734.833,6941.318,8267.951
2009-11-21 07:00:00,6530.49,7497.651,9735.653,6942.4053,8268.281
2009-11-21 08:00:00,6530.7,7497.73,9736.284,6942.874,8270.203
2009-11-21 09:00:00,6531.455,7497.73,9737.446,6942.874,8270.974
2009-11-21 10:00:00,6532.1367,7497.7983,9740.151,6942.893,8272.493
2009-11-21 11:00:00,6532.473,7497.7983,9740.255,6942.893,8273.721
2009-11-21 12:00:00,6532.473,7497.7983,9740.481,6942.946,8275.235
2009-11-21 13:00:00,6532.5024,7497.7983,9740.509,6943.0415,8275.308
2009-11-21 14:00:00,6532.508,7497.9297,9740.509,6943.0864,8276.094
2009-11-21 15:00:00,6532.5156,7498.3184,9740.555,6943.1616,8276.801
2009-11-21 16:00:00,6532.6406,7498.4976,9740.908,6943.1616,8276.91
2009-11-21 17:00:00,6532.6406,7498.4976,9740.908,6943.1616,8276.982
2009-11-21 18:00:00,6532.6406,7498.4976,9740.908,6943.1616,8276.982
2009-11-21 19:00:00,6532.6406,7498.4976,9740.908,6943.1616,8277.208
2009-11-21 20:00:00,6532.6406,7498.4976,9740.908,6943.1616,8277.208
2009-11-21 21:00:00,6532.6406,7498.4976,9740.908,6943.1616,8277.208
2009-11-21 22:00:00,6532.6406,7498.4976,9740.908,6943.1616,8277.208
2009-11-21 23:00:00,6532.6406,7498.4976,9740.908,6943.1616,8277.208
2009-11-22 00:00:00,6551.024,7513.2427,9765.644,6969.333,8296.582
2009-11-22 01:00:00,6551.024,7513.246,9765.644,6969.333,8296.582
2009-11-22 02:00:00,6551.024,7514.2515,9765.644,6969.333,8296.582
2009-11-22 03:00:00,6551.024,7514.345,9765.644,6969.333,8296.582
2009-11-22 04:00:00,6551.057,7514.3804,9765.644,6969.3545,8296.582
2009-11-22 05:00:00,6551.3804,7514.3804,9765.644,6969.395,8296.582
2009-11-22 06:00:00,6532.6406,7498.4976,9740.908,6943.1616,8277.208
2009-11-22 07:00:00,6532.6406,7498.4976,9740.908,6943.1616,8277.208
2009-11-22 08:00:00,6532.6406,7498.4976,9740.908,6943.1616,8277.208
2009-11-22 09:00:00,6532.6406,7499.061,9741.226,6943.3804,8277.402
2009-11-22 10:00:00,6533.623,7500.947,9742.518,6945.956,8279.262
2009-11-22 11:00:00,6535.4326,7501.5625,9743.443,6947.971,8281.498
2009-11-22 12:00:00,6536.733,7502.3496,9744.165,6949.9717,8283.326
2009-11-22 13:00:00,6537.843,7503.211,9745.3125,6951.9766,8285.807
2009-11-22 14:00:00,6539.2744,7504.999,9746.081,6954.491,8288.273
2009-11-22 15:00:00,6540.8,7507.095,9748.319,6957.3804,8290.212
2009-11-22 16:00:00,6542.2075,7508.937,9750.692,6959.61,8290.618
2009-11-22 17:00:00,6544.101,7510.3193,9754.307,6961.9956,8290.672
2009-11-22 18:00:00,6545.335,7511.387,9756.713,6963.3945,8291.232
2009-11-22 19:00:00,6547.0923,7512.294,9759.297,6966.0254,8292.701
2009-11-22 20:00:00,6549.2515,7513.2427,9761.11,6968.566,8295.097
2009-11-22 21:00:00,6550.51,7513.2427,9763.218,6969.3237,8296.279
2009-11-22 22:00:00,6551.024,7513.2427,9765.285,6969.333,8296.582
2009-11-22 23:00:00,6551.024,7513.2427,9765.644,6969.333,8296.582
2009-11-23 00:00:00,6551.3804,7514.3804,9765.644,6969.395,8296.582
2009-11-23 01:00:00,6551.3804,7514.3804,9765.644,6969.395,8296.582
2009-11-23 02:00:00,6551.3804,7514.3804,9765.644,6969.395,8296.582
2009-11-23 03:00:00,6551.3804,7514.8345,9765.644,6969.6035,8296.686
2009-11-23 04:00:00,6552.2285,7515.156,9765.644,6971.1636,8297.942
2009-11-23 05:00:00,6553.5957,7515.74,9765.675,6972.1562,8298.829
2009-11-23 06:00:00,6555.429,7516.378,9766.096,6973.5737,8298.919
2009-11-23 07:00:00,6556.2344,7517.377,9766.096,6974.4443,8298.919
2009-11-23 08:00:00,6557.286,7517.684,9766.096,6975.5366,8298.919
2009-11-23 09:00:00,6557.3984,7517.9395,9766.096,6975.727,8298.919
2009-11-23 10:00:00,6557.3984,7518.058,9766.096,6975.727,8298.919
2009-11-23 11:00:00,6557.3984,7518.058,9766.096,6975.727,8298.919
2009-11-23 12:00:00,6557.3984,7518.058,9766.096,6975.727,8298.919
2009-11-23 13:00:00,6557.3984,7518.058,9766.096,6975.727,8298.919
2009-11-23 14:00:00,6557.3984,7518.058,9766.096,6975.727,8298.919
2009-11-23 15:00:00,6557.3984,7518.058,9766.096,6975.727,8298.919
2009-11-23 16:00:00,6557.3984,7518.058,9766.096,6975.9565,8298.919
2009-11-23 17:00:00,6557.3984,7518.058,9766.096,6975.9565,8298.919
2009-11-23 18:00:00,6557.3984,7518.058,9766.096,6975.9565,8298.919
2009-11-23 19:00:00,6557.3984,7518.058,9766.096,6975.9565,8298.919
2009-11-23 20:00:00,6557.3984,7518.058,9766.096,6975.9565,8298.919
2009-11-23 21:00:00,6557.3984,7518.058,9766.096,6975.9565,8298.919
2009-11-23 22:00:00,6557.3984,7518.058,9766.096,6975.9565,8298.919
2009-11-23 23:00:00,6557.3984,7518.058,9766.096,6975.9565,8298.919
2009-11-24 00:00:00,6557.3984,7518.058,9766.096,6975.9565,8298.919
2009-11-24 01:00:00,6557.3984,7518.058,9766.096,6975.9565,8298.919
2009-11-24 02:00:00,6557.3984,7518.058,9766.096,6975.9565,8298.919
2009-11-24 03:00:00,6557.3984,7518.117,9766.194,6975.9565,8298.919
2009-11-24 04:00:00,6557.4478,7518.443,9766.239,6976.089,8298.919
2009-11-24 05:00:00,6557.7935,7518.443,9766.239,6976.089,8298.919
2009-11-24 06:00:00,6557.8374,7518.6133,9766.832,6976.089,8298.919
2009-11-24 07:00:00,6557.8374,7519.381,9767.363,6976.089,8298.919
2009-11-24 08:00:00,6557.8374,7519.381,9767.391,6976.089,8298.919
2009-11-24 09:00:00,6557.8374,7519.381,9767.391,6976.089,8298.919
2009-11-24 10:00:00,6557.8374,7519.381,9767.391,6976.089,8298.919
2009-11-24 11:00:00,6557.8374,7519.381,9767.391,6976.089,8298.919
2009-11-24 12:00:00,6557.8374,7519.381,9767.391,6976.089,8298.919
2009-11-24 13:00:00,6557.8374,7519.381,9767.391,6976.089,8299.209
2009-11-24 14:00:00,6557.8374,7519.381,9767.391,6976.089,8299.242
2009-11-24 15:00:00,6557.8374,7519.4116,9767.391,6976.089,8299.271
2009-11-24 16:00:00,6557.8374,7519.4116,9767.391,6976.089,8299.271
2009-11-24 17:00:00,6557.8374,7519.4116,9767.391,6976.089,8299.271
2009-11-24 18:00:00,6557.8374,7519.4116,9767.391,6976.089,8299.271
2009-11-24 19:00:00,6557.8374,7519.4116,9767.391,6976.089,8299.271
2009-11-24 20:00:00,6557.8374,7519.4116,9767.391,6976.089,8299.271
2009-11-24 21:00:00,6557.8374,7519.4116,9767.391,6976.089,8299.271
2009-11-24 22:00:00,6557.8374,7519.4116,9767.391,6976.089,8299.271
2009-11-24 23:00:00,6557.8374,7519.4116,9767.391,6976.089,8299.271
2009-11-25 00:00:00,6557.8374,7519.4116,9767.391,6976.089,8299.271
2009-11-25 01:00:00,6557.8374,7519.6245,9767.391,6976.089,8299.271
2009-11-25 02:00:00,6557.8374,7522.6665,9767.725,6976.713,8300.401
2009-11-25 03:00:00,6559.4727,7527.3345,9769.605,6979.847,8302.357
2009-11-25 04:00:00,6562.66,7532.574,9772.672,6983.6284,8305.663
2009-11-25 05:00:00,6566.4453,7535.5845,9774.02,6986.4766,8307.812
2009-11-25 06:00:00,6568.2524,7539.702,9774.888,6987.5747,8308.041
2009-11-25 07:00:00,6571.2744,7543.692,9776.249,6988.81,8310.197
2009-11-25 08:00:00,6573.9805,7547.0757,9777.675,6989.956,8311.674
2009-11-25 09:00:00,6576.849,7548.4946,9778.534,6991.1743,8312.87
2009-11-25 10:00:00,6578.9937,7550.0137,9779.807,6992.1064,8313.905
2009-11-25 11:00:00,6580.745,7550.1143,9779.922,6992.361,8314.387
2009-11-25 12:00:00,6581.1396,7552.3296,9781.893,6992.5537,8314.693
2009-11-25 13:00:00,6581.663,7553.5786,9783.915,6992.942,8315.317
2009-11-25 14:00:00,6582.2393,7555.4966,9785.528,6993.251,8316.115
2009-11-25 15:00:00,6583.264,7555.8203,9786.063,6993.697,8317.689
2009-11-25 16:00:00,6583.574,7555.836,9786.063,6993.697,8317.689
2009-11-25 17:00:00,6583.6753,7555.8584,9786.231,6993.697,8317.689
2009-11-25 18:00:00,6584.776,7556.072,9786.231,6993.9673,8317.689
2009-11-25 19:00:00,6584.831,7556.072,9786.231,6994.093,8317.689
2009-11-25 20:00:00,6584.9604,7556.072,9786.271,6994.093,8317.689
2009-11-25 21:00:00,6584.9604,7556.433,9786.43,6994.093,8317.858
2009-11-25 22:00:00,6585.141,7557.0747,9786.911,6994.188,8318.001
2009-11-25 23:00:00,6585.286,7558.376,9787.822,6994.8525,8319.978
2009-11-26 00:00:00,6586.3345,7558.9995,9789.292,6995.5195,8320.565
2009-11-26 01:00:00,6587.0703,7559.2812,9789.724,6996.183,8321.277
2009-11-26 02:00:00,6587.3237,7559.424,9791.05,6996.5557,8321.546
2009-11-26 03:00:00,6587.96,7559.5425,9791.388,6997.0933,8321.985
2009-11-26 04:00:00,6588.313,7559.89,9793.277,6997.4478,8322.011
2009-11-26 05:00:00,6588.8076,7559.973,9793.357,6997.498,8322.675
2009-11-26 06:00:00,6589.4155,7560.6978,9793.693,6997.942,8322.922
2009-11-26 07:00:00,6589.6055,7560.747,9797.173,6998.2393,8324.141
2009-11-26 08:00:00,6589.9653,7561.59,9798.356,6998.6636,8324.869
2009-11-26 09:00:00,6590.4194,7561.784,9798.992,6998.7524,8325.297
2009-11-26 10:00:00,6590.858,7562.8994,9800.304,6998.9644,8325.475
2009-11-26 11:00:00,6590.904,7562.977,9800.345,6999.6294,8325.475
2009-11-26 12:00:00,6591.0854,7564.1826,9801.649,7000.1094,8325.536
2009-11-26 13:00:00,6592.1304,7566.426,9804.947,7000.1494,8326.345
2009-11-26 14:00:00,6592.679,7568.1675,9806.728,7000.9136,8326.369
2009-11-26 15:00:00,6595.022,7570.1367,9808.137,7003.298,8326.531
2009-11-26 16:00:00,6595.7466,7571.6924,9809.796,7004.768,8326.576
2009-11-26 17:00:00,6596.563,7573.3706,9815.499,7006.274,8328.19
2009-11-26 18:00:00,6597.304,7574.4565,9818.512,7006.616,8328.338
2009-11-26 19:00:00,6597.9062,7576.162,9820.887,7007.3906,8329.146
2009-11-26 20:00:00,6598.8774,7577.0044,9828.45,7007.9194,8330.436
2009-11-26 21:00:00,6599.384,7578.268,9832.481,7008.401,8330.916
2009-11-26 22:00:00,6599.907,7579.3604,9832.687,7008.948,8331.017
2009-11-26 23:00:00,6600.8623,7580.734,9834.514,7009.8564,8331.538
2009-11-27 00:00:00,6602.036,7582.0967,9835.966,7011.0083,8331.538
2009-11-27 01:00:00,6603.138,7582.8833,9836.855,7011.5938,8332.486
2009-11-27 02:00:00,6603.5894,7583.0083,9840.812,7011.905,8334.338
2009-11-27 03:00:00,6603.6924,7583.038,9842.839,7011.9937,8335.794
2009-11-27 04:00:00,6603.794,7583.038,9842.839,7011.9937,8335.794
2009-11-27 05:00:00,6603.794,7583.038,9842.9,7011.9937,8336.237
2009-11-27 06:00:00,6603.9185,7583.2114,9845.542,7012.1836,8336.274
2009-11-27 07:00:00,6604.081,7583.2114,9848.225,7012.3013,8337.612
2009-11-27 08:00:00,6604.518,7583.3413,9849.545,7013.0425,8338.807
2009-11-27 09:00:00,6605.732,7583.348,9850.671,7013.891,8339.3545
2009-11-27 10:00:00,6605.931,7583.3633,9851.56,7014.3433,8339.3545
2009-11-27 11:00:00,6606.079,7583.3633,9852.552,7014.3433,8339.594
2009-11-27 12:00:00,6606.079,7583.3633,9853.347,7014.3433,8339.716
2009-11-27 13:00:00,6606.079,7583.3633,9855.084,7014.3433,8339.716
2009-11-27 14:00:00,6606.079,7583.3633,9856.463,7014.3433,8340.1045
2009-11-27 15:00:00,6606.079,7583.3633,9857.738,7014.3433,8340.75
2009-11-27 16:00:00,6606.079,7583.3633,9858.088,7014.3433,8342.375
2009-11-27 17:00:00,6606.079,7583.3633,9859.523,7014.3433,8342.921
2009-11-27 18:00:00,6606.3223,7583.567,9861.226,7014.584,8344.144
2009-11-27 19:00:00,6606.7334,7583.6973,9863.108,7014.7983,8347.064
2009-11-27 20:00:00,6606.8047,7583.99,9863.108,7014.7983,8347.678
2009-11-27 21:00:00,6606.8047,7583.99,9863.108,7014.7983,8347.678
2009-11-27 22:00:00,6606.8047,7583.99,9863.108,7014.7983,8347.714
2009-11-27 23:00:00,6606.8047,7583.99,9863.641,7014.7983,8348.257
2009-11-28 00:00:00,6606.8047,7583.99,9863.641,7014.7983,8348.257
2009-11-28 01:00:00,6606.8047,7583.99,9863.641,7014.7983,8348.257
2009-11-28 02:00:00,6606.8047,7583.99,9863.799,7014.7983,8348.257
2009-11-28 03:00:00,6606.8047,7583.99,9864.088,7014.7983,8348.257
2009-11-28 04:00:00,6606.8047,7583.99,9864.088,7014.7983,8348.257
2009-11-28 05:00:00,6606.8047,7583.99,9864.166,7014.7983,8348.257
2009-11-28 06:00:00,6606.8047,7583.99,9864.555,7014.7983,8348.257
2009-11-28 07:00:00,6606.8047,7583.99,9864.555,7014.7983,8348.257
2009-11-28 08:00:00,6606.8047,7583.99,9864.555,7014.7983,8348.257
2009-11-28 09:00:00,6606.8047,7583.99,9864.555,7014.7983,8348.257
2009-11-28 10:00:00,6606.8047,7583.99,9864.555,7014.7983,8348.257
2009-11-28 11:00:00,6606.8047,7583.99,9864.555,7014.7983,8348.257
2009-11-28 12:00:00,6606.8047,7583.99,9864.555,7014.7983,8348.257
2009-11-28 13:00:00,6606.8047,7583.99,9864.555,7014.7983,8348.257
2009-11-28 14:00:00,6606.8047,7583.99,9864.555,7014.7983,8348.257
2009-11-28 15:00:00,6606.8047,7583.99,9864.555,7014.7983,8348.257
2009-11-28 16:00:00,6606.8047,7583.99,9864.555,7014.7983,8348.257
2009-11-28 17:00:00,6606.8047,7583.99,9864.555,7014.7983,8348.257
2009-11-28 18:00:00,6606.8047,7583.99,9864.555,7014.7983,8348.257
2009-11-28 19:00:00,6606.8047,7583.99,9864.555,7014.7983,8348.257
2009-11-28 20:00:00,6606.8047,7583.99,9864.555,7014.7983,8348.257
2009-11-28 21:00:00,6606.8047,7583.99,9864.555,7014.7983,8348.257
2009-11-28 22:00:00,6606.8047,7583.99,9864.555,7014.7983,8348.257
2009-11-28 23:00:00,6606.8047,7583.99,9864.555,7014.7983,8348.257
2009-11-29 00:00:00,6606.8047,7583.99,9864.555,7014.7983,8348.257
2009-11-29 01:00:00,6606.8047,7583.99,9864.555,7014.7983,8348.257
2009-11-29 02:00:00,6606.8047,7583.99,9864.555,7014.7983,8348.257
2009-11-29 03:00:00,6606.8047,7583.99,9864.555,7014.7983,8348.257
2009-11-29 04:00:00,6606.8047,7583.99,9864.555,7014.7983,8348.257
2009-11-29 05:00:00,6606.8047,7583.99,9864.555,7014.7983,8348.257
2009-11-29 06:00:00,6606.8047,7583.99,9864.555,7014.7983,8348.257
2009-11-29 07:00:00,6606.8047,7583.99,9864.555,7014.7983,8348.257
2009-11-29 08:00:00,6606.8047,7583.99,9864.555,7014.7983,8348.257
2009-11-29 09:00:00,6606.8047,7583.99,9864.555,7014.7983,8348.257
2009-11-29 10:00:00,6606.8047,7583.99,9864.555,7014.7983,8348.257
2009-11-29 11:00:00,6606.8047,7583.99,9864.555,7014.7983,8348.257
2009-11-29 12:00:00,6606.8047,7583.99,9864.555,7014.7983,8348.257
2009-11-29 13:00:00,6606.8047,7583.99,9864.555,7014.7983,8348.257
2009-11-29 14:00:00,6606.8047,7583.99,9864.555,7014.7983,8348.257
2009-11-29 15:00:00,6606.8047,7583.99,9864.555,7014.7983,8348.257
2009-11-29 16:00:00,6606.8047,7583.99,9864.555,7014.7983,8348.257
2009-11-29 17:00:00,6606.8047,7583.99,9864.555,7014.7983,8348.257
2009-11-29 18:00:00,6606.8047,7583.99,9864.555,7014.7983,8348.257
2009-11-29 19:00:00,6606.8047,7583.99,9864.555,7014.7983,8348.257
2009-11-29 20:00:00,6606.8047,7583.99,9864.555,7014.7983,8348.257
2009-11-29 21:00:00,6606.8047,7583.99,9864.555,7014.7983,8348.257
2009-11-29 22:00:00,6606.8047,7583.99,9864.555,7014.7983,8348.257
2009-11-29 23:00:00,6606.8047,7583.99,9864.555,7014.7983,8348.257
2009-11-30 00:00:00,6606.8047,7583.99,9864.555,7014.7983,8348.257
2009-11-30 01:00:00,6606.8047,7583.99,9864.555,7014.7983,8348.257
2009-11-30 02:00:00,6606.8047,7583.99,9864.555,7014.7983,8348.257
2009-11-30 03:00:00,6606.8047,7583.99,9864.555,7014.7983,8348.257
2009-11-30 04:00:00,6606.8047,7583.99,9864.555,7014.7983,8348.257
2009-11-30 05:00:00,6606.8047,7583.99,9864.555,7014.7983,8348.257
2009-11-30 06:00:00,6606.8047,7583.99,9864.555,7014.7983,8348.257
2009-11-30 07:00:00,6606.8047,7583.99,9864.555,7014.7983,8348.257
2009-11-30 08:00:00,6606.8047,7583.99,9864.555,7014.7983,8348.257
2009-11-30 09:00:00,6606.8047,7583.99,9864.555,7014.7983,8348.257
2009-11-30 10:00:00,6606.8047,7583.99,9864.555,7014.7983,8348.257
2009-11-30 11:00:00,6606.8047,7583.99,9864.555,7014.7983,8348.257
2009-11-30 12:00:00,6606.8047,7583.99,9864.555,7014.7983,8348.257
2009-11-30 13:00:00,6606.8047,7583.99,9864.555,7014.7983,8348.257
2009-11-30 14:00:00,6606.8047,7583.99,9864.555,7014.7983,8348.257
2009-11-30 15:00:00,6606.8047,7583.99,9864.555,7014.7983,8348.257
2009-11-30 16:00:00,6606.8047,7583.99,9864.555,7014.7983,8348.257
2009-11-30 17:00:00,6606.8047,7583.99,9864.555,7014.7983,8348.257
2009-11-30 18:00:00,6606.8047,7583.99,9864.555,7014.7983,8348.257
2009-11-30 19:00:00,6606.8047,7583.99,9864.555,7014.7983,8348.257
2009-11-30 20:00:00,6606.8047,7584.1636,9864.555,7014.7983,8348.602
2009-11-30 21:00:00,6606.8047,7584.1636,9864.555,7014.7983,8348.889
2009-11-30 22:00:00,6606.8047,7584.1636,9864.555,7014.7983,8348.978
2009-11-30 23:00:00,6606.8047,7584.1636,9864.6,7014.7983,8348.978
2009-12-01 00:00:00,6606.954,7584.1636,9864.604,7014.7983,8349.057
2009-12-01 01:00:00,6606.954,7584.285,9864.604,7014.7983,8349.057
2009-12-01 02:00:00,6606.954,7584.285,9864.766,7014.7983,8349.057
2009-12-01 03:00:00,6606.954,7584.285,9865.332,7014.7983,8349.34
2009-12-01 04:00:00,6606.954,7584.285,9865.53,7014.7983,8349.817
2009-12-01 05:00:00,6606.954,7584.285,9865.53,7014.7983,8349.817
2009-12-01 06:00:00,6606.954,7584.285,9865.53,7014.7983,8350.446
2009-12-01 07:00:00,6606.954,7584.285,9865.53,7014.7983,8351.247
2009-12-01 08:00:00,6606.954,7584.285,9865.53,7014.7983,8351.461
2009-12-01 09:00:00,6606.954,7584.285,9865.53,7014.7983,8351.461
2009-12-01 10:00:00,6606.954,7584.285,9865.53,7014.7983,8351.461
2009-12-01 11:00:00,6606.954,7584.285,9865.53,7014.7983,8351.461
2009-12-01 12:00:00,6606.954,7584.285,9865.53,7014.7983,8351.461
2009-12-01 13:00:00,6606.954,7584.285,9865.53,7014.7983,8351.461
2009-12-01 14:00:00,6606.954,7584.285,9865.53,7014.7983,8351.461
2009-12-01 15:00:00,6606.954,7584.285,9865.53,7014.7983,8351.461
2009-12-01 16:00:00,6606.954,7584.285,9865.53,7014.7983,8351.461
2009-12-01 17:00:00,6606.954,7584.285,9865.53,7014.7983,8351.461
2009-12-01 18:00:00,6606.954,7584.285,9865.53,7014.7983,8351.461
2009-12-01 19:00:00,6606.954,7584.285,9865.53,7014.7983,8351.461
2009-12-01 20:00:00,6606.954,7584.285,9865.53,7014.7983,8351.461
2009-12-01 21:00:00,6606.954,7584.285,9865.53,7014.7983,8351.461
2009-12-01 22:00:00,6606.954,7584.285,9865.53,7014.7983,8351.461
2009-12-01 23:00:00,6606.954,7584.285,9865.53,7014.7983,8351.461
2009-12-02 00:00:00,6606.954,7584.285,9865.53,7014.7983,8351.461
2009-12-02 01:00:00,6606.954,7584.285,9865.53,7014.7983,8351.461
2009-12-02 02:00:00,6606.954,7584.285,9865.53,7014.7983,8351.461
2009-12-02 03:00:00,6606.954,7584.285,9865.53,7014.7983,8351.461
2009-12-02 04:00:00,6606.954,7584.285,9865.53,7014.7983,8351.461
2009-12-02 05:00:00,6606.954,7584.285,9865.53,7014.7983,8351.461
2009-12-02 06:00:00,6606.954,7584.285,9865.53,7014.7983,8351.461
2009-12-02 07:00:00,6606.954,7584.285,9865.53,7014.7983,8351.461
2009-12-02 08:00:00,6606.954,7584.285,9865.53,7014.7983,8351.461
2009-12-02 09:00:00,6606.954,7584.285,9865.53,7014.7983,8351.461
2009-12-02 10:00:00,6606.954,7584.285,9865.53,7014.7983,8351.461
2009-12-02 11:00:00,6606.954,7584.285,9865.53,7014.7983,8351.461
2009-12-02 12:00:00,6606.954,7584.285,9865.53,7014.7983,8351.461
2009-12-02 13:00:00,6606.954,7584.285,9865.53,7014.7983,8351.461
2009-12-02 14:00:00,6606.954,7584.285,9865.53,7014.7983,8351.461
2009-12-02 15:00:00,6606.954,7584.285,9865.53,7014.7983,8351.461
2009-12-02 16:00:00,6606.954,7584.285,9865.53,7014.7983,8351.461
2009-12-02 17:00:00,6606.954,7584.285,9865.53,7014.7983,8351.461
2009-12-02 18:00:00,6606.954,7584.285,9865.53,7014.7983,8351.461
2009-12-02 19:00:00,6606.954,7584.285,9865.53,7014.7983,8351.461
2009-12-02 20:00:00,6606.954,7584.285,9865.53,7014.7983,8351.461
2009-12-02 21:00:00,6606.954,7584.285,9865.53,7014.7983,8351.461
2009-12-02 22:00:00,6606.954,7584.285,9865.53,7014.7983,8351.461
2009-12-02 23:00:00,6606.954,7584.285,9865.53,7014.7983,8351.461
2009-12-03 00:00:00,6606.954,7584.285,9865.53,7014.7983,8351.461
2009-12-03 01:00:00,6606.954,7584.285,9865.53,7014.7983,8351.461
2009-12-03 02:00:00,6606.954,7584.285,9865.53,7014.7983,8351.461
2009-12-03 03:00:00,6606.954,7584.285,9865.53,7014.7983,8351.461
2009-12-03 04:00:00,6606.954,7584.285,9865.53,7014.7983,8351.461
2009-12-03 05:00:00,6606.954,7584.285,9865.53,7014.7983,8351.461
2009-12-03 06:00:00,6606.954,7584.285,9865.53,7014.7983,8351.461
2009-12-03 07:00:00,6606.954,7584.285,9865.53,7014.7983,8351.461
2009-12-03 08:00:00,6606.954,7584.285,9865.53,7014.7983,8351.461
2009-12-03 09:00:00,6606.954,7584.285,9865.53,7014.7983,8351.461
2009-12-03 10:00:00,6606.954,7584.285,9865.53,7014.7983,8351.461
2009-12-03 11:00:00,6606.954,7584.285,9865.53,7014.7983,8351.461
2009-12-03 12:00:00,6606.954,7584.285,9865.53,7014.7983,8351.461
2009-12-03 13:00:00,6606.954,7584.285,9865.53,7014.7983,8351.461
2009-12-03 14:00:00,6606.954,7584.285,9865.53,7014.7983,8351.461
2009-12-03 15:00:00,6606.954,7584.285,9865.53,7014.7983,8351.461
2009-12-03 16:00:00,6606.954,7584.285,9865.53,7014.7983,8351.461
2009-12-03 17:00:00,6606.954,7584.285,9865.53,7014.7983,8351.461
2009-12-03 18:00:00,6606.954,7584.285,9865.53,7014.7983,8351.461
2009-12-03 19:00:00,6606.954,7584.285,9865.53,7014.7983,8351.461
2009-12-03 20:00:00,6606.954,7584.285,9865.53,7014.912,8351.461
2009-12-03 21:00:00,6606.954,7584.285,9865.53,7015.3374,8351.461
2009-12-03 22:00:00,6606.954,7584.285,9865.53,7015.7563,8351.461
2009-12-03 23:00:00,6606.954,7584.285,9865.53,7016.1743,8351.461
2009-12-04 00:00:00,6606.954,7584.285,9865.53,7016.6143,8351.461
2009-12-04 01:00:00,6606.954,7584.285,9865.53,7017.5054,8351.461
2009-12-04 02:00:00,6607.13,7584.285,9865.53,7018.104,8351.461
2009-12-04 03:00:00,6607.5166,7584.285,9865.53,7018.4907,8351.461
2009-12-04 04:00:00,6607.8936,7584.285,9865.53,7018.8677,8351.461
2009-12-04 05:00:00,6608.185,7584.285,9865.53,7018.8784,8351.461
2009-12-04 06:00:00,6608.185,7584.285,9865.53,7018.8784,8351.461
2009-12-04 07:00:00,6608.185,7584.285,9865.53,7018.8784,8351.461
2009-12-04 08:00:00,6608.185,7584.285,9865.53,7018.8784,8351.461
2009-12-04 09:00:00,6608.185,7584.285,9865.53,7018.8784,8351.461
2009-12-04 10:00:00,6608.185,7584.285,9865.53,7018.8784,8351.461
2009-12-04 11:00:00,6608.185,7584.285,9865.53,7018.8784,8351.461
2009-12-04 12:00:00,6608.185,7584.285,9865.53,7018.8784,8351.461
2009-12-04 13:00:00,6608.185,7584.285,9865.53,7018.8784,8351.461
2009-12-04 14:00:00,6608.185,7584.285,9865.53,7018.8784,8351.461
2009-12-04 15:00:00,6608.185,7584.285,9865.53,7018.8784,8351.461
2009-12-04 16:00:00,6608.185,7584.285,9865.53,7018.8784,8351.461
2009-12-04 17:00:00,6608.185,7584.285,9865.53,7018.8784,8351.461
2009-12-04 18:00:00,6608.185,7584.285,9865.53,7018.8784,8351.461
2009-12-04 19:00:00,6608.185,7584.285,9865.53,7018.8784,8351.461
2009-12-04 20:00:00,6608.185,7584.285,9865.53,7018.8784,8351.461
2009-12-04 21:00:00,6608.185,7584.285,9865.53,7018.8784,8351.461
2009-12-04 22:00:00,6608.185,7584.285,9865.53,7018.8784,8351.461
2009-12-04 23:00:00,6608.185,7584.285,9865.53,7018.8784,8351.461
2009-12-05 00:00:00,6608.185,7584.285,9865.53,7018.8784,8351.461
2009-12-05 01:00:00,6608.185,7584.285,9865.53,7018.8784,8351.461
2009-12-05 02:00:00,6608.185,7584.285,9865.53,7018.8784,8351.461
2009-12-05 03:00:00,6608.185,7584.285,9865.53,7018.8784,8351.461
2009-12-05 04:00:00,6608.185,7584.285,9865.53,7018.8784,8351.461
2009-12-05 05:00:00,6608.185,7584.285,9865.53,7018.8784,8351.461
2009-12-05 06:00:00,6608.185,7584.285,9865.53,7018.8784,8351.461
2009-12-05 07:00:00,6608.185,7584.285,9865.53,7018.8784,8351.461
2009-12-05 08:00:00,6608.185,7584.285,9865.53,7018.8784,8351.461
2009-12-05 09:00:00,6608.185,7584.285,9865.53,7018.8784,8351.461
2009-12-05 10:00:00,6608.185,7584.285,9865.53,7018.8784,8351.461
2009-12-05 11:00:00,6608.185,7584.285,9865.53,7018.8784,8351.461
2009-12-05 12:00:00,6608.185,7584.285,9865.53,7018.8784,8351.461
2009-12-05 13:00:00,6608.185,7584.285,9865.53,7018.8784,8351.461
2009-12-05 14:00:00,6608.185,7584.285,9865.53,7018.8784,8351.461
2009-12-05 15:00:00,6608.185,7584.285,9865.53,7018.8784,8351.461
2009-12-05 16:00:00,6608.185,7584.285,9865.53,7018.8784,8351.461
2009-12-05 17:00:00,6608.185,7584.285,9865.53,7018.8784,8351.461
2009-12-05 18:00:00,6608.185,7584.285,9865.53,7018.8784,8351.461
2009-12-05 19:00:00,6608.185,7584.285,9865.53,7018.8784,8351.461
2009-12-05 20:00:00,6608.185,7584.285,9865.53,7018.8784,8351.461
2009-12-05 21:00:00,6608.185,7584.285,9865.53,7018.8784,8351.461
2009-12-05 22:00:00,6608.185,7584.285,9865.53,7018.8784,8351.461
2009-12-05 23:00:00,6608.185,7584.285,9865.53,7018.8784,8351.461
2009-12-06 00:00:00,6608.378,7584.4854,9865.53,7018.9385,8351.461
2009-12-06 01:00:00,6608.378,7584.4854,9865.53,7018.9385,8351.461
2009-12-06 02:00:00,6608.395,7584.4854,9865.53,7018.9385,8351.461
2009-12-06 03:00:00,6608.6045,7584.4854,9865.53,7018.9385,8351.461
2009-12-06 04:00:00,6608.185,7584.285,9865.53,7018.8784,8351.461
2009-12-06 05:00:00,6608.185,7584.285,9865.53,7018.8784,8351.461
2009-12-06 06:00:00,6608.185,7584.285,9865.53,7018.8784,8351.461
2009-12-06 07:00:00,6608.185,7584.285,9865.53,7018.8784,8351.461
2009-12-06 08:00:00,6608.185,7584.285,9865.53,7018.8784,8351.461
2009-12-06 09:00:00,6608.316,7584.4854,9865.53,7018.9385,8351.461
2009-12-06 10:00:00,6608.378,7584.4854,9865.53,7018.9385,8351.461
2009-12-06 11:00:00,6608.378,7584.4854,9865.53,7018.9385,8351.461
2009-12-06 12:00:00,6608.378,7584.4854,9865.53,7018.9385,8351.461
2009-12-06 13:00:00,6608.378,7584.4854,9865.53,7018.9385,8351.461
2009-12-06 14:00:00,6608.378,7584.4854,9865.53,7018.9385,8351.461
2009-12-06 15:00:00,6608.378,7584.4854,9865.53,7018.9385,8351.461
2009-12-06 16:00:00,6608.378,7584.4854,9865.53,7018.9385,8351.461
2009-12-06 17:00:00,6608.378,7584.4854,9865.53,7018.9385,8351.461
2009-12-06 18:00:00,6608.378,7584.4854,9865.53,7018.9385,8351.461
2009-12-06 19:00:00,6608.378,7584.4854,9865.53,7018.9385,8351.461
2009-12-06 20:00:00,6608.378,7584.4854,9865.53,7018.9385,8351.461
2009-12-06 21:00:00,6608.378,7584.4854,9865.53,7018.9385,8351.461
2009-12-06 22:00:00,6608.378,7584.4854,9865.53,7018.9385,8351.461
2009-12-06 23:00:00,6608.378,7584.4854,9865.53,7018.9385,8351.461
2009-12-07 00:00:00,6609.631,7584.4854,9865.881,7018.9385,8351.461
2009-12-07 01:00:00,6610.435,7584.4854,9866.046,7018.9385,8351.461
2009-12-07 02:00:00,6610.4854,7584.7866,9866.428,7018.9385,8351.791
2009-12-07 03:00:00,6610.7017,7586.0645,9866.562,7019.0586,8352.572
2009-12-07 04:00:00,6610.88,7587.0415,9867.242,7019.0586,8353.68
2009-12-07 05:00:00,6610.999,7587.0415,9867.242,7019.0586,8353.68
2009-12-07 06:00:00,6610.999,7587.0415,9867.242,7019.0586,8353.68
2009-12-07 07:00:00,6610.999,7587.0415,9867.242,7019.0586,8353.68
2009-12-07 08:00:00,6610.999,7587.0415,9867.242,7019.0586,8353.68
2009-12-07 09:00:00,6610.999,7587.0415,9867.242,7019.0586,8353.68
2009-12-07 10:00:00,6610.999,7587.0415,9867.242,7019.0586,8353.68
2009-12-07 11:00:00,6610.999,7587.0415,9867.242,7019.0586,8353.68
2009-12-07 12:00:00,6610.999,7587.0415,9867.242,7019.0586,8353.68
2009-12-07 13:00:00,6610.999,7587.0415,9867.242,7019.0586,8353.68
2009-12-07 14:00:00,6610.999,7587.0415,9867.242,7019.0586,8353.68
2009-12-07 15:00:00,6610.999,7587.0415,9867.242,7019.0586,8353.68
2009-12-07 16:00:00,6610.999,7587.0415,9867.242,7019.0586,8353.68
2009-12-07 17:00:00,6610.999,7587.0415,9867.242,7019.0586,8353.68
2009-12-07 18:00:00,6610.999,7587.0415,9867.242,7019.0586,8353.68
2009-12-07 19:00:00,6610.999,7587.0415,9867.242,7019.0586,8353.68
2009-12-07 20:00:00,6610.999,7587.0415,9867.242,7019.0586,8353.68
2009-12-07 21:00:00,6610.999,7587.0415,9867.242,7019.0586,8353.68
2009-12-07 22:00:00,6610.999,7587.0415,9867.242,7019.0586,8353.68
2009-12-07 23:00:00,6610.999,7587.0415,9867.242,7019.0586,8353.68
2009-12-08 00:00:00,6610.999,7587.0415,9867.242,7019.0586,8353.68
2009-12-08 01:00:00,6610.999,7587.0415,9867.242,7019.0586,8353.68
2009-12-08 02:00:00,6610.999,7587.0415,9867.242,7019.0586,8353.68
2009-12-08 03:00:00,6610.999,7587.0415,9867.242,7019.0586,8353.68
2009-12-08 04:00:00,6610.999,7587.0415,9867.242,7019.0586,8353.68
2009-12-08 05:00:00,6610.999,7587.0415,9867.242,7019.0586,8353.68
2009-12-08 06:00:00,6610.999,7587.0415,9867.242,7019.0586,8353.68
2009-12-08 07:00:00,6610.999,7587.0415,9867.242,7019.0586,8353.68
2009-12-08 08:00:00,6610.999,7587.0415,9867.242,7019.0586,8353.68
2009-12-08 09:00:00,6610.999,7587.0415,9867.242,7019.0586,8353.68
2009-12-08 10:00:00,6610.999,7587.0415,9867.242,7019.0586,8353.68
2009-12-08 11:00:00,6610.999,7587.0415,9867.242,7019.0586,8353.68
2009-12-08 12:00:00,6610.999,7587.0415,9867.242,7019.0586,8353.68
2009-12-08 13:00:00,6610.999,7587.0415,9867.242,7019.0586,8353.68
2009-12-08 14:00:00,6610.999,7587.0415,9867.242,7019.0586,8353.68
2009-12-08 15:00:00,6610.999,7587.0415,9867.242,7019.0586,8353.68
2009-12-08 16:00:00,6610.999,7587.0415,9867.242,7019.0586,8353.68
2009-12-08 17:00:00,6610.999,7587.0415,9867.242,7019.0586,8353.68
2009-12-08 18:00:00,6610.999,7587.0415,9867.242,7019.0586,8353.68
2009-12-08 19:00:00,6610.999,7587.0415,9867.242,7019.0586,8353.68
2009-12-08 20:00:00,6610.999,7587.0415,9867.242,7019.0586,8353.68
2009-12-08 21:00:00,6610.999,7587.0415,9867.242,7019.0586,8353.68
2009-12-08 22:00:00,6610.999,7587.0415,9867.242,7019.0586,8353.68
2009-12-08 23:00:00,6610.999,7587.0415,9867.242,7019.0586,8353.68
2009-12-09 00:00:00,6610.999,7587.0415,9867.242,7019.0586,8353.68
2009-12-09 01:00:00,6610.999,7587.0415,9867.242,7019.0586,8353.68
2009-12-09 02:00:00,6610.999,7587.0415,9867.242,7019.0586,8353.68
2009-12-09 03:00:00,6610.999,7587.0415,9867.242,7019.0586,8353.68
2009-12-09 04:00:00,6610.999,7587.0415,9867.242,7019.0586,8353.68
2009-12-09 05:00:00,6610.999,7587.0415,9867.242,7019.0586,8353.68
2009-12-09 06:00:00,6610.999,7587.0415,9867.242,7019.0586,8353.68
2009-12-09 07:00:00,6610.999,7587.0415,9867.242,7019.0586,8353.68
2009-12-09 08:00:00,6610.999,7587.0415,9867.242,7019.0586,8353.68
2009-12-09 09:00:00,6610.999,7587.0415,9867.242,7019.0586,8353.68
2009-12-09 10:00:00,6610.999,7587.0415,9867.242,7019.0586,8353.68
2009-12-09 11:00:00,6610.999,7587.0415,9867.242,7019.0586,8353.68
2009-12-09 12:00:00,6610.999,7587.0415,9867.242,7019.0586,8353.68
2009-12-09 13:00:00,6610.999,7587.17,9867.242,7019.0586,8353.68
2009-12-09 14:00:00,6610.999,7587.891,9867.242,7019.0586,8353.68
2009-12-09 15:00:00,6610.999,7588.4785,9867.242,7019.0825,8353.68
2009-12-09 16:00:00,6610.999,7588.732,9867.325,7019.4287,8353.68
2009-12-09 17:00:00,6610.999,7588.9053,9867.616,7019.877,8353.836
2009-12-09 18:00:00,6610.999,7589.06,9867.83,7020.8403,8353.943
2009-12-09 19:00:00,6611.3047,7589.06,9867.83,7021.0776,8353.954
2009-12-09 20:00:00,6611.3047,7589.06,9867.83,7021.0776,8353.954
2009-12-09 21:00:00,6611.3047,7589.132,9867.83,7021.0776,8353.954
2009-12-09 22:00:00,6611.3047,7589.617,9867.83,7021.1636,8353.954
2009-12-09 23:00:00,6611.413,7590.156,9867.83,7021.8926,8353.954
2009-12-10 00:00:00,6612.269,7590.6626,9867.83,7022.467,8353.954
2009-12-10 01:00:00,6612.346,7590.6626,9867.83,7022.467,8353.954
2009-12-10 02:00:00,6612.346,7590.6626,9867.83,7022.467,8353.954
2009-12-10 03:00:00,6612.346,7590.9014,9868.152,7022.467,8353.954
2009-12-10 04:00:00,6612.346,7591.087,9868.216,7022.563,8353.954
2009-12-10 05:00:00,6612.3867,7591.087,9868.216,7022.563,8353.954
2009-12-10 06:00:00,6612.3867,7591.087,9868.216,7022.563,8353.954
2009-12-10 07:00:00,6612.3867,7591.087,9868.216,7022.563,8353.954
2009-12-10 08:00:00,6612.3867,7591.3477,9868.216,7022.563,8353.954
2009-12-10 09:00:00,6612.3867,7591.357,9868.216,7022.563,8353.954
2009-12-10 10:00:00,6612.4775,7591.357,9868.216,7022.563,8353.954
2009-12-10 11:00:00,6612.4775,7591.357,9868.216,7022.563,8353.954
2009-12-10 12:00:00,6612.4775,7591.357,9868.216,7022.563,8354.163
2009-12-10 13:00:00,6612.4775,7591.357,9868.216,7022.563,8354.416
2009-12-10 14:00:00,6612.4775,7591.357,9868.216,7022.563,8354.416
2009-12-10 15:00:00,6612.4775,7591.357,9868.216,7022.563,8354.416
2009-12-10 16:00:00,6612.4775,7591.357,9868.216,7022.563,8354.416
2009-12-10 17:00:00,6612.4775,7591.357,9868.216,7022.563,8354.416
2009-12-10 18:00:00,6612.4775,7591.357,9868.216,7022.563,8354.416
2009-12-10 19:00:00,6612.4775,7591.357,9868.232,7022.563,8354.416
2009-12-10 20:00:00,6612.4775,7591.357,9868.232,7022.7188,8354.487
2009-12-10 21:00:00,6612.4775,7591.5493,9868.232,7022.7188,8354.487
2009-12-10 22:00:00,6612.4775,7591.5493,9868.232,7022.7188,8354.487
2009-12-10 23:00:00,6612.4775,7591.5493,9868.232,7022.7188,8354.487
2009-12-11 00:00:00,6612.4775,7591.5493,9868.232,7022.7188,8354.487
2009-12-11 01:00:00,6612.4775,7591.5493,9868.232,7022.7188,8354.487
2009-12-11 02:00:00,6612.4775,7591.5493,9868.232,7022.7188,8354.487
2009-12-11 03:00:00,6612.4775,7591.5493,9868.232,7022.7188,8354.487
2009-12-11 04:00:00,6612.4775,7591.5493,9868.232,7022.7188,8354.487
2009-12-11 05:00:00,6612.4775,7591.5493,9868.232,7022.7188,8354.487
2009-12-11 06:00:00,6612.4775,7591.5493,9868.232,7022.7188,8354.487
2009-12-11 07:00:00,6612.4775,7591.5493,9868.232,7022.7188,8354.487
2009-12-11 08:00:00,6612.4775,7591.5493,9868.232,7022.7188,8354.487
2009-12-11 09:00:00,6612.4775,7591.5493,9868.232,7022.7188,8354.487
2009-12-11 10:00:00,6612.4775,7591.5493,9868.232,7022.7188,8354.487
2009-12-11 11:00:00,6612.4775,7591.5493,9868.232,7022.7188,8354.487
2009-12-11 12:00:00,6612.4775,7591.5493,9868.232,7022.7188,8354.487
2009-12-11 13:00:00,6612.4775,7591.5493,9868.232,7022.7188,8354.487
2009-12-11 14:00:00,6612.4775,7591.5493,9868.232,7022.7188,8354.487
2009-12-11 15:00:00,6612.4775,7591.5493,9868.232,7022.7188,8354.487
2009-12-11 16:00:00,6612.4775,7591.5493,9868.232,7022.7188,8354.487
2009-12-11 17:00:00,6612.4775,7591.5493,9868.232,7022.7188,8354.487
2009-12-11 18:00:00,6612.4775,7591.5493,9868.232,7022.7188,8354.487
2009-12-11 19:00:00,6612.4775,7591.5493,9868.232,7022.7188,8354.487
2009-12-11 20:00:00,6612.4775,7591.5493,9868.232,7022.7188,8354.487
2009-12-11 21:00:00,6612.4775,7591.5493,9868.232,7022.7188,8354.487
2009-12-11 22:00:00,6612.4775,7591.5493,9868.232,7022.7188,8354.487
2009-12-11 23:00:00,6612.4775,7591.5493,9868.232,7022.7188,8354.487
2009-12-12 00:00:00,6612.4775,7591.5493,9868.232,7022.7188,8354.487
2009-12-12 01:00:00,6612.4775,7591.5493,9868.232,7022.7188,8354.487
2009-12-12 02:00:00,6612.4775,7591.5493,9868.232,7022.7188,8354.487
2009-12-12 03:00:00,6612.4775,7591.5493,9868.232,7022.7188,8354.487
2009-12-12 04:00:00,6612.4775,7591.5493,9868.232,7022.7188,8354.487
2009-12-12 05:00:00,6612.4775,7591.5493,9868.232,7022.7188,8354.487
2009-12-12 06:00:00,6612.4775,7591.5493,9868.232,7022.7188,8354.487
2009-12-12 07:00:00,6612.4775,7591.5493,9868.232,7022.7188,8354.487
2009-12-12 08:00:00,6612.4775,7591.5493,9868.232,7022.7188,8354.487
2009-12-12 09:00:00,6612.4775,7591.5493,9868.232,7022.7188,8354.487
2009-12-12 10:00:00,6612.4775,7591.5493,9868.232,7022.7188,8354.487
2009-12-12 11:00:00,6612.4775,7591.5493,9868.232,7022.7188,8354.487
2009-12-12 12:00:00,6612.4775,7591.5493,9868.232,7022.7188,8354.487
2009-12-12 13:00:00,6612.4775,7591.5493,9868.232,7022.7188,8354.487
2009-12-12 14:00:00,6612.4775,7591.5493,9868.232,7022.7188,8354.487
2009-12-12 15:00:00,6612.4775,7591.5493,9868.232,7022.7188,8354.487
2009-12-12 16:00:00,6612.4775,7591.5493,9868.232,7022.7188,8354.487
2009-12-12 17:00:00,6612.4775,7591.5493,9868.232,7022.7188,8354.487
2009-12-12 18:00:00,6612.4775,7591.5493,9868.232,7022.7188,8354.487
2009-12-12 19:00:00,6612.4775,7591.5493,9868.232,7022.7188,8354.487
2009-12-12 20:00:00,6612.4775,7591.5493,9868.232,7022.7188,8354.487
2009-12-12 21:00:00,6612.4775,7591.5493,9868.232,7022.7188,8354.487
2009-12-12 22:00:00,6612.4775,7591.5493,9868.232,7022.7188,8354.487
2009-12-12 23:00:00,6612.4775,7591.5493,9868.232,7022.7188,8354.487
2009-12-13 00:00:00,6618.921,7598.6387,9869.681,7028.4688,8362.783
2009-12-13 01:00:00,6619.014,7598.948,9869.681,7028.6147,8363.369
2009-12-13 02:00:00,6619.014,7599.1934,9869.681,7028.6147,8363.503
2009-12-13 03:00:00,6619.2114,7599.4346,9869.681,7028.834,8363.674
2009-12-13 04:00:00,6612.4775,7591.5493,9868.232,7022.7188,8354.487
2009-12-13 05:00:00,6612.4775,7591.5493,9868.232,7022.7188,8354.487
2009-12-13 06:00:00,6612.4775,7591.5493,9868.232,7022.7188,8354.487
2009-12-13 07:00:00,6612.4775,7591.5493,9868.232,7022.7188,8354.487
2009-12-13 08:00:00,6612.4775,7591.5493,9868.232,7022.7188,8354.487
2009-12-13 09:00:00,6612.4775,7591.5493,9868.232,7022.7188,8354.487
2009-12-13 10:00:00,6612.674,7591.6357,9868.232,7022.884,8354.487
2009-12-13 11:00:00,6612.967,7591.9287,9868.232,7023.177,8355.048
2009-12-13 12:00:00,6613.4326,7592.4585,9868.703,7023.6553,8355.634
2009-12-13 13:00:00,6614.0186,7593.0444,9869.289,7024.241,8356.22
2009-12-13 14:00:00,6614.6045,7593.6304,9869.681,7024.827,8356.806
2009-12-13 15:00:00,6614.904,7593.942,9869.681,7025.1655,8357.392
2009-12-13 16:00:00,6615.1978,7594.235,9869.681,7025.4585,8358.25
2009-12-13 17:00:00,6615.7837,7594.91,9869.681,7025.856,8358.79
2009-12-13 18:00:00,6616.5747,7595.5386,9869.681,7026.4,8359.126
2009-12-13 19:00:00,6617.094,7596.355,9869.681,7026.693,8359.712
2009-12-13 20:00:00,6617.387,7596.941,9869.681,7027.084,8360.439
2009-12-13 21:00:00,6617.68,7597.316,9869.681,7027.377,8361.025
2009-12-13 22:00:00,6618.2144,7597.7437,9869.681,7027.67,8361.611
2009-12-13 23:00:00,6618.628,7598.2495,9869.681,7027.967,8362.197
2009-12-14 00:00:00,6619.2495,7599.4346,9869.681,7029.222,8363.674
2009-12-14 01:00:00,6619.2495,7599.7188,9869.681,7029.3403,8363.674
2009-12-14 02:00:00,6619.3975,7600.0117,9869.681,7029.3403,8363.674
2009-12-14 03:00:00,6619.8813,7600.0117,9869.681,7029.3843,8363.674
2009-12-14 04:00:00,6619.8813,7600.0117,9869.681,7029.4507,8363.674
2009-12-14 05:00:00,6619.8813,7600.102,9869.681,7029.4507,8363.674
2009-12-14 06:00:00,6619.8813,7600.164,9869.681,7029.4507,8363.674
2009-12-14 07:00:00,6619.8813,7600.164,9869.681,7029.4507,8363.674
2009-12-14 08:00:00,6619.8813,7600.164,9869.681,7029.4507,8363.674
2009-12-14 09:00:00,6619.8813,7600.164,9869.681,7029.4507,8363.674
2009-12-14 10:00:00,6619.8813,7600.164,9869.681,7029.4507,8363.674
2009-12-14 11:00:00,6619.8813,7600.164,9869.681,7029.4507,8363.728
2009-12-14 12:00:00,6619.99,7600.164,9869.851,7029.4507,8364.184
2009-12-14 13:00:00,6620.005,7600.164,9870.135,7029.564,8364.458
2009-12-14 14:00:00,6620.2637,7600.164,9870.816,7029.564,8364.876
2009-12-14 15:00:00,6620.6475,7600.5376,9870.818,7029.728,8365.82
2009-12-14 16:00:00,6620.9404,7601.2925,9870.818,7030.0356,8366.47
2009-12-14 17:00:00,6621.177,7602.341,9870.926,7030.205,8367.391
2009-12-14 18:00:00,6621.4126,7602.8027,9870.926,7030.3315,8367.392
2009-12-14 19:00:00,6621.5293,7602.9297,9871.279,7030.3315,8367.618
2009-12-14 20:00:00,6621.5293,7603.0273,9871.674,7030.5317,8367.803
2009-12-14 21:00:00,6621.5293,7603.0557,9871.709,7030.5317,8367.803
2009-12-14 22:00:00,6621.5293,7603.0557,9871.709,7030.5317,8367.803
2009-12-14 23:00:00,6621.5293,7603.0557,9871.709,7030.5317,8367.803
2009-12-15 00:00:00,6621.5293,7603.0557,9871.709,7030.5317,8367.803
2009-12-15 01:00:00,6621.5293,7603.0557,9871.709,7030.5317,8367.803
2009-12-15 02:00:00,6621.5293,7603.0557,9871.709,7030.5317,8367.803
2009-12-15 03:00:00,6621.5293,7603.0557,9871.709,7030.5317,8367.803
2009-12-15 04:00:00,6621.5293,7603.0557,9871.709,7030.5317,8367.803
2009-12-15 05:00:00,6621.5293,7603.0557,9871.709,7030.5317,8367.803
2009-12-15 06:00:00,6621.5293,7603.0557,9871.78,7030.5317,8367.803
2009-12-15 07:00:00,6621.5293,7603.0557,9871.78,7030.5317,8367.803
2009-12-15 08:00:00,6621.5293,7603.0557,9871.78,7030.5317,8367.803
2009-12-15 09:00:00,6621.5293,7603.0557,9871.78,7030.5317,8367.803
2009-12-15 10:00:00,6621.5293,7603.0557,9871.78,7030.5317,8367.803
2009-12-15 11:00:00,6621.5293,7603.0557,9871.78,7030.5317,8367.803
2009-12-15 12:00:00,6621.5293,7603.0557,9871.78,7030.5317,8367.803
2009-12-15 13:00:00,6621.5293,7603.0557,9871.78,7030.5317,8367.803
2009-12-15 14:00:00,6621.5293,7603.0557,9871.78,7030.5317,8367.803
2009-12-15 15:00:00,6621.5293,7603.0557,9871.78,7030.5317,8367.803
2009-12-15 16:00:00,6621.5293,7603.0557,9871.78,7030.5317,8367.803
2009-12-15 17:00:00,6621.5293,7603.0557,9871.78,7030.5317,8367.803
2009-12-15 18:00:00,6621.5293,7603.0557,9871.78,7030.5317,8367.803
2009-12-15 19:00:00,6621.5293,7603.0557,9871.78,7030.5317,8367.803
2009-12-15 20:00:00,6621.5293,7603.0557,9871.78,7030.5317,8367.803
2009-12-15 21:00:00,6621.5293,7603.0557,9871.78,7030.5317,8367.803
2009-12-15 22:00:00,6621.5293,7603.0557,9871.78,7030.5317,8367.803
2009-12-15 23:00:00,6621.5293,7603.0557,9871.78,7030.5317,8367.803
2009-12-16 00:00:00,6621.5293,7603.0557,9871.78,7030.5317,8367.803
2009-12-16 01:00:00,6621.5293,7603.0557,9871.78,7030.5317,8367.803
2009-12-16 02:00:00,6621.5293,7603.0557,9871.78,7030.5317,8367.803
2009-12-16 03:00:00,6621.5293,7603.0557,9871.78,7030.5317,8367.803
2009-12-16 04:00:00,6621.5293,7603.0557,9871.78,7030.5317,8367.803
2009-12-16 05:00:00,6621.5293,7603.0557,9871.78,7030.5317,8367.803
2009-12-16 06:00:00,6621.5293,7603.0557,9871.78,7030.5317,8367.803
2009-12-16 07:00:00,6621.5293,7603.0557,9871.78,7030.5317,8367.803
2009-12-16 08:00:00,6621.5293,7603.0557,9871.78,7030.5317,8367.803
2009-12-16 09:00:00,6621.5293,7603.0557,9871.78,7030.5317,8367.803
2009-12-16 10:00:00,6621.5293,7603.0557,9871.78,7030.5317,8367.803
2009-12-16 11:00:00,6621.5293,7603.0557,9871.78,7030.5317,8367.803
2009-12-16 12:00:00,6621.5293,7603.0557,9871.78,7030.5317,8367.803
2009-12-16 13:00:00,6621.5293,7603.0557,9871.78,7030.5317,8367.803
2009-12-16 14:00:00,6621.5293,7603.0557,9871.78,7030.5317,8367.803
2009-12-16 15:00:00,6621.5293,7603.0557,9871.78,7030.5317,8367.803
2009-12-16 16:00:00,6621.5293,7603.0557,9871.78,7030.5317,8367.803
2009-12-16 17:00:00,6621.5293,7603.0557,9871.78,7030.5317,8367.803
2009-12-16 18:00:00,6621.5293,7603.0557,9871.78,7030.5317,8367.803
2009-12-16 19:00:00,6621.5293,7603.0557,9871.78,7030.5317,8367.803
2009-12-16 20:00:00,6621.5293,7603.0557,9871.78,7030.5317,8367.803
2009-12-16 21:00:00,6621.5293,7603.0557,9871.78,7030.5317,8367.803
2009-12-16 22:00:00,6621.5293,7603.0557,9871.78,7030.5317,8367.803
2009-12-16 23:00:00,6621.5293,7603.0557,9871.78,7030.5317,8367.803
2009-12-17 00:00:00,6621.5293,7603.0557,9871.78,7030.5317,8367.803
2009-12-17 01:00:00,6621.5293,7603.0557,9871.78,7030.5317,8367.803
2009-12-17 02:00:00,6621.5293,7603.0557,9871.78,7030.5317,8367.803
2009-12-17 03:00:00,6621.5293,7603.0557,9871.78,7030.5317,8367.803
2009-12-17 04:00:00,6621.5293,7603.0557,9871.78,7030.5317,8367.803
2009-12-17 05:00:00,6621.5293,7603.0557,9871.78,7030.5317,8367.803
2009-12-17 06:00:00,6621.5293,7603.0557,9871.78,7030.5317,8367.803
2009-12-17 07:00:00,6621.5293,7603.0557,9871.78,7030.5317,8367.803
2009-12-17 08:00:00,6621.5293,7603.0557,9871.78,7030.5317,8367.803
2009-12-17 09:00:00,6621.5293,7603.0557,9871.78,7030.5317,8367.803
2009-12-17 10:00:00,6621.5293,7603.0557,9871.78,7030.5317,8367.803
2009-12-17 11:00:00,6621.5293,7603.0557,9871.78,7030.5317,8367.803
2009-12-17 12:00:00,6621.5293,7603.0557,9871.78,7030.5317,8367.803
2009-12-17 13:00:00,6621.5293,7603.0557,9871.78,7030.5317,8367.803
2009-12-17 14:00:00,6621.5293,7603.0557,9871.78,7030.5317,8367.803
2009-12-17 15:00:00,6621.5293,7603.0557,9871.78,7030.5317,8367.803
2009-12-17 16:00:00,6621.5293,7603.0557,9871.78,7030.5317,8367.803
2009-12-17 17:00:00,6621.5293,7603.0557,9871.78,7030.5317,8367.803
2009-12-17 18:00:00,6621.5293,7603.0557,9871.78,7030.5317,8367.803
2009-12-17 19:00:00,6621.5293,7603.0557,9871.78,7030.5317,8367.803
2009-12-17 20:00:00,6621.5293,7603.0557,9871.78,7030.5317,8367.803
2009-12-17 21:00:00,6621.5293,7603.0557,9871.78,7030.5317,8367.803
2009-12-17 22:00:00,6621.5293,7603.0557,9871.78,7030.5317,8367.803
2009-12-17 23:00:00,6621.5293,7603.0557,9871.78,7030.5317,8367.803
2009-12-18 00:00:00,6621.5293,7603.0557,9871.78,7030.5317,8367.803
2009-12-18 01:00:00,6621.5293,7603.0557,9871.78,7030.5317,8367.803
2009-12-18 02:00:00,6621.5293,7603.0557,9871.78,7030.5317,8367.803
2009-12-18 03:00:00,6621.5293,7603.0557,9871.78,7030.5317,8367.803
2009-12-18 04:00:00,6621.5293,7603.0557,9871.78,7030.5317,8367.803
2009-12-18 05:00:00,6621.5293,7603.0557,9871.78,7030.5317,8367.803
2009-12-18 06:00:00,6621.5293,7603.0557,9871.78,7030.5317,8367.803
2009-12-18 07:00:00,6621.5293,7603.0557,9871.78,7030.5317,8367.803
2009-12-18 08:00:00,6621.5293,7603.0557,9871.78,7030.5317,8367.803
2009-12-18 09:00:00,6621.5293,7603.0557,9871.78,7030.5317,8367.803
2009-12-18 10:00:00,6621.5293,7603.0557,9871.78,7030.5317,8367.803
2009-12-18 11:00:00,6621.5293,7603.0557,9871.78,7030.5317,8367.803
2009-12-18 12:00:00,6621.5293,7603.0557,9871.78,7030.5317,8367.803
2009-12-18 13:00:00,6621.5293,7603.0557,9871.78,7030.5317,8367.803
2009-12-18 14:00:00,6621.5293,7603.0557,9871.78,7030.5317,8368.083
2009-12-18 15:00:00,6621.5293,7603.0557,9871.78,7030.5317,8368.793
2009-12-18 16:00:00,6621.5293,7603.0557,9871.78,7030.5317,8368.793
2009-12-18 17:00:00,6621.5293,7603.0557,9871.78,7030.5317,8368.793
2009-12-18 18:00:00,6621.5293,7603.0557,9871.78,7030.7417,8368.793
2009-12-18 19:00:00,6621.543,7603.0913,9871.78,7031.084,8369.671
2009-12-18 20:00:00,6621.686,7603.4624,9871.78,7031.2476,8369.754
2009-12-18 21:00:00,6621.686,7603.491,9871.78,7031.2476,8369.754
2009-12-18 22:00:00,6621.686,7603.491,9871.78,7031.2476,8369.754
2009-12-18 23:00:00,6621.686,7603.61,9871.78,7031.309,8369.892
2009-12-19 00:00:00,6621.686,7603.7324,9871.829,7031.3354,8370.347
2009-12-19 01:00:00,6621.822,7604.1353,9871.829,7031.81,8370.347
2009-12-19 02:00:00,6621.863,7604.5894,9871.829,7032.2295,8370.429
2009-12-19 03:00:00,6621.863,7605.1865,9872.202,7032.678,8370.429
2009-12-19 04:00:00,6622.3916,7605.3936,9872.202,7033.052,8370.61
2009-12-19 05:00:00,6622.708,7605.6655,9872.26,7033.426,8371.662
2009-12-19 06:00:00,6623.438,7606.325,9872.26,7033.8423,8371.696
2009-12-19 07:00:00,6623.6753,7606.4917,9872.26,7033.8726,8371.798
2009-12-19 08:00:00,6623.831,7607.246,9872.5,7034.462,8371.798
2009-12-19 09:00:00,6624.2476,7607.8086,9872.598,7035.176,8371.798
2009-12-19 10:00:00,6624.5996,7608.1606,9872.763,7035.59,8371.798
2009-12-19 11:00:00,6624.8403,7608.338,9872.763,7035.9536,8371.798
2009-12-19 12:00:00,6625.177,7608.722,9872.763,7036.2197,8371.798
2009-12-19 13:00:00,6625.5938,7608.722,9872.763,7036.3965,8371.798
2009-12-19 14:00:00,6626.074,7608.722,9872.763,7036.9077,8371.798
2009-12-19 15:00:00,6626.482,7608.78,9872.765,7037.1616,8371.798
2009-12-19 16:00:00,6626.482,7608.78,9872.915,7037.1616,8371.798
2009-12-19 17:00:00,6626.482,7608.78,9873.268,7037.1616,8371.798
2009-12-19 18:00:00,6626.575,7609.1255,9873.462,7037.369,8371.991
2009-12-19 19:00:00,6627.1323,7609.445,9874.327,7037.7505,8372.138
2009-12-19 20:00:00,6628.092,7610.0586,9874.957,7038.1665,8372.283
2009-12-19 21:00:00,6628.7163,7611.253,9875.976,7038.9746,8372.684
2009-12-19 22:00:00,6629.2485,7612.433,9876.857,7039.5483,8373.335
2009-12-19 23:00:00,6629.428,7612.908,9877.668,7039.827,8373.786
2009-12-20 00:00:00,6630.1494,7613.4395,9880.95,7041.3955,8377.354
2009-12-20 01:00:00,6630.1494,7613.4395,9880.95,7041.3955,8377.354
2009-12-20 02:00:00,6630.1494,7613.4395,9880.95,7041.3955,8377.354
2009-12-20 03:00:00,6630.1494,7613.4395,9880.95,7041.3955,8377.354
2009-12-20 04:00:00,6629.428,7612.908,9878.222,7039.827,8373.786
2009-12-20 05:00:00,6629.428,7613.2085,9878.703,7040.205,8373.786
2009-12-20 06:00:00,6629.738,7613.237,9879.559,7040.9023,8374.341
2009-12-20 07:00:00,6630.1494,7613.324,9880.514,7041.109,8375.296
2009-12-20 08:00:00,6630.1494,7613.324,9880.95,7041.109,8375.668
2009-12-20 09:00:00,6630.1494,7613.324,9880.95,7041.109,8375.7705
2009-12-20 10:00:00,6630.1494,7613.324,9880.95,7041.109,8376.555
2009-12-20 11:00:00,6630.1494,7613.324,9880.95,7041.116,8377.316
2009-12-20 12:00:00,6630.1494,7613.4395,9880.95,7041.3955,8377.354
2009-12-20 13:00:00,6630.1494,7613.4395,9880.95,7041.3955,8377.354
2009-12-20 14:00:00,6630.1494,7613.4395,9880.95,7041.3955,8377.354
2009-12-20 15:00:00,6630.1494,7613.4395,9880.95,7041.3955,8377.354
2009-12-20 16:00:00,6630.1494,7613.4395,9880.95,7041.3955,8377.354
2009-12-20 17:00:00,6630.1494,7613.4395,9880.95,7041.3955,8377.354
2009-12-20 18:00:00,6630.1494,7613.4395,9880.95,7041.3955,8377.354
2009-12-20 19:00:00,6630.1494,7613.4395,9880.95,7041.3955,8377.354
2009-12-20 20:00:00,6630.1494,7613.4395,9880.95,7041.3955,8377.354
2009-12-20 21:00:00,6630.1494,7613.4395,9880.95,7041.3955,8377.354
2009-12-20 22:00:00,6630.1494,7613.4395,9880.95,7041.3955,8377.354
2009-12-20 23:00:00,6630.1494,7613.4395,9880.95,7041.3955,8377.354
2009-12-21 00:00:00,6630.1494,7613.4395,9880.95,7041.3955,8377.354
2009-12-21 01:00:00,6630.1494,7613.4395,9880.95,7041.3955,8377.354
2009-12-21 02:00:00,6630.1494,7613.4395,9880.95,7041.3955,8377.354
2009-12-21 03:00:00,6630.1494,7613.4395,9880.95,7041.3955,8377.354
2009-12-21 04:00:00,6630.1494,7613.4395,9880.95,7041.3955,8377.354
2009-12-21 05:00:00,6630.1494,7613.4395,9880.95,7041.3955,8377.354
2009-12-21 06:00:00,6630.1494,7613.4395,9880.95,7041.3955,8377.354
2009-12-21 07:00:00,6630.1494,7613.4395,9880.95,7041.3955,8377.354
2009-12-21 08:00:00,6630.1494,7613.4395,9880.95,7041.3955,8377.354
2009-12-21 09:00:00,6630.1494,7613.4395,9880.95,7041.3955,8377.354
2009-12-21 10:00:00,6630.1494,7613.4395,9880.95,7041.3955,8377.354
2009-12-21 11:00:00,6630.1494,7613.4395,9880.95,7041.3955,8377.354
2009-12-21 12:00:00,6630.1494,7613.4395,9880.95,7041.3955,8377.354
2009-12-21 13:00:00,6630.1494,7613.4395,9880.95,7041.3955,8377.354
2009-12-21 14:00:00,6630.1494,7613.4395,9880.95,7041.3955,8377.354
2009-12-21 15:00:00,6630.1494,7613.4395,9880.95,7041.3955,8377.354
2009-12-21 16:00:00,6630.1494,7613.4395,9880.95,7041.3955,8377.354
2009-12-21 17:00:00,6630.1494,7613.4395,9880.95,7041.3955,8377.354
2009-12-21 18:00:00,6630.1494,7613.4395,9880.95,7041.3955,8377.354
2009-12-21 19:00:00,6630.1494,7613.4395,9880.95,7041.3955,8377.354
2009-12-21 20:00:00,6630.1494,7613.4395,9880.95,7041.3955,8377.354
2009-12-21 21:00:00,6630.1494,7613.4395,9880.95,7041.3955,8377.354
2009-12-21 22:00:00,6630.1494,7613.4395,9880.95,7041.3955,8377.354
2009-12-21 23:00:00,6630.1494,7613.4395,9880.95,7041.3955,8377.354
2009-12-22 00:00:00,6630.1494,7613.4395,9880.95,7041.3955,8377.354
2009-12-22 01:00:00,6630.1494,7613.4395,9880.95,7041.3955,8377.354
2009-12-22 02:00:00,6630.1494,7613.4395,9880.95,7041.3955,8377.354
2009-12-22 03:00:00,6630.1494,7613.4395,9880.95,7041.3955,8377.354
2009-12-22 04:00:00,6630.1494,7613.4395,9880.95,7041.3955,8377.354
2009-12-22 05:00:00,6630.1494,7613.4395,9880.95,7041.3955,8377.354
2009-12-22 06:00:00,6630.1494,7613.4395,9880.95,7041.3955,8377.354
2009-12-22 07:00:00,6630.1494,7613.4395,9880.95,7041.3955,8377.354
2009-12-22 08:00:00,6630.1494,7613.4395,9880.95,7041.3955,8377.354
2009-12-22 09:00:00,6630.1494,7613.4395,9880.95,7041.3955,8377.354
2009-12-22 10:00:00,6630.1494,7613.4395,9880.95,7041.3955,8377.354
2009-12-22 11:00:00,6630.1494,7613.4395,9880.95,7041.3955,8377.354
2009-12-22 12:00:00,6630.1494,7613.4395,9880.95,7041.3955,8377.354
2009-12-22 13:00:00,6630.1494,7613.4395,9880.95,7041.3955,8377.354
2009-12-22 14:00:00,6630.1494,7613.4395,9880.95,7041.3955,8377.354
2009-12-22 15:00:00,6630.1494,7613.4395,9880.95,7041.3955,8377.354
2009-12-22 16:00:00,6630.1494,7613.4395,9880.95,7041.3955,8377.354
2009-12-22 17:00:00,6630.1494,7613.4395,9880.95,7041.3955,8377.354
2009-12-22 18:00:00,6630.1494,7613.4395,9880.95,7041.3955,8377.354
2009-12-22 19:00:00,6630.1494,7613.4395,9880.95,7041.3955,8377.354
2009-12-22 20:00:00,6630.1494,7613.4395,9880.95,7041.3955,8377.354
2009-12-22 21:00:00,6630.1494,7613.4395,9880.95,7041.3955,8377.354
2009-12-22 22:00:00,6630.1494,7613.4395,9880.95,7041.3955,8377.354
2009-12-22 23:00:00,6630.1494,7613.4395,9880.95,7041.3955,8377.354
2009-12-23 00:00:00,6630.1494,7613.4395,9880.95,7041.3955,8377.354
2009-12-23 01:00:00,6630.1494,7613.4395,9880.95,7041.3955,8377.354
2009-12-23 02:00:00,6630.1494,7613.4395,9880.95,7041.3955,8377.354
2009-12-23 03:00:00,6630.1494,7613.4395,9880.95,7041.3955,8377.354
2009-12-23 04:00:00,6630.1494,7613.4395,9880.95,7041.3955,8377.354
2009-12-23 05:00:00,6630.1494,7613.4395,9880.95,7041.3955,8377.354
2009-12-23 06:00:00,6630.1494,7613.4395,9880.95,7041.3955,8377.354
2009-12-23 07:00:00,6630.1494,7613.4395,9880.95,7041.3955,8377.354
2009-12-23 08:00:00,6630.1494,7613.4395,9880.95,7041.3955,8377.354
2009-12-23 09:00:00,6630.1494,7613.4395,9880.95,7041.3955,8377.354
2009-12-23 10:00:00,6630.1494,7613.4395,9880.95,7041.3955,8377.354
2009-12-23 11:00:00,6630.1494,7613.4395,9880.95,7041.3955,8377.354
2009-12-23 12:00:00,6630.1494,7613.4395,9880.95,7041.3955,8377.354
2009-12-23 13:00:00,6630.1494,7613.4395,9880.95,7041.3955,8377.354
2009-12-23 14:00:00,6630.1494,7613.4395,9880.95,7041.3955,8377.354
2009-12-23 15:00:00,6630.1494,7613.4395,9880.95,7041.3955,8377.354
2009-12-23 16:00:00,6630.1494,7613.4395,9880.95,7041.3955,8377.354
2009-12-23 17:00:00,6630.1494,7613.4395,9880.95,7041.3955,8377.354
2009-12-23 18:00:00,6630.1494,7613.4395,9880.95,7041.3955,8377.354
2009-12-23 19:00:00,6630.1494,7613.4395,9880.95,7041.3955,8377.354
2009-12-23 20:00:00,6630.1494,7613.4395,9880.95,7041.3955,8377.354
2009-12-23 21:00:00,6630.1494,7613.4395,9880.95,7041.3955,8377.354
2009-12-23 22:00:00,6630.1494,7613.4395,9880.95,7041.3955,8377.354
2009-12-23 23:00:00,6630.1494,7613.4395,9880.95,7041.3955,8377.354
2009-12-24 00:00:00,6630.1494,7613.4395,9880.95,7041.3955,8377.354
2009-12-24 01:00:00,6630.1494,7613.4395,9880.95,7041.3955,8377.354
2009-12-24 02:00:00,6630.1494,7613.4395,9880.95,7041.3955,8377.354
2009-12-24 03:00:00,6630.1494,7613.4395,9880.95,7041.3955,8377.354
2009-12-24 04:00:00,6630.1494,7613.4395,9880.95,7041.3955,8377.354
2009-12-24 05:00:00,6630.1494,7613.4395,9880.95,7041.3955,8377.354
2009-12-24 06:00:00,6630.1494,7613.4395,9880.95,7041.5884,8377.354
2009-12-24 07:00:00,6630.1494,7613.4395,9880.95,7041.5884,8377.354
2009-12-24 08:00:00,6630.1494,7613.4395,9880.95,7041.5884,8377.354
2009-12-24 09:00:00,6630.1494,7613.4395,9880.95,7041.6514,8377.354
2009-12-24 10:00:00,6630.1494,7613.4395,9880.95,7041.7515,8377.354
2009-12-24 11:00:00,6630.1494,7613.4395,9880.95,7041.7515,8377.354
2009-12-24 12:00:00,6630.1494,7613.4395,9880.95,7041.7515,8377.354
2009-12-24 13:00:00,6630.1494,7613.4395,9880.95,7041.7515,8377.354
2009-12-24 14:00:00,6630.1494,7613.4395,9880.95,7041.7515,8377.354
2009-12-24 15:00:00,6630.1494,7613.4395,9880.95,7041.7515,8377.354
2009-12-24 16:00:00,6630.1494,7613.4395,9880.95,7041.7515,8377.354
2009-12-24 17:00:00,6630.1494,7613.4395,9880.95,7041.7515,8377.354
2009-12-24 18:00:00,6630.1494,7613.4395,9880.95,7041.7515,8377.354
2009-12-24 19:00:00,6630.1494,7613.4395,9880.95,7041.7515,8377.354
2009-12-24 20:00:00,6630.1494,7613.4395,9880.95,7041.7515,8377.354
2009-12-24 21:00:00,6630.1494,7613.4395,9880.95,7041.7515,8377.354
2009-12-24 22:00:00,6630.1494,7613.4395,9880.95,7041.7515,8377.354
2009-12-24 23:00:00,6630.245,7613.4395,9880.95,7042.036,8377.354
2009-12-25 00:00:00,6630.245,7613.4395,9880.95,7042.4385,8377.354
2009-12-25 01:00:00,6630.3765,7613.4395,9880.95,7042.4385,8377.354
2009-12-25 02:00:00,6630.3765,7613.4395,9880.95,7042.4385,8377.354
2009-12-25 03:00:00,6630.3765,7613.4395,9880.95,7042.4385,8377.354
2009-12-25 04:00:00,6630.3765,7613.4395,9880.95,7042.4385,8377.354
2009-12-25 05:00:00,6630.3765,7613.7925,9880.95,7042.4385,8377.354
2009-12-25 06:00:00,6630.3765,7614.1357,9880.95,7042.5547,8377.354
2009-12-25 07:00:00,6630.3765,7614.1357,9880.95,7042.5547,8377.354
2009-12-25 08:00:00,6630.3765,7614.1357,9880.95,7042.5547,8377.354
2009-12-25 09:00:00,6630.3765,7614.1357,9880.95,7042.5547,8377.354
2009-12-25 10:00:00,6630.3765,7614.1357,9880.95,7042.5547,8377.354
2009-12-25 11:00:00,6630.3765,7614.1357,9880.95,7042.5547,8377.354
2009-12-25 12:00:00,6630.3765,7614.1357,9880.95,7042.5547,8377.354
2009-12-25 13:00:00,6630.3765,7614.1357,9880.95,7042.5547,8377.354
2009-12-25 14:00:00,6630.3765,7614.1357,9880.95,7042.5547,8377.354
2009-12-25 15:00:00,6630.3765,7614.1357,9880.95,7042.5547,8377.354
2009-12-25 16:00:00,6630.3765,7614.1357,9880.95,7042.5547,8377.354
2009-12-25 17:00:00,6630.3765,7614.1357,9880.95,7042.5547,8377.354
2009-12-25 18:00:00,6630.3765,7614.1357,9880.95,7042.5547,8377.354
2009-12-25 19:00:00,6630.3765,7614.1357,9880.95,7042.5547,8377.354
2009-12-25 20:00:00,6630.3765,7614.1357,9880.95,7042.5547,8377.354
2009-12-25 21:00:00,6630.3765,7614.1357,9880.95,7042.667,8377.354
2009-12-25 22:00:00,6630.3765,7614.1357,9880.95,7043.132,8377.354
2009-12-25 23:00:00,6630.6226,7614.3657,9880.95,7043.8906,8377.354
2009-12-26 00:00:00,6631.011,7614.514,9880.95,7045.047,8377.354
2009-12-26 01:00:00,6631.4155,7614.6187,9880.95,7046.5107,8377.354
2009-12-26 02:00:00,6632.0986,7614.9893,9880.95,7047.911,8377.354
2009-12-26 03:00:00,6632.3647,7615.4062,9880.95,7049.4346,8377.354
2009-12-26 04:00:00,6632.4316,7615.734,9880.95,7050.311,8377.354
2009-12-26 05:00:00,6632.488,7615.734,9880.95,7050.5547,8377.354
2009-12-26 06:00:00,6632.488,7615.734,9880.95,7050.5547,8377.354
2009-12-26 07:00:00,6632.488,7615.801,9880.95,7050.5547,8377.354
2009-12-26 08:00:00,6632.488,7615.8984,9880.95,7050.5547,8377.354
2009-12-26 09:00:00,6632.488,7615.8984,9880.95,7050.5547,8377.354
2009-12-26 10:00:00,6632.488,7615.8984,9880.95,7050.5547,8377.354
2009-12-26 11:00:00,6632.488,7615.944,9880.95,7050.5547,8377.354
2009-12-26 12:00:00,6632.488,7615.944,9880.95,7050.5547,8377.354
2009-12-26 13:00:00,6632.488,7615.944,9880.95,7050.5547,8377.354
2009-12-26 14:00:00,6632.488,7615.944,9880.95,7050.5547,8377.354
2009-12-26 15:00:00,6632.488,7615.944,9880.95,7050.5547,8377.354
2009-12-26 16:00:00,6632.488,7615.944,9880.95,7050.5547,8377.354
2009-12-26 17:00:00,6632.488,7615.944,9880.95,7050.5547,8377.354
2009-12-26 18:00:00,6632.488,7615.944,9880.95,7050.5547,8377.354
2009-12-26 19:00:00,6632.488,7615.944,9880.95,7050.5547,8377.354
2009-12-26 20:00:00,6632.488,7615.944,9880.95,7050.5547,8377.354
2009-12-26 21:00:00,6632.488,7615.944,9880.95,7050.5547,8377.354
2009-12-26 22:00:00,6632.488,7616.0166,9880.95,7050.5547,8377.354
2009-12-26 23:00:00,6632.708,7616.274,9881.033,7051.123,8377.552
2009-12-27 00:00:00,6643.8677,7629.457,9889.133,7060.4893,8387.778
2009-12-27 01:00:00,6643.8677,7629.457,9889.133,7060.4893,8387.778
2009-12-27 02:00:00,6643.8677,7629.457,9889.133,7060.4893,8387.778
2009-12-27 03:00:00,6643.8677,7629.457,9889.133,7060.4893,8387.778
2009-12-27 04:00:00,6632.75,7616.317,9881.033,7051.2,8377.552
2009-12-27 05:00:00,6632.75,7616.317,9881.033,7051.2,8377.552
2009-12-27 06:00:00,6632.75,7616.4775,9881.033,7051.658,8378.024
2009-12-27 07:00:00,6633.3584,7617.4062,9881.13,7053.0312,8378.523
2009-12-27 08:00:00,6634.059,7617.704,9881.539,7053.5083,8379.046
2009-12-27 09:00:00,6634.225,7617.9707,9882.391,7053.8555,8380.777
2009-12-27 10:00:00,6634.6973,7619.6484,9882.898,7054.4146,8381.508
2009-12-27 11:00:00,6635.9243,7619.966,9883.276,7055.363,8381.683
2009-12-27 12:00:00,6636.458,7620.018,9883.276,7055.363,8381.701
2009-12-27 13:00:00,6636.8945,7621.6104,9883.8545,7056.1685,8383.537
2009-12-27 14:00:00,6637.7104,7621.924,9885.013,7056.3525,8383.547
2009-12-27 15:00:00,6638.5728,7622.7524,9885.988,7056.5605,8384.293
2009-12-27 16:00:00,6639.514,7624.096,9887.606,7057.246,8386.477
2009-12-27 17:00:00,6640.61,7624.1226,9888.144,7057.396,8386.571
2009-12-27 18:00:00,6641.206,7625.476,9888.7295,7058.4956,8387.516
2009-12-27 19:00:00,6641.88,7625.476,9889.133,7058.7954,8387.516
2009-12-27 20:00:00,6642.0225,7625.5063,9889.133,7058.7954,8387.516
2009-12-27 21:00:00,6642.0225,7627.346,9889.133,7059.098,8387.687
2009-12-27 22:00:00,6642.6387,7628.374,9889.133,7059.782,8387.778
2009-12-27 23:00:00,6643.3506,7629.157,9889.133,7060.356,8387.778
2009-12-28 00:00:00,6643.8677,7629.457,9889.133,7060.4893,8387.778
2009-12-28 01:00:00,6643.8677,7629.457,9889.133,7060.7324,8387.778
2009-12-28 02:00:00,6643.8677,7629.712,9889.133,7061.074,8387.778
2009-12-28 03:00:00,6643.8677,7630.0537,9889.133,7061.416,8387.778
2009-12-28 04:00:00,6643.8677,7630.3955,9889.133,7061.672,8387.778
2009-12-28 05:00:00,6643.8677,7630.4033,9889.351,7061.672,8388.3125
2009-12-28 06:00:00,6643.8677,7630.4033,9889.351,7061.672,8388.3125
2009-12-28 07:00:00,6643.8677,7630.4033,9889.351,7061.672,8388.3125
2009-12-28 08:00:00,6643.8677,7630.4033,9889.351,7061.672,8388.3125
2009-12-28 09:00:00,6643.8677,7630.4033,9889.351,7061.672,8388.3125
2009-12-28 10:00:00,6643.8677,7630.4033,9889.351,7061.672,8388.3125
2009-12-28 11:00:00,6643.8677,7630.4033,9889.351,7061.672,8388.3125
2009-12-28 12:00:00,6643.8677,7630.4033,9889.351,7061.672,8388.3125
2009-12-28 13:00:00,6643.8677,7630.4033,9889.351,7061.672,8388.3125
2009-12-28 14:00:00,6643.8677,7630.4033,9889.351,7061.672,8388.3125
2009-12-28 15:00:00,6643.8677,7630.4033,9889.351,7061.672,8388.561
2009-12-28 16:00:00,6643.8677,7630.7446,9889.587,7061.672,8389.738
2009-12-28 17:00:00,6643.8677,7630.8315,9889.587,7061.672,8389.738
2009-12-28 18:00:00,6644.0845,7630.921,9889.587,7061.8945,8389.738
2009-12-28 19:00:00,6644.0845,7630.921,9889.587,7061.918,8389.738
2009-12-28 20:00:00,6644.0845,7630.921,9889.587,7061.918,8389.738
2009-12-28 21:00:00,6644.392,7630.99,9889.587,7061.918,8389.909
2009-12-28 22:00:00,6644.4673,7630.99,9889.79,7061.918,8389.909
2009-12-28 23:00:00,6644.775,7630.99,9890.1,7062.2554,8390.359
2009-12-29 00:00:00,6644.789,7631.178,9890.256,7062.3643,8390.392
2009-12-29 01:00:00,6644.8276,7631.178,9890.547,7062.3643,8390.787
2009-12-29 02:00:00,6644.8276,7631.178,9890.547,7062.4,8390.787
2009-12-29 03:00:00,6644.8276,7631.178,9890.547,7062.4,8390.787
2009-12-29 04:00:00,6644.8276,7631.178,9890.547,7062.4,8390.787
2009-12-29 05:00:00,6644.8276,7631.178,9890.547,7062.4,8390.787
2009-12-29 06:00:00,6644.8276,7631.178,9890.547,7062.4,8390.787
2009-12-29 07:00:00,6644.8276,7631.178,9890.547,7062.4,8390.787
2009-12-29 08:00:00,6644.8276,7631.178,9890.547,7062.4,8390.787
2009-12-29 09:00:00,6644.8276,7631.178,9890.547,7062.4,8390.787
2009-12-29 10:00:00,6644.8276,7631.178,9890.547,7062.4,8390.787
2009-12-29 11:00:00,6644.8276,7631.178,9890.547,7062.4,8390.787
2009-12-29 12:00:00,6644.8276,7631.178,9890.547,7062.4,8390.787
2009-12-29 13:00:00,6644.8276,7631.178,9890.547,7062.4,8390.787
2009-12-29 14:00:00,6644.8276,7631.178,9890.547,7062.4,8390.787
2009-12-29 15:00:00,6644.8276,7631.178,9890.547,7062.4,8390.787
2009-12-29 16:00:00,6644.8276,7631.178,9890.547,7062.4,8390.787
2009-12-29 17:00:00,6644.8276,7631.178,9890.547,7062.4,8390.787
2009-12-29 18:00:00,6644.8276,7631.178,9890.547,7062.4,8390.787
2009-12-29 19:00:00,6644.8276,7631.178,9890.547,7062.4,8390.787
2009-12-29 20:00:00,6644.8276,7631.178,9890.547,7062.4,8390.787
2009-12-29 21:00:00,6644.8276,7631.178,9890.547,7062.4,8390.787
2009-12-29 22:00:00,6644.8276,7631.178,9890.547,7062.4,8390.787
2009-12-29 23:00:00,6644.8276,7631.178,9890.547,7062.4,8390.787
2009-12-30 00:00:00,6644.8276,7631.178,9890.547,7062.4,8390.787
2009-12-30 01:00:00,6644.8276,7631.178,9890.547,7062.4,8390.787
2009-12-30 02:00:00,6644.8276,7631.178,9890.547,7062.4,8390.787
2009-12-30 03:00:00,6644.8276,7631.178,9890.547,7062.4,8390.787
2009-12-30 04:00:00,6644.8276,7631.178,9890.547,7062.4,8390.787
2009-12-30 05:00:00,6644.8276,7631.178,9890.547,7062.4,8390.787
2009-12-30 06:00:00,6644.8276,7631.178,9890.547,7062.4,8390.787
2009-12-30 07:00:00,6644.8276,7631.178,9890.547,7062.4,8390.787
2009-12-30 08:00:00,6644.8276,7631.178,9890.547,7062.4,8390.787
2009-12-30 09:00:00,6644.8276,7631.178,9890.547,7062.4,8390.787
2009-12-30 10:00:00,6644.8276,7631.178,9890.547,7062.4,8390.787
2009-12-30 11:00:00,6644.8276,7631.178,9890.547,7062.4,8390.787
2009-12-30 12:00:00,6644.8276,7631.178,9890.547,7062.4,8390.787
2009-12-30 13:00:00,6644.8276,7631.178,9890.547,7062.4,8390.787
2009-12-30 14:00:00,6644.8276,7631.178,9890.547,7062.4,8390.787
2009-12-30 15:00:00,6644.8276,7631.178,9890.547,7062.4,8390.787
2009-12-30 16:00:00,6644.8276,7631.178,9890.547,7062.4,8390.787
2009-12-30 17:00:00,6644.8276,7631.178,9890.547,7062.4,8390.787
2009-12-30 18:00:00,6644.8276,7631.178,9890.547,7062.4,8390.787
2009-12-30 19:00:00,6644.8276,7631.178,9890.547,7062.4,8390.787
2009-12-30 20:00:00,6644.8276,7631.178,9890.547,7062.4,8390.787
2009-12-30 21:00:00,6644.8276,7631.178,9890.547,7062.4,8390.787
2009-12-30 22:00:00,6644.8276,7631.178,9890.547,7062.4,8390.787
2009-12-30 23:00:00,6644.8276,7631.178,9890.547,7062.4,8390.787
2009-12-31 00:00:00,6644.8276,7631.178,9890.547,7062.4,8390.787
2009-12-31 01:00:00,6644.8276,7631.178,9890.547,7062.4,8390.787
2009-12-31 02:00:00,6644.8276,7631.178,9890.547,7062.4,8390.787
2009-12-31 03:00:00,6644.8276,7631.178,9890.547,7062.4,8390.787
2009-12-31 04:00:00,6644.8276,7631.178,9890.547,7062.4,8390.787
2009-12-31 05:00:00,6644.8276,7631.178,9890.547,7062.4,8390.787
2009-12-31 06:00:00,6644.8276,7631.178,9890.547,7062.4,8390.787
2009-12-31 07:00:00,6644.8276,7631.178,9890.547,7062.4,8390.787
2009-12-31 08:00:00,6644.8276,7631.178,9890.547,7062.4,8390.787
2009-12-31 09:00:00,6644.8276,7631.178,9890.547,7062.4,8390.787
2009-12-31 10:00:00,6644.8276,7631.178,9890.547,7062.4,8390.787
2009-12-31 11:00:00,6644.8276,7631.178,9890.547,7062.4,8390.787
2009-12-31 12:00:00,6644.8276,7631.178,9890.547,7062.4,8390.787
2009-12-31 13:00:00,6644.8276,7631.178,9890.547,7062.4,8390.787
2009-12-31 14:00:00,6644.8276,7631.178,9890.547,7062.4,8390.787
2009-12-31 15:00:00,6644.8276,7631.178,9890.547,7062.4,8390.787
2009-12-31 16:00:00,6644.8276,7631.178,9890.547,7062.4,8390.787
2009-12-31 17:00:00,6644.8276,7631.178,9890.547,7062.4,8390.787
2009-12-31 18:00:00,6644.8276,7631.178,9890.547,7062.4,8390.787
2009-12-31 19:00:00,6644.8276,7631.178,9890.547,7062.4,8390.787
2009-12-31 20:00:00,6644.8276,7631.178,9890.547,7062.4,8390.787
2009-12-31 21:00:00,6644.8276,7631.178,9890.547,7062.4,8390.787
2009-12-31 22:00:00,6644.8276,7631.178,9890.547,7062.4,8390.787
2009-12-31 23:00:00,6644.8276,7631.178,9890.547,7062.4,8390.787
