date,MG,FL,OD,VS,SJ
2022-01-01 00:00:00,24850.537,27540.922,37047.188,27097.998,30879.002
2022-01-01 01:00:00,24850.537,27540.922,37047.188,27097.998,30879.002
2022-01-01 02:00:00,24850.537,27540.922,37047.188,27097.998,30879.002
2022-01-01 03:00:00,24850.537,27540.922,37047.188,27097.998,30879.002
2022-01-01 04:00:00,24850.537,27540.922,37047.188,27097.998,30879.002
2022-01-01 05:00:00,24850.537,27540.922,37047.188,27097.998,30879.002
2022-01-01 06:00:00,24850.537,27540.922,37047.188,27097.998,30879.002
2022-01-01 07:00:00,24850.537,27540.922,37047.188,27097.998,30879.002
2022-01-01 08:00:00,24850.537,27540.922,37047.188,27097.998,30879.002
2022-01-01 09:00:00,24850.537,27540.922,37047.188,27097.998,30879.002
2022-01-01 10:00:00,24850.537,27540.922,37047.188,27097.998,30879.002
2022-01-01 11:00:00,24850.537,27540.922,37047.188,27097.998,30879.002
2022-01-01 12:00:00,24850.537,27540.922,37047.188,27097.998,30879.002
2022-01-01 13:00:00,24850.537,27540.922,37047.188,27097.998,30879.002
2022-01-01 14:00:00,24850.537,27540.945,37047.188,27097.998,30879.002
2022-01-01 15:00:00,24850.703,27542.04,37049.008,27099.023,30879.648
2022-01-01 16:00:00,24852.398,27542.707,37049.652,27100.725,30879.96
2022-01-01 17:00:00,24855.396,27544.176,37050.008,27103.951,30881.783
2022-01-01 18:00:00,24857.213,27544.176,37050.008,27104.027,30882.861
2022-01-01 19:00:00,24859.25,27544.379,37050.008,27104.59,30882.861
2022-01-01 20:00:00,24862.77,27546.195,37051.188,27105.742,30883.367
2022-01-01 21:00:00,24864.875,27547.611,37051.996,27107.652,30883.732
2022-01-01 22:00:00,24866.33,27548.494,37055.67,27108.344,30884.568
2022-01-01 23:00:00,24867.14,27549.834,37057.21,27108.682,30884.578
2022-01-02 00:00:00,24867.473,27554.752,37062.562,27114.033,30884.61
2022-01-02 01:00:00,24867.549,27556.898,37066.44,27116.398,30885.057
2022-01-02 02:00:00,24867.549,27557.201,37067.83,27116.898,30885.232
2022-01-02 03:00:00,24867.549,27557.201,37075.32,27117.31,30885.918
2022-01-02 04:00:00,24867.934,27557.201,37082.51,27117.549,30890.254
2022-01-02 05:00:00,24867.14,27550.53,37059.457,27108.682,30884.578
2022-01-02 06:00:00,24867.14,27550.557,37059.79,27108.723,30884.578
2022-01-02 07:00:00,24867.143,27550.557,37059.79,27108.955,30884.578
2022-01-02 08:00:00,24867.143,27550.557,37059.79,27108.955,30884.578
2022-01-02 09:00:00,24867.143,27550.557,37059.79,27108.955,30884.578
2022-01-02 10:00:00,24867.143,27550.557,37059.797,27108.955,30884.578
2022-01-02 11:00:00,24867.143,27550.557,37059.81,27108.955,30884.578
2022-01-02 12:00:00,24867.143,27550.557,37059.832,27108.955,30884.578
2022-01-02 13:00:00,24867.143,27550.557,37060.344,27108.955,30884.578
2022-01-02 14:00:00,24867.143,27550.557,37062.434,27108.955,30884.578
2022-01-02 15:00:00,24867.143,27550.652,37062.5,27108.965,30884.578
2022-01-02 16:00:00,24867.143,27551.713,37062.5,27109.564,30884.578
2022-01-02 17:00:00,24867.229,27552.502,37062.5,27111.67,30884.61
2022-01-02 18:00:00,24867.424,27553.53,37062.5,27112.566,30884.61
2022-01-02 19:00:00,24867.473,27554.752,37062.54,27113.832,30884.61
2022-01-02 20:00:00,24867.549,27555.83,37064.473,27115.377,30885.057
2022-01-02 21:00:00,24867.549,27557.193,37067.64,27116.781,30885.232
2022-01-02 22:00:00,24867.549,27557.201,37070.223,27117.096,30885.281
2022-01-02 23:00:00,24867.576,27557.201,37078.19,27117.354,30887.6
2022-01-03 00:00:00,24868.385,27557.691,37086.684,27118.111,30890.76
2022-01-03 01:00:00,24868.64,27559.207,37089.0,27120.031,30892.072
2022-01-03 02:00:00,24870.729,27562.87,37089.844,27122.844,30892.428
2022-01-03 03:00:00,24874.094,27566.111,37091.11,27124.465,30893.146
2022-01-03 04:00:00,24875.133,27570.191,37091.56,27126.549,30893.248
2022-01-03 05:00:00,24875.84,27574.318,37091.56,27129.398,30893.248
2022-01-03 06:00:00,24877.533,27578.2,37095.74,27130.09,30896.818
2022-01-03 07:00:00,24881.281,27579.104,37097.13,27130.254,30899.588
2022-01-03 08:00:00,24881.67,27579.104,37097.13,27130.254,30899.605
2022-01-03 09:00:00,24881.67,27579.164,37097.137,27130.254,30901.129
2022-01-03 10:00:00,24881.67,27580.482,37097.25,27131.244,30901.59
2022-01-03 11:00:00,24882.055,27581.914,37097.637,27132.006,30902.44
2022-01-03 12:00:00,24867.998,27557.54,37084.016,27118.014,30890.322
2022-01-03 13:00:00,24868.434,27558.877,37087.16,27119.426,30891.477
2022-01-03 14:00:00,24868.756,27560.559,37089.406,27120.973,30892.238
2022-01-03 15:00:00,24873.262,27564.605,37090.633,27123.62,30892.47
2022-01-03 16:00:00,24874.643,27568.092,37091.56,27125.254,30893.248
2022-01-03 17:00:00,24875.734,27572.104,37091.56,27127.889,30893.248
2022-01-03 18:00:00,24876.496,27576.89,37092.465,27130.068,30894.95
2022-01-03 19:00:00,24879.646,27578.742,37097.11,27130.254,30898.102
2022-01-03 20:00:00,24881.67,27579.104,37097.13,27130.254,30899.588
2022-01-03 21:00:00,24881.67,27579.164,37097.137,27130.254,30901.049
2022-01-03 22:00:00,24881.67,27579.164,37097.25,27130.254,30901.143
2022-01-03 23:00:00,24881.67,27580.482,37097.6,27131.383,30901.59
2022-01-04 00:00:00,24885.979,27586.76,37099.215,27135.865,30906.873
2022-01-04 01:00:00,24885.979,27587.006,37099.418,27136.576,30907.432
2022-01-04 02:00:00,24886.854,27587.074,37099.543,27137.793,30908.023
2022-01-04 03:00:00,24887.014,27587.113,37099.543,27139.096,30908.096
2022-01-04 04:00:00,24887.1,27587.656,37099.543,27139.338,30908.096
2022-01-04 05:00:00,24887.1,27588.936,37099.543,27139.438,30908.096
2022-01-04 06:00:00,24887.1,27589.818,37099.543,27140.326,30908.15
2022-01-04 07:00:00,24887.537,27590.041,37099.543,27140.611,30909.445
2022-01-04 08:00:00,24887.537,27590.041,37099.543,27142.006,30909.656
2022-01-04 09:00:00,24887.537,27590.201,37099.543,27142.03,30909.686
2022-01-04 10:00:00,24887.537,27590.291,37099.543,27143.94,30909.686
2022-01-04 11:00:00,24887.537,27590.291,37099.543,27144.09,30909.686
2022-01-04 12:00:00,24887.537,27590.291,37099.543,27144.09,30909.686
2022-01-04 13:00:00,24887.537,27590.291,37099.543,27144.09,30909.686
2022-01-04 14:00:00,24887.537,27590.291,37099.543,27144.09,30909.686
2022-01-04 15:00:00,24887.537,27590.291,37099.543,27144.09,30909.686
2022-01-04 16:00:00,24887.537,27590.291,37099.543,27144.09,30909.686
2022-01-04 17:00:00,24883.635,27584.514,37098.383,27133.512,30903.406
2022-01-04 18:00:00,24884.932,27585.297,37098.51,27134.54,30904.1
2022-01-04 19:00:00,24884.941,27585.596,37099.04,27134.54,30905.197
2022-01-04 20:00:00,24882.969,27583.096,37098.2,27132.613,30903.406
2022-01-04 21:00:00,24884.768,27585.297,37098.508,27134.54,30903.594
2022-01-04 22:00:00,24884.932,27585.297,37099.04,27134.54,30904.783
2022-01-04 23:00:00,24885.475,27586.623,37099.215,27135.865,30906.547
2022-01-05 00:00:00,24887.537,27590.291,37099.543,27144.09,30909.686
2022-01-05 01:00:00,24887.537,27590.291,37099.543,27144.09,30909.686
2022-01-05 02:00:00,24887.537,27590.291,37099.543,27144.09,30909.686
2022-01-05 03:00:00,24887.537,27590.291,37099.543,27144.09,30909.686
2022-01-05 04:00:00,24887.537,27590.291,37099.543,27144.09,30909.686
2022-01-05 05:00:00,24887.537,27590.291,37099.543,27144.09,30909.686
2022-01-05 06:00:00,24887.537,27590.291,37099.543,27144.09,30909.686
2022-01-05 07:00:00,24887.537,27590.291,37099.543,27144.09,30909.686
2022-01-05 08:00:00,24887.537,27590.291,37099.543,27144.09,30909.686
2022-01-05 09:00:00,24887.537,27590.291,37099.543,27144.09,30909.686
2022-01-05 10:00:00,24887.537,27590.291,37099.543,27144.09,30909.83
2022-01-05 11:00:00,24887.648,27590.291,37100.24,27144.09,30910.586
2022-01-05 12:00:00,24888.006,27590.291,37100.25,27144.09,30912.07
2022-01-05 13:00:00,24889.547,27590.486,37100.36,27144.352,30912.576
2022-01-05 14:00:00,24889.885,27590.725,37100.367,27144.352,30913.07
2022-01-05 15:00:00,24890.094,27591.22,37102.9,27144.451,30913.66
2022-01-05 16:00:00,24890.334,27591.352,37102.906,27144.451,30915.516
2022-01-05 17:00:00,24892.494,27591.352,37102.906,27144.451,30915.64
2022-01-05 18:00:00,24893.31,27591.352,37102.906,27144.627,30916.617
2022-01-05 19:00:00,24893.627,27591.352,37103.57,27144.695,30916.617
2022-01-05 20:00:00,24893.627,27591.352,37103.605,27144.695,30917.76
2022-01-05 21:00:00,24893.627,27591.352,37103.605,27144.695,30918.479
2022-01-05 22:00:00,24893.627,27591.352,37103.605,27144.695,30918.627
2022-01-05 23:00:00,24893.652,27591.352,37103.605,27144.695,30919.03
2022-01-06 00:00:00,24893.748,27591.725,37103.605,27144.695,30920.277
2022-01-06 01:00:00,24893.81,27592.066,37103.605,27144.695,30920.277
2022-01-06 02:00:00,24894.166,27592.066,37103.605,27144.695,30920.277
2022-01-06 03:00:00,24894.166,27592.066,37103.605,27144.695,30920.986
2022-01-06 04:00:00,24894.166,27592.066,37103.605,27144.695,30920.986
2022-01-06 05:00:00,24894.166,27592.066,37103.605,27144.695,30920.986
2022-01-06 06:00:00,24894.166,27592.066,37103.605,27144.695,30920.986
2022-01-06 07:00:00,24894.166,27592.066,37103.605,27144.695,30921.06
2022-01-06 08:00:00,24894.188,27592.066,37103.605,27144.695,30921.176
2022-01-06 09:00:00,24894.188,27592.066,37103.605,27144.695,30921.176
2022-01-06 10:00:00,24894.188,27592.066,37103.605,27144.695,30921.176
2022-01-06 11:00:00,24894.188,27592.066,37103.605,27144.695,30921.176
2022-01-06 12:00:00,24894.188,27592.066,37103.605,27144.695,30921.176
2022-01-06 13:00:00,24894.188,27592.066,37103.605,27144.695,30921.176
2022-01-06 14:00:00,24894.188,27592.066,37103.605,27144.695,30921.176
2022-01-06 15:00:00,24894.188,27592.066,37103.605,27144.695,30921.176
2022-01-06 16:00:00,24894.188,27592.066,37103.605,27144.695,30921.176
2022-01-06 17:00:00,24894.188,27592.066,37103.605,27144.695,30921.176
2022-01-06 18:00:00,24894.188,27592.066,37103.605,27144.695,30921.176
2022-01-06 19:00:00,24894.188,27592.066,37103.605,27144.695,30921.176
2022-01-06 20:00:00,24894.188,27592.066,37103.605,27144.695,30921.176
2022-01-06 21:00:00,24894.188,27592.066,37103.605,27144.695,30921.176
2022-01-06 22:00:00,24894.188,27592.066,37103.605,27144.695,30921.176
2022-01-06 23:00:00,24894.188,27592.066,37103.605,27144.695,30921.176
2022-01-07 00:00:00,24894.188,27592.066,37103.605,27144.695,30921.176
2022-01-07 01:00:00,24894.188,27592.066,37103.605,27144.695,30921.176
2022-01-07 02:00:00,24894.188,27592.066,37103.605,27144.695,30921.176
2022-01-07 03:00:00,24894.188,27592.066,37103.605,27144.695,30921.176
2022-01-07 04:00:00,24894.188,27592.066,37103.605,27144.695,30921.176
2022-01-07 05:00:00,24894.188,27592.066,37103.605,27144.695,30921.176
2022-01-07 06:00:00,24894.188,27592.066,37103.605,27144.695,30921.176
2022-01-07 07:00:00,24894.188,27592.066,37103.605,27144.695,30921.176
2022-01-07 08:00:00,24894.188,27592.066,37103.605,27144.695,30921.176
2022-01-07 09:00:00,24894.188,27592.066,37103.605,27144.695,30921.176
2022-01-07 10:00:00,24894.188,27592.066,37103.605,27144.695,30921.176
2022-01-07 11:00:00,24894.188,27592.066,37103.605,27144.695,30921.176
2022-01-07 12:00:00,24894.188,27592.066,37103.605,27144.695,30921.176
2022-01-07 13:00:00,24894.188,27592.066,37103.605,27144.695,30921.176
2022-01-07 14:00:00,24894.188,27592.066,37103.605,27144.695,30921.176
2022-01-07 15:00:00,24894.188,27592.066,37103.605,27144.695,30921.176
2022-01-07 16:00:00,24894.188,27592.066,37103.605,27144.695,30921.176
2022-01-07 17:00:00,24894.188,27592.066,37103.605,27144.695,30921.176
2022-01-07 18:00:00,24894.188,27592.066,37103.605,27144.695,30921.176
2022-01-07 19:00:00,24894.188,27592.066,37103.605,27144.695,30921.176
2022-01-07 20:00:00,24894.188,27592.066,37103.605,27144.695,30921.176
2022-01-07 21:00:00,24894.188,27592.066,37103.605,27144.695,30921.176
2022-01-07 22:00:00,24894.188,27592.066,37103.605,27144.695,30921.176
2022-01-07 23:00:00,24894.188,27592.066,37103.605,27144.695,30921.176
2022-01-08 00:00:00,24894.188,27592.066,37103.605,27144.695,30921.176
2022-01-08 01:00:00,24894.188,27592.066,37103.605,27144.695,30921.176
2022-01-08 02:00:00,24894.188,27592.066,37103.605,27144.695,30921.176
2022-01-08 03:00:00,24894.188,27592.066,37103.605,27144.695,30921.176
2022-01-08 04:00:00,24894.188,27592.066,37103.605,27144.695,30921.176
2022-01-08 05:00:00,24894.188,27592.066,37103.605,27144.695,30921.176
2022-01-08 06:00:00,24894.188,27592.066,37103.605,27144.695,30921.176
2022-01-08 07:00:00,24894.188,27592.066,37103.605,27144.695,30921.176
2022-01-08 08:00:00,24894.188,27592.066,37103.605,27144.695,30921.176
2022-01-08 09:00:00,24894.188,27592.066,37103.605,27144.695,30921.176
2022-01-08 10:00:00,24894.188,27592.066,37103.605,27144.695,30921.176
2022-01-08 11:00:00,24894.188,27592.066,37103.605,27144.695,30921.176
2022-01-08 12:00:00,24894.188,27592.066,37103.605,27144.695,30921.176
2022-01-08 13:00:00,24894.188,27592.066,37103.605,27144.695,30921.176
2022-01-08 14:00:00,24894.188,27592.066,37103.605,27144.695,30921.176
2022-01-08 15:00:00,24894.188,27593.178,37103.605,27145.195,30922.18
2022-01-08 16:00:00,24894.188,27594.102,37103.605,27145.375,30922.549
2022-01-08 17:00:00,24894.223,27594.102,37103.605,27145.396,30922.549
2022-01-08 18:00:00,24894.223,27594.102,37103.605,27145.396,30922.549
2022-01-08 19:00:00,24894.223,27594.102,37103.605,27145.396,30922.549
2022-01-08 20:00:00,24894.223,27594.102,37103.605,27145.396,30922.549
2022-01-08 21:00:00,24894.223,27594.102,37103.605,27145.396,30922.549
2022-01-08 22:00:00,24894.223,27594.102,37103.605,27145.396,30922.549
2022-01-08 23:00:00,24894.223,27594.102,37103.605,27145.396,30922.549
2022-01-09 00:00:00,24894.223,27594.102,37103.605,27145.396,30922.549
2022-01-09 01:00:00,24894.223,27594.102,37103.605,27145.396,30922.549
2022-01-09 02:00:00,24894.223,27594.102,37103.605,27145.396,30922.549
2022-01-09 03:00:00,24894.223,27594.102,37103.605,27145.396,30922.549
2022-01-09 04:00:00,24894.223,27594.102,37103.605,27145.396,30922.549
2022-01-09 05:00:00,24894.223,27594.102,37103.605,27145.396,30922.549
2022-01-09 06:00:00,24894.223,27594.102,37103.605,27145.396,30922.549
2022-01-09 07:00:00,24894.223,27594.102,37103.605,27145.396,30922.549
2022-01-09 08:00:00,24894.223,27594.102,37103.605,27145.396,30922.549
2022-01-09 09:00:00,24894.223,27594.102,37103.605,27145.396,30922.549
2022-01-09 10:00:00,24894.223,27594.102,37103.605,27145.396,30922.549
2022-01-09 11:00:00,24894.223,27594.102,37103.605,27145.396,30922.549
2022-01-09 12:00:00,24894.223,27594.102,37103.605,27145.396,30922.549
2022-01-09 13:00:00,24894.223,27594.102,37103.605,27145.396,30922.549
2022-01-09 14:00:00,24894.223,27594.102,37103.605,27145.396,30922.549
2022-01-09 15:00:00,24894.223,27594.102,37103.605,27145.396,30922.549
2022-01-09 16:00:00,24894.223,27594.102,37103.605,27145.396,30922.549
2022-01-09 17:00:00,24894.223,27594.102,37103.605,27145.396,30922.549
2022-01-09 18:00:00,24894.223,27594.102,37103.605,27145.396,30922.549
2022-01-09 19:00:00,24894.223,27594.102,37103.605,27145.396,30922.549
2022-01-09 20:00:00,24894.223,27594.102,37103.605,27145.396,30922.549
2022-01-09 21:00:00,24894.223,27594.102,37103.605,27145.396,30922.549
2022-01-09 22:00:00,24894.223,27594.102,37103.605,27145.396,30922.549
2022-01-09 23:00:00,24894.223,27594.102,37103.605,27145.396,30922.549
2022-01-10 00:00:00,24894.223,27594.102,37103.605,27145.396,30922.549
2022-01-10 01:00:00,24894.223,27594.102,37103.605,27145.396,30922.549
2022-01-10 02:00:00,24894.223,27594.102,37103.605,27145.396,30922.549
2022-01-10 03:00:00,24894.223,27594.102,37103.605,27145.396,30922.549
2022-01-10 04:00:00,24894.223,27594.102,37103.605,27145.396,30922.549
2022-01-10 05:00:00,24894.223,27594.102,37103.605,27145.396,30922.549
2022-01-10 06:00:00,24894.223,27594.102,37103.605,27145.396,30922.549
2022-01-10 07:00:00,24894.223,27594.102,37103.605,27145.396,30922.549
2022-01-10 08:00:00,24894.223,27594.102,37103.605,27145.396,30922.549
2022-01-10 09:00:00,24894.223,27594.102,37103.605,27145.396,30922.549
2022-01-10 10:00:00,24894.223,27594.102,37103.605,27145.396,30922.549
2022-01-10 11:00:00,24894.223,27594.102,37103.605,27145.396,30922.549
2022-01-10 12:00:00,24894.223,27594.102,37103.605,27145.396,30922.549
2022-01-10 13:00:00,24894.223,27594.102,37103.605,27145.396,30922.549
2022-01-10 14:00:00,24894.223,27594.102,37103.605,27145.396,30922.549
2022-01-10 15:00:00,24894.223,27594.102,37103.605,27145.396,30922.549
2022-01-10 16:00:00,24894.223,27594.102,37103.605,27145.396,30922.549
2022-01-10 17:00:00,24894.223,27594.102,37103.605,27145.396,30922.549
2022-01-10 18:00:00,24894.223,27594.102,37103.605,27145.396,30922.549
2022-01-10 19:00:00,24894.223,27594.102,37103.605,27145.396,30922.549
2022-01-10 20:00:00,24894.223,27594.102,37103.605,27145.396,30922.549
2022-01-10 21:00:00,24894.223,27594.102,37103.605,27145.396,30922.549
2022-01-10 22:00:00,24894.223,27594.102,37103.605,27145.396,30922.549
2022-01-10 23:00:00,24894.223,27594.102,37103.605,27145.396,30922.549
2022-01-11 00:00:00,24894.863,27594.102,37104.25,27146.732,30922.557
2022-01-11 01:00:00,24896.799,27594.154,37104.25,27147.178,30922.72
2022-01-11 02:00:00,24898.611,27594.7,37104.25,27147.21,30923.68
2022-01-11 03:00:00,24901.328,27595.607,37104.25,27147.842,30925.244
2022-01-11 04:00:00,24902.838,27598.453,37104.25,27149.488,30926.314
2022-01-11 05:00:00,24904.295,27598.926,37104.492,27149.967,30926.643
2022-01-11 06:00:00,24904.66,27599.588,37105.83,27151.059,30926.9
2022-01-11 07:00:00,24904.717,27600.17,37106.67,27152.164,30926.934
2022-01-11 08:00:00,24904.717,27600.17,37106.727,27152.816,30926.934
2022-01-11 09:00:00,24904.717,27600.17,37106.727,27152.857,30926.934
2022-01-11 10:00:00,24904.717,27600.17,37106.727,27152.857,30926.934
2022-01-11 11:00:00,24904.717,27600.17,37106.727,27152.857,30926.934
2022-01-11 12:00:00,24904.717,27600.17,37106.727,27152.857,30926.934
2022-01-11 13:00:00,24904.717,27600.17,37106.727,27152.857,30926.934
2022-01-11 14:00:00,24904.717,27600.17,37106.727,27152.857,30926.934
2022-01-11 15:00:00,24904.717,27600.17,37106.727,27152.857,30926.938
2022-01-11 16:00:00,24904.717,27600.17,37107.27,27152.857,30926.95
2022-01-11 17:00:00,24904.744,27600.17,37107.79,27152.857,30927.707
2022-01-11 18:00:00,24904.836,27600.17,37107.79,27152.9,30927.713
2022-01-11 19:00:00,24905.025,27600.227,37108.176,27152.9,30927.742
2022-01-11 20:00:00,24905.174,27600.227,37109.02,27152.9,30927.8
2022-01-11 21:00:00,24905.201,27600.227,37110.133,27152.9,30928.002
2022-01-11 22:00:00,24905.223,27600.227,37110.133,27152.9,30928.002
2022-01-11 23:00:00,24894.223,27594.102,37104.25,27145.396,30922.557
2022-01-12 00:00:00,24905.25,27600.305,37110.94,27152.9,30928.057
2022-01-12 01:00:00,24905.25,27600.676,37111.39,27153.08,30928.336
2022-01-12 02:00:00,24905.455,27600.963,37113.117,27154.008,30928.346
2022-01-12 03:00:00,24905.625,27601.373,37117.66,27156.02,30929.1
2022-01-12 04:00:00,24905.625,27602.89,37122.656,27159.568,30930.016
2022-01-12 05:00:00,24905.625,27604.234,37128.29,27164.008,30931.21
2022-01-12 06:00:00,24905.625,27605.936,37131.363,27168.918,30932.611
2022-01-12 07:00:00,24905.625,27609.145,37134.895,27173.025,30935.295
2022-01-12 08:00:00,24905.654,27613.139,37138.723,27176.832,30938.92
2022-01-12 09:00:00,24905.72,27616.844,37142.684,27180.045,30942.246
2022-01-12 10:00:00,24906.008,27620.613,37147.027,27183.164,30945.607
2022-01-12 11:00:00,24907.488,27623.73,37152.047,27186.004,30950.41
2022-01-12 12:00:00,24909.451,27626.775,37157.457,27190.738,30955.178
2022-01-12 13:00:00,24911.611,27629.955,37158.805,27196.06,30960.51
2022-01-12 14:00:00,24913.725,27632.125,37158.914,27201.318,30964.133
2022-01-12 15:00:00,24915.844,27632.684,37159.348,27205.068,30964.889
2022-01-12 16:00:00,24918.86,27634.379,37160.438,27208.096,30965.709
2022-01-12 17:00:00,24922.465,27634.432,37161.684,27212.36,30967.27
2022-01-12 18:00:00,24927.53,27634.432,37163.25,27217.096,30968.836
2022-01-12 19:00:00,24931.559,27634.432,37166.355,27219.566,30970.4
2022-01-12 20:00:00,24933.129,27634.432,37167.953,27221.127,30971.96
2022-01-12 21:00:00,24934.045,27634.432,37167.953,27222.69,30973.525
2022-01-12 22:00:00,24934.2,27634.432,37167.953,27224.252,30975.088
2022-01-12 23:00:00,24934.238,27634.432,37167.96,27225.795,30976.65
2022-01-13 00:00:00,24934.238,27634.432,37167.96,27226.844,30978.215
2022-01-13 01:00:00,24934.238,27634.432,37167.96,27227.078,30979.748
2022-01-13 02:00:00,24934.238,27634.432,37167.96,27227.105,30980.188
2022-01-13 03:00:00,24934.238,27634.432,37167.96,27227.105,30980.188
2022-01-13 04:00:00,24934.238,27634.432,37167.96,27227.105,30980.354
2022-01-13 05:00:00,24934.238,27634.432,37167.96,27227.13,30980.654
2022-01-13 06:00:00,24934.238,27634.432,37167.96,27227.615,30982.129
2022-01-13 07:00:00,24934.246,27634.432,37167.96,27229.178,30983.371
2022-01-13 08:00:00,24934.26,27634.432,37167.96,27230.738,30984.793
2022-01-13 09:00:00,24935.715,27634.447,37167.96,27232.3,30986.354
2022-01-13 10:00:00,24935.855,27634.652,37167.96,27233.895,30987.918
2022-01-13 11:00:00,24937.297,27635.557,37168.3,27234.477,30989.588
2022-01-13 12:00:00,24939.38,27636.621,37168.492,27235.74,30991.08
2022-01-13 13:00:00,24941.117,27637.645,37170.37,27236.469,30991.873
2022-01-13 14:00:00,24942.143,27638.63,37173.79,27237.914,30992.238
2022-01-13 15:00:00,24944.28,27639.66,37175.17,27238.4,30992.729
2022-01-13 16:00:00,24946.695,27643.691,37180.73,27239.152,30992.998
2022-01-13 17:00:00,24950.273,27647.455,37185.684,27242.104,30995.56
2022-01-13 18:00:00,24951.363,27650.582,37188.176,27245.2,30998.508
2022-01-13 19:00:00,24952.303,27654.031,37189.652,27247.416,30999.564
2022-01-13 20:00:00,24953.13,27658.002,37192.14,27249.898,31000.764
2022-01-13 21:00:00,24954.17,27659.404,37193.64,27250.992,31002.264
2022-01-13 22:00:00,24956.105,27660.73,37194.766,27251.396,31002.92
2022-01-13 23:00:00,24957.926,27661.086,37194.973,27251.41,31003.479
2022-01-14 00:00:00,24962.418,27664.305,37196.055,27258.465,31006.68
2022-01-14 01:00:00,24962.69,27664.305,37198.066,27258.49,31006.68
2022-01-14 02:00:00,24963.361,27664.305,37198.66,27258.787,31006.771
2022-01-14 03:00:00,24964.324,27664.305,37198.67,27258.973,31006.771
2022-01-14 04:00:00,24965.64,27664.305,37198.67,27258.973,31006.771
2022-01-14 05:00:00,24965.64,27664.305,37198.67,27258.973,31006.771
2022-01-14 06:00:00,24965.64,27664.305,37198.67,27258.973,31006.771
2022-01-14 07:00:00,24965.64,27664.305,37198.67,27258.973,31006.771
2022-01-14 08:00:00,24965.64,27664.305,37198.67,27258.973,31006.771
2022-01-14 09:00:00,24965.64,27664.305,37198.67,27258.973,31006.771
2022-01-14 10:00:00,24965.64,27664.305,37198.67,27258.973,31006.771
2022-01-14 11:00:00,24965.64,27664.305,37198.67,27258.973,31006.771
2022-01-14 12:00:00,24958.031,27661.086,37194.977,27251.459,31003.518
2022-01-14 13:00:00,24958.162,27661.086,37195.15,27251.53,31003.518
2022-01-14 14:00:00,24958.162,27662.145,37195.15,27252.174,31003.518
2022-01-14 15:00:00,24958.162,27662.145,37195.15,27252.738,31003.518
2022-01-14 16:00:00,24958.209,27662.145,37195.164,27252.738,31003.518
2022-01-14 17:00:00,24958.586,27662.145,37195.17,27252.75,31003.678
2022-01-14 18:00:00,24959.982,27662.145,37195.223,27252.775,31003.678
2022-01-14 19:00:00,24960.383,27662.145,37195.56,27252.82,31003.678
2022-01-14 20:00:00,24960.4,27662.145,37195.61,27252.82,31003.678
2022-01-14 21:00:00,24960.965,27662.145,37195.785,27253.494,31003.678
2022-01-14 22:00:00,24961.982,27662.385,37195.785,27256.729,31004.348
2022-01-14 23:00:00,24962.377,27662.883,37195.785,27258.246,31006.0
2022-01-15 00:00:00,24965.64,27664.305,37198.67,27258.973,31006.771
2022-01-15 01:00:00,24965.64,27664.305,37198.67,27258.973,31006.771
2022-01-15 02:00:00,24965.64,27664.305,37198.67,27258.973,31006.771
2022-01-15 03:00:00,24965.64,27664.305,37198.67,27258.973,31006.771
2022-01-15 04:00:00,24965.643,27664.305,37199.492,27259.693,31007.018
2022-01-15 05:00:00,24967.104,27665.29,37199.5,27259.738,31007.44
2022-01-15 06:00:00,24967.104,27665.342,37199.5,27259.738,31007.44
2022-01-15 07:00:00,24967.191,27665.457,37199.5,27259.738,31007.557
2022-01-15 08:00:00,24967.191,27665.457,37199.5,27259.738,31007.748
2022-01-15 09:00:00,24967.191,27665.457,37200.02,27259.738,31008.97
2022-01-15 10:00:00,24967.191,27665.457,37200.02,27259.738,31008.97
2022-01-15 11:00:00,24967.191,27665.457,37200.02,27259.738,31009.56
2022-01-15 12:00:00,24965.64,27664.305,37198.67,27258.973,31006.771
2022-01-15 13:00:00,24965.64,27664.305,37198.67,27258.973,31006.771
2022-01-15 14:00:00,24965.64,27664.305,37198.67,27258.973,31006.771
2022-01-15 15:00:00,24965.64,27664.305,37198.67,27259.123,31006.771
2022-01-15 16:00:00,24966.63,27664.639,37199.5,27259.693,31007.182
2022-01-15 17:00:00,24967.104,27665.332,37199.5,27259.738,31007.44
2022-01-15 18:00:00,24967.12,27665.457,37199.5,27259.738,31007.557
2022-01-15 19:00:00,24967.191,27665.457,37199.5,27259.738,31007.557
2022-01-15 20:00:00,24967.191,27665.457,37199.5,27259.738,31008.488
2022-01-15 21:00:00,24967.191,27665.457,37200.02,27259.738,31008.97
2022-01-15 22:00:00,24967.191,27665.457,37200.02,27259.738,31008.977
2022-01-15 23:00:00,24967.191,27665.457,37200.02,27259.738,31009.576
2022-01-16 00:00:00,24967.191,27665.457,37200.02,27259.738,31009.576
2022-01-16 01:00:00,24967.191,27665.457,37200.137,27259.738,31009.576
2022-01-16 02:00:00,24967.191,27665.457,37200.17,27259.81,31009.576
2022-01-16 03:00:00,24968.389,27666.73,37204.58,27263.73,31012.236
2022-01-16 04:00:00,24970.707,27667.717,37207.23,27265.418,31013.732
2022-01-16 05:00:00,24972.396,27668.668,37208.027,27266.244,31014.53
2022-01-16 06:00:00,24973.693,27668.922,37209.14,27267.342,31015.375
2022-01-16 07:00:00,24974.477,27668.953,37209.2,27267.41,31015.512
2022-01-16 08:00:00,24978.033,27671.863,37215.21,27271.143,31020.246
2022-01-16 09:00:00,24982.293,27676.537,37217.977,27275.562,31023.525
2022-01-16 10:00:00,24985.908,27677.36,37219.94,27277.967,31026.201
2022-01-16 11:00:00,24988.562,27677.99,37221.9,27280.1,31028.229
2022-01-16 12:00:00,24967.191,27665.457,37200.043,27259.738,31009.576
2022-01-16 13:00:00,24967.191,27665.457,37200.168,27259.738,31009.576
2022-01-16 14:00:00,24967.252,27665.723,37201.97,27261.578,31010.326
2022-01-16 15:00:00,24969.314,27666.938,37206.023,27264.668,31013.428
2022-01-16 16:00:00,24971.824,27667.79,37207.277,27265.424,31013.732
2022-01-16 17:00:00,24972.498,27668.791,37208.84,27266.252,31015.365
2022-01-16 18:00:00,24973.975,27668.922,37209.2,27267.342,31015.375
2022-01-16 19:00:00,24974.926,27669.256,37210.867,27267.902,31016.22
2022-01-16 20:00:00,24980.81,27675.055,37217.94,27274.016,31022.541
2022-01-16 21:00:00,24983.662,27676.578,37218.03,27276.422,31023.666
2022-01-16 22:00:00,24986.574,27677.95,37219.94,27279.088,31027.516
2022-01-16 23:00:00,24988.686,27679.377,37221.91,27280.39,31029.9
2022-01-17 00:00:00,25005.729,27682.611,37231.01,27284.074,31031.852
2022-01-17 01:00:00,25005.729,27682.611,37231.01,27284.074,31031.852
2022-01-17 02:00:00,25005.729,27682.611,37231.01,27284.074,31031.852
2022-01-17 03:00:00,25005.729,27682.611,37231.01,27284.074,31031.852
2022-01-17 04:00:00,25005.729,27682.611,37231.01,27284.074,31031.852
2022-01-17 05:00:00,25005.729,27682.611,37231.01,27284.074,31031.852
2022-01-17 06:00:00,25005.729,27682.611,37231.01,27284.074,31031.852
2022-01-17 07:00:00,25005.729,27682.611,37231.01,27284.074,31031.852
2022-01-17 08:00:00,25005.729,27682.611,37231.01,27284.074,31031.852
2022-01-17 09:00:00,25005.729,27682.611,37231.01,27284.074,31031.852
2022-01-17 10:00:00,25005.729,27682.611,37231.01,27284.074,31031.852
2022-01-17 11:00:00,25005.729,27682.611,37231.01,27284.074,31031.852
2022-01-17 12:00:00,25005.578,27682.611,37231.01,27284.074,31031.816
2022-01-17 13:00:00,24998.436,27682.44,37227.965,27283.139,31031.45
2022-01-17 14:00:00,25000.17,27682.611,37228.867,27283.854,31031.475
2022-01-17 15:00:00,25003.863,27682.611,37231.01,27284.074,31031.475
2022-01-17 16:00:00,25005.12,27682.611,37231.01,27284.074,31031.475
2022-01-17 17:00:00,25005.578,27682.611,37231.01,27284.074,31031.475
2022-01-17 18:00:00,24991.676,27680.371,37222.902,27280.707,31030.18
2022-01-17 19:00:00,24998.266,27681.719,37227.75,27283.129,31030.957
2022-01-17 20:00:00,25005.578,27682.611,37231.01,27284.074,31031.475
2022-01-17 21:00:00,24994.035,27680.709,37227.75,27282.682,31030.697
2022-01-17 22:00:00,24998.436,27681.719,37227.965,27283.139,31030.957
2022-01-17 23:00:00,25005.578,27682.611,37231.01,27284.074,31031.852
2022-01-18 00:00:00,25005.729,27682.611,37231.01,27284.074,31031.852
2022-01-18 01:00:00,25005.729,27682.611,37231.01,27284.074,31031.904
2022-01-18 02:00:00,25005.729,27682.738,37231.01,27284.074,31031.914
2022-01-18 03:00:00,25005.729,27682.81,37231.01,27284.074,31031.914
2022-01-18 04:00:00,25005.729,27682.81,37231.01,27284.074,31031.914
2022-01-18 05:00:00,25005.729,27682.81,37231.01,27284.074,31031.914
2022-01-18 06:00:00,25005.729,27682.81,37231.01,27284.074,31031.914
2022-01-18 07:00:00,25005.729,27682.81,37231.01,27284.074,31031.914
2022-01-18 08:00:00,25005.729,27682.81,37231.01,27284.074,31031.914
2022-01-18 09:00:00,25005.729,27682.81,37231.01,27284.074,31031.914
2022-01-18 10:00:00,25006.422,27683.201,37231.01,27284.074,31032.979
2022-01-18 11:00:00,25006.557,27686.11,37231.01,27284.074,31034.215
2022-01-18 12:00:00,25006.557,27687.998,37231.01,27284.074,31035.781
2022-01-18 13:00:00,25006.557,27691.068,37233.098,27284.074,31038.453
2022-01-18 14:00:00,25006.557,27691.814,37235.477,27284.074,31039.67
2022-01-18 15:00:00,25006.557,27691.814,37235.477,27284.074,31039.67
2022-01-18 16:00:00,25006.557,27691.814,37235.477,27284.074,31039.67
2022-01-18 17:00:00,25006.645,27691.814,37235.477,27284.074,31039.67
2022-01-18 18:00:00,25008.05,27691.814,37235.477,27284.074,31039.67
2022-01-18 19:00:00,25008.646,27691.814,37235.477,27284.074,31039.67
2022-01-18 20:00:00,25008.646,27691.814,37235.477,27284.074,31039.67
2022-01-18 21:00:00,25008.646,27691.814,37235.477,27284.074,31039.67
2022-01-18 22:00:00,25008.646,27691.814,37235.477,27284.074,31039.67
2022-01-18 23:00:00,25008.646,27691.814,37235.477,27284.074,31039.693
2022-01-19 00:00:00,25008.646,27691.814,37235.496,27284.074,31039.693
2022-01-19 01:00:00,25008.646,27692.184,37235.594,27284.871,31039.693
2022-01-19 02:00:00,25008.646,27692.184,37238.75,27284.97,31039.787
2022-01-19 03:00:00,25008.67,27692.82,37240.344,27285.34,31040.201
2022-01-19 04:00:00,25009.271,27695.947,37243.113,27289.158,31040.936
2022-01-19 05:00:00,25010.115,27698.023,37247.754,27292.893,31041.479
2022-01-19 06:00:00,25011.121,27700.592,37252.258,27295.703,31042.193
2022-01-19 07:00:00,25011.758,27701.947,37256.62,27297.484,31043.697
2022-01-19 08:00:00,25012.367,27702.996,37259.37,27299.41,31044.832
2022-01-19 09:00:00,25012.836,27703.9,37262.945,27300.334,31045.914
2022-01-19 10:00:00,25014.87,27704.416,37263.613,27300.656,31047.57
2022-01-19 11:00:00,25016.838,27704.482,37264.484,27300.842,31049.385
2022-01-19 12:00:00,25018.686,27704.482,37264.867,27301.7,31049.861
2022-01-19 13:00:00,25019.803,27704.572,37264.867,27302.227,31050.133
2022-01-19 14:00:00,25020.455,27705.32,37265.92,27303.07,31051.328
2022-01-19 15:00:00,25020.773,27706.176,37267.48,27304.35,31053.342
2022-01-19 16:00:00,25020.773,27707.137,37267.555,27305.28,31054.578
2022-01-19 17:00:00,25022.184,27708.137,37267.574,27305.371,31055.045
2022-01-19 18:00:00,25022.727,27709.19,37268.85,27305.893,31056.553
2022-01-19 19:00:00,25023.008,27709.953,37269.105,27305.912,31056.56
2022-01-19 20:00:00,25023.35,27710.555,37269.7,27307.107,31057.07
2022-01-19 21:00:00,25024.729,27711.176,37270.637,27307.512,31057.396
2022-01-19 22:00:00,25026.25,27712.031,37271.754,27308.422,31058.346
2022-01-19 23:00:00,25028.38,27712.387,37271.754,27308.44,31059.457
2022-01-20 00:00:00,25051.432,27727.635,37280.98,27316.445,31084.34
2022-01-20 01:00:00,25030.875,27713.828,37272.28,27308.467,31060.352
2022-01-20 02:00:00,25031.836,27714.44,37272.78,27309.07,31060.594
2022-01-20 03:00:00,25032.018,27714.93,37275.035,27309.586,31061.709
2022-01-20 04:00:00,25032.668,27715.916,37275.477,27309.94,31063.709
2022-01-20 05:00:00,25033.057,27718.207,37277.125,27311.418,31065.389
2022-01-20 06:00:00,25034.328,27719.268,37277.35,27312.05,31068.67
2022-01-20 07:00:00,25035.164,27720.314,37278.64,27313.672,31070.027
2022-01-20 08:00:00,25037.496,27720.545,37279.51,27314.303,31071.09
2022-01-20 09:00:00,25038.594,27723.668,37280.26,27315.244,31074.14
2022-01-20 10:00:00,25040.498,27724.9,37280.348,27315.889,31077.168
2022-01-20 11:00:00,25043.324,27724.9,37280.348,27315.889,31077.285
2022-01-20 12:00:00,25045.684,27724.9,37280.348,27315.889,31077.338
2022-01-20 13:00:00,25047.326,27724.9,37280.348,27315.889,31079.408
2022-01-20 14:00:00,25048.406,27725.63,37280.348,27315.889,31081.643
2022-01-20 15:00:00,25048.406,27726.627,37280.348,27315.889,31082.744
2022-01-20 16:00:00,25048.486,27727.2,37280.9,27315.945,31082.791
2022-01-20 17:00:00,25049.375,27727.635,37280.9,27316.418,31083.213
2022-01-20 18:00:00,25050.367,27727.635,37280.98,27316.445,31083.396
2022-01-20 19:00:00,25051.432,27727.635,37280.98,27316.445,31083.396
2022-01-20 20:00:00,25051.432,27727.635,37280.98,27316.445,31083.396
2022-01-20 21:00:00,25051.432,27727.635,37280.98,27316.445,31083.396
2022-01-20 22:00:00,25051.432,27727.635,37280.98,27316.445,31083.396
2022-01-20 23:00:00,25051.432,27727.635,37280.98,27316.445,31084.277
2022-01-21 00:00:00,25051.432,27727.635,37280.98,27316.445,31084.531
2022-01-21 01:00:00,25051.432,27727.635,37280.98,27316.445,31084.531
2022-01-21 02:00:00,25051.432,27727.635,37280.98,27316.445,31084.531
2022-01-21 03:00:00,25051.432,27728.328,37280.98,27316.445,31084.531
2022-01-21 04:00:00,25051.432,27729.729,37280.98,27316.445,31084.531
2022-01-21 05:00:00,25051.463,27730.955,37280.98,27316.445,31084.994
2022-01-21 06:00:00,25053.598,27731.088,37280.98,27316.445,31084.996
2022-01-21 07:00:00,25055.621,27732.88,37280.98,27316.807,31084.996
2022-01-21 08:00:00,25055.764,27734.363,37280.98,27316.807,31084.996
2022-01-21 09:00:00,25055.764,27734.363,37280.98,27316.807,31084.996
2022-01-21 10:00:00,25055.764,27734.363,37280.98,27316.807,31084.996
2022-01-21 11:00:00,25051.432,27727.635,37280.98,27316.445,31084.531
2022-01-21 12:00:00,25051.432,27727.635,37280.98,27316.445,31084.531
2022-01-21 13:00:00,25051.432,27727.635,37280.98,27316.445,31084.531
2022-01-21 14:00:00,25051.432,27727.635,37280.98,27316.445,31084.531
2022-01-21 15:00:00,25051.432,27727.688,37280.98,27316.445,31084.531
2022-01-21 16:00:00,25051.432,27729.283,37280.98,27316.445,31084.531
2022-01-21 17:00:00,25051.432,27730.283,37280.98,27316.445,31084.604
2022-01-21 18:00:00,25052.592,27731.088,37280.98,27316.445,31084.996
2022-01-21 19:00:00,25054.576,27731.982,37280.98,27316.445,31084.996
2022-01-21 20:00:00,25055.764,27733.885,37280.98,27316.807,31084.996
2022-01-21 21:00:00,25055.764,27734.363,37280.98,27316.807,31084.996
2022-01-21 22:00:00,25055.764,27734.363,37280.98,27316.807,31084.996
2022-01-21 23:00:00,25055.764,27734.363,37280.98,27316.807,31084.996
2022-01-22 00:00:00,25055.764,27734.363,37280.98,27316.807,31084.996
2022-01-22 01:00:00,25055.764,27734.363,37280.98,27316.807,31084.996
2022-01-22 02:00:00,25055.764,27734.363,37280.98,27316.807,31085.168
2022-01-22 03:00:00,25055.764,27734.363,37280.98,27316.807,31085.543
2022-01-22 04:00:00,25055.764,27734.363,37280.98,27316.807,31085.543
2022-01-22 05:00:00,25055.764,27734.363,37280.98,27316.807,31085.543
2022-01-22 06:00:00,25055.764,27734.363,37280.98,27316.807,31085.594
2022-01-22 07:00:00,25055.764,27734.363,37280.98,27316.807,31085.594
2022-01-22 08:00:00,25055.764,27735.41,37280.98,27316.807,31085.594
2022-01-22 09:00:00,25055.764,27735.848,37280.98,27316.807,31085.594
2022-01-22 10:00:00,25055.764,27735.877,37280.98,27316.807,31085.639
2022-01-22 11:00:00,25055.764,27735.877,37280.98,27316.807,31085.639
2022-01-22 12:00:00,25055.764,27734.363,37280.98,27316.807,31084.996
2022-01-22 13:00:00,25055.764,27734.363,37280.98,27316.807,31085.154
2022-01-22 14:00:00,25055.764,27734.363,37280.98,27316.807,31085.473
2022-01-22 15:00:00,25055.764,27734.363,37280.98,27316.807,31085.543
2022-01-22 16:00:00,25055.764,27734.363,37280.98,27316.807,31085.543
2022-01-22 17:00:00,25055.764,27734.363,37280.98,27316.807,31085.594
2022-01-22 18:00:00,25055.764,27734.363,37280.98,27316.807,31085.594
2022-01-22 19:00:00,25055.764,27734.363,37280.98,27316.807,31085.594
2022-01-22 20:00:00,25055.764,27735.768,37280.98,27316.807,31085.594
2022-01-22 21:00:00,25055.764,27735.877,37280.98,27316.807,31085.62
2022-01-22 22:00:00,25055.764,27735.877,37280.98,27316.807,31085.639
2022-01-22 23:00:00,25055.764,27735.877,37280.98,27316.807,31085.639
2022-01-23 00:00:00,25055.764,27735.877,37280.98,27316.807,31085.639
2022-01-23 01:00:00,25055.764,27735.877,37280.98,27316.807,31085.639
2022-01-23 02:00:00,25055.764,27735.877,37280.98,27316.807,31085.639
2022-01-23 03:00:00,25055.764,27735.877,37280.98,27316.807,31085.639
2022-01-23 04:00:00,25055.764,27735.877,37280.98,27316.807,31085.658
2022-01-23 05:00:00,25056.91,27735.92,37280.98,27316.807,31085.742
2022-01-23 06:00:00,25060.344,27736.107,37280.98,27316.807,31085.832
2022-01-23 07:00:00,25062.168,27736.127,37280.98,27316.807,31085.848
2022-01-23 08:00:00,25062.326,27736.182,37280.98,27316.807,31085.848
2022-01-23 09:00:00,25062.326,27736.182,37280.98,27316.807,31085.848
2022-01-23 10:00:00,25062.326,27736.182,37280.98,27316.807,31085.848
2022-01-23 11:00:00,25062.326,27736.182,37280.98,27316.807,31085.848
2022-01-23 12:00:00,25055.764,27735.877,37280.98,27316.807,31085.639
2022-01-23 13:00:00,25055.764,27735.877,37280.98,27316.807,31085.639
2022-01-23 14:00:00,25055.764,27735.877,37280.98,27316.807,31085.639
2022-01-23 15:00:00,25055.764,27735.877,37280.98,27316.807,31085.658
2022-01-23 16:00:00,25055.83,27735.877,37280.98,27316.807,31085.658
2022-01-23 17:00:00,25058.846,27735.984,37280.98,27316.807,31085.832
2022-01-23 18:00:00,25061.12,27736.107,37280.98,27316.807,31085.832
2022-01-23 19:00:00,25062.314,27736.182,37280.98,27316.807,31085.848
2022-01-23 20:00:00,25062.326,27736.182,37280.98,27316.807,31085.848
2022-01-23 21:00:00,25062.326,27736.182,37280.98,27316.807,31085.848
2022-01-23 22:00:00,25062.326,27736.182,37280.98,27316.807,31085.848
2022-01-23 23:00:00,25062.326,27736.182,37280.98,27316.807,31085.848
2022-01-24 00:00:00,25063.467,27739.871,37296.883,27322.035,31088.402
2022-01-24 01:00:00,25065.01,27744.887,37304.05,27324.547,31090.803
2022-01-24 02:00:00,25065.988,27748.06,37307.145,27328.314,31091.87
2022-01-24 03:00:00,25066.125,27748.852,37307.242,27328.559,31092.195
2022-01-24 04:00:00,25066.227,27749.135,37307.33,27328.559,31092.332
2022-01-24 05:00:00,25066.227,27749.135,37307.33,27328.559,31092.77
2022-01-24 06:00:00,25066.227,27749.135,37307.56,27328.559,31093.889
2022-01-24 07:00:00,25066.227,27749.21,37307.56,27328.803,31095.818
2022-01-24 08:00:00,25066.227,27749.379,37307.71,27329.408,31096.072
2022-01-24 09:00:00,25066.227,27749.379,37307.742,27329.643,31096.209
2022-01-24 10:00:00,25066.432,27749.379,37309.5,27329.652,31097.727
2022-01-24 11:00:00,25066.48,27749.871,37309.605,27330.303,31098.105
2022-01-24 12:00:00,25067.121,27749.871,37311.19,27330.348,31099.893
2022-01-24 13:00:00,25067.123,27750.008,37311.227,27330.6,31100.213
2022-01-24 14:00:00,25067.123,27750.102,37311.395,27330.795,31101.295
2022-01-24 15:00:00,25067.123,27750.188,37311.395,27330.852,31101.295
2022-01-24 16:00:00,25067.123,27750.188,37311.703,27330.852,31101.295
2022-01-24 17:00:00,25067.123,27750.188,37311.703,27330.852,31101.295
2022-01-24 18:00:00,25062.326,27736.182,37280.98,27316.807,31085.848
2022-01-24 19:00:00,25062.326,27736.562,37285.09,27316.807,31085.861
2022-01-24 20:00:00,25062.375,27736.988,37290.082,27320.023,31086.3
2022-01-24 21:00:00,25062.326,27736.266,37281.668,27316.807,31085.861
2022-01-24 22:00:00,25062.326,27736.562,37288.902,27317.846,31085.861
2022-01-24 23:00:00,25062.69,27738.223,37292.586,27321.45,31087.377
2022-01-25 00:00:00,25067.123,27750.188,37311.703,27330.852,31101.295
2022-01-25 01:00:00,25067.123,27750.188,37311.703,27330.852,31101.295
2022-01-25 02:00:00,25067.137,27750.188,37311.83,27330.852,31101.295
2022-01-25 03:00:00,25067.137,27750.188,37311.83,27330.852,31101.295
2022-01-25 04:00:00,25067.137,27750.188,37311.83,27330.852,31101.295
2022-01-25 05:00:00,25067.137,27750.188,37311.83,27330.852,31101.295
2022-01-25 06:00:00,25067.137,27750.188,37311.83,27330.852,31101.295
2022-01-25 07:00:00,25067.137,27750.188,37311.83,27330.852,31101.295
2022-01-25 08:00:00,25067.137,27750.188,37311.83,27330.852,31101.295
2022-01-25 09:00:00,25067.137,27750.188,37311.83,27330.852,31101.38
2022-01-25 10:00:00,25067.137,27750.188,37311.83,27330.852,31101.734
2022-01-25 11:00:00,25067.137,27750.188,37311.83,27330.852,31102.06
2022-01-25 12:00:00,25067.137,27750.188,37311.84,27330.852,31102.19
2022-01-25 13:00:00,25067.137,27750.188,37311.84,27330.852,31102.197
2022-01-25 14:00:00,25067.137,27750.188,37311.84,27330.852,31102.197
2022-01-25 15:00:00,25067.137,27750.188,37311.84,27330.852,31102.326
2022-01-25 16:00:00,25067.137,27750.486,37311.863,27330.852,31102.541
2022-01-25 17:00:00,25067.238,27751.074,37312.59,27331.293,31102.947
2022-01-25 18:00:00,25067.238,27751.148,37313.28,27331.516,31102.979
2022-01-25 19:00:00,25067.238,27751.305,37315.47,27331.814,31103.074
2022-01-25 20:00:00,25067.238,27752.299,37320.12,27333.975,31103.676
2022-01-25 21:00:00,25067.238,27753.398,37323.137,27335.48,31104.371
2022-01-25 22:00:00,25067.82,27754.617,37325.918,27337.31,31105.145
2022-01-25 23:00:00,25068.1,27755.766,37327.28,27340.346,31106.727
2022-01-26 00:00:00,25068.541,27756.508,37330.023,27342.705,31107.299
2022-01-26 01:00:00,25068.637,27756.916,37332.29,27343.27,31109.172
2022-01-26 02:00:00,25068.969,27758.203,37332.703,27344.002,31109.756
2022-01-26 03:00:00,25069.633,27759.816,37333.16,27344.79,31112.637
2022-01-26 04:00:00,25070.807,27760.656,37333.84,27346.434,31114.055
2022-01-26 05:00:00,25072.215,27760.938,37335.15,27347.545,31115.312
2022-01-26 06:00:00,25073.23,27760.943,37336.69,27348.512,31116.035
2022-01-26 07:00:00,25074.12,27761.027,37338.12,27348.713,31116.348
2022-01-26 08:00:00,25077.506,27761.305,37339.527,27348.957,31117.658
2022-01-26 09:00:00,25078.283,27761.752,37339.785,27349.02,31117.947
2022-01-26 10:00:00,25078.684,27761.848,37339.895,27349.305,31118.059
2022-01-26 11:00:00,25079.205,27762.34,37340.06,27349.578,31118.578
2022-01-26 12:00:00,25081.24,27763.404,37342.15,27349.951,31120.66
2022-01-26 13:00:00,25081.566,27765.322,37342.258,27351.41,31120.902
2022-01-26 14:00:00,25081.582,27765.76,37342.344,27351.523,31120.902
2022-01-26 15:00:00,25081.582,27766.795,37342.344,27351.531,31120.912
2022-01-26 16:00:00,25081.582,27767.281,37342.477,27352.262,31121.938
2022-01-26 17:00:00,25082.248,27767.451,37342.613,27352.379,31122.043
2022-01-26 18:00:00,25082.248,27767.79,37342.613,27352.379,31122.32
2022-01-26 19:00:00,25082.248,27767.79,37342.613,27352.379,31122.516
2022-01-26 20:00:00,25082.248,27767.79,37342.707,27352.379,31122.9
2022-01-26 21:00:00,25082.248,27767.79,37342.715,27352.379,31122.908
2022-01-26 22:00:00,25082.248,27767.795,37342.715,27352.379,31122.908
2022-01-26 23:00:00,25082.248,27768.28,37342.72,27352.379,31122.908
2022-01-27 00:00:00,25103.205,27783.31,37353.176,27361.43,31142.24
2022-01-27 01:00:00,25103.205,27786.566,37354.832,27362.893,31143.08
2022-01-27 02:00:00,25108.732,27786.582,37356.965,27364.582,31143.451
2022-01-27 03:00:00,25112.36,27786.857,37359.008,27365.994,31143.451
2022-01-27 04:00:00,25113.23,27786.857,37359.008,27367.088,31144.027
2022-01-27 05:00:00,25113.318,27786.857,37359.062,27367.373,31144.92
2022-01-27 06:00:00,25114.592,27786.857,37359.824,27368.088,31144.967
2022-01-27 07:00:00,25082.412,27770.787,37342.8,27352.402,31123.09
2022-01-27 08:00:00,25084.424,27775.492,37345.457,27355.6,31124.535
2022-01-27 09:00:00,25086.477,27776.596,37347.203,27356.908,31124.914
2022-01-27 10:00:00,25088.371,27776.633,37349.21,27357.258,31126.197
2022-01-27 11:00:00,25090.658,27776.658,37350.715,27358.115,31126.465
2022-01-27 12:00:00,25092.346,27776.658,37350.715,27358.666,31126.465
2022-01-27 13:00:00,25092.354,27776.658,37350.715,27359.326,31126.78
2022-01-27 14:00:00,25092.354,27776.674,37351.254,27359.375,31127.168
2022-01-27 15:00:00,25092.354,27777.025,37351.438,27359.375,31130.895
2022-01-27 16:00:00,25092.578,27777.682,37351.676,27359.375,31133.633
2022-01-27 17:00:00,25092.693,27777.773,37351.676,27359.375,31135.045
2022-01-27 18:00:00,25092.877,27777.773,37351.676,27359.438,31135.672
2022-01-27 19:00:00,25093.645,27777.953,37351.734,27359.68,31135.688
2022-01-27 20:00:00,25094.176,27777.998,37351.848,27360.043,31135.992
2022-01-27 21:00:00,25095.264,27779.031,37351.848,27360.049,31136.965
2022-01-27 22:00:00,25096.607,27780.76,37352.297,27360.06,31138.125
2022-01-27 23:00:00,25099.242,27781.0,37353.176,27361.035,31138.463
2022-01-28 00:00:00,25115.08,27786.895,37360.89,27368.965,31145.62
2022-01-28 01:00:00,25117.062,27786.895,37361.207,27369.541,31145.62
2022-01-28 02:00:00,25117.062,27786.895,37361.207,27369.541,31145.62
2022-01-28 03:00:00,25117.062,27786.895,37361.207,27369.541,31145.62
2022-01-28 04:00:00,25117.062,27786.895,37361.207,27369.541,31145.62
2022-01-28 05:00:00,25117.062,27786.895,37361.207,27369.541,31145.62
2022-01-28 06:00:00,25117.062,27786.895,37361.207,27369.541,31145.62
2022-01-28 07:00:00,25117.062,27786.895,37361.207,27369.541,31146.354
2022-01-28 08:00:00,25117.062,27786.895,37361.207,27369.541,31146.357
2022-01-28 09:00:00,25117.062,27786.895,37361.207,27369.541,31146.357
2022-01-28 10:00:00,25117.062,27786.895,37361.207,27369.541,31146.357
2022-01-28 11:00:00,25117.062,27786.895,37361.207,27369.541,31146.357
2022-01-28 12:00:00,25117.062,27786.895,37361.207,27369.541,31146.357
2022-01-28 13:00:00,25117.062,27787.086,37361.207,27369.541,31146.357
2022-01-28 14:00:00,25117.062,27787.707,37361.242,27369.541,31146.357
2022-01-28 15:00:00,25117.062,27788.297,37361.74,27369.861,31146.357
2022-01-28 16:00:00,25117.201,27789.688,37362.277,27370.379,31146.41
2022-01-28 17:00:00,25117.682,27790.293,37362.344,27370.775,31146.41
2022-01-28 18:00:00,25118.615,27790.596,37362.344,27370.775,31146.41
2022-01-28 19:00:00,25119.057,27791.371,37362.344,27370.775,31146.41
2022-01-28 20:00:00,25119.074,27792.98,37362.344,27370.775,31146.41
2022-01-28 21:00:00,25119.078,27794.697,37364.035,27371.686,31146.572
2022-01-28 22:00:00,25119.078,27796.17,37367.34,27372.646,31147.451
2022-01-28 23:00:00,25119.25,27796.17,37370.05,27376.455,31149.09
2022-01-29 00:00:00,25120.682,27797.31,37373.21,27379.438,31150.543
2022-01-29 01:00:00,25122.1,27798.37,37375.688,27381.723,31152.13
2022-01-29 02:00:00,25123.207,27798.541,37379.67,27383.586,31153.123
2022-01-29 03:00:00,25124.447,27798.773,37383.14,27385.367,31154.506
2022-01-29 04:00:00,25124.824,27799.066,37386.434,27387.475,31157.24
2022-01-29 05:00:00,25125.234,27800.21,37389.992,27390.482,31159.1
2022-01-29 06:00:00,25126.26,27801.676,37393.332,27392.645,31161.338
2022-01-29 07:00:00,25126.441,27802.188,37396.25,27394.582,31165.393
2022-01-29 08:00:00,25126.934,27802.592,37399.547,27395.2,31167.861
2022-01-29 09:00:00,25128.037,27804.373,37402.773,27395.771,31169.518
2022-01-29 10:00:00,25129.74,27806.57,37404.582,27397.959,31172.205
2022-01-29 11:00:00,25132.064,27808.639,37406.566,27400.326,31174.277
2022-01-29 12:00:00,25132.217,27810.51,37407.08,27400.807,31175.48
2022-01-29 13:00:00,25132.348,27811.643,37407.383,27400.814,31176.262
2022-01-29 14:00:00,25133.256,27811.781,37407.82,27400.902,31176.613
2022-01-29 15:00:00,25133.271,27811.922,37408.97,27400.947,31177.502
2022-01-29 16:00:00,25134.09,27812.312,37409.844,27401.56,31177.67
2022-01-29 17:00:00,25134.406,27813.23,37412.38,27402.02,31178.795
2022-01-29 18:00:00,25137.113,27813.82,37415.777,27403.246,31179.81
2022-01-29 19:00:00,25137.627,27814.654,37416.156,27404.469,31180.041
2022-01-29 20:00:00,25139.291,27814.924,37416.156,27405.266,31180.475
2022-01-29 21:00:00,25139.566,27815.594,37416.58,27406.154,31182.21
2022-01-29 22:00:00,25142.145,27817.89,37417.92,27407.328,31184.184
2022-01-29 23:00:00,25140.244,27817.13,37416.68,27406.637,31183.035
2022-01-30 00:00:00,25147.33,27818.031,37419.22,27407.887,31186.121
2022-01-30 01:00:00,25152.195,27818.088,37422.215,27407.982,31188.988
2022-01-30 02:00:00,25156.344,27819.18,37423.54,27408.37,31190.482
2022-01-30 03:00:00,25159.578,27820.438,37423.54,27408.387,31193.133
2022-01-30 04:00:00,25161.93,27822.514,37425.656,27410.4,31194.416
2022-01-30 05:00:00,25163.021,27824.664,37427.848,27412.143,31195.44
2022-01-30 06:00:00,25164.203,27824.672,37427.92,27412.234,31195.44
2022-01-30 07:00:00,25164.203,27824.672,37427.92,27412.234,31195.44
2022-01-30 08:00:00,25164.203,27824.672,37427.92,27412.234,31195.598
2022-01-30 09:00:00,25164.203,27824.672,37427.92,27412.234,31195.754
2022-01-30 10:00:00,25164.203,27824.672,37427.92,27412.234,31195.754
2022-01-30 11:00:00,25164.203,27824.672,37427.92,27412.234,31195.754
2022-01-30 12:00:00,25143.986,27818.031,37418.543,27407.768,31185.355
2022-01-30 13:00:00,25149.8,27818.031,37419.977,27407.893,31187.61
2022-01-30 14:00:00,25153.777,27818.088,37423.42,27408.37,31190.213
2022-01-30 15:00:00,25157.633,27819.234,37423.54,27408.37,31192.412
2022-01-30 16:00:00,25159.746,27821.922,37425.656,27409.451,31194.037
2022-01-30 17:00:00,25162.986,27822.514,37425.656,27411.523,31194.436
2022-01-30 18:00:00,25164.203,27824.672,37427.92,27412.234,31195.44
2022-01-30 19:00:00,25164.203,27824.672,37427.92,27412.234,31195.44
2022-01-30 20:00:00,25164.203,27824.672,37427.92,27412.234,31195.44
2022-01-30 21:00:00,25164.203,27824.672,37427.92,27412.234,31195.754
2022-01-30 22:00:00,25164.203,27824.672,37427.92,27412.234,31195.754
2022-01-30 23:00:00,25164.203,27824.672,37427.92,27412.234,31195.754
2022-01-31 00:00:00,25164.203,27824.672,37427.92,27412.234,31195.754
2022-01-31 01:00:00,25164.203,27824.672,37427.92,27412.234,31195.754
2022-01-31 02:00:00,25164.203,27824.672,37427.92,27412.234,31195.754
2022-01-31 03:00:00,25164.203,27824.672,37427.92,27412.234,31195.754
2022-01-31 04:00:00,25164.203,27824.672,37427.92,27412.234,31195.754
2022-01-31 05:00:00,25164.203,27824.672,37427.92,27412.234,31195.754
2022-01-31 06:00:00,25164.203,27824.672,37427.92,27412.234,31195.754
2022-01-31 07:00:00,25164.203,27824.672,37427.92,27412.234,31195.754
2022-01-31 08:00:00,25164.203,27824.672,37427.92,27412.234,31195.754
2022-01-31 09:00:00,25164.203,27824.672,37427.92,27412.234,31195.754
2022-01-31 10:00:00,25164.203,27824.734,37427.92,27412.367,31196.193
2022-01-31 11:00:00,25165.186,27826.229,37427.92,27413.555,31196.193
2022-01-31 12:00:00,25165.186,27826.473,37427.92,27413.555,31196.193
2022-01-31 13:00:00,25165.186,27826.473,37427.92,27413.555,31196.193
2022-01-31 14:00:00,25165.186,27826.473,37427.92,27413.555,31196.445
2022-01-31 15:00:00,25165.186,27826.473,37427.92,27413.555,31197.879
2022-01-31 16:00:00,25165.186,27826.473,37427.98,27413.555,31198.19
2022-01-31 17:00:00,25165.186,27826.473,37427.98,27413.555,31198.19
2022-01-31 18:00:00,25165.186,27826.473,37427.98,27413.555,31198.19
2022-01-31 19:00:00,25165.186,27826.473,37427.98,27413.555,31198.19
2022-01-31 20:00:00,25165.186,27826.473,37427.98,27413.555,31198.19
2022-01-31 21:00:00,25165.186,27826.758,37427.98,27413.555,31198.959
2022-01-31 22:00:00,25164.203,27824.672,37427.92,27412.234,31195.754
2022-01-31 23:00:00,25164.203,27824.672,37427.92,27412.234,31195.754
2022-02-01 00:00:00,25165.186,27826.758,37427.98,27413.555,31198.959
2022-02-01 01:00:00,25165.186,27826.758,37427.98,27413.555,31200.164
2022-02-01 02:00:00,25165.186,27826.758,37427.98,27413.555,31200.164
2022-02-01 03:00:00,25165.186,27826.758,37427.98,27413.555,31200.164
2022-02-01 04:00:00,25165.186,27826.758,37427.98,27413.555,31200.164
2022-02-01 05:00:00,25165.186,27826.758,37427.98,27413.555,31200.164
2022-02-01 06:00:00,25165.186,27826.758,37427.98,27413.555,31200.164
2022-02-01 07:00:00,25165.186,27826.758,37427.98,27413.555,31200.164
2022-02-01 08:00:00,25165.186,27827.7,37427.98,27414.113,31200.164
2022-02-01 09:00:00,25166.08,27829.082,37428.062,27415.494,31200.658
2022-02-01 10:00:00,25167.537,27831.63,37428.664,27417.818,31201.623
2022-02-01 11:00:00,25169.723,27832.898,37428.793,27419.434,31201.623
2022-02-01 12:00:00,25172.33,27834.014,37428.82,27420.547,31202.459
2022-02-01 13:00:00,25173.768,27835.309,37428.938,27421.441,31203.594
2022-02-01 14:00:00,25174.572,27837.197,37429.793,27421.729,31205.39
2022-02-01 15:00:00,25175.234,27838.662,37430.22,27422.773,31205.723
2022-02-01 16:00:00,25175.355,27839.129,37430.527,27423.848,31206.162
2022-02-01 17:00:00,25175.355,27840.498,37430.527,27423.973,31207.926
2022-02-01 18:00:00,25175.375,27841.977,37431.664,27424.139,31210.008
2022-02-01 19:00:00,25175.895,27842.318,37431.664,27424.973,31210.305
2022-02-01 20:00:00,25175.895,27842.318,37431.664,27424.973,31210.305
2022-02-01 21:00:00,25175.895,27842.318,37431.664,27424.973,31210.328
2022-02-01 22:00:00,25175.895,27842.318,37431.664,27424.973,31211.371
2022-02-01 23:00:00,25175.895,27842.648,37431.84,27424.973,31212.256
2022-02-02 00:00:00,25176.086,27842.709,37433.746,27425.309,31212.385
2022-02-02 01:00:00,25177.049,27842.713,37433.96,27425.309,31213.312
2022-02-02 02:00:00,25178.518,27843.643,37436.074,27425.326,31213.734
2022-02-02 03:00:00,25179.299,27844.123,37436.164,27425.344,31214.97
2022-02-02 04:00:00,25179.596,27844.736,37436.54,27425.848,31215.023
2022-02-02 05:00:00,25179.861,27844.736,37437.3,27425.848,31215.023
2022-02-02 06:00:00,25180.012,27844.828,37437.426,27426.049,31215.95
2022-02-02 07:00:00,25180.846,27845.871,37438.066,27426.586,31216.158
2022-02-02 08:00:00,25181.37,27845.871,37438.066,27426.94,31216.258
2022-02-02 09:00:00,25181.408,27845.871,37439.086,27427.324,31216.258
2022-02-02 10:00:00,25181.408,27845.887,37439.086,27427.41,31216.258
2022-02-02 11:00:00,25181.408,27845.887,37439.086,27427.41,31216.725
2022-02-02 12:00:00,25181.408,27845.887,37439.086,27427.41,31217.215
2022-02-02 13:00:00,25181.408,27846.104,37439.117,27427.41,31217.215
2022-02-02 14:00:00,25181.408,27846.672,37440.098,27427.41,31217.215
2022-02-02 15:00:00,25182.219,27846.814,37441.21,27427.41,31217.56
2022-02-02 16:00:00,25182.219,27847.314,37441.504,27427.41,31217.596
2022-02-02 17:00:00,25182.256,27847.377,37441.562,27427.41,31217.967
2022-02-02 18:00:00,25182.412,27847.377,37441.562,27427.41,31218.352
2022-02-02 19:00:00,25182.412,27847.488,37441.562,27427.41,31218.412
2022-02-02 20:00:00,25182.412,27847.559,37441.562,27427.41,31218.412
2022-02-02 21:00:00,25182.412,27847.559,37441.562,27427.41,31218.412
2022-02-02 22:00:00,25182.412,27847.559,37441.562,27427.41,31218.412
2022-02-02 23:00:00,25182.412,27847.559,37441.562,27427.41,31218.412
2022-02-03 00:00:00,25192.467,27851.455,37444.285,27438.25,31219.748
2022-02-03 01:00:00,25193.47,27852.15,37444.74,27438.25,31219.748
2022-02-03 02:00:00,25194.924,27853.611,37444.74,27439.352,31219.748
2022-02-03 03:00:00,25195.793,27855.068,37444.74,27440.807,31219.748
2022-02-03 04:00:00,25195.793,27855.707,37444.74,27441.934,31219.748
2022-02-03 05:00:00,25195.814,27857.63,37444.74,27442.05,31219.787
2022-02-03 06:00:00,25196.086,27857.99,37444.74,27442.377,31219.797
2022-02-03 07:00:00,25196.22,27858.266,37444.777,27442.793,31220.957
2022-02-03 08:00:00,25197.023,27859.467,37444.832,27444.547,31221.84
2022-02-03 09:00:00,25198.48,27862.127,37446.72,27446.025,31223.88
2022-02-03 10:00:00,25199.818,27864.41,37449.383,27448.266,31227.227
2022-02-03 11:00:00,25182.412,27847.559,37441.562,27427.41,31218.412
2022-02-03 12:00:00,25182.412,27847.559,37441.562,27427.41,31218.412
2022-02-03 13:00:00,25182.412,27847.559,37441.562,27427.41,31218.412
2022-02-03 14:00:00,25182.412,27847.559,37441.562,27427.41,31218.412
2022-02-03 15:00:00,25182.412,27847.559,37441.562,27427.41,31218.412
2022-02-03 16:00:00,25182.412,27847.672,37441.562,27427.867,31218.412
2022-02-03 17:00:00,25182.979,27847.828,37441.562,27428.924,31218.412
2022-02-03 18:00:00,25184.248,27848.248,37441.562,27430.197,31218.412
2022-02-03 19:00:00,25185.701,27849.643,37441.562,27431.65,31218.412
2022-02-03 20:00:00,25186.97,27850.732,37441.562,27433.248,31218.412
2022-02-03 21:00:00,25188.219,27851.354,37441.562,27434.562,31218.412
2022-02-03 22:00:00,25189.916,27851.354,37441.562,27436.06,31218.412
2022-02-03 23:00:00,25191.576,27851.455,37442.523,27437.72,31219.715
2022-02-04 00:00:00,25201.385,27867.033,37453.24,27450.912,31230.78
2022-02-04 01:00:00,25201.467,27868.13,37453.945,27451.646,31232.736
2022-02-04 02:00:00,25201.467,27868.97,37454.137,27451.72,31234.191
2022-02-04 03:00:00,25201.467,27869.125,37455.082,27451.9,31234.916
2022-02-04 04:00:00,25201.498,27870.268,37455.727,27452.367,31235.729
2022-02-04 05:00:00,25202.396,27871.91,37456.254,27454.094,31236.344
2022-02-04 06:00:00,25202.965,27871.91,37457.363,27454.426,31236.807
2022-02-04 07:00:00,25203.637,27872.89,37458.41,27454.568,31237.002
2022-02-04 08:00:00,25203.912,27873.654,37458.535,27455.262,31237.48
2022-02-04 09:00:00,25204.56,27874.045,37459.293,27456.996,31237.543
2022-02-04 10:00:00,25205.033,27875.387,37460.258,27458.006,31239.65
2022-02-04 11:00:00,25206.186,27876.13,37463.098,27459.25,31240.404
2022-02-04 12:00:00,25206.783,27876.828,37464.11,27459.582,31241.53
2022-02-04 13:00:00,25207.66,27879.74,37464.984,27461.602,31241.652
2022-02-04 14:00:00,25207.812,27879.74,37466.55,27461.664,31242.787
2022-02-04 15:00:00,25209.58,27880.75,37466.684,27463.338,31242.787
2022-02-04 16:00:00,25209.676,27880.893,37467.816,27463.338,31243.01
2022-02-04 17:00:00,25209.795,27881.111,37469.32,27463.975,31244.666
2022-02-04 18:00:00,25212.984,27883.312,37471.434,27465.43,31245.398
2022-02-04 19:00:00,25214.715,27884.477,37473.508,27467.232,31246.168
2022-02-04 20:00:00,25218.28,27885.004,37473.945,27468.215,31246.793
2022-02-04 21:00:00,25219.062,27885.709,37477.26,27468.646,31250.762
2022-02-04 22:00:00,25221.863,27886.924,37478.76,27470.48,31253.525
2022-02-04 23:00:00,25223.504,27888.545,37479.92,27471.99,31253.709
2022-02-05 00:00:00,25225.363,27889.72,37480.387,27472.271,31254.635
2022-02-05 01:00:00,25225.438,27890.867,37480.387,27472.775,31255.676
2022-02-05 02:00:00,25226.92,27891.432,37482.08,27474.19,31255.879
2022-02-05 03:00:00,25227.21,27891.432,37482.7,27474.19,31255.898
2022-02-05 04:00:00,25227.42,27891.826,37483.08,27474.512,31256.02
2022-02-05 05:00:00,25228.057,27892.543,37483.08,27474.555,31256.139
2022-02-05 06:00:00,25228.799,27893.965,37483.566,27475.11,31256.625
2022-02-05 07:00:00,25230.77,27895.482,37483.598,27475.621,31257.287
2022-02-05 08:00:00,25231.559,27895.6,37483.598,27475.809,31257.973
2022-02-05 09:00:00,25231.914,27896.117,37485.15,27476.469,31258.658
2022-02-05 10:00:00,25233.705,27896.117,37486.81,27476.469,31258.73
2022-02-05 11:00:00,25235.654,27896.117,37489.867,27476.611,31258.834
2022-02-05 12:00:00,25235.654,27896.428,37489.867,27476.611,31258.834
2022-02-05 13:00:00,25235.654,27896.434,37491.26,27477.709,31259.531
2022-02-05 14:00:00,25236.248,27896.434,37491.86,27477.791,31259.707
2022-02-05 15:00:00,25236.258,27897.654,37492.38,27478.111,31259.873
2022-02-05 16:00:00,25236.965,27898.945,37493.05,27478.748,31260.172
2022-02-05 17:00:00,25238.92,27904.223,37493.62,27482.06,31261.404
2022-02-05 18:00:00,25240.797,27905.188,37493.72,27482.86,31261.777
2022-02-05 19:00:00,25243.297,27905.947,37493.72,27483.871,31262.021
2022-02-05 20:00:00,25245.941,27908.12,37494.582,27485.893,31263.145
2022-02-05 21:00:00,25248.182,27909.893,37497.156,27487.527,31265.422
2022-02-05 22:00:00,25250.068,27911.637,37500.492,27490.402,31266.709
2022-02-05 23:00:00,25251.45,27913.402,37506.176,27492.365,31269.734
2022-02-06 00:00:00,25254.283,27924.816,37515.69,27503.775,31278.238
2022-02-06 01:00:00,25255.48,27924.965,37519.133,27504.771,31278.303
2022-02-06 02:00:00,25251.988,27916.113,37506.582,27495.229,31269.986
2022-02-06 03:00:00,25252.006,27918.07,37506.97,27496.059,31269.986
2022-02-06 04:00:00,25252.525,27918.715,37509.023,27496.98,31270.068
2022-02-06 05:00:00,25252.744,27919.682,37509.53,27498.865,31270.176
2022-02-06 06:00:00,25252.744,27921.436,37509.81,27501.525,31271.102
2022-02-06 07:00:00,25252.744,27921.436,37511.586,27501.99,31272.584
2022-02-06 08:00:00,25252.844,27922.354,37512.926,27503.049,31272.885
2022-02-06 09:00:00,25252.844,27922.354,37513.926,27503.049,31273.35
2022-02-06 10:00:00,25253.193,27922.83,37514.117,27503.062,31273.635
2022-02-06 11:00:00,25253.193,27922.87,37514.117,27503.062,31273.635
2022-02-06 12:00:00,25253.193,27922.87,37514.117,27503.062,31274.127
2022-02-06 13:00:00,25253.945,27923.736,37514.902,27503.389,31277.324
2022-02-06 14:00:00,25252.182,27918.139,37508.344,27496.943,31270.068
2022-02-06 15:00:00,25252.744,27919.625,37509.46,27498.607,31270.176
2022-02-06 16:00:00,25252.744,27921.367,37509.566,27500.324,31271.1
2022-02-06 17:00:00,25252.744,27921.436,37510.02,27501.525,31271.85
2022-02-06 18:00:00,25252.822,27922.354,37511.965,27503.043,31272.584
2022-02-06 19:00:00,25252.844,27922.354,37513.348,27503.049,31272.988
2022-02-06 20:00:00,25252.871,27922.83,37514.117,27503.062,31273.635
2022-02-06 21:00:00,25253.193,27922.87,37514.117,27503.062,31273.635
2022-02-06 22:00:00,25253.193,27922.87,37514.117,27503.062,31273.754
2022-02-06 23:00:00,25253.63,27923.158,37514.773,27503.08,31276.168
2022-02-07 00:00:00,25255.768,27926.043,37519.227,27505.889,31279.307
2022-02-07 01:00:00,25255.91,27928.385,37519.426,27507.234,31280.61
2022-02-07 02:00:00,25256.383,27928.77,37521.184,27507.783,31280.64
2022-02-07 03:00:00,25257.486,27929.234,37522.223,27507.783,31280.64
2022-02-07 04:00:00,25257.52,27929.234,37522.223,27507.783,31280.64
2022-02-07 05:00:00,25257.52,27929.234,37522.27,27507.783,31280.725
2022-02-07 06:00:00,25257.52,27929.234,37522.27,27507.783,31280.787
2022-02-07 07:00:00,25257.604,27929.234,37522.27,27507.783,31280.787
2022-02-07 08:00:00,25257.715,27929.234,37522.445,27507.783,31280.787
2022-02-07 09:00:00,25257.787,27929.234,37522.445,27507.783,31280.787
2022-02-07 10:00:00,25257.787,27929.234,37522.445,27507.783,31280.787
2022-02-07 11:00:00,25257.787,27929.234,37522.445,27507.783,31280.787
2022-02-07 12:00:00,25257.787,27929.234,37522.445,27507.783,31280.787
2022-02-07 13:00:00,25257.787,27929.234,37522.445,27507.783,31280.787
2022-02-07 14:00:00,25257.787,27929.234,37522.445,27507.783,31280.787
2022-02-07 15:00:00,25257.787,27929.234,37522.445,27507.783,31280.787
2022-02-07 16:00:00,25257.787,27929.234,37522.445,27507.783,31280.787
2022-02-07 17:00:00,25257.787,27929.234,37522.445,27507.783,31280.787
2022-02-07 18:00:00,25257.787,27929.234,37522.445,27507.783,31280.787
2022-02-07 19:00:00,25257.787,27929.234,37522.453,27507.783,31280.787
2022-02-07 20:00:00,25257.787,27929.56,37522.453,27508.25,31281.553
2022-02-07 21:00:00,25259.107,27931.059,37522.53,27509.748,31282.547
2022-02-07 22:00:00,25260.855,27933.186,37522.668,27511.521,31283.635
2022-02-07 23:00:00,25263.36,27937.2,37522.773,27514.232,31284.639
2022-02-08 00:00:00,25265.404,27941.047,37523.004,27515.738,31284.893
2022-02-08 01:00:00,25267.18,27944.502,37523.473,27517.045,31286.719
2022-02-08 02:00:00,25268.758,27946.037,37523.695,27517.566,31287.645
2022-02-08 03:00:00,25270.035,27947.064,37523.96,27518.1,31289.42
2022-02-08 04:00:00,25270.535,27949.143,37523.97,27519.197,31290.42
2022-02-08 05:00:00,25270.72,27949.266,37523.97,27519.213,31290.557
2022-02-08 06:00:00,25271.512,27949.463,37524.27,27519.22,31290.713
2022-02-08 07:00:00,25272.021,27949.744,37524.3,27519.396,31290.762
2022-02-08 08:00:00,25272.844,27950.043,37526.41,27519.4,31290.805
2022-02-08 09:00:00,25274.746,27950.367,37527.89,27519.934,31291.465
2022-02-08 10:00:00,25276.447,27950.367,37529.758,27519.951,31292.004
2022-02-08 11:00:00,25276.615,27950.42,37529.785,27519.959,31292.764
2022-02-08 12:00:00,25277.174,27950.451,37530.445,27520.13,31293.154
2022-02-08 13:00:00,25278.828,27950.451,37531.863,27520.13,31293.154
2022-02-08 14:00:00,25280.092,27950.518,37532.23,27520.824,31294.492
2022-02-08 15:00:00,25280.3,27950.518,37532.234,27521.055,31294.498
2022-02-08 16:00:00,25280.3,27951.863,37532.234,27521.49,31294.498
2022-02-08 17:00:00,25281.34,27953.086,37533.83,27522.264,31295.393
2022-02-08 18:00:00,25281.934,27955.48,37533.83,27524.3,31296.404
2022-02-08 19:00:00,25282.982,27955.93,37534.68,27524.766,31298.97
2022-02-08 20:00:00,25286.627,27956.068,37536.902,27524.953,31300.613
2022-02-08 21:00:00,25286.648,27957.127,37536.902,27525.43,31301.066
2022-02-08 22:00:00,25287.123,27958.06,37538.32,27527.207,31304.19
2022-02-08 23:00:00,25290.195,27959.166,37543.168,27528.2,31307.277
2022-02-09 00:00:00,25290.357,27959.47,37543.168,27529.357,31307.385
2022-02-09 01:00:00,25291.273,27961.646,37543.18,27531.936,31308.13
2022-02-09 02:00:00,25291.416,27961.646,37543.547,27532.092,31308.137
2022-02-09 03:00:00,25292.102,27963.21,37545.594,27533.377,31309.492
2022-02-09 04:00:00,25293.2,27963.64,37545.613,27534.158,31310.012
2022-02-09 05:00:00,25295.6,27964.76,37545.7,27534.553,31311.355
2022-02-09 06:00:00,25296.48,27965.686,37546.13,27535.762,31312.154
2022-02-09 07:00:00,25296.752,27965.818,37546.348,27535.762,31312.959
2022-02-09 08:00:00,25297.736,27966.523,37546.566,27536.652,31313.607
2022-02-09 09:00:00,25297.805,27967.244,37547.152,27537.104,31313.787
2022-02-09 10:00:00,25298.803,27967.78,37547.844,27538.318,31315.16
2022-02-09 11:00:00,25300.367,27968.693,37548.453,27539.055,31315.291
2022-02-09 12:00:00,25300.68,27969.205,37549.664,27539.56,31315.568
2022-02-09 13:00:00,25303.256,27969.346,37552.555,27540.21,31317.305
2022-02-09 14:00:00,25304.176,27969.488,37554.566,27540.572,31318.285
2022-02-09 15:00:00,25305.754,27969.734,37556.223,27541.064,31321.28
2022-02-09 16:00:00,25306.523,27972.016,37557.547,27544.057,31321.428
2022-02-09 17:00:00,25307.936,27972.828,37561.426,27546.154,31322.156
2022-02-09 18:00:00,25308.697,27975.559,37561.887,27546.215,31322.736
2022-02-09 19:00:00,25309.053,27976.262,37562.117,27547.13,31323.21
2022-02-09 20:00:00,25311.072,27977.26,37563.645,27548.412,31323.617
2022-02-09 21:00:00,25313.053,27978.47,37564.973,27549.957,31325.035
2022-02-09 22:00:00,25313.723,27979.338,37565.223,27551.803,31325.396
2022-02-09 23:00:00,25314.277,27979.338,37565.84,27552.135,31325.76
2022-02-10 00:00:00,25320.705,27985.367,37571.23,27563.143,31331.027
2022-02-10 01:00:00,25321.07,27986.934,37571.23,27563.494,31332.338
2022-02-10 02:00:00,25321.07,27986.934,37571.23,27563.494,31332.338
2022-02-10 03:00:00,25321.07,27986.934,37571.266,27563.494,31332.338
2022-02-10 04:00:00,25321.07,27986.934,37571.266,27563.494,31332.338
2022-02-10 05:00:00,25321.07,27986.934,37571.938,27563.494,31332.338
2022-02-10 06:00:00,25321.07,27986.934,37573.508,27563.494,31332.338
2022-02-10 07:00:00,25321.09,27986.934,37573.508,27563.494,31332.459
2022-02-10 08:00:00,25321.09,27986.934,37574.766,27563.496,31334.602
2022-02-10 09:00:00,25321.86,27987.584,37576.133,27564.674,31335.164
2022-02-10 10:00:00,25322.3,27988.188,37576.285,27564.73,31335.432
2022-02-10 11:00:00,25322.58,27988.422,37576.305,27565.24,31335.945
2022-02-10 12:00:00,25322.58,27988.637,37576.438,27565.275,31337.969
2022-02-10 13:00:00,25323.65,27989.057,37576.438,27565.979,31340.133
2022-02-10 14:00:00,25323.762,27989.498,37576.438,27566.762,31340.133
2022-02-10 15:00:00,25325.215,27989.498,37577.32,27566.838,31340.371
2022-02-10 16:00:00,25325.438,27990.104,37580.195,27568.21,31341.408
2022-02-10 17:00:00,25315.008,27979.404,37566.625,27552.314,31325.76
2022-02-10 18:00:00,25315.484,27980.457,37566.89,27553.68,31326.152
2022-02-10 19:00:00,25315.879,27980.64,37566.906,27555.314,31326.178
2022-02-10 20:00:00,25316.945,27980.832,37567.758,27555.898,31326.883
2022-02-10 21:00:00,25318.957,27981.336,37568.508,27556.885,31327.89
2022-02-10 22:00:00,25319.299,27983.676,37568.508,27561.896,31329.217
2022-02-10 23:00:00,25319.39,27984.87,37569.19,27563.006,31330.148
2022-02-11 00:00:00,25326.227,27990.113,37581.75,27568.8,31342.861
2022-02-11 01:00:00,25326.389,27990.113,37581.75,27568.8,31343.104
2022-02-11 02:00:00,25326.53,27991.082,37581.88,27568.8,31345.58
2022-02-11 03:00:00,25326.701,27991.418,37583.555,27568.928,31347.213
2022-02-11 04:00:00,25326.717,27991.557,37583.773,27568.941,31347.213
2022-02-11 05:00:00,25327.082,27991.557,37584.387,27568.941,31347.803
2022-02-11 06:00:00,25327.703,27991.557,37585.26,27568.941,31347.803
2022-02-11 07:00:00,25328.146,27991.66,37587.29,27569.15,31347.803
2022-02-11 08:00:00,25329.441,27991.66,37589.15,27569.15,31347.803
2022-02-11 09:00:00,25329.5,27991.66,37589.15,27569.15,31347.803
2022-02-11 10:00:00,25329.5,27991.66,37589.15,27569.15,31347.803
2022-02-11 11:00:00,25329.5,27991.66,37589.15,27569.15,31347.803
2022-02-11 12:00:00,25329.5,27991.66,37589.15,27569.15,31347.803
2022-02-11 13:00:00,25329.5,27991.66,37589.15,27569.15,31347.803
2022-02-11 14:00:00,25329.5,27991.66,37591.004,27569.38,31347.803
2022-02-11 15:00:00,25329.5,27991.66,37591.88,27569.74,31347.803
2022-02-11 16:00:00,25329.525,27991.66,37592.008,27569.76,31347.803
2022-02-11 17:00:00,25330.12,27991.66,37592.105,27570.666,31348.395
2022-02-11 18:00:00,25330.31,27991.895,37592.887,27571.172,31349.602
2022-02-11 19:00:00,25330.809,27991.914,37593.17,27571.441,31350.951
2022-02-11 20:00:00,25330.99,27992.035,37593.17,27572.205,31353.607
2022-02-11 21:00:00,25330.99,27992.191,37593.24,27572.213,31354.195
2022-02-11 22:00:00,25330.99,27992.35,37593.684,27572.611,31356.166
2022-02-11 23:00:00,25331.865,27992.35,37594.273,27572.764,31356.166
2022-02-12 00:00:00,25331.865,27992.36,37594.426,27572.768,31356.494
2022-02-12 01:00:00,25331.877,27992.377,37594.59,27573.314,31356.914
2022-02-12 02:00:00,25332.04,27993.549,37595.5,27574.814,31359.527
2022-02-12 03:00:00,25332.893,27995.258,37596.027,27575.45,31360.162
2022-02-12 04:00:00,25333.113,27996.062,37596.223,27576.498,31360.232
2022-02-12 05:00:00,25333.174,27996.277,37597.2,27576.645,31360.576
2022-02-12 06:00:00,25333.174,27996.277,37597.203,27576.646,31360.592
2022-02-12 07:00:00,25333.174,27996.277,37597.25,27576.646,31360.592
2022-02-12 08:00:00,25333.174,27996.277,37597.25,27576.646,31360.592
2022-02-12 09:00:00,25333.174,27996.277,37597.25,27576.646,31360.592
2022-02-12 10:00:00,25333.174,27996.592,37597.25,27576.646,31360.592
2022-02-12 11:00:00,25334.14,27997.049,37597.25,27576.867,31360.592
2022-02-12 12:00:00,25335.758,27997.055,37597.25,27577.951,31360.592
2022-02-12 13:00:00,25336.97,27997.105,37597.387,27578.13,31360.592
2022-02-12 14:00:00,25336.97,27997.105,37597.473,27578.164,31360.592
2022-02-12 15:00:00,25336.97,27997.45,37598.87,27578.164,31360.592
2022-02-12 16:00:00,25336.97,27997.543,37599.508,27578.191,31360.592
2022-02-12 17:00:00,25336.97,27997.543,37600.297,27578.191,31360.592
2022-02-12 18:00:00,25336.97,27997.543,37601.195,27578.234,31360.592
2022-02-12 19:00:00,25337.164,27997.543,37601.27,27578.443,31360.592
2022-02-12 20:00:00,25337.74,27998.938,37601.51,27578.924,31360.592
2022-02-12 21:00:00,25339.404,28000.553,37601.75,27579.807,31360.592
2022-02-12 22:00:00,25341.451,28002.23,37603.926,27580.785,31360.602
2022-02-12 23:00:00,25341.578,28002.99,37605.402,27581.105,31360.926
2022-02-13 00:00:00,25343.344,28011.037,37627.664,27590.705,31365.152
2022-02-13 01:00:00,25343.344,28011.037,37627.92,27591.264,31365.152
2022-02-13 02:00:00,25343.344,28011.037,37627.92,27591.264,31365.152
2022-02-13 03:00:00,25343.344,28011.037,37627.92,27591.264,31365.152
2022-02-13 04:00:00,25343.4,28011.037,37627.92,27591.264,31365.152
2022-02-13 05:00:00,25343.436,28011.037,37627.92,27591.264,31365.152
2022-02-13 06:00:00,25343.45,28011.219,37627.92,27591.264,31365.152
2022-02-13 07:00:00,25343.45,28011.242,37627.92,27591.264,31365.152
2022-02-13 08:00:00,25343.45,28011.242,37627.92,27591.264,31365.152
2022-02-13 09:00:00,25343.45,28011.242,37627.92,27591.264,31365.152
2022-02-13 10:00:00,25343.45,28011.242,37627.92,27591.264,31365.152
2022-02-13 11:00:00,25343.344,28010.955,37626.867,27590.45,31365.152
2022-02-13 12:00:00,25343.344,28010.639,37626.594,27589.873,31365.152
2022-02-13 13:00:00,25341.748,28003.547,37607.312,27582.244,31360.926
2022-02-13 14:00:00,25341.748,28003.926,37609.43,27582.715,31360.934
2022-02-13 15:00:00,25341.748,28003.926,37610.668,27582.844,31360.934
2022-02-13 16:00:00,25341.748,28005.863,37611.43,27583.906,31361.133
2022-02-13 17:00:00,25341.812,28006.486,37615.586,27585.38,31362.043
2022-02-13 18:00:00,25341.85,28008.275,37618.715,27586.637,31362.135
2022-02-13 19:00:00,25341.893,28009.328,37621.676,27588.094,31362.79
2022-02-13 20:00:00,25341.893,28010.3,37623.46,27589.643,31363.547
2022-02-13 21:00:00,25341.932,28010.53,37624.36,27589.703,31364.174
2022-02-13 22:00:00,25343.344,28010.86,37626.594,27590.258,31365.152
2022-02-13 23:00:00,25342.086,28010.53,37626.582,27589.703,31365.084
2022-02-14 00:00:00,25343.45,28011.242,37627.92,27591.277,31365.152
2022-02-14 01:00:00,25343.45,28011.242,37627.92,27591.277,31365.152
2022-02-14 02:00:00,25343.45,28011.242,37627.92,27591.277,31365.152
2022-02-14 03:00:00,25343.45,28011.242,37627.92,27591.277,31365.152
2022-02-14 04:00:00,25343.45,28011.242,37627.92,27591.277,31365.152
2022-02-14 05:00:00,25343.45,28011.242,37627.92,27591.277,31365.152
2022-02-14 06:00:00,25343.45,28011.242,37627.92,27591.277,31365.152
2022-02-14 07:00:00,25343.479,28011.242,37627.92,27591.277,31365.152
2022-02-14 08:00:00,25343.479,28011.242,37627.92,27591.277,31365.152
2022-02-14 09:00:00,25343.479,28011.242,37627.92,27591.277,31365.152
2022-02-14 10:00:00,25343.479,28011.242,37627.92,27591.277,31365.152
2022-02-14 11:00:00,25343.479,28011.242,37627.92,27591.277,31365.152
2022-02-14 12:00:00,25343.479,28011.242,37627.92,27591.277,31365.152
2022-02-14 13:00:00,25343.479,28011.242,37627.92,27591.277,31365.152
2022-02-14 14:00:00,25343.479,28011.242,37627.92,27591.277,31365.152
2022-02-14 15:00:00,25343.479,28011.242,37627.92,27591.277,31365.152
2022-02-14 16:00:00,25343.479,28011.242,37627.92,27591.277,31365.152
2022-02-14 17:00:00,25343.479,28011.242,37627.92,27591.277,31365.152
2022-02-14 18:00:00,25343.479,28011.242,37627.92,27591.277,31365.152
2022-02-14 19:00:00,25343.479,28011.242,37627.92,27591.277,31365.152
2022-02-14 20:00:00,25343.479,28011.242,37627.92,27591.277,31365.152
2022-02-14 21:00:00,25343.479,28011.242,37627.92,27591.277,31365.152
2022-02-14 22:00:00,25343.479,28011.242,37627.92,27591.277,31365.152
2022-02-14 23:00:00,25343.479,28011.242,37627.92,27591.277,31365.152
2022-02-15 00:00:00,25343.479,28011.242,37627.92,27591.277,31365.152
2022-02-15 01:00:00,25343.479,28011.242,37627.92,27591.277,31365.152
2022-02-15 02:00:00,25343.479,28011.242,37627.92,27591.277,31365.152
2022-02-15 03:00:00,25343.479,28011.242,37627.92,27591.277,31365.152
2022-02-15 04:00:00,25343.479,28011.242,37627.92,27591.277,31365.152
2022-02-15 05:00:00,25343.479,28011.242,37627.92,27591.277,31365.152
2022-02-15 06:00:00,25343.479,28011.242,37627.92,27591.277,31365.152
2022-02-15 07:00:00,25343.479,28011.242,37627.92,27591.277,31365.152
2022-02-15 08:00:00,25343.479,28011.242,37627.92,27591.277,31365.152
2022-02-15 09:00:00,25343.479,28011.242,37627.92,27591.277,31365.152
2022-02-15 10:00:00,25343.479,28011.242,37627.92,27591.277,31365.152
2022-02-15 11:00:00,25343.479,28011.242,37627.92,27591.277,31365.152
2022-02-15 12:00:00,25343.479,28011.242,37627.92,27591.277,31365.152
2022-02-15 13:00:00,25343.479,28011.242,37627.92,27591.277,31365.152
2022-02-15 14:00:00,25343.479,28011.242,37627.92,27591.277,31365.152
2022-02-15 15:00:00,25343.479,28011.242,37627.92,27591.277,31365.152
2022-02-15 16:00:00,25343.479,28011.242,37627.92,27591.277,31365.152
2022-02-15 17:00:00,25343.479,28011.242,37627.95,27591.277,31365.596
2022-02-15 18:00:00,25343.479,28011.242,37627.957,27591.277,31365.596
2022-02-15 19:00:00,25343.479,28011.242,37627.957,27591.277,31365.596
2022-02-15 20:00:00,25343.479,28011.242,37627.957,27591.277,31365.596
2022-02-15 21:00:00,25343.479,28011.242,37627.957,27591.277,31365.596
2022-02-15 22:00:00,25343.479,28011.242,37627.957,27591.277,31365.596
2022-02-15 23:00:00,25343.479,28011.242,37627.957,27591.277,31365.596
2022-02-16 00:00:00,25343.479,28011.242,37627.957,27591.277,31365.596
2022-02-16 01:00:00,25343.479,28011.242,37627.957,27591.277,31365.596
2022-02-16 02:00:00,25343.479,28011.242,37627.957,27591.277,31365.596
2022-02-16 03:00:00,25343.479,28011.242,37627.957,27591.277,31365.596
2022-02-16 04:00:00,25343.479,28011.242,37627.957,27591.277,31365.596
2022-02-16 05:00:00,25343.479,28011.242,37627.957,27591.277,31365.596
2022-02-16 06:00:00,25343.479,28011.242,37627.957,27591.277,31365.596
2022-02-16 07:00:00,25343.479,28011.242,37627.957,27591.277,31365.596
2022-02-16 08:00:00,25343.479,28011.242,37627.957,27591.277,31365.596
2022-02-16 09:00:00,25343.479,28011.242,37627.957,27591.277,31365.596
2022-02-16 10:00:00,25343.479,28011.242,37627.957,27591.277,31365.596
2022-02-16 11:00:00,25343.479,28011.242,37627.957,27591.277,31365.596
2022-02-16 12:00:00,25343.479,28011.242,37627.957,27591.277,31365.596
2022-02-16 13:00:00,25343.479,28011.242,37627.957,27591.277,31365.596
2022-02-16 14:00:00,25343.479,28011.242,37627.957,27591.277,31365.596
2022-02-16 15:00:00,25343.479,28011.242,37627.957,27591.277,31365.596
2022-02-16 16:00:00,25343.479,28011.242,37627.957,27591.277,31365.596
2022-02-16 17:00:00,25343.479,28011.242,37627.957,27591.277,31365.596
2022-02-16 18:00:00,25343.479,28011.242,37627.957,27591.277,31365.596
2022-02-16 19:00:00,25343.479,28011.242,37627.957,27591.277,31365.596
2022-02-16 20:00:00,25343.479,28011.242,37627.957,27591.277,31365.596
2022-02-16 21:00:00,25343.479,28011.242,37627.957,27591.277,31365.596
2022-02-16 22:00:00,25343.479,28011.242,37627.957,27591.277,31365.596
2022-02-16 23:00:00,25343.479,28011.242,37627.957,27591.277,31365.596
2022-02-17 00:00:00,25343.479,28011.242,37627.957,27591.277,31365.596
2022-02-17 01:00:00,25343.479,28011.242,37627.957,27591.277,31365.596
2022-02-17 02:00:00,25343.479,28011.242,37627.957,27591.277,31365.596
2022-02-17 03:00:00,25343.479,28011.242,37627.957,27591.277,31365.596
2022-02-17 04:00:00,25343.479,28011.242,37627.957,27591.277,31365.596
2022-02-17 05:00:00,25343.479,28011.242,37627.957,27591.277,31365.596
2022-02-17 06:00:00,25343.479,28011.242,37627.957,27591.277,31365.596
2022-02-17 07:00:00,25343.479,28011.242,37627.957,27591.277,31365.596
2022-02-17 08:00:00,25343.479,28011.242,37627.957,27591.277,31365.596
2022-02-17 09:00:00,25343.479,28011.242,37627.957,27591.277,31365.596
2022-02-17 10:00:00,25343.479,28011.242,37627.957,27591.277,31365.674
2022-02-17 11:00:00,25343.479,28011.242,37627.957,27591.277,31366.172
2022-02-17 12:00:00,25343.479,28011.242,37627.957,27591.277,31366.172
2022-02-17 13:00:00,25343.479,28011.748,37627.957,27591.277,31366.55
2022-02-17 14:00:00,25343.479,28012.748,37627.957,27591.277,31367.041
2022-02-17 15:00:00,25343.479,28012.748,37627.957,27591.277,31367.041
2022-02-17 16:00:00,25343.479,28013.574,37627.957,27591.277,31368.994
2022-02-17 17:00:00,25343.479,28013.771,37627.957,27591.305,31369.463
2022-02-17 18:00:00,25343.479,28013.771,37628.027,27591.432,31369.787
2022-02-17 19:00:00,25343.479,28013.906,37628.027,27591.44,31370.178
2022-02-17 20:00:00,25343.479,28013.906,37628.027,27591.457,31370.18
2022-02-17 21:00:00,25343.479,28014.117,37628.035,27591.467,31370.512
2022-02-17 22:00:00,25343.586,28014.523,37628.543,27591.547,31370.88
2022-02-17 23:00:00,25343.729,28014.523,37629.797,27591.547,31370.88
2022-02-18 00:00:00,25344.309,28014.541,37629.797,27591.547,31371.264
2022-02-18 01:00:00,25344.66,28015.592,37629.92,27592.139,31371.527
2022-02-18 02:00:00,25345.723,28016.219,37629.984,27592.262,31371.527
2022-02-18 03:00:00,25345.816,28016.219,37629.984,27592.262,31371.527
2022-02-18 04:00:00,25345.816,28016.71,37629.984,27592.582,31371.98
2022-02-18 05:00:00,25345.816,28017.19,37629.984,27592.773,31372.84
2022-02-18 06:00:00,25345.816,28017.81,37629.984,27592.775,31372.945
2022-02-18 07:00:00,25345.816,28017.922,37630.023,27592.775,31373.36
2022-02-18 08:00:00,25345.904,28018.324,37631.477,27593.367,31379.113
2022-02-18 09:00:00,25347.51,28018.568,37632.34,27595.346,31379.344
2022-02-18 10:00:00,25347.51,28018.89,37632.34,27595.582,31380.227
2022-02-18 11:00:00,25347.51,28018.89,37632.34,27595.79,31380.227
2022-02-18 12:00:00,25347.51,28018.89,37632.34,27595.79,31380.227
2022-02-18 13:00:00,25347.51,28018.89,37632.34,27595.79,31380.227
2022-02-18 14:00:00,25347.51,28018.89,37632.34,27595.79,31380.379
2022-02-18 15:00:00,25347.51,28018.89,37632.34,27595.79,31380.459
2022-02-18 16:00:00,25347.51,28018.89,37632.34,27595.79,31380.533
2022-02-18 17:00:00,25347.51,28018.89,37632.34,27595.79,31380.533
2022-02-18 18:00:00,25347.51,28018.89,37632.34,27595.79,31380.533
2022-02-18 19:00:00,25347.51,28018.89,37632.34,27595.79,31380.533
2022-02-18 20:00:00,25347.51,28018.89,37632.34,27595.79,31380.533
2022-02-18 21:00:00,25347.51,28018.89,37632.34,27595.79,31380.533
2022-02-18 22:00:00,25347.51,28018.89,37632.34,27595.79,31380.533
2022-02-18 23:00:00,25347.51,28018.89,37632.34,27595.79,31380.533
2022-02-19 00:00:00,25347.51,28018.89,37632.34,27595.79,31380.533
2022-02-19 01:00:00,25347.51,28018.89,37632.34,27595.79,31380.533
2022-02-19 02:00:00,25347.51,28018.89,37632.34,27595.79,31380.533
2022-02-19 03:00:00,25347.51,28018.89,37632.34,27595.79,31380.533
2022-02-19 04:00:00,25347.51,28018.89,37632.34,27595.79,31380.533
2022-02-19 05:00:00,25347.51,28018.89,37632.34,27595.79,31380.533
2022-02-19 06:00:00,25347.51,28018.89,37632.438,27595.79,31380.533
2022-02-19 07:00:00,25348.611,28018.89,37633.4,27595.79,31381.344
2022-02-19 08:00:00,25350.56,28018.89,37633.47,27595.908,31383.646
2022-02-19 09:00:00,25351.299,28019.299,37634.02,27596.639,31386.299
2022-02-19 10:00:00,25353.19,28019.787,37637.89,27597.564,31387.342
2022-02-19 11:00:00,25353.65,28019.787,37638.31,27598.059,31387.531
2022-02-19 12:00:00,25354.164,28019.861,37639.85,27598.562,31387.98
2022-02-19 13:00:00,25354.848,28019.861,37640.723,27598.996,31387.98
2022-02-19 14:00:00,25354.852,28019.982,37640.766,27599.148,31387.98
2022-02-19 15:00:00,25354.852,28021.385,37640.766,27599.184,31388.67
2022-02-19 16:00:00,25354.852,28021.396,37640.766,27599.486,31388.697
2022-02-19 17:00:00,25354.852,28021.396,37640.918,27599.486,31388.775
2022-02-19 18:00:00,25354.852,28021.396,37641.09,27599.486,31388.775
2022-02-19 19:00:00,25354.852,28021.766,37642.438,27599.818,31390.686
2022-02-19 20:00:00,25354.92,28021.88,37642.45,27600.436,31390.686
2022-02-19 21:00:00,25354.92,28021.88,37642.68,27600.459,31390.686
2022-02-19 22:00:00,25354.92,28021.88,37643.938,27600.459,31390.75
2022-02-19 23:00:00,25354.951,28021.88,37643.938,27600.49,31390.75
2022-02-20 00:00:00,25354.951,28021.88,37644.027,27600.49,31391.092
2022-02-20 01:00:00,25354.951,28021.88,37644.027,27600.49,31391.092
2022-02-20 02:00:00,25354.951,28021.88,37644.027,27600.49,31391.092
2022-02-20 03:00:00,25354.951,28021.88,37644.027,27600.49,31391.092
2022-02-20 04:00:00,25354.951,28021.88,37644.027,27600.49,31391.092
2022-02-20 05:00:00,25354.951,28021.88,37644.027,27600.49,31391.092
2022-02-20 06:00:00,25354.951,28022.045,37644.027,27600.49,31391.092
2022-02-20 07:00:00,25354.951,28022.627,37644.027,27600.49,31391.092
2022-02-20 08:00:00,25355.102,28024.332,37644.027,27600.5,31392.477
2022-02-20 09:00:00,25356.322,28027.152,37646.043,27602.299,31393.941
2022-02-20 10:00:00,25357.59,28029.18,37648.062,27605.38,31395.457
2022-02-20 11:00:00,25358.635,28030.652,37648.105,27607.15,31396.186
2022-02-20 12:00:00,25359.582,28031.686,37648.105,27608.693,31396.334
2022-02-20 13:00:00,25359.65,28031.846,37648.105,27609.209,31396.34
2022-02-20 14:00:00,25359.65,28032.39,37648.105,27609.418,31396.34
2022-02-20 15:00:00,25354.951,28021.88,37643.938,27600.49,31390.75
2022-02-20 16:00:00,25354.951,28021.88,37643.97,27600.49,31391.092
2022-02-20 17:00:00,25354.951,28021.88,37644.008,27600.49,31391.092
2022-02-20 18:00:00,25354.951,28021.88,37644.027,27600.49,31391.092
2022-02-20 19:00:00,25354.951,28021.88,37644.027,27600.49,31391.092
2022-02-20 20:00:00,25354.951,28021.88,37644.027,27600.49,31391.092
2022-02-20 21:00:00,25354.951,28021.88,37644.027,27600.49,31391.092
2022-02-20 22:00:00,25354.951,28021.88,37644.027,27600.49,31391.092
2022-02-20 23:00:00,25354.951,28021.88,37644.027,27600.49,31391.092
2022-02-21 00:00:00,25359.775,28032.559,37648.105,27609.547,31399.123
2022-02-21 01:00:00,25359.775,28032.559,37648.105,27609.547,31399.123
2022-02-21 02:00:00,25359.775,28032.559,37648.105,27609.547,31399.123
2022-02-21 03:00:00,25359.775,28032.559,37648.105,27609.547,31399.414
2022-02-21 04:00:00,25359.775,28032.559,37648.105,27609.547,31400.115
2022-02-21 05:00:00,25359.775,28032.559,37648.105,27609.547,31400.115
2022-02-21 06:00:00,25359.775,28032.559,37648.105,27609.547,31400.115
2022-02-21 07:00:00,25359.775,28032.559,37648.105,27609.547,31400.115
2022-02-21 08:00:00,25359.775,28032.559,37648.105,27609.547,31400.115
2022-02-21 09:00:00,25359.775,28032.422,37648.105,27609.547,31396.906
2022-02-21 10:00:00,25359.775,28032.457,37648.105,27609.547,31398.328
2022-02-21 11:00:00,25359.775,28032.559,37648.105,27609.547,31399.123
2022-02-21 12:00:00,25359.775,28032.559,37648.105,27609.547,31399.123
2022-02-21 13:00:00,25359.775,28032.559,37648.105,27609.547,31399.123
2022-02-21 14:00:00,25359.775,28032.559,37648.105,27609.547,31399.123
2022-02-21 15:00:00,25359.775,28032.559,37648.105,27609.547,31399.123
2022-02-21 16:00:00,25359.775,28032.559,37648.105,27609.547,31399.123
2022-02-21 17:00:00,25359.775,28032.559,37648.105,27609.547,31399.123
2022-02-21 18:00:00,25359.775,28032.559,37648.105,27609.547,31399.123
2022-02-21 19:00:00,25359.775,28032.559,37648.105,27609.547,31400.115
2022-02-21 20:00:00,25359.775,28032.559,37648.105,27609.547,31400.115
2022-02-21 21:00:00,25359.775,28032.559,37648.105,27609.547,31400.115
2022-02-21 22:00:00,25359.775,28032.559,37648.105,27609.547,31400.115
2022-02-21 23:00:00,25359.775,28032.559,37648.105,27609.547,31400.115
2022-02-22 00:00:00,25359.775,28032.559,37648.105,27609.547,31400.115
2022-02-22 01:00:00,25359.775,28032.559,37648.105,27609.547,31400.115
2022-02-22 02:00:00,25359.775,28032.559,37648.105,27609.547,31400.115
2022-02-22 03:00:00,25359.775,28032.559,37648.105,27609.547,31400.115
2022-02-22 04:00:00,25359.775,28032.559,37648.105,27609.547,31400.115
2022-02-22 05:00:00,25359.775,28032.559,37648.105,27609.547,31400.115
2022-02-22 06:00:00,25359.775,28033.027,37648.105,27609.547,31400.479
2022-02-22 07:00:00,25361.16,28036.127,37648.105,27611.678,31402.139
2022-02-22 08:00:00,25363.852,28039.113,37648.105,27614.668,31402.924
2022-02-22 09:00:00,25365.98,28041.22,37648.2,27616.57,31402.979
2022-02-22 10:00:00,25367.625,28044.982,37649.94,27618.975,31406.586
2022-02-22 11:00:00,25372.248,28047.57,37652.145,27621.709,31408.594
2022-02-22 12:00:00,25359.775,28032.559,37648.105,27609.547,31400.115
2022-02-22 13:00:00,25359.775,28032.559,37648.105,27609.547,31400.115
2022-02-22 14:00:00,25359.775,28032.559,37648.105,27609.547,31400.115
2022-02-22 15:00:00,25359.775,28032.559,37648.105,27609.547,31400.115
2022-02-22 16:00:00,25359.775,28032.559,37648.105,27609.547,31400.115
2022-02-22 17:00:00,25359.775,28032.559,37648.105,27609.547,31400.115
2022-02-22 18:00:00,25359.775,28032.559,37648.105,27609.547,31400.115
2022-02-22 19:00:00,25360.438,28034.535,37648.105,27610.729,31401.94
2022-02-22 20:00:00,25362.42,28037.68,37648.105,27613.236,31402.678
2022-02-22 21:00:00,25365.164,28040.424,37648.2,27615.979,31402.943
2022-02-22 22:00:00,25366.41,28042.635,37648.63,27617.008,31404.469
2022-02-22 23:00:00,25369.156,28047.48,37650.223,27620.219,31408.54
2022-02-23 00:00:00,25383.693,28063.938,37667.2,27637.37,31417.926
2022-02-23 01:00:00,25384.205,28064.857,37668.074,27638.965,31418.26
2022-02-23 02:00:00,25388.13,28068.256,37668.902,27641.41,31418.26
2022-02-23 03:00:00,25388.865,28069.72,37669.195,27643.545,31418.73
2022-02-23 04:00:00,25390.201,28069.785,37669.895,27644.16,31418.945
2022-02-23 05:00:00,25390.723,28070.275,37670.117,27645.053,31419.45
2022-02-23 06:00:00,25391.986,28070.291,37671.816,27645.318,31420.275
2022-02-23 07:00:00,25373.64,28050.79,37653.79,27624.559,31410.738
2022-02-23 08:00:00,25374.66,28052.523,37655.234,27626.02,31411.947
2022-02-23 09:00:00,25374.953,28053.604,37656.887,27627.219,31413.79
2022-02-23 10:00:00,25377.123,28054.133,37659.633,27627.846,31415.043
2022-02-23 11:00:00,25377.479,28054.23,37659.633,27627.945,31415.043
2022-02-23 12:00:00,25380.365,28056.412,37660.934,27629.24,31416.459
2022-02-23 13:00:00,25381.674,28059.576,37661.14,27631.787,31416.781
2022-02-23 14:00:00,25383.086,28062.664,37666.62,27635.693,31417.926
2022-02-23 15:00:00,25373.291,28049.283,37653.098,27622.65,31408.99
2022-02-23 16:00:00,25374.516,28051.303,37655.082,27624.893,31411.475
2022-02-23 17:00:00,25374.66,28053.17,37656.465,27626.586,31413.69
2022-02-23 18:00:00,25375.004,28053.732,37657.863,27627.408,31414.648
2022-02-23 19:00:00,25377.479,28054.23,37659.633,27627.945,31415.043
2022-02-23 20:00:00,25378.018,28054.793,37659.633,27628.076,31415.873
2022-02-23 21:00:00,25380.81,28057.182,37661.14,27629.947,31416.459
2022-02-23 22:00:00,25382.88,28060.9,37663.36,27634.06,31417.037
2022-02-23 23:00:00,25383.105,28063.068,37667.195,27636.621,31417.926
2022-02-24 00:00:00,25392.55,28070.729,37672.793,27646.55,31420.66
2022-02-24 01:00:00,25392.883,28070.729,37672.793,27646.621,31421.088
2022-02-24 02:00:00,25393.906,28070.736,37673.293,27646.666,31422.33
2022-02-24 03:00:00,25395.812,28070.957,37674.312,27646.803,31422.33
2022-02-24 04:00:00,25395.812,28070.957,37674.312,27646.803,31422.33
2022-02-24 05:00:00,25395.812,28071.623,37674.312,27647.266,31422.395
2022-02-24 06:00:00,25395.812,28071.924,37674.594,27647.42,31422.54
2022-02-24 07:00:00,25395.84,28072.25,37675.41,27648.127,31422.664
2022-02-24 08:00:00,25397.078,28072.504,37676.23,27648.824,31422.676
2022-02-24 09:00:00,25397.24,28072.504,37676.52,27648.824,31422.83
2022-02-24 10:00:00,25397.24,28072.504,37676.52,27648.824,31422.83
2022-02-24 11:00:00,25397.24,28072.504,37676.58,27649.0,31423.309
2022-02-24 12:00:00,25397.357,28072.504,37676.676,27649.0,31423.385
2022-02-24 13:00:00,25397.357,28072.768,37676.676,27649.002,31423.385
2022-02-24 14:00:00,25397.637,28073.854,37676.676,27649.55,31424.72
2022-02-24 15:00:00,25398.496,28074.648,37677.883,27650.475,31425.533
2022-02-24 16:00:00,25398.926,28075.584,37677.895,27650.943,31425.533
2022-02-24 17:00:00,25399.025,28075.969,37677.9,27650.994,31425.578
2022-02-24 18:00:00,25399.047,28075.998,37678.125,27650.994,31425.709
2022-02-24 19:00:00,25399.166,28076.062,37678.586,27650.994,31426.943
2022-02-24 20:00:00,25399.965,28076.29,37679.234,27651.129,31426.943
2022-02-24 21:00:00,25400.25,28077.225,37679.598,27652.932,31427.012
2022-02-24 22:00:00,25401.549,28077.43,37679.76,27653.29,31428.121
2022-02-24 23:00:00,25402.455,28079.518,37679.76,27654.379,31428.146
2022-02-25 00:00:00,25402.455,28079.518,37679.76,27654.787,31428.146
2022-02-25 01:00:00,25402.455,28079.518,37679.76,27654.787,31428.146
2022-02-25 02:00:00,25402.455,28079.518,37679.76,27654.787,31428.146
2022-02-25 03:00:00,25402.455,28079.518,37679.76,27654.787,31428.146
2022-02-25 04:00:00,25402.455,28079.518,37679.76,27654.787,31428.146
2022-02-25 05:00:00,25402.455,28079.518,37679.824,27654.787,31428.146
2022-02-25 06:00:00,25402.455,28079.545,37680.28,27654.787,31429.508
2022-02-25 07:00:00,25402.719,28079.688,37681.406,27655.06,31430.533
2022-02-25 08:00:00,25402.754,28079.688,37683.258,27655.201,31432.139
2022-02-25 09:00:00,25402.928,28079.979,37683.504,27655.543,31432.213
2022-02-25 10:00:00,25403.145,28079.979,37684.125,27655.61,31432.406
2022-02-25 11:00:00,25403.145,28079.979,37684.125,27655.61,31432.406
2022-02-25 12:00:00,25403.145,28080.023,37684.26,27655.61,31433.521
2022-02-25 13:00:00,25403.838,28080.58,37685.23,27655.812,31434.066
2022-02-25 14:00:00,25404.332,28080.682,37685.29,27655.904,31434.92
2022-02-25 15:00:00,25404.451,28080.682,37685.355,27655.904,31435.328
2022-02-25 16:00:00,25405.191,28081.584,37686.582,27656.568,31436.969
2022-02-25 17:00:00,25405.191,28081.764,37686.582,27656.568,31437.277
2022-02-25 18:00:00,25405.191,28081.764,37686.582,27656.568,31437.277
2022-02-25 19:00:00,25405.191,28081.764,37686.582,27656.568,31437.277
2022-02-25 20:00:00,25405.191,28081.764,37686.582,27656.568,31437.277
2022-02-25 21:00:00,25405.191,28081.764,37686.582,27656.568,31437.277
2022-02-25 22:00:00,25405.191,28081.764,37686.582,27656.568,31437.277
2022-02-25 23:00:00,25405.191,28081.764,37686.582,27656.568,31437.277
2022-02-26 00:00:00,25405.191,28081.764,37686.582,27656.568,31437.277
2022-02-26 01:00:00,25405.191,28081.764,37686.582,27656.568,31437.277
2022-02-26 02:00:00,25405.191,28081.764,37686.582,27656.568,31437.277
2022-02-26 03:00:00,25405.191,28081.764,37686.582,27656.568,31437.277
2022-02-26 04:00:00,25405.191,28081.764,37686.582,27656.568,31437.277
2022-02-26 05:00:00,25405.191,28081.764,37686.582,27656.568,31437.277
2022-02-26 06:00:00,25405.191,28081.764,37686.582,27656.568,31437.277
2022-02-26 07:00:00,25405.191,28081.764,37686.582,27656.568,31437.277
2022-02-26 08:00:00,25405.191,28081.764,37686.582,27656.568,31437.277
2022-02-26 09:00:00,25405.191,28081.764,37686.582,27656.568,31437.277
2022-02-26 10:00:00,25405.191,28081.764,37686.582,27656.568,31437.277
2022-02-26 11:00:00,25405.191,28081.764,37686.582,27656.568,31437.277
2022-02-26 12:00:00,25405.191,28081.764,37686.582,27656.568,31437.277
2022-02-26 13:00:00,25405.191,28081.764,37686.582,27656.568,31437.277
2022-02-26 14:00:00,25405.191,28081.764,37686.582,27656.568,31437.277
2022-02-26 15:00:00,25405.191,28081.764,37686.582,27656.568,31437.277
2022-02-26 16:00:00,25405.191,28081.764,37686.582,27656.568,31437.277
2022-02-26 17:00:00,25405.191,28081.764,37686.582,27656.568,31437.277
2022-02-26 18:00:00,25405.191,28081.764,37686.582,27656.568,31437.277
2022-02-26 19:00:00,25405.191,28081.764,37686.582,27656.568,31437.277
2022-02-26 20:00:00,25405.191,28081.764,37686.582,27656.568,31437.277
2022-02-26 21:00:00,25405.191,28081.764,37686.582,27656.568,31437.277
2022-02-26 22:00:00,25405.191,28081.764,37686.582,27656.568,31437.277
2022-02-26 23:00:00,25405.191,28081.764,37686.582,27656.568,31437.277
2022-02-27 00:00:00,25405.191,28081.764,37686.582,27656.568,31437.277
2022-02-27 01:00:00,25405.191,28081.764,37686.582,27656.568,31437.277
2022-02-27 02:00:00,25405.191,28081.764,37686.582,27656.568,31437.277
2022-02-27 03:00:00,25405.191,28081.764,37686.582,27656.568,31437.277
2022-02-27 04:00:00,25405.191,28081.764,37686.582,27656.568,31437.277
2022-02-27 05:00:00,25405.191,28081.764,37686.582,27656.568,31437.277
2022-02-27 06:00:00,25405.191,28081.764,37686.582,27656.568,31437.277
2022-02-27 07:00:00,25405.191,28081.764,37686.582,27656.568,31437.277
2022-02-27 08:00:00,25405.191,28081.764,37686.582,27656.568,31437.277
2022-02-27 09:00:00,25405.191,28081.764,37686.582,27656.568,31437.277
2022-02-27 10:00:00,25405.191,28081.764,37686.582,27656.568,31437.277
2022-02-27 11:00:00,25405.191,28081.764,37686.582,27656.568,31437.277
2022-02-27 12:00:00,25405.191,28081.764,37686.582,27656.568,31437.277
2022-02-27 13:00:00,25405.191,28081.764,37686.582,27656.568,31437.277
2022-02-27 14:00:00,25405.191,28081.764,37686.582,27656.568,31437.277
2022-02-27 15:00:00,25405.191,28081.764,37686.582,27656.568,31437.277
2022-02-27 16:00:00,25405.191,28081.764,37686.582,27656.568,31437.277
2022-02-27 17:00:00,25405.191,28081.764,37686.582,27656.568,31437.277
2022-02-27 18:00:00,25405.191,28081.764,37686.582,27656.568,31437.277
2022-02-27 19:00:00,25405.191,28081.764,37686.582,27656.568,31437.277
2022-02-27 20:00:00,25405.191,28081.764,37686.582,27656.568,31437.277
2022-02-27 21:00:00,25405.191,28081.764,37686.582,27656.568,31437.277
2022-02-27 22:00:00,25405.191,28081.764,37686.582,27656.568,31437.277
2022-02-27 23:00:00,25405.191,28081.764,37686.582,27656.568,31437.277
2022-02-28 00:00:00,25405.191,28081.764,37686.582,27656.568,31437.277
2022-02-28 01:00:00,25405.191,28081.764,37686.582,27656.568,31437.277
2022-02-28 02:00:00,25405.191,28081.764,37686.582,27656.568,31437.277
2022-02-28 03:00:00,25405.191,28081.764,37686.582,27656.568,31437.277
2022-02-28 04:00:00,25405.191,28081.764,37686.582,27656.568,31437.277
2022-02-28 05:00:00,25405.191,28081.764,37686.582,27656.568,31437.277
2022-02-28 06:00:00,25405.191,28081.764,37686.582,27656.568,31437.277
2022-02-28 07:00:00,25405.191,28081.764,37686.582,27656.568,31437.277
2022-02-28 08:00:00,25405.191,28081.764,37686.582,27656.568,31437.277
2022-02-28 09:00:00,25405.191,28081.764,37686.582,27656.568,31437.277
2022-02-28 10:00:00,25405.191,28081.764,37686.582,27656.568,31437.277
2022-02-28 11:00:00,25405.191,28081.764,37686.582,27656.568,31437.277
2022-02-28 12:00:00,25405.191,28081.764,37686.582,27656.568,31437.277
2022-02-28 13:00:00,25405.191,28081.764,37686.582,27656.568,31437.277
2022-02-28 14:00:00,25405.191,28081.764,37686.582,27656.568,31437.277
2022-02-28 15:00:00,25405.191,28081.764,37686.582,27656.568,31437.277
2022-02-28 16:00:00,25405.191,28081.764,37686.582,27656.568,31437.277
2022-02-28 17:00:00,25405.191,28081.764,37686.582,27656.568,31437.277
2022-02-28 18:00:00,25405.191,28081.764,37686.582,27656.568,31437.342
2022-02-28 19:00:00,25405.191,28081.764,37686.582,27656.568,31437.66
2022-02-28 20:00:00,25405.191,28081.764,37686.582,27656.568,31438.697
2022-02-28 21:00:00,25405.24,28081.947,37686.582,27656.752,31440.258
2022-02-28 22:00:00,25405.371,28082.719,37686.582,27656.898,31441.432
2022-02-28 23:00:00,25405.816,28083.717,37686.582,27657.344,31441.742
2022-03-01 00:00:00,25406.871,28085.303,37687.625,27658.607,31441.934
2022-03-01 01:00:00,25408.18,28086.928,37690.215,27658.83,31441.979
2022-03-01 02:00:00,25410.178,28087.555,37692.56,27660.305,31442.46
2022-03-01 03:00:00,25410.643,28087.74,37692.67,27660.795,31443.613
2022-03-01 04:00:00,25410.643,28087.895,37692.79,27660.795,31443.918
2022-03-01 05:00:00,25410.643,28087.895,37692.83,27660.795,31444.355
2022-03-01 06:00:00,25410.86,28088.06,37693.86,27660.848,31444.412
2022-03-01 07:00:00,25410.86,28088.072,37694.2,27660.848,31444.428
2022-03-01 08:00:00,25410.863,28088.115,37694.438,27660.848,31444.521
2022-03-01 09:00:00,25410.875,28088.28,37694.7,27660.959,31444.53
2022-03-01 10:00:00,25411.332,28088.28,37694.78,27661.139,31444.53
2022-03-01 11:00:00,25411.586,28088.28,37696.31,27661.361,31446.053
2022-03-01 12:00:00,25413.758,28088.28,37697.293,27661.5,31450.256
2022-03-01 13:00:00,25418.201,28089.36,37699.098,27662.506,31452.47
2022-03-01 14:00:00,25419.908,28090.287,37702.105,27663.389,31456.396
2022-03-01 15:00:00,25422.086,28090.854,37702.53,27664.398,31460.084
2022-03-01 16:00:00,25423.652,28091.049,37702.59,27664.875,31463.037
2022-03-01 17:00:00,25424.871,28094.523,37702.625,27667.545,31463.475
2022-03-01 18:00:00,25425.627,28094.738,37703.223,27667.625,31463.668
2022-03-01 19:00:00,25426.771,28094.87,37703.312,27667.625,31464.453
2022-03-01 20:00:00,25426.875,28095.395,37703.453,27668.152,31464.46
2022-03-01 21:00:00,25427.865,28095.395,37704.523,27668.39,31466.564
2022-03-01 22:00:00,25427.936,28096.135,37704.523,27670.297,31466.922
2022-03-01 23:00:00,25428.049,28096.195,37704.598,27670.744,31466.951
2022-03-02 00:00:00,25435.4,28101.639,37713.137,27679.955,31476.1
2022-03-02 01:00:00,25435.4,28101.959,37713.137,27679.955,31476.1
2022-03-02 02:00:00,25435.4,28101.959,37713.137,27679.955,31476.1
2022-03-02 03:00:00,25435.4,28101.959,37713.137,27679.955,31476.1
2022-03-02 04:00:00,25435.4,28101.959,37713.137,27679.955,31476.1
2022-03-02 05:00:00,25435.4,28101.959,37713.137,27679.955,31476.1
2022-03-02 06:00:00,25435.4,28101.959,37713.137,27679.955,31476.1
2022-03-02 07:00:00,25435.4,28101.959,37713.137,27679.955,31476.1
2022-03-02 08:00:00,25435.4,28101.959,37713.137,27679.955,31476.1
2022-03-02 09:00:00,25435.4,28101.959,37713.137,27679.955,31476.1
2022-03-02 10:00:00,25435.4,28101.959,37713.137,27679.955,31476.1
2022-03-02 11:00:00,25435.4,28101.959,37713.137,27679.955,31476.1
2022-03-02 12:00:00,25430.896,28096.322,37705.867,27671.05,31467.842
2022-03-02 13:00:00,25431.459,28096.324,37706.25,27671.139,31467.848
2022-03-02 14:00:00,25432.104,28096.48,37706.406,27671.15,31468.127
2022-03-02 15:00:00,25432.621,28097.803,37709.176,27671.76,31468.693
2022-03-02 16:00:00,25435.4,28099.797,37713.137,27675.299,31471.941
2022-03-02 17:00:00,25428.846,28096.195,37705.12,27670.744,31467.225
2022-03-02 18:00:00,25430.42,28096.195,37705.43,27670.79,31467.838
2022-03-02 19:00:00,25431.37,28096.322,37706.137,27671.139,31467.842
2022-03-02 20:00:00,25431.723,28096.324,37706.383,27671.139,31467.95
2022-03-02 21:00:00,25432.24,28096.9,37706.598,27671.182,31468.193
2022-03-02 22:00:00,25435.338,28098.285,37713.125,27671.916,31470.375
2022-03-02 23:00:00,25435.4,28100.625,37713.137,27678.496,31475.654
2022-03-03 00:00:00,25435.4,28101.959,37713.137,27679.955,31476.1
2022-03-03 01:00:00,25435.4,28101.959,37713.137,27679.955,31476.1
2022-03-03 02:00:00,25435.4,28101.959,37713.137,27679.955,31476.1
2022-03-03 03:00:00,25435.4,28101.959,37713.137,27679.955,31476.1
2022-03-03 04:00:00,25435.4,28101.959,37713.137,27679.955,31476.1
2022-03-03 05:00:00,25435.4,28101.959,37713.137,27679.955,31476.1
2022-03-03 06:00:00,25435.4,28101.959,37713.137,27679.955,31476.1
2022-03-03 07:00:00,25435.4,28101.959,37713.137,27679.955,31476.1
2022-03-03 08:00:00,25435.4,28101.959,37713.137,27679.955,31476.1
2022-03-03 09:00:00,25435.4,28101.959,37713.137,27679.955,31476.1
2022-03-03 10:00:00,25435.4,28101.959,37713.137,27679.955,31476.1
2022-03-03 11:00:00,25435.4,28101.959,37713.137,27679.955,31476.1
2022-03-03 12:00:00,25435.4,28101.959,37713.137,27679.955,31476.1
2022-03-03 13:00:00,25435.4,28101.959,37713.137,27679.955,31476.1
2022-03-03 14:00:00,25435.4,28101.959,37713.137,27679.955,31476.1
2022-03-03 15:00:00,25435.4,28101.959,37713.137,27679.955,31476.1
2022-03-03 16:00:00,25435.4,28101.959,37713.137,27679.955,31476.1
2022-03-03 17:00:00,25435.4,28101.959,37713.137,27679.955,31476.1
2022-03-03 18:00:00,25435.4,28101.959,37713.137,27679.955,31476.1
2022-03-03 19:00:00,25435.4,28101.959,37713.137,27679.955,31476.1
2022-03-03 20:00:00,25435.4,28101.959,37713.137,27679.955,31476.1
2022-03-03 21:00:00,25435.4,28101.959,37713.137,27679.955,31476.1
2022-03-03 22:00:00,25435.4,28101.959,37713.137,27679.955,31476.1
2022-03-03 23:00:00,25435.4,28101.959,37713.137,27679.955,31476.1
2022-03-04 00:00:00,25435.4,28101.959,37713.137,27679.955,31476.1
2022-03-04 01:00:00,25435.4,28101.959,37713.137,27679.955,31476.1
2022-03-04 02:00:00,25435.4,28101.959,37713.137,27679.955,31476.1
2022-03-04 03:00:00,25435.4,28101.959,37713.137,27679.955,31476.1
2022-03-04 04:00:00,25435.4,28101.959,37713.137,27679.955,31476.1
2022-03-04 05:00:00,25435.4,28101.959,37713.137,27679.955,31476.1
2022-03-04 06:00:00,25435.4,28101.959,37713.137,27679.955,31476.1
2022-03-04 07:00:00,25435.4,28101.959,37713.137,27679.955,31476.1
2022-03-04 08:00:00,25435.4,28101.959,37713.137,27679.955,31476.1
2022-03-04 09:00:00,25435.4,28101.959,37713.137,27679.955,31476.1
2022-03-04 10:00:00,25435.4,28101.959,37713.137,27679.955,31476.1
2022-03-04 11:00:00,25435.4,28101.959,37713.137,27679.955,31476.1
2022-03-04 12:00:00,25435.4,28101.959,37713.137,27679.955,31476.1
2022-03-04 13:00:00,25435.4,28101.959,37713.137,27679.955,31476.1
2022-03-04 14:00:00,25435.4,28101.959,37713.137,27679.955,31476.1
2022-03-04 15:00:00,25435.4,28101.959,37713.137,27679.955,31476.1
2022-03-04 16:00:00,25435.4,28101.959,37713.137,27679.955,31476.1
2022-03-04 17:00:00,25435.4,28101.959,37713.137,27679.955,31476.1
2022-03-04 18:00:00,25435.4,28101.959,37713.137,27679.955,31476.1
2022-03-04 19:00:00,25435.4,28101.959,37713.137,27679.955,31476.1
2022-03-04 20:00:00,25435.4,28101.959,37713.137,27679.955,31476.1
2022-03-04 21:00:00,25435.4,28101.959,37713.137,27679.955,31476.1
2022-03-04 22:00:00,25435.4,28101.959,37713.137,27679.955,31476.1
2022-03-04 23:00:00,25435.4,28101.959,37713.137,27679.955,31476.1
2022-03-05 00:00:00,25435.451,28102.826,37714.508,27679.955,31482.9
2022-03-05 01:00:00,25435.451,28102.826,37714.508,27679.955,31482.9
2022-03-05 02:00:00,25435.451,28102.826,37714.508,27679.955,31482.9
2022-03-05 03:00:00,25435.4,28101.959,37713.137,27679.955,31476.1
2022-03-05 04:00:00,25435.4,28101.959,37713.137,27679.955,31476.1
2022-03-05 05:00:00,25435.4,28101.959,37713.137,27679.955,31476.1
2022-03-05 06:00:00,25435.4,28101.959,37713.137,27679.955,31476.1
2022-03-05 07:00:00,25435.4,28101.959,37713.137,27679.955,31476.379
2022-03-05 08:00:00,25435.4,28102.271,37713.137,27679.955,31477.76
2022-03-05 09:00:00,25435.4,28102.816,37713.137,27679.955,31478.941
2022-03-05 10:00:00,25435.4,28102.816,37713.137,27679.955,31480.201
2022-03-05 11:00:00,25435.4,28102.816,37713.137,27679.955,31481.115
2022-03-05 12:00:00,25435.4,28102.816,37713.137,27679.955,31481.916
2022-03-05 13:00:00,25435.4,28102.816,37713.137,27679.955,31481.916
2022-03-05 14:00:00,25435.4,28102.816,37713.137,27679.955,31481.916
2022-03-05 15:00:00,25435.4,28102.816,37713.137,27679.955,31481.916
2022-03-05 16:00:00,25435.4,28102.816,37713.137,27679.955,31481.916
2022-03-05 17:00:00,25435.4,28102.816,37713.137,27679.955,31481.916
2022-03-05 18:00:00,25435.4,28102.816,37713.23,27679.955,31481.916
2022-03-05 19:00:00,25435.4,28102.816,37713.23,27679.955,31482.447
2022-03-05 20:00:00,25435.436,28102.816,37714.508,27679.955,31482.9
2022-03-05 21:00:00,25435.4,28102.816,37713.137,27679.955,31481.916
2022-03-05 22:00:00,25435.4,28102.816,37713.23,27679.955,31481.936
2022-03-05 23:00:00,25435.4,28102.816,37713.23,27679.955,31482.494
2022-03-06 00:00:00,25435.512,28102.826,37714.68,27679.955,31482.9
2022-03-06 01:00:00,25435.512,28102.826,37714.7,27679.955,31482.9
2022-03-06 02:00:00,25435.512,28102.826,37714.7,27679.955,31482.9
2022-03-06 03:00:00,25435.512,28102.826,37714.7,27679.955,31482.9
2022-03-06 04:00:00,25435.512,28102.826,37714.7,27679.955,31482.9
2022-03-06 05:00:00,25435.512,28102.826,37714.7,27679.955,31482.9
2022-03-06 06:00:00,25435.512,28102.826,37714.7,27679.955,31482.9
2022-03-06 07:00:00,25435.512,28103.105,37714.7,27679.955,31482.955
2022-03-06 08:00:00,25435.512,28103.105,37714.7,27679.955,31482.955
2022-03-06 09:00:00,25435.512,28103.105,37714.7,27679.955,31482.955
2022-03-06 10:00:00,25435.512,28103.105,37714.7,27679.955,31482.955
2022-03-06 11:00:00,25435.512,28103.105,37714.7,27679.955,31482.955
2022-03-06 12:00:00,25435.53,28103.105,37714.7,27679.955,31482.955
2022-03-06 13:00:00,25435.53,28103.105,37714.7,27679.955,31482.955
2022-03-06 14:00:00,25435.53,28103.105,37714.7,27679.955,31482.955
2022-03-06 15:00:00,25435.53,28103.105,37714.7,27679.955,31482.955
2022-03-06 16:00:00,25435.53,28103.105,37714.7,27679.955,31482.955
2022-03-06 17:00:00,25435.53,28103.105,37714.7,27679.955,31483.393
2022-03-06 18:00:00,25435.53,28103.105,37714.7,27679.955,31483.4
2022-03-06 19:00:00,25435.53,28103.105,37714.7,27679.955,31483.822
2022-03-06 20:00:00,25435.53,28103.105,37714.7,27679.955,31483.822
2022-03-06 21:00:00,25435.53,28103.105,37714.7,27679.955,31483.822
2022-03-06 22:00:00,25435.53,28103.105,37714.7,27679.955,31483.822
2022-03-06 23:00:00,25435.53,28103.105,37714.7,27679.955,31483.822
2022-03-07 00:00:00,25435.53,28103.105,37714.7,27679.955,31483.959
2022-03-07 01:00:00,25435.53,28103.105,37714.7,27679.955,31483.996
2022-03-07 02:00:00,25435.53,28103.105,37714.7,27679.955,31483.996
2022-03-07 03:00:00,25435.53,28103.105,37714.7,27679.955,31483.996
2022-03-07 04:00:00,25435.53,28103.105,37714.7,27679.955,31483.996
2022-03-07 05:00:00,25435.53,28103.105,37714.7,27679.955,31483.996
2022-03-07 06:00:00,25435.53,28103.105,37714.7,27679.955,31483.996
2022-03-07 07:00:00,25435.53,28103.105,37714.7,27679.955,31483.996
2022-03-07 08:00:00,25435.53,28103.105,37714.7,27679.955,31483.996
2022-03-07 09:00:00,25435.53,28103.105,37714.7,27679.955,31483.996
2022-03-07 10:00:00,25435.53,28103.105,37714.7,27679.955,31483.996
2022-03-07 11:00:00,25435.53,28103.105,37714.7,27679.955,31483.996
2022-03-07 12:00:00,25435.53,28103.105,37714.7,27679.955,31483.996
2022-03-07 13:00:00,25435.53,28103.105,37714.7,27679.955,31483.996
2022-03-07 14:00:00,25435.53,28103.105,37714.7,27679.955,31483.996
2022-03-07 15:00:00,25435.53,28103.105,37714.7,27679.955,31483.996
2022-03-07 16:00:00,25435.53,28103.105,37714.7,27679.955,31483.996
2022-03-07 17:00:00,25435.53,28103.105,37714.7,27679.955,31483.996
2022-03-07 18:00:00,25435.53,28103.105,37714.7,27679.955,31483.996
2022-03-07 19:00:00,25435.53,28103.105,37714.7,27679.955,31483.996
2022-03-07 20:00:00,25435.53,28103.105,37714.7,27679.955,31483.996
2022-03-07 21:00:00,25435.53,28103.105,37714.7,27679.955,31483.996
2022-03-07 22:00:00,25435.53,28103.105,37714.7,27679.955,31483.996
2022-03-07 23:00:00,25435.53,28103.105,37714.7,27679.955,31483.996
2022-03-08 00:00:00,25435.53,28103.105,37714.7,27679.955,31483.996
2022-03-08 01:00:00,25435.53,28103.105,37714.7,27679.955,31483.996
2022-03-08 02:00:00,25435.53,28103.105,37714.7,27679.955,31483.996
2022-03-08 03:00:00,25435.53,28103.105,37714.7,27679.955,31483.996
2022-03-08 04:00:00,25435.53,28103.105,37714.7,27679.955,31483.996
2022-03-08 05:00:00,25435.53,28103.105,37714.7,27679.955,31483.996
2022-03-08 06:00:00,25435.53,28103.105,37714.7,27679.955,31483.996
2022-03-08 07:00:00,25435.53,28103.105,37714.7,27679.955,31483.996
2022-03-08 08:00:00,25435.53,28103.105,37714.7,27679.955,31483.996
2022-03-08 09:00:00,25435.53,28103.105,37714.7,27679.955,31483.996
2022-03-08 10:00:00,25435.53,28103.105,37714.7,27679.955,31483.996
2022-03-08 11:00:00,25435.53,28103.105,37714.7,27679.955,31483.996
2022-03-08 12:00:00,25435.53,28103.105,37714.7,27679.955,31483.996
2022-03-08 13:00:00,25435.53,28103.105,37714.7,27679.955,31483.996
2022-03-08 14:00:00,25435.53,28103.105,37714.7,27679.955,31483.996
2022-03-08 15:00:00,25435.53,28103.105,37714.7,27679.955,31483.996
2022-03-08 16:00:00,25435.53,28103.105,37714.7,27679.955,31483.996
2022-03-08 17:00:00,25435.53,28103.105,37714.7,27679.955,31483.996
2022-03-08 18:00:00,25435.53,28103.105,37714.7,27679.955,31483.996
2022-03-08 19:00:00,25435.53,28103.105,37714.7,27679.955,31483.996
2022-03-08 20:00:00,25435.53,28103.105,37714.7,27679.955,31483.996
2022-03-08 21:00:00,25435.53,28103.105,37714.7,27679.955,31483.996
2022-03-08 22:00:00,25435.53,28103.105,37714.7,27679.955,31483.996
2022-03-08 23:00:00,25435.53,28103.105,37714.7,27679.955,31483.996
2022-03-09 00:00:00,25435.53,28103.105,37714.7,27679.955,31483.996
2022-03-09 01:00:00,25435.53,28103.105,37714.7,27679.955,31483.996
2022-03-09 02:00:00,25435.53,28103.105,37714.7,27679.955,31483.996
2022-03-09 03:00:00,25435.53,28103.105,37714.7,27679.955,31483.996
2022-03-09 04:00:00,25435.53,28103.105,37714.7,27679.955,31483.996
2022-03-09 05:00:00,25435.53,28103.105,37714.7,27679.955,31483.996
2022-03-09 06:00:00,25435.53,28103.105,37714.7,27679.955,31483.996
2022-03-09 07:00:00,25435.53,28103.105,37714.7,27679.955,31483.996
2022-03-09 08:00:00,25435.53,28103.105,37714.7,27679.955,31483.996
2022-03-09 09:00:00,25435.53,28103.105,37714.7,27679.955,31483.996
2022-03-09 10:00:00,25435.53,28103.105,37714.7,27679.955,31483.996
2022-03-09 11:00:00,25435.53,28103.105,37714.7,27679.955,31483.996
2022-03-09 12:00:00,25435.53,28103.105,37714.7,27679.955,31483.996
2022-03-09 13:00:00,25435.53,28103.105,37714.7,27679.955,31483.996
2022-03-09 14:00:00,25435.53,28103.105,37714.7,27679.955,31483.996
2022-03-09 15:00:00,25435.53,28103.105,37714.7,27679.955,31483.996
2022-03-09 16:00:00,25435.53,28103.105,37714.7,27679.955,31483.996
2022-03-09 17:00:00,25435.53,28103.105,37714.7,27679.955,31483.996
2022-03-09 18:00:00,25435.53,28103.105,37714.7,27679.955,31483.996
2022-03-09 19:00:00,25435.53,28103.105,37714.7,27679.955,31483.996
2022-03-09 20:00:00,25435.53,28103.105,37714.7,27679.955,31483.996
2022-03-09 21:00:00,25435.53,28103.105,37714.7,27679.955,31483.996
2022-03-09 22:00:00,25435.53,28103.105,37714.7,27679.955,31483.996
2022-03-09 23:00:00,25435.53,28103.105,37714.7,27679.955,31483.996
2022-03-10 00:00:00,25435.53,28103.105,37714.7,27679.955,31483.996
2022-03-10 01:00:00,25435.53,28103.105,37714.7,27679.955,31483.996
2022-03-10 02:00:00,25435.53,28103.105,37714.7,27679.955,31483.996
2022-03-10 03:00:00,25435.53,28103.105,37714.7,27679.955,31483.996
2022-03-10 04:00:00,25435.53,28103.105,37714.7,27679.955,31483.996
2022-03-10 05:00:00,25435.53,28103.105,37714.7,27679.955,31483.996
2022-03-10 06:00:00,25435.53,28103.105,37714.7,27679.955,31483.996
2022-03-10 07:00:00,25435.53,28103.105,37714.7,27679.955,31483.996
2022-03-10 08:00:00,25435.53,28103.105,37714.7,27679.955,31483.996
2022-03-10 09:00:00,25435.53,28103.105,37714.7,27679.955,31483.996
2022-03-10 10:00:00,25435.53,28103.105,37714.7,27679.955,31483.996
2022-03-10 11:00:00,25435.53,28103.105,37714.7,27679.955,31483.996
2022-03-10 12:00:00,25435.53,28103.105,37714.7,27679.955,31483.996
2022-03-10 13:00:00,25435.53,28103.105,37714.7,27679.955,31483.996
2022-03-10 14:00:00,25435.53,28103.105,37714.7,27679.955,31483.996
2022-03-10 15:00:00,25435.53,28103.105,37714.7,27679.955,31483.996
2022-03-10 16:00:00,25435.53,28103.105,37714.7,27679.955,31483.996
2022-03-10 17:00:00,25435.53,28103.105,37714.7,27679.955,31483.996
2022-03-10 18:00:00,25435.53,28103.105,37714.7,27679.955,31483.996
2022-03-10 19:00:00,25435.53,28103.105,37714.7,27679.955,31483.996
2022-03-10 20:00:00,25435.53,28103.105,37714.7,27679.955,31483.996
2022-03-10 21:00:00,25435.53,28103.105,37714.7,27679.955,31483.996
2022-03-10 22:00:00,25435.53,28103.105,37714.7,27679.955,31483.996
2022-03-10 23:00:00,25435.53,28103.105,37714.7,27679.955,31483.996
2022-03-11 00:00:00,25435.53,28103.105,37714.7,27679.955,31483.996
2022-03-11 01:00:00,25435.53,28103.105,37714.7,27679.955,31483.996
2022-03-11 02:00:00,25435.53,28103.105,37714.7,27679.955,31483.996
2022-03-11 03:00:00,25435.53,28103.105,37714.7,27679.955,31483.996
2022-03-11 04:00:00,25435.53,28103.105,37714.7,27679.955,31483.996
2022-03-11 05:00:00,25435.53,28103.105,37714.7,27679.955,31483.996
2022-03-11 06:00:00,25435.53,28103.105,37714.7,27679.955,31483.996
2022-03-11 07:00:00,25435.53,28103.105,37714.7,27679.955,31483.996
2022-03-11 08:00:00,25435.53,28103.105,37714.7,27679.955,31483.996
2022-03-11 09:00:00,25435.53,28103.105,37714.7,27679.955,31483.996
2022-03-11 10:00:00,25435.53,28103.105,37714.7,27679.955,31483.996
2022-03-11 11:00:00,25435.53,28103.105,37714.7,27679.955,31483.996
2022-03-11 12:00:00,25435.53,28103.105,37714.7,27679.955,31483.996
2022-03-11 13:00:00,25435.53,28103.105,37714.7,27679.955,31483.996
2022-03-11 14:00:00,25435.53,28103.105,37714.7,27679.955,31483.996
2022-03-11 15:00:00,25435.53,28103.105,37714.7,27679.955,31483.996
2022-03-11 16:00:00,25435.53,28103.105,37714.7,27679.955,31483.996
2022-03-11 17:00:00,25435.53,28103.105,37714.7,27679.955,31483.996
2022-03-11 18:00:00,25435.53,28103.105,37714.7,27679.955,31483.996
2022-03-11 19:00:00,25435.53,28103.105,37714.7,27679.955,31483.996
2022-03-11 20:00:00,25435.53,28103.105,37714.7,27679.955,31483.996
2022-03-11 21:00:00,25435.53,28103.105,37714.7,27679.955,31483.996
2022-03-11 22:00:00,25435.53,28103.105,37714.7,27679.955,31483.996
2022-03-11 23:00:00,25435.53,28103.105,37714.7,27679.955,31483.996
2022-03-12 00:00:00,25435.53,28103.105,37714.7,27679.955,31483.996
2022-03-12 01:00:00,25435.53,28103.105,37714.7,27679.955,31483.996
2022-03-12 02:00:00,25435.53,28103.105,37714.7,27679.955,31483.996
2022-03-12 03:00:00,25435.53,28103.105,37714.7,27679.955,31483.996
2022-03-12 04:00:00,25435.53,28103.105,37714.7,27679.955,31483.996
2022-03-12 05:00:00,25435.53,28103.105,37714.7,27679.955,31483.996
2022-03-12 06:00:00,25435.53,28103.105,37714.7,27679.955,31483.996
2022-03-12 07:00:00,25435.53,28103.105,37714.7,27679.955,31483.996
2022-03-12 08:00:00,25435.53,28103.105,37714.7,27679.955,31483.996
2022-03-12 09:00:00,25435.53,28103.105,37714.7,27679.955,31483.996
2022-03-12 10:00:00,25435.53,28103.105,37714.7,27679.955,31483.996
2022-03-12 11:00:00,25435.53,28103.105,37714.7,27679.955,31483.996
2022-03-12 12:00:00,25435.53,28103.105,37714.7,27679.955,31483.996
2022-03-12 13:00:00,25435.53,28103.105,37714.7,27679.955,31483.996
2022-03-12 14:00:00,25435.53,28103.105,37714.7,27679.955,31483.996
2022-03-12 15:00:00,25435.53,28103.105,37714.7,27679.955,31483.996
2022-03-12 16:00:00,25435.53,28103.105,37714.7,27679.955,31483.996
2022-03-12 17:00:00,25435.53,28103.105,37714.7,27679.955,31483.996
2022-03-12 18:00:00,25435.53,28103.105,37714.7,27679.955,31483.996
2022-03-12 19:00:00,25435.53,28103.105,37714.7,27679.955,31483.996
2022-03-12 20:00:00,25435.53,28103.105,37714.7,27679.955,31483.996
2022-03-12 21:00:00,25435.53,28103.105,37714.7,27679.955,31483.996
2022-03-12 22:00:00,25435.53,28103.105,37714.7,27679.955,31483.996
2022-03-12 23:00:00,25435.53,28103.105,37714.7,27679.955,31483.996
2022-03-13 00:00:00,25435.53,28103.105,37714.7,27679.955,31483.996
2022-03-13 01:00:00,25435.53,28103.105,37714.7,27679.955,31483.996
2022-03-13 02:00:00,25435.53,28103.105,37714.7,27679.955,31483.996
2022-03-13 03:00:00,25435.53,28103.105,37714.7,27679.955,31483.996
2022-03-13 04:00:00,25435.53,28103.105,37714.7,27679.955,31483.996
2022-03-13 05:00:00,25435.53,28103.105,37714.7,27679.955,31483.996
2022-03-13 06:00:00,25435.53,28103.105,37714.7,27679.955,31483.996
2022-03-13 07:00:00,25435.53,28103.105,37714.7,27679.955,31483.996
2022-03-13 08:00:00,25435.53,28103.105,37714.7,27679.955,31483.996
2022-03-13 09:00:00,25435.53,28103.105,37714.7,27679.955,31483.996
2022-03-13 10:00:00,25435.53,28103.105,37714.7,27679.955,31483.996
2022-03-13 11:00:00,25435.53,28103.105,37714.7,27679.955,31483.996
2022-03-13 12:00:00,25435.53,28103.105,37714.7,27679.955,31483.996
2022-03-13 13:00:00,25435.53,28103.105,37714.7,27679.955,31483.996
2022-03-13 14:00:00,25435.53,28103.105,37714.7,27679.955,31483.996
2022-03-13 15:00:00,25435.53,28103.105,37714.7,27679.955,31483.996
2022-03-13 16:00:00,25435.53,28103.105,37714.7,27679.955,31483.996
2022-03-13 17:00:00,25435.53,28103.105,37714.7,27679.955,31483.996
2022-03-13 18:00:00,25435.53,28103.105,37714.7,27679.955,31483.996
2022-03-13 19:00:00,25435.53,28103.105,37714.7,27679.955,31483.996
2022-03-13 20:00:00,25435.53,28103.105,37714.7,27679.955,31483.996
2022-03-13 21:00:00,25435.53,28103.105,37714.7,27679.955,31483.996
2022-03-13 22:00:00,25435.53,28103.105,37714.7,27679.955,31483.996
2022-03-13 23:00:00,25435.53,28103.105,37714.7,27679.955,31483.996
2022-03-14 00:00:00,25435.53,28103.105,37714.7,27679.955,31483.996
2022-03-14 01:00:00,25435.53,28103.105,37714.7,27679.955,31483.996
2022-03-14 02:00:00,25435.53,28103.105,37714.7,27679.955,31483.996
2022-03-14 03:00:00,25435.53,28103.105,37714.7,27679.955,31483.996
2022-03-14 04:00:00,25435.53,28103.105,37714.7,27679.955,31483.996
2022-03-14 05:00:00,25435.53,28103.105,37714.7,27679.955,31483.996
2022-03-14 06:00:00,25435.53,28103.105,37714.7,27679.955,31483.996
2022-03-14 07:00:00,25435.53,28103.105,37714.7,27679.955,31483.996
2022-03-14 08:00:00,25435.53,28103.105,37714.7,27679.955,31483.996
2022-03-14 09:00:00,25435.53,28103.105,37714.7,27679.955,31483.996
2022-03-14 10:00:00,25435.53,28103.105,37714.7,27679.955,31483.996
2022-03-14 11:00:00,25435.53,28103.105,37714.7,27679.955,31483.996
2022-03-14 12:00:00,25435.53,28103.105,37714.7,27679.955,31483.996
2022-03-14 13:00:00,25435.53,28103.105,37714.7,27679.955,31483.996
2022-03-14 14:00:00,25435.53,28103.105,37714.7,27679.955,31483.996
2022-03-14 15:00:00,25435.53,28103.105,37714.7,27679.955,31483.996
2022-03-14 16:00:00,25435.53,28103.105,37714.7,27679.955,31483.996
2022-03-14 17:00:00,25435.53,28103.105,37714.7,27679.955,31483.996
2022-03-14 18:00:00,25435.53,28103.105,37714.7,27679.955,31483.996
2022-03-14 19:00:00,25435.53,28103.105,37714.7,27679.955,31483.996
2022-03-14 20:00:00,25435.53,28103.105,37714.7,27679.955,31483.996
2022-03-14 21:00:00,25435.53,28103.105,37714.7,27679.955,31483.996
2022-03-14 22:00:00,25435.53,28103.105,37714.7,27679.955,31483.996
2022-03-14 23:00:00,25435.53,28103.105,37714.7,27679.955,31483.996
2022-03-15 00:00:00,25435.53,28103.105,37714.7,27679.955,31483.996
2022-03-15 01:00:00,25435.53,28103.105,37714.7,27679.955,31483.996
2022-03-15 02:00:00,25435.53,28103.105,37714.7,27679.955,31483.996
2022-03-15 03:00:00,25435.53,28103.105,37714.7,27679.955,31483.996
2022-03-15 04:00:00,25435.53,28103.105,37714.7,27679.955,31483.996
2022-03-15 05:00:00,25435.53,28103.105,37714.7,27679.955,31483.996
2022-03-15 06:00:00,25435.53,28103.105,37714.7,27679.955,31483.996
2022-03-15 07:00:00,25435.53,28103.105,37714.7,27679.955,31483.996
2022-03-15 08:00:00,25435.53,28103.105,37714.7,27679.955,31483.996
2022-03-15 09:00:00,25435.53,28103.105,37714.7,27679.955,31483.996
2022-03-15 10:00:00,25435.53,28103.105,37714.7,27679.955,31483.996
2022-03-15 11:00:00,25435.53,28103.105,37714.7,27679.955,31483.996
2022-03-15 12:00:00,25435.53,28103.105,37714.7,27679.955,31483.996
2022-03-15 13:00:00,25435.53,28103.105,37714.7,27679.955,31483.996
2022-03-15 14:00:00,25435.53,28103.105,37714.7,27679.955,31483.996
2022-03-15 15:00:00,25435.53,28103.105,37714.7,27679.955,31483.996
2022-03-15 16:00:00,25435.53,28103.105,37714.7,27679.955,31483.996
2022-03-15 17:00:00,25435.53,28103.105,37714.7,27679.955,31483.996
2022-03-15 18:00:00,25435.53,28103.105,37714.7,27679.955,31483.996
2022-03-15 19:00:00,25435.53,28103.105,37714.7,27679.955,31483.996
2022-03-15 20:00:00,25435.53,28103.105,37714.7,27679.955,31483.996
2022-03-15 21:00:00,25435.53,28103.105,37714.7,27679.955,31483.996
2022-03-15 22:00:00,25435.53,28103.105,37714.7,27679.955,31483.996
2022-03-15 23:00:00,25435.53,28103.105,37714.7,27679.955,31483.996
2022-03-16 00:00:00,25435.53,28103.105,37714.7,27679.955,31483.996
2022-03-16 01:00:00,25435.53,28103.105,37714.7,27679.955,31483.996
2022-03-16 02:00:00,25435.53,28103.105,37714.7,27679.955,31483.996
2022-03-16 03:00:00,25435.53,28103.105,37714.7,27679.955,31483.996
2022-03-16 04:00:00,25435.53,28103.105,37714.7,27679.955,31483.996
2022-03-16 05:00:00,25435.53,28103.105,37714.7,27679.955,31483.996
2022-03-16 06:00:00,25435.53,28103.105,37714.7,27679.955,31483.996
2022-03-16 07:00:00,25435.53,28103.105,37714.7,27679.955,31483.996
2022-03-16 08:00:00,25435.53,28103.105,37714.7,27679.955,31483.996
2022-03-16 09:00:00,25435.604,28103.105,37714.7,27679.955,31484.078
2022-03-16 10:00:00,25435.604,28103.105,37714.7,27679.955,31484.322
2022-03-16 11:00:00,25435.604,28103.105,37714.7,27679.955,31485.281
2022-03-16 12:00:00,25435.65,28103.105,37714.7,27679.955,31486.688
2022-03-16 13:00:00,25435.707,28103.105,37714.7,27679.955,31486.838
2022-03-16 14:00:00,25435.707,28103.105,37714.7,27679.955,31486.838
2022-03-16 15:00:00,25435.707,28103.105,37714.7,27679.955,31486.838
2022-03-16 16:00:00,25435.707,28103.105,37714.7,27679.955,31486.842
2022-03-16 17:00:00,25435.707,28103.105,37714.7,27679.955,31488.168
2022-03-16 18:00:00,25435.707,28103.105,37714.7,27679.955,31489.264
2022-03-16 19:00:00,25436.396,28103.105,37714.7,27679.955,31490.28
2022-03-16 20:00:00,25436.562,28103.105,37714.7,27679.955,31491.357
2022-03-16 21:00:00,25436.562,28103.105,37714.7,27679.955,31492.34
2022-03-16 22:00:00,25436.562,28103.105,37714.7,27679.955,31492.592
2022-03-16 23:00:00,25436.562,28103.105,37714.7,27679.955,31492.592
2022-03-17 00:00:00,25436.562,28103.105,37714.7,27679.955,31492.592
2022-03-17 01:00:00,25436.562,28103.105,37714.7,27679.955,31492.592
2022-03-17 02:00:00,25436.562,28103.105,37714.7,27679.955,31492.592
2022-03-17 03:00:00,25436.562,28103.105,37714.7,27679.955,31492.592
2022-03-17 04:00:00,25436.562,28103.105,37714.7,27679.955,31492.592
2022-03-17 05:00:00,25436.562,28103.105,37714.7,27679.955,31492.592
2022-03-17 06:00:00,25436.562,28103.105,37714.7,27679.955,31492.592
2022-03-17 07:00:00,25436.562,28103.105,37714.7,27679.955,31492.592
2022-03-17 08:00:00,25436.562,28103.953,37714.7,27679.955,31492.592
2022-03-17 09:00:00,25437.73,28105.379,37714.7,27679.955,31492.604
2022-03-17 10:00:00,25437.73,28107.188,37714.7,27679.955,31492.645
2022-03-17 11:00:00,25437.73,28108.145,37714.7,27679.955,31493.457
2022-03-17 12:00:00,25437.896,28108.21,37714.7,27679.955,31495.346
2022-03-17 13:00:00,25438.459,28108.352,37714.7,27679.955,31497.143
2022-03-17 14:00:00,25439.14,28108.352,37714.7,27680.037,31497.695
2022-03-17 15:00:00,25440.535,28108.352,37714.703,27680.12,31497.695
2022-03-17 16:00:00,25441.99,28108.352,37714.73,27680.158,31497.695
2022-03-17 17:00:00,25443.328,28108.352,37714.73,27681.184,31497.695
2022-03-17 18:00:00,25443.77,28108.352,37714.73,27681.861,31497.695
2022-03-17 19:00:00,25443.77,28108.352,37714.73,27681.861,31497.695
2022-03-17 20:00:00,25443.77,28108.352,37714.73,27681.861,31497.695
2022-03-17 21:00:00,25443.77,28108.352,37714.73,27681.861,31497.695
2022-03-17 22:00:00,25443.77,28108.586,37714.85,27681.9,31497.805
2022-03-17 23:00:00,25443.93,28109.547,37715.047,27681.959,31497.99
2022-03-18 00:00:00,25444.953,28111.299,37715.58,27682.693,31498.213
2022-03-18 01:00:00,25445.4,28112.158,37716.234,27683.754,31498.537
2022-03-18 02:00:00,25446.246,28112.488,37716.277,27684.01,31498.84
2022-03-18 03:00:00,25447.334,28113.078,37716.29,27685.352,31499.236
2022-03-18 04:00:00,25447.85,28114.02,37716.457,27687.18,31500.332
2022-03-18 05:00:00,25448.002,28114.137,37717.83,27687.184,31500.688
2022-03-18 06:00:00,25448.93,28114.137,37718.527,27687.24,31501.898
2022-03-18 07:00:00,25449.096,28114.395,37719.234,27688.19,31502.76
2022-03-18 08:00:00,25449.363,28116.88,37720.13,27689.432,31503.629
2022-03-18 09:00:00,25449.617,28116.88,37720.13,27689.441,31503.695
2022-03-18 10:00:00,25449.617,28116.88,37720.13,27689.455,31503.695
2022-03-18 11:00:00,25449.617,28116.88,37720.13,27689.455,31503.695
2022-03-18 12:00:00,25449.617,28116.88,37720.22,27689.455,31503.7
2022-03-18 13:00:00,25449.69,28116.88,37720.227,27689.455,31503.7
2022-03-18 14:00:00,25449.69,28116.88,37720.254,27689.455,31503.7
2022-03-18 15:00:00,25449.69,28116.88,37720.254,27689.455,31503.7
2022-03-18 16:00:00,25449.69,28116.88,37720.254,27689.455,31503.7
2022-03-18 17:00:00,25449.69,28116.88,37720.254,27689.455,31503.7
2022-03-18 18:00:00,25449.69,28116.88,37720.254,27689.455,31503.7
2022-03-18 19:00:00,25449.69,28116.88,37720.254,27689.455,31503.7
2022-03-18 20:00:00,25449.69,28116.88,37720.254,27689.455,31503.7
2022-03-18 21:00:00,25449.69,28116.88,37720.254,27689.455,31503.7
2022-03-18 22:00:00,25449.69,28116.88,37720.254,27689.455,31503.7
2022-03-18 23:00:00,25449.69,28116.88,37720.254,27689.455,31503.7
2022-03-19 00:00:00,25449.69,28116.88,37720.254,27689.455,31503.7
2022-03-19 01:00:00,25449.69,28116.88,37720.254,27689.455,31503.7
2022-03-19 02:00:00,25449.69,28116.88,37720.254,27689.455,31503.7
2022-03-19 03:00:00,25449.69,28116.88,37720.254,27689.455,31503.7
2022-03-19 04:00:00,25449.69,28116.88,37720.254,27689.455,31503.7
2022-03-19 05:00:00,25449.69,28116.88,37720.254,27689.455,31503.7
2022-03-19 06:00:00,25449.69,28116.88,37720.254,27689.455,31503.7
2022-03-19 07:00:00,25449.69,28116.88,37720.254,27689.455,31503.7
2022-03-19 08:00:00,25449.69,28116.88,37720.254,27689.455,31503.7
2022-03-19 09:00:00,25449.69,28116.88,37720.254,27689.455,31503.7
2022-03-19 10:00:00,25449.69,28116.88,37720.254,27689.455,31503.7
2022-03-19 11:00:00,25449.69,28116.88,37720.254,27689.455,31503.7
2022-03-19 12:00:00,25449.69,28116.88,37720.254,27689.455,31503.7
2022-03-19 13:00:00,25449.69,28116.88,37720.254,27689.455,31503.7
2022-03-19 14:00:00,25449.69,28116.88,37720.254,27689.455,31503.7
2022-03-19 15:00:00,25449.69,28116.88,37720.254,27689.455,31503.7
2022-03-19 16:00:00,25449.69,28116.88,37720.254,27689.455,31503.7
2022-03-19 17:00:00,25449.69,28116.88,37720.254,27689.455,31503.7
2022-03-19 18:00:00,25449.69,28116.88,37720.254,27689.455,31503.7
2022-03-19 19:00:00,25449.69,28116.88,37720.254,27689.455,31503.7
2022-03-19 20:00:00,25449.69,28116.88,37720.254,27689.455,31503.7
2022-03-19 21:00:00,25449.69,28116.88,37720.254,27689.455,31503.7
2022-03-19 22:00:00,25449.69,28116.88,37720.254,27689.455,31503.7
2022-03-19 23:00:00,25449.69,28116.88,37720.254,27689.455,31503.7
2022-03-20 00:00:00,25449.69,28116.88,37720.254,27689.455,31503.7
2022-03-20 01:00:00,25449.69,28116.88,37720.254,27689.455,31503.7
2022-03-20 02:00:00,25449.69,28116.88,37720.254,27689.455,31503.7
2022-03-20 03:00:00,25449.69,28116.88,37720.254,27689.455,31503.7
2022-03-20 04:00:00,25449.69,28116.88,37720.254,27689.455,31503.7
2022-03-20 05:00:00,25449.69,28116.88,37720.254,27689.455,31503.7
2022-03-20 06:00:00,25449.69,28116.88,37720.254,27689.455,31503.7
2022-03-20 07:00:00,25449.69,28116.88,37720.254,27689.455,31503.7
2022-03-20 08:00:00,25449.69,28116.88,37720.254,27689.455,31503.7
2022-03-20 09:00:00,25449.69,28116.88,37720.254,27689.455,31503.7
2022-03-20 10:00:00,25449.69,28116.88,37720.254,27689.455,31503.7
2022-03-20 11:00:00,25449.69,28116.88,37720.254,27689.455,31503.7
2022-03-20 12:00:00,25449.69,28116.88,37720.254,27689.455,31503.7
2022-03-20 13:00:00,25449.69,28116.88,37720.254,27689.455,31503.7
2022-03-20 14:00:00,25449.69,28116.88,37720.254,27689.455,31503.7
2022-03-20 15:00:00,25449.69,28116.88,37720.254,27689.455,31503.7
2022-03-20 16:00:00,25449.69,28116.88,37720.254,27689.455,31503.7
2022-03-20 17:00:00,25449.69,28116.88,37720.254,27689.455,31503.7
2022-03-20 18:00:00,25449.69,28116.88,37720.254,27689.455,31503.7
2022-03-20 19:00:00,25449.69,28116.88,37720.254,27689.455,31503.7
2022-03-20 20:00:00,25449.69,28116.88,37720.254,27689.455,31503.7
2022-03-20 21:00:00,25449.69,28116.88,37720.254,27689.455,31503.7
2022-03-20 22:00:00,25449.69,28116.88,37720.254,27689.455,31503.7
2022-03-20 23:00:00,25449.69,28116.88,37720.254,27689.455,31503.7
2022-03-21 00:00:00,25449.69,28116.88,37720.254,27689.455,31503.7
2022-03-21 01:00:00,25449.69,28116.88,37720.254,27689.455,31503.7
2022-03-21 02:00:00,25449.69,28116.88,37720.254,27689.455,31503.7
2022-03-21 03:00:00,25449.69,28116.88,37720.254,27689.455,31503.7
2022-03-21 04:00:00,25449.69,28116.88,37720.254,27689.455,31503.7
2022-03-21 05:00:00,25449.69,28116.88,37720.254,27689.455,31503.7
2022-03-21 06:00:00,25449.69,28116.88,37720.254,27689.455,31503.7
2022-03-21 07:00:00,25449.69,28116.88,37720.254,27689.455,31503.7
2022-03-21 08:00:00,25449.69,28116.88,37720.254,27689.455,31503.7
2022-03-21 09:00:00,25449.69,28116.88,37720.254,27689.455,31503.7
2022-03-21 10:00:00,25449.69,28116.88,37720.254,27689.455,31503.7
2022-03-21 11:00:00,25449.69,28116.88,37720.254,27689.455,31503.7
2022-03-21 12:00:00,25449.69,28116.88,37720.254,27689.455,31503.7
2022-03-21 13:00:00,25449.69,28116.88,37720.254,27689.455,31503.7
2022-03-21 14:00:00,25449.69,28116.88,37720.254,27689.455,31503.7
2022-03-21 15:00:00,25449.69,28116.88,37720.254,27689.455,31503.7
2022-03-21 16:00:00,25449.69,28116.88,37720.254,27689.455,31503.7
2022-03-21 17:00:00,25449.69,28116.88,37720.254,27689.455,31503.7
2022-03-21 18:00:00,25449.69,28116.88,37720.254,27689.455,31503.7
2022-03-21 19:00:00,25449.69,28116.88,37720.254,27689.455,31503.7
2022-03-21 20:00:00,25449.69,28116.88,37720.254,27689.455,31503.7
2022-03-21 21:00:00,25449.69,28116.88,37720.254,27689.455,31503.7
2022-03-21 22:00:00,25449.69,28116.88,37720.254,27689.455,31503.7
2022-03-21 23:00:00,25449.69,28116.88,37720.254,27689.455,31503.7
2022-03-22 00:00:00,25449.69,28116.88,37720.254,27689.455,31503.7
2022-03-22 01:00:00,25449.69,28116.88,37720.254,27689.455,31503.7
2022-03-22 02:00:00,25449.69,28116.88,37720.254,27689.455,31503.7
2022-03-22 03:00:00,25449.69,28116.88,37720.254,27689.455,31503.7
2022-03-22 04:00:00,25449.69,28116.88,37720.254,27689.455,31503.7
2022-03-22 05:00:00,25449.69,28116.88,37720.254,27689.455,31503.7
2022-03-22 06:00:00,25449.69,28116.88,37720.254,27689.455,31503.7
2022-03-22 07:00:00,25449.69,28116.88,37720.254,27689.455,31503.7
2022-03-22 08:00:00,25449.69,28116.88,37720.254,27689.455,31503.7
2022-03-22 09:00:00,25449.69,28116.88,37720.254,27689.455,31503.7
2022-03-22 10:00:00,25449.69,28116.88,37720.254,27689.455,31503.7
2022-03-22 11:00:00,25449.69,28116.88,37720.254,27689.455,31503.7
2022-03-22 12:00:00,25449.69,28116.88,37720.254,27689.455,31503.7
2022-03-22 13:00:00,25449.69,28116.88,37720.254,27689.455,31503.7
2022-03-22 14:00:00,25449.69,28116.88,37720.254,27689.455,31503.7
2022-03-22 15:00:00,25449.69,28116.88,37720.254,27689.455,31503.7
2022-03-22 16:00:00,25449.69,28116.88,37720.254,27689.455,31503.7
2022-03-22 17:00:00,25449.69,28116.88,37720.254,27689.455,31503.7
2022-03-22 18:00:00,25449.69,28116.88,37720.254,27689.455,31503.7
2022-03-22 19:00:00,25449.69,28116.88,37720.254,27689.455,31503.7
2022-03-22 20:00:00,25449.69,28116.88,37720.254,27689.455,31503.7
2022-03-22 21:00:00,25449.69,28116.88,37720.254,27689.455,31503.7
2022-03-22 22:00:00,25449.69,28116.88,37720.254,27689.455,31503.7
2022-03-22 23:00:00,25449.69,28116.88,37720.254,27689.455,31503.7
2022-03-23 00:00:00,25449.69,28116.88,37720.254,27689.455,31503.7
2022-03-23 01:00:00,25449.69,28116.88,37720.254,27689.455,31503.7
2022-03-23 02:00:00,25449.69,28116.88,37720.254,27689.455,31503.7
2022-03-23 03:00:00,25449.69,28116.88,37720.254,27689.455,31503.7
2022-03-23 04:00:00,25449.69,28116.88,37720.254,27689.455,31503.7
2022-03-23 05:00:00,25449.69,28116.88,37720.254,27689.455,31503.7
2022-03-23 06:00:00,25449.69,28116.88,37720.254,27689.455,31503.7
2022-03-23 07:00:00,25449.69,28116.88,37720.254,27689.455,31503.7
2022-03-23 08:00:00,25449.69,28116.88,37720.254,27689.455,31503.7
2022-03-23 09:00:00,25449.69,28116.88,37720.254,27689.455,31503.7
2022-03-23 10:00:00,25449.69,28116.88,37720.254,27689.455,31503.7
2022-03-23 11:00:00,25449.69,28116.88,37720.254,27689.455,31503.7
2022-03-23 12:00:00,25449.69,28116.88,37720.254,27689.455,31503.7
2022-03-23 13:00:00,25449.69,28116.88,37720.254,27689.455,31503.7
2022-03-23 14:00:00,25449.69,28116.88,37720.254,27689.455,31503.7
2022-03-23 15:00:00,25449.69,28116.88,37720.254,27689.455,31503.7
2022-03-23 16:00:00,25449.69,28116.88,37720.254,27689.455,31503.7
2022-03-23 17:00:00,25449.69,28116.88,37720.254,27689.455,31503.7
2022-03-23 18:00:00,25449.69,28116.88,37720.254,27689.455,31503.7
2022-03-23 19:00:00,25449.69,28116.88,37720.254,27689.455,31503.7
2022-03-23 20:00:00,25449.69,28116.88,37720.254,27689.455,31503.7
2022-03-23 21:00:00,25449.69,28116.88,37720.254,27689.455,31503.7
2022-03-23 22:00:00,25449.69,28116.88,37720.254,27689.455,31503.7
2022-03-23 23:00:00,25449.69,28116.88,37720.254,27689.455,31503.7
2022-03-24 00:00:00,25449.69,28116.88,37720.254,27689.455,31503.7
2022-03-24 01:00:00,25449.69,28116.88,37720.254,27689.455,31503.715
2022-03-24 02:00:00,25450.375,28116.88,37720.254,27689.455,31503.85
2022-03-24 03:00:00,25450.844,28116.88,37720.254,27689.455,31503.85
2022-03-24 04:00:00,25450.844,28116.88,37720.254,27689.455,31503.85
2022-03-24 05:00:00,25450.932,28116.88,37720.773,27689.455,31504.393
2022-03-24 06:00:00,25451.412,28117.494,37721.2,27689.953,31504.836
2022-03-24 07:00:00,25452.086,28117.494,37721.25,27689.953,31504.836
2022-03-24 08:00:00,25452.674,28117.494,37724.008,27689.953,31504.836
2022-03-24 09:00:00,25453.201,28117.494,37724.598,27689.953,31504.836
2022-03-24 10:00:00,25453.234,28117.494,37724.94,27689.953,31504.836
2022-03-24 11:00:00,25453.373,28117.494,37727.168,27689.953,31504.836
2022-03-24 12:00:00,25454.352,28117.494,37727.168,27689.953,31504.836
2022-03-24 13:00:00,25454.352,28117.494,37727.168,27689.953,31504.836
2022-03-24 14:00:00,25454.352,28117.494,37727.168,27689.953,31504.836
2022-03-24 15:00:00,25454.352,28117.494,37727.168,27689.953,31504.836
2022-03-24 16:00:00,25454.352,28117.494,37727.168,27689.953,31504.836
2022-03-24 17:00:00,25454.352,28117.494,37727.168,27689.953,31504.836
2022-03-24 18:00:00,25454.352,28117.494,37727.168,27689.953,31504.836
2022-03-24 19:00:00,25454.352,28117.494,37727.168,27689.953,31504.836
2022-03-24 20:00:00,25454.352,28117.494,37727.168,27689.953,31504.836
2022-03-24 21:00:00,25454.352,28117.494,37727.168,27689.953,31504.836
2022-03-24 22:00:00,25454.406,28117.494,37727.168,27689.953,31505.133
2022-03-24 23:00:00,25454.824,28117.494,37727.168,27689.953,31505.322
2022-03-25 00:00:00,25455.594,28117.693,37727.168,27689.953,31505.322
2022-03-25 01:00:00,25456.037,28117.809,37727.168,27689.953,31505.37
2022-03-25 02:00:00,25456.238,28117.863,37727.168,27689.953,31505.564
2022-03-25 03:00:00,25456.59,28117.895,37727.168,27689.953,31506.19
2022-03-25 04:00:00,25457.318,28117.895,37727.168,27689.953,31506.373
2022-03-25 05:00:00,25457.336,28118.002,37727.168,27689.953,31506.941
2022-03-25 06:00:00,25457.336,28118.076,37727.168,27689.953,31507.52
2022-03-25 07:00:00,25457.336,28118.076,37727.168,27689.953,31507.623
2022-03-25 08:00:00,25457.336,28118.076,37727.168,27689.953,31508.812
2022-03-25 09:00:00,25457.336,28118.076,37727.168,27689.953,31509.084
2022-03-25 10:00:00,25457.488,28118.092,37727.168,27689.953,31509.48
2022-03-25 11:00:00,25457.533,28118.467,37727.168,27689.953,31509.76
2022-03-25 12:00:00,25457.56,28119.209,37727.168,27689.953,31510.115
2022-03-25 13:00:00,25457.56,28119.24,37727.168,27689.953,31510.756
2022-03-25 14:00:00,25457.56,28119.24,37727.168,27689.953,31510.756
2022-03-25 15:00:00,25457.56,28119.24,37727.168,27690.016,31510.756
2022-03-25 16:00:00,25457.56,28119.24,37727.168,27691.256,31510.756
2022-03-25 17:00:00,25457.56,28119.24,37727.168,27691.256,31510.756
2022-03-25 18:00:00,25457.56,28119.24,37727.168,27691.256,31510.756
2022-03-25 19:00:00,25457.56,28119.24,37727.168,27691.256,31510.756
2022-03-25 20:00:00,25457.56,28119.24,37727.168,27691.256,31510.756
2022-03-25 21:00:00,25457.56,28119.24,37727.168,27691.256,31510.756
2022-03-25 22:00:00,25457.56,28119.24,37727.168,27691.256,31510.756
2022-03-25 23:00:00,25457.56,28119.24,37727.168,27691.256,31510.756
2022-03-26 00:00:00,25457.56,28119.24,37727.168,27691.256,31510.756
2022-03-26 01:00:00,25457.56,28119.24,37727.168,27691.256,31510.756
2022-03-26 02:00:00,25457.56,28119.24,37727.168,27691.256,31510.756
2022-03-26 03:00:00,25457.56,28119.24,37727.168,27691.256,31510.756
2022-03-26 04:00:00,25457.56,28119.24,37727.168,27691.256,31510.756
2022-03-26 05:00:00,25457.56,28119.24,37727.168,27691.256,31510.756
2022-03-26 06:00:00,25457.56,28119.24,37727.168,27691.256,31510.756
2022-03-26 07:00:00,25457.56,28119.24,37727.168,27691.256,31510.756
2022-03-26 08:00:00,25457.56,28119.24,37727.168,27691.256,31510.756
2022-03-26 09:00:00,25457.56,28119.24,37727.168,27691.256,31510.756
2022-03-26 10:00:00,25457.56,28119.24,37727.168,27691.256,31510.756
2022-03-26 11:00:00,25457.56,28119.24,37727.168,27691.256,31510.756
2022-03-26 12:00:00,25457.56,28119.24,37727.168,27691.256,31510.756
2022-03-26 13:00:00,25457.56,28119.24,37727.168,27691.256,31510.756
2022-03-26 14:00:00,25457.56,28119.24,37727.168,27691.256,31510.756
2022-03-26 15:00:00,25457.56,28119.24,37727.168,27691.256,31510.756
2022-03-26 16:00:00,25457.56,28119.24,37727.168,27691.256,31510.756
2022-03-26 17:00:00,25457.56,28119.24,37727.168,27691.256,31510.756
2022-03-26 18:00:00,25457.56,28119.24,37727.168,27691.256,31510.756
2022-03-26 19:00:00,25457.56,28119.24,37727.168,27691.256,31510.756
2022-03-26 20:00:00,25457.56,28119.24,37727.168,27691.256,31511.03
2022-03-26 21:00:00,25457.56,28119.24,37727.168,27691.256,31511.324
2022-03-26 22:00:00,25457.56,28119.24,37727.168,27691.256,31511.324
2022-03-26 23:00:00,25457.56,28119.24,37727.168,27691.256,31511.324
2022-03-27 00:00:00,25457.56,28119.24,37727.168,27691.256,31511.324
2022-03-27 01:00:00,25457.56,28119.24,37727.168,27691.256,31511.324
2022-03-27 02:00:00,25457.56,28119.24,37727.168,27691.256,31511.324
2022-03-27 03:00:00,25457.56,28119.24,37727.168,27691.256,31511.324
2022-03-27 04:00:00,25457.56,28119.24,37727.168,27691.256,31511.324
2022-03-27 05:00:00,25457.56,28119.24,37727.168,27691.256,31511.324
2022-03-27 06:00:00,25457.56,28119.24,37727.168,27691.256,31511.324
2022-03-27 07:00:00,25457.56,28119.24,37727.168,27691.256,31511.324
2022-03-27 08:00:00,25457.56,28119.24,37727.168,27691.256,31511.324
2022-03-27 09:00:00,25457.56,28119.24,37727.168,27691.256,31511.324
2022-03-27 10:00:00,25457.56,28119.24,37727.168,27691.256,31511.324
2022-03-27 11:00:00,25457.56,28119.24,37727.168,27691.256,31511.324
2022-03-27 12:00:00,25457.56,28119.24,37727.168,27691.256,31511.324
2022-03-27 13:00:00,25457.56,28119.24,37727.168,27691.256,31511.324
2022-03-27 14:00:00,25457.56,28119.24,37727.168,27691.256,31511.324
2022-03-27 15:00:00,25457.56,28119.24,37727.168,27691.256,31511.328
2022-03-27 16:00:00,25457.56,28119.24,37727.168,27691.256,31512.137
2022-03-27 17:00:00,25457.56,28119.24,37727.168,27691.256,31513.238
2022-03-27 18:00:00,25457.56,28119.24,37727.168,27691.256,31514.732
2022-03-27 19:00:00,25457.56,28119.24,37727.168,27691.256,31515.988
2022-03-27 20:00:00,25457.56,28119.24,37727.168,27691.256,31517.125
2022-03-27 21:00:00,25457.56,28119.24,37727.168,27691.256,31517.41
2022-03-27 22:00:00,25457.56,28119.24,37727.168,27691.256,31517.41
2022-03-27 23:00:00,25457.56,28119.24,37727.227,27691.256,31517.41
2022-03-28 00:00:00,25457.56,28119.24,37727.332,27691.256,31517.41
2022-03-28 01:00:00,25458.041,28119.24,37728.605,27691.256,31517.41
2022-03-28 02:00:00,25458.979,28119.24,37728.625,27691.277,31517.41
2022-03-28 03:00:00,25459.625,28119.363,37728.625,27691.277,31517.41
2022-03-28 04:00:00,25459.625,28119.363,37728.625,27691.277,31517.41
2022-03-28 05:00:00,25459.625,28119.363,37728.625,27691.277,31517.41
2022-03-28 06:00:00,25459.865,28119.363,37728.848,27691.277,31517.41
2022-03-28 07:00:00,25460.969,28119.678,37729.992,27691.277,31517.553
2022-03-28 08:00:00,25460.969,28119.725,37729.992,27691.277,31517.553
2022-03-28 09:00:00,25460.969,28119.725,37731.16,27691.277,31517.553
2022-03-28 10:00:00,25461.596,28119.754,37732.605,27691.473,31517.719
2022-03-28 11:00:00,25464.02,28120.018,37733.105,27691.72,31518.383
2022-03-28 12:00:00,25465.041,28120.059,37734.535,27692.096,31518.47
2022-03-28 13:00:00,25467.27,28120.145,37738.863,27693.465,31518.549
2022-03-28 14:00:00,25467.89,28122.041,37739.3,27694.914,31521.695
2022-03-28 15:00:00,25467.89,28122.613,37739.3,27695.19,31523.025
2022-03-28 16:00:00,25468.21,28123.668,37739.3,27695.19,31523.352
2022-03-28 17:00:00,25468.426,28123.707,37739.3,27695.19,31523.42
2022-03-28 18:00:00,25469.342,28123.719,37739.3,27695.19,31523.42
2022-03-28 19:00:00,25469.375,28123.719,37739.31,27695.19,31523.42
2022-03-28 20:00:00,25469.375,28123.719,37740.95,27695.523,31523.64
2022-03-28 21:00:00,25469.465,28124.125,37742.027,27696.771,31523.744
2022-03-28 22:00:00,25469.465,28124.125,37742.492,27697.03,31523.998
2022-03-28 23:00:00,25469.465,28124.125,37742.492,27697.03,31525.639
2022-03-29 00:00:00,25469.465,28124.174,37742.492,27697.03,31525.992
2022-03-29 01:00:00,25469.465,28124.174,37742.492,27697.03,31526.283
2022-03-29 02:00:00,25469.77,28124.404,37743.574,27697.03,31528.256
2022-03-29 03:00:00,25469.975,28124.92,37743.574,27697.03,31528.744
2022-03-29 04:00:00,25470.01,28124.92,37743.574,27697.03,31528.744
2022-03-29 05:00:00,25470.01,28124.92,37744.75,27697.03,31528.744
2022-03-29 06:00:00,25470.08,28125.473,37747.02,27697.973,31528.744
2022-03-29 07:00:00,25470.232,28125.764,37747.02,27698.898,31529.293
2022-03-29 08:00:00,25470.232,28125.764,37747.02,27698.898,31529.293
2022-03-29 09:00:00,25470.232,28125.764,37747.02,27698.898,31529.418
2022-03-29 10:00:00,25470.232,28125.764,37747.02,27698.898,31529.418
2022-03-29 11:00:00,25470.379,28125.764,37747.02,27698.898,31529.418
2022-03-29 12:00:00,25470.492,28125.764,37747.03,27698.941,31530.71
2022-03-29 13:00:00,25470.492,28125.764,37747.03,27698.941,31530.986
2022-03-29 14:00:00,25470.527,28125.764,37747.03,27698.941,31531.953
2022-03-29 15:00:00,25470.527,28125.764,37748.586,27698.941,31532.727
2022-03-29 16:00:00,25470.527,28125.764,37748.63,27698.941,31532.727
2022-03-29 17:00:00,25470.527,28125.764,37749.207,27698.941,31532.727
2022-03-29 18:00:00,25470.527,28125.764,37749.344,27698.941,31532.727
2022-03-29 19:00:00,25470.527,28125.764,37749.344,27698.941,31532.727
2022-03-29 20:00:00,25470.527,28125.764,37749.344,27698.941,31532.727
2022-03-29 21:00:00,25470.527,28125.764,37749.344,27698.941,31532.727
2022-03-29 22:00:00,25470.527,28125.764,37749.344,27698.941,31532.727
2022-03-29 23:00:00,25470.527,28125.764,37749.344,27698.941,31532.727
2022-03-30 00:00:00,25470.527,28125.764,37749.344,27698.941,31532.727
2022-03-30 01:00:00,25470.527,28125.764,37749.344,27698.941,31532.727
2022-03-30 02:00:00,25470.527,28125.764,37749.344,27698.941,31532.727
2022-03-30 03:00:00,25470.527,28125.764,37749.344,27698.941,31532.727
2022-03-30 04:00:00,25470.527,28125.764,37749.344,27698.941,31532.727
2022-03-30 05:00:00,25470.527,28125.764,37749.344,27698.941,31532.727
2022-03-30 06:00:00,25470.527,28125.764,37749.344,27698.941,31532.727
2022-03-30 07:00:00,25470.527,28125.764,37749.344,27698.941,31532.727
2022-03-30 08:00:00,25470.527,28125.764,37749.344,27698.941,31532.727
2022-03-30 09:00:00,25470.527,28125.764,37749.344,27698.941,31532.727
2022-03-30 10:00:00,25470.527,28125.764,37749.344,27698.941,31532.727
2022-03-30 11:00:00,25470.527,28125.764,37749.344,27698.941,31532.727
2022-03-30 12:00:00,25470.527,28125.764,37749.344,27698.941,31532.727
2022-03-30 13:00:00,25470.527,28125.764,37749.344,27698.941,31532.727
2022-03-30 14:00:00,25470.527,28125.764,37749.344,27698.941,31532.727
2022-03-30 15:00:00,25470.527,28125.764,37749.344,27698.941,31532.727
2022-03-30 16:00:00,25470.527,28125.764,37749.344,27698.941,31532.727
2022-03-30 17:00:00,25470.527,28125.764,37749.344,27698.941,31532.727
2022-03-30 18:00:00,25470.527,28125.764,37749.344,27698.941,31532.727
2022-03-30 19:00:00,25470.527,28125.764,37749.344,27698.941,31532.727
2022-03-30 20:00:00,25470.527,28125.764,37749.344,27698.941,31532.727
2022-03-30 21:00:00,25470.527,28125.764,37749.344,27698.941,31532.727
2022-03-30 22:00:00,25470.527,28125.764,37749.344,27698.941,31532.727
2022-03-30 23:00:00,25470.527,28125.764,37749.344,27698.941,31532.727
2022-03-31 00:00:00,25470.527,28125.764,37749.344,27698.941,31532.727
2022-03-31 01:00:00,25470.527,28125.764,37749.344,27698.941,31532.727
2022-03-31 02:00:00,25470.527,28125.764,37749.344,27698.941,31532.727
2022-03-31 03:00:00,25470.527,28125.764,37749.344,27698.941,31532.727
2022-03-31 04:00:00,25470.527,28125.764,37749.344,27698.941,31532.727
2022-03-31 05:00:00,25470.527,28125.764,37749.344,27698.941,31532.727
2022-03-31 06:00:00,25470.527,28125.764,37749.344,27698.941,31532.852
2022-03-31 07:00:00,25470.527,28125.764,37749.344,27698.941,31532.883
2022-03-31 08:00:00,25470.527,28125.764,37749.344,27698.941,31532.883
2022-03-31 09:00:00,25470.527,28125.764,37749.344,27698.941,31532.883
2022-03-31 10:00:00,25470.527,28125.764,37749.344,27698.941,31532.883
2022-03-31 11:00:00,25470.527,28125.764,37749.344,27698.941,31532.883
2022-03-31 12:00:00,25470.527,28125.764,37749.344,27698.941,31532.883
2022-03-31 13:00:00,25470.527,28125.764,37749.344,27698.941,31532.883
2022-03-31 14:00:00,25470.527,28125.764,37749.344,27698.941,31532.883
2022-03-31 15:00:00,25470.527,28125.764,37749.344,27698.941,31532.883
2022-03-31 16:00:00,25470.527,28125.764,37749.344,27698.941,31532.883
2022-03-31 17:00:00,25470.527,28125.764,37749.344,27698.941,31532.883
2022-03-31 18:00:00,25470.527,28125.764,37749.344,27698.941,31532.883
2022-03-31 19:00:00,25470.527,28125.764,37749.344,27698.941,31532.883
2022-03-31 20:00:00,25470.527,28125.764,37749.344,27698.941,31532.883
2022-03-31 21:00:00,25470.527,28125.764,37749.344,27698.941,31532.883
2022-03-31 22:00:00,25470.527,28125.764,37749.344,27698.941,31532.883
2022-03-31 23:00:00,25470.527,28125.764,37749.344,27698.941,31532.883
2022-04-01 00:00:00,25470.527,28125.764,37749.344,27698.941,31532.883
2022-04-01 01:00:00,25470.527,28125.764,37749.344,27698.941,31532.883
2022-04-01 02:00:00,25470.527,28125.764,37749.344,27698.941,31532.883
2022-04-01 03:00:00,25470.527,28125.764,37749.344,27698.941,31532.883
2022-04-01 04:00:00,25470.527,28125.764,37749.344,27698.941,31532.883
2022-04-01 05:00:00,25470.527,28125.764,37749.344,27698.941,31532.883
2022-04-01 06:00:00,25470.527,28125.764,37749.344,27698.941,31532.883
2022-04-01 07:00:00,25470.527,28125.764,37749.344,27698.941,31532.883
2022-04-01 08:00:00,25470.527,28125.764,37749.344,27698.941,31532.883
2022-04-01 09:00:00,25470.527,28125.764,37749.344,27698.941,31532.883
2022-04-01 10:00:00,25470.527,28125.764,37749.344,27698.941,31532.883
2022-04-01 11:00:00,25470.527,28125.764,37749.344,27698.941,31532.883
2022-04-01 12:00:00,25470.527,28125.764,37749.344,27698.941,31532.883
2022-04-01 13:00:00,25470.527,28125.764,37749.344,27698.941,31532.883
2022-04-01 14:00:00,25470.527,28125.764,37749.344,27698.941,31532.883
2022-04-01 15:00:00,25470.527,28125.764,37749.344,27698.941,31532.883
2022-04-01 16:00:00,25470.527,28125.764,37749.344,27698.941,31532.883
2022-04-01 17:00:00,25470.527,28125.764,37749.344,27698.941,31532.883
2022-04-01 18:00:00,25470.527,28125.764,37749.344,27698.941,31532.883
2022-04-01 19:00:00,25470.527,28125.764,37749.344,27698.941,31532.883
2022-04-01 20:00:00,25470.527,28125.764,37749.344,27698.941,31532.883
2022-04-01 21:00:00,25470.527,28125.764,37749.344,27698.941,31532.883
2022-04-01 22:00:00,25470.527,28125.764,37749.344,27698.941,31532.883
2022-04-01 23:00:00,25470.527,28125.764,37749.344,27698.941,31532.883
2022-04-02 00:00:00,25470.527,28125.764,37749.344,27698.941,31532.883
2022-04-02 01:00:00,25470.527,28125.764,37749.344,27698.941,31532.883
2022-04-02 02:00:00,25470.527,28125.764,37749.344,27698.941,31532.883
2022-04-02 03:00:00,25470.527,28125.764,37749.344,27698.941,31532.883
2022-04-02 04:00:00,25470.527,28125.764,37749.344,27698.941,31532.883
2022-04-02 05:00:00,25470.527,28125.764,37749.344,27698.941,31532.883
2022-04-02 06:00:00,25470.527,28125.764,37749.344,27698.941,31532.883
2022-04-02 07:00:00,25470.527,28125.764,37749.344,27698.941,31532.883
2022-04-02 08:00:00,25470.527,28125.764,37749.344,27698.941,31532.883
2022-04-02 09:00:00,25470.527,28125.764,37749.344,27698.941,31532.883
2022-04-02 10:00:00,25470.527,28125.764,37749.344,27698.941,31532.883
2022-04-02 11:00:00,25470.527,28125.764,37749.344,27698.941,31532.89
2022-04-02 12:00:00,25470.527,28125.764,37749.344,27698.941,31533.512
2022-04-02 13:00:00,25470.527,28125.861,37749.344,27698.941,31534.293
2022-04-02 14:00:00,25470.527,28125.914,37749.344,27698.951,31535.303
2022-04-02 15:00:00,25470.527,28125.994,37749.344,27698.951,31536.266
2022-04-02 16:00:00,25470.527,28126.057,37749.344,27699.043,31536.58
2022-04-02 17:00:00,25470.527,28126.06,37749.344,27699.658,31537.258
2022-04-02 18:00:00,25470.527,28127.105,37749.344,27699.777,31537.258
2022-04-02 19:00:00,25470.527,28127.105,37749.344,27699.777,31537.258
2022-04-02 20:00:00,25470.549,28127.209,37749.344,27699.777,31537.258
2022-04-02 21:00:00,25470.549,28127.291,37749.344,27699.777,31537.258
2022-04-02 22:00:00,25470.549,28127.291,37749.344,27699.777,31537.258
2022-04-02 23:00:00,25470.549,28127.291,37749.344,27699.777,31537.258
2022-04-03 00:00:00,25470.549,28127.291,37749.344,27699.777,31537.258
2022-04-03 01:00:00,25470.549,28127.291,37749.344,27699.777,31537.373
2022-04-03 02:00:00,25470.549,28127.291,37749.344,27699.777,31537.48
2022-04-03 03:00:00,25470.604,28127.291,37749.344,27699.777,31538.227
2022-04-03 04:00:00,25471.143,28127.291,37749.844,27700.383,31539.479
2022-04-03 05:00:00,25473.482,28128.746,37751.23,27701.418,31542.127
2022-04-03 06:00:00,25474.906,28130.506,37751.785,27703.436,31542.867
2022-04-03 07:00:00,25475.21,28130.951,37752.484,27704.303,31544.096
2022-04-03 08:00:00,25475.21,28131.229,37752.484,27704.566,31544.096
2022-04-03 09:00:00,25475.291,28131.29,37752.484,27704.566,31544.562
2022-04-03 10:00:00,25475.314,28131.893,37752.66,27704.693,31544.732
2022-04-03 11:00:00,25475.314,28131.893,37752.715,27704.693,31544.732
2022-04-03 12:00:00,25475.314,28131.893,37752.715,27704.693,31544.732
2022-04-03 13:00:00,25475.314,28131.893,37752.715,27704.693,31544.885
2022-04-03 14:00:00,25475.314,28131.893,37752.715,27704.693,31544.885
2022-04-03 15:00:00,25475.314,28131.893,37752.715,27704.693,31544.885
2022-04-03 16:00:00,25475.314,28131.893,37752.715,27704.693,31544.885
2022-04-03 17:00:00,25475.314,28131.893,37752.715,27704.693,31545.021
2022-04-03 18:00:00,25475.314,28131.893,37752.715,27704.693,31545.021
2022-04-03 19:00:00,25475.314,28131.893,37752.715,27704.693,31545.164
2022-04-03 20:00:00,25475.314,28131.893,37752.715,27704.693,31545.537
2022-04-03 21:00:00,25475.314,28131.893,37752.715,27704.693,31545.977
2022-04-03 22:00:00,25475.314,28131.893,37752.715,27704.693,31546.174
2022-04-03 23:00:00,25475.314,28131.893,37752.715,27704.693,31546.428
2022-04-04 00:00:00,25475.314,28131.893,37752.715,27704.693,31546.428
2022-04-04 01:00:00,25475.314,28131.979,37752.715,27704.697,31546.785
2022-04-04 02:00:00,25475.314,28132.61,37752.715,27706.062,31548.35
2022-04-04 03:00:00,25475.314,28132.61,37752.715,27706.117,31549.695
2022-04-04 04:00:00,25475.314,28132.61,37752.715,27706.117,31549.79
2022-04-04 05:00:00,25475.314,28132.61,37752.715,27706.117,31549.79
2022-04-04 06:00:00,25475.314,28132.61,37752.715,27706.117,31549.79
2022-04-04 07:00:00,25475.314,28132.61,37752.715,27706.117,31549.79
2022-04-04 08:00:00,25475.314,28132.61,37752.715,27706.117,31549.79
2022-04-04 09:00:00,25475.314,28132.61,37752.715,27706.117,31549.79
2022-04-04 10:00:00,25475.314,28132.61,37752.715,27706.117,31549.79
2022-04-04 11:00:00,25475.314,28132.61,37752.715,27706.117,31549.79
2022-04-04 12:00:00,25475.314,28132.61,37752.715,27706.117,31549.838
2022-04-04 13:00:00,25475.402,28132.61,37752.715,27706.402,31549.979
2022-04-04 14:00:00,25476.36,28132.61,37752.715,27706.49,31549.979
2022-04-04 15:00:00,25477.182,28132.61,37752.715,27706.49,31550.002
2022-04-04 16:00:00,25477.357,28133.08,37752.715,27706.605,31550.146
2022-04-04 17:00:00,25477.514,28133.51,37752.715,27706.605,31550.236
2022-04-04 18:00:00,25477.646,28133.88,37752.715,27706.605,31550.428
2022-04-04 19:00:00,25477.646,28133.88,37752.715,27706.605,31550.62
2022-04-04 20:00:00,25477.646,28133.88,37752.715,27706.605,31551.053
2022-04-04 21:00:00,25477.646,28133.88,37752.715,27706.605,31552.172
2022-04-04 22:00:00,25477.646,28133.88,37752.715,27706.605,31553.457
2022-04-04 23:00:00,25477.646,28133.88,37752.715,27706.605,31553.457
2022-04-05 00:00:00,25478.34,28133.88,37752.715,27706.605,31553.457
2022-04-05 01:00:00,25478.35,28133.88,37752.715,27706.605,31554.04
2022-04-05 02:00:00,25478.35,28134.209,37752.715,27706.605,31556.176
2022-04-05 03:00:00,25478.35,28134.553,37752.727,27706.605,31556.176
2022-04-05 04:00:00,25478.35,28134.553,37754.645,27706.605,31557.332
2022-04-05 05:00:00,25478.502,28134.553,37754.94,27706.633,31557.451
2022-04-05 06:00:00,25478.502,28134.553,37754.94,27707.443,31557.451
2022-04-05 07:00:00,25478.502,28134.553,37754.94,27707.443,31557.451
2022-04-05 08:00:00,25478.502,28134.553,37754.94,27707.443,31557.451
2022-04-05 09:00:00,25478.502,28134.553,37754.94,27707.443,31557.451
2022-04-05 10:00:00,25478.502,28134.553,37754.94,27707.443,31557.47
2022-04-05 11:00:00,25478.502,28134.553,37754.94,27707.443,31557.48
2022-04-05 12:00:00,25478.502,28134.557,37754.94,27707.502,31557.838
2022-04-05 13:00:00,25478.502,28134.584,37754.94,27707.635,31557.838
2022-04-05 14:00:00,25479.13,28134.863,37754.94,27707.662,31558.396
2022-04-05 15:00:00,25479.22,28134.898,37754.94,27707.662,31558.396
2022-04-05 16:00:00,25479.22,28134.898,37755.02,27707.662,31558.697
2022-04-05 17:00:00,25479.22,28134.898,37755.02,27707.662,31558.697
2022-04-05 18:00:00,25479.22,28134.898,37755.02,27707.662,31558.697
2022-04-05 19:00:00,25479.22,28134.898,37755.02,27707.662,31558.697
2022-04-05 20:00:00,25479.3,28134.898,37755.02,27707.662,31558.697
2022-04-05 21:00:00,25479.494,28134.898,37755.02,27707.662,31558.697
2022-04-05 22:00:00,25479.494,28134.898,37755.02,27707.662,31558.697
2022-04-05 23:00:00,25479.494,28134.898,37755.02,27707.662,31558.697
2022-04-06 00:00:00,25479.494,28134.898,37755.02,27707.662,31558.697
2022-04-06 01:00:00,25479.494,28134.898,37755.02,27707.662,31559.29
2022-04-06 02:00:00,25479.494,28134.898,37755.02,27707.662,31559.29
2022-04-06 03:00:00,25479.494,28134.898,37755.02,27707.662,31560.422
2022-04-06 04:00:00,25479.494,28134.898,37755.02,27707.662,31560.828
2022-04-06 05:00:00,25479.494,28134.898,37755.02,27707.662,31560.828
2022-04-06 06:00:00,25479.494,28134.898,37755.02,27707.662,31560.828
2022-04-06 07:00:00,25479.494,28134.898,37755.02,27707.662,31560.828
2022-04-06 08:00:00,25479.494,28134.898,37755.02,27707.662,31560.828
2022-04-06 09:00:00,25479.494,28134.898,37755.02,27707.662,31560.828
2022-04-06 10:00:00,25479.494,28134.898,37755.02,27707.662,31560.828
2022-04-06 11:00:00,25479.494,28134.898,37755.02,27707.662,31560.828
2022-04-06 12:00:00,25479.494,28134.898,37755.02,27707.662,31560.828
2022-04-06 13:00:00,25479.494,28134.898,37755.02,27707.662,31560.828
2022-04-06 14:00:00,25479.494,28134.898,37755.02,27707.662,31560.828
2022-04-06 15:00:00,25479.494,28134.898,37755.02,27707.662,31560.828
2022-04-06 16:00:00,25479.494,28134.898,37755.02,27707.662,31560.828
2022-04-06 17:00:00,25479.494,28134.898,37755.02,27707.662,31560.828
2022-04-06 18:00:00,25479.494,28134.898,37755.02,27707.662,31560.828
2022-04-06 19:00:00,25479.494,28134.898,37755.02,27707.662,31560.828
2022-04-06 20:00:00,25479.494,28134.898,37755.02,27707.662,31560.828
2022-04-06 21:00:00,25479.494,28134.898,37755.02,27707.662,31560.828
2022-04-06 22:00:00,25479.494,28134.898,37755.02,27707.662,31560.828
2022-04-06 23:00:00,25479.494,28134.898,37755.02,27707.662,31560.828
2022-04-07 00:00:00,25479.494,28134.898,37755.02,27707.662,31560.828
2022-04-07 01:00:00,25479.494,28134.898,37755.02,27707.662,31560.828
2022-04-07 02:00:00,25479.494,28134.898,37755.02,27707.662,31560.828
2022-04-07 03:00:00,25479.494,28134.898,37755.02,27707.662,31560.828
2022-04-07 04:00:00,25479.494,28134.898,37755.02,27707.662,31560.828
2022-04-07 05:00:00,25479.494,28134.898,37755.02,27707.662,31560.828
2022-04-07 06:00:00,25479.494,28134.898,37755.02,27707.662,31560.828
2022-04-07 07:00:00,25479.494,28134.898,37755.02,27707.662,31560.828
2022-04-07 08:00:00,25479.494,28134.898,37755.02,27707.662,31560.828
2022-04-07 09:00:00,25479.494,28134.898,37755.02,27707.662,31560.828
2022-04-07 10:00:00,25479.494,28134.898,37755.02,27707.662,31560.828
2022-04-07 11:00:00,25479.494,28134.898,37755.02,27707.662,31560.828
2022-04-07 12:00:00,25479.494,28134.898,37755.02,27707.662,31560.828
2022-04-07 13:00:00,25479.494,28134.898,37755.02,27707.662,31560.828
2022-04-07 14:00:00,25479.494,28134.898,37755.02,27707.662,31560.828
2022-04-07 15:00:00,25479.494,28134.898,37755.02,27707.662,31560.828
2022-04-07 16:00:00,25479.494,28134.898,37755.02,27707.662,31560.828
2022-04-07 17:00:00,25479.494,28134.898,37755.02,27707.662,31560.828
2022-04-07 18:00:00,25479.494,28134.898,37755.02,27707.662,31560.828
2022-04-07 19:00:00,25479.494,28134.898,37755.02,27707.662,31560.828
2022-04-07 20:00:00,25479.494,28134.898,37755.02,27707.662,31560.828
2022-04-07 21:00:00,25479.494,28134.898,37755.02,27707.662,31560.828
2022-04-07 22:00:00,25479.494,28134.898,37755.02,27707.662,31560.828
2022-04-07 23:00:00,25479.494,28134.898,37755.02,27707.662,31560.828
2022-04-08 00:00:00,25479.494,28134.898,37755.02,27707.662,31560.828
2022-04-08 01:00:00,25479.494,28134.898,37755.02,27707.662,31560.828
2022-04-08 02:00:00,25479.494,28134.898,37755.02,27707.662,31560.828
2022-04-08 03:00:00,25479.494,28134.898,37755.02,27707.662,31560.828
2022-04-08 04:00:00,25479.494,28134.898,37755.02,27707.662,31560.828
2022-04-08 05:00:00,25479.494,28134.898,37755.02,27707.662,31560.828
2022-04-08 06:00:00,25479.494,28134.898,37755.02,27707.662,31560.828
2022-04-08 07:00:00,25479.494,28134.898,37755.02,27707.662,31560.828
2022-04-08 08:00:00,25479.494,28134.898,37755.02,27707.662,31560.828
2022-04-08 09:00:00,25479.494,28134.898,37755.02,27707.662,31560.828
2022-04-08 10:00:00,25479.494,28134.898,37755.02,27707.662,31560.828
2022-04-08 11:00:00,25479.494,28134.898,37755.02,27707.662,31560.828
2022-04-08 12:00:00,25479.494,28134.898,37755.02,27707.662,31560.828
2022-04-08 13:00:00,25479.494,28134.898,37755.02,27707.662,31560.828
2022-04-08 14:00:00,25479.494,28134.898,37755.02,27707.662,31560.828
2022-04-08 15:00:00,25479.494,28134.898,37755.02,27707.662,31560.828
2022-04-08 16:00:00,25479.494,28134.898,37755.02,27707.701,31560.828
2022-04-08 17:00:00,25479.494,28134.96,37755.02,27707.701,31560.828
2022-04-08 18:00:00,25479.494,28134.96,37755.02,27707.701,31560.828
2022-04-08 19:00:00,25479.533,28134.96,37756.29,27707.701,31560.828
2022-04-08 20:00:00,25480.256,28135.037,37757.438,27708.49,31561.135
2022-04-08 21:00:00,25480.371,28135.773,37757.438,27708.902,31561.354
2022-04-08 22:00:00,25480.371,28135.773,37758.21,27708.902,31561.836
2022-04-08 23:00:00,25480.371,28135.988,37758.234,27708.902,31564.297
2022-04-09 00:00:00,25481.58,28137.613,37758.91,27709.338,31566.709
2022-04-09 01:00:00,25481.957,28138.238,37758.91,27710.16,31566.709
2022-04-09 02:00:00,25483.668,28138.453,37759.766,27710.672,31568.248
2022-04-09 03:00:00,25484.541,28139.068,37761.246,27711.223,31571.18
2022-04-09 04:00:00,25485.322,28140.059,37761.273,27712.963,31574.1
2022-04-09 05:00:00,25488.18,28141.014,37763.06,27713.88,31575.117
2022-04-09 06:00:00,25489.633,28141.229,37763.297,27715.062,31576.482
2022-04-09 07:00:00,25490.34,28142.064,37763.875,27716.045,31577.03
2022-04-09 08:00:00,25492.367,28143.066,37764.402,27716.135,31580.232
2022-04-09 09:00:00,25493.74,28143.676,37765.223,27717.072,31580.287
2022-04-09 10:00:00,25494.1,28145.055,37767.254,27718.611,31581.047
2022-04-09 11:00:00,25495.834,28145.055,37767.293,27718.635,31581.604
2022-04-09 12:00:00,25496.877,28145.42,37768.64,27719.133,31583.053
2022-04-09 13:00:00,25499.016,28146.172,37768.64,27719.316,31586.182
2022-04-09 14:00:00,25500.537,28148.8,37768.64,27719.318,31591.64
2022-04-09 15:00:00,25501.156,28151.023,37769.46,27719.332,31593.021
2022-04-09 16:00:00,25502.615,28151.191,37771.066,27720.008,31593.77
2022-04-09 17:00:00,25504.682,28152.49,37772.375,27720.7,31594.998
2022-04-09 18:00:00,25508.787,28154.586,37772.402,27721.86,31598.062
2022-04-09 19:00:00,25509.057,28156.36,37774.62,27724.746,31599.035
2022-04-09 20:00:00,25509.344,28157.246,37778.594,27727.342,31600.195
2022-04-09 21:00:00,25509.969,28159.691,37778.96,27728.973,31604.01
2022-04-09 22:00:00,25511.27,28160.553,37782.33,27730.752,31604.941
2022-04-09 23:00:00,25513.074,28160.805,37785.48,27732.744,31605.004
2022-04-10 00:00:00,25514.818,28160.805,37785.88,27734.39,31605.004
2022-04-10 01:00:00,25516.082,28160.805,37787.516,27734.479,31605.004
2022-04-10 02:00:00,25517.93,28160.805,37788.797,27735.242,31605.004
2022-04-10 03:00:00,25518.846,28160.805,37790.21,27736.342,31605.004
2022-04-10 04:00:00,25520.24,28160.943,37790.6,27736.834,31605.162
2022-04-10 05:00:00,25521.248,28160.95,37791.426,27738.26,31605.682
2022-04-10 06:00:00,25523.354,28161.139,37792.617,27738.398,31605.701
2022-04-10 07:00:00,25526.068,28161.752,37794.348,27738.74,31606.535
2022-04-10 08:00:00,25526.572,28162.545,37795.57,27739.52,31606.93
2022-04-10 09:00:00,25527.865,28162.844,37797.99,27739.957,31608.707
2022-04-10 10:00:00,25530.668,28164.252,37798.406,27740.37,31609.688
2022-04-10 11:00:00,25535.377,28164.383,37798.695,27743.576,31609.688
2022-04-10 12:00:00,25536.873,28164.383,37798.715,27743.576,31609.807
2022-04-10 13:00:00,25537.123,28164.414,37798.84,27743.576,31609.828
2022-04-10 14:00:00,25538.105,28164.736,37799.33,27743.576,31609.863
2022-04-10 15:00:00,25538.105,28165.041,37799.785,27743.576,31610.248
2022-04-10 16:00:00,25538.412,28165.287,37801.504,27743.576,31612.68
2022-04-10 17:00:00,25539.902,28165.875,37803.45,27743.662,31612.764
2022-04-10 18:00:00,25540.902,28166.86,37803.617,27743.709,31614.002
2022-04-10 19:00:00,25541.912,28167.65,37803.617,27743.996,31614.941
2022-04-10 20:00:00,25541.912,28168.527,37804.117,27744.031,31616.123
2022-04-10 21:00:00,25542.922,28169.002,37804.16,27744.56,31616.629
2022-04-10 22:00:00,25542.93,28169.84,37804.16,27744.613,31618.486
2022-04-10 23:00:00,25543.018,28170.89,37804.16,27744.719,31619.645
2022-04-11 00:00:00,25543.018,28171.14,37804.16,27744.793,31620.492
2022-04-11 01:00:00,25543.018,28171.232,37804.16,27744.793,31620.531
2022-04-11 02:00:00,25543.244,28171.232,37804.16,27744.793,31621.115
2022-04-11 03:00:00,25543.695,28171.467,37804.258,27745.455,31621.498
2022-04-11 04:00:00,25543.695,28171.467,37804.64,27745.549,31621.531
2022-04-11 05:00:00,25544.078,28171.467,37804.875,27745.9,31621.531
2022-04-11 06:00:00,25544.303,28171.467,37805.297,27745.9,31621.531
2022-04-11 07:00:00,25544.303,28171.467,37805.65,27745.9,31621.531
2022-04-11 08:00:00,25544.303,28171.467,37805.65,27745.9,31621.531
2022-04-11 09:00:00,25544.68,28171.467,37806.6,27745.9,31621.531
2022-04-11 10:00:00,25545.705,28171.467,37807.406,27745.9,31621.766
2022-04-11 11:00:00,25547.44,28171.467,37807.406,27745.998,31622.26
2022-04-11 12:00:00,25547.652,28171.467,37807.406,27746.049,31622.26
2022-04-11 13:00:00,25547.926,28171.467,37807.523,27746.049,31622.26
2022-04-11 14:00:00,25548.09,28171.467,37807.523,27746.049,31622.26
2022-04-11 15:00:00,25548.379,28171.467,37807.523,27746.049,31622.26
2022-04-11 16:00:00,25548.637,28171.467,37807.523,27746.049,31622.5
2022-04-11 17:00:00,25548.637,28171.467,37807.523,27746.049,31622.5
2022-04-11 18:00:00,25548.637,28171.467,37807.523,27746.049,31622.5
2022-04-11 19:00:00,25548.637,28171.467,37807.523,27746.049,31622.5
2022-04-11 20:00:00,25548.637,28171.467,37807.523,27746.049,31622.5
2022-04-11 21:00:00,25548.637,28171.467,37807.523,27746.049,31622.5
2022-04-11 22:00:00,25548.637,28171.467,37807.523,27746.049,31622.5
2022-04-11 23:00:00,25548.637,28171.467,37807.523,27746.049,31622.5
2022-04-12 00:00:00,25548.637,28171.467,37807.523,27746.049,31622.5
2022-04-12 01:00:00,25548.637,28171.467,37807.523,27746.049,31622.5
2022-04-12 02:00:00,25548.637,28171.467,37807.523,27746.049,31622.5
2022-04-12 03:00:00,25548.637,28171.467,37807.523,27746.049,31622.5
2022-04-12 04:00:00,25548.637,28171.467,37807.523,27746.049,31622.5
2022-04-12 05:00:00,25548.637,28171.467,37807.523,27746.049,31622.5
2022-04-12 06:00:00,25548.637,28171.467,37807.523,27746.049,31622.5
2022-04-12 07:00:00,25548.637,28171.467,37807.523,27746.049,31622.5
2022-04-12 08:00:00,25548.637,28171.467,37807.523,27746.049,31622.5
2022-04-12 09:00:00,25548.637,28171.467,37807.523,27746.049,31622.5
2022-04-12 10:00:00,25548.637,28171.467,37807.523,27746.049,31622.5
2022-04-12 11:00:00,25548.637,28171.467,37807.523,27746.049,31622.5
2022-04-12 12:00:00,25548.637,28171.467,37807.523,27746.049,31622.5
2022-04-12 13:00:00,25548.637,28171.467,37807.523,27746.049,31622.5
2022-04-12 14:00:00,25548.637,28171.467,37807.523,27746.049,31622.5
2022-04-12 15:00:00,25548.637,28171.467,37807.523,27746.049,31622.5
2022-04-12 16:00:00,25548.637,28171.467,37807.523,27746.049,31622.5
2022-04-12 17:00:00,25548.637,28171.467,37807.523,27746.049,31622.5
2022-04-12 18:00:00,25548.637,28171.467,37807.523,27746.049,31622.5
2022-04-12 19:00:00,25548.637,28171.467,37807.523,27746.049,31622.5
2022-04-12 20:00:00,25548.637,28171.467,37807.523,27746.049,31622.5
2022-04-12 21:00:00,25548.637,28171.467,37807.523,27746.049,31622.5
2022-04-12 22:00:00,25548.637,28171.467,37807.523,27746.049,31622.5
2022-04-12 23:00:00,25548.637,28171.467,37807.523,27746.049,31622.5
2022-04-13 00:00:00,25548.637,28171.467,37807.523,27746.049,31622.5
2022-04-13 01:00:00,25548.637,28171.467,37807.523,27746.049,31622.5
2022-04-13 02:00:00,25548.637,28171.467,37807.523,27746.049,31622.5
2022-04-13 03:00:00,25548.637,28171.467,37807.523,27746.049,31622.5
2022-04-13 04:00:00,25548.637,28171.467,37807.523,27746.049,31622.5
2022-04-13 05:00:00,25548.637,28171.467,37807.523,27746.049,31622.5
2022-04-13 06:00:00,25548.637,28171.467,37807.523,27746.049,31622.5
2022-04-13 07:00:00,25548.637,28171.467,37807.523,27746.049,31622.5
2022-04-13 08:00:00,25548.637,28171.467,37807.523,27746.049,31622.5
2022-04-13 09:00:00,25548.637,28171.467,37807.523,27746.049,31622.5
2022-04-13 10:00:00,25548.637,28171.467,37807.523,27746.049,31622.5
2022-04-13 11:00:00,25548.637,28171.467,37807.523,27746.049,31622.5
2022-04-13 12:00:00,25548.637,28171.467,37807.523,27746.049,31622.5
2022-04-13 13:00:00,25548.637,28171.467,37807.523,27746.049,31622.5
2022-04-13 14:00:00,25548.637,28171.467,37807.523,27746.049,31622.5
2022-04-13 15:00:00,25548.637,28171.467,37807.523,27746.049,31622.5
2022-04-13 16:00:00,25548.637,28171.467,37807.523,27746.049,31622.5
2022-04-13 17:00:00,25548.637,28171.467,37807.523,27746.049,31622.5
2022-04-13 18:00:00,25548.637,28171.467,37807.523,27746.049,31622.5
2022-04-13 19:00:00,25548.637,28171.467,37807.523,27746.049,31622.5
2022-04-13 20:00:00,25548.637,28171.467,37807.523,27746.049,31622.5
2022-04-13 21:00:00,25548.637,28171.467,37807.523,27746.049,31622.5
2022-04-13 22:00:00,25548.637,28171.467,37807.523,27746.049,31622.5
2022-04-13 23:00:00,25548.637,28171.467,37807.523,27746.049,31622.5
2022-04-14 00:00:00,25548.637,28171.467,37807.523,27746.049,31622.5
2022-04-14 01:00:00,25548.637,28171.467,37807.523,27746.049,31622.5
2022-04-14 02:00:00,25548.637,28171.467,37807.523,27746.049,31622.5
2022-04-14 03:00:00,25548.637,28171.467,37807.523,27746.049,31622.5
2022-04-14 04:00:00,25548.637,28171.467,37807.523,27746.049,31622.5
2022-04-14 05:00:00,25548.637,28171.467,37807.523,27746.049,31622.5
2022-04-14 06:00:00,25548.637,28171.467,37807.523,27746.049,31622.5
2022-04-14 07:00:00,25548.637,28171.467,37807.523,27746.049,31622.5
2022-04-14 08:00:00,25548.637,28171.467,37807.523,27746.049,31622.5
2022-04-14 09:00:00,25548.637,28171.467,37807.523,27746.049,31622.5
2022-04-14 10:00:00,25548.637,28171.467,37807.523,27746.049,31622.5
2022-04-14 11:00:00,25548.637,28171.467,37807.523,27746.049,31622.5
2022-04-14 12:00:00,25548.637,28171.467,37807.523,27746.049,31622.5
2022-04-14 13:00:00,25548.637,28171.467,37807.523,27746.049,31622.5
2022-04-14 14:00:00,25548.637,28171.467,37807.523,27746.049,31622.5
2022-04-14 15:00:00,25548.637,28171.467,37807.523,27746.049,31622.5
2022-04-14 16:00:00,25548.637,28171.467,37807.523,27746.049,31622.5
2022-04-14 17:00:00,25548.637,28171.467,37807.523,27746.049,31622.5
2022-04-14 18:00:00,25548.637,28171.467,37807.523,27746.049,31622.5
2022-04-14 19:00:00,25548.637,28171.467,37807.523,27746.049,31622.5
2022-04-14 20:00:00,25548.637,28171.467,37807.523,27746.049,31622.5
2022-04-14 21:00:00,25548.637,28171.467,37807.523,27746.049,31622.5
2022-04-14 22:00:00,25548.637,28171.467,37807.523,27746.049,31622.5
2022-04-14 23:00:00,25548.637,28171.467,37807.523,27746.049,31622.5
2022-04-15 00:00:00,25548.637,28171.467,37807.523,27746.049,31622.5
2022-04-15 01:00:00,25548.637,28171.467,37807.523,27746.049,31622.5
2022-04-15 02:00:00,25548.637,28171.467,37807.523,27746.049,31622.5
2022-04-15 03:00:00,25548.637,28171.467,37807.523,27746.049,31622.5
2022-04-15 04:00:00,25548.637,28171.467,37807.523,27746.049,31622.5
2022-04-15 05:00:00,25548.637,28171.467,37807.523,27746.049,31622.5
2022-04-15 06:00:00,25548.637,28171.467,37807.523,27746.049,31622.5
2022-04-15 07:00:00,25548.637,28171.467,37807.523,27746.049,31622.5
2022-04-15 08:00:00,25548.637,28171.467,37807.523,27746.049,31622.5
2022-04-15 09:00:00,25548.637,28171.467,37807.523,27746.049,31622.5
2022-04-15 10:00:00,25548.637,28171.467,37807.523,27746.049,31622.5
2022-04-15 11:00:00,25548.637,28171.467,37807.523,27746.049,31622.5
2022-04-15 12:00:00,25548.637,28171.467,37807.523,27746.049,31622.5
2022-04-15 13:00:00,25548.637,28171.467,37807.523,27746.049,31622.5
2022-04-15 14:00:00,25548.637,28171.467,37807.523,27746.049,31622.5
2022-04-15 15:00:00,25548.637,28171.467,37807.523,27746.049,31622.5
2022-04-15 16:00:00,25548.637,28171.467,37807.523,27746.049,31622.5
2022-04-15 17:00:00,25548.637,28171.467,37807.523,27746.049,31622.5
2022-04-15 18:00:00,25548.637,28171.467,37807.523,27746.049,31622.5
2022-04-15 19:00:00,25548.637,28171.467,37807.523,27746.049,31622.5
2022-04-15 20:00:00,25548.637,28171.467,37807.523,27746.049,31622.5
2022-04-15 21:00:00,25548.637,28171.467,37807.523,27746.049,31622.5
2022-04-15 22:00:00,25548.637,28171.467,37807.523,27746.049,31622.5
2022-04-15 23:00:00,25548.637,28171.467,37807.523,27746.049,31622.5
2022-04-16 00:00:00,25548.637,28171.467,37807.523,27746.049,31622.5
2022-04-16 01:00:00,25548.637,28171.467,37807.523,27746.049,31622.5
2022-04-16 02:00:00,25548.637,28171.467,37807.523,27746.049,31622.5
2022-04-16 03:00:00,25548.637,28171.467,37807.523,27746.049,31622.5
2022-04-16 04:00:00,25548.637,28171.467,37807.523,27746.049,31622.5
2022-04-16 05:00:00,25548.637,28171.467,37807.523,27746.049,31622.5
2022-04-16 06:00:00,25548.637,28171.467,37807.523,27746.049,31622.5
2022-04-16 07:00:00,25548.637,28171.467,37807.523,27746.049,31622.5
2022-04-16 08:00:00,25548.637,28171.467,37807.523,27746.049,31622.5
2022-04-16 09:00:00,25548.637,28171.467,37807.523,27746.049,31622.5
2022-04-16 10:00:00,25548.637,28171.467,37807.523,27746.049,31622.5
2022-04-16 11:00:00,25548.637,28171.467,37807.523,27746.049,31622.5
2022-04-16 12:00:00,25548.637,28171.467,37807.523,27746.049,31622.5
2022-04-16 13:00:00,25548.637,28171.467,37807.523,27746.049,31622.5
2022-04-16 14:00:00,25548.637,28171.467,37807.523,27746.049,31622.5
2022-04-16 15:00:00,25548.637,28171.467,37807.523,27746.049,31622.5
2022-04-16 16:00:00,25548.637,28171.467,37807.523,27746.049,31622.5
2022-04-16 17:00:00,25548.637,28171.467,37807.523,27746.049,31622.5
2022-04-16 18:00:00,25548.637,28171.467,37807.523,27746.049,31622.5
2022-04-16 19:00:00,25548.637,28171.467,37807.523,27746.049,31622.5
2022-04-16 20:00:00,25548.637,28171.467,37807.523,27746.049,31622.5
2022-04-16 21:00:00,25548.637,28171.467,37807.523,27746.049,31622.5
2022-04-16 22:00:00,25548.637,28171.467,37807.523,27746.049,31622.5
2022-04-16 23:00:00,25548.637,28171.467,37807.523,27746.049,31622.5
2022-04-17 00:00:00,25548.637,28171.467,37807.523,27746.049,31622.5
2022-04-17 01:00:00,25548.637,28171.467,37807.523,27746.049,31622.5
2022-04-17 02:00:00,25548.637,28171.467,37807.523,27746.049,31622.5
2022-04-17 03:00:00,25548.637,28171.467,37807.523,27746.049,31622.5
2022-04-17 04:00:00,25548.637,28171.467,37807.523,27746.049,31622.5
2022-04-17 05:00:00,25548.637,28171.467,37807.523,27746.049,31622.5
2022-04-17 06:00:00,25548.637,28171.467,37807.523,27746.049,31622.5
2022-04-17 07:00:00,25548.637,28171.467,37807.523,27746.049,31622.5
2022-04-17 08:00:00,25548.637,28171.467,37807.523,27746.049,31622.5
2022-04-17 09:00:00,25548.637,28171.467,37807.523,27746.049,31622.5
2022-04-17 10:00:00,25548.637,28171.467,37807.523,27746.049,31622.5
2022-04-17 11:00:00,25548.637,28171.467,37807.523,27746.049,31622.5
2022-04-17 12:00:00,25548.637,28171.467,37807.523,27746.049,31622.5
2022-04-17 13:00:00,25548.637,28171.467,37807.523,27746.049,31622.5
2022-04-17 14:00:00,25548.637,28171.467,37807.523,27746.049,31622.5
2022-04-17 15:00:00,25548.637,28171.467,37807.523,27746.049,31622.5
2022-04-17 16:00:00,25548.637,28171.467,37807.523,27746.049,31622.5
2022-04-17 17:00:00,25548.637,28171.467,37807.523,27746.049,31622.5
2022-04-17 18:00:00,25548.637,28171.467,37807.523,27746.049,31622.5
2022-04-17 19:00:00,25548.637,28171.467,37807.523,27746.049,31622.5
2022-04-17 20:00:00,25548.637,28171.467,37807.523,27746.049,31622.5
2022-04-17 21:00:00,25548.637,28171.467,37807.523,27746.049,31622.5
2022-04-17 22:00:00,25548.637,28171.467,37807.523,27746.049,31622.5
2022-04-17 23:00:00,25548.637,28171.467,37807.523,27746.049,31622.5
2022-04-18 00:00:00,25548.637,28171.467,37807.523,27746.049,31622.5
2022-04-18 01:00:00,25548.637,28171.467,37807.523,27746.049,31622.5
2022-04-18 02:00:00,25548.637,28171.467,37807.523,27746.049,31622.5
2022-04-18 03:00:00,25548.637,28171.467,37807.523,27746.049,31622.5
2022-04-18 04:00:00,25548.637,28171.467,37807.523,27746.049,31622.5
2022-04-18 05:00:00,25548.637,28171.467,37807.523,27746.049,31622.5
2022-04-18 06:00:00,25548.637,28171.467,37807.523,27746.049,31622.5
2022-04-18 07:00:00,25548.637,28171.467,37807.523,27746.049,31622.5
2022-04-18 08:00:00,25548.637,28171.467,37807.523,27746.049,31622.5
2022-04-18 09:00:00,25548.637,28171.467,37807.523,27746.049,31622.5
2022-04-18 10:00:00,25548.637,28171.467,37807.523,27746.049,31622.5
2022-04-18 11:00:00,25548.637,28171.467,37807.523,27746.049,31622.5
2022-04-18 12:00:00,25548.637,28171.467,37807.523,27746.049,31622.5
2022-04-18 13:00:00,25548.637,28171.467,37807.523,27746.049,31622.5
2022-04-18 14:00:00,25548.637,28171.467,37807.523,27746.049,31622.5
2022-04-18 15:00:00,25548.637,28171.467,37807.523,27746.049,31622.5
2022-04-18 16:00:00,25548.637,28171.467,37807.523,27746.049,31622.5
2022-04-18 17:00:00,25548.637,28171.467,37807.523,27746.049,31622.5
2022-04-18 18:00:00,25548.637,28171.467,37807.523,27746.049,31622.5
2022-04-18 19:00:00,25548.637,28171.467,37807.523,27746.049,31622.5
2022-04-18 20:00:00,25548.637,28171.467,37807.523,27746.049,31622.5
2022-04-18 21:00:00,25548.637,28171.467,37807.523,27746.049,31622.5
2022-04-18 22:00:00,25548.637,28171.467,37807.523,27746.049,31622.5
2022-04-18 23:00:00,25548.637,28171.467,37807.523,27746.049,31622.5
2022-04-19 00:00:00,25548.637,28171.467,37807.523,27746.049,31622.5
2022-04-19 01:00:00,25548.637,28171.467,37807.523,27746.049,31622.5
2022-04-19 02:00:00,25548.637,28171.467,37807.523,27746.049,31622.5
2022-04-19 03:00:00,25548.637,28171.467,37807.523,27746.049,31622.5
2022-04-19 04:00:00,25548.637,28171.467,37807.523,27746.049,31622.5
2022-04-19 05:00:00,25548.637,28171.467,37807.523,27746.049,31622.5
2022-04-19 06:00:00,25548.637,28171.467,37807.523,27746.049,31622.5
2022-04-19 07:00:00,25548.637,28171.467,37807.523,27746.049,31622.5
2022-04-19 08:00:00,25548.637,28171.467,37807.523,27746.049,31622.5
2022-04-19 09:00:00,25548.637,28171.467,37807.523,27746.049,31622.5
2022-04-19 10:00:00,25548.637,28171.467,37807.523,27746.049,31622.5
2022-04-19 11:00:00,25548.637,28171.467,37807.523,27746.049,31622.5
2022-04-19 12:00:00,25548.637,28171.467,37807.523,27746.049,31622.5
2022-04-19 13:00:00,25548.637,28171.467,37807.523,27746.049,31622.5
2022-04-19 14:00:00,25548.637,28171.467,37807.523,27746.049,31622.5
2022-04-19 15:00:00,25548.637,28171.467,37807.523,27746.049,31622.5
2022-04-19 16:00:00,25548.637,28171.467,37807.523,27746.049,31622.5
2022-04-19 17:00:00,25548.637,28171.467,37807.523,27746.049,31622.5
2022-04-19 18:00:00,25548.637,28171.467,37807.523,27746.049,31622.5
2022-04-19 19:00:00,25548.637,28171.467,37807.523,27746.049,31622.5
2022-04-19 20:00:00,25548.637,28171.467,37807.523,27746.049,31622.5
2022-04-19 21:00:00,25548.637,28171.467,37807.523,27746.049,31622.5
2022-04-19 22:00:00,25548.637,28171.467,37807.523,27746.049,31622.5
2022-04-19 23:00:00,25548.637,28171.467,37807.523,27746.049,31622.5
2022-04-20 00:00:00,25548.637,28171.467,37807.523,27746.049,31622.5
2022-04-20 01:00:00,25548.637,28171.467,37807.523,27746.049,31622.5
2022-04-20 02:00:00,25548.637,28171.467,37807.523,27746.049,31622.5
2022-04-20 03:00:00,25548.637,28171.467,37807.523,27746.049,31622.5
2022-04-20 04:00:00,25548.637,28171.467,37807.523,27746.049,31622.5
2022-04-20 05:00:00,25548.637,28171.467,37807.523,27746.049,31622.5
2022-04-20 06:00:00,25548.637,28171.467,37807.523,27746.049,31622.5
2022-04-20 07:00:00,25548.637,28171.467,37807.523,27746.049,31622.5
2022-04-20 08:00:00,25548.637,28171.467,37807.523,27746.049,31622.5
2022-04-20 09:00:00,25548.637,28171.467,37807.523,27746.049,31622.5
2022-04-20 10:00:00,25548.637,28171.467,37807.523,27746.049,31622.5
2022-04-20 11:00:00,25548.637,28171.467,37807.523,27746.049,31622.5
2022-04-20 12:00:00,25548.637,28171.467,37807.523,27746.049,31622.5
2022-04-20 13:00:00,25548.637,28171.467,37807.523,27746.049,31622.5
2022-04-20 14:00:00,25548.637,28171.467,37807.523,27746.049,31622.5
2022-04-20 15:00:00,25548.637,28171.467,37807.523,27746.049,31622.5
2022-04-20 16:00:00,25548.637,28171.467,37807.523,27746.049,31622.5
2022-04-20 17:00:00,25548.637,28171.467,37807.523,27746.049,31622.5
2022-04-20 18:00:00,25548.637,28171.467,37807.523,27746.049,31622.5
2022-04-20 19:00:00,25548.637,28171.467,37807.523,27746.049,31622.5
2022-04-20 20:00:00,25548.637,28171.467,37807.523,27746.049,31622.5
2022-04-20 21:00:00,25548.637,28171.467,37807.523,27746.049,31622.5
2022-04-20 22:00:00,25548.637,28171.467,37807.523,27746.049,31622.5
2022-04-20 23:00:00,25548.637,28171.467,37807.523,27746.049,31622.5
2022-04-21 00:00:00,25548.637,28171.467,37807.523,27746.049,31622.5
2022-04-21 01:00:00,25548.637,28171.467,37807.523,27746.049,31622.5
2022-04-21 02:00:00,25548.637,28171.467,37807.523,27746.049,31622.5
2022-04-21 03:00:00,25548.637,28171.467,37807.523,27746.049,31622.5
2022-04-21 04:00:00,25548.637,28171.467,37807.523,27746.049,31622.5
2022-04-21 05:00:00,25548.637,28171.467,37807.523,27746.049,31622.5
2022-04-21 06:00:00,25548.637,28171.467,37807.523,27746.049,31622.5
2022-04-21 07:00:00,25548.637,28171.467,37807.523,27746.049,31622.5
2022-04-21 08:00:00,25548.637,28171.467,37807.523,27746.049,31622.5
2022-04-21 09:00:00,25548.637,28171.467,37807.523,27746.049,31622.5
2022-04-21 10:00:00,25548.637,28171.467,37807.523,27746.049,31622.5
2022-04-21 11:00:00,25548.637,28171.467,37807.523,27746.049,31622.5
2022-04-21 12:00:00,25548.637,28171.467,37807.523,27746.049,31622.5
2022-04-21 13:00:00,25548.637,28171.467,37807.523,27746.049,31622.5
2022-04-21 14:00:00,25548.637,28171.467,37807.523,27746.049,31622.5
2022-04-21 15:00:00,25548.637,28171.467,37807.523,27746.049,31622.5
2022-04-21 16:00:00,25548.637,28171.467,37807.523,27746.049,31622.5
2022-04-21 17:00:00,25548.637,28171.467,37807.523,27746.049,31622.5
2022-04-21 18:00:00,25548.637,28171.467,37807.523,27746.049,31622.5
2022-04-21 19:00:00,25548.637,28171.467,37807.523,27746.049,31622.5
2022-04-21 20:00:00,25548.637,28171.467,37807.523,27746.049,31622.5
2022-04-21 21:00:00,25548.637,28171.467,37807.523,27746.049,31622.5
2022-04-21 22:00:00,25548.637,28171.467,37807.523,27746.049,31622.5
2022-04-21 23:00:00,25548.637,28171.467,37807.523,27746.049,31622.5
2022-04-22 00:00:00,25548.637,28171.467,37807.523,27746.049,31622.5
2022-04-22 01:00:00,25548.637,28171.467,37807.523,27746.049,31622.5
2022-04-22 02:00:00,25548.637,28171.467,37807.523,27746.049,31622.5
2022-04-22 03:00:00,25548.637,28171.467,37807.523,27746.049,31622.5
2022-04-22 04:00:00,25548.637,28171.467,37807.523,27746.049,31622.5
2022-04-22 05:00:00,25548.637,28171.467,37807.523,27746.049,31622.5
2022-04-22 06:00:00,25548.637,28171.467,37807.523,27746.049,31622.5
2022-04-22 07:00:00,25548.637,28171.467,37807.523,27746.049,31622.5
2022-04-22 08:00:00,25548.637,28171.467,37807.523,27746.049,31622.5
2022-04-22 09:00:00,25548.637,28171.467,37807.523,27746.049,31622.5
2022-04-22 10:00:00,25548.637,28171.467,37807.523,27746.049,31622.5
2022-04-22 11:00:00,25548.637,28171.467,37807.523,27746.049,31622.5
2022-04-22 12:00:00,25548.637,28171.467,37807.523,27746.049,31622.5
2022-04-22 13:00:00,25548.637,28171.467,37807.523,27746.049,31622.5
2022-04-22 14:00:00,25548.637,28171.467,37807.523,27746.049,31622.5
2022-04-22 15:00:00,25548.637,28171.467,37807.523,27746.049,31622.5
2022-04-22 16:00:00,25548.637,28171.467,37807.523,27746.049,31622.5
2022-04-22 17:00:00,25548.637,28171.467,37807.523,27746.049,31622.5
2022-04-22 18:00:00,25548.637,28171.467,37807.523,27746.049,31622.5
2022-04-22 19:00:00,25548.637,28171.467,37807.523,27746.049,31622.5
2022-04-22 20:00:00,25548.637,28171.467,37807.523,27746.049,31622.5
2022-04-22 21:00:00,25548.637,28171.467,37807.523,27746.049,31622.5
2022-04-22 22:00:00,25548.637,28171.467,37807.523,27746.049,31622.5
2022-04-22 23:00:00,25548.637,28171.467,37807.523,27746.049,31622.5
2022-04-23 00:00:00,25548.637,28171.467,37807.523,27746.049,31622.5
2022-04-23 01:00:00,25548.637,28171.467,37807.523,27746.049,31622.5
2022-04-23 02:00:00,25548.637,28171.467,37807.523,27746.049,31622.5
2022-04-23 03:00:00,25548.637,28171.467,37807.523,27746.049,31622.5
2022-04-23 04:00:00,25548.637,28171.467,37807.523,27746.049,31622.5
2022-04-23 05:00:00,25548.637,28171.467,37807.523,27746.049,31622.5
2022-04-23 06:00:00,25548.637,28171.467,37807.523,27746.049,31622.5
2022-04-23 07:00:00,25548.637,28171.467,37807.523,27746.049,31622.5
2022-04-23 08:00:00,25548.637,28171.467,37807.523,27746.049,31622.5
2022-04-23 09:00:00,25548.637,28171.467,37807.523,27746.049,31622.5
2022-04-23 10:00:00,25548.637,28171.467,37807.523,27746.049,31622.5
2022-04-23 11:00:00,25548.637,28171.467,37807.523,27746.049,31622.5
2022-04-23 12:00:00,25548.637,28171.467,37807.523,27746.049,31622.5
2022-04-23 13:00:00,25548.637,28171.467,37807.523,27746.049,31622.5
2022-04-23 14:00:00,25548.637,28171.467,37807.523,27746.049,31622.5
2022-04-23 15:00:00,25548.637,28171.467,37807.523,27746.049,31622.5
2022-04-23 16:00:00,25548.637,28171.467,37807.523,27746.049,31622.5
2022-04-23 17:00:00,25548.637,28171.467,37807.523,27746.049,31622.5
2022-04-23 18:00:00,25548.637,28171.467,37807.523,27746.049,31622.5
2022-04-23 19:00:00,25548.637,28171.467,37807.523,27746.049,31622.5
2022-04-23 20:00:00,25548.637,28171.467,37807.523,27746.049,31622.5
2022-04-23 21:00:00,25548.637,28171.467,37807.523,27746.049,31622.5
2022-04-23 22:00:00,25548.637,28171.467,37807.523,27746.049,31622.5
2022-04-23 23:00:00,25548.637,28171.467,37807.523,27746.049,31622.5
2022-04-24 00:00:00,25548.637,28171.467,37807.523,27746.049,31622.5
2022-04-24 01:00:00,25548.637,28171.467,37807.523,27746.049,31622.5
2022-04-24 02:00:00,25548.637,28171.467,37807.523,27746.049,31622.5
2022-04-24 03:00:00,25548.637,28171.467,37807.523,27746.049,31622.5
2022-04-24 04:00:00,25548.637,28171.467,37807.523,27746.049,31622.5
2022-04-24 05:00:00,25548.637,28171.467,37807.523,27746.049,31622.5
2022-04-24 06:00:00,25548.637,28171.467,37807.523,27746.049,31622.5
2022-04-24 07:00:00,25548.637,28171.467,37807.523,27746.049,31622.5
2022-04-24 08:00:00,25548.637,28171.467,37807.523,27746.049,31622.5
2022-04-24 09:00:00,25548.637,28171.467,37807.523,27746.049,31622.5
2022-04-24 10:00:00,25548.637,28171.467,37807.523,27746.049,31622.5
2022-04-24 11:00:00,25548.637,28171.467,37807.523,27746.049,31622.5
2022-04-24 12:00:00,25548.637,28171.467,37807.523,27746.049,31622.5
2022-04-24 13:00:00,25548.637,28171.467,37807.523,27746.049,31622.5
2022-04-24 14:00:00,25548.637,28171.467,37807.523,27746.049,31622.5
2022-04-24 15:00:00,25548.637,28171.467,37807.523,27746.049,31622.5
2022-04-24 16:00:00,25548.637,28171.467,37807.523,27746.049,31622.5
2022-04-24 17:00:00,25548.637,28171.467,37807.523,27746.049,31622.5
2022-04-24 18:00:00,25548.637,28171.467,37807.523,27746.049,31622.5
2022-04-24 19:00:00,25548.637,28171.467,37807.523,27746.049,31622.5
2022-04-24 20:00:00,25548.637,28171.467,37807.523,27746.049,31622.5
2022-04-24 21:00:00,25548.637,28171.467,37807.523,27746.049,31622.5
2022-04-24 22:00:00,25548.637,28171.467,37807.523,27746.049,31622.5
2022-04-24 23:00:00,25548.637,28171.467,37807.523,27746.049,31622.5
2022-04-25 00:00:00,25548.637,28171.467,37807.523,27746.049,31622.5
2022-04-25 01:00:00,25548.637,28171.467,37807.523,27746.049,31622.5
2022-04-25 02:00:00,25548.637,28171.467,37807.523,27746.049,31622.5
2022-04-25 03:00:00,25548.637,28171.467,37807.523,27746.049,31622.5
2022-04-25 04:00:00,25548.637,28171.467,37807.523,27746.049,31622.5
2022-04-25 05:00:00,25548.637,28171.467,37807.523,27746.049,31622.5
2022-04-25 06:00:00,25548.637,28171.467,37807.523,27746.049,31622.5
2022-04-25 07:00:00,25548.637,28171.467,37807.523,27746.049,31622.5
2022-04-25 08:00:00,25548.637,28171.467,37807.523,27746.049,31622.5
2022-04-25 09:00:00,25548.637,28171.467,37807.523,27746.049,31622.5
2022-04-25 10:00:00,25548.637,28171.467,37807.523,27746.049,31622.5
2022-04-25 11:00:00,25548.637,28171.467,37807.523,27746.049,31622.5
2022-04-25 12:00:00,25548.637,28171.467,37807.523,27746.049,31622.5
2022-04-25 13:00:00,25548.637,28171.467,37807.523,27746.049,31622.5
2022-04-25 14:00:00,25548.637,28171.467,37807.523,27746.049,31622.5
2022-04-25 15:00:00,25548.637,28171.467,37807.523,27746.049,31622.5
2022-04-25 16:00:00,25548.637,28171.467,37807.523,27746.049,31622.5
2022-04-25 17:00:00,25548.637,28171.467,37807.523,27746.049,31622.5
2022-04-25 18:00:00,25548.637,28171.467,37807.523,27746.049,31622.5
2022-04-25 19:00:00,25548.637,28171.467,37807.523,27746.049,31622.5
2022-04-25 20:00:00,25548.637,28171.467,37807.523,27746.049,31622.5
2022-04-25 21:00:00,25548.637,28171.467,37807.523,27746.049,31622.5
2022-04-25 22:00:00,25548.637,28171.467,37807.523,27746.049,31622.5
2022-04-25 23:00:00,25548.637,28171.467,37807.523,27746.049,31622.5
2022-04-26 00:00:00,25548.637,28171.467,37807.523,27746.049,31622.5
2022-04-26 01:00:00,25548.637,28171.467,37807.523,27746.049,31622.5
2022-04-26 02:00:00,25548.637,28171.467,37807.523,27746.049,31622.5
2022-04-26 03:00:00,25548.637,28171.467,37807.523,27746.049,31622.5
2022-04-26 04:00:00,25548.637,28171.467,37807.523,27746.049,31622.5
2022-04-26 05:00:00,25548.637,28171.467,37807.523,27746.049,31622.5
2022-04-26 06:00:00,25548.637,28171.467,37807.523,27746.049,31622.5
2022-04-26 07:00:00,25548.637,28171.467,37807.523,27746.049,31622.5
2022-04-26 08:00:00,25548.637,28171.467,37807.523,27746.049,31622.5
2022-04-26 09:00:00,25548.637,28171.467,37807.523,27746.049,31622.5
2022-04-26 10:00:00,25548.637,28171.467,37807.523,27746.049,31622.5
2022-04-26 11:00:00,25548.637,28171.467,37807.523,27746.049,31622.5
2022-04-26 12:00:00,25548.637,28171.467,37807.523,27746.049,31622.5
2022-04-26 13:00:00,25548.637,28171.467,37807.523,27746.049,31622.5
2022-04-26 14:00:00,25548.637,28171.467,37807.523,27746.049,31622.5
2022-04-26 15:00:00,25548.637,28171.467,37807.523,27746.049,31622.5
2022-04-26 16:00:00,25548.637,28171.467,37807.523,27746.049,31622.5
2022-04-26 17:00:00,25548.637,28171.467,37807.523,27746.049,31622.5
2022-04-26 18:00:00,25548.637,28171.467,37807.523,27746.049,31622.5
2022-04-26 19:00:00,25548.637,28171.467,37807.523,27746.049,31622.5
2022-04-26 20:00:00,25548.637,28171.467,37807.523,27746.049,31622.5
2022-04-26 21:00:00,25548.637,28171.467,37807.523,27746.049,31622.5
2022-04-26 22:00:00,25548.637,28171.467,37807.523,27746.049,31622.5
2022-04-26 23:00:00,25548.637,28171.467,37807.523,27746.049,31622.5
2022-04-27 00:00:00,25548.637,28171.467,37807.523,27746.049,31622.5
2022-04-27 01:00:00,25548.637,28171.467,37807.523,27746.049,31622.5
2022-04-27 02:00:00,25548.637,28171.467,37807.523,27746.049,31622.5
2022-04-27 03:00:00,25548.637,28171.467,37807.523,27746.049,31622.5
2022-04-27 04:00:00,25548.637,28171.467,37807.523,27746.049,31622.5
2022-04-27 05:00:00,25548.637,28171.467,37807.523,27746.049,31622.5
2022-04-27 06:00:00,25548.637,28171.467,37807.523,27746.049,31622.5
2022-04-27 07:00:00,25548.637,28171.467,37807.523,27746.049,31622.5
2022-04-27 08:00:00,25548.637,28171.467,37807.523,27746.049,31622.5
2022-04-27 09:00:00,25548.637,28171.467,37807.523,27746.049,31622.5
2022-04-27 10:00:00,25548.637,28171.467,37807.523,27746.049,31622.5
2022-04-27 11:00:00,25548.637,28171.467,37807.523,27746.049,31622.5
2022-04-27 12:00:00,25548.637,28171.467,37807.523,27746.049,31622.5
2022-04-27 13:00:00,25548.637,28171.467,37807.523,27746.049,31622.5
2022-04-27 14:00:00,25548.637,28171.467,37807.523,27746.049,31622.5
2022-04-27 15:00:00,25548.637,28171.467,37807.523,27746.049,31622.5
2022-04-27 16:00:00,25548.637,28171.467,37807.523,27746.049,31622.5
2022-04-27 17:00:00,25548.637,28171.467,37807.523,27746.049,31622.5
2022-04-27 18:00:00,25548.637,28171.467,37807.523,27746.049,31622.5
2022-04-27 19:00:00,25548.637,28171.467,37807.523,27746.049,31622.5
2022-04-27 20:00:00,25548.637,28171.467,37807.523,27746.049,31622.5
2022-04-27 21:00:00,25548.637,28171.467,37807.523,27746.049,31622.5
2022-04-27 22:00:00,25548.84,28171.467,37807.523,27746.049,31622.5
2022-04-27 23:00:00,25549.678,28171.498,37807.863,27746.207,31624.604
2022-04-28 00:00:00,25550.701,28172.445,37807.863,27746.371,31625.158
2022-04-28 01:00:00,25550.81,28172.445,37807.863,27746.371,31625.158
2022-04-28 02:00:00,25551.324,28172.445,37807.957,27746.371,31625.158
2022-04-28 03:00:00,25551.324,28172.445,37807.957,27746.38,31625.158
2022-04-28 04:00:00,25551.324,28172.445,37807.957,27746.38,31625.158
2022-04-28 05:00:00,25551.43,28172.445,37807.957,27746.38,31625.158
2022-04-28 06:00:00,25551.758,28172.445,37807.957,27746.38,31625.158
2022-04-28 07:00:00,25551.758,28172.445,37807.957,27746.38,31625.158
2022-04-28 08:00:00,25551.758,28172.445,37807.957,27746.38,31625.158
2022-04-28 09:00:00,25551.758,28172.445,37807.957,27746.38,31625.158
2022-04-28 10:00:00,25551.758,28172.445,37807.957,27746.38,31625.158
2022-04-28 11:00:00,25551.758,28172.445,37807.957,27746.38,31625.158
2022-04-28 12:00:00,25551.758,28172.445,37807.957,27746.38,31625.158
2022-04-28 13:00:00,25551.758,28172.445,37807.957,27746.38,31625.158
2022-04-28 14:00:00,25551.758,28172.445,37807.957,27746.38,31625.158
2022-04-28 15:00:00,25551.758,28172.445,37807.957,27746.38,31625.158
2022-04-28 16:00:00,25551.758,28172.445,37807.957,27746.38,31625.46
2022-04-28 17:00:00,25551.758,28172.445,37807.957,27746.38,31625.46
2022-04-28 18:00:00,25551.758,28172.445,37807.957,27746.38,31625.46
2022-04-28 19:00:00,25551.758,28172.445,37807.957,27746.38,31625.46
2022-04-28 20:00:00,25551.758,28172.445,37807.957,27746.38,31625.46
2022-04-28 21:00:00,25551.758,28172.445,37807.957,27746.38,31625.46
2022-04-28 22:00:00,25551.758,28172.445,37807.957,27746.38,31625.46
2022-04-28 23:00:00,25551.758,28172.445,37807.957,27746.38,31625.46
2022-04-29 00:00:00,25551.758,28172.445,37807.957,27746.38,31625.46
2022-04-29 01:00:00,25551.758,28172.445,37807.957,27746.38,31625.46
2022-04-29 02:00:00,25551.758,28172.445,37807.957,27746.38,31625.46
2022-04-29 03:00:00,25551.758,28172.445,37807.957,27746.38,31625.46
2022-04-29 04:00:00,25551.758,28172.445,37807.957,27746.38,31625.46
2022-04-29 05:00:00,25551.758,28172.445,37807.957,27746.38,31625.46
2022-04-29 06:00:00,25551.758,28172.445,37807.957,27746.38,31625.46
2022-04-29 07:00:00,25551.758,28172.445,37807.957,27746.38,31625.46
2022-04-29 08:00:00,25551.758,28172.445,37807.957,27746.38,31625.46
2022-04-29 09:00:00,25551.758,28172.445,37807.957,27746.38,31625.46
2022-04-29 10:00:00,25551.758,28172.445,37807.957,27746.38,31625.46
2022-04-29 11:00:00,25551.758,28172.445,37807.957,27746.38,31625.46
2022-04-29 12:00:00,25551.758,28172.445,37807.957,27746.38,31625.46
2022-04-29 13:00:00,25551.758,28172.445,37807.957,27746.38,31625.46
2022-04-29 14:00:00,25551.758,28172.445,37807.957,27746.38,31625.46
2022-04-29 15:00:00,25551.758,28172.445,37807.957,27746.38,31625.46
2022-04-29 16:00:00,25551.758,28172.445,37807.957,27746.38,31625.46
2022-04-29 17:00:00,25551.758,28172.445,37807.957,27746.38,31625.46
2022-04-29 18:00:00,25551.758,28172.445,37807.957,27746.38,31625.46
2022-04-29 19:00:00,25551.758,28172.445,37807.957,27746.38,31625.46
2022-04-29 20:00:00,25551.758,28172.445,37807.957,27746.38,31625.46
2022-04-29 21:00:00,25551.758,28172.445,37807.957,27746.38,31625.46
2022-04-29 22:00:00,25551.758,28172.445,37807.957,27746.38,31625.46
2022-04-29 23:00:00,25551.758,28172.445,37807.957,27746.38,31625.484
2022-04-30 00:00:00,25551.758,28172.445,37807.957,27746.38,31625.484
2022-04-30 01:00:00,25551.758,28172.445,37807.957,27746.38,31625.484
2022-04-30 02:00:00,25551.76,28172.445,37807.957,27746.38,31625.484
2022-04-30 03:00:00,25551.76,28172.445,37807.957,27746.38,31625.484
2022-04-30 04:00:00,25551.76,28172.445,37807.957,27746.38,31625.484
2022-04-30 05:00:00,25551.76,28172.445,37807.957,27746.38,31625.484
2022-04-30 06:00:00,25551.76,28172.445,37807.957,27746.38,31625.484
2022-04-30 07:00:00,25551.76,28172.445,37807.957,27746.38,31625.484
2022-04-30 08:00:00,25551.76,28172.445,37807.957,27746.38,31625.484
2022-04-30 09:00:00,25551.76,28172.445,37807.957,27746.38,31625.484
2022-04-30 10:00:00,25551.76,28172.445,37807.957,27746.38,31625.484
2022-04-30 11:00:00,25551.76,28172.445,37807.957,27746.38,31625.484
2022-04-30 12:00:00,25551.76,28172.445,37807.957,27746.38,31625.484
2022-04-30 13:00:00,25551.76,28172.445,37807.957,27746.38,31625.484
2022-04-30 14:00:00,25551.76,28172.445,37807.957,27746.38,31625.484
2022-04-30 15:00:00,25551.76,28172.445,37807.957,27746.38,31625.484
2022-04-30 16:00:00,25551.76,28172.445,37807.957,27746.38,31625.484
2022-04-30 17:00:00,25551.76,28172.445,37807.957,27746.38,31625.484
2022-04-30 18:00:00,25551.76,28172.445,37807.957,27746.38,31625.484
2022-04-30 19:00:00,25551.76,28172.445,37807.957,27746.38,31625.484
2022-04-30 20:00:00,25551.76,28172.445,37807.957,27746.38,31625.484
2022-04-30 21:00:00,25551.76,28172.445,37807.957,27746.38,31625.484
2022-04-30 22:00:00,25551.76,28172.445,37807.957,27746.38,31625.484
2022-04-30 23:00:00,25551.76,28172.445,37807.957,27746.38,31625.484
2022-05-01 00:00:00,25551.76,28172.445,37807.957,27746.38,31625.484
2022-05-01 01:00:00,25551.76,28172.445,37807.957,27746.38,31625.484
2022-05-01 02:00:00,25551.76,28172.445,37807.957,27746.38,31625.484
2022-05-01 03:00:00,25551.76,28172.445,37807.957,27746.38,31625.484
2022-05-01 04:00:00,25551.76,28172.445,37807.957,27746.38,31625.484
2022-05-01 05:00:00,25551.76,28172.445,37807.957,27746.38,31625.484
2022-05-01 06:00:00,25551.76,28172.445,37807.957,27746.38,31625.484
2022-05-01 07:00:00,25551.76,28172.445,37807.957,27746.38,31625.484
2022-05-01 08:00:00,25551.76,28172.445,37807.957,27746.38,31625.484
2022-05-01 09:00:00,25551.76,28172.445,37807.957,27746.38,31625.484
2022-05-01 10:00:00,25551.76,28172.445,37807.957,27746.38,31625.484
2022-05-01 11:00:00,25551.76,28172.445,37807.957,27746.38,31625.484
2022-05-01 12:00:00,25551.76,28172.445,37807.957,27746.38,31625.484
2022-05-01 13:00:00,25551.76,28172.445,37807.957,27746.38,31625.484
2022-05-01 14:00:00,25551.76,28172.445,37807.957,27746.38,31625.484
2022-05-01 15:00:00,25551.76,28172.445,37807.957,27746.38,31625.484
2022-05-01 16:00:00,25551.76,28172.445,37807.957,27746.38,31625.484
2022-05-01 17:00:00,25551.76,28172.445,37807.957,27746.38,31625.484
2022-05-01 18:00:00,25551.76,28172.445,37807.957,27746.38,31625.484
2022-05-01 19:00:00,25551.76,28172.445,37807.957,27746.38,31625.484
2022-05-01 20:00:00,25551.76,28172.445,37807.957,27746.38,31625.484
2022-05-01 21:00:00,25551.76,28172.445,37807.957,27746.38,31625.484
2022-05-01 22:00:00,25551.76,28172.445,37807.957,27746.38,31625.484
2022-05-01 23:00:00,25551.76,28172.445,37807.957,27746.38,31625.484
2022-05-02 00:00:00,25551.76,28172.445,37807.957,27746.38,31625.484
2022-05-02 01:00:00,25551.76,28172.445,37807.957,27746.38,31625.484
2022-05-02 02:00:00,25551.76,28172.445,37807.957,27746.38,31625.484
2022-05-02 03:00:00,25551.76,28172.445,37807.957,27746.38,31625.484
2022-05-02 04:00:00,25551.76,28172.445,37807.957,27746.38,31625.484
2022-05-02 05:00:00,25551.76,28172.445,37807.957,27746.475,31625.973
2022-05-02 06:00:00,25551.832,28172.543,37808.652,27746.78,31626.512
2022-05-02 07:00:00,25551.832,28172.543,37808.652,27747.031,31626.684
2022-05-02 08:00:00,25551.832,28172.543,37808.652,27747.031,31626.684
2022-05-02 09:00:00,25551.832,28172.543,37808.652,27747.031,31626.684
2022-05-02 10:00:00,25551.832,28172.543,37808.652,27747.031,31626.684
2022-05-02 11:00:00,25551.832,28172.543,37808.652,27747.031,31626.707
2022-05-02 12:00:00,25551.877,28172.543,37808.652,27747.031,31626.898
2022-05-02 13:00:00,25551.877,28172.543,37808.652,27747.031,31626.898
2022-05-02 14:00:00,25552.166,28172.543,37809.617,27747.031,31627.922
2022-05-02 15:00:00,25552.336,28172.613,37809.617,27747.285,31628.014
2022-05-02 16:00:00,25552.795,28172.613,37810.258,27747.285,31628.014
2022-05-02 17:00:00,25553.137,28172.613,37810.414,27747.822,31628.014
2022-05-02 18:00:00,25553.562,28172.613,37810.676,27748.059,31628.148
2022-05-02 19:00:00,25553.605,28172.613,37810.69,27748.613,31628.738
2022-05-02 20:00:00,25553.766,28172.613,37810.69,27748.613,31628.738
2022-05-02 21:00:00,25554.06,28172.613,37811.156,27748.664,31629.389
2022-05-02 22:00:00,25554.06,28172.613,37811.156,27748.746,31629.389
2022-05-02 23:00:00,25554.06,28172.613,37811.156,27748.746,31630.031
2022-05-03 00:00:00,25554.078,28172.613,37811.156,27748.746,31630.031
2022-05-03 01:00:00,25554.078,28172.613,37811.156,27748.746,31630.031
2022-05-03 02:00:00,25554.078,28172.613,37811.156,27748.746,31630.225
2022-05-03 03:00:00,25554.078,28172.613,37811.156,27748.746,31630.225
2022-05-03 04:00:00,25554.078,28172.613,37811.79,27748.746,31630.35
2022-05-03 05:00:00,25554.078,28172.613,37811.79,27748.746,31630.35
2022-05-03 06:00:00,25554.078,28172.613,37811.79,27748.746,31630.35
2022-05-03 07:00:00,25554.078,28172.613,37811.79,27748.746,31630.35
2022-05-03 08:00:00,25554.078,28172.613,37811.79,27748.746,31630.35
2022-05-03 09:00:00,25554.078,28172.613,37811.79,27748.746,31630.35
2022-05-03 10:00:00,25554.078,28172.613,37811.79,27748.746,31630.35
2022-05-03 11:00:00,25554.078,28172.613,37811.79,27748.746,31630.35
2022-05-03 12:00:00,25554.078,28172.613,37811.79,27748.746,31630.35
2022-05-03 13:00:00,25554.078,28172.613,37811.79,27748.746,31630.35
2022-05-03 14:00:00,25554.078,28172.613,37811.79,27748.746,31630.35
2022-05-03 15:00:00,25554.078,28172.613,37811.79,27748.746,31630.35
2022-05-03 16:00:00,25554.078,28172.613,37811.79,27748.746,31630.35
2022-05-03 17:00:00,25554.078,28172.613,37811.79,27748.746,31630.35
2022-05-03 18:00:00,25554.078,28172.613,37811.79,27748.746,31630.35
2022-05-03 19:00:00,25554.078,28172.613,37811.79,27748.746,31630.35
2022-05-03 20:00:00,25554.078,28172.613,37811.79,27748.746,31630.35
2022-05-03 21:00:00,25554.078,28172.613,37811.79,27748.746,31630.35
2022-05-03 22:00:00,25554.078,28172.613,37811.79,27748.746,31630.35
2022-05-03 23:00:00,25554.078,28172.613,37811.79,27748.746,31630.35
2022-05-04 00:00:00,25554.078,28172.613,37811.79,27748.746,31630.35
2022-05-04 01:00:00,25554.078,28172.613,37811.79,27748.746,31630.35
2022-05-04 02:00:00,25554.078,28172.613,37811.79,27748.746,31630.35
2022-05-04 03:00:00,25554.078,28172.613,37811.79,27748.746,31630.35
2022-05-04 04:00:00,25554.078,28172.613,37811.79,27748.746,31630.35
2022-05-04 05:00:00,25554.078,28172.613,37811.79,27748.746,31630.35
2022-05-04 06:00:00,25554.078,28172.613,37811.79,27748.746,31630.35
2022-05-04 07:00:00,25554.078,28172.613,37811.79,27748.746,31630.35
2022-05-04 08:00:00,25554.078,28172.613,37811.79,27748.746,31630.35
2022-05-04 09:00:00,25554.078,28172.613,37811.79,27748.746,31630.35
2022-05-04 10:00:00,25554.078,28172.613,37811.79,27748.746,31630.35
2022-05-04 11:00:00,25554.078,28172.613,37811.79,27748.746,31630.35
2022-05-04 12:00:00,25554.078,28172.613,37811.79,27748.746,31630.35
2022-05-04 13:00:00,25554.078,28172.613,37811.79,27748.746,31630.35
2022-05-04 14:00:00,25554.078,28172.613,37811.79,27748.746,31630.35
2022-05-04 15:00:00,25554.078,28172.613,37811.79,27748.746,31630.35
2022-05-04 16:00:00,25554.078,28172.613,37811.79,27748.746,31630.35
2022-05-04 17:00:00,25554.078,28172.613,37811.79,27748.746,31630.35
2022-05-04 18:00:00,25554.078,28172.613,37811.79,27748.746,31630.35
2022-05-04 19:00:00,25554.078,28172.701,37811.79,27748.746,31630.35
2022-05-04 20:00:00,25554.078,28172.701,37811.79,27748.746,31630.35
2022-05-04 21:00:00,25554.078,28172.701,37811.79,27748.746,31630.35
2022-05-04 22:00:00,25554.078,28172.701,37811.79,27748.746,31630.35
2022-05-04 23:00:00,25554.078,28172.701,37811.79,27748.746,31630.35
2022-05-05 00:00:00,25554.078,28172.701,37811.79,27748.746,31631.174
2022-05-05 01:00:00,25554.078,28172.701,37813.004,27748.746,31631.787
2022-05-05 02:00:00,25554.303,28172.87,37813.004,27748.746,31632.246
2022-05-05 03:00:00,25554.303,28172.87,37813.004,27748.746,31632.82
2022-05-05 04:00:00,25554.303,28172.88,37813.004,27748.746,31632.916
2022-05-05 05:00:00,25554.303,28172.938,37813.004,27748.746,31632.979
2022-05-05 06:00:00,25554.303,28172.938,37813.004,27748.746,31632.979
2022-05-05 07:00:00,25554.303,28172.938,37813.004,27748.746,31632.979
2022-05-05 08:00:00,25554.303,28172.938,37813.004,27748.746,31632.979
2022-05-05 09:00:00,25554.303,28172.938,37813.004,27748.746,31632.979
2022-05-05 10:00:00,25554.303,28172.938,37813.004,27748.746,31632.979
2022-05-05 11:00:00,25554.303,28172.938,37813.004,27748.746,31632.979
2022-05-05 12:00:00,25554.303,28172.938,37813.004,27748.746,31632.979
2022-05-05 13:00:00,25554.303,28172.938,37813.004,27748.746,31632.979
2022-05-05 14:00:00,25554.303,28172.938,37813.004,27748.746,31632.979
2022-05-05 15:00:00,25554.303,28172.938,37813.004,27748.746,31632.979
2022-05-05 16:00:00,25554.303,28172.938,37813.004,27748.746,31632.979
2022-05-05 17:00:00,25554.303,28172.938,37813.004,27748.746,31632.979
2022-05-05 18:00:00,25554.303,28172.938,37813.004,27748.746,31632.979
2022-05-05 19:00:00,25554.303,28172.938,37813.004,27748.746,31632.979
2022-05-05 20:00:00,25554.303,28172.938,37813.004,27748.746,31632.979
2022-05-05 21:00:00,25554.303,28172.938,37813.004,27748.746,31632.979
2022-05-05 22:00:00,25554.303,28172.945,37813.004,27748.746,31632.979
2022-05-05 23:00:00,25554.303,28172.965,37813.004,27748.746,31632.979
2022-05-06 00:00:00,25555.115,28174.77,37814.773,27749.4,31634.38
2022-05-06 01:00:00,25554.303,28173.152,37813.004,27748.746,31633.01
2022-05-06 02:00:00,25554.303,28173.434,37813.004,27748.883,31633.01
2022-05-06 03:00:00,25554.574,28173.79,37813.004,27749.248,31633.06
2022-05-06 04:00:00,25554.574,28173.81,37813.004,27749.248,31633.297
2022-05-06 05:00:00,25554.574,28173.81,37813.004,27749.248,31633.506
2022-05-06 06:00:00,25554.574,28173.81,37813.51,27749.248,31634.105
2022-05-06 07:00:00,25554.658,28174.133,37814.01,27749.248,31634.105
2022-05-06 08:00:00,25554.816,28174.629,37814.625,27749.4,31634.38
2022-05-06 09:00:00,25555.594,28175.043,37815.27,27749.717,31634.38
2022-05-06 10:00:00,25555.596,28175.305,37815.29,27749.805,31634.404
2022-05-06 11:00:00,25555.74,28177.697,37817.285,27751.023,31634.404
2022-05-06 12:00:00,25556.123,28179.096,37821.723,27751.947,31634.898
2022-05-06 13:00:00,25557.047,28180.43,37825.703,27753.645,31634.97
2022-05-06 14:00:00,25557.674,28181.879,37829.715,27756.363,31637.146
2022-05-06 15:00:00,25558.17,28183.441,37832.42,27758.523,31637.902
2022-05-06 16:00:00,25558.182,28183.441,37832.42,27758.523,31638.332
2022-05-06 17:00:00,25558.182,28183.441,37832.42,27758.523,31638.45
2022-05-06 18:00:00,25558.414,28183.441,37832.42,27758.523,31638.664
2022-05-06 19:00:00,25558.572,28183.441,37832.42,27758.523,31639.162
2022-05-06 20:00:00,25558.693,28183.441,37832.42,27758.553,31639.193
2022-05-06 21:00:00,25558.693,28183.441,37832.42,27758.553,31639.193
2022-05-06 22:00:00,25558.693,28183.441,37832.42,27758.553,31639.193
2022-05-06 23:00:00,25558.693,28183.441,37832.42,27758.553,31639.193
2022-05-07 00:00:00,25558.693,28183.441,37832.42,27758.553,31639.193
2022-05-07 01:00:00,25558.693,28183.441,37832.42,27758.553,31639.193
2022-05-07 02:00:00,25558.693,28183.441,37832.42,27758.553,31639.197
2022-05-07 03:00:00,25559.191,28183.986,37832.42,27758.553,31639.428
2022-05-07 04:00:00,25559.191,28183.986,37832.42,27758.553,31639.428
2022-05-07 05:00:00,25559.352,28183.986,37832.953,27758.553,31639.926
2022-05-07 06:00:00,25559.352,28183.986,37832.953,27758.553,31639.926
2022-05-07 07:00:00,25559.352,28183.998,37832.953,27758.57,31640.16
2022-05-07 08:00:00,25559.426,28184.117,37832.953,27758.617,31640.16
2022-05-07 09:00:00,25559.426,28184.117,37832.953,27758.617,31640.16
2022-05-07 10:00:00,25559.426,28184.117,37832.953,27758.664,31640.16
2022-05-07 11:00:00,25559.426,28184.143,37832.953,27758.664,31641.215
2022-05-07 12:00:00,25559.611,28184.217,37832.953,27758.664,31641.215
2022-05-07 13:00:00,25559.611,28184.217,37832.953,27758.664,31641.215
2022-05-07 14:00:00,25559.611,28184.217,37832.953,27758.664,31641.215
2022-05-07 15:00:00,25559.611,28184.217,37832.953,27758.664,31641.215
2022-05-07 16:00:00,25559.611,28184.217,37832.953,27758.664,31641.215
2022-05-07 17:00:00,25559.611,28184.217,37832.953,27758.664,31641.215
2022-05-07 18:00:00,25559.611,28184.217,37832.953,27758.664,31641.215
2022-05-07 19:00:00,25559.611,28184.217,37832.953,27758.664,31641.262
2022-05-07 20:00:00,25559.611,28184.217,37832.953,27758.664,31641.262
2022-05-07 21:00:00,25559.611,28184.217,37832.953,27758.664,31641.262
2022-05-07 22:00:00,25559.611,28184.217,37832.953,27758.664,31641.643
2022-05-07 23:00:00,25559.611,28184.217,37832.953,27758.664,31641.818
2022-05-08 00:00:00,25559.611,28184.217,37832.953,27758.664,31642.299
2022-05-08 01:00:00,25559.611,28184.217,37832.953,27758.664,31642.447
2022-05-08 02:00:00,25559.611,28184.217,37832.953,27758.664,31642.447
2022-05-08 03:00:00,25559.611,28184.217,37832.953,27758.664,31642.447
2022-05-08 04:00:00,25559.611,28184.217,37832.953,27758.664,31642.447
2022-05-08 05:00:00,25559.611,28184.217,37832.953,27758.664,31642.447
2022-05-08 06:00:00,25559.611,28184.217,37832.953,27758.664,31642.447
2022-05-08 07:00:00,25559.611,28184.217,37832.953,27758.664,31642.447
2022-05-08 08:00:00,25559.611,28184.217,37832.953,27758.664,31642.447
2022-05-08 09:00:00,25559.611,28184.217,37832.953,27758.664,31642.447
2022-05-08 10:00:00,25559.611,28184.217,37832.953,27758.664,31642.447
2022-05-08 11:00:00,25559.611,28184.217,37832.953,27758.664,31642.447
2022-05-08 12:00:00,25559.611,28184.217,37832.953,27758.664,31642.447
2022-05-08 13:00:00,25559.611,28184.217,37832.953,27758.664,31642.447
2022-05-08 14:00:00,25559.611,28184.217,37832.953,27758.664,31642.447
2022-05-08 15:00:00,25559.611,28184.217,37832.953,27758.664,31642.447
2022-05-08 16:00:00,25559.611,28184.217,37832.953,27758.664,31642.447
2022-05-08 17:00:00,25559.611,28184.217,37832.953,27758.664,31642.447
2022-05-08 18:00:00,25559.611,28184.217,37832.953,27758.664,31642.447
2022-05-08 19:00:00,25559.611,28184.217,37832.953,27758.664,31642.447
2022-05-08 20:00:00,25559.611,28184.217,37832.953,27758.664,31642.447
2022-05-08 21:00:00,25559.611,28184.217,37832.953,27758.664,31642.447
2022-05-08 22:00:00,25559.611,28184.217,37832.953,27758.664,31642.447
2022-05-08 23:00:00,25559.611,28184.217,37832.953,27758.664,31642.447
2022-05-09 00:00:00,25559.611,28184.217,37832.953,27758.664,31642.447
2022-05-09 01:00:00,25559.611,28184.217,37832.953,27758.664,31642.447
2022-05-09 02:00:00,25559.611,28184.217,37832.953,27758.664,31642.447
2022-05-09 03:00:00,25559.611,28184.217,37832.953,27758.664,31642.447
2022-05-09 04:00:00,25559.611,28184.217,37832.953,27758.664,31642.447
2022-05-09 05:00:00,25559.611,28184.217,37832.953,27758.664,31642.447
2022-05-09 06:00:00,25559.611,28184.217,37832.953,27758.664,31642.447
2022-05-09 07:00:00,25559.611,28184.217,37832.953,27758.664,31642.447
2022-05-09 08:00:00,25559.611,28184.217,37832.953,27758.664,31642.447
2022-05-09 09:00:00,25559.611,28184.217,37832.953,27758.664,31642.447
2022-05-09 10:00:00,25559.611,28184.217,37832.953,27758.664,31642.447
2022-05-09 11:00:00,25559.611,28184.217,37832.953,27758.664,31642.447
2022-05-09 12:00:00,25559.611,28184.217,37832.953,27758.664,31642.447
2022-05-09 13:00:00,25559.611,28184.217,37832.953,27758.664,31642.447
2022-05-09 14:00:00,25559.611,28184.217,37832.953,27758.664,31642.447
2022-05-09 15:00:00,25559.611,28184.217,37832.953,27758.664,31642.447
2022-05-09 16:00:00,25559.611,28184.217,37832.953,27758.664,31642.447
2022-05-09 17:00:00,25559.611,28184.217,37832.953,27758.664,31642.447
2022-05-09 18:00:00,25559.611,28184.217,37832.953,27758.664,31642.447
2022-05-09 19:00:00,25559.611,28184.217,37832.953,27758.664,31642.447
2022-05-09 20:00:00,25559.611,28184.217,37832.953,27758.664,31642.447
2022-05-09 21:00:00,25559.611,28184.217,37832.953,27758.664,31642.447
2022-05-09 22:00:00,25559.611,28184.217,37832.953,27758.664,31642.447
2022-05-09 23:00:00,25559.611,28184.217,37832.953,27758.664,31642.447
2022-05-10 00:00:00,25559.611,28184.217,37832.953,27758.664,31642.447
2022-05-10 01:00:00,25559.611,28184.217,37832.953,27758.664,31642.473
2022-05-10 02:00:00,25559.611,28184.217,37832.953,27758.664,31643.086
2022-05-10 03:00:00,25559.611,28184.523,37832.953,27758.664,31644.016
2022-05-10 04:00:00,25560.139,28186.113,37832.953,27759.201,31644.318
2022-05-10 05:00:00,25562.232,28187.975,37832.953,27761.107,31644.55
2022-05-10 06:00:00,25563.47,28189.248,37834.76,27762.256,31646.033
2022-05-10 07:00:00,25565.38,28192.756,37839.57,27763.686,31646.08
2022-05-10 08:00:00,25569.35,28194.312,37839.57,27766.422,31646.08
2022-05-10 09:00:00,25571.586,28194.877,37839.57,27767.803,31646.08
2022-05-10 10:00:00,25573.5,28196.281,37839.57,27769.67,31646.512
2022-05-10 11:00:00,25576.072,28198.514,37843.44,27770.703,31647.13
2022-05-10 12:00:00,25578.229,28198.514,37843.44,27770.775,31647.13
2022-05-10 13:00:00,25578.229,28198.514,37843.44,27770.775,31647.13
2022-05-10 14:00:00,25578.229,28198.514,37843.44,27770.775,31647.13
2022-05-10 15:00:00,25578.229,28198.514,37843.44,27770.775,31647.13
2022-05-10 16:00:00,25578.229,28198.514,37843.44,27770.775,31647.13
2022-05-10 17:00:00,25578.229,28198.514,37843.47,27770.775,31647.13
2022-05-10 18:00:00,25578.229,28198.514,37843.63,27770.775,31647.13
2022-05-10 19:00:00,25578.229,28199.875,37843.63,27772.102,31647.13
2022-05-10 20:00:00,25578.229,28199.969,37843.63,27772.994,31647.13
2022-05-10 21:00:00,25578.229,28199.969,37843.664,27773.05,31647.18
2022-05-10 22:00:00,25578.229,28199.969,37845.33,27773.076,31647.266
2022-05-10 23:00:00,25578.229,28199.969,37845.438,27773.076,31647.266
2022-05-11 00:00:00,25578.229,28199.969,37845.438,27773.076,31647.275
2022-05-11 01:00:00,25578.229,28199.969,37845.438,27773.076,31647.275
2022-05-11 02:00:00,25578.229,28200.53,37845.438,27773.086,31647.275
2022-05-11 03:00:00,25578.229,28201.143,37846.56,27773.094,31648.434
2022-05-11 04:00:00,25579.668,28205.785,37849.316,27775.748,31648.438
2022-05-11 05:00:00,25583.13,28209.086,37849.316,27778.605,31648.438
2022-05-11 06:00:00,25587.506,28211.656,37851.74,27780.506,31648.979
2022-05-11 07:00:00,25588.783,28212.92,37853.047,27780.625,31649.111
2022-05-11 08:00:00,25588.895,28213.467,37853.324,27780.658,31649.12
2022-05-11 09:00:00,25589.018,28214.076,37853.324,27781.121,31649.256
2022-05-11 10:00:00,25589.744,28214.232,37853.34,27781.373,31649.338
2022-05-11 11:00:00,25589.828,28215.256,37853.88,27782.182,31649.52
2022-05-11 12:00:00,25590.686,28215.514,37854.07,27782.193,31649.52
2022-05-11 13:00:00,25590.686,28217.264,37854.07,27782.244,31649.725
2022-05-11 14:00:00,25590.686,28218.709,37855.453,27783.17,31649.725
2022-05-11 15:00:00,25590.94,28219.832,37855.973,27784.006,31649.725
2022-05-11 16:00:00,25591.143,28220.256,37856.152,27785.277,31649.725
2022-05-11 17:00:00,25591.416,28220.307,37856.195,27785.477,31649.725
2022-05-11 18:00:00,25591.672,28220.307,37856.195,27785.477,31649.725
2022-05-11 19:00:00,25591.672,28220.791,37856.38,27785.824,31649.725
2022-05-11 20:00:00,25591.672,28220.791,37857.457,27785.852,31649.992
2022-05-11 21:00:00,25591.672,28221.008,37858.504,27785.969,31650.41
2022-05-11 22:00:00,25591.672,28221.086,37858.508,27786.186,31650.518
2022-05-11 23:00:00,25591.672,28221.477,37858.805,27786.19,31651.807
2022-05-12 00:00:00,25591.672,28221.51,37860.44,27786.79,31651.986
2022-05-12 01:00:00,25591.672,28221.727,37860.574,27786.79,31652.396
2022-05-12 02:00:00,25591.672,28221.947,37861.63,27786.982,31655.07
2022-05-12 03:00:00,25591.883,28221.947,37861.785,27787.488,31655.227
2022-05-12 04:00:00,25592.21,28221.994,37861.785,27787.488,31656.973
2022-05-12 05:00:00,25592.21,28221.994,37861.785,27787.488,31657.043
2022-05-12 06:00:00,25592.21,28222.11,37861.785,27787.498,31657.17
2022-05-12 07:00:00,25592.21,28222.11,37861.785,27787.498,31657.371
2022-05-12 08:00:00,25592.21,28222.11,37861.785,27787.498,31657.578
2022-05-12 09:00:00,25592.21,28222.11,37862.227,27787.498,31657.936
2022-05-12 10:00:00,25592.21,28222.125,37862.25,27787.498,31658.266
2022-05-12 11:00:00,25592.21,28222.125,37862.25,27787.508,31658.396
2022-05-12 12:00:00,25592.21,28222.377,37862.64,27787.508,31658.549
2022-05-12 13:00:00,25592.21,28222.377,37862.64,27787.508,31658.775
2022-05-12 14:00:00,25592.21,28222.396,37862.72,27787.508,31658.775
2022-05-12 15:00:00,25592.21,28222.48,37862.72,27787.521,31658.775
2022-05-12 16:00:00,25592.21,28222.48,37862.72,27787.521,31658.836
2022-05-12 17:00:00,25592.21,28222.562,37862.72,27787.521,31660.709
2022-05-12 18:00:00,25592.21,28222.756,37862.72,27787.521,31661.578
2022-05-12 19:00:00,25592.21,28223.37,37862.72,27787.879,31661.578
2022-05-12 20:00:00,25592.21,28223.557,37862.723,27788.324,31661.781
2022-05-12 21:00:00,25592.21,28223.557,37863.293,27788.398,31661.94
2022-05-12 22:00:00,25592.21,28223.557,37863.293,27788.398,31661.94
2022-05-12 23:00:00,25592.21,28223.557,37864.074,27788.54,31661.94
2022-05-13 00:00:00,25592.332,28223.752,37866.65,27788.54,31661.94
2022-05-13 01:00:00,25592.332,28224.072,37867.734,27788.637,31661.94
2022-05-13 02:00:00,25592.367,28224.572,37869.41,27788.906,31662.174
2022-05-13 03:00:00,25592.893,28226.385,37869.57,27790.537,31662.19
2022-05-13 04:00:00,25593.094,28226.676,37872.312,27791.242,31663.781
2022-05-13 05:00:00,25593.764,28227.668,37873.42,27792.52,31665.44
2022-05-13 06:00:00,25594.441,28227.92,37875.523,27793.197,31665.854
2022-05-13 07:00:00,25594.479,28227.92,37878.664,27793.596,31668.0
2022-05-13 08:00:00,25594.479,28228.256,37881.45,27793.596,31669.13
2022-05-13 09:00:00,25594.738,28228.85,37883.113,27794.924,31669.293
2022-05-13 10:00:00,25594.873,28229.297,37883.69,27796.986,31669.324
2022-05-13 11:00:00,25594.873,28229.67,37886.418,27798.287,31670.295
2022-05-13 12:00:00,25594.873,28229.88,37888.562,27799.863,31670.32
2022-05-13 13:00:00,25594.873,28230.137,37889.562,27800.91,31670.32
2022-05-13 14:00:00,25595.049,28230.148,37890.957,27801.95,31670.973
2022-05-13 15:00:00,25595.049,28230.148,37892.477,27802.49,31671.6
2022-05-13 16:00:00,25595.049,28230.148,37892.477,27802.605,31672.691
2022-05-13 17:00:00,25595.049,28230.148,37892.477,27802.605,31673.324
2022-05-13 18:00:00,25595.049,28230.148,37892.477,27802.707,31673.488
2022-05-13 19:00:00,25595.049,28230.148,37892.477,27802.707,31673.488
2022-05-13 20:00:00,25595.049,28230.148,37892.477,27802.707,31673.488
2022-05-13 21:00:00,25595.049,28230.148,37892.477,27802.707,31673.51
2022-05-13 22:00:00,25595.049,28230.148,37892.477,27802.707,31673.51
2022-05-13 23:00:00,25595.049,28230.148,37892.477,27802.707,31673.525
2022-05-14 00:00:00,25595.049,28230.148,37892.8,27802.707,31674.49
2022-05-14 01:00:00,25595.049,28230.156,37892.977,27802.707,31674.492
2022-05-14 02:00:00,25595.049,28230.156,37892.977,27802.707,31674.492
2022-05-14 03:00:00,25595.049,28230.156,37892.977,27802.707,31674.715
2022-05-14 04:00:00,25595.049,28230.217,37892.977,27802.707,31675.535
2022-05-14 05:00:00,25595.049,28230.611,37892.977,27802.707,31677.055
2022-05-14 06:00:00,25595.049,28230.863,37892.977,27802.871,31677.715
2022-05-14 07:00:00,25595.049,28230.863,37892.977,27802.889,31679.16
2022-05-14 08:00:00,25595.049,28231.309,37892.977,27803.023,31679.707
2022-05-14 09:00:00,25595.049,28232.02,37893.08,27803.04,31679.77
2022-05-14 10:00:00,25595.049,28232.033,37893.08,27803.11,31679.988
2022-05-14 11:00:00,25595.049,28232.656,37893.08,27803.15,31680.045
2022-05-14 12:00:00,25595.096,28232.664,37893.08,27803.15,31680.045
2022-05-14 13:00:00,25595.096,28233.084,37893.08,27803.156,31680.045
2022-05-14 14:00:00,25595.096,28233.184,37893.08,27803.156,31680.045
2022-05-14 15:00:00,25595.096,28233.482,37893.08,27803.17,31680.562
2022-05-14 16:00:00,25595.096,28233.482,37893.08,27803.242,31680.562
2022-05-14 17:00:00,25595.096,28233.482,37893.08,27803.547,31680.916
2022-05-14 18:00:00,25595.096,28233.482,37893.08,27803.547,31680.916
2022-05-14 19:00:00,25595.096,28233.482,37893.08,27803.547,31680.916
2022-05-14 20:00:00,25595.096,28233.482,37893.08,27803.547,31680.92
2022-05-14 21:00:00,25595.096,28233.482,37893.08,27803.547,31682.322
2022-05-14 22:00:00,25595.096,28233.482,37893.08,27803.547,31683.26
2022-05-14 23:00:00,25595.096,28233.482,37893.08,27803.547,31683.26
2022-05-15 00:00:00,25595.096,28233.482,37893.08,27803.547,31683.355
2022-05-15 01:00:00,25595.096,28233.482,37893.08,27803.547,31683.355
2022-05-15 02:00:00,25595.096,28233.482,37893.1,27803.547,31683.355
2022-05-15 03:00:00,25595.096,28233.482,37894.164,27803.547,31683.656
2022-05-15 04:00:00,25595.436,28233.482,37894.633,27803.576,31685.154
2022-05-15 05:00:00,25595.67,28233.482,37894.633,27804.703,31685.188
2022-05-15 06:00:00,25595.67,28233.482,37894.633,27804.703,31685.188
2022-05-15 07:00:00,25595.67,28233.482,37894.633,27804.703,31685.188
2022-05-15 08:00:00,25595.67,28233.482,37894.633,27804.703,31685.188
2022-05-15 09:00:00,25595.67,28233.482,37894.633,27804.703,31685.188
2022-05-15 10:00:00,25595.67,28233.482,37894.633,27804.703,31685.188
2022-05-15 11:00:00,25595.67,28233.482,37894.633,27804.703,31685.188
2022-05-15 12:00:00,25595.67,28233.482,37894.633,27804.703,31685.188
2022-05-15 13:00:00,25595.67,28233.482,37894.633,27804.703,31685.188
2022-05-15 14:00:00,25595.67,28233.482,37894.633,27804.703,31685.188
2022-05-15 15:00:00,25595.67,28233.482,37894.633,27804.703,31685.188
2022-05-15 16:00:00,25595.67,28233.482,37894.633,27804.703,31685.188
2022-05-15 17:00:00,25595.67,28233.482,37894.633,27804.703,31685.188
2022-05-15 18:00:00,25595.67,28233.482,37894.633,27804.703,31685.188
2022-05-15 19:00:00,25595.67,28233.482,37894.633,27804.703,31685.188
2022-05-15 20:00:00,25595.67,28233.482,37894.633,27804.703,31685.188
2022-05-15 21:00:00,25595.67,28233.482,37894.633,27804.703,31685.188
2022-05-15 22:00:00,25595.67,28233.482,37894.633,27804.703,31685.188
2022-05-15 23:00:00,25595.67,28233.482,37894.633,27804.703,31685.188
2022-05-16 00:00:00,25595.67,28233.482,37894.633,27804.703,31685.188
2022-05-16 01:00:00,25595.67,28233.482,37894.633,27804.703,31685.188
2022-05-16 02:00:00,25595.67,28233.482,37894.633,27804.703,31685.188
2022-05-16 03:00:00,25595.67,28233.482,37894.633,27804.703,31685.188
2022-05-16 04:00:00,25595.67,28233.482,37894.633,27804.703,31685.188
2022-05-16 05:00:00,25595.67,28233.482,37894.633,27804.703,31685.188
2022-05-16 06:00:00,25595.67,28233.482,37894.633,27804.703,31685.188
2022-05-16 07:00:00,25595.67,28233.482,37894.633,27804.703,31685.188
2022-05-16 08:00:00,25595.67,28233.482,37894.633,27804.703,31685.188
2022-05-16 09:00:00,25595.67,28233.482,37894.633,27804.703,31685.188
2022-05-16 10:00:00,25595.67,28233.482,37894.633,27804.703,31685.188
2022-05-16 11:00:00,25595.67,28233.482,37894.633,27804.703,31685.188
2022-05-16 12:00:00,25595.67,28233.482,37894.633,27804.703,31685.188
2022-05-16 13:00:00,25595.67,28233.482,37894.633,27804.703,31685.188
2022-05-16 14:00:00,25595.67,28233.482,37894.633,27804.703,31685.188
2022-05-16 15:00:00,25595.67,28233.482,37894.633,27804.703,31685.188
2022-05-16 16:00:00,25595.67,28233.482,37894.633,27804.703,31685.188
2022-05-16 17:00:00,25595.67,28233.482,37894.633,27804.703,31685.188
2022-05-16 18:00:00,25595.67,28233.482,37894.633,27804.703,31685.188
2022-05-16 19:00:00,25595.67,28233.482,37894.633,27804.703,31685.188
2022-05-16 20:00:00,25595.67,28233.482,37894.633,27804.703,31685.188
2022-05-16 21:00:00,25595.67,28233.482,37894.633,27804.703,31685.188
2022-05-16 22:00:00,25595.67,28233.482,37894.633,27804.703,31685.188
2022-05-16 23:00:00,25595.67,28233.482,37894.633,27804.703,31685.188
2022-05-17 00:00:00,25595.67,28233.482,37894.633,27804.703,31685.188
2022-05-17 01:00:00,25595.67,28233.482,37894.633,27804.703,31685.188
2022-05-17 02:00:00,25595.67,28233.482,37894.633,27804.703,31685.188
2022-05-17 03:00:00,25595.67,28233.482,37894.633,27804.703,31685.188
2022-05-17 04:00:00,25595.67,28233.482,37894.633,27804.703,31685.188
2022-05-17 05:00:00,25595.67,28233.482,37894.633,27804.703,31685.188
2022-05-17 06:00:00,25595.67,28233.482,37894.633,27804.703,31685.188
2022-05-17 07:00:00,25595.67,28233.482,37894.633,27804.703,31685.188
2022-05-17 08:00:00,25595.67,28233.482,37894.633,27804.703,31685.188
2022-05-17 09:00:00,25595.67,28233.482,37894.633,27804.703,31685.188
2022-05-17 10:00:00,25595.67,28233.482,37894.633,27804.703,31685.188
2022-05-17 11:00:00,25595.67,28233.482,37894.633,27804.703,31685.188
2022-05-17 12:00:00,25595.67,28233.482,37894.633,27804.703,31685.188
2022-05-17 13:00:00,25595.67,28233.482,37894.633,27804.703,31685.188
2022-05-17 14:00:00,25595.67,28233.482,37894.633,27804.703,31685.188
2022-05-17 15:00:00,25595.67,28233.482,37894.633,27804.703,31685.188
2022-05-17 16:00:00,25595.67,28233.482,37894.633,27804.703,31685.188
2022-05-17 17:00:00,25595.67,28233.482,37894.633,27804.703,31685.188
2022-05-17 18:00:00,25595.67,28233.482,37894.633,27804.703,31685.188
2022-05-17 19:00:00,25595.67,28233.482,37894.633,27804.703,31685.188
2022-05-17 20:00:00,25595.67,28233.482,37894.633,27804.703,31685.188
2022-05-17 21:00:00,25595.67,28233.482,37894.633,27804.703,31685.188
2022-05-17 22:00:00,25595.67,28233.482,37894.633,27804.703,31685.188
2022-05-17 23:00:00,25595.67,28233.482,37894.633,27804.703,31685.188
2022-05-18 00:00:00,25595.67,28233.482,37894.633,27804.703,31685.188
2022-05-18 01:00:00,25595.67,28233.482,37894.633,27804.703,31685.188
2022-05-18 02:00:00,25595.67,28233.482,37894.633,27804.703,31685.188
2022-05-18 03:00:00,25595.67,28233.482,37894.633,27804.703,31685.188
2022-05-18 04:00:00,25595.67,28233.482,37894.633,27804.703,31685.188
2022-05-18 05:00:00,25595.67,28233.482,37894.633,27804.703,31685.188
2022-05-18 06:00:00,25595.67,28233.482,37894.633,27804.703,31685.188
2022-05-18 07:00:00,25595.67,28233.482,37894.633,27804.703,31685.188
2022-05-18 08:00:00,25595.67,28233.482,37894.633,27804.703,31685.188
2022-05-18 09:00:00,25595.67,28233.482,37894.633,27804.703,31685.188
2022-05-18 10:00:00,25595.67,28233.482,37894.633,27804.703,31685.188
2022-05-18 11:00:00,25595.67,28233.482,37894.633,27804.703,31685.188
2022-05-18 12:00:00,25595.67,28233.508,37894.79,27804.703,31685.842
2022-05-18 13:00:00,25595.67,28233.508,37894.934,27805.035,31686.053
2022-05-18 14:00:00,25595.67,28233.508,37894.934,27805.053,31686.053
2022-05-18 15:00:00,25595.67,28233.508,37894.934,27805.053,31686.053
2022-05-18 16:00:00,25595.707,28233.508,37894.934,27805.053,31686.064
2022-05-18 17:00:00,25595.707,28233.508,37894.934,27805.053,31686.064
2022-05-18 18:00:00,25595.943,28233.508,37894.934,27805.053,31686.064
2022-05-18 19:00:00,25595.951,28233.508,37894.934,27805.053,31686.064
2022-05-18 20:00:00,25595.951,28233.508,37894.934,27805.053,31686.064
2022-05-18 21:00:00,25595.951,28233.508,37894.934,27805.053,31686.064
2022-05-18 22:00:00,25595.951,28233.508,37894.934,27805.053,31686.064
2022-05-18 23:00:00,25595.951,28233.508,37894.934,27805.053,31686.064
2022-05-19 00:00:00,25595.951,28233.508,37894.934,27805.053,31686.064
2022-05-19 01:00:00,25595.951,28233.508,37894.934,27805.053,31686.064
2022-05-19 02:00:00,25595.951,28233.508,37894.934,27805.053,31686.064
2022-05-19 03:00:00,25595.951,28233.508,37894.934,27805.053,31686.064
2022-05-19 04:00:00,25595.951,28233.508,37894.934,27805.053,31686.064
2022-05-19 05:00:00,25595.951,28233.508,37894.934,27805.053,31686.064
2022-05-19 06:00:00,25595.951,28233.508,37894.934,27805.053,31686.064
2022-05-19 07:00:00,25595.951,28233.508,37894.934,27805.053,31686.064
2022-05-19 08:00:00,25595.951,28233.508,37894.934,27805.053,31686.064
2022-05-19 09:00:00,25595.951,28233.508,37894.934,27805.053,31686.064
2022-05-19 10:00:00,25595.951,28233.508,37894.934,27805.053,31686.064
2022-05-19 11:00:00,25595.951,28233.508,37894.934,27805.053,31686.064
2022-05-19 12:00:00,25595.951,28233.576,37894.934,27805.053,31686.064
2022-05-19 13:00:00,25596.59,28234.053,37894.934,27806.596,31686.133
2022-05-19 14:00:00,25596.865,28234.053,37894.934,27806.596,31686.133
2022-05-19 15:00:00,25596.865,28234.053,37894.934,27806.596,31686.133
2022-05-19 16:00:00,25596.865,28234.053,37894.934,27806.596,31686.133
2022-05-19 17:00:00,25596.865,28234.053,37894.934,27806.596,31686.133
2022-05-19 18:00:00,25596.865,28234.053,37894.934,27806.596,31686.547
2022-05-19 19:00:00,25596.865,28234.053,37894.934,27806.596,31686.547
2022-05-19 20:00:00,25596.865,28234.053,37894.934,27806.596,31686.547
2022-05-19 21:00:00,25596.865,28234.053,37894.934,27806.596,31686.547
2022-05-19 22:00:00,25596.865,28234.053,37894.934,27806.596,31686.547
2022-05-19 23:00:00,25596.865,28234.053,37894.934,27806.596,31686.547
2022-05-20 00:00:00,25596.865,28234.053,37894.934,27806.596,31686.547
2022-05-20 01:00:00,25596.865,28234.053,37894.934,27806.596,31686.547
2022-05-20 02:00:00,25596.865,28234.053,37894.934,27806.596,31686.547
2022-05-20 03:00:00,25596.865,28234.053,37894.934,27806.596,31686.547
2022-05-20 04:00:00,25596.865,28234.053,37894.934,27806.596,31686.547
2022-05-20 05:00:00,25596.865,28234.053,37894.934,27806.596,31686.547
2022-05-20 06:00:00,25596.865,28234.053,37894.934,27806.596,31686.547
2022-05-20 07:00:00,25596.865,28234.053,37894.934,27806.596,31686.547
2022-05-20 08:00:00,25596.865,28234.053,37894.934,27806.596,31686.547
2022-05-20 09:00:00,25596.865,28234.053,37894.934,27806.596,31686.547
2022-05-20 10:00:00,25596.865,28234.053,37894.934,27806.596,31686.547
2022-05-20 11:00:00,25596.865,28234.053,37894.934,27806.596,31686.547
2022-05-20 12:00:00,25596.865,28234.053,37894.934,27806.596,31686.547
2022-05-20 13:00:00,25596.865,28234.053,37894.934,27806.596,31686.547
2022-05-20 14:00:00,25596.865,28234.053,37894.934,27806.596,31686.547
2022-05-20 15:00:00,25596.865,28234.053,37894.934,27806.596,31686.547
2022-05-20 16:00:00,25596.865,28234.053,37894.934,27806.596,31686.547
2022-05-20 17:00:00,25596.865,28234.053,37894.934,27806.596,31686.547
2022-05-20 18:00:00,25596.865,28234.053,37894.934,27806.596,31686.547
2022-05-20 19:00:00,25596.865,28234.053,37894.934,27806.596,31686.547
2022-05-20 20:00:00,25596.865,28234.053,37894.934,27806.596,31686.547
2022-05-20 21:00:00,25596.865,28234.053,37894.934,27806.596,31686.547
2022-05-20 22:00:00,25596.865,28234.053,37894.934,27806.596,31686.547
2022-05-20 23:00:00,25596.865,28234.053,37894.934,27806.596,31686.547
2022-05-21 00:00:00,25597.115,28234.404,37894.934,27807.613,31686.547
2022-05-21 01:00:00,25598.8,28236.297,37895.1,27810.023,31687.482
2022-05-21 02:00:00,25600.38,28237.736,37895.195,27812.854,31688.852
2022-05-21 03:00:00,25600.941,28237.736,37895.195,27814.549,31689.285
2022-05-21 04:00:00,25600.941,28237.736,37895.195,27814.824,31689.285
2022-05-21 05:00:00,25600.941,28237.736,37895.195,27814.824,31689.285
2022-05-21 06:00:00,25600.941,28237.736,37895.195,27814.824,31689.285
2022-05-21 07:00:00,25600.941,28237.736,37895.195,27814.824,31689.285
2022-05-21 08:00:00,25600.941,28237.736,37895.195,27814.824,31689.285
2022-05-21 09:00:00,25600.941,28237.736,37895.195,27814.824,31689.285
2022-05-21 10:00:00,25600.941,28237.736,37895.195,27814.824,31689.285
2022-05-21 11:00:00,25600.941,28237.736,37895.195,27814.824,31689.285
2022-05-21 12:00:00,25600.941,28237.736,37895.195,27814.824,31689.285
2022-05-21 13:00:00,25600.941,28237.736,37895.195,27814.824,31689.285
2022-05-21 14:00:00,25600.941,28237.736,37895.195,27814.824,31689.664
2022-05-21 15:00:00,25600.941,28238.043,37895.195,27814.824,31689.68
2022-05-21 16:00:00,25600.941,28238.459,37895.195,27814.824,31689.68
2022-05-21 17:00:00,25600.941,28238.459,37895.195,27814.824,31689.68
2022-05-21 18:00:00,25600.941,28238.459,37895.195,27814.824,31689.68
2022-05-21 19:00:00,25600.941,28238.459,37895.195,27814.824,31689.68
2022-05-21 20:00:00,25600.941,28238.459,37895.195,27814.824,31689.68
2022-05-21 21:00:00,25600.941,28238.459,37895.195,27814.824,31689.68
2022-05-21 22:00:00,25600.941,28238.459,37895.195,27814.824,31689.68
2022-05-21 23:00:00,25600.941,28238.459,37895.195,27814.824,31689.68
2022-05-22 00:00:00,25600.941,28238.459,37895.195,27814.824,31689.68
2022-05-22 01:00:00,25600.941,28238.62,37895.195,27814.824,31689.68
2022-05-22 02:00:00,25600.941,28238.713,37895.195,27815.227,31689.68
2022-05-22 03:00:00,25600.941,28238.713,37895.195,27815.227,31690.006
2022-05-22 04:00:00,25600.941,28238.713,37895.195,27815.227,31690.006
2022-05-22 05:00:00,25600.941,28238.742,37895.195,27815.227,31690.006
2022-05-22 06:00:00,25600.941,28238.742,37895.195,27815.227,31690.006
2022-05-22 07:00:00,25600.941,28238.742,37895.195,27815.227,31690.006
2022-05-22 08:00:00,25600.941,28238.742,37895.195,27815.227,31690.006
2022-05-22 09:00:00,25600.941,28238.742,37895.195,27815.227,31690.006
2022-05-22 10:00:00,25600.941,28238.742,37895.195,27815.227,31690.006
2022-05-22 11:00:00,25600.941,28238.742,37895.195,27815.227,31690.006
2022-05-22 12:00:00,25600.941,28238.742,37895.195,27815.227,31690.006
2022-05-22 13:00:00,25600.941,28238.742,37895.195,27815.227,31690.006
2022-05-22 14:00:00,25600.941,28238.742,37895.195,27815.227,31690.006
2022-05-22 15:00:00,25600.941,28238.742,37895.195,27815.227,31690.006
2022-05-22 16:00:00,25600.941,28238.742,37895.195,27815.227,31690.006
2022-05-22 17:00:00,25600.941,28238.742,37895.195,27815.227,31690.006
2022-05-22 18:00:00,25600.941,28238.742,37895.195,27815.227,31690.006
2022-05-22 19:00:00,25600.941,28238.742,37895.195,27815.227,31690.006
2022-05-22 20:00:00,25600.941,28238.742,37895.195,27815.227,31690.006
2022-05-22 21:00:00,25600.941,28238.742,37895.195,27815.227,31690.006
2022-05-22 22:00:00,25600.941,28238.742,37895.207,27815.227,31690.006
2022-05-22 23:00:00,25600.941,28238.9,37895.207,27815.227,31690.006
2022-05-23 00:00:00,25600.941,28240.557,37895.207,27816.148,31690.125
2022-05-23 01:00:00,25601.762,28241.992,37895.207,27817.496,31690.45
2022-05-23 02:00:00,25602.402,28243.402,37895.207,27818.81,31690.45
2022-05-23 03:00:00,25602.402,28244.66,37895.207,27820.256,31691.096
2022-05-23 04:00:00,25602.402,28245.992,37895.207,27820.898,31691.758
2022-05-23 05:00:00,25602.402,28246.03,37895.207,27820.969,31691.758
2022-05-23 06:00:00,25602.402,28246.03,37895.207,27820.969,31691.758
2022-05-23 07:00:00,25602.402,28246.03,37895.207,27820.969,31692.518
2022-05-23 08:00:00,25602.402,28246.03,37895.23,27821.678,31693.418
2022-05-23 09:00:00,25602.402,28246.03,37895.23,27822.424,31693.418
2022-05-23 10:00:00,25602.402,28246.03,37895.23,27823.408,31693.418
2022-05-23 11:00:00,25602.402,28246.03,37895.23,27824.994,31693.463
2022-05-23 12:00:00,25602.793,28246.03,37895.23,27825.975,31693.797
2022-05-23 13:00:00,25603.705,28246.3,37895.23,27827.607,31695.22
2022-05-23 14:00:00,25605.084,28246.941,37895.258,27829.197,31696.914
2022-05-23 15:00:00,25606.494,28248.352,37895.37,27832.002,31698.662
2022-05-23 16:00:00,25608.357,28249.898,37895.395,27835.148,31699.959
2022-05-23 17:00:00,25610.758,28251.355,37895.656,27838.174,31701.248
2022-05-23 18:00:00,25613.576,28252.768,37896.14,27841.082,31703.156
2022-05-23 19:00:00,25615.43,28254.455,37896.14,27843.113,31704.594
2022-05-23 20:00:00,25616.955,28255.986,37896.14,27844.809,31705.877
2022-05-23 21:00:00,25618.389,28257.414,37896.14,27846.432,31707.078
2022-05-23 22:00:00,25619.729,28258.758,37896.14,27848.2,31708.201
2022-05-23 23:00:00,25621.156,28260.025,37896.14,27850.305,31709.299
2022-05-24 00:00:00,25622.91,28261.068,37896.14,27851.76,31710.43
2022-05-24 01:00:00,25624.572,28261.82,37896.14,27853.424,31711.824
2022-05-24 02:00:00,25626.32,28262.463,37896.14,27854.979,31713.291
2022-05-24 03:00:00,25628.1,28262.768,37896.14,27855.271,31714.783
2022-05-24 04:00:00,25629.873,28262.768,37896.707,27856.207,31715.406
2022-05-24 05:00:00,25632.814,28262.906,37899.586,27858.557,31715.406
2022-05-24 06:00:00,25635.908,28264.13,37902.418,27861.518,31715.842
2022-05-24 07:00:00,25637.764,28264.395,37905.406,27863.408,31715.842
2022-05-24 08:00:00,25639.387,28265.443,37907.41,27865.156,31715.842
2022-05-24 09:00:00,25641.03,28268.893,37907.586,27868.023,31715.842
2022-05-24 10:00:00,25642.646,28272.527,37910.305,27869.934,31715.842
2022-05-24 11:00:00,25644.111,28276.98,37914.242,27871.904,31716.436
2022-05-24 12:00:00,25646.53,28282.709,37920.08,27873.723,31717.963
2022-05-24 13:00:00,25648.541,28287.885,37926.047,27875.586,31719.744
2022-05-24 14:00:00,25650.275,28291.678,37929.88,27877.719,31720.662
2022-05-24 15:00:00,25653.16,28292.688,37933.496,27879.78,31720.662
2022-05-24 16:00:00,25655.781,28294.016,37934.32,27881.602,31720.846
2022-05-24 17:00:00,25657.533,28295.633,37935.824,27884.162,31720.941
2022-05-24 18:00:00,25660.01,28295.633,37936.55,27886.28,31720.941
2022-05-24 19:00:00,25662.605,28295.633,37936.55,27887.266,31720.941
2022-05-24 20:00:00,25663.67,28295.633,37936.55,27887.266,31720.941
2022-05-24 21:00:00,25663.67,28295.633,37936.55,27887.266,31720.959
2022-05-24 22:00:00,25663.67,28295.633,37936.55,27887.266,31720.97
2022-05-24 23:00:00,25663.67,28295.633,37936.55,27887.266,31721.084
2022-05-25 00:00:00,25663.67,28295.633,37936.55,27887.266,31721.135
2022-05-25 01:00:00,25663.67,28295.633,37936.55,27887.266,31721.135
2022-05-25 02:00:00,25663.67,28295.633,37936.55,27887.266,31721.135
2022-05-25 03:00:00,25663.67,28295.633,37938.152,27887.3,31721.135
2022-05-25 04:00:00,25663.67,28295.633,37938.637,27887.3,31721.135
2022-05-25 05:00:00,25663.67,28295.633,37938.637,27887.3,31721.135
2022-05-25 06:00:00,25663.67,28295.633,37938.637,27887.3,31721.135
2022-05-25 07:00:00,25663.67,28295.633,37938.637,27887.3,31721.135
2022-05-25 08:00:00,25663.67,28295.723,37938.637,27887.3,31721.135
2022-05-25 09:00:00,25663.67,28295.889,37938.637,27887.3,31721.135
2022-05-25 10:00:00,25663.67,28295.932,37938.637,27887.3,31721.135
2022-05-25 11:00:00,25663.67,28296.256,37938.637,27887.3,31721.135
2022-05-25 12:00:00,25663.67,28296.256,37938.637,27887.3,31721.135
2022-05-25 13:00:00,25663.67,28296.256,37938.637,27887.3,31721.135
2022-05-25 14:00:00,25663.67,28296.256,37938.637,27887.3,31721.135
2022-05-25 15:00:00,25663.67,28296.256,37938.637,27887.3,31721.135
2022-05-25 16:00:00,25663.67,28296.256,37938.637,27887.3,31721.135
2022-05-25 17:00:00,25663.67,28296.398,37938.637,27887.3,31721.135
2022-05-25 18:00:00,25663.67,28296.398,37938.637,27887.3,31721.135
2022-05-25 19:00:00,25663.67,28296.398,37938.637,27887.3,31721.135
2022-05-25 20:00:00,25663.67,28296.398,37938.637,27887.3,31721.135
2022-05-25 21:00:00,25663.67,28296.527,37938.637,27887.3,31721.135
2022-05-25 22:00:00,25663.67,28296.547,37938.637,27887.3,31721.135
2022-05-25 23:00:00,25663.67,28296.547,37938.637,27887.3,31721.135
2022-05-26 00:00:00,25663.75,28296.547,37938.637,27887.3,31721.135
2022-05-26 01:00:00,25664.041,28296.547,37938.637,27887.3,31721.135
2022-05-26 02:00:00,25664.041,28296.547,37938.637,27887.3,31721.135
2022-05-26 03:00:00,25664.041,28296.547,37938.637,27887.3,31721.135
2022-05-26 04:00:00,25664.041,28296.547,37938.637,27887.3,31721.135
2022-05-26 05:00:00,25664.041,28296.547,37938.637,27887.3,31721.135
2022-05-26 06:00:00,25664.041,28296.547,37938.637,27887.3,31721.492
2022-05-26 07:00:00,25664.041,28296.805,37938.773,27887.426,31721.756
2022-05-26 08:00:00,25664.041,28296.805,37939.223,27887.426,31722.14
2022-05-26 09:00:00,25664.596,28297.148,37939.875,27887.451,31722.428
2022-05-26 10:00:00,25664.596,28297.148,37940.863,27887.582,31722.428
2022-05-26 11:00:00,25664.596,28297.148,37941.17,27887.582,31724.77
2022-05-26 12:00:00,25664.596,28297.148,37941.215,27887.582,31724.78
2022-05-26 13:00:00,25664.596,28297.148,37941.215,27887.582,31724.78
2022-05-26 14:00:00,25664.596,28297.295,37941.215,27887.582,31724.78
2022-05-26 15:00:00,25664.596,28297.863,37941.215,27887.604,31724.78
2022-05-26 16:00:00,25664.596,28297.863,37941.215,27887.604,31725.98
2022-05-26 17:00:00,25664.596,28297.863,37941.285,27887.89,31726.3
2022-05-26 18:00:00,25664.596,28297.863,37941.348,27887.89,31726.3
2022-05-26 19:00:00,25664.596,28297.863,37941.348,27887.89,31726.338
2022-05-26 20:00:00,25664.596,28298.219,37941.348,27887.89,31727.088
2022-05-26 21:00:00,25664.596,28298.674,37941.348,27887.89,31727.098
2022-05-26 22:00:00,25664.596,28298.674,37941.348,27887.89,31727.383
2022-05-26 23:00:00,25664.596,28298.674,37941.348,27887.89,31727.957
2022-05-27 00:00:00,25664.596,28298.674,37941.348,27887.89,31728.441
2022-05-27 01:00:00,25664.596,28298.674,37941.348,27887.89,31728.441
2022-05-27 02:00:00,25664.596,28298.674,37941.348,27887.89,31728.441
2022-05-27 03:00:00,25664.596,28298.674,37941.348,27887.89,31728.441
2022-05-27 04:00:00,25664.596,28298.674,37941.348,27887.89,31728.441
2022-05-27 05:00:00,25664.596,28298.674,37941.348,27887.89,31728.441
2022-05-27 06:00:00,25664.596,28298.674,37941.348,27887.89,31728.441
2022-05-27 07:00:00,25664.596,28298.674,37941.348,27887.89,31728.441
2022-05-27 08:00:00,25664.596,28298.674,37941.348,27887.89,31728.441
2022-05-27 09:00:00,25664.596,28298.674,37941.348,27887.89,31728.441
2022-05-27 10:00:00,25664.596,28298.674,37941.348,27887.89,31728.441
2022-05-27 11:00:00,25664.596,28298.674,37941.348,27887.89,31728.441
2022-05-27 12:00:00,25664.596,28298.674,37941.348,27887.89,31728.441
2022-05-27 13:00:00,25664.596,28298.674,37941.543,27887.89,31729.436
2022-05-27 14:00:00,25664.596,28298.674,37941.543,27887.89,31729.455
2022-05-27 15:00:00,25664.596,28298.674,37941.543,27887.89,31729.467
2022-05-27 16:00:00,25664.596,28298.674,37941.543,27887.89,31729.467
2022-05-27 17:00:00,25664.596,28298.674,37941.605,27887.89,31729.51
2022-05-27 18:00:00,25664.596,28298.674,37941.605,27887.89,31729.51
2022-05-27 19:00:00,25664.596,28298.674,37941.605,27887.89,31729.51
2022-05-27 20:00:00,25664.596,28298.674,37941.605,27887.89,31729.51
2022-05-27 21:00:00,25664.596,28298.674,37941.605,27887.89,31729.51
2022-05-27 22:00:00,25664.596,28298.674,37941.605,27887.89,31729.51
2022-05-27 23:00:00,25664.596,28298.674,37941.605,27887.89,31729.516
2022-05-28 00:00:00,25664.596,28298.674,37941.605,27887.89,31729.717
2022-05-28 01:00:00,25664.596,28298.674,37941.605,27887.89,31729.717
2022-05-28 02:00:00,25664.596,28298.674,37941.605,27887.89,31730.107
2022-05-28 03:00:00,25664.596,28298.959,37941.605,27887.89,31732.012
2022-05-28 04:00:00,25664.596,28299.02,37941.605,27887.89,31734.746
2022-05-28 05:00:00,25664.596,28299.02,37941.605,27887.89,31736.373
2022-05-28 06:00:00,25664.596,28299.02,37941.605,27887.89,31736.502
2022-05-28 07:00:00,25664.596,28299.02,37941.605,27887.89,31736.502
2022-05-28 08:00:00,25664.596,28299.02,37941.605,27887.89,31736.547
2022-05-28 09:00:00,25664.596,28299.02,37941.605,27887.89,31736.562
2022-05-28 10:00:00,25664.596,28299.02,37941.605,27887.89,31736.562
2022-05-28 11:00:00,25664.596,28299.02,37941.605,27887.89,31736.562
2022-05-28 12:00:00,25664.596,28299.02,37941.605,27887.89,31736.562
2022-05-28 13:00:00,25664.596,28299.02,37941.605,27887.89,31736.562
2022-05-28 14:00:00,25664.596,28299.02,37941.605,27887.89,31736.562
2022-05-28 15:00:00,25664.596,28299.02,37941.605,27887.89,31736.562
2022-05-28 16:00:00,25664.596,28299.02,37941.605,27887.89,31736.562
2022-05-28 17:00:00,25664.596,28299.02,37941.605,27887.89,31736.562
2022-05-28 18:00:00,25664.596,28299.02,37941.605,27887.89,31736.562
2022-05-28 19:00:00,25664.596,28299.02,37941.605,27887.89,31736.562
2022-05-28 20:00:00,25664.596,28299.02,37941.605,27887.89,31736.562
2022-05-28 21:00:00,25664.596,28299.02,37941.605,27887.89,31736.562
2022-05-28 22:00:00,25664.596,28299.02,37941.605,27887.89,31736.562
2022-05-28 23:00:00,25664.596,28299.02,37941.605,27887.89,31736.562
2022-05-29 00:00:00,25664.596,28299.02,37941.605,27887.89,31736.562
2022-05-29 01:00:00,25664.596,28299.02,37941.605,27887.89,31736.562
2022-05-29 02:00:00,25664.596,28299.02,37941.605,27887.89,31736.562
2022-05-29 03:00:00,25664.596,28299.02,37941.605,27887.89,31736.562
2022-05-29 04:00:00,25664.596,28299.02,37941.605,27887.89,31736.562
2022-05-29 05:00:00,25664.596,28299.02,37941.605,27887.89,31736.562
2022-05-29 06:00:00,25664.596,28299.02,37941.605,27887.89,31736.562
2022-05-29 07:00:00,25664.596,28299.02,37941.605,27887.89,31737.033
2022-05-29 08:00:00,25664.596,28299.02,37941.605,27887.89,31737.29
2022-05-29 09:00:00,25664.596,28299.02,37941.883,27887.89,31737.486
2022-05-29 10:00:00,25664.596,28299.02,37941.883,27887.89,31737.486
2022-05-29 11:00:00,25664.596,28299.02,37941.883,27887.89,31737.486
2022-05-29 12:00:00,25664.596,28299.02,37941.883,27887.89,31737.486
2022-05-29 13:00:00,25664.596,28299.02,37941.883,27887.89,31737.486
2022-05-29 14:00:00,25664.596,28299.02,37941.883,27887.89,31737.486
2022-05-29 15:00:00,25664.596,28299.02,37941.883,27887.89,31737.486
2022-05-29 16:00:00,25664.596,28299.02,37941.883,27887.89,31737.486
2022-05-29 17:00:00,25664.596,28299.02,37941.883,27887.89,31737.486
2022-05-29 18:00:00,25664.596,28299.02,37941.883,27887.89,31737.486
2022-05-29 19:00:00,25664.596,28299.02,37941.883,27887.89,31737.486
2022-05-29 20:00:00,25664.596,28299.02,37941.883,27887.89,31737.486
2022-05-29 21:00:00,25664.596,28299.02,37941.883,27887.89,31737.486
2022-05-29 22:00:00,25664.596,28299.02,37941.883,27887.89,31737.486
2022-05-29 23:00:00,25664.596,28299.02,37941.883,27887.89,31737.486
2022-05-30 00:00:00,25664.596,28299.02,37941.883,27887.89,31737.486
2022-05-30 01:00:00,25664.596,28299.02,37941.883,27887.89,31737.486
2022-05-30 02:00:00,25664.596,28299.02,37941.883,27887.89,31737.486
2022-05-30 03:00:00,25664.596,28299.02,37941.883,27887.89,31737.486
2022-05-30 04:00:00,25664.596,28299.02,37941.883,27887.89,31737.486
2022-05-30 05:00:00,25664.596,28299.02,37941.883,27887.89,31737.486
2022-05-30 06:00:00,25664.596,28299.02,37941.883,27887.89,31737.486
2022-05-30 07:00:00,25664.596,28299.02,37941.883,27887.89,31737.486
2022-05-30 08:00:00,25664.596,28299.02,37941.883,27887.89,31737.486
2022-05-30 09:00:00,25664.596,28299.02,37941.883,27887.89,31737.486
2022-05-30 10:00:00,25664.596,28299.02,37941.883,27887.89,31737.486
2022-05-30 11:00:00,25664.596,28299.02,37941.883,27887.89,31737.486
2022-05-30 12:00:00,25664.596,28299.02,37941.883,27887.89,31737.486
2022-05-30 13:00:00,25664.596,28299.02,37941.883,27887.89,31737.486
2022-05-30 14:00:00,25665.316,28299.02,37941.883,27887.89,31737.486
2022-05-30 15:00:00,25665.316,28299.02,37941.883,27887.89,31737.486
2022-05-30 16:00:00,25665.316,28299.02,37941.883,27887.934,31737.486
2022-05-30 17:00:00,25665.316,28299.02,37941.906,27887.975,31737.486
2022-05-30 18:00:00,25665.316,28299.02,37941.906,27887.975,31737.486
2022-05-30 19:00:00,25665.316,28299.02,37941.906,27888.291,31737.486
2022-05-30 20:00:00,25665.316,28299.02,37941.906,27888.867,31737.486
2022-05-30 21:00:00,25665.316,28299.02,37941.906,27888.867,31737.486
2022-05-30 22:00:00,25665.316,28299.02,37941.906,27888.867,31737.486
2022-05-30 23:00:00,25665.316,28299.02,37941.906,27888.867,31737.486
2022-05-31 00:00:00,25665.316,28299.02,37941.906,27888.867,31737.486
2022-05-31 01:00:00,25665.316,28299.02,37941.906,27888.867,31737.486
2022-05-31 02:00:00,25665.316,28299.02,37941.906,27888.867,31737.486
2022-05-31 03:00:00,25665.316,28299.02,37941.906,27888.867,31737.486
2022-05-31 04:00:00,25665.316,28299.02,37941.906,27888.867,31737.486
2022-05-31 05:00:00,25665.316,28299.02,37941.906,27888.867,31737.486
2022-05-31 06:00:00,25665.316,28299.02,37941.906,27888.867,31737.486
2022-05-31 07:00:00,25665.316,28299.02,37941.906,27888.867,31737.486
2022-05-31 08:00:00,25665.316,28299.02,37941.906,27888.867,31737.486
2022-05-31 09:00:00,25665.316,28299.02,37941.906,27888.867,31737.486
2022-05-31 10:00:00,25665.316,28299.02,37941.906,27888.867,31737.486
2022-05-31 11:00:00,25665.316,28299.02,37941.906,27888.867,31737.486
2022-05-31 12:00:00,25665.316,28299.02,37941.906,27888.867,31737.486
2022-05-31 13:00:00,25665.316,28299.02,37941.906,27888.867,31737.486
2022-05-31 14:00:00,25665.316,28299.02,37941.906,27888.867,31737.486
2022-05-31 15:00:00,25665.316,28299.02,37941.906,27888.867,31737.486
2022-05-31 16:00:00,25665.316,28299.02,37941.906,27888.867,31737.486
2022-05-31 17:00:00,25665.316,28299.02,37941.906,27888.867,31737.486
2022-05-31 18:00:00,25665.316,28299.02,37941.906,27888.867,31737.486
2022-05-31 19:00:00,25665.316,28299.02,37941.906,27888.867,31737.486
2022-05-31 20:00:00,25665.316,28299.02,37941.906,27888.867,31737.486
2022-05-31 21:00:00,25665.316,28299.02,37941.906,27888.867,31737.486
2022-05-31 22:00:00,25665.316,28299.02,37941.906,27888.867,31737.486
2022-05-31 23:00:00,25665.316,28299.02,37941.906,27888.867,31737.486
2022-06-01 00:00:00,25665.316,28299.02,37941.906,27888.867,31737.486
2022-06-01 01:00:00,25665.316,28299.02,37941.906,27888.867,31737.486
2022-06-01 02:00:00,25665.342,28299.02,37941.906,27888.867,31737.486
2022-06-01 03:00:00,25665.92,28299.02,37941.906,27889.275,31737.486
2022-06-01 04:00:00,25665.92,28299.197,37941.906,27889.893,31737.486
2022-06-01 05:00:00,25665.92,28299.213,37941.906,27889.893,31737.486
2022-06-01 06:00:00,25665.92,28299.213,37941.906,27889.893,31737.486
2022-06-01 07:00:00,25665.92,28299.213,37941.906,27889.893,31737.486
2022-06-01 08:00:00,25665.92,28299.213,37941.906,27889.893,31737.486
2022-06-01 09:00:00,25665.92,28299.213,37941.906,27889.893,31737.486
2022-06-01 10:00:00,25665.92,28299.213,37941.906,27889.893,31737.486
2022-06-01 11:00:00,25665.92,28299.213,37942.03,27889.893,31737.664
2022-06-01 12:00:00,25666.045,28299.479,37944.1,27890.938,31738.818
2022-06-01 13:00:00,25666.387,28299.846,37947.18,27891.307,31739.63
2022-06-01 14:00:00,25666.746,28299.846,37950.855,27892.17,31740.668
2022-06-01 15:00:00,25666.945,28300.225,37953.047,27892.865,31741.861
2022-06-01 16:00:00,25666.945,28300.225,37955.785,27892.865,31742.16
2022-06-01 17:00:00,25666.945,28300.248,37956.105,27892.873,31742.543
2022-06-01 18:00:00,25667.074,28300.416,37956.105,27892.873,31742.543
2022-06-01 19:00:00,25667.266,28300.416,37956.105,27892.873,31742.543
2022-06-01 20:00:00,25667.266,28300.416,37956.105,27892.873,31742.543
2022-06-01 21:00:00,25667.266,28300.416,37956.105,27892.873,31742.543
2022-06-01 22:00:00,25667.266,28300.416,37956.105,27892.873,31742.543
2022-06-01 23:00:00,25667.291,28300.416,37956.105,27892.873,31742.543
2022-06-02 00:00:00,25667.998,28300.416,37956.105,27892.873,31742.543
2022-06-02 01:00:00,25667.998,28300.416,37956.105,27892.873,31742.543
2022-06-02 02:00:00,25667.998,28300.416,37956.105,27892.873,31742.543
2022-06-02 03:00:00,25667.998,28300.416,37956.105,27892.873,31742.594
2022-06-02 04:00:00,25668.494,28300.416,37956.105,27892.873,31743.371
2022-06-02 05:00:00,25668.504,28300.416,37956.105,27892.873,31743.371
2022-06-02 06:00:00,25668.65,28300.416,37956.105,27892.873,31743.371
2022-06-02 07:00:00,25669.043,28300.416,37956.105,27892.873,31743.809
2022-06-02 08:00:00,25669.043,28300.416,37956.105,27892.873,31743.809
2022-06-02 09:00:00,25669.043,28300.416,37956.105,27893.154,31743.809
2022-06-02 10:00:00,25669.043,28300.416,37956.105,27893.154,31743.809
2022-06-02 11:00:00,25669.043,28300.416,37956.105,27893.154,31743.809
2022-06-02 12:00:00,25669.043,28300.865,37956.105,27893.154,31744.064
2022-06-02 13:00:00,25669.043,28303.047,37956.105,27893.154,31744.24
2022-06-02 14:00:00,25669.043,28303.928,37956.105,27893.719,31744.24
2022-06-02 15:00:00,25669.043,28303.928,37956.152,27893.719,31744.334
2022-06-02 16:00:00,25669.043,28303.928,37957.594,27893.719,31744.334
2022-06-02 17:00:00,25669.57,28303.928,37959.293,27893.729,31744.379
2022-06-02 18:00:00,25669.836,28304.12,37959.605,27893.742,31744.379
2022-06-02 19:00:00,25670.543,28304.334,37961.805,27894.066,31744.379
2022-06-02 20:00:00,25671.736,28304.334,37963.07,27894.365,31744.379
2022-06-02 21:00:00,25672.59,28304.334,37964.12,27894.838,31744.379
2022-06-02 22:00:00,25673.537,28304.334,37964.12,27894.838,31744.379
2022-06-02 23:00:00,25673.537,28304.334,37964.12,27894.838,31744.379
2022-06-03 00:00:00,25673.537,28304.334,37964.12,27894.838,31744.379
2022-06-03 01:00:00,25673.537,28304.334,37964.12,27894.838,31744.379
2022-06-03 02:00:00,25673.537,28304.334,37964.12,27894.838,31744.379
2022-06-03 03:00:00,25673.537,28304.334,37964.14,27894.838,31744.379
2022-06-03 04:00:00,25673.537,28304.334,37964.14,27894.838,31744.379
2022-06-03 05:00:00,25673.537,28304.334,37964.14,27894.838,31744.379
2022-06-03 06:00:00,25673.537,28304.334,37964.14,27894.838,31744.379
2022-06-03 07:00:00,25673.537,28304.334,37964.14,27894.838,31744.379
2022-06-03 08:00:00,25673.537,28304.334,37964.14,27894.838,31744.379
2022-06-03 09:00:00,25673.537,28304.334,37964.14,27894.838,31744.379
2022-06-03 10:00:00,25673.537,28304.334,37964.14,27894.838,31744.379
2022-06-03 11:00:00,25673.537,28304.334,37964.14,27894.838,31744.379
2022-06-03 12:00:00,25673.537,28304.334,37964.14,27894.838,31744.379
2022-06-03 13:00:00,25673.537,28304.334,37964.14,27894.838,31744.379
2022-06-03 14:00:00,25673.537,28304.334,37964.14,27894.838,31744.379
2022-06-03 15:00:00,25673.537,28304.334,37964.14,27894.838,31744.379
2022-06-03 16:00:00,25673.537,28304.334,37964.14,27894.838,31744.379
2022-06-03 17:00:00,25673.537,28304.334,37964.14,27894.838,31744.379
2022-06-03 18:00:00,25673.537,28304.334,37964.14,27894.838,31744.379
2022-06-03 19:00:00,25673.537,28304.334,37964.14,27894.838,31744.379
2022-06-03 20:00:00,25673.537,28304.334,37964.14,27894.838,31744.379
2022-06-03 21:00:00,25673.537,28304.334,37964.14,27894.838,31744.379
2022-06-03 22:00:00,25673.537,28304.334,37964.14,27894.838,31744.379
2022-06-03 23:00:00,25673.537,28304.334,37964.14,27894.838,31744.379
2022-06-04 00:00:00,25673.537,28304.334,37964.14,27894.838,31744.379
2022-06-04 01:00:00,25673.537,28304.334,37964.14,27894.838,31744.379
2022-06-04 02:00:00,25673.537,28304.334,37964.14,27894.838,31744.379
2022-06-04 03:00:00,25673.537,28304.334,37964.14,27894.838,31744.379
2022-06-04 04:00:00,25673.537,28304.334,37964.14,27894.838,31744.379
2022-06-04 05:00:00,25673.537,28304.334,37964.14,27894.838,31744.379
2022-06-04 06:00:00,25673.537,28304.334,37964.14,27894.838,31744.379
2022-06-04 07:00:00,25673.537,28304.334,37964.14,27894.838,31744.379
2022-06-04 08:00:00,25673.537,28304.334,37964.14,27894.838,31744.379
2022-06-04 09:00:00,25673.537,28304.334,37964.14,27894.838,31744.379
2022-06-04 10:00:00,25673.537,28304.334,37964.14,27894.838,31744.379
2022-06-04 11:00:00,25673.537,28304.334,37964.14,27894.838,31744.379
2022-06-04 12:00:00,25673.537,28304.334,37964.14,27894.838,31744.379
2022-06-04 13:00:00,25673.537,28304.334,37964.14,27894.838,31744.379
2022-06-04 14:00:00,25673.537,28304.334,37964.14,27894.838,31744.379
2022-06-04 15:00:00,25673.537,28304.334,37964.14,27894.838,31744.379
2022-06-04 16:00:00,25673.537,28304.334,37964.14,27894.838,31744.379
2022-06-04 17:00:00,25673.537,28304.334,37964.14,27894.838,31744.379
2022-06-04 18:00:00,25673.537,28304.334,37964.14,27894.838,31744.379
2022-06-04 19:00:00,25673.537,28304.334,37964.14,27894.838,31744.379
2022-06-04 20:00:00,25673.537,28304.334,37964.14,27894.838,31744.379
2022-06-04 21:00:00,25673.537,28304.334,37964.14,27894.838,31744.379
2022-06-04 22:00:00,25673.537,28304.334,37964.14,27894.838,31744.379
2022-06-04 23:00:00,25673.537,28304.334,37964.14,27894.838,31744.379
2022-06-05 00:00:00,25673.537,28304.334,37964.14,27894.838,31744.379
2022-06-05 01:00:00,25673.537,28304.334,37964.14,27894.838,31744.379
2022-06-05 02:00:00,25673.537,28304.334,37964.14,27894.838,31744.379
2022-06-05 03:00:00,25673.537,28304.334,37964.14,27894.838,31744.379
2022-06-05 04:00:00,25673.537,28304.334,37964.14,27894.838,31744.438
2022-06-05 05:00:00,25673.537,28304.334,37964.14,27894.838,31744.562
2022-06-05 06:00:00,25673.537,28304.334,37964.14,27894.838,31744.562
2022-06-05 07:00:00,25673.537,28304.334,37964.14,27894.838,31744.562
2022-06-05 08:00:00,25673.537,28304.334,37964.14,27894.838,31744.562
2022-06-05 09:00:00,25673.537,28304.334,37964.14,27894.838,31744.562
2022-06-05 10:00:00,25673.537,28304.334,37964.14,27894.838,31744.562
2022-06-05 11:00:00,25673.537,28304.334,37964.14,27894.838,31744.562
2022-06-05 12:00:00,25673.537,28304.334,37964.14,27894.838,31744.562
2022-06-05 13:00:00,25673.537,28304.334,37964.14,27894.838,31744.562
2022-06-05 14:00:00,25673.537,28304.334,37964.14,27894.838,31744.562
2022-06-05 15:00:00,25673.537,28304.334,37964.14,27894.838,31744.562
2022-06-05 16:00:00,25673.537,28304.334,37964.14,27894.838,31744.562
2022-06-05 17:00:00,25673.537,28304.334,37964.14,27894.838,31744.562
2022-06-05 18:00:00,25673.537,28304.334,37964.14,27894.838,31744.562
2022-06-05 19:00:00,25673.537,28304.334,37964.14,27894.838,31744.562
2022-06-05 20:00:00,25673.537,28304.334,37964.14,27894.838,31744.562
2022-06-05 21:00:00,25673.537,28304.334,37964.14,27894.838,31744.562
2022-06-05 22:00:00,25673.537,28304.334,37964.14,27894.838,31744.562
2022-06-05 23:00:00,25673.537,28304.334,37964.14,27894.838,31744.562
2022-06-06 00:00:00,25673.537,28304.334,37964.14,27894.838,31744.562
2022-06-06 01:00:00,25673.537,28304.334,37964.14,27894.838,31744.562
2022-06-06 02:00:00,25673.537,28304.334,37964.14,27894.838,31744.562
2022-06-06 03:00:00,25673.537,28304.334,37964.14,27894.838,31744.562
2022-06-06 04:00:00,25673.537,28304.334,37964.14,27894.838,31744.562
2022-06-06 05:00:00,25673.537,28304.334,37964.14,27894.838,31744.562
2022-06-06 06:00:00,25673.537,28304.334,37964.14,27894.838,31744.562
2022-06-06 07:00:00,25673.537,28304.334,37964.14,27894.838,31744.562
2022-06-06 08:00:00,25673.537,28304.334,37964.14,27894.838,31744.562
2022-06-06 09:00:00,25673.537,28304.334,37964.14,27894.838,31744.562
2022-06-06 10:00:00,25673.537,28304.334,37964.14,27894.838,31744.562
2022-06-06 11:00:00,25673.537,28304.334,37964.14,27894.838,31744.562
2022-06-06 12:00:00,25673.537,28304.334,37964.14,27894.838,31744.562
2022-06-06 13:00:00,25673.537,28304.334,37964.14,27894.838,31744.562
2022-06-06 14:00:00,25673.537,28304.334,37964.14,27894.838,31744.562
2022-06-06 15:00:00,25673.537,28304.334,37964.14,27894.838,31744.562
2022-06-06 16:00:00,25673.537,28304.334,37964.14,27894.838,31744.562
2022-06-06 17:00:00,25673.537,28304.334,37964.14,27894.838,31744.562
2022-06-06 18:00:00,25673.537,28304.334,37964.14,27894.838,31744.562
2022-06-06 19:00:00,25673.537,28304.334,37964.14,27894.838,31744.562
2022-06-06 20:00:00,25673.537,28304.334,37964.14,27894.838,31744.562
2022-06-06 21:00:00,25673.537,28304.334,37964.14,27894.838,31744.562
2022-06-06 22:00:00,25673.537,28304.334,37964.14,27894.838,31744.562
2022-06-06 23:00:00,25673.537,28304.334,37964.14,27894.838,31744.562
2022-06-07 00:00:00,25673.537,28304.334,37964.14,27894.838,31744.562
2022-06-07 01:00:00,25673.537,28304.334,37964.14,27894.838,31744.562
2022-06-07 02:00:00,25673.537,28304.334,37964.14,27894.838,31744.562
2022-06-07 03:00:00,25673.537,28304.334,37964.14,27894.838,31744.562
2022-06-07 04:00:00,25673.537,28304.334,37964.14,27894.838,31744.562
2022-06-07 05:00:00,25673.537,28304.334,37964.14,27894.838,31744.562
2022-06-07 06:00:00,25673.537,28304.334,37964.14,27894.838,31744.562
2022-06-07 07:00:00,25673.537,28304.334,37964.14,27894.838,31744.562
2022-06-07 08:00:00,25673.537,28304.334,37964.14,27894.838,31744.562
2022-06-07 09:00:00,25673.537,28304.334,37964.14,27894.838,31744.562
2022-06-07 10:00:00,25673.537,28304.334,37964.14,27894.838,31744.562
2022-06-07 11:00:00,25673.537,28304.334,37964.14,27894.838,31744.562
2022-06-07 12:00:00,25673.537,28304.334,37964.14,27894.838,31744.562
2022-06-07 13:00:00,25673.537,28304.334,37964.14,27894.838,31744.562
2022-06-07 14:00:00,25673.537,28304.334,37964.14,27894.838,31744.562
2022-06-07 15:00:00,25673.537,28304.334,37964.14,27894.838,31744.562
2022-06-07 16:00:00,25673.537,28304.334,37964.14,27894.838,31744.562
2022-06-07 17:00:00,25673.537,28304.334,37964.14,27894.838,31744.562
2022-06-07 18:00:00,25673.537,28304.334,37964.14,27894.838,31744.562
2022-06-07 19:00:00,25673.537,28304.334,37964.14,27894.838,31744.562
2022-06-07 20:00:00,25673.537,28304.334,37964.14,27894.838,31744.562
2022-06-07 21:00:00,25673.537,28304.334,37964.14,27894.838,31744.562
2022-06-07 22:00:00,25673.537,28304.334,37964.14,27894.838,31744.562
2022-06-07 23:00:00,25673.537,28304.334,37964.14,27894.838,31744.562
2022-06-08 00:00:00,25673.537,28304.334,37964.14,27894.838,31744.562
2022-06-08 01:00:00,25673.537,28304.334,37964.14,27894.838,31744.562
2022-06-08 02:00:00,25673.537,28304.334,37964.14,27894.838,31744.562
2022-06-08 03:00:00,25673.537,28304.334,37964.14,27894.838,31744.562
2022-06-08 04:00:00,25673.537,28304.334,37964.14,27894.838,31744.562
2022-06-08 05:00:00,25673.537,28304.334,37964.14,27894.838,31744.562
2022-06-08 06:00:00,25673.537,28304.334,37964.14,27894.838,31744.562
2022-06-08 07:00:00,25673.537,28304.334,37964.14,27894.838,31744.562
2022-06-08 08:00:00,25673.537,28304.334,37964.14,27894.838,31744.562
2022-06-08 09:00:00,25673.537,28304.334,37964.14,27894.838,31744.562
2022-06-08 10:00:00,25673.537,28304.334,37964.14,27894.838,31744.562
2022-06-08 11:00:00,25673.537,28304.334,37964.14,27894.838,31744.562
2022-06-08 12:00:00,25673.537,28304.334,37964.14,27894.838,31744.562
2022-06-08 13:00:00,25673.537,28304.334,37964.14,27894.838,31744.562
2022-06-08 14:00:00,25673.537,28304.334,37964.14,27894.838,31744.562
2022-06-08 15:00:00,25673.537,28304.334,37964.14,27894.838,31744.562
2022-06-08 16:00:00,25673.537,28304.334,37964.14,27894.838,31744.562
2022-06-08 17:00:00,25673.537,28304.334,37964.14,27894.838,31744.562
2022-06-08 18:00:00,25673.537,28304.334,37964.14,27894.838,31744.562
2022-06-08 19:00:00,25673.537,28304.334,37964.14,27894.838,31744.562
2022-06-08 20:00:00,25673.537,28304.334,37964.14,27894.838,31744.562
2022-06-08 21:00:00,25673.537,28304.334,37964.14,27894.838,31744.562
2022-06-08 22:00:00,25673.537,28304.334,37964.14,27894.838,31744.562
2022-06-08 23:00:00,25673.537,28304.334,37964.14,27894.838,31744.562
2022-06-09 00:00:00,25673.537,28304.334,37964.14,27894.838,31744.562
2022-06-09 01:00:00,25673.537,28304.334,37964.14,27894.838,31744.562
2022-06-09 02:00:00,25673.537,28304.334,37964.14,27894.838,31744.562
2022-06-09 03:00:00,25673.537,28304.334,37964.14,27894.838,31744.562
2022-06-09 04:00:00,25673.537,28304.334,37964.14,27894.838,31744.562
2022-06-09 05:00:00,25673.537,28304.334,37964.14,27894.838,31744.562
2022-06-09 06:00:00,25673.537,28304.334,37964.14,27894.838,31744.562
2022-06-09 07:00:00,25673.537,28304.334,37964.14,27894.838,31744.562
2022-06-09 08:00:00,25673.537,28304.334,37964.14,27894.838,31744.562
2022-06-09 09:00:00,25673.537,28304.334,37964.14,27894.838,31744.562
2022-06-09 10:00:00,25673.537,28304.334,37964.14,27894.838,31744.562
2022-06-09 11:00:00,25673.537,28304.334,37964.14,27894.838,31744.562
2022-06-09 12:00:00,25673.537,28304.334,37964.14,27894.838,31744.562
2022-06-09 13:00:00,25673.537,28304.334,37964.14,27894.838,31744.562
2022-06-09 14:00:00,25673.537,28304.334,37964.14,27894.838,31744.562
2022-06-09 15:00:00,25673.537,28304.334,37964.14,27894.838,31744.562
2022-06-09 16:00:00,25673.537,28304.334,37964.14,27894.838,31744.562
2022-06-09 17:00:00,25673.537,28304.334,37964.14,27894.838,31744.562
2022-06-09 18:00:00,25673.537,28304.334,37964.14,27894.838,31744.562
2022-06-09 19:00:00,25673.537,28304.334,37964.14,27894.838,31744.562
2022-06-09 20:00:00,25673.537,28304.334,37964.14,27894.838,31744.562
2022-06-09 21:00:00,25673.537,28304.334,37964.14,27894.838,31744.562
2022-06-09 22:00:00,25673.537,28304.334,37964.14,27894.838,31744.562
2022-06-09 23:00:00,25673.537,28304.334,37964.14,27894.838,31744.562
2022-06-10 00:00:00,25673.537,28304.334,37964.14,27894.838,31744.562
2022-06-10 01:00:00,25673.537,28304.334,37964.14,27894.838,31744.562
2022-06-10 02:00:00,25673.537,28304.334,37964.14,27894.838,31744.562
2022-06-10 03:00:00,25673.537,28304.334,37964.14,27894.838,31744.562
2022-06-10 04:00:00,25673.537,28304.334,37964.14,27894.838,31744.562
2022-06-10 05:00:00,25673.537,28304.334,37964.14,27894.838,31744.562
2022-06-10 06:00:00,25673.537,28304.334,37964.14,27894.838,31744.562
2022-06-10 07:00:00,25673.537,28304.334,37964.14,27895.57,31744.562
2022-06-10 08:00:00,25673.617,28304.334,37964.14,27895.57,31744.562
2022-06-10 09:00:00,25673.617,28304.334,37964.14,27895.57,31744.562
2022-06-10 10:00:00,25673.617,28304.334,37964.14,27895.57,31744.562
2022-06-10 11:00:00,25673.617,28304.648,37964.14,27895.57,31744.562
2022-06-10 12:00:00,25673.617,28305.0,37964.14,27895.57,31744.562
2022-06-10 13:00:00,25673.617,28305.0,37964.14,27895.57,31744.562
2022-06-10 14:00:00,25673.617,28305.0,37964.14,27895.57,31744.562
2022-06-10 15:00:00,25673.617,28305.0,37964.14,27895.57,31744.562
2022-06-10 16:00:00,25673.629,28305.078,37964.14,27895.57,31744.562
2022-06-10 17:00:00,25673.785,28305.35,37964.14,27895.57,31744.562
2022-06-10 18:00:00,25674.041,28305.35,37964.14,27895.57,31744.562
2022-06-10 19:00:00,25674.041,28305.35,37964.14,27895.57,31744.562
2022-06-10 20:00:00,25674.041,28305.35,37964.15,27895.822,31744.637
2022-06-10 21:00:00,25674.16,28305.35,37964.15,27895.828,31744.662
2022-06-10 22:00:00,25675.055,28305.35,37964.15,27896.012,31744.662
2022-06-10 23:00:00,25675.139,28305.35,37964.15,27896.012,31744.662
2022-06-11 00:00:00,25675.139,28305.35,37964.15,27896.012,31744.662
2022-06-11 01:00:00,25675.139,28305.35,37964.15,27896.012,31744.662
2022-06-11 02:00:00,25675.88,28305.35,37964.15,27896.766,31744.662
2022-06-11 03:00:00,25677.008,28305.35,37964.168,27896.766,31744.662
2022-06-11 04:00:00,25677.008,28305.35,37964.168,27896.766,31744.662
2022-06-11 05:00:00,25677.008,28305.35,37964.168,27896.766,31744.662
2022-06-11 06:00:00,25677.008,28305.35,37964.168,27896.766,31744.662
2022-06-11 07:00:00,25677.008,28305.35,37964.168,27896.766,31744.662
2022-06-11 08:00:00,25677.008,28305.35,37964.168,27896.766,31744.662
2022-06-11 09:00:00,25677.164,28305.35,37964.168,27896.766,31744.662
2022-06-11 10:00:00,25677.164,28305.35,37964.168,27896.766,31744.662
2022-06-11 11:00:00,25677.164,28305.35,37964.168,27896.766,31744.662
2022-06-11 12:00:00,25677.164,28307.385,37964.168,27896.766,31744.662
2022-06-11 13:00:00,25677.164,28309.441,37964.168,27896.766,31744.662
2022-06-11 14:00:00,25677.164,28309.652,37964.168,27896.766,31744.662
2022-06-11 15:00:00,25677.164,28309.652,37964.168,27896.766,31744.662
2022-06-11 16:00:00,25677.164,28309.652,37964.168,27896.766,31744.662
2022-06-11 17:00:00,25677.164,28309.791,37964.168,27896.766,31744.662
2022-06-11 18:00:00,25677.342,28312.174,37964.51,27897.15,31744.79
2022-06-11 19:00:00,25678.35,28314.088,37964.51,27899.537,31744.79
2022-06-11 20:00:00,25680.902,28314.516,37964.51,27900.598,31744.79
2022-06-11 21:00:00,25680.922,28314.97,37964.51,27901.594,31744.79
2022-06-11 22:00:00,25681.908,28315.148,37964.51,27903.014,31745.066
2022-06-11 23:00:00,25682.035,28315.262,37964.51,27904.572,31745.691
2022-06-12 00:00:00,25682.465,28318.365,37965.652,27906.607,31745.691
2022-06-12 01:00:00,25682.78,28318.365,37965.652,27906.846,31745.691
2022-06-12 02:00:00,25683.021,28318.365,37965.797,27908.605,31746.805
2022-06-12 03:00:00,25683.488,28319.518,37966.574,27910.943,31747.365
2022-06-12 04:00:00,25684.37,28321.156,37968.85,27912.688,31747.545
2022-06-12 05:00:00,25685.855,28322.809,37968.895,27914.074,31747.658
2022-06-12 06:00:00,25686.299,28323.055,37972.926,27916.113,31751.322
2022-06-12 07:00:00,25686.299,28323.447,37977.09,27917.518,31755.719
2022-06-12 08:00:00,25687.314,28324.258,37977.36,27919.309,31756.45
2022-06-12 09:00:00,25687.314,28324.258,37977.36,27919.312,31757.291
2022-06-12 10:00:00,25687.314,28324.328,37977.492,27919.908,31757.303
2022-06-12 11:00:00,25687.314,28324.328,37977.492,27919.908,31757.326
2022-06-12 12:00:00,25687.314,28324.328,37977.492,27919.932,31757.938
2022-06-12 13:00:00,25687.314,28324.328,37977.492,27919.932,31758.572
2022-06-12 14:00:00,25687.314,28324.361,37977.508,27919.932,31758.588
2022-06-12 15:00:00,25687.314,28324.361,37977.508,27920.104,31759.26
2022-06-12 16:00:00,25687.314,28324.383,37977.508,27920.104,31759.883
2022-06-12 17:00:00,25687.314,28324.383,37977.508,27920.104,31760.32
2022-06-12 18:00:00,25687.314,28324.383,37977.508,27920.104,31760.32
2022-06-12 19:00:00,25687.314,28324.383,37977.508,27920.104,31760.5
2022-06-12 20:00:00,25687.314,28324.383,37977.508,27920.104,31760.5
2022-06-12 21:00:00,25687.314,28324.383,37977.508,27920.104,31760.5
2022-06-12 22:00:00,25687.314,28324.383,37977.508,27920.104,31760.5
2022-06-12 23:00:00,25687.314,28324.559,37977.508,27920.104,31760.654
2022-06-13 00:00:00,25687.414,28325.686,37990.555,27920.516,31763.975
2022-06-13 01:00:00,25691.078,28327.64,38002.17,27921.25,31767.686
2022-06-13 02:00:00,25687.326,28324.818,37977.508,27920.104,31760.812
2022-06-13 03:00:00,25687.326,28324.992,37980.53,27920.236,31762.121
2022-06-13 04:00:00,25687.39,28325.484,37982.47,27920.33,31762.666
2022-06-13 05:00:00,25687.414,28325.592,37985.86,27920.33,31763.756
2022-06-13 06:00:00,25688.51,28326.006,37993.04,27920.518,31764.627
2022-06-13 07:00:00,25689.227,28326.504,37999.133,27920.727,31765.74
2022-06-13 08:00:00,25690.59,28327.162,38002.074,27921.035,31766.69
2022-06-13 09:00:00,25691.957,28328.146,38002.17,27921.967,31767.916
2022-06-13 10:00:00,25692.377,28329.771,38002.195,27922.094,31769.41
2022-06-13 11:00:00,25692.479,28330.258,38002.246,27922.219,31769.908
2022-06-13 12:00:00,25692.479,28330.277,38002.344,27922.354,31770.18
2022-06-13 13:00:00,25692.525,28330.549,38002.527,27922.367,31770.47
2022-06-13 14:00:00,25692.525,28330.584,38002.527,27922.648,31771.518
2022-06-13 15:00:00,25692.525,28330.584,38002.527,27922.648,31771.518
2022-06-13 16:00:00,25692.525,28330.584,38002.527,27922.648,31771.518
2022-06-13 17:00:00,25692.525,28330.584,38002.527,27922.746,31771.523
2022-06-13 18:00:00,25692.525,28330.584,38002.527,27922.746,31771.562
2022-06-13 19:00:00,25692.525,28330.584,38002.527,27922.746,31771.562
2022-06-13 20:00:00,25692.525,28330.584,38002.527,27922.746,31771.604
2022-06-13 21:00:00,25692.525,28330.584,38002.527,27922.746,31771.604
2022-06-13 22:00:00,25692.525,28330.584,38002.527,27922.746,31771.69
2022-06-13 23:00:00,25692.525,28330.584,38002.527,27922.746,31771.69
2022-06-14 00:00:00,25692.525,28330.584,38002.527,27922.746,31771.818
2022-06-14 01:00:00,25692.525,28330.584,38002.527,27922.746,31771.818
2022-06-14 02:00:00,25692.525,28330.584,38002.527,27922.746,31771.818
2022-06-14 03:00:00,25692.525,28330.584,38002.527,27922.746,31771.818
2022-06-14 04:00:00,25692.525,28330.584,38002.527,27922.746,31771.818
2022-06-14 05:00:00,25692.525,28330.584,38002.527,27922.746,31771.986
2022-06-14 06:00:00,25692.525,28330.584,38002.527,27922.746,31772.016
2022-06-14 07:00:00,25692.525,28330.584,38002.527,27922.746,31772.016
2022-06-14 08:00:00,25692.525,28330.584,38002.527,27922.746,31772.016
2022-06-14 09:00:00,25692.525,28330.584,38002.527,27922.746,31772.434
2022-06-14 10:00:00,25692.525,28330.584,38002.59,27922.746,31772.5
2022-06-14 11:00:00,25692.525,28330.584,38002.727,27922.746,31772.834
2022-06-14 12:00:00,25692.525,28330.584,38002.727,27922.746,31773.34
2022-06-14 13:00:00,25692.525,28330.584,38002.727,27922.746,31773.412
2022-06-14 14:00:00,25692.525,28330.584,38002.727,27922.746,31773.736
2022-06-14 15:00:00,25692.525,28330.584,38002.727,27922.746,31773.873
2022-06-14 16:00:00,25692.525,28330.898,38002.727,27922.746,31774.344
2022-06-14 17:00:00,25692.525,28331.02,38002.727,27922.746,31774.963
2022-06-14 18:00:00,25692.525,28331.125,38002.727,27922.746,31775.014
2022-06-14 19:00:00,25692.525,28331.125,38002.727,27922.746,31775.014
2022-06-14 20:00:00,25692.525,28331.125,38002.727,27922.746,31775.014
2022-06-14 21:00:00,25692.525,28331.125,38002.727,27922.746,31775.014
2022-06-14 22:00:00,25692.525,28331.125,38002.727,27922.746,31775.014
2022-06-14 23:00:00,25692.525,28331.125,38002.727,27922.746,31775.014
2022-06-15 00:00:00,25692.525,28331.125,38002.727,27922.746,31775.014
2022-06-15 01:00:00,25692.525,28331.125,38002.727,27922.746,31775.014
2022-06-15 02:00:00,25692.525,28331.125,38002.727,27922.746,31775.014
2022-06-15 03:00:00,25692.525,28331.125,38002.727,27922.746,31775.014
2022-06-15 04:00:00,25692.525,28331.125,38002.727,27922.746,31775.014
2022-06-15 05:00:00,25692.525,28331.125,38002.727,27922.746,31775.014
2022-06-15 06:00:00,25692.525,28331.125,38002.727,27922.746,31775.014
2022-06-15 07:00:00,25692.525,28331.125,38002.727,27922.746,31775.014
2022-06-15 08:00:00,25692.525,28331.125,38002.727,27922.746,31775.014
2022-06-15 09:00:00,25692.525,28331.125,38002.727,27922.746,31775.014
2022-06-15 10:00:00,25692.525,28331.125,38002.727,27922.746,31775.014
2022-06-15 11:00:00,25692.525,28331.125,38002.727,27922.746,31775.014
2022-06-15 12:00:00,25692.525,28331.125,38002.727,27922.746,31775.014
2022-06-15 13:00:00,25692.525,28331.125,38002.727,27922.746,31775.014
2022-06-15 14:00:00,25692.525,28331.125,38002.727,27922.746,31775.014
2022-06-15 15:00:00,25692.525,28331.125,38002.727,27922.746,31775.014
2022-06-15 16:00:00,25692.525,28332.11,38002.727,27922.746,31775.305
2022-06-15 17:00:00,25692.525,28332.328,38002.727,27923.541,31776.453
2022-06-15 18:00:00,25692.525,28332.328,38002.727,27924.389,31776.97
2022-06-15 19:00:00,25692.525,28332.328,38002.727,27924.66,31777.088
2022-06-15 20:00:00,25692.525,28332.328,38002.727,27924.66,31777.088
2022-06-15 21:00:00,25692.525,28332.328,38002.727,27924.66,31777.088
2022-06-15 22:00:00,25692.525,28332.328,38002.727,27924.66,31777.088
2022-06-15 23:00:00,25692.525,28332.328,38002.727,27924.66,31777.088
2022-06-16 00:00:00,25692.525,28332.328,38002.727,27924.66,31777.357
2022-06-16 01:00:00,25692.525,28332.328,38002.727,27924.66,31777.365
2022-06-16 02:00:00,25692.525,28332.328,38002.727,27924.66,31777.365
2022-06-16 03:00:00,25692.525,28332.328,38002.727,27924.66,31777.365
2022-06-16 04:00:00,25692.525,28332.328,38002.727,27924.66,31777.365
2022-06-16 05:00:00,25692.525,28332.328,38002.727,27924.66,31777.365
2022-06-16 06:00:00,25692.525,28333.152,38002.727,27924.697,31777.871
2022-06-16 07:00:00,25692.783,28333.31,38003.062,27924.709,31779.104
2022-06-16 08:00:00,25692.957,28333.318,38003.14,27925.576,31779.236
2022-06-16 09:00:00,25692.957,28333.947,38003.14,27925.576,31779.236
2022-06-16 10:00:00,25692.957,28333.947,38003.14,27925.576,31779.236
2022-06-16 11:00:00,25692.957,28333.947,38003.14,27925.576,31779.236
2022-06-16 12:00:00,25692.957,28333.947,38003.14,27925.576,31779.236
2022-06-16 13:00:00,25692.957,28333.947,38003.14,27925.576,31779.236
2022-06-16 14:00:00,25692.957,28333.947,38004.086,27925.576,31779.553
2022-06-16 15:00:00,25694.217,28333.947,38004.547,27925.576,31779.574
2022-06-16 16:00:00,25694.225,28333.947,38004.547,27925.576,31779.79
2022-06-16 17:00:00,25694.225,28334.371,38004.547,27925.762,31780.6
2022-06-16 18:00:00,25694.225,28334.371,38004.547,27925.762,31781.455
2022-06-16 19:00:00,25694.225,28334.371,38004.547,27925.762,31781.455
2022-06-16 20:00:00,25694.225,28334.371,38004.547,27925.762,31782.193
2022-06-16 21:00:00,25694.225,28334.371,38004.547,27925.762,31782.193
2022-06-16 22:00:00,25694.225,28334.371,38004.547,27925.762,31782.193
2022-06-16 23:00:00,25694.225,28334.371,38004.547,27925.762,31782.193
2022-06-17 00:00:00,25694.225,28334.453,38004.547,27925.762,31782.193
2022-06-17 01:00:00,25694.225,28334.459,38004.547,27925.762,31782.219
2022-06-17 02:00:00,25694.225,28334.459,38004.547,27925.762,31782.268
2022-06-17 03:00:00,25694.225,28334.459,38004.547,27925.762,31782.268
2022-06-17 04:00:00,25694.344,28334.459,38004.547,27925.762,31782.275
2022-06-17 05:00:00,25694.344,28334.459,38004.547,27925.762,31782.275
2022-06-17 06:00:00,25694.344,28334.604,38004.547,27925.768,31782.275
2022-06-17 07:00:00,25694.344,28334.604,38004.547,27925.896,31782.275
2022-06-17 08:00:00,25694.344,28334.604,38004.547,27925.896,31782.275
2022-06-17 09:00:00,25694.344,28334.604,38004.547,27925.896,31782.275
2022-06-17 10:00:00,25694.344,28334.604,38004.547,27925.896,31782.275
2022-06-17 11:00:00,25694.344,28334.604,38004.547,27925.896,31782.275
2022-06-17 12:00:00,25694.344,28335.396,38004.547,27925.92,31783.012
2022-06-17 13:00:00,25694.846,28337.533,38005.082,27927.922,31785.451
2022-06-17 14:00:00,25696.535,28340.012,38006.168,27931.854,31787.486
2022-06-17 15:00:00,25698.525,28341.64,38007.137,27934.828,31788.89
2022-06-17 16:00:00,25700.371,28343.182,38008.99,27937.64,31790.365
2022-06-17 17:00:00,25702.996,28344.79,38012.42,27940.654,31791.766
2022-06-17 18:00:00,25704.322,28345.223,38017.016,27941.691,31791.893
2022-06-17 19:00:00,25704.395,28345.223,38020.9,27941.77,31791.893
2022-06-17 20:00:00,25704.395,28345.223,38021.977,27941.979,31791.893
2022-06-17 21:00:00,25704.395,28345.223,38022.016,27941.979,31791.893
2022-06-17 22:00:00,25704.395,28345.223,38022.016,27941.979,31792.928
2022-06-17 23:00:00,25704.395,28345.223,38022.016,27941.979,31793.523
2022-06-18 00:00:00,25704.395,28345.223,38022.016,27941.979,31793.977
2022-06-18 01:00:00,25704.395,28345.223,38022.016,27941.979,31794.203
2022-06-18 02:00:00,25704.395,28345.223,38022.016,27941.979,31794.26
2022-06-18 03:00:00,25704.395,28345.223,38022.016,27941.979,31794.31
2022-06-18 04:00:00,25704.395,28345.223,38022.016,27942.062,31794.31
2022-06-18 05:00:00,25704.395,28345.223,38022.05,27942.068,31794.371
2022-06-18 06:00:00,25704.395,28345.273,38022.05,27942.068,31794.371
2022-06-18 07:00:00,25704.396,28346.05,38022.586,27942.068,31795.0
2022-06-18 08:00:00,25704.436,28346.771,38022.855,27942.068,31795.08
2022-06-18 09:00:00,25704.812,28347.588,38023.09,27942.89,31795.215
2022-06-18 10:00:00,25705.484,28347.588,38023.754,27943.629,31795.332
2022-06-18 11:00:00,25705.484,28347.875,38027.06,27943.873,31797.205
2022-06-18 12:00:00,25705.494,28348.201,38027.137,27945.758,31797.56
2022-06-18 13:00:00,25705.543,28348.201,38027.137,27945.758,31797.56
2022-06-18 14:00:00,25705.543,28348.201,38027.137,27945.758,31797.594
2022-06-18 15:00:00,25705.559,28348.201,38027.566,27945.87,31797.705
2022-06-18 16:00:00,25705.559,28348.494,38027.965,27946.152,31797.705
2022-06-18 17:00:00,25705.559,28348.494,38028.23,27946.152,31797.762
2022-06-18 18:00:00,25705.559,28348.494,38028.23,27946.152,31797.822
2022-06-18 19:00:00,25705.559,28350.402,38028.965,27947.25,31799.193
2022-06-18 20:00:00,25705.895,28350.42,38032.348,27948.436,31800.834
2022-06-18 21:00:00,25705.895,28350.42,38032.527,27948.436,31800.834
2022-06-18 22:00:00,25705.895,28350.533,38032.645,27948.457,31800.834
2022-06-18 23:00:00,25705.895,28350.533,38032.645,27948.457,31800.834
2022-06-19 00:00:00,25705.895,28350.592,38032.645,27948.457,31800.834
2022-06-19 01:00:00,25705.895,28351.29,38032.645,27948.457,31800.834
2022-06-19 02:00:00,25706.098,28351.414,38032.645,27948.457,31800.834
2022-06-19 03:00:00,25706.098,28351.414,38032.645,27948.457,31800.834
2022-06-19 04:00:00,25706.098,28351.414,38032.645,27948.457,31800.834
2022-06-19 05:00:00,25706.098,28352.205,38032.645,27948.457,31800.834
2022-06-19 06:00:00,25706.098,28353.49,38032.645,27948.457,31801.127
2022-06-19 07:00:00,25706.098,28353.543,38032.645,27948.457,31802.076
2022-06-19 08:00:00,25706.098,28353.543,38032.645,27948.457,31802.357
2022-06-19 09:00:00,25706.098,28353.543,38032.645,27948.457,31802.357
2022-06-19 10:00:00,25706.098,28353.543,38032.645,27948.457,31802.357
2022-06-19 11:00:00,25706.098,28353.543,38032.645,27948.457,31802.357
2022-06-19 12:00:00,25706.098,28353.543,38032.645,27948.457,31802.357
2022-06-19 13:00:00,25706.098,28353.543,38032.645,27948.457,31802.357
2022-06-19 14:00:00,25706.098,28353.543,38032.645,27948.457,31802.357
2022-06-19 15:00:00,25706.098,28353.543,38032.645,27948.457,31802.357
2022-06-19 16:00:00,25706.098,28353.543,38032.645,27948.457,31802.357
2022-06-19 17:00:00,25706.098,28353.543,38032.645,27948.457,31802.357
2022-06-19 18:00:00,25706.098,28353.543,38032.645,27948.457,31802.357
2022-06-19 19:00:00,25706.098,28353.543,38032.645,27948.457,31802.357
2022-06-19 20:00:00,25706.098,28353.543,38032.645,27948.457,31802.357
2022-06-19 21:00:00,25706.098,28353.543,38032.645,27948.457,31802.357
2022-06-19 22:00:00,25706.098,28353.543,38032.645,27948.457,31802.357
2022-06-19 23:00:00,25706.098,28353.543,38032.645,27948.457,31802.357
2022-06-20 00:00:00,25706.098,28353.543,38032.645,27948.457,31802.357
2022-06-20 01:00:00,25706.098,28353.543,38032.645,27948.457,31802.357
2022-06-20 02:00:00,25706.098,28353.543,38032.645,27948.457,31802.357
2022-06-20 03:00:00,25706.098,28353.543,38032.645,27948.457,31802.357
2022-06-20 04:00:00,25706.098,28353.543,38032.645,27948.457,31802.357
2022-06-20 05:00:00,25706.098,28353.543,38032.645,27948.457,31802.357
2022-06-20 06:00:00,25706.098,28353.543,38032.645,27948.457,31802.357
2022-06-20 07:00:00,25706.098,28353.543,38032.645,27948.457,31802.357
2022-06-20 08:00:00,25706.098,28353.543,38032.645,27948.457,31802.357
2022-06-20 09:00:00,25706.098,28353.543,38032.645,27948.457,31802.357
2022-06-20 10:00:00,25706.098,28353.543,38032.645,27948.457,31802.357
2022-06-20 11:00:00,25706.098,28353.543,38032.645,27948.457,31802.357
2022-06-20 12:00:00,25706.098,28353.543,38032.645,27948.457,31802.357
2022-06-20 13:00:00,25706.098,28353.543,38032.645,27948.457,31802.357
2022-06-20 14:00:00,25706.098,28353.543,38032.645,27948.457,31802.38
2022-06-20 15:00:00,25706.098,28353.543,38032.645,27948.457,31802.38
2022-06-20 16:00:00,25706.098,28353.543,38032.645,27948.457,31802.38
2022-06-20 17:00:00,25706.098,28353.543,38032.645,27948.457,31802.38
2022-06-20 18:00:00,25706.098,28353.543,38032.645,27948.457,31802.38
2022-06-20 19:00:00,25706.098,28353.543,38032.645,27948.457,31802.38
2022-06-20 20:00:00,25706.098,28353.543,38032.645,27948.457,31802.38
2022-06-20 21:00:00,25706.098,28353.543,38032.645,27948.457,31802.38
2022-06-20 22:00:00,25706.098,28353.543,38032.645,27949.008,31802.38
2022-06-20 23:00:00,25706.098,28353.543,38032.645,27949.008,31802.38
2022-06-21 00:00:00,25706.098,28353.543,38032.645,27949.008,31802.38
2022-06-21 01:00:00,25706.098,28353.543,38032.645,27949.008,31802.38
2022-06-21 02:00:00,25706.098,28353.543,38032.645,27949.008,31802.38
2022-06-21 03:00:00,25706.098,28353.543,38032.645,27949.008,31802.38
2022-06-21 04:00:00,25706.098,28353.543,38032.645,27949.008,31802.38
2022-06-21 05:00:00,25706.098,28353.543,38032.645,27949.008,31802.38
2022-06-21 06:00:00,25706.098,28353.543,38032.645,27949.008,31802.38
2022-06-21 07:00:00,25706.098,28353.543,38032.645,27949.008,31802.38
2022-06-21 08:00:00,25706.098,28353.543,38032.645,27949.008,31802.38
2022-06-21 09:00:00,25706.098,28353.543,38032.645,27949.008,31802.664
2022-06-21 10:00:00,25706.145,28353.898,38032.645,27949.008,31804.139
2022-06-21 11:00:00,25706.145,28354.182,38033.79,27949.008,31805.914
2022-06-21 12:00:00,25707.742,28355.361,38034.08,27949.312,31806.627
2022-06-21 13:00:00,25708.08,28355.67,38034.08,27949.312,31806.662
2022-06-21 14:00:00,25708.08,28355.67,38034.08,27949.312,31806.805
2022-06-21 15:00:00,25708.08,28355.67,38034.08,27949.312,31806.945
2022-06-21 16:00:00,25708.08,28356.133,38034.08,27949.312,31807.7
2022-06-21 17:00:00,25708.08,28356.133,38034.08,27949.312,31808.066
2022-06-21 18:00:00,25708.08,28356.133,38034.08,27949.312,31808.232
2022-06-21 19:00:00,25708.08,28356.133,38034.08,27949.312,31808.232
2022-06-21 20:00:00,25708.08,28356.133,38034.08,27949.312,31808.232
2022-06-21 21:00:00,25708.08,28356.133,38034.08,27949.312,31808.232
2022-06-21 22:00:00,25708.08,28356.133,38034.08,27949.312,31808.232
2022-06-21 23:00:00,25708.08,28356.133,38034.08,27949.312,31808.232
2022-06-22 00:00:00,25708.08,28356.133,38034.08,27949.312,31808.232
2022-06-22 01:00:00,25708.08,28356.133,38034.08,27949.312,31808.232
2022-06-22 02:00:00,25708.08,28356.133,38034.08,27949.312,31808.232
2022-06-22 03:00:00,25708.08,28356.133,38034.08,27949.312,31808.232
2022-06-22 04:00:00,25708.08,28356.133,38034.08,27949.312,31808.232
2022-06-22 05:00:00,25708.08,28356.133,38034.08,27949.312,31808.232
2022-06-22 06:00:00,25708.08,28356.133,38034.08,27949.312,31808.232
2022-06-22 07:00:00,25708.08,28356.133,38034.08,27949.312,31808.232
2022-06-22 08:00:00,25708.08,28356.133,38034.08,27949.312,31808.232
2022-06-22 09:00:00,25708.08,28356.133,38034.08,27949.312,31808.232
2022-06-22 10:00:00,25708.08,28356.133,38034.08,27949.312,31808.232
2022-06-22 11:00:00,25708.08,28356.133,38034.08,27949.312,31808.232
2022-06-22 12:00:00,25708.08,28356.133,38034.08,27949.312,31808.232
2022-06-22 13:00:00,25708.08,28356.133,38034.08,27949.312,31808.232
2022-06-22 14:00:00,25708.08,28356.133,38034.08,27949.312,31808.232
2022-06-22 15:00:00,25708.08,28356.133,38034.08,27949.312,31808.232
2022-06-22 16:00:00,25708.08,28356.133,38034.08,27949.312,31808.232
2022-06-22 17:00:00,25708.08,28356.133,38034.08,27949.312,31808.232
2022-06-22 18:00:00,25708.08,28356.133,38034.08,27949.312,31808.312
2022-06-22 19:00:00,25708.08,28356.133,38034.08,27949.312,31809.332
2022-06-22 20:00:00,25708.41,28356.133,38034.08,27949.312,31811.178
2022-06-22 21:00:00,25708.506,28357.17,38034.08,27949.312,31811.928
2022-06-22 22:00:00,25708.506,28358.795,38034.08,27949.312,31811.928
2022-06-22 23:00:00,25708.506,28358.996,38034.08,27949.312,31812.344
2022-06-23 00:00:00,25708.506,28359.408,38034.08,27949.314,31813.709
2022-06-23 01:00:00,25708.506,28360.387,38034.08,27949.316,31815.018
2022-06-23 02:00:00,25708.506,28361.844,38034.08,27949.316,31817.01
2022-06-23 03:00:00,25708.506,28362.45,38034.08,27950.172,31818.826
2022-06-23 04:00:00,25708.506,28362.45,38034.08,27950.172,31819.494
2022-06-23 05:00:00,25708.506,28362.45,38034.08,27950.172,31819.494
2022-06-23 06:00:00,25708.52,28362.45,38034.08,27950.172,31819.754
2022-06-23 07:00:00,25708.55,28362.45,38034.08,27950.172,31819.754
2022-06-23 08:00:00,25708.55,28362.45,38034.08,27950.172,31819.754
2022-06-23 09:00:00,25708.55,28362.45,38034.08,27950.172,31819.754
2022-06-23 10:00:00,25708.55,28362.45,38034.08,27950.172,31819.754
2022-06-23 11:00:00,25708.55,28362.45,38034.08,27950.172,31819.754
2022-06-23 12:00:00,25708.55,28362.45,38034.08,27950.172,31819.754
2022-06-23 13:00:00,25708.55,28362.45,38034.08,27950.172,31819.754
2022-06-23 14:00:00,25708.55,28362.45,38034.08,27950.172,31819.754
2022-06-23 15:00:00,25708.55,28362.45,38034.08,27950.172,31819.754
2022-06-23 16:00:00,25708.55,28362.45,38034.08,27950.172,31819.754
2022-06-23 17:00:00,25708.55,28362.45,38034.08,27950.172,31819.754
2022-06-23 18:00:00,25708.55,28362.45,38034.08,27950.172,31819.754
2022-06-23 19:00:00,25708.55,28362.45,38034.08,27950.172,31819.754
2022-06-23 20:00:00,25708.55,28362.45,38034.08,27950.172,31819.754
2022-06-23 21:00:00,25708.55,28362.45,38034.08,27950.172,31819.754
2022-06-23 22:00:00,25708.55,28362.45,38034.08,27950.172,31819.754
2022-06-23 23:00:00,25708.55,28362.45,38034.08,27950.172,31819.754
2022-06-24 00:00:00,25708.55,28362.45,38034.08,27950.172,31819.754
2022-06-24 01:00:00,25708.55,28362.45,38034.08,27950.172,31819.754
2022-06-24 02:00:00,25708.55,28362.45,38034.08,27950.172,31819.754
2022-06-24 03:00:00,25708.55,28362.45,38034.08,27950.172,31819.754
2022-06-24 04:00:00,25708.55,28362.45,38034.08,27950.172,31819.754
2022-06-24 05:00:00,25708.55,28362.45,38034.08,27950.172,31819.754
2022-06-24 06:00:00,25708.55,28362.45,38034.08,27950.172,31819.754
2022-06-24 07:00:00,25708.55,28362.45,38034.08,27950.172,31819.754
2022-06-24 08:00:00,25708.55,28362.45,38034.08,27950.172,31819.754
2022-06-24 09:00:00,25708.55,28362.45,38034.08,27950.172,31819.754
2022-06-24 10:00:00,25708.55,28362.45,38034.08,27950.172,31819.754
2022-06-24 11:00:00,25708.55,28362.45,38034.08,27950.172,31819.754
2022-06-24 12:00:00,25708.55,28362.45,38034.08,27950.172,31819.754
2022-06-24 13:00:00,25708.55,28362.45,38034.08,27950.172,31819.754
2022-06-24 14:00:00,25708.55,28362.45,38034.08,27950.172,31819.754
2022-06-24 15:00:00,25708.55,28362.45,38034.08,27950.172,31819.754
2022-06-24 16:00:00,25708.55,28362.45,38034.08,27950.172,31819.754
2022-06-24 17:00:00,25708.55,28362.45,38034.08,27950.172,31819.754
2022-06-24 18:00:00,25708.55,28362.45,38034.08,27950.172,31819.754
2022-06-24 19:00:00,25708.55,28362.45,38034.08,27950.172,31819.754
2022-06-24 20:00:00,25708.55,28362.45,38034.08,27950.172,31819.754
2022-06-24 21:00:00,25708.55,28362.45,38034.08,27950.172,31819.754
2022-06-24 22:00:00,25708.55,28362.45,38034.08,27950.172,31819.754
2022-06-24 23:00:00,25708.55,28362.45,38034.08,27950.172,31819.754
2022-06-25 00:00:00,25708.55,28362.45,38034.08,27950.172,31819.754
2022-06-25 01:00:00,25708.55,28362.45,38034.08,27950.172,31819.754
2022-06-25 02:00:00,25708.55,28362.45,38034.08,27950.172,31819.754
2022-06-25 03:00:00,25708.55,28362.45,38034.08,27950.172,31819.754
2022-06-25 04:00:00,25708.55,28362.45,38034.08,27950.172,31819.754
2022-06-25 05:00:00,25708.55,28362.45,38034.08,27950.172,31819.754
2022-06-25 06:00:00,25708.55,28362.45,38034.08,27950.172,31819.754
2022-06-25 07:00:00,25708.55,28362.45,38034.08,27950.172,31819.754
2022-06-25 08:00:00,25708.55,28362.45,38034.08,27950.172,31819.754
2022-06-25 09:00:00,25708.55,28362.45,38034.08,27950.172,31819.754
2022-06-25 10:00:00,25708.55,28362.45,38034.08,27950.172,31819.754
2022-06-25 11:00:00,25708.55,28362.45,38034.08,27950.172,31819.754
2022-06-25 12:00:00,25709.578,28362.45,38034.08,27950.172,31819.754
2022-06-25 13:00:00,25710.445,28362.45,38034.08,27950.172,31819.754
2022-06-25 14:00:00,25710.445,28362.45,38034.08,27950.172,31819.754
2022-06-25 15:00:00,25710.445,28362.45,38034.08,27950.172,31819.754
2022-06-25 16:00:00,25711.29,28362.45,38034.08,27950.172,31819.754
2022-06-25 17:00:00,25716.703,28362.45,38034.08,27950.172,31819.754
2022-06-25 18:00:00,25716.703,28362.45,38034.08,27950.172,31819.754
2022-06-25 19:00:00,25716.703,28362.45,38034.08,27950.172,31819.754
2022-06-25 20:00:00,25716.703,28362.45,38034.08,27950.172,31819.754
2022-06-25 21:00:00,25716.703,28362.45,38034.08,27950.172,31819.754
2022-06-25 22:00:00,25716.703,28362.45,38034.08,27950.172,31819.754
2022-06-25 23:00:00,25716.703,28362.45,38034.08,27950.172,31819.754
2022-06-26 00:00:00,25716.703,28362.45,38034.08,27950.172,31819.754
2022-06-26 01:00:00,25716.703,28362.45,38034.08,27950.172,31819.754
2022-06-26 02:00:00,25716.703,28362.45,38034.08,27950.172,31819.754
2022-06-26 03:00:00,25716.703,28362.45,38034.08,27950.172,31819.754
2022-06-26 04:00:00,25716.703,28362.45,38034.08,27950.172,31819.754
2022-06-26 05:00:00,25716.703,28362.45,38034.08,27950.172,31819.754
2022-06-26 06:00:00,25716.703,28362.45,38034.08,27950.172,31819.754
2022-06-26 07:00:00,25716.703,28362.45,38034.08,27950.172,31819.754
2022-06-26 08:00:00,25716.703,28362.45,38034.08,27950.172,31819.754
2022-06-26 09:00:00,25716.703,28362.45,38034.08,27950.172,31819.754
2022-06-26 10:00:00,25716.703,28362.45,38034.08,27950.172,31819.754
2022-06-26 11:00:00,25716.703,28362.45,38034.08,27950.172,31819.754
2022-06-26 12:00:00,25716.703,28362.45,38034.08,27950.172,31819.754
2022-06-26 13:00:00,25716.703,28362.45,38034.08,27950.172,31819.754
2022-06-26 14:00:00,25716.703,28362.45,38034.08,27950.172,31819.754
2022-06-26 15:00:00,25716.703,28362.45,38034.08,27950.172,31819.754
2022-06-26 16:00:00,25716.703,28362.45,38034.08,27950.172,31821.318
2022-06-26 17:00:00,25716.703,28362.758,38034.08,27950.172,31821.678
2022-06-26 18:00:00,25716.703,28362.758,38034.08,27950.434,31821.832
2022-06-26 19:00:00,25716.703,28362.758,38034.08,27950.959,31821.832
2022-06-26 20:00:00,25716.703,28362.758,38034.14,27952.975,31821.9
2022-06-26 21:00:00,25716.703,28362.758,38034.14,27952.975,31822.377
2022-06-26 22:00:00,25716.703,28362.758,38034.14,27952.975,31822.377
2022-06-26 23:00:00,25716.703,28362.793,38034.14,27952.975,31822.75
2022-06-27 00:00:00,25716.703,28362.81,38034.14,27952.975,31822.75
2022-06-27 01:00:00,25716.877,28363.34,38034.14,27952.975,31822.895
2022-06-27 02:00:00,25716.945,28363.34,38034.14,27952.975,31822.957
2022-06-27 03:00:00,25716.945,28363.34,38034.14,27952.975,31822.957
2022-06-27 04:00:00,25716.945,28363.34,38034.14,27952.975,31822.957
2022-06-27 05:00:00,25716.945,28363.34,38034.14,27952.975,31822.957
2022-06-27 06:00:00,25716.945,28363.34,38034.14,27952.975,31822.957
2022-06-27 07:00:00,25716.977,28363.34,38034.14,27952.975,31822.957
2022-06-27 08:00:00,25716.977,28363.34,38034.14,27952.975,31822.957
2022-06-27 09:00:00,25716.977,28363.34,38034.14,27952.975,31822.957
2022-06-27 10:00:00,25716.977,28363.34,38034.14,27952.975,31822.957
2022-06-27 11:00:00,25716.977,28363.34,38034.14,27952.975,31822.957
2022-06-27 12:00:00,25716.977,28363.34,38034.14,27952.975,31822.957
2022-06-27 13:00:00,25716.977,28363.34,38034.14,27952.975,31822.957
2022-06-27 14:00:00,25716.977,28363.34,38034.14,27952.975,31822.957
2022-06-27 15:00:00,25716.977,28363.34,38034.14,27952.975,31822.957
2022-06-27 16:00:00,25716.977,28363.34,38034.14,27952.979,31822.957
2022-06-27 17:00:00,25718.047,28363.92,38035.316,27954.377,31823.48
2022-06-27 18:00:00,25719.709,28366.307,38037.51,27956.775,31825.729
2022-06-27 19:00:00,25722.234,28369.557,38040.227,27959.414,31827.846
2022-06-27 20:00:00,25723.826,28369.924,38042.8,27961.342,31827.877
2022-06-27 21:00:00,25725.021,28369.924,38042.863,27961.604,31827.877
2022-06-27 22:00:00,25726.305,28369.924,38042.863,27961.879,31827.877
2022-06-27 23:00:00,25729.361,28370.37,38043.934,27962.97,31827.877
2022-06-28 00:00:00,25730.002,28370.37,38043.984,27963.459,31827.877
2022-06-28 01:00:00,25731.443,28370.37,38043.984,27963.459,31828.133
2022-06-28 02:00:00,25731.941,28371.088,38044.066,27963.459,31831.172
2022-06-28 03:00:00,25731.941,28372.656,38044.066,27963.459,31834.465
2022-06-28 04:00:00,25731.941,28373.428,38044.066,27963.459,31836.787
2022-06-28 05:00:00,25731.941,28373.428,38044.066,27963.459,31837.941
2022-06-28 06:00:00,25731.941,28373.428,38044.46,27963.459,31837.941
2022-06-28 07:00:00,25731.941,28373.428,38044.46,27963.459,31837.941
2022-06-28 08:00:00,25731.941,28373.428,38044.46,27963.459,31837.941
2022-06-28 09:00:00,25731.941,28373.428,38044.46,27963.459,31837.941
2022-06-28 10:00:00,25731.941,28373.428,38044.46,27963.459,31837.941
2022-06-28 11:00:00,25731.941,28373.428,38044.46,27963.459,31837.941
2022-06-28 12:00:00,25731.941,28373.428,38044.46,27963.459,31837.941
2022-06-28 13:00:00,25731.941,28373.428,38044.46,27963.459,31837.941
2022-06-28 14:00:00,25731.941,28373.428,38044.46,27963.459,31837.941
2022-06-28 15:00:00,25731.941,28373.428,38044.46,27963.459,31837.941
2022-06-28 16:00:00,25731.941,28373.428,38044.46,27963.459,31837.941
2022-06-28 17:00:00,25731.941,28373.428,38044.46,27963.459,31837.941
2022-06-28 18:00:00,25731.941,28373.428,38044.46,27963.459,31837.941
2022-06-28 19:00:00,25731.941,28373.428,38044.46,27963.459,31837.941
2022-06-28 20:00:00,25731.941,28373.428,38044.46,27963.459,31837.941
2022-06-28 21:00:00,25731.941,28373.428,38044.46,27963.459,31837.941
2022-06-28 22:00:00,25731.941,28373.428,38044.46,27963.459,31837.941
2022-06-28 23:00:00,25731.941,28373.428,38044.46,27963.459,31837.941
2022-06-29 00:00:00,25731.941,28373.428,38044.46,27963.459,31837.941
2022-06-29 01:00:00,25731.941,28373.428,38044.46,27963.459,31837.941
2022-06-29 02:00:00,25731.941,28373.428,38044.46,27963.459,31837.941
2022-06-29 03:00:00,25731.941,28373.428,38044.46,27963.459,31837.941
2022-06-29 04:00:00,25731.941,28373.428,38044.46,27963.459,31837.941
2022-06-29 05:00:00,25731.941,28373.428,38044.46,27963.459,31837.941
2022-06-29 06:00:00,25731.941,28373.428,38044.46,27963.459,31837.941
2022-06-29 07:00:00,25731.941,28373.428,38044.46,27963.459,31837.941
2022-06-29 08:00:00,25731.941,28373.428,38044.46,27963.459,31837.941
2022-06-29 09:00:00,25731.941,28373.428,38044.46,27963.459,31837.941
2022-06-29 10:00:00,25731.941,28373.428,38044.46,27963.459,31837.941
2022-06-29 11:00:00,25731.941,28373.428,38044.46,27963.459,31837.941
2022-06-29 12:00:00,25731.941,28373.428,38044.46,27963.459,31837.941
2022-06-29 13:00:00,25731.941,28373.428,38044.46,27963.459,31837.941
2022-06-29 14:00:00,25731.941,28373.428,38044.46,27963.459,31837.941
2022-06-29 15:00:00,25731.941,28373.428,38044.46,27963.459,31837.941
2022-06-29 16:00:00,25731.941,28373.428,38044.46,27963.459,31837.941
2022-06-29 17:00:00,25731.941,28373.428,38044.46,27963.459,31837.941
2022-06-29 18:00:00,25731.941,28373.428,38044.46,27963.459,31837.941
2022-06-29 19:00:00,25731.941,28373.428,38044.46,27963.459,31837.941
2022-06-29 20:00:00,25731.941,28373.428,38044.46,27963.459,31837.941
2022-06-29 21:00:00,25731.941,28373.428,38044.46,27963.459,31837.941
2022-06-29 22:00:00,25731.941,28373.428,38044.46,27963.459,31837.941
2022-06-29 23:00:00,25731.941,28373.428,38044.46,27963.459,31837.941
2022-06-30 00:00:00,25731.941,28373.428,38044.46,27963.459,31837.941
2022-06-30 01:00:00,25731.941,28373.428,38044.46,27963.459,31837.941
2022-06-30 02:00:00,25731.941,28373.428,38044.46,27963.459,31837.941
2022-06-30 03:00:00,25731.941,28373.428,38044.46,27963.459,31837.941
2022-06-30 04:00:00,25731.941,28373.428,38044.46,27963.459,31837.941
2022-06-30 05:00:00,25731.941,28373.428,38044.46,27963.459,31837.941
2022-06-30 06:00:00,25731.941,28373.428,38044.46,27963.459,31837.941
2022-06-30 07:00:00,25731.941,28373.428,38044.46,27963.459,31837.941
2022-06-30 08:00:00,25731.941,28373.428,38044.46,27963.459,31837.941
2022-06-30 09:00:00,25731.941,28373.428,38044.46,27963.459,31837.941
2022-06-30 10:00:00,25731.941,28373.428,38044.46,27963.459,31837.941
2022-06-30 11:00:00,25731.941,28373.428,38044.46,27963.459,31837.941
2022-06-30 12:00:00,25731.941,28373.428,38044.46,27963.459,31837.941
2022-06-30 13:00:00,25731.941,28373.428,38044.46,27963.459,31837.941
2022-06-30 14:00:00,25731.941,28373.428,38044.46,27963.459,31837.941
2022-06-30 15:00:00,25731.941,28373.428,38044.46,27963.459,31837.941
2022-06-30 16:00:00,25731.941,28373.428,38044.46,27963.459,31837.941
2022-06-30 17:00:00,25731.941,28373.428,38044.46,27963.459,31837.941
2022-06-30 18:00:00,25731.941,28373.428,38044.46,27963.459,31837.941
2022-06-30 19:00:00,25731.941,28373.428,38044.46,27963.459,31837.941
2022-06-30 20:00:00,25731.941,28373.428,38044.46,27963.459,31837.941
2022-06-30 21:00:00,25731.941,28373.428,38044.46,27963.459,31837.941
2022-06-30 22:00:00,25731.941,28373.428,38044.46,27963.459,31837.941
2022-06-30 23:00:00,25731.941,28373.428,38044.46,27963.459,31837.941
2022-07-01 00:00:00,25731.941,28373.428,38044.46,27963.459,31837.941
2022-07-01 01:00:00,25731.941,28373.428,38044.46,27963.459,31837.941
2022-07-01 02:00:00,25731.941,28373.428,38044.46,27963.459,31837.941
2022-07-01 03:00:00,25731.941,28373.428,38044.46,27963.459,31837.941
2022-07-01 04:00:00,25731.941,28373.428,38044.46,27963.459,31837.941
2022-07-01 05:00:00,25731.941,28373.428,38044.46,27963.459,31837.941
2022-07-01 06:00:00,25731.941,28373.428,38044.46,27963.459,31837.941
2022-07-01 07:00:00,25731.941,28373.428,38044.46,27963.459,31837.941
2022-07-01 08:00:00,25731.941,28373.428,38044.46,27963.459,31837.941
2022-07-01 09:00:00,25731.941,28373.428,38044.46,27963.459,31837.941
2022-07-01 10:00:00,25731.941,28373.428,38044.46,27963.459,31837.941
2022-07-01 11:00:00,25731.941,28373.428,38044.46,27963.459,31837.941
2022-07-01 12:00:00,25731.941,28373.428,38044.46,27963.459,31837.941
2022-07-01 13:00:00,25731.941,28373.428,38044.46,27963.459,31837.941
2022-07-01 14:00:00,25731.941,28373.428,38044.46,27963.459,31837.941
2022-07-01 15:00:00,25731.941,28373.428,38044.46,27963.459,31837.941
2022-07-01 16:00:00,25731.941,28373.428,38044.46,27963.459,31837.941
2022-07-01 17:00:00,25731.941,28373.428,38044.46,27963.459,31837.941
2022-07-01 18:00:00,25731.941,28373.428,38044.46,27963.459,31837.941
2022-07-01 19:00:00,25731.941,28373.428,38044.46,27963.459,31837.941
2022-07-01 20:00:00,25731.941,28373.428,38044.46,27963.459,31837.941
2022-07-01 21:00:00,25731.941,28373.428,38044.46,27963.459,31837.941
2022-07-01 22:00:00,25731.941,28373.428,38044.46,27963.459,31837.941
2022-07-01 23:00:00,25731.941,28373.871,38044.46,27963.459,31837.969
2022-07-02 00:00:00,25731.941,28376.459,38044.46,27963.459,31839.234
2022-07-02 01:00:00,25731.941,28378.95,38044.46,27963.691,31840.826
2022-07-02 02:00:00,25731.941,28379.732,38044.46,27965.908,31842.41
2022-07-02 03:00:00,25733.102,28381.893,38044.46,27968.725,31844.79
2022-07-02 04:00:00,25733.842,28384.379,38044.46,27970.18,31848.123
2022-07-02 05:00:00,25735.432,28385.932,38044.867,27971.863,31849.633
2022-07-02 06:00:00,25737.053,28385.932,38045.484,27972.492,31849.656
2022-07-02 07:00:00,25737.373,28385.932,38045.484,27972.492,31849.656
2022-07-02 08:00:00,25737.422,28385.932,38045.484,27972.492,31849.656
2022-07-02 09:00:00,25737.422,28386.912,38045.484,27972.492,31849.656
2022-07-02 10:00:00,25737.475,28387.303,38045.484,27972.492,31849.656
2022-07-02 11:00:00,25737.799,28387.303,38045.484,27972.492,31849.656
2022-07-02 12:00:00,25737.799,28387.303,38045.484,27972.492,31849.656
2022-07-02 13:00:00,25737.799,28387.303,38045.484,27972.492,31849.656
2022-07-02 14:00:00,25737.799,28387.303,38045.484,27972.527,31849.656
2022-07-02 15:00:00,25737.799,28387.303,38045.484,27972.91,31849.656
2022-07-02 16:00:00,25737.969,28387.303,38045.492,27973.15,31849.656
2022-07-02 17:00:00,25737.969,28387.303,38045.492,27973.15,31849.656
2022-07-02 18:00:00,25737.969,28387.303,38045.492,27973.15,31849.656
2022-07-02 19:00:00,25738.17,28387.303,38045.492,27973.15,31849.656
2022-07-02 20:00:00,25738.191,28387.303,38045.492,27974.52,31849.723
2022-07-02 21:00:00,25739.188,28388.066,38045.69,27974.53,31850.303
2022-07-02 22:00:00,25739.643,28388.066,38045.69,27974.545,31850.303
2022-07-02 23:00:00,25739.643,28388.066,38045.69,27974.545,31850.303
2022-07-03 00:00:00,25739.643,28388.066,38045.69,27974.545,31850.303
2022-07-03 01:00:00,25739.643,28388.066,38045.69,27974.545,31850.303
2022-07-03 02:00:00,25739.682,28388.238,38045.69,27974.58,31851.408
2022-07-03 03:00:00,25740.87,28388.238,38045.69,27975.729,31851.719
2022-07-03 04:00:00,25741.115,28388.35,38045.7,27977.137,31851.719
2022-07-03 05:00:00,25741.266,28388.5,38045.7,27977.137,31851.719
2022-07-03 06:00:00,25741.266,28388.51,38045.7,27977.137,31851.719
2022-07-03 07:00:00,25741.307,28388.51,38045.7,27977.137,31851.719
2022-07-03 08:00:00,25741.371,28388.51,38045.7,27977.182,31851.98
2022-07-03 09:00:00,25741.79,28388.51,38045.74,27977.582,31853.162
2022-07-03 10:00:00,25742.402,28388.68,38046.277,27978.025,31853.518
2022-07-03 11:00:00,25744.164,28388.68,38047.152,27979.04,31853.55
2022-07-03 12:00:00,25744.518,28390.273,38048.484,27979.164,31853.94
2022-07-03 13:00:00,25744.701,28390.273,38049.125,27979.45,31853.941
2022-07-03 14:00:00,25744.701,28390.273,38049.125,27979.488,31853.941
2022-07-03 15:00:00,25744.701,28390.273,38049.14,27979.488,31854.395
2022-07-03 16:00:00,25744.701,28390.273,38049.14,27979.488,31854.652
2022-07-03 17:00:00,25744.701,28390.371,38050.016,27979.488,31854.963
2022-07-03 18:00:00,25744.701,28390.463,38051.39,27979.488,31858.84
2022-07-03 19:00:00,25744.701,28390.463,38053.51,27979.488,31861.3
2022-07-03 20:00:00,25744.701,28390.463,38054.996,27979.488,31863.73
2022-07-03 21:00:00,25744.701,28390.463,38055.78,27979.488,31867.143
2022-07-03 22:00:00,25744.842,28390.463,38055.78,27979.488,31867.748
2022-07-03 23:00:00,25744.94,28390.473,38055.78,27979.488,31867.748
2022-07-04 00:00:00,25744.94,28390.752,38055.78,27979.488,31867.852
2022-07-04 01:00:00,25744.94,28390.752,38055.78,27979.488,31867.852
2022-07-04 02:00:00,25744.94,28390.752,38055.78,27979.488,31867.852
2022-07-04 03:00:00,25744.94,28391.213,38055.78,27979.488,31867.852
2022-07-04 04:00:00,25744.94,28391.68,38055.78,27979.488,31867.852
2022-07-04 05:00:00,25744.94,28391.68,38055.78,27979.488,31867.852
2022-07-04 06:00:00,25744.94,28391.68,38055.78,27979.488,31867.852
2022-07-04 07:00:00,25744.94,28391.68,38055.78,27979.488,31867.852
2022-07-04 08:00:00,25744.94,28391.68,38055.78,27979.488,31867.852
2022-07-04 09:00:00,25744.94,28391.68,38055.78,27979.488,31867.852
2022-07-04 10:00:00,25744.94,28391.68,38055.78,27979.488,31867.852
2022-07-04 11:00:00,25744.94,28391.68,38055.78,27979.488,31867.852
2022-07-04 12:00:00,25744.94,28391.682,38055.78,27979.693,31867.852
2022-07-04 13:00:00,25744.94,28392.27,38055.78,27980.006,31867.852
2022-07-04 14:00:00,25747.277,28392.29,38056.46,27980.322,31867.852
2022-07-04 15:00:00,25747.873,28392.29,38056.46,27980.322,31867.852
2022-07-04 16:00:00,25747.889,28392.348,38056.46,27980.322,31867.852
2022-07-04 17:00:00,25747.889,28392.836,38056.46,27980.602,31868.523
2022-07-04 18:00:00,25747.94,28395.338,38056.46,27980.61,31869.229
2022-07-04 19:00:00,25748.16,28395.338,38056.46,27980.78,31869.512
2022-07-04 20:00:00,25748.16,28395.338,38056.46,27980.78,31869.512
2022-07-04 21:00:00,25748.16,28395.846,38056.46,27980.78,31869.621
2022-07-04 22:00:00,25748.16,28395.918,38056.46,27980.78,31869.621
2022-07-04 23:00:00,25748.16,28396.295,38056.46,27980.78,31869.621
2022-07-05 00:00:00,25748.16,28396.357,38056.46,27980.78,31870.295
2022-07-05 01:00:00,25748.16,28396.809,38056.46,27980.78,31871.43
2022-07-05 02:00:00,25748.16,28396.809,38056.46,27980.78,31871.717
2022-07-05 03:00:00,25748.488,28397.596,38056.477,27980.787,31873.31
2022-07-05 04:00:00,25749.643,28397.695,38057.438,27981.068,31874.096
2022-07-05 05:00:00,25749.783,28397.844,38057.473,27981.068,31874.477
2022-07-05 06:00:00,25749.783,28397.844,38057.58,27981.068,31874.545
2022-07-05 07:00:00,25749.783,28397.844,38058.42,27981.068,31874.895
2022-07-05 08:00:00,25749.783,28397.857,38058.42,27981.068,31876.996
2022-07-05 09:00:00,25749.783,28398.002,38058.42,27981.068,31877.338
2022-07-05 10:00:00,25749.783,28398.336,38058.465,27981.068,31878.604
2022-07-05 11:00:00,25749.783,28398.336,38058.465,27981.078,31878.766
2022-07-05 12:00:00,25749.783,28398.646,38058.465,27981.078,31879.588
2022-07-05 13:00:00,25749.783,28398.77,38058.465,27981.078,31880.27
2022-07-05 14:00:00,25749.783,28398.77,38058.535,27981.078,31880.27
2022-07-05 15:00:00,25749.783,28398.77,38059.004,27981.078,31880.879
2022-07-05 16:00:00,25749.783,28398.77,38059.004,27981.078,31881.168
2022-07-05 17:00:00,25749.783,28398.77,38059.004,27981.078,31881.613
2022-07-05 18:00:00,25749.783,28398.77,38059.11,27981.078,31881.707
2022-07-05 19:00:00,25749.783,28398.77,38059.254,27981.078,31881.707
2022-07-05 20:00:00,25749.783,28398.77,38059.273,27981.078,31881.707
2022-07-05 21:00:00,25749.783,28398.77,38059.273,27981.078,31881.81
2022-07-05 22:00:00,25749.783,28398.77,38059.273,27981.078,31881.81
2022-07-05 23:00:00,25749.783,28398.77,38059.273,27981.078,31881.81
2022-07-06 00:00:00,25749.783,28399.324,38059.625,27981.078,31882.928
2022-07-06 01:00:00,25750.264,28399.635,38061.883,27981.482,31883.516
2022-07-06 02:00:00,25749.783,28398.77,38059.273,27981.078,31881.81
2022-07-06 03:00:00,25749.783,28398.97,38059.273,27981.078,31882.188
2022-07-06 04:00:00,25749.783,28399.045,38059.625,27981.078,31882.666
2022-07-06 05:00:00,25749.783,28399.238,38059.625,27981.078,31882.783
2022-07-06 06:00:00,25749.783,28399.324,38059.625,27981.078,31882.855
2022-07-06 07:00:00,25749.783,28399.443,38059.625,27981.078,31883.16
2022-07-06 08:00:00,25750.236,28399.613,38059.625,27981.205,31883.277
2022-07-06 09:00:00,25750.264,28399.613,38059.625,27981.205,31883.516
2022-07-06 10:00:00,25750.264,28400.197,38064.934,27981.482,31883.516
2022-07-06 11:00:00,25750.264,28401.854,38068.066,27981.482,31883.58
2022-07-06 12:00:00,25750.637,28403.605,38072.55,27981.482,31883.682
2022-07-06 13:00:00,25752.283,28405.959,38074.27,27982.24,31885.469
2022-07-06 14:00:00,25753.914,28410.27,38077.637,27982.816,31888.174
2022-07-06 15:00:00,25755.494,28416.506,38080.797,27984.455,31891.082
2022-07-06 16:00:00,25757.041,28419.383,38083.625,27986.068,31895.828
2022-07-06 17:00:00,25759.105,28421.025,38087.703,27987.824,31898.686
2022-07-06 18:00:00,25760.71,28422.436,38088.875,27989.775,31900.117
2022-07-06 19:00:00,25760.752,28422.436,38089.11,27989.992,31900.55
2022-07-06 20:00:00,25760.752,28422.436,38089.11,27990.31,31900.56
2022-07-06 21:00:00,25760.752,28422.436,38089.11,27990.31,31900.56
2022-07-06 22:00:00,25760.752,28422.436,38089.11,27990.31,31900.56
2022-07-06 23:00:00,25760.752,28422.436,38089.11,27990.31,31900.56
2022-07-07 00:00:00,25760.752,28422.436,38089.11,27990.31,31900.56
2022-07-07 01:00:00,25760.752,28422.436,38089.11,27990.31,31900.56
2022-07-07 02:00:00,25760.752,28422.436,38089.11,27990.31,31900.56
2022-07-07 03:00:00,25760.752,28422.436,38089.11,27990.31,31900.56
2022-07-07 04:00:00,25760.752,28422.436,38089.11,27990.31,31900.598
2022-07-07 05:00:00,25760.752,28422.436,38089.11,27990.31,31900.598
2022-07-07 06:00:00,25760.752,28422.484,38089.11,27990.31,31900.814
2022-07-07 07:00:00,25760.752,28422.715,38089.11,27990.441,31900.814
2022-07-07 08:00:00,25760.752,28422.715,38089.11,27990.441,31900.885
2022-07-07 09:00:00,25760.752,28422.715,38089.11,27990.441,31900.885
2022-07-07 10:00:00,25760.752,28422.715,38089.11,27990.441,31900.91
2022-07-07 11:00:00,25760.752,28422.715,38089.11,27990.441,31900.91
2022-07-07 12:00:00,25760.752,28422.715,38089.11,27990.441,31900.938
2022-07-07 13:00:00,25760.752,28422.715,38089.11,27990.441,31900.938
2022-07-07 14:00:00,25760.752,28422.715,38089.11,27990.441,31900.938
2022-07-07 15:00:00,25760.752,28422.715,38089.11,27990.441,31900.957
2022-07-07 16:00:00,25760.752,28422.715,38089.11,27990.441,31901.033
2022-07-07 17:00:00,25760.752,28422.715,38089.11,27990.441,31901.033
2022-07-07 18:00:00,25760.752,28422.715,38089.11,27990.441,31901.045
2022-07-07 19:00:00,25760.752,28422.715,38089.11,27990.441,31901.457
2022-07-07 20:00:00,25760.752,28422.854,38089.11,27990.441,31901.785
2022-07-07 21:00:00,25760.752,28423.39,38089.11,27990.441,31902.03
2022-07-07 22:00:00,25761.62,28425.633,38089.14,27991.166,31903.844
2022-07-07 23:00:00,25762.889,28425.887,38089.805,27995.629,31903.846
2022-07-08 00:00:00,25764.555,28425.887,38090.12,27997.451,31903.846
2022-07-08 01:00:00,25765.117,28425.887,38090.12,27997.451,31903.846
2022-07-08 02:00:00,25765.117,28425.887,38090.12,27997.451,31903.846
2022-07-08 03:00:00,25765.117,28425.887,38090.12,27997.451,31904.191
2022-07-08 04:00:00,25765.117,28425.889,38090.12,27997.451,31904.342
2022-07-08 05:00:00,25765.117,28425.889,38090.12,27997.451,31904.412
2022-07-08 06:00:00,25765.117,28425.889,38090.12,27997.451,31904.412
2022-07-08 07:00:00,25765.117,28425.889,38090.12,27997.451,31904.43
2022-07-08 08:00:00,25765.117,28425.889,38090.12,27997.451,31904.43
2022-07-08 09:00:00,25765.117,28425.889,38090.12,27997.451,31904.43
2022-07-08 10:00:00,25765.117,28425.889,38090.12,27997.451,31904.43
2022-07-08 11:00:00,25765.117,28425.889,38090.12,27997.451,31904.443
2022-07-08 12:00:00,25765.117,28425.889,38090.12,27997.451,31904.443
2022-07-08 13:00:00,25765.117,28425.889,38090.12,27997.451,31904.79
2022-07-08 14:00:00,25765.205,28425.889,38090.12,27997.451,31905.139
2022-07-08 15:00:00,25765.205,28425.904,38090.12,27997.451,31906.166
2022-07-08 16:00:00,25765.205,28426.088,38090.12,27997.703,31906.277
2022-07-08 17:00:00,25765.215,28426.088,38090.12,27997.715,31907.17
2022-07-08 18:00:00,25765.24,28426.227,38090.12,27997.715,31908.8
2022-07-08 19:00:00,25765.24,28426.227,38090.12,27997.715,31910.63
2022-07-08 20:00:00,25765.281,28426.227,38090.598,27997.72,31911.922
2022-07-08 21:00:00,25765.865,28426.34,38092.062,27999.197,31914.34
2022-07-08 22:00:00,25766.6,28426.387,38095.305,28001.219,31915.56
2022-07-08 23:00:00,25766.6,28426.398,38095.305,28001.53,31915.734
2022-07-09 00:00:00,25766.6,28426.398,38095.305,28001.53,31915.762
2022-07-09 01:00:00,25766.746,28426.398,38095.344,28001.53,31916.342
2022-07-09 02:00:00,25767.303,28426.398,38095.344,28001.53,31916.482
2022-07-09 03:00:00,25767.502,28426.398,38095.344,28001.53,31916.7
2022-07-09 04:00:00,25767.502,28426.398,38095.344,28001.53,31916.7
2022-07-09 05:00:00,25767.559,28426.398,38095.414,28001.53,31917.035
2022-07-09 06:00:00,25767.828,28426.398,38095.414,28001.66,31917.035
2022-07-09 07:00:00,25767.828,28426.398,38095.414,28001.66,31917.035
2022-07-09 08:00:00,25767.854,28426.398,38095.414,28001.709,31917.035
2022-07-09 09:00:00,25767.904,28426.398,38096.96,28001.709,31917.035
2022-07-09 10:00:00,25767.941,28426.434,38098.363,28001.729,31917.035
2022-07-09 11:00:00,25768.01,28426.434,38100.855,28002.219,31917.035
2022-07-09 12:00:00,25768.074,28426.434,38103.562,28002.5,31917.035
2022-07-09 13:00:00,25768.08,28426.434,38106.7,28002.5,31917.035
2022-07-09 14:00:00,25768.08,28426.434,38108.727,28002.5,31917.035
2022-07-09 15:00:00,25768.127,28426.434,38109.16,28002.5,31917.035
2022-07-09 16:00:00,25769.037,28426.434,38109.16,28002.5,31917.035
2022-07-09 17:00:00,25769.172,28426.434,38109.16,28002.5,31917.035
2022-07-09 18:00:00,25769.172,28426.434,38109.16,28002.5,31917.035
2022-07-09 19:00:00,25769.172,28426.434,38109.16,28002.537,31917.035
2022-07-09 20:00:00,25769.172,28426.54,38109.16,28002.537,31917.035
2022-07-09 21:00:00,25769.172,28426.701,38109.16,28002.537,31917.035
2022-07-09 22:00:00,25769.172,28426.701,38109.16,28002.537,31917.035
2022-07-09 23:00:00,25769.172,28426.701,38109.16,28002.537,31917.035
2022-07-10 00:00:00,25769.172,28426.701,38109.16,28002.537,31917.035
2022-07-10 01:00:00,25769.172,28426.701,38109.16,28002.537,31917.035
2022-07-10 02:00:00,25769.172,28426.701,38109.16,28002.537,31917.035
2022-07-10 03:00:00,25769.172,28426.701,38109.16,28002.537,31917.035
2022-07-10 04:00:00,25769.172,28426.701,38109.16,28002.537,31917.035
2022-07-10 05:00:00,25769.172,28426.701,38109.16,28002.537,31917.035
2022-07-10 06:00:00,25769.172,28426.701,38109.16,28002.537,31917.035
2022-07-10 07:00:00,25769.172,28426.701,38109.16,28002.537,31917.035
2022-07-10 08:00:00,25769.172,28426.701,38109.16,28002.537,31917.035
2022-07-10 09:00:00,25769.172,28426.701,38109.16,28002.537,31917.035
2022-07-10 10:00:00,25769.172,28426.701,38109.16,28002.537,31917.035
2022-07-10 11:00:00,25769.172,28426.701,38109.16,28002.537,31917.035
2022-07-10 12:00:00,25769.172,28426.701,38109.16,28002.537,31917.035
2022-07-10 13:00:00,25769.172,28426.701,38109.16,28002.537,31917.035
2022-07-10 14:00:00,25769.172,28426.701,38109.16,28002.537,31917.035
2022-07-10 15:00:00,25769.172,28426.701,38109.16,28002.537,31917.035
2022-07-10 16:00:00,25769.172,28426.701,38109.16,28002.537,31917.035
2022-07-10 17:00:00,25769.172,28426.701,38109.16,28002.537,31917.035
2022-07-10 18:00:00,25769.172,28426.701,38109.16,28002.537,31917.035
2022-07-10 19:00:00,25769.172,28426.701,38109.16,28002.537,31917.035
2022-07-10 20:00:00,25769.172,28426.701,38109.16,28002.537,31917.035
2022-07-10 21:00:00,25769.172,28426.701,38109.16,28002.537,31917.035
2022-07-10 22:00:00,25769.172,28426.701,38109.16,28002.537,31917.035
2022-07-10 23:00:00,25769.172,28426.701,38109.16,28002.537,31917.035
2022-07-11 00:00:00,25769.172,28426.701,38109.16,28002.537,31917.035
2022-07-11 01:00:00,25769.172,28426.701,38109.16,28002.537,31917.035
2022-07-11 02:00:00,25769.172,28426.701,38109.16,28002.537,31917.035
2022-07-11 03:00:00,25769.172,28426.701,38109.16,28002.537,31917.035
2022-07-11 04:00:00,25769.172,28426.701,38109.16,28002.537,31917.035
2022-07-11 05:00:00,25769.172,28426.701,38109.16,28002.537,31917.035
2022-07-11 06:00:00,25769.172,28426.701,38109.16,28002.537,31917.035
2022-07-11 07:00:00,25769.172,28426.701,38109.16,28002.537,31917.035
2022-07-11 08:00:00,25769.172,28426.701,38109.16,28002.537,31917.035
2022-07-11 09:00:00,25769.172,28426.701,38109.16,28002.537,31917.035
2022-07-11 10:00:00,25769.172,28426.701,38109.16,28002.537,31917.035
2022-07-11 11:00:00,25769.172,28426.701,38109.16,28002.537,31917.035
2022-07-11 12:00:00,25769.172,28426.701,38109.16,28002.537,31917.035
2022-07-11 13:00:00,25769.172,28426.701,38109.16,28002.537,31917.035
2022-07-11 14:00:00,25769.172,28426.701,38109.16,28002.537,31917.035
2022-07-11 15:00:00,25769.172,28426.701,38109.16,28002.537,31917.035
2022-07-11 16:00:00,25769.172,28426.701,38109.16,28002.537,31917.035
2022-07-11 17:00:00,25769.172,28426.701,38109.16,28002.537,31917.035
2022-07-11 18:00:00,25769.172,28426.701,38109.16,28002.537,31917.035
2022-07-11 19:00:00,25769.172,28426.701,38109.16,28002.537,31917.035
2022-07-11 20:00:00,25769.172,28426.701,38109.16,28002.537,31917.035
2022-07-11 21:00:00,25769.172,28426.701,38109.16,28002.537,31917.035
2022-07-11 22:00:00,25769.172,28426.701,38109.16,28002.537,31917.035
2022-07-11 23:00:00,25769.172,28426.701,38109.16,28002.537,31917.035
2022-07-12 00:00:00,25769.172,28426.701,38109.16,28002.537,31917.035
2022-07-12 01:00:00,25769.172,28426.701,38109.16,28002.537,31917.035
2022-07-12 02:00:00,25769.172,28426.701,38109.16,28002.537,31917.035
2022-07-12 03:00:00,25769.172,28426.701,38109.16,28002.537,31917.035
2022-07-12 04:00:00,25769.172,28426.701,38109.16,28002.537,31917.035
2022-07-12 05:00:00,25769.172,28426.701,38109.16,28002.537,31917.035
2022-07-12 06:00:00,25769.172,28426.701,38109.16,28002.537,31917.035
2022-07-12 07:00:00,25769.172,28426.701,38109.16,28002.537,31917.035
2022-07-12 08:00:00,25769.172,28426.701,38109.16,28002.537,31917.035
2022-07-12 09:00:00,25769.172,28426.701,38109.16,28002.537,31917.035
2022-07-12 10:00:00,25769.172,28427.504,38109.16,28002.537,31918.318
2022-07-12 11:00:00,25770.295,28435.738,38110.62,28004.402,31918.764
2022-07-12 12:00:00,25773.31,28437.377,38110.62,28006.277,31918.764
2022-07-12 13:00:00,25774.236,28437.707,38112.07,28007.5,31919.168
2022-07-12 14:00:00,25775.277,28439.904,38112.57,28009.018,31919.246
2022-07-12 15:00:00,25775.744,28440.748,38112.93,28009.45,31920.328
2022-07-12 16:00:00,25775.744,28441.254,38113.707,28009.45,31920.436
2022-07-12 17:00:00,25776.354,28441.742,38113.875,28009.744,31920.463
2022-07-12 18:00:00,25776.363,28441.742,38115.336,28009.744,31921.16
2022-07-12 19:00:00,25776.45,28441.742,38115.434,28009.744,31921.264
2022-07-12 20:00:00,25776.531,28441.742,38115.434,28009.744,31921.264
2022-07-12 21:00:00,25776.531,28441.742,38115.434,28009.744,31921.264
2022-07-12 22:00:00,25776.531,28441.742,38115.434,28009.744,31921.264
2022-07-12 23:00:00,25776.531,28441.742,38115.434,28009.744,31921.326
2022-07-13 00:00:00,25776.531,28441.742,38115.434,28009.744,31921.326
2022-07-13 01:00:00,25776.531,28441.742,38115.434,28009.744,31921.326
2022-07-13 02:00:00,25776.531,28441.873,38115.434,28009.773,31921.326
2022-07-13 03:00:00,25776.531,28442.084,38115.434,28009.773,31921.326
2022-07-13 04:00:00,25776.531,28442.084,38115.434,28009.773,31921.498
2022-07-13 05:00:00,25776.531,28442.084,38115.434,28009.773,31921.555
2022-07-13 06:00:00,25776.531,28442.303,38115.434,28009.773,31921.586
2022-07-13 07:00:00,25776.941,28442.324,38115.434,28010.24,31921.59
2022-07-13 08:00:00,25776.941,28442.324,38115.434,28010.24,31921.59
2022-07-13 09:00:00,25776.941,28442.324,38115.434,28010.24,31921.59
2022-07-13 10:00:00,25776.941,28442.324,38115.434,28010.24,31921.746
2022-07-13 11:00:00,25776.941,28442.324,38115.434,28010.24,31921.98
2022-07-13 12:00:00,25776.941,28442.324,38115.434,28010.24,31922.32
2022-07-13 13:00:00,25776.941,28442.324,38115.434,28010.24,31922.32
2022-07-13 14:00:00,25776.941,28442.324,38115.434,28010.24,31922.686
2022-07-13 15:00:00,25776.941,28442.324,38115.434,28010.24,31922.861
2022-07-13 16:00:00,25776.941,28442.324,38115.434,28010.24,31922.861
2022-07-13 17:00:00,25776.941,28442.324,38115.434,28010.24,31923.107
2022-07-13 18:00:00,25776.941,28442.324,38115.434,28010.24,31923.31
2022-07-13 19:00:00,25777.143,28442.342,38117.72,28010.24,31925.752
2022-07-13 20:00:00,25778.227,28442.342,38119.84,28010.24,31925.918
2022-07-13 21:00:00,25778.451,28442.342,38122.746,28010.24,31926.041
2022-07-13 22:00:00,25778.64,28442.342,38125.5,28010.268,31926.041
2022-07-13 23:00:00,25778.64,28442.342,38128.234,28010.361,31926.555
2022-07-14 00:00:00,25778.795,28442.342,38129.207,28010.533,31927.656
2022-07-14 01:00:00,25778.82,28442.342,38129.48,28010.6,31929.156
2022-07-14 02:00:00,25778.82,28442.342,38129.793,28010.6,31929.2
2022-07-14 03:00:00,25778.82,28442.342,38129.793,28010.6,31929.24
2022-07-14 04:00:00,25778.82,28442.342,38129.793,28010.6,31929.24
2022-07-14 05:00:00,25778.82,28442.342,38129.793,28010.6,31929.25
2022-07-14 06:00:00,25778.82,28442.342,38129.793,28010.6,31929.25
2022-07-14 07:00:00,25778.82,28442.342,38129.793,28010.6,31929.25
2022-07-14 08:00:00,25778.82,28442.342,38129.793,28010.6,31929.25
2022-07-14 09:00:00,25778.82,28442.342,38129.793,28010.6,31929.25
2022-07-14 10:00:00,25778.82,28442.342,38129.793,28010.6,31929.25
2022-07-14 11:00:00,25778.82,28442.342,38129.793,28010.6,31929.271
2022-07-14 12:00:00,25778.82,28442.342,38129.793,28010.6,31929.291
2022-07-14 13:00:00,25778.82,28442.342,38129.793,28010.6,31929.291
2022-07-14 14:00:00,25778.82,28442.342,38129.793,28010.6,31929.291
2022-07-14 15:00:00,25778.82,28442.342,38129.793,28010.617,31929.291
2022-07-14 16:00:00,25778.82,28442.342,38129.793,28010.617,31929.291
2022-07-14 17:00:00,25778.82,28442.342,38129.793,28010.617,31929.291
2022-07-14 18:00:00,25778.82,28442.342,38129.793,28010.617,31929.291
2022-07-14 19:00:00,25778.82,28442.342,38129.793,28010.617,31929.291
2022-07-14 20:00:00,25778.82,28442.342,38129.793,28010.617,31929.291
2022-07-14 21:00:00,25778.82,28442.342,38129.793,28010.617,31929.291
2022-07-14 22:00:00,25778.82,28442.342,38129.793,28010.617,31929.32
2022-07-14 23:00:00,25778.82,28442.342,38129.793,28010.617,31929.355
2022-07-15 00:00:00,25778.82,28442.342,38129.793,28010.617,31929.355
2022-07-15 01:00:00,25778.82,28442.342,38129.793,28010.617,31929.355
2022-07-15 02:00:00,25778.82,28442.342,38129.793,28010.617,31929.355
2022-07-15 03:00:00,25778.82,28442.342,38129.793,28010.617,31929.355
2022-07-15 04:00:00,25778.82,28442.342,38129.793,28010.617,31929.355
2022-07-15 05:00:00,25778.82,28442.342,38129.793,28010.617,31929.355
2022-07-15 06:00:00,25778.82,28442.342,38129.793,28010.617,31929.355
2022-07-15 07:00:00,25778.82,28442.342,38129.793,28010.617,31929.355
2022-07-15 08:00:00,25778.82,28442.342,38129.793,28010.617,31929.355
2022-07-15 09:00:00,25778.82,28442.342,38129.793,28010.617,31929.355
2022-07-15 10:00:00,25778.82,28442.342,38129.793,28010.617,31929.355
2022-07-15 11:00:00,25778.82,28442.342,38129.793,28010.617,31929.355
2022-07-15 12:00:00,25778.82,28442.342,38129.793,28010.617,31929.355
2022-07-15 13:00:00,25778.82,28442.396,38129.793,28010.617,31931.791
2022-07-15 14:00:00,25778.82,28442.396,38129.793,28011.045,31932.93
2022-07-15 15:00:00,25778.82,28442.639,38129.793,28011.045,31933.2
2022-07-15 16:00:00,25778.82,28442.639,38129.793,28011.045,31933.2
2022-07-15 17:00:00,25778.82,28442.639,38129.793,28011.045,31933.229
2022-07-15 18:00:00,25778.82,28442.639,38129.793,28011.045,31933.588
2022-07-15 19:00:00,25778.82,28442.639,38129.793,28011.045,31933.766
2022-07-15 20:00:00,25778.82,28442.639,38130.188,28011.045,31933.865
2022-07-15 21:00:00,25778.82,28442.639,38130.676,28011.045,31933.865
2022-07-15 22:00:00,25778.82,28442.639,38130.676,28011.045,31933.918
2022-07-15 23:00:00,25778.82,28442.639,38130.676,28011.045,31933.918
2022-07-16 00:00:00,25778.82,28442.639,38130.676,28011.045,31933.918
2022-07-16 01:00:00,25778.82,28442.639,38130.676,28011.045,31933.918
2022-07-16 02:00:00,25778.82,28442.639,38130.676,28011.045,31934.064
2022-07-16 03:00:00,25778.82,28442.639,38130.676,28011.045,31934.064
2022-07-16 04:00:00,25778.82,28442.639,38130.676,28011.045,31934.064
2022-07-16 05:00:00,25778.82,28442.639,38130.676,28011.045,31934.064
2022-07-16 06:00:00,25778.82,28442.639,38130.676,28011.045,31934.064
2022-07-16 07:00:00,25778.82,28442.639,38130.676,28011.045,31934.064
2022-07-16 08:00:00,25778.82,28442.639,38130.676,28011.045,31934.064
2022-07-16 09:00:00,25778.82,28442.639,38130.676,28011.045,31934.064
2022-07-16 10:00:00,25778.82,28442.639,38130.676,28011.045,31934.064
2022-07-16 11:00:00,25778.82,28442.639,38130.676,28011.045,31934.064
2022-07-16 12:00:00,25778.82,28442.639,38130.676,28011.045,31934.064
2022-07-16 13:00:00,25778.82,28442.639,38130.676,28011.045,31934.064
2022-07-16 14:00:00,25778.82,28442.639,38130.676,28011.045,31934.064
2022-07-16 15:00:00,25778.82,28442.639,38130.676,28011.045,31934.064
2022-07-16 16:00:00,25778.82,28442.639,38130.676,28011.045,31934.064
2022-07-16 17:00:00,25778.85,28442.639,38130.676,28011.045,31934.064
2022-07-16 18:00:00,25778.86,28442.639,38130.676,28011.045,31934.064
2022-07-16 19:00:00,25778.86,28442.639,38130.676,28011.045,31934.064
2022-07-16 20:00:00,25778.86,28442.639,38130.676,28011.045,31934.064
2022-07-16 21:00:00,25778.86,28442.639,38130.676,28011.045,31934.064
2022-07-16 22:00:00,25778.86,28442.639,38130.676,28011.045,31934.064
2022-07-16 23:00:00,25778.86,28442.639,38130.676,28011.045,31934.064
2022-07-17 00:00:00,25778.86,28442.639,38130.676,28011.045,31934.064
2022-07-17 01:00:00,25778.86,28442.639,38130.676,28011.045,31934.064
2022-07-17 02:00:00,25778.86,28442.639,38130.676,28011.045,31934.064
2022-07-17 03:00:00,25778.86,28442.764,38130.676,28011.045,31934.24
2022-07-17 04:00:00,25778.86,28443.945,38130.69,28011.518,31935.145
2022-07-17 05:00:00,25778.86,28444.135,38131.406,28013.236,31935.287
2022-07-17 06:00:00,25778.86,28444.135,38131.406,28013.35,31935.287
2022-07-17 07:00:00,25778.86,28444.135,38131.406,28013.35,31935.287
2022-07-17 08:00:00,25778.86,28444.135,38131.406,28013.35,31935.287
2022-07-17 09:00:00,25778.86,28444.135,38131.406,28013.35,31935.475
2022-07-17 10:00:00,25778.86,28444.135,38131.406,28013.35,31935.533
2022-07-17 11:00:00,25778.86,28444.135,38131.406,28013.35,31935.73
2022-07-17 12:00:00,25780.006,28444.348,38131.406,28013.35,31935.73
2022-07-17 13:00:00,25780.674,28444.422,38131.406,28013.35,31935.73
2022-07-17 14:00:00,25781.191,28444.422,38131.406,28013.35,31935.73
2022-07-17 15:00:00,25781.203,28444.422,38131.406,28013.35,31935.73
2022-07-17 16:00:00,25781.223,28444.422,38131.406,28013.365,31935.73
2022-07-17 17:00:00,25781.225,28444.422,38131.406,28013.365,31935.979
2022-07-17 18:00:00,25781.225,28444.422,38131.406,28013.365,31935.979
2022-07-17 19:00:00,25781.225,28444.422,38131.406,28013.365,31936.08
2022-07-17 20:00:00,25781.225,28444.488,38131.406,28013.498,31936.129
2022-07-17 21:00:00,25781.225,28444.488,38131.406,28013.51,31936.246
2022-07-17 22:00:00,25781.225,28444.488,38131.406,28013.594,31936.254
2022-07-17 23:00:00,25781.225,28444.488,38131.406,28013.715,31936.586
2022-07-18 00:00:00,25781.225,28444.488,38131.406,28013.715,31936.607
2022-07-18 01:00:00,25781.234,28444.488,38131.406,28013.715,31936.98
2022-07-18 02:00:00,25781.234,28444.617,38131.535,28013.822,31936.98
2022-07-18 03:00:00,25781.492,28444.762,38131.535,28013.822,31937.19
2022-07-18 04:00:00,25781.674,28446.58,38132.535,28014.64,31938.752
2022-07-18 05:00:00,25781.98,28447.107,38132.707,28015.182,31939.117
2022-07-18 06:00:00,25781.98,28447.549,38132.715,28015.41,31939.137
2022-07-18 07:00:00,25782.082,28447.549,38132.715,28015.41,31939.56
2022-07-18 08:00:00,25782.164,28448.23,38132.723,28015.41,31939.607
2022-07-18 09:00:00,25782.164,28448.23,38132.723,28015.41,31939.607
2022-07-18 10:00:00,25782.164,28448.23,38132.723,28015.41,31939.607
2022-07-18 11:00:00,25782.164,28448.23,38132.723,28015.41,31939.607
2022-07-18 12:00:00,25782.164,28448.23,38132.723,28015.41,31939.607
2022-07-18 13:00:00,25782.164,28448.23,38132.723,28015.41,31939.607
2022-07-18 14:00:00,25782.164,28448.23,38132.723,28015.41,31939.607
2022-07-18 15:00:00,25782.164,28448.23,38132.723,28015.41,31939.607
2022-07-18 16:00:00,25782.164,28448.23,38132.723,28015.41,31939.607
2022-07-18 17:00:00,25782.164,28448.23,38132.723,28015.41,31939.607
2022-07-18 18:00:00,25782.164,28448.23,38132.723,28015.41,31939.607
2022-07-18 19:00:00,25782.164,28448.23,38132.723,28015.41,31939.607
2022-07-18 20:00:00,25782.164,28448.23,38132.723,28015.41,31939.607
2022-07-18 21:00:00,25782.164,28448.23,38132.723,28015.41,31939.607
2022-07-18 22:00:00,25782.164,28448.23,38132.723,28015.41,31939.607
2022-07-18 23:00:00,25782.164,28448.23,38132.723,28015.41,31939.607
2022-07-19 00:00:00,25782.164,28448.23,38132.723,28015.41,31939.607
2022-07-19 01:00:00,25782.164,28448.23,38132.723,28015.41,31939.607
2022-07-19 02:00:00,25782.164,28448.23,38132.723,28015.41,31939.607
2022-07-19 03:00:00,25782.164,28448.23,38132.723,28015.41,31939.607
2022-07-19 04:00:00,25782.164,28448.23,38132.723,28015.41,31939.607
2022-07-19 05:00:00,25782.164,28448.23,38132.723,28015.41,31939.607
2022-07-19 06:00:00,25782.164,28448.23,38132.723,28015.41,31939.607
2022-07-19 07:00:00,25782.164,28448.23,38132.723,28015.41,31939.607
2022-07-19 08:00:00,25782.164,28448.23,38132.723,28015.41,31939.607
2022-07-19 09:00:00,25782.164,28448.23,38132.723,28015.41,31939.607
2022-07-19 10:00:00,25782.164,28448.23,38132.723,28015.41,31939.607
2022-07-19 11:00:00,25782.164,28448.23,38132.723,28015.41,31939.607
2022-07-19 12:00:00,25782.164,28448.23,38132.723,28015.41,31939.607
2022-07-19 13:00:00,25782.164,28448.23,38132.723,28015.41,31939.607
2022-07-19 14:00:00,25782.164,28448.23,38132.723,28015.41,31939.607
2022-07-19 15:00:00,25782.164,28448.23,38132.723,28015.41,31939.607
2022-07-19 16:00:00,25782.164,28448.23,38132.723,28015.41,31939.607
2022-07-19 17:00:00,25782.164,28448.23,38132.723,28015.41,31939.607
2022-07-19 18:00:00,25782.164,28448.23,38132.723,28015.41,31939.607
2022-07-19 19:00:00,25782.164,28448.23,38132.723,28015.41,31939.607
2022-07-19 20:00:00,25782.164,28448.23,38132.723,28015.41,31939.607
2022-07-19 21:00:00,25782.164,28448.23,38132.723,28015.41,31939.607
2022-07-19 22:00:00,25782.164,28448.23,38132.723,28015.41,31939.607
2022-07-19 23:00:00,25782.164,28448.23,38132.723,28015.41,31939.607
2022-07-20 00:00:00,25782.164,28448.23,38132.723,28015.41,31939.607
2022-07-20 01:00:00,25782.164,28448.23,38132.723,28015.41,31939.607
2022-07-20 02:00:00,25782.164,28448.23,38132.723,28015.41,31939.762
2022-07-20 03:00:00,25782.164,28448.23,38132.77,28015.41,31940.105
2022-07-20 04:00:00,25782.164,28448.473,38132.79,28016.729,31940.105
2022-07-20 05:00:00,25782.363,28448.475,38132.79,28016.783,31940.105
2022-07-20 06:00:00,25782.363,28448.475,38132.79,28016.783,31940.357
2022-07-20 07:00:00,25782.363,28448.475,38132.79,28016.783,31940.541
2022-07-20 08:00:00,25782.363,28448.475,38133.152,28016.783,31940.746
2022-07-20 09:00:00,25782.363,28448.475,38133.152,28016.783,31940.746
2022-07-20 10:00:00,25782.363,28448.475,38133.152,28016.783,31940.746
2022-07-20 11:00:00,25782.363,28448.475,38133.152,28016.783,31940.746
2022-07-20 12:00:00,25782.363,28448.475,38133.152,28016.783,31940.746
2022-07-20 13:00:00,25782.363,28448.475,38133.152,28016.783,31940.746
2022-07-20 14:00:00,25782.363,28448.475,38133.152,28016.783,31940.746
2022-07-20 15:00:00,25782.363,28448.475,38133.152,28016.783,31940.988
2022-07-20 16:00:00,25782.363,28448.475,38134.062,28016.783,31941.496
2022-07-20 17:00:00,25782.363,28448.475,38134.48,28016.875,31944.385
2022-07-20 18:00:00,25782.488,28448.475,38135.047,28016.875,31944.521
2022-07-20 19:00:00,25782.488,28448.475,38135.047,28016.875,31944.521
2022-07-20 20:00:00,25782.488,28448.475,38135.047,28017.283,31944.521
2022-07-20 21:00:00,25782.488,28448.475,38135.047,28017.283,31944.521
2022-07-20 22:00:00,25782.488,28448.475,38135.047,28017.283,31944.521
2022-07-20 23:00:00,25782.488,28448.475,38135.047,28017.285,31945.064
2022-07-21 00:00:00,25782.693,28449.744,38135.047,28017.432,31945.46
2022-07-21 01:00:00,25783.643,28450.975,38135.047,28019.004,31945.781
2022-07-21 02:00:00,25784.035,28450.988,38135.047,28019.207,31945.781
2022-07-21 03:00:00,25784.102,28450.988,38135.047,28019.207,31945.781
2022-07-21 04:00:00,25784.102,28450.988,38135.047,28019.207,31945.781
2022-07-21 05:00:00,25784.102,28450.988,38135.047,28019.207,31945.781
2022-07-21 06:00:00,25784.102,28450.988,38135.047,28019.207,31945.781
2022-07-21 07:00:00,25784.102,28450.988,38135.047,28019.207,31945.781
2022-07-21 08:00:00,25784.102,28450.988,38135.047,28019.207,31945.781
2022-07-21 09:00:00,25784.102,28450.988,38135.047,28019.207,31945.781
2022-07-21 10:00:00,25784.102,28450.988,38135.047,28019.207,31945.781
2022-07-21 11:00:00,25784.102,28450.988,38135.047,28019.207,31945.781
2022-07-21 12:00:00,25784.102,28450.988,38135.047,28019.207,31945.781
2022-07-21 13:00:00,25784.102,28450.988,38135.047,28019.207,31945.781
2022-07-21 14:00:00,25784.102,28450.988,38135.047,28019.207,31945.781
2022-07-21 15:00:00,25784.102,28450.988,38135.047,28019.207,31945.781
2022-07-21 16:00:00,25784.102,28450.988,38135.047,28019.207,31945.781
2022-07-21 17:00:00,25784.102,28450.988,38135.047,28019.207,31945.781
2022-07-21 18:00:00,25784.102,28450.988,38135.047,28019.207,31945.781
2022-07-21 19:00:00,25784.102,28450.988,38135.047,28019.207,31945.781
2022-07-21 20:00:00,25784.102,28450.988,38135.047,28019.207,31945.781
2022-07-21 21:00:00,25784.102,28450.988,38135.047,28019.207,31945.781
2022-07-21 22:00:00,25784.102,28450.988,38135.047,28019.207,31945.781
2022-07-21 23:00:00,25784.102,28450.988,38135.047,28019.207,31945.781
2022-07-22 00:00:00,25784.102,28450.988,38135.047,28019.207,31945.781
2022-07-22 01:00:00,25784.102,28450.988,38135.047,28019.207,31945.781
2022-07-22 02:00:00,25784.102,28450.988,38135.047,28019.207,31945.781
2022-07-22 03:00:00,25784.102,28450.988,38135.047,28019.207,31945.781
2022-07-22 04:00:00,25784.102,28450.988,38135.047,28019.207,31945.781
2022-07-22 05:00:00,25784.102,28450.988,38135.047,28019.207,31945.781
2022-07-22 06:00:00,25784.102,28450.988,38135.047,28019.207,31945.781
2022-07-22 07:00:00,25784.102,28450.988,38135.047,28019.207,31945.781
2022-07-22 08:00:00,25784.102,28450.988,38135.047,28019.207,31945.781
2022-07-22 09:00:00,25784.102,28450.988,38135.047,28019.207,31945.781
2022-07-22 10:00:00,25784.102,28450.988,38135.047,28019.207,31945.781
2022-07-22 11:00:00,25784.102,28450.988,38135.047,28019.207,31945.781
2022-07-22 12:00:00,25784.102,28450.988,38135.047,28019.207,31945.781
2022-07-22 13:00:00,25784.102,28450.988,38135.047,28019.207,31945.781
2022-07-22 14:00:00,25784.102,28450.988,38135.047,28019.207,31945.781
2022-07-22 15:00:00,25784.102,28450.988,38135.047,28019.207,31945.781
2022-07-22 16:00:00,25784.102,28450.988,38135.047,28019.207,31945.781
2022-07-22 17:00:00,25784.102,28450.988,38135.047,28019.207,31945.781
2022-07-22 18:00:00,25784.102,28450.988,38135.047,28019.207,31945.781
2022-07-22 19:00:00,25784.102,28450.988,38135.047,28019.207,31945.781
2022-07-22 20:00:00,25784.102,28450.988,38135.047,28019.207,31945.781
2022-07-22 21:00:00,25784.102,28450.988,38135.047,28019.207,31945.781
2022-07-22 22:00:00,25784.102,28450.988,38135.047,28019.207,31945.781
2022-07-22 23:00:00,25784.102,28450.988,38135.047,28019.207,31945.781
2022-07-23 00:00:00,25784.102,28450.988,38135.047,28019.207,31945.781
2022-07-23 01:00:00,25784.102,28450.988,38135.047,28019.207,31945.781
2022-07-23 02:00:00,25784.102,28450.988,38135.047,28019.207,31945.781
2022-07-23 03:00:00,25784.102,28450.988,38135.047,28019.207,31945.781
2022-07-23 04:00:00,25784.102,28450.988,38135.047,28019.207,31945.781
2022-07-23 05:00:00,25784.102,28450.988,38135.047,28019.207,31945.781
2022-07-23 06:00:00,25784.102,28450.988,38135.047,28019.207,31945.781
2022-07-23 07:00:00,25784.102,28450.988,38135.047,28019.207,31945.781
2022-07-23 08:00:00,25784.102,28450.988,38135.047,28019.574,31945.781
2022-07-23 09:00:00,25784.102,28450.988,38135.047,28019.746,31945.781
2022-07-23 10:00:00,25784.102,28450.988,38135.047,28019.746,31945.781
2022-07-23 11:00:00,25784.102,28451.14,38135.047,28019.863,31945.781
2022-07-23 12:00:00,25784.102,28451.14,38135.047,28020.188,31945.781
2022-07-23 13:00:00,25784.139,28451.14,38135.047,28020.188,31945.781
2022-07-23 14:00:00,25784.139,28451.14,38135.047,28020.188,31945.781
2022-07-23 15:00:00,25784.139,28451.14,38135.047,28020.188,31945.781
2022-07-23 16:00:00,25784.139,28451.14,38135.047,28020.188,31945.781
2022-07-23 17:00:00,25784.139,28451.14,38135.047,28020.188,31945.781
2022-07-23 18:00:00,25784.139,28451.14,38135.047,28020.188,31945.781
2022-07-23 19:00:00,25784.139,28451.14,38135.047,28020.188,31945.781
2022-07-23 20:00:00,25784.139,28451.14,38135.047,28020.188,31945.781
2022-07-23 21:00:00,25784.139,28451.14,38135.047,28020.188,31945.781
2022-07-23 22:00:00,25784.139,28451.14,38135.047,28020.188,31945.781
2022-07-23 23:00:00,25784.139,28451.14,38135.047,28020.188,31945.781
2022-07-24 00:00:00,25784.139,28451.14,38135.047,28020.188,31945.781
2022-07-24 01:00:00,25784.139,28451.14,38135.047,28020.188,31945.781
2022-07-24 02:00:00,25784.139,28451.14,38135.047,28020.188,31945.781
2022-07-24 03:00:00,25784.139,28451.14,38135.047,28020.188,31945.781
2022-07-24 04:00:00,25784.139,28451.14,38135.047,28020.188,31945.781
2022-07-24 05:00:00,25784.139,28451.14,38135.047,28020.188,31945.781
2022-07-24 06:00:00,25784.139,28451.14,38135.047,28020.188,31945.781
2022-07-24 07:00:00,25784.139,28451.14,38135.047,28020.188,31945.781
2022-07-24 08:00:00,25784.139,28451.14,38135.047,28020.188,31945.781
2022-07-24 09:00:00,25784.139,28451.14,38135.047,28020.188,31945.781
2022-07-24 10:00:00,25784.139,28451.14,38135.047,28020.188,31945.781
2022-07-24 11:00:00,25784.139,28451.14,38135.047,28020.188,31945.781
2022-07-24 12:00:00,25784.139,28451.14,38135.047,28020.188,31946.244
2022-07-24 13:00:00,25784.139,28451.355,38135.047,28020.533,31946.54
2022-07-24 14:00:00,25784.139,28452.648,38135.082,28021.729,31947.121
2022-07-24 15:00:00,25785.469,28457.748,38136.066,28023.99,31949.318
2022-07-24 16:00:00,25786.707,28461.227,38136.066,28024.83,31949.572
2022-07-24 17:00:00,25786.908,28462.398,38136.066,28024.83,31949.572
2022-07-24 18:00:00,25786.908,28462.547,38136.066,28024.83,31949.572
2022-07-24 19:00:00,25786.908,28462.56,38136.066,28024.83,31949.572
2022-07-24 20:00:00,25787.572,28462.56,38136.066,28024.83,31949.572
2022-07-24 21:00:00,25787.572,28462.56,38136.066,28024.83,31949.572
2022-07-24 22:00:00,25787.572,28463.885,38136.082,28024.996,31949.65
2022-07-24 23:00:00,25789.145,28466.217,38138.715,28027.467,31949.7
2022-07-25 00:00:00,25789.613,28466.217,38142.29,28027.467,31950.775
2022-07-25 01:00:00,25789.613,28466.217,38142.29,28027.467,31950.775
2022-07-25 02:00:00,25789.613,28466.217,38142.29,28027.467,31950.775
2022-07-25 03:00:00,25789.613,28466.217,38142.29,28027.467,31950.775
2022-07-25 04:00:00,25789.613,28466.217,38142.29,28027.467,31950.775
2022-07-25 05:00:00,25789.613,28466.309,38142.29,28027.469,31950.775
2022-07-25 06:00:00,25790.865,28471.254,38144.4,28029.607,31952.334
2022-07-25 07:00:00,25792.58,28473.803,38146.527,28031.574,31954.938
2022-07-25 08:00:00,25793.596,28477.225,38146.527,28034.688,31955.31
2022-07-25 09:00:00,25795.404,28478.584,38146.74,28035.658,31955.31
2022-07-25 10:00:00,25798.363,28478.725,38146.742,28037.432,31955.31
2022-07-25 11:00:00,25798.379,28478.826,38147.086,28037.748,31955.31
2022-07-25 12:00:00,25798.545,28479.107,38147.242,28037.803,31955.31
2022-07-25 13:00:00,25798.545,28479.107,38147.242,28037.908,31955.371
2022-07-25 14:00:00,25799.225,28479.107,38147.28,28037.908,31955.371
2022-07-25 15:00:00,25799.252,28479.445,38147.28,28037.908,31955.371
2022-07-25 16:00:00,25799.252,28479.842,38147.28,28037.908,31955.371
2022-07-25 17:00:00,25799.252,28479.842,38147.34,28037.908,31955.371
2022-07-25 18:00:00,25799.268,28479.842,38147.574,28037.922,31955.45
2022-07-25 19:00:00,25799.502,28479.842,38147.98,28037.922,31955.527
2022-07-25 20:00:00,25799.62,28479.842,38147.98,28037.922,31955.955
2022-07-25 21:00:00,25799.62,28480.21,38147.98,28037.922,31956.533
2022-07-25 22:00:00,25799.62,28480.357,38147.98,28038.023,31956.66
2022-07-25 23:00:00,25799.62,28480.357,38147.98,28038.057,31956.66
2022-07-26 00:00:00,25799.62,28480.357,38147.98,28038.057,31956.816
2022-07-26 01:00:00,25799.62,28480.36,38147.98,28038.057,31956.816
2022-07-26 02:00:00,25799.62,28480.418,38147.98,28038.057,31956.816
2022-07-26 03:00:00,25799.781,28481.098,38148.24,28038.057,31956.816
2022-07-26 04:00:00,25799.781,28482.133,38150.582,28038.941,31957.582
2022-07-26 05:00:00,25799.781,28483.146,38153.543,28039.49,31958.42
2022-07-26 06:00:00,25799.797,28483.275,38153.633,28039.748,31959.002
2022-07-26 07:00:00,25800.707,28483.93,38153.758,28040.65,31959.986
2022-07-26 08:00:00,25801.854,28483.945,38154.15,28040.78,31960.443
2022-07-26 09:00:00,25802.14,28484.842,38154.45,28040.78,31960.543
2022-07-26 10:00:00,25802.14,28486.072,38156.133,28040.78,31960.592
2022-07-26 11:00:00,25802.14,28487.7,38156.95,28040.78,31960.592
2022-07-26 12:00:00,25802.14,28487.709,38157.44,28040.78,31960.592
2022-07-26 13:00:00,25802.14,28487.709,38157.44,28040.78,31960.592
2022-07-26 14:00:00,25802.14,28487.709,38157.44,28040.78,31960.592
2022-07-26 15:00:00,25802.14,28487.709,38157.44,28040.78,31960.592
2022-07-26 16:00:00,25802.14,28487.709,38157.44,28040.78,31960.592
2022-07-26 17:00:00,25802.14,28487.709,38157.44,28040.78,31960.592
2022-07-26 18:00:00,25802.14,28487.709,38157.44,28040.78,31960.592
2022-07-26 19:00:00,25802.14,28487.709,38157.44,28040.78,31960.592
2022-07-26 20:00:00,25802.14,28487.709,38157.44,28040.78,31960.592
2022-07-26 21:00:00,25802.14,28487.709,38157.44,28040.78,31960.703
2022-07-26 22:00:00,25802.14,28487.709,38157.44,28040.78,31960.736
2022-07-26 23:00:00,25802.14,28487.709,38157.44,28040.78,31960.736
2022-07-27 00:00:00,25802.14,28487.709,38157.44,28040.78,31960.736
2022-07-27 01:00:00,25802.14,28487.709,38157.44,28040.78,31960.736
2022-07-27 02:00:00,25802.14,28487.709,38157.44,28040.78,31960.736
2022-07-27 03:00:00,25802.14,28487.709,38157.44,28040.78,31960.736
2022-07-27 04:00:00,25802.14,28487.709,38157.44,28040.78,31960.736
2022-07-27 05:00:00,25802.14,28487.709,38157.44,28040.78,31960.736
2022-07-27 06:00:00,25802.14,28487.709,38157.44,28040.78,31960.736
2022-07-27 07:00:00,25802.14,28487.709,38157.44,28040.78,31960.736
2022-07-27 08:00:00,25802.14,28487.709,38157.44,28040.78,31960.736
2022-07-27 09:00:00,25802.14,28487.709,38157.44,28040.78,31960.736
2022-07-27 10:00:00,25802.14,28487.709,38157.44,28040.78,31960.736
2022-07-27 11:00:00,25802.14,28487.709,38157.44,28040.78,31960.809
2022-07-27 12:00:00,25802.14,28487.709,38157.44,28040.78,31960.83
2022-07-27 13:00:00,25802.14,28487.709,38157.44,28040.78,31960.969
2022-07-27 14:00:00,25802.14,28487.709,38157.44,28040.78,31960.982
2022-07-27 15:00:00,25802.14,28487.709,38157.44,28040.78,31960.982
2022-07-27 16:00:00,25802.14,28487.709,38157.44,28040.78,31960.982
2022-07-27 17:00:00,25802.14,28487.709,38157.44,28040.78,31960.982
2022-07-27 18:00:00,25802.14,28487.709,38157.44,28040.78,31960.982
2022-07-27 19:00:00,25802.14,28487.709,38157.44,28040.78,31960.982
2022-07-27 20:00:00,25802.14,28487.709,38157.44,28040.78,31960.982
2022-07-27 21:00:00,25802.14,28487.709,38157.44,28040.78,31960.982
2022-07-27 22:00:00,25802.14,28487.709,38157.44,28040.78,31960.982
2022-07-27 23:00:00,25802.14,28487.709,38157.44,28040.78,31960.982
2022-07-28 00:00:00,25802.14,28487.709,38157.44,28040.78,31960.982
2022-07-28 01:00:00,25802.14,28487.709,38157.44,28040.78,31960.982
2022-07-28 02:00:00,25802.14,28487.709,38157.44,28040.78,31960.982
2022-07-28 03:00:00,25802.14,28487.709,38157.44,28040.78,31960.982
2022-07-28 04:00:00,25802.14,28487.709,38157.44,28040.78,31960.982
2022-07-28 05:00:00,25802.14,28487.709,38157.44,28040.78,31960.982
2022-07-28 06:00:00,25802.14,28487.709,38157.44,28040.78,31960.982
2022-07-28 07:00:00,25802.14,28487.709,38157.44,28040.78,31960.982
2022-07-28 08:00:00,25802.14,28487.709,38157.44,28040.78,31960.982
2022-07-28 09:00:00,25802.14,28487.709,38157.44,28040.78,31960.982
2022-07-28 10:00:00,25802.14,28487.709,38157.44,28040.78,31960.982
2022-07-28 11:00:00,25802.14,28487.709,38157.44,28040.78,31960.982
2022-07-28 12:00:00,25802.14,28487.709,38157.44,28040.78,31960.982
2022-07-28 13:00:00,25802.14,28487.709,38157.44,28040.78,31960.982
2022-07-28 14:00:00,25802.14,28487.709,38157.44,28040.78,31960.982
2022-07-28 15:00:00,25802.14,28487.709,38157.44,28040.78,31960.982
2022-07-28 16:00:00,25802.14,28487.709,38157.44,28040.78,31960.982
2022-07-28 17:00:00,25802.14,28487.709,38157.44,28040.78,31960.982
2022-07-28 18:00:00,25802.14,28487.709,38157.44,28040.78,31960.982
2022-07-28 19:00:00,25802.14,28487.709,38157.44,28040.78,31960.982
2022-07-28 20:00:00,25802.14,28487.709,38157.44,28040.78,31960.982
2022-07-28 21:00:00,25802.14,28487.709,38157.44,28040.78,31960.982
2022-07-28 22:00:00,25802.14,28487.709,38157.44,28040.78,31960.982
2022-07-28 23:00:00,25802.14,28487.709,38157.44,28040.78,31960.982
2022-07-29 00:00:00,25802.14,28487.709,38157.44,28040.78,31960.982
2022-07-29 01:00:00,25802.14,28487.709,38157.44,28040.78,31960.982
2022-07-29 02:00:00,25802.14,28487.709,38157.44,28040.78,31960.982
2022-07-29 03:00:00,25802.14,28487.709,38157.44,28040.78,31960.982
2022-07-29 04:00:00,25802.14,28487.709,38157.44,28040.78,31960.982
2022-07-29 05:00:00,25802.14,28487.709,38157.44,28040.78,31960.982
2022-07-29 06:00:00,25802.14,28487.709,38157.44,28040.78,31960.982
2022-07-29 07:00:00,25802.14,28487.709,38157.44,28040.78,31960.982
2022-07-29 08:00:00,25802.14,28487.709,38157.44,28040.78,31960.982
2022-07-29 09:00:00,25802.14,28487.709,38157.44,28040.78,31960.982
2022-07-29 10:00:00,25802.14,28487.709,38157.44,28040.78,31960.982
2022-07-29 11:00:00,25802.14,28487.709,38157.44,28040.78,31960.982
2022-07-29 12:00:00,25802.14,28487.709,38157.44,28040.78,31960.982
2022-07-29 13:00:00,25802.14,28487.709,38157.44,28040.78,31960.982
2022-07-29 14:00:00,25802.14,28487.709,38157.44,28040.78,31960.982
2022-07-29 15:00:00,25802.14,28487.709,38157.44,28040.78,31960.982
2022-07-29 16:00:00,25802.14,28487.709,38157.44,28040.78,31961.21
2022-07-29 17:00:00,25802.14,28487.709,38157.44,28040.912,31961.531
2022-07-29 18:00:00,25802.14,28487.72,38157.44,28041.488,31961.674
2022-07-29 19:00:00,25802.14,28487.72,38157.44,28041.488,31962.2
2022-07-29 20:00:00,25802.14,28487.72,38157.44,28041.488,31962.295
2022-07-29 21:00:00,25802.14,28487.72,38157.44,28041.488,31962.295
2022-07-29 22:00:00,25802.14,28487.72,38157.44,28041.488,31962.295
2022-07-29 23:00:00,25802.14,28487.72,38157.44,28041.488,31962.295
2022-07-30 00:00:00,25802.14,28487.72,38157.44,28041.488,31962.295
2022-07-30 01:00:00,25802.14,28487.72,38157.44,28041.488,31962.295
2022-07-30 02:00:00,25802.14,28487.72,38157.44,28041.488,31962.295
2022-07-30 03:00:00,25802.14,28487.72,38157.44,28041.488,31962.295
2022-07-30 04:00:00,25802.14,28487.72,38157.44,28041.488,31962.295
2022-07-30 05:00:00,25802.14,28487.72,38157.44,28041.488,31962.295
2022-07-30 06:00:00,25802.14,28487.72,38157.44,28041.488,31962.295
2022-07-30 07:00:00,25802.14,28487.72,38157.44,28041.488,31962.295
2022-07-30 08:00:00,25802.14,28487.72,38157.44,28041.488,31962.295
2022-07-30 09:00:00,25802.14,28487.72,38157.44,28041.488,31962.295
2022-07-30 10:00:00,25802.14,28487.72,38157.44,28041.488,31962.295
2022-07-30 11:00:00,25802.14,28487.72,38157.44,28041.488,31962.295
2022-07-30 12:00:00,25802.14,28487.72,38157.44,28041.488,31962.295
2022-07-30 13:00:00,25802.14,28487.72,38157.44,28041.488,31962.295
2022-07-30 14:00:00,25802.14,28487.72,38157.44,28041.488,31962.295
2022-07-30 15:00:00,25802.14,28487.72,38157.44,28041.488,31962.295
2022-07-30 16:00:00,25802.14,28487.72,38157.44,28041.488,31962.295
2022-07-30 17:00:00,25802.14,28487.72,38157.44,28041.488,31962.295
2022-07-30 18:00:00,25802.14,28487.72,38157.44,28041.488,31962.295
2022-07-30 19:00:00,25802.295,28487.72,38157.44,28041.488,31962.295
2022-07-30 20:00:00,25802.295,28487.72,38157.44,28041.488,31962.295
2022-07-30 21:00:00,25802.295,28488.36,38157.44,28041.496,31962.295
2022-07-30 22:00:00,25802.295,28488.48,38157.44,28041.541,31962.295
2022-07-30 23:00:00,25802.365,28488.48,38157.44,28041.541,31962.295
2022-07-31 00:00:00,25802.484,28488.504,38157.6,28041.58,31962.438
2022-07-31 01:00:00,25802.936,28488.816,38160.05,28042.215,31963.002
2022-07-31 02:00:00,25803.025,28488.816,38160.645,28042.215,31963.12
2022-07-31 03:00:00,25803.025,28488.816,38160.645,28042.215,31963.525
2022-07-31 04:00:00,25803.025,28489.125,38160.652,28042.215,31963.525
2022-07-31 05:00:00,25803.025,28490.012,38160.652,28043.07,31963.658
2022-07-31 06:00:00,25803.025,28490.402,38160.652,28044.24,31964.354
2022-07-31 07:00:00,25803.025,28490.404,38160.652,28044.826,31964.678
2022-07-31 08:00:00,25803.025,28490.404,38160.652,28044.826,31964.926
2022-07-31 09:00:00,25803.227,28490.494,38160.652,28044.904,31965.002
2022-07-31 10:00:00,25803.227,28490.742,38160.652,28045.3,31965.002
2022-07-31 11:00:00,25804.758,28490.742,38160.652,28046.871,31965.002
2022-07-31 12:00:00,25805.293,28490.742,38160.652,28046.871,31965.002
2022-07-31 13:00:00,25805.293,28490.742,38160.652,28046.871,31965.002
2022-07-31 14:00:00,25805.293,28490.742,38160.652,28046.871,31965.002
2022-07-31 15:00:00,25805.293,28490.742,38160.652,28046.871,31965.002
2022-07-31 16:00:00,25805.293,28490.742,38160.652,28046.871,31965.002
2022-07-31 17:00:00,25805.293,28490.742,38160.652,28046.871,31965.002
2022-07-31 18:00:00,25805.293,28490.742,38160.652,28046.871,31965.002
2022-07-31 19:00:00,25805.293,28490.742,38160.652,28046.871,31965.002
2022-07-31 20:00:00,25805.293,28490.742,38160.652,28046.871,31965.002
2022-07-31 21:00:00,25805.293,28490.877,38160.652,28047.002,31965.066
2022-07-31 22:00:00,25805.293,28490.877,38160.688,28047.023,31965.148
2022-07-31 23:00:00,25805.305,28490.877,38160.688,28047.023,31965.402
2022-08-01 00:00:00,25805.32,28490.877,38160.82,28047.023,31965.527
2022-08-01 01:00:00,25805.32,28490.877,38161.195,28047.023,31965.527
2022-08-01 02:00:00,25805.32,28490.877,38161.195,28047.023,31965.574
2022-08-01 03:00:00,25805.32,28490.877,38161.195,28047.023,31965.832
2022-08-01 04:00:00,25805.32,28490.877,38161.195,28047.023,31966.127
2022-08-01 05:00:00,25805.32,28490.877,38161.195,28047.023,31966.889
2022-08-01 06:00:00,25805.32,28490.877,38161.195,28047.023,31968.59
2022-08-01 07:00:00,25805.32,28490.877,38161.195,28047.023,31969.434
2022-08-01 08:00:00,25805.32,28490.877,38161.195,28047.023,31969.434
2022-08-01 09:00:00,25805.32,28491.387,38161.195,28047.023,31969.434
2022-08-01 10:00:00,25805.32,28491.717,38161.195,28047.023,31969.662
2022-08-01 11:00:00,25805.32,28491.82,38161.195,28047.023,31970.33
2022-08-01 12:00:00,25805.32,28491.82,38161.195,28047.055,31970.64
2022-08-01 13:00:00,25805.32,28491.82,38161.195,28047.055,31972.041
2022-08-01 14:00:00,25805.32,28492.115,38161.195,28047.055,31972.041
2022-08-01 15:00:00,25805.32,28492.115,38161.195,28047.055,31972.043
2022-08-01 16:00:00,25805.32,28492.115,38161.195,28047.055,31972.068
2022-08-01 17:00:00,25805.32,28492.115,38161.195,28047.055,31972.068
2022-08-01 18:00:00,25805.32,28492.115,38161.195,28047.055,31972.068
2022-08-01 19:00:00,25805.32,28492.115,38161.195,28047.055,31972.068
2022-08-01 20:00:00,25805.32,28492.115,38161.195,28047.055,31972.068
2022-08-01 21:00:00,25805.32,28492.115,38161.195,28047.055,31972.068
2022-08-01 22:00:00,25805.32,28492.115,38161.195,28047.055,31972.068
2022-08-01 23:00:00,25805.32,28492.115,38161.195,28047.055,31972.068
2022-08-02 00:00:00,25805.32,28492.115,38161.195,28047.055,31972.068
2022-08-02 01:00:00,25805.32,28492.115,38161.195,28047.055,31972.068
2022-08-02 02:00:00,25805.32,28492.115,38161.195,28047.055,31972.068
2022-08-02 03:00:00,25805.32,28492.115,38161.195,28047.055,31972.068
2022-08-02 04:00:00,25805.32,28492.115,38161.195,28047.055,31972.068
2022-08-02 05:00:00,25805.32,28492.115,38161.195,28047.055,31972.068
2022-08-02 06:00:00,25805.32,28492.115,38161.195,28047.055,31972.068
2022-08-02 07:00:00,25805.32,28492.115,38161.195,28047.055,31972.068
2022-08-02 08:00:00,25805.32,28492.115,38161.195,28047.055,31972.068
2022-08-02 09:00:00,25805.354,28492.438,38161.195,28047.8,31972.068
2022-08-02 10:00:00,25805.824,28493.523,38161.195,28048.418,31973.041
2022-08-02 11:00:00,25807.615,28495.361,38163.195,28050.979,31976.46
2022-08-02 12:00:00,25810.494,28497.809,38166.58,28052.969,31978.309
2022-08-02 13:00:00,25812.02,28499.94,38166.58,28056.293,31979.443
2022-08-02 14:00:00,25813.842,28502.957,38166.58,28058.396,31979.443
2022-08-02 15:00:00,25815.586,28504.768,38166.58,28059.193,31979.71
2022-08-02 16:00:00,25817.725,28507.627,38166.58,28060.105,31979.71
2022-08-02 17:00:00,25819.379,28507.79,38166.58,28060.934,31979.71
2022-08-02 18:00:00,25820.65,28508.13,38166.65,28061.158,31979.71
2022-08-02 19:00:00,25822.824,28509.236,38166.65,28061.398,31979.71
2022-08-02 20:00:00,25826.21,28511.047,38166.65,28062.104,31979.71
2022-08-02 21:00:00,25826.234,28511.047,38166.65,28062.104,31979.71
2022-08-02 22:00:00,25826.807,28511.29,38166.65,28062.104,31979.71
2022-08-02 23:00:00,25829.27,28511.473,38166.65,28062.104,31979.71
2022-08-03 00:00:00,25829.367,28511.473,38166.715,28062.104,31979.71
2022-08-03 01:00:00,25829.582,28511.473,38167.117,28062.104,31979.814
2022-08-03 02:00:00,25829.582,28511.473,38167.117,28062.104,31979.814
2022-08-03 03:00:00,25829.607,28511.473,38167.117,28062.104,31979.814
2022-08-03 04:00:00,25829.725,28511.473,38167.156,28062.174,31979.863
2022-08-03 05:00:00,25829.797,28511.473,38167.305,28062.314,31979.863
2022-08-03 06:00:00,25829.805,28511.473,38167.305,28062.314,31979.885
2022-08-03 07:00:00,25829.838,28511.473,38167.613,28062.316,31980.188
2022-08-03 08:00:00,25830.602,28511.9,38168.01,28063.295,31981.617
2022-08-03 09:00:00,25832.89,28512.797,38169.727,28064.225,31982.762
2022-08-03 10:00:00,25833.336,28513.383,38170.844,28064.621,31983.998
2022-08-03 11:00:00,25833.354,28513.402,38171.367,28064.621,31984.443
2022-08-03 12:00:00,25833.354,28513.488,38172.566,28064.621,31985.408
2022-08-03 13:00:00,25833.354,28513.803,38175.016,28064.621,31986.184
2022-08-03 14:00:00,25833.354,28514.107,38175.55,28064.666,31986.467
2022-08-03 15:00:00,25833.5,28514.338,38175.55,28065.639,31987.762
2022-08-03 16:00:00,25834.373,28514.494,38175.56,28065.734,31988.135
2022-08-03 17:00:00,25834.43,28514.494,38176.01,28065.934,31988.549
2022-08-03 18:00:00,25834.43,28514.494,38176.9,28065.934,31988.549
2022-08-03 19:00:00,25834.43,28514.508,38177.29,28065.934,31988.549
2022-08-03 20:00:00,25834.47,28515.016,38177.29,28065.934,31988.549
2022-08-03 21:00:00,25834.47,28515.016,38177.29,28065.934,31988.549
2022-08-03 22:00:00,25834.47,28515.016,38177.29,28065.934,31988.549
2022-08-03 23:00:00,25834.47,28515.016,38177.29,28065.934,31988.549
2022-08-04 00:00:00,25834.47,28515.016,38177.29,28065.934,31988.549
2022-08-04 01:00:00,25834.47,28515.291,38177.29,28065.934,31988.549
2022-08-04 02:00:00,25834.47,28515.572,38177.29,28065.934,31988.885
2022-08-04 03:00:00,25834.47,28515.572,38177.29,28066.05,31988.885
2022-08-04 04:00:00,25834.47,28515.572,38177.29,28066.05,31988.885
2022-08-04 05:00:00,25834.47,28515.674,38177.29,28066.05,31988.885
2022-08-04 06:00:00,25834.662,28515.883,38177.29,28066.193,31988.885
2022-08-04 07:00:00,25834.71,28515.986,38177.78,28066.193,31991.455
2022-08-04 08:00:00,25834.71,28515.986,38178.734,28066.193,31992.111
2022-08-04 09:00:00,25834.71,28516.572,38178.734,28066.193,31992.596
2022-08-04 10:00:00,25834.71,28516.572,38178.734,28066.193,31992.596
2022-08-04 11:00:00,25834.71,28516.572,38178.734,28066.193,31992.596
2022-08-04 12:00:00,25834.71,28516.572,38178.734,28066.193,31992.596
2022-08-04 13:00:00,25835.232,28516.73,38178.855,28066.225,31992.645
2022-08-04 14:00:00,25835.277,28517.684,38179.707,28066.502,31993.043
2022-08-04 15:00:00,25836.05,28517.936,38180.4,28067.434,31993.08
2022-08-04 16:00:00,25839.31,28521.0,38181.0,28069.113,31993.152
2022-08-04 17:00:00,25840.936,28521.883,38181.0,28069.465,31994.705
2022-08-04 18:00:00,25842.217,28522.484,38181.535,28070.121,31995.416
2022-08-04 19:00:00,25842.389,28523.906,38182.316,28070.121,31996.451
2022-08-04 20:00:00,25842.652,28524.635,38182.332,28070.121,31996.451
2022-08-04 21:00:00,25842.79,28524.635,38182.332,28070.121,31996.451
2022-08-04 22:00:00,25842.79,28524.635,38182.332,28070.121,31996.451
2022-08-04 23:00:00,25842.79,28524.635,38182.332,28070.121,31996.451
2022-08-05 00:00:00,25842.79,28524.635,38182.332,28070.121,31996.451
2022-08-05 01:00:00,25842.79,28524.635,38182.332,28070.121,31996.451
2022-08-05 02:00:00,25842.79,28524.635,38182.332,28070.121,31996.451
2022-08-05 03:00:00,25842.79,28524.635,38182.332,28070.121,31996.451
2022-08-05 04:00:00,25842.79,28524.635,38182.332,28070.121,31996.451
2022-08-05 05:00:00,25842.79,28524.635,38182.332,28070.121,31996.451
2022-08-05 06:00:00,25842.79,28524.635,38182.332,28070.121,31996.451
2022-08-05 07:00:00,25842.79,28524.635,38182.332,28070.121,31996.451
2022-08-05 08:00:00,25842.79,28524.635,38182.332,28070.121,31996.451
2022-08-05 09:00:00,25842.79,28524.873,38182.332,28070.121,31996.646
2022-08-05 10:00:00,25842.79,28524.873,38182.516,28070.121,31998.232
2022-08-05 11:00:00,25842.79,28525.016,38183.49,28070.121,31999.514
2022-08-05 12:00:00,25842.79,28525.016,38184.29,28070.121,32000.305
2022-08-05 13:00:00,25843.057,28525.016,38184.934,28070.121,32000.4
2022-08-05 14:00:00,25843.057,28525.016,38185.145,28070.121,32002.367
2022-08-05 15:00:00,25843.057,28525.016,38186.145,28070.32,32003.195
2022-08-05 16:00:00,25843.057,28525.016,38187.47,28070.32,32004.654
2022-08-05 17:00:00,25843.057,28525.016,38187.617,28070.32,32004.654
2022-08-05 18:00:00,25843.057,28525.016,38187.617,28070.32,32004.654
2022-08-05 19:00:00,25843.057,28525.016,38187.617,28070.33,32004.666
2022-08-05 20:00:00,25843.057,28525.055,38188.19,28070.33,32005.217
2022-08-05 21:00:00,25843.057,28525.055,38189.57,28070.33,32005.441
2022-08-05 22:00:00,25843.057,28525.055,38190.285,28070.63,32005.902
2022-08-05 23:00:00,25843.057,28525.06,38190.617,28071.29,32006.191
2022-08-06 00:00:00,25843.057,28525.17,38190.98,28071.654,32006.74
2022-08-06 01:00:00,25843.07,28525.775,38191.07,28071.654,32006.975
2022-08-06 02:00:00,25843.07,28525.783,38191.164,28071.654,32007.303
2022-08-06 03:00:00,25843.07,28525.783,38191.383,28071.654,32008.4
2022-08-06 04:00:00,25843.07,28525.783,38191.44,28071.654,32008.754
2022-08-06 05:00:00,25843.07,28525.783,38191.695,28071.654,32009.12
2022-08-06 06:00:00,25843.094,28525.783,38192.027,28071.654,32009.152
2022-08-06 07:00:00,25843.094,28525.783,38192.11,28071.654,32009.287
2022-08-06 08:00:00,25843.094,28525.783,38192.11,28071.654,32009.6
2022-08-06 09:00:00,25843.184,28525.783,38192.11,28071.654,32009.6
2022-08-06 10:00:00,25843.184,28525.783,38192.11,28071.654,32009.6
2022-08-06 11:00:00,25843.184,28525.783,38192.11,28071.654,32009.6
2022-08-06 12:00:00,25843.184,28525.783,38192.11,28071.654,32009.6
2022-08-06 13:00:00,25843.184,28525.783,38192.11,28071.654,32009.6
2022-08-06 14:00:00,25843.184,28525.783,38192.11,28071.654,32009.6
2022-08-06 15:00:00,25843.184,28525.783,38192.137,28071.654,32009.6
2022-08-06 16:00:00,25843.184,28525.783,38192.137,28071.654,32009.6
2022-08-06 17:00:00,25843.184,28525.783,38192.137,28071.654,32009.6
2022-08-06 18:00:00,25843.184,28525.783,38192.137,28071.654,32009.6
2022-08-06 19:00:00,25843.184,28525.783,38192.137,28071.654,32009.6
2022-08-06 20:00:00,25843.184,28525.783,38192.137,28071.654,32009.6
2022-08-06 21:00:00,25843.184,28525.783,38192.137,28071.654,32009.6
2022-08-06 22:00:00,25843.184,28525.783,38192.137,28071.654,32009.6
2022-08-06 23:00:00,25843.184,28525.783,38192.137,28071.654,32009.6
2022-08-07 00:00:00,25843.184,28525.783,38192.137,28071.654,32009.6
2022-08-07 01:00:00,25843.184,28525.783,38192.137,28071.654,32009.6
2022-08-07 02:00:00,25843.184,28525.783,38192.137,28071.654,32009.6
2022-08-07 03:00:00,25843.184,28525.783,38192.137,28071.654,32009.6
2022-08-07 04:00:00,25843.184,28525.783,38192.137,28071.654,32009.6
2022-08-07 05:00:00,25843.184,28525.783,38192.137,28071.654,32009.6
2022-08-07 06:00:00,25843.184,28525.783,38192.137,28071.654,32009.6
2022-08-07 07:00:00,25843.184,28525.783,38192.137,28071.654,32009.6
2022-08-07 08:00:00,25843.184,28525.783,38192.137,28071.654,32009.6
2022-08-07 09:00:00,25843.184,28525.783,38192.137,28071.654,32009.6
2022-08-07 10:00:00,25843.184,28525.783,38192.137,28071.654,32009.6
2022-08-07 11:00:00,25843.184,28525.783,38192.137,28071.654,32009.6
2022-08-07 12:00:00,25843.184,28525.783,38192.137,28071.832,32009.688
2022-08-07 13:00:00,25843.184,28525.783,38192.137,28071.832,32010.168
2022-08-07 14:00:00,25843.184,28525.783,38192.137,28071.832,32010.363
2022-08-07 15:00:00,25843.184,28525.783,38192.137,28071.832,32010.363
2022-08-07 16:00:00,25843.184,28525.783,38192.137,28071.832,32010.363
2022-08-07 17:00:00,25843.184,28525.783,38192.137,28071.832,32010.363
2022-08-07 18:00:00,25843.184,28525.783,38192.137,28071.832,32010.363
2022-08-07 19:00:00,25843.184,28525.783,38192.137,28071.832,32010.363
2022-08-07 20:00:00,25843.184,28525.783,38192.137,28071.832,32010.363
2022-08-07 21:00:00,25843.184,28525.783,38192.137,28071.832,32010.363
2022-08-07 22:00:00,25843.184,28525.783,38192.137,28071.832,32010.363
2022-08-07 23:00:00,25843.184,28525.783,38192.137,28071.832,32010.363
2022-08-08 00:00:00,25843.184,28525.783,38192.137,28071.832,32010.363
2022-08-08 01:00:00,25843.184,28525.783,38192.246,28071.92,32010.363
2022-08-08 02:00:00,25843.184,28525.783,38192.246,28071.969,32010.479
2022-08-08 03:00:00,25843.184,28525.783,38192.246,28071.969,32010.479
2022-08-08 04:00:00,25843.184,28525.783,38192.246,28071.969,32010.479
2022-08-08 05:00:00,25843.184,28525.783,38192.246,28071.969,32010.479
2022-08-08 06:00:00,25843.184,28525.783,38192.246,28071.969,32010.479
2022-08-08 07:00:00,25843.184,28525.783,38192.246,28071.969,32010.479
2022-08-08 08:00:00,25843.184,28525.783,38192.246,28071.969,32010.479
2022-08-08 09:00:00,25843.184,28525.783,38192.246,28071.969,32010.479
2022-08-08 10:00:00,25843.184,28525.783,38192.246,28071.969,32010.479
2022-08-08 11:00:00,25843.184,28525.783,38192.246,28071.969,32010.479
2022-08-08 12:00:00,25843.184,28525.783,38192.246,28071.969,32010.479
2022-08-08 13:00:00,25843.184,28525.783,38192.246,28071.969,32010.479
2022-08-08 14:00:00,25843.238,28525.783,38192.246,28071.969,32010.479
2022-08-08 15:00:00,25843.238,28525.783,38192.246,28071.969,32010.479
2022-08-08 16:00:00,25843.238,28525.783,38192.246,28071.969,32010.479
2022-08-08 17:00:00,25843.238,28525.783,38192.246,28071.969,32010.479
2022-08-08 18:00:00,25843.238,28525.783,38192.246,28071.969,32010.479
2022-08-08 19:00:00,25843.238,28525.783,38192.246,28071.969,32010.479
2022-08-08 20:00:00,25843.238,28525.783,38192.246,28071.969,32010.479
2022-08-08 21:00:00,25843.238,28525.783,38192.246,28071.969,32010.479
2022-08-08 22:00:00,25843.238,28525.867,38192.246,28071.969,32010.738
2022-08-08 23:00:00,25843.238,28525.867,38192.246,28071.969,32010.738
2022-08-09 00:00:00,25843.838,28525.867,38192.246,28071.969,32010.738
2022-08-09 01:00:00,25845.156,28525.877,38192.246,28071.969,32010.738
2022-08-09 02:00:00,25846.715,28525.889,38192.246,28071.969,32010.738
2022-08-09 03:00:00,25847.12,28526.074,38192.246,28071.969,32010.791
2022-08-09 04:00:00,25847.494,28526.648,38192.246,28071.969,32011.047
2022-08-09 05:00:00,25847.494,28527.236,38192.246,28071.969,32011.646
2022-08-09 06:00:00,25847.656,28529.406,38192.246,28072.57,32012.717
2022-08-09 07:00:00,25847.656,28530.818,38192.246,28073.236,32013.111
2022-08-09 08:00:00,25847.656,28530.855,38192.246,28073.236,32014.158
2022-08-09 09:00:00,25848.531,28530.855,38192.246,28073.236,32014.398
2022-08-09 10:00:00,25849.188,28531.184,38192.246,28073.236,32014.654
2022-08-09 11:00:00,25849.316,28531.686,38192.246,28073.303,32015.307
2022-08-09 12:00:00,25849.33,28531.748,38192.246,28073.303,32016.43
2022-08-09 13:00:00,25849.348,28531.748,38192.246,28073.303,32016.58
2022-08-09 14:00:00,25849.348,28532.357,38192.246,28073.59,32016.646
2022-08-09 15:00:00,25849.414,28533.232,38192.246,28073.59,32017.043
2022-08-09 16:00:00,25849.904,28533.465,38192.41,28073.59,32017.113
2022-08-09 17:00:00,25850.502,28533.572,38194.81,28074.54,32017.17
2022-08-09 18:00:00,25850.965,28534.111,38196.36,28074.904,32017.17
2022-08-09 19:00:00,25850.965,28534.266,38196.902,28075.0,32017.17
2022-08-09 20:00:00,25850.965,28534.266,38196.902,28075.0,32017.377
2022-08-09 21:00:00,25851.137,28534.322,38196.902,28075.0,32017.514
2022-08-09 22:00:00,25851.309,28534.322,38196.902,28075.0,32017.514
2022-08-09 23:00:00,25851.371,28534.322,38196.902,28075.0,32017.514
2022-08-10 00:00:00,25851.707,28534.322,38196.902,28075.0,32017.514
2022-08-10 01:00:00,25852.45,28534.322,38196.902,28075.0,32017.514
2022-08-10 02:00:00,25853.766,28534.322,38196.902,28075.0,32017.514
2022-08-10 03:00:00,25854.355,28534.322,38196.902,28075.0,32017.514
2022-08-10 04:00:00,25854.771,28534.322,38196.902,28075.0,32017.514
2022-08-10 05:00:00,25854.8,28534.322,38196.902,28075.0,32017.514
2022-08-10 06:00:00,25854.8,28534.322,38196.902,28075.0,32017.514
2022-08-10 07:00:00,25854.8,28534.322,38196.902,28075.0,32017.514
2022-08-10 08:00:00,25854.8,28534.322,38196.902,28075.0,32017.514
2022-08-10 09:00:00,25854.8,28534.322,38196.902,28075.0,32017.514
2022-08-10 10:00:00,25854.8,28534.322,38196.902,28075.0,32017.514
2022-08-10 11:00:00,25854.8,28534.322,38196.902,28075.0,32017.514
2022-08-10 12:00:00,25854.8,28534.322,38196.902,28075.0,32017.514
2022-08-10 13:00:00,25854.8,28534.322,38196.902,28075.0,32017.514
2022-08-10 14:00:00,25854.8,28534.322,38196.902,28075.0,32017.514
2022-08-10 15:00:00,25854.8,28534.322,38196.902,28075.0,32017.514
2022-08-10 16:00:00,25854.8,28534.322,38196.902,28075.0,32017.514
2022-08-10 17:00:00,25854.8,28534.322,38196.902,28075.0,32017.514
2022-08-10 18:00:00,25854.8,28534.322,38196.902,28075.0,32017.514
2022-08-10 19:00:00,25854.8,28534.322,38196.902,28075.0,32017.514
2022-08-10 20:00:00,25854.8,28534.322,38196.902,28075.0,32017.648
2022-08-10 21:00:00,25854.8,28534.322,38196.902,28075.0,32018.652
2022-08-10 22:00:00,25854.832,28534.322,38196.902,28075.0,32019.594
2022-08-10 23:00:00,25854.832,28534.322,38196.902,28075.0,32020.332
2022-08-11 00:00:00,25854.832,28534.414,38196.902,28075.008,32020.633
2022-08-11 01:00:00,25854.832,28534.514,38196.902,28075.008,32021.916
2022-08-11 02:00:00,25855.299,28534.793,38197.477,28075.047,32024.406
2022-08-11 03:00:00,25856.11,28535.055,38197.645,28076.309,32027.15
2022-08-11 04:00:00,25856.113,28535.055,38197.855,28076.914,32029.818
2022-08-11 05:00:00,25856.121,28535.264,38198.055,28077.014,32032.094
2022-08-11 06:00:00,25856.121,28536.912,38198.055,28077.299,32034.15
2022-08-11 07:00:00,25856.121,28538.39,38198.055,28077.299,32036.041
2022-08-11 08:00:00,25856.121,28538.39,38198.055,28077.299,32037.701
2022-08-11 09:00:00,25856.121,28538.443,38198.055,28077.299,32039.291
2022-08-11 10:00:00,25856.121,28538.443,38198.055,28077.299,32040.828
2022-08-11 11:00:00,25856.121,28538.443,38198.055,28077.299,32041.01
2022-08-11 12:00:00,25856.121,28538.443,38198.055,28077.299,32041.96
2022-08-11 13:00:00,25856.121,28538.443,38198.055,28077.299,32041.96
2022-08-11 14:00:00,25856.121,28538.443,38198.055,28077.299,32042.201
2022-08-11 15:00:00,25856.121,28538.443,38198.055,28077.299,32042.201
2022-08-11 16:00:00,25856.121,28538.443,38198.055,28077.299,32042.352
2022-08-11 17:00:00,25856.121,28538.443,38198.055,28077.322,32042.352
2022-08-11 18:00:00,25856.121,28538.443,38198.344,28077.322,32042.352
2022-08-11 19:00:00,25856.121,28538.443,38198.344,28077.322,32042.352
2022-08-11 20:00:00,25856.121,28538.443,38198.344,28077.322,32042.352
2022-08-11 21:00:00,25856.121,28538.443,38198.344,28077.322,32042.352
2022-08-11 22:00:00,25856.121,28538.469,38198.344,28077.322,32042.352
2022-08-11 23:00:00,25856.121,28538.588,38198.344,28077.322,32042.352
2022-08-12 00:00:00,25856.121,28538.588,38198.344,28077.322,32042.352
2022-08-12 01:00:00,25856.121,28538.588,38198.344,28077.322,32042.352
2022-08-12 02:00:00,25856.121,28538.588,38198.344,28077.322,32042.352
2022-08-12 03:00:00,25856.121,28538.588,38198.344,28077.322,32042.352
2022-08-12 04:00:00,25856.121,28538.588,38198.344,28077.322,32042.352
2022-08-12 05:00:00,25856.121,28538.588,38198.344,28077.322,32042.352
2022-08-12 06:00:00,25856.121,28538.588,38198.344,28077.322,32042.352
2022-08-12 07:00:00,25856.121,28538.588,38198.344,28077.322,32042.352
2022-08-12 08:00:00,25856.121,28538.588,38198.344,28077.322,32042.352
2022-08-12 09:00:00,25856.121,28538.588,38198.344,28077.322,32042.352
2022-08-12 10:00:00,25856.121,28538.588,38198.344,28077.322,32042.352
2022-08-12 11:00:00,25856.121,28538.588,38198.344,28077.322,32042.352
2022-08-12 12:00:00,25856.121,28538.588,38198.344,28077.322,32042.352
2022-08-12 13:00:00,25856.121,28538.588,38198.344,28077.322,32042.352
2022-08-12 14:00:00,25856.121,28538.588,38198.344,28077.322,32042.352
2022-08-12 15:00:00,25856.121,28538.588,38198.344,28077.322,32042.352
2022-08-12 16:00:00,25856.121,28538.588,38198.344,28077.322,32042.352
2022-08-12 17:00:00,25856.121,28538.588,38198.344,28077.322,32042.352
2022-08-12 18:00:00,25856.121,28538.588,38198.344,28077.322,32042.352
2022-08-12 19:00:00,25856.121,28538.588,38198.344,28077.322,32042.352
2022-08-12 20:00:00,25856.121,28538.588,38198.344,28077.322,32042.352
2022-08-12 21:00:00,25856.121,28538.588,38198.344,28077.322,32042.352
2022-08-12 22:00:00,25856.121,28538.588,38198.344,28077.322,32042.352
2022-08-12 23:00:00,25856.121,28538.588,38198.344,28077.322,32042.352
2022-08-13 00:00:00,25856.121,28538.588,38198.344,28077.322,32042.352
2022-08-13 01:00:00,25856.121,28538.588,38198.344,28077.322,32042.352
2022-08-13 02:00:00,25856.406,28538.588,38198.344,28077.322,32042.666
2022-08-13 03:00:00,25856.572,28538.588,38198.676,28077.322,32042.666
2022-08-13 04:00:00,25856.916,28538.588,38198.676,28077.322,32042.666
2022-08-13 05:00:00,25856.916,28538.588,38198.676,28077.322,32042.666
2022-08-13 06:00:00,25856.916,28538.588,38198.676,28077.322,32042.666
2022-08-13 07:00:00,25856.916,28538.588,38198.676,28077.322,32042.666
2022-08-13 08:00:00,25856.916,28538.588,38198.676,28077.322,32042.666
2022-08-13 09:00:00,25856.916,28538.588,38198.676,28077.322,32042.666
2022-08-13 10:00:00,25856.916,28538.588,38198.676,28077.322,32042.666
2022-08-13 11:00:00,25856.916,28538.588,38198.676,28077.322,32042.666
2022-08-13 12:00:00,25856.916,28538.588,38198.676,28077.322,32042.666
2022-08-13 13:00:00,25856.916,28538.588,38198.676,28077.322,32042.666
2022-08-13 14:00:00,25856.916,28538.588,38198.676,28077.322,32042.666
2022-08-13 15:00:00,25856.916,28538.588,38198.676,28077.322,32042.666
2022-08-13 16:00:00,25856.916,28538.588,38198.676,28077.322,32042.666
2022-08-13 17:00:00,25856.916,28538.588,38198.676,28077.322,32042.666
2022-08-13 18:00:00,25856.916,28538.588,38198.676,28077.322,32042.666
2022-08-13 19:00:00,25856.916,28538.588,38198.676,28077.322,32042.666
2022-08-13 20:00:00,25856.916,28538.588,38198.676,28077.322,32042.666
2022-08-13 21:00:00,25856.916,28538.588,38198.676,28077.322,32042.666
2022-08-13 22:00:00,25856.916,28538.588,38198.676,28077.322,32042.666
2022-08-13 23:00:00,25856.916,28538.588,38198.676,28077.322,32042.666
2022-08-14 00:00:00,25856.916,28538.588,38198.676,28077.322,32042.666
2022-08-14 01:00:00,25856.916,28538.588,38198.676,28077.322,32042.666
2022-08-14 02:00:00,25856.916,28538.588,38198.676,28077.322,32042.666
2022-08-14 03:00:00,25856.916,28538.588,38198.676,28077.322,32042.666
2022-08-14 04:00:00,25856.916,28538.588,38198.676,28077.322,32042.666
2022-08-14 05:00:00,25856.916,28538.588,38198.676,28077.322,32042.666
2022-08-14 06:00:00,25856.916,28538.588,38198.676,28077.322,32042.666
2022-08-14 07:00:00,25856.916,28538.588,38198.676,28077.322,32042.666
2022-08-14 08:00:00,25856.916,28538.588,38198.676,28077.322,32042.666
2022-08-14 09:00:00,25856.916,28538.588,38198.676,28077.322,32042.666
2022-08-14 10:00:00,25856.916,28538.588,38198.676,28077.322,32042.666
2022-08-14 11:00:00,25856.916,28538.588,38198.676,28077.322,32042.666
2022-08-14 12:00:00,25856.916,28538.588,38198.676,28077.322,32042.666
2022-08-14 13:00:00,25856.916,28538.588,38198.676,28077.322,32042.666
2022-08-14 14:00:00,25856.916,28538.588,38198.676,28077.322,32042.666
2022-08-14 15:00:00,25856.916,28538.588,38198.676,28077.322,32042.666
2022-08-14 16:00:00,25856.916,28538.588,38198.676,28077.322,32042.666
2022-08-14 17:00:00,25856.916,28538.588,38198.676,28077.322,32042.666
2022-08-14 18:00:00,25856.916,28538.588,38198.676,28077.322,32042.666
2022-08-14 19:00:00,25856.916,28538.588,38198.676,28077.322,32042.666
2022-08-14 20:00:00,25856.916,28538.588,38198.676,28077.322,32042.666
2022-08-14 21:00:00,25856.916,28538.588,38198.676,28077.322,32042.666
2022-08-14 22:00:00,25856.916,28538.588,38198.676,28077.322,32042.666
2022-08-14 23:00:00,25856.916,28538.588,38198.676,28077.322,32042.666
2022-08-15 00:00:00,25856.916,28538.998,38198.676,28077.322,32042.666
2022-08-15 01:00:00,25856.916,28538.998,38198.676,28077.322,32042.666
2022-08-15 02:00:00,25856.916,28538.998,38198.676,28077.322,32042.666
2022-08-15 03:00:00,25856.916,28538.998,38198.676,28077.322,32042.666
2022-08-15 04:00:00,25856.916,28538.998,38198.676,28077.322,32042.666
2022-08-15 05:00:00,25856.916,28538.998,38198.676,28077.322,32042.666
2022-08-15 06:00:00,25856.916,28538.998,38198.676,28077.322,32042.666
2022-08-15 07:00:00,25856.916,28538.998,38198.676,28077.322,32042.666
2022-08-15 08:00:00,25856.916,28538.998,38198.676,28077.322,32042.666
2022-08-15 09:00:00,25856.916,28538.998,38198.676,28077.322,32042.666
2022-08-15 10:00:00,25856.916,28538.998,38198.676,28077.322,32042.666
2022-08-15 11:00:00,25856.916,28538.998,38198.676,28077.322,32042.666
2022-08-15 12:00:00,25856.916,28538.998,38198.676,28077.322,32042.666
2022-08-15 13:00:00,25856.916,28538.998,38198.676,28077.322,32042.666
2022-08-15 14:00:00,25856.916,28538.998,38198.676,28077.322,32042.666
2022-08-15 15:00:00,25856.916,28538.998,38198.676,28077.322,32042.666
2022-08-15 16:00:00,25856.916,28538.998,38198.676,28077.322,32042.666
2022-08-15 17:00:00,25856.916,28538.998,38198.676,28077.322,32042.666
2022-08-15 18:00:00,25856.916,28538.998,38198.676,28077.322,32042.666
2022-08-15 19:00:00,25856.916,28538.998,38198.676,28077.322,32042.666
2022-08-15 20:00:00,25856.916,28538.998,38198.676,28077.322,32042.666
2022-08-15 21:00:00,25856.916,28539.088,38198.676,28077.322,32042.697
2022-08-15 22:00:00,25856.916,28539.088,38198.676,28077.322,32042.697
2022-08-15 23:00:00,25856.916,28539.088,38198.676,28077.322,32042.697
2022-08-16 00:00:00,25856.916,28539.088,38198.676,28077.322,32042.697
2022-08-16 01:00:00,25856.916,28539.088,38198.676,28077.322,32042.697
2022-08-16 02:00:00,25856.916,28539.088,38198.676,28077.322,32042.697
2022-08-16 03:00:00,25856.916,28539.088,38198.676,28077.322,32042.697
2022-08-16 04:00:00,25856.916,28539.088,38198.676,28077.322,32042.697
2022-08-16 05:00:00,25856.916,28539.088,38198.676,28077.322,32042.697
2022-08-16 06:00:00,25856.916,28539.088,38198.676,28077.322,32042.697
2022-08-16 07:00:00,25856.916,28539.088,38198.676,28077.322,32042.697
2022-08-16 08:00:00,25856.916,28539.088,38198.676,28077.322,32042.697
2022-08-16 09:00:00,25856.916,28539.088,38198.676,28077.322,32042.697
2022-08-16 10:00:00,25856.916,28539.088,38198.676,28077.322,32042.697
2022-08-16 11:00:00,25856.916,28539.088,38198.676,28077.322,32042.697
2022-08-16 12:00:00,25856.916,28539.088,38198.676,28077.322,32042.697
2022-08-16 13:00:00,25856.916,28539.088,38198.676,28077.322,32042.697
2022-08-16 14:00:00,25856.916,28539.088,38198.676,28077.322,32042.697
2022-08-16 15:00:00,25856.916,28539.088,38198.676,28077.322,32042.717
2022-08-16 16:00:00,25856.916,28539.088,38198.684,28077.322,32048.018
2022-08-16 17:00:00,25857.156,28539.088,38199.426,28078.691,32048.436
2022-08-16 18:00:00,25857.69,28539.088,38200.086,28078.691,32052.502
2022-08-16 19:00:00,25857.69,28539.088,38201.676,28078.691,32053.643
2022-08-16 20:00:00,25857.69,28539.088,38201.676,28078.691,32064.434
2022-08-16 21:00:00,25857.69,28539.088,38204.258,28078.691,32064.693
2022-08-16 22:00:00,25857.69,28539.088,38206.63,28079.305,32064.734
2022-08-16 23:00:00,25857.69,28539.088,38209.188,28079.326,32064.967
2022-08-17 00:00:00,25857.863,28539.426,38212.09,28080.535,32066.768
2022-08-17 01:00:00,25858.354,28541.049,38215.234,28081.607,32067.871
2022-08-17 02:00:00,25860.104,28541.072,38216.33,28082.441,32069.139
2022-08-17 03:00:00,25860.867,28541.072,38217.582,28082.74,32069.188
2022-08-17 04:00:00,25860.867,28541.072,38217.582,28082.74,32069.188
2022-08-17 05:00:00,25860.867,28541.072,38217.582,28082.74,32069.188
2022-08-17 06:00:00,25860.867,28541.072,38217.582,28082.74,32069.188
2022-08-17 07:00:00,25860.867,28541.072,38217.582,28082.74,32069.188
2022-08-17 08:00:00,25860.867,28541.072,38217.582,28082.74,32069.188
2022-08-17 09:00:00,25860.867,28541.072,38217.582,28082.74,32069.188
2022-08-17 10:00:00,25860.867,28541.072,38217.582,28082.74,32069.188
2022-08-17 11:00:00,25860.867,28541.072,38217.582,28082.74,32069.188
2022-08-17 12:00:00,25860.867,28541.072,38217.582,28082.74,32069.188
2022-08-17 13:00:00,25860.867,28541.072,38217.582,28082.74,32069.188
2022-08-17 14:00:00,25860.867,28541.072,38217.582,28082.74,32069.188
2022-08-17 15:00:00,25860.867,28541.072,38217.582,28082.74,32069.188
2022-08-17 16:00:00,25860.867,28541.072,38217.582,28082.74,32069.188
2022-08-17 17:00:00,25860.867,28541.072,38217.582,28082.74,32069.188
2022-08-17 18:00:00,25860.867,28541.072,38217.582,28082.74,32069.188
2022-08-17 19:00:00,25860.867,28541.072,38217.582,28082.74,32069.188
2022-08-17 20:00:00,25860.867,28541.072,38217.582,28082.74,32069.188
2022-08-17 21:00:00,25860.867,28541.072,38217.582,28082.74,32069.188
2022-08-17 22:00:00,25860.867,28541.072,38217.582,28082.74,32069.188
2022-08-17 23:00:00,25860.867,28541.072,38217.582,28082.74,32069.188
2022-08-18 00:00:00,25860.867,28541.072,38217.582,28082.74,32069.188
2022-08-18 01:00:00,25860.867,28541.072,38217.582,28082.74,32069.188
2022-08-18 02:00:00,25860.867,28541.072,38217.582,28082.74,32069.188
2022-08-18 03:00:00,25860.867,28541.072,38217.582,28082.74,32069.188
2022-08-18 04:00:00,25860.867,28541.072,38217.582,28082.74,32069.188
2022-08-18 05:00:00,25860.867,28541.072,38217.582,28082.74,32069.188
2022-08-18 06:00:00,25860.867,28541.072,38217.582,28082.74,32069.188
2022-08-18 07:00:00,25860.867,28541.072,38217.582,28082.74,32069.188
2022-08-18 08:00:00,25860.867,28541.072,38217.582,28082.74,32069.188
2022-08-18 09:00:00,25860.867,28541.072,38217.582,28082.74,32069.188
2022-08-18 10:00:00,25860.867,28541.072,38217.582,28082.74,32069.188
2022-08-18 11:00:00,25860.867,28541.072,38217.582,28082.74,32069.188
2022-08-18 12:00:00,25860.867,28541.072,38217.582,28082.74,32069.188
2022-08-18 13:00:00,25860.867,28541.072,38217.582,28082.74,32069.188
2022-08-18 14:00:00,25860.867,28541.072,38217.582,28082.74,32069.188
2022-08-18 15:00:00,25860.867,28541.072,38217.582,28082.74,32069.188
2022-08-18 16:00:00,25860.867,28541.072,38217.582,28082.74,32069.188
2022-08-18 17:00:00,25860.867,28541.072,38217.582,28082.74,32069.188
2022-08-18 18:00:00,25860.867,28541.365,38217.582,28082.742,32069.188
2022-08-18 19:00:00,25860.867,28541.365,38217.605,28083.248,32069.188
2022-08-18 20:00:00,25860.867,28541.365,38217.605,28083.248,32069.188
2022-08-18 21:00:00,25860.867,28541.365,38217.605,28083.342,32069.188
2022-08-18 22:00:00,25860.867,28541.365,38217.605,28083.398,32069.188
2022-08-18 23:00:00,25860.867,28541.365,38217.605,28083.398,32069.188
2022-08-19 00:00:00,25860.867,28541.365,38217.605,28083.398,32069.188
2022-08-19 01:00:00,25860.867,28541.365,38217.605,28083.398,32069.188
2022-08-19 02:00:00,25860.867,28541.365,38217.605,28083.398,32069.188
2022-08-19 03:00:00,25860.867,28541.365,38217.605,28083.398,32069.188
2022-08-19 04:00:00,25860.867,28541.365,38217.605,28083.398,32069.188
2022-08-19 05:00:00,25860.867,28541.365,38217.605,28083.398,32069.188
2022-08-19 06:00:00,25860.867,28541.365,38217.605,28083.398,32069.188
2022-08-19 07:00:00,25860.867,28541.365,38217.605,28083.398,32069.188
2022-08-19 08:00:00,25860.867,28541.365,38217.605,28083.398,32069.188
2022-08-19 09:00:00,25860.867,28541.365,38217.605,28083.398,32069.188
2022-08-19 10:00:00,25860.867,28541.365,38217.605,28083.398,32069.188
2022-08-19 11:00:00,25860.867,28541.365,38217.605,28083.398,32069.188
2022-08-19 12:00:00,25860.867,28541.365,38217.605,28083.398,32069.188
2022-08-19 13:00:00,25860.867,28541.365,38217.605,28083.398,32069.188
2022-08-19 14:00:00,25860.867,28541.365,38217.605,28083.398,32069.188
2022-08-19 15:00:00,25860.867,28541.365,38217.605,28083.398,32069.188
2022-08-19 16:00:00,25860.98,28541.365,38217.605,28083.398,32069.645
2022-08-19 17:00:00,25860.98,28541.365,38217.633,28083.398,32069.645
2022-08-19 18:00:00,25861.176,28541.365,38217.633,28083.398,32069.645
2022-08-19 19:00:00,25862.736,28541.365,38217.633,28083.398,32069.645
2022-08-19 20:00:00,25864.186,28541.365,38217.633,28083.398,32069.645
2022-08-19 21:00:00,25866.95,28541.365,38217.633,28083.53,32069.682
2022-08-19 22:00:00,25868.127,28541.455,38217.633,28083.53,32069.682
2022-08-19 23:00:00,25868.385,28541.455,38217.633,28083.53,32069.682
2022-08-20 00:00:00,25869.965,28541.455,38217.633,28083.53,32069.682
2022-08-20 01:00:00,25870.01,28541.455,38217.633,28083.53,32069.682
2022-08-20 02:00:00,25870.01,28541.455,38217.633,28083.53,32069.682
2022-08-20 03:00:00,25870.01,28541.588,38217.633,28083.582,32069.682
2022-08-20 04:00:00,25870.01,28541.588,38217.633,28083.582,32069.682
2022-08-20 05:00:00,25870.01,28541.588,38217.633,28083.582,32069.682
2022-08-20 06:00:00,25870.01,28541.588,38217.633,28083.582,32069.682
2022-08-20 07:00:00,25870.01,28541.625,38217.633,28083.582,32069.682
2022-08-20 08:00:00,25870.01,28541.625,38217.633,28083.582,32069.682
2022-08-20 09:00:00,25870.023,28541.625,38217.633,28083.582,32069.682
2022-08-20 10:00:00,25870.023,28541.625,38217.633,28083.582,32069.682
2022-08-20 11:00:00,25870.023,28541.625,38217.633,28083.582,32069.682
2022-08-20 12:00:00,25870.023,28541.625,38217.633,28083.582,32069.682
2022-08-20 13:00:00,25870.023,28541.625,38217.633,28083.582,32069.682
2022-08-20 14:00:00,25870.023,28541.625,38217.633,28083.582,32069.682
2022-08-20 15:00:00,25870.023,28541.625,38217.633,28083.582,32069.682
2022-08-20 16:00:00,25870.023,28541.625,38217.633,28083.582,32069.682
2022-08-20 17:00:00,25870.023,28541.625,38217.633,28083.582,32069.682
2022-08-20 18:00:00,25870.023,28541.625,38217.633,28083.582,32069.682
2022-08-20 19:00:00,25870.023,28541.625,38217.633,28083.582,32069.682
2022-08-20 20:00:00,25870.023,28541.625,38217.633,28083.582,32069.682
2022-08-20 21:00:00,25870.023,28541.625,38217.633,28083.582,32069.682
2022-08-20 22:00:00,25870.023,28541.625,38217.633,28083.582,32069.682
2022-08-20 23:00:00,25870.023,28541.625,38217.633,28083.582,32069.682
2022-08-21 00:00:00,25870.023,28541.625,38217.633,28083.582,32069.682
2022-08-21 01:00:00,25870.023,28541.625,38217.633,28083.582,32069.682
2022-08-21 02:00:00,25870.023,28541.625,38217.633,28083.582,32069.682
2022-08-21 03:00:00,25870.154,28541.625,38217.633,28083.967,32069.682
2022-08-21 04:00:00,25870.28,28542.291,38217.7,28084.947,32069.682
2022-08-21 05:00:00,25870.955,28542.523,38217.7,28085.645,32069.682
2022-08-21 06:00:00,25872.963,28542.834,38217.7,28086.574,32071.258
2022-08-21 07:00:00,25873.877,28542.834,38218.23,28086.76,32072.434
2022-08-21 08:00:00,25873.877,28542.834,38218.23,28086.88,32072.434
2022-08-21 09:00:00,25876.355,28542.834,38218.23,28086.986,32072.434
2022-08-21 10:00:00,25876.541,28542.834,38218.23,28086.986,32072.434
2022-08-21 11:00:00,25876.541,28542.834,38218.23,28086.986,32072.434
2022-08-21 12:00:00,25877.879,28542.834,38218.24,28086.986,32072.434
2022-08-21 13:00:00,25878.244,28542.834,38218.273,28086.986,32072.434
2022-08-21 14:00:00,25878.244,28542.834,38218.273,28086.986,32072.434
2022-08-21 15:00:00,25878.244,28542.834,38218.273,28086.986,32072.434
2022-08-21 16:00:00,25878.244,28542.834,38218.457,28086.986,32072.434
2022-08-21 17:00:00,25878.244,28542.861,38218.64,28087.031,32072.865
2022-08-21 18:00:00,25878.72,28542.926,38218.68,28087.238,32073.531
2022-08-21 19:00:00,25878.72,28542.926,38219.03,28087.467,32073.531
2022-08-21 20:00:00,25878.725,28542.934,38219.035,28087.467,32073.627
2022-08-21 21:00:00,25879.406,28543.426,38219.035,28088.178,32073.627
2022-08-21 22:00:00,25879.406,28543.426,38219.06,28088.178,32073.627
2022-08-21 23:00:00,25879.408,28543.762,38221.74,28088.178,32076.984
2022-08-22 00:00:00,25880.082,28546.275,38222.742,28091.434,32077.086
2022-08-22 01:00:00,25880.88,28546.86,38223.555,28092.373,32077.166
2022-08-22 02:00:00,25880.936,28547.21,38224.82,28093.537,32077.166
2022-08-22 03:00:00,25880.936,28547.47,38227.293,28093.754,32077.576
2022-08-22 04:00:00,25880.936,28548.271,38227.867,28094.729,32078.422
2022-08-22 05:00:00,25880.936,28548.271,38228.96,28095.092,32080.111
2022-08-22 06:00:00,25881.19,28548.498,38231.32,28095.516,32080.428
2022-08-22 07:00:00,25881.238,28549.498,38231.777,28097.541,32080.75
2022-08-22 08:00:00,25881.238,28549.498,38231.777,28097.883,32080.75
2022-08-22 09:00:00,25881.238,28549.498,38231.79,28097.883,32080.781
2022-08-22 10:00:00,25881.238,28549.498,38231.79,28097.883,32080.867
2022-08-22 11:00:00,25881.238,28549.498,38231.81,28097.883,32082.602
2022-08-22 12:00:00,25881.238,28549.498,38231.816,28097.883,32083.725
2022-08-22 13:00:00,25881.238,28549.498,38231.816,28097.883,32083.725
2022-08-22 14:00:00,25881.238,28549.498,38231.816,28097.883,32083.725
2022-08-22 15:00:00,25881.238,28549.498,38231.816,28097.883,32083.766
2022-08-22 16:00:00,25881.238,28549.498,38231.816,28097.883,32083.836
2022-08-22 17:00:00,25881.238,28549.498,38231.816,28097.883,32083.836
2022-08-22 18:00:00,25881.238,28549.498,38231.816,28097.883,32083.836
2022-08-22 19:00:00,25881.238,28549.498,38231.816,28097.883,32083.836
2022-08-22 20:00:00,25881.238,28549.498,38231.816,28097.883,32083.836
2022-08-22 21:00:00,25881.238,28549.498,38231.816,28097.883,32083.836
2022-08-22 22:00:00,25881.238,28549.498,38231.816,28097.883,32083.836
2022-08-22 23:00:00,25881.238,28549.498,38231.816,28097.883,32083.836
2022-08-23 00:00:00,25881.238,28549.498,38231.816,28097.883,32083.836
2022-08-23 01:00:00,25881.238,28549.498,38231.816,28097.883,32083.836
2022-08-23 02:00:00,25881.238,28549.498,38231.816,28097.883,32083.836
2022-08-23 03:00:00,25881.238,28549.498,38231.816,28097.883,32083.836
2022-08-23 04:00:00,25881.238,28549.498,38231.816,28097.883,32083.836
2022-08-23 05:00:00,25881.238,28549.498,38231.816,28097.883,32083.836
2022-08-23 06:00:00,25881.238,28549.498,38231.816,28097.883,32083.836
2022-08-23 07:00:00,25881.238,28549.498,38231.816,28097.883,32083.836
2022-08-23 08:00:00,25881.238,28549.498,38231.816,28097.883,32083.836
2022-08-23 09:00:00,25881.238,28549.498,38231.816,28097.883,32083.836
2022-08-23 10:00:00,25881.238,28549.498,38231.816,28097.883,32083.836
2022-08-23 11:00:00,25881.238,28549.498,38231.816,28097.883,32083.836
2022-08-23 12:00:00,25881.238,28549.498,38231.816,28097.883,32083.836
2022-08-23 13:00:00,25881.238,28549.498,38231.816,28097.883,32083.836
2022-08-23 14:00:00,25881.238,28549.498,38231.816,28097.883,32083.836
2022-08-23 15:00:00,25881.238,28549.498,38231.816,28097.883,32083.836
2022-08-23 16:00:00,25881.238,28549.498,38231.816,28097.883,32083.836
2022-08-23 17:00:00,25881.238,28549.498,38231.816,28097.883,32083.836
2022-08-23 18:00:00,25881.238,28549.498,38231.816,28097.883,32083.836
2022-08-23 19:00:00,25881.238,28549.498,38231.816,28097.883,32083.836
2022-08-23 20:00:00,25881.238,28549.498,38231.816,28097.883,32083.836
2022-08-23 21:00:00,25881.238,28549.498,38231.816,28097.883,32083.836
2022-08-23 22:00:00,25881.238,28549.498,38231.816,28097.883,32083.836
2022-08-23 23:00:00,25881.238,28549.498,38231.816,28097.883,32083.836
2022-08-24 00:00:00,25881.238,28549.498,38231.816,28097.883,32083.836
2022-08-24 01:00:00,25881.238,28549.498,38231.816,28097.883,32083.836
2022-08-24 02:00:00,25881.238,28549.498,38231.816,28097.883,32083.836
2022-08-24 03:00:00,25881.238,28549.498,38231.816,28097.883,32083.836
2022-08-24 04:00:00,25881.238,28549.498,38231.816,28097.883,32083.836
2022-08-24 05:00:00,25881.238,28549.498,38231.816,28097.883,32083.836
2022-08-24 06:00:00,25881.238,28549.498,38231.816,28097.883,32083.836
2022-08-24 07:00:00,25881.238,28549.498,38231.816,28097.883,32083.836
2022-08-24 08:00:00,25881.238,28549.498,38231.816,28097.883,32083.836
2022-08-24 09:00:00,25881.238,28549.498,38231.816,28097.883,32083.836
2022-08-24 10:00:00,25881.238,28549.498,38231.816,28097.883,32083.836
2022-08-24 11:00:00,25881.238,28549.498,38231.816,28097.883,32083.836
2022-08-24 12:00:00,25881.238,28549.498,38231.816,28097.883,32083.836
2022-08-24 13:00:00,25881.238,28549.498,38231.816,28097.883,32083.836
2022-08-24 14:00:00,25881.238,28549.498,38231.816,28097.883,32083.836
2022-08-24 15:00:00,25881.238,28549.498,38231.816,28097.883,32083.836
2022-08-24 16:00:00,25881.238,28549.498,38231.816,28097.883,32083.836
2022-08-24 17:00:00,25881.238,28549.498,38231.816,28097.883,32083.836
2022-08-24 18:00:00,25881.238,28549.498,38231.816,28097.883,32083.836
2022-08-24 19:00:00,25881.238,28549.498,38231.816,28097.883,32083.836
2022-08-24 20:00:00,25881.238,28549.498,38231.816,28097.883,32083.836
2022-08-24 21:00:00,25881.238,28549.498,38231.816,28097.883,32083.836
2022-08-24 22:00:00,25881.238,28549.498,38231.816,28097.883,32083.836
2022-08-24 23:00:00,25881.238,28549.498,38231.816,28097.883,32083.836
2022-08-25 00:00:00,25881.238,28549.498,38231.816,28097.883,32083.836
2022-08-25 01:00:00,25881.238,28549.498,38231.816,28097.883,32083.836
2022-08-25 02:00:00,25881.238,28549.498,38231.816,28097.883,32083.836
2022-08-25 03:00:00,25881.238,28549.498,38231.816,28097.883,32083.836
2022-08-25 04:00:00,25881.238,28549.498,38231.816,28097.883,32083.836
2022-08-25 05:00:00,25881.238,28549.498,38231.816,28097.883,32083.836
2022-08-25 06:00:00,25881.238,28549.498,38231.816,28097.883,32083.836
2022-08-25 07:00:00,25881.238,28549.498,38231.816,28097.883,32083.836
2022-08-25 08:00:00,25881.238,28549.498,38231.816,28097.883,32083.836
2022-08-25 09:00:00,25881.238,28549.498,38231.816,28097.883,32083.836
2022-08-25 10:00:00,25881.238,28549.498,38231.816,28097.883,32083.836
2022-08-25 11:00:00,25881.238,28549.498,38231.816,28097.883,32083.836
2022-08-25 12:00:00,25881.238,28549.498,38231.816,28097.883,32083.836
2022-08-25 13:00:00,25881.238,28549.498,38231.816,28097.883,32083.836
2022-08-25 14:00:00,25881.238,28550.621,38231.816,28097.883,32083.836
2022-08-25 15:00:00,25881.238,28552.24,38231.816,28097.883,32083.836
2022-08-25 16:00:00,25881.238,28553.633,38231.816,28097.883,32083.836
2022-08-25 17:00:00,25881.238,28554.498,38231.816,28097.883,32083.836
2022-08-25 18:00:00,25881.238,28554.54,38231.816,28097.883,32083.836
2022-08-25 19:00:00,25881.238,28554.54,38231.816,28097.883,32083.836
2022-08-25 20:00:00,25881.238,28554.54,38231.816,28097.883,32083.836
2022-08-25 21:00:00,25881.238,28554.54,38231.816,28097.883,32083.836
2022-08-25 22:00:00,25881.238,28554.54,38231.816,28097.883,32083.836
2022-08-25 23:00:00,25881.238,28554.54,38231.816,28097.883,32083.836
2022-08-26 00:00:00,25881.238,28554.54,38231.816,28097.883,32083.836
2022-08-26 01:00:00,25881.238,28554.54,38231.816,28097.883,32083.836
2022-08-26 02:00:00,25881.238,28554.54,38231.816,28097.883,32083.836
2022-08-26 03:00:00,25881.238,28554.54,38231.816,28097.883,32083.836
2022-08-26 04:00:00,25881.238,28554.54,38231.816,28097.883,32084.977
2022-08-26 05:00:00,25881.238,28554.54,38231.816,28097.883,32086.576
2022-08-26 06:00:00,25881.238,28556.523,38232.965,28097.883,32087.771
2022-08-26 07:00:00,25881.238,28558.96,38233.17,28099.016,32089.006
2022-08-26 08:00:00,25881.943,28561.59,38233.17,28099.799,32090.273
2022-08-26 09:00:00,25882.473,28564.11,38233.17,28101.262,32091.871
2022-08-26 10:00:00,25884.557,28568.447,38233.42,28104.975,32093.355
2022-08-26 11:00:00,25886.89,28571.729,38234.72,28106.37,32093.428
2022-08-26 12:00:00,25888.29,28573.746,38237.516,28107.826,32093.428
2022-08-26 13:00:00,25889.63,28575.238,38238.74,28108.879,32093.428
2022-08-26 14:00:00,25890.863,28575.238,38238.773,28111.115,32093.768
2022-08-26 15:00:00,25895.066,28575.617,38238.773,28114.975,32093.768
2022-08-26 16:00:00,25897.758,28575.617,38238.773,28114.975,32093.768
2022-08-26 17:00:00,25898.145,28575.617,38238.773,28114.975,32093.768
2022-08-26 18:00:00,25898.145,28575.617,38238.773,28114.975,32093.768
2022-08-26 19:00:00,25898.145,28575.617,38238.773,28115.025,32093.768
2022-08-26 20:00:00,25898.145,28575.617,38238.773,28115.025,32093.768
2022-08-26 21:00:00,25898.145,28575.617,38238.773,28115.025,32093.768
2022-08-26 22:00:00,25898.145,28575.617,38238.773,28115.025,32093.768
2022-08-26 23:00:00,25898.145,28575.617,38238.773,28115.025,32093.768
2022-08-27 00:00:00,25898.145,28575.617,38238.773,28115.025,32093.768
2022-08-27 01:00:00,25898.145,28575.617,38238.773,28115.025,32093.998
2022-08-27 02:00:00,25898.145,28575.617,38238.773,28115.025,32094.049
2022-08-27 03:00:00,25898.145,28575.617,38238.773,28115.025,32094.049
2022-08-27 04:00:00,25898.145,28575.617,38238.773,28115.025,32094.049
2022-08-27 05:00:00,25898.145,28575.617,38238.773,28115.025,32094.049
2022-08-27 06:00:00,25898.145,28575.617,38238.773,28115.025,32094.049
2022-08-27 07:00:00,25898.145,28575.617,38238.773,28115.025,32094.049
2022-08-27 08:00:00,25898.145,28575.617,38238.773,28115.025,32094.049
2022-08-27 09:00:00,25898.145,28575.617,38238.773,28115.025,32094.049
2022-08-27 10:00:00,25898.145,28575.617,38238.773,28115.025,32094.049
2022-08-27 11:00:00,25898.145,28575.617,38238.773,28115.025,32094.049
2022-08-27 12:00:00,25898.145,28575.617,38238.773,28115.025,32094.049
2022-08-27 13:00:00,25898.145,28575.617,38238.773,28115.025,32094.049
2022-08-27 14:00:00,25898.145,28575.617,38238.773,28115.025,32094.049
2022-08-27 15:00:00,25898.145,28575.617,38238.773,28115.025,32094.049
2022-08-27 16:00:00,25898.145,28575.617,38238.773,28115.025,32094.049
2022-08-27 17:00:00,25898.145,28575.617,38238.773,28115.025,32094.049
2022-08-27 18:00:00,25898.145,28575.617,38238.773,28115.025,32094.049
2022-08-27 19:00:00,25898.145,28575.617,38238.773,28115.025,32094.049
2022-08-27 20:00:00,25898.145,28575.617,38238.773,28115.025,32094.049
2022-08-27 21:00:00,25898.145,28575.617,38238.773,28115.025,32094.049
2022-08-27 22:00:00,25898.145,28575.617,38238.773,28115.025,32094.049
2022-08-27 23:00:00,25898.145,28575.617,38238.773,28115.025,32094.049
2022-08-28 00:00:00,25898.145,28575.617,38238.773,28115.025,32094.049
2022-08-28 01:00:00,25898.145,28575.617,38238.773,28115.025,32094.049
2022-08-28 02:00:00,25898.145,28575.617,38238.773,28115.025,32094.049
2022-08-28 03:00:00,25898.145,28575.617,38238.773,28115.025,32094.049
2022-08-28 04:00:00,25898.145,28575.617,38238.773,28115.025,32094.049
2022-08-28 05:00:00,25898.145,28575.617,38238.773,28115.025,32094.049
2022-08-28 06:00:00,25898.145,28575.617,38238.773,28115.025,32094.049
2022-08-28 07:00:00,25898.145,28575.617,38238.773,28115.025,32094.049
2022-08-28 08:00:00,25898.145,28575.617,38238.773,28115.025,32094.049
2022-08-28 09:00:00,25898.145,28575.617,38238.773,28115.025,32094.049
2022-08-28 10:00:00,25898.145,28575.617,38238.773,28115.025,32094.049
2022-08-28 11:00:00,25898.145,28575.617,38238.773,28115.025,32094.049
2022-08-28 12:00:00,25898.145,28575.617,38238.773,28115.025,32094.049
2022-08-28 13:00:00,25898.145,28575.617,38238.773,28115.025,32094.049
2022-08-28 14:00:00,25898.145,28575.617,38238.773,28115.025,32094.049
2022-08-28 15:00:00,25898.145,28575.617,38238.773,28115.025,32094.049
2022-08-28 16:00:00,25898.145,28575.617,38238.773,28115.025,32094.049
2022-08-28 17:00:00,25898.145,28575.617,38238.773,28115.025,32094.049
2022-08-28 18:00:00,25898.145,28575.617,38238.773,28115.025,32094.049
2022-08-28 19:00:00,25898.145,28575.617,38238.773,28115.025,32094.049
2022-08-28 20:00:00,25898.145,28575.617,38238.773,28115.025,32094.049
2022-08-28 21:00:00,25898.145,28575.617,38238.773,28115.025,32094.049
2022-08-28 22:00:00,25898.145,28575.617,38238.773,28115.025,32094.049
2022-08-28 23:00:00,25898.145,28575.617,38238.773,28115.025,32094.049
2022-08-29 00:00:00,25898.145,28575.617,38238.773,28115.025,32094.049
2022-08-29 01:00:00,25898.145,28575.617,38238.773,28115.025,32094.049
2022-08-29 02:00:00,25898.145,28575.617,38238.773,28115.025,32094.049
2022-08-29 03:00:00,25898.145,28575.617,38238.773,28115.025,32094.049
2022-08-29 04:00:00,25898.145,28575.617,38238.773,28115.025,32094.049
2022-08-29 05:00:00,25898.145,28575.617,38238.773,28115.025,32094.049
2022-08-29 06:00:00,25898.145,28575.617,38238.773,28115.025,32094.049
2022-08-29 07:00:00,25898.145,28575.617,38238.773,28115.025,32094.049
2022-08-29 08:00:00,25898.145,28575.617,38238.773,28115.025,32094.049
2022-08-29 09:00:00,25898.145,28575.617,38238.773,28115.025,32094.049
2022-08-29 10:00:00,25898.145,28575.617,38238.773,28115.025,32094.049
2022-08-29 11:00:00,25898.145,28575.617,38238.773,28115.025,32094.049
2022-08-29 12:00:00,25898.145,28575.617,38238.773,28115.025,32094.049
2022-08-29 13:00:00,25898.145,28575.617,38238.773,28115.025,32094.049
2022-08-29 14:00:00,25898.145,28575.617,38238.773,28115.025,32094.049
2022-08-29 15:00:00,25898.145,28575.617,38238.773,28115.025,32094.049
2022-08-29 16:00:00,25898.145,28575.617,38238.773,28115.025,32094.049
2022-08-29 17:00:00,25898.145,28575.617,38238.773,28115.025,32094.049
2022-08-29 18:00:00,25898.145,28575.617,38238.773,28115.025,32094.049
2022-08-29 19:00:00,25898.145,28575.617,38238.773,28115.025,32094.049
2022-08-29 20:00:00,25898.145,28575.617,38238.773,28115.025,32094.049
2022-08-29 21:00:00,25898.145,28575.617,38238.773,28115.025,32094.049
2022-08-29 22:00:00,25898.145,28575.617,38238.773,28115.025,32094.049
2022-08-29 23:00:00,25898.145,28575.617,38238.773,28115.025,32094.049
2022-08-30 00:00:00,25898.145,28575.617,38238.773,28115.025,32094.049
2022-08-30 01:00:00,25898.145,28575.617,38238.773,28115.025,32094.049
2022-08-30 02:00:00,25898.145,28575.617,38238.773,28115.025,32094.049
2022-08-30 03:00:00,25898.145,28575.617,38238.773,28115.025,32094.049
2022-08-30 04:00:00,25898.145,28575.617,38238.773,28115.025,32094.049
2022-08-30 05:00:00,25898.145,28575.617,38238.773,28115.025,32094.049
2022-08-30 06:00:00,25898.145,28575.617,38238.773,28115.025,32094.049
2022-08-30 07:00:00,25898.145,28575.617,38238.773,28115.025,32094.049
2022-08-30 08:00:00,25898.145,28575.617,38238.773,28115.025,32094.049
2022-08-30 09:00:00,25898.145,28575.617,38238.773,28115.025,32094.049
2022-08-30 10:00:00,25898.145,28575.617,38238.773,28115.025,32094.049
2022-08-30 11:00:00,25898.145,28575.617,38238.773,28115.025,32094.049
2022-08-30 12:00:00,25898.145,28575.617,38238.773,28115.025,32094.049
2022-08-30 13:00:00,25898.145,28575.617,38238.773,28115.025,32094.049
2022-08-30 14:00:00,25898.145,28575.617,38238.773,28115.025,32094.049
2022-08-30 15:00:00,25898.145,28575.617,38238.773,28115.025,32094.049
2022-08-30 16:00:00,25898.145,28575.617,38238.773,28115.025,32094.049
2022-08-30 17:00:00,25898.145,28575.617,38238.773,28115.025,32094.049
2022-08-30 18:00:00,25898.145,28575.617,38238.773,28115.025,32094.049
2022-08-30 19:00:00,25898.145,28575.617,38238.773,28115.025,32094.049
2022-08-30 20:00:00,25898.145,28575.617,38238.773,28115.025,32094.049
2022-08-30 21:00:00,25898.145,28575.617,38238.773,28115.025,32094.049
2022-08-30 22:00:00,25898.145,28575.617,38238.773,28115.025,32094.049
2022-08-30 23:00:00,25898.145,28575.617,38238.773,28115.025,32094.049
2022-08-31 00:00:00,25898.145,28575.617,38238.773,28115.025,32094.049
2022-08-31 01:00:00,25898.145,28575.617,38238.773,28115.025,32094.049
2022-08-31 02:00:00,25898.145,28575.617,38238.773,28115.025,32094.049
2022-08-31 03:00:00,25898.145,28575.617,38238.773,28115.025,32094.049
2022-08-31 04:00:00,25898.145,28575.617,38238.773,28115.025,32094.049
2022-08-31 05:00:00,25898.145,28575.617,38238.773,28115.025,32094.049
2022-08-31 06:00:00,25898.145,28575.617,38238.773,28115.025,32094.049
2022-08-31 07:00:00,25898.145,28575.617,38238.773,28115.025,32094.049
2022-08-31 08:00:00,25898.145,28575.617,38238.773,28115.025,32094.049
2022-08-31 09:00:00,25898.145,28575.617,38238.773,28115.025,32094.049
2022-08-31 10:00:00,25898.145,28575.617,38238.773,28115.025,32094.049
2022-08-31 11:00:00,25898.145,28575.617,38238.773,28115.025,32094.049
2022-08-31 12:00:00,25898.145,28575.617,38238.773,28115.025,32094.049
2022-08-31 13:00:00,25898.145,28575.617,38238.773,28115.025,32094.049
2022-08-31 14:00:00,25898.145,28575.617,38238.773,28115.025,32094.049
2022-08-31 15:00:00,25898.145,28575.617,38238.773,28115.025,32094.049
2022-08-31 16:00:00,25898.145,28575.617,38238.773,28115.025,32094.049
2022-08-31 17:00:00,25898.145,28575.617,38238.773,28115.025,32094.049
2022-08-31 18:00:00,25898.145,28575.617,38238.773,28115.025,32094.049
2022-08-31 19:00:00,25898.145,28575.617,38238.773,28115.025,32094.049
2022-08-31 20:00:00,25898.145,28575.617,38238.773,28115.025,32094.049
2022-08-31 21:00:00,25898.145,28575.617,38238.773,28115.025,32094.049
2022-08-31 22:00:00,25898.145,28575.617,38238.773,28115.025,32094.049
2022-08-31 23:00:00,25898.145,28575.617,38238.773,28115.025,32094.049
2022-09-01 00:00:00,25898.145,28575.617,38238.773,28115.025,32094.049
2022-09-01 01:00:00,25898.145,28575.617,38238.773,28115.025,32094.049
2022-09-01 02:00:00,25898.145,28575.617,38238.773,28115.025,32094.049
2022-09-01 03:00:00,25898.145,28575.617,38238.773,28115.025,32094.049
2022-09-01 04:00:00,25898.145,28575.617,38238.773,28115.025,32094.049
2022-09-01 05:00:00,25898.145,28575.617,38238.773,28115.025,32094.049
2022-09-01 06:00:00,25898.145,28575.617,38238.773,28115.025,32094.049
2022-09-01 07:00:00,25898.145,28575.617,38238.773,28115.025,32094.049
2022-09-01 08:00:00,25898.145,28575.617,38238.773,28115.025,32094.049
2022-09-01 09:00:00,25898.145,28575.617,38238.773,28115.025,32094.049
2022-09-01 10:00:00,25898.145,28575.617,38238.773,28115.025,32094.049
2022-09-01 11:00:00,25898.145,28575.617,38238.773,28115.025,32094.049
2022-09-01 12:00:00,25898.145,28575.617,38238.773,28115.025,32094.049
2022-09-01 13:00:00,25898.145,28575.617,38238.773,28115.025,32094.049
2022-09-01 14:00:00,25898.145,28575.617,38238.773,28115.025,32094.049
2022-09-01 15:00:00,25898.145,28575.617,38238.773,28115.025,32094.049
2022-09-01 16:00:00,25898.145,28575.617,38238.773,28115.025,32094.049
2022-09-01 17:00:00,25898.145,28575.617,38238.773,28115.025,32094.049
2022-09-01 18:00:00,25898.145,28575.617,38238.773,28115.025,32094.049
2022-09-01 19:00:00,25898.145,28575.617,38238.773,28115.025,32094.049
2022-09-01 20:00:00,25898.145,28575.617,38238.773,28115.025,32094.049
2022-09-01 21:00:00,25898.145,28575.617,38238.773,28115.025,32094.049
2022-09-01 22:00:00,25898.145,28575.617,38238.773,28115.025,32094.049
2022-09-01 23:00:00,25898.145,28575.617,38238.773,28115.025,32094.049
2022-09-02 00:00:00,25898.145,28575.617,38238.773,28115.025,32094.049
2022-09-02 01:00:00,25898.145,28575.617,38238.773,28115.025,32094.049
2022-09-02 02:00:00,25898.145,28575.617,38238.773,28115.025,32094.049
2022-09-02 03:00:00,25898.145,28575.617,38238.773,28115.025,32094.049
2022-09-02 04:00:00,25898.145,28575.617,38238.773,28115.025,32094.049
2022-09-02 05:00:00,25898.145,28575.617,38238.773,28115.025,32094.049
2022-09-02 06:00:00,25898.145,28575.617,38238.773,28115.025,32094.049
2022-09-02 07:00:00,25898.145,28575.617,38238.773,28115.025,32094.049
2022-09-02 08:00:00,25898.145,28575.617,38238.773,28115.025,32094.049
2022-09-02 09:00:00,25898.145,28575.617,38238.773,28115.025,32094.049
2022-09-02 10:00:00,25898.145,28575.617,38238.773,28115.025,32094.049
2022-09-02 11:00:00,25898.145,28575.617,38238.773,28115.025,32094.049
2022-09-02 12:00:00,25898.145,28575.617,38238.773,28115.025,32094.049
2022-09-02 13:00:00,25898.145,28575.617,38238.773,28115.025,32094.049
2022-09-02 14:00:00,25898.145,28575.617,38238.773,28115.025,32094.049
2022-09-02 15:00:00,25898.145,28575.617,38238.773,28115.025,32094.049
2022-09-02 16:00:00,25898.145,28575.617,38238.773,28115.025,32094.049
2022-09-02 17:00:00,25898.145,28575.617,38238.773,28115.025,32094.049
2022-09-02 18:00:00,25898.145,28575.617,38238.773,28115.025,32094.049
2022-09-02 19:00:00,25898.145,28575.617,38238.773,28115.025,32094.049
2022-09-02 20:00:00,25898.145,28575.617,38238.773,28115.025,32094.049
2022-09-02 21:00:00,25898.145,28575.617,38238.773,28115.025,32094.049
2022-09-02 22:00:00,25898.145,28575.617,38238.773,28115.025,32094.049
2022-09-02 23:00:00,25898.145,28575.617,38238.773,28115.025,32094.049
2022-09-03 00:00:00,25898.145,28575.617,38238.773,28115.025,32094.049
2022-09-03 01:00:00,25898.145,28575.617,38238.773,28115.025,32094.049
2022-09-03 02:00:00,25898.145,28575.617,38238.773,28115.025,32094.049
2022-09-03 03:00:00,25898.145,28575.617,38238.773,28115.025,32094.049
2022-09-03 04:00:00,25898.145,28575.617,38238.773,28115.025,32094.049
2022-09-03 05:00:00,25898.145,28575.617,38238.773,28115.025,32094.049
2022-09-03 06:00:00,25898.145,28575.617,38238.773,28115.025,32094.049
2022-09-03 07:00:00,25898.145,28575.617,38238.773,28115.025,32094.049
2022-09-03 08:00:00,25898.145,28575.617,38238.773,28115.025,32094.049
2022-09-03 09:00:00,25898.145,28575.617,38238.773,28115.025,32094.049
2022-09-03 10:00:00,25898.145,28575.617,38238.773,28115.025,32094.049
2022-09-03 11:00:00,25898.145,28575.617,38238.773,28115.025,32094.049
2022-09-03 12:00:00,25898.145,28575.617,38238.773,28115.025,32094.049
2022-09-03 13:00:00,25898.145,28575.617,38238.773,28115.025,32094.049
2022-09-03 14:00:00,25898.346,28575.617,38238.773,28115.025,32094.049
2022-09-03 15:00:00,25898.38,28575.617,38238.773,28115.025,32094.049
2022-09-03 16:00:00,25898.38,28575.617,38238.773,28115.025,32094.049
2022-09-03 17:00:00,25898.38,28575.617,38238.773,28115.025,32094.049
2022-09-03 18:00:00,25898.38,28575.617,38238.773,28115.025,32094.049
2022-09-03 19:00:00,25898.38,28575.617,38238.773,28115.025,32094.049
2022-09-03 20:00:00,25898.38,28575.617,38238.773,28115.025,32094.049
2022-09-03 21:00:00,25898.38,28575.617,38238.773,28115.025,32094.049
2022-09-03 22:00:00,25898.38,28575.617,38238.773,28115.145,32094.049
2022-09-03 23:00:00,25898.38,28575.617,38238.773,28115.145,32094.049
2022-09-04 00:00:00,25898.38,28575.617,38238.773,28115.145,32094.049
2022-09-04 01:00:00,25898.38,28575.617,38238.773,28115.145,32094.049
2022-09-04 02:00:00,25898.38,28575.617,38238.773,28115.145,32094.049
2022-09-04 03:00:00,25898.38,28575.617,38238.773,28115.145,32094.049
2022-09-04 04:00:00,25898.38,28575.617,38238.773,28115.145,32094.049
2022-09-04 05:00:00,25898.38,28575.617,38238.773,28115.145,32094.049
2022-09-04 06:00:00,25898.38,28575.617,38238.773,28115.145,32094.049
2022-09-04 07:00:00,25898.498,28575.617,38238.773,28115.145,32094.049
2022-09-04 08:00:00,25898.498,28575.617,38238.773,28115.145,32094.049
2022-09-04 09:00:00,25898.498,28575.617,38238.773,28115.145,32094.049
2022-09-04 10:00:00,25898.498,28575.617,38238.773,28115.145,32094.049
2022-09-04 11:00:00,25898.498,28575.617,38238.773,28115.145,32094.049
2022-09-04 12:00:00,25898.498,28575.617,38238.773,28115.145,32094.049
2022-09-04 13:00:00,25898.498,28575.617,38238.773,28115.145,32094.049
2022-09-04 14:00:00,25898.498,28575.617,38238.773,28115.145,32094.049
2022-09-04 15:00:00,25898.498,28575.617,38238.773,28115.145,32094.049
2022-09-04 16:00:00,25898.498,28575.617,38238.773,28115.145,32094.049
2022-09-04 17:00:00,25898.498,28575.617,38238.773,28115.145,32094.049
2022-09-04 18:00:00,25898.498,28575.617,38238.773,28115.145,32094.049
2022-09-04 19:00:00,25898.498,28575.617,38238.773,28115.145,32094.049
2022-09-04 20:00:00,25898.498,28575.617,38238.773,28115.145,32094.049
2022-09-04 21:00:00,25898.498,28575.617,38238.773,28115.145,32094.049
2022-09-04 22:00:00,25898.498,28575.617,38238.773,28115.145,32094.049
2022-09-04 23:00:00,25898.498,28575.617,38238.773,28115.145,32094.049
2022-09-05 00:00:00,25898.498,28575.617,38238.773,28115.145,32094.049
2022-09-05 01:00:00,25898.498,28575.617,38238.773,28115.145,32094.049
2022-09-05 02:00:00,25898.498,28575.617,38238.773,28115.145,32094.049
2022-09-05 03:00:00,25898.498,28575.617,38238.773,28115.145,32094.049
2022-09-05 04:00:00,25898.498,28575.617,38238.773,28115.145,32094.049
2022-09-05 05:00:00,25898.498,28575.617,38238.773,28115.145,32094.049
2022-09-05 06:00:00,25898.498,28575.617,38238.773,28115.145,32094.049
2022-09-05 07:00:00,25898.498,28575.617,38238.773,28115.145,32094.049
2022-09-05 08:00:00,25898.498,28575.617,38238.773,28115.145,32094.049
2022-09-05 09:00:00,25898.498,28575.617,38238.773,28115.145,32094.049
2022-09-05 10:00:00,25898.498,28575.617,38238.773,28115.145,32094.049
2022-09-05 11:00:00,25898.498,28575.617,38238.773,28115.145,32094.049
2022-09-05 12:00:00,25898.498,28575.617,38238.773,28115.145,32094.049
2022-09-05 13:00:00,25898.498,28575.617,38238.773,28115.145,32094.049
2022-09-05 14:00:00,25898.498,28575.617,38238.773,28115.145,32094.049
2022-09-05 15:00:00,25898.498,28575.617,38238.773,28115.145,32094.049
2022-09-05 16:00:00,25898.498,28575.617,38238.773,28115.145,32094.049
2022-09-05 17:00:00,25898.498,28575.617,38238.773,28115.145,32094.049
2022-09-05 18:00:00,25898.498,28575.617,38238.773,28115.145,32094.049
2022-09-05 19:00:00,25898.498,28575.617,38238.773,28115.145,32094.049
2022-09-05 20:00:00,25898.498,28575.617,38238.773,28115.145,32094.049
2022-09-05 21:00:00,25898.498,28575.617,38238.773,28115.145,32094.049
2022-09-05 22:00:00,25898.498,28575.617,38238.773,28115.145,32094.049
2022-09-05 23:00:00,25898.498,28575.617,38238.773,28115.145,32094.049
2022-09-06 00:00:00,25898.498,28575.617,38238.773,28115.145,32094.049
2022-09-06 01:00:00,25898.498,28575.617,38238.773,28115.145,32094.049
2022-09-06 02:00:00,25898.498,28575.617,38238.773,28115.145,32094.049
2022-09-06 03:00:00,25898.498,28575.617,38238.773,28115.145,32094.049
2022-09-06 04:00:00,25898.498,28575.617,38238.773,28115.145,32094.049
2022-09-06 05:00:00,25898.498,28575.617,38238.773,28115.145,32094.049
2022-09-06 06:00:00,25898.498,28575.617,38238.773,28115.145,32094.049
2022-09-06 07:00:00,25898.498,28575.617,38238.773,28115.145,32094.049
2022-09-06 08:00:00,25898.498,28575.617,38238.773,28115.145,32094.049
2022-09-06 09:00:00,25898.498,28575.617,38238.773,28115.145,32094.049
2022-09-06 10:00:00,25898.498,28575.617,38238.773,28115.145,32094.049
2022-09-06 11:00:00,25898.498,28575.617,38238.773,28115.145,32094.049
2022-09-06 12:00:00,25898.498,28575.617,38238.773,28115.145,32094.049
2022-09-06 13:00:00,25898.498,28575.617,38238.773,28115.145,32094.049
2022-09-06 14:00:00,25898.498,28575.617,38238.773,28115.145,32094.049
2022-09-06 15:00:00,25898.498,28575.617,38238.773,28115.145,32094.049
2022-09-06 16:00:00,25898.498,28575.617,38238.773,28115.145,32094.049
2022-09-06 17:00:00,25898.498,28575.617,38238.773,28115.145,32094.049
2022-09-06 18:00:00,25898.498,28575.617,38238.773,28115.145,32094.049
2022-09-06 19:00:00,25898.498,28575.617,38238.773,28115.145,32094.049
2022-09-06 20:00:00,25898.498,28575.617,38238.773,28115.145,32094.049
2022-09-06 21:00:00,25898.498,28575.617,38238.773,28115.145,32094.049
2022-09-06 22:00:00,25898.498,28575.617,38238.773,28115.145,32094.049
2022-09-06 23:00:00,25898.498,28575.617,38238.773,28115.145,32094.049
2022-09-07 00:00:00,25898.498,28575.617,38238.773,28115.145,32094.049
2022-09-07 01:00:00,25898.498,28575.617,38238.773,28115.145,32094.049
2022-09-07 02:00:00,25898.498,28575.617,38238.773,28115.145,32094.049
2022-09-07 03:00:00,25898.498,28575.617,38238.773,28115.145,32094.049
2022-09-07 04:00:00,25898.498,28575.617,38238.773,28115.145,32094.049
2022-09-07 05:00:00,25898.498,28575.617,38238.773,28115.145,32094.049
2022-09-07 06:00:00,25898.498,28575.617,38238.773,28115.145,32094.049
2022-09-07 07:00:00,25898.498,28575.617,38238.773,28115.145,32094.049
2022-09-07 08:00:00,25898.498,28575.617,38238.773,28115.145,32094.049
2022-09-07 09:00:00,25898.498,28575.617,38238.773,28115.145,32094.049
2022-09-07 10:00:00,25898.498,28575.617,38238.773,28115.145,32094.049
2022-09-07 11:00:00,25898.498,28575.617,38238.773,28115.145,32094.049
2022-09-07 12:00:00,25898.498,28575.617,38238.773,28115.145,32094.049
2022-09-07 13:00:00,25898.498,28575.617,38238.773,28115.145,32094.049
2022-09-07 14:00:00,25898.498,28575.617,38238.773,28115.145,32094.049
2022-09-07 15:00:00,25898.498,28575.617,38238.773,28115.145,32094.049
2022-09-07 16:00:00,25898.498,28575.617,38238.773,28115.145,32094.049
2022-09-07 17:00:00,25898.498,28575.617,38238.773,28115.145,32094.049
2022-09-07 18:00:00,25898.498,28575.617,38238.773,28115.145,32094.049
2022-09-07 19:00:00,25898.498,28575.617,38238.773,28115.145,32094.049
2022-09-07 20:00:00,25898.498,28575.617,38238.773,28115.145,32094.049
2022-09-07 21:00:00,25898.498,28575.617,38238.773,28115.145,32094.049
2022-09-07 22:00:00,25898.498,28575.617,38238.773,28115.145,32094.049
2022-09-07 23:00:00,25898.498,28575.617,38238.773,28115.145,32094.049
2022-09-08 00:00:00,25898.498,28575.617,38238.773,28115.145,32094.049
2022-09-08 01:00:00,25898.498,28575.617,38238.773,28115.145,32094.049
2022-09-08 02:00:00,25898.498,28575.617,38238.773,28115.145,32094.049
2022-09-08 03:00:00,25898.498,28575.617,38238.773,28115.145,32094.049
2022-09-08 04:00:00,25898.498,28575.617,38238.773,28115.145,32094.049
2022-09-08 05:00:00,25898.498,28575.617,38238.773,28115.145,32094.049
2022-09-08 06:00:00,25898.498,28575.617,38238.773,28115.145,32094.049
2022-09-08 07:00:00,25898.498,28575.617,38238.773,28115.145,32094.049
2022-09-08 08:00:00,25898.498,28575.617,38238.773,28115.145,32094.049
2022-09-08 09:00:00,25898.498,28575.617,38238.773,28115.145,32094.049
2022-09-08 10:00:00,25898.498,28575.617,38238.773,28115.145,32094.049
2022-09-08 11:00:00,25898.498,28575.617,38238.773,28115.145,32094.049
2022-09-08 12:00:00,25898.498,28575.617,38238.773,28115.145,32094.049
2022-09-08 13:00:00,25898.498,28575.617,38238.773,28115.145,32094.049
2022-09-08 14:00:00,25898.498,28575.617,38238.773,28115.145,32094.049
2022-09-08 15:00:00,25898.498,28575.617,38238.773,28115.145,32094.049
2022-09-08 16:00:00,25898.498,28575.617,38238.773,28115.145,32094.049
2022-09-08 17:00:00,25898.498,28575.617,38238.773,28115.145,32094.049
2022-09-08 18:00:00,25898.498,28575.617,38238.773,28115.145,32094.049
2022-09-08 19:00:00,25898.498,28575.617,38238.773,28115.145,32094.049
2022-09-08 20:00:00,25898.498,28575.617,38238.773,28115.145,32094.049
2022-09-08 21:00:00,25898.498,28575.617,38238.773,28115.145,32094.049
2022-09-08 22:00:00,25898.498,28575.617,38238.773,28115.145,32094.049
2022-09-08 23:00:00,25898.498,28575.617,38238.773,28115.145,32094.049
2022-09-09 00:00:00,25898.498,28575.617,38238.773,28115.145,32094.049
2022-09-09 01:00:00,25898.498,28575.617,38238.773,28115.145,32094.049
2022-09-09 02:00:00,25898.498,28575.617,38238.773,28115.145,32094.049
2022-09-09 03:00:00,25898.498,28575.617,38238.773,28115.145,32094.049
2022-09-09 04:00:00,25898.498,28575.617,38238.773,28115.145,32094.049
2022-09-09 05:00:00,25898.498,28575.617,38238.773,28115.145,32094.049
2022-09-09 06:00:00,25898.498,28575.617,38238.773,28115.145,32094.049
2022-09-09 07:00:00,25898.498,28575.617,38238.773,28115.145,32094.049
2022-09-09 08:00:00,25898.498,28575.617,38238.773,28115.145,32094.049
2022-09-09 09:00:00,25898.498,28575.617,38238.773,28115.145,32094.049
2022-09-09 10:00:00,25898.498,28575.617,38238.773,28115.145,32094.049
2022-09-09 11:00:00,25898.498,28575.617,38238.773,28115.145,32094.049
2022-09-09 12:00:00,25898.498,28575.617,38238.773,28115.145,32094.049
2022-09-09 13:00:00,25898.498,28575.617,38238.773,28115.145,32094.049
2022-09-09 14:00:00,25898.498,28575.617,38238.773,28115.145,32094.049
2022-09-09 15:00:00,25898.498,28575.617,38238.773,28115.145,32094.049
2022-09-09 16:00:00,25898.498,28575.617,38238.773,28115.145,32094.049
2022-09-09 17:00:00,25898.498,28575.617,38238.773,28115.145,32094.049
2022-09-09 18:00:00,25898.498,28575.617,38238.773,28115.145,32094.049
2022-09-09 19:00:00,25898.498,28575.617,38238.773,28115.145,32094.049
2022-09-09 20:00:00,25898.498,28575.617,38238.773,28115.145,32094.049
2022-09-09 21:00:00,25898.498,28575.617,38238.773,28115.145,32094.049
2022-09-09 22:00:00,25898.498,28575.617,38238.773,28115.145,32094.049
2022-09-09 23:00:00,25898.498,28575.617,38238.773,28115.145,32094.049
2022-09-10 00:00:00,25898.498,28575.617,38238.773,28115.145,32094.049
2022-09-10 01:00:00,25898.498,28575.617,38238.773,28115.145,32094.049
2022-09-10 02:00:00,25898.498,28575.617,38238.773,28115.145,32094.049
2022-09-10 03:00:00,25898.498,28575.617,38238.773,28115.145,32094.049
2022-09-10 04:00:00,25898.498,28575.617,38238.773,28115.145,32094.049
2022-09-10 05:00:00,25898.498,28575.617,38238.773,28115.145,32094.049
2022-09-10 06:00:00,25898.498,28575.617,38238.773,28115.145,32094.049
2022-09-10 07:00:00,25898.498,28575.617,38238.773,28115.145,32094.049
2022-09-10 08:00:00,25898.498,28575.617,38238.773,28115.145,32094.049
2022-09-10 09:00:00,25898.498,28575.617,38238.773,28115.145,32094.049
2022-09-10 10:00:00,25898.498,28575.617,38238.773,28115.145,32094.049
2022-09-10 11:00:00,25898.498,28575.617,38238.773,28115.145,32094.049
2022-09-10 12:00:00,25898.498,28575.617,38238.773,28115.145,32094.049
2022-09-10 13:00:00,25898.498,28575.617,38238.773,28115.145,32094.049
2022-09-10 14:00:00,25898.498,28575.617,38238.773,28115.145,32094.049
2022-09-10 15:00:00,25898.498,28575.617,38238.773,28115.145,32094.049
2022-09-10 16:00:00,25898.498,28575.617,38238.773,28115.145,32094.049
2022-09-10 17:00:00,25898.498,28575.617,38238.773,28115.145,32094.492
2022-09-10 18:00:00,25898.498,28575.617,38238.773,28115.145,32094.508
2022-09-10 19:00:00,25898.807,28575.646,38238.773,28115.145,32094.508
2022-09-10 20:00:00,25898.807,28575.646,38238.773,28115.145,32094.508
2022-09-10 21:00:00,25898.842,28575.646,38238.773,28115.145,32094.508
2022-09-10 22:00:00,25898.842,28575.646,38238.773,28115.145,32094.508
2022-09-10 23:00:00,25898.842,28575.646,38238.773,28115.145,32094.508
2022-09-11 00:00:00,25898.842,28575.646,38238.773,28115.145,32094.508
2022-09-11 01:00:00,25898.842,28575.646,38238.773,28115.145,32094.508
2022-09-11 02:00:00,25898.842,28575.646,38238.773,28115.145,32094.508
2022-09-11 03:00:00,25898.842,28575.646,38238.773,28115.145,32094.508
2022-09-11 04:00:00,25898.842,28575.646,38238.773,28115.145,32094.508
2022-09-11 05:00:00,25898.842,28575.646,38238.773,28115.145,32094.508
2022-09-11 06:00:00,25898.842,28575.646,38238.773,28115.145,32094.508
2022-09-11 07:00:00,25898.842,28575.646,38238.773,28115.145,32094.508
2022-09-11 08:00:00,25898.842,28575.646,38238.773,28115.145,32094.508
2022-09-11 09:00:00,25898.842,28575.646,38238.773,28115.145,32094.508
2022-09-11 10:00:00,25898.842,28575.646,38238.773,28115.145,32094.508
2022-09-11 11:00:00,25898.842,28575.646,38238.773,28115.145,32094.508
2022-09-11 12:00:00,25898.842,28575.646,38238.773,28115.145,32094.508
2022-09-11 13:00:00,25898.842,28575.646,38238.773,28115.145,32094.508
2022-09-11 14:00:00,25898.842,28575.646,38238.773,28115.145,32094.508
2022-09-11 15:00:00,25898.842,28575.646,38238.773,28115.145,32094.508
2022-09-11 16:00:00,25898.842,28575.646,38238.773,28115.145,32094.508
2022-09-11 17:00:00,25898.842,28575.646,38238.773,28115.145,32094.508
2022-09-11 18:00:00,25898.842,28575.646,38238.773,28115.145,32094.508
2022-09-11 19:00:00,25898.842,28576.078,38238.773,28115.145,32094.598
2022-09-11 20:00:00,25898.842,28576.428,38238.773,28115.145,32095.633
2022-09-11 21:00:00,25898.887,28576.58,38238.773,28115.334,32095.645
2022-09-11 22:00:00,25898.887,28577.314,38238.773,28115.547,32095.94
2022-09-11 23:00:00,25898.887,28577.314,38238.773,28115.547,32095.94
2022-09-12 00:00:00,25898.887,28577.314,38238.773,28115.547,32095.94
2022-09-12 01:00:00,25898.887,28577.314,38238.773,28115.547,32095.94
2022-09-12 02:00:00,25898.887,28577.314,38238.773,28115.547,32095.94
2022-09-12 03:00:00,25898.916,28577.318,38238.773,28115.547,32095.94
2022-09-12 04:00:00,25899.123,28577.322,38238.773,28115.604,32095.94
2022-09-12 05:00:00,25899.123,28577.322,38238.773,28115.604,32095.94
2022-09-12 06:00:00,25899.148,28577.322,38238.773,28115.604,32095.94
2022-09-12 07:00:00,25899.148,28577.322,38238.773,28115.604,32095.94
2022-09-12 08:00:00,25899.148,28577.322,38238.773,28115.604,32095.94
2022-09-12 09:00:00,25899.148,28577.322,38238.773,28115.604,32095.94
2022-09-12 10:00:00,25899.148,28577.37,38238.773,28115.604,32095.94
2022-09-12 11:00:00,25899.148,28577.637,38238.773,28115.604,32095.94
2022-09-12 12:00:00,25899.148,28579.568,38238.773,28117.025,32096.85
2022-09-12 13:00:00,25900.25,28582.865,38241.188,28120.525,32100.355
2022-09-12 14:00:00,25905.201,28589.06,38243.15,28126.627,32102.816
2022-09-12 15:00:00,25909.2,28595.533,38243.176,28130.54,32103.645
2022-09-12 16:00:00,25912.352,28601.688,38243.395,28135.104,32107.074
2022-09-12 17:00:00,25914.736,28607.232,38243.637,28136.742,32109.262
2022-09-12 18:00:00,25915.947,28610.824,38243.652,28137.898,32109.344
2022-09-12 19:00:00,25917.76,28613.178,38243.78,28141.428,32109.373
2022-09-12 20:00:00,25918.316,28615.246,38243.78,28141.543,32113.062
2022-09-12 21:00:00,25918.316,28617.664,38243.812,28141.555,32115.666
2022-09-12 22:00:00,25918.316,28619.201,38244.375,28141.615,32116.05
2022-09-12 23:00:00,25918.666,28619.201,38244.48,28141.756,32116.285
2022-09-13 00:00:00,25920.977,28619.215,38244.48,28141.918,32116.943
2022-09-13 01:00:00,25922.062,28619.215,38244.48,28142.014,32116.943
2022-09-13 02:00:00,25923.24,28619.56,38244.48,28143.043,32116.943
2022-09-13 03:00:00,25926.635,28619.668,38244.48,28144.81,32116.943
2022-09-13 04:00:00,25929.559,28619.678,38244.5,28146.176,32116.943
2022-09-13 05:00:00,25930.924,28621.139,38245.086,28148.148,32117.42
2022-09-13 06:00:00,25932.352,28622.973,38245.734,28149.516,32119.012
2022-09-13 07:00:00,25934.28,28624.55,38245.734,28150.533,32120.79
2022-09-13 08:00:00,25935.994,28625.328,38245.734,28151.344,32122.195
2022-09-13 09:00:00,25936.18,28626.393,38245.734,28152.22,32122.389
2022-09-13 10:00:00,25936.18,28626.393,38245.734,28152.225,32122.389
2022-09-13 11:00:00,25936.18,28626.393,38245.734,28152.225,32122.389
2022-09-13 12:00:00,25936.18,28626.393,38245.76,28152.225,32122.389
2022-09-13 13:00:00,25936.18,28626.393,38245.785,28152.225,32122.389
2022-09-13 14:00:00,25936.18,28626.393,38245.785,28152.225,32122.389
2022-09-13 15:00:00,25936.18,28626.393,38245.785,28152.225,32122.389
2022-09-13 16:00:00,25936.18,28626.393,38245.785,28152.225,32122.652
2022-09-13 17:00:00,25936.33,28626.795,38246.04,28152.332,32123.254
2022-09-13 18:00:00,25936.535,28626.795,38246.04,28152.342,32123.271
2022-09-13 19:00:00,25936.535,28626.795,38246.04,28152.342,32123.334
2022-09-13 20:00:00,25936.535,28626.795,38246.094,28152.342,32123.566
2022-09-13 21:00:00,25936.535,28626.795,38246.094,28152.44,32123.566
2022-09-13 22:00:00,25936.535,28626.795,38246.094,28152.44,32123.566
2022-09-13 23:00:00,25936.535,28626.795,38246.094,28152.44,32123.566
2022-09-14 00:00:00,25936.535,28626.795,38246.094,28152.44,32123.566
2022-09-14 01:00:00,25936.535,28626.795,38246.094,28152.44,32123.566
2022-09-14 02:00:00,25936.535,28626.795,38246.094,28152.44,32123.566
2022-09-14 03:00:00,25936.535,28626.795,38246.094,28152.44,32123.566
2022-09-14 04:00:00,25936.535,28626.795,38246.094,28152.44,32123.566
2022-09-14 05:00:00,25936.535,28626.795,38246.094,28152.44,32123.566
2022-09-14 06:00:00,25936.535,28626.795,38246.094,28152.44,32123.566
2022-09-14 07:00:00,25936.535,28626.795,38246.094,28152.44,32123.566
2022-09-14 08:00:00,25936.535,28626.795,38246.094,28152.44,32124.27
2022-09-14 09:00:00,25936.535,28626.795,38246.094,28152.44,32124.586
2022-09-14 10:00:00,25936.535,28626.795,38246.094,28152.44,32124.586
2022-09-14 11:00:00,25936.535,28626.795,38246.51,28152.44,32124.67
2022-09-14 12:00:00,25936.535,28626.795,38247.324,28152.44,32125.572
2022-09-14 13:00:00,25936.535,28626.795,38247.934,28152.44,32125.734
2022-09-14 14:00:00,25936.535,28626.795,38248.715,28152.44,32126.475
2022-09-14 15:00:00,25936.535,28626.807,38248.715,28152.576,32126.947
2022-09-14 16:00:00,25936.535,28626.807,38248.934,28152.576,32126.977
2022-09-14 17:00:00,25936.535,28626.807,38248.953,28152.576,32127.045
2022-09-14 18:00:00,25936.535,28626.807,38249.008,28152.576,32127.045
2022-09-14 19:00:00,25936.535,28626.807,38249.96,28152.576,32127.572
2022-09-14 20:00:00,25936.535,28626.807,38251.53,28152.576,32128.814
2022-09-14 21:00:00,25936.535,28626.807,38252.824,28152.576,32129.568
2022-09-14 22:00:00,25936.604,28626.814,38252.824,28152.576,32130.266
2022-09-14 23:00:00,25936.604,28626.814,38252.996,28152.576,32130.916
2022-09-15 00:00:00,25936.707,28626.814,38253.227,28152.576,32130.93
2022-09-15 01:00:00,25936.918,28626.814,38253.523,28152.576,32131.121
2022-09-15 02:00:00,25936.969,28626.814,38254.184,28152.748,32131.893
2022-09-15 03:00:00,25937.025,28626.814,38256.9,28153.69,32133.865
2022-09-15 04:00:00,25937.186,28626.838,38257.41,28153.69,32135.994
2022-09-15 05:00:00,25937.186,28626.838,38257.418,28153.69,32136.895
2022-09-15 06:00:00,25937.186,28626.838,38257.418,28153.69,32136.895
2022-09-15 07:00:00,25937.186,28626.873,38257.418,28153.69,32136.895
2022-09-15 08:00:00,25937.186,28626.873,38257.418,28153.69,32136.895
2022-09-15 09:00:00,25937.186,28626.873,38257.418,28153.69,32138.426
2022-09-15 10:00:00,25937.186,28626.873,38257.418,28153.69,32140.645
2022-09-15 11:00:00,25937.186,28626.873,38257.465,28153.69,32140.645
2022-09-15 12:00:00,25937.186,28626.873,38257.465,28153.69,32140.645
2022-09-15 13:00:00,25937.186,28626.873,38257.465,28153.69,32140.645
2022-09-15 14:00:00,25937.186,28626.873,38257.465,28153.69,32140.648
2022-09-15 15:00:00,25937.186,28626.873,38257.465,28153.69,32140.648
2022-09-15 16:00:00,25937.186,28626.873,38257.465,28153.69,32140.648
2022-09-15 17:00:00,25937.186,28626.873,38258.125,28153.69,32140.648
2022-09-15 18:00:00,25937.186,28626.873,38258.45,28153.69,32140.648
2022-09-15 19:00:00,25937.186,28626.873,38258.926,28153.69,32140.648
2022-09-15 20:00:00,25937.186,28626.873,38258.926,28153.69,32140.648
2022-09-15 21:00:00,25937.186,28626.873,38258.926,28153.69,32140.648
2022-09-15 22:00:00,25937.186,28626.873,38258.926,28153.69,32140.648
2022-09-15 23:00:00,25937.186,28626.873,38259.89,28153.69,32141.236
2022-09-16 00:00:00,25937.186,28626.873,38259.973,28153.69,32141.262
2022-09-16 01:00:00,25937.186,28626.873,38259.973,28153.69,32141.262
2022-09-16 02:00:00,25937.186,28626.873,38259.996,28153.69,32142.78
2022-09-16 03:00:00,25937.186,28626.873,38261.234,28153.69,32143.846
2022-09-16 04:00:00,25937.186,28626.873,38261.785,28153.69,32144.5
2022-09-16 05:00:00,25937.336,28626.873,38262.066,28153.69,32145.547
2022-09-16 06:00:00,25937.336,28626.873,38264.617,28153.69,32147.557
2022-09-16 07:00:00,25937.783,28626.873,38264.617,28153.69,32148.238
2022-09-16 08:00:00,25937.959,28626.873,38265.07,28153.69,32150.201
2022-09-16 09:00:00,25937.959,28626.873,38265.57,28153.69,32153.541
2022-09-16 10:00:00,25938.35,28626.873,38266.758,28153.793,32155.309
2022-09-16 11:00:00,25938.717,28626.873,38267.734,28153.793,32156.846
2022-09-16 12:00:00,25938.797,28626.928,38267.734,28153.793,32157.53
2022-09-16 13:00:00,25939.686,28626.943,38269.31,28153.793,32159.219
2022-09-16 14:00:00,25940.13,28626.996,38271.75,28153.793,32162.105
2022-09-16 15:00:00,25941.074,28626.996,38273.188,28153.793,32163.94
2022-09-16 16:00:00,25942.752,28627.22,38273.977,28153.793,32166.152
2022-09-16 17:00:00,25945.008,28627.266,38275.31,28153.793,32169.36
2022-09-16 18:00:00,25946.555,28627.855,38275.336,28153.793,32170.926
2022-09-16 19:00:00,25949.617,28627.863,38276.14,28153.793,32171.943
2022-09-16 20:00:00,25952.482,28628.844,38276.83,28153.793,32173.592
2022-09-16 21:00:00,25952.482,28628.86,38277.1,28153.793,32173.9
2022-09-16 22:00:00,25953.107,28628.86,38277.52,28153.793,32174.867
2022-09-16 23:00:00,25953.754,28628.883,38278.008,28153.793,32174.875
2022-09-17 00:00:00,25954.1,28628.883,38278.496,28153.793,32176.027
2022-09-17 01:00:00,25954.506,28628.883,38279.527,28153.793,32176.719
2022-09-17 02:00:00,25954.645,28629.027,38280.688,28153.797,32178.08
2022-09-17 03:00:00,25955.557,28629.094,38281.223,28154.092,32181.025
2022-09-17 04:00:00,25956.992,28629.271,38281.223,28154.092,32183.209
2022-09-17 05:00:00,25956.992,28629.271,38282.637,28155.025,32183.762
2022-09-17 06:00:00,25958.357,28629.271,38283.117,28155.75,32183.762
2022-09-17 07:00:00,25958.83,28629.357,38283.797,28155.75,32183.945
2022-09-17 08:00:00,25959.0,28629.357,38283.82,28155.807,32183.945
2022-09-17 09:00:00,25960.268,28629.357,38284.117,28155.816,32184.848
2022-09-17 10:00:00,25960.33,28629.533,38284.18,28155.816,32188.57
2022-09-17 11:00:00,25960.389,28629.71,38285.535,28155.816,32192.137
2022-09-17 12:00:00,25960.967,28629.887,38286.227,28155.816,32195.193
2022-09-17 13:00:00,25960.967,28629.887,38287.36,28155.816,32195.943
2022-09-17 14:00:00,25961.244,28629.887,38288.35,28155.963,32196.953
2022-09-17 15:00:00,25961.744,28629.887,38289.184,28155.963,32199.043
2022-09-17 16:00:00,25961.744,28629.887,38289.934,28156.223,32200.395
2022-09-17 17:00:00,25961.768,28630.47,38290.152,28156.223,32202.113
2022-09-17 18:00:00,25962.23,28630.492,38290.777,28156.336,32204.158
2022-09-17 19:00:00,25962.783,28630.578,38290.934,28156.336,32205.64
2022-09-17 20:00:00,25962.875,28630.578,38291.63,28156.832,32205.64
2022-09-17 21:00:00,25962.896,28630.578,38293.04,28156.832,32206.127
2022-09-17 22:00:00,25962.896,28630.578,38293.453,28156.832,32206.668
2022-09-17 23:00:00,25962.916,28630.578,38294.812,28156.832,32206.834
2022-09-18 00:00:00,25962.93,28630.578,38294.812,28156.832,32207.545
2022-09-18 01:00:00,25962.93,28630.578,38294.855,28156.832,32208.803
2022-09-18 02:00:00,25962.93,28630.578,38294.855,28156.832,32210.523
2022-09-18 03:00:00,25962.93,28630.578,38294.855,28156.832,32212.342
2022-09-18 04:00:00,25962.93,28630.578,38294.855,28156.832,32212.533
2022-09-18 05:00:00,25962.93,28630.578,38295.484,28156.832,32212.748
2022-09-18 06:00:00,25962.93,28630.578,38295.484,28156.832,32215.275
2022-09-18 07:00:00,25962.93,28630.578,38295.484,28156.832,32215.309
2022-09-18 08:00:00,25962.93,28630.578,38295.484,28156.832,32215.309
2022-09-18 09:00:00,25962.93,28630.578,38295.484,28156.832,32215.42
2022-09-18 10:00:00,25962.93,28630.578,38295.484,28156.832,32215.42
2022-09-18 11:00:00,25962.93,28630.578,38295.484,28156.832,32215.498
2022-09-18 12:00:00,25962.93,28630.578,38295.87,28156.832,32215.627
2022-09-18 13:00:00,25962.93,28630.578,38297.22,28156.832,32215.697
2022-09-18 14:00:00,25962.93,28630.578,38297.22,28156.832,32215.697
2022-09-18 15:00:00,25962.93,28630.578,38297.22,28156.832,32215.697
2022-09-18 16:00:00,25962.93,28630.578,38297.22,28156.832,32216.025
2022-09-18 17:00:00,25962.93,28630.578,38297.22,28156.832,32216.248
2022-09-18 18:00:00,25962.93,28630.578,38297.22,28156.832,32216.248
2022-09-18 19:00:00,25962.93,28630.578,38297.22,28156.832,32216.248
2022-09-18 20:00:00,25962.93,28630.578,38297.22,28156.832,32216.248
2022-09-18 21:00:00,25962.93,28630.578,38297.37,28156.832,32216.248
2022-09-18 22:00:00,25962.93,28630.578,38297.38,28156.832,32217.465
2022-09-18 23:00:00,25962.93,28630.578,38297.99,28156.832,32217.523
2022-09-19 00:00:00,25962.93,28630.578,38297.99,28156.832,32217.523
2022-09-19 01:00:00,25962.93,28630.578,38298.016,28156.832,32217.523
2022-09-19 02:00:00,25962.93,28630.578,38298.016,28156.832,32217.523
2022-09-19 03:00:00,25962.93,28630.578,38298.016,28156.832,32217.66
2022-09-19 04:00:00,25962.93,28630.578,38298.016,28156.832,32217.984
2022-09-19 05:00:00,25962.93,28630.578,38298.016,28156.832,32217.984
2022-09-19 06:00:00,25962.93,28630.578,38298.016,28156.832,32217.984
2022-09-19 07:00:00,25962.93,28630.578,38298.016,28156.832,32218.018
2022-09-19 08:00:00,25962.93,28630.578,38298.035,28156.832,32218.018
2022-09-19 09:00:00,25962.93,28630.578,38298.31,28156.832,32218.018
2022-09-19 10:00:00,25962.93,28630.578,38298.31,28156.832,32218.018
2022-09-19 11:00:00,25962.93,28630.578,38298.31,28156.832,32218.018
2022-09-19 12:00:00,25962.93,28630.578,38298.31,28156.832,32218.111
2022-09-19 13:00:00,25962.93,28630.578,38298.31,28156.832,32218.111
2022-09-19 14:00:00,25962.93,28630.578,38298.31,28156.832,32218.13
2022-09-19 15:00:00,25962.93,28630.578,38298.31,28156.832,32218.13
2022-09-19 16:00:00,25962.93,28630.578,38298.31,28156.832,32218.13
2022-09-19 17:00:00,25962.93,28630.578,38298.31,28156.832,32218.13
2022-09-19 18:00:00,25962.93,28630.578,38298.31,28156.832,32218.13
2022-09-19 19:00:00,25962.93,28630.578,38298.31,28156.832,32218.13
2022-09-19 20:00:00,25962.93,28630.578,38298.31,28156.832,32218.13
2022-09-19 21:00:00,25962.93,28630.578,38298.31,28156.832,32218.13
2022-09-19 22:00:00,25962.93,28630.578,38298.31,28156.832,32218.13
2022-09-19 23:00:00,25962.93,28630.578,38298.31,28156.832,32218.13
2022-09-20 00:00:00,25962.93,28630.578,38298.31,28156.832,32218.13
2022-09-20 01:00:00,25962.93,28630.578,38298.31,28156.832,32218.13
2022-09-20 02:00:00,25962.93,28630.578,38298.31,28156.832,32218.13
2022-09-20 03:00:00,25962.93,28630.578,38298.31,28156.832,32218.13
2022-09-20 04:00:00,25962.93,28630.578,38298.31,28156.832,32218.13
2022-09-20 05:00:00,25962.93,28630.578,38298.31,28156.832,32218.13
2022-09-20 06:00:00,25962.93,28630.578,38298.31,28156.832,32218.13
2022-09-20 07:00:00,25962.93,28630.578,38298.31,28156.832,32218.13
2022-09-20 08:00:00,25962.93,28630.578,38298.31,28156.832,32218.13
2022-09-20 09:00:00,25962.93,28630.578,38298.31,28156.832,32218.13
2022-09-20 10:00:00,25962.93,28630.578,38298.31,28156.832,32218.13
2022-09-20 11:00:00,25962.93,28630.578,38298.31,28156.832,32218.13
2022-09-20 12:00:00,25962.93,28630.578,38298.31,28156.832,32218.13
2022-09-20 13:00:00,25962.93,28630.578,38298.31,28156.832,32218.13
2022-09-20 14:00:00,25962.93,28630.578,38298.31,28156.832,32218.13
2022-09-20 15:00:00,25962.93,28630.578,38298.31,28156.832,32218.13
2022-09-20 16:00:00,25962.93,28630.578,38298.31,28156.832,32218.13
2022-09-20 17:00:00,25962.93,28630.578,38298.31,28156.832,32218.13
2022-09-20 18:00:00,25962.93,28630.578,38298.31,28156.832,32218.13
2022-09-20 19:00:00,25962.93,28630.578,38298.31,28156.832,32218.13
2022-09-20 20:00:00,25962.93,28630.578,38298.31,28156.832,32218.13
2022-09-20 21:00:00,25962.93,28630.578,38298.31,28156.832,32218.13
2022-09-20 22:00:00,25962.93,28630.578,38298.31,28156.832,32218.13
2022-09-20 23:00:00,25962.93,28630.578,38298.31,28156.832,32218.13
2022-09-21 00:00:00,25962.93,28630.578,38298.31,28156.832,32218.13
2022-09-21 01:00:00,25962.93,28630.578,38298.31,28156.832,32218.13
2022-09-21 02:00:00,25962.93,28630.578,38298.31,28156.832,32218.13
2022-09-21 03:00:00,25962.93,28630.578,38298.31,28156.832,32218.13
2022-09-21 04:00:00,25962.93,28630.578,38298.31,28156.832,32218.13
2022-09-21 05:00:00,25962.93,28630.578,38298.31,28156.832,32218.13
2022-09-21 06:00:00,25962.93,28630.578,38298.31,28156.832,32218.13
2022-09-21 07:00:00,25962.93,28630.578,38298.31,28156.832,32218.13
2022-09-21 08:00:00,25962.93,28630.578,38298.31,28156.832,32218.13
2022-09-21 09:00:00,25962.93,28630.578,38298.31,28156.832,32218.13
2022-09-21 10:00:00,25962.93,28630.578,38298.31,28156.832,32218.13
2022-09-21 11:00:00,25962.93,28630.578,38298.31,28156.832,32218.13
2022-09-21 12:00:00,25962.93,28630.578,38298.31,28156.832,32218.13
2022-09-21 13:00:00,25962.93,28630.578,38298.31,28156.832,32218.13
2022-09-21 14:00:00,25962.93,28630.578,38298.31,28156.832,32218.13
2022-09-21 15:00:00,25962.93,28630.578,38298.31,28156.832,32218.13
2022-09-21 16:00:00,25962.93,28630.578,38298.31,28156.832,32218.13
2022-09-21 17:00:00,25962.93,28630.578,38298.31,28156.832,32218.13
2022-09-21 18:00:00,25962.93,28630.578,38298.31,28156.832,32218.13
2022-09-21 19:00:00,25962.93,28630.578,38298.31,28156.832,32218.13
2022-09-21 20:00:00,25962.93,28630.578,38298.31,28156.832,32218.13
2022-09-21 21:00:00,25962.93,28630.578,38298.31,28156.832,32218.13
2022-09-21 22:00:00,25962.93,28630.578,38298.31,28156.832,32218.13
2022-09-21 23:00:00,25962.93,28630.578,38298.31,28156.832,32218.13
2022-09-22 00:00:00,25962.93,28630.578,38298.31,28156.832,32218.13
2022-09-22 01:00:00,25962.93,28630.578,38298.31,28156.832,32218.13
2022-09-22 02:00:00,25962.93,28630.578,38298.31,28156.832,32218.13
2022-09-22 03:00:00,25962.93,28630.578,38298.31,28156.832,32218.13
2022-09-22 04:00:00,25962.93,28630.578,38298.31,28156.832,32218.13
2022-09-22 05:00:00,25962.93,28630.578,38298.31,28156.832,32218.13
2022-09-22 06:00:00,25962.93,28630.578,38298.31,28156.832,32218.13
2022-09-22 07:00:00,25962.93,28630.578,38298.31,28156.832,32218.13
2022-09-22 08:00:00,25962.93,28630.578,38298.31,28156.832,32218.13
2022-09-22 09:00:00,25962.93,28630.578,38298.31,28156.832,32218.13
2022-09-22 10:00:00,25962.93,28630.652,38298.31,28156.832,32218.13
2022-09-22 11:00:00,25962.93,28630.658,38298.31,28156.832,32218.13
2022-09-22 12:00:00,25962.93,28630.658,38298.37,28156.832,32218.13
2022-09-22 13:00:00,25963.469,28631.188,38301.105,28157.004,32218.805
2022-09-22 14:00:00,25963.525,28631.36,38302.816,28157.02,32218.805
2022-09-22 15:00:00,25964.297,28632.76,38303.008,28157.93,32219.764
2022-09-22 16:00:00,25965.354,28634.697,38303.008,28159.773,32222.062
2022-09-22 17:00:00,25966.84,28636.701,38303.008,28161.771,32223.693
2022-09-22 18:00:00,25968.441,28638.348,38305.06,28163.59,32224.03
2022-09-22 19:00:00,25969.549,28640.186,38306.56,28164.615,32224.451
2022-09-22 20:00:00,25971.092,28643.812,38307.656,28166.158,32226.115
2022-09-22 21:00:00,25972.922,28649.469,38309.723,28168.115,32228.9
2022-09-22 22:00:00,25974.863,28651.88,38309.723,28170.477,32229.73
2022-09-22 23:00:00,25976.223,28654.264,38309.805,28170.906,32231.504
2022-09-23 00:00:00,25977.57,28655.732,38312.203,28170.906,32235.652
2022-09-23 01:00:00,25978.941,28657.893,38312.27,28171.512,32236.492
2022-09-23 02:00:00,25980.56,28657.893,38312.27,28171.541,32236.857
2022-09-23 03:00:00,25980.742,28657.893,38312.27,28171.555,32236.857
2022-09-23 04:00:00,25980.742,28657.893,38312.27,28171.555,32236.857
2022-09-23 05:00:00,25980.742,28657.893,38312.27,28171.555,32237.152
2022-09-23 06:00:00,25980.742,28657.893,38312.27,28171.555,32237.152
2022-09-23 07:00:00,25980.742,28657.893,38312.27,28171.555,32237.152
2022-09-23 08:00:00,25980.742,28659.309,38312.27,28172.387,32237.152
2022-09-23 09:00:00,25981.328,28659.486,38312.27,28173.775,32237.152
2022-09-23 10:00:00,25982.32,28659.486,38312.27,28174.312,32237.152
2022-09-23 11:00:00,25983.117,28659.486,38312.27,28174.443,32237.152
2022-09-23 12:00:00,25983.117,28659.486,38312.27,28174.443,32237.152
2022-09-23 13:00:00,25983.117,28659.486,38312.27,28174.443,32237.152
2022-09-23 14:00:00,25983.117,28659.486,38312.27,28174.443,32237.152
2022-09-23 15:00:00,25983.117,28659.486,38312.27,28174.443,32237.152
2022-09-23 16:00:00,25983.117,28659.486,38312.305,28174.443,32237.152
2022-09-23 17:00:00,25983.117,28659.486,38312.305,28174.443,32237.152
2022-09-23 18:00:00,25983.117,28659.486,38312.305,28174.443,32237.152
2022-09-23 19:00:00,25983.117,28659.486,38312.305,28174.443,32237.152
2022-09-23 20:00:00,25983.117,28659.486,38312.305,28174.443,32237.152
2022-09-23 21:00:00,25983.117,28659.486,38312.312,28174.443,32237.152
2022-09-23 22:00:00,25983.117,28659.486,38312.336,28174.443,32237.152
2022-09-23 23:00:00,25983.117,28659.486,38312.336,28174.443,32237.152
2022-09-24 00:00:00,25983.117,28659.486,38312.336,28174.443,32237.174
2022-09-24 01:00:00,25983.117,28659.486,38312.336,28174.443,32237.174
2022-09-24 02:00:00,25983.117,28659.486,38312.336,28174.443,32237.174
2022-09-24 03:00:00,25983.117,28659.486,38312.336,28174.443,32237.174
2022-09-24 04:00:00,25983.117,28659.486,38312.336,28174.443,32237.174
2022-09-24 05:00:00,25983.117,28659.486,38312.336,28174.443,32237.174
2022-09-24 06:00:00,25983.117,28659.486,38312.336,28174.443,32237.174
2022-09-24 07:00:00,25983.117,28659.486,38312.336,28174.443,32237.174
2022-09-24 08:00:00,25983.117,28659.486,38312.336,28174.443,32237.174
2022-09-24 09:00:00,25983.117,28659.486,38312.336,28174.443,32237.174
2022-09-24 10:00:00,25983.117,28659.486,38312.336,28174.443,32237.174
2022-09-24 11:00:00,25983.117,28659.486,38312.336,28174.443,32237.174
2022-09-24 12:00:00,25983.117,28659.486,38312.336,28174.443,32237.174
2022-09-24 13:00:00,25983.117,28659.486,38312.336,28174.443,32237.174
2022-09-24 14:00:00,25983.117,28659.486,38312.336,28174.443,32237.174
2022-09-24 15:00:00,25983.117,28659.486,38312.336,28174.443,32237.174
2022-09-24 16:00:00,25983.117,28659.486,38312.336,28174.443,32237.174
2022-09-24 17:00:00,25983.117,28659.486,38312.336,28174.443,32237.174
2022-09-24 18:00:00,25983.117,28659.486,38312.336,28174.443,32237.174
2022-09-24 19:00:00,25983.117,28659.486,38312.336,28174.443,32237.174
2022-09-24 20:00:00,25983.117,28659.486,38312.336,28174.443,32237.174
2022-09-24 21:00:00,25983.117,28659.486,38312.336,28174.443,32237.174
2022-09-24 22:00:00,25983.117,28659.486,38312.336,28174.443,32237.174
2022-09-24 23:00:00,25983.117,28659.486,38312.336,28174.443,32237.174
2022-09-25 00:00:00,25983.117,28659.486,38312.336,28174.443,32237.174
2022-09-25 01:00:00,25983.117,28659.486,38312.336,28174.443,32237.174
2022-09-25 02:00:00,25983.117,28659.486,38312.336,28174.443,32237.174
2022-09-25 03:00:00,25983.117,28659.486,38312.336,28174.443,32237.174
2022-09-25 04:00:00,25983.117,28659.486,38312.336,28174.443,32237.174
2022-09-25 05:00:00,25983.117,28659.486,38312.336,28174.443,32237.174
2022-09-25 06:00:00,25983.117,28659.486,38312.336,28174.443,32237.174
2022-09-25 07:00:00,25983.117,28659.486,38312.336,28174.443,32237.174
2022-09-25 08:00:00,25983.117,28659.486,38312.336,28174.443,32237.174
2022-09-25 09:00:00,25983.117,28659.486,38312.336,28174.443,32237.174
2022-09-25 10:00:00,25983.117,28659.486,38312.336,28174.443,32237.174
2022-09-25 11:00:00,25983.117,28659.486,38312.336,28174.443,32237.174
2022-09-25 12:00:00,25983.117,28659.486,38312.336,28174.443,32237.174
2022-09-25 13:00:00,25983.117,28659.486,38312.336,28174.443,32237.174
2022-09-25 14:00:00,25983.117,28659.486,38312.53,28174.467,32237.174
2022-09-25 15:00:00,25983.117,28659.486,38312.582,28174.488,32237.174
2022-09-25 16:00:00,25983.117,28659.486,38312.582,28174.488,32237.174
2022-09-25 17:00:00,25983.117,28659.486,38312.582,28174.488,32237.174
2022-09-25 18:00:00,25983.164,28659.78,38314.24,28174.488,32237.986
2022-09-25 19:00:00,25984.389,28661.547,38317.426,28174.584,32238.445
2022-09-25 20:00:00,25985.666,28662.797,38317.816,28175.984,32238.445
2022-09-25 21:00:00,25985.668,28662.797,38317.816,28176.39,32238.445
2022-09-25 22:00:00,25985.668,28662.797,38317.816,28176.39,32238.445
2022-09-25 23:00:00,25985.668,28663.016,38317.816,28176.39,32238.445
2022-09-26 00:00:00,25985.676,28663.17,38317.816,28176.39,32238.445
2022-09-26 01:00:00,25985.676,28663.17,38317.816,28176.39,32238.879
2022-09-26 02:00:00,25985.676,28663.17,38317.816,28176.39,32239.59
2022-09-26 03:00:00,25985.676,28663.81,38317.816,28176.549,32240.797
2022-09-26 04:00:00,25985.676,28664.768,38317.816,28178.256,32241.832
2022-09-26 05:00:00,25985.676,28666.244,38317.816,28179.871,32241.893
2022-09-26 06:00:00,25985.676,28668.373,38317.816,28181.709,32241.893
2022-09-26 07:00:00,25985.676,28670.094,38317.816,28181.783,32241.893
2022-09-26 08:00:00,25985.676,28670.953,38317.816,28181.783,32241.893
2022-09-26 09:00:00,25985.676,28671.932,38317.816,28181.783,32241.893
2022-09-26 10:00:00,25985.676,28673.418,38317.816,28182.3,32241.893
2022-09-26 11:00:00,25985.676,28674.406,38317.816,28183.658,32241.893
2022-09-26 12:00:00,25985.781,28674.896,38317.9,28185.162,32241.893
2022-09-26 13:00:00,25987.418,28676.127,38317.9,28186.719,32241.893
2022-09-26 14:00:00,25988.895,28676.201,38317.9,28188.428,32241.893
2022-09-26 15:00:00,25989.969,28677.145,38317.902,28188.688,32243.262
2022-09-26 16:00:00,25991.55,28677.26,38317.902,28188.688,32244.006
2022-09-26 17:00:00,25992.55,28677.26,38317.902,28188.688,32244.006
2022-09-26 18:00:00,25992.715,28677.26,38317.902,28188.688,32244.006
2022-09-26 19:00:00,25992.94,28677.26,38317.902,28188.688,32244.006
2022-09-26 20:00:00,25992.94,28677.26,38317.902,28188.688,32244.006
2022-09-26 21:00:00,25992.94,28677.26,38317.902,28188.688,32244.006
2022-09-26 22:00:00,25992.94,28677.26,38317.902,28188.688,32244.006
2022-09-26 23:00:00,25992.94,28677.26,38317.902,28188.688,32244.006
2022-09-27 00:00:00,25992.94,28677.26,38317.902,28188.688,32244.006
2022-09-27 01:00:00,25992.94,28677.26,38317.902,28188.688,32244.006
2022-09-27 02:00:00,25994.072,28677.26,38317.902,28189.6,32244.006
2022-09-27 03:00:00,25995.146,28677.26,38317.902,28191.3,32244.006
2022-09-27 04:00:00,25995.799,28677.26,38317.902,28192.0,32244.006
2022-09-27 05:00:00,25996.36,28677.26,38317.902,28192.0,32244.006
2022-09-27 06:00:00,25996.42,28677.26,38317.902,28192.0,32244.006
2022-09-27 07:00:00,25996.42,28677.438,38317.902,28192.0,32244.006
2022-09-27 08:00:00,25996.42,28677.527,38317.92,28192.0,32244.006
2022-09-27 09:00:00,25996.42,28677.605,38317.92,28192.05,32244.006
2022-09-27 10:00:00,25996.42,28679.072,38317.92,28192.05,32244.006
2022-09-27 11:00:00,25996.42,28679.354,38317.92,28192.05,32244.006
2022-09-27 12:00:00,25996.42,28679.354,38317.92,28192.05,32244.006
2022-09-27 13:00:00,25996.42,28679.354,38317.92,28192.05,32244.006
2022-09-27 14:00:00,25996.42,28679.354,38317.92,28192.05,32244.006
2022-09-27 15:00:00,25996.42,28679.354,38317.92,28192.05,32244.006
2022-09-27 16:00:00,25996.42,28679.354,38317.92,28192.05,32244.006
2022-09-27 17:00:00,25996.42,28679.354,38317.92,28192.05,32244.006
2022-09-27 18:00:00,25996.42,28679.354,38317.92,28192.05,32244.006
2022-09-27 19:00:00,25996.42,28679.354,38317.92,28192.05,32244.006
2022-09-27 20:00:00,25996.42,28679.354,38317.92,28192.05,32244.006
2022-09-27 21:00:00,25996.42,28679.354,38317.92,28192.05,32244.006
2022-09-27 22:00:00,25996.42,28679.354,38317.92,28192.336,32244.006
2022-09-27 23:00:00,25996.42,28679.354,38317.92,28192.336,32244.006
2022-09-28 00:00:00,25996.42,28679.354,38317.92,28192.336,32244.006
2022-09-28 01:00:00,25996.42,28679.354,38317.92,28192.336,32244.006
2022-09-28 02:00:00,25996.42,28679.354,38317.92,28192.336,32244.006
2022-09-28 03:00:00,25996.42,28679.354,38317.92,28192.336,32244.006
2022-09-28 04:00:00,25996.42,28679.354,38317.92,28192.336,32244.006
2022-09-28 05:00:00,25996.42,28679.354,38317.92,28192.336,32244.006
2022-09-28 06:00:00,25996.42,28679.354,38317.92,28192.336,32244.006
2022-09-28 07:00:00,25996.42,28679.354,38317.92,28192.336,32244.006
2022-09-28 08:00:00,25996.42,28679.354,38317.92,28192.336,32244.006
2022-09-28 09:00:00,25996.42,28679.354,38317.92,28192.336,32244.006
2022-09-28 10:00:00,25996.42,28679.354,38317.92,28192.336,32244.006
2022-09-28 11:00:00,25996.42,28679.354,38317.92,28192.336,32244.006
2022-09-28 12:00:00,25996.42,28679.354,38317.92,28192.336,32244.006
2022-09-28 13:00:00,25996.42,28679.354,38317.92,28192.336,32244.006
2022-09-28 14:00:00,25996.42,28679.354,38317.92,28192.336,32244.006
2022-09-28 15:00:00,25996.42,28679.354,38317.92,28192.336,32244.006
2022-09-28 16:00:00,25996.42,28679.354,38317.92,28192.336,32244.006
2022-09-28 17:00:00,25996.42,28679.354,38317.92,28192.336,32244.006
2022-09-28 18:00:00,25996.42,28679.354,38317.92,28192.336,32244.006
2022-09-28 19:00:00,25996.42,28679.354,38317.92,28192.336,32244.006
2022-09-28 20:00:00,25996.42,28679.354,38317.92,28192.336,32244.006
2022-09-28 21:00:00,25996.42,28679.354,38317.92,28192.336,32244.006
2022-09-28 22:00:00,25996.42,28679.354,38317.92,28192.336,32244.006
2022-09-28 23:00:00,25996.42,28679.354,38317.92,28192.336,32244.006
2022-09-29 00:00:00,25996.42,28679.354,38317.92,28192.336,32244.006
2022-09-29 01:00:00,25996.42,28679.354,38317.92,28192.336,32244.006
2022-09-29 02:00:00,25996.42,28679.354,38317.92,28192.336,32244.006
2022-09-29 03:00:00,25996.42,28679.354,38317.92,28192.336,32244.006
2022-09-29 04:00:00,25996.42,28679.354,38317.92,28192.336,32244.006
2022-09-29 05:00:00,25996.42,28679.354,38317.92,28192.336,32244.006
2022-09-29 06:00:00,25996.42,28679.354,38317.92,28192.336,32244.006
2022-09-29 07:00:00,25996.42,28679.354,38317.92,28192.336,32244.006
2022-09-29 08:00:00,25996.42,28679.354,38317.92,28192.336,32244.006
2022-09-29 09:00:00,25996.42,28679.354,38317.92,28192.336,32244.006
2022-09-29 10:00:00,25996.42,28679.354,38317.92,28192.336,32244.006
2022-09-29 11:00:00,25996.42,28679.354,38317.92,28192.336,32244.006
2022-09-29 12:00:00,25996.42,28679.354,38317.92,28192.336,32244.006
2022-09-29 13:00:00,25996.42,28679.354,38317.92,28192.336,32244.006
2022-09-29 14:00:00,25996.42,28679.354,38317.92,28192.336,32244.006
2022-09-29 15:00:00,25996.42,28679.354,38317.92,28192.336,32244.006
2022-09-29 16:00:00,25996.42,28679.354,38317.92,28192.336,32244.006
2022-09-29 17:00:00,25996.42,28679.354,38317.92,28192.336,32244.006
2022-09-29 18:00:00,25996.42,28679.354,38317.92,28192.336,32244.006
2022-09-29 19:00:00,25996.42,28679.354,38317.92,28192.336,32244.006
2022-09-29 20:00:00,25996.42,28679.354,38317.92,28192.336,32244.006
2022-09-29 21:00:00,25996.42,28679.354,38317.92,28192.336,32244.006
2022-09-29 22:00:00,25996.42,28679.354,38317.92,28192.336,32244.006
2022-09-29 23:00:00,25996.42,28679.354,38317.92,28192.336,32244.006
2022-09-30 00:00:00,25996.42,28679.354,38317.92,28192.336,32244.006
2022-09-30 01:00:00,25996.42,28679.354,38317.92,28192.336,32244.006
2022-09-30 02:00:00,25996.42,28679.354,38317.92,28192.336,32244.006
2022-09-30 03:00:00,25996.42,28679.354,38317.92,28192.336,32244.006
2022-09-30 04:00:00,25996.42,28679.354,38317.92,28192.336,32244.006
2022-09-30 05:00:00,25996.42,28679.354,38317.92,28192.336,32244.006
2022-09-30 06:00:00,25996.42,28679.354,38317.92,28192.336,32244.006
2022-09-30 07:00:00,25996.42,28679.354,38317.92,28192.336,32244.006
2022-09-30 08:00:00,25996.42,28679.354,38317.92,28192.336,32244.006
2022-09-30 09:00:00,25996.42,28679.354,38317.92,28192.336,32244.006
2022-09-30 10:00:00,25996.42,28679.354,38317.92,28192.336,32244.006
2022-09-30 11:00:00,25996.42,28679.354,38317.92,28192.336,32244.006
2022-09-30 12:00:00,25996.42,28679.354,38317.92,28192.336,32244.006
2022-09-30 13:00:00,25996.42,28679.354,38317.92,28192.336,32244.006
2022-09-30 14:00:00,25996.42,28679.354,38317.92,28192.336,32244.006
2022-09-30 15:00:00,25996.42,28679.354,38317.92,28192.336,32244.006
2022-09-30 16:00:00,25996.42,28679.354,38317.92,28192.336,32244.006
2022-09-30 17:00:00,25996.42,28679.354,38317.92,28192.336,32244.006
2022-09-30 18:00:00,25996.42,28679.354,38317.92,28192.336,32244.006
2022-09-30 19:00:00,25996.42,28679.354,38317.92,28192.336,32244.006
2022-09-30 20:00:00,25996.42,28679.354,38317.92,28192.336,32244.006
2022-09-30 21:00:00,25996.42,28679.354,38317.92,28192.336,32244.006
2022-09-30 22:00:00,25996.42,28679.354,38317.92,28192.336,32244.006
2022-09-30 23:00:00,25996.42,28679.354,38317.92,28192.336,32244.006
2022-10-01 00:00:00,25996.42,28679.354,38317.92,28192.336,32244.006
2022-10-01 01:00:00,25996.42,28679.354,38317.92,28192.336,32244.006
2022-10-01 02:00:00,25996.42,28679.354,38317.992,28192.336,32244.006
2022-10-01 03:00:00,25996.42,28679.354,38318.11,28192.336,32244.006
2022-10-01 04:00:00,25996.42,28679.37,38318.11,28192.336,32244.006
2022-10-01 05:00:00,25996.42,28680.598,38318.11,28192.336,32244.152
2022-10-01 06:00:00,25996.42,28682.361,38318.625,28192.445,32244.938
2022-10-01 07:00:00,25997.238,28683.154,38320.016,28192.607,32245.6
2022-10-01 08:00:00,25997.893,28684.158,38320.047,28192.703,32246.52
2022-10-01 09:00:00,25997.984,28684.67,38320.047,28193.984,32247.4
2022-10-01 10:00:00,25997.984,28686.281,38320.047,28195.445,32247.434
2022-10-01 11:00:00,25998.242,28687.95,38320.047,28196.867,32247.434
2022-10-01 12:00:00,25998.242,28689.092,38320.047,28197.96,32247.434
2022-10-01 13:00:00,25998.242,28689.23,38320.047,28198.0,32247.434
2022-10-01 14:00:00,25998.242,28689.799,38320.047,28198.0,32247.434
2022-10-01 15:00:00,25998.242,28689.799,38320.047,28198.547,32247.434
2022-10-01 16:00:00,25998.482,28689.799,38320.047,28198.547,32247.434
2022-10-01 17:00:00,25998.482,28689.799,38320.047,28198.547,32247.434
2022-10-01 18:00:00,25998.482,28689.799,38320.047,28198.547,32247.434
2022-10-01 19:00:00,25998.482,28689.799,38320.047,28198.547,32247.434
2022-10-01 20:00:00,25998.482,28689.803,38320.047,28198.547,32247.434
2022-10-01 21:00:00,25998.482,28689.803,38320.047,28198.547,32247.434
2022-10-01 22:00:00,25998.482,28689.803,38320.047,28198.547,32247.434
2022-10-01 23:00:00,25998.482,28689.803,38320.047,28198.547,32247.434
2022-10-02 00:00:00,25998.482,28689.803,38320.047,28198.547,32247.434
2022-10-02 01:00:00,25998.482,28689.803,38320.047,28198.547,32247.434
2022-10-02 02:00:00,25998.482,28689.803,38320.047,28198.547,32247.434
2022-10-02 03:00:00,25998.482,28689.803,38320.047,28198.547,32247.434
2022-10-02 04:00:00,25998.482,28689.803,38320.047,28198.547,32247.434
2022-10-02 05:00:00,25998.482,28689.803,38320.047,28198.547,32247.434
2022-10-02 06:00:00,25998.482,28689.803,38320.047,28198.547,32247.434
2022-10-02 07:00:00,25998.482,28689.803,38320.047,28198.547,32247.434
2022-10-02 08:00:00,25998.482,28689.803,38320.047,28198.547,32247.434
2022-10-02 09:00:00,25998.482,28690.004,38320.047,28198.547,32247.434
2022-10-02 10:00:00,25998.482,28690.004,38320.047,28198.547,32247.799
2022-10-02 11:00:00,25998.482,28690.004,38320.047,28198.547,32248.14
2022-10-02 12:00:00,25998.482,28690.004,38320.047,28198.547,32248.14
2022-10-02 13:00:00,25998.482,28690.004,38320.047,28198.547,32248.223
2022-10-02 14:00:00,25998.482,28690.004,38320.047,28198.547,32248.373
2022-10-02 15:00:00,25998.482,28690.004,38320.047,28198.547,32249.852
2022-10-02 16:00:00,25998.482,28690.145,38320.562,28198.547,32250.809
2022-10-02 17:00:00,25998.936,28690.145,38320.805,28198.547,32250.809
2022-10-02 18:00:00,25998.936,28690.145,38320.805,28198.547,32250.818
2022-10-02 19:00:00,25998.936,28690.145,38320.805,28198.547,32251.773
2022-10-02 20:00:00,25999.078,28690.264,38320.805,28198.547,32252.178
2022-10-02 21:00:00,25999.078,28690.264,38320.805,28198.547,32252.178
2022-10-02 22:00:00,25999.078,28690.377,38320.805,28198.547,32252.283
2022-10-02 23:00:00,25999.086,28690.424,38320.805,28198.63,32252.283
2022-10-03 00:00:00,25999.102,28690.424,38320.805,28198.63,32252.283
2022-10-03 01:00:00,25999.102,28690.64,38320.805,28198.63,32252.293
2022-10-03 02:00:00,25999.193,28690.684,38320.805,28198.646,32252.426
2022-10-03 03:00:00,25999.193,28690.684,38320.805,28198.646,32252.426
2022-10-03 04:00:00,25999.193,28690.684,38320.805,28198.646,32252.809
2022-10-03 05:00:00,25999.236,28690.684,38320.805,28198.646,32252.809
2022-10-03 06:00:00,25999.236,28690.684,38320.805,28198.646,32252.809
2022-10-03 07:00:00,25999.236,28690.684,38320.805,28198.646,32252.809
2022-10-03 08:00:00,25999.236,28690.684,38320.805,28198.646,32252.809
2022-10-03 09:00:00,25999.236,28690.684,38320.805,28198.646,32252.809
2022-10-03 10:00:00,25999.236,28690.684,38320.805,28198.646,32252.809
2022-10-03 11:00:00,25999.236,28690.684,38320.805,28198.646,32252.809
2022-10-03 12:00:00,25999.236,28690.684,38320.805,28198.646,32252.809
2022-10-03 13:00:00,25999.236,28690.684,38320.805,28198.646,32252.84
2022-10-03 14:00:00,25999.28,28690.684,38320.805,28198.646,32252.84
2022-10-03 15:00:00,25999.28,28690.684,38320.805,28198.646,32252.84
2022-10-03 16:00:00,25999.28,28690.684,38320.805,28198.646,32252.84
2022-10-03 17:00:00,25999.28,28690.684,38320.805,28198.646,32252.84
2022-10-03 18:00:00,25999.28,28690.684,38320.805,28198.646,32252.84
2022-10-03 19:00:00,25999.28,28690.684,38320.805,28198.646,32252.84
2022-10-03 20:00:00,25999.28,28690.684,38320.805,28198.646,32252.84
2022-10-03 21:00:00,25999.28,28690.684,38320.805,28198.646,32252.84
2022-10-03 22:00:00,25999.28,28690.684,38320.805,28198.646,32252.84
2022-10-03 23:00:00,25999.28,28690.684,38320.805,28198.646,32252.84
2022-10-04 00:00:00,25999.28,28690.684,38320.805,28198.646,32252.84
2022-10-04 01:00:00,25999.28,28690.684,38320.805,28198.646,32252.84
2022-10-04 02:00:00,25999.28,28690.684,38320.805,28198.646,32252.84
2022-10-04 03:00:00,25999.28,28690.693,38320.805,28198.646,32252.84
2022-10-04 04:00:00,25999.32,28691.256,38320.805,28198.66,32252.84
2022-10-04 05:00:00,25999.41,28691.547,38320.805,28198.762,32252.84
2022-10-04 06:00:00,25999.822,28691.547,38320.805,28198.906,32252.84
2022-10-04 07:00:00,26000.16,28691.547,38320.805,28199.166,32252.84
2022-10-04 08:00:00,26000.16,28692.29,38320.805,28200.365,32252.879
2022-10-04 09:00:00,26001.107,28692.312,38320.805,28201.814,32252.879
2022-10-04 10:00:00,26001.18,28692.363,38320.832,28201.824,32252.879
2022-10-04 11:00:00,26001.18,28693.852,38323.0,28203.01,32253.125
2022-10-04 12:00:00,26002.506,28695.693,38326.645,28204.836,32254.59
2022-10-04 13:00:00,26004.367,28698.344,38328.984,28208.326,32256.154
2022-10-04 14:00:00,26006.18,28701.05,38328.984,28211.652,32257.955
2022-10-04 15:00:00,26008.783,28704.441,38328.984,28214.504,32260.459
2022-10-04 16:00:00,26010.748,28708.047,38330.887,28217.164,32261.863
2022-10-04 17:00:00,26013.234,28711.635,38335.35,28219.982,32263.07
2022-10-04 18:00:00,26015.537,28714.084,38340.895,28222.258,32264.943
2022-10-04 19:00:00,26016.197,28715.08,38343.906,28224.12,32268.049
2022-10-04 20:00:00,26016.52,28715.611,38346.547,28225.115,32270.236
2022-10-04 21:00:00,26016.664,28715.95,38346.836,28225.291,32271.213
2022-10-04 22:00:00,26017.057,28716.24,38347.543,28225.361,32271.436
2022-10-04 23:00:00,26017.057,28716.248,38348.094,28225.361,32271.467
2022-10-05 00:00:00,26017.057,28716.248,38348.094,28225.361,32272.084
2022-10-05 01:00:00,26017.057,28716.248,38348.094,28225.361,32272.102
2022-10-05 02:00:00,26017.057,28716.248,38348.094,28225.361,32272.102
2022-10-05 03:00:00,26017.057,28716.248,38348.094,28225.361,32272.102
2022-10-05 04:00:00,26017.057,28716.248,38348.094,28225.361,32272.102
2022-10-05 05:00:00,26017.057,28716.248,38348.094,28225.361,32272.102
2022-10-05 06:00:00,26017.057,28716.248,38348.094,28225.361,32272.102
2022-10-05 07:00:00,26017.057,28716.248,38348.094,28225.361,32272.102
2022-10-05 08:00:00,26017.057,28716.348,38348.094,28225.361,32272.102
2022-10-05 09:00:00,26017.057,28716.613,38348.094,28225.502,32272.102
2022-10-05 10:00:00,26018.074,28717.137,38348.094,28226.713,32272.102
2022-10-05 11:00:00,26019.895,28718.385,38348.242,28228.834,32273.385
2022-10-05 12:00:00,26021.957,28719.299,38348.242,28230.945,32274.729
2022-10-05 13:00:00,26023.63,28721.42,38348.242,28234.016,32278.703
2022-10-05 14:00:00,26026.3,28725.277,38350.24,28237.158,32280.877
2022-10-05 15:00:00,26029.56,28727.014,38355.984,28239.51,32282.08
2022-10-05 16:00:00,26032.324,28727.014,38358.11,28241.658,32282.08
2022-10-05 17:00:00,26032.586,28727.428,38359.633,28241.967,32282.246
2022-10-05 18:00:00,26032.586,28727.504,38359.633,28241.967,32282.246
2022-10-05 19:00:00,26032.586,28727.504,38359.633,28241.967,32282.246
2022-10-05 20:00:00,26032.709,28728.748,38359.797,28243.094,32283.277
2022-10-05 21:00:00,26032.709,28728.748,38359.797,28243.223,32283.277
2022-10-05 22:00:00,26032.709,28728.748,38359.797,28243.223,32283.277
2022-10-05 23:00:00,26032.709,28728.748,38359.816,28243.223,32283.277
2022-10-06 00:00:00,26032.713,28728.748,38359.816,28243.223,32283.277
2022-10-06 01:00:00,26032.713,28728.748,38360.215,28243.28,32283.357
2022-10-06 02:00:00,26032.99,28729.201,38360.65,28243.56,32283.42
2022-10-06 03:00:00,26034.215,28731.1,38365.98,28244.588,32285.287
2022-10-06 04:00:00,26035.975,28734.549,38369.668,28247.332,32287.705
2022-10-06 05:00:00,26037.266,28736.352,38374.78,28249.447,32288.31
2022-10-06 06:00:00,26037.523,28736.908,38380.25,28250.762,32289.438
2022-10-06 07:00:00,26037.738,28736.969,38382.69,28252.635,32289.438
2022-10-06 08:00:00,26037.738,28737.219,38384.613,28253.092,32289.438
2022-10-06 09:00:00,26037.738,28737.816,38386.31,28253.502,32290.488
2022-10-06 10:00:00,26038.436,28738.367,38390.465,28254.004,32291.408
2022-10-06 11:00:00,26039.97,28739.605,38393.035,28255.35,32292.223
2022-10-06 12:00:00,26040.096,28740.305,38393.75,28257.42,32292.318
2022-10-06 13:00:00,26040.096,28741.553,38396.28,28260.092,32293.037
2022-10-06 14:00:00,26041.18,28743.102,38400.047,28261.838,32293.629
2022-10-06 15:00:00,26042.41,28747.064,38402.055,28265.072,32294.115
2022-10-06 16:00:00,26043.146,28749.057,38402.562,28266.234,32295.195
2022-10-06 17:00:00,26043.76,28751.6,38402.574,28266.297,32297.754
2022-10-06 18:00:00,26044.178,28751.871,38402.99,28267.574,32300.805
2022-10-06 19:00:00,26044.191,28752.076,38402.99,28267.574,32303.236
2022-10-06 20:00:00,26044.197,28753.957,38403.902,28267.781,32303.236
2022-10-06 21:00:00,26044.273,28754.87,38404.977,28270.73,32303.607
2022-10-06 22:00:00,26044.748,28755.63,38407.117,28271.25,32303.777
2022-10-06 23:00:00,26045.45,28756.514,38407.562,28273.148,32303.838
2022-10-07 00:00:00,26046.232,28757.512,38412.094,28273.736,32307.434
2022-10-07 01:00:00,26046.37,28757.512,38415.402,28274.223,32307.945
2022-10-07 02:00:00,26046.37,28757.512,38415.402,28274.223,32307.945
2022-10-07 03:00:00,26046.37,28758.088,38415.402,28274.451,32308.055
2022-10-07 04:00:00,26046.64,28759.855,38417.387,28275.371,32308.738
2022-10-07 05:00:00,26047.244,28762.031,38420.61,28277.082,32308.973
2022-10-07 06:00:00,26049.117,28765.506,38425.508,28279.918,32309.508
2022-10-07 07:00:00,26049.85,28768.285,38427.74,28282.295,32309.521
2022-10-07 08:00:00,26051.213,28772.8,38428.297,28286.395,32309.809
2022-10-07 09:00:00,26052.338,28772.848,38428.56,28286.904,32310.572
2022-10-07 10:00:00,26053.596,28773.979,38428.848,28287.977,32311.74
2022-10-07 11:00:00,26053.717,28774.033,38428.848,28288.443,32311.74
2022-10-07 12:00:00,26053.824,28774.566,38428.957,28288.56,32311.762
2022-10-07 13:00:00,26054.842,28774.602,38430.33,28288.654,32312.451
2022-10-07 14:00:00,26056.504,28775.635,38433.82,28291.162,32313.55
2022-10-07 15:00:00,26056.584,28775.635,38433.82,28291.172,32314.979
2022-10-07 16:00:00,26057.857,28777.117,38436.27,28293.803,32315.168
2022-10-07 17:00:00,26058.56,28777.287,38436.914,28294.309,32315.654
2022-10-07 18:00:00,26060.297,28777.363,38437.555,28294.86,32315.85
2022-10-07 19:00:00,26060.422,28778.44,38439.145,28295.912,32316.145
2022-10-07 20:00:00,26060.795,28780.428,38439.145,28298.283,32316.145
2022-10-07 21:00:00,26060.973,28781.055,38439.48,28299.264,32316.55
2022-10-07 22:00:00,26061.035,28781.98,38442.98,28300.857,32317.34
2022-10-07 23:00:00,26061.201,28784.719,38444.48,28304.625,32317.344
2022-10-08 00:00:00,26063.205,28785.584,38446.63,28305.89,32319.69
2022-10-08 01:00:00,26064.11,28787.646,38448.508,28308.475,32321.936
2022-10-08 02:00:00,26064.246,28788.305,38451.156,28309.33,32323.268
2022-10-08 03:00:00,26064.514,28789.525,38451.84,28310.26,32323.773
2022-10-08 04:00:00,26065.885,28790.83,38453.816,28310.438,32324.42
2022-10-08 05:00:00,26065.9,28792.46,38454.867,28311.6,32326.555
2022-10-08 06:00:00,26066.104,28794.555,38458.55,28312.148,32327.08
2022-10-08 07:00:00,26068.496,28796.527,38459.54,28312.6,32327.102
2022-10-08 08:00:00,26068.92,28796.568,38459.91,28312.742,32327.129
2022-10-08 09:00:00,26069.475,28796.607,38460.918,28312.742,32327.213
2022-10-08 10:00:00,26069.57,28796.629,38462.844,28312.895,32327.242
2022-10-08 11:00:00,26069.94,28796.775,38465.168,28313.588,32327.242
2022-10-08 12:00:00,26070.604,28796.941,38465.32,28313.861,32327.412
2022-10-08 13:00:00,26070.604,28796.941,38465.32,28313.861,32327.45
2022-10-08 14:00:00,26070.604,28798.033,38465.766,28314.074,32327.613
2022-10-08 15:00:00,26070.604,28798.033,38465.766,28314.111,32327.613
2022-10-08 16:00:00,26070.604,28798.033,38465.766,28314.111,32327.613
2022-10-08 17:00:00,26070.604,28798.193,38465.766,28314.111,32327.781
2022-10-08 18:00:00,26070.604,28799.646,38465.766,28314.111,32329.906
2022-10-08 19:00:00,26070.604,28800.299,38465.766,28314.791,32331.836
2022-10-08 20:00:00,26070.604,28800.896,38465.777,28315.32,32332.145
2022-10-08 21:00:00,26070.604,28800.896,38465.793,28315.367,32332.596
2022-10-08 22:00:00,26070.604,28800.896,38465.836,28315.367,32332.596
2022-10-08 23:00:00,26070.604,28800.896,38465.836,28315.367,32332.824
2022-10-09 00:00:00,26070.959,28802.553,38470.812,28316.027,32336.19
2022-10-09 01:00:00,26070.959,28802.553,38470.812,28316.027,32336.19
2022-10-09 02:00:00,26070.604,28800.896,38465.86,28315.367,32332.824
2022-10-09 03:00:00,26070.604,28801.326,38465.86,28315.367,32333.047
2022-10-09 04:00:00,26070.604,28801.604,38465.86,28315.385,32333.047
2022-10-09 05:00:00,26070.604,28801.658,38465.86,28315.422,32333.047
2022-10-09 06:00:00,26070.604,28802.012,38465.86,28315.426,32333.357
2022-10-09 07:00:00,26070.604,28802.314,38465.883,28315.508,32334.51
2022-10-09 08:00:00,26070.838,28802.492,38468.355,28315.988,32335.268
2022-10-09 09:00:00,26070.959,28802.553,38469.55,28316.027,32336.19
2022-10-09 10:00:00,26070.959,28802.553,38470.812,28316.027,32336.19
2022-10-09 11:00:00,26070.959,28802.666,38470.812,28316.027,32336.19
2022-10-09 12:00:00,26070.959,28802.676,38470.812,28316.027,32336.19
2022-10-09 13:00:00,26070.959,28802.676,38470.812,28316.027,32336.19
2022-10-09 14:00:00,26070.959,28802.676,38470.812,28316.027,32336.19
2022-10-09 15:00:00,26070.959,28802.697,38470.812,28316.027,32336.19
2022-10-09 16:00:00,26070.959,28802.88,38470.812,28316.027,32336.19
2022-10-09 17:00:00,26071.076,28802.883,38470.812,28316.027,32336.19
2022-10-09 18:00:00,26071.076,28802.883,38470.812,28316.027,32336.19
2022-10-09 19:00:00,26071.076,28802.883,38470.812,28316.027,32336.19
2022-10-09 20:00:00,26071.076,28802.883,38470.812,28316.027,32336.19
2022-10-09 21:00:00,26071.076,28802.883,38470.812,28316.027,32336.19
2022-10-09 22:00:00,26071.076,28802.893,38470.812,28316.027,32336.19
2022-10-09 23:00:00,26071.076,28803.059,38470.812,28316.027,32336.19
2022-10-10 00:00:00,26071.076,28803.605,38470.812,28316.162,32336.19
2022-10-10 01:00:00,26071.076,28803.656,38470.812,28317.682,32337.104
2022-10-10 02:00:00,26071.63,28804.1,38470.812,28318.852,32339.047
2022-10-10 03:00:00,26071.71,28804.1,38470.812,28318.852,32340.865
2022-10-10 04:00:00,26071.71,28804.1,38470.812,28318.852,32342.973
2022-10-10 05:00:00,26071.71,28804.1,38470.812,28318.861,32345.967
2022-10-10 06:00:00,26072.082,28804.43,38471.477,28320.148,32349.502
2022-10-10 07:00:00,26073.758,28806.77,38473.258,28322.58,32351.736
2022-10-10 08:00:00,26075.01,28808.35,38476.727,28324.664,32353.42
2022-10-10 09:00:00,26075.018,28808.828,38477.133,28325.287,32354.424
2022-10-10 10:00:00,26075.018,28809.398,38477.363,28325.809,32354.424
2022-10-10 11:00:00,26075.916,28810.186,38477.383,28326.72,32354.459
2022-10-10 12:00:00,26076.31,28810.56,38477.773,28327.268,32355.65
2022-10-10 13:00:00,26076.457,28811.52,38479.23,28327.393,32355.818
2022-10-10 14:00:00,26076.947,28812.986,38479.36,28329.414,32356.234
2022-10-10 15:00:00,26078.549,28813.041,38480.035,28330.148,32356.719
2022-10-10 16:00:00,26079.031,28815.453,38482.844,28331.996,32357.104
2022-10-10 17:00:00,26079.498,28815.86,38483.47,28334.469,32358.537
2022-10-10 18:00:00,26079.992,28816.236,38485.574,28334.967,32359.355
2022-10-10 19:00:00,26080.613,28818.373,38486.836,28337.2,32360.574
2022-10-10 20:00:00,26081.096,28819.18,38487.824,28338.041,32360.635
2022-10-10 21:00:00,26081.197,28820.268,38488.297,28340.89,32360.85
2022-10-10 22:00:00,26081.41,28821.146,38489.867,28341.178,32361.85
2022-10-10 23:00:00,26082.354,28823.545,38490.24,28343.193,32362.836
2022-10-11 00:00:00,26082.393,28824.53,38491.68,28343.967,32362.883
2022-10-11 01:00:00,26082.586,28824.873,38493.266,28344.465,32362.883
2022-10-11 02:00:00,26085.021,28825.63,38495.062,28345.314,32362.896
2022-10-11 03:00:00,26085.484,28825.69,38495.07,28345.506,32363.352
2022-10-11 04:00:00,26085.812,28825.69,38497.895,28345.715,32363.418
2022-10-11 05:00:00,26086.834,28826.64,38501.92,28345.715,32363.418
2022-10-11 06:00:00,26087.273,28826.809,38504.348,28346.49,32365.715
2022-10-11 07:00:00,26087.568,28826.887,38504.457,28348.467,32369.23
2022-10-11 08:00:00,26089.271,28828.176,38505.51,28349.684,32369.984
2022-10-11 09:00:00,26090.59,28829.018,38506.42,28350.47,32371.951
2022-10-11 10:00:00,26090.96,28829.123,38506.617,28351.271,32372.678
2022-10-11 11:00:00,26091.0,28829.123,38506.617,28351.443,32372.715
2022-10-11 12:00:00,26091.033,28829.5,38506.617,28351.443,32372.986
2022-10-11 13:00:00,26091.062,28830.592,38506.688,28351.502,32373.543
2022-10-11 14:00:00,26091.145,28830.625,38506.86,28351.521,32373.648
2022-10-11 15:00:00,26091.145,28830.625,38506.86,28351.521,32373.68
2022-10-11 16:00:00,26091.145,28830.625,38506.86,28351.521,32373.68
2022-10-11 17:00:00,26091.145,28830.625,38506.86,28351.521,32373.68
2022-10-11 18:00:00,26091.145,28830.625,38506.86,28351.521,32373.88
2022-10-11 19:00:00,26091.145,28830.625,38506.86,28351.521,32373.88
2022-10-11 20:00:00,26091.145,28830.625,38506.86,28351.521,32373.88
2022-10-11 21:00:00,26091.145,28830.625,38506.86,28351.521,32373.88
2022-10-11 22:00:00,26091.145,28830.625,38506.86,28351.521,32373.88
2022-10-11 23:00:00,26091.145,28830.625,38506.86,28351.521,32373.88
2022-10-12 00:00:00,26091.145,28830.625,38506.86,28351.521,32373.88
2022-10-12 01:00:00,26091.145,28830.625,38506.86,28351.521,32373.88
2022-10-12 02:00:00,26091.145,28830.625,38506.86,28351.521,32373.88
2022-10-12 03:00:00,26091.145,28830.625,38506.86,28351.521,32373.88
2022-10-12 04:00:00,26091.145,28831.998,38506.86,28351.521,32373.88
2022-10-12 05:00:00,26091.145,28832.078,38508.07,28351.521,32373.88
2022-10-12 06:00:00,26091.178,28832.49,38509.13,28351.521,32373.88
2022-10-12 07:00:00,26091.178,28832.559,38509.926,28351.521,32373.88
2022-10-12 08:00:00,26091.178,28832.559,38510.562,28351.521,32373.88
2022-10-12 09:00:00,26091.178,28833.078,38510.562,28351.521,32373.88
2022-10-12 10:00:00,26091.178,28833.078,38510.562,28351.521,32373.93
2022-10-12 11:00:00,26091.178,28833.078,38510.562,28351.521,32373.93
2022-10-12 12:00:00,26091.178,28833.082,38510.562,28351.521,32373.93
2022-10-12 13:00:00,26091.178,28833.572,38510.562,28351.521,32373.93
2022-10-12 14:00:00,26091.178,28835.09,38510.562,28351.59,32373.93
2022-10-12 15:00:00,26091.178,28835.32,38510.562,28352.086,32373.93
2022-10-12 16:00:00,26091.398,28835.875,38510.562,28352.531,32373.93
2022-10-12 17:00:00,26091.455,28835.875,38510.562,28352.531,32373.93
2022-10-12 18:00:00,26091.678,28836.926,38510.562,28352.531,32373.93
2022-10-12 19:00:00,26091.678,28837.158,38510.562,28352.531,32373.93
2022-10-12 20:00:00,26091.678,28837.158,38510.58,28352.531,32374.613
2022-10-12 21:00:00,26091.678,28837.158,38512.246,28352.531,32374.701
2022-10-12 22:00:00,26091.678,28837.664,38512.31,28352.586,32374.701
2022-10-12 23:00:00,26091.678,28839.236,38513.91,28352.809,32374.701
2022-10-13 00:00:00,26092.357,28842.117,38517.555,28354.295,32375.0
2022-10-13 01:00:00,26093.63,28844.89,38518.8,28355.463,32375.486
2022-10-13 02:00:00,26093.922,28844.932,38520.492,28355.729,32375.701
2022-10-13 03:00:00,26093.922,28844.932,38520.492,28356.31,32375.701
2022-10-13 04:00:00,26093.922,28844.932,38520.492,28356.31,32375.783
2022-10-13 05:00:00,26093.922,28844.932,38520.492,28356.31,32375.783
2022-10-13 06:00:00,26093.922,28844.932,38520.492,28356.31,32375.783
2022-10-13 07:00:00,26093.922,28844.932,38520.492,28356.31,32376.21
2022-10-13 08:00:00,26093.922,28844.932,38520.492,28356.31,32376.451
2022-10-13 09:00:00,26093.922,28844.932,38520.492,28356.31,32376.451
2022-10-13 10:00:00,26093.922,28844.932,38520.492,28356.31,32376.451
2022-10-13 11:00:00,26093.922,28844.932,38520.492,28356.31,32376.451
2022-10-13 12:00:00,26093.922,28844.932,38520.492,28356.31,32376.451
2022-10-13 13:00:00,26093.922,28844.932,38520.492,28356.31,32376.451
2022-10-13 14:00:00,26093.922,28844.932,38520.492,28356.31,32376.451
2022-10-13 15:00:00,26093.922,28844.932,38520.492,28356.31,32376.451
2022-10-13 16:00:00,26093.922,28844.932,38520.492,28356.31,32376.451
2022-10-13 17:00:00,26093.922,28844.932,38520.492,28356.31,32376.451
2022-10-13 18:00:00,26093.922,28844.932,38520.492,28356.31,32376.451
2022-10-13 19:00:00,26093.922,28844.932,38520.492,28356.31,32376.451
2022-10-13 20:00:00,26093.922,28844.932,38520.492,28356.31,32376.451
2022-10-13 21:00:00,26093.922,28844.932,38520.492,28356.31,32376.451
2022-10-13 22:00:00,26093.922,28844.932,38520.492,28356.31,32376.451
2022-10-13 23:00:00,26093.922,28844.932,38520.492,28356.31,32376.451
2022-10-14 00:00:00,26093.922,28844.932,38520.492,28356.31,32376.451
2022-10-14 01:00:00,26093.922,28844.932,38520.492,28356.31,32376.451
2022-10-14 02:00:00,26093.922,28844.932,38520.492,28356.31,32376.451
2022-10-14 03:00:00,26093.922,28844.932,38520.492,28356.31,32376.451
2022-10-14 04:00:00,26093.922,28844.932,38520.492,28356.31,32376.451
2022-10-14 05:00:00,26093.922,28844.932,38520.492,28356.31,32376.451
2022-10-14 06:00:00,26093.922,28844.932,38520.492,28356.31,32376.451
2022-10-14 07:00:00,26093.922,28844.932,38520.492,28356.31,32376.451
2022-10-14 08:00:00,26093.922,28844.932,38520.492,28356.31,32376.451
2022-10-14 09:00:00,26093.922,28844.932,38520.492,28356.31,32376.621
2022-10-14 10:00:00,26093.922,28844.932,38520.492,28356.31,32376.633
2022-10-14 11:00:00,26093.922,28844.932,38520.492,28356.31,32376.633
2022-10-14 12:00:00,26093.922,28845.87,38520.55,28356.324,32377.898
2022-10-14 13:00:00,26095.951,28847.613,38522.57,28357.68,32380.059
2022-10-14 14:00:00,26099.03,28849.219,38523.5,28358.414,32381.947
2022-10-14 15:00:00,26102.049,28852.135,38527.832,28359.871,32384.357
2022-10-14 16:00:00,26104.777,28854.775,38531.73,28360.84,32386.408
2022-10-14 17:00:00,26105.92,28855.545,38531.93,28360.902,32386.69
2022-10-14 18:00:00,26106.422,28856.559,38531.94,28361.936,32386.867
2022-10-14 19:00:00,26108.27,28858.848,38532.195,28363.15,32387.662
2022-10-14 20:00:00,26109.348,28859.953,38532.285,28364.092,32387.705
2022-10-14 21:00:00,26110.76,28861.639,38532.285,28365.705,32388.604
2022-10-14 22:00:00,26110.896,28863.04,38532.285,28366.014,32388.932
2022-10-14 23:00:00,26111.953,28864.68,38532.402,28367.234,32388.932
2022-10-15 00:00:00,26112.412,28864.885,38532.402,28367.408,32389.61
2022-10-15 01:00:00,26112.412,28865.64,38532.402,28367.408,32389.805
2022-10-15 02:00:00,26112.412,28865.668,38532.402,28367.408,32389.805
2022-10-15 03:00:00,26112.412,28865.668,38532.402,28367.408,32390.008
2022-10-15 04:00:00,26112.412,28865.668,38532.402,28367.408,32390.008
2022-10-15 05:00:00,26112.412,28865.668,38532.402,28367.408,32390.008
2022-10-15 06:00:00,26112.412,28865.668,38532.402,28367.408,32390.896
2022-10-15 07:00:00,26112.412,28865.668,38532.402,28367.408,32390.896
2022-10-15 08:00:00,26112.412,28865.668,38532.402,28367.408,32390.896
2022-10-15 09:00:00,26112.412,28865.668,38532.402,28367.408,32390.896
2022-10-15 10:00:00,26112.412,28865.668,38532.402,28367.408,32390.896
2022-10-15 11:00:00,26112.412,28865.668,38532.402,28367.408,32390.896
2022-10-15 12:00:00,26112.412,28865.668,38532.402,28367.408,32390.896
2022-10-15 13:00:00,26112.412,28865.668,38532.402,28367.408,32390.896
2022-10-15 14:00:00,26112.412,28865.668,38532.402,28367.408,32390.896
2022-10-15 15:00:00,26112.412,28865.668,38532.402,28367.408,32390.896
2022-10-15 16:00:00,26112.412,28865.668,38532.402,28367.408,32390.896
2022-10-15 17:00:00,26112.412,28865.668,38532.402,28367.408,32390.896
2022-10-15 18:00:00,26112.412,28865.668,38532.402,28367.408,32390.896
2022-10-15 19:00:00,26112.412,28865.668,38532.402,28367.408,32390.896
2022-10-15 20:00:00,26112.412,28865.668,38532.402,28367.408,32390.896
2022-10-15 21:00:00,26112.412,28865.668,38532.402,28367.408,32390.896
2022-10-15 22:00:00,26112.412,28865.697,38532.402,28367.408,32390.896
2022-10-15 23:00:00,26112.412,28866.947,38532.402,28367.924,32391.295
2022-10-16 00:00:00,26113.244,28868.434,38532.47,28368.324,32391.746
2022-10-16 01:00:00,26113.344,28869.83,38532.47,28368.986,32392.102
2022-10-16 02:00:00,26112.62,28867.232,38532.402,28367.979,32391.494
2022-10-16 03:00:00,26112.62,28867.621,38532.402,28367.986,32391.664
2022-10-16 04:00:00,26112.62,28868.074,38532.414,28368.23,32391.688
2022-10-16 05:00:00,26112.732,28868.434,38532.47,28368.23,32391.746
2022-10-16 06:00:00,26112.842,28868.434,38532.47,28368.23,32391.746
2022-10-16 07:00:00,26113.344,28868.434,38532.47,28368.324,32391.746
2022-10-16 08:00:00,26113.344,28868.648,38532.47,28368.97,32391.746
2022-10-16 09:00:00,26113.344,28869.805,38532.47,28368.97,32391.775
2022-10-16 10:00:00,26113.344,28870.03,38532.473,28368.988,32392.195
2022-10-16 11:00:00,26114.025,28870.564,38532.508,28370.248,32392.781
2022-10-16 12:00:00,26115.002,28871.11,38532.523,28370.617,32392.781
2022-10-16 13:00:00,26115.07,28871.363,38532.547,28371.072,32392.81
2022-10-16 14:00:00,26115.07,28871.455,38532.555,28371.29,32392.81
2022-10-16 15:00:00,26115.125,28871.455,38532.83,28371.486,32393.053
2022-10-16 16:00:00,26115.182,28871.6,38533.46,28371.63,32393.053
2022-10-16 17:00:00,26115.242,28871.6,38533.46,28371.857,32393.053
2022-10-16 18:00:00,26115.242,28872.035,38533.69,28372.406,32393.053
2022-10-16 19:00:00,26115.242,28872.06,38534.094,28372.938,32393.209
2022-10-16 20:00:00,26115.242,28872.06,38534.504,28372.938,32393.39
2022-10-16 21:00:00,26115.242,28872.06,38534.504,28372.938,32393.39
2022-10-16 22:00:00,26115.242,28872.06,38534.504,28372.938,32393.39
2022-10-16 23:00:00,26115.242,28872.06,38534.52,28372.938,32393.396
2022-10-17 00:00:00,26115.242,28872.375,38534.52,28372.943,32393.557
2022-10-17 01:00:00,26115.791,28872.504,38534.52,28373.14,32393.77
2022-10-17 02:00:00,26116.486,28873.537,38535.8,28374.066,32394.227
2022-10-17 03:00:00,26116.623,28873.756,38535.89,28374.617,32395.166
2022-10-17 04:00:00,26116.639,28873.756,38535.9,28374.709,32395.166
2022-10-17 05:00:00,26116.639,28873.756,38536.42,28374.762,32395.166
2022-10-17 06:00:00,26116.639,28873.756,38536.42,28374.762,32395.166
2022-10-17 07:00:00,26116.639,28873.756,38536.42,28374.762,32395.166
2022-10-17 08:00:00,26116.639,28873.783,38536.42,28374.762,32395.166
2022-10-17 09:00:00,26116.639,28873.814,38536.42,28374.762,32395.166
2022-10-17 10:00:00,26116.639,28873.814,38536.42,28374.762,32395.166
2022-10-17 11:00:00,26116.639,28873.814,38536.42,28374.762,32395.166
2022-10-17 12:00:00,26116.639,28873.814,38536.42,28374.762,32395.166
2022-10-17 13:00:00,26116.639,28873.814,38536.42,28374.762,32395.166
2022-10-17 14:00:00,26116.639,28873.814,38536.42,28374.762,32395.166
2022-10-17 15:00:00,26116.639,28873.814,38536.42,28374.762,32395.166
2022-10-17 16:00:00,26116.639,28873.814,38536.42,28374.762,32395.166
2022-10-17 17:00:00,26116.639,28873.814,38536.42,28374.762,32395.166
2022-10-17 18:00:00,26116.639,28873.814,38536.42,28374.762,32395.166
2022-10-17 19:00:00,26116.639,28873.814,38536.42,28374.762,32395.166
2022-10-17 20:00:00,26116.639,28873.814,38536.42,28374.762,32395.166
2022-10-17 21:00:00,26116.639,28873.814,38536.42,28374.762,32395.475
2022-10-17 22:00:00,26116.639,28873.814,38536.504,28374.762,32395.672
2022-10-17 23:00:00,26116.639,28873.814,38536.504,28374.762,32395.777
2022-10-18 00:00:00,26116.639,28873.814,38536.504,28374.762,32395.777
2022-10-18 01:00:00,26116.639,28873.814,38536.504,28374.762,32395.777
2022-10-18 02:00:00,26116.639,28873.814,38536.504,28374.762,32395.818
2022-10-18 03:00:00,26116.639,28873.814,38538.117,28374.762,32396.596
2022-10-18 04:00:00,26116.72,28873.814,38538.527,28375.143,32398.002
2022-10-18 05:00:00,26116.72,28873.814,38538.527,28376.541,32398.39
2022-10-18 06:00:00,26116.72,28873.814,38538.527,28377.152,32398.39
2022-10-18 07:00:00,26116.72,28873.814,38538.527,28377.152,32398.39
2022-10-18 08:00:00,26116.72,28873.814,38538.527,28377.152,32398.39
2022-10-18 09:00:00,26116.72,28873.814,38538.527,28377.152,32398.39
2022-10-18 10:00:00,26116.72,28873.814,38538.527,28377.152,32398.39
2022-10-18 11:00:00,26116.72,28873.814,38538.527,28377.152,32398.39
2022-10-18 12:00:00,26116.72,28873.814,38538.527,28377.152,32398.39
2022-10-18 13:00:00,26116.72,28873.814,38538.527,28377.152,32398.39
2022-10-18 14:00:00,26116.72,28873.814,38538.527,28377.152,32398.39
2022-10-18 15:00:00,26116.72,28873.814,38538.527,28377.152,32398.39
2022-10-18 16:00:00,26116.72,28873.814,38538.527,28377.152,32398.39
2022-10-18 17:00:00,26116.72,28873.814,38538.527,28377.152,32398.39
2022-10-18 18:00:00,26116.72,28873.814,38538.527,28377.152,32398.39
2022-10-18 19:00:00,26116.72,28873.814,38538.527,28377.152,32398.39
2022-10-18 20:00:00,26116.72,28873.814,38538.527,28377.152,32398.39
2022-10-18 21:00:00,26116.72,28873.814,38538.527,28377.152,32398.39
2022-10-18 22:00:00,26116.72,28873.814,38538.527,28377.152,32398.39
2022-10-18 23:00:00,26116.72,28873.814,38538.527,28377.152,32398.39
2022-10-19 00:00:00,26116.72,28873.814,38538.527,28377.152,32398.39
2022-10-19 01:00:00,26116.72,28873.814,38538.527,28377.152,32398.39
2022-10-19 02:00:00,26116.72,28873.814,38538.527,28377.152,32398.39
2022-10-19 03:00:00,26116.72,28873.814,38538.527,28377.152,32398.39
2022-10-19 04:00:00,26116.72,28873.814,38538.527,28377.152,32398.39
2022-10-19 05:00:00,26116.72,28873.814,38538.527,28377.152,32398.39
2022-10-19 06:00:00,26116.72,28873.814,38538.527,28377.152,32398.39
2022-10-19 07:00:00,26116.72,28873.814,38538.527,28377.152,32398.39
2022-10-19 08:00:00,26116.72,28873.814,38538.527,28377.152,32398.39
2022-10-19 09:00:00,26116.72,28873.814,38538.527,28377.152,32398.39
2022-10-19 10:00:00,26116.72,28873.814,38538.527,28377.152,32398.39
2022-10-19 11:00:00,26116.72,28873.814,38538.527,28377.152,32398.39
2022-10-19 12:00:00,26116.72,28873.814,38538.527,28377.152,32398.39
2022-10-19 13:00:00,26116.72,28873.814,38538.527,28377.152,32398.39
2022-10-19 14:00:00,26116.72,28873.814,38538.527,28377.152,32398.39
2022-10-19 15:00:00,26116.72,28873.814,38538.527,28377.152,32398.39
2022-10-19 16:00:00,26116.72,28873.814,38538.527,28377.152,32398.39
2022-10-19 17:00:00,26116.72,28873.814,38538.527,28377.152,32398.39
2022-10-19 18:00:00,26116.72,28873.814,38538.527,28377.152,32398.39
2022-10-19 19:00:00,26116.72,28873.814,38538.527,28377.152,32398.39
2022-10-19 20:00:00,26116.72,28873.814,38538.527,28377.152,32398.39
2022-10-19 21:00:00,26116.72,28873.814,38538.527,28377.152,32398.39
2022-10-19 22:00:00,26116.72,28873.814,38538.527,28377.152,32398.39
2022-10-19 23:00:00,26116.72,28873.814,38538.527,28377.152,32398.39
2022-10-20 00:00:00,26116.72,28873.814,38538.527,28377.152,32398.39
2022-10-20 01:00:00,26116.72,28873.814,38538.527,28377.152,32398.39
2022-10-20 02:00:00,26116.72,28873.814,38538.527,28377.152,32398.39
2022-10-20 03:00:00,26116.72,28873.814,38538.527,28377.152,32398.39
2022-10-20 04:00:00,26116.72,28873.814,38538.527,28377.152,32398.39
2022-10-20 05:00:00,26116.72,28873.814,38538.527,28377.152,32398.39
2022-10-20 06:00:00,26116.72,28873.814,38538.527,28377.152,32398.39
2022-10-20 07:00:00,26116.72,28873.814,38538.527,28377.152,32398.39
2022-10-20 08:00:00,26116.72,28873.814,38538.527,28377.152,32398.39
2022-10-20 09:00:00,26116.72,28873.814,38538.527,28377.152,32398.39
2022-10-20 10:00:00,26116.72,28873.814,38538.527,28377.152,32398.39
2022-10-20 11:00:00,26116.72,28873.814,38538.527,28377.152,32398.39
2022-10-20 12:00:00,26116.72,28873.814,38538.527,28377.152,32398.39
2022-10-20 13:00:00,26116.72,28873.814,38538.527,28377.152,32398.39
2022-10-20 14:00:00,26116.72,28873.814,38538.527,28377.152,32398.39
2022-10-20 15:00:00,26116.72,28873.814,38538.527,28377.152,32398.39
2022-10-20 16:00:00,26116.72,28873.814,38538.527,28377.152,32398.39
2022-10-20 17:00:00,26116.72,28873.814,38538.527,28377.152,32398.39
2022-10-20 18:00:00,26116.72,28873.814,38538.527,28377.152,32398.39
2022-10-20 19:00:00,26116.72,28873.814,38538.527,28377.152,32398.39
2022-10-20 20:00:00,26116.72,28873.814,38538.527,28377.152,32398.39
2022-10-20 21:00:00,26116.72,28873.814,38538.527,28377.152,32398.39
2022-10-20 22:00:00,26116.72,28873.814,38538.527,28377.152,32398.39
2022-10-20 23:00:00,26116.72,28873.814,38538.527,28377.152,32398.39
2022-10-21 00:00:00,26116.72,28873.814,38538.527,28377.152,32398.39
2022-10-21 01:00:00,26116.72,28873.814,38538.527,28377.152,32398.39
2022-10-21 02:00:00,26116.72,28873.814,38538.527,28377.152,32398.39
2022-10-21 03:00:00,26116.72,28873.814,38538.527,28377.152,32398.39
2022-10-21 04:00:00,26116.72,28873.814,38538.527,28377.152,32398.39
2022-10-21 05:00:00,26116.72,28873.814,38538.527,28377.152,32398.39
2022-10-21 06:00:00,26116.72,28873.814,38538.527,28377.152,32398.39
2022-10-21 07:00:00,26116.72,28873.814,38538.527,28377.152,32398.39
2022-10-21 08:00:00,26116.72,28873.814,38538.527,28377.152,32398.39
2022-10-21 09:00:00,26116.72,28873.814,38538.527,28377.152,32398.39
2022-10-21 10:00:00,26116.72,28873.814,38538.527,28377.152,32398.39
2022-10-21 11:00:00,26116.72,28873.814,38538.527,28377.152,32398.39
2022-10-21 12:00:00,26116.72,28873.814,38538.527,28377.152,32398.39
2022-10-21 13:00:00,26116.72,28873.814,38538.527,28377.152,32398.39
2022-10-21 14:00:00,26116.72,28873.814,38538.527,28377.152,32398.39
2022-10-21 15:00:00,26116.72,28873.814,38538.527,28377.152,32398.39
2022-10-21 16:00:00,26116.72,28873.814,38538.527,28377.152,32398.39
2022-10-21 17:00:00,26116.72,28873.814,38538.527,28377.152,32398.39
2022-10-21 18:00:00,26116.72,28873.814,38538.527,28377.152,32398.39
2022-10-21 19:00:00,26116.72,28873.814,38538.527,28377.152,32398.39
2022-10-21 20:00:00,26116.72,28873.814,38538.527,28377.152,32398.39
2022-10-21 21:00:00,26116.72,28873.814,38538.527,28377.152,32398.39
2022-10-21 22:00:00,26116.72,28873.814,38538.527,28377.152,32398.39
2022-10-21 23:00:00,26116.72,28873.814,38538.527,28377.152,32398.39
2022-10-22 00:00:00,26116.72,28873.814,38538.527,28377.152,32398.39
2022-10-22 01:00:00,26116.72,28873.814,38538.527,28377.152,32398.39
2022-10-22 02:00:00,26116.72,28873.814,38538.527,28377.152,32398.39
2022-10-22 03:00:00,26116.72,28873.814,38538.527,28377.152,32398.39
2022-10-22 04:00:00,26116.72,28873.814,38538.527,28377.152,32398.39
2022-10-22 05:00:00,26116.72,28873.814,38538.527,28377.152,32398.39
2022-10-22 06:00:00,26116.72,28873.814,38538.527,28377.152,32398.39
2022-10-22 07:00:00,26116.72,28873.814,38538.527,28377.152,32398.39
2022-10-22 08:00:00,26116.72,28873.814,38538.527,28377.152,32398.39
2022-10-22 09:00:00,26116.72,28873.814,38538.527,28377.152,32398.39
2022-10-22 10:00:00,26116.72,28873.814,38538.527,28377.152,32398.39
2022-10-22 11:00:00,26116.72,28873.814,38538.527,28377.152,32398.39
2022-10-22 12:00:00,26116.72,28873.814,38538.527,28377.152,32398.39
2022-10-22 13:00:00,26116.72,28873.814,38538.527,28377.152,32398.39
2022-10-22 14:00:00,26116.72,28873.814,38538.527,28377.152,32398.39
2022-10-22 15:00:00,26116.72,28873.814,38538.527,28377.152,32398.39
2022-10-22 16:00:00,26116.72,28873.814,38538.527,28377.152,32398.39
2022-10-22 17:00:00,26116.72,28873.814,38538.527,28377.152,32398.39
2022-10-22 18:00:00,26116.72,28873.814,38538.527,28377.152,32398.39
2022-10-22 19:00:00,26116.72,28873.814,38538.527,28377.152,32398.39
2022-10-22 20:00:00,26116.72,28873.814,38538.527,28377.152,32398.39
2022-10-22 21:00:00,26116.72,28873.814,38538.527,28377.152,32398.39
2022-10-22 22:00:00,26116.72,28873.814,38538.527,28377.152,32398.39
2022-10-22 23:00:00,26116.72,28873.814,38538.527,28377.152,32398.39
2022-10-23 00:00:00,26116.72,28873.814,38538.527,28377.152,32398.39
2022-10-23 01:00:00,26116.72,28873.814,38538.527,28377.152,32398.39
2022-10-23 02:00:00,26116.72,28873.814,38538.527,28377.152,32398.39
2022-10-23 03:00:00,26116.72,28873.814,38538.527,28377.152,32398.39
2022-10-23 04:00:00,26116.72,28873.814,38538.527,28377.152,32398.39
2022-10-23 05:00:00,26116.72,28873.814,38538.527,28377.152,32398.39
2022-10-23 06:00:00,26116.72,28873.814,38538.527,28377.152,32398.39
2022-10-23 07:00:00,26116.72,28873.814,38538.527,28377.152,32398.39
2022-10-23 08:00:00,26116.72,28873.814,38538.527,28377.152,32398.39
2022-10-23 09:00:00,26116.72,28873.814,38538.527,28377.152,32398.39
2022-10-23 10:00:00,26116.72,28873.814,38538.527,28377.152,32398.39
2022-10-23 11:00:00,26116.72,28873.814,38538.527,28377.152,32398.39
2022-10-23 12:00:00,26116.72,28873.814,38538.527,28377.152,32398.39
2022-10-23 13:00:00,26116.72,28873.814,38538.527,28377.152,32398.39
2022-10-23 14:00:00,26116.72,28873.814,38538.527,28377.152,32398.39
2022-10-23 15:00:00,26116.72,28873.814,38538.527,28377.152,32398.39
2022-10-23 16:00:00,26116.72,28873.814,38538.527,28377.152,32398.39
2022-10-23 17:00:00,26116.72,28873.814,38538.527,28377.152,32398.39
2022-10-23 18:00:00,26116.72,28874.102,38538.527,28377.152,32398.748
2022-10-23 19:00:00,26116.72,28874.484,38539.094,28377.748,32398.748
2022-10-23 20:00:00,26116.72,28875.254,38539.094,28377.77,32398.867
2022-10-23 21:00:00,26117.748,28875.254,38539.094,28377.814,32398.867
2022-10-23 22:00:00,26118.254,28875.254,38539.094,28377.814,32398.867
2022-10-23 23:00:00,26118.61,28875.254,38539.094,28377.814,32398.867
2022-10-24 00:00:00,26118.61,28875.254,38539.094,28377.814,32398.867
2022-10-24 01:00:00,26118.61,28875.254,38539.094,28377.814,32399.197
2022-10-24 02:00:00,26118.61,28875.254,38539.094,28377.814,32399.197
2022-10-24 03:00:00,26118.61,28875.254,38539.094,28377.814,32399.197
2022-10-24 04:00:00,26118.61,28875.254,38539.094,28377.814,32399.197
2022-10-24 05:00:00,26118.61,28875.254,38539.094,28377.814,32399.197
2022-10-24 06:00:00,26118.61,28875.254,38539.094,28377.814,32399.197
2022-10-24 07:00:00,26118.61,28875.254,38539.094,28377.814,32399.197
2022-10-24 08:00:00,26118.61,28875.254,38539.094,28377.814,32399.197
2022-10-24 09:00:00,26118.61,28875.254,38539.094,28377.814,32399.197
2022-10-24 10:00:00,26118.61,28875.254,38539.094,28377.814,32399.197
2022-10-24 11:00:00,26118.61,28875.254,38539.094,28377.814,32399.197
2022-10-24 12:00:00,26118.61,28875.254,38539.094,28377.814,32399.197
2022-10-24 13:00:00,26118.61,28875.254,38539.094,28377.814,32399.197
2022-10-24 14:00:00,26118.61,28875.254,38539.094,28377.814,32399.197
2022-10-24 15:00:00,26118.61,28875.254,38539.094,28377.814,32399.197
2022-10-24 16:00:00,26118.61,28875.254,38539.094,28377.814,32399.197
2022-10-24 17:00:00,26118.61,28875.254,38539.094,28377.814,32399.197
2022-10-24 18:00:00,26118.61,28875.258,38539.094,28377.814,32399.197
2022-10-24 19:00:00,26118.61,28875.742,38539.094,28377.814,32399.197
2022-10-24 20:00:00,26118.61,28875.742,38539.094,28377.814,32399.197
2022-10-24 21:00:00,26118.61,28875.791,38539.094,28377.814,32399.197
2022-10-24 22:00:00,26118.61,28876.92,38539.094,28377.814,32399.197
2022-10-24 23:00:00,26118.61,28877.348,38539.094,28377.814,32399.197
2022-10-25 00:00:00,26118.61,28877.348,38539.094,28377.814,32399.197
2022-10-25 01:00:00,26118.61,28877.348,38539.094,28377.814,32399.197
2022-10-25 02:00:00,26118.61,28877.348,38539.094,28377.814,32399.197
2022-10-25 03:00:00,26118.61,28877.348,38539.094,28377.814,32399.197
2022-10-25 04:00:00,26118.61,28877.348,38539.094,28377.814,32399.197
2022-10-25 05:00:00,26118.61,28877.348,38539.094,28377.814,32399.197
2022-10-25 06:00:00,26118.61,28877.348,38539.094,28377.814,32399.197
2022-10-25 07:00:00,26118.61,28877.348,38539.094,28377.814,32399.197
2022-10-25 08:00:00,26118.61,28877.348,38539.094,28377.814,32399.197
2022-10-25 09:00:00,26118.61,28877.348,38539.094,28377.814,32399.197
2022-10-25 10:00:00,26118.61,28877.348,38539.094,28377.814,32399.197
2022-10-25 11:00:00,26118.61,28877.348,38539.094,28377.814,32399.197
2022-10-25 12:00:00,26118.61,28877.348,38539.094,28377.814,32399.197
2022-10-25 13:00:00,26118.61,28877.348,38539.094,28377.814,32399.197
2022-10-25 14:00:00,26118.61,28877.348,38539.094,28377.814,32399.197
2022-10-25 15:00:00,26118.61,28877.348,38539.094,28377.814,32399.197
2022-10-25 16:00:00,26118.61,28877.348,38539.094,28377.814,32399.197
2022-10-25 17:00:00,26118.61,28877.986,38539.094,28377.982,32399.197
2022-10-25 18:00:00,26118.61,28879.55,38539.094,28377.982,32399.197
2022-10-25 19:00:00,26118.61,28881.512,38539.094,28379.38,32399.834
2022-10-25 20:00:00,26118.81,28883.705,38539.9,28381.02,32402.127
2022-10-25 21:00:00,26121.285,28885.098,38542.363,28381.666,32404.64
2022-10-25 22:00:00,26122.637,28886.299,38546.72,28382.838,32405.54
2022-10-25 23:00:00,26123.809,28886.965,38547.95,28383.576,32405.902
2022-10-26 00:00:00,26124.193,28886.965,38547.957,28383.686,32405.902
2022-10-26 01:00:00,26124.193,28886.965,38547.957,28383.686,32405.979
2022-10-26 02:00:00,26124.193,28886.965,38547.957,28383.686,32406.049
2022-10-26 03:00:00,26124.193,28886.965,38547.957,28383.686,32406.648
2022-10-26 04:00:00,26124.193,28886.965,38547.957,28383.686,32406.709
2022-10-26 05:00:00,26124.193,28887.203,38547.957,28383.686,32406.918
2022-10-26 06:00:00,26124.193,28887.203,38547.957,28383.686,32407.049
2022-10-26 07:00:00,26124.193,28887.203,38547.957,28383.686,32407.08
2022-10-26 08:00:00,26124.193,28887.203,38547.957,28383.686,32407.08
2022-10-26 09:00:00,26124.193,28887.203,38547.957,28383.686,32407.08
2022-10-26 10:00:00,26124.193,28887.203,38547.957,28383.686,32407.08
2022-10-26 11:00:00,26124.193,28887.203,38547.957,28383.686,32407.08
2022-10-26 12:00:00,26124.193,28887.203,38547.957,28383.686,32407.08
2022-10-26 13:00:00,26124.193,28887.203,38547.957,28383.686,32407.08
2022-10-26 14:00:00,26124.193,28887.203,38547.957,28383.686,32407.08
2022-10-26 15:00:00,26124.193,28887.203,38547.957,28383.686,32407.08
2022-10-26 16:00:00,26124.193,28887.203,38547.957,28383.686,32407.08
2022-10-26 17:00:00,26124.193,28887.203,38547.957,28383.686,32407.08
2022-10-26 18:00:00,26124.193,28887.203,38547.957,28383.686,32407.08
2022-10-26 19:00:00,26124.193,28887.287,38547.957,28383.686,32407.08
2022-10-26 20:00:00,26124.193,28887.287,38547.957,28383.686,32407.152
2022-10-26 21:00:00,26124.24,28887.387,38547.957,28384.299,32407.152
2022-10-26 22:00:00,26125.21,28887.562,38547.957,28385.195,32407.205
2022-10-26 23:00:00,26126.096,28887.602,38547.957,28385.404,32407.205
2022-10-27 00:00:00,26126.697,28887.602,38547.957,28385.404,32407.205
2022-10-27 01:00:00,26126.697,28887.602,38547.957,28385.404,32407.205
2022-10-27 02:00:00,26126.697,28887.602,38548.11,28385.404,32407.205
2022-10-27 03:00:00,26126.697,28887.602,38548.35,28385.404,32407.254
2022-10-27 04:00:00,26126.697,28887.602,38548.492,28385.404,32407.254
2022-10-27 05:00:00,26126.697,28887.602,38548.5,28385.404,32407.254
2022-10-27 06:00:00,26126.697,28887.602,38548.5,28385.404,32407.254
2022-10-27 07:00:00,26126.697,28887.602,38548.5,28385.404,32407.254
2022-10-27 08:00:00,26126.697,28887.602,38548.5,28385.404,32407.254
2022-10-27 09:00:00,26126.697,28887.602,38548.5,28385.404,32407.254
2022-10-27 10:00:00,26126.697,28887.602,38548.5,28385.404,32407.254
2022-10-27 11:00:00,26126.697,28887.602,38548.543,28385.404,32407.254
2022-10-27 12:00:00,26126.697,28887.602,38548.55,28385.404,32407.254
2022-10-27 13:00:00,26126.697,28887.602,38548.55,28385.404,32407.254
2022-10-27 14:00:00,26126.697,28887.602,38548.55,28385.404,32407.254
2022-10-27 15:00:00,26126.697,28887.602,38548.55,28385.404,32407.254
2022-10-27 16:00:00,26126.697,28887.602,38548.55,28385.404,32407.254
2022-10-27 17:00:00,26126.697,28887.602,38548.55,28385.404,32407.254
2022-10-27 18:00:00,26126.697,28887.602,38548.55,28385.404,32407.254
2022-10-27 19:00:00,26126.697,28887.602,38548.55,28385.404,32407.254
2022-10-27 20:00:00,26126.697,28887.602,38548.55,28385.404,32407.254
2022-10-27 21:00:00,26126.697,28887.602,38548.55,28385.404,32407.254
2022-10-27 22:00:00,26127.168,28887.602,38548.55,28385.404,32407.254
2022-10-27 23:00:00,26127.195,28887.87,38548.55,28385.404,32407.254
2022-10-28 00:00:00,26127.195,28888.35,38548.55,28385.71,32407.617
2022-10-28 01:00:00,26127.195,28888.35,38548.55,28385.71,32407.617
2022-10-28 02:00:00,26127.195,28888.605,38548.55,28385.71,32407.996
2022-10-28 03:00:00,26127.195,28888.61,38548.55,28385.71,32407.996
2022-10-28 04:00:00,26127.195,28888.74,38548.55,28385.71,32408.344
2022-10-28 05:00:00,26127.195,28888.828,38548.55,28385.71,32408.375
2022-10-28 06:00:00,26127.195,28889.459,38548.55,28385.71,32408.406
2022-10-28 07:00:00,26127.195,28889.611,38548.55,28385.746,32408.572
2022-10-28 08:00:00,26127.307,28889.611,38548.55,28385.746,32408.83
2022-10-28 09:00:00,26127.307,28889.756,38548.55,28385.746,32408.83
2022-10-28 10:00:00,26127.307,28889.756,38548.55,28385.746,32408.83
2022-10-28 11:00:00,26127.307,28889.756,38548.55,28385.746,32408.83
2022-10-28 12:00:00,26127.307,28889.756,38548.55,28385.746,32408.83
2022-10-28 13:00:00,26127.307,28889.756,38548.55,28385.746,32408.83
2022-10-28 14:00:00,26127.307,28889.756,38548.55,28385.746,32408.83
2022-10-28 15:00:00,26127.307,28889.756,38548.55,28385.746,32408.83
2022-10-28 16:00:00,26127.307,28889.84,38548.55,28385.746,32408.83
2022-10-28 17:00:00,26127.482,28889.84,38548.55,28385.746,32408.83
2022-10-28 18:00:00,26127.525,28889.84,38548.55,28385.746,32408.83
2022-10-28 19:00:00,26128.342,28892.049,38550.023,28387.244,32410.545
2022-10-28 20:00:00,26129.295,28892.15,38551.363,28387.244,32410.545
2022-10-28 21:00:00,26129.295,28892.15,38551.363,28387.244,32410.545
2022-10-28 22:00:00,26129.295,28892.15,38551.363,28387.244,32410.566
2022-10-28 23:00:00,26129.295,28892.15,38551.363,28387.244,32410.654
2022-10-29 00:00:00,26129.541,28892.154,38551.77,28387.275,32411.273
2022-10-29 01:00:00,26129.906,28892.646,38553.633,28387.506,32411.396
2022-10-29 02:00:00,26129.957,28892.646,38553.637,28387.506,32411.834
2022-10-29 03:00:00,26129.957,28893.17,38555.98,28388.012,32413.422
2022-10-29 04:00:00,26130.01,28896.365,38561.258,28393.96,32417.01
2022-10-29 05:00:00,26130.092,28898.21,38565.55,28399.475,32420.08
2022-10-29 06:00:00,26130.252,28898.316,38567.805,28400.107,32420.816
2022-10-29 07:00:00,26130.482,28898.316,38571.016,28400.107,32420.885
2022-10-29 08:00:00,26130.895,28898.664,38574.98,28400.97,32423.58
2022-10-29 09:00:00,26131.467,28899.746,38581.0,28403.062,32425.45
2022-10-29 10:00:00,26132.91,28900.574,38584.406,28405.95,32428.078
2022-10-29 11:00:00,26132.998,28900.855,38584.406,28406.256,32428.195
2022-10-29 12:00:00,26132.998,28900.855,38584.406,28406.256,32428.195
2022-10-29 13:00:00,26132.998,28900.855,38584.406,28406.256,32428.195
2022-10-29 14:00:00,26132.998,28900.855,38584.406,28406.256,32428.314
2022-10-29 15:00:00,26132.998,28900.855,38584.406,28406.26,32429.328
2022-10-29 16:00:00,26132.998,28901.416,38584.406,28406.338,32429.879
2022-10-29 17:00:00,26132.998,28901.416,38584.406,28406.338,32429.879
2022-10-29 18:00:00,26132.998,28901.416,38584.406,28406.338,32429.879
2022-10-29 19:00:00,26132.998,28901.416,38584.406,28406.338,32429.879
2022-10-29 20:00:00,26132.998,28901.416,38584.406,28406.338,32429.99
2022-10-29 21:00:00,26132.998,28901.416,38584.406,28406.338,32429.99
2022-10-29 22:00:00,26132.998,28901.416,38584.406,28406.338,32429.99
2022-10-29 23:00:00,26132.998,28901.416,38584.406,28406.338,32429.99
2022-10-30 00:00:00,26132.998,28901.416,38584.406,28406.338,32429.99
2022-10-30 01:00:00,26132.998,28901.416,38584.406,28406.338,32429.99
2022-10-30 02:00:00,26132.998,28901.416,38584.406,28406.338,32429.99
2022-10-30 03:00:00,26132.998,28901.416,38584.406,28406.338,32429.99
2022-10-30 04:00:00,26132.998,28901.416,38584.406,28406.338,32429.99
2022-10-30 05:00:00,26132.998,28901.416,38584.406,28406.338,32429.99
2022-10-30 06:00:00,26132.998,28901.416,38584.406,28406.338,32429.99
2022-10-30 07:00:00,26132.998,28901.416,38584.406,28406.338,32429.99
2022-10-30 08:00:00,26132.998,28901.416,38584.406,28406.338,32429.99
2022-10-30 09:00:00,26132.998,28901.416,38584.406,28406.338,32429.99
2022-10-30 10:00:00,26132.998,28901.416,38584.406,28406.338,32429.99
2022-10-30 11:00:00,26132.998,28901.416,38584.406,28406.338,32429.99
2022-10-30 12:00:00,26132.998,28901.416,38584.406,28406.338,32429.99
2022-10-30 13:00:00,26132.998,28901.486,38584.406,28406.338,32430.152
2022-10-30 14:00:00,26132.998,28901.486,38584.406,28406.338,32430.152
2022-10-30 15:00:00,26132.998,28901.486,38584.406,28406.338,32430.152
2022-10-30 16:00:00,26132.998,28901.486,38584.406,28406.338,32430.152
2022-10-30 17:00:00,26132.998,28901.56,38584.406,28406.338,32430.152
2022-10-30 18:00:00,26132.998,28901.56,38584.406,28406.338,32430.152
2022-10-30 19:00:00,26133.014,28901.56,38584.406,28406.453,32430.152
2022-10-30 20:00:00,26133.133,28901.56,38584.406,28406.453,32430.152
2022-10-30 21:00:00,26133.133,28902.18,38584.406,28406.453,32430.283
2022-10-30 22:00:00,26133.133,28903.312,38584.406,28406.473,32430.283
2022-10-30 23:00:00,26133.133,28903.562,38584.406,28406.473,32430.283
2022-10-31 00:00:00,26133.447,28903.562,38584.406,28406.473,32430.283
2022-10-31 01:00:00,26133.47,28904.44,38584.777,28406.697,32430.283
2022-10-31 02:00:00,26133.96,28905.264,38584.797,28406.863,32430.283
2022-10-31 03:00:00,26134.07,28905.264,38584.797,28406.863,32430.283
2022-10-31 04:00:00,26134.07,28905.336,38584.797,28406.904,32430.283
2022-10-31 05:00:00,26134.07,28905.576,38584.797,28407.262,32430.307
2022-10-31 06:00:00,26134.07,28905.576,38584.797,28407.303,32430.307
2022-10-31 07:00:00,26134.506,28905.576,38584.797,28408.002,32430.307
2022-10-31 08:00:00,26134.506,28905.576,38584.797,28408.002,32430.307
2022-10-31 09:00:00,26134.506,28905.576,38584.797,28408.002,32430.307
2022-10-31 10:00:00,26134.506,28905.576,38584.797,28408.002,32430.307
2022-10-31 11:00:00,26134.506,28905.576,38584.797,28408.002,32430.307
2022-10-31 12:00:00,26134.506,28905.576,38584.797,28408.002,32430.307
2022-10-31 13:00:00,26134.506,28905.576,38584.797,28408.002,32430.307
2022-10-31 14:00:00,26134.506,28905.576,38584.797,28408.002,32430.332
2022-10-31 15:00:00,26134.506,28905.576,38584.797,28408.002,32430.332
2022-10-31 16:00:00,26134.506,28905.576,38584.797,28408.002,32430.332
2022-10-31 17:00:00,26134.506,28905.576,38584.797,28408.002,32430.332
2022-10-31 18:00:00,26134.506,28905.576,38584.797,28408.002,32430.332
2022-10-31 19:00:00,26134.506,28905.576,38584.797,28408.002,32430.332
2022-10-31 20:00:00,26134.506,28905.576,38584.797,28408.002,32430.332
2022-10-31 21:00:00,26134.506,28905.576,38584.797,28408.002,32430.332
2022-10-31 22:00:00,26134.506,28905.576,38584.797,28408.002,32430.332
2022-10-31 23:00:00,26134.506,28905.576,38584.797,28408.002,32430.332
2022-11-01 00:00:00,26134.506,28905.576,38584.797,28408.002,32430.332
2022-11-01 01:00:00,26134.506,28905.576,38584.797,28408.002,32430.332
2022-11-01 02:00:00,26134.506,28905.576,38584.797,28408.002,32430.332
2022-11-01 03:00:00,26134.506,28905.576,38584.797,28408.002,32430.332
2022-11-01 04:00:00,26134.506,28905.576,38584.797,28408.002,32430.332
2022-11-01 05:00:00,26134.506,28905.576,38584.797,28408.002,32430.332
2022-11-01 06:00:00,26134.506,28905.576,38584.797,28408.002,32430.332
2022-11-01 07:00:00,26134.506,28905.576,38584.797,28408.002,32430.332
2022-11-01 08:00:00,26134.506,28905.576,38584.797,28408.002,32430.332
2022-11-01 09:00:00,26134.506,28905.576,38584.797,28408.002,32430.332
2022-11-01 10:00:00,26134.506,28905.576,38584.797,28408.002,32430.332
2022-11-01 11:00:00,26134.506,28905.576,38584.797,28408.002,32430.332
2022-11-01 12:00:00,26134.506,28905.691,38584.797,28408.805,32430.332
2022-11-01 13:00:00,26134.564,28906.488,38584.797,28409.236,32430.62
2022-11-01 14:00:00,26136.73,28913.025,38588.773,28410.963,32433.975
2022-11-01 15:00:00,26137.799,28916.53,38591.836,28412.299,32435.629
2022-11-01 16:00:00,26137.826,28923.305,38595.637,28412.357,32438.646
2022-11-01 17:00:00,26138.027,28926.9,38601.96,28413.861,32440.74
2022-11-01 18:00:00,26138.783,28930.547,38606.383,28414.953,32443.746
2022-11-01 19:00:00,26140.303,28932.691,38611.05,28416.719,32446.887
2022-11-01 20:00:00,26142.09,28934.297,38617.44,28418.643,32448.508
2022-11-01 21:00:00,26143.176,28934.738,38619.71,28420.523,32448.717
2022-11-01 22:00:00,26143.807,28934.738,38620.207,28420.947,32448.717
2022-11-01 23:00:00,26143.807,28935.281,38620.207,28420.947,32449.338
2022-11-02 00:00:00,26146.209,28950.234,38643.746,28428.104,32457.375
2022-11-02 01:00:00,26143.84,28937.736,38622.863,28421.014,32449.408
2022-11-02 02:00:00,26143.936,28939.365,38624.67,28422.531,32449.408
2022-11-02 03:00:00,26144.172,28941.723,38627.926,28424.445,32449.588
2022-11-02 04:00:00,26144.172,28945.799,38631.79,28424.715,32452.271
2022-11-02 05:00:00,26144.447,28947.436,38635.402,28426.865,32454.297
2022-11-02 06:00:00,26145.951,28947.732,38637.008,28427.537,32455.543
2022-11-02 07:00:00,26146.209,28949.234,38640.69,28427.537,32456.012
2022-11-02 08:00:00,26146.209,28950.234,38643.027,28427.537,32456.37
2022-11-02 09:00:00,26146.209,28950.234,38643.535,28427.537,32457.375
2022-11-02 10:00:00,26146.312,28950.234,38643.746,28428.104,32457.375
2022-11-02 11:00:00,26146.312,28950.234,38643.746,28428.104,32457.375
2022-11-02 12:00:00,26146.312,28950.266,38643.746,28428.104,32457.375
2022-11-02 13:00:00,26146.312,28950.266,38643.746,28428.35,32457.375
2022-11-02 14:00:00,26146.312,28950.266,38643.746,28428.51,32457.78
2022-11-02 15:00:00,26147.34,28950.266,38643.746,28428.51,32457.78
2022-11-02 16:00:00,26147.34,28950.297,38643.746,28428.887,32459.752
2022-11-02 17:00:00,26147.34,28950.564,38643.746,28428.887,32459.803
2022-11-02 18:00:00,26147.34,28950.564,38643.746,28428.887,32459.803
2022-11-02 19:00:00,26147.34,28950.564,38643.746,28428.887,32459.803
2022-11-02 20:00:00,26147.34,28950.564,38643.746,28429.1,32459.803
2022-11-02 21:00:00,26147.34,28950.564,38643.746,28429.113,32459.803
2022-11-02 22:00:00,26147.34,28950.564,38643.746,28429.113,32459.803
2022-11-02 23:00:00,26147.34,28950.564,38643.746,28429.113,32459.803
2022-11-03 00:00:00,26147.34,28950.564,38643.746,28429.113,32459.803
2022-11-03 01:00:00,26147.34,28950.564,38643.746,28429.113,32459.803
2022-11-03 02:00:00,26147.34,28950.564,38643.746,28429.113,32459.803
2022-11-03 03:00:00,26147.34,28950.564,38643.746,28429.113,32459.803
2022-11-03 04:00:00,26147.34,28950.564,38644.527,28429.113,32459.803
2022-11-03 05:00:00,26147.363,28950.564,38646.2,28429.113,32459.803
2022-11-03 06:00:00,26147.363,28950.564,38646.2,28429.113,32459.803
2022-11-03 07:00:00,26147.363,28950.564,38646.2,28429.113,32459.803
2022-11-03 08:00:00,26147.363,28950.564,38646.2,28429.113,32459.803
2022-11-03 09:00:00,26147.363,28950.564,38646.2,28429.113,32459.803
2022-11-03 10:00:00,26147.363,28950.564,38646.2,28429.113,32459.803
2022-11-03 11:00:00,26147.363,28950.564,38646.2,28429.113,32459.803
2022-11-03 12:00:00,26147.363,28950.564,38646.2,28429.113,32459.803
2022-11-03 13:00:00,26147.363,28950.564,38646.2,28429.113,32459.803
2022-11-03 14:00:00,26147.363,28950.564,38646.2,28429.113,32459.803
2022-11-03 15:00:00,26147.363,28950.564,38646.2,28429.113,32459.803
2022-11-03 16:00:00,26147.363,28950.564,38646.2,28429.113,32459.803
2022-11-03 17:00:00,26147.363,28950.564,38646.2,28429.113,32459.803
2022-11-03 18:00:00,26147.363,28950.564,38646.2,28429.113,32459.803
2022-11-03 19:00:00,26147.363,28950.564,38646.2,28429.113,32459.803
2022-11-03 20:00:00,26147.363,28950.564,38646.2,28429.113,32459.803
2022-11-03 21:00:00,26147.482,28950.564,38646.2,28429.113,32459.803
2022-11-03 22:00:00,26147.482,28951.56,38646.2,28429.277,32459.803
2022-11-03 23:00:00,26147.635,28952.76,38646.2,28429.684,32459.803
2022-11-04 00:00:00,26147.635,28953.473,38646.2,28429.914,32459.803
2022-11-04 01:00:00,26147.635,28953.473,38646.2,28429.918,32459.803
2022-11-04 02:00:00,26147.635,28953.473,38646.2,28430.23,32459.803
2022-11-04 03:00:00,26147.635,28953.473,38646.2,28430.23,32459.803
2022-11-04 04:00:00,26147.635,28953.473,38646.2,28430.459,32459.803
2022-11-04 05:00:00,26147.635,28953.473,38646.2,28430.582,32459.803
2022-11-04 06:00:00,26147.643,28953.473,38646.2,28430.582,32459.803
2022-11-04 07:00:00,26148.758,28953.748,38646.2,28431.357,32459.803
2022-11-04 08:00:00,26148.955,28954.52,38646.2,28431.701,32460.127
2022-11-04 09:00:00,26150.04,28955.143,38646.2,28432.615,32460.879
2022-11-04 10:00:00,26151.576,28956.627,38646.855,28434.115,32462.557
2022-11-04 11:00:00,26153.396,28958.275,38647.625,28435.652,32464.795
2022-11-04 12:00:00,26155.158,28959.236,38647.633,28437.219,32467.129
2022-11-04 13:00:00,26156.893,28960.059,38647.633,28439.312,32469.236
2022-11-04 14:00:00,26158.607,28960.564,38647.633,28441.863,32471.389
2022-11-04 15:00:00,26160.455,28961.297,38647.633,28444.084,32473.457
2022-11-04 16:00:00,26162.074,28962.0,38647.633,28445.676,32474.033
2022-11-04 17:00:00,26164.377,28963.617,38647.633,28447.383,32474.176
2022-11-04 18:00:00,26167.543,28964.736,38647.99,28449.078,32474.176
2022-11-04 19:00:00,26170.736,28966.486,38647.992,28450.795,32474.176
2022-11-04 20:00:00,26172.889,28967.994,38649.07,28452.75,32474.328
2022-11-04 21:00:00,26173.6,28969.873,38649.125,28454.404,32474.328
2022-11-04 22:00:00,26174.135,28970.307,38649.77,28454.95,32474.328
2022-11-04 23:00:00,26175.398,28970.307,38649.77,28454.95,32474.51
2022-11-05 00:00:00,26175.541,28970.307,38649.77,28454.95,32474.51
2022-11-05 01:00:00,26177.084,28970.307,38649.77,28454.95,32474.51
2022-11-05 02:00:00,26179.676,28971.021,38649.77,28454.95,32476.041
2022-11-05 03:00:00,26179.676,28971.559,38649.77,28454.99,32476.365
2022-11-05 04:00:00,26180.074,28971.559,38649.77,28455.377,32476.365
2022-11-05 05:00:00,26180.074,28971.559,38649.77,28455.463,32476.365
2022-11-05 06:00:00,26180.074,28971.559,38649.77,28455.463,32476.365
2022-11-05 07:00:00,26180.074,28971.559,38649.77,28455.463,32476.365
2022-11-05 08:00:00,26180.074,28971.559,38649.77,28455.463,32476.365
2022-11-05 09:00:00,26180.074,28971.559,38649.77,28455.463,32476.365
2022-11-05 10:00:00,26180.074,28971.559,38649.77,28455.463,32476.365
2022-11-05 11:00:00,26180.074,28971.559,38649.77,28455.463,32476.365
2022-11-05 12:00:00,26180.074,28971.666,38649.77,28455.463,32476.395
2022-11-05 13:00:00,26180.074,28971.873,38649.78,28455.463,32476.95
2022-11-05 14:00:00,26180.074,28972.494,38650.34,28455.463,32477.057
2022-11-05 15:00:00,26180.074,28973.975,38650.34,28455.97,32477.541
2022-11-05 16:00:00,26180.074,28974.633,38650.938,28455.97,32478.465
2022-11-05 17:00:00,26180.074,28976.139,38651.21,28456.367,32478.932
2022-11-05 18:00:00,26180.074,28976.916,38651.21,28457.312,32478.932
2022-11-05 19:00:00,26180.074,28976.94,38651.336,28457.475,32479.1
2022-11-05 20:00:00,26180.074,28976.94,38651.645,28457.475,32479.152
2022-11-05 21:00:00,26180.268,28977.15,38651.945,28457.559,32479.95
2022-11-05 22:00:00,26180.473,28977.15,38655.066,28457.959,32480.73
2022-11-05 23:00:00,26180.824,28977.338,38655.46,28458.55,32481.143
2022-11-06 00:00:00,26180.914,28978.932,38655.82,28459.477,32481.305
2022-11-06 01:00:00,26180.914,28979.006,38655.82,28459.498,32481.305
2022-11-06 02:00:00,26180.914,28979.006,38655.926,28459.498,32481.305
2022-11-06 03:00:00,26180.914,28979.006,38656.02,28459.498,32481.305
2022-11-06 04:00:00,26180.914,28979.006,38656.02,28459.498,32481.305
2022-11-06 05:00:00,26180.914,28979.006,38656.02,28459.498,32481.305
2022-11-06 06:00:00,26180.914,28979.006,38656.02,28459.498,32481.305
2022-11-06 07:00:00,26180.914,28979.006,38656.02,28459.498,32481.305
2022-11-06 08:00:00,26180.914,28979.006,38656.02,28459.693,32481.305
2022-11-06 09:00:00,26180.914,28979.006,38656.02,28460.783,32481.305
2022-11-06 10:00:00,26180.914,28979.738,38656.02,28461.072,32481.305
2022-11-06 11:00:00,26180.914,28980.143,38656.02,28461.88,32481.55
2022-11-06 12:00:00,26181.037,28980.553,38656.02,28462.854,32482.197
2022-11-06 13:00:00,26181.037,28982.926,38656.973,28464.613,32482.197
2022-11-06 14:00:00,26181.037,28983.016,38656.973,28465.469,32482.197
2022-11-06 15:00:00,26181.713,28983.627,38657.387,28465.469,32482.197
2022-11-06 16:00:00,26182.596,28984.203,38657.5,28465.746,32482.197
2022-11-06 17:00:00,26183.014,28984.203,38657.5,28465.746,32482.197
2022-11-06 18:00:00,26183.027,28984.25,38657.5,28465.746,32482.197
2022-11-06 19:00:00,26183.027,28984.25,38657.5,28465.746,32482.197
2022-11-06 20:00:00,26183.027,28984.25,38657.5,28465.746,32482.197
2022-11-06 21:00:00,26183.027,28984.25,38657.5,28465.746,32482.197
2022-11-06 22:00:00,26183.027,28984.25,38657.5,28465.746,32482.682
2022-11-06 23:00:00,26183.027,28984.25,38657.5,28465.746,32482.682
2022-11-07 00:00:00,26183.027,28984.25,38657.5,28465.746,32482.682
2022-11-07 01:00:00,26183.027,28984.25,38657.5,28465.746,32482.682
2022-11-07 02:00:00,26183.027,28984.25,38657.5,28465.746,32482.682
2022-11-07 03:00:00,26183.027,28984.25,38657.5,28465.746,32482.682
2022-11-07 04:00:00,26183.027,28984.25,38657.5,28465.746,32482.682
2022-11-07 05:00:00,26183.027,28984.25,38657.5,28465.746,32482.682
2022-11-07 06:00:00,26183.027,28984.25,38657.5,28465.746,32482.682
2022-11-07 07:00:00,26183.027,28984.25,38657.5,28465.746,32482.682
2022-11-07 08:00:00,26183.027,28984.25,38657.5,28465.746,32482.682
2022-11-07 09:00:00,26183.027,28984.25,38657.5,28465.746,32482.682
2022-11-07 10:00:00,26183.027,28984.25,38657.5,28465.746,32482.682
2022-11-07 11:00:00,26183.027,28984.25,38657.5,28465.746,32482.682
2022-11-07 12:00:00,26183.027,28984.25,38657.5,28465.746,32482.682
2022-11-07 13:00:00,26183.027,28984.25,38657.5,28465.746,32482.682
2022-11-07 14:00:00,26183.027,28984.25,38657.5,28465.746,32482.682
2022-11-07 15:00:00,26183.027,28984.25,38657.5,28465.746,32482.682
2022-11-07 16:00:00,26183.027,28984.25,38657.5,28465.746,32482.682
2022-11-07 17:00:00,26183.027,28984.25,38657.5,28465.746,32482.682
2022-11-07 18:00:00,26183.027,28984.25,38657.5,28465.746,32482.682
2022-11-07 19:00:00,26183.027,28984.25,38657.5,28465.746,32482.682
2022-11-07 20:00:00,26183.027,28984.25,38657.5,28465.746,32482.682
2022-11-07 21:00:00,26183.027,28984.25,38657.5,28465.746,32482.682
2022-11-07 22:00:00,26183.027,28984.25,38657.5,28465.746,32482.682
2022-11-07 23:00:00,26183.027,28984.25,38657.5,28465.746,32482.682
2022-11-08 00:00:00,26183.027,28984.25,38657.5,28465.746,32482.682
2022-11-08 01:00:00,26183.027,28984.25,38657.5,28465.746,32482.682
2022-11-08 02:00:00,26183.027,28984.25,38657.5,28465.746,32482.682
2022-11-08 03:00:00,26183.027,28984.25,38657.5,28465.746,32482.682
2022-11-08 04:00:00,26183.027,28984.25,38657.5,28465.746,32482.682
2022-11-08 05:00:00,26183.027,28984.25,38657.5,28465.746,32482.682
2022-11-08 06:00:00,26183.027,28984.25,38657.5,28465.746,32482.682
2022-11-08 07:00:00,26183.027,28984.25,38657.5,28465.746,32482.682
2022-11-08 08:00:00,26183.027,28984.25,38657.5,28465.746,32482.682
2022-11-08 09:00:00,26183.027,28984.25,38657.5,28465.746,32482.682
2022-11-08 10:00:00,26183.027,28984.25,38657.5,28465.746,32482.682
2022-11-08 11:00:00,26183.027,28984.25,38657.5,28465.746,32482.682
2022-11-08 12:00:00,26183.027,28984.475,38657.5,28465.746,32482.682
2022-11-08 13:00:00,26183.027,28984.475,38657.5,28465.746,32482.682
2022-11-08 14:00:00,26183.027,28984.826,38657.5,28466.396,32482.682
2022-11-08 15:00:00,26183.027,28985.734,38657.5,28467.348,32482.71
2022-11-08 16:00:00,26183.547,28987.477,38657.5,28468.918,32483.432
2022-11-08 17:00:00,26184.232,28989.395,38657.5,28470.951,32483.816
2022-11-08 18:00:00,26185.473,28990.648,38657.5,28472.523,32484.447
2022-11-08 19:00:00,26185.71,28992.229,38657.5,28473.3,32485.303
2022-11-08 20:00:00,26185.71,28994.625,38657.5,28473.545,32486.145
2022-11-08 21:00:00,26185.74,28996.771,38657.5,28474.781,32486.2
2022-11-08 22:00:00,26186.234,28998.4,38657.5,28476.293,32486.2
2022-11-08 23:00:00,26187.178,28999.775,38657.5,28477.043,32486.2
2022-11-09 00:00:00,26187.178,29000.965,38657.5,28477.672,32486.2
2022-11-09 01:00:00,26187.822,29001.473,38657.5,28478.973,32486.344
2022-11-09 02:00:00,26187.178,29000.48,38657.5,28477.043,32486.2
2022-11-09 03:00:00,26187.178,29000.48,38657.5,28477.043,32486.2
2022-11-09 04:00:00,26187.178,29000.48,38657.5,28477.043,32486.2
2022-11-09 05:00:00,26187.178,29000.48,38657.5,28477.043,32486.2
2022-11-09 06:00:00,26187.178,29000.48,38657.5,28477.043,32486.2
2022-11-09 07:00:00,26187.764,29001.324,38657.5,28478.078,32486.2
2022-11-09 08:00:00,26187.805,29001.324,38657.5,28478.418,32486.2
2022-11-09 09:00:00,26187.822,29001.324,38657.5,28478.527,32486.2
2022-11-09 10:00:00,26188.117,29001.668,38657.53,28480.254,32486.344
2022-11-09 11:00:00,26189.273,29001.668,38657.53,28480.904,32486.35
2022-11-09 12:00:00,26189.572,29002.168,38657.605,28480.904,32486.35
2022-11-09 13:00:00,26189.668,29002.652,38657.766,28481.035,32486.35
2022-11-09 14:00:00,26189.738,29002.652,38657.766,28481.035,32486.35
2022-11-09 15:00:00,26189.738,29002.652,38657.8,28481.268,32486.477
2022-11-09 16:00:00,26190.205,29002.652,38657.8,28481.268,32486.477
2022-11-09 17:00:00,26190.205,29002.652,38657.855,28481.268,32486.477
2022-11-09 18:00:00,26190.205,29002.72,38658.562,28481.268,32486.533
2022-11-09 19:00:00,26190.21,29002.822,38658.844,28481.268,32486.744
2022-11-09 20:00:00,26190.21,29002.86,38659.145,28481.281,32486.744
2022-11-09 21:00:00,26190.21,29002.86,38659.418,28481.281,32486.744
2022-11-09 22:00:00,26190.21,29003.463,38660.113,28481.398,32486.803
2022-11-09 23:00:00,26190.21,29004.691,38660.914,28481.697,32486.877
2022-11-10 00:00:00,26190.762,29004.941,38661.727,28482.146,32486.877
2022-11-10 01:00:00,26190.934,29005.357,38662.93,28483.129,32486.877
2022-11-10 02:00:00,26191.13,29005.357,38664.668,28483.148,32486.877
2022-11-10 03:00:00,26191.504,29005.47,38665.312,28483.55,32486.877
2022-11-10 04:00:00,26191.617,29005.47,38665.406,28483.55,32486.877
2022-11-10 05:00:00,26191.617,29005.47,38665.406,28483.55,32486.877
2022-11-10 06:00:00,26191.617,29005.47,38665.406,28483.55,32486.877
2022-11-10 07:00:00,26191.617,29006.008,38666.074,28483.55,32486.877
2022-11-10 08:00:00,26192.672,29007.51,38666.074,28483.592,32486.877
2022-11-10 09:00:00,26192.867,29009.502,38666.074,28483.826,32487.06
2022-11-10 10:00:00,26194.86,29011.47,38667.992,28484.998,32487.562
2022-11-10 11:00:00,26196.227,29013.264,38671.324,28486.006,32487.998
2022-11-10 12:00:00,26197.84,29014.812,38673.65,28487.154,32488.412
2022-11-10 13:00:00,26198.736,29015.893,38673.652,28487.629,32488.455
2022-11-10 14:00:00,26198.889,29015.893,38673.652,28487.629,32488.455
2022-11-10 15:00:00,26198.889,29016.111,38673.652,28487.629,32488.455
2022-11-10 16:00:00,26199.22,29016.785,38673.652,28487.637,32488.455
2022-11-10 17:00:00,26201.09,29018.586,38673.652,28488.81,32488.646
2022-11-10 18:00:00,26203.611,29022.121,38674.727,28490.695,32492.557
2022-11-10 19:00:00,26209.121,29026.957,38682.32,28495.248,32496.111
2022-11-10 20:00:00,26215.473,29030.502,38689.195,28500.227,32499.86
2022-11-10 21:00:00,26221.633,29033.836,38695.87,28505.145,32503.193
2022-11-10 22:00:00,26228.521,29037.0,38701.87,28509.893,32506.635
2022-11-10 23:00:00,26233.947,29039.66,38705.07,28513.447,32511.895
2022-11-11 00:00:00,26237.822,29043.186,38709.754,28515.87,32518.371
2022-11-11 01:00:00,26240.47,29046.752,38715.316,28517.46,32524.535
2022-11-11 02:00:00,26242.02,29050.223,38719.504,28519.098,32529.24
2022-11-11 03:00:00,26242.957,29053.58,38722.914,28521.525,32531.258
2022-11-11 04:00:00,26243.896,29056.9,38729.09,28525.215,32532.219
2022-11-11 05:00:00,26244.092,29058.557,38734.574,28526.033,32533.26
2022-11-11 06:00:00,26244.092,29059.998,38738.348,28528.502,32534.629
2022-11-11 07:00:00,26244.129,29061.293,38740.96,28529.35,32536.398
2022-11-11 08:00:00,26244.129,29062.098,38744.14,28531.334,32537.078
2022-11-11 09:00:00,26244.182,29062.098,38746.86,28532.877,32537.814
2022-11-11 10:00:00,26244.217,29062.098,38749.934,28534.521,32538.48
2022-11-11 11:00:00,26244.318,29062.098,38753.59,28537.867,32539.475
2022-11-11 12:00:00,26245.91,29062.098,38757.473,28540.766,32542.014
2022-11-11 13:00:00,26247.54,29063.688,38760.445,28544.268,32544.66
2022-11-11 14:00:00,26250.613,29066.367,38763.13,28548.146,32548.111
2022-11-11 15:00:00,26252.84,29068.818,38764.824,28551.28,32549.81
2022-11-11 16:00:00,26254.57,29069.98,38767.168,28552.842,32550.846
2022-11-11 17:00:00,26255.385,29071.375,38769.95,28555.275,32552.766
2022-11-11 18:00:00,26256.514,29071.684,38770.934,28556.824,32553.982
2022-11-11 19:00:00,26256.61,29072.826,38774.242,28557.377,32557.24
2022-11-11 20:00:00,26257.164,29073.584,38777.594,28558.164,32561.848
2022-11-11 21:00:00,26257.84,29074.781,38778.383,28559.33,32562.605
2022-11-11 22:00:00,26257.908,29075.18,38781.457,28560.25,32568.37
2022-11-11 23:00:00,26258.297,29075.27,38782.527,28561.867,32568.533
2022-11-12 00:00:00,26258.297,29075.27,38783.914,28562.227,32568.533
2022-11-12 01:00:00,26258.342,29075.27,38783.957,28562.27,32568.533
2022-11-12 02:00:00,26258.346,29075.27,38783.97,28562.72,32568.533
2022-11-12 03:00:00,26258.398,29075.27,38783.97,28563.281,32568.748
2022-11-12 04:00:00,26258.398,29075.27,38783.97,28563.686,32569.277
2022-11-12 05:00:00,26258.398,29075.27,38783.97,28564.713,32569.297
2022-11-12 06:00:00,26258.398,29075.318,38783.97,28565.926,32570.371
2022-11-12 07:00:00,26258.398,29075.553,38783.97,28566.016,32571.674
2022-11-12 08:00:00,26258.398,29075.553,38783.97,28566.016,32571.676
2022-11-12 09:00:00,26258.398,29075.553,38783.97,28566.016,32571.676
2022-11-12 10:00:00,26258.398,29075.553,38783.97,28566.016,32571.676
2022-11-12 11:00:00,26258.398,29075.553,38783.97,28566.016,32571.676
2022-11-12 12:00:00,26258.398,29075.553,38783.97,28566.016,32571.676
2022-11-12 13:00:00,26258.398,29075.553,38783.97,28566.016,32571.764
2022-11-12 14:00:00,26258.398,29075.553,38783.97,28566.016,32571.764
2022-11-12 15:00:00,26258.398,29075.553,38783.97,28566.016,32571.764
2022-11-12 16:00:00,26258.398,29075.553,38783.97,28566.016,32571.764
2022-11-12 17:00:00,26258.398,29075.553,38783.97,28566.016,32571.764
2022-11-12 18:00:00,26258.398,29075.553,38783.97,28566.016,32571.764
2022-11-12 19:00:00,26258.398,29075.553,38783.97,28566.016,32571.764
2022-11-12 20:00:00,26258.398,29075.553,38783.97,28566.016,32571.764
2022-11-12 21:00:00,26258.398,29075.553,38783.97,28566.016,32571.764
2022-11-12 22:00:00,26258.398,29075.553,38783.97,28566.016,32571.764
2022-11-12 23:00:00,26258.398,29075.553,38783.97,28566.016,32571.764
2022-11-13 00:00:00,26258.398,29075.553,38783.97,28566.016,32571.764
2022-11-13 01:00:00,26258.398,29075.553,38783.97,28566.016,32571.764
2022-11-13 02:00:00,26258.398,29075.553,38783.97,28566.016,32571.764
2022-11-13 03:00:00,26258.398,29075.553,38783.97,28566.016,32571.764
2022-11-13 04:00:00,26258.398,29075.553,38783.97,28566.016,32571.764
2022-11-13 05:00:00,26258.398,29075.553,38783.97,28566.016,32571.764
2022-11-13 06:00:00,26258.398,29075.553,38783.97,28566.016,32571.764
2022-11-13 07:00:00,26258.398,29075.553,38783.97,28566.016,32571.764
2022-11-13 08:00:00,26258.398,29075.553,38783.97,28566.016,32571.764
2022-11-13 09:00:00,26258.398,29075.553,38783.97,28566.016,32571.764
2022-11-13 10:00:00,26258.398,29075.553,38783.97,28566.016,32571.764
2022-11-13 11:00:00,26258.398,29075.553,38783.97,28566.016,32571.764
2022-11-13 12:00:00,26258.398,29075.553,38783.97,28566.016,32571.764
2022-11-13 13:00:00,26258.398,29075.553,38783.97,28566.016,32571.764
2022-11-13 14:00:00,26258.398,29075.553,38783.97,28566.016,32571.764
2022-11-13 15:00:00,26258.398,29075.553,38783.97,28566.016,32571.764
2022-11-13 16:00:00,26258.398,29075.553,38783.97,28566.016,32571.764
2022-11-13 17:00:00,26258.398,29075.553,38783.97,28566.016,32571.764
2022-11-13 18:00:00,26258.398,29075.553,38783.97,28566.016,32571.764
2022-11-13 19:00:00,26258.398,29075.553,38783.97,28566.016,32571.764
2022-11-13 20:00:00,26258.398,29075.553,38783.97,28566.016,32571.764
2022-11-13 21:00:00,26258.398,29075.553,38783.97,28566.016,32571.764
2022-11-13 22:00:00,26258.398,29075.553,38783.97,28566.016,32571.764
2022-11-13 23:00:00,26258.398,29075.553,38783.97,28566.016,32571.764
2022-11-14 00:00:00,26258.398,29075.553,38783.97,28566.016,32571.764
2022-11-14 01:00:00,26258.398,29075.553,38783.97,28566.016,32571.764
2022-11-14 02:00:00,26258.398,29075.553,38783.97,28566.016,32571.764
2022-11-14 03:00:00,26258.398,29075.553,38783.97,28566.016,32571.764
2022-11-14 04:00:00,26258.398,29075.553,38783.97,28566.016,32571.764
2022-11-14 05:00:00,26258.398,29075.553,38783.97,28566.016,32571.764
2022-11-14 06:00:00,26258.398,29075.553,38783.97,28566.016,32571.764
2022-11-14 07:00:00,26258.398,29075.553,38783.97,28566.016,32571.764
2022-11-14 08:00:00,26258.398,29075.553,38783.97,28566.016,32571.764
2022-11-14 09:00:00,26258.398,29075.553,38783.97,28566.016,32571.764
2022-11-14 10:00:00,26258.398,29075.553,38783.97,28566.016,32571.764
2022-11-14 11:00:00,26258.398,29075.553,38783.97,28566.016,32571.764
2022-11-14 12:00:00,26258.398,29075.553,38783.97,28566.016,32571.764
2022-11-14 13:00:00,26258.398,29075.553,38783.97,28566.016,32571.764
2022-11-14 14:00:00,26258.398,29075.553,38783.97,28566.016,32571.764
2022-11-14 15:00:00,26258.398,29075.553,38783.97,28566.016,32571.764
2022-11-14 16:00:00,26258.398,29075.553,38783.97,28566.016,32571.764
2022-11-14 17:00:00,26258.398,29075.553,38783.97,28566.016,32571.764
2022-11-14 18:00:00,26258.398,29075.553,38783.97,28566.016,32571.764
2022-11-14 19:00:00,26258.398,29075.553,38783.97,28566.016,32571.764
2022-11-14 20:00:00,26258.398,29075.553,38783.97,28566.016,32571.764
2022-11-14 21:00:00,26258.398,29075.553,38783.97,28566.016,32571.764
2022-11-14 22:00:00,26258.398,29075.553,38783.97,28566.016,32571.764
2022-11-14 23:00:00,26258.398,29075.553,38783.97,28566.016,32571.764
2022-11-15 00:00:00,26258.398,29075.553,38783.97,28566.016,32571.764
2022-11-15 01:00:00,26258.398,29075.553,38783.97,28566.016,32571.764
2022-11-15 02:00:00,26258.398,29075.553,38783.97,28566.016,32571.764
2022-11-15 03:00:00,26258.398,29075.553,38783.97,28566.016,32571.764
2022-11-15 04:00:00,26258.398,29075.553,38783.97,28566.016,32571.764
2022-11-15 05:00:00,26258.398,29075.553,38783.97,28566.016,32571.764
2022-11-15 06:00:00,26258.398,29075.553,38783.97,28566.016,32571.764
2022-11-15 07:00:00,26258.398,29075.553,38783.97,28566.016,32571.764
2022-11-15 08:00:00,26258.398,29075.553,38783.97,28566.016,32571.764
2022-11-15 09:00:00,26258.398,29075.553,38783.97,28566.016,32571.764
2022-11-15 10:00:00,26258.398,29075.553,38783.97,28566.016,32571.764
2022-11-15 11:00:00,26258.398,29075.553,38783.97,28566.016,32571.764
2022-11-15 12:00:00,26258.398,29075.553,38783.97,28566.016,32571.764
2022-11-15 13:00:00,26258.398,29075.553,38783.97,28566.016,32571.764
2022-11-15 14:00:00,26258.398,29075.553,38783.97,28566.016,32571.764
2022-11-15 15:00:00,26258.398,29075.553,38783.97,28566.016,32571.764
2022-11-15 16:00:00,26258.398,29075.553,38783.97,28566.016,32571.764
2022-11-15 17:00:00,26258.398,29075.553,38783.97,28566.016,32571.764
2022-11-15 18:00:00,26258.398,29075.553,38783.97,28566.016,32571.764
2022-11-15 19:00:00,26258.398,29075.553,38783.97,28566.016,32571.764
2022-11-15 20:00:00,26258.398,29075.553,38783.97,28566.016,32571.764
2022-11-15 21:00:00,26258.398,29075.553,38783.97,28566.016,32571.764
2022-11-15 22:00:00,26258.398,29075.553,38783.97,28566.016,32571.764
2022-11-15 23:00:00,26258.398,29075.553,38783.97,28566.016,32571.764
2022-11-16 00:00:00,26258.398,29075.553,38783.97,28566.016,32571.764
2022-11-16 01:00:00,26258.398,29075.553,38783.97,28566.016,32571.764
2022-11-16 02:00:00,26258.398,29075.553,38783.97,28566.016,32571.764
2022-11-16 03:00:00,26258.398,29075.553,38783.97,28566.016,32571.764
2022-11-16 04:00:00,26258.398,29075.553,38783.97,28566.016,32571.764
2022-11-16 05:00:00,26258.398,29075.553,38783.97,28566.016,32571.764
2022-11-16 06:00:00,26258.398,29075.553,38783.97,28566.016,32571.764
2022-11-16 07:00:00,26258.398,29075.553,38783.97,28566.016,32571.764
2022-11-16 08:00:00,26258.398,29075.553,38783.97,28566.016,32571.764
2022-11-16 09:00:00,26258.398,29075.553,38783.97,28566.016,32571.764
2022-11-16 10:00:00,26258.398,29075.553,38783.97,28566.016,32571.764
2022-11-16 11:00:00,26258.398,29075.553,38783.97,28566.016,32571.764
2022-11-16 12:00:00,26258.398,29075.553,38783.97,28566.016,32571.764
2022-11-16 13:00:00,26258.398,29075.553,38783.97,28566.016,32571.764
2022-11-16 14:00:00,26258.398,29075.553,38783.97,28566.016,32571.764
2022-11-16 15:00:00,26258.398,29075.553,38783.97,28566.016,32571.764
2022-11-16 16:00:00,26258.398,29075.553,38783.97,28566.016,32571.764
2022-11-16 17:00:00,26258.398,29075.553,38783.97,28566.016,32571.764
2022-11-16 18:00:00,26258.398,29075.553,38783.97,28566.016,32571.764
2022-11-16 19:00:00,26258.398,29075.553,38783.97,28566.016,32571.764
2022-11-16 20:00:00,26258.398,29075.553,38783.97,28566.016,32571.764
2022-11-16 21:00:00,26258.398,29075.553,38783.97,28566.016,32571.764
2022-11-16 22:00:00,26258.398,29075.553,38783.97,28566.016,32571.764
2022-11-16 23:00:00,26258.398,29075.553,38783.97,28566.016,32571.764
2022-11-17 00:00:00,26258.398,29075.553,38783.97,28566.016,32571.764
2022-11-17 01:00:00,26258.398,29075.553,38783.97,28566.016,32571.764
2022-11-17 02:00:00,26258.398,29075.553,38783.97,28566.016,32571.764
2022-11-17 03:00:00,26258.398,29075.553,38783.97,28566.016,32571.764
2022-11-17 04:00:00,26258.398,29075.553,38783.97,28566.016,32571.764
2022-11-17 05:00:00,26258.398,29075.553,38783.97,28566.016,32571.764
2022-11-17 06:00:00,26258.398,29075.553,38783.97,28566.016,32571.764
2022-11-17 07:00:00,26258.398,29075.553,38783.97,28566.016,32571.764
2022-11-17 08:00:00,26258.398,29075.553,38783.97,28566.016,32571.764
2022-11-17 09:00:00,26258.398,29075.553,38783.97,28566.016,32571.764
2022-11-17 10:00:00,26258.398,29075.553,38783.97,28566.016,32571.764
2022-11-17 11:00:00,26258.398,29075.553,38783.97,28566.016,32571.764
2022-11-17 12:00:00,26258.398,29075.553,38783.97,28566.016,32571.764
2022-11-17 13:00:00,26258.398,29075.553,38783.97,28566.016,32571.764
2022-11-17 14:00:00,26258.398,29075.553,38783.97,28566.016,32571.764
2022-11-17 15:00:00,26258.398,29075.553,38783.97,28566.016,32571.764
2022-11-17 16:00:00,26258.398,29075.553,38783.97,28566.016,32571.764
2022-11-17 17:00:00,26258.398,29075.553,38783.97,28566.016,32571.764
2022-11-17 18:00:00,26258.398,29075.553,38783.97,28566.016,32571.764
2022-11-17 19:00:00,26258.398,29075.553,38783.97,28566.016,32571.764
2022-11-17 20:00:00,26258.398,29075.553,38783.97,28566.016,32571.764
2022-11-17 21:00:00,26258.398,29075.553,38783.97,28566.016,32571.764
2022-11-17 22:00:00,26258.398,29075.553,38783.97,28566.016,32571.764
2022-11-17 23:00:00,26258.398,29075.553,38783.97,28566.016,32571.764
2022-11-18 00:00:00,26258.398,29075.553,38783.97,28566.016,32571.764
2022-11-18 01:00:00,26258.398,29075.553,38783.97,28566.016,32571.764
2022-11-18 02:00:00,26258.398,29075.553,38783.97,28566.016,32571.764
2022-11-18 03:00:00,26258.398,29075.553,38783.97,28566.016,32571.764
2022-11-18 04:00:00,26258.398,29075.553,38783.97,28566.016,32571.764
2022-11-18 05:00:00,26258.398,29075.553,38783.97,28566.016,32571.764
2022-11-18 06:00:00,26258.398,29075.553,38783.97,28566.016,32571.764
2022-11-18 07:00:00,26258.398,29075.553,38783.97,28566.016,32571.764
2022-11-18 08:00:00,26258.398,29075.553,38783.97,28566.016,32571.764
2022-11-18 09:00:00,26258.398,29075.553,38783.97,28566.016,32571.764
2022-11-18 10:00:00,26258.398,29075.553,38783.97,28566.016,32571.764
2022-11-18 11:00:00,26258.398,29075.553,38783.97,28566.016,32571.764
2022-11-18 12:00:00,26258.398,29075.553,38783.97,28566.016,32571.764
2022-11-18 13:00:00,26258.398,29075.553,38783.97,28566.016,32571.764
2022-11-18 14:00:00,26258.398,29075.553,38783.97,28566.016,32571.764
2022-11-18 15:00:00,26258.398,29075.553,38783.97,28566.016,32571.764
2022-11-18 16:00:00,26258.398,29075.553,38783.97,28566.016,32571.764
2022-11-18 17:00:00,26258.398,29075.553,38783.97,28566.016,32571.764
2022-11-18 18:00:00,26258.398,29075.553,38783.97,28566.016,32571.764
2022-11-18 19:00:00,26258.398,29075.553,38783.97,28566.016,32571.764
2022-11-18 20:00:00,26258.398,29075.553,38783.97,28566.016,32571.764
2022-11-18 21:00:00,26258.398,29075.553,38783.97,28566.016,32571.764
2022-11-18 22:00:00,26258.398,29075.553,38783.97,28566.016,32571.764
2022-11-18 23:00:00,26258.398,29075.553,38783.97,28566.016,32571.764
2022-11-19 00:00:00,26258.398,29075.553,38783.97,28566.016,32571.764
2022-11-19 01:00:00,26258.398,29075.553,38783.97,28566.016,32571.764
2022-11-19 02:00:00,26258.398,29075.553,38783.97,28566.016,32571.764
2022-11-19 03:00:00,26258.398,29075.553,38783.97,28566.016,32571.764
2022-11-19 04:00:00,26258.398,29075.553,38783.97,28566.016,32571.764
2022-11-19 05:00:00,26258.398,29075.553,38783.97,28566.016,32571.764
2022-11-19 06:00:00,26258.398,29075.553,38783.97,28566.016,32571.764
2022-11-19 07:00:00,26258.398,29075.553,38783.97,28566.016,32571.764
2022-11-19 08:00:00,26258.398,29075.553,38783.97,28566.016,32571.764
2022-11-19 09:00:00,26258.398,29075.553,38783.97,28566.016,32571.764
2022-11-19 10:00:00,26258.398,29075.553,38783.97,28566.016,32571.764
2022-11-19 11:00:00,26258.398,29075.553,38783.97,28566.016,32571.764
2022-11-19 12:00:00,26258.398,29075.553,38783.97,28566.016,32571.764
2022-11-19 13:00:00,26258.398,29075.553,38783.97,28566.016,32571.764
2022-11-19 14:00:00,26258.398,29075.553,38783.97,28566.016,32571.764
2022-11-19 15:00:00,26258.398,29075.553,38783.97,28566.016,32571.764
2022-11-19 16:00:00,26258.398,29075.553,38783.97,28566.016,32571.764
2022-11-19 17:00:00,26258.398,29075.553,38783.97,28566.016,32571.764
2022-11-19 18:00:00,26258.398,29075.553,38783.97,28566.016,32571.764
2022-11-19 19:00:00,26258.398,29075.553,38783.97,28566.016,32571.764
2022-11-19 20:00:00,26258.398,29075.553,38783.97,28566.016,32571.764
2022-11-19 21:00:00,26258.398,29075.553,38783.97,28566.016,32571.764
2022-11-19 22:00:00,26258.398,29075.553,38783.97,28566.016,32571.764
2022-11-19 23:00:00,26258.398,29075.553,38783.97,28566.016,32571.764
2022-11-20 00:00:00,26258.398,29075.553,38783.97,28566.016,32571.764
2022-11-20 01:00:00,26258.398,29075.553,38783.97,28566.016,32571.764
2022-11-20 02:00:00,26258.398,29075.553,38783.97,28566.016,32571.764
2022-11-20 03:00:00,26258.398,29075.553,38783.97,28566.016,32571.764
2022-11-20 04:00:00,26258.398,29075.553,38783.97,28566.016,32571.764
2022-11-20 05:00:00,26258.398,29075.553,38783.97,28566.016,32571.764
2022-11-20 06:00:00,26258.398,29075.553,38783.97,28566.016,32571.764
2022-11-20 07:00:00,26258.398,29075.553,38783.97,28566.016,32571.764
2022-11-20 08:00:00,26258.398,29075.553,38783.97,28566.016,32571.764
2022-11-20 09:00:00,26258.398,29075.553,38783.97,28566.016,32571.764
2022-11-20 10:00:00,26258.398,29075.553,38783.97,28566.016,32571.764
2022-11-20 11:00:00,26258.398,29075.553,38783.97,28566.016,32571.764
2022-11-20 12:00:00,26258.398,29075.553,38783.97,28566.016,32571.764
2022-11-20 13:00:00,26258.398,29075.553,38783.97,28566.016,32571.764
2022-11-20 14:00:00,26258.398,29075.553,38783.97,28566.016,32571.764
2022-11-20 15:00:00,26258.398,29075.553,38783.97,28566.016,32571.764
2022-11-20 16:00:00,26258.398,29075.553,38783.97,28566.016,32571.764
2022-11-20 17:00:00,26258.398,29075.553,38783.97,28566.016,32571.764
2022-11-20 18:00:00,26258.398,29075.553,38783.97,28566.016,32571.764
2022-11-20 19:00:00,26258.398,29075.553,38783.97,28566.016,32571.764
2022-11-20 20:00:00,26258.398,29075.553,38783.97,28566.016,32571.764
2022-11-20 21:00:00,26258.398,29075.553,38783.97,28566.016,32571.764
2022-11-20 22:00:00,26258.398,29075.553,38783.97,28566.016,32571.764
2022-11-20 23:00:00,26258.398,29075.553,38783.97,28566.016,32571.764
2022-11-21 00:00:00,26258.398,29075.553,38783.97,28566.016,32571.764
2022-11-21 01:00:00,26258.398,29075.553,38783.97,28566.016,32571.764
2022-11-21 02:00:00,26258.398,29075.553,38783.97,28566.016,32571.764
2022-11-21 03:00:00,26258.398,29075.553,38783.97,28566.016,32571.764
2022-11-21 04:00:00,26258.398,29075.553,38783.97,28566.016,32571.764
2022-11-21 05:00:00,26258.398,29075.553,38783.97,28566.016,32571.764
2022-11-21 06:00:00,26258.398,29075.553,38783.97,28566.016,32571.764
2022-11-21 07:00:00,26258.398,29075.553,38783.97,28566.016,32571.764
2022-11-21 08:00:00,26258.398,29075.553,38783.97,28566.016,32571.764
2022-11-21 09:00:00,26258.398,29075.553,38783.97,28566.016,32571.764
2022-11-21 10:00:00,26258.398,29075.553,38783.97,28566.016,32571.764
2022-11-21 11:00:00,26258.398,29075.553,38783.97,28566.016,32571.764
2022-11-21 12:00:00,26258.398,29075.553,38783.97,28566.016,32571.764
2022-11-21 13:00:00,26258.398,29075.553,38783.97,28566.016,32571.764
2022-11-21 14:00:00,26258.398,29075.553,38783.97,28566.016,32571.764
2022-11-21 15:00:00,26258.398,29075.553,38783.97,28566.016,32571.764
2022-11-21 16:00:00,26258.398,29075.553,38783.97,28566.016,32571.764
2022-11-21 17:00:00,26258.398,29075.553,38783.97,28566.016,32571.764
2022-11-21 18:00:00,26258.398,29075.553,38783.97,28566.016,32571.764
2022-11-21 19:00:00,26258.398,29075.553,38783.97,28566.016,32571.764
2022-11-21 20:00:00,26258.398,29075.553,38783.97,28566.016,32571.764
2022-11-21 21:00:00,26258.398,29075.553,38783.97,28566.016,32571.764
2022-11-21 22:00:00,26258.398,29075.553,38783.97,28566.016,32571.764
2022-11-21 23:00:00,26258.398,29075.553,38783.97,28566.016,32571.764
2022-11-22 00:00:00,26258.398,29075.553,38783.97,28566.016,32571.764
2022-11-22 01:00:00,26258.398,29075.553,38783.97,28566.016,32571.764
2022-11-22 02:00:00,26258.398,29075.553,38783.97,28566.016,32571.764
2022-11-22 03:00:00,26258.398,29075.553,38783.97,28566.016,32571.764
2022-11-22 04:00:00,26258.398,29075.553,38783.97,28566.016,32571.764
2022-11-22 05:00:00,26258.398,29075.553,38783.97,28566.016,32571.764
2022-11-22 06:00:00,26258.398,29075.553,38783.97,28566.016,32571.764
2022-11-22 07:00:00,26258.398,29075.553,38783.97,28566.016,32571.764
2022-11-22 08:00:00,26258.398,29075.553,38783.97,28566.016,32571.764
2022-11-22 09:00:00,26258.398,29075.553,38783.97,28566.016,32571.764
2022-11-22 10:00:00,26258.398,29075.553,38783.97,28566.016,32571.764
2022-11-22 11:00:00,26258.398,29075.553,38783.97,28566.016,32571.764
2022-11-22 12:00:00,26258.398,29075.553,38783.97,28566.016,32571.764
2022-11-22 13:00:00,26258.398,29075.553,38783.97,28566.016,32571.764
2022-11-22 14:00:00,26258.398,29075.553,38783.97,28566.016,32571.764
2022-11-22 15:00:00,26258.398,29075.553,38783.97,28566.016,32571.764
2022-11-22 16:00:00,26258.398,29075.553,38783.97,28566.016,32571.764
2022-11-22 17:00:00,26258.398,29075.553,38783.97,28566.016,32571.764
2022-11-22 18:00:00,26258.398,29075.553,38783.97,28566.016,32571.764
2022-11-22 19:00:00,26258.398,29075.553,38783.97,28566.016,32571.764
2022-11-22 20:00:00,26258.398,29075.553,38783.97,28566.016,32571.764
2022-11-22 21:00:00,26258.398,29075.553,38783.97,28566.016,32571.764
2022-11-22 22:00:00,26258.398,29075.553,38783.97,28566.016,32571.764
2022-11-22 23:00:00,26258.398,29075.553,38783.97,28566.016,32571.764
2022-11-23 00:00:00,26258.398,29075.553,38783.97,28566.016,32571.764
2022-11-23 01:00:00,26258.398,29075.553,38783.97,28566.016,32571.764
2022-11-23 02:00:00,26258.398,29075.553,38783.97,28566.016,32571.764
2022-11-23 03:00:00,26258.488,29075.553,38783.97,28566.016,32571.764
2022-11-23 04:00:00,26258.488,29075.553,38783.97,28566.016,32571.764
2022-11-23 05:00:00,26258.488,29075.553,38783.97,28566.016,32571.764
2022-11-23 06:00:00,26258.488,29075.553,38783.97,28566.016,32571.764
2022-11-23 07:00:00,26258.488,29075.553,38783.97,28566.016,32571.764
2022-11-23 08:00:00,26258.488,29075.553,38783.97,28566.016,32571.764
2022-11-23 09:00:00,26258.488,29075.553,38783.97,28566.016,32571.764
2022-11-23 10:00:00,26258.488,29075.553,38783.97,28566.016,32571.764
2022-11-23 11:00:00,26258.488,29075.553,38783.97,28566.016,32571.764
2022-11-23 12:00:00,26258.488,29075.553,38783.97,28566.016,32571.764
2022-11-23 13:00:00,26258.488,29075.553,38783.97,28566.016,32571.764
2022-11-23 14:00:00,26258.488,29075.553,38783.97,28566.016,32571.764
2022-11-23 15:00:00,26258.488,29075.553,38783.97,28566.016,32571.764
2022-11-23 16:00:00,26258.488,29075.553,38783.97,28566.016,32571.764
2022-11-23 17:00:00,26258.488,29075.553,38783.97,28566.016,32571.764
2022-11-23 18:00:00,26258.488,29075.553,38783.97,28566.016,32571.764
2022-11-23 19:00:00,26258.488,29075.553,38783.97,28566.016,32571.764
2022-11-23 20:00:00,26258.488,29075.553,38783.97,28566.016,32571.764
2022-11-23 21:00:00,26258.488,29075.553,38783.97,28566.016,32571.764
2022-11-23 22:00:00,26258.488,29075.553,38783.97,28566.016,32571.764
2022-11-23 23:00:00,26258.488,29075.553,38783.97,28566.016,32571.764
2022-11-24 00:00:00,26258.488,29075.553,38783.97,28566.016,32571.764
2022-11-24 01:00:00,26258.488,29075.553,38783.97,28566.016,32571.764
2022-11-24 02:00:00,26258.488,29075.553,38783.97,28566.016,32571.764
2022-11-24 03:00:00,26258.488,29075.553,38783.97,28566.016,32571.764
2022-11-24 04:00:00,26258.488,29075.553,38783.97,28566.016,32571.764
2022-11-24 05:00:00,26258.488,29075.553,38783.97,28566.016,32571.764
2022-11-24 06:00:00,26258.488,29075.553,38783.97,28566.016,32571.764
2022-11-24 07:00:00,26258.488,29075.553,38783.97,28566.016,32571.764
2022-11-24 08:00:00,26258.488,29075.553,38783.97,28566.016,32571.764
2022-11-24 09:00:00,26258.488,29075.553,38783.97,28566.016,32571.764
2022-11-24 10:00:00,26258.488,29075.553,38783.97,28566.016,32571.764
2022-11-24 11:00:00,26258.488,29075.553,38783.97,28566.016,32571.764
2022-11-24 12:00:00,26258.488,29075.553,38783.97,28566.016,32571.764
2022-11-24 13:00:00,26258.488,29075.553,38783.97,28566.016,32571.764
2022-11-24 14:00:00,26258.488,29075.553,38783.97,28566.016,32571.764
2022-11-24 15:00:00,26258.488,29075.553,38783.97,28566.016,32571.764
2022-11-24 16:00:00,26258.488,29075.553,38783.97,28566.016,32571.764
2022-11-24 17:00:00,26258.488,29075.553,38783.97,28566.016,32571.764
2022-11-24 18:00:00,26258.488,29075.553,38783.97,28566.016,32571.764
2022-11-24 19:00:00,26258.488,29075.553,38783.97,28566.016,32571.764
2022-11-24 20:00:00,26258.488,29075.553,38783.97,28566.016,32571.764
2022-11-24 21:00:00,26258.488,29075.553,38783.97,28566.016,32571.764
2022-11-24 22:00:00,26258.488,29075.553,38783.97,28566.016,32571.764
2022-11-24 23:00:00,26258.488,29075.553,38783.97,28566.016,32571.764
2022-11-25 00:00:00,26258.488,29075.553,38783.97,28566.016,32571.764
2022-11-25 01:00:00,26258.488,29075.553,38783.97,28566.016,32571.764
2022-11-25 02:00:00,26258.488,29075.553,38783.97,28566.016,32571.764
2022-11-25 03:00:00,26258.488,29075.553,38783.97,28566.016,32571.764
2022-11-25 04:00:00,26258.488,29075.553,38783.97,28566.016,32571.764
2022-11-25 05:00:00,26258.488,29075.553,38783.97,28566.016,32571.764
2022-11-25 06:00:00,26258.488,29075.553,38783.97,28566.016,32571.764
2022-11-25 07:00:00,26258.488,29075.553,38783.97,28566.016,32571.764
2022-11-25 08:00:00,26258.488,29075.553,38783.97,28566.016,32571.764
2022-11-25 09:00:00,26258.488,29075.553,38783.97,28566.016,32571.764
2022-11-25 10:00:00,26258.488,29075.69,38783.97,28566.016,32571.764
2022-11-25 11:00:00,26258.488,29076.8,38784.94,28566.016,32572.229
2022-11-25 12:00:00,26258.488,29078.154,38786.926,28566.016,32573.195
2022-11-25 13:00:00,26258.5,29080.496,38787.543,28566.016,32574.617
2022-11-25 14:00:00,26258.684,29081.494,38787.832,28566.016,32576.145
2022-11-25 15:00:00,26258.684,29081.494,38787.832,28566.016,32576.86
2022-11-25 16:00:00,26258.684,29081.494,38787.832,28566.016,32577.027
2022-11-25 17:00:00,26258.818,29081.916,38787.832,28566.016,32577.201
2022-11-25 18:00:00,26259.387,29082.234,38787.832,28566.016,32577.742
2022-11-25 19:00:00,26259.635,29082.234,38787.832,28566.016,32577.742
2022-11-25 20:00:00,26259.635,29082.234,38787.832,28566.016,32577.977
2022-11-25 21:00:00,26259.652,29082.234,38787.832,28566.016,32577.977
2022-11-25 22:00:00,26259.652,29082.299,38787.832,28566.016,32577.977
2022-11-25 23:00:00,26259.652,29082.299,38787.832,28566.016,32577.977
2022-11-26 00:00:00,26259.652,29082.438,38787.832,28566.016,32578.158
2022-11-26 01:00:00,26262.59,29083.46,38787.832,28568.87,32578.738
2022-11-26 02:00:00,26259.652,29082.299,38787.832,28566.016,32577.977
2022-11-26 03:00:00,26259.652,29082.299,38787.832,28566.016,32577.977
2022-11-26 04:00:00,26259.652,29082.299,38787.832,28566.016,32577.977
2022-11-26 05:00:00,26259.652,29082.299,38787.832,28566.016,32577.977
2022-11-26 06:00:00,26259.652,29082.299,38787.832,28566.016,32577.977
2022-11-26 07:00:00,26260.236,29083.248,38787.832,28566.559,32578.31
2022-11-26 08:00:00,26261.982,29083.4,38787.832,28567.879,32578.477
2022-11-26 09:00:00,26262.553,29083.455,38787.832,28568.424,32578.738
2022-11-26 10:00:00,26262.775,29083.46,38787.832,28568.87,32578.738
2022-11-26 11:00:00,26262.775,29083.46,38787.832,28568.87,32578.738
2022-11-26 12:00:00,26262.775,29083.46,38787.832,28568.87,32578.738
2022-11-26 13:00:00,26262.775,29083.668,38787.832,28569.146,32578.793
2022-11-26 14:00:00,26262.857,29084.098,38788.1,28569.547,32578.857
2022-11-26 15:00:00,26262.857,29084.35,38788.3,28569.662,32578.857
2022-11-26 16:00:00,26262.857,29084.834,38788.3,28569.662,32578.857
2022-11-26 17:00:00,26262.857,29085.145,38788.3,28569.744,32578.857
2022-11-26 18:00:00,26262.857,29085.145,38788.3,28569.744,32578.857
2022-11-26 19:00:00,26262.857,29085.145,38788.3,28569.744,32578.857
2022-11-26 20:00:00,26262.857,29085.145,38788.3,28569.744,32578.857
2022-11-26 21:00:00,26262.857,29085.145,38788.3,28569.744,32578.857
2022-11-26 22:00:00,26262.857,29085.145,38788.3,28569.744,32578.857
2022-11-26 23:00:00,26262.857,29085.145,38788.3,28569.744,32578.857
2022-11-27 00:00:00,26262.857,29085.145,38788.3,28569.744,32578.857
2022-11-27 01:00:00,26262.857,29085.145,38788.3,28569.744,32578.857
2022-11-27 02:00:00,26262.857,29085.145,38788.3,28569.744,32578.857
2022-11-27 03:00:00,26262.857,29085.145,38788.3,28569.744,32578.857
2022-11-27 04:00:00,26262.857,29085.145,38788.3,28569.744,32578.857
2022-11-27 05:00:00,26262.857,29085.145,38788.3,28569.744,32578.857
2022-11-27 06:00:00,26262.857,29085.145,38788.3,28569.744,32578.857
2022-11-27 07:00:00,26262.857,29085.145,38788.3,28569.744,32578.857
2022-11-27 08:00:00,26262.857,29085.145,38788.3,28569.744,32578.857
2022-11-27 09:00:00,26262.857,29085.145,38788.3,28569.744,32578.857
2022-11-27 10:00:00,26262.857,29085.145,38788.3,28569.744,32578.896
2022-11-27 11:00:00,26262.857,29086.773,38790.08,28569.744,32580.645
2022-11-27 12:00:00,26262.857,29090.22,38793.344,28569.799,32581.936
2022-11-27 13:00:00,26263.219,29092.998,38796.734,28569.814,32582.91
2022-11-27 14:00:00,26263.314,29096.3,38799.91,28569.814,32583.775
2022-11-27 15:00:00,26264.533,29098.84,38801.973,28569.814,32584.818
2022-11-27 16:00:00,26265.53,29100.977,38803.434,28570.502,32587.275
2022-11-27 17:00:00,26268.04,29103.71,38806.266,28572.064,32590.309
2022-11-27 18:00:00,26272.02,29107.014,38808.832,28574.182,32591.309
2022-11-27 19:00:00,26275.53,29107.762,38808.934,28574.816,32591.309
2022-11-27 20:00:00,26277.877,29107.762,38808.934,28574.824,32591.309
2022-11-27 21:00:00,26278.32,29107.762,38808.934,28574.893,32591.309
2022-11-27 22:00:00,26278.535,29107.762,38808.934,28574.893,32591.309
2022-11-27 23:00:00,26279.227,29108.158,38808.934,28576.312,32591.309
2022-11-28 00:00:00,26279.227,29109.383,38808.934,28577.842,32591.309
2022-11-28 01:00:00,26279.227,29110.133,38808.934,28579.252,32591.309
2022-11-28 02:00:00,26279.227,29110.225,38808.934,28580.441,32591.309
2022-11-28 03:00:00,26279.227,29110.934,38808.934,28580.62,32591.309
2022-11-28 04:00:00,26279.227,29111.33,38808.934,28580.62,32591.309
2022-11-28 05:00:00,26279.227,29111.33,38808.934,28580.62,32591.309
2022-11-28 06:00:00,26279.227,29111.33,38808.934,28580.62,32591.309
2022-11-28 07:00:00,26279.227,29111.33,38808.934,28580.62,32591.309
2022-11-28 08:00:00,26279.227,29111.33,38808.934,28580.62,32591.309
2022-11-28 09:00:00,26279.227,29111.33,38808.934,28580.62,32591.309
2022-11-28 10:00:00,26279.227,29111.33,38808.934,28580.62,32591.309
2022-11-28 11:00:00,26279.227,29111.33,38808.934,28580.754,32591.309
2022-11-28 12:00:00,26279.227,29111.33,38808.934,28582.252,32591.309
2022-11-28 13:00:00,26279.227,29111.805,38808.934,28583.773,32591.309
2022-11-28 14:00:00,26279.242,29112.29,38808.934,28584.443,32591.309
2022-11-28 15:00:00,26279.242,29112.57,38808.934,28584.82,32591.562
2022-11-28 16:00:00,26279.242,29112.62,38808.934,28584.82,32591.594
2022-11-28 17:00:00,26279.242,29112.62,38808.934,28584.82,32591.594
2022-11-28 18:00:00,26279.242,29112.62,38808.934,28584.82,32591.594
2022-11-28 19:00:00,26279.242,29112.62,38808.934,28584.82,32591.594
2022-11-28 20:00:00,26279.242,29112.62,38808.934,28584.82,32591.594
2022-11-28 21:00:00,26279.242,29112.62,38808.934,28584.82,32591.594
2022-11-28 22:00:00,26279.242,29112.62,38808.934,28584.82,32591.594
2022-11-28 23:00:00,26279.242,29112.62,38808.934,28584.82,32591.594
2022-11-29 00:00:00,26279.242,29112.62,38808.934,28584.82,32591.594
2022-11-29 01:00:00,26279.242,29112.62,38808.934,28584.82,32591.594
2022-11-29 02:00:00,26279.242,29112.62,38808.934,28584.82,32591.594
2022-11-29 03:00:00,26279.242,29112.62,38808.934,28584.82,32591.594
2022-11-29 04:00:00,26279.242,29112.62,38808.934,28584.82,32591.594
2022-11-29 05:00:00,26279.242,29112.62,38808.934,28584.82,32591.594
2022-11-29 06:00:00,26279.242,29112.62,38808.934,28584.82,32591.594
2022-11-29 07:00:00,26279.242,29112.62,38808.934,28584.82,32591.594
2022-11-29 08:00:00,26279.242,29112.62,38808.934,28584.82,32591.594
2022-11-29 09:00:00,26279.242,29112.62,38808.934,28584.82,32591.594
2022-11-29 10:00:00,26279.242,29112.62,38808.934,28584.82,32591.594
2022-11-29 11:00:00,26279.242,29112.62,38808.934,28584.82,32591.594
2022-11-29 12:00:00,26279.242,29112.62,38808.934,28584.82,32591.594
2022-11-29 13:00:00,26279.242,29112.62,38808.934,28584.82,32591.594
2022-11-29 14:00:00,26279.242,29112.62,38808.934,28584.82,32591.594
2022-11-29 15:00:00,26279.242,29112.62,38808.934,28584.82,32591.594
2022-11-29 16:00:00,26279.242,29112.62,38808.934,28584.82,32591.594
2022-11-29 17:00:00,26279.242,29112.62,38808.934,28584.82,32591.594
2022-11-29 18:00:00,26279.242,29112.62,38808.934,28584.82,32591.594
2022-11-29 19:00:00,26279.242,29112.62,38808.934,28584.82,32591.594
2022-11-29 20:00:00,26279.242,29112.62,38808.934,28584.82,32591.594
2022-11-29 21:00:00,26279.242,29112.62,38808.934,28584.82,32591.594
2022-11-29 22:00:00,26279.242,29112.62,38808.934,28584.82,32591.594
2022-11-29 23:00:00,26279.242,29112.62,38808.934,28584.82,32591.594
2022-11-30 00:00:00,26279.242,29112.62,38808.934,28584.82,32591.594
2022-11-30 01:00:00,26279.242,29112.62,38808.934,28584.82,32591.594
2022-11-30 02:00:00,26279.242,29112.62,38808.934,28584.82,32591.594
2022-11-30 03:00:00,26279.242,29112.62,38808.934,28584.82,32591.594
2022-11-30 04:00:00,26279.242,29112.62,38808.934,28584.82,32591.594
2022-11-30 05:00:00,26279.242,29112.62,38808.934,28584.82,32591.594
2022-11-30 06:00:00,26279.242,29112.62,38808.934,28584.82,32591.594
2022-11-30 07:00:00,26279.242,29112.62,38808.934,28584.82,32591.594
2022-11-30 08:00:00,26279.242,29112.62,38808.934,28584.82,32591.594
2022-11-30 09:00:00,26279.242,29112.62,38808.934,28584.82,32591.594
2022-11-30 10:00:00,26279.242,29112.62,38808.934,28584.82,32591.594
2022-11-30 11:00:00,26279.242,29112.62,38808.934,28584.82,32591.594
2022-11-30 12:00:00,26279.242,29112.62,38808.934,28584.82,32591.594
2022-11-30 13:00:00,26279.242,29112.62,38808.934,28584.82,32591.594
2022-11-30 14:00:00,26279.242,29112.62,38808.934,28584.82,32591.594
2022-11-30 15:00:00,26279.242,29112.62,38808.934,28584.82,32591.594
2022-11-30 16:00:00,26279.242,29112.62,38808.934,28584.82,32591.594
2022-11-30 17:00:00,26279.242,29112.62,38808.934,28584.82,32591.594
2022-11-30 18:00:00,26279.242,29112.62,38808.934,28584.82,32591.594
2022-11-30 19:00:00,26279.242,29112.62,38808.934,28584.82,32591.594
2022-11-30 20:00:00,26279.242,29112.62,38808.934,28584.82,32591.594
2022-11-30 21:00:00,26279.242,29112.62,38808.934,28584.82,32591.594
2022-11-30 22:00:00,26279.242,29112.62,38808.934,28584.82,32591.594
2022-11-30 23:00:00,26279.242,29112.62,38808.934,28584.82,32591.594
2022-12-01 00:00:00,26279.242,29112.62,38808.934,28584.82,32591.594
2022-12-01 01:00:00,26279.242,29112.62,38808.934,28584.82,32591.594
2022-12-01 02:00:00,26279.242,29112.62,38808.934,28584.82,32591.594
2022-12-01 03:00:00,26279.242,29112.62,38808.934,28584.82,32591.594
2022-12-01 04:00:00,26279.242,29112.62,38808.934,28584.82,32591.594
2022-12-01 05:00:00,26279.242,29112.62,38808.934,28584.82,32591.594
2022-12-01 06:00:00,26279.242,29112.62,38808.934,28584.82,32591.594
2022-12-01 07:00:00,26279.242,29112.62,38808.934,28584.82,32591.594
2022-12-01 08:00:00,26279.242,29112.62,38808.934,28584.82,32591.594
2022-12-01 09:00:00,26279.242,29112.62,38808.934,28584.82,32591.594
2022-12-01 10:00:00,26279.242,29112.62,38808.934,28584.82,32591.594
2022-12-01 11:00:00,26279.242,29112.62,38808.934,28584.82,32591.594
2022-12-01 12:00:00,26279.242,29112.62,38808.934,28584.82,32591.594
2022-12-01 13:00:00,26279.242,29112.62,38808.934,28584.82,32591.594
2022-12-01 14:00:00,26279.242,29112.62,38808.934,28584.82,32591.594
2022-12-01 15:00:00,26279.242,29112.62,38808.934,28584.82,32591.594
2022-12-01 16:00:00,26279.242,29112.62,38808.934,28584.82,32591.594
2022-12-01 17:00:00,26279.242,29112.62,38808.934,28584.82,32591.594
2022-12-01 18:00:00,26279.242,29112.62,38808.934,28584.82,32591.594
2022-12-01 19:00:00,26279.242,29112.62,38808.934,28584.82,32591.594
2022-12-01 20:00:00,26279.242,29112.62,38808.934,28584.82,32591.594
2022-12-01 21:00:00,26279.242,29112.62,38808.934,28584.82,32591.594
2022-12-01 22:00:00,26279.242,29112.62,38808.934,28584.82,32591.594
2022-12-01 23:00:00,26279.242,29112.62,38808.934,28584.82,32591.594
2022-12-02 00:00:00,26279.242,29112.62,38808.934,28584.82,32591.594
2022-12-02 01:00:00,26279.242,29112.62,38808.934,28584.82,32591.594
2022-12-02 02:00:00,26279.242,29112.62,38808.934,28584.82,32591.594
2022-12-02 03:00:00,26279.242,29112.62,38808.934,28584.82,32591.594
2022-12-02 04:00:00,26279.242,29112.62,38808.934,28584.82,32591.594
2022-12-02 05:00:00,26279.242,29112.62,38808.934,28584.82,32591.594
2022-12-02 06:00:00,26279.242,29112.62,38808.934,28584.82,32591.594
2022-12-02 07:00:00,26279.242,29112.62,38808.934,28584.82,32591.594
2022-12-02 08:00:00,26279.242,29112.62,38808.934,28584.82,32591.594
2022-12-02 09:00:00,26279.242,29112.62,38808.934,28584.82,32591.594
2022-12-02 10:00:00,26279.242,29112.62,38808.934,28584.82,32591.594
2022-12-02 11:00:00,26279.242,29112.62,38808.934,28584.82,32591.594
2022-12-02 12:00:00,26279.242,29112.62,38808.934,28584.82,32591.594
2022-12-02 13:00:00,26279.242,29112.62,38808.934,28584.82,32591.594
2022-12-02 14:00:00,26279.242,29112.62,38808.934,28584.82,32591.594
2022-12-02 15:00:00,26279.242,29112.62,38808.934,28584.82,32591.594
2022-12-02 16:00:00,26279.242,29112.62,38808.934,28584.82,32591.594
2022-12-02 17:00:00,26279.242,29112.62,38808.934,28584.82,32591.594
2022-12-02 18:00:00,26279.242,29112.62,38808.934,28584.82,32591.594
2022-12-02 19:00:00,26279.242,29112.62,38808.934,28584.82,32591.594
2022-12-02 20:00:00,26279.242,29112.62,38808.934,28584.82,32591.594
2022-12-02 21:00:00,26279.242,29112.62,38808.934,28584.82,32591.594
2022-12-02 22:00:00,26279.242,29112.62,38808.934,28584.82,32591.594
2022-12-02 23:00:00,26279.242,29112.62,38808.934,28584.82,32591.594
2022-12-03 00:00:00,26279.242,29112.62,38808.934,28584.82,32591.594
2022-12-03 01:00:00,26279.242,29112.62,38808.934,28584.82,32591.594
2022-12-03 02:00:00,26279.242,29112.62,38808.934,28584.82,32591.594
2022-12-03 03:00:00,26279.242,29112.62,38808.934,28584.82,32591.594
2022-12-03 04:00:00,26279.242,29112.62,38808.934,28584.82,32591.594
2022-12-03 05:00:00,26279.242,29112.62,38808.934,28584.82,32591.594
2022-12-03 06:00:00,26279.242,29112.62,38808.934,28584.82,32591.594
2022-12-03 07:00:00,26279.242,29112.62,38808.934,28584.82,32591.594
2022-12-03 08:00:00,26279.242,29112.62,38808.934,28584.82,32591.594
2022-12-03 09:00:00,26279.242,29112.62,38808.934,28584.82,32591.594
2022-12-03 10:00:00,26279.242,29112.62,38808.934,28584.82,32591.594
2022-12-03 11:00:00,26279.242,29112.62,38808.934,28584.82,32591.594
2022-12-03 12:00:00,26279.242,29112.62,38808.934,28584.82,32591.594
2022-12-03 13:00:00,26279.242,29112.62,38808.934,28584.82,32591.594
2022-12-03 14:00:00,26279.242,29112.62,38808.934,28584.82,32591.594
2022-12-03 15:00:00,26279.242,29112.62,38808.934,28584.82,32591.594
2022-12-03 16:00:00,26279.242,29112.62,38808.934,28584.82,32591.594
2022-12-03 17:00:00,26279.242,29112.62,38808.934,28584.82,32591.594
2022-12-03 18:00:00,26279.242,29112.62,38808.934,28584.82,32591.594
2022-12-03 19:00:00,26279.242,29112.62,38808.934,28584.82,32591.594
2022-12-03 20:00:00,26279.242,29112.62,38808.934,28584.82,32591.594
2022-12-03 21:00:00,26279.242,29112.62,38808.934,28584.82,32591.594
2022-12-03 22:00:00,26279.242,29112.62,38808.934,28584.82,32591.594
2022-12-03 23:00:00,26279.242,29112.62,38808.934,28584.82,32591.594
2022-12-04 00:00:00,26279.242,29112.62,38808.934,28584.82,32591.594
2022-12-04 01:00:00,26279.242,29112.62,38808.934,28584.82,32591.594
2022-12-04 02:00:00,26279.242,29112.62,38808.934,28584.82,32591.594
2022-12-04 03:00:00,26279.242,29112.62,38808.934,28584.82,32591.594
2022-12-04 04:00:00,26279.242,29112.62,38808.934,28584.82,32591.594
2022-12-04 05:00:00,26279.242,29112.62,38808.934,28584.82,32591.594
2022-12-04 06:00:00,26279.242,29112.62,38808.934,28584.82,32591.594
2022-12-04 07:00:00,26279.242,29112.62,38808.934,28584.82,32591.594
2022-12-04 08:00:00,26279.242,29112.62,38808.934,28584.82,32591.594
2022-12-04 09:00:00,26279.242,29112.62,38808.934,28584.82,32591.594
2022-12-04 10:00:00,26279.242,29112.62,38808.934,28584.82,32591.594
2022-12-04 11:00:00,26279.242,29112.62,38808.934,28584.82,32591.594
2022-12-04 12:00:00,26279.242,29112.62,38808.934,28584.82,32591.594
2022-12-04 13:00:00,26279.242,29112.62,38808.934,28584.82,32591.594
2022-12-04 14:00:00,26279.242,29112.62,38808.934,28584.82,32591.594
2022-12-04 15:00:00,26279.242,29112.62,38808.934,28584.82,32591.594
2022-12-04 16:00:00,26279.242,29112.62,38808.934,28584.82,32591.594
2022-12-04 17:00:00,26279.242,29112.62,38808.934,28584.82,32591.594
2022-12-04 18:00:00,26279.242,29112.62,38808.934,28584.82,32591.594
2022-12-04 19:00:00,26279.242,29112.62,38808.934,28584.82,32591.594
2022-12-04 20:00:00,26279.242,29112.62,38808.934,28584.82,32591.594
2022-12-04 21:00:00,26279.242,29112.62,38808.934,28584.82,32591.594
2022-12-04 22:00:00,26279.242,29112.62,38808.934,28584.82,32591.594
2022-12-04 23:00:00,26279.242,29112.62,38808.934,28584.82,32591.594
2022-12-05 00:00:00,26279.242,29112.62,38808.934,28584.82,32591.594
2022-12-05 01:00:00,26279.242,29112.62,38808.934,28584.82,32591.594
2022-12-05 02:00:00,26279.242,29112.62,38808.934,28584.82,32591.594
2022-12-05 03:00:00,26279.242,29112.62,38808.934,28584.82,32591.594
2022-12-05 04:00:00,26279.242,29112.62,38808.934,28584.82,32591.594
2022-12-05 05:00:00,26279.242,29112.62,38808.934,28584.82,32591.594
2022-12-05 06:00:00,26279.242,29112.62,38808.934,28584.82,32591.594
2022-12-05 07:00:00,26279.242,29112.62,38808.934,28584.82,32591.594
2022-12-05 08:00:00,26279.242,29112.62,38808.934,28584.82,32591.594
2022-12-05 09:00:00,26279.242,29112.62,38808.934,28584.82,32591.594
2022-12-05 10:00:00,26279.242,29112.62,38808.934,28584.82,32591.594
2022-12-05 11:00:00,26279.242,29112.62,38808.934,28584.82,32591.594
2022-12-05 12:00:00,26279.242,29112.62,38808.934,28584.82,32591.672
2022-12-05 13:00:00,26279.242,29112.85,38809.016,28584.82,32592.174
2022-12-05 14:00:00,26279.242,29112.85,38809.016,28584.895,32592.18
2022-12-05 15:00:00,26279.242,29112.85,38809.016,28584.895,32592.18
2022-12-05 16:00:00,26279.242,29112.85,38809.016,28584.895,32592.18
2022-12-05 17:00:00,26279.242,29112.85,38809.016,28584.895,32592.18
2022-12-05 18:00:00,26279.242,29112.85,38809.016,28584.895,32592.18
2022-12-05 19:00:00,26279.242,29112.85,38809.016,28584.895,32592.18
2022-12-05 20:00:00,26279.242,29112.85,38809.016,28584.895,32592.2
2022-12-05 21:00:00,26279.242,29112.85,38809.8,28584.895,32592.906
2022-12-05 22:00:00,26279.242,29112.85,38810.074,28584.895,32593.541
2022-12-05 23:00:00,26279.242,29112.85,38810.086,28584.895,32594.127
2022-12-06 00:00:00,26279.242,29112.85,38810.137,28584.895,32594.135
2022-12-06 01:00:00,26279.309,29112.85,38810.137,28584.895,32594.293
2022-12-06 02:00:00,26279.9,29112.85,38810.34,28584.895,32594.682
2022-12-06 03:00:00,26280.121,29112.85,38810.656,28584.895,32596.984
2022-12-06 04:00:00,26280.121,29112.85,38811.316,28584.895,32597.69
2022-12-06 05:00:00,26280.121,29112.85,38811.316,28584.895,32597.69
2022-12-06 06:00:00,26280.121,29112.85,38811.316,28584.895,32597.725
2022-12-06 07:00:00,26280.121,29112.85,38811.67,28584.895,32598.016
2022-12-06 08:00:00,26280.35,29112.85,38811.67,28584.895,32598.543
2022-12-06 09:00:00,26280.662,29112.85,38811.67,28584.9,32601.379
2022-12-06 10:00:00,26280.662,29113.637,38811.67,28584.98,32601.703
2022-12-06 11:00:00,26280.68,29113.637,38812.777,28585.201,32602.184
2022-12-06 12:00:00,26281.227,29113.637,38812.848,28585.715,32602.438
2022-12-06 13:00:00,26282.662,29113.637,38812.848,28585.72,32603.797
2022-12-06 14:00:00,26283.56,29113.797,38813.977,28585.984,32605.355
2022-12-06 15:00:00,26283.916,29114.148,38814.26,28586.373,32605.984
2022-12-06 16:00:00,26284.38,29114.148,38814.68,28587.111,32606.422
2022-12-06 17:00:00,26284.822,29114.506,38814.68,28587.115,32607.385
2022-12-06 18:00:00,26285.535,29114.506,38814.92,28587.21,32607.385
2022-12-06 19:00:00,26286.059,29114.506,38814.92,28587.635,32607.91
2022-12-06 20:00:00,26286.076,29114.514,38815.69,28587.635,32608.186
2022-12-06 21:00:00,26286.076,29114.514,38817.637,28587.635,32608.268
2022-12-06 22:00:00,26286.076,29114.514,38819.98,28587.635,32609.9
2022-12-06 23:00:00,26286.076,29115.203,38822.21,28588.297,32610.885
2022-12-07 00:00:00,26286.076,29115.203,38822.21,28588.361,32611.428
2022-12-07 01:00:00,26286.076,29115.613,38823.59,28588.361,32613.342
2022-12-07 02:00:00,26286.076,29116.527,38825.906,28588.361,32614.963
2022-12-07 03:00:00,26286.13,29116.629,38827.223,28588.361,32616.93
2022-12-07 04:00:00,26286.457,29116.803,38827.55,28588.385,32616.98
2022-12-07 05:00:00,26286.457,29116.895,38829.15,28588.385,32617.168
2022-12-07 06:00:00,26286.457,29117.188,38829.15,28588.385,32617.168
2022-12-07 07:00:00,26286.457,29117.188,38829.15,28588.385,32617.98
2022-12-07 08:00:00,26286.457,29117.188,38829.15,28588.385,32618.219
2022-12-07 09:00:00,26286.457,29117.188,38829.15,28588.385,32618.219
2022-12-07 10:00:00,26286.457,29117.188,38829.15,28588.385,32618.219
2022-12-07 11:00:00,26286.457,29117.188,38829.15,28588.385,32618.219
2022-12-07 12:00:00,26286.457,29117.188,38829.15,28588.385,32618.56
2022-12-07 13:00:00,26286.457,29117.188,38829.59,28588.385,32619.168
2022-12-07 14:00:00,26286.457,29117.188,38829.59,28588.385,32619.389
2022-12-07 15:00:00,26286.457,29117.188,38829.59,28588.385,32619.389
2022-12-07 16:00:00,26286.457,29117.188,38829.59,28588.385,32619.389
2022-12-07 17:00:00,26286.457,29117.188,38829.59,28588.385,32619.389
2022-12-07 18:00:00,26286.457,29117.188,38829.59,28588.385,32619.389
2022-12-07 19:00:00,26286.457,29117.188,38829.59,28588.385,32619.389
2022-12-07 20:00:00,26286.457,29117.188,38829.59,28588.385,32619.389
2022-12-07 21:00:00,26286.457,29117.188,38829.59,28588.385,32619.758
2022-12-07 22:00:00,26286.818,29117.188,38829.73,28588.385,32621.178
2022-12-07 23:00:00,26288.037,29118.41,38829.875,28589.2,32623.088
2022-12-08 00:00:00,26288.34,29119.664,38829.875,28590.225,32624.568
2022-12-08 01:00:00,26288.34,29119.896,38829.875,28590.225,32624.703
2022-12-08 02:00:00,26288.34,29119.896,38829.875,28590.225,32624.703
2022-12-08 03:00:00,26288.34,29119.896,38829.875,28590.225,32624.703
2022-12-08 04:00:00,26288.34,29119.896,38829.875,28590.225,32624.703
2022-12-08 05:00:00,26288.34,29119.896,38829.875,28590.225,32624.734
2022-12-08 06:00:00,26288.34,29119.896,38830.156,28590.225,32627.236
2022-12-08 07:00:00,26288.34,29120.742,38830.156,28590.225,32628.078
2022-12-08 08:00:00,26288.34,29120.742,38830.156,28590.225,32628.078
2022-12-08 09:00:00,26288.34,29120.742,38831.03,28590.225,32628.078
2022-12-08 10:00:00,26288.34,29120.742,38831.03,28590.225,32628.875
2022-12-08 11:00:00,26288.34,29120.742,38831.03,28590.225,32629.45
2022-12-08 12:00:00,26288.34,29120.742,38831.082,28590.225,32629.45
2022-12-08 13:00:00,26288.34,29121.363,38834.023,28590.75,32629.45
2022-12-08 14:00:00,26288.34,29121.363,38835.14,28590.75,32629.45
2022-12-08 15:00:00,26288.34,29121.363,38835.14,28590.75,32629.45
2022-12-08 16:00:00,26288.34,29121.363,38835.14,28590.75,32629.48
2022-12-08 17:00:00,26288.34,29121.363,38835.14,28590.75,32629.48
2022-12-08 18:00:00,26288.34,29121.363,38835.14,28590.75,32629.48
2022-12-08 19:00:00,26288.34,29121.363,38835.14,28590.75,32629.48
2022-12-08 20:00:00,26288.34,29121.363,38835.14,28590.75,32629.48
2022-12-08 21:00:00,26288.34,29121.363,38835.14,28590.75,32629.48
2022-12-08 22:00:00,26288.34,29121.363,38835.14,28590.75,32629.48
2022-12-08 23:00:00,26288.34,29121.363,38835.14,28590.75,32629.48
2022-12-09 00:00:00,26288.34,29121.363,38835.14,28590.75,32629.48
2022-12-09 01:00:00,26288.34,29121.363,38835.14,28590.75,32629.48
2022-12-09 02:00:00,26288.34,29121.363,38835.14,28590.75,32629.48
2022-12-09 03:00:00,26288.34,29121.363,38835.14,28590.75,32629.48
2022-12-09 04:00:00,26288.34,29121.363,38835.14,28590.75,32629.48
2022-12-09 05:00:00,26288.34,29121.363,38835.14,28590.75,32629.48
2022-12-09 06:00:00,26288.34,29121.363,38835.14,28590.75,32629.48
2022-12-09 07:00:00,26288.34,29121.363,38835.14,28590.75,32629.48
2022-12-09 08:00:00,26288.34,29121.363,38835.14,28590.75,32629.48
2022-12-09 09:00:00,26288.34,29121.363,38835.14,28590.75,32629.48
2022-12-09 10:00:00,26288.34,29121.363,38835.14,28590.75,32629.48
2022-12-09 11:00:00,26288.34,29121.363,38835.14,28590.75,32629.48
2022-12-09 12:00:00,26288.34,29121.363,38835.14,28590.75,32629.48
2022-12-09 13:00:00,26288.34,29121.363,38835.14,28590.75,32629.48
2022-12-09 14:00:00,26288.34,29121.363,38835.14,28590.75,32629.48
2022-12-09 15:00:00,26288.34,29121.363,38835.14,28590.75,32629.48
2022-12-09 16:00:00,26288.34,29121.363,38835.14,28590.75,32629.48
2022-12-09 17:00:00,26288.34,29121.363,38835.14,28590.75,32629.48
2022-12-09 18:00:00,26288.34,29121.363,38835.14,28590.75,32629.48
2022-12-09 19:00:00,26288.34,29121.363,38835.14,28590.75,32629.48
2022-12-09 20:00:00,26288.34,29121.363,38835.14,28590.75,32629.48
2022-12-09 21:00:00,26288.34,29121.363,38835.14,28590.75,32629.48
2022-12-09 22:00:00,26288.34,29121.363,38835.14,28590.75,32629.48
2022-12-09 23:00:00,26288.34,29121.363,38835.14,28590.75,32629.48
2022-12-10 00:00:00,26288.34,29121.363,38835.14,28590.75,32629.48
2022-12-10 01:00:00,26288.34,29121.363,38835.14,28590.75,32629.48
2022-12-10 02:00:00,26288.34,29121.363,38835.14,28590.75,32629.48
2022-12-10 03:00:00,26288.34,29121.363,38835.14,28590.75,32629.48
2022-12-10 04:00:00,26288.34,29121.363,38835.14,28590.75,32629.48
2022-12-10 05:00:00,26288.34,29121.363,38835.14,28590.75,32629.48
2022-12-10 06:00:00,26288.34,29121.363,38835.14,28590.75,32629.48
2022-12-10 07:00:00,26288.34,29121.363,38835.14,28590.75,32629.48
2022-12-10 08:00:00,26288.34,29121.363,38835.14,28590.75,32629.48
2022-12-10 09:00:00,26288.34,29121.363,38835.14,28590.75,32629.48
2022-12-10 10:00:00,26288.34,29121.363,38835.14,28590.75,32629.48
2022-12-10 11:00:00,26288.34,29121.363,38835.14,28590.75,32629.48
2022-12-10 12:00:00,26288.34,29121.363,38835.14,28590.75,32629.48
2022-12-10 13:00:00,26288.34,29121.363,38835.14,28590.75,32629.48
2022-12-10 14:00:00,26288.34,29121.363,38835.14,28590.75,32629.48
2022-12-10 15:00:00,26288.34,29121.363,38835.14,28590.75,32629.48
2022-12-10 16:00:00,26288.34,29121.363,38835.14,28590.75,32629.48
2022-12-10 17:00:00,26288.34,29121.363,38835.14,28590.75,32629.48
2022-12-10 18:00:00,26288.34,29121.363,38835.14,28590.75,32629.48
2022-12-10 19:00:00,26288.34,29121.363,38835.14,28590.75,32629.48
2022-12-10 20:00:00,26288.34,29121.363,38835.14,28590.75,32629.48
2022-12-10 21:00:00,26288.34,29121.363,38835.14,28590.75,32629.48
2022-12-10 22:00:00,26288.34,29121.363,38835.14,28590.75,32629.48
2022-12-10 23:00:00,26288.34,29121.363,38835.14,28590.75,32629.48
2022-12-11 00:00:00,26288.34,29121.363,38835.14,28590.75,32629.48
2022-12-11 01:00:00,26288.34,29121.363,38835.14,28590.75,32629.48
2022-12-11 02:00:00,26288.34,29121.363,38835.14,28590.75,32629.48
2022-12-11 03:00:00,26288.34,29121.363,38835.14,28590.75,32629.48
2022-12-11 04:00:00,26288.34,29121.363,38835.14,28590.75,32629.48
2022-12-11 05:00:00,26288.34,29121.363,38835.14,28590.75,32629.48
2022-12-11 06:00:00,26288.34,29121.363,38835.14,28590.75,32629.48
2022-12-11 07:00:00,26288.34,29121.363,38835.14,28590.75,32629.48
2022-12-11 08:00:00,26288.34,29121.363,38835.14,28590.75,32629.48
2022-12-11 09:00:00,26288.34,29121.363,38835.14,28590.75,32629.48
2022-12-11 10:00:00,26288.34,29121.363,38835.14,28590.75,32629.48
2022-12-11 11:00:00,26288.34,29121.363,38835.14,28590.75,32629.48
2022-12-11 12:00:00,26288.34,29121.363,38835.14,28590.75,32629.48
2022-12-11 13:00:00,26288.34,29121.363,38835.14,28590.75,32629.48
2022-12-11 14:00:00,26288.34,29121.363,38835.14,28590.75,32629.48
2022-12-11 15:00:00,26288.34,29121.363,38835.14,28590.75,32629.48
2022-12-11 16:00:00,26288.34,29121.363,38835.14,28590.75,32629.48
2022-12-11 17:00:00,26288.34,29121.363,38835.14,28590.75,32629.48
2022-12-11 18:00:00,26288.34,29121.363,38835.14,28590.75,32629.48
2022-12-11 19:00:00,26288.34,29121.363,38835.14,28590.75,32629.48
2022-12-11 20:00:00,26288.34,29121.363,38835.14,28590.75,32629.48
2022-12-11 21:00:00,26288.34,29121.363,38835.14,28590.75,32629.48
2022-12-11 22:00:00,26288.34,29121.363,38835.14,28590.75,32629.48
2022-12-11 23:00:00,26288.34,29121.363,38835.14,28590.75,32629.48
2022-12-12 00:00:00,26288.34,29121.363,38835.14,28590.75,32629.48
2022-12-12 01:00:00,26288.34,29121.363,38835.14,28590.75,32629.48
2022-12-12 02:00:00,26288.34,29121.363,38835.14,28590.75,32629.48
2022-12-12 03:00:00,26288.34,29121.363,38835.14,28590.75,32629.48
2022-12-12 04:00:00,26288.34,29121.363,38835.14,28590.75,32629.48
2022-12-12 05:00:00,26288.34,29121.363,38835.14,28590.75,32629.48
2022-12-12 06:00:00,26288.34,29121.363,38835.14,28590.75,32629.48
2022-12-12 07:00:00,26288.34,29121.363,38835.14,28590.75,32629.48
2022-12-12 08:00:00,26288.34,29121.363,38835.14,28590.75,32629.48
2022-12-12 09:00:00,26288.34,29121.363,38835.14,28590.75,32629.48
2022-12-12 10:00:00,26288.34,29121.363,38835.14,28590.75,32629.48
2022-12-12 11:00:00,26288.34,29121.363,38835.14,28590.75,32629.48
2022-12-12 12:00:00,26288.34,29121.363,38835.14,28590.75,32629.48
2022-12-12 13:00:00,26288.34,29121.363,38835.14,28590.75,32629.48
2022-12-12 14:00:00,26288.34,29121.363,38835.14,28590.75,32629.48
2022-12-12 15:00:00,26288.34,29121.363,38835.14,28590.75,32629.48
2022-12-12 16:00:00,26288.34,29121.363,38835.14,28590.75,32629.48
2022-12-12 17:00:00,26288.34,29121.363,38835.14,28590.75,32629.48
2022-12-12 18:00:00,26288.34,29121.363,38835.14,28590.75,32629.48
2022-12-12 19:00:00,26288.34,29121.363,38835.14,28590.75,32629.48
2022-12-12 20:00:00,26288.34,29121.363,38835.14,28590.75,32629.48
2022-12-12 21:00:00,26288.34,29121.363,38835.14,28590.75,32629.48
2022-12-12 22:00:00,26288.34,29121.363,38835.14,28590.75,32629.48
2022-12-12 23:00:00,26288.34,29121.363,38835.14,28590.75,32629.48
2022-12-13 00:00:00,26288.34,29121.363,38835.14,28590.75,32629.48
2022-12-13 01:00:00,26288.34,29121.363,38835.14,28590.75,32629.48
2022-12-13 02:00:00,26288.34,29121.363,38835.14,28590.75,32629.48
2022-12-13 03:00:00,26288.34,29121.363,38835.14,28590.75,32629.48
2022-12-13 04:00:00,26288.34,29121.363,38835.14,28590.75,32629.48
2022-12-13 05:00:00,26288.34,29121.363,38835.14,28590.75,32629.48
2022-12-13 06:00:00,26288.34,29121.363,38835.14,28590.75,32629.48
2022-12-13 07:00:00,26288.34,29121.363,38835.14,28590.75,32629.48
2022-12-13 08:00:00,26288.34,29121.363,38835.14,28590.75,32629.48
2022-12-13 09:00:00,26288.34,29121.363,38835.14,28590.75,32629.48
2022-12-13 10:00:00,26288.34,29121.363,38835.14,28590.75,32629.48
2022-12-13 11:00:00,26288.34,29121.363,38835.14,28590.75,32629.48
2022-12-13 12:00:00,26288.34,29121.363,38835.14,28590.75,32629.48
2022-12-13 13:00:00,26288.34,29121.363,38835.14,28590.75,32629.48
2022-12-13 14:00:00,26288.34,29121.363,38835.14,28590.75,32629.48
2022-12-13 15:00:00,26288.34,29121.363,38835.14,28590.75,32629.48
2022-12-13 16:00:00,26288.34,29121.363,38835.14,28590.75,32629.48
2022-12-13 17:00:00,26288.34,29121.363,38835.14,28590.75,32629.48
2022-12-13 18:00:00,26288.34,29121.363,38835.14,28590.75,32629.48
2022-12-13 19:00:00,26288.34,29121.363,38835.14,28590.75,32629.48
2022-12-13 20:00:00,26288.34,29121.363,38835.14,28590.75,32629.48
2022-12-13 21:00:00,26288.34,29121.363,38835.14,28590.75,32629.48
2022-12-13 22:00:00,26288.34,29121.363,38835.14,28590.75,32629.48
2022-12-13 23:00:00,26288.34,29121.363,38835.14,28590.75,32629.48
2022-12-14 00:00:00,26288.34,29121.363,38835.14,28590.75,32629.48
2022-12-14 01:00:00,26288.34,29121.363,38835.14,28590.75,32629.48
2022-12-14 02:00:00,26288.34,29121.363,38835.14,28590.75,32629.709
2022-12-14 03:00:00,26288.34,29121.363,38835.14,28590.75,32629.87
2022-12-14 04:00:00,26288.34,29121.363,38835.14,28590.75,32629.879
2022-12-14 05:00:00,26288.34,29121.363,38835.14,28590.75,32629.879
2022-12-14 06:00:00,26288.34,29121.363,38835.14,28590.75,32629.879
2022-12-14 07:00:00,26288.34,29121.363,38835.14,28590.75,32629.879
2022-12-14 08:00:00,26288.34,29121.363,38835.14,28590.75,32629.879
2022-12-14 09:00:00,26288.34,29121.363,38835.14,28590.75,32629.879
2022-12-14 10:00:00,26288.34,29121.363,38835.14,28590.75,32629.879
2022-12-14 11:00:00,26288.34,29121.363,38835.14,28590.75,32629.879
2022-12-14 12:00:00,26288.34,29121.363,38835.14,28590.75,32629.879
2022-12-14 13:00:00,26288.34,29121.363,38835.14,28590.75,32629.879
2022-12-14 14:00:00,26288.34,29121.363,38835.14,28590.75,32629.879
2022-12-14 15:00:00,26288.34,29121.363,38835.14,28590.75,32629.879
2022-12-14 16:00:00,26288.34,29121.363,38835.14,28590.75,32629.879
2022-12-14 17:00:00,26288.34,29121.363,38835.14,28590.75,32629.879
2022-12-14 18:00:00,26288.34,29121.363,38835.14,28590.75,32629.879
2022-12-14 19:00:00,26288.34,29121.363,38835.14,28590.75,32629.879
2022-12-14 20:00:00,26288.34,29121.363,38835.14,28590.75,32629.879
2022-12-14 21:00:00,26288.34,29121.363,38835.14,28590.75,32629.879
2022-12-14 22:00:00,26288.34,29121.363,38835.14,28590.75,32629.879
2022-12-14 23:00:00,26288.34,29121.363,38835.14,28590.75,32629.879
2022-12-15 00:00:00,26288.34,29121.363,38835.14,28590.75,32629.879
2022-12-15 01:00:00,26288.34,29121.363,38835.14,28590.75,32629.926
2022-12-15 02:00:00,26288.361,29121.363,38835.14,28590.75,32629.967
2022-12-15 03:00:00,26288.361,29121.363,38835.918,28590.75,32631.268
2022-12-15 04:00:00,26288.361,29121.363,38837.77,28590.75,32631.9
2022-12-15 05:00:00,26288.379,29121.363,38837.77,28590.75,32631.9
2022-12-15 06:00:00,26288.764,29121.363,38840.016,28590.75,32632.986
2022-12-15 07:00:00,26288.764,29122.396,38840.883,28591.438,32633.281
2022-12-15 08:00:00,26289.166,29122.398,38840.883,28591.44,32633.281
2022-12-15 09:00:00,26289.166,29122.398,38841.508,28591.44,32633.281
2022-12-15 10:00:00,26289.166,29122.398,38841.508,28591.44,32633.281
2022-12-15 11:00:00,26289.166,29122.398,38841.508,28591.44,32633.281
2022-12-15 12:00:00,26289.166,29122.398,38841.508,28591.44,32633.281
2022-12-15 13:00:00,26289.166,29122.398,38842.04,28591.44,32633.281
2022-12-15 14:00:00,26289.166,29122.398,38843.016,28591.44,32634.24
2022-12-15 15:00:00,26289.166,29122.398,38843.453,28591.44,32634.24
2022-12-15 16:00:00,26289.166,29122.398,38843.684,28591.44,32634.24
2022-12-15 17:00:00,26289.166,29122.398,38843.684,28591.44,32634.24
2022-12-15 18:00:00,26289.166,29122.398,38843.684,28591.44,32634.24
2022-12-15 19:00:00,26289.166,29122.398,38843.684,28591.44,32634.24
2022-12-15 20:00:00,26289.166,29122.398,38843.684,28591.44,32634.24
2022-12-15 21:00:00,26289.166,29122.398,38843.684,28591.44,32634.24
2022-12-15 22:00:00,26289.166,29122.398,38843.684,28591.44,32634.24
2022-12-15 23:00:00,26289.166,29122.398,38843.684,28591.44,32634.24
2022-12-16 00:00:00,26289.166,29122.398,38843.684,28591.44,32634.24
2022-12-16 01:00:00,26289.166,29122.398,38843.684,28591.44,32634.24
2022-12-16 02:00:00,26289.166,29122.398,38843.684,28591.44,32634.24
2022-12-16 03:00:00,26289.166,29122.398,38843.684,28591.44,32634.24
2022-12-16 04:00:00,26289.166,29122.398,38843.684,28591.44,32634.24
2022-12-16 05:00:00,26289.166,29122.398,38843.684,28591.44,32634.24
2022-12-16 06:00:00,26289.166,29122.398,38843.684,28591.44,32634.24
2022-12-16 07:00:00,26289.166,29122.398,38843.684,28591.44,32634.24
2022-12-16 08:00:00,26289.166,29122.398,38843.684,28591.44,32634.24
2022-12-16 09:00:00,26289.166,29122.398,38843.684,28591.44,32634.24
2022-12-16 10:00:00,26289.166,29122.398,38843.684,28591.44,32634.24
2022-12-16 11:00:00,26289.166,29122.398,38843.684,28591.44,32634.24
2022-12-16 12:00:00,26289.166,29122.398,38843.684,28591.44,32634.24
2022-12-16 13:00:00,26289.166,29122.398,38843.684,28591.44,32634.24
2022-12-16 14:00:00,26289.166,29122.398,38843.684,28591.44,32634.24
2022-12-16 15:00:00,26289.166,29122.398,38843.684,28591.44,32634.24
2022-12-16 16:00:00,26289.166,29122.398,38843.684,28591.44,32634.24
2022-12-16 17:00:00,26289.166,29122.398,38843.684,28591.44,32634.24
2022-12-16 18:00:00,26289.166,29122.398,38843.684,28591.44,32634.24
2022-12-16 19:00:00,26289.166,29122.398,38843.684,28591.44,32634.24
2022-12-16 20:00:00,26289.166,29122.398,38843.684,28591.44,32634.24
2022-12-16 21:00:00,26289.166,29122.398,38843.684,28591.44,32634.24
2022-12-16 22:00:00,26289.166,29122.398,38843.684,28591.44,32634.24
2022-12-16 23:00:00,26289.166,29122.398,38843.684,28591.77,32634.24
2022-12-17 00:00:00,26289.166,29122.398,38843.684,28592.414,32634.24
2022-12-17 01:00:00,26289.166,29122.537,38843.684,28592.414,32634.24
2022-12-17 02:00:00,26289.178,29122.88,38843.707,28592.578,32635.447
2022-12-17 03:00:00,26290.625,29123.947,38843.758,28593.781,32636.105
2022-12-17 04:00:00,26291.795,29124.0,38843.758,28594.535,32636.105
2022-12-17 05:00:00,26291.795,29124.0,38843.758,28594.535,32636.105
2022-12-17 06:00:00,26291.795,29124.0,38843.758,28594.535,32636.105
2022-12-17 07:00:00,26291.795,29124.0,38843.758,28594.535,32636.105
2022-12-17 08:00:00,26291.795,29124.0,38843.758,28594.535,32636.105
2022-12-17 09:00:00,26291.795,29124.0,38843.758,28594.535,32636.105
2022-12-17 10:00:00,26291.795,29124.0,38843.758,28594.535,32636.105
2022-12-17 11:00:00,26291.795,29124.0,38843.758,28594.535,32636.105
2022-12-17 12:00:00,26291.795,29124.0,38843.758,28594.535,32636.105
2022-12-17 13:00:00,26291.795,29124.0,38843.758,28594.535,32636.105
2022-12-17 14:00:00,26291.795,29124.328,38843.758,28594.535,32636.105
2022-12-17 15:00:00,26291.795,29124.328,38843.758,28594.535,32636.105
2022-12-17 16:00:00,26291.795,29124.328,38843.758,28594.535,32636.105
2022-12-17 17:00:00,26291.795,29124.328,38843.758,28594.535,32636.105
2022-12-17 18:00:00,26291.795,29124.328,38843.758,28594.535,32636.105
2022-12-17 19:00:00,26291.795,29124.346,38843.758,28594.535,32636.105
2022-12-17 20:00:00,26291.795,29125.625,38843.758,28595.121,32636.105
2022-12-17 21:00:00,26292.455,29125.861,38843.766,28595.504,32636.746
2022-12-17 22:00:00,26292.865,29127.742,38845.12,28596.342,32638.836
2022-12-17 23:00:00,26293.963,29130.01,38845.277,28597.684,32639.484
2022-12-18 00:00:00,26294.887,29131.719,38845.277,28598.938,32639.666
2022-12-18 01:00:00,26296.893,29133.746,38846.16,28600.754,32640.588
2022-12-18 02:00:00,26298.354,29134.436,38846.332,28602.95,32641.068
2022-12-18 03:00:00,26300.041,29134.783,38846.445,28603.414,32641.45
2022-12-18 04:00:00,26301.387,29135.885,38848.258,28605.775,32641.938
2022-12-18 05:00:00,26301.387,29137.1,38848.258,28606.248,32642.217
2022-12-18 06:00:00,26301.947,29138.367,38848.258,28607.828,32643.71
2022-12-18 07:00:00,26303.064,29139.066,38852.027,28610.512,32644.215
2022-12-18 08:00:00,26304.967,29140.08,38853.07,28611.312,32646.053
2022-12-18 09:00:00,26304.967,29140.08,38853.07,28611.7,32646.053
2022-12-18 10:00:00,26304.967,29140.08,38853.07,28611.908,32646.312
2022-12-18 11:00:00,26304.967,29140.08,38853.406,28611.945,32646.312
2022-12-18 12:00:00,26304.967,29140.08,38853.406,28611.945,32646.312
2022-12-18 13:00:00,26304.967,29140.12,38853.406,28611.977,32646.312
2022-12-18 14:00:00,26304.967,29140.12,38853.504,28611.984,32646.312
2022-12-18 15:00:00,26304.967,29140.12,38853.535,28611.984,32646.312
2022-12-18 16:00:00,26304.967,29140.12,38853.535,28611.984,32646.312
2022-12-18 17:00:00,26304.967,29140.12,38853.535,28611.984,32646.312
2022-12-18 18:00:00,26304.967,29140.12,38853.535,28611.984,32646.312
2022-12-18 19:00:00,26304.967,29140.12,38853.535,28611.984,32646.312
2022-12-18 20:00:00,26304.967,29140.12,38853.535,28611.984,32646.312
2022-12-18 21:00:00,26304.967,29140.12,38853.535,28611.984,32646.312
2022-12-18 22:00:00,26304.967,29140.12,38853.535,28611.984,32646.312
2022-12-18 23:00:00,26304.967,29140.12,38853.535,28611.984,32646.312
2022-12-19 00:00:00,26304.967,29140.12,38853.535,28611.984,32646.312
2022-12-19 01:00:00,26304.967,29140.12,38853.535,28611.984,32646.312
2022-12-19 02:00:00,26304.967,29140.12,38853.535,28611.984,32646.312
2022-12-19 03:00:00,26304.967,29140.12,38853.535,28611.984,32646.312
2022-12-19 04:00:00,26304.967,29140.12,38853.535,28611.984,32646.312
2022-12-19 05:00:00,26304.967,29140.12,38853.535,28611.984,32646.312
2022-12-19 06:00:00,26304.967,29140.12,38853.535,28611.984,32646.312
2022-12-19 07:00:00,26304.967,29140.12,38853.535,28611.984,32646.312
2022-12-19 08:00:00,26304.967,29140.12,38853.535,28611.984,32646.312
2022-12-19 09:00:00,26304.967,29140.12,38853.535,28611.984,32646.312
2022-12-19 10:00:00,26304.967,29140.12,38853.535,28611.984,32646.312
2022-12-19 11:00:00,26304.967,29140.12,38853.535,28611.984,32646.312
2022-12-19 12:00:00,26304.967,29140.12,38853.535,28611.984,32646.312
2022-12-19 13:00:00,26304.967,29140.12,38853.535,28611.984,32646.312
2022-12-19 14:00:00,26304.967,29140.12,38853.535,28611.984,32646.312
2022-12-19 15:00:00,26304.967,29140.12,38853.535,28611.984,32646.312
2022-12-19 16:00:00,26304.967,29140.12,38853.535,28611.984,32646.312
2022-12-19 17:00:00,26304.967,29140.35,38853.535,28611.984,32646.312
2022-12-19 18:00:00,26304.967,29140.41,38853.535,28612.205,32646.312
2022-12-19 19:00:00,26304.967,29140.41,38853.66,28612.672,32646.312
2022-12-19 20:00:00,26304.967,29140.41,38854.12,28612.998,32646.312
2022-12-19 21:00:00,26304.967,29140.41,38854.12,28612.998,32646.322
2022-12-19 22:00:00,26304.967,29140.41,38854.12,28612.998,32646.322
2022-12-19 23:00:00,26304.967,29140.41,38854.12,28612.998,32646.322
2022-12-20 00:00:00,26304.967,29141.533,38854.12,28612.998,32646.322
2022-12-20 01:00:00,26304.967,29142.314,38854.242,28613.023,32646.322
2022-12-20 02:00:00,26304.967,29142.871,38854.242,28613.023,32646.342
2022-12-20 03:00:00,26306.805,29143.99,38854.242,28613.023,32646.379
2022-12-20 04:00:00,26306.805,29143.99,38854.242,28613.023,32646.379
2022-12-20 05:00:00,26306.805,29144.262,38854.242,28613.023,32646.379
2022-12-20 06:00:00,26306.805,29144.262,38854.242,28613.023,32646.379
2022-12-20 07:00:00,26306.805,29144.262,38854.285,28613.023,32646.53
2022-12-20 08:00:00,26306.805,29144.262,38854.285,28613.023,32646.53
2022-12-20 09:00:00,26306.951,29144.305,38854.285,28613.186,32646.53
2022-12-20 10:00:00,26304.967,29142.25,38854.242,28612.998,32646.322
2022-12-20 11:00:00,26304.967,29142.314,38854.242,28613.023,32646.322
2022-12-20 12:00:00,26306.541,29143.99,38854.242,28613.023,32646.379
2022-12-20 13:00:00,26306.805,29143.99,38854.242,28613.023,32646.379
2022-12-20 14:00:00,26306.805,29144.05,38854.242,28613.023,32646.379
2022-12-20 15:00:00,26306.805,29144.262,38854.242,28613.023,32646.379
2022-12-20 16:00:00,26306.805,29144.262,38854.246,28613.023,32646.443
2022-12-20 17:00:00,26306.805,29144.262,38854.285,28613.023,32646.53
2022-12-20 18:00:00,26306.805,29144.262,38854.285,28613.11,32646.53
2022-12-20 19:00:00,26307.059,29144.662,38854.285,28613.186,32646.53
2022-12-20 20:00:00,26304.967,29140.701,38854.12,28612.998,32646.322
2022-12-20 21:00:00,26304.967,29140.861,38854.12,28612.998,32646.322
2022-12-20 22:00:00,26304.967,29141.533,38854.12,28612.998,32646.322
2022-12-20 23:00:00,26304.967,29141.533,38854.12,28612.998,32646.322
2022-12-21 00:00:00,26307.059,29145.46,38854.285,28613.186,32646.664
2022-12-21 01:00:00,26307.088,29146.281,38854.62,28613.814,32646.793
2022-12-21 02:00:00,26307.088,29146.42,38854.625,28613.94,32646.84
2022-12-21 03:00:00,26307.088,29146.91,38854.625,28613.94,32646.84
2022-12-21 04:00:00,26307.088,29147.35,38854.625,28614.168,32647.049
2022-12-21 05:00:00,26307.088,29147.35,38854.637,28614.168,32647.049
2022-12-21 06:00:00,26307.088,29147.35,38854.637,28614.168,32647.19
2022-12-21 07:00:00,26307.088,29147.477,38854.664,28614.178,32647.396
2022-12-21 08:00:00,26307.088,29147.63,38854.71,28614.18,32647.455
2022-12-21 09:00:00,26307.088,29147.883,38854.73,28614.367,32647.996
2022-12-21 10:00:00,26307.441,29149.504,38854.73,28614.656,32648.297
2022-12-21 11:00:00,26308.49,29149.504,38854.73,28615.072,32649.023
2022-12-21 12:00:00,26308.492,29149.504,38854.754,28615.072,32649.635
2022-12-21 13:00:00,26308.898,29149.504,38854.754,28615.072,32649.748
2022-12-21 14:00:00,26308.898,29149.504,38854.754,28615.072,32649.748
2022-12-21 15:00:00,26308.898,29151.348,38854.91,28615.63,32650.234
2022-12-21 16:00:00,26310.328,29152.715,38854.91,28616.744,32650.234
2022-12-21 17:00:00,26311.482,29152.715,38854.91,28616.75,32650.234
2022-12-21 18:00:00,26311.482,29154.324,38854.91,28617.422,32650.234
2022-12-21 19:00:00,26311.482,29154.71,38854.91,28617.71,32650.414
2022-12-21 20:00:00,26312.148,29156.764,38854.91,28618.834,32650.557
2022-12-21 21:00:00,26312.93,29157.277,38854.91,28619.957,32650.557
2022-12-21 22:00:00,26312.936,29158.977,38854.91,28621.055,32650.557
2022-12-21 23:00:00,26312.936,29159.408,38854.91,28621.969,32650.557
2022-12-22 00:00:00,26312.936,29159.414,38854.91,28621.969,32650.557
2022-12-22 01:00:00,26312.936,29159.414,38854.91,28622.152,32650.557
2022-12-22 02:00:00,26312.936,29159.414,38854.91,28622.152,32650.557
2022-12-22 03:00:00,26312.936,29159.414,38854.91,28622.152,32650.557
2022-12-22 04:00:00,26312.936,29159.414,38854.91,28622.152,32650.557
2022-12-22 05:00:00,26312.936,29159.414,38854.91,28622.152,32650.557
2022-12-22 06:00:00,26312.936,29159.414,38854.91,28622.152,32650.557
2022-12-22 07:00:00,26312.936,29159.414,38854.91,28622.152,32650.557
2022-12-22 08:00:00,26312.936,29159.414,38854.91,28622.152,32650.557
2022-12-22 09:00:00,26312.936,29159.414,38854.91,28622.152,32650.557
2022-12-22 10:00:00,26312.936,29159.414,38854.91,28622.152,32650.557
2022-12-22 11:00:00,26312.936,29159.414,38854.91,28622.152,32650.557
2022-12-22 12:00:00,26312.936,29159.414,38854.91,28622.152,32650.557
2022-12-22 13:00:00,26312.936,29159.414,38854.91,28622.152,32650.557
2022-12-22 14:00:00,26312.936,29159.414,38854.91,28622.152,32650.557
2022-12-22 15:00:00,26312.936,29159.414,38854.91,28622.152,32650.557
2022-12-22 16:00:00,26312.936,29159.414,38854.91,28622.152,32650.557
2022-12-22 17:00:00,26312.936,29159.414,38854.91,28622.152,32650.557
2022-12-22 18:00:00,26312.936,29159.414,38854.91,28622.152,32650.557
2022-12-22 19:00:00,26312.936,29159.414,38854.91,28622.152,32650.557
2022-12-22 20:00:00,26312.936,29159.414,38854.91,28622.152,32650.557
2022-12-22 21:00:00,26312.936,29159.414,38854.91,28622.152,32650.557
2022-12-22 22:00:00,26312.936,29159.414,38854.91,28622.152,32650.557
2022-12-22 23:00:00,26312.936,29159.414,38854.91,28622.152,32650.557
2022-12-23 00:00:00,26312.936,29159.414,38854.91,28622.152,32650.557
2022-12-23 01:00:00,26312.936,29159.414,38854.91,28622.152,32650.557
2022-12-23 02:00:00,26312.936,29159.414,38854.91,28622.152,32650.557
2022-12-23 03:00:00,26312.936,29159.414,38854.91,28622.152,32650.557
2022-12-23 04:00:00,26312.936,29159.414,38854.91,28622.152,32650.557
2022-12-23 05:00:00,26312.936,29159.414,38854.91,28622.152,32650.557
2022-12-23 06:00:00,26312.936,29159.414,38854.91,28622.152,32650.557
2022-12-23 07:00:00,26312.936,29159.414,38854.91,28622.152,32650.86
2022-12-23 08:00:00,26312.936,29159.414,38854.91,28622.152,32650.934
2022-12-23 09:00:00,26312.936,29159.414,38854.91,28622.152,32651.637
2022-12-23 10:00:00,26312.936,29159.414,38854.91,28622.152,32651.809
2022-12-23 11:00:00,26312.936,29159.414,38854.91,28622.152,32651.809
2022-12-23 12:00:00,26312.936,29159.414,38854.91,28622.152,32652.098
2022-12-23 13:00:00,26313.023,29159.414,38854.91,28622.152,32652.523
2022-12-23 14:00:00,26313.95,29159.414,38854.91,28622.152,32652.73
2022-12-23 15:00:00,26313.95,29159.414,38854.91,28622.152,32652.938
2022-12-23 16:00:00,26313.95,29159.414,38854.91,28622.152,32652.938
2022-12-23 17:00:00,26313.95,29159.414,38854.91,28622.152,32652.938
2022-12-23 18:00:00,26313.95,29159.414,38854.91,28622.152,32653.148
2022-12-23 19:00:00,26313.95,29159.414,38854.91,28622.152,32653.254
2022-12-23 20:00:00,26313.95,29159.414,38854.91,28622.152,32653.254
2022-12-23 21:00:00,26313.95,29159.414,38854.91,28622.152,32653.254
2022-12-23 22:00:00,26313.95,29159.414,38854.91,28622.152,32653.254
2022-12-23 23:00:00,26313.95,29159.414,38854.91,28622.152,32653.254
2022-12-24 00:00:00,26313.95,29159.414,38854.91,28622.152,32653.254
2022-12-24 01:00:00,26313.95,29159.414,38854.91,28622.152,32653.254
2022-12-24 02:00:00,26313.95,29159.414,38854.91,28622.152,32653.254
2022-12-24 03:00:00,26313.95,29159.414,38854.91,28622.152,32653.254
2022-12-24 04:00:00,26313.95,29159.414,38854.91,28622.152,32653.254
2022-12-24 05:00:00,26313.95,29159.414,38854.91,28622.152,32653.254
2022-12-24 06:00:00,26313.95,29159.414,38854.91,28622.152,32653.254
2022-12-24 07:00:00,26313.95,29159.414,38854.91,28622.152,32653.254
2022-12-24 08:00:00,26313.95,29159.414,38854.91,28622.152,32653.254
2022-12-24 09:00:00,26313.95,29159.414,38854.91,28622.152,32653.254
2022-12-24 10:00:00,26313.95,29159.414,38854.91,28622.152,32653.254
2022-12-24 11:00:00,26313.95,29159.414,38854.91,28622.152,32653.254
2022-12-24 12:00:00,26313.95,29159.414,38854.91,28622.152,32653.254
2022-12-24 13:00:00,26313.95,29159.414,38854.91,28622.152,32653.254
2022-12-24 14:00:00,26313.95,29159.414,38854.91,28622.152,32653.254
2022-12-24 15:00:00,26313.95,29159.414,38854.91,28622.152,32653.254
2022-12-24 16:00:00,26313.95,29159.414,38854.91,28622.152,32653.254
2022-12-24 17:00:00,26313.95,29159.414,38854.91,28622.152,32653.254
2022-12-24 18:00:00,26313.95,29159.414,38854.91,28622.152,32653.254
2022-12-24 19:00:00,26313.95,29159.414,38854.91,28622.152,32653.254
2022-12-24 20:00:00,26313.95,29159.414,38854.91,28622.152,32653.254
2022-12-24 21:00:00,26313.95,29159.414,38854.91,28622.152,32653.254
2022-12-24 22:00:00,26313.95,29159.414,38854.91,28622.152,32653.254
2022-12-24 23:00:00,26313.95,29159.414,38854.91,28622.152,32653.254
2022-12-25 00:00:00,26313.95,29159.414,38854.91,28622.152,32653.254
2022-12-25 01:00:00,26313.95,29159.414,38854.91,28622.152,32653.254
2022-12-25 02:00:00,26313.95,29159.414,38854.91,28622.152,32653.254
2022-12-25 03:00:00,26313.95,29159.414,38854.91,28622.152,32653.254
2022-12-25 04:00:00,26313.95,29159.414,38854.91,28622.152,32653.254
2022-12-25 05:00:00,26313.95,29159.414,38854.91,28622.152,32653.254
2022-12-25 06:00:00,26313.95,29159.414,38854.91,28622.152,32653.254
2022-12-25 07:00:00,26313.95,29159.414,38854.91,28622.152,32653.254
2022-12-25 08:00:00,26313.95,29159.44,38854.91,28622.152,32653.254
2022-12-25 09:00:00,26314.7,29160.254,38854.91,28623.562,32653.666
2022-12-25 10:00:00,26316.57,29161.172,38855.043,28626.06,32654.504
2022-12-25 11:00:00,26319.215,29161.172,38855.043,28627.754,32654.555
2022-12-25 12:00:00,26320.857,29161.172,38855.043,28629.396,32654.555
2022-12-25 13:00:00,26322.389,29161.172,38855.043,28630.559,32654.555
2022-12-25 14:00:00,26323.85,29161.701,38855.1,28630.664,32654.555
2022-12-25 15:00:00,26325.006,29161.959,38855.1,28631.38,32654.63
2022-12-25 16:00:00,26326.205,29161.959,38855.1,28631.393,32654.63
2022-12-25 17:00:00,26326.55,29162.527,38855.1,28631.682,32654.63
2022-12-25 18:00:00,26326.586,29162.652,38855.1,28631.682,32654.742
2022-12-25 19:00:00,26326.586,29162.652,38855.1,28631.682,32654.8
2022-12-25 20:00:00,26326.586,29163.057,38855.426,28631.688,32655.057
2022-12-25 21:00:00,26327.15,29163.822,38855.45,28632.855,32655.932
2022-12-25 22:00:00,26327.785,29165.28,38855.832,28634.047,32656.414
2022-12-25 23:00:00,26329.633,29167.703,38857.484,28635.697,32656.87
2022-12-26 00:00:00,26329.988,29170.11,38858.656,28636.42,32658.18
2022-12-26 01:00:00,26329.988,29171.578,38859.06,28637.006,32658.418
2022-12-26 02:00:00,26329.988,29173.281,38860.844,28637.084,32658.516
2022-12-26 03:00:00,26330.158,29173.533,38862.875,28637.445,32658.672
2022-12-26 04:00:00,26330.963,29175.822,38864.613,28638.055,32658.672
2022-12-26 05:00:00,26330.984,29177.434,38866.96,28638.14,32658.691
2022-12-26 06:00:00,26330.984,29177.434,38866.96,28638.14,32658.867
2022-12-26 07:00:00,26330.984,29177.44,38866.96,28638.14,32658.92
2022-12-26 08:00:00,26331.008,29177.47,38867.09,28638.14,32659.516
2022-12-26 09:00:00,26331.508,29178.623,38868.812,28638.238,32660.773
2022-12-26 10:00:00,26332.316,29178.758,38868.836,28638.512,32661.508
2022-12-26 11:00:00,26332.316,29178.758,38868.836,28638.512,32662.414
2022-12-26 12:00:00,26332.316,29178.775,38868.875,28638.512,32662.455
2022-12-26 13:00:00,26332.316,29178.775,38868.895,28638.512,32662.455
2022-12-26 14:00:00,26332.316,29178.775,38868.895,28638.512,32662.455
2022-12-26 15:00:00,26332.316,29178.932,38868.906,28638.512,32662.512
2022-12-26 16:00:00,26332.316,29179.03,38868.906,28638.615,32662.574
2022-12-26 17:00:00,26332.316,29179.645,38868.992,28638.775,32663.166
2022-12-26 18:00:00,26332.752,29179.979,38868.992,28639.422,32663.479
2022-12-26 19:00:00,26333.04,29180.385,38869.133,28639.85,32663.836
2022-12-26 20:00:00,26333.256,29180.385,38869.133,28640.004,32663.852
2022-12-26 21:00:00,26333.256,29180.477,38869.21,28640.014,32664.365
2022-12-26 22:00:00,26334.488,29181.734,38870.293,28641.31,32664.816
2022-12-26 23:00:00,26334.607,29182.078,38871.613,28641.656,32665.705
2022-12-27 00:00:00,26349.031,29197.508,38886.617,28654.58,32683.68
2022-12-27 01:00:00,26340.184,29190.648,38877.348,28648.504,32672.457
2022-12-27 02:00:00,26342.754,29190.977,38878.613,28650.691,32675.426
2022-12-27 03:00:00,26344.502,29191.836,38879.56,28651.225,32677.037
2022-12-27 04:00:00,26345.262,29192.717,38879.97,28651.895,32678.297
2022-12-27 05:00:00,26346.639,29193.053,38883.637,28651.936,32678.918
2022-12-27 06:00:00,26348.066,29193.5,38885.527,28653.125,32679.17
2022-12-27 07:00:00,26348.412,29193.5,38885.527,28653.125,32679.17
2022-12-27 08:00:00,26348.412,29194.326,38885.527,28653.125,32679.17
2022-12-27 09:00:00,26348.412,29194.58,38885.53,28653.262,32679.17
2022-12-27 10:00:00,26348.475,29194.803,38885.95,28653.262,32679.24
2022-12-27 11:00:00,26348.812,29196.357,38885.95,28653.35,32680.2
2022-12-27 12:00:00,26348.812,29196.357,38885.95,28653.727,32680.2
2022-12-27 13:00:00,26348.812,29196.496,38885.95,28653.803,32683.127
2022-12-27 14:00:00,26348.812,29197.111,38885.95,28654.58,32683.68
2022-12-27 15:00:00,26348.812,29197.508,38885.95,28654.58,32683.68
2022-12-27 16:00:00,26349.03,29197.508,38886.613,28654.58,32683.68
2022-12-27 17:00:00,26349.031,29197.508,38886.617,28654.58,32683.68
2022-12-27 18:00:00,26349.031,29197.508,38886.617,28654.58,32683.68
2022-12-27 19:00:00,26349.031,29197.508,38886.617,28654.58,32683.68
2022-12-27 20:00:00,26335.299,29182.371,38873.297,28641.994,32667.312
2022-12-27 21:00:00,26337.174,29183.826,38874.492,28644.004,32668.771
2022-12-27 22:00:00,26337.883,29185.135,38875.207,28644.832,32669.941
2022-12-27 23:00:00,26338.576,29187.197,38875.703,28646.992,32671.805
2022-12-28 00:00:00,26349.031,29197.508,38886.617,28654.58,32683.68
2022-12-28 01:00:00,26349.031,29197.508,38886.617,28654.58,32683.68
2022-12-28 02:00:00,26349.031,29197.508,38886.617,28654.58,32683.68
2022-12-28 03:00:00,26349.031,29197.508,38886.617,28654.58,32683.68
2022-12-28 04:00:00,26349.031,29197.508,38886.617,28654.58,32683.68
2022-12-28 05:00:00,26349.031,29197.508,38886.617,28654.58,32683.68
2022-12-28 06:00:00,26349.031,29197.508,38886.617,28654.58,32683.68
2022-12-28 07:00:00,26349.031,29197.508,38886.617,28654.58,32683.68
2022-12-28 08:00:00,26349.031,29197.508,38886.617,28654.58,32683.68
2022-12-28 09:00:00,26349.031,29197.508,38886.617,28654.58,32683.68
2022-12-28 10:00:00,26349.031,29197.508,38886.617,28654.58,32683.68
2022-12-28 11:00:00,26349.031,29197.508,38886.617,28654.58,32683.68
2022-12-28 12:00:00,26349.031,29197.508,38886.617,28654.58,32683.68
2022-12-28 13:00:00,26349.031,29197.508,38886.617,28654.58,32683.68
2022-12-28 14:00:00,26349.031,29197.508,38886.617,28654.58,32683.68
2022-12-28 15:00:00,26349.031,29197.508,38886.617,28654.58,32683.68
2022-12-28 16:00:00,26349.031,29197.508,38886.617,28654.58,32683.68
2022-12-28 17:00:00,26349.031,29197.508,38886.617,28654.58,32683.68
2022-12-28 18:00:00,26349.031,29197.508,38886.617,28654.58,32683.68
2022-12-28 19:00:00,26349.031,29197.508,38886.617,28654.58,32683.68
2022-12-28 20:00:00,26349.031,29197.508,38886.617,28654.58,32683.68
2022-12-28 21:00:00,26349.031,29197.508,38886.617,28654.58,32683.68
2022-12-28 22:00:00,26349.031,29197.508,38886.617,28654.58,32683.68
2022-12-28 23:00:00,26349.031,29197.508,38886.617,28654.58,32683.68
2022-12-29 00:00:00,26349.031,29197.508,38886.617,28654.58,32683.68
2022-12-29 01:00:00,26349.031,29197.508,38886.617,28654.58,32683.68
2022-12-29 02:00:00,26349.031,29197.508,38886.617,28654.58,32683.68
2022-12-29 03:00:00,26349.031,29197.508,38886.617,28654.58,32683.68
2022-12-29 04:00:00,26349.031,29197.508,38886.617,28654.588,32683.686
2022-12-29 05:00:00,26349.793,29197.508,38886.617,28654.898,32683.686
2022-12-29 06:00:00,26350.865,29197.559,38886.996,28655.488,32684.477
2022-12-29 07:00:00,26352.064,29198.748,38889.777,28656.975,32685.459
2022-12-29 08:00:00,26354.107,29199.828,38892.79,28657.818,32687.166
2022-12-29 09:00:00,26356.08,29200.156,38894.93,28657.818,32688.057
2022-12-29 10:00:00,26357.875,29201.193,38894.992,28657.906,32688.799
2022-12-29 11:00:00,26359.342,29202.613,38894.992,28657.934,32688.955
2022-12-29 12:00:00,26360.217,29202.768,38894.992,28658.625,32688.955
2022-12-29 13:00:00,26361.81,29203.11,38895.027,28659.295,32688.955
2022-12-29 14:00:00,26362.453,29203.11,38895.027,28659.295,32688.955
2022-12-29 15:00:00,26362.453,29203.11,38895.027,28659.295,32688.955
2022-12-29 16:00:00,26362.453,29203.35,38895.027,28659.295,32688.955
2022-12-29 17:00:00,26362.465,29203.967,38895.027,28659.625,32689.045
2022-12-29 18:00:00,26363.04,29205.518,38895.27,28660.477,32689.053
2022-12-29 19:00:00,26363.531,29206.365,38896.4,28661.21,32689.277
2022-12-29 20:00:00,26363.764,29207.018,38897.957,28662.264,32689.824
2022-12-29 21:00:00,26363.926,29208.078,38898.85,28663.285,32691.777
2022-12-29 22:00:00,26364.693,29208.25,38899.992,28663.393,32691.795
2022-12-29 23:00:00,26364.742,29209.402,38900.04,28664.002,32693.354
2022-12-30 00:00:00,26364.748,29210.137,38900.05,28664.062,32694.697
2022-12-30 01:00:00,26364.9,29210.604,38900.29,28664.658,32694.744
2022-12-30 02:00:00,26364.9,29210.604,38900.34,28664.662,32694.744
2022-12-30 03:00:00,26365.062,29210.914,38901.387,28664.88,32694.979
2022-12-30 04:00:00,26365.479,29210.914,38901.387,28664.88,32694.979
2022-12-30 05:00:00,26365.479,29210.92,38901.387,28664.88,32694.988
2022-12-30 06:00:00,26366.158,29212.377,38902.766,28665.857,32696.373
2022-12-30 07:00:00,26367.158,29212.377,38902.773,28666.156,32696.373
2022-12-30 08:00:00,26367.158,29212.377,38902.777,28666.16,32696.373
2022-12-30 09:00:00,26367.158,29212.377,38902.8,28666.16,32696.373
2022-12-30 10:00:00,26367.158,29212.377,38902.8,28666.16,32696.373
2022-12-30 11:00:00,26367.158,29212.598,38902.8,28666.16,32696.373
2022-12-30 12:00:00,26367.158,29212.598,38902.8,28666.16,32696.373
2022-12-30 13:00:00,26367.158,29212.598,38902.8,28666.16,32696.373
2022-12-30 14:00:00,26367.158,29212.598,38902.8,28666.16,32696.441
2022-12-30 15:00:00,26367.654,29213.117,38904.867,28666.893,32698.799
2022-12-30 16:00:00,26369.357,29214.629,38907.496,28668.623,32701.984
2022-12-30 17:00:00,26371.229,29216.094,38911.16,28670.49,32705.412
2022-12-30 18:00:00,26373.043,29218.637,38915.73,28671.494,32708.85
2022-12-30 19:00:00,26373.865,29220.035,38919.562,28674.107,32710.918
2022-12-30 20:00:00,26374.574,29221.197,38922.773,28677.357,32711.885
2022-12-30 21:00:00,26375.537,29221.578,38925.523,28679.033,32713.586
2022-12-30 22:00:00,26376.932,29221.65,38928.14,28680.57,32715.93
2022-12-30 23:00:00,26378.428,29221.734,38928.984,28681.22,32717.002
2022-12-31 00:00:00,26378.725,29222.06,38929.97,28681.496,32717.244
2022-12-31 01:00:00,26378.758,29222.133,38931.47,28681.496,32718.023
2022-12-31 02:00:00,26378.83,29222.201,38932.652,28681.516,32718.06
2022-12-31 03:00:00,26379.016,29222.768,38933.086,28681.717,32718.262
2022-12-31 04:00:00,26379.26,29223.129,38933.11,28681.717,32718.494
2022-12-31 05:00:00,26379.662,29223.643,38933.902,28681.756,32718.953
2022-12-31 06:00:00,26381.363,29223.963,38934.086,28682.318,32718.953
2022-12-31 07:00:00,26381.365,29223.963,38934.086,28682.318,32718.953
2022-12-31 08:00:00,26381.365,29224.0,38934.906,28682.318,32720.906
2022-12-31 09:00:00,26381.824,29224.146,38936.973,28682.447,32722.53
2022-12-31 10:00:00,26383.727,29224.477,38938.188,28682.596,32723.486
2022-12-31 11:00:00,26385.17,29224.93,38939.6,28683.504,32723.621
2022-12-31 12:00:00,26386.396,29224.938,38940.418,28683.855,32723.768
2022-12-31 13:00:00,26386.396,29224.938,38940.418,28683.855,32723.768
2022-12-31 14:00:00,26386.396,29224.938,38940.953,28683.855,32723.768
2022-12-31 15:00:00,26386.455,29224.938,38941.92,28683.855,32723.895
2022-12-31 16:00:00,26386.455,29224.938,38941.92,28683.873,32723.895
2022-12-31 17:00:00,26386.455,29225.178,38941.965,28683.873,32724.281
2022-12-31 18:00:00,26386.455,29225.178,38942.164,28684.096,32725.61
2022-12-31 19:00:00,26386.455,29225.457,38942.188,28684.629,32725.65
2022-12-31 20:00:00,26386.455,29225.457,38942.2,28684.629,32725.65
2022-12-31 21:00:00,26386.455,29225.457,38942.227,28684.629,32725.65
2022-12-31 22:00:00,26386.455,29225.457,38942.227,28684.629,32725.697
2022-12-31 23:00:00,26386.455,29225.457,38942.227,28684.629,32725.928
