date,MG,FL,OD,VS,SJ
2013-01-01 00:00:00,12142.711,13152.148,17601.3,13149.287,14489.802
2013-01-01 01:00:00,12142.711,13152.4,17601.652,13149.366,14490.409
2013-01-01 02:00:00,12142.711,13152.446,17601.652,13149.366,14490.871
2013-01-01 03:00:00,12142.711,13152.501,17601.725,13149.447,14493.089
2013-01-01 04:00:00,12142.711,13152.55,17601.785,13149.496,14494.825
2013-01-01 05:00:00,12142.711,13152.78,17602.252,13149.621,14495.328
2013-01-01 06:00:00,12142.711,13153.037,17602.252,13149.694,14495.9795
2013-01-01 07:00:00,12142.711,13153.051,17602.305,13149.758,14496.625
2013-01-01 08:00:00,12142.711,13153.297,17602.777,13149.8125,14497.7705
2013-01-01 09:00:00,12142.711,13153.323,17602.777,13150.068,14497.7705
2013-01-01 10:00:00,12142.795,13153.624,17602.795,13150.19,14498.14
2013-01-01 11:00:00,12142.795,13153.658,17602.871,13150.357,14499.023
2013-01-01 12:00:00,12142.795,13153.909,17603.4,13150.49,14499.775
2013-01-01 13:00:00,12142.864,13153.909,17604.312,13150.511,14500.145
2013-01-01 14:00:00,12142.864,13153.909,17604.488,13150.511,14500.145
2013-01-01 15:00:00,12142.864,13153.909,17604.598,13150.511,14500.245
2013-01-01 16:00:00,12142.864,13153.909,17604.746,13150.511,14500.584
2013-01-01 17:00:00,12142.864,13153.909,17605.096,13150.511,14501.841
2013-01-01 18:00:00,12142.864,13153.909,17605.096,13150.511,14501.925
2013-01-01 19:00:00,12142.864,13153.909,17605.096,13150.511,14501.925
2013-01-01 20:00:00,12142.864,13153.909,17605.096,13150.511,14502.98
2013-01-01 21:00:00,12142.864,13153.969,17605.096,13150.511,14502.98
2013-01-01 22:00:00,12142.864,13153.969,17605.096,13150.511,14502.98
2013-01-01 23:00:00,12142.864,13153.969,17605.096,13150.511,14503.206
2013-01-02 00:00:00,12142.864,13153.969,17605.096,13150.511,14503.501
2013-01-02 01:00:00,12142.864,13153.969,17605.104,13150.516,14504.691
2013-01-02 02:00:00,12142.864,13153.969,17605.115,13150.516,14505.016
2013-01-02 03:00:00,12142.864,13153.98,17605.115,13150.516,14505.356
2013-01-02 04:00:00,12142.864,13153.98,17605.115,13150.516,14505.356
2013-01-02 05:00:00,12142.864,13153.98,17605.115,13150.516,14505.356
2013-01-02 06:00:00,12142.864,13153.98,17605.115,13150.516,14505.359
2013-01-02 07:00:00,12142.864,13153.98,17605.115,13150.516,14505.359
2013-01-02 08:00:00,12142.864,13153.98,17605.158,13150.516,14505.359
2013-01-02 09:00:00,12142.864,13153.98,17605.158,13150.516,14505.359
2013-01-02 10:00:00,12142.864,13153.98,17605.158,13150.516,14505.359
2013-01-02 11:00:00,12142.864,13153.98,17605.158,13150.516,14505.359
2013-01-02 12:00:00,12142.864,13153.98,17605.158,13150.516,14505.359
2013-01-02 13:00:00,12142.864,13153.98,17605.158,13150.516,14505.359
2013-01-02 14:00:00,12142.864,13153.98,17605.158,13150.516,14505.359
2013-01-02 15:00:00,12142.864,13153.98,17605.158,13150.516,14505.359
2013-01-02 16:00:00,12142.864,13153.98,17605.158,13150.516,14505.361
2013-01-02 17:00:00,12142.864,13153.98,17605.168,13150.516,14505.414
2013-01-02 18:00:00,12142.864,13153.98,17605.22,13150.516,14505.68
2013-01-02 19:00:00,12142.864,13153.98,17605.22,13150.516,14505.68
2013-01-02 20:00:00,12142.864,13153.98,17605.22,13150.516,14505.68
2013-01-02 21:00:00,12142.864,13154.946,17605.242,13150.62,14505.68
2013-01-02 22:00:00,12143.585,13156.828,17605.246,13150.699,14505.68
2013-01-02 23:00:00,12144.909,13159.107,17605.445,13151.247,14505.922
2013-01-03 00:00:00,12146.12,13161.98,17608.008,13153.035,14506.35
2013-01-03 01:00:00,12147.627,13164.575,17610.125,13154.97,14506.953
2013-01-03 02:00:00,12148.438,13167.241,17610.852,13157.092,14508.5625
2013-01-03 03:00:00,12149.164,13169.81,17612.492,13158.85,14511.192
2013-01-03 04:00:00,12149.982,13172.286,17614.383,13160.189,14512.775
2013-01-03 05:00:00,12150.275,13173.148,17615.172,13160.717,14514.523
2013-01-03 06:00:00,12150.275,13173.148,17615.273,13161.154,14514.814
2013-01-03 07:00:00,12150.275,13173.148,17615.521,13161.566,14515.027
2013-01-03 08:00:00,12150.275,13173.24,17616.01,13161.863,14515.673
2013-01-03 09:00:00,12151.231,13174.674,17619.42,13164.469,14517.89
2013-01-03 10:00:00,12152.098,13175.274,17621.129,13166.306,14518.313
2013-01-03 11:00:00,12152.907,13175.753,17621.758,13166.608,14519.041
2013-01-03 12:00:00,12153.747,13177.965,17624.156,13168.166,14519.83
2013-01-03 13:00:00,12154.536,13178.868,17626.45,13169.542,14520.821
2013-01-03 14:00:00,12156.1455,13179.24,17627.621,13170.514,14521.16
2013-01-03 15:00:00,12157.451,13180.349,17629.535,13171.37,14522.946
2013-01-03 16:00:00,12157.487,13182.1,17630.686,13171.373,14522.946
2013-01-03 17:00:00,12157.851,13182.943,17631.924,13171.466,14522.946
2013-01-03 18:00:00,12158.041,13183.456,17633.312,13172.329,14522.946
2013-01-03 19:00:00,12158.35,13183.464,17634.27,13172.432,14522.946
2013-01-03 20:00:00,12158.646,13183.743,17634.64,13172.432,14522.946
2013-01-03 21:00:00,12158.808,13183.819,17635.484,13172.465,14523.079
2013-01-03 22:00:00,12158.818,13183.916,17635.525,13172.467,14523.378
2013-01-03 23:00:00,12158.821,13183.916,17635.531,13172.467,14523.699
2013-01-04 00:00:00,12158.821,13183.916,17635.531,13172.467,14523.744
2013-01-04 01:00:00,12158.823,13184.281,17635.967,13172.648,14525.409
2013-01-04 02:00:00,12158.823,13184.445,17637.598,13172.78,14526.442
2013-01-04 03:00:00,12159.048,13184.592,17639.857,13173.298,14527.392
2013-01-04 04:00:00,12159.61,13184.7295,17644.078,13174.218,14528.303
2013-01-04 05:00:00,12160.077,13185.2295,17648.748,13175.05,14529.708
2013-01-04 06:00:00,12160.693,13187.149,17654.91,13176.944,14531.675
2013-01-04 07:00:00,12162.225,13187.745,17658.611,13178.401,14532.806
2013-01-04 08:00:00,12162.347,13187.759,17658.887,13178.491,14533.235
2013-01-04 09:00:00,12162.358,13187.801,17658.924,13178.491,14533.522
2013-01-04 10:00:00,12162.358,13187.801,17658.924,13178.491,14534.055
2013-01-04 11:00:00,12162.358,13187.801,17658.924,13178.491,14535.345
2013-01-04 12:00:00,12162.358,13187.801,17658.924,13178.491,14537.257
2013-01-04 13:00:00,12162.358,13187.801,17658.924,13178.491,14538.288
2013-01-04 14:00:00,12162.358,13187.801,17658.924,13178.491,14538.288
2013-01-04 15:00:00,12162.358,13187.801,17658.924,13178.491,14538.288
2013-01-04 16:00:00,12162.358,13187.801,17658.924,13178.491,14538.288
2013-01-04 17:00:00,12162.358,13187.801,17658.924,13178.491,14538.288
2013-01-04 18:00:00,12162.358,13187.801,17658.924,13178.491,14538.288
2013-01-04 19:00:00,12162.358,13187.801,17658.924,13178.491,14538.288
2013-01-04 20:00:00,12162.358,13187.801,17658.924,13178.491,14538.288
2013-01-04 21:00:00,12162.358,13187.801,17658.924,13178.491,14538.288
2013-01-04 22:00:00,12162.358,13187.801,17658.924,13178.491,14538.288
2013-01-04 23:00:00,12162.358,13187.801,17658.924,13178.491,14538.288
2013-01-05 00:00:00,12162.358,13187.801,17658.924,13178.491,14538.288
2013-01-05 01:00:00,12162.358,13187.801,17658.924,13178.491,14538.288
2013-01-05 02:00:00,12162.358,13188.249,17658.924,13178.491,14538.575
2013-01-05 03:00:00,12162.358,13188.855,17658.924,13178.491,14539.351
2013-01-05 04:00:00,12162.358,13189.577,17658.924,13178.67,14539.981
2013-01-05 05:00:00,12162.358,13189.755,17658.924,13179.138,14540.545
2013-01-05 06:00:00,12162.358,13189.798,17658.924,13179.138,14542.165
2013-01-05 07:00:00,12162.358,13190.227,17658.924,13179.138,14543.129
2013-01-05 08:00:00,12162.358,13190.227,17658.924,13179.138,14543.129
2013-01-05 09:00:00,12162.358,13190.227,17658.924,13179.138,14543.129
2013-01-05 10:00:00,12162.358,13190.227,17658.924,13179.138,14543.129
2013-01-05 11:00:00,12162.358,13190.227,17658.924,13179.138,14543.129
2013-01-05 12:00:00,12162.358,13190.227,17658.924,13179.138,14543.129
2013-01-05 13:00:00,12162.358,13190.227,17658.924,13179.138,14543.129
2013-01-05 14:00:00,12162.358,13190.227,17658.924,13179.138,14543.129
2013-01-05 15:00:00,12162.358,13190.227,17658.924,13179.138,14543.129
2013-01-05 16:00:00,12162.358,13190.227,17658.924,13179.138,14543.129
2013-01-05 17:00:00,12162.358,13190.227,17658.924,13179.138,14543.129
2013-01-05 18:00:00,12162.358,13190.227,17658.924,13179.138,14543.129
2013-01-05 19:00:00,12162.358,13190.227,17658.924,13179.138,14543.129
2013-01-05 20:00:00,12162.358,13190.227,17658.924,13179.138,14543.129
2013-01-05 21:00:00,12162.358,13190.227,17658.924,13179.138,14543.129
2013-01-05 22:00:00,12162.358,13190.227,17658.924,13179.138,14543.129
2013-01-05 23:00:00,12162.358,13190.227,17658.924,13179.138,14543.129
2013-01-06 00:00:00,12162.358,13190.227,17658.924,13179.138,14543.129
2013-01-06 01:00:00,12162.358,13190.227,17658.924,13179.138,14543.129
2013-01-06 02:00:00,12162.358,13190.227,17658.924,13179.138,14543.129
2013-01-06 03:00:00,12162.358,13190.227,17658.924,13179.138,14543.129
2013-01-06 04:00:00,12162.358,13190.227,17658.924,13179.138,14543.137
2013-01-06 05:00:00,12162.358,13190.227,17658.924,13179.138,14543.189
2013-01-06 06:00:00,12162.358,13190.227,17658.924,13179.138,14543.189
2013-01-06 07:00:00,12162.358,13190.293,17658.924,13179.138,14543.572
2013-01-06 08:00:00,12162.358,13190.366,17658.924,13179.138,14544.17
2013-01-06 09:00:00,12162.358,13190.366,17658.924,13179.138,14544.773
2013-01-06 10:00:00,12162.358,13190.366,17658.924,13179.138,14544.773
2013-01-06 11:00:00,12162.358,13190.366,17658.924,13179.138,14544.808
2013-01-06 12:00:00,12162.358,13190.366,17658.924,13179.138,14544.808
2013-01-06 13:00:00,12162.358,13190.366,17658.924,13179.138,14544.808
2013-01-06 14:00:00,12162.358,13190.366,17658.924,13179.138,14544.808
2013-01-06 15:00:00,12162.358,13190.366,17658.924,13179.138,14544.808
2013-01-06 16:00:00,12162.358,13190.366,17658.924,13179.138,14544.813
2013-01-06 17:00:00,12162.358,13190.366,17658.924,13179.138,14544.813
2013-01-06 18:00:00,12162.358,13190.366,17658.924,13179.138,14544.813
2013-01-06 19:00:00,12162.358,13190.366,17658.924,13179.138,14544.813
2013-01-06 20:00:00,12162.358,13190.366,17658.924,13179.138,14544.813
2013-01-06 21:00:00,12162.358,13190.372,17658.924,13179.138,14544.813
2013-01-06 22:00:00,12162.358,13190.372,17658.924,13179.138,14544.813
2013-01-06 23:00:00,12162.358,13190.372,17658.924,13179.138,14544.813
2013-01-07 00:00:00,12162.358,13190.372,17658.924,13179.138,14544.813
2013-01-07 01:00:00,12162.358,13190.372,17658.924,13179.138,14544.813
2013-01-07 02:00:00,12162.358,13190.372,17658.924,13179.138,14544.813
2013-01-07 03:00:00,12162.358,13190.372,17658.924,13179.138,14544.813
2013-01-07 04:00:00,12162.358,13190.372,17658.924,13179.138,14544.813
2013-01-07 05:00:00,12162.358,13190.372,17658.924,13179.138,14544.813
2013-01-07 06:00:00,12162.358,13190.372,17658.924,13179.138,14544.813
2013-01-07 07:00:00,12162.358,13190.534,17658.924,13179.138,14544.813
2013-01-07 08:00:00,12162.358,13190.668,17659.309,13179.155,14545.9795
2013-01-07 09:00:00,12162.655,13190.926,17659.979,13179.155,14546.426
2013-01-07 10:00:00,12163.069,13190.926,17659.979,13179.155,14546.426
2013-01-07 11:00:00,12163.069,13190.926,17659.979,13179.155,14547.194
2013-01-07 12:00:00,12163.446,13191.522,17659.99,13179.248,14547.59
2013-01-07 13:00:00,12164.3125,13192.015,17660.02,13179.321,14547.769
2013-01-07 14:00:00,12164.926,13192.363,17660.197,13179.321,14547.776
2013-01-07 15:00:00,12165.272,13193.1045,17660.387,13179.321,14547.776
2013-01-07 16:00:00,12165.316,13193.583,17660.693,13179.412,14548.068
2013-01-07 17:00:00,12165.316,13193.864,17660.795,13179.477,14548.434
2013-01-07 18:00:00,12165.332,13193.987,17661.193,13179.479,14548.673
2013-01-07 19:00:00,12165.332,13194.214,17661.418,13179.54,14549.092
2013-01-07 20:00:00,12165.332,13194.407,17661.459,13179.557,14549.584
2013-01-07 21:00:00,12165.347,13194.492,17661.459,13179.674,14549.613
2013-01-07 22:00:00,12165.351,13194.831,17661.459,13179.674,14549.775
2013-01-07 23:00:00,12165.351,13194.831,17661.459,13179.674,14549.775
2013-01-08 00:00:00,12165.408,13194.831,17661.459,13179.674,14549.775
2013-01-08 01:00:00,12165.408,13194.831,17661.459,13179.674,14549.775
2013-01-08 02:00:00,12165.408,13194.831,17661.459,13179.674,14549.775
2013-01-08 03:00:00,12165.408,13194.831,17661.459,13179.674,14549.775
2013-01-08 04:00:00,12165.408,13194.831,17661.459,13179.674,14549.775
2013-01-08 05:00:00,12165.408,13194.831,17661.459,13179.674,14549.775
2013-01-08 06:00:00,12165.408,13194.831,17661.459,13179.674,14549.775
2013-01-08 07:00:00,12165.408,13194.831,17661.459,13179.674,14549.775
2013-01-08 08:00:00,12165.408,13194.831,17661.459,13179.674,14549.775
2013-01-08 09:00:00,12165.408,13194.831,17661.459,13179.674,14549.775
2013-01-08 10:00:00,12165.408,13194.831,17661.459,13179.674,14549.775
2013-01-08 11:00:00,12165.408,13194.831,17661.459,13179.674,14549.775
2013-01-08 12:00:00,12165.408,13194.831,17661.459,13179.674,14549.775
2013-01-08 13:00:00,12165.408,13194.831,17661.459,13179.674,14549.775
2013-01-08 14:00:00,12165.408,13194.831,17661.459,13179.674,14549.775
2013-01-08 15:00:00,12165.408,13194.831,17661.459,13179.674,14549.775
2013-01-08 16:00:00,12165.408,13194.831,17661.459,13179.674,14549.775
2013-01-08 17:00:00,12165.408,13194.831,17661.459,13179.674,14549.775
2013-01-08 18:00:00,12165.351,13194.831,17661.459,13179.674,14549.775
2013-01-08 19:00:00,12165.351,13194.831,17661.459,13179.674,14549.775
2013-01-08 20:00:00,12165.351,13194.831,17661.459,13179.674,14549.775
2013-01-08 21:00:00,12165.351,13194.831,17661.459,13179.674,14549.775
2013-01-08 22:00:00,12165.408,13194.831,17661.459,13179.674,14549.775
2013-01-08 23:00:00,12165.408,13194.831,17661.459,13179.674,14549.775
2013-01-09 00:00:00,12165.408,13194.831,17661.459,13179.674,14549.775
2013-01-09 01:00:00,12165.408,13194.856,17661.459,13179.674,14549.775
2013-01-09 02:00:00,12165.408,13195.336,17661.459,13179.675,14549.775
2013-01-09 03:00:00,12165.408,13195.695,17661.459,13179.697,14549.826
2013-01-09 04:00:00,12165.408,13196.225,17661.459,13179.716,14549.899
2013-01-09 05:00:00,12165.408,13196.592,17661.47,13180.32,14550.157
2013-01-09 06:00:00,12165.408,13196.592,17661.47,13180.32,14550.157
2013-01-09 07:00:00,12165.408,13196.592,17661.47,13180.32,14550.962
2013-01-09 08:00:00,12165.408,13196.592,17661.47,13180.32,14550.962
2013-01-09 09:00:00,12165.408,13196.592,17661.47,13180.32,14550.962
2013-01-09 10:00:00,12165.408,13196.592,17661.47,13180.32,14550.962
2013-01-09 11:00:00,12165.408,13196.592,17661.47,13180.32,14550.962
2013-01-09 12:00:00,12165.408,13196.592,17661.47,13180.32,14550.962
2013-01-09 13:00:00,12165.408,13196.592,17661.47,13180.32,14550.962
2013-01-09 14:00:00,12165.408,13196.592,17661.47,13180.32,14550.962
2013-01-09 15:00:00,12165.408,13196.592,17661.47,13180.32,14550.962
2013-01-09 16:00:00,12165.408,13196.592,17661.47,13180.32,14550.962
2013-01-09 17:00:00,12165.408,13196.592,17661.47,13180.32,14550.962
2013-01-09 18:00:00,12165.408,13196.592,17661.47,13180.32,14550.962
2013-01-09 19:00:00,12165.408,13196.592,17661.47,13180.32,14550.962
2013-01-09 20:00:00,12165.408,13196.592,17661.47,13180.32,14550.962
2013-01-09 21:00:00,12165.408,13196.592,17661.47,13180.32,14550.962
2013-01-09 22:00:00,12165.408,13196.592,17661.47,13180.32,14550.962
2013-01-09 23:00:00,12165.408,13196.592,17661.47,13180.32,14550.962
2013-01-10 00:00:00,12165.408,13196.592,17661.47,13180.32,14550.962
2013-01-10 01:00:00,12165.408,13196.592,17661.47,13180.32,14550.962
2013-01-10 02:00:00,12165.408,13196.592,17661.47,13180.32,14550.962
2013-01-10 03:00:00,12165.408,13196.592,17661.47,13180.32,14550.962
2013-01-10 04:00:00,12165.408,13196.592,17661.47,13180.32,14550.962
2013-01-10 05:00:00,12165.408,13196.592,17661.47,13180.32,14550.962
2013-01-10 06:00:00,12165.408,13196.592,17661.47,13180.32,14550.962
2013-01-10 07:00:00,12165.408,13196.592,17661.47,13180.32,14550.962
2013-01-10 08:00:00,12165.408,13196.592,17661.47,13180.32,14550.962
2013-01-10 09:00:00,12165.408,13196.592,17661.47,13180.32,14550.962
2013-01-10 10:00:00,12165.408,13196.592,17661.47,13180.32,14550.962
2013-01-10 11:00:00,12165.408,13196.592,17661.47,13180.32,14550.962
2013-01-10 12:00:00,12165.408,13196.592,17661.47,13180.32,14550.962
2013-01-10 13:00:00,12165.408,13196.592,17661.47,13180.32,14550.962
2013-01-10 14:00:00,12165.408,13196.592,17661.47,13180.32,14550.962
2013-01-10 15:00:00,12165.408,13196.592,17661.47,13180.32,14550.962
2013-01-10 16:00:00,12165.408,13196.592,17661.47,13180.32,14550.962
2013-01-10 17:00:00,12165.408,13196.592,17661.47,13180.32,14550.962
2013-01-10 18:00:00,12165.408,13196.592,17661.47,13180.32,14550.962
2013-01-10 19:00:00,12165.408,13196.592,17661.47,13180.32,14550.962
2013-01-10 20:00:00,12165.408,13196.592,17661.47,13180.32,14550.962
2013-01-10 21:00:00,12165.408,13196.592,17661.47,13180.32,14550.962
2013-01-10 22:00:00,12165.408,13196.592,17661.47,13180.32,14550.962
2013-01-10 23:00:00,12165.408,13196.592,17661.47,13180.32,14550.962
2013-01-11 00:00:00,12165.408,13196.592,17661.47,13180.32,14550.962
2013-01-11 01:00:00,12165.408,13196.592,17661.47,13180.32,14550.962
2013-01-11 02:00:00,12165.408,13196.592,17661.47,13180.32,14550.962
2013-01-11 03:00:00,12165.408,13196.592,17661.47,13180.32,14550.962
2013-01-11 04:00:00,12165.408,13196.592,17661.47,13180.32,14550.962
2013-01-11 05:00:00,12165.408,13196.592,17661.47,13180.32,14550.962
2013-01-11 06:00:00,12165.408,13196.592,17661.47,13180.32,14550.962
2013-01-11 07:00:00,12165.408,13196.592,17661.47,13180.32,14550.962
2013-01-11 08:00:00,12165.408,13196.592,17661.47,13180.32,14550.962
2013-01-11 09:00:00,12165.408,13196.592,17661.47,13180.32,14550.962
2013-01-11 10:00:00,12165.408,13196.592,17661.47,13180.32,14550.962
2013-01-11 11:00:00,12165.408,13196.592,17661.47,13180.32,14550.962
2013-01-11 12:00:00,12165.408,13196.592,17661.47,13180.32,14550.962
2013-01-11 13:00:00,12165.408,13196.592,17661.47,13180.32,14550.962
2013-01-11 14:00:00,12165.408,13196.592,17661.47,13180.32,14550.962
2013-01-11 15:00:00,12165.408,13196.592,17661.47,13180.32,14550.962
2013-01-11 16:00:00,12165.408,13196.592,17661.47,13180.32,14550.962
2013-01-11 17:00:00,12165.408,13196.592,17661.47,13180.32,14550.962
2013-01-11 18:00:00,12165.408,13196.592,17661.47,13180.32,14550.962
2013-01-11 19:00:00,12165.408,13196.592,17661.47,13180.32,14550.962
2013-01-11 20:00:00,12165.408,13196.592,17661.47,13180.32,14550.962
2013-01-11 21:00:00,12165.408,13196.592,17661.47,13180.32,14550.962
2013-01-11 22:00:00,12165.408,13196.592,17661.47,13180.32,14550.962
2013-01-11 23:00:00,12165.408,13196.592,17661.47,13180.32,14550.962
2013-01-12 00:00:00,12165.408,13196.592,17661.47,13180.32,14550.962
2013-01-12 01:00:00,12165.408,13196.592,17661.47,13180.32,14550.962
2013-01-12 02:00:00,12165.408,13196.592,17661.47,13180.32,14550.962
2013-01-12 03:00:00,12165.408,13196.592,17661.47,13180.32,14550.962
2013-01-12 04:00:00,12165.408,13196.592,17661.47,13180.32,14550.962
2013-01-12 05:00:00,12165.408,13196.592,17661.47,13180.32,14550.962
2013-01-12 06:00:00,12165.408,13196.592,17661.47,13180.32,14550.962
2013-01-12 07:00:00,12165.408,13196.592,17661.47,13180.32,14550.962
2013-01-12 08:00:00,12165.408,13196.592,17661.47,13180.32,14550.962
2013-01-12 09:00:00,12165.408,13196.592,17661.47,13180.32,14550.962
2013-01-12 10:00:00,12165.408,13196.592,17661.47,13180.32,14550.962
2013-01-12 11:00:00,12165.408,13196.592,17661.47,13180.32,14550.962
2013-01-12 12:00:00,12165.408,13196.592,17661.47,13180.32,14550.962
2013-01-12 13:00:00,12165.408,13196.592,17661.47,13180.32,14550.962
2013-01-12 14:00:00,12165.408,13196.592,17661.47,13180.32,14550.962
2013-01-12 15:00:00,12165.408,13196.592,17661.47,13180.32,14550.962
2013-01-12 16:00:00,12165.408,13196.592,17661.47,13180.32,14550.962
2013-01-12 17:00:00,12165.408,13196.592,17661.47,13180.32,14550.962
2013-01-12 18:00:00,12165.408,13196.592,17661.47,13180.32,14550.962
2013-01-12 19:00:00,12165.408,13196.592,17661.47,13180.32,14550.962
2013-01-12 20:00:00,12165.408,13196.592,17661.47,13180.32,14550.962
2013-01-12 21:00:00,12165.408,13196.592,17661.47,13180.32,14550.962
2013-01-12 22:00:00,12165.408,13196.592,17661.47,13180.32,14550.962
2013-01-12 23:00:00,12165.408,13196.592,17661.47,13180.32,14550.962
2013-01-13 00:00:00,12165.408,13196.592,17661.47,13180.32,14550.962
2013-01-13 01:00:00,12165.408,13196.592,17661.47,13180.32,14550.962
2013-01-13 02:00:00,12165.408,13196.592,17661.47,13180.32,14550.962
2013-01-13 03:00:00,12165.408,13196.592,17661.47,13180.32,14550.962
2013-01-13 04:00:00,12165.408,13196.592,17661.47,13180.32,14550.962
2013-01-13 05:00:00,12165.408,13196.592,17661.47,13180.32,14550.962
2013-01-13 06:00:00,12165.408,13196.592,17661.47,13180.32,14550.962
2013-01-13 07:00:00,12165.408,13196.592,17661.47,13180.32,14550.962
2013-01-13 08:00:00,12165.408,13196.592,17661.47,13180.32,14550.962
2013-01-13 09:00:00,12165.408,13196.592,17661.47,13180.32,14550.962
2013-01-13 10:00:00,12165.408,13196.592,17661.47,13180.32,14550.962
2013-01-13 11:00:00,12165.408,13196.592,17661.47,13180.32,14550.962
2013-01-13 12:00:00,12165.408,13196.592,17661.47,13180.32,14550.962
2013-01-13 13:00:00,12165.408,13196.592,17661.47,13180.32,14550.962
2013-01-13 14:00:00,12165.408,13196.592,17661.47,13180.32,14550.962
2013-01-13 15:00:00,12165.408,13196.592,17661.47,13180.32,14550.962
2013-01-13 16:00:00,12165.408,13196.592,17661.47,13180.32,14550.962
2013-01-13 17:00:00,12165.408,13196.592,17661.47,13180.32,14550.962
2013-01-13 18:00:00,12165.408,13196.592,17661.47,13180.32,14550.962
2013-01-13 19:00:00,12165.408,13196.592,17661.47,13180.32,14550.962
2013-01-13 20:00:00,12165.408,13196.592,17661.47,13180.32,14550.962
2013-01-13 21:00:00,12165.408,13196.592,17661.47,13180.32,14550.962
2013-01-13 22:00:00,12165.408,13196.592,17661.47,13180.32,14550.962
2013-01-13 23:00:00,12165.408,13196.592,17661.47,13180.32,14550.962
2013-01-14 00:00:00,12165.408,13196.592,17661.47,13180.32,14550.962
2013-01-14 01:00:00,12165.408,13196.592,17661.47,13180.32,14550.962
2013-01-14 02:00:00,12165.408,13196.592,17661.47,13180.32,14550.962
2013-01-14 03:00:00,12165.408,13196.592,17661.47,13180.32,14550.962
2013-01-14 04:00:00,12165.408,13196.592,17661.47,13180.32,14550.962
2013-01-14 05:00:00,12165.408,13196.592,17661.47,13180.32,14550.962
2013-01-14 06:00:00,12165.408,13196.592,17661.47,13180.32,14550.962
2013-01-14 07:00:00,12165.408,13196.592,17661.47,13180.32,14550.962
2013-01-14 08:00:00,12165.408,13196.592,17661.47,13180.32,14550.962
2013-01-14 09:00:00,12165.408,13196.592,17661.47,13180.32,14550.962
2013-01-14 10:00:00,12165.408,13196.592,17661.47,13180.32,14550.962
2013-01-14 11:00:00,12165.408,13196.592,17661.47,13180.32,14550.962
2013-01-14 12:00:00,12165.408,13196.592,17661.47,13180.32,14550.962
2013-01-14 13:00:00,12165.408,13196.592,17661.47,13180.32,14550.962
2013-01-14 14:00:00,12165.408,13196.592,17661.47,13180.32,14550.962
2013-01-14 15:00:00,12165.408,13196.592,17661.47,13180.32,14550.962
2013-01-14 16:00:00,12165.408,13196.592,17661.47,13180.32,14550.962
2013-01-14 17:00:00,12165.408,13196.592,17661.47,13180.32,14550.962
2013-01-14 18:00:00,12165.408,13196.592,17661.47,13180.32,14550.962
2013-01-14 19:00:00,12165.408,13196.592,17661.47,13180.32,14550.962
2013-01-14 20:00:00,12165.408,13196.592,17661.47,13180.32,14550.962
2013-01-14 21:00:00,12165.408,13196.592,17661.47,13180.32,14550.962
2013-01-14 22:00:00,12165.408,13196.592,17661.47,13180.32,14550.962
2013-01-14 23:00:00,12165.408,13196.592,17661.47,13180.32,14550.962
2013-01-15 00:00:00,12165.408,13196.592,17661.47,13180.32,14550.962
2013-01-15 01:00:00,12165.408,13196.592,17661.47,13180.32,14550.962
2013-01-15 02:00:00,12165.408,13196.592,17661.47,13180.32,14550.962
2013-01-15 03:00:00,12165.408,13196.592,17661.47,13180.32,14550.962
2013-01-15 04:00:00,12165.408,13196.592,17661.47,13180.32,14550.962
2013-01-15 05:00:00,12165.408,13196.592,17661.47,13180.32,14550.962
2013-01-15 06:00:00,12165.408,13196.592,17661.47,13180.32,14550.962
2013-01-15 07:00:00,12165.408,13196.592,17661.47,13180.32,14550.962
2013-01-15 08:00:00,12165.408,13196.592,17661.47,13180.32,14550.962
2013-01-15 09:00:00,12165.408,13196.592,17661.47,13180.32,14550.962
2013-01-15 10:00:00,12165.408,13196.592,17661.47,13180.32,14550.962
2013-01-15 11:00:00,12165.408,13196.592,17661.47,13180.32,14550.962
2013-01-15 12:00:00,12165.408,13196.592,17661.47,13180.32,14550.962
2013-01-15 13:00:00,12165.408,13196.592,17661.47,13180.32,14550.962
2013-01-15 14:00:00,12165.408,13196.592,17661.47,13180.32,14550.962
2013-01-15 15:00:00,12165.408,13196.592,17661.47,13180.32,14550.962
2013-01-15 16:00:00,12165.408,13196.592,17661.47,13180.32,14550.962
2013-01-15 17:00:00,12165.408,13196.592,17661.47,13180.32,14550.962
2013-01-15 18:00:00,12165.408,13196.592,17661.47,13180.32,14550.962
2013-01-15 19:00:00,12165.408,13196.592,17661.47,13180.32,14550.962
2013-01-15 20:00:00,12165.408,13196.592,17661.47,13180.32,14550.962
2013-01-15 21:00:00,12165.408,13196.592,17661.47,13180.32,14550.962
2013-01-15 22:00:00,12165.408,13196.592,17661.47,13180.32,14550.962
2013-01-15 23:00:00,12165.408,13196.592,17661.47,13180.32,14550.962
2013-01-16 00:00:00,12165.408,13196.592,17661.47,13180.32,14550.962
2013-01-16 01:00:00,12165.408,13196.592,17661.47,13180.32,14550.962
2013-01-16 02:00:00,12165.408,13196.592,17661.47,13180.32,14550.962
2013-01-16 03:00:00,12165.408,13196.592,17661.47,13180.32,14550.962
2013-01-16 04:00:00,12165.408,13196.592,17661.47,13180.32,14550.962
2013-01-16 05:00:00,12165.408,13196.592,17661.47,13180.32,14550.962
2013-01-16 06:00:00,12165.408,13196.592,17661.47,13180.32,14550.962
2013-01-16 07:00:00,12165.408,13196.592,17661.47,13180.32,14550.962
2013-01-16 08:00:00,12165.408,13196.592,17661.47,13180.32,14550.962
2013-01-16 09:00:00,12165.408,13196.592,17661.47,13180.32,14550.962
2013-01-16 10:00:00,12165.408,13196.592,17661.47,13180.32,14550.962
2013-01-16 11:00:00,12165.408,13196.592,17661.47,13180.32,14550.962
2013-01-16 12:00:00,12165.408,13196.592,17661.47,13180.32,14550.962
2013-01-16 13:00:00,12165.408,13196.592,17661.47,13180.32,14550.962
2013-01-16 14:00:00,12165.408,13196.592,17661.47,13180.32,14550.962
2013-01-16 15:00:00,12165.408,13196.592,17661.47,13180.32,14550.962
2013-01-16 16:00:00,12165.408,13196.592,17661.47,13180.32,14550.962
2013-01-16 17:00:00,12165.408,13196.592,17661.47,13180.32,14550.962
2013-01-16 18:00:00,12165.408,13196.592,17661.47,13180.32,14550.962
2013-01-16 19:00:00,12165.408,13196.592,17661.47,13180.32,14550.962
2013-01-16 20:00:00,12165.408,13196.592,17661.47,13180.32,14550.962
2013-01-16 21:00:00,12165.408,13196.592,17661.47,13180.32,14550.962
2013-01-16 22:00:00,12165.408,13196.592,17661.47,13180.32,14550.962
2013-01-16 23:00:00,12165.408,13196.592,17661.47,13180.32,14550.962
2013-01-17 00:00:00,12165.408,13196.592,17661.47,13180.32,14550.962
2013-01-17 01:00:00,12165.408,13196.592,17661.47,13180.32,14550.962
2013-01-17 02:00:00,12165.408,13196.592,17661.47,13180.32,14550.962
2013-01-17 03:00:00,12165.408,13196.592,17661.47,13180.32,14550.962
2013-01-17 04:00:00,12165.408,13196.592,17661.47,13180.32,14550.962
2013-01-17 05:00:00,12165.408,13196.592,17661.47,13180.32,14550.962
2013-01-17 06:00:00,12165.408,13196.592,17661.47,13180.32,14550.962
2013-01-17 07:00:00,12165.408,13196.592,17661.47,13180.32,14550.962
2013-01-17 08:00:00,12165.408,13196.592,17661.47,13180.32,14550.962
2013-01-17 09:00:00,12165.408,13196.592,17661.47,13180.32,14550.962
2013-01-17 10:00:00,12165.408,13196.592,17661.47,13180.32,14550.962
2013-01-17 11:00:00,12165.408,13196.592,17661.47,13180.32,14550.962
2013-01-17 12:00:00,12165.408,13196.592,17661.47,13180.32,14550.962
2013-01-17 13:00:00,12165.408,13196.592,17661.47,13180.32,14550.962
2013-01-17 14:00:00,12165.408,13196.592,17661.47,13180.32,14550.962
2013-01-17 15:00:00,12165.408,13196.592,17661.47,13180.32,14550.962
2013-01-17 16:00:00,12165.408,13196.592,17661.47,13180.32,14550.962
2013-01-17 17:00:00,12165.408,13196.592,17661.47,13180.32,14550.962
2013-01-17 18:00:00,12165.408,13196.592,17661.47,13180.32,14550.962
2013-01-17 19:00:00,12165.408,13196.592,17661.47,13180.32,14550.962
2013-01-17 20:00:00,12165.408,13196.592,17661.47,13180.32,14550.962
2013-01-17 21:00:00,12165.408,13196.592,17661.47,13180.32,14550.962
2013-01-17 22:00:00,12165.408,13196.592,17661.47,13180.32,14550.962
2013-01-17 23:00:00,12165.408,13196.592,17661.47,13180.32,14550.962
2013-01-18 00:00:00,12165.408,13196.592,17661.47,13180.32,14550.962
2013-01-18 01:00:00,12165.408,13196.592,17661.47,13180.32,14550.962
2013-01-18 02:00:00,12165.408,13196.592,17661.47,13180.32,14550.962
2013-01-18 03:00:00,12165.408,13196.592,17661.47,13180.32,14550.962
2013-01-18 04:00:00,12165.408,13196.592,17661.47,13180.32,14550.962
2013-01-18 05:00:00,12165.408,13196.592,17661.47,13180.32,14550.962
2013-01-18 06:00:00,12165.408,13196.592,17661.47,13180.32,14550.962
2013-01-18 07:00:00,12165.408,13196.592,17661.47,13180.32,14550.962
2013-01-18 08:00:00,12165.408,13196.592,17661.47,13180.32,14550.962
2013-01-18 09:00:00,12165.408,13196.592,17661.47,13180.32,14550.962
2013-01-18 10:00:00,12165.408,13196.592,17661.47,13180.32,14550.962
2013-01-18 11:00:00,12165.408,13196.592,17661.47,13180.32,14550.962
2013-01-18 12:00:00,12165.408,13196.592,17661.47,13180.32,14550.962
2013-01-18 13:00:00,12165.408,13196.592,17661.47,13180.32,14550.962
2013-01-18 14:00:00,12165.408,13196.592,17661.47,13180.32,14550.962
2013-01-18 15:00:00,12165.408,13196.592,17661.47,13180.32,14550.962
2013-01-18 16:00:00,12165.408,13196.592,17661.47,13180.32,14550.962
2013-01-18 17:00:00,12165.408,13196.592,17661.47,13180.32,14550.962
2013-01-18 18:00:00,12165.408,13196.592,17661.47,13180.32,14550.962
2013-01-18 19:00:00,12165.408,13196.592,17661.47,13180.32,14550.962
2013-01-18 20:00:00,12165.408,13196.592,17661.47,13180.32,14550.962
2013-01-18 21:00:00,12165.408,13196.592,17661.47,13180.32,14550.962
2013-01-18 22:00:00,12165.408,13196.592,17661.47,13180.32,14550.962
2013-01-18 23:00:00,12165.408,13196.592,17661.47,13180.32,14550.962
2013-01-19 00:00:00,12165.408,13196.592,17661.47,13180.32,14550.962
2013-01-19 01:00:00,12165.408,13196.592,17661.47,13180.32,14550.962
2013-01-19 02:00:00,12165.408,13196.592,17661.47,13180.32,14550.962
2013-01-19 03:00:00,12165.408,13196.592,17661.47,13180.32,14550.962
2013-01-19 04:00:00,12165.408,13196.592,17661.47,13180.32,14550.962
2013-01-19 05:00:00,12165.408,13196.592,17661.47,13180.32,14550.962
2013-01-19 06:00:00,12165.408,13196.592,17661.47,13180.32,14550.962
2013-01-19 07:00:00,12165.408,13196.592,17661.47,13180.32,14550.962
2013-01-19 08:00:00,12165.408,13196.592,17661.47,13180.32,14550.962
2013-01-19 09:00:00,12165.408,13196.592,17661.47,13180.32,14550.962
2013-01-19 10:00:00,12165.408,13196.592,17661.47,13180.32,14550.962
2013-01-19 11:00:00,12165.408,13196.592,17661.47,13180.32,14550.962
2013-01-19 12:00:00,12165.408,13196.592,17661.47,13180.32,14550.962
2013-01-19 13:00:00,12165.408,13196.592,17661.47,13180.32,14550.962
2013-01-19 14:00:00,12165.408,13196.592,17661.47,13180.32,14550.962
2013-01-19 15:00:00,12165.408,13196.592,17661.47,13180.32,14550.962
2013-01-19 16:00:00,12165.408,13196.592,17661.47,13180.32,14550.962
2013-01-19 17:00:00,12165.408,13196.592,17661.47,13180.32,14550.962
2013-01-19 18:00:00,12165.408,13196.592,17661.47,13180.32,14550.962
2013-01-19 19:00:00,12165.408,13196.592,17661.47,13180.32,14550.962
2013-01-19 20:00:00,12165.408,13196.592,17661.47,13180.32,14550.962
2013-01-19 21:00:00,12165.408,13196.592,17661.47,13180.32,14550.962
2013-01-19 22:00:00,12165.408,13196.592,17661.47,13180.32,14550.962
2013-01-19 23:00:00,12165.408,13196.592,17661.47,13180.32,14550.962
2013-01-20 00:00:00,12165.408,13196.592,17661.47,13180.32,14550.962
2013-01-20 01:00:00,12165.408,13196.592,17661.47,13180.32,14550.962
2013-01-20 02:00:00,12165.408,13196.592,17661.47,13180.32,14550.962
2013-01-20 03:00:00,12165.408,13196.592,17661.47,13180.32,14550.962
2013-01-20 04:00:00,12165.408,13196.592,17661.47,13180.32,14550.962
2013-01-20 05:00:00,12165.408,13196.592,17661.47,13180.32,14550.962
2013-01-20 06:00:00,12165.408,13196.592,17661.47,13180.32,14550.962
2013-01-20 07:00:00,12165.408,13196.592,17661.47,13180.32,14550.962
2013-01-20 08:00:00,12165.408,13196.592,17661.47,13180.32,14550.962
2013-01-20 09:00:00,12165.408,13196.592,17661.47,13180.32,14550.962
2013-01-20 10:00:00,12165.408,13196.592,17661.47,13180.32,14550.962
2013-01-20 11:00:00,12165.408,13196.592,17661.47,13180.32,14550.962
2013-01-20 12:00:00,12165.408,13196.592,17661.47,13180.32,14550.962
2013-01-20 13:00:00,12165.408,13196.592,17661.47,13180.32,14550.962
2013-01-20 14:00:00,12165.408,13196.592,17661.47,13180.32,14550.962
2013-01-20 15:00:00,12165.408,13196.592,17661.47,13180.32,14550.962
2013-01-20 16:00:00,12165.408,13196.592,17661.47,13180.32,14550.962
2013-01-20 17:00:00,12165.408,13196.592,17661.47,13180.32,14550.962
2013-01-20 18:00:00,12165.408,13196.592,17661.47,13180.32,14550.962
2013-01-20 19:00:00,12165.408,13196.592,17661.47,13180.32,14550.962
2013-01-20 20:00:00,12165.408,13196.592,17661.47,13180.32,14550.962
2013-01-20 21:00:00,12165.408,13196.592,17661.47,13180.32,14550.962
2013-01-20 22:00:00,12165.408,13196.592,17661.47,13180.32,14550.962
2013-01-20 23:00:00,12165.408,13196.592,17661.47,13180.32,14550.962
2013-01-21 00:00:00,12165.408,13196.592,17661.47,13180.32,14550.962
2013-01-21 01:00:00,12165.408,13196.592,17661.47,13180.32,14550.962
2013-01-21 02:00:00,12165.408,13196.592,17661.47,13180.32,14550.962
2013-01-21 03:00:00,12165.408,13196.592,17661.47,13180.32,14550.962
2013-01-21 04:00:00,12165.408,13196.592,17661.47,13180.32,14550.962
2013-01-21 05:00:00,12165.408,13196.592,17661.47,13180.32,14550.962
2013-01-21 06:00:00,12165.408,13196.592,17661.47,13180.32,14550.962
2013-01-21 07:00:00,12165.408,13196.592,17661.47,13180.32,14550.962
2013-01-21 08:00:00,12165.408,13196.592,17661.47,13180.32,14550.962
2013-01-21 09:00:00,12165.408,13196.592,17661.47,13180.32,14550.962
2013-01-21 10:00:00,12165.408,13196.592,17661.47,13180.32,14550.962
2013-01-21 11:00:00,12165.408,13196.592,17661.47,13180.32,14550.962
2013-01-21 12:00:00,12165.408,13196.592,17661.47,13180.32,14550.962
2013-01-21 13:00:00,12165.408,13196.592,17661.47,13180.32,14550.962
2013-01-21 14:00:00,12165.408,13196.592,17661.47,13180.32,14550.962
2013-01-21 15:00:00,12165.408,13196.592,17661.47,13180.32,14550.962
2013-01-21 16:00:00,12165.408,13196.592,17661.47,13180.32,14550.962
2013-01-21 17:00:00,12165.408,13196.592,17661.47,13180.32,14550.962
2013-01-21 18:00:00,12165.408,13196.592,17661.47,13180.32,14550.962
2013-01-21 19:00:00,12165.408,13196.592,17661.47,13180.32,14550.962
2013-01-21 20:00:00,12165.408,13196.592,17661.47,13180.32,14550.962
2013-01-21 21:00:00,12165.408,13196.592,17661.47,13180.32,14550.962
2013-01-21 22:00:00,12165.408,13196.592,17661.47,13180.32,14550.962
2013-01-21 23:00:00,12165.408,13196.592,17661.47,13180.32,14550.962
2013-01-22 00:00:00,12165.408,13196.592,17661.47,13180.32,14550.962
2013-01-22 01:00:00,12165.408,13196.592,17661.47,13180.32,14550.962
2013-01-22 02:00:00,12165.408,13196.592,17661.47,13180.32,14550.962
2013-01-22 03:00:00,12165.408,13196.592,17661.47,13180.32,14550.962
2013-01-22 04:00:00,12165.408,13196.592,17661.47,13180.32,14550.962
2013-01-22 05:00:00,12165.408,13196.592,17661.47,13180.32,14550.962
2013-01-22 06:00:00,12165.408,13196.592,17661.47,13180.32,14550.962
2013-01-22 07:00:00,12165.408,13196.592,17661.47,13180.32,14550.962
2013-01-22 08:00:00,12165.408,13196.592,17661.47,13180.32,14550.962
2013-01-22 09:00:00,12165.408,13196.592,17661.47,13180.32,14550.962
2013-01-22 10:00:00,12165.408,13196.592,17661.47,13180.32,14550.962
2013-01-22 11:00:00,12165.408,13196.592,17661.47,13180.32,14550.962
2013-01-22 12:00:00,12165.408,13196.592,17661.47,13180.32,14550.962
2013-01-22 13:00:00,12165.408,13196.592,17661.47,13180.32,14550.962
2013-01-22 14:00:00,12165.408,13196.592,17661.47,13180.32,14550.962
2013-01-22 15:00:00,12165.408,13196.592,17661.47,13180.32,14550.962
2013-01-22 16:00:00,12165.408,13196.592,17661.47,13180.32,14550.962
2013-01-22 17:00:00,12165.408,13196.592,17661.47,13180.32,14550.962
2013-01-22 18:00:00,12165.408,13196.592,17661.47,13180.32,14550.962
2013-01-22 19:00:00,12165.408,13196.592,17661.47,13180.32,14550.962
2013-01-22 20:00:00,12165.408,13196.592,17661.47,13180.32,14550.962
2013-01-22 21:00:00,12165.408,13196.592,17661.47,13180.32,14550.962
2013-01-22 22:00:00,12165.408,13196.592,17661.47,13180.32,14550.962
2013-01-22 23:00:00,12165.408,13196.592,17661.47,13180.32,14550.962
2013-01-23 00:00:00,12165.408,13196.592,17661.47,13180.32,14550.962
2013-01-23 01:00:00,12165.408,13196.592,17661.47,13180.32,14550.962
2013-01-23 02:00:00,12165.408,13196.592,17661.47,13180.32,14550.962
2013-01-23 03:00:00,12165.408,13196.592,17661.47,13180.32,14550.962
2013-01-23 04:00:00,12165.408,13196.592,17661.47,13180.32,14550.962
2013-01-23 05:00:00,12165.408,13196.592,17661.47,13180.32,14550.962
2013-01-23 06:00:00,12165.408,13196.592,17661.47,13180.32,14550.962
2013-01-23 07:00:00,12165.408,13196.592,17661.47,13180.32,14550.962
2013-01-23 08:00:00,12165.408,13196.592,17661.47,13180.32,14550.962
2013-01-23 09:00:00,12165.408,13196.592,17661.47,13180.32,14550.962
2013-01-23 10:00:00,12165.408,13196.592,17661.47,13180.32,14550.962
2013-01-23 11:00:00,12165.408,13196.592,17661.47,13180.32,14550.962
2013-01-23 12:00:00,12165.408,13196.592,17661.47,13180.32,14550.962
2013-01-23 13:00:00,12165.408,13196.592,17661.47,13180.32,14550.962
2013-01-23 14:00:00,12165.408,13196.592,17661.47,13180.32,14550.962
2013-01-23 15:00:00,12165.408,13196.592,17661.47,13180.32,14550.962
2013-01-23 16:00:00,12165.408,13196.592,17661.47,13180.32,14550.962
2013-01-23 17:00:00,12165.408,13196.592,17661.47,13180.32,14550.962
2013-01-23 18:00:00,12165.408,13196.592,17661.47,13180.32,14550.962
2013-01-23 19:00:00,12165.408,13196.592,17661.47,13180.32,14550.962
2013-01-23 20:00:00,12165.408,13196.592,17661.47,13180.32,14550.962
2013-01-23 21:00:00,12165.408,13196.592,17661.47,13180.32,14550.962
2013-01-23 22:00:00,12165.408,13196.592,17661.47,13180.32,14550.962
2013-01-23 23:00:00,12165.408,13196.592,17661.47,13180.32,14550.962
2013-01-24 00:00:00,12165.408,13196.592,17661.47,13180.32,14550.962
2013-01-24 01:00:00,12165.408,13196.592,17661.47,13180.32,14550.962
2013-01-24 02:00:00,12165.408,13196.592,17661.47,13180.32,14550.962
2013-01-24 03:00:00,12165.408,13196.592,17661.47,13180.32,14550.962
2013-01-24 04:00:00,12165.408,13196.592,17661.47,13180.32,14550.962
2013-01-24 05:00:00,12165.408,13196.592,17661.47,13180.32,14550.962
2013-01-24 06:00:00,12165.408,13196.592,17661.47,13180.32,14550.962
2013-01-24 07:00:00,12165.408,13196.592,17661.47,13180.32,14550.962
2013-01-24 08:00:00,12165.408,13196.592,17661.47,13180.32,14550.962
2013-01-24 09:00:00,12165.408,13196.592,17661.47,13180.32,14550.962
2013-01-24 10:00:00,12165.408,13196.592,17661.47,13180.32,14550.962
2013-01-24 11:00:00,12165.408,13196.592,17661.47,13180.32,14550.962
2013-01-24 12:00:00,12165.408,13196.592,17661.47,13180.32,14550.962
2013-01-24 13:00:00,12165.408,13196.592,17661.47,13180.32,14550.962
2013-01-24 14:00:00,12165.408,13196.592,17661.47,13180.32,14550.962
2013-01-24 15:00:00,12165.408,13196.592,17661.47,13180.32,14550.962
2013-01-24 16:00:00,12165.408,13196.592,17661.47,13180.32,14550.962
2013-01-24 17:00:00,12165.408,13196.592,17661.47,13180.32,14550.962
2013-01-24 18:00:00,12165.408,13196.592,17661.47,13180.32,14550.962
2013-01-24 19:00:00,12165.408,13196.592,17661.47,13180.32,14550.962
2013-01-24 20:00:00,12165.408,13196.592,17661.47,13180.32,14550.962
2013-01-24 21:00:00,12165.408,13196.592,17661.47,13180.32,14550.962
2013-01-24 22:00:00,12165.408,13196.592,17661.47,13180.32,14550.962
2013-01-24 23:00:00,12165.408,13196.592,17661.47,13180.32,14550.962
2013-01-25 00:00:00,12165.408,13196.592,17661.47,13180.32,14550.962
2013-01-25 01:00:00,12165.408,13196.592,17661.47,13180.32,14550.962
2013-01-25 02:00:00,12165.408,13196.592,17661.47,13180.32,14550.962
2013-01-25 03:00:00,12165.408,13196.592,17661.47,13180.32,14550.962
2013-01-25 04:00:00,12165.408,13196.592,17661.47,13180.32,14550.962
2013-01-25 05:00:00,12165.408,13196.592,17661.47,13180.32,14550.962
2013-01-25 06:00:00,12165.408,13196.592,17661.47,13180.32,14550.962
2013-01-25 07:00:00,12165.408,13196.592,17661.47,13180.32,14550.962
2013-01-25 08:00:00,12165.408,13196.592,17661.47,13180.32,14550.962
2013-01-25 09:00:00,12165.408,13196.592,17661.47,13180.32,14550.962
2013-01-25 10:00:00,12165.408,13196.592,17661.47,13180.32,14550.962
2013-01-25 11:00:00,12165.408,13196.592,17661.47,13180.32,14550.962
2013-01-25 12:00:00,12165.408,13196.592,17661.47,13180.32,14550.962
2013-01-25 13:00:00,12165.408,13196.592,17661.47,13180.32,14550.962
2013-01-25 14:00:00,12165.408,13196.592,17661.47,13180.32,14550.962
2013-01-25 15:00:00,12165.408,13196.592,17661.47,13180.32,14550.962
2013-01-25 16:00:00,12165.408,13196.592,17661.47,13180.32,14550.962
2013-01-25 17:00:00,12165.408,13196.592,17661.47,13180.32,14550.962
2013-01-25 18:00:00,12165.408,13196.592,17661.47,13180.32,14550.962
2013-01-25 19:00:00,12165.408,13196.592,17661.47,13180.32,14550.962
2013-01-25 20:00:00,12165.408,13196.592,17661.47,13180.32,14550.962
2013-01-25 21:00:00,12165.408,13196.592,17661.47,13180.32,14550.962
2013-01-25 22:00:00,12165.408,13196.592,17661.47,13180.32,14550.962
2013-01-25 23:00:00,12165.408,13196.592,17661.47,13180.32,14550.962
2013-01-26 00:00:00,12165.408,13196.592,17661.47,13180.32,14550.962
2013-01-26 01:00:00,12165.408,13196.592,17661.47,13180.32,14550.962
2013-01-26 02:00:00,12165.408,13196.592,17661.47,13180.32,14550.962
2013-01-26 03:00:00,12165.408,13196.592,17661.47,13180.32,14550.962
2013-01-26 04:00:00,12165.408,13196.677,17661.47,13180.32,14550.962
2013-01-26 05:00:00,12165.408,13196.833,17661.47,13180.32,14550.962
2013-01-26 06:00:00,12165.484,13196.833,17661.47,13180.32,14550.962
2013-01-26 07:00:00,12165.484,13196.833,17661.47,13180.32,14550.962
2013-01-26 08:00:00,12165.484,13196.833,17661.47,13180.32,14550.962
2013-01-26 09:00:00,12165.484,13196.833,17661.47,13180.32,14550.962
2013-01-26 10:00:00,12165.484,13196.833,17661.47,13180.32,14550.962
2013-01-26 11:00:00,12165.484,13196.833,17661.47,13180.32,14550.962
2013-01-26 12:00:00,12165.484,13196.833,17661.47,13180.32,14550.962
2013-01-26 13:00:00,12165.484,13196.833,17661.47,13180.32,14550.962
2013-01-26 14:00:00,12165.484,13196.833,17661.47,13180.32,14550.962
2013-01-26 15:00:00,12165.484,13196.833,17661.47,13180.32,14550.962
2013-01-26 16:00:00,12165.484,13196.833,17661.47,13180.32,14550.962
2013-01-26 17:00:00,12165.484,13196.833,17661.47,13180.32,14550.962
2013-01-26 18:00:00,12165.484,13196.833,17661.47,13180.32,14550.962
2013-01-26 19:00:00,12165.484,13196.833,17661.47,13180.32,14550.962
2013-01-26 20:00:00,12165.484,13196.833,17661.47,13180.32,14550.962
2013-01-26 21:00:00,12165.484,13196.833,17661.47,13180.32,14550.962
2013-01-26 22:00:00,12165.484,13196.833,17661.47,13180.32,14550.962
2013-01-26 23:00:00,12165.484,13196.833,17661.47,13180.32,14550.962
2013-01-27 00:00:00,12165.484,13196.833,17661.47,13180.32,14550.962
2013-01-27 01:00:00,12165.484,13196.833,17661.47,13180.32,14550.962
2013-01-27 02:00:00,12165.484,13196.833,17661.47,13180.32,14550.962
2013-01-27 03:00:00,12165.484,13196.833,17661.47,13180.32,14550.962
2013-01-27 04:00:00,12165.484,13196.833,17661.47,13180.32,14550.962
2013-01-27 05:00:00,12165.484,13196.833,17661.47,13180.32,14550.962
2013-01-27 06:00:00,12165.484,13196.833,17661.47,13180.32,14550.962
2013-01-27 07:00:00,12165.484,13196.833,17661.47,13180.32,14550.962
2013-01-27 08:00:00,12165.484,13196.833,17661.47,13180.32,14550.962
2013-01-27 09:00:00,12165.484,13196.833,17661.47,13180.32,14550.962
2013-01-27 10:00:00,12165.484,13196.833,17661.47,13180.32,14550.962
2013-01-27 11:00:00,12165.484,13196.913,17661.47,13180.32,14550.962
2013-01-27 12:00:00,12165.484,13197.665,17661.47,13180.372,14551.538
2013-01-27 13:00:00,12165.934,13198.601,17661.61,13180.7,14552.8125
2013-01-27 14:00:00,12166.699,13199.395,17662.93,13181.394,14554.869
2013-01-27 15:00:00,12168.083,13200.52,17664.559,13181.581,14556.38
2013-01-27 16:00:00,12170.264,13201.338,17666.145,13181.654,14557.235
2013-01-27 17:00:00,12171.823,13201.555,17667.338,13181.698,14558.078
2013-01-27 18:00:00,12173.471,13202.225,17667.742,13182.596,14558.787
2013-01-27 19:00:00,12174.873,13202.673,17668.066,13184.352,14559.196
2013-01-27 20:00:00,12176.508,13202.784,17668.133,13186.845,14559.196
2013-01-27 21:00:00,12178.365,13202.784,17668.133,13187.758,14559.196
2013-01-27 22:00:00,12179.316,13202.932,17668.133,13187.788,14559.316
2013-01-27 23:00:00,12180.748,13203.365,17668.385,13188.967,14559.601
2013-01-28 00:00:00,12182.028,13204.271,17668.621,13190.222,14559.657
2013-01-28 01:00:00,12182.706,13204.376,17669.174,13190.936,14560.045
2013-01-28 02:00:00,12183.226,13205.0,17669.703,13191.952,14561.257
2013-01-28 03:00:00,12183.719,13205.793,17669.746,13192.124,14561.425
2013-01-28 04:00:00,12184.468,13206.254,17669.854,13192.901,14561.684
2013-01-28 05:00:00,12184.846,13206.389,17670.336,13192.914,14561.831
2013-01-28 06:00:00,12184.953,13206.897,17670.857,13193.445,14561.831
2013-01-28 07:00:00,12184.958,13206.897,17670.984,13193.536,14561.893
2013-01-28 08:00:00,12185.492,13206.897,17671.006,13193.776,14561.916
2013-01-28 09:00:00,12185.557,13206.932,17671.145,13193.79,14562.038
2013-01-28 10:00:00,12185.564,13207.062,17671.615,13194.0,14562.151
2013-01-28 11:00:00,12186.422,13207.695,17671.615,13194.309,14562.175
2013-01-28 12:00:00,12187.363,13208.656,17671.629,13194.358,14562.336
2013-01-28 13:00:00,12189.396,13210.108,17671.686,13194.942,14562.531
2013-01-28 14:00:00,12190.287,13210.767,17672.791,13195.699,14562.541
2013-01-28 15:00:00,12190.291,13211.3,17673.219,13196.137,14562.572
2013-01-28 16:00:00,12190.533,13211.441,17674.006,13196.257,14563.2
2013-01-28 17:00:00,12190.612,13211.982,17674.498,13196.31,14563.213
2013-01-28 18:00:00,12191.215,13214.656,17675.203,13197.44,14563.75
2013-01-28 19:00:00,12194.0205,13215.425,17675.62,13198.414,14564.328
2013-01-28 20:00:00,12195.23,13217.605,17677.012,13199.363,14565.217
2013-01-28 21:00:00,12196.201,13217.649,17677.113,13199.84,14565.523
2013-01-28 22:00:00,12196.201,13217.649,17677.113,13199.84,14565.523
2013-01-28 23:00:00,12196.201,13217.649,17677.127,13199.84,14565.523
2013-01-29 00:00:00,12196.201,13218.029,17677.127,13199.942,14565.523
2013-01-29 01:00:00,12196.294,13218.038,17677.127,13200.272,14565.523
2013-01-29 02:00:00,12196.294,13218.087,17677.127,13200.835,14565.523
2013-01-29 03:00:00,12196.729,13218.287,17677.127,13201.811,14565.523
2013-01-29 04:00:00,12197.506,13218.375,17677.127,13202.795,14565.523
2013-01-29 05:00:00,12198.188,13218.498,17677.127,13204.163,14565.523
2013-01-29 06:00:00,12198.8545,13218.5,17677.127,13205.24,14565.523
2013-01-29 07:00:00,12199.108,13218.5,17677.127,13206.033,14565.523
2013-01-29 08:00:00,12199.108,13218.5,17677.127,13206.121,14565.523
2013-01-29 09:00:00,12199.108,13218.5,17677.127,13206.121,14565.523
2013-01-29 10:00:00,12199.108,13218.5,17677.127,13206.128,14565.523
2013-01-29 11:00:00,12199.108,13218.5,17677.127,13206.285,14565.523
2013-01-29 12:00:00,12199.108,13218.5,17677.127,13206.547,14565.523
2013-01-29 13:00:00,12199.108,13218.5,17677.127,13206.547,14565.523
2013-01-29 14:00:00,12199.108,13218.5,17677.127,13206.547,14565.523
2013-01-29 15:00:00,12199.108,13218.5,17677.127,13206.547,14565.523
2013-01-29 16:00:00,12199.108,13218.5,17677.127,13206.547,14565.523
2013-01-29 17:00:00,12199.108,13218.5,17677.127,13206.547,14565.523
2013-01-29 18:00:00,12199.119,13218.711,17677.127,13206.709,14565.523
2013-01-29 19:00:00,12199.385,13218.711,17677.158,13206.787,14565.523
2013-01-29 20:00:00,12199.967,13218.743,17677.17,13206.957,14565.523
2013-01-29 21:00:00,12200.291,13218.743,17677.17,13206.957,14565.523
2013-01-29 22:00:00,12200.291,13218.743,17677.17,13206.957,14565.523
2013-01-29 23:00:00,12200.353,13218.743,17677.17,13206.957,14565.523
2013-01-30 00:00:00,12200.353,13218.911,17677.17,13206.957,14565.715
2013-01-30 01:00:00,12201.3125,13219.783,17677.375,13209.617,14567.452
2013-01-30 02:00:00,12204.643,13222.188,17678.234,13213.861,14569.831
2013-01-30 03:00:00,12207.271,13224.0625,17678.506,13214.836,14572.027
2013-01-30 04:00:00,12210.092,13225.0,17678.9,13216.616,14572.304
2013-01-30 05:00:00,12211.149,13225.03,17679.295,13216.91,14572.304
2013-01-30 06:00:00,12211.162,13225.097,17679.49,13217.333,14572.458
2013-01-30 07:00:00,12211.656,13225.097,17679.6,13217.448,14572.474
2013-01-30 08:00:00,12211.656,13225.097,17679.6,13217.448,14572.476
2013-01-30 09:00:00,12211.656,13225.103,17679.684,13217.448,14572.531
2013-01-30 10:00:00,12212.2705,13225.367,17679.684,13217.766,14572.578
2013-01-30 11:00:00,12213.515,13226.054,17679.684,13218.017,14572.848
2013-01-30 12:00:00,12215.257,13226.812,17679.684,13219.219,14573.62
2013-01-30 13:00:00,12217.458,13227.658,17679.684,13220.398,14574.071
2013-01-30 14:00:00,12218.863,13228.228,17679.684,13220.625,14574.331
2013-01-30 15:00:00,12219.94,13229.262,17679.693,13221.804,14574.341
2013-01-30 16:00:00,12221.3545,13230.867,17679.693,13223.693,14574.442
2013-01-30 17:00:00,12222.508,13231.136,17679.693,13224.187,14574.442
2013-01-30 18:00:00,12223.7,13231.136,17679.713,13224.737,14574.442
2013-01-30 19:00:00,12224.911,13231.136,17680.594,13224.854,14574.442
2013-01-30 20:00:00,12225.004,13231.753,17680.656,13224.923,14575.748
2013-01-30 21:00:00,12225.219,13232.416,17680.656,13225.807,14576.209
2013-01-30 22:00:00,12225.593,13232.86,17681.814,13225.807,14576.9
2013-01-30 23:00:00,12226.162,13233.198,17682.697,13225.895,14578.144
2013-01-31 00:00:00,12226.212,13233.234,17682.76,13225.919,14579.1875
2013-01-31 01:00:00,12226.212,13233.234,17682.785,13225.919,14579.829
2013-01-31 02:00:00,12226.212,13233.239,17682.785,13226.032,14579.829
2013-01-31 03:00:00,12226.432,13233.239,17682.848,13226.105,14580.649
2013-01-31 04:00:00,12226.798,13233.239,17682.848,13226.105,14580.649
2013-01-31 05:00:00,12226.971,13233.3,17682.848,13226.346,14580.649
2013-01-31 06:00:00,12226.974,13233.3,17682.848,13226.346,14580.668
2013-01-31 07:00:00,12227.194,13233.695,17683.748,13226.375,14582.225
2013-01-31 08:00:00,12228.218,13234.259,17684.518,13226.819,14582.712
2013-01-31 09:00:00,12228.285,13234.351,17684.877,13226.819,14582.712
2013-01-31 10:00:00,12228.706,13234.447,17685.91,13226.819,14584.085
2013-01-31 11:00:00,12229.33,13234.783,17686.234,13226.906,14584.111
2013-01-31 12:00:00,12229.389,13234.783,17686.234,13226.929,14584.111
2013-01-31 13:00:00,12229.389,13234.783,17686.234,13226.929,14584.111
2013-01-31 14:00:00,12229.389,13234.783,17686.234,13226.929,14584.111
2013-01-31 15:00:00,12229.389,13234.783,17687.105,13226.929,14584.702
2013-01-31 16:00:00,12229.389,13234.783,17688.303,13226.929,14586.302
2013-01-31 17:00:00,12229.389,13234.783,17688.303,13226.929,14586.92
2013-01-31 18:00:00,12229.389,13234.783,17688.303,13226.929,14587.335
2013-01-31 19:00:00,12229.389,13234.783,17688.303,13226.929,14587.335
2013-01-31 20:00:00,12229.389,13234.783,17688.303,13226.929,14587.335
2013-01-31 21:00:00,12229.397,13234.783,17688.303,13226.929,14587.335
2013-01-31 22:00:00,12229.397,13234.783,17688.303,13226.929,14587.335
2013-01-31 23:00:00,12229.397,13234.783,17688.303,13226.929,14587.585
2013-02-01 00:00:00,12230.504,13234.943,17691.055,13226.929,14591.093
2013-02-01 01:00:00,12230.833,13234.943,17691.055,13226.929,14591.093
2013-02-01 02:00:00,12231.132,13234.943,17691.055,13226.929,14591.093
2013-02-01 03:00:00,12231.794,13235.21,17692.25,13227.07,14592.112
2013-02-01 04:00:00,12229.397,13234.783,17688.303,13226.929,14589.08
2013-02-01 05:00:00,12229.397,13234.783,17688.303,13226.929,14589.13
2013-02-01 06:00:00,12229.397,13234.783,17688.303,13226.929,14589.13
2013-02-01 07:00:00,12229.397,13234.783,17688.303,13226.929,14589.13
2013-02-01 08:00:00,12229.397,13234.783,17688.303,13226.929,14589.742
2013-02-01 09:00:00,12229.397,13234.783,17688.303,13226.929,14589.742
2013-02-01 10:00:00,12229.397,13234.783,17688.303,13226.929,14589.742
2013-02-01 11:00:00,12229.397,13234.783,17688.303,13226.929,14590.116
2013-02-01 12:00:00,12229.397,13234.783,17688.303,13226.929,14590.375
2013-02-01 13:00:00,12229.397,13234.867,17688.303,13226.929,14590.952
2013-02-01 14:00:00,12229.397,13234.943,17688.303,13226.929,14590.952
2013-02-01 15:00:00,12229.397,13234.943,17688.303,13226.929,14590.952
2013-02-01 16:00:00,12229.417,13234.943,17688.303,13226.929,14590.952
2013-02-01 17:00:00,12229.422,13234.943,17688.303,13226.929,14590.952
2013-02-01 18:00:00,12229.518,13234.943,17689.164,13226.929,14590.952
2013-02-01 19:00:00,12229.933,13234.943,17689.963,13226.929,14590.954
2013-02-01 20:00:00,12229.397,13234.783,17688.303,13226.929,14587.916
2013-02-01 21:00:00,12229.397,13234.783,17688.303,13226.929,14587.916
2013-02-01 22:00:00,12229.397,13234.783,17688.303,13226.929,14588.049
2013-02-01 23:00:00,12229.397,13234.783,17688.303,13226.929,14588.783
2013-02-02 00:00:00,12232.913,13236.186,17695.037,13228.221,14593.99
2013-02-02 01:00:00,12236.264,13239.496,17698.6,13231.26,14598.909
2013-02-02 02:00:00,12239.474,13242.256,17702.578,13232.456,14599.473
2013-02-02 03:00:00,12241.044,13243.54,17706.92,13235.939,14600.404
2013-02-02 04:00:00,12243.202,13246.091,17707.918,13237.728,14601.683
2013-02-02 05:00:00,12244.61,13248.716,17709.201,13238.687,14602.352
2013-02-02 06:00:00,12245.975,13249.614,17709.346,13239.373,14603.825
2013-02-02 07:00:00,12246.537,13250.193,17710.148,13240.352,14603.825
2013-02-02 08:00:00,12247.38,13250.659,17710.186,13240.402,14604.31
2013-02-02 09:00:00,12248.432,13251.339,17710.23,13240.85,14605.228
2013-02-02 10:00:00,12248.879,13253.178,17714.174,13242.147,14605.721
2013-02-02 11:00:00,12249.002,13254.01,17716.893,13243.64,14606.028
2013-02-02 12:00:00,12252.035,13254.392,17717.457,13243.94,14608.379
2013-02-02 13:00:00,12253.066,13255.274,17721.023,13244.376,14609.447
2013-02-02 14:00:00,12253.991,13258.668,17722.225,13246.445,14609.851
2013-02-02 15:00:00,12255.067,13259.13,17722.225,13246.898,14609.851
2013-02-02 16:00:00,12256.01,13259.13,17722.225,13246.912,14609.851
2013-02-02 17:00:00,12256.357,13259.13,17722.225,13246.912,14609.851
2013-02-02 18:00:00,12256.357,13259.13,17722.225,13246.912,14609.851
2013-02-02 19:00:00,12256.357,13259.13,17722.225,13246.912,14610.885
2013-02-02 20:00:00,12256.357,13259.278,17722.898,13246.912,14612.146
2013-02-02 21:00:00,12256.357,13259.32,17724.482,13246.912,14612.586
2013-02-02 22:00:00,12256.357,13259.32,17725.287,13246.912,14612.586
2013-02-02 23:00:00,12256.357,13259.32,17725.287,13246.912,14612.586
2013-02-03 00:00:00,12256.357,13259.32,17725.287,13246.912,14612.586
2013-02-03 01:00:00,12256.357,13259.32,17725.518,13246.912,14612.586
2013-02-03 02:00:00,12256.357,13259.32,17725.678,13246.912,14612.586
2013-02-03 03:00:00,12256.357,13259.32,17725.678,13246.912,14612.586
2013-02-03 04:00:00,12256.357,13259.32,17725.678,13246.912,14612.586
2013-02-03 05:00:00,12256.357,13259.32,17725.678,13246.912,14612.586
2013-02-03 06:00:00,12256.357,13259.32,17725.678,13246.912,14612.586
2013-02-03 07:00:00,12256.357,13259.32,17725.678,13246.912,14612.586
2013-02-03 08:00:00,12256.357,13259.32,17725.678,13246.912,14612.586
2013-02-03 09:00:00,12256.357,13259.32,17725.678,13246.912,14612.586
2013-02-03 10:00:00,12256.357,13259.337,17725.678,13246.912,14612.586
2013-02-03 11:00:00,12256.357,13259.482,17725.678,13247.176,14612.586
2013-02-03 12:00:00,12256.357,13259.492,17725.678,13248.041,14612.586
2013-02-03 13:00:00,12256.357,13259.492,17725.678,13248.7705,14612.586
2013-02-03 14:00:00,12256.357,13259.492,17725.678,13249.442,14612.586
2013-02-03 15:00:00,12256.357,13259.492,17725.678,13250.014,14612.586
2013-02-03 16:00:00,12256.357,13259.562,17725.678,13250.0205,14612.586
2013-02-03 17:00:00,12256.357,13259.626,17725.678,13250.04,14612.586
2013-02-03 18:00:00,12256.411,13259.626,17725.691,13250.04,14612.586
2013-02-03 19:00:00,12257.1,13259.83,17725.818,13250.1045,14612.741
2013-02-03 20:00:00,12257.649,13259.953,17725.988,13250.32,14612.845
2013-02-03 21:00:00,12257.988,13259.953,17726.13,13250.32,14612.845
2013-02-03 22:00:00,12257.988,13259.953,17726.13,13250.32,14612.874
2013-02-03 23:00:00,12257.996,13260.797,17726.203,13250.695,14613.079
2013-02-04 00:00:00,12258.209,13260.809,17726.203,13250.938,14613.388
2013-02-04 01:00:00,12258.209,13260.986,17726.209,13250.938,14613.388
2013-02-04 02:00:00,12258.21,13262.045,17726.404,13251.604,14613.457
2013-02-04 03:00:00,12258.704,13262.05,17726.91,13251.975,14613.721
2013-02-04 04:00:00,12258.716,13262.265,17726.912,13251.983,14613.721
2013-02-04 05:00:00,12259.28,13262.265,17726.912,13252.174,14613.732
2013-02-04 06:00:00,12259.285,13262.761,17726.912,13252.174,14613.732
2013-02-04 07:00:00,12260.203,13263.631,17726.912,13252.968,14613.732
2013-02-04 08:00:00,12262.318,13266.053,17726.912,13257.236,14614.786
2013-02-04 09:00:00,12261.064,13264.516,17726.912,13254.531,14614.002
2013-02-04 10:00:00,12263.9,13268.552,17726.926,13259.07,14615.498
2013-02-04 11:00:00,12265.431,13271.434,17728.771,13261.395,14617.493
2013-02-04 12:00:00,12267.356,13273.286,17729.547,13263.742,14619.138
2013-02-04 13:00:00,12268.371,13274.764,17730.459,13264.366,14620.91
2013-02-04 14:00:00,12268.419,13274.848,17730.977,13264.717,14621.367
2013-02-04 15:00:00,12268.419,13274.848,17731.662,13264.798,14623.976
2013-02-04 16:00:00,12268.419,13274.848,17732.367,13264.886,14624.143
2013-02-04 17:00:00,12268.419,13275.879,17732.367,13264.95,14624.222
2013-02-04 18:00:00,12268.419,13277.11,17732.371,13265.174,14624.796
2013-02-04 19:00:00,12268.419,13277.166,17732.69,13265.631,14624.805
2013-02-04 20:00:00,12268.419,13277.923,17733.21,13266.041,14625.748
2013-02-04 21:00:00,12268.42,13278.134,17733.504,13266.1455,14626.085
2013-02-04 22:00:00,12268.422,13281.512,17733.504,13267.91,14626.723
2013-02-04 23:00:00,12268.434,13283.711,17733.625,13269.616,14628.263
2013-02-05 00:00:00,12268.985,13283.797,17734.035,13269.915,14629.348
2013-02-05 01:00:00,12269.102,13283.83,17734.041,13270.022,14631.15
2013-02-05 02:00:00,12269.125,13284.475,17734.238,13270.043,14632.181
2013-02-05 03:00:00,12269.125,13284.983,17734.451,13270.234,14632.592
2013-02-05 04:00:00,12269.125,13284.983,17734.625,13270.568,14632.624
2013-02-05 05:00:00,12269.125,13284.983,17734.625,13270.568,14632.703
2013-02-05 06:00:00,12269.125,13284.983,17734.625,13270.568,14632.738
2013-02-05 07:00:00,12269.125,13284.983,17734.625,13270.568,14632.738
2013-02-05 08:00:00,12269.125,13284.983,17734.625,13270.568,14632.738
2013-02-05 09:00:00,12269.125,13284.983,17734.625,13270.568,14632.738
2013-02-05 10:00:00,12269.125,13284.983,17734.625,13270.568,14632.738
2013-02-05 11:00:00,12269.125,13284.983,17734.625,13270.568,14632.738
2013-02-05 12:00:00,12269.125,13284.983,17734.625,13270.568,14632.738
2013-02-05 13:00:00,12269.125,13284.983,17734.625,13270.568,14632.738
2013-02-05 14:00:00,12269.125,13284.983,17734.625,13270.568,14632.738
2013-02-05 15:00:00,12269.125,13284.983,17734.625,13270.568,14632.738
2013-02-05 16:00:00,12269.125,13284.983,17734.625,13270.568,14632.738
2013-02-05 17:00:00,12269.125,13284.983,17734.625,13270.568,14632.738
2013-02-05 18:00:00,12269.125,13284.983,17734.625,13270.568,14632.738
2013-02-05 19:00:00,12269.125,13284.983,17734.625,13270.568,14632.738
2013-02-05 20:00:00,12269.125,13284.983,17734.863,13270.568,14632.738
2013-02-05 21:00:00,12269.125,13284.983,17735.354,13270.568,14632.907
2013-02-05 22:00:00,12269.125,13284.983,17735.354,13270.568,14632.942
2013-02-05 23:00:00,12269.125,13284.983,17735.354,13270.568,14632.942
2013-02-06 00:00:00,12269.125,13284.983,17735.354,13270.568,14632.942
2013-02-06 01:00:00,12269.125,13284.983,17735.354,13270.568,14632.942
2013-02-06 02:00:00,12269.125,13284.983,17735.354,13270.568,14632.942
2013-02-06 03:00:00,12269.125,13284.983,17735.354,13270.568,14633.031
2013-02-06 04:00:00,12269.125,13284.983,17735.354,13270.568,14633.031
2013-02-06 05:00:00,12269.125,13284.983,17735.354,13270.568,14633.038
2013-02-06 06:00:00,12269.125,13284.983,17735.354,13270.568,14633.112
2013-02-06 07:00:00,12269.125,13284.983,17735.354,13270.568,14633.533
2013-02-06 08:00:00,12269.125,13284.983,17735.354,13270.568,14633.913
2013-02-06 09:00:00,12269.125,13284.983,17735.354,13270.568,14633.913
2013-02-06 10:00:00,12269.125,13284.983,17735.422,13270.568,14633.973
2013-02-06 11:00:00,12269.125,13284.983,17735.422,13270.568,14634.191
2013-02-06 12:00:00,12269.125,13284.983,17735.422,13270.568,14634.191
2013-02-06 13:00:00,12269.125,13284.983,17735.902,13270.568,14634.191
2013-02-06 14:00:00,12269.125,13284.983,17735.902,13270.568,14634.191
2013-02-06 15:00:00,12269.125,13284.983,17735.902,13270.568,14634.191
2013-02-06 16:00:00,12269.125,13284.983,17735.902,13270.568,14634.191
2013-02-06 17:00:00,12269.125,13284.983,17735.902,13270.568,14634.293
2013-02-06 18:00:00,12269.125,13284.983,17735.902,13270.568,14634.293
2013-02-06 19:00:00,12269.125,13284.983,17735.902,13270.568,14634.293
2013-02-06 20:00:00,12269.125,13284.983,17735.902,13270.568,14634.293
2013-02-06 21:00:00,12269.125,13284.983,17735.902,13270.568,14634.293
2013-02-06 22:00:00,12269.125,13284.983,17735.902,13270.568,14634.293
2013-02-06 23:00:00,12269.125,13284.983,17735.902,13270.568,14634.293
2013-02-07 00:00:00,12269.125,13284.983,17735.902,13270.568,14634.293
2013-02-07 01:00:00,12269.125,13284.983,17735.902,13270.568,14634.293
2013-02-07 02:00:00,12269.125,13284.983,17735.902,13270.568,14634.293
2013-02-07 03:00:00,12269.125,13284.983,17735.902,13270.568,14634.293
2013-02-07 04:00:00,12269.125,13284.983,17735.902,13270.568,14634.293
2013-02-07 05:00:00,12269.125,13284.983,17735.902,13270.568,14634.293
2013-02-07 06:00:00,12269.125,13284.983,17735.902,13270.568,14634.293
2013-02-07 07:00:00,12269.125,13284.983,17735.902,13270.568,14634.293
2013-02-07 08:00:00,12269.125,13284.983,17735.902,13270.568,14634.293
2013-02-07 09:00:00,12269.125,13284.983,17735.902,13270.568,14634.293
2013-02-07 10:00:00,12269.125,13284.983,17735.902,13270.568,14634.293
2013-02-07 11:00:00,12269.125,13284.983,17735.902,13270.568,14634.293
2013-02-07 12:00:00,12269.125,13284.983,17735.902,13270.568,14634.293
2013-02-07 13:00:00,12269.125,13284.983,17735.902,13270.568,14634.293
2013-02-07 14:00:00,12269.125,13284.983,17735.902,13270.568,14634.293
2013-02-07 15:00:00,12269.125,13284.983,17735.902,13270.568,14634.293
2013-02-07 16:00:00,12269.125,13284.983,17735.902,13270.568,14634.293
2013-02-07 17:00:00,12269.125,13284.983,17735.902,13270.568,14634.293
2013-02-07 18:00:00,12269.125,13284.983,17735.902,13270.568,14634.293
2013-02-07 19:00:00,12269.125,13284.983,17735.902,13270.568,14634.293
2013-02-07 20:00:00,12269.125,13284.983,17735.902,13270.568,14634.293
2013-02-07 21:00:00,12269.125,13284.983,17735.902,13270.568,14634.293
2013-02-07 22:00:00,12269.125,13284.983,17735.902,13270.568,14634.293
2013-02-07 23:00:00,12269.125,13284.983,17735.902,13270.568,14634.293
2013-02-08 00:00:00,12269.125,13284.983,17735.902,13270.568,14634.293
2013-02-08 01:00:00,12269.125,13284.983,17735.902,13270.568,14634.293
2013-02-08 02:00:00,12269.125,13284.983,17735.902,13270.568,14634.293
2013-02-08 03:00:00,12269.125,13284.983,17735.902,13270.568,14634.293
2013-02-08 04:00:00,12269.125,13284.983,17735.902,13270.568,14634.293
2013-02-08 05:00:00,12269.125,13284.983,17735.902,13270.568,14634.293
2013-02-08 06:00:00,12269.125,13284.983,17735.902,13270.568,14634.293
2013-02-08 07:00:00,12269.125,13284.983,17735.902,13270.568,14634.293
2013-02-08 08:00:00,12269.125,13284.983,17735.902,13270.568,14634.293
2013-02-08 09:00:00,12269.125,13284.983,17735.902,13270.568,14634.293
2013-02-08 10:00:00,12269.125,13284.983,17735.902,13270.568,14634.293
2013-02-08 11:00:00,12269.125,13284.983,17735.902,13270.568,14634.293
2013-02-08 12:00:00,12269.125,13284.983,17735.902,13270.568,14634.293
2013-02-08 13:00:00,12269.125,13284.983,17735.902,13270.568,14634.293
2013-02-08 14:00:00,12269.125,13284.983,17735.902,13270.568,14634.293
2013-02-08 15:00:00,12269.125,13284.983,17735.902,13270.568,14634.293
2013-02-08 16:00:00,12269.125,13284.983,17735.902,13270.568,14634.293
2013-02-08 17:00:00,12269.125,13284.983,17735.902,13270.568,14634.293
2013-02-08 18:00:00,12269.125,13284.983,17735.902,13270.568,14634.293
2013-02-08 19:00:00,12269.125,13284.983,17735.902,13270.568,14634.293
2013-02-08 20:00:00,12269.125,13284.983,17735.902,13270.568,14634.293
2013-02-08 21:00:00,12269.125,13284.983,17735.902,13270.568,14634.293
2013-02-08 22:00:00,12269.125,13284.983,17735.902,13270.568,14634.293
2013-02-08 23:00:00,12269.125,13284.983,17735.902,13270.568,14634.293
2013-02-09 00:00:00,12269.125,13284.983,17735.902,13270.568,14634.293
2013-02-09 01:00:00,12269.125,13284.983,17735.902,13270.568,14634.293
2013-02-09 02:00:00,12269.125,13284.983,17735.902,13270.568,14634.293
2013-02-09 03:00:00,12269.125,13284.983,17735.902,13270.568,14634.293
2013-02-09 04:00:00,12269.125,13284.983,17735.902,13270.568,14634.293
2013-02-09 05:00:00,12269.125,13284.983,17735.902,13270.568,14634.293
2013-02-09 06:00:00,12269.125,13284.983,17735.902,13270.568,14634.293
2013-02-09 07:00:00,12269.125,13284.983,17735.902,13270.568,14634.293
2013-02-09 08:00:00,12269.125,13284.983,17735.902,13270.568,14634.293
2013-02-09 09:00:00,12269.125,13284.983,17735.902,13270.568,14634.293
2013-02-09 10:00:00,12269.125,13284.983,17735.902,13270.568,14634.293
2013-02-09 11:00:00,12269.125,13284.983,17735.902,13270.568,14634.293
2013-02-09 12:00:00,12269.125,13284.983,17735.902,13270.568,14634.293
2013-02-09 13:00:00,12269.125,13284.983,17735.902,13270.568,14634.293
2013-02-09 14:00:00,12269.125,13284.983,17735.902,13270.568,14634.293
2013-02-09 15:00:00,12269.125,13284.983,17735.902,13270.568,14634.293
2013-02-09 16:00:00,12269.125,13284.983,17735.902,13270.568,14634.293
2013-02-09 17:00:00,12269.125,13284.983,17735.902,13270.568,14634.293
2013-02-09 18:00:00,12269.125,13284.983,17735.902,13270.568,14634.293
2013-02-09 19:00:00,12269.125,13284.983,17735.902,13270.568,14634.293
2013-02-09 20:00:00,12269.125,13284.983,17735.902,13270.568,14634.293
2013-02-09 21:00:00,12269.125,13284.983,17735.902,13270.568,14634.293
2013-02-09 22:00:00,12269.125,13284.983,17735.902,13270.568,14634.293
2013-02-09 23:00:00,12269.125,13284.983,17735.902,13270.568,14634.293
2013-02-10 00:00:00,12269.125,13284.983,17735.902,13270.568,14634.293
2013-02-10 01:00:00,12269.125,13284.983,17735.902,13270.568,14634.293
2013-02-10 02:00:00,12269.125,13284.983,17735.902,13270.568,14634.293
2013-02-10 03:00:00,12269.125,13284.983,17735.902,13270.568,14634.293
2013-02-10 04:00:00,12269.125,13284.983,17735.902,13270.568,14634.293
2013-02-10 05:00:00,12269.125,13284.983,17735.902,13270.568,14634.293
2013-02-10 06:00:00,12269.125,13284.983,17735.902,13270.568,14634.293
2013-02-10 07:00:00,12269.125,13284.983,17735.902,13270.568,14634.293
2013-02-10 08:00:00,12269.125,13284.983,17735.902,13270.568,14634.293
2013-02-10 09:00:00,12269.125,13284.983,17735.902,13270.568,14634.293
2013-02-10 10:00:00,12269.125,13284.983,17735.902,13270.568,14634.293
2013-02-10 11:00:00,12269.125,13284.983,17735.902,13270.568,14634.293
2013-02-10 12:00:00,12269.125,13284.983,17735.902,13270.568,14634.293
2013-02-10 13:00:00,12269.125,13284.983,17735.902,13270.568,14634.293
2013-02-10 14:00:00,12269.125,13284.983,17735.902,13270.568,14634.293
2013-02-10 15:00:00,12269.125,13284.983,17735.902,13270.568,14634.293
2013-02-10 16:00:00,12269.125,13284.983,17735.902,13270.568,14634.293
2013-02-10 17:00:00,12269.125,13284.983,17735.902,13270.568,14634.293
2013-02-10 18:00:00,12269.125,13284.983,17735.902,13270.568,14634.293
2013-02-10 19:00:00,12269.125,13284.983,17735.902,13270.568,14634.293
2013-02-10 20:00:00,12269.125,13284.983,17735.902,13270.568,14634.293
2013-02-10 21:00:00,12269.125,13284.983,17735.902,13270.568,14634.293
2013-02-10 22:00:00,12269.125,13284.983,17735.902,13270.568,14634.293
2013-02-10 23:00:00,12269.125,13284.983,17735.902,13270.568,14634.293
2013-02-11 00:00:00,12269.125,13284.983,17735.902,13270.568,14634.293
2013-02-11 01:00:00,12269.125,13284.983,17735.902,13270.568,14634.293
2013-02-11 02:00:00,12269.125,13284.983,17735.902,13270.568,14634.293
2013-02-11 03:00:00,12269.125,13284.983,17735.902,13270.568,14634.293
2013-02-11 04:00:00,12269.125,13284.983,17735.902,13270.568,14634.293
2013-02-11 05:00:00,12269.125,13284.983,17735.902,13270.568,14634.293
2013-02-11 06:00:00,12269.125,13284.983,17735.902,13270.568,14634.293
2013-02-11 07:00:00,12269.125,13284.983,17735.902,13270.568,14634.293
2013-02-11 08:00:00,12269.125,13284.983,17735.902,13270.568,14634.293
2013-02-11 09:00:00,12269.125,13284.983,17735.902,13270.568,14634.293
2013-02-11 10:00:00,12269.125,13284.983,17735.902,13270.568,14634.293
2013-02-11 11:00:00,12269.125,13284.983,17735.902,13270.568,14634.293
2013-02-11 12:00:00,12269.125,13284.983,17735.902,13270.568,14634.293
2013-02-11 13:00:00,12269.125,13284.983,17735.902,13270.568,14634.293
2013-02-11 14:00:00,12269.125,13284.983,17735.902,13270.568,14634.293
2013-02-11 15:00:00,12269.125,13284.983,17735.902,13270.568,14634.293
2013-02-11 16:00:00,12269.125,13284.983,17735.902,13270.568,14634.293
2013-02-11 17:00:00,12269.125,13284.983,17735.902,13270.568,14634.293
2013-02-11 18:00:00,12269.125,13284.983,17735.902,13270.568,14634.293
2013-02-11 19:00:00,12269.125,13284.983,17735.902,13270.568,14634.293
2013-02-11 20:00:00,12269.125,13284.983,17735.902,13270.568,14634.293
2013-02-11 21:00:00,12269.125,13284.983,17735.902,13270.568,14634.293
2013-02-11 22:00:00,12269.125,13284.983,17735.902,13270.568,14634.293
2013-02-11 23:00:00,12269.125,13284.983,17735.902,13270.568,14634.293
2013-02-12 00:00:00,12269.125,13284.983,17735.902,13270.568,14634.293
2013-02-12 01:00:00,12269.125,13284.983,17735.902,13270.568,14634.293
2013-02-12 02:00:00,12269.125,13284.983,17735.902,13270.568,14634.293
2013-02-12 03:00:00,12269.125,13284.983,17735.902,13270.568,14634.293
2013-02-12 04:00:00,12269.125,13284.983,17735.902,13270.568,14634.293
2013-02-12 05:00:00,12269.125,13284.983,17735.902,13270.568,14634.293
2013-02-12 06:00:00,12269.125,13284.983,17735.902,13270.568,14634.293
2013-02-12 07:00:00,12269.125,13284.983,17735.902,13270.568,14634.293
2013-02-12 08:00:00,12269.125,13284.983,17735.902,13270.568,14634.293
2013-02-12 09:00:00,12269.125,13284.983,17735.902,13270.568,14634.293
2013-02-12 10:00:00,12269.125,13284.983,17735.902,13270.568,14634.293
2013-02-12 11:00:00,12269.125,13284.983,17735.902,13270.568,14634.293
2013-02-12 12:00:00,12269.125,13284.983,17735.902,13270.568,14634.293
2013-02-12 13:00:00,12269.125,13284.983,17735.902,13270.568,14634.293
2013-02-12 14:00:00,12269.125,13284.983,17735.902,13270.568,14634.293
2013-02-12 15:00:00,12269.125,13284.983,17735.902,13270.568,14634.293
2013-02-12 16:00:00,12269.125,13284.983,17735.902,13270.568,14634.293
2013-02-12 17:00:00,12269.125,13284.983,17735.902,13270.568,14634.293
2013-02-12 18:00:00,12269.125,13284.983,17735.902,13270.568,14634.293
2013-02-12 19:00:00,12269.125,13284.983,17735.902,13270.568,14634.293
2013-02-12 20:00:00,12269.125,13284.983,17735.902,13270.568,14634.293
2013-02-12 21:00:00,12269.125,13284.983,17735.902,13270.568,14634.293
2013-02-12 22:00:00,12269.125,13284.983,17735.902,13270.568,14634.293
2013-02-12 23:00:00,12269.125,13284.983,17735.902,13270.568,14634.293
2013-02-13 00:00:00,12269.125,13284.983,17735.902,13270.568,14634.293
2013-02-13 01:00:00,12269.125,13284.983,17735.902,13270.568,14634.293
2013-02-13 02:00:00,12269.125,13284.983,17735.902,13270.568,14634.293
2013-02-13 03:00:00,12269.125,13284.983,17735.902,13270.568,14634.293
2013-02-13 04:00:00,12269.125,13284.983,17735.902,13270.568,14634.293
2013-02-13 05:00:00,12269.125,13284.983,17735.902,13270.568,14634.293
2013-02-13 06:00:00,12269.125,13284.983,17735.902,13270.568,14634.293
2013-02-13 07:00:00,12269.125,13284.983,17735.902,13270.568,14634.293
2013-02-13 08:00:00,12269.125,13284.983,17735.902,13270.568,14634.293
2013-02-13 09:00:00,12269.125,13284.983,17735.902,13270.568,14634.293
2013-02-13 10:00:00,12269.125,13284.983,17735.902,13270.568,14634.293
2013-02-13 11:00:00,12269.125,13284.983,17735.902,13270.568,14634.293
2013-02-13 12:00:00,12269.125,13284.983,17735.902,13270.568,14634.293
2013-02-13 13:00:00,12269.125,13284.983,17735.902,13270.568,14634.293
2013-02-13 14:00:00,12269.125,13284.983,17735.902,13270.568,14634.293
2013-02-13 15:00:00,12269.125,13284.983,17735.902,13270.568,14634.293
2013-02-13 16:00:00,12269.125,13284.983,17735.902,13270.568,14634.293
2013-02-13 17:00:00,12269.125,13284.983,17735.902,13270.568,14634.293
2013-02-13 18:00:00,12269.125,13284.983,17735.902,13270.568,14634.293
2013-02-13 19:00:00,12269.125,13284.983,17735.902,13270.568,14634.293
2013-02-13 20:00:00,12269.125,13284.983,17735.902,13270.568,14634.293
2013-02-13 21:00:00,12269.125,13284.983,17735.902,13270.568,14634.293
2013-02-13 22:00:00,12269.125,13284.983,17735.902,13270.568,14634.293
2013-02-13 23:00:00,12269.125,13284.983,17735.902,13270.568,14634.293
2013-02-14 00:00:00,12269.125,13284.983,17735.902,13270.568,14634.293
2013-02-14 01:00:00,12269.125,13284.983,17735.902,13270.568,14634.293
2013-02-14 02:00:00,12269.125,13284.983,17735.902,13270.568,14634.293
2013-02-14 03:00:00,12269.125,13284.983,17735.902,13270.568,14634.293
2013-02-14 04:00:00,12269.125,13284.983,17735.902,13270.568,14634.293
2013-02-14 05:00:00,12269.125,13284.983,17735.902,13270.568,14634.293
2013-02-14 06:00:00,12269.125,13284.983,17735.902,13270.568,14634.293
2013-02-14 07:00:00,12269.125,13284.983,17735.902,13270.568,14634.293
2013-02-14 08:00:00,12269.125,13284.983,17735.902,13270.568,14634.293
2013-02-14 09:00:00,12269.125,13284.983,17735.902,13270.568,14634.293
2013-02-14 10:00:00,12269.125,13284.983,17735.902,13270.568,14634.293
2013-02-14 11:00:00,12269.125,13284.983,17735.902,13270.568,14634.293
2013-02-14 12:00:00,12269.125,13284.983,17735.902,13270.568,14634.293
2013-02-14 13:00:00,12269.125,13284.983,17735.902,13270.568,14634.293
2013-02-14 14:00:00,12269.125,13284.983,17735.902,13270.568,14634.293
2013-02-14 15:00:00,12269.125,13284.983,17735.902,13270.568,14634.293
2013-02-14 16:00:00,12269.125,13284.983,17735.902,13270.568,14634.293
2013-02-14 17:00:00,12269.125,13284.983,17735.902,13270.568,14634.293
2013-02-14 18:00:00,12269.125,13285.054,17735.902,13270.568,14634.293
2013-02-14 19:00:00,12269.125,13285.288,17735.902,13270.568,14634.293
2013-02-14 20:00:00,12269.125,13285.42,17735.902,13270.568,14634.293
2013-02-14 21:00:00,12269.125,13285.551,17735.902,13270.568,14634.293
2013-02-14 22:00:00,12269.125,13285.621,17735.902,13270.568,14634.293
2013-02-14 23:00:00,12269.125,13285.621,17735.902,13270.568,14634.293
2013-02-15 00:00:00,12269.125,13285.621,17735.902,13270.568,14634.293
2013-02-15 01:00:00,12269.125,13285.621,17735.902,13270.568,14634.293
2013-02-15 02:00:00,12269.125,13285.621,17735.902,13270.568,14634.293
2013-02-15 03:00:00,12269.125,13285.621,17735.902,13270.568,14634.293
2013-02-15 04:00:00,12269.125,13285.621,17735.902,13270.568,14634.293
2013-02-15 05:00:00,12269.125,13285.621,17735.902,13270.568,14634.293
2013-02-15 06:00:00,12269.125,13285.621,17735.902,13270.568,14634.293
2013-02-15 07:00:00,12269.125,13285.621,17735.902,13270.568,14634.293
2013-02-15 08:00:00,12269.125,13285.621,17735.902,13270.568,14634.293
2013-02-15 09:00:00,12269.125,13285.621,17735.902,13270.568,14634.293
2013-02-15 10:00:00,12269.125,13285.621,17735.902,13270.568,14634.293
2013-02-15 11:00:00,12269.125,13285.621,17735.902,13270.568,14634.293
2013-02-15 12:00:00,12269.125,13285.621,17735.902,13270.568,14634.293
2013-02-15 13:00:00,12269.125,13285.621,17735.902,13270.568,14634.293
2013-02-15 14:00:00,12269.125,13285.621,17735.902,13270.568,14634.293
2013-02-15 15:00:00,12269.125,13285.621,17735.902,13270.568,14634.293
2013-02-15 16:00:00,12269.125,13285.621,17735.902,13270.568,14634.293
2013-02-15 17:00:00,12269.125,13285.621,17735.902,13270.568,14634.293
2013-02-15 18:00:00,12269.125,13285.621,17735.902,13270.568,14634.293
2013-02-15 19:00:00,12269.125,13285.621,17735.902,13270.568,14634.293
2013-02-15 20:00:00,12269.125,13285.621,17735.902,13270.568,14634.293
2013-02-15 21:00:00,12269.125,13285.621,17735.902,13270.568,14634.293
2013-02-15 22:00:00,12269.125,13285.621,17735.902,13270.568,14634.293
2013-02-15 23:00:00,12269.125,13285.621,17735.902,13270.568,14634.293
2013-02-16 00:00:00,12269.125,13285.621,17735.902,13270.568,14634.293
2013-02-16 01:00:00,12269.125,13285.621,17735.902,13270.568,14634.293
2013-02-16 02:00:00,12269.125,13285.621,17735.902,13270.568,14634.365
2013-02-16 03:00:00,12269.125,13285.621,17735.902,13270.568,14634.365
2013-02-16 04:00:00,12269.125,13285.621,17735.902,13270.568,14634.365
2013-02-16 05:00:00,12269.125,13285.621,17735.902,13270.568,14634.365
2013-02-16 06:00:00,12269.125,13285.621,17735.902,13270.568,14634.365
2013-02-16 07:00:00,12269.125,13285.621,17735.902,13270.568,14634.365
2013-02-16 08:00:00,12269.125,13285.621,17735.902,13270.568,14634.365
2013-02-16 09:00:00,12269.125,13285.621,17735.902,13270.568,14634.365
2013-02-16 10:00:00,12269.125,13285.621,17735.936,13270.568,14634.718
2013-02-16 11:00:00,12269.125,13285.621,17736.05,13270.568,14634.731
2013-02-16 12:00:00,12269.125,13285.621,17736.096,13270.714,14634.741
2013-02-16 13:00:00,12269.125,13285.908,17736.125,13270.951,14634.741
2013-02-16 14:00:00,12269.262,13286.342,17736.125,13271.183,14634.741
2013-02-16 15:00:00,12269.992,13286.465,17736.125,13271.183,14634.741
2013-02-16 16:00:00,12270.791,13286.465,17736.125,13271.183,14634.741
2013-02-16 17:00:00,12271.61,13286.465,17736.125,13271.345,14634.741
2013-02-16 18:00:00,12272.431,13286.714,17736.125,13271.345,14634.741
2013-02-16 19:00:00,12273.237,13287.522,17736.125,13271.577,14634.741
2013-02-16 20:00:00,12269.125,13285.621,17735.902,13270.568,14634.293
2013-02-16 21:00:00,12269.125,13285.621,17735.902,13270.568,14634.293
2013-02-16 22:00:00,12269.125,13285.621,17735.902,13270.568,14634.293
2013-02-16 23:00:00,12269.125,13285.621,17735.902,13270.568,14634.293
2013-02-17 00:00:00,12274.024,13288.513,17736.127,13272.324,14635.017
2013-02-17 01:00:00,12275.357,13290.128,17736.309,13273.103,14635.807
2013-02-17 02:00:00,12276.262,13292.538,17736.54,13273.868,14637.057
2013-02-17 03:00:00,12277.154,13295.6,17736.648,13274.759,14638.393
2013-02-17 04:00:00,12278.093,13298.409,17736.648,13275.391,14639.935
2013-02-17 05:00:00,12279.034,13301.102,17736.648,13275.419,14641.467
2013-02-17 06:00:00,12279.924,13303.49,17736.648,13275.57,14642.764
2013-02-17 07:00:00,12280.768,13305.539,17736.648,13276.239,14643.915
2013-02-17 08:00:00,12281.589,13306.918,17736.648,13276.89,14645.207
2013-02-17 09:00:00,12282.3955,13307.744,17736.75,13277.511,14646.102
2013-02-17 10:00:00,12282.889,13308.487,17737.018,13277.782,14646.845
2013-02-17 11:00:00,12282.889,13309.142,17737.115,13278.039,14647.442
2013-02-17 12:00:00,12282.974,13309.253,17737.209,13278.063,14647.75
2013-02-17 13:00:00,12283.346,13309.253,17737.254,13278.619,14647.75
2013-02-17 14:00:00,12283.615,13309.253,17737.438,13279.146,14648.102
2013-02-17 15:00:00,12283.615,13309.256,17738.342,13279.718,14649.0625
2013-02-17 16:00:00,12283.615,13309.307,17739.586,13280.247,14649.963
2013-02-17 17:00:00,12283.615,13309.651,17740.855,13280.687,14650.418
2013-02-17 18:00:00,12283.681,13310.211,17742.234,13280.792,14650.956
2013-02-17 19:00:00,12285.06,13312.875,17744.682,13282.076,14653.895
2013-02-17 20:00:00,12284.506,13312.027,17743.709,13282.076,14652.636
2013-02-17 21:00:00,12284.746,13312.338,17744.195,13282.076,14653.196
2013-02-17 22:00:00,12284.072,13311.399,17743.219,13281.784,14652.153
2013-02-17 23:00:00,12283.809,13310.783,17742.732,13281.06,14651.646
2013-02-18 00:00:00,12288.25,13316.141,17745.613,13283.431,14659.256
2013-02-18 01:00:00,12289.033,13316.924,17745.613,13283.431,14660.17
2013-02-18 02:00:00,12289.814,13317.4,17745.613,13283.431,14661.067
2013-02-18 03:00:00,12291.376,13317.535,17745.613,13283.431,14662.573
2013-02-18 04:00:00,12286.688,13314.561,17745.314,13283.26,14657.299
2013-02-18 05:00:00,12287.469,13315.342,17745.557,13283.431,14658.34
2013-02-18 06:00:00,12285.234,13313.081,17745.258,13282.076,14655.284
2013-02-18 07:00:00,12285.907,13313.778,17745.314,13282.259,14656.258
2013-02-18 08:00:00,12285.217,13313.043,17745.1,13282.076,14654.419
2013-02-18 09:00:00,12290.595,13317.534,17745.613,13283.431,14661.849
2013-02-18 10:00:00,12291.709,13317.535,17745.613,13283.431,14663.103
2013-02-18 11:00:00,12291.709,13317.535,17745.613,13283.431,14663.765
2013-02-18 12:00:00,12291.709,13317.535,17745.613,13283.431,14664.099
2013-02-18 13:00:00,12291.709,13317.535,17745.613,13283.431,14664.099
2013-02-18 14:00:00,12291.709,13317.535,17745.613,13283.431,14664.099
2013-02-18 15:00:00,12291.709,13317.535,17745.613,13283.431,14664.099
2013-02-18 16:00:00,12291.709,13317.535,17745.613,13283.431,14664.099
2013-02-18 17:00:00,12291.709,13317.535,17745.613,13283.431,14664.635
2013-02-18 18:00:00,12291.709,13317.535,17745.613,13283.431,14664.942
2013-02-18 19:00:00,12291.709,13317.535,17745.613,13283.431,14664.982
2013-02-18 20:00:00,12291.709,13317.535,17745.613,13283.431,14664.982
2013-02-18 21:00:00,12291.709,13317.535,17745.613,13283.431,14664.982
2013-02-18 22:00:00,12291.709,13317.535,17745.613,13283.431,14664.982
2013-02-18 23:00:00,12291.709,13317.535,17745.613,13283.431,14664.982
2013-02-19 00:00:00,12291.709,13317.535,17745.613,13283.431,14664.982
2013-02-19 01:00:00,12291.709,13317.535,17745.613,13283.431,14664.982
2013-02-19 02:00:00,12291.709,13317.535,17745.613,13283.431,14664.982
2013-02-19 03:00:00,12291.709,13317.535,17745.613,13283.431,14664.982
2013-02-19 04:00:00,12291.709,13317.535,17745.613,13283.431,14664.982
2013-02-19 05:00:00,12291.709,13317.535,17745.613,13283.431,14664.982
2013-02-19 06:00:00,12291.709,13317.535,17745.613,13283.431,14664.982
2013-02-19 07:00:00,12291.709,13317.535,17745.613,13283.431,14664.982
2013-02-19 08:00:00,12291.709,13317.535,17745.613,13283.431,14664.982
2013-02-19 09:00:00,12291.709,13317.535,17745.613,13283.431,14664.982
2013-02-19 10:00:00,12291.709,13317.535,17745.613,13283.431,14664.982
2013-02-19 11:00:00,12291.709,13317.535,17745.613,13283.431,14664.982
2013-02-19 12:00:00,12291.709,13317.535,17745.613,13283.431,14664.982
2013-02-19 13:00:00,12291.709,13317.535,17745.613,13283.431,14664.982
2013-02-19 14:00:00,12291.709,13317.535,17745.613,13283.431,14664.982
2013-02-19 15:00:00,12291.709,13317.535,17745.613,13283.431,14664.982
2013-02-19 16:00:00,12291.709,13317.535,17745.613,13283.431,14664.982
2013-02-19 17:00:00,12291.709,13317.535,17745.613,13283.431,14664.982
2013-02-19 18:00:00,12291.709,13317.535,17745.613,13283.431,14664.982
2013-02-19 19:00:00,12291.709,13317.535,17745.613,13283.431,14664.982
2013-02-19 20:00:00,12291.709,13317.535,17745.613,13283.431,14664.982
2013-02-19 21:00:00,12291.709,13317.535,17745.613,13283.431,14664.982
2013-02-19 22:00:00,12291.709,13317.535,17745.613,13283.431,14664.982
2013-02-19 23:00:00,12291.709,13317.535,17745.613,13283.431,14664.982
2013-02-20 00:00:00,12291.709,13317.535,17745.613,13283.431,14664.982
2013-02-20 01:00:00,12291.709,13317.535,17745.613,13283.431,14664.982
2013-02-20 02:00:00,12291.709,13317.535,17745.613,13283.431,14664.982
2013-02-20 03:00:00,12291.709,13317.535,17745.613,13283.431,14664.982
2013-02-20 04:00:00,12291.709,13317.535,17745.613,13283.431,14664.982
2013-02-20 05:00:00,12291.709,13317.535,17745.613,13283.431,14664.982
2013-02-20 06:00:00,12291.709,13317.535,17745.613,13283.431,14664.982
2013-02-20 07:00:00,12291.709,13317.535,17745.613,13283.431,14664.982
2013-02-20 08:00:00,12291.709,13317.535,17745.613,13283.431,14664.982
2013-02-20 09:00:00,12291.709,13317.535,17745.613,13283.431,14664.982
2013-02-20 10:00:00,12291.709,13317.535,17745.613,13283.431,14664.982
2013-02-20 11:00:00,12291.709,13317.535,17745.613,13283.431,14664.982
2013-02-20 12:00:00,12291.709,13317.535,17745.613,13283.431,14664.982
2013-02-20 13:00:00,12291.709,13317.535,17745.613,13283.431,14664.982
2013-02-20 14:00:00,12291.709,13317.535,17745.613,13283.431,14664.982
2013-02-20 15:00:00,12291.709,13317.535,17745.613,13283.431,14664.982
2013-02-20 16:00:00,12291.709,13317.535,17745.613,13283.431,14664.982
2013-02-20 17:00:00,12291.709,13317.535,17745.613,13283.431,14664.982
2013-02-20 18:00:00,12291.709,13317.535,17745.613,13283.431,14664.982
2013-02-20 19:00:00,12291.709,13317.535,17745.613,13283.431,14664.982
2013-02-20 20:00:00,12291.709,13317.535,17745.613,13283.431,14664.982
2013-02-20 21:00:00,12291.709,13317.535,17745.613,13283.431,14664.982
2013-02-20 22:00:00,12291.709,13317.535,17745.613,13283.431,14664.982
2013-02-20 23:00:00,12291.709,13317.535,17745.613,13283.431,14664.982
2013-02-21 00:00:00,12291.709,13317.535,17745.613,13283.431,14664.982
2013-02-21 01:00:00,12291.709,13317.535,17745.613,13283.431,14664.982
2013-02-21 02:00:00,12291.709,13317.535,17745.613,13283.431,14664.982
2013-02-21 03:00:00,12291.709,13317.535,17745.613,13283.431,14664.982
2013-02-21 04:00:00,12291.709,13317.535,17745.613,13283.431,14664.982
2013-02-21 05:00:00,12291.709,13317.535,17745.613,13283.431,14664.982
2013-02-21 06:00:00,12291.709,13317.535,17745.613,13283.431,14664.982
2013-02-21 07:00:00,12291.709,13317.535,17745.613,13283.431,14664.982
2013-02-21 08:00:00,12291.709,13317.535,17745.613,13283.431,14664.982
2013-02-21 09:00:00,12291.709,13317.535,17745.613,13283.431,14664.982
2013-02-21 10:00:00,12291.709,13317.535,17745.613,13283.431,14664.982
2013-02-21 11:00:00,12291.709,13317.535,17745.613,13283.431,14664.982
2013-02-21 12:00:00,12291.709,13317.535,17745.613,13283.431,14664.982
2013-02-21 13:00:00,12291.709,13317.535,17745.613,13283.431,14664.982
2013-02-21 14:00:00,12291.709,13317.535,17745.613,13283.431,14664.982
2013-02-21 15:00:00,12291.709,13317.535,17745.613,13283.431,14664.982
2013-02-21 16:00:00,12291.709,13317.535,17745.613,13283.431,14664.982
2013-02-21 17:00:00,12291.709,13317.535,17745.613,13283.431,14664.982
2013-02-21 18:00:00,12291.709,13317.535,17745.613,13283.431,14664.982
2013-02-21 19:00:00,12291.709,13317.535,17745.613,13283.431,14664.982
2013-02-21 20:00:00,12291.709,13317.535,17745.613,13283.431,14664.982
2013-02-21 21:00:00,12291.709,13317.535,17745.613,13283.431,14664.982
2013-02-21 22:00:00,12291.709,13317.535,17745.613,13283.431,14664.982
2013-02-21 23:00:00,12291.709,13317.535,17745.613,13283.431,14664.982
2013-02-22 00:00:00,12291.709,13317.535,17745.613,13283.431,14664.982
2013-02-22 01:00:00,12291.709,13317.535,17745.613,13283.431,14664.982
2013-02-22 02:00:00,12291.709,13317.535,17745.613,13283.431,14664.982
2013-02-22 03:00:00,12291.709,13317.535,17745.613,13283.431,14664.982
2013-02-22 04:00:00,12291.709,13317.535,17745.613,13283.431,14664.982
2013-02-22 05:00:00,12291.709,13317.535,17745.613,13283.431,14664.982
2013-02-22 06:00:00,12291.709,13317.535,17745.613,13283.431,14664.982
2013-02-22 07:00:00,12291.709,13317.535,17745.613,13283.431,14664.982
2013-02-22 08:00:00,12291.709,13317.535,17745.613,13283.431,14664.982
2013-02-22 09:00:00,12291.709,13317.535,17745.613,13283.431,14664.982
2013-02-22 10:00:00,12291.709,13317.535,17745.613,13283.431,14664.982
2013-02-22 11:00:00,12291.709,13317.535,17745.613,13283.431,14664.982
2013-02-22 12:00:00,12291.709,13317.535,17745.613,13283.431,14664.982
2013-02-22 13:00:00,12291.709,13317.535,17745.613,13283.431,14664.982
2013-02-22 14:00:00,12291.709,13317.535,17745.613,13283.431,14664.982
2013-02-22 15:00:00,12291.709,13317.535,17745.613,13283.431,14664.982
2013-02-22 16:00:00,12291.709,13317.535,17745.613,13283.431,14664.982
2013-02-22 17:00:00,12291.709,13317.535,17745.613,13283.431,14664.982
2013-02-22 18:00:00,12291.709,13317.535,17745.613,13283.431,14664.982
2013-02-22 19:00:00,12291.709,13317.535,17745.613,13283.431,14664.982
2013-02-22 20:00:00,12291.709,13317.535,17745.613,13283.431,14664.982
2013-02-22 21:00:00,12291.709,13317.535,17745.613,13283.431,14664.982
2013-02-22 22:00:00,12291.709,13317.535,17745.613,13283.431,14664.982
2013-02-22 23:00:00,12291.709,13317.535,17745.613,13283.431,14664.982
2013-02-23 00:00:00,12291.709,13317.535,17745.613,13283.431,14664.982
2013-02-23 01:00:00,12291.709,13317.535,17745.613,13283.431,14664.982
2013-02-23 02:00:00,12291.709,13317.535,17745.613,13283.431,14664.982
2013-02-23 03:00:00,12291.709,13317.535,17745.613,13283.431,14664.982
2013-02-23 04:00:00,12291.709,13317.535,17745.613,13283.431,14664.982
2013-02-23 05:00:00,12291.709,13317.535,17745.613,13283.431,14664.982
2013-02-23 06:00:00,12291.709,13317.535,17745.613,13283.431,14664.982
2013-02-23 07:00:00,12291.709,13317.535,17745.613,13283.431,14664.982
2013-02-23 08:00:00,12291.709,13317.535,17745.613,13283.431,14664.982
2013-02-23 09:00:00,12291.709,13317.535,17745.613,13283.431,14664.982
2013-02-23 10:00:00,12291.709,13317.535,17745.613,13283.431,14664.982
2013-02-23 11:00:00,12291.709,13317.535,17745.613,13283.431,14664.982
2013-02-23 12:00:00,12291.709,13317.535,17745.613,13283.431,14664.982
2013-02-23 13:00:00,12291.709,13317.535,17745.613,13283.431,14664.982
2013-02-23 14:00:00,12291.709,13317.535,17745.613,13283.431,14664.982
2013-02-23 15:00:00,12291.709,13317.535,17745.613,13283.431,14664.982
2013-02-23 16:00:00,12291.709,13317.535,17745.613,13283.431,14664.982
2013-02-23 17:00:00,12291.709,13317.535,17745.613,13283.431,14664.982
2013-02-23 18:00:00,12291.709,13317.535,17745.613,13283.431,14664.982
2013-02-23 19:00:00,12291.709,13317.535,17745.613,13283.431,14664.982
2013-02-23 20:00:00,12291.709,13317.535,17745.613,13283.431,14664.982
2013-02-23 21:00:00,12291.709,13317.535,17745.613,13283.431,14664.982
2013-02-23 22:00:00,12291.709,13317.535,17745.613,13283.431,14664.982
2013-02-23 23:00:00,12291.709,13317.535,17745.613,13283.431,14664.982
2013-02-24 00:00:00,12291.709,13317.535,17745.613,13283.431,14664.982
2013-02-24 01:00:00,12291.709,13317.535,17745.613,13283.431,14664.982
2013-02-24 02:00:00,12291.709,13317.535,17745.613,13283.431,14664.982
2013-02-24 03:00:00,12291.709,13317.535,17745.613,13283.431,14664.982
2013-02-24 04:00:00,12291.709,13317.535,17745.613,13283.431,14664.982
2013-02-24 05:00:00,12291.709,13317.535,17745.613,13283.431,14664.982
2013-02-24 06:00:00,12291.709,13317.535,17745.613,13283.431,14664.982
2013-02-24 07:00:00,12291.709,13317.535,17745.613,13283.431,14664.982
2013-02-24 08:00:00,12291.709,13317.535,17745.613,13283.431,14664.982
2013-02-24 09:00:00,12291.709,13317.535,17745.613,13283.431,14664.982
2013-02-24 10:00:00,12291.709,13317.535,17745.613,13283.431,14664.982
2013-02-24 11:00:00,12291.709,13317.535,17745.613,13283.431,14664.982
2013-02-24 12:00:00,12291.709,13317.535,17745.613,13283.431,14664.982
2013-02-24 13:00:00,12291.709,13317.535,17745.613,13283.431,14664.982
2013-02-24 14:00:00,12291.709,13317.535,17745.613,13283.431,14664.982
2013-02-24 15:00:00,12291.709,13317.535,17745.613,13283.431,14664.982
2013-02-24 16:00:00,12291.709,13317.535,17745.613,13283.431,14664.982
2013-02-24 17:00:00,12291.709,13317.535,17745.613,13283.431,14664.982
2013-02-24 18:00:00,12291.709,13317.535,17745.613,13283.431,14664.982
2013-02-24 19:00:00,12291.709,13317.535,17745.613,13283.431,14664.982
2013-02-24 20:00:00,12291.709,13317.535,17745.613,13283.431,14664.982
2013-02-24 21:00:00,12291.709,13317.535,17745.613,13283.431,14664.982
2013-02-24 22:00:00,12291.709,13317.535,17745.613,13283.431,14664.982
2013-02-24 23:00:00,12291.709,13317.535,17745.613,13283.431,14664.982
2013-02-25 00:00:00,12291.709,13317.535,17745.613,13283.431,14664.982
2013-02-25 01:00:00,12291.709,13317.535,17745.613,13283.431,14664.982
2013-02-25 02:00:00,12291.709,13317.535,17745.613,13283.431,14664.982
2013-02-25 03:00:00,12291.709,13317.535,17745.613,13283.431,14664.982
2013-02-25 04:00:00,12291.709,13317.535,17745.613,13283.431,14664.982
2013-02-25 05:00:00,12291.709,13317.535,17745.613,13283.431,14664.982
2013-02-25 06:00:00,12291.709,13317.535,17745.613,13283.431,14664.982
2013-02-25 07:00:00,12291.709,13317.535,17745.613,13283.431,14664.982
2013-02-25 08:00:00,12291.709,13317.535,17745.613,13283.431,14664.982
2013-02-25 09:00:00,12291.709,13317.535,17745.613,13283.431,14664.982
2013-02-25 10:00:00,12291.709,13317.535,17745.613,13283.431,14664.982
2013-02-25 11:00:00,12291.709,13317.535,17745.613,13283.431,14664.982
2013-02-25 12:00:00,12291.709,13317.535,17745.613,13283.431,14664.982
2013-02-25 13:00:00,12291.709,13317.535,17745.613,13283.431,14664.982
2013-02-25 14:00:00,12291.709,13317.535,17745.613,13283.431,14664.982
2013-02-25 15:00:00,12291.709,13317.535,17745.613,13283.431,14664.982
2013-02-25 16:00:00,12291.709,13317.535,17745.613,13283.431,14664.982
2013-02-25 17:00:00,12291.709,13317.535,17745.613,13283.431,14664.982
2013-02-25 18:00:00,12291.709,13317.535,17745.613,13283.431,14664.982
2013-02-25 19:00:00,12291.709,13317.535,17745.613,13283.431,14664.982
2013-02-25 20:00:00,12291.709,13317.535,17745.613,13283.431,14664.982
2013-02-25 21:00:00,12291.709,13317.535,17745.613,13283.431,14664.982
2013-02-25 22:00:00,12291.709,13317.535,17745.613,13283.431,14664.982
2013-02-25 23:00:00,12291.709,13317.535,17745.613,13283.431,14664.982
2013-02-26 00:00:00,12291.709,13317.535,17745.613,13283.431,14664.982
2013-02-26 01:00:00,12291.709,13317.535,17745.613,13283.431,14664.982
2013-02-26 02:00:00,12291.709,13317.535,17745.613,13283.431,14664.982
2013-02-26 03:00:00,12291.709,13317.535,17745.613,13283.431,14664.982
2013-02-26 04:00:00,12291.709,13317.535,17745.613,13283.431,14664.982
2013-02-26 05:00:00,12291.709,13317.535,17745.613,13283.431,14664.982
2013-02-26 06:00:00,12291.709,13317.535,17745.613,13283.431,14664.982
2013-02-26 07:00:00,12291.709,13317.535,17745.613,13283.431,14664.982
2013-02-26 08:00:00,12291.709,13317.535,17745.613,13283.431,14664.982
2013-02-26 09:00:00,12291.709,13317.535,17745.613,13283.431,14664.982
2013-02-26 10:00:00,12291.709,13317.535,17745.613,13283.431,14664.982
2013-02-26 11:00:00,12291.709,13317.535,17745.613,13283.431,14664.982
2013-02-26 12:00:00,12291.709,13317.535,17745.613,13283.431,14664.982
2013-02-26 13:00:00,12291.709,13317.535,17745.613,13283.431,14664.982
2013-02-26 14:00:00,12291.709,13317.535,17745.613,13283.431,14664.982
2013-02-26 15:00:00,12291.709,13317.535,17745.613,13283.431,14664.982
2013-02-26 16:00:00,12291.709,13317.535,17745.613,13283.431,14664.982
2013-02-26 17:00:00,12291.709,13317.535,17745.613,13283.431,14664.982
2013-02-26 18:00:00,12291.709,13317.535,17745.613,13283.431,14664.982
2013-02-26 19:00:00,12291.709,13317.535,17745.613,13283.431,14664.982
2013-02-26 20:00:00,12291.709,13317.535,17745.613,13283.431,14664.982
2013-02-26 21:00:00,12291.709,13317.535,17745.613,13283.431,14664.982
2013-02-26 22:00:00,12291.709,13317.535,17745.613,13283.431,14664.982
2013-02-26 23:00:00,12291.709,13317.535,17745.613,13283.431,14664.982
2013-02-27 00:00:00,12291.709,13317.535,17745.613,13283.431,14664.982
2013-02-27 01:00:00,12291.709,13317.535,17745.613,13283.431,14664.982
2013-02-27 02:00:00,12291.709,13317.535,17745.613,13283.431,14664.982
2013-02-27 03:00:00,12291.709,13317.535,17745.613,13283.431,14664.982
2013-02-27 04:00:00,12291.709,13317.535,17745.613,13283.431,14664.982
2013-02-27 05:00:00,12291.709,13317.535,17745.613,13283.431,14664.982
2013-02-27 06:00:00,12291.709,13317.535,17745.613,13283.431,14664.982
2013-02-27 07:00:00,12291.709,13317.535,17745.613,13283.431,14664.982
2013-02-27 08:00:00,12291.709,13317.535,17745.613,13283.431,14664.982
2013-02-27 09:00:00,12291.709,13317.535,17745.613,13283.431,14664.982
2013-02-27 10:00:00,12291.709,13317.535,17745.613,13283.431,14664.982
2013-02-27 11:00:00,12291.709,13317.535,17745.613,13283.431,14664.982
2013-02-27 12:00:00,12291.709,13317.535,17745.613,13283.431,14664.982
2013-02-27 13:00:00,12291.709,13317.535,17745.613,13283.431,14664.982
2013-02-27 14:00:00,12291.709,13317.535,17745.613,13283.431,14664.982
2013-02-27 15:00:00,12291.709,13317.535,17745.613,13283.431,14664.982
2013-02-27 16:00:00,12291.709,13317.535,17745.613,13283.431,14664.982
2013-02-27 17:00:00,12291.709,13317.535,17745.613,13283.431,14664.982
2013-02-27 18:00:00,12291.709,13317.535,17745.613,13283.431,14664.982
2013-02-27 19:00:00,12291.709,13317.535,17745.613,13283.431,14664.982
2013-02-27 20:00:00,12291.709,13317.535,17745.613,13283.431,14665.003
2013-02-27 21:00:00,12291.709,13317.538,17745.613,13283.431,14665.158
2013-02-27 22:00:00,12291.709,13317.634,17745.613,13283.431,14665.238
2013-02-27 23:00:00,12291.709,13318.371,17745.613,13283.431,14665.238
2013-02-28 00:00:00,12291.709,13318.914,17745.613,13283.431,14665.433
2013-02-28 01:00:00,12291.763,13319.289,17745.613,13283.431,14665.742
2013-02-28 02:00:00,12291.981,13319.361,17745.613,13283.431,14666.464
2013-02-28 03:00:00,12291.981,13319.361,17745.613,13283.478,14667.231
2013-02-28 04:00:00,12291.981,13319.361,17745.613,13284.386,14667.776
2013-02-28 05:00:00,12291.981,13319.361,17745.613,13284.792,14668.489
2013-02-28 06:00:00,12291.981,13319.361,17745.637,13284.828,14668.971
2013-02-28 07:00:00,12291.981,13319.361,17745.666,13284.828,14669.136
2013-02-28 08:00:00,12291.981,13319.361,17746.092,13284.828,14669.459
2013-02-28 09:00:00,12292.195,13319.855,17748.023,13285.076,14670.249
2013-02-28 10:00:00,12293.157,13320.562,17748.275,13285.601,14670.683
2013-02-28 11:00:00,12293.164,13320.562,17748.389,13285.601,14670.683
2013-02-28 12:00:00,12293.503,13320.615,17748.809,13285.601,14670.804
2013-02-28 13:00:00,12293.5205,13320.743,17748.834,13285.601,14670.811
2013-02-28 14:00:00,12293.539,13321.695,17749.156,13285.745,14671.066
2013-02-28 15:00:00,12293.585,13322.064,17749.836,13287.13,14671.474
2013-02-28 16:00:00,12295.3545,13322.85,17750.72,13287.705,14671.596
2013-02-28 17:00:00,12298.339,13324.137,17750.77,13288.2,14673.245
2013-02-28 18:00:00,12300.509,13326.798,17750.877,13290.25,14675.795
2013-02-28 19:00:00,12302.407,13327.03,17751.309,13290.866,14676.004
2013-02-28 20:00:00,12303.341,13327.092,17751.393,13291.088,14676.728
2013-02-28 21:00:00,12304.386,13327.904,17751.678,13291.848,14677.244
2013-02-28 22:00:00,12305.76,13328.557,17751.69,13291.865,14677.604
2013-02-28 23:00:00,12307.652,13328.924,17751.707,13292.266,14677.606
2013-03-01 00:00:00,12308.15,13328.924,17751.723,13292.266,14677.606
2013-03-01 01:00:00,12308.362,13328.924,17752.742,13292.266,14677.981
2013-03-01 02:00:00,12309.194,13328.924,17754.303,13292.457,14678.48
2013-03-01 03:00:00,12309.462,13328.924,17754.941,13292.689,14679.166
2013-03-01 04:00:00,12309.852,13328.924,17755.244,13292.798,14679.186
2013-03-01 05:00:00,12309.852,13328.924,17755.244,13292.804,14679.333
2013-03-01 06:00:00,12309.852,13328.924,17755.244,13292.804,14679.372
2013-03-01 07:00:00,12309.852,13328.924,17755.244,13292.804,14679.381
2013-03-01 08:00:00,12309.852,13328.924,17755.244,13292.804,14679.391
2013-03-01 09:00:00,12309.852,13328.924,17755.244,13292.804,14679.391
2013-03-01 10:00:00,12309.852,13328.924,17755.244,13292.804,14679.391
2013-03-01 11:00:00,12309.852,13328.924,17755.244,13292.804,14679.826
2013-03-01 12:00:00,12309.852,13328.924,17755.244,13292.804,14680.168
2013-03-01 13:00:00,12309.852,13328.924,17755.268,13292.804,14680.168
2013-03-01 14:00:00,12309.852,13328.924,17755.268,13292.804,14680.168
2013-03-01 15:00:00,12309.852,13328.924,17755.268,13292.804,14680.168
2013-03-01 16:00:00,12309.852,13328.924,17755.268,13292.804,14680.179
2013-03-01 17:00:00,12309.852,13328.924,17755.268,13292.804,14680.179
2013-03-01 18:00:00,12309.852,13328.924,17755.268,13292.804,14680.257
2013-03-01 19:00:00,12309.852,13328.924,17755.31,13292.804,14680.445
2013-03-01 20:00:00,12309.852,13329.051,17756.129,13292.863,14681.107
2013-03-01 21:00:00,12309.8955,13329.268,17756.89,13292.988,14682.353
2013-03-01 22:00:00,12310.943,13329.682,17757.965,13294.029,14683.166
2013-03-01 23:00:00,12311.151,13329.754,17758.176,13294.691,14684.073
2013-03-02 00:00:00,12311.151,13330.195,17758.176,13294.691,14685.162
2013-03-02 01:00:00,12311.151,13331.222,17758.176,13294.709,14686.977
2013-03-02 02:00:00,12311.151,13332.69,17758.176,13294.873,14689.535
2013-03-02 03:00:00,12311.151,13333.663,17758.229,13295.418,14692.407
2013-03-02 04:00:00,12311.151,13334.486,17758.613,13296.181,14694.166
2013-03-02 05:00:00,12311.151,13334.526,17758.83,13296.399,14694.844
2013-03-02 06:00:00,12311.313,13335.029,17759.648,13297.217,14695.884
2013-03-02 07:00:00,12312.281,13337.159,17762.756,13299.013,14698.749
2013-03-02 08:00:00,12314.157,13340.435,17766.02,13301.509,14700.1045
2013-03-02 09:00:00,12314.835,13341.176,17766.508,13301.904,14700.11
2013-03-02 10:00:00,12315.53,13341.176,17766.627,13302.062,14700.11
2013-03-02 11:00:00,12316.604,13341.19,17767.762,13302.097,14700.232
2013-03-02 12:00:00,12317.982,13341.19,17768.342,13302.539,14700.976
2013-03-02 13:00:00,12318.677,13341.419,17770.29,13303.242,14702.155
2013-03-02 14:00:00,12320.3955,13341.81,17771.385,13303.46,14703.3125
2013-03-02 15:00:00,12321.007,13342.306,17771.7,13303.86,14704.001
2013-03-02 16:00:00,12321.867,13342.569,17772.012,13304.749,14704.861
2013-03-02 17:00:00,12322.594,13343.6875,17772.664,13305.776,14705.87
2013-03-02 18:00:00,12323.436,13344.337,17773.156,13307.1,14706.713
2013-03-02 19:00:00,12324.21,13344.351,17773.34,13308.0205,14707.013
2013-03-02 20:00:00,12324.704,13344.351,17773.479,13308.293,14707.013
2013-03-02 21:00:00,12325.001,13344.351,17773.566,13308.512,14707.013
2013-03-02 22:00:00,12325.422,13344.351,17773.643,13308.737,14707.013
2013-03-02 23:00:00,12325.807,13344.351,17773.643,13308.78,14707.013
2013-03-03 00:00:00,12326.33,13345.239,17773.643,13308.953,14708.624
2013-03-03 01:00:00,12326.365,13345.432,17773.643,13309.684,14708.624
2013-03-03 02:00:00,12327.401,13345.432,17773.643,13310.027,14708.624
2013-03-03 03:00:00,12327.909,13345.432,17773.643,13310.027,14708.624
2013-03-03 04:00:00,12328.074,13345.432,17773.643,13310.027,14708.709
2013-03-03 05:00:00,12328.074,13345.432,17773.643,13310.027,14708.709
2013-03-03 06:00:00,12328.074,13345.432,17773.643,13310.027,14708.709
2013-03-03 07:00:00,12328.074,13345.432,17773.643,13310.027,14708.709
2013-03-03 08:00:00,12328.074,13345.432,17773.643,13310.027,14708.711
2013-03-03 09:00:00,12328.074,13345.432,17773.643,13310.027,14708.918
2013-03-03 10:00:00,12328.074,13345.432,17773.643,13310.027,14708.918
2013-03-03 11:00:00,12328.074,13345.432,17773.643,13310.027,14708.918
2013-03-03 12:00:00,12328.074,13345.432,17773.691,13310.027,14709.181
2013-03-03 13:00:00,12328.074,13345.432,17774.037,13310.027,14709.282
2013-03-03 14:00:00,12328.074,13345.466,17774.037,13310.027,14709.899
2013-03-03 15:00:00,12328.074,13345.659,17774.037,13310.027,14710.877
2013-03-03 16:00:00,12328.074,13346.05,17774.074,13310.188,14711.727
2013-03-03 17:00:00,12328.074,13346.658,17774.105,13311.009,14712.937
2013-03-03 18:00:00,12328.074,13347.504,17774.2,13311.654,14713.982
2013-03-03 19:00:00,12328.074,13348.336,17774.205,13311.802,14715.655
2013-03-03 20:00:00,12326.102,13344.351,17773.643,13308.85,14707.013
2013-03-03 21:00:00,12326.33,13344.351,17773.643,13308.946,14707.23
2013-03-03 22:00:00,12326.33,13344.351,17773.643,13308.946,14707.979
2013-03-03 23:00:00,12326.33,13344.37,17773.643,13308.953,14708.438
2013-03-04 00:00:00,12328.329,13351.2295,17775.297,13313.046,14729.001
2013-03-04 01:00:00,12328.329,13351.2295,17775.297,13313.046,14729.001
2013-03-04 02:00:00,12328.329,13351.2295,17775.297,13313.046,14729.001
2013-03-04 03:00:00,12328.329,13351.2295,17775.297,13313.046,14729.001
2013-03-04 04:00:00,12328.292,13348.383,17774.27,13311.991,14717.565
2013-03-04 05:00:00,12328.296,13349.326,17774.598,13312.588,14718.117
2013-03-04 06:00:00,12328.296,13349.704,17774.598,13312.606,14720.665
2013-03-04 07:00:00,12328.296,13349.967,17774.598,13312.984,14722.935
2013-03-04 08:00:00,12328.296,13350.258,17774.598,13313.015,14724.073
2013-03-04 09:00:00,12328.329,13350.606,17774.598,13313.046,14725.097
2013-03-04 10:00:00,12328.329,13350.808,17774.605,13313.046,14725.431
2013-03-04 11:00:00,12328.329,13351.099,17774.773,13313.046,14726.146
2013-03-04 12:00:00,12328.329,13351.2295,17774.963,13313.046,14727.285
2013-03-04 13:00:00,12328.329,13351.2295,17774.963,13313.046,14727.822
2013-03-04 14:00:00,12328.329,13351.2295,17774.963,13313.046,14727.874
2013-03-04 15:00:00,12328.329,13351.2295,17774.963,13313.046,14727.942
2013-03-04 16:00:00,12328.329,13351.2295,17774.963,13313.046,14727.952
2013-03-04 17:00:00,12328.329,13351.2295,17774.963,13313.046,14728.002
2013-03-04 18:00:00,12328.329,13351.2295,17774.963,13313.046,14728.137
2013-03-04 19:00:00,12328.329,13351.2295,17774.963,13313.046,14728.232
2013-03-04 20:00:00,12328.329,13351.2295,17774.979,13313.046,14728.473
2013-03-04 21:00:00,12328.329,13351.2295,17774.979,13313.046,14728.476
2013-03-04 22:00:00,12328.329,13351.2295,17775.023,13313.046,14728.879
2013-03-04 23:00:00,12328.329,13351.2295,17775.291,13313.046,14728.995
2013-03-05 00:00:00,12328.329,13351.2295,17775.297,13313.046,14729.001
2013-03-05 01:00:00,12328.329,13351.2295,17775.297,13313.046,14729.001
2013-03-05 02:00:00,12328.329,13351.2295,17775.297,13313.046,14729.001
2013-03-05 03:00:00,12328.329,13351.2295,17775.31,13313.046,14729.001
2013-03-05 04:00:00,12328.329,13351.406,17775.31,13313.046,14729.001
2013-03-05 05:00:00,12328.329,13351.945,17775.31,13313.046,14729.222
2013-03-05 06:00:00,12328.329,13352.139,17775.31,13313.046,14729.601
2013-03-05 07:00:00,12328.329,13352.139,17775.31,13313.046,14729.601
2013-03-05 08:00:00,12328.329,13352.139,17775.31,13313.046,14729.601
2013-03-05 09:00:00,12328.329,13352.139,17775.31,13313.046,14729.601
2013-03-05 10:00:00,12328.329,13352.139,17775.31,13313.046,14729.601
2013-03-05 11:00:00,12328.329,13352.139,17775.31,13313.046,14729.601
2013-03-05 12:00:00,12328.329,13352.139,17775.31,13313.046,14729.601
2013-03-05 13:00:00,12328.329,13352.139,17775.31,13313.046,14729.601
2013-03-05 14:00:00,12328.329,13352.139,17775.31,13313.046,14729.601
2013-03-05 15:00:00,12328.329,13352.139,17775.31,13313.046,14729.601
2013-03-05 16:00:00,12328.329,13352.139,17775.31,13313.046,14729.601
2013-03-05 17:00:00,12328.329,13352.139,17775.31,13313.046,14729.601
2013-03-05 18:00:00,12328.329,13352.139,17775.31,13313.046,14729.601
2013-03-05 19:00:00,12328.329,13352.139,17775.31,13313.046,14729.601
2013-03-05 20:00:00,12328.329,13352.139,17775.31,13313.046,14729.601
2013-03-05 21:00:00,12328.329,13352.139,17775.31,13313.046,14729.601
2013-03-05 22:00:00,12328.329,13352.139,17775.31,13313.046,14729.601
2013-03-05 23:00:00,12328.329,13352.139,17775.31,13313.046,14729.601
2013-03-06 00:00:00,12328.329,13352.139,17775.31,13313.046,14729.601
2013-03-06 01:00:00,12328.329,13352.139,17775.31,13313.046,14729.601
2013-03-06 02:00:00,12328.329,13352.139,17775.31,13313.046,14729.601
2013-03-06 03:00:00,12328.329,13352.139,17775.31,13313.046,14729.601
2013-03-06 04:00:00,12328.329,13352.139,17775.31,13313.046,14729.619
2013-03-06 05:00:00,12328.329,13352.139,17775.31,13313.046,14729.619
2013-03-06 06:00:00,12328.329,13352.139,17775.31,13313.046,14729.619
2013-03-06 07:00:00,12328.329,13352.139,17775.31,13313.046,14729.619
2013-03-06 08:00:00,12328.329,13352.139,17775.4,13313.046,14729.763
2013-03-06 09:00:00,12328.329,13352.139,17775.31,13313.046,14729.619
2013-03-06 10:00:00,12328.329,13352.139,17775.4,13313.046,14729.763
2013-03-06 11:00:00,12328.329,13352.139,17775.4,13313.046,14729.763
2013-03-06 12:00:00,12328.329,13352.139,17775.4,13313.046,14729.763
2013-03-06 13:00:00,12328.329,13352.139,17775.4,13313.046,14729.763
2013-03-06 14:00:00,12328.329,13352.139,17775.4,13313.046,14729.763
2013-03-06 15:00:00,12328.329,13352.139,17775.4,13313.046,14729.763
2013-03-06 16:00:00,12328.329,13352.139,17775.4,13313.046,14729.763
2013-03-06 17:00:00,12328.329,13352.139,17775.4,13313.046,14729.763
2013-03-06 18:00:00,12328.329,13352.139,17775.4,13313.046,14729.763
2013-03-06 19:00:00,12328.329,13352.139,17775.4,13313.046,14729.763
2013-03-06 20:00:00,12328.329,13352.139,17775.4,13313.046,14729.763
2013-03-06 21:00:00,12328.329,13352.139,17775.4,13313.046,14729.763
2013-03-06 22:00:00,12328.329,13352.139,17775.4,13313.046,14729.763
2013-03-06 23:00:00,12328.329,13352.139,17775.4,13313.046,14729.763
2013-03-07 00:00:00,12328.329,13352.139,17775.4,13313.046,14729.763
2013-03-07 01:00:00,12328.329,13352.139,17775.4,13313.046,14729.763
2013-03-07 02:00:00,12328.329,13352.139,17775.4,13313.046,14729.763
2013-03-07 03:00:00,12328.329,13352.139,17775.4,13313.046,14729.763
2013-03-07 04:00:00,12328.329,13352.139,17775.4,13313.046,14729.763
2013-03-07 05:00:00,12328.329,13352.139,17775.4,13313.046,14729.763
2013-03-07 06:00:00,12328.329,13352.139,17775.4,13313.046,14729.763
2013-03-07 07:00:00,12328.329,13352.139,17775.4,13313.046,14729.763
2013-03-07 08:00:00,12328.329,13352.139,17775.4,13313.046,14729.763
2013-03-07 09:00:00,12328.329,13352.139,17775.4,13313.046,14729.763
2013-03-07 10:00:00,12328.329,13352.139,17775.4,13313.046,14729.763
2013-03-07 11:00:00,12328.329,13352.139,17775.4,13313.046,14729.763
2013-03-07 12:00:00,12328.329,13352.139,17775.4,13313.046,14729.763
2013-03-07 13:00:00,12328.329,13352.139,17775.4,13313.046,14729.763
2013-03-07 14:00:00,12328.329,13352.139,17775.4,13313.046,14729.763
2013-03-07 15:00:00,12328.329,13352.139,17775.4,13313.046,14729.763
2013-03-07 16:00:00,12328.329,13352.139,17775.4,13313.046,14729.763
2013-03-07 17:00:00,12328.329,13352.139,17775.4,13313.046,14729.763
2013-03-07 18:00:00,12328.329,13352.139,17775.4,13313.046,14729.763
2013-03-07 19:00:00,12328.329,13352.139,17775.4,13313.046,14729.763
2013-03-07 20:00:00,12328.329,13352.139,17775.4,13313.046,14729.763
2013-03-07 21:00:00,12328.329,13352.139,17775.4,13313.046,14729.763
2013-03-07 22:00:00,12328.329,13352.139,17775.4,13313.046,14729.763
2013-03-07 23:00:00,12328.329,13352.139,17775.4,13313.046,14729.763
2013-03-08 00:00:00,12328.329,13352.139,17775.4,13313.046,14729.763
2013-03-08 01:00:00,12328.329,13352.139,17775.4,13313.046,14729.763
2013-03-08 02:00:00,12328.329,13352.139,17775.4,13313.046,14729.763
2013-03-08 03:00:00,12328.329,13352.139,17775.4,13313.046,14729.763
2013-03-08 04:00:00,12328.329,13352.139,17775.4,13313.046,14729.763
2013-03-08 05:00:00,12328.329,13352.139,17775.4,13313.046,14729.763
2013-03-08 06:00:00,12328.329,13352.139,17775.4,13313.046,14729.763
2013-03-08 07:00:00,12328.329,13352.139,17775.4,13313.046,14729.763
2013-03-08 08:00:00,12328.329,13352.139,17775.4,13313.046,14729.763
2013-03-08 09:00:00,12328.329,13352.139,17775.4,13313.046,14729.763
2013-03-08 10:00:00,12328.329,13352.139,17775.4,13313.046,14729.763
2013-03-08 11:00:00,12328.329,13352.139,17775.4,13313.046,14729.763
2013-03-08 12:00:00,12328.329,13352.139,17775.4,13313.046,14729.763
2013-03-08 13:00:00,12328.329,13352.139,17775.4,13313.046,14729.763
2013-03-08 14:00:00,12328.329,13352.139,17775.4,13313.046,14729.763
2013-03-08 15:00:00,12328.329,13352.139,17775.4,13313.046,14729.763
2013-03-08 16:00:00,12328.329,13352.139,17775.4,13313.046,14729.763
2013-03-08 17:00:00,12328.329,13352.139,17775.4,13313.046,14729.763
2013-03-08 18:00:00,12328.329,13352.139,17775.4,13313.046,14729.763
2013-03-08 19:00:00,12328.329,13352.139,17775.4,13313.046,14729.763
2013-03-08 20:00:00,12328.329,13352.139,17775.4,13313.046,14729.763
2013-03-08 21:00:00,12328.329,13352.139,17775.4,13313.046,14729.763
2013-03-08 22:00:00,12328.329,13352.139,17775.4,13313.046,14729.763
2013-03-08 23:00:00,12328.329,13352.139,17775.4,13313.046,14729.763
2013-03-09 00:00:00,12328.329,13352.139,17775.4,13313.046,14729.763
2013-03-09 01:00:00,12328.329,13352.139,17775.4,13313.046,14729.763
2013-03-09 02:00:00,12328.329,13352.139,17775.4,13313.046,14729.763
2013-03-09 03:00:00,12328.329,13352.139,17775.4,13313.046,14729.763
2013-03-09 04:00:00,12328.329,13352.139,17775.4,13313.046,14729.763
2013-03-09 05:00:00,12328.329,13352.139,17775.4,13313.046,14729.763
2013-03-09 06:00:00,12328.329,13352.139,17775.4,13313.046,14729.763
2013-03-09 07:00:00,12328.329,13352.139,17775.4,13313.046,14729.763
2013-03-09 08:00:00,12328.329,13352.139,17775.4,13313.046,14729.763
2013-03-09 09:00:00,12328.329,13352.139,17775.4,13313.046,14729.763
2013-03-09 10:00:00,12328.329,13352.139,17775.4,13313.046,14729.763
2013-03-09 11:00:00,12328.329,13352.139,17775.4,13313.046,14729.763
2013-03-09 12:00:00,12328.329,13352.139,17775.4,13313.046,14729.763
2013-03-09 13:00:00,12328.329,13352.139,17775.4,13313.046,14729.763
2013-03-09 14:00:00,12328.329,13352.139,17775.4,13313.046,14729.763
2013-03-09 15:00:00,12328.329,13352.139,17775.4,13313.046,14729.763
2013-03-09 16:00:00,12328.329,13352.139,17775.4,13313.046,14729.763
2013-03-09 17:00:00,12328.329,13352.139,17775.4,13313.046,14729.763
2013-03-09 18:00:00,12328.329,13352.139,17775.4,13313.046,14729.763
2013-03-09 19:00:00,12328.329,13352.139,17775.4,13313.046,14729.763
2013-03-09 20:00:00,12328.329,13352.139,17775.4,13313.046,14729.763
2013-03-09 21:00:00,12328.329,13352.139,17775.4,13313.046,14729.763
2013-03-09 22:00:00,12328.329,13352.139,17775.4,13313.046,14729.763
2013-03-09 23:00:00,12328.329,13352.139,17775.4,13313.046,14729.763
2013-03-10 00:00:00,12328.329,13352.139,17775.4,13313.046,14729.763
2013-03-10 01:00:00,12328.329,13352.139,17775.4,13313.046,14729.763
2013-03-10 02:00:00,12328.329,13352.139,17775.4,13313.046,14729.763
2013-03-10 03:00:00,12328.329,13352.139,17775.4,13313.046,14729.763
2013-03-10 04:00:00,12328.329,13352.139,17775.4,13313.046,14729.763
2013-03-10 05:00:00,12328.329,13352.139,17775.4,13313.046,14729.763
2013-03-10 06:00:00,12328.329,13352.139,17775.4,13313.046,14729.763
2013-03-10 07:00:00,12328.329,13352.139,17775.4,13313.046,14729.763
2013-03-10 08:00:00,12328.329,13352.139,17775.4,13313.046,14729.763
2013-03-10 09:00:00,12328.329,13352.139,17775.4,13313.046,14729.763
2013-03-10 10:00:00,12328.329,13352.139,17775.4,13313.046,14729.763
2013-03-10 11:00:00,12328.329,13352.139,17775.4,13313.046,14729.763
2013-03-10 12:00:00,12328.329,13352.139,17775.4,13313.046,14729.763
2013-03-10 13:00:00,12328.329,13352.139,17775.4,13313.046,14729.763
2013-03-10 14:00:00,12328.329,13352.139,17775.4,13313.046,14729.763
2013-03-10 15:00:00,12328.329,13352.139,17775.4,13313.046,14729.763
2013-03-10 16:00:00,12328.329,13352.139,17775.4,13313.046,14729.763
2013-03-10 17:00:00,12328.329,13352.139,17775.4,13313.046,14729.763
2013-03-10 18:00:00,12328.329,13352.139,17775.4,13313.046,14729.763
2013-03-10 19:00:00,12328.329,13352.139,17775.4,13313.046,14729.763
2013-03-10 20:00:00,12328.329,13352.139,17775.4,13313.046,14729.763
2013-03-10 21:00:00,12328.329,13352.139,17775.4,13313.046,14729.763
2013-03-10 22:00:00,12328.329,13352.139,17775.4,13313.046,14729.763
2013-03-10 23:00:00,12328.329,13352.139,17775.4,13313.046,14729.763
2013-03-11 00:00:00,12328.329,13352.139,17775.4,13313.046,14729.763
2013-03-11 01:00:00,12328.329,13352.139,17775.4,13313.046,14729.763
2013-03-11 02:00:00,12328.329,13352.139,17775.4,13313.046,14729.763
2013-03-11 03:00:00,12328.329,13352.139,17775.4,13313.046,14729.763
2013-03-11 04:00:00,12328.329,13352.139,17775.4,13313.046,14729.763
2013-03-11 05:00:00,12328.329,13352.139,17775.4,13313.046,14729.763
2013-03-11 06:00:00,12328.329,13352.139,17775.4,13313.046,14729.763
2013-03-11 07:00:00,12328.329,13352.139,17775.4,13313.046,14729.763
2013-03-11 08:00:00,12328.329,13352.139,17775.4,13313.046,14729.763
2013-03-11 09:00:00,12328.329,13352.139,17775.4,13313.046,14729.866
2013-03-11 10:00:00,12328.329,13352.139,17775.4,13313.046,14729.911
2013-03-11 11:00:00,12328.329,13352.139,17775.4,13313.046,14729.946
2013-03-11 12:00:00,12328.329,13352.139,17775.4,13313.046,14729.963
2013-03-11 13:00:00,12328.329,13352.139,17775.4,13313.046,14730.032
2013-03-11 14:00:00,12328.329,13352.139,17775.4,13313.046,14730.032
2013-03-11 15:00:00,12328.329,13352.139,17775.4,13313.046,14730.678
2013-03-11 16:00:00,12328.329,13352.139,17775.4,13313.046,14730.89
2013-03-11 17:00:00,12328.329,13352.139,17775.844,13313.046,14730.89
2013-03-11 18:00:00,12328.329,13352.139,17775.977,13313.046,14731.394
2013-03-11 19:00:00,12328.329,13352.405,17775.977,13313.046,14732.203
2013-03-11 20:00:00,12328.329,13352.779,17775.977,13313.046,14732.904
2013-03-11 21:00:00,12328.821,13353.599,17776.002,13313.5,14734.803
2013-03-11 22:00:00,12328.991,13354.873,17776.307,13314.218,14735.838
2013-03-11 23:00:00,12330.333,13355.473,17776.363,13314.388,14737.124
2013-03-12 00:00:00,12334.685,13357.096,17781.117,13316.855,14739.45
2013-03-12 01:00:00,12335.965,13357.493,17781.494,13317.9,14740.701
2013-03-12 02:00:00,12336.5625,13357.604,17781.572,13318.089,14742.226
2013-03-12 03:00:00,12336.852,13357.755,17781.572,13318.089,14742.871
2013-03-12 04:00:00,12336.852,13357.755,17781.572,13318.089,14742.897
2013-03-12 05:00:00,12336.994,13357.755,17781.572,13318.089,14742.897
2013-03-12 06:00:00,12337.348,13357.755,17781.572,13318.089,14743.343
2013-03-12 07:00:00,12337.348,13357.755,17781.572,13318.089,14743.604
2013-03-12 08:00:00,12337.348,13357.755,17781.756,13318.089,14745.853
2013-03-12 09:00:00,12337.348,13357.787,17782.205,13318.089,14745.909
2013-03-12 10:00:00,12337.348,13357.787,17782.205,13318.089,14745.909
2013-03-12 11:00:00,12337.348,13357.787,17782.205,13318.089,14745.909
2013-03-12 12:00:00,12337.348,13357.787,17782.205,13318.089,14745.909
2013-03-12 13:00:00,12337.348,13357.787,17782.205,13318.089,14745.909
2013-03-12 14:00:00,12337.348,13357.787,17782.205,13318.089,14745.919
2013-03-12 15:00:00,12337.348,13357.787,17782.205,13318.089,14745.928
2013-03-12 16:00:00,12337.348,13357.787,17782.205,13318.089,14745.928
2013-03-12 17:00:00,12337.348,13357.787,17782.205,13318.089,14745.928
2013-03-12 18:00:00,12337.348,13357.787,17782.205,13318.089,14745.928
2013-03-12 19:00:00,12337.348,13357.787,17782.205,13318.089,14745.928
2013-03-12 20:00:00,12337.348,13357.787,17782.205,13318.089,14745.928
2013-03-12 21:00:00,12331.045,13355.948,17776.566,13314.784,14737.865
2013-03-12 22:00:00,12331.605,13356.083,17777.416,13314.939,14737.872
2013-03-12 23:00:00,12332.971,13356.125,17779.303,13315.635,14738.312
2013-03-13 00:00:00,12337.348,13357.787,17782.205,13318.089,14745.928
2013-03-13 01:00:00,12337.348,13357.787,17782.205,13318.089,14745.928
2013-03-13 02:00:00,12337.348,13357.787,17782.205,13318.089,14745.928
2013-03-13 03:00:00,12337.348,13357.787,17782.205,13318.089,14745.928
2013-03-13 04:00:00,12337.348,13357.787,17782.205,13318.089,14745.928
2013-03-13 05:00:00,12337.348,13357.787,17782.205,13318.089,14745.928
2013-03-13 06:00:00,12337.348,13357.787,17782.205,13318.089,14745.928
2013-03-13 07:00:00,12337.348,13357.787,17782.205,13318.089,14745.928
2013-03-13 08:00:00,12337.348,13357.787,17782.205,13318.089,14745.928
2013-03-13 09:00:00,12337.348,13357.787,17782.205,13318.089,14745.928
2013-03-13 10:00:00,12337.348,13357.787,17782.205,13318.089,14745.928
2013-03-13 11:00:00,12337.348,13357.787,17782.205,13318.089,14745.928
2013-03-13 12:00:00,12337.348,13357.787,17782.205,13318.089,14745.928
2013-03-13 13:00:00,12337.348,13357.787,17782.205,13318.089,14745.928
2013-03-13 14:00:00,12337.348,13357.787,17782.205,13318.089,14745.928
2013-03-13 15:00:00,12337.348,13357.787,17782.205,13318.089,14745.928
2013-03-13 16:00:00,12337.348,13357.787,17782.205,13318.089,14745.928
2013-03-13 17:00:00,12337.348,13357.787,17782.205,13318.089,14745.928
2013-03-13 18:00:00,12337.348,13357.787,17782.205,13318.089,14745.928
2013-03-13 19:00:00,12337.348,13357.787,17782.607,13318.089,14745.928
2013-03-13 20:00:00,12337.348,13357.787,17782.607,13318.3125,14745.928
2013-03-13 21:00:00,12337.348,13357.787,17782.607,13318.3125,14745.928
2013-03-13 22:00:00,12337.348,13357.787,17782.607,13318.3125,14745.928
2013-03-13 23:00:00,12337.348,13357.787,17782.607,13318.3125,14745.928
2013-03-14 00:00:00,12337.348,13357.787,17782.607,13318.3125,14745.928
2013-03-14 01:00:00,12337.348,13357.787,17782.607,13318.3125,14745.928
2013-03-14 02:00:00,12337.348,13357.787,17782.607,13318.3125,14746.0625
2013-03-14 03:00:00,12337.348,13357.787,17782.607,13318.3125,14746.106
2013-03-14 04:00:00,12337.348,13357.787,17782.607,13318.3125,14746.106
2013-03-14 05:00:00,12337.348,13357.787,17782.607,13318.3125,14746.106
2013-03-14 06:00:00,12337.348,13357.787,17782.607,13318.3125,14746.106
2013-03-14 07:00:00,12337.348,13357.787,17782.607,13318.3125,14746.106
2013-03-14 08:00:00,12337.348,13357.787,17782.607,13318.3125,14746.106
2013-03-14 09:00:00,12337.348,13357.787,17782.607,13318.3125,14746.106
2013-03-14 10:00:00,12337.348,13357.787,17782.607,13318.3125,14746.106
2013-03-14 11:00:00,12337.348,13357.787,17782.607,13318.3125,14746.106
2013-03-14 12:00:00,12337.348,13357.787,17782.607,13318.3125,14746.106
2013-03-14 13:00:00,12337.348,13357.787,17782.607,13318.3125,14746.106
2013-03-14 14:00:00,12337.348,13357.787,17782.607,13318.3125,14746.106
2013-03-14 15:00:00,12337.348,13357.787,17782.607,13318.3125,14746.106
2013-03-14 16:00:00,12337.348,13357.787,17782.607,13318.3125,14746.106
2013-03-14 17:00:00,12337.348,13357.787,17782.607,13318.3125,14746.106
2013-03-14 18:00:00,12337.348,13357.787,17782.607,13318.3125,14746.106
2013-03-14 19:00:00,12337.348,13357.787,17782.607,13318.3125,14746.106
2013-03-14 20:00:00,12337.348,13357.787,17782.607,13318.3125,14746.106
2013-03-14 21:00:00,12337.348,13357.787,17782.607,13318.3125,14746.106
2013-03-14 22:00:00,12337.348,13357.787,17782.607,13318.3125,14746.106
2013-03-14 23:00:00,12337.348,13357.787,17782.607,13318.3125,14746.106
2013-03-15 00:00:00,12337.348,13357.787,17782.607,13318.3125,14746.106
2013-03-15 01:00:00,12337.348,13357.787,17782.607,13318.3125,14746.106
2013-03-15 02:00:00,12337.348,13357.787,17782.607,13318.3125,14746.106
2013-03-15 03:00:00,12337.348,13357.787,17782.607,13318.3125,14746.106
2013-03-15 04:00:00,12337.348,13357.787,17782.607,13318.3125,14746.106
2013-03-15 05:00:00,12337.348,13357.787,17782.607,13318.3125,14746.106
2013-03-15 06:00:00,12337.348,13357.787,17782.607,13318.3125,14746.106
2013-03-15 07:00:00,12337.348,13357.787,17782.607,13318.3125,14746.106
2013-03-15 08:00:00,12337.348,13357.787,17782.607,13318.3125,14746.106
2013-03-15 09:00:00,12337.348,13357.787,17782.607,13318.3125,14746.106
2013-03-15 10:00:00,12337.348,13357.787,17782.607,13318.3125,14746.106
2013-03-15 11:00:00,12337.348,13357.787,17782.607,13318.3125,14746.106
2013-03-15 12:00:00,12337.348,13357.787,17782.607,13318.3125,14746.106
2013-03-15 13:00:00,12337.348,13357.787,17782.607,13318.3125,14746.106
2013-03-15 14:00:00,12337.348,13357.787,17782.607,13318.3125,14746.106
2013-03-15 15:00:00,12337.348,13357.787,17782.607,13318.3125,14746.106
2013-03-15 16:00:00,12337.348,13357.787,17782.607,13318.3125,14746.106
2013-03-15 17:00:00,12337.348,13357.787,17782.607,13318.3125,14746.106
2013-03-15 18:00:00,12337.348,13357.787,17782.607,13318.3125,14746.106
2013-03-15 19:00:00,12337.348,13357.787,17782.607,13318.3125,14746.106
2013-03-15 20:00:00,12337.348,13357.93,17782.607,13318.315,14746.106
2013-03-15 21:00:00,12337.348,13358.541,17782.607,13318.985,14746.663
2013-03-15 22:00:00,12337.723,13358.842,17782.607,13319.805,14747.305
2013-03-15 23:00:00,12338.514,13358.906,17782.629,13320.571,14747.488
2013-03-16 00:00:00,12339.349,13358.906,17782.629,13321.291,14747.488
2013-03-16 01:00:00,12340.182,13358.906,17782.629,13322.124,14747.488
2013-03-16 02:00:00,12341.056,13358.906,17782.629,13322.925,14747.488
2013-03-16 03:00:00,12341.938,13358.906,17782.754,13323.434,14747.488
2013-03-16 04:00:00,12342.775,13358.906,17782.754,13323.434,14747.488
2013-03-16 05:00:00,12343.351,13358.906,17782.754,13323.434,14747.488
2013-03-16 06:00:00,12343.419,13358.906,17782.754,13323.434,14747.488
2013-03-16 07:00:00,12343.419,13358.906,17782.754,13323.434,14747.488
2013-03-16 08:00:00,12343.419,13358.906,17782.754,13323.434,14747.488
2013-03-16 09:00:00,12343.419,13358.906,17782.754,13323.434,14747.488
2013-03-16 10:00:00,12343.419,13358.906,17782.754,13323.434,14747.488
2013-03-16 11:00:00,12343.419,13358.906,17782.754,13323.434,14747.488
2013-03-16 12:00:00,12343.419,13358.906,17782.754,13323.434,14747.488
2013-03-16 13:00:00,12343.419,13358.906,17782.754,13323.434,14747.488
2013-03-16 14:00:00,12343.419,13358.906,17782.754,13323.434,14747.488
2013-03-16 15:00:00,12343.419,13358.906,17782.754,13323.434,14747.488
2013-03-16 16:00:00,12343.419,13358.906,17782.754,13323.434,14747.488
2013-03-16 17:00:00,12343.419,13358.906,17782.754,13323.434,14747.488
2013-03-16 18:00:00,12343.419,13358.906,17782.754,13323.434,14747.488
2013-03-16 19:00:00,12343.419,13358.906,17782.754,13323.434,14747.488
2013-03-16 20:00:00,12343.419,13358.906,17782.754,13323.434,14747.488
2013-03-16 21:00:00,12343.419,13358.906,17782.754,13323.434,14747.488
2013-03-16 22:00:00,12343.419,13358.917,17782.754,13323.434,14747.488
2013-03-16 23:00:00,12343.419,13359.032,17782.754,13323.443,14747.488
2013-03-17 00:00:00,12343.419,13359.415,17782.754,13324.219,14747.488
2013-03-17 01:00:00,12343.419,13360.231,17782.754,13325.051,14747.588
2013-03-17 02:00:00,12343.419,13360.481,17782.754,13325.7295,14747.588
2013-03-17 03:00:00,12343.419,13360.481,17782.754,13325.7295,14747.588
2013-03-17 04:00:00,12343.419,13360.481,17782.754,13325.7295,14747.588
2013-03-17 05:00:00,12343.419,13360.481,17782.754,13325.7295,14747.588
2013-03-17 06:00:00,12343.419,13360.481,17782.754,13325.7295,14747.588
2013-03-17 07:00:00,12343.419,13360.481,17782.754,13325.7295,14747.588
2013-03-17 08:00:00,12343.419,13360.481,17782.754,13325.7295,14747.588
2013-03-17 09:00:00,12343.419,13360.481,17782.754,13325.7295,14747.588
2013-03-17 10:00:00,12343.419,13360.481,17782.754,13325.7295,14747.588
2013-03-17 11:00:00,12343.419,13360.481,17782.754,13325.7295,14747.588
2013-03-17 12:00:00,12343.419,13360.481,17782.754,13325.7295,14747.588
2013-03-17 13:00:00,12343.419,13360.481,17782.754,13325.7295,14747.588
2013-03-17 14:00:00,12343.419,13360.481,17782.754,13325.7295,14747.588
2013-03-17 15:00:00,12343.644,13360.481,17782.754,13325.7295,14747.588
2013-03-17 16:00:00,12344.442,13360.481,17782.754,13326.047,14747.588
2013-03-17 17:00:00,12345.207,13360.481,17782.754,13326.285,14747.588
2013-03-17 18:00:00,12345.207,13360.481,17782.754,13326.285,14747.588
2013-03-17 19:00:00,12345.207,13360.481,17782.754,13326.285,14747.588
2013-03-17 20:00:00,12345.207,13360.481,17782.754,13326.285,14747.588
2013-03-17 21:00:00,12345.207,13360.481,17782.754,13326.285,14747.588
2013-03-17 22:00:00,12345.207,13360.481,17782.754,13326.285,14747.588
2013-03-17 23:00:00,12345.207,13360.481,17782.754,13326.285,14747.588
2013-03-18 00:00:00,12345.207,13360.481,17782.754,13326.285,14747.588
2013-03-18 01:00:00,12345.207,13360.481,17782.754,13326.285,14747.588
2013-03-18 02:00:00,12345.207,13360.481,17782.754,13326.285,14747.588
2013-03-18 03:00:00,12345.207,13360.481,17782.754,13326.285,14747.588
2013-03-18 04:00:00,12345.207,13360.481,17782.754,13326.285,14747.588
2013-03-18 05:00:00,12345.207,13360.481,17782.754,13326.285,14747.588
2013-03-18 06:00:00,12345.207,13360.481,17782.754,13326.285,14747.588
2013-03-18 07:00:00,12345.207,13360.481,17782.754,13326.285,14747.588
2013-03-18 08:00:00,12345.207,13360.481,17782.754,13326.285,14747.588
2013-03-18 09:00:00,12345.207,13360.481,17782.754,13326.285,14747.588
2013-03-18 10:00:00,12345.207,13360.481,17782.754,13326.285,14747.588
2013-03-18 11:00:00,12345.207,13360.481,17782.754,13326.285,14747.588
2013-03-18 12:00:00,12345.207,13360.481,17782.754,13326.285,14747.588
2013-03-18 13:00:00,12345.207,13360.481,17782.754,13326.285,14747.588
2013-03-18 14:00:00,12345.207,13360.481,17782.754,13326.285,14747.588
2013-03-18 15:00:00,12345.207,13360.481,17782.754,13326.285,14747.588
2013-03-18 16:00:00,12345.207,13360.481,17782.754,13326.285,14747.588
2013-03-18 17:00:00,12345.207,13360.481,17782.754,13326.285,14747.588
2013-03-18 18:00:00,12345.207,13360.481,17782.754,13326.285,14747.588
2013-03-18 19:00:00,12345.207,13360.481,17782.754,13326.285,14747.588
2013-03-18 20:00:00,12345.207,13360.481,17782.754,13326.285,14747.588
2013-03-18 21:00:00,12345.207,13360.481,17782.754,13326.285,14747.588
2013-03-18 22:00:00,12345.207,13360.481,17782.754,13326.285,14747.588
2013-03-18 23:00:00,12345.207,13360.481,17782.754,13326.285,14747.588
2013-03-19 00:00:00,12345.207,13360.481,17782.754,13326.285,14747.588
2013-03-19 01:00:00,12345.207,13360.481,17782.754,13326.285,14747.588
2013-03-19 02:00:00,12345.207,13360.481,17782.754,13326.285,14747.588
2013-03-19 03:00:00,12345.207,13360.481,17782.754,13326.285,14747.588
2013-03-19 04:00:00,12345.207,13360.481,17782.754,13326.285,14747.588
2013-03-19 05:00:00,12345.207,13360.481,17782.754,13326.285,14747.588
2013-03-19 06:00:00,12345.207,13360.481,17782.754,13326.285,14747.588
2013-03-19 07:00:00,12345.207,13360.481,17782.754,13326.285,14747.588
2013-03-19 08:00:00,12345.207,13360.481,17782.754,13326.285,14747.588
2013-03-19 09:00:00,12345.207,13360.481,17782.754,13326.285,14747.588
2013-03-19 10:00:00,12345.207,13360.481,17782.754,13326.285,14747.588
2013-03-19 11:00:00,12345.207,13360.481,17782.754,13326.285,14747.588
2013-03-19 12:00:00,12345.207,13360.481,17782.754,13326.285,14747.588
2013-03-19 13:00:00,12345.207,13360.481,17782.754,13326.285,14747.588
2013-03-19 14:00:00,12345.207,13360.481,17782.754,13326.285,14747.588
2013-03-19 15:00:00,12345.207,13360.481,17782.754,13326.285,14747.588
2013-03-19 16:00:00,12345.207,13360.481,17782.754,13326.285,14747.588
2013-03-19 17:00:00,12345.207,13360.481,17782.754,13326.285,14747.588
2013-03-19 18:00:00,12345.207,13360.481,17782.754,13326.285,14747.588
2013-03-19 19:00:00,12345.207,13360.481,17782.754,13326.285,14747.588
2013-03-19 20:00:00,12345.207,13360.481,17782.754,13326.285,14747.588
2013-03-19 21:00:00,12345.207,13360.481,17782.754,13326.285,14747.588
2013-03-19 22:00:00,12345.207,13360.481,17782.754,13326.285,14747.588
2013-03-19 23:00:00,12345.207,13360.481,17782.754,13326.285,14747.588
2013-03-20 00:00:00,12345.207,13360.481,17782.754,13326.285,14747.588
2013-03-20 01:00:00,12345.207,13360.481,17782.754,13326.285,14747.588
2013-03-20 02:00:00,12345.207,13360.481,17782.754,13326.285,14747.588
2013-03-20 03:00:00,12345.207,13360.481,17782.754,13326.285,14747.588
2013-03-20 04:00:00,12345.207,13360.481,17782.754,13326.285,14747.588
2013-03-20 05:00:00,12345.207,13360.481,17782.754,13326.285,14747.588
2013-03-20 06:00:00,12345.207,13360.481,17782.754,13326.285,14747.588
2013-03-20 07:00:00,12345.207,13360.481,17782.754,13326.285,14747.588
2013-03-20 08:00:00,12345.207,13360.481,17782.754,13326.285,14747.588
2013-03-20 09:00:00,12345.207,13360.481,17782.754,13326.285,14747.588
2013-03-20 10:00:00,12345.207,13360.481,17782.754,13326.285,14747.588
2013-03-20 11:00:00,12345.207,13360.481,17782.754,13326.285,14747.588
2013-03-20 12:00:00,12345.207,13360.481,17782.754,13326.285,14747.588
2013-03-20 13:00:00,12345.207,13360.481,17782.754,13326.285,14747.588
2013-03-20 14:00:00,12345.207,13360.481,17782.754,13326.285,14747.588
2013-03-20 15:00:00,12345.207,13360.481,17782.754,13326.285,14747.588
2013-03-20 16:00:00,12345.207,13360.481,17782.754,13326.285,14747.588
2013-03-20 17:00:00,12345.207,13360.481,17782.754,13326.285,14747.588
2013-03-20 18:00:00,12345.207,13360.481,17782.754,13326.285,14747.588
2013-03-20 19:00:00,12345.207,13360.481,17782.754,13326.285,14747.588
2013-03-20 20:00:00,12345.207,13360.481,17782.754,13326.285,14747.588
2013-03-20 21:00:00,12345.207,13360.481,17782.754,13326.285,14747.588
2013-03-20 22:00:00,12345.207,13360.481,17782.754,13326.285,14747.588
2013-03-20 23:00:00,12345.207,13360.481,17782.754,13326.285,14747.588
2013-03-21 00:00:00,12345.207,13360.481,17782.754,13326.285,14747.588
2013-03-21 01:00:00,12345.207,13360.481,17782.754,13326.285,14747.588
2013-03-21 02:00:00,12345.207,13360.481,17782.754,13326.285,14747.588
2013-03-21 03:00:00,12345.207,13360.481,17782.754,13326.285,14747.588
2013-03-21 04:00:00,12345.207,13360.481,17782.754,13326.285,14747.588
2013-03-21 05:00:00,12345.207,13360.481,17782.754,13326.285,14747.588
2013-03-21 06:00:00,12345.207,13360.481,17782.754,13326.285,14747.588
2013-03-21 07:00:00,12345.207,13360.481,17782.754,13326.285,14747.588
2013-03-21 08:00:00,12345.207,13360.481,17782.754,13326.285,14747.588
2013-03-21 09:00:00,12345.207,13360.481,17782.754,13326.285,14747.588
2013-03-21 10:00:00,12345.207,13360.481,17782.754,13326.285,14747.588
2013-03-21 11:00:00,12345.207,13360.481,17782.754,13326.285,14747.588
2013-03-21 12:00:00,12345.207,13360.481,17782.754,13326.285,14747.588
2013-03-21 13:00:00,12345.207,13360.481,17782.754,13326.285,14747.588
2013-03-21 14:00:00,12345.207,13360.481,17782.754,13326.285,14747.588
2013-03-21 15:00:00,12345.207,13360.481,17782.754,13326.285,14747.588
2013-03-21 16:00:00,12345.207,13360.481,17782.754,13326.285,14747.588
2013-03-21 17:00:00,12345.207,13360.481,17782.754,13326.285,14747.588
2013-03-21 18:00:00,12345.207,13360.481,17782.754,13326.285,14747.588
2013-03-21 19:00:00,12345.207,13360.481,17782.754,13326.285,14747.588
2013-03-21 20:00:00,12345.207,13360.481,17782.754,13326.285,14747.588
2013-03-21 21:00:00,12345.207,13360.481,17782.754,13326.285,14747.588
2013-03-21 22:00:00,12345.207,13360.481,17782.754,13326.285,14747.588
2013-03-21 23:00:00,12345.207,13360.481,17782.754,13326.285,14747.588
2013-03-22 00:00:00,12345.207,13360.481,17782.754,13326.285,14747.588
2013-03-22 01:00:00,12345.207,13360.481,17782.754,13326.285,14747.588
2013-03-22 02:00:00,12345.207,13360.481,17782.754,13326.285,14747.588
2013-03-22 03:00:00,12345.207,13360.481,17782.754,13326.285,14747.588
2013-03-22 04:00:00,12345.207,13360.481,17782.754,13326.285,14747.588
2013-03-22 05:00:00,12345.207,13360.481,17782.754,13326.285,14747.588
2013-03-22 06:00:00,12345.207,13360.481,17782.754,13326.285,14747.588
2013-03-22 07:00:00,12345.207,13360.481,17782.754,13326.285,14747.588
2013-03-22 08:00:00,12345.207,13360.481,17782.754,13326.285,14747.588
2013-03-22 09:00:00,12345.207,13360.481,17782.754,13326.285,14747.588
2013-03-22 10:00:00,12345.207,13360.481,17782.754,13326.285,14747.588
2013-03-22 11:00:00,12345.207,13360.481,17782.754,13326.285,14747.588
2013-03-22 12:00:00,12345.207,13360.481,17782.754,13326.285,14747.588
2013-03-22 13:00:00,12345.207,13360.481,17782.754,13326.285,14747.588
2013-03-22 14:00:00,12345.207,13360.481,17782.754,13326.285,14747.588
2013-03-22 15:00:00,12345.207,13360.481,17782.754,13326.285,14747.588
2013-03-22 16:00:00,12345.207,13360.481,17782.754,13326.285,14747.588
2013-03-22 17:00:00,12345.207,13360.481,17782.754,13326.285,14747.588
2013-03-22 18:00:00,12345.207,13360.481,17782.754,13326.285,14747.588
2013-03-22 19:00:00,12345.207,13360.481,17782.754,13326.285,14747.588
2013-03-22 20:00:00,12345.207,13360.481,17782.754,13326.285,14747.588
2013-03-22 21:00:00,12345.207,13360.481,17782.754,13326.285,14747.588
2013-03-22 22:00:00,12345.207,13360.481,17782.754,13326.285,14747.588
2013-03-22 23:00:00,12345.207,13360.481,17782.754,13326.285,14747.588
2013-03-23 00:00:00,12345.207,13360.481,17782.754,13326.285,14747.588
2013-03-23 01:00:00,12345.207,13360.481,17782.754,13326.285,14747.588
2013-03-23 02:00:00,12345.207,13360.481,17782.754,13326.285,14747.588
2013-03-23 03:00:00,12345.207,13360.481,17782.754,13326.285,14747.588
2013-03-23 04:00:00,12345.207,13360.481,17782.754,13326.285,14747.588
2013-03-23 05:00:00,12345.207,13360.481,17782.754,13326.285,14747.588
2013-03-23 06:00:00,12345.207,13360.481,17782.754,13326.285,14747.588
2013-03-23 07:00:00,12345.207,13360.481,17782.754,13326.285,14747.588
2013-03-23 08:00:00,12345.207,13360.481,17782.754,13326.285,14747.588
2013-03-23 09:00:00,12345.207,13360.481,17782.754,13326.285,14747.588
2013-03-23 10:00:00,12345.207,13360.481,17782.754,13326.285,14747.588
2013-03-23 11:00:00,12345.207,13360.481,17782.754,13326.285,14747.588
2013-03-23 12:00:00,12345.207,13360.481,17782.754,13326.285,14747.588
2013-03-23 13:00:00,12345.207,13360.481,17782.754,13326.285,14747.588
2013-03-23 14:00:00,12345.207,13360.481,17782.754,13326.285,14747.588
2013-03-23 15:00:00,12345.207,13360.481,17782.754,13326.285,14747.588
2013-03-23 16:00:00,12345.207,13360.481,17782.754,13326.285,14747.588
2013-03-23 17:00:00,12345.207,13360.481,17782.754,13326.285,14747.588
2013-03-23 18:00:00,12345.207,13360.481,17782.754,13326.285,14747.588
2013-03-23 19:00:00,12345.207,13360.481,17782.754,13326.285,14747.588
2013-03-23 20:00:00,12345.207,13360.481,17782.754,13326.285,14747.588
2013-03-23 21:00:00,12345.207,13360.481,17782.754,13326.285,14747.588
2013-03-23 22:00:00,12345.207,13360.481,17782.754,13326.285,14747.588
2013-03-23 23:00:00,12345.207,13360.481,17782.754,13326.285,14747.588
2013-03-24 00:00:00,12345.207,13360.481,17782.754,13326.285,14747.588
2013-03-24 01:00:00,12345.207,13360.481,17782.754,13326.285,14747.588
2013-03-24 02:00:00,12345.207,13360.481,17782.754,13326.285,14747.588
2013-03-24 03:00:00,12345.207,13360.481,17782.754,13326.285,14747.588
2013-03-24 04:00:00,12345.207,13360.481,17782.754,13326.285,14747.588
2013-03-24 05:00:00,12345.207,13360.481,17782.754,13326.285,14747.588
2013-03-24 06:00:00,12345.207,13360.481,17782.754,13326.285,14747.588
2013-03-24 07:00:00,12345.207,13360.481,17782.754,13326.285,14747.588
2013-03-24 08:00:00,12345.207,13360.481,17782.754,13326.285,14747.588
2013-03-24 09:00:00,12345.207,13360.481,17782.754,13326.285,14747.588
2013-03-24 10:00:00,12345.207,13360.481,17782.754,13326.285,14747.588
2013-03-24 11:00:00,12345.207,13360.481,17782.754,13326.285,14747.588
2013-03-24 12:00:00,12345.207,13360.481,17782.754,13326.285,14747.588
2013-03-24 13:00:00,12345.207,13360.481,17782.754,13326.285,14747.588
2013-03-24 14:00:00,12345.207,13360.481,17782.754,13326.285,14747.588
2013-03-24 15:00:00,12345.207,13360.481,17782.754,13326.285,14747.588
2013-03-24 16:00:00,12345.207,13360.481,17782.754,13326.285,14747.588
2013-03-24 17:00:00,12345.207,13360.481,17782.754,13326.285,14747.588
2013-03-24 18:00:00,12345.207,13360.481,17782.754,13326.285,14747.588
2013-03-24 19:00:00,12345.207,13360.481,17782.754,13326.285,14747.588
2013-03-24 20:00:00,12345.207,13360.481,17782.754,13326.285,14747.588
2013-03-24 21:00:00,12345.207,13360.481,17782.754,13326.285,14747.588
2013-03-24 22:00:00,12345.207,13360.481,17782.754,13326.285,14747.588
2013-03-24 23:00:00,12345.207,13360.481,17782.754,13326.285,14747.588
2013-03-25 00:00:00,12345.207,13360.481,17782.754,13326.285,14747.588
2013-03-25 01:00:00,12345.207,13360.481,17782.754,13326.285,14747.588
2013-03-25 02:00:00,12345.207,13360.481,17782.754,13326.285,14747.588
2013-03-25 03:00:00,12345.207,13360.481,17782.754,13326.285,14747.588
2013-03-25 04:00:00,12345.207,13360.481,17782.754,13326.285,14747.588
2013-03-25 05:00:00,12345.207,13360.481,17782.754,13326.285,14747.588
2013-03-25 06:00:00,12345.207,13360.481,17782.754,13326.285,14747.588
2013-03-25 07:00:00,12345.207,13360.481,17782.754,13326.285,14747.588
2013-03-25 08:00:00,12345.207,13360.481,17782.754,13326.285,14747.588
2013-03-25 09:00:00,12345.207,13360.481,17782.754,13326.285,14747.588
2013-03-25 10:00:00,12345.207,13360.481,17782.754,13326.285,14747.588
2013-03-25 11:00:00,12345.207,13360.481,17782.754,13326.285,14747.588
2013-03-25 12:00:00,12345.207,13360.481,17782.754,13326.285,14747.588
2013-03-25 13:00:00,12345.207,13360.481,17782.754,13326.285,14747.588
2013-03-25 14:00:00,12345.207,13360.481,17782.754,13326.285,14747.588
2013-03-25 15:00:00,12345.207,13360.481,17782.754,13326.285,14747.588
2013-03-25 16:00:00,12345.207,13360.481,17782.754,13326.285,14747.588
2013-03-25 17:00:00,12345.207,13360.481,17782.754,13326.285,14747.588
2013-03-25 18:00:00,12345.207,13360.481,17782.754,13326.285,14747.588
2013-03-25 19:00:00,12345.207,13360.481,17782.754,13326.285,14747.588
2013-03-25 20:00:00,12345.207,13360.481,17782.754,13326.285,14747.588
2013-03-25 21:00:00,12345.207,13360.481,17782.754,13326.285,14747.588
2013-03-25 22:00:00,12345.207,13360.481,17782.754,13326.285,14747.588
2013-03-25 23:00:00,12345.207,13360.481,17782.754,13326.285,14747.588
2013-03-26 00:00:00,12345.207,13360.481,17782.754,13326.285,14747.588
2013-03-26 01:00:00,12345.207,13360.481,17782.754,13326.285,14747.588
2013-03-26 02:00:00,12345.207,13360.481,17782.754,13326.285,14747.588
2013-03-26 03:00:00,12345.207,13360.481,17782.754,13326.285,14747.588
2013-03-26 04:00:00,12345.207,13360.481,17782.754,13326.285,14747.588
2013-03-26 05:00:00,12345.207,13360.481,17782.754,13326.285,14747.588
2013-03-26 06:00:00,12345.207,13360.481,17782.754,13326.285,14747.588
2013-03-26 07:00:00,12345.207,13360.481,17782.754,13326.285,14747.588
2013-03-26 08:00:00,12345.207,13360.481,17782.754,13326.285,14747.588
2013-03-26 09:00:00,12345.207,13360.481,17782.754,13326.285,14747.588
2013-03-26 10:00:00,12345.207,13360.481,17782.754,13326.285,14747.588
2013-03-26 11:00:00,12345.207,13360.481,17782.754,13326.285,14747.588
2013-03-26 12:00:00,12345.207,13360.481,17782.754,13326.285,14747.588
2013-03-26 13:00:00,12345.207,13360.481,17782.754,13326.285,14747.588
2013-03-26 14:00:00,12345.207,13360.481,17782.754,13326.285,14747.588
2013-03-26 15:00:00,12345.207,13360.481,17782.754,13326.285,14747.588
2013-03-26 16:00:00,12345.207,13360.481,17782.754,13326.285,14747.588
2013-03-26 17:00:00,12345.207,13360.481,17782.754,13326.285,14747.588
2013-03-26 18:00:00,12345.207,13360.481,17782.754,13326.285,14747.588
2013-03-26 19:00:00,12345.207,13360.481,17782.754,13326.285,14747.588
2013-03-26 20:00:00,12345.207,13360.481,17782.754,13326.285,14747.588
2013-03-26 21:00:00,12345.207,13360.481,17782.754,13326.285,14747.588
2013-03-26 22:00:00,12345.207,13360.481,17782.754,13326.285,14747.588
2013-03-26 23:00:00,12345.207,13360.481,17782.754,13326.285,14747.588
2013-03-27 00:00:00,12345.207,13360.481,17782.754,13326.285,14747.588
2013-03-27 01:00:00,12345.207,13360.481,17782.754,13326.285,14747.588
2013-03-27 02:00:00,12345.207,13360.481,17782.754,13326.285,14747.588
2013-03-27 03:00:00,12345.207,13360.481,17782.754,13326.285,14747.588
2013-03-27 04:00:00,12345.207,13360.481,17782.754,13326.285,14747.588
2013-03-27 05:00:00,12345.207,13360.481,17782.754,13326.285,14747.588
2013-03-27 06:00:00,12345.207,13360.481,17782.754,13326.285,14747.588
2013-03-27 07:00:00,12345.207,13360.481,17782.754,13326.285,14747.588
2013-03-27 08:00:00,12345.207,13360.481,17782.754,13326.285,14747.588
2013-03-27 09:00:00,12345.207,13360.481,17782.754,13326.285,14747.588
2013-03-27 10:00:00,12345.207,13360.481,17782.754,13326.285,14747.588
2013-03-27 11:00:00,12345.207,13360.481,17782.754,13326.285,14747.588
2013-03-27 12:00:00,12345.207,13360.481,17782.754,13326.285,14747.588
2013-03-27 13:00:00,12345.207,13360.481,17782.754,13326.285,14747.588
2013-03-27 14:00:00,12345.207,13360.481,17782.754,13326.285,14747.588
2013-03-27 15:00:00,12345.207,13360.481,17782.754,13326.285,14747.588
2013-03-27 16:00:00,12345.207,13360.481,17782.754,13326.285,14747.588
2013-03-27 17:00:00,12345.207,13360.481,17782.754,13326.285,14747.588
2013-03-27 18:00:00,12345.207,13360.481,17782.754,13326.285,14747.588
2013-03-27 19:00:00,12345.207,13360.481,17782.754,13326.285,14747.588
2013-03-27 20:00:00,12345.207,13360.481,17782.754,13326.285,14747.588
2013-03-27 21:00:00,12345.207,13360.481,17782.754,13326.285,14747.588
2013-03-27 22:00:00,12345.207,13360.481,17782.754,13326.285,14747.588
2013-03-27 23:00:00,12345.207,13360.481,17782.754,13326.285,14747.588
2013-03-28 00:00:00,12345.207,13361.768,17783.076,13327.009,14748.974
2013-03-28 01:00:00,12345.207,13361.768,17783.076,13327.009,14748.974
2013-03-28 02:00:00,12345.207,13361.768,17783.076,13327.009,14748.974
2013-03-28 03:00:00,12345.207,13361.768,17783.076,13327.009,14748.974
2013-03-28 04:00:00,12345.207,13361.768,17783.076,13327.009,14748.974
2013-03-28 05:00:00,12345.207,13361.768,17783.076,13327.009,14748.974
2013-03-28 06:00:00,12345.207,13361.768,17783.076,13327.009,14749.036
2013-03-28 07:00:00,12345.207,13361.768,17783.076,13327.009,14749.036
2013-03-28 08:00:00,12345.207,13361.768,17783.076,13327.009,14749.036
2013-03-28 09:00:00,12345.207,13361.768,17783.076,13327.009,14749.036
2013-03-28 10:00:00,12345.207,13360.481,17782.754,13326.285,14747.683
2013-03-28 11:00:00,12345.207,13360.481,17782.754,13326.285,14747.695
2013-03-28 12:00:00,12345.207,13360.57,17783.043,13326.285,14747.987
2013-03-28 13:00:00,12345.207,13361.321,17783.043,13326.669,14747.987
2013-03-28 14:00:00,12345.207,13361.678,17783.076,13327.009,14747.987
2013-03-28 15:00:00,12345.207,13361.749,17783.076,13327.009,14747.994
2013-03-28 16:00:00,12345.207,13361.749,17783.076,13327.009,14748.707
2013-03-28 17:00:00,12345.207,13361.768,17783.076,13327.009,14748.731
2013-03-28 18:00:00,12345.207,13361.768,17783.076,13327.009,14748.85
2013-03-28 19:00:00,12345.207,13361.768,17783.076,13327.009,14748.974
2013-03-28 20:00:00,12345.207,13361.768,17783.076,13327.009,14748.974
2013-03-28 21:00:00,12345.207,13361.768,17783.076,13327.009,14748.974
2013-03-28 22:00:00,12345.207,13361.768,17783.076,13327.009,14748.974
2013-03-28 23:00:00,12345.207,13361.768,17783.076,13327.009,14748.974
2013-03-29 00:00:00,12345.207,13361.768,17783.076,13327.009,14749.036
2013-03-29 01:00:00,12345.207,13361.768,17783.076,13327.009,14749.036
2013-03-29 02:00:00,12345.207,13361.768,17783.076,13327.009,14749.036
2013-03-29 03:00:00,12345.207,13361.768,17783.076,13327.009,14749.036
2013-03-29 04:00:00,12345.207,13361.768,17783.076,13327.009,14749.036
2013-03-29 05:00:00,12345.207,13361.768,17783.076,13327.009,14749.036
2013-03-29 06:00:00,12345.207,13361.768,17783.076,13327.009,14749.036
2013-03-29 07:00:00,12345.207,13361.768,17783.076,13327.009,14749.036
2013-03-29 08:00:00,12345.207,13361.768,17783.076,13327.009,14749.036
2013-03-29 09:00:00,12345.207,13361.768,17783.076,13327.009,14749.036
2013-03-29 10:00:00,12345.207,13361.768,17783.076,13327.009,14749.036
2013-03-29 11:00:00,12345.207,13361.768,17783.076,13327.009,14749.036
2013-03-29 12:00:00,12345.207,13361.768,17783.076,13327.009,14749.036
2013-03-29 13:00:00,12345.207,13361.768,17783.076,13327.009,14749.036
2013-03-29 14:00:00,12345.207,13361.768,17783.076,13327.009,14749.036
2013-03-29 15:00:00,12345.207,13361.768,17783.076,13327.009,14749.036
2013-03-29 16:00:00,12345.207,13361.768,17783.076,13327.009,14749.036
2013-03-29 17:00:00,12345.207,13361.768,17783.076,13327.009,14749.036
2013-03-29 18:00:00,12345.207,13361.768,17783.076,13327.009,14749.036
2013-03-29 19:00:00,12345.207,13361.768,17783.076,13327.009,14749.036
2013-03-29 20:00:00,12345.207,13361.768,17783.076,13327.009,14749.036
2013-03-29 21:00:00,12345.207,13361.768,17783.076,13327.009,14749.036
2013-03-29 22:00:00,12345.207,13361.768,17783.076,13327.009,14749.036
2013-03-29 23:00:00,12345.207,13361.768,17783.076,13327.009,14749.036
2013-03-30 00:00:00,12345.207,13361.768,17783.076,13327.009,14749.036
2013-03-30 01:00:00,12345.207,13361.768,17783.076,13327.009,14749.036
2013-03-30 02:00:00,12345.207,13361.768,17783.076,13327.009,14749.036
2013-03-30 03:00:00,12345.207,13361.768,17783.076,13327.009,14749.036
2013-03-30 04:00:00,12345.207,13361.768,17783.076,13327.009,14749.036
2013-03-30 05:00:00,12345.207,13361.768,17783.076,13327.009,14749.036
2013-03-30 06:00:00,12345.207,13361.768,17783.076,13327.009,14749.036
2013-03-30 07:00:00,12345.207,13361.768,17783.076,13327.009,14749.036
2013-03-30 08:00:00,12345.207,13361.768,17783.076,13327.009,14749.036
2013-03-30 09:00:00,12345.207,13361.768,17783.076,13327.009,14749.036
2013-03-30 10:00:00,12345.207,13361.768,17783.076,13327.009,14749.036
2013-03-30 11:00:00,12345.207,13361.768,17783.076,13327.009,14749.036
2013-03-30 12:00:00,12345.207,13361.768,17783.076,13327.009,14749.036
2013-03-30 13:00:00,12345.207,13361.768,17783.076,13327.009,14749.036
2013-03-30 14:00:00,12345.207,13361.768,17783.076,13327.009,14749.036
2013-03-30 15:00:00,12345.207,13361.768,17783.076,13327.009,14749.036
2013-03-30 16:00:00,12345.207,13361.768,17783.076,13327.009,14749.036
2013-03-30 17:00:00,12345.207,13361.768,17783.076,13327.009,14749.036
2013-03-30 18:00:00,12345.207,13361.768,17783.076,13327.009,14749.036
2013-03-30 19:00:00,12345.207,13361.768,17783.076,13327.009,14749.036
2013-03-30 20:00:00,12345.207,13361.768,17783.076,13327.009,14749.036
2013-03-30 21:00:00,12345.207,13361.768,17783.076,13327.009,14749.036
2013-03-30 22:00:00,12345.207,13361.768,17783.076,13327.009,14749.036
2013-03-30 23:00:00,12345.207,13361.768,17783.076,13327.009,14749.036
2013-03-31 00:00:00,12345.207,13361.768,17783.076,13327.009,14749.036
2013-03-31 01:00:00,12345.207,13361.768,17783.076,13327.009,14749.036
2013-03-31 02:00:00,12345.207,13361.768,17783.076,13327.009,14749.036
2013-03-31 03:00:00,12345.207,13361.768,17783.076,13327.009,14749.036
2013-03-31 04:00:00,12345.207,13361.768,17783.076,13327.009,14749.036
2013-03-31 05:00:00,12345.207,13361.768,17783.076,13327.009,14749.036
2013-03-31 06:00:00,12345.207,13361.768,17783.076,13327.009,14749.036
2013-03-31 07:00:00,12345.207,13361.768,17783.076,13327.009,14749.036
2013-03-31 08:00:00,12345.207,13361.768,17783.076,13327.009,14749.036
2013-03-31 09:00:00,12345.207,13361.768,17783.463,13327.009,14749.036
2013-03-31 10:00:00,12345.207,13361.768,17784.066,13327.065,14749.036
2013-03-31 11:00:00,12345.207,13361.768,17784.066,13327.065,14749.235
2013-03-31 12:00:00,12345.639,13361.768,17784.066,13327.065,14749.507
2013-03-31 13:00:00,12345.639,13361.768,17784.066,13327.065,14749.507
2013-03-31 14:00:00,12345.639,13361.768,17784.467,13327.065,14749.814
2013-03-31 15:00:00,12345.639,13361.98,17785.195,13327.068,14750.223
2013-03-31 16:00:00,12345.868,13362.764,17785.867,13327.803,14751.101
2013-03-31 17:00:00,12345.959,13363.544,17786.662,13328.583,14751.913
2013-03-31 18:00:00,12346.016,13364.657,17786.986,13329.385,14752.668
2013-03-31 19:00:00,12346.016,13365.325,17786.986,13329.774,14753.169
2013-03-31 20:00:00,12346.016,13365.708,17786.986,13330.287,14753.386
2013-03-31 21:00:00,12346.193,13365.708,17786.986,13330.444,14753.386
2013-03-31 22:00:00,12346.802,13365.708,17786.986,13330.444,14753.386
2013-03-31 23:00:00,12346.802,13365.708,17786.986,13330.444,14753.386
2013-04-01 00:00:00,12346.802,13365.708,17786.986,13330.444,14753.386
2013-04-01 01:00:00,12346.802,13365.708,17786.986,13330.444,14753.386
2013-04-01 02:00:00,12346.802,13365.708,17786.986,13330.444,14753.386
2013-04-01 03:00:00,12346.802,13365.708,17786.986,13330.444,14753.386
2013-04-01 04:00:00,12346.802,13365.708,17786.986,13330.444,14753.386
2013-04-01 05:00:00,12346.802,13365.708,17786.986,13330.444,14753.386
2013-04-01 06:00:00,12346.802,13365.708,17786.986,13330.444,14753.386
2013-04-01 07:00:00,12346.802,13365.708,17786.986,13330.444,14753.386
2013-04-01 08:00:00,12346.802,13365.708,17786.986,13330.444,14753.386
2013-04-01 09:00:00,12346.802,13365.708,17786.986,13330.444,14753.386
2013-04-01 10:00:00,12346.802,13365.708,17786.986,13330.444,14753.386
2013-04-01 11:00:00,12346.802,13365.708,17786.986,13330.444,14753.386
2013-04-01 12:00:00,12346.802,13365.708,17786.986,13330.444,14753.386
2013-04-01 13:00:00,12346.802,13365.708,17786.986,13330.444,14753.386
2013-04-01 14:00:00,12346.802,13365.708,17786.986,13330.444,14753.386
2013-04-01 15:00:00,12346.802,13365.708,17786.986,13330.444,14753.386
2013-04-01 16:00:00,12346.802,13365.708,17786.986,13330.444,14753.386
2013-04-01 17:00:00,12346.802,13365.708,17786.986,13330.444,14753.386
2013-04-01 18:00:00,12346.802,13365.708,17786.986,13330.444,14753.544
2013-04-01 19:00:00,12346.802,13365.708,17786.986,13330.444,14753.544
2013-04-01 20:00:00,12346.802,13365.708,17787.414,13330.444,14753.544
2013-04-01 21:00:00,12346.802,13365.708,17787.414,13330.444,14753.544
2013-04-01 22:00:00,12346.802,13365.708,17787.414,13330.444,14753.544
2013-04-01 23:00:00,12346.802,13365.708,17787.414,13330.444,14753.544
2013-04-02 00:00:00,12346.8125,13365.708,17788.084,13330.444,14754.4375
2013-04-02 01:00:00,12346.8125,13365.708,17788.225,13330.444,14754.77
2013-04-02 02:00:00,12346.8125,13365.708,17788.229,13330.444,14754.779
2013-04-02 03:00:00,12346.8125,13365.708,17788.229,13330.444,14754.779
2013-04-02 04:00:00,12346.8125,13365.708,17788.229,13330.444,14754.779
2013-04-02 05:00:00,12346.8125,13365.708,17788.229,13330.444,14754.779
2013-04-02 06:00:00,12346.8125,13365.708,17788.229,13330.444,14754.779
2013-04-02 07:00:00,12346.8125,13365.708,17788.229,13330.444,14754.779
2013-04-02 08:00:00,12346.8125,13365.708,17788.229,13330.444,14754.779
2013-04-02 09:00:00,12346.8125,13365.708,17788.229,13330.444,14754.779
2013-04-02 10:00:00,12346.8125,13365.708,17788.229,13330.444,14754.779
2013-04-02 11:00:00,12346.8125,13365.708,17788.229,13330.444,14754.779
2013-04-02 12:00:00,12346.8125,13365.708,17788.229,13330.444,14754.779
2013-04-02 13:00:00,12346.8125,13365.708,17788.229,13330.444,14754.779
2013-04-02 14:00:00,12346.8125,13365.708,17788.229,13330.444,14754.779
2013-04-02 15:00:00,12346.8125,13365.708,17788.229,13330.444,14754.779
2013-04-02 16:00:00,12346.8125,13365.708,17788.229,13330.444,14754.779
2013-04-02 17:00:00,12346.8125,13365.708,17788.229,13330.444,14754.779
2013-04-02 18:00:00,12346.8125,13365.708,17788.229,13330.444,14754.779
2013-04-02 19:00:00,12346.8125,13365.708,17788.229,13330.444,14754.779
2013-04-02 20:00:00,12346.802,13365.708,17787.414,13330.444,14753.544
2013-04-02 21:00:00,12346.802,13365.708,17787.414,13330.444,14753.544
2013-04-02 22:00:00,12346.802,13365.708,17787.414,13330.444,14753.549
2013-04-02 23:00:00,12346.802,13365.708,17787.414,13330.444,14753.963
2013-04-03 00:00:00,12346.8125,13365.708,17788.229,13330.444,14754.779
2013-04-03 01:00:00,12346.8125,13365.708,17788.229,13330.444,14754.779
2013-04-03 02:00:00,12346.8125,13365.708,17788.229,13330.444,14754.779
2013-04-03 03:00:00,12346.8125,13365.708,17788.229,13330.444,14754.779
2013-04-03 04:00:00,12346.8125,13365.708,17788.229,13330.444,14754.779
2013-04-03 05:00:00,12346.8125,13365.708,17788.229,13330.444,14754.779
2013-04-03 06:00:00,12346.8125,13365.708,17788.229,13330.444,14754.779
2013-04-03 07:00:00,12346.8125,13365.708,17788.229,13330.444,14754.779
2013-04-03 08:00:00,12346.8125,13365.708,17788.229,13330.444,14754.779
2013-04-03 09:00:00,12346.8125,13365.708,17788.229,13330.444,14754.779
2013-04-03 10:00:00,12346.8125,13365.708,17788.229,13330.444,14754.779
2013-04-03 11:00:00,12346.8125,13365.708,17788.229,13330.444,14754.779
2013-04-03 12:00:00,12346.8125,13365.708,17788.229,13330.444,14754.779
2013-04-03 13:00:00,12346.8125,13365.708,17788.229,13330.444,14754.779
2013-04-03 14:00:00,12346.8125,13365.708,17788.229,13330.444,14754.779
2013-04-03 15:00:00,12346.8125,13365.708,17788.229,13330.444,14754.779
2013-04-03 16:00:00,12346.8125,13365.708,17788.229,13330.444,14754.779
2013-04-03 17:00:00,12346.8125,13365.708,17788.229,13330.444,14754.779
2013-04-03 18:00:00,12346.8125,13365.708,17788.229,13330.444,14754.779
2013-04-03 19:00:00,12346.8125,13365.708,17788.229,13330.444,14754.779
2013-04-03 20:00:00,12346.8125,13365.708,17788.229,13330.444,14754.779
2013-04-03 21:00:00,12346.8125,13365.708,17788.229,13330.444,14754.779
2013-04-03 22:00:00,12346.8125,13365.708,17788.229,13330.444,14754.779
2013-04-03 23:00:00,12346.8125,13365.708,17788.229,13330.444,14754.779
2013-04-04 00:00:00,12346.8125,13365.708,17788.275,13330.444,14755.204
2013-04-04 01:00:00,12346.8125,13365.708,17788.275,13330.444,14755.204
2013-04-04 02:00:00,12346.8125,13365.708,17788.275,13330.444,14755.204
2013-04-04 03:00:00,12346.8125,13365.708,17788.275,13330.444,14755.204
2013-04-04 04:00:00,12346.8125,13365.708,17788.229,13330.444,14754.779
2013-04-04 05:00:00,12346.8125,13365.708,17788.229,13330.444,14754.779
2013-04-04 06:00:00,12346.8125,13365.708,17788.229,13330.444,14755.049
2013-04-04 07:00:00,12346.8125,13365.708,17788.229,13330.444,14755.204
2013-04-04 08:00:00,12346.8125,13365.708,17788.229,13330.444,14755.204
2013-04-04 09:00:00,12346.8125,13365.708,17788.229,13330.444,14755.204
2013-04-04 10:00:00,12346.8125,13365.708,17788.275,13330.444,14755.204
2013-04-04 11:00:00,12346.8125,13365.708,17788.275,13330.444,14755.204
2013-04-04 12:00:00,12346.8125,13365.708,17788.275,13330.444,14755.204
2013-04-04 13:00:00,12346.8125,13365.708,17788.275,13330.444,14755.204
2013-04-04 14:00:00,12346.8125,13365.708,17788.275,13330.444,14755.204
2013-04-04 15:00:00,12346.8125,13365.708,17788.275,13330.444,14755.204
2013-04-04 16:00:00,12346.8125,13365.708,17788.275,13330.444,14755.204
2013-04-04 17:00:00,12346.8125,13365.708,17788.275,13330.444,14755.204
2013-04-04 18:00:00,12346.8125,13365.708,17788.275,13330.444,14755.204
2013-04-04 19:00:00,12346.8125,13365.708,17788.275,13330.444,14755.204
2013-04-04 20:00:00,12346.8125,13365.708,17788.275,13330.444,14755.204
2013-04-04 21:00:00,12346.8125,13365.708,17788.275,13330.444,14755.204
2013-04-04 22:00:00,12346.8125,13365.708,17788.275,13330.444,14755.204
2013-04-04 23:00:00,12346.8125,13365.708,17788.275,13330.444,14755.204
2013-04-05 00:00:00,12346.8125,13365.708,17788.275,13330.444,14755.204
2013-04-05 01:00:00,12346.8125,13365.708,17788.275,13330.444,14755.204
2013-04-05 02:00:00,12346.8125,13365.708,17788.275,13330.444,14755.204
2013-04-05 03:00:00,12346.8125,13365.708,17788.275,13330.444,14755.204
2013-04-05 04:00:00,12346.8125,13365.708,17788.275,13330.444,14755.204
2013-04-05 05:00:00,12346.8125,13365.708,17788.275,13330.444,14755.204
2013-04-05 06:00:00,12346.8125,13365.708,17788.275,13330.444,14755.204
2013-04-05 07:00:00,12346.8125,13365.708,17788.275,13330.444,14755.204
2013-04-05 08:00:00,12346.8125,13365.708,17788.275,13330.444,14755.204
2013-04-05 09:00:00,12346.8125,13365.708,17788.275,13330.444,14755.204
2013-04-05 10:00:00,12346.8125,13365.708,17788.275,13330.444,14755.204
2013-04-05 11:00:00,12346.8125,13365.708,17788.275,13330.444,14755.204
2013-04-05 12:00:00,12346.8125,13365.708,17788.275,13330.444,14755.204
2013-04-05 13:00:00,12346.8125,13365.708,17788.275,13330.444,14755.204
2013-04-05 14:00:00,12346.8125,13365.708,17788.275,13330.444,14755.204
2013-04-05 15:00:00,12346.8125,13365.708,17788.275,13330.444,14755.204
2013-04-05 16:00:00,12346.8125,13365.708,17788.275,13330.444,14755.204
2013-04-05 17:00:00,12346.8125,13365.708,17788.275,13330.444,14755.204
2013-04-05 18:00:00,12346.8125,13365.708,17788.275,13330.444,14755.204
2013-04-05 19:00:00,12346.8125,13365.708,17788.354,13330.444,14755.204
2013-04-05 20:00:00,12346.8125,13365.708,17788.354,13330.444,14755.204
2013-04-05 21:00:00,12346.8125,13365.708,17788.354,13330.444,14755.204
2013-04-05 22:00:00,12346.8125,13365.8955,17788.475,13330.497,14755.516
2013-04-05 23:00:00,12347.41,13366.356,17789.898,13330.949,14756.618
2013-04-06 00:00:00,12347.822,13366.356,17790.48,13331.004,14756.83
2013-04-06 01:00:00,12347.822,13366.617,17790.873,13331.765,14757.441
2013-04-06 02:00:00,12347.822,13366.803,17791.45,13332.264,14758.422
2013-04-06 03:00:00,12347.822,13366.912,17792.062,13332.419,14759.617
2013-04-06 04:00:00,12347.84,13366.948,17792.508,13332.553,14759.617
2013-04-06 05:00:00,12347.84,13366.948,17792.564,13332.553,14759.677
2013-04-06 06:00:00,12347.84,13366.973,17792.748,13332.81,14759.955
2013-04-06 07:00:00,12347.897,13367.28,17793.393,13333.213,14762.797
2013-04-06 08:00:00,12347.976,13367.647,17793.76,13333.503,14762.797
2013-04-06 09:00:00,12348.074,13367.662,17793.76,13333.549,14762.797
2013-04-06 10:00:00,12348.074,13367.662,17794.406,13333.549,14762.803
2013-04-06 11:00:00,12348.074,13367.662,17795.826,13333.84,14762.992
2013-04-06 12:00:00,12348.074,13367.734,17796.629,13333.995,14763.5625
2013-04-06 13:00:00,12348.118,13367.818,17797.873,13334.32,14763.708
2013-04-06 14:00:00,12348.381,13368.279,17797.99,13334.854,14764.211
2013-04-06 15:00:00,12348.669,13368.421,17799.656,13335.28,14765.338
2013-04-06 16:00:00,12349.052,13369.107,17800.64,13336.1,14765.573
2013-04-06 17:00:00,12349.396,13369.445,17801.271,13336.836,14766.035
2013-04-06 18:00:00,12350.097,13370.021,17801.59,13338.122,14766.106
2013-04-06 19:00:00,12352.156,13370.533,17803.646,13338.732,14766.106
2013-04-06 20:00:00,12352.156,13371.18,17804.592,13340.638,14766.672
2013-04-06 21:00:00,12352.156,13371.978,17804.684,13341.209,14766.949
2013-04-06 22:00:00,12352.32,13372.298,17805.268,13342.16,14767.48
2013-04-06 23:00:00,12352.564,13372.335,17805.273,13342.414,14768.186
2013-04-07 00:00:00,12353.091,13372.953,17805.693,13343.779,14768.634
2013-04-07 01:00:00,12353.114,13374.144,17805.693,13344.015,14769.338
2013-04-07 02:00:00,12353.279,13375.587,17805.697,13345.247,14770.506
2013-04-07 03:00:00,12353.279,13375.715,17805.697,13345.247,14770.506
2013-04-07 04:00:00,12353.279,13375.715,17805.697,13345.247,14770.506
2013-04-07 05:00:00,12353.279,13375.715,17805.697,13345.247,14770.506
2013-04-07 06:00:00,12353.279,13375.715,17805.838,13345.247,14770.506
2013-04-07 07:00:00,12353.279,13375.715,17807.514,13345.247,14770.506
2013-04-07 08:00:00,12353.279,13375.715,17809.65,13345.247,14770.984
2013-04-07 09:00:00,12353.279,13375.715,17811.729,13345.247,14771.294
2013-04-07 10:00:00,12353.279,13375.715,17811.736,13345.247,14771.33
2013-04-07 11:00:00,12353.279,13375.715,17811.736,13345.247,14771.504
2013-04-07 12:00:00,12353.279,13375.715,17811.736,13345.247,14771.792
2013-04-07 13:00:00,12353.279,13375.715,17811.736,13345.247,14771.821
2013-04-07 14:00:00,12353.279,13375.715,17811.736,13345.247,14771.821
2013-04-07 15:00:00,12353.279,13375.715,17811.736,13345.247,14771.821
2013-04-07 16:00:00,12353.279,13375.715,17811.736,13345.247,14771.821
2013-04-07 17:00:00,12353.279,13375.715,17811.736,13345.247,14771.821
2013-04-07 18:00:00,12353.279,13375.715,17811.736,13345.247,14771.821
2013-04-07 19:00:00,12353.279,13375.715,17811.736,13345.247,14771.821
2013-04-07 20:00:00,12353.279,13375.715,17811.736,13345.247,14771.821
2013-04-07 21:00:00,12353.279,13375.715,17811.736,13345.247,14771.833
2013-04-07 22:00:00,12353.279,13375.715,17811.758,13345.247,14772.008
2013-04-07 23:00:00,12353.279,13375.715,17811.758,13345.247,14772.008
2013-04-08 00:00:00,12353.279,13375.715,17811.758,13345.247,14772.008
2013-04-08 01:00:00,12353.279,13375.715,17811.758,13345.247,14772.008
2013-04-08 02:00:00,12353.279,13375.715,17811.758,13345.247,14772.008
2013-04-08 03:00:00,12353.279,13375.715,17812.107,13345.247,14772.008
2013-04-08 04:00:00,12353.279,13375.715,17812.229,13345.247,14772.008
2013-04-08 05:00:00,12353.279,13375.715,17812.229,13345.247,14772.008
2013-04-08 06:00:00,12353.279,13375.715,17812.229,13345.247,14772.008
2013-04-08 07:00:00,12353.279,13375.715,17812.229,13345.247,14772.008
2013-04-08 08:00:00,12353.279,13375.715,17812.229,13345.247,14772.008
2013-04-08 09:00:00,12353.279,13375.715,17812.229,13345.247,14772.008
2013-04-08 10:00:00,12353.279,13375.715,17812.229,13345.247,14772.008
2013-04-08 11:00:00,12353.279,13375.715,17812.229,13345.247,14772.008
2013-04-08 12:00:00,12353.279,13375.715,17812.229,13345.247,14772.008
2013-04-08 13:00:00,12353.279,13375.715,17812.229,13345.247,14772.008
2013-04-08 14:00:00,12353.279,13375.715,17812.229,13345.247,14772.008
2013-04-08 15:00:00,12353.279,13375.715,17812.229,13345.247,14772.008
2013-04-08 16:00:00,12353.279,13375.715,17812.229,13345.247,14772.008
2013-04-08 17:00:00,12353.279,13375.715,17812.229,13345.247,14772.008
2013-04-08 18:00:00,12353.279,13375.715,17812.229,13345.247,14772.008
2013-04-08 19:00:00,12353.279,13375.715,17812.229,13345.247,14772.008
2013-04-08 20:00:00,12353.279,13375.715,17812.229,13345.247,14772.008
2013-04-08 21:00:00,12353.279,13375.715,17812.229,13345.247,14772.008
2013-04-08 22:00:00,12353.279,13375.715,17812.229,13345.247,14772.008
2013-04-08 23:00:00,12353.279,13375.715,17812.229,13345.247,14772.008
2013-04-09 00:00:00,12353.279,13375.715,17812.229,13345.247,14772.008
2013-04-09 01:00:00,12353.279,13375.715,17812.229,13345.247,14772.008
2013-04-09 02:00:00,12353.279,13375.715,17812.229,13345.247,14772.008
2013-04-09 03:00:00,12353.279,13375.715,17812.229,13345.247,14772.008
2013-04-09 04:00:00,12353.279,13375.715,17812.229,13345.247,14772.008
2013-04-09 05:00:00,12353.279,13375.715,17812.229,13345.247,14772.008
2013-04-09 06:00:00,12353.279,13375.715,17812.229,13345.247,14772.008
2013-04-09 07:00:00,12353.279,13375.715,17812.229,13345.247,14772.008
2013-04-09 08:00:00,12353.279,13375.715,17812.229,13345.247,14772.008
2013-04-09 09:00:00,12353.279,13375.715,17812.229,13345.247,14772.008
2013-04-09 10:00:00,12353.279,13375.715,17812.229,13345.247,14772.008
2013-04-09 11:00:00,12353.279,13375.715,17812.229,13345.247,14772.008
2013-04-09 12:00:00,12353.279,13375.715,17812.229,13345.247,14772.008
2013-04-09 13:00:00,12353.279,13375.715,17812.229,13345.247,14772.008
2013-04-09 14:00:00,12353.279,13375.715,17812.229,13345.247,14772.008
2013-04-09 15:00:00,12353.279,13375.715,17812.229,13345.247,14772.008
2013-04-09 16:00:00,12353.279,13375.715,17812.229,13345.247,14772.008
2013-04-09 17:00:00,12353.279,13375.715,17812.229,13345.247,14772.008
2013-04-09 18:00:00,12353.279,13375.715,17812.229,13345.247,14772.008
2013-04-09 19:00:00,12353.279,13375.715,17812.229,13345.247,14772.008
2013-04-09 20:00:00,12353.279,13375.715,17812.229,13345.247,14772.008
2013-04-09 21:00:00,12353.279,13375.715,17812.229,13345.247,14772.008
2013-04-09 22:00:00,12353.279,13375.715,17812.229,13345.247,14772.008
2013-04-09 23:00:00,12353.279,13375.715,17812.229,13345.247,14772.008
2013-04-10 00:00:00,12353.279,13375.715,17812.229,13345.247,14772.008
2013-04-10 01:00:00,12353.279,13375.715,17812.229,13345.247,14772.008
2013-04-10 02:00:00,12353.279,13375.715,17812.229,13345.247,14772.008
2013-04-10 03:00:00,12353.279,13375.715,17812.229,13345.247,14772.008
2013-04-10 04:00:00,12353.279,13375.715,17812.229,13345.247,14772.008
2013-04-10 05:00:00,12353.279,13375.715,17812.229,13345.247,14772.008
2013-04-10 06:00:00,12353.279,13375.715,17812.229,13345.247,14772.008
2013-04-10 07:00:00,12353.279,13375.715,17812.229,13345.247,14772.008
2013-04-10 08:00:00,12353.279,13375.715,17812.229,13345.247,14772.008
2013-04-10 09:00:00,12353.279,13375.715,17812.229,13345.247,14772.008
2013-04-10 10:00:00,12353.279,13375.715,17812.229,13345.247,14772.008
2013-04-10 11:00:00,12353.279,13375.715,17812.229,13345.247,14772.008
2013-04-10 12:00:00,12353.279,13375.715,17812.229,13345.247,14772.008
2013-04-10 13:00:00,12353.279,13375.715,17812.229,13345.247,14772.008
2013-04-10 14:00:00,12353.279,13375.715,17812.229,13345.247,14772.008
2013-04-10 15:00:00,12353.279,13375.715,17812.229,13345.247,14772.008
2013-04-10 16:00:00,12353.279,13375.715,17812.229,13345.247,14772.008
2013-04-10 17:00:00,12353.279,13375.715,17812.229,13345.247,14772.008
2013-04-10 18:00:00,12353.279,13375.715,17812.229,13345.247,14772.008
2013-04-10 19:00:00,12353.279,13375.715,17812.229,13345.247,14772.008
2013-04-10 20:00:00,12353.279,13375.715,17812.229,13345.247,14772.008
2013-04-10 21:00:00,12353.279,13375.715,17812.229,13345.247,14772.008
2013-04-10 22:00:00,12353.279,13375.715,17812.229,13345.247,14772.008
2013-04-10 23:00:00,12353.279,13375.715,17812.229,13345.247,14772.008
2013-04-11 00:00:00,12353.279,13375.715,17812.229,13345.247,14772.008
2013-04-11 01:00:00,12353.279,13375.715,17812.229,13345.247,14772.008
2013-04-11 02:00:00,12353.279,13375.715,17812.229,13345.247,14772.008
2013-04-11 03:00:00,12353.279,13375.715,17812.229,13345.247,14772.008
2013-04-11 04:00:00,12353.279,13375.715,17812.229,13345.247,14772.008
2013-04-11 05:00:00,12353.279,13375.715,17812.229,13345.247,14772.008
2013-04-11 06:00:00,12353.279,13375.715,17812.229,13345.247,14772.008
2013-04-11 07:00:00,12353.279,13375.715,17812.229,13345.247,14772.008
2013-04-11 08:00:00,12353.279,13375.715,17812.229,13345.247,14772.008
2013-04-11 09:00:00,12353.279,13375.715,17812.229,13345.247,14772.008
2013-04-11 10:00:00,12353.279,13375.715,17812.229,13345.247,14772.008
2013-04-11 11:00:00,12353.279,13375.715,17812.229,13345.247,14772.008
2013-04-11 12:00:00,12353.279,13375.715,17812.229,13345.247,14772.008
2013-04-11 13:00:00,12353.279,13375.715,17812.229,13345.247,14772.008
2013-04-11 14:00:00,12353.279,13375.715,17812.229,13345.247,14772.008
2013-04-11 15:00:00,12353.279,13375.715,17812.229,13345.247,14772.008
2013-04-11 16:00:00,12353.279,13375.715,17812.229,13345.247,14772.008
2013-04-11 17:00:00,12353.279,13375.715,17812.229,13345.247,14772.008
2013-04-11 18:00:00,12353.279,13375.715,17812.229,13345.247,14772.008
2013-04-11 19:00:00,12353.279,13375.715,17812.229,13345.247,14772.008
2013-04-11 20:00:00,12353.279,13375.715,17812.229,13345.247,14772.008
2013-04-11 21:00:00,12353.279,13375.715,17812.229,13345.247,14772.008
2013-04-11 22:00:00,12353.279,13375.715,17812.229,13345.247,14772.008
2013-04-11 23:00:00,12353.279,13375.715,17812.229,13345.247,14772.008
2013-04-12 00:00:00,12353.279,13375.715,17812.229,13345.247,14772.008
2013-04-12 01:00:00,12353.279,13375.715,17812.229,13345.247,14772.008
2013-04-12 02:00:00,12353.279,13375.715,17812.229,13345.247,14772.008
2013-04-12 03:00:00,12353.279,13375.715,17812.229,13345.247,14772.008
2013-04-12 04:00:00,12353.279,13375.715,17812.229,13345.247,14772.008
2013-04-12 05:00:00,12353.279,13375.715,17812.229,13345.247,14772.008
2013-04-12 06:00:00,12353.279,13375.715,17812.229,13345.247,14772.008
2013-04-12 07:00:00,12353.279,13375.715,17812.229,13345.247,14772.008
2013-04-12 08:00:00,12353.279,13375.715,17812.229,13345.247,14772.008
2013-04-12 09:00:00,12353.279,13375.715,17812.229,13345.247,14772.008
2013-04-12 10:00:00,12353.279,13375.715,17812.229,13345.247,14772.008
2013-04-12 11:00:00,12353.279,13375.715,17812.229,13345.247,14772.008
2013-04-12 12:00:00,12353.279,13375.715,17812.229,13345.247,14772.008
2013-04-12 13:00:00,12353.279,13375.715,17812.229,13345.247,14772.008
2013-04-12 14:00:00,12353.279,13375.715,17812.229,13345.247,14772.008
2013-04-12 15:00:00,12353.279,13375.715,17812.229,13345.247,14772.008
2013-04-12 16:00:00,12353.279,13375.715,17812.229,13345.247,14772.008
2013-04-12 17:00:00,12353.279,13375.715,17812.229,13345.247,14772.008
2013-04-12 18:00:00,12353.279,13375.715,17812.229,13345.247,14772.008
2013-04-12 19:00:00,12353.279,13375.715,17812.229,13345.247,14772.008
2013-04-12 20:00:00,12353.279,13375.715,17812.229,13345.247,14772.008
2013-04-12 21:00:00,12353.279,13375.715,17812.229,13345.247,14772.008
2013-04-12 22:00:00,12353.279,13375.715,17812.229,13345.247,14772.008
2013-04-12 23:00:00,12353.279,13375.715,17812.229,13345.247,14772.008
2013-04-13 00:00:00,12353.279,13375.715,17812.229,13345.247,14772.008
2013-04-13 01:00:00,12353.279,13375.715,17812.229,13345.247,14772.008
2013-04-13 02:00:00,12353.279,13375.715,17812.229,13345.247,14772.008
2013-04-13 03:00:00,12353.279,13375.715,17812.229,13345.247,14772.008
2013-04-13 04:00:00,12353.279,13375.715,17812.229,13345.247,14772.008
2013-04-13 05:00:00,12353.279,13375.715,17812.229,13345.247,14772.008
2013-04-13 06:00:00,12353.279,13375.715,17812.229,13345.247,14772.008
2013-04-13 07:00:00,12353.279,13375.715,17812.229,13345.247,14772.008
2013-04-13 08:00:00,12353.279,13375.715,17812.229,13345.247,14772.008
2013-04-13 09:00:00,12353.279,13375.715,17812.229,13345.247,14772.008
2013-04-13 10:00:00,12353.279,13375.715,17812.229,13345.247,14772.008
2013-04-13 11:00:00,12353.279,13375.715,17812.229,13345.247,14772.008
2013-04-13 12:00:00,12353.279,13375.715,17812.229,13345.247,14772.008
2013-04-13 13:00:00,12353.279,13375.715,17812.229,13345.247,14772.008
2013-04-13 14:00:00,12353.279,13375.715,17812.229,13345.247,14772.008
2013-04-13 15:00:00,12353.279,13375.715,17812.229,13345.247,14772.008
2013-04-13 16:00:00,12353.279,13375.715,17812.229,13345.247,14772.008
2013-04-13 17:00:00,12353.279,13375.715,17812.229,13345.247,14772.008
2013-04-13 18:00:00,12353.279,13375.715,17812.229,13345.247,14772.008
2013-04-13 19:00:00,12353.279,13375.715,17812.229,13345.247,14772.008
2013-04-13 20:00:00,12353.279,13375.715,17812.229,13345.247,14772.008
2013-04-13 21:00:00,12353.279,13375.715,17812.229,13345.247,14772.008
2013-04-13 22:00:00,12353.279,13375.715,17812.229,13345.247,14772.008
2013-04-13 23:00:00,12353.279,13375.715,17812.229,13345.247,14772.008
2013-04-14 00:00:00,12353.279,13375.715,17812.229,13345.247,14772.008
2013-04-14 01:00:00,12353.279,13375.715,17812.229,13345.247,14772.008
2013-04-14 02:00:00,12353.279,13375.715,17812.229,13345.247,14772.008
2013-04-14 03:00:00,12353.279,13375.715,17812.229,13345.247,14772.008
2013-04-14 04:00:00,12353.279,13375.715,17812.229,13345.247,14772.008
2013-04-14 05:00:00,12353.279,13375.715,17812.229,13345.247,14772.008
2013-04-14 06:00:00,12353.279,13375.715,17812.229,13345.247,14772.008
2013-04-14 07:00:00,12353.279,13375.715,17812.229,13345.247,14772.008
2013-04-14 08:00:00,12353.279,13375.715,17812.229,13345.247,14772.103
2013-04-14 09:00:00,12353.32,13376.135,17812.463,13345.382,14775.534
2013-04-14 10:00:00,12355.73,13378.098,17813.453,13347.594,14781.96
2013-04-14 11:00:00,12359.5205,13379.576,17813.541,13349.963,14784.294
2013-04-14 12:00:00,12363.302,13379.999,17813.541,13349.97,14784.294
2013-04-14 13:00:00,12365.058,13380.101,17813.541,13350.022,14784.366
2013-04-14 14:00:00,12366.436,13380.687,17814.959,13351.523,14786.357
2013-04-14 15:00:00,12369.688,13381.442,17815.225,13352.658,14789.177
2013-04-14 16:00:00,12374.021,13381.936,17815.477,13353.516,14793.7295
2013-04-14 17:00:00,12377.703,13384.776,17816.457,13354.905,14798.963
2013-04-14 18:00:00,12380.443,13388.812,17817.107,13358.708,14802.913
2013-04-14 19:00:00,12383.251,13390.688,17817.111,13361.152,14805.083
2013-04-14 20:00:00,12385.215,13391.041,17817.111,13361.9795,14805.313
2013-04-14 21:00:00,12385.492,13391.041,17817.111,13361.9795,14805.313
2013-04-14 22:00:00,12385.492,13391.041,17817.111,13361.9795,14805.313
2013-04-14 23:00:00,12385.492,13391.041,17817.111,13361.9795,14805.313
2013-04-15 00:00:00,12385.492,13391.672,17817.111,13362.388,14805.313
2013-04-15 01:00:00,12385.492,13391.672,17817.111,13362.388,14805.313
2013-04-15 02:00:00,12385.492,13391.678,17817.111,13362.388,14805.313
2013-04-15 03:00:00,12385.499,13391.678,17817.111,13362.388,14805.313
2013-04-15 04:00:00,12385.499,13391.678,17817.111,13362.388,14805.313
2013-04-15 05:00:00,12385.499,13391.679,17817.111,13362.388,14805.313
2013-04-15 06:00:00,12385.922,13391.694,17817.111,13362.388,14805.313
2013-04-15 07:00:00,12385.492,13391.188,17817.111,13362.294,14805.313
2013-04-15 08:00:00,12385.492,13391.529,17817.111,13362.388,14805.313
2013-04-15 09:00:00,12385.567,13391.694,17817.111,13362.388,14805.313
2013-04-15 10:00:00,12385.922,13391.892,17817.111,13362.388,14805.313
2013-04-15 11:00:00,12385.922,13392.608,17817.111,13362.388,14805.313
2013-04-15 12:00:00,12385.922,13392.996,17817.111,13362.388,14805.313
2013-04-15 13:00:00,12385.922,13393.101,17817.111,13362.388,14805.313
2013-04-15 14:00:00,12385.922,13393.101,17817.111,13362.388,14805.313
2013-04-15 15:00:00,12385.922,13393.399,17817.111,13362.388,14805.313
2013-04-15 16:00:00,12385.922,13395.026,17817.111,13362.388,14805.313
2013-04-15 17:00:00,12385.922,13395.38,17817.111,13362.388,14805.313
2013-04-15 18:00:00,12385.922,13395.38,17817.113,13362.388,14805.313
2013-04-15 19:00:00,12385.922,13395.38,17817.113,13362.388,14805.313
2013-04-15 20:00:00,12386.113,13395.38,17817.113,13362.503,14805.313
2013-04-15 21:00:00,12386.113,13395.38,17817.113,13362.503,14805.313
2013-04-15 22:00:00,12386.113,13395.38,17817.113,13362.503,14805.313
2013-04-15 23:00:00,12386.113,13395.38,17817.113,13362.503,14805.313
2013-04-16 00:00:00,12386.113,13395.38,17817.113,13362.503,14805.313
2013-04-16 01:00:00,12386.113,13395.38,17817.113,13362.503,14805.313
2013-04-16 02:00:00,12386.113,13395.38,17817.113,13362.503,14805.313
2013-04-16 03:00:00,12386.148,13395.771,17817.113,13362.503,14805.313
2013-04-16 04:00:00,12386.375,13395.771,17817.113,13362.503,14805.313
2013-04-16 05:00:00,12386.405,13395.771,17817.113,13362.503,14805.313
2013-04-16 06:00:00,12386.405,13395.771,17817.113,13362.507,14805.313
2013-04-16 07:00:00,12386.405,13395.771,17817.113,13362.507,14805.313
2013-04-16 08:00:00,12386.405,13395.771,17817.113,13362.507,14805.313
2013-04-16 09:00:00,12386.405,13395.771,17817.113,13362.507,14805.313
2013-04-16 10:00:00,12386.405,13395.771,17817.113,13362.508,14805.396
2013-04-16 11:00:00,12386.405,13395.771,17817.113,13362.508,14805.396
2013-04-16 12:00:00,12386.405,13395.771,17817.113,13362.508,14805.396
2013-04-16 13:00:00,12386.405,13395.771,17817.113,13362.508,14805.632
2013-04-16 14:00:00,12386.405,13395.771,17817.809,13362.508,14805.994
2013-04-16 15:00:00,12386.405,13395.799,17819.176,13362.508,14806.178
2013-04-16 16:00:00,12386.405,13395.877,17821.115,13362.508,14806.217
2013-04-16 17:00:00,12386.405,13395.984,17822.562,13362.72,14807.136
2013-04-16 18:00:00,12387.16,13396.456,17823.604,13365.324,14807.136
2013-04-16 19:00:00,12387.755,13396.456,17823.604,13365.341,14807.136
2013-04-16 20:00:00,12388.271,13396.465,17823.809,13365.361,14807.136
2013-04-16 21:00:00,12388.321,13396.764,17824.854,13365.732,14807.635
2013-04-16 22:00:00,12388.762,13396.764,17824.957,13366.179,14807.635
2013-04-16 23:00:00,12389.04,13396.798,17825.408,13366.532,14808.099
2013-04-17 00:00:00,12389.91,13397.898,17826.094,13367.565,14809.66
2013-04-17 01:00:00,12390.979,13399.404,17826.896,13368.082,14811.059
2013-04-17 02:00:00,12392.14,13402.156,17829.959,13370.35,14812.782
2013-04-17 03:00:00,12394.11,13404.493,17835.309,13372.844,14813.507
2013-04-17 04:00:00,12395.234,13405.461,17839.168,13374.57,14814.408
2013-04-17 05:00:00,12395.762,13405.967,17842.77,13375.372,14814.912
2013-04-17 06:00:00,12396.595,13406.489,17844.29,13376.582,14816.226
2013-04-17 07:00:00,12396.867,13407.619,17846.158,13376.935,14817.099
2013-04-17 08:00:00,12396.903,13408.271,17848.922,13377.486,14817.453
2013-04-17 09:00:00,12396.903,13409.163,17849.646,13379.129,14817.675
2013-04-17 10:00:00,12397.1045,13409.701,17851.252,13380.269,14818.737
2013-04-17 11:00:00,12397.242,13410.096,17852.174,13382.674,14819.061
2013-04-17 12:00:00,12397.242,13411.869,17854.34,13384.406,14819.603
2013-04-17 13:00:00,12397.339,13412.463,17855.275,13385.891,14819.727
2013-04-17 14:00:00,12397.339,13412.5205,17856.457,13386.488,14820.641
2013-04-17 15:00:00,12397.366,13412.709,17857.508,13387.248,14821.175
2013-04-17 16:00:00,12397.686,13412.709,17857.814,13387.248,14821.175
2013-04-17 17:00:00,12397.686,13412.709,17857.814,13387.248,14821.175
2013-04-17 18:00:00,12397.686,13412.709,17857.814,13387.248,14821.175
2013-04-17 19:00:00,12397.686,13412.709,17857.814,13387.248,14821.175
2013-04-17 20:00:00,12397.686,13413.154,17857.814,13387.498,14821.314
2013-04-17 21:00:00,12398.542,13414.085,17857.814,13389.711,14822.574
2013-04-17 22:00:00,12400.841,13415.477,17858.682,13392.686,14825.2295
2013-04-17 23:00:00,12403.764,13416.111,17858.682,13393.088,14825.2295
2013-04-18 00:00:00,12403.814,13416.966,17858.682,13393.088,14825.2295
2013-04-18 01:00:00,12403.954,13417.943,17858.682,13393.313,14825.2295
2013-04-18 02:00:00,12405.563,13419.33,17858.682,13393.337,14826.677
2013-04-18 03:00:00,12406.739,13419.42,17858.682,13393.345,14828.127
2013-04-18 04:00:00,12406.739,13419.42,17858.682,13393.345,14828.127
2013-04-18 05:00:00,12406.739,13419.42,17858.682,13393.345,14828.127
2013-04-18 06:00:00,12406.739,13419.42,17858.682,13393.37,14828.127
2013-04-18 07:00:00,12407.006,13419.42,17858.682,13393.994,14828.127
2013-04-18 08:00:00,12407.221,13419.576,17859.424,13394.299,14828.366
2013-04-18 09:00:00,12408.065,13419.778,17859.982,13396.251,14828.475
2013-04-18 10:00:00,12409.137,13421.006,17860.799,13397.232,14828.505
2013-04-18 11:00:00,12410.006,13421.613,17861.242,13398.178,14828.768
2013-04-18 12:00:00,12411.52,13422.727,17861.254,13399.283,14828.967
2013-04-18 13:00:00,12412.319,13423.373,17862.045,13399.493,14828.967
2013-04-18 14:00:00,12412.767,13425.285,17862.662,13399.908,14828.967
2013-04-18 15:00:00,12413.562,13426.059,17864.57,13400.307,14829.153
2013-04-18 16:00:00,12414.723,13426.087,17864.57,13400.633,14829.153
2013-04-18 17:00:00,12415.287,13426.21,17864.928,13400.789,14829.224
2013-04-18 18:00:00,12416.511,13426.501,17866.674,13401.096,14829.401
2013-04-18 19:00:00,12417.13,13426.837,17868.945,13402.088,14830.071
2013-04-18 20:00:00,12418.115,13428.454,17874.785,13403.95,14832.098
2013-04-18 21:00:00,12419.011,13429.366,17879.26,13405.082,14834.039
2013-04-18 22:00:00,12419.589,13429.885,17879.756,13406.143,14834.549
2013-04-18 23:00:00,12419.589,13430.344,17881.217,13406.218,14835.656
2013-04-19 00:00:00,12419.729,13430.635,17882.303,13406.386,14840.206
2013-04-19 01:00:00,12420.185,13430.709,17882.766,13406.386,14841.634
2013-04-19 02:00:00,12421.098,13430.753,17882.928,13406.463,14843.021
2013-04-19 03:00:00,12421.596,13430.786,17883.504,13406.463,14844.35
2013-04-19 04:00:00,12422.303,13431.088,17884.621,13406.48,14844.81
2013-04-19 05:00:00,12422.704,13431.114,17885.121,13406.557,14844.812
2013-04-19 06:00:00,12423.069,13431.114,17885.248,13406.557,14844.9375
2013-04-19 07:00:00,12423.459,13431.893,17886.57,13406.562,14847.654
2013-04-19 08:00:00,12423.583,13432.225,17888.496,13407.03,14849.051
2013-04-19 09:00:00,12424.595,13432.226,17888.91,13407.222,14849.195
2013-04-19 10:00:00,12424.595,13432.226,17888.91,13407.222,14849.195
2013-04-19 11:00:00,12424.606,13432.226,17889.422,13407.222,14849.267
2013-04-19 12:00:00,12424.606,13432.226,17889.758,13407.271,14849.523
2013-04-19 13:00:00,12424.946,13432.342,17890.148,13407.312,14849.847
2013-04-19 14:00:00,12425.0625,13432.616,17890.44,13407.312,14849.847
2013-04-19 15:00:00,12425.0625,13432.616,17890.621,13407.312,14849.847
2013-04-19 16:00:00,12425.0625,13432.616,17890.621,13407.312,14849.847
2013-04-19 17:00:00,12425.0625,13432.616,17891.236,13407.312,14849.847
2013-04-19 18:00:00,12425.078,13432.616,17891.328,13407.312,14849.847
2013-04-19 19:00:00,12425.078,13432.616,17891.328,13407.312,14849.847
2013-04-19 20:00:00,12419.589,13430.558,17881.523,13406.386,14836.621
2013-04-19 21:00:00,12419.589,13430.558,17881.877,13406.386,14838.001
2013-04-19 22:00:00,12419.589,13430.558,17881.938,13406.386,14838.156
2013-04-19 23:00:00,12419.589,13430.558,17882.246,13406.386,14839.452
2013-04-20 00:00:00,12425.078,13432.616,17891.328,13407.312,14849.847
2013-04-20 01:00:00,12425.078,13432.616,17891.328,13407.312,14850.232
2013-04-20 02:00:00,12425.078,13432.616,17891.328,13407.312,14850.232
2013-04-20 03:00:00,12425.078,13432.616,17891.328,13407.312,14850.232
2013-04-20 04:00:00,12425.078,13432.616,17891.328,13407.312,14850.232
2013-04-20 05:00:00,12425.078,13432.616,17891.328,13407.312,14850.232
2013-04-20 06:00:00,12425.078,13432.616,17891.328,13407.312,14850.232
2013-04-20 07:00:00,12425.078,13432.616,17891.328,13407.312,14850.232
2013-04-20 08:00:00,12425.078,13432.616,17891.328,13407.312,14850.4375
2013-04-20 09:00:00,12425.078,13432.719,17891.328,13407.312,14850.599
2013-04-20 10:00:00,12425.078,13432.812,17891.328,13407.312,14850.599
2013-04-20 11:00:00,12425.078,13432.812,17891.328,13407.312,14850.599
2013-04-20 12:00:00,12425.078,13432.812,17891.328,13407.312,14850.599
2013-04-20 13:00:00,12425.078,13432.812,17891.328,13407.312,14850.599
2013-04-20 14:00:00,12425.078,13432.812,17891.328,13407.312,14850.599
2013-04-20 15:00:00,12425.078,13432.812,17891.328,13407.312,14850.599
2013-04-20 16:00:00,12425.078,13432.812,17891.328,13407.312,14850.599
2013-04-20 17:00:00,12425.078,13432.812,17891.328,13407.312,14850.599
2013-04-20 18:00:00,12425.078,13432.812,17891.328,13407.312,14850.599
2013-04-20 19:00:00,12425.078,13432.812,17891.328,13407.312,14850.599
2013-04-20 20:00:00,12425.078,13432.812,17891.328,13407.312,14850.599
2013-04-20 21:00:00,12425.078,13432.812,17891.328,13407.312,14850.599
2013-04-20 22:00:00,12425.078,13432.812,17891.328,13407.312,14850.599
2013-04-20 23:00:00,12425.078,13432.812,17891.328,13407.312,14850.599
2013-04-21 00:00:00,12425.078,13432.812,17891.328,13407.312,14850.599
2013-04-21 01:00:00,12425.078,13432.812,17891.328,13407.312,14850.599
2013-04-21 02:00:00,12425.078,13432.812,17891.328,13407.312,14850.599
2013-04-21 03:00:00,12425.078,13432.812,17891.328,13407.312,14850.599
2013-04-21 04:00:00,12425.078,13432.812,17891.328,13407.312,14850.599
2013-04-21 05:00:00,12425.078,13432.812,17891.328,13407.312,14850.599
2013-04-21 06:00:00,12425.078,13432.812,17891.328,13407.312,14850.599
2013-04-21 07:00:00,12425.078,13432.812,17891.328,13407.312,14850.599
2013-04-21 08:00:00,12425.078,13432.812,17891.328,13407.312,14850.599
2013-04-21 09:00:00,12425.078,13432.812,17891.328,13407.312,14850.599
2013-04-21 10:00:00,12425.078,13432.812,17891.328,13407.312,14850.599
2013-04-21 11:00:00,12425.078,13432.812,17891.328,13407.312,14850.599
2013-04-21 12:00:00,12425.078,13432.812,17891.328,13407.312,14850.599
2013-04-21 13:00:00,12425.078,13432.812,17891.328,13407.312,14850.599
2013-04-21 14:00:00,12425.078,13432.812,17891.328,13407.312,14850.599
2013-04-21 15:00:00,12425.078,13432.812,17891.328,13407.312,14850.599
2013-04-21 16:00:00,12425.078,13432.812,17891.328,13407.312,14850.599
2013-04-21 17:00:00,12425.078,13432.812,17891.328,13407.312,14850.599
2013-04-21 18:00:00,12425.078,13432.812,17891.328,13407.312,14850.599
2013-04-21 19:00:00,12425.078,13432.812,17891.328,13407.312,14850.599
2013-04-21 20:00:00,12425.078,13432.812,17891.328,13407.312,14850.599
2013-04-21 21:00:00,12425.078,13432.812,17891.328,13407.312,14850.599
2013-04-21 22:00:00,12425.078,13432.812,17891.328,13407.312,14850.599
2013-04-21 23:00:00,12425.078,13432.812,17891.328,13407.312,14850.599
2013-04-22 00:00:00,12426.358,13433.908,17891.363,13408.336,14852.498
2013-04-22 01:00:00,12425.078,13432.812,17891.328,13407.312,14850.599
2013-04-22 02:00:00,12425.078,13432.812,17891.328,13407.312,14850.599
2013-04-22 03:00:00,12425.078,13432.812,17891.328,13407.312,14850.735
2013-04-22 04:00:00,12425.078,13432.812,17891.328,13407.312,14851.291
2013-04-22 05:00:00,12425.078,13432.812,17891.328,13407.334,14851.661
2013-04-22 06:00:00,12425.495,13432.973,17891.328,13407.671,14851.737
2013-04-22 07:00:00,12425.733,13433.138,17891.328,13407.851,14851.737
2013-04-22 08:00:00,12426.143,13433.333,17891.328,13408.155,14852.006
2013-04-22 09:00:00,12426.226,13433.581,17891.328,13408.336,14852.384
2013-04-22 10:00:00,12426.522,13433.9375,17891.363,13408.41,14852.666
2013-04-22 11:00:00,12426.536,13433.987,17891.38,13408.41,14852.864
2013-04-22 12:00:00,12427.032,13433.987,17891.38,13408.671,14853.176
2013-04-22 13:00:00,12428.397,13434.13,17892.668,13409.661,14853.22
2013-04-22 14:00:00,12430.126,13434.349,17894.125,13411.4795,14853.231
2013-04-22 15:00:00,12431.535,13434.349,17894.125,13412.268,14853.231
2013-04-22 16:00:00,12432.185,13434.388,17894.125,13412.268,14853.336
2013-04-22 17:00:00,12432.508,13435.317,17894.627,13412.839,14854.082
2013-04-22 18:00:00,12432.969,13436.385,17894.658,13414.007,14854.636
2013-04-22 19:00:00,12435.095,13437.603,17895.13,13416.11,14855.284
2013-04-22 20:00:00,12435.857,13438.895,17896.318,13416.898,14855.645
2013-04-22 21:00:00,12436.302,13438.895,17898.395,13416.927,14856.62
2013-04-22 22:00:00,12436.433,13439.323,17899.834,13417.244,14857.408
2013-04-22 23:00:00,12436.45,13439.508,17901.117,13417.343,14857.847
2013-04-23 00:00:00,12436.45,13440.175,17902.348,13417.537,14858.904
2013-04-23 01:00:00,12436.547,13440.725,17902.709,13417.876,14859.669
2013-04-23 02:00:00,12436.621,13440.997,17904.197,13418.462,14860.203
2013-04-23 03:00:00,12436.794,13441.38,17906.451,13419.017,14860.621
2013-04-23 04:00:00,12437.297,13441.902,17907.742,13419.551,14861.277
2013-04-23 05:00:00,12438.29,13442.844,17908.135,13420.087,14863.734
2013-04-23 06:00:00,12439.576,13443.58,17908.941,13421.965,14867.153
2013-04-23 07:00:00,12440.643,13445.105,17909.121,13423.79,14867.502
2013-04-23 08:00:00,12440.704,13445.244,17909.83,13424.324,14868.199
2013-04-23 09:00:00,12441.453,13447.096,17912.27,13425.326,14869.9375
2013-04-23 10:00:00,12442.089,13448.396,17913.809,13425.96,14870.149
2013-04-23 11:00:00,12443.45,13449.374,17914.5,13427.033,14870.695
2013-04-23 12:00:00,12443.624,13449.396,17914.73,13427.598,14870.702
2013-04-23 13:00:00,12444.137,13449.468,17914.994,13427.612,14871.36
2013-04-23 14:00:00,12444.445,13449.5,17914.998,13428.13,14872.61
2013-04-23 15:00:00,12444.682,13449.548,17915.316,13428.472,14872.668
2013-04-23 16:00:00,12445.436,13449.59,17917.293,13428.925,14872.764
2013-04-23 17:00:00,12446.824,13449.949,17918.225,13429.021,14873.852
2013-04-23 18:00:00,12448.097,13450.834,17919.67,13429.087,14874.456
2013-04-23 19:00:00,12449.084,13455.253,17920.238,13429.352,14875.532
2013-04-23 20:00:00,12449.854,13456.808,17920.482,13429.645,14876.628
2013-04-23 21:00:00,12450.767,13456.81,17920.945,13429.755,14876.818
2013-04-23 22:00:00,12451.12,13457.215,17921.03,13429.755,14876.825
2013-04-23 23:00:00,12451.139,13457.944,17921.041,13429.819,14876.843
2013-04-24 00:00:00,12451.476,13458.3955,17921.355,13432.114,14878.3955
2013-04-24 01:00:00,12453.282,13458.799,17922.607,13433.438,14879.21
2013-04-24 02:00:00,12457.26,13458.886,17924.91,13433.532,14879.405
2013-04-24 03:00:00,12461.602,13459.089,17927.098,13433.553,14879.455
2013-04-24 04:00:00,12463.864,13459.503,17929.48,13434.116,14879.459
2013-04-24 05:00:00,12465.667,13459.904,17931.734,13435.16,14879.771
2013-04-24 06:00:00,12465.873,13460.922,17931.889,13435.428,14880.175
2013-04-24 07:00:00,12466.06,13462.949,17932.576,13436.252,14881.111
2013-04-24 08:00:00,12466.14,13465.711,17932.84,13440.903,14882.037
2013-04-24 09:00:00,12467.093,13468.536,17933.146,13444.642,14884.987
2013-04-24 10:00:00,12467.6875,13472.774,17933.266,13446.181,14885.438
2013-04-24 11:00:00,12467.758,13474.598,17933.46,13447.74,14886.191
2013-04-24 12:00:00,12467.837,13476.284,17934.227,13449.561,14886.814
2013-04-24 13:00:00,12467.837,13476.308,17934.62,13449.732,14887.822
2013-04-24 14:00:00,12467.842,13476.322,17935.588,13449.859,14888.301
2013-04-24 15:00:00,12468.175,13478.584,17935.824,13450.54,14889.548
2013-04-24 16:00:00,12468.196,13479.04,17937.006,13451.127,14891.379
2013-04-24 17:00:00,12469.654,13480.32,17937.498,13451.985,14892.442
2013-04-24 18:00:00,12470.843,13480.32,17938.406,13452.014,14893.826
2013-04-24 19:00:00,12471.204,13480.863,17938.434,13452.959,14893.826
2013-04-24 20:00:00,12471.285,13480.9,17938.434,13453.078,14894.259
2013-04-24 21:00:00,12471.504,13481.146,17939.098,13453.501,14895.875
2013-04-24 22:00:00,12472.346,13481.163,17939.87,13453.846,14897.276
2013-04-24 23:00:00,12473.297,13482.216,17940.982,13454.316,14897.276
2013-04-25 00:00:00,12474.788,13483.133,17941.285,13454.316,14897.276
2013-04-25 01:00:00,12474.99,13483.373,17941.607,13455.268,14897.282
2013-04-25 02:00:00,12476.673,13483.373,17944.068,13455.27,14897.282
2013-04-25 03:00:00,12477.482,13483.373,17944.158,13455.27,14897.282
2013-04-25 04:00:00,12477.482,13483.86,17944.158,13455.341,14897.653
2013-04-25 05:00:00,12477.49,13484.469,17944.781,13457.024,14897.7705
2013-04-25 06:00:00,12477.595,13484.469,17944.816,13457.024,14897.774
2013-04-25 07:00:00,12477.595,13484.887,17945.492,13457.565,14901.67
2013-04-25 08:00:00,12478.009,13485.331,17945.615,13457.835,14902.411
2013-04-25 09:00:00,12478.05,13485.447,17945.615,13457.835,14902.411
2013-04-25 10:00:00,12478.05,13487.25,17945.703,13458.35,14902.527
2013-04-25 11:00:00,12478.05,13487.61,17946.043,13458.427,14904.34
2013-04-25 12:00:00,12478.059,13487.67,17947.219,13458.506,14905.621
2013-04-25 13:00:00,12478.299,13487.67,17947.982,13458.517,14906.772
2013-04-25 14:00:00,12478.304,13488.055,17949.984,13458.971,14907.536
2013-04-25 15:00:00,12478.325,13488.087,17950.809,13458.983,14907.74
2013-04-25 16:00:00,12478.325,13488.781,17951.082,13459.654,14907.999
2013-04-25 17:00:00,12478.696,13489.957,17951.49,13460.15,14908.865
2013-04-25 18:00:00,12479.198,13491.126,17951.498,13460.217,14909.737
2013-04-25 19:00:00,12480.165,13491.151,17951.518,13460.926,14910.681
2013-04-25 20:00:00,12480.232,13491.151,17951.518,13460.959,14911.743
2013-04-25 21:00:00,12480.232,13491.151,17951.61,13460.959,14912.54
2013-04-25 22:00:00,12480.232,13491.45,17951.691,13460.992,14913.468
2013-04-25 23:00:00,12480.232,13492.126,17951.691,13461.019,14913.708
2013-04-26 00:00:00,12480.232,13492.761,17951.691,13461.019,14913.876
2013-04-26 01:00:00,12480.232,13492.761,17951.691,13461.019,14913.991
2013-04-26 02:00:00,12480.232,13492.761,17951.691,13461.019,14914.309
2013-04-26 03:00:00,12480.232,13492.761,17951.691,13461.019,14914.309
2013-04-26 04:00:00,12480.232,13492.761,17951.691,13461.019,14914.309
2013-04-26 05:00:00,12480.232,13492.761,17951.691,13461.019,14914.309
2013-04-26 06:00:00,12480.232,13492.761,17951.691,13461.019,14914.309
2013-04-26 07:00:00,12480.232,13492.761,17951.691,13461.019,14914.309
2013-04-26 08:00:00,12480.232,13492.761,17951.691,13461.019,14914.309
2013-04-26 09:00:00,12480.232,13492.761,17951.691,13461.019,14914.309
2013-04-26 10:00:00,12480.232,13492.761,17951.691,13461.019,14914.309
2013-04-26 11:00:00,12480.232,13492.761,17951.766,13461.019,14914.309
2013-04-26 12:00:00,12480.25,13492.761,17951.766,13461.019,14914.309
2013-04-26 13:00:00,12480.294,13492.761,17951.766,13461.019,14915.408
2013-04-26 14:00:00,12480.294,13492.761,17951.766,13461.019,14916.256
2013-04-26 15:00:00,12480.294,13492.761,17951.766,13461.019,14916.689
2013-04-26 16:00:00,12480.294,13492.761,17951.766,13461.019,14916.689
2013-04-26 17:00:00,12480.294,13492.761,17951.766,13461.019,14916.689
2013-04-26 18:00:00,12480.294,13492.761,17951.766,13461.019,14916.689
2013-04-26 19:00:00,12480.294,13492.761,17951.766,13461.019,14916.689
2013-04-26 20:00:00,12480.232,13492.594,17951.691,13461.019,14913.708
2013-04-26 21:00:00,12480.232,13492.667,17951.691,13461.019,14913.708
2013-04-26 22:00:00,12480.232,13492.724,17951.691,13461.019,14913.708
2013-04-26 23:00:00,12480.232,13492.761,17951.691,13461.019,14913.876
2013-04-27 00:00:00,12480.294,13492.761,17951.766,13461.019,14916.689
2013-04-27 01:00:00,12480.294,13492.761,17951.766,13461.019,14916.689
2013-04-27 02:00:00,12480.294,13492.761,17951.766,13461.019,14916.689
2013-04-27 03:00:00,12480.294,13492.761,17951.766,13461.019,14916.689
2013-04-27 04:00:00,12480.294,13492.761,17951.766,13461.019,14916.689
2013-04-27 05:00:00,12480.294,13492.761,17951.766,13461.019,14916.689
2013-04-27 06:00:00,12480.294,13492.761,17951.766,13461.019,14916.689
2013-04-27 07:00:00,12480.294,13492.761,17951.766,13461.019,14916.689
2013-04-27 08:00:00,12480.294,13492.761,17951.766,13461.019,14916.689
2013-04-27 09:00:00,12480.294,13492.761,17951.766,13461.019,14916.689
2013-04-27 10:00:00,12480.294,13492.761,17951.766,13461.019,14916.689
2013-04-27 11:00:00,12480.294,13492.761,17951.766,13461.019,14916.689
2013-04-27 12:00:00,12480.294,13492.761,17951.766,13461.019,14916.689
2013-04-27 13:00:00,12480.294,13492.761,17951.766,13461.019,14916.689
2013-04-27 14:00:00,12480.294,13492.761,17951.766,13461.019,14916.689
2013-04-27 15:00:00,12480.294,13492.761,17951.766,13461.019,14916.689
2013-04-27 16:00:00,12480.294,13492.761,17951.766,13461.019,14916.689
2013-04-27 17:00:00,12480.294,13492.761,17951.766,13461.019,14916.689
2013-04-27 18:00:00,12480.294,13492.761,17951.766,13461.019,14916.689
2013-04-27 19:00:00,12480.294,13492.761,17951.766,13461.019,14916.689
2013-04-27 20:00:00,12480.294,13492.761,17951.766,13461.019,14916.689
2013-04-27 21:00:00,12480.294,13492.761,17951.766,13461.019,14916.689
2013-04-27 22:00:00,12480.294,13492.761,17951.766,13461.019,14916.689
2013-04-27 23:00:00,12480.294,13492.761,17951.766,13461.019,14916.689
2013-04-28 00:00:00,12480.294,13492.761,17951.766,13461.019,14916.689
2013-04-28 01:00:00,12480.294,13492.761,17951.766,13461.019,14916.689
2013-04-28 02:00:00,12480.294,13492.761,17951.766,13461.019,14916.689
2013-04-28 03:00:00,12480.294,13492.761,17951.766,13461.025,14916.689
2013-04-28 04:00:00,12480.294,13493.111,17951.766,13461.14,14916.689
2013-04-28 05:00:00,12480.635,13493.292,17951.766,13461.581,14916.689
2013-04-28 06:00:00,12480.677,13493.43,17951.766,13461.603,14916.689
2013-04-28 07:00:00,12480.694,13493.506,17951.766,13461.607,14917.137
2013-04-28 08:00:00,12481.032,13493.9375,17951.766,13462.476,14917.506
2013-04-28 09:00:00,12481.455,13493.9375,17951.766,13463.814,14917.506
2013-04-28 10:00:00,12481.926,13493.9375,17951.766,13464.615,14917.75
2013-04-28 11:00:00,12482.924,13493.9375,17951.766,13465.408,14918.464
2013-04-28 12:00:00,12485.016,13493.9375,17951.768,13466.621,14919.187
2013-04-28 13:00:00,12487.406,13493.9375,17951.768,13467.831,14919.916
2013-04-28 14:00:00,12489.248,13493.9375,17951.768,13468.24,14920.416
2013-04-28 15:00:00,12490.0205,13494.219,17951.768,13468.255,14920.457
2013-04-28 16:00:00,12491.184,13494.869,17951.768,13469.374,14920.52
2013-04-28 17:00:00,12492.303,13495.535,17951.768,13470.692,14920.636
2013-04-28 18:00:00,12493.941,13496.383,17951.771,13471.767,14920.698
2013-04-28 19:00:00,12494.242,13496.386,17951.852,13471.767,14921.591
2013-04-28 20:00:00,12494.31,13497.123,17953.236,13471.809,14921.6455
2013-04-28 21:00:00,12494.7705,13497.871,17953.428,13472.2295,14921.6455
2013-04-28 22:00:00,12495.272,13498.708,17953.633,13472.85,14921.6455
2013-04-28 23:00:00,12495.529,13498.947,17954.508,13472.905,14921.818
2013-04-29 00:00:00,12496.425,13500.195,17954.723,13474.027,14921.927
2013-04-29 01:00:00,12497.912,13500.27,17955.24,13474.733,14922.036
2013-04-29 02:00:00,12498.107,13500.575,17955.252,13474.802,14922.108
2013-04-29 03:00:00,12498.3545,13500.575,17955.252,13474.925,14922.353
2013-04-29 04:00:00,12498.644,13503.36,17955.266,13475.627,14924.044
2013-04-29 05:00:00,12500.393,13506.202,17956.332,13477.694,14924.293
2013-04-29 06:00:00,12501.157,13507.112,17956.586,13478.377,14924.293
2013-04-29 07:00:00,12501.926,13507.537,17956.586,13479.227,14924.461
2013-04-29 08:00:00,12502.529,13507.947,17957.07,13479.697,14925.602
2013-04-29 09:00:00,12502.425,13507.931,17956.967,13479.695,14925.078
2013-04-29 10:00:00,12502.717,13508.254,17957.178,13480.985,14926.067
2013-04-29 11:00:00,12502.975,13508.254,17957.209,13481.315,14926.24
2013-04-29 12:00:00,12502.975,13508.3545,17957.209,13481.377,14926.24
2013-04-29 13:00:00,12503.648,13508.357,17957.209,13481.736,14926.267
2013-04-29 14:00:00,12503.886,13509.743,17957.209,13482.214,14926.334
2013-04-29 15:00:00,12505.088,13510.172,17957.217,13483.35,14926.428
2013-04-29 16:00:00,12505.226,13510.56,17957.217,13483.35,14926.428
2013-04-29 17:00:00,12505.262,13511.6045,17957.217,13483.798,14926.428
2013-04-29 18:00:00,12505.441,13511.6045,17957.217,13483.862,14926.428
2013-04-29 19:00:00,12505.441,13511.6045,17957.275,13483.862,14926.883
2013-04-29 20:00:00,12505.689,13511.6045,17957.768,13483.862,14927.693
2013-04-29 21:00:00,12506.852,13511.6045,17958.688,13483.862,14929.016
2013-04-29 22:00:00,12507.958,13512.06,17959.049,13483.937,14931.512
2013-04-29 23:00:00,12508.44,13512.211,17960.22,13483.97,14931.512
2013-04-30 00:00:00,12508.44,13512.211,17960.576,13483.97,14931.512
2013-04-30 01:00:00,12508.44,13512.211,17960.576,13483.97,14931.512
2013-04-30 02:00:00,12508.44,13512.211,17960.576,13483.97,14931.619
2013-04-30 03:00:00,12508.44,13512.211,17960.576,13483.97,14931.755
2013-04-30 04:00:00,12508.44,13512.211,17960.576,13483.97,14931.755
2013-04-30 05:00:00,12508.44,13512.211,17960.576,13483.97,14931.755
2013-04-30 06:00:00,12508.44,13512.211,17960.576,13483.97,14931.755
2013-04-30 07:00:00,12508.44,13512.211,17960.576,13483.97,14931.755
2013-04-30 08:00:00,12508.44,13512.413,17960.576,13483.97,14931.755
2013-04-30 09:00:00,12508.44,13512.413,17960.664,13483.97,14931.757
2013-04-30 10:00:00,12508.44,13512.468,17961.338,13483.999,14932.847
2013-04-30 11:00:00,12508.968,13512.715,17961.986,13484.118,14934.333
2013-04-30 12:00:00,12510.113,13512.849,17963.082,13485.126,14935.1455
2013-04-30 13:00:00,12510.193,13513.125,17963.912,13485.21,14936.136
2013-04-30 14:00:00,12510.205,13513.125,17965.615,13485.257,14936.41
2013-04-30 15:00:00,12510.208,13513.125,17966.059,13485.257,14936.431
2013-04-30 16:00:00,12510.208,13513.125,17966.082,13485.257,14936.493
2013-04-30 17:00:00,12510.208,13513.125,17966.533,13485.257,14936.493
2013-04-30 18:00:00,12510.208,13513.151,17966.623,13485.257,14936.493
2013-04-30 19:00:00,12510.2295,13513.151,17966.623,13485.257,14936.493
2013-04-30 20:00:00,12510.2295,13513.345,17966.623,13485.257,14936.72
2013-04-30 21:00:00,12510.2295,13513.468,17966.623,13485.272,14936.72
2013-04-30 22:00:00,12510.2295,13513.468,17966.623,13485.272,14936.72
2013-04-30 23:00:00,12510.2295,13513.468,17966.623,13485.272,14936.72
2013-05-01 00:00:00,12510.2295,13513.468,17966.623,13485.272,14936.72
2013-05-01 01:00:00,12510.2295,13513.468,17966.623,13485.272,14936.72
2013-05-01 02:00:00,12510.2295,13513.468,17966.623,13485.272,14936.72
2013-05-01 03:00:00,12510.2295,13513.468,17966.623,13485.272,14936.72
2013-05-01 04:00:00,12510.2295,13513.468,17966.623,13485.272,14936.72
2013-05-01 05:00:00,12510.2295,13514.156,17966.623,13485.281,14936.72
2013-05-01 06:00:00,12510.2295,13515.043,17966.623,13485.82,14936.72
2013-05-01 07:00:00,12510.2295,13515.864,17966.623,13486.473,14936.72
2013-05-01 08:00:00,12510.245,13516.368,17966.623,13487.31,14936.72
2013-05-01 09:00:00,12510.886,13516.368,17966.623,13488.154,14936.72
2013-05-01 10:00:00,12511.669,13516.368,17966.623,13489.588,14936.72
2013-05-01 11:00:00,12512.973,13516.368,17966.623,13490.793,14936.72
2013-05-01 12:00:00,12513.965,13516.368,17966.623,13490.923,14936.72
2013-05-01 13:00:00,12514.588,13516.368,17966.623,13490.923,14936.72
2013-05-01 14:00:00,12515.045,13516.482,17966.623,13491.274,14937.314
2013-05-01 15:00:00,12516.557,13517.318,17966.752,13492.835,14938.35
2013-05-01 16:00:00,12518.975,13519.674,17967.85,13494.279,14938.938
2013-05-01 17:00:00,12519.799,13520.349,17968.184,13494.884,14939.306
2013-05-01 18:00:00,12519.991,13521.026,17969.125,13495.152,14940.293
2013-05-01 19:00:00,12521.319,13521.809,17971.646,13495.887,14941.063
2013-05-01 20:00:00,12521.793,13522.101,17973.387,13496.265,14942.25
2013-05-01 21:00:00,12523.246,13523.381,17974.094,13498.467,14942.689
2013-05-01 22:00:00,12524.52,13523.432,17977.965,13498.878,14945.109
2013-05-01 23:00:00,12525.126,13523.432,17979.95,13499.42,14946.546
2013-05-02 00:00:00,12526.682,13523.534,17983.758,13499.42,14947.674
2013-05-02 01:00:00,12527.083,13524.97,17985.16,13500.6455,14948.412
2013-05-02 02:00:00,12527.769,13525.575,17985.25,13501.675,14948.675
2013-05-02 03:00:00,12528.447,13526.431,17986.375,13502.482,14949.122
2013-05-02 04:00:00,12529.005,13527.635,17987.75,13503.035,14950.274
2013-05-02 05:00:00,12529.774,13529.098,17989.188,13504.342,14950.505
2013-05-02 06:00:00,12529.841,13529.156,17990.557,13505.06,14951.879
2013-05-02 07:00:00,12530.853,13530.762,17993.188,13506.793,14954.605
2013-05-02 08:00:00,12533.151,13530.923,17996.389,13507.697,14955.41
2013-05-02 09:00:00,12533.858,13530.987,17997.994,13507.835,14955.952
2013-05-02 10:00:00,12535.967,13531.212,17999.902,13508.786,14956.427
2013-05-02 11:00:00,12536.983,13531.556,18000.691,13508.912,14956.876
2013-05-02 12:00:00,12537.264,13531.979,18000.691,13509.856,14956.8955
2013-05-02 13:00:00,12537.411,13532.022,18000.898,13509.976,14957.1
2013-05-02 14:00:00,12537.866,13532.07,18001.393,13509.987,14957.456
2013-05-02 15:00:00,12538.621,13532.405,18001.559,13510.104,14957.456
2013-05-02 16:00:00,12538.628,13532.788,18001.81,13510.125,14957.904
2013-05-02 17:00:00,12538.99,13532.927,18001.81,13510.464,14957.904
2013-05-02 18:00:00,12538.99,13532.927,18001.816,13510.464,14957.904
2013-05-02 19:00:00,12538.99,13532.927,18001.816,13510.618,14958.197
2013-05-02 20:00:00,12538.99,13532.927,18001.89,13510.618,14958.667
2013-05-02 21:00:00,12538.99,13532.927,18002.38,13510.618,14958.806
2013-05-02 22:00:00,12538.99,13532.927,18002.525,13510.618,14958.847
2013-05-02 23:00:00,12538.99,13532.927,18002.525,13510.618,14959.059
2013-05-03 00:00:00,12538.99,13532.927,18002.525,13510.618,14959.059
2013-05-03 01:00:00,12538.99,13532.927,18002.525,13510.618,14959.059
2013-05-03 02:00:00,12538.99,13532.927,18002.525,13510.618,14959.059
2013-05-03 03:00:00,12538.99,13532.927,18002.525,13510.618,14959.059
2013-05-03 04:00:00,12538.99,13532.927,18002.525,13510.618,14959.059
2013-05-03 05:00:00,12539.206,13532.927,18002.525,13511.112,14959.059
2013-05-03 06:00:00,12540.014,13532.927,18002.525,13511.921,14959.059
2013-05-03 07:00:00,12540.8125,13533.168,18002.525,13512.879,14959.165
2013-05-03 08:00:00,12541.629,13533.488,18002.525,13514.068,14959.309
2013-05-03 09:00:00,12542.546,13534.834,18002.547,13516.267,14960.484
2013-05-03 10:00:00,12544.402,13535.886,18002.56,13518.784,14961.476
2013-05-03 11:00:00,12546.884,13537.4375,18002.56,13522.017,14962.758
2013-05-03 12:00:00,12549.545,13539.191,18002.56,13525.371,14964.099
2013-05-03 13:00:00,12552.424,13541.107,18002.56,13527.78,14964.48
2013-05-03 14:00:00,12554.157,13541.136,18002.56,13529.295,14964.48
2013-05-03 15:00:00,12554.892,13541.176,18002.56,13529.295,14964.48
2013-05-03 16:00:00,12555.638,13541.176,18002.56,13529.295,14964.48
2013-05-03 17:00:00,12555.888,13541.176,18002.56,13529.295,14964.48
2013-05-03 18:00:00,12556.113,13541.178,18002.56,13529.295,14964.48
2013-05-03 19:00:00,12556.113,13541.178,18002.56,13529.295,14964.48
2013-05-03 20:00:00,12556.113,13541.219,18002.56,13529.51,14964.48
2013-05-03 21:00:00,12556.113,13541.545,18002.56,13529.704,14964.48
2013-05-03 22:00:00,12556.144,13541.561,18002.66,13529.704,14964.48
2013-05-03 23:00:00,12556.144,13541.561,18002.734,13529.715,14964.48
2013-05-04 00:00:00,12556.144,13541.852,18003.248,13529.971,14966.319
2013-05-04 01:00:00,12556.144,13541.852,18003.248,13529.971,14966.319
2013-05-04 02:00:00,12556.144,13541.883,18003.248,13529.985,14966.319
2013-05-04 03:00:00,12556.342,13541.883,18003.266,13529.985,14966.368
2013-05-04 04:00:00,12556.342,13541.883,18003.266,13529.985,14966.368
2013-05-04 05:00:00,12556.37,13542.279,18003.266,13530.05,14966.376
2013-05-04 06:00:00,12556.642,13542.594,18003.646,13530.169,14967.211
2013-05-04 07:00:00,12557.1,13542.944,18003.81,13530.828,14967.967
2013-05-04 08:00:00,12557.1,13542.944,18003.81,13531.095,14967.967
2013-05-04 09:00:00,12557.1,13542.944,18003.81,13531.095,14967.967
2013-05-04 10:00:00,12557.1,13542.978,18003.81,13531.132,14968.298
2013-05-04 11:00:00,12557.1,13542.978,18003.81,13531.132,14968.658
2013-05-04 12:00:00,12557.1,13542.978,18003.81,13531.132,14968.658
2013-05-04 13:00:00,12557.1,13543.266,18003.81,13531.132,14969.1455
2013-05-04 14:00:00,12556.144,13541.852,18003.248,13529.971,14966.319
2013-05-04 15:00:00,12556.144,13541.852,18003.248,13529.971,14966.319
2013-05-04 16:00:00,12556.144,13541.852,18003.248,13529.971,14966.319
2013-05-04 17:00:00,12556.144,13541.852,18003.248,13529.971,14966.319
2013-05-04 18:00:00,12556.144,13541.852,18003.248,13529.971,14966.319
2013-05-04 19:00:00,12556.144,13541.852,18002.82,13529.971,14965.109
2013-05-04 20:00:00,12556.144,13541.852,18003.234,13529.971,14966.053
2013-05-04 21:00:00,12556.144,13541.852,18003.248,13529.971,14966.1875
2013-05-04 22:00:00,12556.144,13541.852,18003.248,13529.971,14966.319
2013-05-04 23:00:00,12556.144,13541.852,18003.248,13529.971,14966.319
2013-05-05 00:00:00,12557.1,13544.246,18003.854,13531.471,14970.183
2013-05-05 01:00:00,12557.103,13544.602,18003.97,13531.801,14970.183
2013-05-05 02:00:00,12557.381,13545.315,18004.07,13532.474,14970.639
2013-05-05 03:00:00,12557.705,13545.515,18004.154,13532.873,14970.731
2013-05-05 04:00:00,12557.841,13545.94,18004.615,13533.804,14970.738
2013-05-05 05:00:00,12557.841,13546.277,18004.615,13533.842,14970.918
2013-05-05 06:00:00,12557.841,13546.599,18005.414,13534.498,14971.142
2013-05-05 07:00:00,12557.881,13546.599,18005.863,13534.498,14971.28
2013-05-05 08:00:00,12557.881,13546.6455,18005.863,13534.498,14971.28
2013-05-05 09:00:00,12557.881,13546.648,18005.863,13534.498,14971.282
2013-05-05 10:00:00,12557.881,13546.648,18005.904,13534.498,14971.764
2013-05-05 11:00:00,12557.881,13546.648,18006.912,13534.498,14972.15
2013-05-05 12:00:00,12557.881,13546.648,18006.912,13534.498,14972.164
2013-05-05 13:00:00,12557.881,13546.648,18006.912,13534.498,14972.164
2013-05-05 14:00:00,12557.881,13546.648,18006.912,13534.498,14972.181
2013-05-05 15:00:00,12557.974,13546.648,18006.912,13534.498,14972.181
2013-05-05 16:00:00,12557.974,13546.648,18006.912,13534.498,14972.181
2013-05-05 17:00:00,12557.974,13546.784,18006.912,13534.498,14972.181
2013-05-05 18:00:00,12557.974,13546.907,18006.912,13534.498,14972.181
2013-05-05 19:00:00,12557.974,13546.907,18006.912,13534.498,14972.181
2013-05-05 20:00:00,12557.974,13547.07,18006.912,13534.498,14972.181
2013-05-05 21:00:00,12557.974,13547.6045,18006.912,13534.498,14972.181
2013-05-05 22:00:00,12557.974,13547.6045,18006.912,13534.498,14972.181
2013-05-05 23:00:00,12557.974,13547.6045,18006.918,13534.498,14972.181
2013-05-06 00:00:00,12557.978,13547.6045,18006.922,13534.506,14972.181
2013-05-06 01:00:00,12558.794,13547.702,18006.945,13534.574,14972.181
2013-05-06 02:00:00,12559.372,13547.752,18007.03,13534.625,14972.181
2013-05-06 03:00:00,12559.372,13547.752,18007.814,13535.328,14972.181
2013-05-06 04:00:00,12559.372,13547.898,18008.75,13536.047,14972.181
2013-05-06 05:00:00,12559.663,13549.181,18010.2,13537.15,14972.438
2013-05-06 06:00:00,12559.845,13549.891,18012.168,13537.996,14972.941
2013-05-06 07:00:00,12560.542,13551.298,18013.947,13539.5205,14973.172
2013-05-06 08:00:00,12561.049,13551.706,18014.578,13539.849,14973.252
2013-05-06 09:00:00,12562.41,13552.562,18019.297,13541.027,14973.788
2013-05-06 10:00:00,12564.143,13553.891,18021.373,13542.098,14974.303
2013-05-06 11:00:00,12565.924,13558.214,18023.318,13544.581,14975.214
2013-05-06 12:00:00,12567.585,13563.04,18026.002,13547.193,14976.293
2013-05-06 13:00:00,12569.543,13566.862,18026.508,13549.36,14976.301
2013-05-06 14:00:00,12571.1,13568.891,18028.787,13550.954,14977.192
2013-05-06 15:00:00,12571.982,13570.31,18030.572,13551.9375,14977.282
2013-05-06 16:00:00,12572.328,13570.31,18032.816,13551.944,14977.504
2013-05-06 17:00:00,12572.328,13570.31,18034.965,13551.969,14977.509
2013-05-06 18:00:00,12572.328,13570.31,18038.248,13551.969,14977.846
2013-05-06 19:00:00,12572.502,13570.417,18039.215,13552.035,14977.846
2013-05-06 20:00:00,12573.493,13571.088,18039.291,13552.078,14977.846
2013-05-06 21:00:00,12573.839,13571.312,18039.578,13552.078,14977.846
2013-05-06 22:00:00,12573.981,13571.312,18039.824,13552.078,14977.846
2013-05-06 23:00:00,12573.981,13571.312,18039.957,13552.078,14978.154
2013-05-07 00:00:00,12573.998,13572.463,18053.594,13555.1455,14993.427
2013-05-07 01:00:00,12574.2,13572.463,18054.855,13555.1455,14995.02
2013-05-07 02:00:00,12573.981,13571.449,18042.086,13552.17,14981.064
2013-05-07 03:00:00,12573.981,13571.72,18043.568,13552.839,14983.269
2013-05-07 04:00:00,12573.981,13571.72,18044.195,13553.279,14984.783
2013-05-07 05:00:00,12573.981,13571.72,18046.092,13553.397,14988.422
2013-05-07 06:00:00,12573.981,13572.164,18048.885,13554.19,14989.876
2013-05-07 07:00:00,12573.981,13572.463,18050.627,13555.004,14990.878
2013-05-07 08:00:00,12573.981,13572.463,18052.184,13555.1455,14992.113
2013-05-07 09:00:00,12574.2,13572.463,18054.45,13555.1455,14994.126
2013-05-07 10:00:00,12574.2,13572.757,18054.855,13555.16,14995.035
2013-05-07 11:00:00,12574.2,13572.757,18054.855,13555.16,14995.035
2013-05-07 12:00:00,12574.2,13572.757,18054.855,13555.16,14995.035
2013-05-07 13:00:00,12574.2,13572.757,18054.855,13555.16,14995.035
2013-05-07 14:00:00,12574.2,13572.757,18054.855,13555.16,14995.035
2013-05-07 15:00:00,12574.2,13572.757,18054.855,13555.16,14995.035
2013-05-07 16:00:00,12574.2,13572.757,18054.855,13555.16,14995.035
2013-05-07 17:00:00,12574.2,13572.757,18054.855,13555.16,14995.035
2013-05-07 18:00:00,12574.2,13572.757,18054.855,13555.16,14995.035
2013-05-07 19:00:00,12574.2,13572.757,18054.855,13555.16,14995.035
2013-05-07 20:00:00,12574.2,13572.757,18054.855,13555.16,14995.035
2013-05-07 21:00:00,12574.2,13572.757,18054.855,13555.16,14995.035
2013-05-07 22:00:00,12574.2,13572.757,18054.855,13555.16,14995.035
2013-05-07 23:00:00,12574.2,13572.757,18054.855,13555.16,14995.035
2013-05-08 00:00:00,12574.2,13572.757,18054.855,13555.16,14995.035
2013-05-08 01:00:00,12574.2,13572.757,18054.855,13555.16,14995.035
2013-05-08 02:00:00,12574.2,13572.757,18054.855,13555.16,14995.035
2013-05-08 03:00:00,12574.2,13572.757,18054.855,13555.16,14995.035
2013-05-08 04:00:00,12574.2,13572.757,18054.855,13555.16,14995.035
2013-05-08 05:00:00,12574.2,13572.757,18054.855,13555.16,14995.035
2013-05-08 06:00:00,12574.2,13572.757,18054.855,13555.16,14995.035
2013-05-08 07:00:00,12574.2,13572.757,18054.855,13555.16,14995.035
2013-05-08 08:00:00,12574.2,13572.757,18054.855,13555.16,14995.035
2013-05-08 09:00:00,12574.2,13572.757,18054.855,13555.16,14995.035
2013-05-08 10:00:00,12574.2,13572.757,18054.855,13555.16,14995.035
2013-05-08 11:00:00,12574.2,13572.757,18054.855,13555.16,14995.035
2013-05-08 12:00:00,12574.2,13572.757,18054.855,13555.16,14995.035
2013-05-08 13:00:00,12574.2,13572.757,18054.855,13555.16,14995.035
2013-05-08 14:00:00,12574.2,13572.757,18054.855,13555.16,14995.035
2013-05-08 15:00:00,12574.2,13572.757,18054.855,13555.16,14995.035
2013-05-08 16:00:00,12574.2,13572.757,18054.855,13555.16,14995.035
2013-05-08 17:00:00,12574.2,13572.757,18054.855,13555.16,14995.035
2013-05-08 18:00:00,12574.2,13572.789,18054.855,13555.16,14995.035
2013-05-08 19:00:00,12574.522,13575.75,18054.855,13556.133,14995.035
2013-05-08 20:00:00,12576.694,13579.382,18054.855,13558.928,14996.178
2013-05-08 21:00:00,12579.609,13584.276,18054.855,13561.634,14996.39
2013-05-08 22:00:00,12581.539,13586.431,18055.246,13562.975,14997.285
2013-05-08 23:00:00,12582.629,13587.694,18055.705,13564.116,14998.956
2013-05-09 00:00:00,12586.855,13593.581,18059.387,13570.786,15005.504
2013-05-09 01:00:00,12586.931,13593.581,18059.387,13570.786,15005.504
2013-05-09 02:00:00,12587.0,13593.581,18059.387,13570.786,15005.504
2013-05-09 03:00:00,12587.0,13593.581,18059.387,13570.786,15005.504
2013-05-09 04:00:00,12587.0,13593.581,18059.387,13570.786,15005.504
2013-05-09 05:00:00,12587.0,13593.581,18059.387,13570.786,15005.504
2013-05-09 06:00:00,12587.0,13593.581,18059.387,13570.786,15005.504
2013-05-09 07:00:00,12587.033,13593.581,18059.387,13571.394,15005.523
2013-05-09 08:00:00,12586.579,13593.497,18059.035,13570.786,15005.504
2013-05-09 09:00:00,12586.855,13593.497,18059.387,13570.786,15005.504
2013-05-09 10:00:00,12586.855,13593.497,18059.387,13570.786,15005.504
2013-05-09 11:00:00,12586.855,13593.497,18059.387,13570.786,15005.504
2013-05-09 12:00:00,12586.855,13593.581,18059.387,13570.786,15005.504
2013-05-09 13:00:00,12582.724,13588.077,18055.705,13564.529,14999.67
2013-05-09 14:00:00,12582.724,13588.077,18055.705,13564.529,14999.693
2013-05-09 15:00:00,12582.724,13588.077,18055.705,13564.529,15000.45
2013-05-09 16:00:00,12582.724,13588.12,18056.658,13564.529,15001.357
2013-05-09 17:00:00,12582.787,13588.12,18056.924,13564.681,15002.54
2013-05-09 18:00:00,12583.026,13588.219,18056.94,13565.516,15003.62
2013-05-09 19:00:00,12583.842,13589.424,18056.94,13568.102,15004.285
2013-05-09 20:00:00,12585.255,13590.748,18057.986,13570.638,15005.504
2013-05-09 21:00:00,12586.579,13591.438,18058.123,13570.638,15005.504
2013-05-09 22:00:00,12586.579,13592.16,18058.586,13570.638,15005.504
2013-05-09 23:00:00,12586.767,13593.497,18059.387,13570.786,15005.504
2013-05-10 00:00:00,12587.044,13595.4,18060.53,13572.54,15005.55
2013-05-10 01:00:00,12587.892,13595.414,18061.611,13574.181,15006.278
2013-05-10 02:00:00,12587.935,13595.735,18062.938,13575.335,15006.278
2013-05-10 03:00:00,12588.017,13595.767,18063.24,13575.335,15006.348
2013-05-10 04:00:00,12588.026,13595.767,18063.24,13575.335,15006.348
2013-05-10 05:00:00,12588.437,13595.767,18063.24,13575.335,15006.348
2013-05-10 06:00:00,12588.534,13595.767,18063.24,13575.335,15006.348
2013-05-10 07:00:00,12588.534,13595.767,18063.24,13575.335,15006.348
2013-05-10 08:00:00,12588.534,13595.767,18063.24,13575.335,15006.348
2013-05-10 09:00:00,12588.534,13595.767,18063.24,13575.335,15006.348
2013-05-10 10:00:00,12588.534,13595.767,18063.24,13575.335,15006.348
2013-05-10 11:00:00,12588.534,13595.767,18063.24,13575.335,15006.348
2013-05-10 12:00:00,12588.534,13595.767,18063.24,13575.335,15006.348
2013-05-10 13:00:00,12588.534,13595.767,18063.24,13575.335,15006.348
2013-05-10 14:00:00,12588.534,13595.767,18063.24,13575.335,15006.348
2013-05-10 15:00:00,12588.534,13595.767,18063.24,13575.335,15006.348
2013-05-10 16:00:00,12588.534,13595.767,18063.24,13575.497,15006.348
2013-05-10 17:00:00,12588.618,13595.767,18063.24,13576.236,15006.473
2013-05-10 18:00:00,12589.265,13595.791,18063.24,13576.991,15006.473
2013-05-10 19:00:00,12590.793,13596.594,18063.24,13578.496,15006.714
2013-05-10 20:00:00,12592.3125,13596.609,18063.24,13580.268,15006.714
2013-05-10 21:00:00,12594.07,13597.218,18063.24,13580.797,15006.714
2013-05-10 22:00:00,12594.74,13599.104,18063.24,13582.142,15007.123
2013-05-10 23:00:00,12595.071,13600.152,18063.24,13582.987,15007.123
2013-05-11 00:00:00,12597.003,13600.286,18063.24,13583.228,15007.123
2013-05-11 01:00:00,12597.217,13600.286,18063.24,13583.228,15007.123
2013-05-11 02:00:00,12597.217,13600.286,18063.24,13583.228,15007.123
2013-05-11 03:00:00,12597.237,13600.456,18063.24,13583.245,15007.123
2013-05-11 04:00:00,12597.405,13601.185,18063.24,13584.251,15007.123
2013-05-11 05:00:00,12597.731,13602.149,18063.24,13584.703,15007.172
2013-05-11 06:00:00,12597.969,13602.854,18063.398,13585.031,15007.357
2013-05-11 07:00:00,12598.042,13603.61,18063.695,13585.031,15007.703
2013-05-11 08:00:00,12598.292,13603.613,18064.04,13585.031,15007.724
2013-05-11 09:00:00,12598.292,13603.613,18064.04,13585.031,15007.724
2013-05-11 10:00:00,12598.292,13604.503,18064.04,13585.246,15007.735
2013-05-11 11:00:00,12598.492,13604.503,18064.04,13585.287,15007.772
2013-05-11 12:00:00,12598.514,13604.533,18064.04,13585.287,15007.772
2013-05-11 13:00:00,12598.706,13604.676,18064.04,13585.55,15007.772
2013-05-11 14:00:00,12598.873,13605.848,18064.166,13586.683,15007.891
2013-05-11 15:00:00,12600.645,13607.008,18064.166,13587.318,15007.937
2013-05-11 16:00:00,12601.594,13608.975,18064.166,13588.374,15008.032
2013-05-11 17:00:00,12602.497,13610.957,18064.166,13591.435,15008.639
2013-05-11 18:00:00,12603.858,13611.714,18064.377,13592.638,15009.566
2013-05-11 19:00:00,12604.543,13612.07,18064.734,13593.289,15009.566
2013-05-11 20:00:00,12604.99,13612.07,18064.926,13593.314,15009.566
2013-05-11 21:00:00,12604.99,13612.07,18064.953,13593.314,15009.566
2013-05-11 22:00:00,12604.99,13612.106,18064.953,13593.314,15009.566
2013-05-11 23:00:00,12604.99,13612.106,18064.953,13593.358,15009.566
2013-05-12 00:00:00,12604.99,13612.141,18064.959,13593.358,15009.566
2013-05-12 01:00:00,12605.228,13612.141,18064.959,13593.358,15009.566
2013-05-12 02:00:00,12605.228,13612.35,18064.959,13593.358,15009.566
2013-05-12 03:00:00,12605.228,13612.35,18064.959,13593.358,15009.566
2013-05-12 04:00:00,12605.228,13612.35,18064.959,13593.358,15009.566
2013-05-12 05:00:00,12605.228,13612.35,18064.959,13593.358,15009.566
2013-05-12 06:00:00,12605.228,13612.35,18064.959,13593.358,15009.566
2013-05-12 07:00:00,12605.228,13612.35,18064.959,13593.358,15009.566
2013-05-12 08:00:00,12605.228,13612.35,18064.959,13593.358,15009.566
2013-05-12 09:00:00,12605.228,13612.35,18064.959,13593.358,15009.566
2013-05-12 10:00:00,12605.228,13612.35,18064.959,13593.358,15009.566
2013-05-12 11:00:00,12605.228,13612.35,18064.959,13593.358,15009.566
2013-05-12 12:00:00,12605.228,13612.35,18064.959,13593.358,15009.566
2013-05-12 13:00:00,12605.228,13612.35,18064.959,13593.358,15009.566
2013-05-12 14:00:00,12605.228,13612.35,18064.959,13593.358,15009.566
2013-05-12 15:00:00,12605.228,13612.35,18064.959,13593.358,15009.566
2013-05-12 16:00:00,12605.228,13612.35,18064.959,13593.358,15009.566
2013-05-12 17:00:00,12605.228,13612.35,18064.959,13593.358,15009.566
2013-05-12 18:00:00,12605.228,13612.35,18064.959,13593.358,15009.566
2013-05-12 19:00:00,12605.228,13612.35,18064.959,13593.358,15009.566
2013-05-12 20:00:00,12605.228,13612.35,18064.959,13593.358,15009.566
2013-05-12 21:00:00,12605.228,13612.566,18064.959,13593.366,15009.566
2013-05-12 22:00:00,12605.288,13613.148,18064.959,13593.381,15009.566
2013-05-12 23:00:00,12605.56,13613.166,18064.959,13593.381,15009.611
2013-05-13 00:00:00,12618.831,13623.421,18072.045,13600.466,15018.351
2013-05-13 01:00:00,12619.236,13624.254,18072.156,13601.246,15018.88
2013-05-13 02:00:00,12619.994,13624.857,18072.186,13601.374,15019.264
2013-05-13 03:00:00,12620.374,13625.011,18072.22,13601.374,15020.088
2013-05-13 04:00:00,12620.374,13625.235,18072.22,13601.378,15020.338
2013-05-13 05:00:00,12620.374,13625.351,18072.232,13601.378,15020.338
2013-05-13 06:00:00,12620.374,13625.423,18072.232,13601.378,15020.338
2013-05-13 07:00:00,12620.374,13625.429,18072.232,13601.378,15020.338
2013-05-13 08:00:00,12605.918,13613.321,18064.959,13593.382,15009.867
2013-05-13 09:00:00,12606.1045,13614.049,18064.959,13593.807,15010.926
2013-05-13 10:00:00,12606.735,13614.178,18064.959,13593.825,15011.157
2013-05-13 11:00:00,12606.735,13614.568,18064.965,13593.825,15011.479
2013-05-13 12:00:00,12607.182,13615.034,18065.46,13594.416,15012.805
2013-05-13 13:00:00,12608.209,13615.034,18066.496,13594.577,15012.823
2013-05-13 14:00:00,12609.465,13615.118,18067.082,13594.614,15013.485
2013-05-13 15:00:00,12611.519,13616.581,18067.799,13595.337,15014.605
2013-05-13 16:00:00,12613.003,13617.609,18069.32,13597.04,15014.623
2013-05-13 17:00:00,12613.601,13619.394,18069.791,13598.663,15014.715
2013-05-13 18:00:00,12616.951,13620.957,18071.396,13599.726,15015.553
2013-05-13 19:00:00,12618.826,13622.092,18071.537,13599.953,15016.301
2013-05-13 20:00:00,12605.757,13613.166,18064.959,13593.381,15009.611
2013-05-13 21:00:00,12605.769,13613.166,18064.959,13593.381,15009.611
2013-05-13 22:00:00,12605.794,13613.166,18064.959,13593.381,15009.611
2013-05-13 23:00:00,12605.794,13613.166,18064.959,13593.382,15009.611
2013-05-14 00:00:00,12620.374,13625.431,18072.232,13601.491,15020.338
2013-05-14 01:00:00,12620.374,13625.44,18072.232,13601.491,15020.809
2013-05-14 02:00:00,12620.374,13625.44,18072.232,13601.491,15020.809
2013-05-14 03:00:00,12620.374,13625.44,18072.232,13601.491,15020.809
2013-05-14 04:00:00,12620.374,13625.44,18072.232,13601.949,15020.809
2013-05-14 05:00:00,12620.607,13625.44,18072.232,13602.109,15020.809
2013-05-14 06:00:00,12620.607,13625.44,18072.232,13602.109,15020.809
2013-05-14 07:00:00,12620.607,13625.44,18072.232,13602.109,15020.809
2013-05-14 08:00:00,12620.607,13625.44,18072.232,13602.109,15020.809
2013-05-14 09:00:00,12620.607,13625.44,18072.232,13602.109,15020.809
2013-05-14 10:00:00,12620.607,13625.44,18072.232,13602.109,15020.809
2013-05-14 11:00:00,12620.607,13625.44,18072.232,13602.109,15020.809
2013-05-14 12:00:00,12620.607,13625.44,18072.232,13602.109,15020.809
2013-05-14 13:00:00,12620.607,13625.44,18072.232,13602.109,15020.809
2013-05-14 14:00:00,12620.607,13625.44,18072.232,13602.109,15020.809
2013-05-14 15:00:00,12620.607,13625.44,18072.232,13602.109,15020.809
2013-05-14 16:00:00,12620.607,13625.44,18072.232,13602.109,15020.809
2013-05-14 17:00:00,12620.608,13625.458,18072.232,13602.109,15021.044
2013-05-14 18:00:00,12621.582,13625.464,18072.232,13602.109,15021.044
2013-05-14 19:00:00,12621.582,13625.464,18072.232,13602.109,15021.044
2013-05-14 20:00:00,12621.705,13625.464,18072.232,13602.109,15021.044
2013-05-14 21:00:00,12622.014,13625.464,18072.232,13602.109,15021.044
2013-05-14 22:00:00,12622.014,13625.464,18072.232,13602.109,15021.044
2013-05-14 23:00:00,12622.014,13625.464,18072.232,13602.109,15021.044
2013-05-15 00:00:00,12622.014,13625.464,18072.232,13602.109,15021.044
2013-05-15 01:00:00,12622.014,13625.464,18072.232,13602.109,15021.044
2013-05-15 02:00:00,12622.014,13625.464,18072.232,13602.109,15021.044
2013-05-15 03:00:00,12622.014,13625.464,18072.232,13602.109,15021.044
2013-05-15 04:00:00,12622.014,13625.464,18072.232,13602.109,15021.044
2013-05-15 05:00:00,12622.014,13625.464,18072.232,13602.109,15021.044
2013-05-15 06:00:00,12622.014,13625.464,18072.232,13602.109,15021.044
2013-05-15 07:00:00,12622.014,13625.464,18072.232,13602.109,15021.044
2013-05-15 08:00:00,12622.014,13625.464,18072.232,13602.109,15021.044
2013-05-15 09:00:00,12622.014,13625.464,18072.232,13602.109,15021.044
2013-05-15 10:00:00,12622.014,13625.464,18072.232,13602.109,15021.044
2013-05-15 11:00:00,12622.014,13625.464,18072.232,13602.109,15021.044
2013-05-15 12:00:00,12622.014,13625.655,18072.232,13602.109,15021.044
2013-05-15 13:00:00,12622.068,13627.128,18072.232,13602.426,15021.146
2013-05-15 14:00:00,12622.963,13630.493,18073.143,13603.022,15022.138
2013-05-15 15:00:00,12623.345,13634.06,18075.658,13603.621,15023.833
2013-05-15 16:00:00,12624.367,13637.314,18079.545,13604.222,15025.192
2013-05-15 17:00:00,12624.922,13642.658,18085.125,13605.176,15026.944
2013-05-15 18:00:00,12625.62,13649.116,18090.621,13605.849,15028.931
2013-05-15 19:00:00,12626.524,13657.271,18099.29,13608.001,15031.328
2013-05-15 20:00:00,12627.076,13664.248,18105.168,13609.711,15034.523
2013-05-15 21:00:00,12628.663,13667.849,18111.69,13614.972,15039.092
2013-05-15 22:00:00,12633.313,13670.683,18117.293,13621.227,15042.094
2013-05-15 23:00:00,12641.806,13672.188,18121.395,13630.28,15045.637
2013-05-16 00:00:00,12651.668,13673.707,18127.285,13633.847,15049.531
2013-05-16 01:00:00,12658.442,13674.79,18133.484,13637.504,15049.691
2013-05-16 02:00:00,12664.743,13675.013,18136.59,13638.803,15049.691
2013-05-16 03:00:00,12666.888,13675.013,18136.607,13638.803,15049.691
2013-05-16 04:00:00,12666.906,13675.013,18136.607,13638.803,15049.691
2013-05-16 05:00:00,12666.906,13675.013,18136.607,13638.803,15049.691
2013-05-16 06:00:00,12666.906,13675.013,18136.607,13638.803,15049.691
2013-05-16 07:00:00,12666.906,13675.013,18136.607,13638.803,15049.691
2013-05-16 08:00:00,12666.906,13675.013,18136.607,13638.803,15049.691
2013-05-16 09:00:00,12666.906,13675.013,18136.607,13638.803,15049.691
2013-05-16 10:00:00,12666.906,13675.013,18136.607,13638.803,15049.691
2013-05-16 11:00:00,12666.906,13675.013,18136.607,13638.803,15049.691
2013-05-16 12:00:00,12666.906,13675.013,18136.607,13638.803,15049.691
2013-05-16 13:00:00,12666.906,13675.013,18136.607,13638.803,15049.691
2013-05-16 14:00:00,12666.906,13675.013,18136.607,13638.803,15049.691
2013-05-16 15:00:00,12666.906,13675.013,18136.607,13638.803,15049.691
2013-05-16 16:00:00,12666.906,13675.013,18136.607,13638.803,15049.691
2013-05-16 17:00:00,12667.247,13675.013,18136.607,13638.803,15049.691
2013-05-16 18:00:00,12668.819,13675.013,18136.607,13638.803,15049.691
2013-05-16 19:00:00,12673.14,13675.013,18136.607,13638.995,15049.691
2013-05-16 20:00:00,12675.794,13675.013,18136.607,13639.767,15049.691
2013-05-16 21:00:00,12679.515,13675.049,18136.607,13639.936,15049.691
2013-05-16 22:00:00,12680.789,13675.049,18136.607,13641.275,15049.691
2013-05-16 23:00:00,12680.789,13675.049,18136.607,13641.288,15049.691
2013-05-17 00:00:00,12681.615,13675.049,18136.607,13641.437,15049.691
2013-05-17 01:00:00,12683.08,13675.049,18136.607,13642.174,15049.691
2013-05-17 02:00:00,12683.423,13675.403,18136.607,13642.385,15049.691
2013-05-17 03:00:00,12683.732,13675.686,18136.607,13642.843,15049.691
2013-05-17 04:00:00,12683.732,13675.686,18136.607,13642.843,15049.691
2013-05-17 05:00:00,12683.732,13675.686,18136.607,13642.843,15049.691
2013-05-17 06:00:00,12683.732,13675.686,18136.607,13642.843,15049.691
2013-05-17 07:00:00,12683.732,13675.686,18136.607,13642.843,15049.691
2013-05-17 08:00:00,12683.732,13675.686,18136.607,13642.843,15049.691
2013-05-17 09:00:00,12683.732,13675.686,18136.607,13642.843,15049.691
2013-05-17 10:00:00,12683.732,13675.686,18136.607,13642.843,15049.691
2013-05-17 11:00:00,12683.732,13675.686,18136.607,13642.843,15049.691
2013-05-17 12:00:00,12683.732,13675.686,18136.607,13642.843,15049.691
2013-05-17 13:00:00,12683.732,13675.686,18136.607,13642.843,15049.691
2013-05-17 14:00:00,12683.732,13675.686,18136.607,13642.843,15049.691
2013-05-17 15:00:00,12683.732,13675.686,18136.607,13642.843,15049.691
2013-05-17 16:00:00,12683.732,13675.686,18136.607,13642.843,15049.691
2013-05-17 17:00:00,12683.732,13675.686,18136.607,13642.843,15049.691
2013-05-17 18:00:00,12683.732,13675.686,18136.607,13642.843,15049.691
2013-05-17 19:00:00,12683.732,13675.686,18136.607,13642.843,15049.691
2013-05-17 20:00:00,12683.732,13675.686,18136.607,13642.843,15049.691
2013-05-17 21:00:00,12683.75,13675.686,18136.607,13642.843,15049.691
2013-05-17 22:00:00,12683.933,13675.686,18136.607,13642.952,15049.691
2013-05-17 23:00:00,12685.277,13675.731,18136.607,13643.539,15049.691
2013-05-18 00:00:00,12685.6455,13675.829,18136.607,13643.851,15049.691
2013-05-18 01:00:00,12685.817,13675.906,18136.607,13645.021,15049.691
2013-05-18 02:00:00,12685.817,13676.029,18136.607,13645.19,15049.691
2013-05-18 03:00:00,12685.817,13676.209,18136.646,13649.183,15049.691
2013-05-18 04:00:00,12685.817,13676.209,18136.67,13650.565,15049.691
2013-05-18 05:00:00,12685.817,13676.209,18136.67,13650.565,15049.691
2013-05-18 06:00:00,12685.817,13676.209,18136.67,13650.565,15049.691
2013-05-18 07:00:00,12685.817,13676.209,18136.67,13650.565,15049.691
2013-05-18 08:00:00,12685.817,13676.209,18136.67,13650.565,15049.691
2013-05-18 09:00:00,12685.817,13676.209,18136.67,13650.565,15049.691
2013-05-18 10:00:00,12685.817,13676.209,18136.67,13650.565,15049.691
2013-05-18 11:00:00,12685.817,13676.209,18136.67,13650.565,15049.691
2013-05-18 12:00:00,12685.817,13676.209,18136.67,13650.565,15049.691
2013-05-18 13:00:00,12685.817,13676.209,18136.67,13650.565,15049.691
2013-05-18 14:00:00,12685.817,13676.209,18136.67,13650.565,15049.691
2013-05-18 15:00:00,12685.817,13676.209,18136.67,13650.565,15049.691
2013-05-18 16:00:00,12685.817,13676.209,18136.67,13650.565,15049.691
2013-05-18 17:00:00,12685.817,13676.209,18136.67,13650.565,15049.691
2013-05-18 18:00:00,12685.817,13676.209,18136.67,13650.565,15049.691
2013-05-18 19:00:00,12685.817,13676.209,18136.67,13650.565,15049.691
2013-05-18 20:00:00,12685.817,13676.209,18136.67,13650.565,15049.691
2013-05-18 21:00:00,12685.817,13676.209,18136.67,13650.565,15049.691
2013-05-18 22:00:00,12685.817,13676.209,18136.67,13650.565,15049.691
2013-05-18 23:00:00,12685.817,13676.209,18136.67,13650.565,15049.691
2013-05-19 00:00:00,12685.817,13676.209,18136.67,13650.565,15049.691
2013-05-19 01:00:00,12685.817,13676.209,18136.67,13650.565,15049.691
2013-05-19 02:00:00,12685.817,13676.209,18136.67,13650.565,15049.691
2013-05-19 03:00:00,12685.817,13676.209,18136.67,13650.565,15049.691
2013-05-19 04:00:00,12685.817,13676.209,18136.67,13650.565,15049.691
2013-05-19 05:00:00,12685.817,13676.209,18136.67,13650.565,15049.691
2013-05-19 06:00:00,12685.817,13676.209,18136.67,13650.565,15049.691
2013-05-19 07:00:00,12685.817,13676.209,18136.67,13650.565,15049.691
2013-05-19 08:00:00,12685.817,13676.209,18136.67,13650.565,15049.691
2013-05-19 09:00:00,12685.817,13676.209,18136.67,13650.565,15049.691
2013-05-19 10:00:00,12685.817,13676.209,18136.67,13650.565,15049.691
2013-05-19 11:00:00,12685.817,13676.209,18136.67,13650.565,15049.691
2013-05-19 12:00:00,12685.817,13676.209,18136.67,13650.565,15049.691
2013-05-19 13:00:00,12685.817,13676.209,18136.67,13650.565,15049.691
2013-05-19 14:00:00,12685.817,13676.209,18136.67,13650.565,15049.691
2013-05-19 15:00:00,12685.817,13676.209,18136.67,13650.565,15049.691
2013-05-19 16:00:00,12685.817,13676.209,18136.67,13650.565,15049.691
2013-05-19 17:00:00,12685.817,13676.209,18136.67,13650.565,15049.691
2013-05-19 18:00:00,12685.817,13676.209,18136.67,13650.565,15049.691
2013-05-19 19:00:00,12685.817,13676.209,18136.67,13650.565,15049.691
2013-05-19 20:00:00,12685.817,13676.209,18136.67,13650.565,15049.691
2013-05-19 21:00:00,12685.817,13676.209,18136.67,13650.565,15049.691
2013-05-19 22:00:00,12685.817,13676.209,18136.67,13650.565,15049.691
2013-05-19 23:00:00,12685.817,13676.209,18136.67,13650.565,15049.691
2013-05-20 00:00:00,12685.817,13676.331,18136.67,13650.565,15049.691
2013-05-20 01:00:00,12685.817,13676.331,18136.67,13650.565,15049.691
2013-05-20 02:00:00,12685.817,13676.209,18136.67,13650.565,15049.691
2013-05-20 03:00:00,12685.817,13676.209,18136.67,13650.565,15049.691
2013-05-20 04:00:00,12685.817,13676.209,18136.67,13650.565,15049.691
2013-05-20 05:00:00,12685.817,13676.209,18136.67,13650.565,15049.691
2013-05-20 06:00:00,12685.817,13676.209,18136.67,13650.565,15049.691
2013-05-20 07:00:00,12685.817,13676.209,18136.67,13650.565,15049.691
2013-05-20 08:00:00,12685.817,13676.209,18136.67,13650.565,15049.691
2013-05-20 09:00:00,12685.817,13676.209,18136.67,13650.565,15049.691
2013-05-20 10:00:00,12685.817,13676.209,18136.67,13650.565,15049.691
2013-05-20 11:00:00,12685.817,13676.209,18136.67,13650.565,15049.691
2013-05-20 12:00:00,12685.817,13676.209,18136.67,13650.565,15049.691
2013-05-20 13:00:00,12685.817,13676.209,18136.67,13650.565,15049.691
2013-05-20 14:00:00,12685.817,13676.209,18136.67,13650.565,15049.691
2013-05-20 15:00:00,12685.817,13676.209,18136.67,13650.565,15049.691
2013-05-20 16:00:00,12685.817,13676.209,18136.67,13650.565,15049.691
2013-05-20 17:00:00,12685.817,13676.29,18136.67,13650.565,15049.691
2013-05-20 18:00:00,12685.817,13676.315,18136.67,13650.565,15049.691
2013-05-20 19:00:00,12685.817,13676.331,18136.67,13650.565,15049.691
2013-05-20 20:00:00,12685.817,13676.209,18136.67,13650.565,15049.691
2013-05-20 21:00:00,12685.817,13676.209,18136.67,13650.565,15049.691
2013-05-20 22:00:00,12685.817,13676.209,18136.67,13650.565,15049.691
2013-05-20 23:00:00,12685.817,13676.209,18136.67,13650.565,15049.691
2013-05-21 00:00:00,12685.817,13676.331,18136.67,13650.565,15049.691
2013-05-21 01:00:00,12685.817,13676.482,18136.67,13651.347,15049.691
2013-05-21 02:00:00,12685.817,13676.737,18136.67,13651.476,15049.691
2013-05-21 03:00:00,12685.817,13676.737,18136.67,13651.568,15049.691
2013-05-21 04:00:00,12685.817,13676.758,18136.67,13651.734,15049.691
2013-05-21 05:00:00,12685.817,13676.761,18136.67,13651.734,15049.726
2013-05-21 06:00:00,12685.842,13676.761,18136.785,13651.734,15049.726
2013-05-21 07:00:00,12686.058,13676.761,18136.785,13651.734,15049.726
2013-05-21 08:00:00,12686.058,13676.761,18136.785,13651.734,15049.726
2013-05-21 09:00:00,12686.058,13676.761,18136.785,13651.734,15049.726
2013-05-21 10:00:00,12686.058,13676.761,18136.785,13651.734,15049.726
2013-05-21 11:00:00,12686.058,13676.761,18136.785,13651.734,15049.726
2013-05-21 12:00:00,12686.058,13676.761,18136.785,13651.734,15049.726
2013-05-21 13:00:00,12686.058,13676.761,18136.785,13652.269,15049.803
2013-05-21 14:00:00,12686.058,13676.761,18136.785,13652.395,15049.809
2013-05-21 15:00:00,12686.058,13676.761,18136.785,13652.395,15049.809
2013-05-21 16:00:00,12686.105,13676.761,18136.785,13653.015,15049.809
2013-05-21 17:00:00,12686.441,13676.761,18136.785,13653.12,15049.809
2013-05-21 18:00:00,12686.856,13677.564,18136.785,13653.12,15050.184
2013-05-21 19:00:00,12686.856,13678.424,18137.227,13653.73,15050.828
2013-05-21 20:00:00,12686.856,13678.661,18138.312,13653.995,15051.239
2013-05-21 21:00:00,12686.856,13679.322,18138.686,13653.995,15051.239
2013-05-21 22:00:00,12686.856,13679.7705,18138.979,13653.995,15051.239
2013-05-21 23:00:00,12686.856,13679.7705,18139.01,13653.995,15051.469
2013-05-22 00:00:00,12687.557,13679.7705,18139.01,13654.02,15052.094
2013-05-22 01:00:00,12688.891,13679.994,18139.117,13655.312,15052.094
2013-05-22 02:00:00,12690.453,13680.773,18140.62,13657.099,15052.105
2013-05-22 03:00:00,12692.472,13681.555,18142.137,13658.662,15053.186
2013-05-22 04:00:00,12694.458,13682.67,18143.701,13660.223,15053.967
2013-05-22 05:00:00,12695.115,13683.495,18145.219,13661.217,15054.748
2013-05-22 06:00:00,12695.316,13684.275,18146.666,13661.772,15055.53
2013-05-22 07:00:00,12696.431,13685.088,18147.959,13662.8125,15056.448
2013-05-22 08:00:00,12698.143,13685.979,18149.537,13664.387,15057.535
2013-05-22 09:00:00,12699.844,13686.865,18151.217,13666.49,15058.528
2013-05-22 10:00:00,12701.333,13687.254,18152.848,13668.053,15059.558
2013-05-22 11:00:00,12703.187,13687.636,18154.502,13669.615,15060.465
2013-05-22 12:00:00,12705.605,13688.281,18156.18,13671.443,15061.433
2013-05-22 13:00:00,12707.938,13688.914,18158.62,13673.931,15062.798
2013-05-22 14:00:00,12709.002,13690.107,18161.447,13675.649,15065.49
2013-05-22 15:00:00,12709.371,13691.0,18163.705,13676.616,15067.377
2013-05-22 16:00:00,12709.522,13691.125,18165.467,13678.116,15068.304
2013-05-22 17:00:00,12710.001,13691.291,18167.021,13679.476,15069.229
2013-05-22 18:00:00,12710.819,13691.374,18168.451,13680.746,15071.434
2013-05-22 19:00:00,12711.357,13691.95,18169.217,13681.844,15073.116
2013-05-22 20:00:00,12711.493,13692.113,18170.31,13682.696,15074.574
2013-05-22 21:00:00,12712.395,13692.465,18171.52,13683.343,15075.688
2013-05-22 22:00:00,12712.857,13692.5,18172.387,13684.173,15076.295
2013-05-22 23:00:00,12712.857,13692.894,18173.002,13684.728,15076.72
2013-05-23 00:00:00,12712.857,13692.91,18173.002,13685.476,15076.827
2013-05-23 01:00:00,12712.857,13693.02,18173.002,13685.476,15076.889
2013-05-23 02:00:00,12712.857,13693.02,18173.002,13685.476,15076.889
2013-05-23 03:00:00,12712.857,13693.02,18173.002,13685.482,15076.889
2013-05-23 04:00:00,12712.888,13693.02,18173.002,13685.482,15076.889
2013-05-23 05:00:00,12712.9,13693.02,18173.002,13685.482,15076.889
2013-05-23 06:00:00,12712.9,13693.02,18173.002,13685.482,15076.889
2013-05-23 07:00:00,12712.9,13693.02,18173.002,13685.482,15076.889
2013-05-23 08:00:00,12712.9,13693.02,18173.002,13685.482,15076.889
2013-05-23 09:00:00,12712.91,13693.02,18173.002,13685.5,15076.889
2013-05-23 10:00:00,12712.918,13693.02,18173.002,13685.5,15076.889
2013-05-23 11:00:00,12712.918,13693.02,18173.002,13685.502,15076.889
2013-05-23 12:00:00,12712.918,13693.02,18173.002,13685.502,15076.889
2013-05-23 13:00:00,12712.918,13693.02,18173.002,13685.502,15076.907
2013-05-23 14:00:00,12712.918,13693.035,18173.002,13685.502,15076.907
2013-05-23 15:00:00,12712.918,13693.035,18173.002,13685.502,15076.907
2013-05-23 16:00:00,12712.918,13693.124,18173.002,13685.502,15076.907
2013-05-23 17:00:00,12712.918,13693.124,18173.002,13685.502,15076.907
2013-05-23 18:00:00,12712.918,13693.124,18173.002,13685.502,15076.907
2013-05-23 19:00:00,12712.918,13693.124,18173.002,13685.502,15076.907
2013-05-23 20:00:00,12712.918,13693.124,18173.002,13685.502,15076.907
2013-05-23 21:00:00,12712.918,13693.124,18173.002,13685.502,15076.907
2013-05-23 22:00:00,12713.033,13693.124,18173.002,13685.502,15076.907
2013-05-23 23:00:00,12713.152,13693.124,18173.28,13685.502,15076.907
2013-05-24 00:00:00,12713.152,13693.124,18173.645,13685.502,15076.907
2013-05-24 01:00:00,12713.152,13693.124,18173.65,13685.502,15076.907
2013-05-24 02:00:00,12713.152,13693.124,18173.65,13685.502,15076.907
2013-05-24 03:00:00,12713.152,13693.124,18173.65,13685.502,15076.907
2013-05-24 04:00:00,12713.152,13693.124,18173.65,13685.502,15076.907
2013-05-24 05:00:00,12713.152,13693.124,18173.65,13685.502,15076.907
2013-05-24 06:00:00,12713.152,13693.124,18173.65,13685.502,15076.907
2013-05-24 07:00:00,12713.152,13693.124,18173.65,13685.502,15076.907
2013-05-24 08:00:00,12713.152,13693.124,18173.65,13685.502,15076.907
2013-05-24 09:00:00,12713.152,13693.124,18173.65,13685.502,15076.907
2013-05-24 10:00:00,12713.152,13693.124,18173.65,13685.502,15076.907
2013-05-24 11:00:00,12713.152,13693.124,18173.65,13685.502,15076.907
2013-05-24 12:00:00,12713.152,13693.124,18173.65,13685.502,15076.907
2013-05-24 13:00:00,12713.152,13693.124,18173.65,13685.502,15076.907
2013-05-24 14:00:00,12713.152,13693.124,18173.65,13685.502,15076.907
2013-05-24 15:00:00,12713.152,13693.124,18173.65,13685.502,15076.907
2013-05-24 16:00:00,12713.152,13693.124,18173.65,13685.502,15076.907
2013-05-24 17:00:00,12713.152,13693.124,18173.65,13685.502,15076.907
2013-05-24 18:00:00,12713.152,13693.124,18173.65,13685.502,15076.907
2013-05-24 19:00:00,12713.152,13693.124,18173.65,13685.502,15076.907
2013-05-24 20:00:00,12713.152,13693.124,18173.65,13685.502,15076.907
2013-05-24 21:00:00,12713.152,13693.124,18173.65,13685.502,15076.907
2013-05-24 22:00:00,12713.152,13693.124,18173.65,13685.502,15076.907
2013-05-24 23:00:00,12713.152,13693.124,18173.65,13685.502,15076.907
2013-05-25 00:00:00,12713.152,13693.124,18173.65,13685.502,15076.907
2013-05-25 01:00:00,12713.152,13693.124,18173.65,13685.502,15076.907
2013-05-25 02:00:00,12713.152,13693.124,18173.65,13685.502,15076.907
2013-05-25 03:00:00,12713.152,13693.124,18173.65,13685.502,15076.907
2013-05-25 04:00:00,12713.152,13693.124,18173.65,13685.502,15076.907
2013-05-25 05:00:00,12713.152,13693.124,18173.65,13685.502,15076.907
2013-05-25 06:00:00,12713.152,13693.124,18173.65,13685.502,15076.907
2013-05-25 07:00:00,12713.152,13693.124,18173.65,13685.502,15076.907
2013-05-25 08:00:00,12713.152,13693.124,18173.65,13685.502,15076.907
2013-05-25 09:00:00,12713.152,13693.124,18173.65,13685.502,15076.907
2013-05-25 10:00:00,12713.152,13693.124,18173.65,13685.502,15076.907
2013-05-25 11:00:00,12713.152,13693.124,18173.65,13685.502,15076.907
2013-05-25 12:00:00,12713.152,13693.124,18173.65,13685.502,15076.907
2013-05-25 13:00:00,12713.152,13693.124,18173.65,13685.502,15076.907
2013-05-25 14:00:00,12713.152,13693.124,18173.65,13685.502,15076.907
2013-05-25 15:00:00,12713.152,13693.124,18173.65,13685.502,15076.907
2013-05-25 16:00:00,12713.152,13693.124,18173.65,13685.502,15076.907
2013-05-25 17:00:00,12713.152,13693.124,18173.65,13685.502,15076.907
2013-05-25 18:00:00,12713.152,13693.124,18173.65,13685.502,15076.907
2013-05-25 19:00:00,12713.152,13693.124,18173.65,13685.502,15076.907
2013-05-25 20:00:00,12713.152,13693.124,18173.65,13685.502,15076.907
2013-05-25 21:00:00,12713.152,13693.124,18173.65,13685.502,15076.907
2013-05-25 22:00:00,12713.152,13693.124,18173.65,13685.502,15076.907
2013-05-25 23:00:00,12713.152,13693.124,18173.65,13685.502,15076.907
2013-05-26 00:00:00,12713.152,13693.124,18173.65,13685.502,15076.907
2013-05-26 01:00:00,12713.152,13693.124,18173.65,13685.502,15076.907
2013-05-26 02:00:00,12713.152,13693.124,18173.65,13685.502,15076.907
2013-05-26 03:00:00,12713.152,13693.124,18173.65,13685.502,15076.907
2013-05-26 04:00:00,12713.152,13693.124,18173.65,13685.502,15076.907
2013-05-26 05:00:00,12713.152,13693.124,18173.65,13685.502,15076.907
2013-05-26 06:00:00,12713.152,13693.124,18173.65,13685.502,15076.907
2013-05-26 07:00:00,12713.152,13693.124,18173.65,13685.502,15076.907
2013-05-26 08:00:00,12713.152,13693.124,18173.65,13685.502,15076.907
2013-05-26 09:00:00,12713.152,13693.124,18173.65,13685.502,15076.907
2013-05-26 10:00:00,12713.152,13693.124,18173.65,13685.502,15076.907
2013-05-26 11:00:00,12713.152,13693.124,18173.65,13685.502,15076.907
2013-05-26 12:00:00,12713.152,13693.124,18173.65,13685.502,15076.907
2013-05-26 13:00:00,12713.152,13693.124,18173.65,13685.502,15076.907
2013-05-26 14:00:00,12713.152,13693.124,18173.65,13685.502,15076.907
2013-05-26 15:00:00,12713.152,13693.124,18173.65,13685.502,15076.907
2013-05-26 16:00:00,12713.152,13693.124,18173.65,13685.502,15076.907
2013-05-26 17:00:00,12713.152,13693.124,18173.65,13685.502,15076.907
2013-05-26 18:00:00,12713.152,13693.124,18173.65,13685.502,15076.907
2013-05-26 19:00:00,12713.152,13693.124,18173.65,13685.502,15076.907
2013-05-26 20:00:00,12713.152,13693.124,18173.65,13685.502,15076.907
2013-05-26 21:00:00,12713.153,13693.124,18173.65,13685.502,15076.907
2013-05-26 22:00:00,12713.163,13693.124,18173.65,13685.502,15076.907
2013-05-26 23:00:00,12713.163,13693.124,18173.65,13685.502,15076.907
2013-05-27 00:00:00,12713.246,13693.289,18173.65,13685.828,15076.907
2013-05-27 01:00:00,12713.675,13694.023,18173.65,13685.954,15076.907
2013-05-27 02:00:00,12713.952,13694.715,18173.65,13686.485,15076.907
2013-05-27 03:00:00,12714.699,13695.495,18173.65,13687.491,15077.063
2013-05-27 04:00:00,12715.409,13695.495,18173.65,13688.013,15077.13
2013-05-27 05:00:00,12715.409,13695.495,18173.65,13688.013,15077.13
2013-05-27 06:00:00,12715.409,13695.495,18173.65,13688.013,15077.13
2013-05-27 07:00:00,12715.409,13695.495,18173.65,13688.013,15077.13
2013-05-27 08:00:00,12715.409,13695.495,18173.65,13688.013,15077.13
2013-05-27 09:00:00,12715.435,13695.495,18173.65,13688.013,15077.13
2013-05-27 10:00:00,12715.49,13695.495,18173.65,13688.013,15077.13
2013-05-27 11:00:00,12715.49,13695.495,18173.65,13688.013,15077.13
2013-05-27 12:00:00,12713.163,13693.124,18173.65,13685.502,15076.907
2013-05-27 13:00:00,12713.163,13693.124,18173.65,13685.502,15076.907
2013-05-27 14:00:00,12713.163,13693.124,18173.65,13685.502,15076.907
2013-05-27 15:00:00,12713.163,13693.124,18173.65,13685.502,15076.907
2013-05-27 16:00:00,12713.163,13693.124,18173.65,13685.502,15076.907
2013-05-27 17:00:00,12713.163,13693.124,18173.65,13685.502,15076.907
2013-05-27 18:00:00,12713.163,13693.124,18173.65,13685.502,15076.907
2013-05-27 19:00:00,12713.163,13693.124,18173.65,13685.502,15076.907
2013-05-27 20:00:00,12713.163,13693.124,18173.65,13685.502,15076.907
2013-05-27 21:00:00,12713.163,13693.124,18173.65,13685.502,15076.907
2013-05-27 22:00:00,12713.163,13693.124,18173.65,13685.515,15076.907
2013-05-27 23:00:00,12713.163,13693.124,18173.65,13685.598,15076.907
2013-05-28 00:00:00,12715.49,13695.673,18173.65,13688.542,15077.13
2013-05-28 01:00:00,12715.49,13695.673,18173.65,13688.542,15077.13
2013-05-28 02:00:00,12715.617,13695.814,18173.65,13688.556,15077.13
2013-05-28 03:00:00,12715.617,13695.823,18173.65,13688.556,15077.13
2013-05-28 04:00:00,12715.617,13695.823,18173.65,13688.556,15077.13
2013-05-28 05:00:00,12715.617,13695.823,18173.65,13688.556,15077.13
2013-05-28 06:00:00,12715.617,13695.823,18173.65,13688.556,15077.13
2013-05-28 07:00:00,12715.617,13695.823,18173.65,13688.556,15077.13
2013-05-28 08:00:00,12715.617,13695.823,18173.65,13688.556,15077.13
2013-05-28 09:00:00,12715.617,13695.823,18173.65,13688.556,15077.13
2013-05-28 10:00:00,12715.617,13695.823,18173.65,13688.556,15077.13
2013-05-28 11:00:00,12715.617,13695.823,18173.65,13688.556,15077.13
2013-05-28 12:00:00,12715.49,13695.495,18173.65,13688.013,15077.13
2013-05-28 13:00:00,12715.49,13695.495,18173.65,13688.013,15077.13
2013-05-28 14:00:00,12715.49,13695.495,18173.65,13688.013,15077.13
2013-05-28 15:00:00,12715.49,13695.495,18173.65,13688.013,15077.13
2013-05-28 16:00:00,12715.49,13695.495,18173.65,13688.013,15077.13
2013-05-28 17:00:00,12715.49,13695.495,18173.65,13688.013,15077.13
2013-05-28 18:00:00,12715.49,13695.495,18173.65,13688.013,15077.13
2013-05-28 19:00:00,12715.49,13695.495,18173.65,13688.221,15077.13
2013-05-28 20:00:00,12715.49,13695.517,18173.65,13688.542,15077.13
2013-05-28 21:00:00,12715.49,13695.673,18173.65,13688.542,15077.13
2013-05-28 22:00:00,12715.49,13695.673,18173.65,13688.542,15077.13
2013-05-28 23:00:00,12715.49,13695.673,18173.65,13688.542,15077.13
2013-05-29 00:00:00,12715.617,13695.823,18173.65,13688.556,15077.13
2013-05-29 01:00:00,12715.617,13695.823,18173.65,13688.556,15077.13
2013-05-29 02:00:00,12715.617,13695.823,18173.65,13688.556,15077.13
2013-05-29 03:00:00,12715.617,13695.823,18173.65,13688.556,15077.13
2013-05-29 04:00:00,12715.617,13695.823,18173.65,13688.556,15077.13
2013-05-29 05:00:00,12715.617,13695.823,18173.65,13688.556,15077.13
2013-05-29 06:00:00,12715.617,13695.823,18173.65,13688.556,15077.13
2013-05-29 07:00:00,12715.617,13695.823,18173.65,13688.556,15077.13
2013-05-29 08:00:00,12715.617,13695.823,18173.65,13688.556,15077.13
2013-05-29 09:00:00,12715.617,13695.823,18173.65,13688.556,15077.13
2013-05-29 10:00:00,12715.617,13695.823,18173.65,13688.556,15077.13
2013-05-29 11:00:00,12715.617,13695.823,18173.65,13688.556,15077.13
2013-05-29 12:00:00,12715.617,13695.823,18173.65,13688.556,15077.13
2013-05-29 13:00:00,12715.617,13695.823,18173.65,13688.556,15077.13
2013-05-29 14:00:00,12715.617,13695.823,18173.65,13688.556,15077.13
2013-05-29 15:00:00,12715.617,13695.823,18173.65,13688.556,15077.13
2013-05-29 16:00:00,12715.617,13695.823,18173.65,13688.556,15077.13
2013-05-29 17:00:00,12715.617,13695.823,18173.65,13688.556,15077.13
2013-05-29 18:00:00,12715.617,13695.823,18173.65,13688.556,15077.13
2013-05-29 19:00:00,12715.617,13695.823,18173.65,13688.556,15077.13
2013-05-29 20:00:00,12715.617,13695.823,18173.65,13688.556,15077.13
2013-05-29 21:00:00,12715.617,13695.823,18173.65,13688.556,15077.13
2013-05-29 22:00:00,12715.617,13695.823,18173.65,13688.556,15077.13
2013-05-29 23:00:00,12715.617,13695.823,18173.65,13688.556,15077.13
2013-05-30 00:00:00,12715.617,13695.823,18173.65,13688.556,15077.13
2013-05-30 01:00:00,12715.617,13695.823,18173.65,13688.556,15077.13
2013-05-30 02:00:00,12715.617,13695.823,18173.65,13688.556,15077.13
2013-05-30 03:00:00,12715.617,13695.823,18173.65,13688.625,15077.13
2013-05-30 04:00:00,12715.617,13695.823,18173.65,13689.58,15077.303
2013-05-30 05:00:00,12715.667,13695.823,18173.65,13689.593,15077.317
2013-05-30 06:00:00,12715.667,13695.823,18173.65,13689.593,15077.317
2013-05-30 07:00:00,12715.667,13695.823,18173.65,13689.593,15077.317
2013-05-30 08:00:00,12715.667,13695.823,18173.65,13689.593,15077.317
2013-05-30 09:00:00,12715.667,13695.823,18173.65,13689.593,15077.338
2013-05-30 10:00:00,12715.667,13695.823,18173.865,13689.593,15077.352
2013-05-30 11:00:00,12715.667,13695.823,18174.557,13689.593,15077.352
2013-05-30 12:00:00,12715.667,13695.823,18174.557,13689.593,15077.352
2013-05-30 13:00:00,12715.667,13695.823,18174.557,13689.593,15077.352
2013-05-30 14:00:00,12715.667,13695.823,18174.557,13689.593,15077.352
2013-05-30 15:00:00,12715.667,13695.823,18174.557,13689.593,15077.352
2013-05-30 16:00:00,12715.667,13695.823,18174.557,13689.593,15077.352
2013-05-30 17:00:00,12715.667,13695.823,18174.557,13689.593,15077.352
2013-05-30 18:00:00,12715.667,13695.823,18174.557,13689.593,15077.352
2013-05-30 19:00:00,12715.667,13695.823,18174.557,13689.593,15077.352
2013-05-30 20:00:00,12715.667,13695.823,18174.557,13689.593,15077.352
2013-05-30 21:00:00,12715.667,13695.876,18174.557,13689.593,15077.352
2013-05-30 22:00:00,12715.679,13695.876,18174.557,13689.593,15077.352
2013-05-30 23:00:00,12715.679,13695.876,18174.68,13689.593,15077.352
2013-05-31 00:00:00,12715.71,13696.401,18175.049,13689.625,15077.352
2013-05-31 01:00:00,12715.71,13696.401,18175.049,13689.625,15077.352
2013-05-31 02:00:00,12715.71,13696.401,18175.049,13689.625,15077.352
2013-05-31 03:00:00,12715.71,13696.401,18175.049,13689.625,15077.352
2013-05-31 04:00:00,12715.71,13696.438,18175.049,13689.625,15077.352
2013-05-31 05:00:00,12715.71,13696.447,18175.049,13689.625,15077.352
2013-05-31 06:00:00,12715.71,13696.784,18175.049,13689.625,15077.352
2013-05-31 07:00:00,12715.71,13696.823,18175.049,13689.625,15077.352
2013-05-31 08:00:00,12715.71,13696.823,18175.049,13689.625,15077.352
2013-05-31 09:00:00,12715.71,13696.823,18175.049,13689.625,15077.352
2013-05-31 10:00:00,12715.71,13696.823,18175.049,13689.625,15077.352
2013-05-31 11:00:00,12715.71,13696.823,18175.049,13689.625,15077.352
2013-05-31 12:00:00,12715.71,13696.823,18175.049,13689.625,15077.352
2013-05-31 13:00:00,12715.71,13696.823,18175.049,13689.625,15077.352
2013-05-31 14:00:00,12715.71,13696.823,18175.049,13689.625,15077.352
2013-05-31 15:00:00,12715.71,13696.823,18175.049,13689.625,15077.352
2013-05-31 16:00:00,12715.71,13696.823,18175.049,13689.625,15077.352
2013-05-31 17:00:00,12715.71,13696.823,18175.049,13689.625,15077.352
2013-05-31 18:00:00,12715.71,13696.823,18175.049,13689.625,15077.352
2013-05-31 19:00:00,12715.71,13696.823,18175.049,13689.625,15077.352
2013-05-31 20:00:00,12715.71,13696.823,18175.049,13689.625,15077.352
2013-05-31 21:00:00,12715.71,13696.823,18175.049,13689.625,15077.352
2013-05-31 22:00:00,12715.71,13696.823,18175.049,13689.625,15077.352
2013-05-31 23:00:00,12715.71,13696.823,18175.049,13689.625,15077.352
2013-06-01 00:00:00,12715.71,13696.823,18175.049,13689.625,15077.352
2013-06-01 01:00:00,12715.71,13696.823,18175.049,13689.625,15077.352
2013-06-01 02:00:00,12715.71,13696.823,18175.049,13689.625,15077.352
2013-06-01 03:00:00,12715.71,13696.834,18175.049,13689.625,15077.352
2013-06-01 04:00:00,12715.71,13696.834,18175.049,13689.625,15077.352
2013-06-01 05:00:00,12715.71,13696.834,18175.049,13689.625,15077.352
2013-06-01 06:00:00,12715.71,13696.834,18175.049,13689.625,15077.352
2013-06-01 07:00:00,12715.71,13696.834,18175.049,13689.625,15077.352
2013-06-01 08:00:00,12715.71,13696.892,18175.049,13689.625,15077.352
2013-06-01 09:00:00,12715.71,13696.895,18175.049,13689.625,15077.352
2013-06-01 10:00:00,12715.71,13696.895,18175.049,13689.625,15077.352
2013-06-01 11:00:00,12715.71,13696.895,18175.049,13689.625,15077.352
2013-06-01 12:00:00,12715.71,13696.895,18175.049,13689.625,15077.352
2013-06-01 13:00:00,12715.71,13696.895,18175.049,13689.625,15077.352
2013-06-01 14:00:00,12715.71,13696.895,18175.049,13689.625,15077.352
2013-06-01 15:00:00,12715.71,13696.895,18175.049,13689.625,15078.07
2013-06-01 16:00:00,12715.719,13696.895,18175.049,13689.906,15078.078
2013-06-01 17:00:00,12715.948,13696.895,18175.049,13690.202,15078.078
2013-06-01 18:00:00,12716.0205,13696.895,18175.627,13690.202,15078.636
2013-06-01 19:00:00,12717.423,13697.412,18176.666,13690.202,15079.433
2013-06-01 20:00:00,12717.428,13697.412,18177.035,13690.225,15080.081
2013-06-01 21:00:00,12717.428,13697.891,18177.623,13691.179,15080.133
2013-06-01 22:00:00,12717.66,13698.933,18179.186,13692.524,15081.437
2013-06-01 23:00:00,12718.441,13699.712,18180.748,13694.087,15082.514
2013-06-02 00:00:00,12720.503,13702.531,18187.56,13698.244,15085.495
2013-06-02 01:00:00,12721.23,13702.89,18188.281,13698.774,15087.447
2013-06-02 02:00:00,12722.596,13703.302,18189.986,13699.211,15088.064
2013-06-02 03:00:00,12723.543,13703.302,18190.596,13699.211,15088.342
2013-06-02 04:00:00,12723.543,13703.302,18190.596,13699.211,15088.342
2013-06-02 05:00:00,12723.543,13703.302,18190.832,13699.211,15088.342
2013-06-02 06:00:00,12723.543,13703.302,18190.832,13699.211,15088.342
2013-06-02 07:00:00,12723.543,13703.302,18190.832,13699.211,15088.342
2013-06-02 08:00:00,12723.543,13703.302,18190.832,13699.211,15088.342
2013-06-02 09:00:00,12723.543,13703.302,18190.832,13699.211,15088.342
2013-06-02 10:00:00,12723.543,13703.302,18190.832,13699.211,15088.342
2013-06-02 11:00:00,12724.183,13703.302,18190.832,13699.211,15088.342
2013-06-02 12:00:00,12724.996,13703.302,18190.832,13699.211,15088.342
2013-06-02 13:00:00,12725.587,13703.302,18190.832,13699.211,15088.342
2013-06-02 14:00:00,12726.191,13703.302,18190.832,13699.211,15088.342
2013-06-02 15:00:00,12726.425,13703.302,18190.832,13699.211,15088.342
2013-06-02 16:00:00,12726.425,13703.302,18190.832,13699.211,15088.342
2013-06-02 17:00:00,12726.425,13703.302,18190.832,13699.211,15088.342
2013-06-02 18:00:00,12726.425,13703.302,18190.832,13699.211,15088.342
2013-06-02 19:00:00,12726.425,13703.302,18190.832,13699.211,15088.342
2013-06-02 20:00:00,12719.101,13700.447,18182.31,13695.258,15083.915
2013-06-02 21:00:00,12719.755,13700.538,18183.715,13695.721,15084.656
2013-06-02 22:00:00,12720.085,13701.171,18184.633,13697.341,15085.35
2013-06-02 23:00:00,12720.46,13701.171,18186.95,13697.983,15085.35
2013-06-03 00:00:00,12726.425,13703.302,18190.832,13699.211,15088.689
2013-06-03 01:00:00,12726.425,13703.302,18190.832,13699.211,15088.689
2013-06-03 02:00:00,12726.425,13703.302,18190.832,13699.211,15088.772
2013-06-03 03:00:00,12726.425,13703.302,18190.832,13699.211,15088.788
2013-06-03 04:00:00,12726.425,13703.302,18190.832,13699.211,15088.788
2013-06-03 05:00:00,12726.425,13703.302,18190.832,13699.211,15088.788
2013-06-03 06:00:00,12726.425,13703.302,18190.832,13699.211,15088.788
2013-06-03 07:00:00,12726.425,13703.302,18190.832,13699.211,15088.788
2013-06-03 08:00:00,12726.425,13703.302,18190.832,13699.211,15088.788
2013-06-03 09:00:00,12726.425,13703.302,18190.832,13699.211,15088.788
2013-06-03 10:00:00,12726.425,13703.302,18190.832,13699.211,15088.788
2013-06-03 11:00:00,12726.425,13703.302,18190.832,13699.211,15088.788
2013-06-03 12:00:00,12726.425,13703.302,18190.832,13699.211,15088.788
2013-06-03 13:00:00,12726.425,13703.302,18190.832,13699.211,15088.788
2013-06-03 14:00:00,12726.425,13703.302,18190.832,13699.211,15088.788
2013-06-03 15:00:00,12726.425,13703.302,18190.832,13699.211,15088.342
2013-06-03 16:00:00,12726.425,13703.302,18190.832,13699.211,15088.342
2013-06-03 17:00:00,12726.425,13703.302,18190.832,13699.211,15088.342
2013-06-03 18:00:00,12726.425,13703.302,18190.832,13699.211,15088.342
2013-06-03 19:00:00,12726.425,13703.302,18190.832,13699.211,15088.342
2013-06-03 20:00:00,12726.425,13703.302,18190.832,13699.211,15088.342
2013-06-03 21:00:00,12726.425,13703.302,18190.832,13699.211,15088.342
2013-06-03 22:00:00,12726.425,13703.302,18190.832,13699.211,15088.342
2013-06-03 23:00:00,12726.425,13703.302,18190.832,13699.211,15088.342
2013-06-04 00:00:00,12726.425,13703.302,18190.832,13699.211,15088.788
2013-06-04 01:00:00,12726.425,13703.302,18190.832,13699.211,15088.788
2013-06-04 02:00:00,12726.425,13703.302,18190.832,13699.211,15088.788
2013-06-04 03:00:00,12726.425,13703.302,18190.832,13699.211,15088.788
2013-06-04 04:00:00,12726.425,13703.302,18190.832,13699.211,15088.788
2013-06-04 05:00:00,12726.425,13703.302,18190.832,13699.211,15088.788
2013-06-04 06:00:00,12726.425,13703.302,18190.832,13699.211,15088.788
2013-06-04 07:00:00,12726.425,13703.302,18190.832,13699.211,15088.788
2013-06-04 08:00:00,12726.425,13703.302,18190.832,13699.211,15088.788
2013-06-04 09:00:00,12726.425,13703.302,18190.832,13699.211,15088.788
2013-06-04 10:00:00,12726.425,13703.302,18190.832,13699.211,15088.788
2013-06-04 11:00:00,12726.425,13703.302,18190.832,13699.211,15088.788
2013-06-04 12:00:00,12726.425,13703.302,18190.932,13699.211,15088.788
2013-06-04 13:00:00,12726.425,13703.302,18190.979,13699.211,15088.788
2013-06-04 14:00:00,12726.425,13703.302,18190.979,13699.211,15088.788
2013-06-04 15:00:00,12726.425,13703.302,18190.979,13699.211,15088.788
2013-06-04 16:00:00,12726.425,13703.302,18190.979,13699.211,15088.788
2013-06-04 17:00:00,12726.425,13703.302,18190.979,13699.211,15088.788
2013-06-04 18:00:00,12726.425,13703.302,18190.979,13699.211,15088.788
2013-06-04 19:00:00,12726.425,13703.302,18190.979,13699.211,15088.788
2013-06-04 20:00:00,12726.425,13703.302,18190.979,13699.211,15088.788
2013-06-04 21:00:00,12726.425,13703.302,18190.979,13699.211,15088.788
2013-06-04 22:00:00,12726.425,13703.302,18190.979,13699.211,15088.788
2013-06-04 23:00:00,12726.425,13703.302,18190.979,13699.211,15088.788
2013-06-05 00:00:00,12726.425,13703.302,18190.979,13699.211,15088.788
2013-06-05 01:00:00,12726.425,13703.302,18190.979,13699.354,15088.788
2013-06-05 02:00:00,12726.425,13703.416,18190.979,13700.35,15088.788
2013-06-05 03:00:00,12726.425,13703.9,18190.979,13701.017,15088.788
2013-06-05 04:00:00,12726.425,13704.071,18190.979,13701.193,15088.788
2013-06-05 05:00:00,12726.425,13704.071,18190.979,13701.193,15088.788
2013-06-05 06:00:00,12726.425,13704.071,18190.979,13701.193,15088.788
2013-06-05 07:00:00,12726.425,13704.071,18190.979,13701.193,15088.788
2013-06-05 08:00:00,12726.425,13704.071,18190.979,13701.193,15088.788
2013-06-05 09:00:00,12726.425,13704.071,18190.979,13701.193,15088.788
2013-06-05 10:00:00,12726.448,13704.071,18190.979,13701.193,15088.788
2013-06-05 11:00:00,12726.448,13704.071,18190.979,13701.193,15088.788
2013-06-05 12:00:00,12726.448,13704.071,18190.979,13701.197,15088.788
2013-06-05 13:00:00,12726.448,13704.071,18190.979,13701.241,15088.788
2013-06-05 14:00:00,12726.448,13704.1,18190.979,13701.554,15088.788
2013-06-05 15:00:00,12726.448,13704.1,18190.979,13701.554,15088.806
2013-06-05 16:00:00,12726.448,13704.115,18190.979,13702.169,15089.215
2013-06-05 17:00:00,12726.448,13704.183,18191.65,13703.851,15089.215
2013-06-05 18:00:00,12726.861,13704.183,18191.678,13704.067,15089.215
2013-06-05 19:00:00,12727.054,13704.183,18191.678,13704.173,15089.215
2013-06-05 20:00:00,12727.174,13704.183,18191.678,13704.173,15089.215
2013-06-05 21:00:00,12727.174,13704.183,18191.678,13704.173,15089.215
2013-06-05 22:00:00,12727.174,13704.291,18191.678,13704.173,15089.215
2013-06-05 23:00:00,12727.174,13704.291,18191.678,13704.173,15089.215
2013-06-06 00:00:00,12727.174,13704.356,18191.678,13704.173,15089.215
2013-06-06 01:00:00,12727.175,13705.092,18191.678,13704.934,15089.27
2013-06-06 02:00:00,12727.175,13705.93,18191.678,13705.951,15089.27
2013-06-06 03:00:00,12727.685,13706.563,18191.88,13707.156,15089.27
2013-06-06 04:00:00,12727.812,13706.576,18191.988,13707.786,15089.27
2013-06-06 05:00:00,12727.901,13706.576,18191.988,13707.786,15089.279
2013-06-06 06:00:00,12727.901,13706.576,18191.988,13707.786,15089.279
2013-06-06 07:00:00,12727.959,13706.576,18191.988,13707.807,15089.279
2013-06-06 08:00:00,12728.296,13706.576,18191.988,13707.807,15089.279
2013-06-06 09:00:00,12728.526,13706.576,18191.988,13707.807,15089.279
2013-06-06 10:00:00,12728.526,13706.576,18191.988,13708.194,15089.279
2013-06-06 11:00:00,12729.792,13706.576,18191.988,13708.194,15089.279
2013-06-06 12:00:00,12731.822,13706.641,18191.988,13708.194,15089.279
2013-06-06 13:00:00,12731.822,13706.641,18191.988,13708.194,15089.279
2013-06-06 14:00:00,12731.822,13706.641,18191.988,13708.194,15089.306
2013-06-06 15:00:00,12731.822,13707.145,18191.988,13708.351,15089.462
2013-06-06 16:00:00,12731.834,13708.455,18192.02,13708.397,15090.268
2013-06-06 17:00:00,12731.851,13709.586,18192.047,13708.397,15090.9795
2013-06-06 18:00:00,12731.851,13709.713,18192.055,13708.397,15091.945
2013-06-06 19:00:00,12731.851,13709.747,18192.055,13708.397,15092.574
2013-06-06 20:00:00,12731.851,13709.756,18192.055,13708.397,15092.784
2013-06-06 21:00:00,12731.851,13710.066,18192.055,13708.397,15093.185
2013-06-06 22:00:00,12731.851,13710.102,18192.055,13708.397,15093.488
2013-06-06 23:00:00,12731.851,13710.102,18192.055,13708.397,15093.691
2013-06-07 00:00:00,12731.851,13710.102,18192.055,13708.397,15093.691
2013-06-07 01:00:00,12731.851,13710.122,18192.055,13708.397,15093.691
2013-06-07 02:00:00,12731.851,13710.122,18192.055,13708.397,15093.691
2013-06-07 03:00:00,12731.851,13710.122,18192.055,13708.397,15093.691
2013-06-07 04:00:00,12731.851,13710.254,18192.055,13708.397,15093.691
2013-06-07 05:00:00,12731.851,13710.254,18192.055,13708.397,15093.691
2013-06-07 06:00:00,12731.851,13710.254,18192.055,13708.397,15093.691
2013-06-07 07:00:00,12731.851,13710.254,18192.055,13708.397,15093.691
2013-06-07 08:00:00,12731.851,13710.254,18192.055,13708.397,15093.691
2013-06-07 09:00:00,12731.851,13710.254,18192.055,13708.397,15093.691
2013-06-07 10:00:00,12731.851,13710.254,18192.055,13708.397,15093.715
2013-06-07 11:00:00,12731.851,13710.44,18192.055,13708.397,15093.829
2013-06-07 12:00:00,12731.851,13710.58,18192.07,13708.397,15093.829
2013-06-07 13:00:00,12731.851,13710.843,18192.07,13708.397,15095.418
2013-06-07 14:00:00,12731.851,13711.4,18192.172,13708.397,15096.37
2013-06-07 15:00:00,12731.851,13711.8125,18192.205,13708.397,15097.092
2013-06-07 16:00:00,12731.851,13711.8125,18192.205,13708.397,15097.117
2013-06-07 17:00:00,12731.851,13711.8125,18192.207,13708.397,15097.117
2013-06-07 18:00:00,12731.851,13711.8125,18192.207,13708.397,15097.277
2013-06-07 19:00:00,12731.851,13711.8125,18192.207,13708.397,15097.289
2013-06-07 20:00:00,12731.851,13711.8125,18192.207,13708.397,15097.329
2013-06-07 21:00:00,12731.851,13712.09,18192.207,13708.397,15097.738
2013-06-07 22:00:00,12731.853,13712.929,18192.207,13708.397,15098.79
2013-06-07 23:00:00,12732.043,13713.415,18192.258,13708.415,15099.396
2013-06-08 00:00:00,12732.208,13713.419,18192.293,13708.415,15099.922
2013-06-08 01:00:00,12732.234,13713.419,18192.293,13708.415,15100.484
2013-06-08 02:00:00,12732.234,13713.419,18192.293,13708.415,15100.587
2013-06-08 03:00:00,12732.234,13713.419,18192.293,13708.415,15100.587
2013-06-08 04:00:00,12732.234,13713.419,18192.293,13708.415,15100.639
2013-06-08 05:00:00,12732.263,13713.419,18192.293,13708.415,15100.709
2013-06-08 06:00:00,12732.263,13713.419,18192.293,13708.415,15100.709
2013-06-08 07:00:00,12732.263,13713.436,18192.293,13708.415,15100.802
2013-06-08 08:00:00,12732.263,13713.491,18192.293,13708.415,15100.83
2013-06-08 09:00:00,12732.263,13713.491,18192.293,13708.415,15100.881
2013-06-08 10:00:00,12732.287,13713.491,18192.432,13708.415,15100.881
2013-06-08 11:00:00,12732.287,13713.491,18192.686,13708.415,15100.881
2013-06-08 12:00:00,12732.287,13713.491,18193.516,13708.415,15101.176
2013-06-08 13:00:00,12732.294,13713.491,18193.56,13708.415,15101.179
2013-06-08 14:00:00,12732.6,13713.491,18193.688,13708.415,15101.179
2013-06-08 15:00:00,12732.661,13713.546,18193.688,13708.415,15101.179
2013-06-08 16:00:00,12732.669,13713.546,18193.688,13708.415,15101.179
2013-06-08 17:00:00,12732.771,13713.55,18193.688,13708.415,15101.19
2013-06-08 18:00:00,12732.869,13713.641,18193.688,13708.415,15101.199
2013-06-08 19:00:00,12733.408,13713.6455,18193.688,13708.415,15101.298
2013-06-08 20:00:00,12733.462,13713.677,18193.688,13708.415,15101.311
2013-06-08 21:00:00,12733.463,13713.705,18193.688,13708.415,15101.311
2013-06-08 22:00:00,12733.463,13713.705,18193.95,13708.415,15101.311
2013-06-08 23:00:00,12733.463,13713.705,18193.95,13708.415,15101.311
2013-06-09 00:00:00,12733.463,13713.705,18193.95,13708.415,15101.355
2013-06-09 01:00:00,12733.463,13713.705,18193.95,13708.415,15101.355
2013-06-09 02:00:00,12733.463,13713.705,18194.01,13708.415,15101.355
2013-06-09 03:00:00,12733.463,13713.705,18194.01,13708.415,15101.407
2013-06-09 04:00:00,12733.463,13713.705,18194.01,13708.415,15101.407
2013-06-09 05:00:00,12733.463,13713.705,18194.01,13708.415,15101.407
2013-06-09 06:00:00,12733.463,13713.705,18194.01,13708.415,15101.407
2013-06-09 07:00:00,12733.463,13713.705,18194.01,13708.415,15101.407
2013-06-09 08:00:00,12733.463,13713.705,18194.01,13708.415,15101.407
2013-06-09 09:00:00,12733.463,13713.705,18194.01,13708.415,15101.407
2013-06-09 10:00:00,12733.463,13713.705,18194.01,13708.415,15101.498
2013-06-09 11:00:00,12733.463,13713.705,18194.01,13708.415,15101.498
2013-06-09 12:00:00,12733.463,13713.705,18194.104,13708.415,15101.498
2013-06-09 13:00:00,12733.463,13713.705,18194.184,13708.415,15101.579
2013-06-09 14:00:00,12733.463,13713.705,18194.184,13708.415,15101.665
2013-06-09 15:00:00,12733.463,13713.705,18194.729,13708.415,15101.665
2013-06-09 16:00:00,12733.463,13713.705,18194.752,13708.415,15101.665
2013-06-09 17:00:00,12733.463,13713.705,18194.752,13708.415,15101.665
2013-06-09 18:00:00,12733.463,13713.705,18194.752,13708.415,15101.665
2013-06-09 19:00:00,12733.463,13713.705,18194.752,13708.415,15101.665
2013-06-09 20:00:00,12733.463,13713.705,18194.752,13708.415,15101.665
2013-06-09 21:00:00,12733.463,13713.705,18194.752,13708.415,15101.665
2013-06-09 22:00:00,12733.463,13713.705,18194.752,13708.415,15101.665
2013-06-09 23:00:00,12733.463,13713.705,18194.752,13708.415,15101.665
2013-06-10 00:00:00,12733.463,13713.705,18194.752,13708.415,15101.665
2013-06-10 01:00:00,12733.463,13713.705,18194.752,13708.415,15101.665
2013-06-10 02:00:00,12733.463,13713.705,18194.752,13708.415,15101.67
2013-06-10 03:00:00,12733.463,13713.705,18194.752,13708.415,15101.67
2013-06-10 04:00:00,12733.463,13713.705,18194.752,13708.415,15101.67
2013-06-10 05:00:00,12733.463,13713.705,18194.752,13708.415,15101.67
2013-06-10 06:00:00,12733.463,13713.705,18194.752,13708.415,15101.67
2013-06-10 07:00:00,12733.463,13713.705,18194.752,13708.415,15101.67
2013-06-10 08:00:00,12733.463,13713.705,18194.752,13708.415,15101.67
2013-06-10 09:00:00,12733.463,13713.705,18194.752,13708.415,15101.67
2013-06-10 10:00:00,12733.463,13713.705,18194.752,13708.415,15101.67
2013-06-10 11:00:00,12733.463,13713.705,18194.752,13708.415,15101.67
2013-06-10 12:00:00,12733.463,13713.705,18194.752,13708.415,15101.67
2013-06-10 13:00:00,12733.463,13713.705,18194.752,13708.415,15101.67
2013-06-10 14:00:00,12733.463,13713.705,18194.752,13708.415,15101.665
2013-06-10 15:00:00,12733.463,13713.705,18194.752,13708.415,15101.665
2013-06-10 16:00:00,12733.463,13713.705,18194.752,13708.415,15101.665
2013-06-10 17:00:00,12733.463,13713.705,18194.752,13708.415,15101.665
2013-06-10 18:00:00,12733.463,13713.705,18194.752,13708.415,15101.665
2013-06-10 19:00:00,12733.463,13713.705,18194.752,13708.415,15101.665
2013-06-10 20:00:00,12733.463,13713.705,18194.752,13708.415,15101.665
2013-06-10 21:00:00,12733.463,13713.705,18194.752,13708.415,15101.665
2013-06-10 22:00:00,12733.463,13713.705,18194.752,13708.415,15101.665
2013-06-10 23:00:00,12733.463,13713.705,18194.752,13708.415,15101.665
2013-06-11 00:00:00,12733.463,13713.705,18194.752,13708.415,15101.67
2013-06-11 01:00:00,12733.463,13713.705,18194.752,13708.415,15101.67
2013-06-11 02:00:00,12733.463,13713.705,18194.752,13708.415,15101.67
2013-06-11 03:00:00,12733.463,13713.705,18194.752,13708.415,15101.67
2013-06-11 04:00:00,12733.463,13713.705,18194.752,13708.415,15101.67
2013-06-11 05:00:00,12733.463,13713.705,18194.752,13708.415,15101.67
2013-06-11 06:00:00,12733.463,13713.705,18194.752,13708.415,15101.67
2013-06-11 07:00:00,12733.463,13713.705,18194.752,13708.415,15101.67
2013-06-11 08:00:00,12733.463,13713.705,18194.752,13708.415,15101.67
2013-06-11 09:00:00,12733.463,13713.705,18194.752,13708.415,15101.67
2013-06-11 10:00:00,12733.463,13713.705,18194.752,13708.415,15101.67
2013-06-11 11:00:00,12733.463,13713.705,18194.752,13708.415,15101.67
2013-06-11 12:00:00,12733.463,13713.705,18194.752,13708.415,15101.67
2013-06-11 13:00:00,12733.463,13713.705,18194.752,13708.415,15101.67
2013-06-11 14:00:00,12733.463,13713.705,18194.752,13708.415,15101.67
2013-06-11 15:00:00,12733.463,13713.705,18194.752,13708.415,15101.67
2013-06-11 16:00:00,12733.463,13713.705,18194.752,13708.415,15101.67
2013-06-11 17:00:00,12733.463,13713.705,18194.752,13708.415,15101.67
2013-06-11 18:00:00,12733.463,13713.705,18194.752,13708.415,15101.67
2013-06-11 19:00:00,12733.463,13713.705,18194.752,13708.415,15101.67
2013-06-11 20:00:00,12733.463,13713.705,18194.752,13708.415,15101.67
2013-06-11 21:00:00,12733.463,13713.705,18194.752,13708.415,15101.67
2013-06-11 22:00:00,12733.463,13713.705,18194.752,13708.415,15101.67
2013-06-11 23:00:00,12733.463,13713.705,18194.752,13708.415,15101.67
2013-06-12 00:00:00,12733.463,13713.705,18194.752,13708.415,15101.67
2013-06-12 01:00:00,12733.463,13713.705,18194.752,13708.415,15101.67
2013-06-12 02:00:00,12733.463,13713.705,18194.752,13708.415,15101.67
2013-06-12 03:00:00,12733.463,13713.705,18194.752,13708.415,15101.67
2013-06-12 04:00:00,12733.463,13713.705,18194.752,13708.415,15101.67
2013-06-12 05:00:00,12733.463,13713.705,18194.752,13708.415,15101.67
2013-06-12 06:00:00,12733.463,13713.705,18194.752,13708.415,15101.67
2013-06-12 07:00:00,12733.463,13713.705,18194.752,13708.415,15101.67
2013-06-12 08:00:00,12733.463,13713.705,18194.752,13708.415,15101.67
2013-06-12 09:00:00,12733.463,13713.705,18194.752,13708.415,15101.67
2013-06-12 10:00:00,12733.463,13713.705,18194.752,13708.415,15101.67
2013-06-12 11:00:00,12733.463,13713.705,18194.752,13708.415,15101.67
2013-06-12 12:00:00,12733.463,13713.705,18194.752,13708.415,15101.67
2013-06-12 13:00:00,12733.463,13713.705,18194.752,13708.415,15101.67
2013-06-12 14:00:00,12733.463,13713.705,18194.752,13708.415,15101.67
2013-06-12 15:00:00,12733.463,13713.705,18194.752,13708.415,15101.67
2013-06-12 16:00:00,12733.463,13713.705,18194.752,13708.415,15101.67
2013-06-12 17:00:00,12733.463,13713.705,18194.752,13708.415,15101.67
2013-06-12 18:00:00,12733.463,13713.705,18194.752,13708.415,15101.67
2013-06-12 19:00:00,12733.842,13713.705,18194.78,13708.495,15102.048
2013-06-12 20:00:00,12734.363,13714.55,18194.873,13709.45,15103.374
2013-06-12 21:00:00,12735.041,13714.818,18194.873,13709.661,15103.475
2013-06-12 22:00:00,12735.053,13715.409,18194.873,13709.996,15103.475
2013-06-12 23:00:00,12735.147,13715.545,18194.873,13710.641,15103.5205
2013-06-13 00:00:00,12735.314,13716.423,18194.873,13711.379,15103.5205
2013-06-13 01:00:00,12736.97,13716.542,18194.873,13711.982,15103.5205
2013-06-13 02:00:00,12737.094,13716.542,18194.873,13712.327,15103.5205
2013-06-13 03:00:00,12737.661,13716.57,18194.873,13712.327,15103.5205
2013-06-13 04:00:00,12738.487,13716.599,18194.873,13712.97,15103.619
2013-06-13 05:00:00,12739.266,13716.666,18194.873,13714.054,15103.648
2013-06-13 06:00:00,12739.628,13716.708,18194.873,13714.939,15103.648
2013-06-13 07:00:00,12739.628,13716.998,18194.873,13715.042,15103.648
2013-06-13 08:00:00,12739.628,13718.457,18194.873,13715.27,15103.923
2013-06-13 09:00:00,12739.628,13719.214,18194.873,13715.641,15104.133
2013-06-13 10:00:00,12739.917,13719.294,18194.873,13716.011,15104.133
2013-06-13 11:00:00,12740.18,13719.331,18194.873,13716.011,15104.521
2013-06-13 12:00:00,12740.18,13719.331,18194.93,13716.011,15104.528
2013-06-13 13:00:00,12740.18,13719.331,18194.93,13716.011,15104.528
2013-06-13 14:00:00,12740.216,13719.331,18194.93,13716.011,15104.56
2013-06-13 15:00:00,12740.216,13721.83,18195.025,13716.073,15109.764
2013-06-13 16:00:00,12740.896,13721.942,18196.414,13718.872,15110.571
2013-06-13 17:00:00,12743.526,13721.948,18196.414,13718.976,15110.795
2013-06-13 18:00:00,12743.526,13721.948,18196.602,13718.976,15111.06
2013-06-13 19:00:00,12743.526,13722.371,18196.602,13718.977,15111.063
2013-06-13 20:00:00,12743.526,13722.558,18196.777,13719.369,15111.063
2013-06-13 21:00:00,12743.568,13722.8955,18196.777,13720.013,15111.063
2013-06-13 22:00:00,12743.721,13724.179,18196.777,13721.127,15111.957
2013-06-13 23:00:00,12744.12,13725.215,18196.777,13721.841,15113.981
2013-06-14 00:00:00,12745.076,13725.888,18196.809,13722.259,15113.981
2013-06-14 01:00:00,12746.011,13725.888,18196.809,13722.259,15114.013
2013-06-14 02:00:00,12746.919,13725.888,18196.809,13722.259,15114.013
2013-06-14 03:00:00,12746.919,13725.888,18196.809,13722.259,15114.013
2013-06-14 04:00:00,12746.919,13725.888,18196.809,13722.307,15114.112
2013-06-14 05:00:00,12746.9375,13726.762,18198.168,13722.516,15114.14
2013-06-14 06:00:00,12746.991,13726.763,18198.32,13722.78,15114.247
2013-06-14 07:00:00,12746.991,13727.008,18198.543,13722.78,15114.712
2013-06-14 08:00:00,12746.991,13727.097,18199.324,13722.929,15115.204
2013-06-14 09:00:00,12746.991,13727.224,18199.676,13723.242,15116.898
2013-06-14 10:00:00,12746.991,13727.224,18201.03,13723.519,15117.617
2013-06-14 11:00:00,12746.991,13727.224,18201.965,13723.519,15118.648
2013-06-14 12:00:00,12746.991,13727.579,18202.004,13723.611,15118.659
2013-06-14 13:00:00,12746.991,13727.694,18202.004,13723.762,15118.659
2013-06-14 14:00:00,12746.991,13727.829,18202.004,13723.804,15118.659
2013-06-14 15:00:00,12746.991,13727.979,18202.004,13723.875,15118.659
2013-06-14 16:00:00,12746.991,13728.189,18202.412,13723.875,15118.746
2013-06-14 17:00:00,12747.124,13728.277,18205.59,13725.489,15118.896
2013-06-14 18:00:00,12747.143,13728.317,18208.965,13727.358,15119.212
2013-06-14 19:00:00,12747.143,13728.346,18212.13,13728.701,15119.535
2013-06-14 20:00:00,12747.143,13729.431,18214.988,13730.144,15120.4375
2013-06-14 21:00:00,12747.143,13730.0625,18216.482,13731.376,15120.566
2013-06-14 22:00:00,12747.143,13730.0625,18219.225,13732.101,15121.267
2013-06-14 23:00:00,12747.143,13730.069,18221.158,13733.045,15121.406
2013-06-15 00:00:00,12747.143,13730.168,18226.395,13734.647,15121.745
2013-06-15 01:00:00,12747.143,13730.168,18226.395,13734.647,15121.745
2013-06-15 02:00:00,12747.143,13730.168,18226.395,13734.647,15121.745
2013-06-15 03:00:00,12747.143,13730.168,18226.395,13734.647,15121.745
2013-06-15 04:00:00,12747.143,13730.168,18226.395,13734.647,15121.745
2013-06-15 05:00:00,12747.143,13730.168,18226.395,13734.647,15121.745
2013-06-15 06:00:00,12747.143,13730.168,18226.395,13734.647,15121.745
2013-06-15 07:00:00,12747.143,13730.168,18226.395,13734.647,15121.745
2013-06-15 08:00:00,12747.143,13730.168,18226.395,13734.647,15121.745
2013-06-15 09:00:00,12747.143,13730.168,18226.395,13734.647,15121.745
2013-06-15 10:00:00,12747.143,13730.168,18226.395,13734.647,15121.745
2013-06-15 11:00:00,12747.143,13730.168,18226.395,13734.647,15121.745
2013-06-15 12:00:00,12747.143,13730.168,18226.395,13734.647,15121.745
2013-06-15 13:00:00,12747.143,13730.168,18226.395,13734.647,15121.745
2013-06-15 14:00:00,12747.143,13730.168,18226.395,13734.647,15121.745
2013-06-15 15:00:00,12747.143,13730.168,18226.395,13734.647,15121.745
2013-06-15 16:00:00,12747.143,13730.168,18226.395,13734.647,15121.745
2013-06-15 17:00:00,12747.143,13730.168,18226.395,13734.647,15121.745
2013-06-15 18:00:00,12747.143,13730.222,18226.395,13734.668,15121.745
2013-06-15 19:00:00,12747.143,13730.222,18226.395,13734.668,15121.745
2013-06-15 20:00:00,12747.143,13730.168,18222.662,13733.87,15121.525
2013-06-15 21:00:00,12747.143,13730.168,18224.266,13734.252,15121.6875
2013-06-15 22:00:00,12747.143,13730.168,18226.371,13734.647,15121.745
2013-06-15 23:00:00,12747.143,13730.168,18226.395,13734.647,15121.745
2013-06-16 00:00:00,12750.746,13730.249,18232.21,13735.436,15121.745
2013-06-16 01:00:00,12750.746,13730.249,18232.21,13735.436,15121.745
2013-06-16 02:00:00,12750.746,13730.249,18232.21,13735.436,15121.745
2013-06-16 03:00:00,12747.36,13730.222,18226.395,13734.688,15121.745
2013-06-16 04:00:00,12747.36,13730.222,18226.395,13734.688,15121.745
2013-06-16 05:00:00,12747.36,13730.222,18226.395,13734.688,15121.745
2013-06-16 06:00:00,12747.36,13730.222,18226.395,13734.688,15121.745
2013-06-16 07:00:00,12747.36,13730.222,18226.395,13734.688,15121.745
2013-06-16 08:00:00,12747.36,13730.222,18226.395,13734.688,15121.745
2013-06-16 09:00:00,12747.36,13730.222,18226.395,13734.688,15121.745
2013-06-16 10:00:00,12747.36,13730.222,18226.395,13734.688,15121.745
2013-06-16 11:00:00,12747.36,13730.222,18226.395,13734.688,15121.745
2013-06-16 12:00:00,12747.36,13730.222,18226.395,13734.688,15121.745
2013-06-16 13:00:00,12747.36,13730.222,18226.395,13734.688,15121.745
2013-06-16 14:00:00,12747.36,13730.222,18226.395,13734.688,15121.745
2013-06-16 15:00:00,12747.36,13730.222,18226.395,13734.688,15121.745
2013-06-16 16:00:00,12747.36,13730.222,18226.395,13734.688,15121.745
2013-06-16 17:00:00,12747.5205,13730.222,18226.395,13734.688,15121.745
2013-06-16 18:00:00,12748.806,13730.222,18228.434,13734.688,15121.745
2013-06-16 19:00:00,12749.449,13730.249,18230.68,13734.707,15121.745
2013-06-16 20:00:00,12750.193,13730.249,18232.207,13735.235,15121.745
2013-06-16 21:00:00,12750.467,13730.249,18232.21,13735.436,15121.745
2013-06-16 22:00:00,12750.746,13730.249,18232.21,13735.436,15121.745
2013-06-16 23:00:00,12750.746,13730.249,18232.21,13735.436,15121.745
2013-06-17 00:00:00,12750.746,13730.249,18232.21,13735.436,15121.745
2013-06-17 01:00:00,12750.746,13730.249,18232.21,13735.436,15121.766
2013-06-17 02:00:00,12750.746,13730.283,18232.21,13735.436,15121.779
2013-06-17 03:00:00,12750.746,13730.283,18232.21,13735.436,15121.831
2013-06-17 04:00:00,12750.746,13730.283,18232.21,13735.436,15121.836
2013-06-17 05:00:00,12750.746,13730.283,18232.21,13735.436,15121.846
2013-06-17 06:00:00,12750.746,13730.283,18232.21,13735.436,15121.846
2013-06-17 07:00:00,12750.746,13730.283,18232.21,13735.436,15122.193
2013-06-17 08:00:00,12750.746,13730.283,18232.21,13735.436,15122.563
2013-06-17 09:00:00,12750.746,13730.283,18232.21,13735.436,15122.594
2013-06-17 10:00:00,12750.746,13730.283,18232.21,13735.436,15122.602
2013-06-17 11:00:00,12750.746,13730.376,18232.21,13735.436,15122.612
2013-06-17 12:00:00,12750.746,13730.464,18232.21,13735.436,15123.652
2013-06-17 13:00:00,12750.746,13730.464,18232.21,13735.436,15124.658
2013-06-17 14:00:00,12750.746,13730.464,18232.21,13735.436,15124.698
2013-06-17 15:00:00,12750.746,13730.484,18232.21,13735.436,15125.288
2013-06-17 16:00:00,12750.746,13730.484,18232.363,13735.436,15125.31
2013-06-17 17:00:00,12750.746,13730.518,18232.363,13735.436,15125.31
2013-06-17 18:00:00,12750.746,13730.975,18232.363,13735.436,15125.324
2013-06-17 19:00:00,12750.746,13731.076,18232.363,13735.436,15125.324
2013-06-17 20:00:00,12750.746,13731.076,18232.363,13735.448,15125.324
2013-06-17 21:00:00,12750.746,13731.076,18232.363,13735.448,15125.391
2013-06-17 22:00:00,12750.746,13731.076,18232.363,13735.448,15125.415
2013-06-17 23:00:00,12750.746,13731.076,18232.363,13735.448,15125.415
2013-06-18 00:00:00,12750.746,13731.076,18232.363,13735.448,15125.415
2013-06-18 01:00:00,12750.746,13731.076,18232.363,13735.448,15125.415
2013-06-18 02:00:00,12750.746,13731.076,18232.363,13735.448,15125.415
2013-06-18 03:00:00,12750.746,13731.076,18232.363,13735.448,15125.415
2013-06-18 04:00:00,12750.746,13731.076,18232.363,13735.448,15125.415
2013-06-18 05:00:00,12750.746,13731.076,18232.363,13735.448,15125.415
2013-06-18 06:00:00,12750.746,13731.076,18232.363,13735.448,15125.415
2013-06-18 07:00:00,12750.746,13731.076,18232.363,13735.448,15125.415
2013-06-18 08:00:00,12750.746,13731.076,18232.363,13735.448,15125.415
2013-06-18 09:00:00,12750.746,13731.076,18232.363,13735.448,15125.415
2013-06-18 10:00:00,12750.746,13731.076,18232.363,13735.448,15125.415
2013-06-18 11:00:00,12750.746,13731.076,18232.363,13735.448,15125.415
2013-06-18 12:00:00,12750.746,13731.076,18232.363,13735.448,15125.415
2013-06-18 13:00:00,12750.746,13731.076,18232.363,13735.448,15125.415
2013-06-18 14:00:00,12750.746,13731.076,18232.363,13735.448,15125.415
2013-06-18 15:00:00,12750.746,13731.076,18232.363,13735.448,15125.415
2013-06-18 16:00:00,12750.746,13731.076,18232.363,13735.448,15125.415
2013-06-18 17:00:00,12750.746,13731.076,18232.363,13735.448,15125.415
2013-06-18 18:00:00,12750.746,13731.076,18232.363,13735.448,15125.415
2013-06-18 19:00:00,12750.746,13731.076,18232.363,13735.448,15125.415
2013-06-18 20:00:00,12750.746,13731.076,18232.363,13735.448,15125.415
2013-06-18 21:00:00,12750.746,13731.076,18232.363,13735.448,15125.415
2013-06-18 22:00:00,12750.746,13731.076,18232.363,13735.448,15125.415
2013-06-18 23:00:00,12750.746,13731.076,18232.363,13735.448,15125.415
2013-06-19 00:00:00,12750.746,13731.076,18232.363,13735.448,15125.415
2013-06-19 01:00:00,12750.746,13731.076,18232.363,13735.448,15125.415
2013-06-19 02:00:00,12750.746,13731.076,18232.363,13735.448,15125.415
2013-06-19 03:00:00,12750.746,13731.076,18232.363,13735.448,15125.415
2013-06-19 04:00:00,12750.746,13731.076,18232.363,13735.448,15125.415
2013-06-19 05:00:00,12750.746,13731.076,18232.363,13735.448,15125.415
2013-06-19 06:00:00,12750.746,13731.076,18232.363,13735.448,15125.415
2013-06-19 07:00:00,12750.746,13731.076,18232.363,13735.448,15125.415
2013-06-19 08:00:00,12750.746,13731.076,18232.363,13735.448,15125.415
2013-06-19 09:00:00,12750.746,13731.076,18232.363,13735.448,15125.415
2013-06-19 10:00:00,12750.746,13731.076,18232.363,13735.448,15125.415
2013-06-19 11:00:00,12750.746,13731.076,18232.363,13735.448,15125.415
2013-06-19 12:00:00,12750.746,13731.076,18232.363,13735.448,15125.415
2013-06-19 13:00:00,12750.746,13731.076,18232.363,13735.448,15125.415
2013-06-19 14:00:00,12750.746,13731.076,18232.363,13735.448,15125.415
2013-06-19 15:00:00,12750.746,13731.076,18232.363,13735.448,15125.415
2013-06-19 16:00:00,12750.83,13731.076,18232.373,13736.136,15125.415
2013-06-19 17:00:00,12752.245,13731.878,18232.463,13738.083,15125.415
2013-06-19 18:00:00,12753.689,13732.327,18232.48,13739.5205,15125.9375
2013-06-19 19:00:00,12754.735,13732.365,18232.48,13740.28,15125.9375
2013-06-19 20:00:00,12754.735,13733.096,18232.48,13740.478,15125.9375
2013-06-19 21:00:00,12755.618,13733.94,18232.48,13743.174,15125.956
2013-06-19 22:00:00,12756.8545,13734.107,18232.48,13744.001,15126.041
2013-06-19 23:00:00,12757.372,13734.649,18232.48,13744.712,15126.326
2013-06-20 00:00:00,12757.833,13734.649,18232.48,13744.801,15126.367
2013-06-20 01:00:00,12757.833,13734.73,18232.48,13744.801,15127.076
2013-06-20 02:00:00,12757.833,13735.039,18232.48,13744.858,15127.154
2013-06-20 03:00:00,12757.833,13735.039,18232.48,13744.959,15127.154
2013-06-20 04:00:00,12757.833,13735.039,18232.48,13744.959,15127.158
2013-06-20 05:00:00,12757.833,13735.039,18232.48,13744.959,15127.164
2013-06-20 06:00:00,12757.833,13735.039,18232.48,13744.959,15127.164
2013-06-20 07:00:00,12757.833,13735.039,18232.48,13744.959,15127.164
2013-06-20 08:00:00,12757.833,13735.039,18232.48,13744.959,15127.164
2013-06-20 09:00:00,12757.833,13735.039,18232.48,13744.959,15127.164
2013-06-20 10:00:00,12757.833,13735.039,18232.48,13744.959,15127.164
2013-06-20 11:00:00,12757.833,13735.039,18232.48,13744.959,15127.164
2013-06-20 12:00:00,12757.833,13735.039,18232.48,13744.959,15127.164
2013-06-20 13:00:00,12757.833,13735.039,18232.48,13744.959,15127.164
2013-06-20 14:00:00,12757.833,13735.039,18232.48,13744.959,15127.164
2013-06-20 15:00:00,12757.833,13735.039,18232.48,13744.959,15127.164
2013-06-20 16:00:00,12757.833,13735.039,18232.48,13744.959,15127.164
2013-06-20 17:00:00,12757.833,13735.039,18232.48,13744.959,15127.164
2013-06-20 18:00:00,12757.833,13735.039,18232.48,13744.959,15127.164
2013-06-20 19:00:00,12757.833,13735.039,18232.48,13744.959,15127.164
2013-06-20 20:00:00,12757.833,13735.039,18232.48,13744.959,15127.164
2013-06-20 21:00:00,12757.833,13735.039,18232.48,13744.959,15127.164
2013-06-20 22:00:00,12757.833,13735.039,18232.48,13744.959,15127.164
2013-06-20 23:00:00,12757.833,13735.039,18232.48,13744.959,15127.164
2013-06-21 00:00:00,12759.321,13736.171,18236.055,13746.278,15133.652
2013-06-21 01:00:00,12759.66,13737.234,18236.055,13747.674,15133.652
2013-06-21 02:00:00,12760.678,13738.457,18238.55,13749.238,15134.998
2013-06-21 03:00:00,12763.305,13740.323,18243.438,13752.438,15135.456
2013-06-21 04:00:00,12766.133,13742.684,18246.85,13755.479,15135.58
2013-06-21 05:00:00,12767.439,13744.424,18251.062,13756.732,15136.922
2013-06-21 06:00:00,12770.953,13748.755,18253.105,13762.022,15138.199
2013-06-21 07:00:00,12774.737,13755.856,18255.473,13766.416,15139.593
2013-06-21 08:00:00,12776.435,13758.273,18256.818,13769.306,15140.308
2013-06-21 09:00:00,12757.833,13735.039,18232.48,13744.959,15127.164
2013-06-21 10:00:00,12757.833,13735.039,18232.48,13744.959,15127.164
2013-06-21 11:00:00,12757.833,13735.039,18232.48,13744.959,15127.164
2013-06-21 12:00:00,12757.833,13735.039,18232.48,13744.959,15127.164
2013-06-21 13:00:00,12757.833,13735.039,18232.48,13744.959,15127.164
2013-06-21 14:00:00,12757.833,13735.039,18232.48,13744.959,15127.164
2013-06-21 15:00:00,12757.833,13735.039,18232.48,13744.959,15127.164
2013-06-21 16:00:00,12757.833,13735.039,18232.48,13744.959,15127.274
2013-06-21 17:00:00,12757.833,13735.039,18232.693,13744.959,15128.2295
2013-06-21 18:00:00,12757.833,13735.039,18232.812,13744.959,15128.815
2013-06-21 19:00:00,12757.833,13735.039,18232.812,13744.959,15129.437
2013-06-21 20:00:00,12757.835,13735.039,18232.82,13744.979,15130.252
2013-06-21 21:00:00,12758.557,13735.924,18234.564,13745.581,15132.565
2013-06-21 22:00:00,12758.942,13736.171,18235.85,13746.278,15133.55
2013-06-21 23:00:00,12759.321,13736.171,18236.055,13746.322,15133.652
2013-06-22 00:00:00,12776.973,13759.6875,18257.688,13769.974,15140.928
2013-06-22 01:00:00,12776.973,13761.328,18257.979,13771.446,15141.554
2013-06-22 02:00:00,12777.639,13762.017,18259.348,13772.125,15142.338
2013-06-22 03:00:00,12778.624,13763.195,18260.713,13773.204,15143.662
2013-06-22 04:00:00,12779.707,13764.88,18262.078,13774.572,15145.363
2013-06-22 05:00:00,12780.574,13765.64,18262.559,13775.459,15147.365
2013-06-22 06:00:00,12781.176,13766.388,18262.736,13776.143,15149.528
2013-06-22 07:00:00,12781.715,13768.027,18264.195,13777.065,15150.547
2013-06-22 08:00:00,12782.462,13768.701,18265.902,13777.799,15151.147
2013-06-22 09:00:00,12782.537,13769.965,18267.238,13778.566,15151.896
2013-06-22 10:00:00,12782.917,13771.384,18268.588,13780.194,15153.686
2013-06-22 11:00:00,12783.837,13773.263,18270.299,13781.261,15153.908
2013-06-22 12:00:00,12784.227,13774.016,18271.176,13783.111,15153.908
2013-06-22 13:00:00,12784.561,13774.016,18271.176,13783.111,15153.908
2013-06-22 14:00:00,12784.561,13774.107,18271.176,13783.254,15153.908
2013-06-22 15:00:00,12784.561,13774.153,18271.176,13783.6455,15154.084
2013-06-22 16:00:00,12784.561,13774.153,18271.176,13783.6455,15154.084
2013-06-22 17:00:00,12784.591,13774.153,18271.176,13783.6455,15154.084
2013-06-22 18:00:00,12784.599,13774.153,18271.176,13783.6455,15154.084
2013-06-22 19:00:00,12784.752,13774.153,18271.176,13783.6455,15154.084
2013-06-22 20:00:00,12784.757,13774.153,18271.176,13783.6455,15154.084
2013-06-22 21:00:00,12784.757,13774.153,18271.176,13783.6455,15154.084
2013-06-22 22:00:00,12784.757,13774.153,18271.176,13783.6455,15154.084
2013-06-22 23:00:00,12784.757,13774.153,18271.176,13783.6455,15154.084
2013-06-23 00:00:00,12786.467,13784.792,18272.826,13789.801,15158.834
2013-06-23 01:00:00,12786.475,13784.792,18272.826,13789.801,15158.834
2013-06-23 02:00:00,12786.475,13784.792,18272.826,13789.801,15158.84
2013-06-23 03:00:00,12786.475,13784.792,18272.826,13790.081,15158.84
2013-06-23 04:00:00,12786.835,13785.299,18273.258,13790.929,15159.165
2013-06-23 05:00:00,12787.352,13785.417,18273.84,13790.929,15160.873
2013-06-23 06:00:00,12787.352,13786.429,18273.84,13791.172,15163.296
2013-06-23 07:00:00,12788.096,13787.635,18273.854,13791.848,15164.587
2013-06-23 08:00:00,12788.096,13788.125,18274.566,13791.875,15164.587
2013-06-23 09:00:00,12788.096,13789.0625,18274.566,13791.902,15165.498
2013-06-23 10:00:00,12789.22,13789.177,18274.576,13793.045,15165.923
2013-06-23 11:00:00,12784.757,13775.752,18271.176,13784.359,15154.084
2013-06-23 12:00:00,12785.496,13779.658,18271.176,13786.873,15155.517
2013-06-23 13:00:00,12786.467,13781.62,18271.355,13787.685,15157.164
2013-06-23 14:00:00,12786.467,13782.582,18272.27,13789.619,15158.38
2013-06-23 15:00:00,12786.467,13782.672,18272.78,13789.801,15158.834
2013-06-23 16:00:00,12786.467,13782.672,18272.78,13789.801,15158.834
2013-06-23 17:00:00,12786.467,13782.672,18272.78,13789.801,15158.834
2013-06-23 18:00:00,12786.467,13782.672,18272.78,13789.801,15158.834
2013-06-23 19:00:00,12786.467,13782.672,18272.78,13789.801,15158.834
2013-06-23 20:00:00,12786.467,13782.904,18272.78,13789.801,15158.834
2013-06-23 21:00:00,12786.467,13784.791,18272.78,13789.801,15158.834
2013-06-23 22:00:00,12786.467,13784.792,18272.826,13789.801,15158.834
2013-06-23 23:00:00,12786.467,13784.792,18272.826,13789.801,15158.834
2013-06-24 00:00:00,12789.231,13789.177,18276.06,13793.045,15166.403
2013-06-24 01:00:00,12789.231,13789.177,18276.06,13793.045,15166.553
2013-06-24 02:00:00,12789.231,13789.177,18276.06,13793.045,15166.553
2013-06-24 03:00:00,12789.231,13789.177,18276.06,13793.045,15166.553
2013-06-24 04:00:00,12789.231,13789.383,18276.06,13793.045,15166.769
2013-06-24 05:00:00,12789.231,13789.383,18276.06,13793.045,15166.864
2013-06-24 06:00:00,12789.231,13789.383,18276.06,13793.045,15166.864
2013-06-24 07:00:00,12789.231,13789.383,18276.06,13793.045,15166.864
2013-06-24 08:00:00,12789.231,13789.383,18276.06,13793.045,15166.864
2013-06-24 09:00:00,12789.231,13789.383,18276.06,13793.045,15166.864
2013-06-24 10:00:00,12789.231,13789.383,18276.06,13793.045,15166.864
2013-06-24 11:00:00,12789.5625,13789.418,18276.06,13793.532,15166.864
2013-06-24 12:00:00,12789.575,13790.028,18276.06,13793.532,15166.864
2013-06-24 13:00:00,12789.615,13790.064,18276.361,13794.828,15166.864
2013-06-24 14:00:00,12790.411,13790.064,18276.496,13794.912,15166.947
2013-06-24 15:00:00,12790.411,13790.064,18276.496,13794.912,15167.028
2013-06-24 16:00:00,12790.411,13790.161,18276.496,13794.912,15167.028
2013-06-24 17:00:00,12790.411,13790.402,18276.496,13794.912,15167.028
2013-06-24 18:00:00,12790.411,13791.089,18276.496,13795.792,15167.301
2013-06-24 19:00:00,12790.411,13790.839,18276.496,13794.92,15167.209
2013-06-24 20:00:00,12790.426,13791.18,18276.496,13796.302,15167.301
2013-06-24 21:00:00,12791.222,13791.276,18276.496,13796.712,15167.35
2013-06-24 22:00:00,12791.558,13791.276,18276.496,13796.712,15167.35
2013-06-24 23:00:00,12791.558,13791.276,18276.496,13796.712,15167.35
2013-06-25 00:00:00,12791.558,13791.276,18276.496,13796.712,15167.475
2013-06-25 01:00:00,12791.558,13791.276,18276.496,13796.712,15167.573
2013-06-25 02:00:00,12791.558,13791.276,18276.496,13796.712,15167.906
2013-06-25 03:00:00,12791.558,13791.501,18276.496,13796.712,15168.188
2013-06-25 04:00:00,12791.558,13791.521,18276.496,13796.712,15168.732
2013-06-25 05:00:00,12791.558,13791.621,18276.496,13796.712,15168.732
2013-06-25 06:00:00,12791.558,13791.621,18276.496,13796.712,15168.974
2013-06-25 07:00:00,12791.558,13791.621,18276.496,13796.712,15168.974
2013-06-25 08:00:00,12791.558,13791.621,18276.496,13796.712,15168.981
2013-06-25 09:00:00,12791.558,13791.621,18276.496,13796.712,15169.007
2013-06-25 10:00:00,12791.558,13791.621,18276.496,13796.712,15169.393
2013-06-25 11:00:00,12791.558,13791.621,18276.496,13796.712,15169.393
2013-06-25 12:00:00,12791.558,13791.621,18276.496,13796.712,15169.975
2013-06-25 13:00:00,12791.558,13791.621,18276.496,13796.712,15169.977
2013-06-25 14:00:00,12791.558,13791.621,18276.496,13796.712,15169.977
2013-06-25 15:00:00,12791.558,13791.621,18276.496,13796.712,15169.977
2013-06-25 16:00:00,12791.558,13791.621,18276.496,13796.712,15169.977
2013-06-25 17:00:00,12791.558,13791.621,18276.496,13796.712,15169.977
2013-06-25 18:00:00,12791.558,13791.621,18276.496,13796.712,15169.982
2013-06-25 19:00:00,12791.558,13791.621,18276.496,13796.712,15169.982
2013-06-25 20:00:00,12791.558,13791.621,18276.496,13796.712,15169.982
2013-06-25 21:00:00,12791.558,13791.621,18276.496,13796.712,15169.982
2013-06-25 22:00:00,12791.558,13791.621,18276.496,13796.712,15169.982
2013-06-25 23:00:00,12791.558,13791.621,18276.496,13796.712,15169.982
2013-06-26 00:00:00,12791.558,13791.621,18276.496,13796.712,15169.982
2013-06-26 01:00:00,12791.558,13791.621,18276.496,13796.712,15169.982
2013-06-26 02:00:00,12791.558,13791.621,18276.496,13796.712,15169.982
2013-06-26 03:00:00,12791.558,13791.621,18276.496,13796.712,15169.982
2013-06-26 04:00:00,12791.558,13791.621,18276.496,13796.712,15169.982
2013-06-26 05:00:00,12791.558,13791.621,18276.496,13796.712,15169.982
2013-06-26 06:00:00,12791.558,13791.621,18276.496,13796.712,15169.982
2013-06-26 07:00:00,12791.558,13791.621,18276.496,13796.712,15169.982
2013-06-26 08:00:00,12791.558,13791.621,18276.496,13796.712,15169.982
2013-06-26 09:00:00,12791.558,13791.621,18276.496,13796.712,15169.982
2013-06-26 10:00:00,12791.558,13791.621,18276.496,13796.712,15169.982
2013-06-26 11:00:00,12791.558,13791.621,18276.496,13796.712,15169.982
2013-06-26 12:00:00,12791.558,13791.621,18276.496,13796.712,15169.982
2013-06-26 13:00:00,12791.558,13791.621,18276.496,13796.712,15169.982
2013-06-26 14:00:00,12791.558,13791.621,18276.496,13796.712,15169.982
2013-06-26 15:00:00,12791.558,13791.621,18276.496,13796.712,15169.982
2013-06-26 16:00:00,12791.558,13791.621,18276.496,13796.712,15169.982
2013-06-26 17:00:00,12791.896,13791.621,18276.496,13796.712,15169.982
2013-06-26 18:00:00,12793.369,13791.621,18276.496,13797.114,15169.982
2013-06-26 19:00:00,12794.362,13792.135,18277.152,13798.124,15169.982
2013-06-26 20:00:00,12791.558,13791.621,18276.496,13796.712,15169.982
2013-06-26 21:00:00,12791.558,13791.621,18276.496,13796.712,15169.982
2013-06-26 22:00:00,12791.558,13791.621,18276.496,13796.712,15169.982
2013-06-26 23:00:00,12791.558,13791.621,18276.496,13796.712,15169.982
2013-06-27 00:00:00,12795.072,13793.258,18278.39,13798.142,15170.876
2013-06-27 01:00:00,12797.087,13793.676,18278.39,13798.142,15171.22
2013-06-27 02:00:00,12797.36,13793.676,18278.39,13798.142,15171.22
2013-06-27 03:00:00,12797.36,13793.676,18278.39,13798.142,15171.22
2013-06-27 04:00:00,12797.36,13793.676,18278.39,13798.142,15171.22
2013-06-27 05:00:00,12797.36,13793.676,18278.39,13798.142,15171.22
2013-06-27 06:00:00,12797.36,13793.676,18278.39,13798.142,15171.22
2013-06-27 07:00:00,12797.36,13793.676,18278.39,13798.142,15171.22
2013-06-27 08:00:00,12797.36,13793.676,18278.39,13798.142,15171.22
2013-06-27 09:00:00,12797.36,13793.676,18278.39,13798.142,15171.22
2013-06-27 10:00:00,12797.36,13793.676,18278.39,13798.142,15171.22
2013-06-27 11:00:00,12797.36,13793.676,18278.39,13798.142,15171.22
2013-06-27 12:00:00,12797.36,13793.676,18278.39,13798.142,15171.22
2013-06-27 13:00:00,12797.36,13793.676,18278.39,13798.142,15171.22
2013-06-27 14:00:00,12797.36,13793.676,18278.39,13798.142,15171.22
2013-06-27 15:00:00,12797.36,13793.676,18278.39,13798.142,15171.22
2013-06-27 16:00:00,12797.36,13793.676,18278.39,13798.142,15171.22
2013-06-27 17:00:00,12797.36,13793.676,18278.39,13798.142,15171.22
2013-06-27 18:00:00,12797.36,13793.676,18278.39,13798.142,15171.22
2013-06-27 19:00:00,12797.36,13793.695,18278.39,13798.142,15171.22
2013-06-27 20:00:00,12797.36,13793.695,18278.39,13798.142,15171.22
2013-06-27 21:00:00,12797.36,13793.751,18278.39,13798.628,15171.22
2013-06-27 22:00:00,12797.36,13793.757,18278.39,13798.695,15171.22
2013-06-27 23:00:00,12797.36,13793.757,18278.39,13798.695,15171.312
2013-06-28 00:00:00,12797.36,13794.076,18278.39,13798.751,15171.412
2013-06-28 01:00:00,12797.36,13794.076,18278.39,13798.751,15171.412
2013-06-28 02:00:00,12797.36,13794.076,18278.39,13798.751,15171.412
2013-06-28 03:00:00,12797.36,13794.076,18278.39,13798.751,15171.412
2013-06-28 04:00:00,12797.36,13794.076,18278.39,13798.86,15171.412
2013-06-28 05:00:00,12797.36,13794.076,18278.39,13798.862,15171.412
2013-06-28 06:00:00,12797.36,13794.076,18278.39,13798.862,15171.412
2013-06-28 07:00:00,12797.381,13794.101,18278.39,13798.862,15171.412
2013-06-28 08:00:00,12797.448,13794.101,18278.39,13798.862,15171.412
2013-06-28 09:00:00,12797.452,13794.101,18278.39,13798.862,15171.412
2013-06-28 10:00:00,12797.452,13794.101,18278.39,13798.862,15171.412
2013-06-28 11:00:00,12797.452,13794.101,18278.39,13798.862,15171.412
2013-06-28 12:00:00,12797.452,13794.101,18278.39,13799.282,15171.412
2013-06-28 13:00:00,12797.452,13794.101,18278.39,13799.282,15171.412
2013-06-28 14:00:00,12797.456,13794.101,18278.39,13799.282,15171.412
2013-06-28 15:00:00,12797.456,13794.101,18278.39,13799.282,15171.412
2013-06-28 16:00:00,12797.456,13794.101,18278.39,13799.282,15171.412
2013-06-28 17:00:00,12797.468,13794.101,18278.39,13799.282,15171.412
2013-06-28 18:00:00,12797.36,13794.076,18278.39,13798.751,15171.412
2013-06-28 19:00:00,12797.36,13794.076,18278.39,13798.751,15171.412
2013-06-28 20:00:00,12797.36,13793.757,18278.39,13798.751,15171.349
2013-06-28 21:00:00,12797.36,13793.985,18278.39,13798.751,15171.4
2013-06-28 22:00:00,12797.36,13794.076,18278.39,13798.751,15171.412
2013-06-28 23:00:00,12797.36,13794.076,18278.39,13798.751,15171.412
2013-06-29 00:00:00,12797.468,13794.101,18278.39,13799.282,15171.412
2013-06-29 01:00:00,12797.468,13794.584,18278.39,13799.29,15172.003
2013-06-29 02:00:00,12797.559,13796.444,18278.39,13799.976,15173.311
2013-06-29 03:00:00,12798.227,13798.771,18278.39,13800.781,15175.346
2013-06-29 04:00:00,12799.015,13801.88,18278.416,13801.703,15177.216
2013-06-29 05:00:00,12799.713,13804.383,18279.037,13802.818,15179.907
2013-06-29 06:00:00,12800.82,13806.847,18279.852,13804.141,15182.143
2013-06-29 07:00:00,12801.63,13809.16,18281.309,13805.368,15183.922
2013-06-29 08:00:00,12802.577,13810.606,18282.85,13807.15,15185.208
2013-06-29 09:00:00,12804.596,13811.252,18284.236,13808.133,15185.896
2013-06-29 10:00:00,12805.53,13811.252,18284.916,13808.813,15186.144
2013-06-29 11:00:00,12806.739,13811.252,18284.928,13808.895,15186.1875
2013-06-29 12:00:00,12807.252,13811.252,18284.984,13808.895,15186.1875
2013-06-29 13:00:00,12807.252,13811.252,18284.986,13808.895,15186.257
2013-06-29 14:00:00,12807.252,13811.252,18285.064,13808.895,15186.257
2013-06-29 15:00:00,12807.252,13811.252,18285.094,13808.895,15186.257
2013-06-29 16:00:00,12807.252,13811.252,18285.094,13808.895,15186.275
2013-06-29 17:00:00,12807.252,13811.252,18285.094,13808.895,15187.351
2013-06-29 18:00:00,12807.252,13811.252,18285.094,13808.895,15187.453
2013-06-29 19:00:00,12807.252,13811.252,18285.094,13808.895,15187.453
2013-06-29 20:00:00,12807.252,13811.252,18285.094,13808.895,15187.453
2013-06-29 21:00:00,12807.252,13811.252,18285.094,13808.895,15187.453
2013-06-29 22:00:00,12807.252,13811.252,18285.094,13808.895,15187.453
2013-06-29 23:00:00,12807.252,13811.252,18285.094,13808.895,15187.453
2013-06-30 00:00:00,12807.252,13811.252,18285.094,13808.895,15187.453
2013-06-30 01:00:00,12807.252,13811.252,18285.094,13808.895,15187.453
2013-06-30 02:00:00,12807.252,13811.252,18285.094,13808.895,15187.453
2013-06-30 03:00:00,12807.252,13811.252,18285.094,13808.895,15187.453
2013-06-30 04:00:00,12807.252,13811.252,18285.094,13808.895,15187.453
2013-06-30 05:00:00,12807.252,13811.252,18285.094,13808.895,15187.453
2013-06-30 06:00:00,12807.252,13811.252,18285.094,13808.895,15187.453
2013-06-30 07:00:00,12807.252,13811.252,18285.094,13808.895,15187.453
2013-06-30 08:00:00,12807.252,13811.252,18285.094,13808.895,15187.453
2013-06-30 09:00:00,12807.252,13811.252,18285.094,13808.895,15187.453
2013-06-30 10:00:00,12807.252,13811.252,18285.094,13808.895,15187.453
2013-06-30 11:00:00,12807.252,13811.252,18285.094,13808.895,15187.453
2013-06-30 12:00:00,12807.252,13811.252,18285.094,13808.895,15187.453
2013-06-30 13:00:00,12807.252,13811.252,18285.094,13808.895,15187.453
2013-06-30 14:00:00,12807.252,13811.252,18285.094,13808.895,15187.453
2013-06-30 15:00:00,12807.252,13811.252,18285.094,13808.895,15187.453
2013-06-30 16:00:00,12807.252,13811.252,18285.094,13808.895,15187.453
2013-06-30 17:00:00,12807.252,13811.252,18285.094,13808.895,15187.453
2013-06-30 18:00:00,12807.252,13811.252,18285.094,13808.895,15187.453
2013-06-30 19:00:00,12807.252,13811.252,18285.094,13808.895,15187.453
2013-06-30 20:00:00,12807.252,13811.252,18285.094,13808.895,15187.453
2013-06-30 21:00:00,12807.252,13811.252,18285.094,13808.895,15187.453
2013-06-30 22:00:00,12807.252,13811.252,18285.094,13808.895,15187.453
2013-06-30 23:00:00,12807.252,13811.252,18285.094,13808.895,15187.453
2013-07-01 00:00:00,12807.252,13811.252,18285.094,13808.895,15187.453
2013-07-01 01:00:00,12807.252,13811.252,18285.094,13808.895,15187.453
2013-07-01 02:00:00,12807.252,13811.252,18285.094,13808.895,15187.453
2013-07-01 03:00:00,12807.252,13811.252,18285.094,13808.895,15187.453
2013-07-01 04:00:00,12807.252,13811.252,18285.094,13808.895,15187.453
2013-07-01 05:00:00,12807.252,13811.252,18285.094,13808.895,15187.453
2013-07-01 06:00:00,12807.252,13811.261,18285.094,13808.895,15187.453
2013-07-01 07:00:00,12807.252,13811.261,18285.094,13808.895,15187.453
2013-07-01 08:00:00,12807.252,13811.261,18285.094,13808.905,15187.453
2013-07-01 09:00:00,12807.252,13811.261,18285.094,13808.905,15187.453
2013-07-01 10:00:00,12807.252,13811.261,18285.094,13808.905,15187.453
2013-07-01 11:00:00,12807.252,13811.292,18285.094,13808.905,15187.931
2013-07-01 12:00:00,12807.252,13813.086,18285.094,13808.905,15188.739
2013-07-01 13:00:00,12807.252,13813.731,18285.148,13808.992,15189.849
2013-07-01 14:00:00,12807.252,13814.296,18285.291,13809.002,15190.52
2013-07-01 15:00:00,12807.27,13814.296,18285.387,13809.002,15190.531
2013-07-01 16:00:00,12807.63,13814.296,18285.387,13809.002,15190.531
2013-07-01 17:00:00,12808.18,13814.296,18285.387,13809.159,15190.531
2013-07-01 18:00:00,12810.099,13814.297,18285.387,13809.211,15190.782
2013-07-01 19:00:00,12810.37,13814.816,18285.387,13809.764,15191.531
2013-07-01 20:00:00,12810.37,13816.822,18285.387,13811.231,15192.013
2013-07-01 21:00:00,12811.08,13818.511,18286.44,13812.666,15192.204
2013-07-01 22:00:00,12811.946,13818.765,18286.51,13812.916,15192.67
2013-07-01 23:00:00,12812.626,13818.765,18286.51,13812.916,15192.67
2013-07-02 00:00:00,12813.512,13818.765,18286.51,13812.916,15192.67
2013-07-02 01:00:00,12814.229,13818.765,18286.51,13812.916,15192.67
2013-07-02 02:00:00,12814.914,13818.765,18286.51,13812.916,15192.67
2013-07-02 03:00:00,12815.599,13818.765,18286.51,13812.916,15192.67
2013-07-02 04:00:00,12815.604,13818.765,18286.51,13812.916,15192.67
2013-07-02 05:00:00,12815.604,13818.765,18286.51,13812.916,15192.67
2013-07-02 06:00:00,12815.604,13818.765,18286.51,13812.916,15192.67
2013-07-02 07:00:00,12815.604,13818.765,18286.51,13812.916,15192.67
2013-07-02 08:00:00,12815.604,13818.765,18286.51,13812.916,15192.67
2013-07-02 09:00:00,12815.604,13818.765,18286.51,13812.916,15192.67
2013-07-02 10:00:00,12815.604,13818.765,18286.51,13812.916,15192.67
2013-07-02 11:00:00,12815.604,13818.765,18286.51,13812.916,15192.67
2013-07-02 12:00:00,12815.604,13818.765,18286.51,13812.916,15192.67
2013-07-02 13:00:00,12815.604,13818.765,18286.51,13812.916,15192.67
2013-07-02 14:00:00,12815.604,13818.765,18286.51,13812.916,15192.67
2013-07-02 15:00:00,12815.604,13818.765,18286.51,13812.916,15192.67
2013-07-02 16:00:00,12815.604,13818.765,18286.51,13812.916,15192.67
2013-07-02 17:00:00,12815.604,13818.765,18286.51,13812.916,15192.908
2013-07-02 18:00:00,12815.604,13818.765,18286.51,13812.916,15192.908
2013-07-02 19:00:00,12815.604,13818.765,18286.51,13812.916,15192.908
2013-07-02 20:00:00,12815.604,13818.765,18286.51,13812.916,15192.908
2013-07-02 21:00:00,12815.604,13818.765,18286.51,13812.916,15192.908
2013-07-02 22:00:00,12815.604,13818.765,18286.51,13812.916,15192.908
2013-07-02 23:00:00,12815.604,13818.765,18286.51,13812.916,15192.908
2013-07-03 00:00:00,12815.604,13818.765,18286.51,13812.916,15192.908
2013-07-03 01:00:00,12815.604,13818.765,18286.51,13812.916,15192.908
2013-07-03 02:00:00,12815.604,13818.765,18286.51,13812.916,15192.908
2013-07-03 03:00:00,12815.604,13818.765,18286.51,13812.916,15192.908
2013-07-03 04:00:00,12815.604,13818.765,18286.51,13812.916,15192.908
2013-07-03 05:00:00,12815.604,13818.765,18286.51,13812.916,15192.908
2013-07-03 06:00:00,12815.604,13818.765,18286.51,13812.916,15192.908
2013-07-03 07:00:00,12815.604,13818.783,18286.51,13812.916,15192.908
2013-07-03 08:00:00,12815.604,13819.128,18286.51,13812.916,15192.908
2013-07-03 09:00:00,12815.604,13819.965,18286.51,13812.916,15192.908
2013-07-03 10:00:00,12815.604,13820.766,18286.51,13812.916,15192.908
2013-07-03 11:00:00,12815.604,13820.804,18286.51,13812.916,15192.908
2013-07-03 12:00:00,12815.604,13821.441,18286.51,13812.945,15193.151
2013-07-03 13:00:00,12815.69,13822.409,18286.527,13813.692,15193.45
2013-07-03 14:00:00,12816.461,13823.003,18286.541,13814.478,15193.509
2013-07-03 15:00:00,12817.011,13823.003,18286.543,13814.795,15193.524
2013-07-03 16:00:00,12817.011,13823.258,18286.975,13814.795,15193.525
2013-07-03 17:00:00,12817.011,13823.258,18286.975,13814.872,15193.525
2013-07-03 18:00:00,12817.011,13823.258,18286.975,13814.872,15193.525
2013-07-03 19:00:00,12817.011,13823.258,18286.975,13814.872,15193.525
2013-07-03 20:00:00,12815.604,13818.765,18286.51,13812.916,15192.908
2013-07-03 21:00:00,12815.604,13818.765,18286.51,13812.916,15192.908
2013-07-03 22:00:00,12815.604,13818.765,18286.51,13812.916,15192.908
2013-07-03 23:00:00,12815.604,13818.765,18286.51,13812.916,15192.908
2013-07-04 00:00:00,12817.011,13823.258,18286.975,13814.872,15193.525
2013-07-04 01:00:00,12817.021,13823.258,18286.975,13814.872,15193.525
2013-07-04 02:00:00,12817.069,13823.258,18286.975,13814.967,15193.525
2013-07-04 03:00:00,12817.069,13823.258,18286.975,13814.967,15193.525
2013-07-04 04:00:00,12817.069,13823.258,18286.975,13814.967,15193.525
2013-07-04 05:00:00,12817.069,13823.258,18286.975,13814.967,15193.525
2013-07-04 06:00:00,12817.069,13823.258,18286.975,13814.967,15193.525
2013-07-04 07:00:00,12817.069,13823.258,18286.975,13814.967,15193.525
2013-07-04 08:00:00,12817.069,13823.258,18286.975,13814.967,15193.525
2013-07-04 09:00:00,12817.069,13823.258,18286.975,13814.967,15193.525
2013-07-04 10:00:00,12817.069,13823.258,18286.975,13814.967,15193.525
2013-07-04 11:00:00,12817.1875,13823.258,18286.975,13815.067,15193.525
2013-07-04 12:00:00,12817.235,13823.258,18286.975,13815.067,15193.525
2013-07-04 13:00:00,12817.235,13823.281,18286.975,13815.067,15193.525
2013-07-04 14:00:00,12817.318,13823.281,18286.975,13815.067,15193.525
2013-07-04 15:00:00,12817.318,13823.294,18286.975,13815.067,15193.525
2013-07-04 16:00:00,12817.318,13823.294,18286.975,13815.067,15193.525
2013-07-04 17:00:00,12817.318,13823.294,18286.975,13815.067,15193.525
2013-07-04 18:00:00,12817.318,13823.294,18287.785,13815.067,15193.525
2013-07-04 19:00:00,12817.538,13823.327,18288.594,13815.067,15193.525
2013-07-04 20:00:00,12817.866,13824.044,18291.898,13815.145,15194.225
2013-07-04 21:00:00,12818.953,13825.232,18298.455,13816.456,15196.6
2013-07-04 22:00:00,12820.143,13825.701,18298.703,13816.733,15196.6
2013-07-04 23:00:00,12820.969,13826.069,18298.703,13817.826,15196.602
2013-07-05 00:00:00,12821.731,13826.462,18298.8,13819.152,15198.855
2013-07-05 01:00:00,12821.731,13826.462,18298.877,13819.152,15198.855
2013-07-05 02:00:00,12821.731,13826.462,18298.883,13819.152,15199.119
2013-07-05 03:00:00,12821.731,13826.462,18298.883,13819.152,15199.132
2013-07-05 04:00:00,12821.731,13826.476,18298.934,13819.158,15199.416
2013-07-05 05:00:00,12821.731,13826.476,18298.967,13819.158,15199.448
2013-07-05 06:00:00,12821.731,13826.538,18298.967,13819.158,15199.448
2013-07-05 07:00:00,12821.731,13826.667,18298.99,13819.158,15199.508
2013-07-05 08:00:00,12821.731,13826.667,18298.99,13819.158,15199.508
2013-07-05 09:00:00,12821.731,13826.673,18298.992,13819.158,15199.577
2013-07-05 10:00:00,12821.731,13826.922,18298.992,13819.158,15199.577
2013-07-05 11:00:00,12821.731,13826.922,18298.992,13819.158,15199.616
2013-07-05 12:00:00,12821.731,13826.922,18298.992,13819.158,15199.616
2013-07-05 13:00:00,12821.33,13826.282,18298.732,13818.506,15196.611
2013-07-05 14:00:00,12821.457,13826.313,18298.732,13818.506,15196.666
2013-07-05 15:00:00,12821.457,13826.326,18298.732,13818.506,15196.666
2013-07-05 16:00:00,12821.457,13826.413,18298.732,13818.506,15196.806
2013-07-05 17:00:00,12821.727,13826.437,18298.732,13819.122,15197.882
2013-07-05 18:00:00,12821.731,13826.439,18298.732,13819.152,15198.171
2013-07-05 19:00:00,12821.731,13826.439,18298.732,13819.152,15198.399
2013-07-05 20:00:00,12821.731,13826.439,18298.732,13819.152,15198.422
2013-07-05 21:00:00,12821.731,13826.439,18298.775,13819.152,15198.57
2013-07-05 22:00:00,12821.731,13826.45,18298.775,13819.152,15198.598
2013-07-05 23:00:00,12821.731,13826.45,18298.785,13819.152,15198.853
2013-07-06 00:00:00,12821.731,13826.922,18298.992,13819.158,15199.616
2013-07-06 01:00:00,12821.731,13826.922,18298.992,13819.158,15199.616
2013-07-06 02:00:00,12821.731,13826.922,18298.992,13819.158,15199.693
2013-07-06 03:00:00,12821.731,13826.922,18298.992,13819.158,15199.693
2013-07-06 04:00:00,12821.731,13826.922,18298.992,13819.158,15199.693
2013-07-06 05:00:00,12821.731,13826.922,18298.992,13819.158,15199.693
2013-07-06 06:00:00,12821.731,13826.922,18298.992,13819.158,15199.693
2013-07-06 07:00:00,12821.731,13826.922,18298.992,13819.158,15199.693
2013-07-06 08:00:00,12821.731,13826.922,18298.992,13819.158,15199.693
2013-07-06 09:00:00,12821.731,13826.922,18298.992,13819.158,15199.693
2013-07-06 10:00:00,12821.731,13826.922,18298.992,13819.158,15199.693
2013-07-06 11:00:00,12821.731,13826.922,18298.992,13819.158,15199.693
2013-07-06 12:00:00,12821.731,13826.922,18298.992,13819.158,15199.693
2013-07-06 13:00:00,12821.731,13826.922,18298.992,13819.158,15199.693
2013-07-06 14:00:00,12821.731,13826.922,18298.992,13819.158,15199.693
2013-07-06 15:00:00,12821.731,13826.922,18298.992,13819.158,15199.693
2013-07-06 16:00:00,12821.731,13826.922,18298.992,13819.158,15199.693
2013-07-06 17:00:00,12821.731,13826.922,18298.992,13819.158,15199.693
2013-07-06 18:00:00,12821.731,13826.922,18298.992,13819.158,15199.693
2013-07-06 19:00:00,12821.731,13826.922,18298.992,13819.158,15199.693
2013-07-06 20:00:00,12821.731,13826.922,18298.992,13819.158,15199.693
2013-07-06 21:00:00,12821.731,13826.922,18298.992,13819.158,15199.693
2013-07-06 22:00:00,12821.731,13826.922,18298.992,13819.158,15199.693
2013-07-06 23:00:00,12821.731,13826.922,18298.992,13819.158,15199.693
2013-07-07 00:00:00,12821.731,13826.922,18298.992,13819.158,15199.697
2013-07-07 01:00:00,12821.731,13826.922,18299.084,13819.158,15200.175
2013-07-07 02:00:00,12822.316,13828.458,18299.754,13819.818,15200.935
2013-07-07 03:00:00,12822.93,13829.276,18299.902,13820.238,15201.751
2013-07-07 04:00:00,12823.197,13829.5625,18299.969,13820.241,15202.872
2013-07-07 05:00:00,12823.513,13829.671,18299.969,13820.241,15203.885
2013-07-07 06:00:00,12823.648,13829.671,18299.969,13820.499,15204.662
2013-07-07 07:00:00,12823.949,13829.671,18299.969,13820.95,15204.753
2013-07-07 08:00:00,12824.058,13829.671,18299.969,13820.95,15205.247
2013-07-07 09:00:00,12824.058,13829.671,18299.969,13820.95,15205.247
2013-07-07 10:00:00,12824.058,13829.671,18299.969,13820.95,15205.247
2013-07-07 11:00:00,12824.058,13829.671,18299.969,13820.95,15205.247
2013-07-07 12:00:00,12824.058,13829.671,18299.969,13820.95,15205.247
2013-07-07 13:00:00,12824.058,13829.671,18299.969,13820.95,15205.247
2013-07-07 14:00:00,12824.058,13829.671,18299.969,13820.95,15205.247
2013-07-07 15:00:00,12824.058,13829.671,18299.969,13820.95,15205.247
2013-07-07 16:00:00,12824.058,13829.671,18299.969,13820.95,15205.247
2013-07-07 17:00:00,12824.058,13829.671,18299.969,13820.95,15205.247
2013-07-07 18:00:00,12824.058,13829.671,18299.969,13820.95,15205.247
2013-07-07 19:00:00,12824.058,13829.671,18299.969,13820.95,15205.247
2013-07-07 20:00:00,12824.058,13829.671,18299.969,13820.95,15205.247
2013-07-07 21:00:00,12824.058,13829.671,18299.969,13820.95,15205.247
2013-07-07 22:00:00,12824.058,13829.671,18299.969,13820.95,15205.247
2013-07-07 23:00:00,12824.058,13829.671,18299.969,13820.95,15205.247
2013-07-08 00:00:00,12824.058,13829.671,18299.969,13820.95,15205.247
2013-07-08 01:00:00,12824.058,13829.671,18299.969,13820.95,15205.247
2013-07-08 02:00:00,12824.058,13829.671,18299.969,13820.95,15205.247
2013-07-08 03:00:00,12824.058,13829.671,18299.969,13820.95,15205.247
2013-07-08 04:00:00,12824.058,13829.671,18299.969,13820.95,15205.247
2013-07-08 05:00:00,12824.058,13829.671,18299.969,13820.95,15205.247
2013-07-08 06:00:00,12824.058,13829.671,18299.969,13820.95,15205.247
2013-07-08 07:00:00,12824.058,13829.671,18299.969,13820.95,15205.247
2013-07-08 08:00:00,12824.058,13829.671,18299.969,13820.95,15205.247
2013-07-08 09:00:00,12824.058,13829.671,18299.969,13820.95,15205.247
2013-07-08 10:00:00,12824.058,13829.671,18299.969,13820.95,15205.247
2013-07-08 11:00:00,12824.058,13829.671,18299.969,13820.95,15205.247
2013-07-08 12:00:00,12824.058,13829.671,18299.969,13820.95,15205.247
2013-07-08 13:00:00,12824.058,13829.671,18299.969,13820.95,15205.247
2013-07-08 14:00:00,12824.058,13829.671,18299.969,13820.95,15205.247
2013-07-08 15:00:00,12824.058,13829.671,18299.969,13820.95,15205.247
2013-07-08 16:00:00,12824.058,13829.671,18299.969,13820.95,15205.247
2013-07-08 17:00:00,12824.058,13829.671,18299.969,13820.95,15205.247
2013-07-08 18:00:00,12824.058,13829.671,18299.969,13820.95,15205.247
2013-07-08 19:00:00,12824.058,13829.671,18299.969,13820.95,15205.247
2013-07-08 20:00:00,12824.058,13829.671,18299.969,13820.95,15205.247
2013-07-08 21:00:00,12824.058,13829.671,18299.969,13820.95,15205.247
2013-07-08 22:00:00,12824.058,13829.671,18299.969,13820.95,15205.247
2013-07-08 23:00:00,12824.058,13829.671,18299.969,13820.95,15205.247
2013-07-09 00:00:00,12824.058,13829.671,18299.969,13820.95,15205.247
2013-07-09 01:00:00,12824.058,13829.671,18299.969,13820.95,15205.247
2013-07-09 02:00:00,12824.058,13829.671,18299.969,13820.95,15205.35
2013-07-09 03:00:00,12824.058,13829.671,18299.969,13820.95,15205.784
2013-07-09 04:00:00,12824.058,13829.671,18299.969,13820.95,15205.811
2013-07-09 05:00:00,12824.853,13830.149,18300.748,13820.95,15205.811
2013-07-09 06:00:00,12825.599,13831.1875,18300.748,13821.299,15205.844
2013-07-09 07:00:00,12825.615,13832.865,18301.025,13821.3,15206.692
2013-07-09 08:00:00,12826.574,13835.259,18302.414,13822.878,15208.946
2013-07-09 09:00:00,12826.632,13836.675,18302.645,13824.07,15210.311
2013-07-09 10:00:00,12827.065,13837.163,18304.021,13824.966,15213.852
2013-07-09 11:00:00,12827.322,13837.655,18304.404,13828.267,15214.003
2013-07-09 12:00:00,12827.322,13837.655,18304.443,13829.454,15214.731
2013-07-09 13:00:00,12827.322,13837.655,18304.443,13829.455,15216.15
2013-07-09 14:00:00,12827.687,13837.655,18304.443,13829.455,15217.095
2013-07-09 15:00:00,12827.707,13837.655,18304.443,13829.455,15217.12
2013-07-09 16:00:00,12827.707,13837.841,18304.443,13829.455,15217.12
2013-07-09 17:00:00,12827.707,13837.841,18304.443,13829.455,15217.124
2013-07-09 18:00:00,12827.707,13837.8545,18304.443,13829.455,15217.124
2013-07-09 19:00:00,12827.707,13837.8545,18304.443,13829.455,15217.124
2013-07-09 20:00:00,12828.14,13838.219,18304.443,13829.462,15217.124
2013-07-09 21:00:00,12828.47,13838.6,18304.443,13829.769,15217.219
2013-07-09 22:00:00,12828.486,13838.6,18304.443,13829.972,15217.4375
2013-07-09 23:00:00,12828.486,13838.6,18304.443,13829.972,15217.4375
2013-07-10 00:00:00,12828.486,13838.6,18304.652,13829.972,15217.443
2013-07-10 01:00:00,12828.486,13838.6,18304.707,13829.972,15217.443
2013-07-10 02:00:00,12828.486,13838.6,18304.797,13829.972,15217.443
2013-07-10 03:00:00,12828.486,13838.6,18304.797,13829.972,15217.443
2013-07-10 04:00:00,12828.486,13838.6,18304.797,13829.972,15217.443
2013-07-10 05:00:00,12828.486,13838.6,18304.797,13829.972,15217.443
2013-07-10 06:00:00,12828.486,13838.6,18304.797,13829.972,15217.443
2013-07-10 07:00:00,12828.486,13838.6,18304.797,13829.972,15217.443
2013-07-10 08:00:00,12828.486,13838.6,18304.797,13829.972,15217.443
2013-07-10 09:00:00,12828.486,13838.6,18304.797,13829.972,15217.443
2013-07-10 10:00:00,12828.486,13838.6,18304.797,13829.972,15217.443
2013-07-10 11:00:00,12828.486,13838.6,18304.797,13829.972,15217.443
2013-07-10 12:00:00,12828.486,13838.6,18304.797,13829.972,15217.443
2013-07-10 13:00:00,12828.486,13838.6,18304.797,13829.972,15217.443
2013-07-10 14:00:00,12828.486,13838.6,18304.797,13829.972,15217.443
2013-07-10 15:00:00,12828.486,13838.6,18304.797,13829.972,15217.443
2013-07-10 16:00:00,12828.486,13838.6,18304.797,13829.972,15217.443
2013-07-10 17:00:00,12828.486,13838.6,18304.797,13829.972,15217.443
2013-07-10 18:00:00,12828.486,13838.6,18304.797,13829.972,15217.443
2013-07-10 19:00:00,12828.486,13838.6,18304.797,13829.972,15217.443
2013-07-10 20:00:00,12828.486,13838.6,18304.652,13829.972,15217.4375
2013-07-10 21:00:00,12828.486,13838.6,18304.652,13829.972,15217.4375
2013-07-10 22:00:00,12828.486,13838.6,18304.652,13829.972,15217.4375
2013-07-10 23:00:00,12828.486,13838.6,18304.652,13829.972,15217.443
2013-07-11 00:00:00,12828.486,13838.6,18304.797,13829.972,15217.443
2013-07-11 01:00:00,12828.486,13838.6,18304.797,13829.972,15217.443
2013-07-11 02:00:00,12828.486,13838.6,18304.797,13829.972,15217.443
2013-07-11 03:00:00,12828.486,13838.6,18304.797,13829.972,15217.443
2013-07-11 04:00:00,12828.486,13838.6,18304.797,13829.972,15217.443
2013-07-11 05:00:00,12828.486,13838.6,18304.797,13829.972,15217.443
2013-07-11 06:00:00,12828.486,13838.6,18304.797,13829.972,15217.443
2013-07-11 07:00:00,12828.486,13838.6,18304.797,13829.972,15217.443
2013-07-11 08:00:00,12828.486,13838.6,18304.797,13829.972,15217.443
2013-07-11 09:00:00,12828.486,13838.6,18304.797,13829.972,15217.443
2013-07-11 10:00:00,12828.486,13838.6,18304.797,13829.972,15217.443
2013-07-11 11:00:00,12828.486,13838.6,18304.797,13829.972,15217.443
2013-07-11 12:00:00,12828.486,13838.6,18304.797,13829.972,15217.443
2013-07-11 13:00:00,12828.486,13838.6,18304.797,13829.972,15217.443
2013-07-11 14:00:00,12828.486,13838.6,18304.797,13829.972,15217.443
2013-07-11 15:00:00,12828.486,13838.6,18304.797,13829.972,15217.443
2013-07-11 16:00:00,12828.486,13838.6,18304.797,13829.972,15217.443
2013-07-11 17:00:00,12828.486,13838.6,18304.797,13829.972,15217.443
2013-07-11 18:00:00,12828.486,13838.6,18304.797,13829.972,15217.443
2013-07-11 19:00:00,12828.486,13838.6,18304.797,13829.972,15217.443
2013-07-11 20:00:00,12828.486,13838.6,18304.797,13829.972,15217.443
2013-07-11 21:00:00,12828.486,13838.6,18304.797,13829.972,15217.443
2013-07-11 22:00:00,12828.486,13838.6,18304.797,13829.972,15217.443
2013-07-11 23:00:00,12828.486,13838.6,18304.797,13829.972,15217.443
2013-07-12 00:00:00,12828.486,13838.6,18304.797,13829.972,15217.443
2013-07-12 01:00:00,12828.486,13838.6,18304.797,13829.972,15217.443
2013-07-12 02:00:00,12828.486,13838.6,18304.797,13829.972,15217.443
2013-07-12 03:00:00,12828.486,13838.6,18304.797,13829.972,15217.443
2013-07-12 04:00:00,12828.486,13838.6,18304.797,13829.972,15217.443
2013-07-12 05:00:00,12828.486,13838.6,18304.797,13829.972,15217.443
2013-07-12 06:00:00,12828.486,13838.6,18304.797,13829.972,15217.443
2013-07-12 07:00:00,12828.486,13838.6,18304.797,13829.972,15217.443
2013-07-12 08:00:00,12828.486,13838.6,18304.797,13829.972,15217.443
2013-07-12 09:00:00,12828.486,13838.6,18304.797,13829.972,15217.443
2013-07-12 10:00:00,12828.486,13838.6,18304.797,13829.972,15217.443
2013-07-12 11:00:00,12828.486,13838.6,18304.797,13829.972,15217.443
2013-07-12 12:00:00,12828.486,13838.6,18304.797,13829.972,15217.443
2013-07-12 13:00:00,12828.486,13838.6,18304.797,13829.972,15217.443
2013-07-12 14:00:00,12828.486,13838.6,18304.797,13829.972,15217.443
2013-07-12 15:00:00,12828.486,13838.6,18304.797,13829.972,15217.443
2013-07-12 16:00:00,12828.486,13838.6,18304.797,13829.972,15217.443
2013-07-12 17:00:00,12828.486,13838.6,18304.797,13829.972,15217.443
2013-07-12 18:00:00,12828.486,13838.6,18304.797,13829.972,15217.443
2013-07-12 19:00:00,12828.486,13838.6,18304.797,13829.972,15217.443
2013-07-12 20:00:00,12828.486,13838.6,18304.797,13829.972,15217.443
2013-07-12 21:00:00,12828.486,13838.6,18304.797,13829.972,15217.443
2013-07-12 22:00:00,12828.486,13838.6,18304.797,13829.972,15217.443
2013-07-12 23:00:00,12828.486,13838.6,18304.797,13829.972,15217.443
2013-07-13 00:00:00,12828.486,13838.6,18304.797,13829.972,15217.443
2013-07-13 01:00:00,12828.486,13838.6,18304.797,13829.972,15217.443
2013-07-13 02:00:00,12828.486,13838.6,18304.797,13829.972,15217.443
2013-07-13 03:00:00,12828.838,13838.6,18304.797,13829.972,15217.443
2013-07-13 04:00:00,12828.95,13838.6,18304.797,13829.972,15217.443
2013-07-13 05:00:00,12828.95,13838.6,18304.797,13829.972,15217.443
2013-07-13 06:00:00,12828.95,13838.6,18304.797,13829.972,15217.443
2013-07-13 07:00:00,12828.95,13838.6,18304.797,13829.972,15217.739
2013-07-13 08:00:00,12828.95,13838.606,18304.797,13829.972,15219.127
2013-07-13 09:00:00,12828.95,13838.6,18304.797,13829.972,15218.645
2013-07-13 10:00:00,12828.95,13838.606,18304.797,13829.972,15219.5
2013-07-13 11:00:00,12828.978,13838.618,18304.797,13829.972,15219.611
2013-07-13 12:00:00,12828.978,13838.651,18304.797,13829.972,15219.611
2013-07-13 13:00:00,12828.978,13838.651,18304.797,13829.972,15219.613
2013-07-13 14:00:00,12828.978,13838.651,18304.797,13829.972,15219.728
2013-07-13 15:00:00,12828.978,13838.651,18304.797,13829.972,15219.728
2013-07-13 16:00:00,12828.978,13838.651,18304.797,13829.972,15219.752
2013-07-13 17:00:00,12828.978,13838.677,18304.797,13829.972,15219.796
2013-07-13 18:00:00,12828.978,13838.677,18304.797,13829.972,15219.796
2013-07-13 19:00:00,12828.978,13838.677,18304.797,13829.972,15220.075
2013-07-13 20:00:00,12828.978,13838.786,18304.797,13829.972,15220.075
2013-07-13 21:00:00,12828.978,13838.888,18304.797,13829.972,15220.075
2013-07-13 22:00:00,12828.978,13838.888,18304.797,13829.972,15220.075
2013-07-13 23:00:00,12828.978,13838.888,18304.797,13829.972,15220.075
2013-07-14 00:00:00,12829.044,13838.888,18306.588,13829.972,15220.909
2013-07-14 01:00:00,12829.044,13838.888,18306.588,13829.972,15221.191
2013-07-14 02:00:00,12829.044,13838.888,18306.934,13829.972,15221.277
2013-07-14 03:00:00,12829.128,13838.888,18306.934,13829.972,15222.071
2013-07-14 04:00:00,12829.312,13838.888,18307.082,13830.468,15222.279
2013-07-14 05:00:00,12829.954,13839.023,18308.172,13830.819,15223.273
2013-07-14 06:00:00,12830.254,13839.699,18309.695,13831.132,15224.696
2013-07-14 07:00:00,12830.639,13840.424,18311.01,13831.663,15226.979
2013-07-14 08:00:00,12831.001,13841.664,18312.777,13832.649,15228.056
2013-07-14 09:00:00,12831.362,13842.067,18313.904,13832.933,15229.915
2013-07-14 10:00:00,12831.405,13842.47,18313.922,13832.9375,15231.155
2013-07-14 11:00:00,12831.54,13843.622,18313.932,13832.9375,15231.568
2013-07-14 12:00:00,12831.598,13844.466,18313.932,13833.136,15232.103
2013-07-14 13:00:00,12831.666,13844.47,18313.932,13833.712,15232.599
2013-07-14 14:00:00,12831.848,13844.528,18313.932,13833.712,15232.681
2013-07-14 15:00:00,12832.013,13845.359,18314.021,13834.237,15232.738
2013-07-14 16:00:00,12832.626,13845.631,18314.045,13834.478,15233.407
2013-07-14 17:00:00,12832.787,13846.157,18314.045,13835.369,15234.484
2013-07-14 18:00:00,12828.978,13838.888,18304.797,13829.972,15220.075
2013-07-14 19:00:00,12828.978,13838.888,18304.797,13829.972,15220.909
2013-07-14 20:00:00,12829.007,13838.888,18304.797,13829.972,15220.909
2013-07-14 21:00:00,12829.044,13838.888,18304.797,13829.972,15220.909
2013-07-14 22:00:00,12829.044,13838.888,18305.229,13829.972,15220.909
2013-07-14 23:00:00,12829.044,13838.888,18306.188,13829.972,15220.909
2013-07-15 00:00:00,12832.864,13846.243,18314.107,13835.425,15235.549
2013-07-15 01:00:00,12832.864,13847.011,18315.2,13836.051,15236.009
2013-07-15 02:00:00,12833.028,13848.2295,18315.379,13836.854,15237.27
2013-07-15 03:00:00,12833.028,13850.23,18315.38,13837.801,15238.225
2013-07-15 04:00:00,12833.028,13851.4795,18315.38,13838.432,15239.2
2013-07-15 05:00:00,12833.028,13851.685,18315.42,13838.6455,15240.044
2013-07-15 06:00:00,12833.028,13851.723,18315.535,13839.0625,15240.942
2013-07-15 07:00:00,12833.028,13851.729,18315.627,13839.0625,15242.107
2013-07-15 08:00:00,12833.028,13851.729,18315.627,13839.0625,15242.758
2013-07-15 09:00:00,12833.028,13851.729,18315.627,13839.0625,15243.467
2013-07-15 10:00:00,12833.028,13851.729,18315.695,13839.071,15244.676
2013-07-15 11:00:00,12833.179,13851.7705,18315.697,13839.324,15245.17
2013-07-15 12:00:00,12833.328,13851.7705,18315.697,13839.331,15245.305
2013-07-15 13:00:00,12833.345,13851.7705,18315.697,13839.434,15245.305
2013-07-15 14:00:00,12833.345,13851.7705,18315.697,13839.434,15245.305
2013-07-15 15:00:00,12833.345,13851.7705,18315.697,13839.434,15245.305
2013-07-15 16:00:00,12833.345,13851.7705,18315.697,13839.434,15245.305
2013-07-15 17:00:00,12833.345,13851.7705,18315.697,13839.434,15245.305
2013-07-15 18:00:00,12833.345,13851.7705,18315.697,13839.434,15245.305
2013-07-15 19:00:00,12833.345,13851.7705,18315.697,13839.434,15245.305
2013-07-15 20:00:00,12833.345,13851.7705,18315.697,13839.434,15245.305
2013-07-15 21:00:00,12833.345,13851.935,18315.697,13839.434,15245.305
2013-07-15 22:00:00,12833.345,13852.514,18315.697,13839.478,15245.962
2013-07-15 23:00:00,12833.345,13852.514,18315.697,13839.602,15245.962
2013-07-16 00:00:00,12833.345,13852.568,18315.697,13839.613,15246.359
2013-07-16 01:00:00,12833.345,13852.568,18315.697,13839.64,15246.36
2013-07-16 02:00:00,12833.345,13852.581,18315.701,13839.725,15246.787
2013-07-16 03:00:00,12833.345,13853.112,18315.979,13840.221,15247.598
2013-07-16 04:00:00,12833.345,13853.622,18316.146,13840.406,15248.177
2013-07-16 05:00:00,12833.345,13854.242,18316.617,13840.887,15248.909
2013-07-16 06:00:00,12833.477,13854.99,18317.516,13841.403,15250.048
2013-07-16 07:00:00,12833.612,13855.997,18318.51,13842.379,15251.565
2013-07-16 08:00:00,12834.096,13856.996,18319.53,13843.356,15253.328
2013-07-16 09:00:00,12834.919,13857.972,18320.61,13844.333,15254.878
2013-07-16 10:00:00,12835.511,13858.572,18321.66,13845.753,15256.44
2013-07-16 11:00:00,12836.036,13859.002,18322.756,13846.487,15257.075
2013-07-16 12:00:00,12836.275,13859.117,18324.098,13847.0205,15258.319
2013-07-16 13:00:00,12836.46,13859.581,18324.49,13847.488,15259.11
2013-07-16 14:00:00,12836.46,13860.28,18324.846,13847.488,15259.81
2013-07-16 15:00:00,12836.844,13860.948,18325.824,13847.647,15260.372
2013-07-16 16:00:00,12837.487,13861.119,18326.373,13848.798,15261.398
2013-07-16 17:00:00,12837.487,13861.209,18327.715,13849.3,15262.071
2013-07-16 18:00:00,12837.487,13861.318,18328.664,13849.541,15262.312
2013-07-16 19:00:00,12837.487,13861.318,18328.664,13849.606,15262.379
2013-07-16 20:00:00,12837.487,13861.318,18328.664,13849.606,15262.379
2013-07-16 21:00:00,12837.487,13861.334,18328.664,13849.606,15262.689
2013-07-16 22:00:00,12837.487,13861.599,18328.664,13849.606,15262.848
2013-07-16 23:00:00,12837.525,13862.652,18328.72,13849.606,15263.824
2013-07-17 00:00:00,12837.574,13863.109,18329.783,13849.606,15264.215
2013-07-17 01:00:00,12837.574,13863.281,18329.783,13849.606,15264.368
2013-07-17 02:00:00,12837.574,13863.752,18329.783,13849.606,15264.604
2013-07-17 03:00:00,12837.574,13864.079,18329.783,13849.606,15265.141
2013-07-17 04:00:00,12837.574,13864.484,18329.783,13849.618,15266.074
2013-07-17 05:00:00,12837.574,13865.118,18329.783,13849.63,15266.335
2013-07-17 06:00:00,12837.574,13865.647,18329.783,13849.677,15266.429
2013-07-17 07:00:00,12837.614,13865.88,18329.783,13850.221,15266.709
2013-07-17 08:00:00,12837.626,13865.903,18329.783,13850.221,15266.802
2013-07-17 09:00:00,12837.859,13865.903,18329.783,13850.221,15267.538
2013-07-17 10:00:00,12838.209,13865.927,18329.783,13850.221,15267.955
2013-07-17 11:00:00,12838.209,13865.994,18329.783,13850.221,15268.453
2013-07-17 12:00:00,12838.209,13866.184,18329.783,13850.221,15269.454
2013-07-17 13:00:00,12838.209,13866.184,18329.783,13850.221,15271.266
2013-07-17 14:00:00,12838.209,13866.184,18329.783,13850.226,15272.0205
2013-07-17 15:00:00,12838.209,13866.184,18330.08,13850.226,15273.734
2013-07-17 16:00:00,12838.209,13866.46,18330.846,13850.273,15275.546
2013-07-17 17:00:00,12838.209,13867.249,18331.074,13850.305,15276.233
2013-07-17 18:00:00,12838.209,13867.249,18331.123,13850.305,15276.739
2013-07-17 19:00:00,12838.225,13867.249,18331.13,13850.327,15277.346
2013-07-17 20:00:00,12838.687,13867.506,18331.13,13850.327,15277.929
2013-07-17 21:00:00,12838.826,13867.584,18331.13,13850.327,15278.225
2013-07-17 22:00:00,12838.826,13867.783,18331.13,13850.327,15278.317
2013-07-17 23:00:00,12838.826,13867.783,18331.13,13850.327,15278.337
2013-07-18 00:00:00,12838.826,13867.783,18331.13,13850.327,15278.376
2013-07-18 01:00:00,12838.826,13867.783,18331.13,13850.327,15278.376
2013-07-18 02:00:00,12838.826,13867.783,18331.13,13850.327,15278.376
2013-07-18 03:00:00,12838.826,13867.783,18331.13,13850.327,15278.376
2013-07-18 04:00:00,12838.826,13867.783,18331.13,13850.327,15278.376
2013-07-18 05:00:00,12838.826,13867.82,18331.13,13850.327,15278.627
2013-07-18 06:00:00,12838.826,13868.073,18331.156,13850.494,15278.627
2013-07-18 07:00:00,12838.826,13868.194,18331.191,13850.494,15278.816
2013-07-18 08:00:00,12838.826,13868.194,18331.213,13850.581,15278.854
2013-07-18 09:00:00,12838.826,13868.259,18331.332,13850.581,15279.945
2013-07-18 10:00:00,12838.826,13868.259,18331.36,13850.581,15281.146
2013-07-18 11:00:00,12838.826,13868.259,18331.383,13850.599,15282.044
2013-07-18 12:00:00,12838.826,13868.259,18332.637,13850.629,15284.58
2013-07-18 13:00:00,12838.826,13868.54,18334.0,13850.693,15286.232
2013-07-18 14:00:00,12838.826,13868.598,18335.055,13850.701,15287.876
2013-07-18 15:00:00,12838.826,13868.624,18335.055,13850.701,15288.36
2013-07-18 16:00:00,12838.826,13868.624,18335.055,13850.701,15288.464
2013-07-18 17:00:00,12838.826,13868.624,18335.055,13850.701,15288.464
2013-07-18 18:00:00,12838.826,13868.624,18335.055,13850.701,15288.464
2013-07-18 19:00:00,12838.826,13868.624,18335.055,13850.738,15288.649
2013-07-18 20:00:00,12838.826,13868.624,18335.055,13851.407,15288.649
2013-07-18 21:00:00,12838.826,13868.624,18335.055,13851.413,15288.649
2013-07-18 22:00:00,12838.826,13868.624,18335.055,13851.413,15288.649
2013-07-18 23:00:00,12838.826,13868.624,18335.055,13851.413,15288.649
2013-07-19 00:00:00,12838.826,13868.624,18335.055,13851.413,15288.649
2013-07-19 01:00:00,12838.826,13868.624,18335.055,13851.413,15288.649
2013-07-19 02:00:00,12838.826,13868.624,18335.055,13851.413,15288.649
2013-07-19 03:00:00,12838.826,13868.624,18335.055,13851.413,15288.649
2013-07-19 04:00:00,12838.826,13868.624,18335.055,13851.413,15288.649
2013-07-19 05:00:00,12838.826,13868.624,18335.055,13851.413,15288.649
2013-07-19 06:00:00,12838.826,13868.624,18335.055,13851.413,15288.649
2013-07-19 07:00:00,12838.826,13868.624,18335.055,13851.413,15288.649
2013-07-19 08:00:00,12838.826,13868.624,18335.055,13851.413,15288.649
2013-07-19 09:00:00,12838.826,13868.624,18335.055,13851.413,15288.649
2013-07-19 10:00:00,12838.826,13868.624,18335.055,13851.413,15288.649
2013-07-19 11:00:00,12838.826,13868.624,18335.055,13851.413,15288.649
2013-07-19 12:00:00,12838.826,13868.624,18335.055,13851.413,15288.649
2013-07-19 13:00:00,12838.826,13868.624,18335.055,13851.413,15288.649
2013-07-19 14:00:00,12838.826,13868.624,18335.055,13851.413,15288.649
2013-07-19 15:00:00,12838.826,13868.624,18335.055,13851.413,15288.649
2013-07-19 16:00:00,12838.826,13868.624,18335.055,13851.413,15288.649
2013-07-19 17:00:00,12838.826,13868.624,18335.055,13851.413,15288.649
2013-07-19 18:00:00,12838.826,13868.624,18335.055,13851.56,15288.649
2013-07-19 19:00:00,12838.826,13868.624,18335.055,13852.489,15288.649
2013-07-19 20:00:00,12838.826,13868.624,18335.055,13853.263,15288.649
2013-07-19 21:00:00,12838.826,13868.624,18335.055,13853.263,15288.649
2013-07-19 22:00:00,12838.826,13868.624,18335.055,13853.263,15288.649
2013-07-19 23:00:00,12838.826,13868.624,18335.055,13853.263,15288.649
2013-07-20 00:00:00,12838.826,13868.624,18335.055,13853.263,15288.649
2013-07-20 01:00:00,12838.826,13868.624,18335.055,13853.263,15288.649
2013-07-20 02:00:00,12838.826,13868.624,18335.055,13853.263,15288.649
2013-07-20 03:00:00,12838.826,13868.624,18335.055,13853.263,15288.649
2013-07-20 04:00:00,12838.826,13868.624,18335.055,13853.263,15288.649
2013-07-20 05:00:00,12838.826,13868.624,18335.055,13853.263,15288.649
2013-07-20 06:00:00,12838.826,13868.624,18335.055,13853.263,15288.649
2013-07-20 07:00:00,12838.826,13868.624,18335.055,13853.263,15288.649
2013-07-20 08:00:00,12838.826,13868.624,18335.055,13853.263,15288.649
2013-07-20 09:00:00,12838.826,13868.624,18335.055,13853.263,15288.649
2013-07-20 10:00:00,12838.826,13868.624,18335.055,13853.263,15288.649
2013-07-20 11:00:00,12838.826,13868.624,18335.055,13853.263,15288.649
2013-07-20 12:00:00,12838.826,13868.624,18335.055,13853.263,15288.649
2013-07-20 13:00:00,12838.826,13868.624,18335.055,13853.263,15288.649
2013-07-20 14:00:00,12838.826,13868.624,18335.055,13853.263,15288.649
2013-07-20 15:00:00,12838.826,13868.624,18335.055,13853.263,15288.649
2013-07-20 16:00:00,12838.826,13868.624,18335.055,13853.263,15288.649
2013-07-20 17:00:00,12838.826,13868.624,18335.055,13853.263,15288.649
2013-07-20 18:00:00,12838.826,13868.624,18335.055,13853.263,15288.649
2013-07-20 19:00:00,12838.826,13868.624,18335.055,13853.263,15288.649
2013-07-20 20:00:00,12838.826,13868.624,18335.055,13853.263,15288.649
2013-07-20 21:00:00,12838.826,13868.624,18335.055,13853.263,15288.649
2013-07-20 22:00:00,12838.826,13868.624,18335.055,13853.263,15288.649
2013-07-20 23:00:00,12838.826,13868.624,18335.055,13853.263,15288.649
2013-07-21 00:00:00,12838.826,13868.624,18335.055,13853.263,15288.649
2013-07-21 01:00:00,12838.826,13868.624,18335.055,13853.263,15288.649
2013-07-21 02:00:00,12838.826,13868.624,18335.055,13853.263,15288.649
2013-07-21 03:00:00,12838.826,13868.624,18335.055,13853.263,15288.649
2013-07-21 04:00:00,12838.826,13868.624,18335.055,13853.263,15288.649
2013-07-21 05:00:00,12838.826,13868.624,18335.055,13853.263,15288.649
2013-07-21 06:00:00,12838.826,13868.624,18335.055,13853.263,15288.649
2013-07-21 07:00:00,12838.826,13868.624,18335.055,13853.263,15288.649
2013-07-21 08:00:00,12838.826,13868.624,18335.055,13853.263,15288.649
2013-07-21 09:00:00,12838.826,13868.624,18335.055,13853.263,15288.649
2013-07-21 10:00:00,12838.826,13868.624,18335.055,13853.263,15288.649
2013-07-21 11:00:00,12838.826,13868.624,18335.055,13853.263,15288.649
2013-07-21 12:00:00,12838.826,13868.624,18335.055,13853.263,15288.649
2013-07-21 13:00:00,12838.826,13868.624,18335.055,13853.263,15288.649
2013-07-21 14:00:00,12838.826,13868.624,18335.055,13853.263,15288.649
2013-07-21 15:00:00,12838.826,13868.624,18335.055,13853.263,15288.649
2013-07-21 16:00:00,12838.826,13868.624,18335.055,13853.263,15288.649
2013-07-21 17:00:00,12838.826,13868.624,18335.055,13853.263,15288.649
2013-07-21 18:00:00,12838.826,13868.624,18335.055,13853.263,15288.649
2013-07-21 19:00:00,12838.826,13868.624,18335.055,13853.263,15288.649
2013-07-21 20:00:00,12838.826,13868.624,18335.055,13853.263,15288.649
2013-07-21 21:00:00,12838.826,13868.624,18335.055,13853.263,15288.649
2013-07-21 22:00:00,12838.826,13868.624,18335.055,13853.263,15288.649
2013-07-21 23:00:00,12838.826,13868.624,18335.055,13853.263,15288.649
2013-07-22 00:00:00,12838.826,13868.624,18335.055,13853.263,15288.649
2013-07-22 01:00:00,12838.826,13868.624,18335.055,13853.263,15288.649
2013-07-22 02:00:00,12838.826,13868.624,18335.055,13853.263,15288.649
2013-07-22 03:00:00,12838.826,13868.624,18335.055,13853.263,15288.649
2013-07-22 04:00:00,12838.826,13868.624,18335.055,13853.263,15288.649
2013-07-22 05:00:00,12838.826,13868.624,18335.055,13853.263,15288.649
2013-07-22 06:00:00,12838.826,13868.624,18335.055,13853.263,15288.649
2013-07-22 07:00:00,12838.826,13868.624,18335.055,13853.263,15288.649
2013-07-22 08:00:00,12838.826,13868.624,18335.055,13853.263,15288.649
2013-07-22 09:00:00,12838.826,13868.624,18335.055,13853.263,15288.649
2013-07-22 10:00:00,12838.826,13868.624,18335.055,13853.263,15288.649
2013-07-22 11:00:00,12838.826,13868.624,18335.055,13853.263,15288.649
2013-07-22 12:00:00,12838.826,13868.624,18335.055,13853.263,15288.649
2013-07-22 13:00:00,12838.826,13868.624,18335.055,13853.263,15288.649
2013-07-22 14:00:00,12838.826,13868.624,18335.055,13853.263,15288.649
2013-07-22 15:00:00,12838.826,13868.624,18335.055,13853.263,15288.649
2013-07-22 16:00:00,12838.826,13868.624,18335.055,13853.263,15288.649
2013-07-22 17:00:00,12838.826,13868.624,18335.055,13853.263,15288.649
2013-07-22 18:00:00,12838.826,13868.624,18335.055,13853.263,15288.649
2013-07-22 19:00:00,12838.826,13868.624,18335.055,13853.263,15288.649
2013-07-22 20:00:00,12838.826,13868.624,18335.055,13853.263,15288.649
2013-07-22 21:00:00,12838.826,13868.624,18335.055,13853.263,15288.649
2013-07-22 22:00:00,12838.826,13868.624,18335.055,13853.263,15288.649
2013-07-22 23:00:00,12838.826,13868.624,18335.055,13853.263,15288.649
2013-07-23 00:00:00,12838.826,13868.624,18335.055,13853.263,15288.649
2013-07-23 01:00:00,12838.826,13868.624,18335.055,13853.263,15288.649
2013-07-23 02:00:00,12838.826,13868.624,18335.055,13853.263,15288.649
2013-07-23 03:00:00,12838.826,13868.624,18335.055,13853.263,15288.649
2013-07-23 04:00:00,12838.826,13868.624,18335.055,13853.263,15288.649
2013-07-23 05:00:00,12838.826,13868.624,18335.055,13853.263,15288.649
2013-07-23 06:00:00,12838.826,13868.624,18335.055,13853.263,15288.649
2013-07-23 07:00:00,12838.826,13868.624,18335.055,13853.263,15288.649
2013-07-23 08:00:00,12838.826,13868.624,18335.055,13853.263,15288.649
2013-07-23 09:00:00,12838.826,13868.624,18335.055,13853.263,15288.649
2013-07-23 10:00:00,12838.826,13868.624,18335.055,13853.263,15288.649
2013-07-23 11:00:00,12838.826,13868.624,18335.055,13853.263,15288.649
2013-07-23 12:00:00,12838.826,13868.624,18335.055,13853.263,15288.649
2013-07-23 13:00:00,12838.826,13868.624,18335.055,13853.263,15288.649
2013-07-23 14:00:00,12838.826,13868.624,18335.055,13853.263,15288.649
2013-07-23 15:00:00,12838.826,13868.624,18335.055,13853.263,15288.649
2013-07-23 16:00:00,12838.826,13868.624,18335.055,13853.263,15288.649
2013-07-23 17:00:00,12838.826,13868.624,18335.055,13853.263,15288.649
2013-07-23 18:00:00,12838.826,13868.624,18335.055,13853.263,15288.649
2013-07-23 19:00:00,12838.826,13868.624,18335.055,13853.263,15288.649
2013-07-23 20:00:00,12838.826,13868.624,18335.055,13853.263,15288.649
2013-07-23 21:00:00,12838.826,13868.624,18335.055,13853.263,15288.649
2013-07-23 22:00:00,12838.826,13868.624,18335.055,13853.263,15288.649
2013-07-23 23:00:00,12838.826,13868.624,18335.055,13853.263,15288.649
2013-07-24 00:00:00,12838.826,13868.624,18335.055,13853.263,15288.649
2013-07-24 01:00:00,12838.826,13868.624,18335.055,13853.263,15288.649
2013-07-24 02:00:00,12838.826,13868.624,18335.055,13853.263,15288.649
2013-07-24 03:00:00,12838.826,13868.624,18335.055,13853.263,15288.649
2013-07-24 04:00:00,12838.826,13868.624,18335.055,13853.263,15288.649
2013-07-24 05:00:00,12838.826,13868.624,18335.055,13853.263,15288.649
2013-07-24 06:00:00,12838.826,13868.624,18335.055,13853.263,15288.649
2013-07-24 07:00:00,12838.826,13868.624,18335.055,13853.263,15288.649
2013-07-24 08:00:00,12838.826,13868.624,18335.055,13853.263,15288.649
2013-07-24 09:00:00,12838.826,13868.624,18335.055,13853.263,15288.649
2013-07-24 10:00:00,12838.826,13868.624,18335.055,13853.263,15288.649
2013-07-24 11:00:00,12838.826,13868.624,18335.055,13853.263,15288.649
2013-07-24 12:00:00,12838.826,13868.624,18335.055,13853.263,15288.649
2013-07-24 13:00:00,12838.826,13868.624,18335.055,13853.263,15288.649
2013-07-24 14:00:00,12838.826,13868.624,18335.055,13853.263,15288.649
2013-07-24 15:00:00,12838.826,13868.624,18335.055,13853.263,15288.649
2013-07-24 16:00:00,12838.826,13868.624,18335.055,13853.263,15288.649
2013-07-24 17:00:00,12838.826,13868.624,18335.055,13853.263,15288.649
2013-07-24 18:00:00,12838.826,13868.624,18335.055,13853.263,15288.649
2013-07-24 19:00:00,12838.826,13868.624,18335.055,13853.263,15288.649
2013-07-24 20:00:00,12838.826,13868.624,18335.055,13853.263,15288.649
2013-07-24 21:00:00,12838.826,13868.624,18335.055,13853.263,15288.649
2013-07-24 22:00:00,12838.826,13868.624,18335.055,13853.263,15288.649
2013-07-24 23:00:00,12838.826,13868.624,18335.055,13853.263,15288.649
2013-07-25 00:00:00,12838.826,13868.624,18335.055,13853.263,15288.649
2013-07-25 01:00:00,12838.826,13868.624,18335.055,13853.263,15288.649
2013-07-25 02:00:00,12838.826,13868.624,18335.055,13853.263,15288.649
2013-07-25 03:00:00,12838.826,13868.624,18335.055,13853.263,15288.649
2013-07-25 04:00:00,12838.826,13868.624,18335.055,13853.263,15288.649
2013-07-25 05:00:00,12838.826,13868.624,18335.055,13853.263,15288.649
2013-07-25 06:00:00,12838.826,13868.624,18335.055,13853.263,15288.649
2013-07-25 07:00:00,12838.826,13868.624,18335.055,13853.263,15288.649
2013-07-25 08:00:00,12838.826,13868.624,18335.055,13853.263,15288.649
2013-07-25 09:00:00,12838.826,13868.624,18335.055,13853.263,15288.649
2013-07-25 10:00:00,12838.826,13868.624,18335.055,13853.263,15288.649
2013-07-25 11:00:00,12838.826,13868.624,18335.055,13853.263,15288.649
2013-07-25 12:00:00,12838.826,13868.624,18335.055,13853.263,15288.649
2013-07-25 13:00:00,12838.826,13868.624,18335.055,13853.263,15288.649
2013-07-25 14:00:00,12838.826,13868.624,18335.055,13853.263,15288.649
2013-07-25 15:00:00,12838.826,13868.624,18335.055,13853.263,15288.649
2013-07-25 16:00:00,12838.826,13868.624,18335.055,13853.263,15288.649
2013-07-25 17:00:00,12838.826,13868.624,18335.055,13853.263,15288.649
2013-07-25 18:00:00,12838.826,13868.624,18335.055,13853.263,15288.649
2013-07-25 19:00:00,12838.826,13868.624,18335.055,13853.263,15288.649
2013-07-25 20:00:00,12838.826,13868.624,18335.055,13853.263,15288.649
2013-07-25 21:00:00,12838.826,13868.624,18335.055,13853.263,15288.649
2013-07-25 22:00:00,12838.826,13868.624,18335.055,13853.263,15288.649
2013-07-25 23:00:00,12838.826,13868.624,18335.055,13853.263,15288.649
2013-07-26 00:00:00,12838.826,13868.624,18335.055,13853.263,15288.649
2013-07-26 01:00:00,12838.826,13868.624,18335.055,13853.263,15288.649
2013-07-26 02:00:00,12838.826,13868.624,18335.055,13853.263,15288.649
2013-07-26 03:00:00,12838.826,13868.624,18335.055,13853.263,15288.649
2013-07-26 04:00:00,12838.826,13868.624,18335.055,13853.263,15288.649
2013-07-26 05:00:00,12838.826,13868.624,18335.055,13853.263,15288.649
2013-07-26 06:00:00,12838.826,13868.624,18335.055,13853.263,15288.649
2013-07-26 07:00:00,12838.826,13868.624,18335.055,13853.263,15288.649
2013-07-26 08:00:00,12838.826,13868.624,18335.055,13853.263,15288.649
2013-07-26 09:00:00,12838.826,13868.624,18335.055,13853.263,15288.649
2013-07-26 10:00:00,12838.826,13868.624,18335.055,13853.263,15288.649
2013-07-26 11:00:00,12838.826,13868.624,18335.055,13853.263,15288.649
2013-07-26 12:00:00,12838.826,13868.624,18335.055,13853.263,15288.649
2013-07-26 13:00:00,12838.826,13868.624,18335.055,13853.263,15288.649
2013-07-26 14:00:00,12838.826,13868.624,18335.055,13853.263,15288.649
2013-07-26 15:00:00,12838.826,13868.624,18335.055,13853.263,15288.649
2013-07-26 16:00:00,12838.826,13868.624,18335.055,13853.263,15288.649
2013-07-26 17:00:00,12838.826,13868.624,18335.055,13853.263,15288.649
2013-07-26 18:00:00,12838.826,13868.624,18335.055,13853.263,15288.649
2013-07-26 19:00:00,12838.826,13868.624,18335.055,13853.263,15288.649
2013-07-26 20:00:00,12838.826,13868.624,18335.055,13853.263,15288.649
2013-07-26 21:00:00,12838.826,13868.624,18335.055,13853.263,15288.938
2013-07-26 22:00:00,12838.826,13868.624,18335.055,13853.263,15288.952
2013-07-26 23:00:00,12838.826,13868.624,18335.055,13853.263,15288.952
2013-07-27 00:00:00,12838.826,13868.729,18335.055,13853.359,15289.06
2013-07-27 01:00:00,12838.826,13868.729,18335.055,13853.359,15289.06
2013-07-27 02:00:00,12838.826,13868.729,18335.564,13853.368,15289.06
2013-07-27 03:00:00,12838.826,13868.729,18335.564,13856.426,15289.06
2013-07-27 04:00:00,12838.891,13868.729,18336.184,13856.95,15289.06
2013-07-27 05:00:00,12838.891,13868.805,18336.184,13856.976,15289.06
2013-07-27 06:00:00,12838.891,13868.805,18336.184,13856.9795,15289.06
2013-07-27 07:00:00,12838.891,13868.805,18336.184,13856.991,15289.06
2013-07-27 08:00:00,12838.891,13868.805,18336.184,13857.131,15289.06
2013-07-27 09:00:00,12838.891,13868.805,18336.184,13857.131,15290.54
2013-07-27 10:00:00,12839.118,13868.805,18336.184,13857.131,15290.591
2013-07-27 11:00:00,12839.636,13868.805,18336.184,13857.131,15294.055
2013-07-27 12:00:00,12839.636,13868.805,18336.299,13857.131,15296.746
2013-07-27 13:00:00,12839.636,13868.805,18336.445,13857.131,15297.6
2013-07-27 14:00:00,12839.636,13868.805,18336.445,13857.131,15300.652
2013-07-27 15:00:00,12839.636,13868.805,18336.445,13857.131,15300.652
2013-07-27 16:00:00,12839.636,13868.805,18336.445,13857.131,15300.71
2013-07-27 17:00:00,12839.636,13868.805,18336.445,13857.131,15301.723
2013-07-27 18:00:00,12839.636,13868.805,18336.445,13857.131,15301.723
2013-07-27 19:00:00,12839.636,13868.805,18336.445,13857.131,15301.723
2013-07-27 20:00:00,12838.826,13868.709,18335.055,13853.339,15288.952
2013-07-27 21:00:00,12838.826,13868.729,18335.055,13853.339,15288.952
2013-07-27 22:00:00,12838.826,13868.729,18335.055,13853.339,15288.952
2013-07-27 23:00:00,12838.826,13868.729,18335.055,13853.339,15288.952
2013-07-28 00:00:00,12839.636,13868.805,18336.445,13857.131,15301.723
2013-07-28 01:00:00,12839.636,13868.805,18336.445,13857.131,15301.723
2013-07-28 02:00:00,12839.636,13868.805,18336.445,13857.131,15301.723
2013-07-28 03:00:00,12839.636,13868.805,18336.445,13857.131,15301.723
2013-07-28 04:00:00,12839.636,13868.805,18336.445,13857.131,15301.723
2013-07-28 05:00:00,12839.636,13868.805,18336.445,13857.131,15301.723
2013-07-28 06:00:00,12839.636,13868.805,18336.445,13857.131,15301.723
2013-07-28 07:00:00,12839.636,13868.805,18336.445,13857.131,15301.723
2013-07-28 08:00:00,12839.636,13868.805,18336.445,13857.131,15301.723
2013-07-28 09:00:00,12839.636,13868.805,18336.445,13857.131,15301.723
2013-07-28 10:00:00,12839.636,13868.805,18336.445,13857.131,15301.723
2013-07-28 11:00:00,12839.636,13868.805,18336.445,13857.131,15301.723
2013-07-28 12:00:00,12839.636,13868.805,18336.445,13857.131,15301.723
2013-07-28 13:00:00,12839.636,13868.805,18336.445,13857.131,15301.723
2013-07-28 14:00:00,12839.636,13868.805,18336.445,13857.131,15301.723
2013-07-28 15:00:00,12839.636,13868.805,18336.445,13857.131,15301.723
2013-07-28 16:00:00,12839.636,13869.104,18336.445,13857.513,15301.723
2013-07-28 17:00:00,12841.367,13870.666,18336.518,13861.285,15302.913
2013-07-28 18:00:00,12844.618,13870.846,18336.914,13864.161,15303.277
2013-07-28 19:00:00,12845.632,13870.846,18336.988,13865.374,15303.277
2013-07-28 20:00:00,12845.733,13870.846,18337.053,13865.374,15303.277
2013-07-28 21:00:00,12845.733,13870.846,18337.059,13865.577,15303.348
2013-07-28 22:00:00,12847.807,13870.856,18337.059,13865.616,15303.711
2013-07-28 23:00:00,12847.807,13870.856,18337.059,13865.616,15303.711
2013-07-29 00:00:00,12847.807,13870.856,18337.059,13865.616,15303.711
2013-07-29 01:00:00,12847.842,13870.856,18337.059,13865.616,15303.711
2013-07-29 02:00:00,12847.842,13870.856,18337.059,13865.616,15303.711
2013-07-29 03:00:00,12847.842,13870.856,18337.059,13865.616,15303.711
2013-07-29 04:00:00,12847.842,13870.856,18337.059,13865.616,15303.711
2013-07-29 05:00:00,12847.842,13870.856,18337.059,13865.616,15303.711
2013-07-29 06:00:00,12847.842,13870.856,18337.059,13865.616,15303.711
2013-07-29 07:00:00,12847.842,13870.856,18337.059,13865.616,15303.711
2013-07-29 08:00:00,12847.842,13870.856,18337.059,13865.616,15303.711
2013-07-29 09:00:00,12847.842,13870.856,18337.059,13865.616,15303.711
2013-07-29 10:00:00,12847.842,13870.856,18337.059,13865.616,15303.711
2013-07-29 11:00:00,12847.842,13870.856,18337.059,13865.616,15303.711
2013-07-29 12:00:00,12847.842,13870.856,18337.059,13865.616,15303.711
2013-07-29 13:00:00,12847.842,13870.856,18337.059,13865.616,15303.711
2013-07-29 14:00:00,12847.842,13870.856,18337.059,13865.616,15303.711
2013-07-29 15:00:00,12847.842,13870.856,18337.059,13865.616,15303.711
2013-07-29 16:00:00,12847.842,13870.856,18337.059,13865.616,15303.711
2013-07-29 17:00:00,12847.842,13870.856,18337.059,13865.616,15303.711
2013-07-29 18:00:00,12847.842,13870.856,18337.059,13865.616,15303.711
2013-07-29 19:00:00,12847.842,13870.856,18337.059,13865.616,15303.711
2013-07-29 20:00:00,12847.842,13870.856,18337.059,13865.616,15303.711
2013-07-29 21:00:00,12847.842,13870.856,18337.059,13865.616,15303.711
2013-07-29 22:00:00,12848.0,13870.856,18337.059,13865.616,15303.711
2013-07-29 23:00:00,12848.059,13870.856,18337.059,13865.616,15303.711
2013-07-30 00:00:00,12848.059,13870.856,18337.059,13865.616,15303.711
2013-07-30 01:00:00,12848.059,13870.856,18337.059,13865.616,15303.711
2013-07-30 02:00:00,12848.059,13870.856,18337.059,13865.616,15303.711
2013-07-30 03:00:00,12848.059,13870.856,18337.059,13865.616,15303.711
2013-07-30 04:00:00,12848.059,13870.856,18337.059,13865.616,15303.711
2013-07-30 05:00:00,12848.059,13870.856,18337.059,13865.616,15303.711
2013-07-30 06:00:00,12848.059,13870.856,18337.059,13865.616,15303.711
2013-07-30 07:00:00,12848.059,13870.856,18337.059,13865.616,15303.711
2013-07-30 08:00:00,12848.059,13870.856,18337.059,13865.616,15303.711
2013-07-30 09:00:00,12848.059,13870.856,18337.059,13865.616,15303.711
2013-07-30 10:00:00,12848.059,13870.856,18337.059,13865.616,15303.711
2013-07-30 11:00:00,12848.059,13870.856,18337.059,13865.616,15303.711
2013-07-30 12:00:00,12848.059,13871.057,18337.059,13865.616,15303.711
2013-07-30 13:00:00,12848.059,13871.057,18337.059,13865.616,15303.711
2013-07-30 14:00:00,12848.059,13871.085,18337.059,13866.137,15303.722
2013-07-30 15:00:00,12848.059,13871.085,18337.203,13866.137,15303.722
2013-07-30 16:00:00,12848.285,13871.085,18337.203,13866.137,15303.773
2013-07-30 17:00:00,12848.285,13871.085,18337.203,13866.137,15303.823
2013-07-30 18:00:00,12848.285,13871.085,18337.21,13866.137,15303.823
2013-07-30 19:00:00,12848.285,13871.085,18337.283,13866.137,15303.867
2013-07-30 20:00:00,12848.285,13871.085,18337.283,13866.137,15303.975
2013-07-30 21:00:00,12848.285,13871.085,18337.283,13866.137,15304.03
2013-07-30 22:00:00,12848.285,13871.085,18337.29,13866.137,15304.03
2013-07-30 23:00:00,12848.285,13871.085,18338.79,13866.137,15304.03
2013-07-31 00:00:00,12848.285,13871.085,18339.03,13866.137,15304.03
2013-07-31 01:00:00,12848.285,13871.085,18339.03,13866.137,15304.03
2013-07-31 02:00:00,12848.285,13871.085,18339.03,13866.137,15304.64
2013-07-31 03:00:00,12848.285,13871.663,18339.03,13866.137,15305.125
2013-07-31 04:00:00,12848.285,13872.049,18339.03,13866.186,15305.125
2013-07-31 05:00:00,12848.285,13872.668,18339.03,13866.308,15305.228
2013-07-31 06:00:00,12848.285,13873.676,18339.03,13866.308,15305.228
2013-07-31 07:00:00,12848.285,13873.961,18339.03,13866.308,15305.424
2013-07-31 08:00:00,12848.285,13873.961,18339.03,13866.308,15305.495
2013-07-31 09:00:00,12848.285,13873.961,18339.03,13866.308,15305.495
2013-07-31 10:00:00,12848.285,13873.961,18339.03,13866.308,15305.646
2013-07-31 11:00:00,12848.285,13873.991,18339.03,13866.308,15305.646
2013-07-31 12:00:00,12848.285,13874.05,18339.03,13866.369,15305.793
2013-07-31 13:00:00,12848.344,13874.717,18339.03,13866.369,15305.912
2013-07-31 14:00:00,12848.344,13875.178,18339.03,13866.928,15305.912
2013-07-31 15:00:00,12848.366,13875.178,18339.03,13866.983,15305.912
2013-07-31 16:00:00,12848.366,13875.178,18339.035,13866.983,15305.948
2013-07-31 17:00:00,12848.366,13875.178,18339.035,13866.983,15305.995
2013-07-31 18:00:00,12848.366,13875.955,18339.062,13866.983,15306.21
2013-07-31 19:00:00,12848.366,13876.101,18339.098,13866.983,15306.688
2013-07-31 20:00:00,12848.366,13876.101,18339.396,13866.983,15307.019
2013-07-31 21:00:00,12848.657,13876.101,18339.455,13867.151,15311.359
2013-07-31 22:00:00,12849.797,13876.158,18339.898,13867.65,15313.401
2013-07-31 23:00:00,12851.5205,13876.158,18339.916,13867.65,15313.96
2013-08-01 00:00:00,12851.5205,13876.158,18339.916,13867.65,15314.496
2013-08-01 01:00:00,12851.643,13876.164,18339.916,13867.663,15315.156
2013-08-01 02:00:00,12851.662,13876.164,18339.916,13867.663,15315.524
2013-08-01 03:00:00,12851.662,13876.173,18339.916,13867.663,15315.859
2013-08-01 04:00:00,12851.694,13876.173,18339.916,13867.663,15316.395
2013-08-01 05:00:00,12852.114,13876.173,18339.916,13867.663,15316.778
2013-08-01 06:00:00,12852.114,13876.173,18339.916,13867.663,15317.324
2013-08-01 07:00:00,12852.118,13876.173,18339.916,13867.663,15318.04
2013-08-01 08:00:00,12852.71,13876.173,18339.916,13867.663,15319.079
2013-08-01 09:00:00,12852.874,13876.173,18339.916,13867.663,15319.592
2013-08-01 10:00:00,12852.993,13876.208,18339.916,13867.663,15320.098
2013-08-01 11:00:00,12853.045,13876.26,18339.916,13867.691,15320.561
2013-08-01 12:00:00,12853.045,13876.26,18339.916,13867.691,15320.966
2013-08-01 13:00:00,12853.045,13876.26,18339.916,13867.691,15320.999
2013-08-01 14:00:00,12853.045,13876.26,18339.916,13867.691,15320.999
2013-08-01 15:00:00,12853.045,13876.26,18339.916,13867.691,15320.999
2013-08-01 16:00:00,12853.045,13876.26,18339.916,13867.691,15320.999
2013-08-01 17:00:00,12853.045,13876.26,18339.916,13867.691,15320.999
2013-08-01 18:00:00,12853.045,13876.26,18339.916,13867.691,15320.999
2013-08-01 19:00:00,12853.045,13876.26,18339.916,13867.691,15320.999
2013-08-01 20:00:00,12853.045,13876.26,18339.916,13867.691,15320.999
2013-08-01 21:00:00,12853.045,13876.26,18339.916,13867.691,15320.999
2013-08-01 22:00:00,12853.045,13876.26,18339.916,13867.691,15320.999
2013-08-01 23:00:00,12853.045,13876.26,18339.916,13867.691,15321.043
2013-08-02 00:00:00,12853.045,13876.541,18339.916,13867.85,15321.227
2013-08-02 01:00:00,12853.045,13877.188,18339.916,13868.605,15321.995
2013-08-02 02:00:00,12853.557,13879.241,18340.043,13870.403,15325.235
2013-08-02 03:00:00,12854.681,13881.143,18341.523,13873.58,15326.393
2013-08-02 04:00:00,12855.908,13882.087,18342.514,13875.488,15326.772
2013-08-02 05:00:00,12856.596,13882.087,18342.615,13875.614,15326.772
2013-08-02 06:00:00,12856.596,13882.087,18342.615,13875.614,15326.772
2013-08-02 07:00:00,12856.596,13882.087,18342.615,13875.614,15326.772
2013-08-02 08:00:00,12856.596,13882.087,18342.615,13875.614,15326.772
2013-08-02 09:00:00,12856.596,13882.087,18342.615,13875.614,15326.772
2013-08-02 10:00:00,12856.596,13882.087,18342.615,13875.614,15326.772
2013-08-02 11:00:00,12856.596,13882.087,18342.615,13875.614,15326.772
2013-08-02 12:00:00,12856.596,13882.087,18342.615,13875.614,15326.772
2013-08-02 13:00:00,12856.596,13882.087,18342.615,13875.614,15326.772
2013-08-02 14:00:00,12856.596,13882.087,18342.615,13875.614,15326.772
2013-08-02 15:00:00,12856.596,13882.087,18342.615,13875.614,15326.772
2013-08-02 16:00:00,12856.596,13882.087,18342.615,13875.614,15326.772
2013-08-02 17:00:00,12856.596,13882.087,18342.615,13875.614,15326.772
2013-08-02 18:00:00,12856.596,13882.087,18342.615,13875.614,15326.772
2013-08-02 19:00:00,12856.596,13882.087,18342.615,13875.614,15326.772
2013-08-02 20:00:00,12856.596,13882.087,18342.615,13875.614,15326.772
2013-08-02 21:00:00,12856.596,13882.087,18342.615,13875.614,15326.772
2013-08-02 22:00:00,12856.596,13882.087,18342.615,13875.614,15326.772
2013-08-02 23:00:00,12856.596,13882.087,18342.615,13875.614,15326.772
2013-08-03 00:00:00,12856.596,13882.087,18342.615,13875.631,15326.948
2013-08-03 01:00:00,12856.596,13882.087,18342.615,13875.631,15326.948
2013-08-03 02:00:00,12857.044,13882.338,18342.617,13875.993,15328.846
2013-08-03 03:00:00,12858.096,13885.4,18343.807,13878.167,15333.039
2013-08-03 04:00:00,12862.286,13886.109,18349.393,13879.621,15334.317
2013-08-03 05:00:00,12874.032,13886.109,18353.193,13882.205,15334.436
2013-08-03 06:00:00,12874.325,13886.378,18356.826,13882.575,15337.053
2013-08-03 07:00:00,12874.811,13887.647,18358.623,13882.879,15341.64
2013-08-03 08:00:00,12876.606,13888.857,18361.955,13883.36,15341.818
2013-08-03 09:00:00,12877.037,13888.873,18363.879,13884.164,15341.855
2013-08-03 10:00:00,12877.265,13888.873,18363.89,13884.193,15344.248
2013-08-03 11:00:00,12878.684,13888.873,18363.89,13884.193,15344.248
2013-08-03 12:00:00,12878.741,13888.873,18364.094,13884.418,15344.248
2013-08-03 13:00:00,12880.776,13889.206,18364.094,13884.507,15344.397
2013-08-03 14:00:00,12880.864,13889.382,18364.094,13884.564,15344.6455
2013-08-03 15:00:00,12880.864,13889.482,18364.1,13884.564,15344.6455
2013-08-03 16:00:00,12880.886,13889.482,18364.1,13884.564,15344.6455
2013-08-03 17:00:00,12880.886,13889.482,18364.1,13884.564,15344.6455
2013-08-03 18:00:00,12880.886,13889.482,18364.1,13884.564,15344.6455
2013-08-03 19:00:00,12880.886,13889.482,18364.1,13884.564,15344.6455
2013-08-03 20:00:00,12856.596,13882.087,18342.615,13875.614,15326.772
2013-08-03 21:00:00,12856.596,13882.087,18342.615,13875.614,15326.772
2013-08-03 22:00:00,12856.596,13882.087,18342.615,13875.631,15326.948
2013-08-03 23:00:00,12856.596,13882.087,18342.615,13875.631,15326.948
2013-08-04 00:00:00,12880.886,13889.482,18364.1,13884.564,15344.6455
2013-08-04 01:00:00,12880.886,13889.482,18364.1,13884.564,15344.6455
2013-08-04 02:00:00,12880.919,13889.5205,18364.1,13884.564,15344.6455
2013-08-04 03:00:00,12880.919,13889.5205,18364.1,13884.564,15344.6455
2013-08-04 04:00:00,12880.919,13889.5205,18364.1,13884.564,15344.6455
2013-08-04 05:00:00,12880.919,13889.5205,18364.1,13884.564,15344.6455
2013-08-04 06:00:00,12880.919,13889.5205,18364.1,13884.564,15344.6455
2013-08-04 07:00:00,12880.919,13889.5205,18364.1,13884.564,15344.6455
2013-08-04 08:00:00,12880.919,13889.5205,18364.1,13884.564,15344.6455
2013-08-04 09:00:00,12881.059,13889.5205,18364.1,13884.564,15344.6455
2013-08-04 10:00:00,12881.059,13889.5205,18364.1,13884.564,15344.6455
2013-08-04 11:00:00,12881.075,13889.5205,18364.1,13884.564,15344.6455
2013-08-04 12:00:00,12881.078,13889.5205,18364.1,13884.564,15344.6455
2013-08-04 13:00:00,12881.078,13889.5205,18364.1,13884.601,15344.781
2013-08-04 14:00:00,12881.078,13889.5205,18364.1,13884.601,15344.781
2013-08-04 15:00:00,12881.463,13889.5205,18364.1,13884.601,15344.781
2013-08-04 16:00:00,12881.468,13889.5205,18364.1,13884.601,15344.781
2013-08-04 17:00:00,12881.468,13889.5205,18364.1,13884.601,15344.781
2013-08-04 18:00:00,12881.468,13889.5205,18364.1,13884.601,15344.928
2013-08-04 19:00:00,12881.468,13889.5205,18364.1,13884.601,15344.928
2013-08-04 20:00:00,12881.468,13889.5205,18364.1,13884.601,15344.928
2013-08-04 21:00:00,12881.468,13889.5205,18364.1,13884.601,15344.928
2013-08-04 22:00:00,12881.468,13889.551,18364.117,13884.601,15344.928
2013-08-04 23:00:00,12881.468,13890.64,18364.383,13884.601,15344.928
2013-08-05 00:00:00,12881.468,13890.64,18364.383,13884.638,15345.009
2013-08-05 01:00:00,12881.468,13890.674,18364.453,13884.638,15345.096
2013-08-05 02:00:00,12881.468,13890.899,18364.48,13884.645,15345.101
2013-08-05 03:00:00,12881.468,13890.899,18364.48,13884.806,15345.101
2013-08-05 04:00:00,12881.472,13890.899,18364.543,13884.808,15345.101
2013-08-05 05:00:00,12881.472,13890.899,18364.543,13884.808,15345.101
2013-08-05 06:00:00,12881.472,13890.899,18364.543,13884.808,15345.101
2013-08-05 07:00:00,12881.472,13890.899,18364.543,13884.808,15345.101
2013-08-05 08:00:00,12881.472,13890.899,18364.543,13884.808,15345.101
2013-08-05 09:00:00,12881.472,13890.899,18364.543,13884.808,15345.101
2013-08-05 10:00:00,12881.472,13890.899,18364.543,13884.808,15345.101
2013-08-05 11:00:00,12881.541,13890.899,18364.543,13884.83,15345.101
2013-08-05 12:00:00,12882.118,13890.899,18364.543,13884.84,15345.111
2013-08-05 13:00:00,12882.118,13890.899,18364.543,13884.84,15345.138
2013-08-05 14:00:00,12883.245,13891.647,18364.543,13886.252,15345.831
2013-08-05 15:00:00,12883.575,13896.556,18365.305,13886.789,15347.173
2013-08-05 16:00:00,12883.813,13897.315,18366.127,13888.059,15348.192
2013-08-05 17:00:00,12884.975,13899.096,18366.127,13889.639,15349.932
2013-08-05 18:00:00,12885.597,13899.853,18366.127,13890.958,15351.642
2013-08-05 19:00:00,12886.838,13901.043,18366.127,13892.836,15353.238
2013-08-05 20:00:00,12889.053,13902.597,18366.139,13895.126,15354.98
2013-08-05 21:00:00,12890.702,13903.817,18366.14,13897.643,15356.525
2013-08-05 22:00:00,12892.13,13904.531,18366.14,13899.786,15357.897
2013-08-05 23:00:00,12893.537,13904.773,18366.14,13901.3545,15359.129
2013-08-06 00:00:00,12930.095,13929.39,18372.977,13927.217,15383.549
2013-08-06 01:00:00,12930.225,13929.39,18372.977,13927.217,15383.553
2013-08-06 02:00:00,12930.225,13929.39,18372.977,13927.217,15385.775
2013-08-06 03:00:00,12930.225,13929.39,18373.043,13927.217,15387.232
2013-08-06 04:00:00,12930.225,13929.39,18373.15,13927.217,15388.611
2013-08-06 05:00:00,12930.225,13929.39,18373.15,13927.217,15389.27
2013-08-06 06:00:00,12930.225,13929.39,18373.15,13927.217,15389.991
2013-08-06 07:00:00,12930.225,13929.39,18373.15,13927.217,15390.462
2013-08-06 08:00:00,12930.225,13929.39,18373.15,13927.217,15391.137
2013-08-06 09:00:00,12894.817,13906.589,18366.207,13902.769,15360.352
2013-08-06 10:00:00,12896.231,13907.301,18366.328,13904.25,15361.887
2013-08-06 11:00:00,12896.96,13907.301,18366.334,13905.165,15363.055
2013-08-06 12:00:00,12898.828,13907.301,18366.334,13906.75,15364.097
2013-08-06 13:00:00,12899.912,13907.455,18366.334,13907.242,15365.434
2013-08-06 14:00:00,12900.453,13907.477,18366.334,13907.861,15365.911
2013-08-06 15:00:00,12900.758,13907.666,18366.334,13909.344,15366.093
2013-08-06 16:00:00,12902.022,13912.947,18366.342,13911.064,15366.91
2013-08-06 17:00:00,12905.943,13921.235,18370.578,13918.474,15372.074
2013-08-06 18:00:00,12909.649,13923.656,18370.896,13921.978,15377.421
2013-08-06 19:00:00,12928.616,13926.541,18372.924,13926.071,15381.436
2013-08-06 20:00:00,12930.019,13926.819,18372.928,13926.13,15383.49
2013-08-06 21:00:00,12930.035,13929.39,18372.977,13926.13,15383.549
2013-08-06 22:00:00,12903.969,13919.161,18368.31,13915.137,15368.279
2013-08-06 23:00:00,12918.177,13926.374,18372.217,13924.794,15381.032
2013-08-07 00:00:00,12930.225,13929.39,18373.15,13927.217,15392.369
2013-08-07 01:00:00,12930.225,13929.39,18373.15,13927.217,15392.369
2013-08-07 02:00:00,12930.225,13929.39,18373.25,13927.217,15392.369
2013-08-07 03:00:00,12930.225,13929.39,18373.352,13927.217,15392.369
2013-08-07 04:00:00,12930.225,13929.39,18373.355,13927.217,15392.369
2013-08-07 05:00:00,12930.225,13929.39,18373.355,13927.217,15392.369
2013-08-07 06:00:00,12930.225,13929.39,18373.355,13927.217,15392.369
2013-08-07 07:00:00,12930.225,13929.39,18373.355,13927.217,15392.369
2013-08-07 08:00:00,12930.225,13929.39,18373.355,13927.217,15392.369
2013-08-07 09:00:00,12930.225,13929.39,18373.355,13927.217,15392.369
2013-08-07 10:00:00,12930.225,13929.39,18373.355,13927.217,15392.369
2013-08-07 11:00:00,12930.225,13929.39,18373.355,13927.217,15392.369
2013-08-07 12:00:00,12930.225,13929.39,18373.355,13927.217,15392.369
2013-08-07 13:00:00,12930.225,13929.39,18373.355,13927.217,15392.369
2013-08-07 14:00:00,12930.225,13929.39,18373.355,13927.217,15392.369
2013-08-07 15:00:00,12930.225,13929.39,18373.355,13927.217,15392.369
2013-08-07 16:00:00,12930.225,13929.39,18373.355,13927.217,15392.369
2013-08-07 17:00:00,12930.225,13929.39,18373.355,13927.217,15392.369
2013-08-07 18:00:00,12930.225,13929.39,18373.355,13927.217,15392.369
2013-08-07 19:00:00,12930.225,13929.39,18373.355,13927.217,15392.369
2013-08-07 20:00:00,12930.225,13929.39,18373.355,13927.217,15392.606
2013-08-07 21:00:00,12930.225,13929.39,18373.355,13927.217,15392.683
2013-08-07 22:00:00,12930.225,13929.39,18373.355,13927.217,15392.683
2013-08-07 23:00:00,12930.225,13929.39,18373.355,13927.217,15392.683
2013-08-08 00:00:00,12930.225,13929.39,18373.355,13927.217,15392.683
2013-08-08 01:00:00,12930.225,13929.39,18373.355,13927.217,15392.683
2013-08-08 02:00:00,12930.225,13929.39,18373.355,13927.217,15392.683
2013-08-08 03:00:00,12930.225,13929.39,18373.355,13927.217,15392.683
2013-08-08 04:00:00,12930.225,13929.39,18373.355,13927.217,15392.683
2013-08-08 05:00:00,12930.225,13929.39,18373.355,13927.217,15392.683
2013-08-08 06:00:00,12930.225,13929.39,18373.355,13927.217,15392.683
2013-08-08 07:00:00,12930.225,13929.39,18373.355,13927.217,15392.683
2013-08-08 08:00:00,12930.225,13929.39,18373.355,13927.217,15392.683
2013-08-08 09:00:00,12930.225,13929.39,18373.355,13927.217,15392.683
2013-08-08 10:00:00,12930.255,13929.39,18373.355,13927.217,15392.683
2013-08-08 11:00:00,12930.255,13929.39,18373.355,13927.217,15392.683
2013-08-08 12:00:00,12930.255,13929.39,18373.355,13927.225,15392.683
2013-08-08 13:00:00,12930.255,13929.39,18373.355,13927.233,15392.683
2013-08-08 14:00:00,12930.255,13929.39,18373.355,13927.55,15392.683
2013-08-08 15:00:00,12930.255,13929.39,18373.355,13928.818,15392.683
2013-08-08 16:00:00,12930.255,13929.39,18373.865,13933.1,15392.683
2013-08-08 17:00:00,12931.264,13929.39,18374.99,13935.126,15392.692
2013-08-08 18:00:00,12931.672,13930.278,18376.594,13935.224,15393.663
2013-08-08 19:00:00,12931.889,13930.298,18378.463,13935.224,15394.063
2013-08-08 20:00:00,12931.889,13930.298,18379.742,13935.224,15394.063
2013-08-08 21:00:00,12931.889,13930.298,18379.742,13935.224,15394.063
2013-08-08 22:00:00,12931.889,13930.298,18379.742,13935.224,15394.063
2013-08-08 23:00:00,12931.889,13930.298,18379.742,13935.224,15394.063
2013-08-09 00:00:00,12931.889,13930.323,18379.742,13935.224,15394.063
2013-08-09 01:00:00,12931.889,13930.416,18379.742,13935.224,15394.063
2013-08-09 02:00:00,12931.889,13930.472,18379.742,13935.224,15394.063
2013-08-09 03:00:00,12931.889,13930.472,18379.742,13935.224,15394.112
2013-08-09 04:00:00,12931.889,13930.594,18379.742,13935.224,15394.112
2013-08-09 05:00:00,12931.889,13930.604,18379.742,13935.224,15394.124
2013-08-09 06:00:00,12931.889,13930.604,18379.742,13935.224,15394.124
2013-08-09 07:00:00,12931.889,13930.604,18379.963,13935.224,15394.124
2013-08-09 08:00:00,12931.889,13930.604,18380.152,13935.224,15394.124
2013-08-09 09:00:00,12931.889,13930.604,18380.152,13935.224,15394.124
2013-08-09 10:00:00,12931.889,13930.604,18380.152,13935.224,15394.124
2013-08-09 11:00:00,12931.889,13930.604,18380.152,13935.5625,15394.124
2013-08-09 12:00:00,12931.889,13930.604,18380.152,13935.806,15394.124
2013-08-09 13:00:00,12931.889,13930.604,18380.152,13936.065,15394.124
2013-08-09 14:00:00,12931.889,13930.604,18380.152,13936.919,15394.124
2013-08-09 15:00:00,12931.889,13930.604,18380.152,13936.919,15394.124
2013-08-09 16:00:00,12931.889,13930.604,18380.152,13936.919,15394.124
2013-08-09 17:00:00,12931.889,13930.604,18380.152,13936.919,15394.124
2013-08-09 18:00:00,12931.889,13930.604,18380.152,13936.919,15394.4
2013-08-09 19:00:00,12931.889,13930.604,18380.152,13936.919,15403.955
2013-08-09 20:00:00,12931.889,13930.604,18380.166,13936.919,15406.411
2013-08-09 21:00:00,12931.889,13930.604,18380.166,13936.919,15411.616
2013-08-09 22:00:00,12931.889,13930.658,18380.166,13937.515,15411.651
2013-08-09 23:00:00,12931.889,13930.658,18380.166,13937.796,15411.651
2013-08-10 00:00:00,12932.45,13930.658,18380.166,13937.796,15411.651
2013-08-10 01:00:00,12932.745,13930.658,18380.166,13937.796,15411.651
2013-08-10 02:00:00,12932.745,13930.658,18380.166,13937.796,15411.651
2013-08-10 03:00:00,12932.745,13930.658,18380.166,13937.796,15411.651
2013-08-10 04:00:00,12932.745,13930.658,18380.166,13938.021,15411.651
2013-08-10 05:00:00,12932.745,13930.658,18380.166,13938.021,15411.651
2013-08-10 06:00:00,12932.745,13930.658,18380.182,13938.021,15411.651
2013-08-10 07:00:00,12932.745,13930.658,18380.182,13938.021,15411.651
2013-08-10 08:00:00,12932.745,13930.658,18380.182,13938.021,15411.651
2013-08-10 09:00:00,12932.745,13930.658,18380.182,13938.021,15411.651
2013-08-10 10:00:00,12932.745,13930.658,18380.182,13938.021,15411.651
2013-08-10 11:00:00,12932.745,13930.658,18380.182,13938.021,15411.651
2013-08-10 12:00:00,12932.745,13930.658,18380.182,13938.021,15411.651
2013-08-10 13:00:00,12932.745,13930.658,18380.182,13938.021,15411.651
2013-08-10 14:00:00,12932.745,13930.658,18380.182,13938.102,15411.651
2013-08-10 15:00:00,12932.745,13930.658,18380.182,13938.102,15411.651
2013-08-10 16:00:00,12932.745,13930.658,18380.182,13938.102,15411.651
2013-08-10 17:00:00,12932.745,13930.658,18380.182,13938.102,15411.651
2013-08-10 18:00:00,12932.745,13930.658,18380.182,13938.102,15411.752
2013-08-10 19:00:00,12932.745,13930.658,18380.182,13938.102,15411.752
2013-08-10 20:00:00,12932.745,13930.658,18380.436,13938.102,15411.752
2013-08-10 21:00:00,12932.745,13930.658,18380.447,13938.102,15411.752
2013-08-10 22:00:00,12932.745,13930.658,18380.447,13938.102,15411.752
2013-08-10 23:00:00,12932.745,13930.658,18380.447,13938.102,15411.752
2013-08-11 00:00:00,12932.745,13930.658,18380.447,13938.102,15411.752
2013-08-11 01:00:00,12932.745,13930.658,18380.447,13938.102,15411.752
2013-08-11 02:00:00,12932.745,13930.658,18380.447,13938.102,15411.752
2013-08-11 03:00:00,12932.745,13930.658,18380.447,13938.102,15411.752
2013-08-11 04:00:00,12932.745,13930.658,18380.447,13938.102,15411.752
2013-08-11 05:00:00,12932.745,13930.658,18380.447,13938.102,15411.752
2013-08-11 06:00:00,12932.745,13930.658,18380.447,13938.102,15411.752
2013-08-11 07:00:00,12932.745,13930.658,18380.447,13938.102,15411.752
2013-08-11 08:00:00,12932.745,13930.658,18380.447,13938.102,15411.752
2013-08-11 09:00:00,12932.745,13930.658,18380.447,13938.102,15411.752
2013-08-11 10:00:00,12932.745,13930.658,18380.447,13938.102,15411.752
2013-08-11 11:00:00,12932.745,13930.658,18380.447,13938.102,15411.752
2013-08-11 12:00:00,12932.745,13930.658,18380.447,13938.102,15411.752
2013-08-11 13:00:00,12932.745,13930.658,18380.447,13938.102,15411.752
2013-08-11 14:00:00,12932.745,13930.658,18380.447,13938.102,15411.752
2013-08-11 15:00:00,12932.745,13930.658,18380.447,13938.102,15414.533
2013-08-11 16:00:00,12932.745,13930.717,18380.447,13938.102,15425.305
2013-08-11 17:00:00,12932.745,13931.094,18380.447,13938.102,15426.7295
2013-08-11 18:00:00,12932.745,13931.094,18380.49,13938.102,15427.133
2013-08-11 19:00:00,12932.745,13931.094,18380.498,13938.102,15427.391
2013-08-11 20:00:00,12932.745,13931.094,18380.498,13938.102,15427.391
2013-08-11 21:00:00,12932.745,13931.094,18380.51,13938.102,15427.391
2013-08-11 22:00:00,12932.745,13931.094,18385.26,13938.102,15427.391
2013-08-11 23:00:00,12932.745,13931.094,18385.605,13938.102,15427.391
2013-08-12 00:00:00,12938.947,13935.28,18389.742,13943.192,15434.986
2013-08-12 01:00:00,12938.947,13935.28,18389.742,13943.192,15435.017
2013-08-12 02:00:00,12938.947,13935.28,18389.742,13943.192,15435.017
2013-08-12 03:00:00,12938.999,13935.28,18389.742,13943.192,15435.094
2013-08-12 04:00:00,12939.529,13935.28,18390.45,13943.268,15435.307
2013-08-12 05:00:00,12939.529,13935.409,18391.648,13943.578,15435.333
2013-08-12 06:00:00,12939.529,13936.003,18392.404,13943.578,15435.333
2013-08-12 07:00:00,12939.911,13936.606,18393.715,13943.643,15435.333
2013-08-12 08:00:00,12940.39,13937.1875,18395.41,13945.243,15435.621
2013-08-12 09:00:00,12935.851,13933.425,18386.607,13942.017,15430.077
2013-08-12 10:00:00,12936.632,13934.222,18387.49,13942.797,15430.897
2013-08-12 11:00:00,12937.414,13935.003,18388.162,13943.192,15431.679
2013-08-12 12:00:00,12938.193,13935.248,18389.03,13943.192,15432.502
2013-08-12 13:00:00,12938.872,13935.28,18389.104,13943.192,15433.399
2013-08-12 14:00:00,12938.947,13935.28,18389.104,13943.192,15433.893
2013-08-12 15:00:00,12938.947,13935.28,18389.104,13943.192,15434.123
2013-08-12 16:00:00,12938.947,13935.28,18389.104,13943.192,15434.513
2013-08-12 17:00:00,12938.947,13935.28,18389.268,13943.192,15434.513
2013-08-12 18:00:00,12938.947,13935.28,18389.268,13943.192,15434.6455
2013-08-12 19:00:00,12938.947,13935.28,18389.42,13943.192,15434.709
2013-08-12 20:00:00,12933.239,13931.094,18385.605,13938.102,15427.391
2013-08-12 21:00:00,12933.507,13931.094,18385.605,13938.477,15427.421
2013-08-12 22:00:00,12934.289,13931.235,18386.064,13939.776,15428.194
2013-08-12 23:00:00,12935.07,13932.436,18386.607,13941.234,15428.976
2013-08-13 00:00:00,12940.682,13937.915,18396.76,13946.866,15436.637
2013-08-13 01:00:00,12941.177,13938.825,18398.473,13947.637,15437.289
2013-08-13 02:00:00,12941.204,13939.724,18401.297,13947.637,15438.224
2013-08-13 03:00:00,12941.682,13939.848,18402.998,13947.637,15439.039
2013-08-13 04:00:00,12941.909,13940.096,18404.627,13947.637,15439.414
2013-08-13 05:00:00,12942.123,13940.096,18405.932,13947.637,15439.508
2013-08-13 06:00:00,12942.382,13940.096,18407.355,13947.637,15439.671
2013-08-13 07:00:00,12942.389,13940.096,18408.803,13947.637,15439.83
2013-08-13 08:00:00,12942.389,13940.096,18410.09,13947.637,15439.921
2013-08-13 09:00:00,12942.389,13940.096,18410.504,13947.637,15439.921
2013-08-13 10:00:00,12942.389,13940.096,18410.742,13947.637,15439.921
2013-08-13 11:00:00,12942.389,13940.096,18410.742,13947.637,15439.921
2013-08-13 12:00:00,12942.389,13940.096,18410.742,13947.637,15439.921
2013-08-13 13:00:00,12942.389,13940.096,18410.742,13947.637,15439.921
2013-08-13 14:00:00,12942.389,13940.096,18410.742,13947.637,15439.921
2013-08-13 15:00:00,12942.389,13940.096,18410.855,13947.637,15439.921
2013-08-13 16:00:00,12942.389,13940.096,18410.855,13947.637,15439.921
2013-08-13 17:00:00,12942.389,13940.096,18410.855,13947.637,15439.921
2013-08-13 18:00:00,12942.389,13940.096,18410.855,13947.637,15439.921
2013-08-13 19:00:00,12942.389,13940.096,18410.855,13947.637,15439.921
2013-08-13 20:00:00,12942.389,13940.096,18410.855,13947.637,15439.921
2013-08-13 21:00:00,12942.389,13940.096,18410.855,13947.637,15439.921
2013-08-13 22:00:00,12942.389,13940.096,18410.855,13947.637,15439.921
2013-08-13 23:00:00,12942.389,13940.096,18410.855,13947.637,15439.921
2013-08-14 00:00:00,12942.389,13940.096,18410.855,13947.637,15439.921
2013-08-14 01:00:00,12942.389,13940.096,18410.855,13947.637,15439.921
2013-08-14 02:00:00,12942.389,13940.096,18410.855,13947.637,15439.921
2013-08-14 03:00:00,12942.389,13940.096,18410.855,13947.637,15439.921
2013-08-14 04:00:00,12942.389,13940.096,18410.855,13947.637,15439.921
2013-08-14 05:00:00,12942.389,13940.096,18410.855,13947.637,15439.921
2013-08-14 06:00:00,12942.389,13940.096,18410.855,13947.637,15439.921
2013-08-14 07:00:00,12942.389,13940.096,18410.855,13947.637,15439.921
2013-08-14 08:00:00,12942.389,13940.096,18410.855,13947.637,15439.921
2013-08-14 09:00:00,12942.389,13940.096,18410.855,13947.637,15439.921
2013-08-14 10:00:00,12942.389,13940.096,18410.855,13947.637,15439.921
2013-08-14 11:00:00,12942.389,13940.096,18410.855,13947.637,15439.921
2013-08-14 12:00:00,12942.389,13940.096,18410.855,13947.637,15439.921
2013-08-14 13:00:00,12942.389,13940.096,18410.855,13947.637,15439.921
2013-08-14 14:00:00,12942.389,13940.096,18410.855,13947.637,15439.921
2013-08-14 15:00:00,12942.389,13940.096,18410.855,13947.637,15439.921
2013-08-14 16:00:00,12942.389,13940.096,18410.855,13947.637,15439.921
2013-08-14 17:00:00,12942.389,13940.096,18410.855,13947.637,15439.921
2013-08-14 18:00:00,12942.389,13940.096,18410.855,13947.637,15439.936
2013-08-14 19:00:00,12942.389,13940.096,18410.855,13947.637,15439.936
2013-08-14 20:00:00,12942.389,13940.096,18410.855,13947.637,15440.017
2013-08-14 21:00:00,12942.389,13940.096,18410.855,13947.637,15440.017
2013-08-14 22:00:00,12942.389,13940.096,18410.855,13947.637,15440.017
2013-08-14 23:00:00,12942.389,13940.096,18410.855,13947.637,15440.017
2013-08-15 00:00:00,12942.389,13940.096,18410.855,13947.637,15440.017
2013-08-15 01:00:00,12942.389,13940.096,18410.855,13947.637,15440.017
2013-08-15 02:00:00,12942.389,13940.096,18410.855,13947.637,15440.017
2013-08-15 03:00:00,12942.389,13940.096,18410.855,13947.637,15440.017
2013-08-15 04:00:00,12942.389,13940.096,18410.855,13947.637,15440.017
2013-08-15 05:00:00,12942.389,13940.096,18410.855,13947.637,15440.017
2013-08-15 06:00:00,12942.389,13940.096,18410.855,13947.637,15440.017
2013-08-15 07:00:00,12942.389,13940.096,18410.855,13947.637,15440.017
2013-08-15 08:00:00,12942.389,13940.096,18410.855,13947.637,15440.017
2013-08-15 09:00:00,12942.389,13940.096,18410.855,13947.637,15440.017
2013-08-15 10:00:00,12942.389,13940.096,18410.855,13947.637,15440.017
2013-08-15 11:00:00,12942.389,13940.096,18410.855,13947.637,15440.017
2013-08-15 12:00:00,12942.389,13940.096,18410.855,13947.637,15440.017
2013-08-15 13:00:00,12942.389,13940.096,18410.855,13947.637,15440.017
2013-08-15 14:00:00,12942.389,13940.096,18410.855,13947.637,15440.017
2013-08-15 15:00:00,12942.389,13940.096,18410.855,13947.637,15440.017
2013-08-15 16:00:00,12942.389,13940.096,18410.855,13947.637,15440.017
2013-08-15 17:00:00,12942.389,13940.096,18410.855,13947.637,15440.017
2013-08-15 18:00:00,12942.389,13940.096,18410.855,13947.637,15440.017
2013-08-15 19:00:00,12942.389,13940.096,18410.855,13947.637,15440.017
2013-08-15 20:00:00,12942.389,13940.096,18410.855,13947.637,15440.017
2013-08-15 21:00:00,12942.389,13940.096,18410.855,13947.637,15440.017
2013-08-15 22:00:00,12942.389,13940.096,18410.855,13947.637,15440.017
2013-08-15 23:00:00,12942.389,13940.096,18410.855,13947.637,15440.017
2013-08-16 00:00:00,12942.389,13940.096,18410.855,13947.637,15440.017
2013-08-16 01:00:00,12942.389,13940.35,18410.855,13947.637,15440.064
2013-08-16 02:00:00,12942.773,13942.521,18411.863,13949.277,15442.372
2013-08-16 03:00:00,12944.14,13944.404,18411.91,13950.32,15442.568
2013-08-16 04:00:00,12945.258,13945.198,18411.91,13951.144,15442.568
2013-08-16 05:00:00,12945.561,13946.749,18411.91,13951.982,15442.664
2013-08-16 06:00:00,12946.847,13947.319,18411.92,13952.373,15443.078
2013-08-16 07:00:00,12946.955,13947.319,18411.92,13952.373,15443.086
2013-08-16 08:00:00,12946.955,13947.319,18411.92,13952.373,15443.086
2013-08-16 09:00:00,12946.955,13947.319,18411.92,13952.373,15443.086
2013-08-16 10:00:00,12946.955,13947.319,18411.92,13952.373,15443.086
2013-08-16 11:00:00,12946.955,13947.319,18411.92,13952.373,15443.086
2013-08-16 12:00:00,12947.254,13950.601,18412.29,13955.122,15443.368
2013-08-16 13:00:00,12950.405,13954.122,18413.316,13958.16,15445.8545
2013-08-16 14:00:00,12955.88,13957.107,18414.94,13963.307,15448.35
2013-08-16 15:00:00,12960.454,13957.644,18415.055,13964.277,15449.281
2013-08-16 16:00:00,12961.456,13959.492,18415.416,13966.246,15449.424
2013-08-16 17:00:00,12962.239,13960.515,18416.05,13967.242,15449.603
2013-08-16 18:00:00,12963.905,13960.604,18416.066,13968.928,15450.456
2013-08-16 19:00:00,12963.905,13960.604,18416.066,13968.934,15450.5205
2013-08-16 20:00:00,12963.934,13961.169,18416.336,13969.694,15451.157
2013-08-16 21:00:00,12963.934,13961.169,18416.352,13969.781,15451.918
2013-08-16 22:00:00,12963.949,13961.169,18416.352,13969.781,15451.918
2013-08-16 23:00:00,12963.949,13961.169,18416.352,13969.781,15451.918
2013-08-17 00:00:00,12963.949,13961.169,18416.352,13969.781,15452.048
2013-08-17 01:00:00,12963.949,13961.169,18416.352,13969.781,15452.545
2013-08-17 02:00:00,12963.949,13961.169,18416.352,13969.781,15452.933
2013-08-17 03:00:00,12963.949,13961.176,18416.352,13969.793,15452.933
2013-08-17 04:00:00,12963.949,13961.176,18416.355,13969.793,15452.933
2013-08-17 05:00:00,12963.952,13961.176,18416.355,13969.793,15453.582
2013-08-17 06:00:00,12963.952,13961.176,18416.355,13969.793,15454.445
2013-08-17 07:00:00,12963.952,13961.176,18416.62,13969.793,15454.445
2013-08-17 08:00:00,12963.977,13961.176,18416.62,13969.793,15454.445
2013-08-17 09:00:00,12963.978,13961.176,18416.62,13969.793,15454.445
2013-08-17 10:00:00,12963.978,13961.176,18416.62,13969.793,15454.445
2013-08-17 11:00:00,12964.037,13961.176,18416.62,13969.793,15454.445
2013-08-17 12:00:00,12964.046,13961.176,18416.62,13969.793,15454.445
2013-08-17 13:00:00,12964.046,13961.176,18416.62,13969.793,15454.445
2013-08-17 14:00:00,12964.046,13961.176,18416.62,13969.793,15454.445
2013-08-17 15:00:00,12964.046,13961.176,18416.62,13969.793,15454.445
2013-08-17 16:00:00,12964.046,13961.176,18416.62,13969.793,15454.445
2013-08-17 17:00:00,12964.046,13961.176,18416.62,13969.793,15454.445
2013-08-17 18:00:00,12964.048,13961.176,18416.62,13970.155,15454.445
2013-08-17 19:00:00,12964.0625,13961.176,18416.62,13970.265,15454.445
2013-08-17 20:00:00,12964.282,13961.176,18416.62,13970.265,15454.445
2013-08-17 21:00:00,12964.282,13961.176,18416.62,13970.265,15454.445
2013-08-17 22:00:00,12964.282,13961.176,18416.62,13970.265,15454.549
2013-08-17 23:00:00,12964.294,13961.371,18416.62,13971.089,15454.588
2013-08-18 00:00:00,12964.683,13961.426,18416.62,13972.429,15454.588
2013-08-18 01:00:00,12965.147,13961.45,18417.443,13973.17,15454.588
2013-08-18 02:00:00,12965.344,13963.224,18419.795,13973.589,15454.91
2013-08-18 03:00:00,12966.927,13964.738,18424.076,13979.8125,15454.978
2013-08-18 04:00:00,12970.257,13965.223,18424.818,13983.109,15454.978
2013-08-18 05:00:00,12970.507,13965.223,18424.848,13983.159,15458.05
2013-08-18 06:00:00,12970.638,13965.273,18428.316,13984.791,15459.255
2013-08-18 07:00:00,12972.517,13967.011,18430.436,13993.027,15459.395
2013-08-18 08:00:00,12974.905,13970.797,18432.828,13999.857,15459.413
2013-08-18 09:00:00,12976.422,13972.214,18433.172,14004.02,15459.413
2013-08-18 10:00:00,12977.882,13972.233,18434.092,14004.671,15459.51
2013-08-18 11:00:00,12978.705,13973.575,18435.535,14005.636,15459.696
2013-08-18 12:00:00,12978.925,13974.006,18436.803,14005.87,15459.769
2013-08-18 13:00:00,12979.01,13974.006,18436.861,14005.87,15459.769
2013-08-18 14:00:00,12979.01,13974.006,18437.004,14005.87,15459.812
2013-08-18 15:00:00,12979.01,13974.433,18437.021,14005.87,15460.072
2013-08-18 16:00:00,12979.01,13974.452,18437.021,14006.016,15460.789
2013-08-18 17:00:00,12979.01,13974.504,18437.613,14006.136,15460.805
2013-08-18 18:00:00,12979.046,13975.87,18439.658,14006.504,15460.974
2013-08-18 19:00:00,12979.466,13976.511,18441.725,14006.857,15460.974
2013-08-18 20:00:00,12979.466,13976.606,18441.73,14006.963,15461.118
2013-08-18 21:00:00,12979.831,13976.76,18443.412,14007.408,15461.155
2013-08-18 22:00:00,12980.033,13977.019,18445.467,14007.606,15461.46
2013-08-18 23:00:00,12981.673,13978.587,18448.771,14009.274,15462.736
2013-08-19 00:00:00,12982.607,13980.879,18454.06,14011.927,15467.756
2013-08-19 01:00:00,12982.607,13980.879,18454.06,14011.939,15467.931
2013-08-19 02:00:00,12982.621,13981.161,18454.117,14012.285,15468.002
2013-08-19 03:00:00,12982.697,13981.268,18454.225,14012.553,15468.122
2013-08-19 04:00:00,12982.697,13981.268,18454.23,14012.553,15468.478
2013-08-19 05:00:00,12982.697,13981.268,18454.346,14012.553,15468.986
2013-08-19 06:00:00,12982.697,13981.268,18455.043,14012.553,15469.275
2013-08-19 07:00:00,12982.697,13981.476,18455.447,14012.95,15469.436
2013-08-19 08:00:00,12982.706,13981.522,18455.447,14012.975,15470.207
2013-08-19 09:00:00,12982.706,13981.611,18455.469,14013.23,15471.462
2013-08-19 10:00:00,12981.915,13979.23,18450.379,14009.935,15465.418
2013-08-19 11:00:00,12981.915,13979.591,18450.398,14009.983,15465.587
2013-08-19 12:00:00,12982.032,13979.901,18450.771,14010.122,15465.844
2013-08-19 13:00:00,12982.278,13980.136,18450.87,14010.352,15466.573
2013-08-19 14:00:00,12982.299,13980.522,18450.877,14010.434,15466.573
2013-08-19 15:00:00,12982.607,13980.766,18452.588,14011.634,15467.424
2013-08-19 16:00:00,12981.915,13979.23,18450.31,14009.935,15463.48
2013-08-19 17:00:00,12981.915,13979.23,18450.316,14009.935,15465.191
2013-08-19 18:00:00,12981.915,13979.23,18450.379,14009.935,15465.191
2013-08-19 19:00:00,12982.607,13980.786,18453.926,14011.861,15467.44
2013-08-19 20:00:00,12981.915,13978.587,18449.176,14009.561,15462.981
2013-08-19 21:00:00,12981.915,13978.81,18449.389,14009.666,15462.994
2013-08-19 22:00:00,12981.915,13978.844,18449.654,14009.859,15463.264
2013-08-19 23:00:00,12981.915,13979.2295,18450.219,14009.935,15463.271
2013-08-20 00:00:00,12982.706,13981.611,18455.469,14013.23,15471.838
2013-08-20 01:00:00,12982.706,13981.618,18455.469,14013.271,15472.056
2013-08-20 02:00:00,12982.706,13981.618,18455.469,14013.277,15472.873
2013-08-20 03:00:00,12982.706,13981.633,18455.469,14013.4375,15473.311
2013-08-20 04:00:00,12982.758,13981.661,18455.47,14013.584,15474.054
2013-08-20 05:00:00,12982.875,13981.668,18455.47,14013.584,15474.576
2013-08-20 06:00:00,12983.408,13981.843,18455.48,14013.675,15474.64
2013-08-20 07:00:00,12983.486,13981.843,18455.49,14013.701,15474.971
2013-08-20 08:00:00,12983.733,13982.073,18455.49,14013.7295,15475.227
2013-08-20 09:00:00,12983.794,13982.085,18455.49,14013.7295,15475.253
2013-08-20 10:00:00,12984.218,13982.085,18455.49,14013.773,15475.636
2013-08-20 11:00:00,12984.386,13982.085,18455.49,14013.773,15477.031
2013-08-20 12:00:00,12984.582,13982.318,18455.49,14013.867,15477.4795
2013-08-20 13:00:00,12984.671,13982.318,18455.49,14013.867,15477.556
2013-08-20 14:00:00,12984.888,13982.368,18455.49,14013.867,15478.045
2013-08-20 15:00:00,12984.932,13982.368,18455.49,14013.867,15478.215
2013-08-20 16:00:00,12984.932,13982.368,18455.498,14013.867,15478.304
2013-08-20 17:00:00,12985.118,13982.368,18455.498,14013.867,15478.938
2013-08-20 18:00:00,12985.132,13982.404,18455.498,14013.891,15478.9795
2013-08-20 19:00:00,12985.15,13982.414,18455.498,14014.374,15479.031
2013-08-20 20:00:00,12985.447,13982.414,18455.557,14014.472,15479.301
2013-08-20 21:00:00,12985.582,13982.425,18455.66,14014.483,15479.378
2013-08-20 22:00:00,12985.589,13982.425,18455.676,14014.483,15479.661
2013-08-20 23:00:00,12985.589,13982.425,18455.693,14014.483,15479.951
2013-08-21 00:00:00,12985.589,13982.425,18455.889,14014.483,15480.203
2013-08-21 01:00:00,12985.589,13982.508,18456.256,14014.483,15480.752
2013-08-21 02:00:00,12985.667,13982.82,18456.379,14014.506,15480.884
2013-08-21 03:00:00,12986.093,13983.016,18456.379,14014.584,15481.179
2013-08-21 04:00:00,12986.502,13983.247,18456.445,14014.977,15482.2295
2013-08-21 05:00:00,12986.626,13983.25,18456.492,14014.997,15482.236
2013-08-21 06:00:00,12986.626,13983.25,18456.492,14015.19,15482.236
2013-08-21 07:00:00,12986.626,13983.25,18456.492,14015.472,15482.701
2013-08-21 08:00:00,12986.817,13983.404,18456.742,14015.727,15483.067
2013-08-21 09:00:00,12987.288,13985.133,18458.002,14017.545,15486.705
2013-08-21 10:00:00,12989.877,13985.874,18460.082,14017.988,15488.878
2013-08-21 11:00:00,12991.967,13985.962,18460.38,14018.069,15489.636
2013-08-21 12:00:00,12992.976,13985.962,18461.463,14019.401,15490.272
2013-08-21 13:00:00,12993.709,13985.989,18463.225,14020.33,15491.096
2013-08-21 14:00:00,12993.794,13985.99,18463.996,14020.935,15491.925
2013-08-21 15:00:00,12993.794,13986.1045,18465.193,14021.565,15492.793
2013-08-21 16:00:00,12993.794,13986.285,18465.512,14021.583,15493.031
2013-08-21 17:00:00,12993.794,13986.396,18465.742,14021.583,15493.756
2013-08-21 18:00:00,12993.797,13986.581,18465.762,14021.724,15494.031
2013-08-21 19:00:00,12993.797,13986.581,18465.762,14021.724,15494.201
2013-08-21 20:00:00,12993.797,13986.581,18465.762,14021.724,15494.201
2013-08-21 21:00:00,12993.797,13986.581,18465.762,14021.724,15494.201
2013-08-21 22:00:00,12993.797,13986.581,18465.762,14021.724,15494.201
2013-08-21 23:00:00,12993.797,13986.581,18465.762,14021.724,15494.201
2013-08-22 00:00:00,12993.797,13986.581,18465.762,14021.724,15494.201
2013-08-22 01:00:00,12993.797,13986.581,18465.762,14021.724,15494.201
2013-08-22 02:00:00,12993.797,13986.581,18465.762,14021.724,15494.201
2013-08-22 03:00:00,12993.797,13986.581,18465.762,14021.724,15494.201
2013-08-22 04:00:00,12993.797,13986.581,18465.762,14021.724,15494.201
2013-08-22 05:00:00,12993.797,13986.581,18465.762,14021.724,15494.201
2013-08-22 06:00:00,12993.797,13986.581,18465.762,14021.724,15494.201
2013-08-22 07:00:00,12993.797,13986.581,18465.762,14021.724,15494.201
2013-08-22 08:00:00,12993.797,13986.581,18465.762,14021.724,15494.201
2013-08-22 09:00:00,12993.797,13986.581,18465.762,14021.724,15494.201
2013-08-22 10:00:00,12993.797,13986.581,18465.762,14021.724,15494.201
2013-08-22 11:00:00,12993.797,13986.581,18465.762,14021.724,15494.201
2013-08-22 12:00:00,12993.797,13986.581,18465.762,14021.724,15494.201
2013-08-22 13:00:00,12993.797,13986.581,18465.762,14021.724,15494.201
2013-08-22 14:00:00,12993.797,13986.581,18465.762,14021.724,15494.201
2013-08-22 15:00:00,12993.797,13986.581,18465.762,14021.724,15494.201
2013-08-22 16:00:00,12993.797,13986.581,18465.762,14021.724,15494.201
2013-08-22 17:00:00,12993.797,13986.581,18465.762,14021.724,15494.201
2013-08-22 18:00:00,12993.797,13986.581,18465.762,14021.724,15494.201
2013-08-22 19:00:00,12993.797,13986.581,18465.762,14021.724,15494.201
2013-08-22 20:00:00,12993.797,13986.581,18465.762,14021.724,15494.201
2013-08-22 21:00:00,12993.797,13986.581,18465.762,14021.724,15494.201
2013-08-22 22:00:00,12993.797,13986.581,18465.762,14021.724,15494.201
2013-08-22 23:00:00,12993.797,13986.581,18465.762,14021.724,15494.201
2013-08-23 00:00:00,12993.797,13986.581,18465.762,14021.724,15494.201
2013-08-23 01:00:00,12993.797,13986.581,18465.762,14021.724,15494.201
2013-08-23 02:00:00,12993.797,13986.581,18465.762,14021.724,15494.201
2013-08-23 03:00:00,12993.797,13986.581,18465.762,14021.724,15494.201
2013-08-23 04:00:00,12993.797,13986.581,18465.762,14021.724,15494.201
2013-08-23 05:00:00,12993.797,13986.581,18465.762,14021.724,15494.201
2013-08-23 06:00:00,12993.797,13986.581,18465.762,14021.724,15494.201
2013-08-23 07:00:00,12993.797,13986.581,18465.762,14021.724,15494.201
2013-08-23 08:00:00,12993.797,13986.581,18465.762,14021.724,15494.201
2013-08-23 09:00:00,12993.797,13986.581,18465.762,14021.724,15494.201
2013-08-23 10:00:00,12993.797,13986.581,18465.762,14021.724,15494.201
2013-08-23 11:00:00,12993.797,13986.581,18465.762,14021.724,15494.201
2013-08-23 12:00:00,12993.797,13986.581,18465.762,14021.724,15494.201
2013-08-23 13:00:00,12993.797,13986.581,18465.762,14021.724,15494.201
2013-08-23 14:00:00,12993.797,13986.581,18465.762,14021.724,15494.201
2013-08-23 15:00:00,12993.797,13986.581,18465.762,14021.724,15494.201
2013-08-23 16:00:00,12993.797,13986.581,18465.762,14021.724,15494.201
2013-08-23 17:00:00,12993.797,13986.581,18465.762,14021.724,15494.201
2013-08-23 18:00:00,12993.797,13986.581,18465.762,14021.724,15494.201
2013-08-23 19:00:00,12993.797,13986.581,18465.762,14021.724,15494.201
2013-08-23 20:00:00,12993.797,13986.581,18465.762,14021.724,15494.201
2013-08-23 21:00:00,12993.797,13986.581,18465.762,14021.724,15494.201
2013-08-23 22:00:00,12993.797,13986.581,18465.762,14021.724,15494.201
2013-08-23 23:00:00,12993.797,13986.581,18465.762,14021.724,15494.201
2013-08-24 00:00:00,12993.797,13986.581,18465.762,14021.724,15494.201
2013-08-24 01:00:00,12993.797,13986.581,18465.762,14021.724,15494.201
2013-08-24 02:00:00,12993.797,13986.581,18465.762,14021.724,15494.201
2013-08-24 03:00:00,12993.797,13986.581,18465.762,14021.724,15494.201
2013-08-24 04:00:00,12993.797,13986.581,18465.762,14021.724,15494.201
2013-08-24 05:00:00,12993.797,13986.581,18465.762,14021.724,15494.201
2013-08-24 06:00:00,12993.797,13986.581,18465.762,14021.724,15494.201
2013-08-24 07:00:00,12993.797,13986.581,18465.762,14021.724,15494.201
2013-08-24 08:00:00,12993.797,13986.581,18465.762,14021.724,15494.201
2013-08-24 09:00:00,12993.797,13986.581,18465.762,14021.724,15494.201
2013-08-24 10:00:00,12993.797,13986.581,18465.762,14021.724,15494.201
2013-08-24 11:00:00,12993.797,13986.581,18465.762,14021.724,15494.201
2013-08-24 12:00:00,12993.797,13986.581,18465.762,14021.724,15494.201
2013-08-24 13:00:00,12993.797,13986.581,18465.762,14021.724,15494.201
2013-08-24 14:00:00,12993.797,13986.581,18465.762,14021.724,15494.201
2013-08-24 15:00:00,12993.797,13986.581,18465.762,14021.724,15494.201
2013-08-24 16:00:00,12993.797,13986.581,18465.762,14021.724,15494.201
2013-08-24 17:00:00,12993.797,13986.581,18465.762,14021.724,15494.201
2013-08-24 18:00:00,12993.797,13986.581,18465.762,14021.724,15494.201
2013-08-24 19:00:00,12993.797,13986.581,18465.762,14021.724,15494.201
2013-08-24 20:00:00,12993.797,13986.581,18465.762,14021.724,15494.201
2013-08-24 21:00:00,12993.797,13986.581,18465.762,14021.724,15494.201
2013-08-24 22:00:00,12993.797,13986.581,18465.762,14021.724,15494.201
2013-08-24 23:00:00,12993.797,13986.581,18465.762,14021.724,15494.201
2013-08-25 00:00:00,12993.797,13986.581,18465.762,14021.724,15494.201
2013-08-25 01:00:00,12993.797,13986.581,18465.762,14021.724,15494.201
2013-08-25 02:00:00,12993.797,13986.581,18465.762,14021.724,15494.201
2013-08-25 03:00:00,12993.797,13986.581,18465.762,14021.724,15494.201
2013-08-25 04:00:00,12993.797,13986.581,18465.762,14021.724,15494.201
2013-08-25 05:00:00,12993.797,13986.581,18465.762,14021.724,15494.201
2013-08-25 06:00:00,12993.797,13986.581,18465.762,14021.724,15494.201
2013-08-25 07:00:00,12993.797,13986.581,18465.762,14021.724,15494.201
2013-08-25 08:00:00,12993.797,13986.581,18465.762,14021.724,15494.201
2013-08-25 09:00:00,12993.797,13986.581,18465.762,14021.724,15494.201
2013-08-25 10:00:00,12993.797,13986.581,18465.762,14021.724,15494.201
2013-08-25 11:00:00,12993.797,13986.581,18465.762,14021.724,15494.201
2013-08-25 12:00:00,12993.797,13986.581,18465.762,14021.724,15494.201
2013-08-25 13:00:00,12993.797,13986.581,18465.762,14021.724,15494.201
2013-08-25 14:00:00,12993.797,13986.581,18465.762,14021.724,15494.201
2013-08-25 15:00:00,12993.797,13986.581,18465.762,14021.724,15494.201
2013-08-25 16:00:00,12993.797,13986.581,18465.762,14021.724,15494.201
2013-08-25 17:00:00,12993.797,13986.581,18465.762,14021.724,15494.201
2013-08-25 18:00:00,12993.797,13986.581,18465.762,14021.724,15494.201
2013-08-25 19:00:00,12993.797,13986.581,18465.762,14021.724,15494.201
2013-08-25 20:00:00,12993.797,13986.581,18465.762,14021.724,15494.201
2013-08-25 21:00:00,12993.797,13986.581,18465.762,14021.724,15494.201
2013-08-25 22:00:00,12993.797,13986.581,18465.762,14021.724,15494.201
2013-08-25 23:00:00,12993.797,13986.581,18465.762,14021.724,15494.201
2013-08-26 00:00:00,12993.797,13986.581,18465.762,14021.724,15494.22
2013-08-26 01:00:00,12993.797,13986.581,18465.762,14021.724,15494.22
2013-08-26 02:00:00,12993.797,13986.581,18465.762,14021.724,15494.22
2013-08-26 03:00:00,12993.797,13986.581,18465.762,14021.724,15494.22
2013-08-26 04:00:00,12993.797,13986.581,18465.762,14021.724,15494.201
2013-08-26 05:00:00,12993.797,13986.581,18465.762,14021.724,15494.22
2013-08-26 06:00:00,12993.797,13986.581,18465.762,14021.724,15494.22
2013-08-26 07:00:00,12993.797,13986.581,18465.762,14021.724,15494.22
2013-08-26 08:00:00,12993.797,13986.581,18465.762,14021.724,15494.22
2013-08-26 09:00:00,12993.797,13986.581,18465.762,14021.724,15494.22
2013-08-26 10:00:00,12993.797,13986.581,18465.762,14021.724,15494.22
2013-08-26 11:00:00,12993.797,13986.581,18465.762,14021.724,15494.22
2013-08-26 12:00:00,12993.797,13986.581,18465.762,14021.724,15494.22
2013-08-26 13:00:00,12993.797,13986.581,18465.762,14021.724,15494.22
2013-08-26 14:00:00,12993.797,13986.581,18465.762,14021.724,15494.22
2013-08-26 15:00:00,12993.797,13986.581,18465.762,14021.724,15494.22
2013-08-26 16:00:00,12993.797,13986.581,18465.762,14021.724,15494.22
2013-08-26 17:00:00,12993.797,13986.581,18465.762,14021.724,15494.22
2013-08-26 18:00:00,12993.797,13986.581,18465.762,14021.724,15494.22
2013-08-26 19:00:00,12993.797,13986.581,18465.762,14021.724,15494.22
2013-08-26 20:00:00,12993.797,13986.581,18465.762,14021.724,15494.201
2013-08-26 21:00:00,12993.797,13986.581,18465.762,14021.724,15494.201
2013-08-26 22:00:00,12993.797,13986.581,18465.762,14021.724,15494.201
2013-08-26 23:00:00,12993.797,13986.581,18465.762,14021.724,15494.201
2013-08-27 00:00:00,12993.797,13986.581,18465.762,14021.724,15494.22
2013-08-27 01:00:00,12993.797,13986.581,18465.762,14021.724,15494.22
2013-08-27 02:00:00,12993.797,13986.581,18465.762,14021.724,15494.22
2013-08-27 03:00:00,12993.797,13986.581,18465.762,14021.724,15494.22
2013-08-27 04:00:00,12993.797,13986.581,18465.762,14021.724,15494.22
2013-08-27 05:00:00,12993.797,13986.581,18465.762,14021.724,15494.22
2013-08-27 06:00:00,12993.797,13986.581,18465.762,14021.728,15494.22
2013-08-27 07:00:00,12993.797,13986.581,18465.762,14021.728,15494.22
2013-08-27 08:00:00,12993.797,13986.581,18465.762,14021.728,15494.22
2013-08-27 09:00:00,12993.808,13986.581,18465.762,14021.728,15494.22
2013-08-27 10:00:00,12993.808,13986.581,18465.762,14021.728,15494.22
2013-08-27 11:00:00,12993.808,13986.581,18465.762,14021.728,15494.222
2013-08-27 12:00:00,12993.808,13986.581,18465.762,14021.728,15494.76
2013-08-27 13:00:00,12993.808,13986.581,18465.762,14021.728,15494.76
2013-08-27 14:00:00,12993.808,13986.581,18465.762,14021.728,15494.76
2013-08-27 15:00:00,12993.808,13986.581,18465.762,14021.728,15494.874
2013-08-27 16:00:00,12993.808,13986.581,18465.762,14021.728,15495.225
2013-08-27 17:00:00,12993.808,13986.581,18465.762,14021.728,15495.225
2013-08-27 18:00:00,12993.808,13986.581,18465.762,14021.728,15495.51
2013-08-27 19:00:00,12993.808,13986.581,18466.318,14021.728,15497.609
2013-08-27 20:00:00,12993.905,13987.304,18468.002,14021.833,15499.011
2013-08-27 21:00:00,12994.347,13988.143,18468.002,14022.362,15499.807
2013-08-27 22:00:00,12994.347,13988.143,18468.002,14022.362,15500.909
2013-08-27 23:00:00,12994.595,13988.27,18468.014,14022.427,15501.714
2013-08-28 00:00:00,12995.333,13988.301,18468.014,14022.511,15502.133
2013-08-28 01:00:00,12995.662,13988.301,18468.014,14022.515,15502.631
2013-08-28 02:00:00,12995.695,13988.305,18468.02,14022.711,15502.981
2013-08-28 03:00:00,12995.695,13988.35,18468.268,14022.79,15503.269
2013-08-28 04:00:00,12995.695,13988.35,18468.268,14022.86,15503.269
2013-08-28 05:00:00,12995.695,13988.35,18468.268,14022.86,15503.269
2013-08-28 06:00:00,12995.695,13988.35,18468.268,14022.86,15503.269
2013-08-28 07:00:00,12995.695,13988.35,18468.268,14022.86,15503.269
2013-08-28 08:00:00,12995.695,13988.35,18468.268,14022.86,15503.306
2013-08-28 09:00:00,12995.695,13988.35,18468.268,14022.86,15503.826
2013-08-28 10:00:00,12995.695,13988.35,18468.268,14022.86,15503.976
2013-08-28 11:00:00,12995.695,13988.35,18468.268,14022.86,15503.976
2013-08-28 12:00:00,12995.695,13988.35,18468.268,14022.86,15503.976
2013-08-28 13:00:00,12995.695,13988.35,18468.268,14022.86,15503.976
2013-08-28 14:00:00,12995.695,13988.35,18468.268,14022.86,15503.976
2013-08-28 15:00:00,12995.695,13988.35,18468.268,14022.86,15503.976
2013-08-28 16:00:00,12995.695,13988.35,18468.268,14022.86,15503.976
2013-08-28 17:00:00,12995.695,13988.35,18468.268,14022.86,15503.976
2013-08-28 18:00:00,12995.695,13988.35,18468.268,14022.86,15503.976
2013-08-28 19:00:00,12995.695,13988.35,18468.268,14022.86,15503.976
2013-08-28 20:00:00,12995.695,13988.35,18468.268,14022.86,15503.976
2013-08-28 21:00:00,12995.695,13988.35,18468.268,14022.86,15503.976
2013-08-28 22:00:00,12995.695,13988.35,18468.268,14022.86,15503.976
2013-08-28 23:00:00,12995.695,13988.35,18468.268,14022.86,15503.976
2013-08-29 00:00:00,12995.695,13988.35,18468.268,14022.86,15503.976
2013-08-29 01:00:00,12995.695,13988.35,18468.268,14022.86,15503.976
2013-08-29 02:00:00,12995.695,13988.35,18468.268,14022.86,15503.976
2013-08-29 03:00:00,12995.695,13988.35,18468.268,14022.86,15503.976
2013-08-29 04:00:00,12995.695,13988.35,18468.268,14022.86,15503.976
2013-08-29 05:00:00,12995.695,13988.35,18468.268,14022.86,15503.976
2013-08-29 06:00:00,12995.695,13988.35,18468.268,14022.86,15503.976
2013-08-29 07:00:00,12995.695,13988.35,18468.268,14022.86,15503.976
2013-08-29 08:00:00,12995.695,13988.35,18468.268,14022.86,15503.976
2013-08-29 09:00:00,12995.695,13988.35,18468.268,14022.86,15503.976
2013-08-29 10:00:00,12995.695,13988.35,18468.268,14022.86,15503.976
2013-08-29 11:00:00,12995.695,13988.35,18468.268,14022.86,15503.976
2013-08-29 12:00:00,12995.695,13988.35,18468.268,14022.86,15503.976
2013-08-29 13:00:00,12995.695,13988.35,18468.268,14022.86,15503.976
2013-08-29 14:00:00,12995.695,13988.35,18468.268,14022.86,15503.976
2013-08-29 15:00:00,12995.695,13988.35,18468.268,14022.86,15503.976
2013-08-29 16:00:00,12995.695,13988.35,18468.268,14022.86,15503.976
2013-08-29 17:00:00,12995.695,13988.35,18468.268,14022.86,15503.976
2013-08-29 18:00:00,12995.695,13988.35,18468.268,14022.86,15503.976
2013-08-29 19:00:00,12995.695,13988.35,18468.268,14022.86,15503.976
2013-08-29 20:00:00,12995.695,13988.35,18468.268,14022.86,15503.976
2013-08-29 21:00:00,12995.695,13988.35,18468.268,14022.86,15503.976
2013-08-29 22:00:00,12995.695,13988.35,18468.268,14022.86,15503.976
2013-08-29 23:00:00,12995.695,13988.35,18468.268,14022.86,15503.976
2013-08-30 00:00:00,12995.695,13988.424,18468.268,14023.012,15503.976
2013-08-30 01:00:00,12995.695,13988.424,18468.268,14023.012,15503.976
2013-08-30 02:00:00,12995.695,13988.424,18468.268,14023.012,15503.976
2013-08-30 03:00:00,12995.726,13988.572,18468.268,14023.144,15503.989
2013-08-30 04:00:00,12996.226,13988.838,18468.268,14023.637,15505.197
2013-08-30 05:00:00,12995.695,13988.35,18468.268,14022.86,15503.976
2013-08-30 06:00:00,12995.695,13988.35,18468.268,14022.86,15503.976
2013-08-30 07:00:00,12995.695,13988.35,18468.268,14022.86,15503.976
2013-08-30 08:00:00,12995.695,13988.35,18468.268,14022.86,15503.976
2013-08-30 09:00:00,12995.695,13988.35,18468.268,14022.86,15503.976
2013-08-30 10:00:00,12995.695,13988.35,18468.268,14022.86,15503.976
2013-08-30 11:00:00,12995.695,13988.35,18468.268,14022.86,15503.976
2013-08-30 12:00:00,12995.695,13988.35,18468.268,14022.86,15503.976
2013-08-30 13:00:00,12995.695,13988.35,18468.268,14022.86,15503.976
2013-08-30 14:00:00,12995.695,13988.35,18468.268,14022.86,15503.976
2013-08-30 15:00:00,12995.695,13988.35,18468.268,14022.86,15503.976
2013-08-30 16:00:00,12995.695,13988.35,18468.268,14022.86,15503.976
2013-08-30 17:00:00,12995.695,13988.35,18468.268,14022.86,15503.976
2013-08-30 18:00:00,12995.695,13988.35,18468.268,14022.86,15503.976
2013-08-30 19:00:00,12995.695,13988.35,18468.268,14022.86,15503.976
2013-08-30 20:00:00,12995.695,13988.424,18468.268,14022.86,15503.976
2013-08-30 21:00:00,12995.695,13988.424,18468.268,14023.012,15503.976
2013-08-30 22:00:00,12995.695,13988.424,18468.268,14023.012,15503.976
2013-08-30 23:00:00,12995.695,13988.424,18468.268,14023.012,15503.976
2013-08-31 00:00:00,12996.349,13989.39,18469.121,14023.637,15505.329
2013-08-31 01:00:00,12996.349,13989.877,18470.059,14023.727,15505.541
2013-08-31 02:00:00,12996.601,13990.673,18472.098,14024.529,15505.764
2013-08-31 03:00:00,12996.698,13991.517,18472.148,14024.529,15505.797
2013-08-31 04:00:00,12996.742,13993.528,18473.812,14025.031,15506.601
2013-08-31 05:00:00,12998.845,13997.913,18476.65,14027.542,15510.048
2013-08-31 06:00:00,13000.323,13998.812,18478.166,14028.882,15512.692
2013-08-31 07:00:00,13001.256,13999.861,18481.117,14029.866,15513.27
2013-08-31 08:00:00,13002.375,13999.861,18482.078,14030.151,15513.799
2013-08-31 09:00:00,13002.375,13999.861,18482.28,14030.497,15514.084
2013-08-31 10:00:00,13002.375,13999.861,18482.8,14030.609,15514.606
2013-08-31 11:00:00,13002.375,13999.861,18482.81,14031.249,15514.606
2013-08-31 12:00:00,13002.375,13999.861,18482.81,14031.249,15515.164
2013-08-31 13:00:00,13002.384,14000.608,18483.744,14031.849,15515.248
2013-08-31 14:00:00,13002.384,14000.775,18484.512,14031.958,15517.986
2013-08-31 15:00:00,13002.384,14001.1875,18485.705,14033.009,15518.263
2013-08-31 16:00:00,13002.384,14001.381,18485.705,14033.06,15518.655
2013-08-31 17:00:00,13002.384,14001.467,18485.71,14033.06,15521.759
2013-08-31 18:00:00,13002.392,14001.467,18486.264,14033.144,15522.334
2013-08-31 19:00:00,13002.392,14001.467,18486.955,14033.144,15522.405
2013-08-31 20:00:00,13002.392,14002.276,18487.125,14033.154,15522.405
2013-08-31 21:00:00,13002.392,14002.276,18487.494,14033.154,15522.415
2013-08-31 22:00:00,13002.392,14003.016,18487.494,14033.159,15522.543
2013-08-31 23:00:00,13002.392,14003.016,18487.494,14033.159,15522.543
2013-09-01 00:00:00,13002.392,14003.016,18487.494,14033.159,15522.543
2013-09-01 01:00:00,13002.392,14003.016,18487.494,14033.159,15522.8955
2013-09-01 02:00:00,13002.392,14003.044,18487.494,14033.159,15523.185
2013-09-01 03:00:00,13002.392,14003.044,18487.494,14033.159,15523.185
2013-09-01 04:00:00,13002.392,14003.044,18487.494,14033.159,15523.562
2013-09-01 05:00:00,13002.392,14003.38,18487.494,14033.159,15524.357
2013-09-01 06:00:00,13002.392,14004.06,18487.494,14033.178,15524.958
2013-09-01 07:00:00,13002.392,14004.234,18487.494,14033.335,15524.958
2013-09-01 08:00:00,13002.392,14004.274,18487.549,14033.338,15525.154
2013-09-01 09:00:00,13002.392,14004.587,18487.643,14033.338,15525.552
2013-09-01 10:00:00,13002.392,14004.84,18487.643,14033.452,15525.901
2013-09-01 11:00:00,13002.392,14005.668,18487.928,14033.644,15528.133
2013-09-01 12:00:00,13002.899,14007.267,18488.379,14034.682,15528.9375
2013-09-01 13:00:00,13003.2,14008.021,18488.396,14034.995,15530.426
2013-09-01 14:00:00,13003.2,14008.703,18489.357,14035.371,15531.022
2013-09-01 15:00:00,13003.2,14009.239,18489.805,14035.371,15532.592
2013-09-01 16:00:00,13003.2,14010.079,18491.363,14035.989,15537.429
2013-09-01 17:00:00,13003.222,14010.478,18492.549,14036.78,15538.4375
2013-09-01 18:00:00,13003.222,14010.478,18492.98,14036.906,15539.277
2013-09-01 19:00:00,13003.222,14010.478,18494.07,14036.906,15539.361
2013-09-01 20:00:00,13003.222,14010.711,18494.2,14036.906,15539.552
2013-09-01 21:00:00,13003.222,14011.243,18494.252,14036.906,15539.62
2013-09-01 22:00:00,13003.222,14012.31,18495.096,14036.968,15540.619
2013-09-01 23:00:00,13003.942,14012.58,18496.152,14036.968,15541.34
2013-09-02 00:00:00,13004.543,14013.153,18497.14,14037.063,15541.43
2013-09-02 01:00:00,13005.06,14013.429,18498.055,14037.066,15541.587
2013-09-02 02:00:00,13005.735,14013.838,18499.176,14037.748,15542.228
2013-09-02 03:00:00,13007.906,14013.958,18499.617,14037.847,15542.382
2013-09-02 04:00:00,13009.135,14013.958,18499.758,14038.128,15542.431
2013-09-02 05:00:00,13009.135,14013.958,18499.758,14038.128,15542.454
2013-09-02 06:00:00,13009.135,14013.958,18499.84,14038.128,15542.454
2013-09-02 07:00:00,13009.135,14013.958,18499.84,14038.128,15542.454
2013-09-02 08:00:00,13009.135,14013.958,18499.84,14038.128,15542.454
2013-09-02 09:00:00,13009.135,14013.958,18499.84,14038.128,15542.454
2013-09-02 10:00:00,13009.135,14013.958,18499.84,14038.128,15542.454
2013-09-02 11:00:00,13009.135,14013.958,18499.84,14038.128,15542.454
2013-09-02 12:00:00,13009.135,14013.958,18499.84,14038.128,15542.454
2013-09-02 13:00:00,13009.135,14013.958,18499.84,14038.128,15542.454
2013-09-02 14:00:00,13009.135,14013.958,18499.84,14038.128,15542.454
2013-09-02 15:00:00,13009.135,14013.958,18499.84,14038.128,15542.454
2013-09-02 16:00:00,13009.135,14013.958,18499.84,14038.128,15542.454
2013-09-02 17:00:00,13009.135,14013.958,18499.84,14038.128,15542.454
2013-09-02 18:00:00,13009.135,14013.958,18499.84,14038.128,15542.454
2013-09-02 19:00:00,13009.135,14013.958,18499.84,14038.128,15542.454
2013-09-02 20:00:00,13009.135,14013.958,18499.84,14038.128,15542.454
2013-09-02 21:00:00,13009.135,14013.958,18499.84,14038.128,15542.518
2013-09-02 22:00:00,13009.135,14013.958,18499.84,14038.128,15542.518
2013-09-02 23:00:00,13009.135,14013.958,18499.84,14038.128,15542.539
2013-09-03 00:00:00,13009.135,14013.975,18499.84,14038.128,15542.539
2013-09-03 01:00:00,13009.135,14013.975,18499.84,14038.128,15542.698
2013-09-03 02:00:00,13009.135,14013.975,18499.84,14038.128,15542.709
2013-09-03 03:00:00,13009.135,14013.975,18499.84,14038.128,15542.735
2013-09-03 04:00:00,13009.135,14013.975,18499.84,14038.128,15542.876
2013-09-03 05:00:00,13009.135,14013.975,18499.84,14038.128,15542.876
2013-09-03 06:00:00,13009.135,14013.975,18499.84,14038.128,15542.876
2013-09-03 07:00:00,13009.135,14013.975,18499.84,14038.128,15542.876
2013-09-03 08:00:00,13009.135,14013.975,18499.84,14038.128,15542.876
2013-09-03 09:00:00,13009.135,14013.975,18499.84,14038.128,15542.876
2013-09-03 10:00:00,13009.135,14013.975,18499.84,14038.128,15542.876
2013-09-03 11:00:00,13009.135,14013.975,18499.84,14038.128,15542.876
2013-09-03 12:00:00,13009.135,14013.975,18499.84,14038.128,15542.876
2013-09-03 13:00:00,13009.135,14013.975,18499.84,14038.128,15542.876
2013-09-03 14:00:00,13009.135,14013.975,18499.84,14038.128,15542.876
2013-09-03 15:00:00,13009.135,14013.975,18499.84,14038.128,15542.876
2013-09-03 16:00:00,13009.135,14013.975,18499.84,14038.128,15542.876
2013-09-03 17:00:00,13009.135,14013.975,18499.84,14038.128,15542.876
2013-09-03 18:00:00,13009.135,14013.975,18499.84,14038.128,15542.876
2013-09-03 19:00:00,13009.135,14013.975,18499.84,14038.128,15542.876
2013-09-03 20:00:00,13009.135,14013.975,18499.84,14038.128,15542.9
2013-09-03 21:00:00,13009.135,14013.975,18499.84,14038.128,15542.908
2013-09-03 22:00:00,13009.135,14014.117,18499.84,14038.128,15542.946
2013-09-03 23:00:00,13009.135,14014.194,18499.84,14038.128,15543.158
2013-09-04 00:00:00,13009.135,14014.194,18499.84,14038.128,15544.02
2013-09-04 01:00:00,13009.135,14014.229,18499.84,14038.128,15544.484
2013-09-04 02:00:00,13009.238,14014.251,18499.84,14038.128,15544.531
2013-09-04 03:00:00,13009.263,14014.251,18499.84,14038.128,15544.591
2013-09-04 04:00:00,13009.304,14014.339,18499.842,14038.128,15544.663
2013-09-04 05:00:00,13009.378,14014.574,18499.842,14038.128,15544.687
2013-09-04 06:00:00,13009.383,14014.582,18499.842,14038.128,15544.687
2013-09-04 07:00:00,13009.383,14014.582,18499.842,14038.128,15544.687
2013-09-04 08:00:00,13009.383,14014.582,18499.842,14038.128,15544.687
2013-09-04 09:00:00,13009.383,14014.582,18499.842,14038.128,15544.687
2013-09-04 10:00:00,13009.383,14014.582,18499.842,14038.128,15544.687
2013-09-04 11:00:00,13009.383,14014.582,18499.842,14038.128,15544.687
2013-09-04 12:00:00,13009.383,14014.582,18499.842,14038.128,15544.687
2013-09-04 13:00:00,13009.383,14014.64,18499.842,14038.128,15544.687
2013-09-04 14:00:00,13009.383,14014.657,18499.842,14038.128,15544.687
2013-09-04 15:00:00,13009.509,14014.657,18499.842,14038.234,15544.687
2013-09-04 16:00:00,13009.509,14014.657,18499.842,14038.234,15544.687
2013-09-04 17:00:00,13009.509,14014.657,18499.842,14038.234,15544.687
2013-09-04 18:00:00,13009.509,14014.657,18499.842,14038.234,15544.687
2013-09-04 19:00:00,13009.509,14014.657,18499.842,14038.234,15544.687
2013-09-04 20:00:00,13009.509,14014.657,18499.842,14038.234,15544.687
2013-09-04 21:00:00,13009.509,14014.657,18499.842,14038.234,15544.687
2013-09-04 22:00:00,13009.509,14014.657,18499.842,14038.234,15544.687
2013-09-04 23:00:00,13009.509,14014.657,18499.842,14038.234,15544.687
2013-09-05 00:00:00,13009.509,14014.657,18499.842,14038.234,15544.687
2013-09-05 01:00:00,13009.509,14014.657,18499.842,14038.234,15544.687
2013-09-05 02:00:00,13009.509,14014.657,18499.842,14038.234,15544.687
2013-09-05 03:00:00,13009.509,14014.657,18499.842,14038.234,15544.687
2013-09-05 04:00:00,13009.509,14014.657,18499.842,14038.234,15544.687
2013-09-05 05:00:00,13009.509,14014.657,18499.842,14038.234,15544.687
2013-09-05 06:00:00,13009.509,14014.657,18499.842,14038.234,15544.687
2013-09-05 07:00:00,13009.509,14014.657,18499.842,14038.234,15544.687
2013-09-05 08:00:00,13009.509,14014.657,18499.842,14038.234,15544.687
2013-09-05 09:00:00,13009.509,14014.657,18499.842,14038.234,15544.687
2013-09-05 10:00:00,13009.509,14014.657,18499.842,14038.234,15544.687
2013-09-05 11:00:00,13009.509,14014.657,18499.842,14038.234,15544.687
2013-09-05 12:00:00,13009.509,14014.657,18499.842,14038.234,15544.687
2013-09-05 13:00:00,13009.509,14014.657,18499.842,14038.234,15544.687
2013-09-05 14:00:00,13009.509,14014.657,18499.842,14038.234,15544.687
2013-09-05 15:00:00,13009.509,14014.657,18499.842,14038.234,15544.687
2013-09-05 16:00:00,13009.509,14014.657,18499.842,14038.234,15544.687
2013-09-05 17:00:00,13009.509,14014.657,18499.842,14038.234,15544.687
2013-09-05 18:00:00,13009.509,14014.657,18499.842,14038.234,15544.687
2013-09-05 19:00:00,13009.509,14014.657,18499.842,14038.234,15544.687
2013-09-05 20:00:00,13009.509,14014.657,18499.842,14038.234,15544.687
2013-09-05 21:00:00,13009.509,14014.657,18499.842,14038.234,15544.687
2013-09-05 22:00:00,13009.509,14014.657,18499.842,14038.234,15544.687
2013-09-05 23:00:00,13009.509,14014.657,18499.842,14038.234,15544.687
2013-09-06 00:00:00,13017.301,14046.558,18503.377,14048.092,15552.672
2013-09-06 01:00:00,13017.989,14048.829,18504.654,14048.715,15552.672
2013-09-06 02:00:00,13018.813,14049.695,18504.691,14049.255,15552.745
2013-09-06 03:00:00,13019.143,14051.032,18504.691,14049.702,15553.173
2013-09-06 04:00:00,13009.509,14014.657,18499.842,14038.234,15544.687
2013-09-06 05:00:00,13009.509,14014.657,18499.842,14038.234,15544.687
2013-09-06 06:00:00,13009.509,14014.657,18499.842,14038.234,15544.687
2013-09-06 07:00:00,13009.509,14014.657,18499.842,14038.234,15544.687
2013-09-06 08:00:00,13009.509,14014.657,18499.842,14038.234,15544.687
2013-09-06 09:00:00,13009.509,14014.657,18499.842,14038.234,15544.687
2013-09-06 10:00:00,13009.509,14014.657,18499.842,14038.234,15544.687
2013-09-06 11:00:00,13009.509,14014.872,18499.842,14038.234,15544.687
2013-09-06 12:00:00,13009.856,14017.382,18499.842,14039.303,15544.775
2013-09-06 13:00:00,13011.35,14019.738,18499.842,14041.528,15544.82
2013-09-06 14:00:00,13012.411,14021.861,18499.842,14042.683,15544.82
2013-09-06 15:00:00,13013.491,14023.57,18499.842,14043.558,15544.989
2013-09-06 16:00:00,13013.941,14024.072,18499.928,14043.612,15545.492
2013-09-06 17:00:00,13013.941,14025.136,18499.945,14043.725,15545.746
2013-09-06 18:00:00,13013.941,14028.225,18499.947,14043.85,15546.229
2013-09-06 19:00:00,13014.283,14034.551,18499.959,14045.162,15546.893
2013-09-06 20:00:00,13014.903,14040.64,18500.137,14046.178,15551.089
2013-09-06 21:00:00,13015.924,14043.088,18502.537,14047.589,15552.006
2013-09-06 22:00:00,13017.163,14045.291,18503.33,14047.9375,15552.672
2013-09-06 23:00:00,13017.232,14045.798,18503.33,14048.092,15552.672
2013-09-07 00:00:00,13019.613,14051.592,18504.691,14049.857,15555.359
2013-09-07 01:00:00,13019.78,14051.592,18504.691,14049.861,15555.642
2013-09-07 02:00:00,13019.78,14051.592,18504.691,14049.861,15555.642
2013-09-07 03:00:00,13019.78,14051.592,18504.691,14049.861,15555.642
2013-09-07 04:00:00,13019.78,14051.592,18504.691,14049.861,15555.642
2013-09-07 05:00:00,13019.78,14051.592,18504.691,14049.861,15555.642
2013-09-07 06:00:00,13019.78,14051.592,18504.691,14049.861,15555.642
2013-09-07 07:00:00,13019.78,14051.592,18504.691,14049.861,15555.642
2013-09-07 08:00:00,13019.78,14051.592,18504.691,14049.861,15555.642
2013-09-07 09:00:00,13019.78,14051.592,18504.691,14049.861,15555.642
2013-09-07 10:00:00,13019.78,14051.592,18504.691,14049.861,15555.642
2013-09-07 11:00:00,13019.78,14051.592,18504.691,14049.861,15555.642
2013-09-07 12:00:00,13019.78,14051.592,18504.691,14049.861,15555.642
2013-09-07 13:00:00,13019.78,14051.592,18504.691,14049.861,15555.642
2013-09-07 14:00:00,13019.78,14051.592,18504.691,14049.861,15555.642
2013-09-07 15:00:00,13019.78,14051.592,18504.691,14049.861,15555.642
2013-09-07 16:00:00,13019.78,14051.592,18504.691,14049.861,15555.642
2013-09-07 17:00:00,13019.78,14051.592,18504.691,14049.861,15555.642
2013-09-07 18:00:00,13019.78,14051.592,18504.691,14049.861,15555.642
2013-09-07 19:00:00,13019.78,14051.592,18504.691,14049.861,15555.642
2013-09-07 20:00:00,13019.78,14051.592,18504.691,14049.861,15555.642
2013-09-07 21:00:00,13019.804,14051.592,18504.691,14049.861,15555.642
2013-09-07 22:00:00,13019.827,14051.592,18504.691,14049.861,15555.642
2013-09-07 23:00:00,13019.827,14051.592,18504.691,14049.861,15555.642
2013-09-08 00:00:00,13019.827,14051.592,18504.691,14049.861,15555.642
2013-09-08 01:00:00,13019.827,14051.592,18504.691,14049.861,15555.642
2013-09-08 02:00:00,13019.827,14051.592,18504.691,14049.861,15555.642
2013-09-08 03:00:00,13019.827,14051.592,18504.691,14049.861,15555.6875
2013-09-08 04:00:00,13019.827,14051.894,18504.79,14049.888,15556.234
2013-09-08 05:00:00,13019.827,14052.144,18505.61,14050.382,15556.918
2013-09-08 06:00:00,13019.827,14052.145,18506.764,14050.383,15557.142
2013-09-08 07:00:00,13019.827,14052.145,18506.764,14050.383,15557.142
2013-09-08 08:00:00,13019.827,14052.145,18506.764,14050.383,15557.142
2013-09-08 09:00:00,13019.827,14052.145,18506.764,14050.383,15557.142
2013-09-08 10:00:00,13019.827,14052.145,18506.764,14050.383,15557.142
2013-09-08 11:00:00,13019.827,14052.145,18506.764,14050.383,15557.142
2013-09-08 12:00:00,13019.827,14052.145,18506.764,14050.383,15557.142
2013-09-08 13:00:00,13019.827,14052.145,18506.764,14050.383,15557.142
2013-09-08 14:00:00,13019.827,14052.145,18506.764,14050.383,15557.142
2013-09-08 15:00:00,13019.827,14052.145,18506.764,14050.383,15557.142
2013-09-08 16:00:00,13019.827,14052.145,18506.764,14050.383,15557.142
2013-09-08 17:00:00,13019.827,14052.145,18506.764,14050.383,15557.142
2013-09-08 18:00:00,13019.827,14052.145,18506.764,14050.383,15557.142
2013-09-08 19:00:00,13019.827,14052.145,18506.764,14050.383,15557.142
2013-09-08 20:00:00,13019.827,14052.145,18506.764,14050.383,15557.142
2013-09-08 21:00:00,13019.827,14052.145,18506.764,14050.383,15557.142
2013-09-08 22:00:00,13019.827,14052.145,18506.764,14050.383,15557.142
2013-09-08 23:00:00,13019.827,14052.145,18506.764,14050.383,15557.142
2013-09-09 00:00:00,13019.827,14052.145,18506.764,14050.383,15557.142
2013-09-09 01:00:00,13019.827,14052.145,18506.764,14050.383,15557.142
2013-09-09 02:00:00,13019.827,14052.145,18506.764,14050.383,15557.142
2013-09-09 03:00:00,13019.827,14052.145,18506.764,14050.383,15557.142
2013-09-09 04:00:00,13019.827,14052.145,18506.764,14050.383,15557.142
2013-09-09 05:00:00,13019.827,14052.145,18506.764,14050.383,15557.142
2013-09-09 06:00:00,13019.827,14052.145,18506.764,14050.383,15557.142
2013-09-09 07:00:00,13019.827,14052.145,18506.764,14050.383,15557.142
2013-09-09 08:00:00,13019.827,14052.145,18506.764,14050.383,15557.142
2013-09-09 09:00:00,13019.827,14052.145,18506.764,14050.383,15557.142
2013-09-09 10:00:00,13019.827,14052.145,18506.764,14050.383,15557.142
2013-09-09 11:00:00,13019.827,14052.145,18506.764,14050.383,15557.142
2013-09-09 12:00:00,13019.827,14052.145,18506.764,14050.383,15557.142
2013-09-09 13:00:00,13019.827,14052.145,18506.764,14050.383,15557.142
2013-09-09 14:00:00,13019.827,14052.145,18506.764,14050.383,15557.142
2013-09-09 15:00:00,13019.827,14052.145,18506.764,14050.383,15557.142
2013-09-09 16:00:00,13019.827,14052.145,18506.764,14050.383,15557.142
2013-09-09 17:00:00,13019.827,14052.145,18506.764,14050.383,15557.142
2013-09-09 18:00:00,13019.827,14052.145,18506.764,14050.383,15557.142
2013-09-09 19:00:00,13019.827,14052.145,18506.764,14050.383,15557.142
2013-09-09 20:00:00,13019.827,14052.145,18506.764,14050.383,15557.142
2013-09-09 21:00:00,13019.827,14052.145,18506.764,14050.383,15557.142
2013-09-09 22:00:00,13019.827,14052.145,18506.764,14050.383,15557.142
2013-09-09 23:00:00,13019.827,14052.145,18506.764,14050.383,15557.142
2013-09-10 00:00:00,13019.827,14052.145,18506.764,14050.383,15557.142
2013-09-10 01:00:00,13019.827,14052.145,18506.764,14050.383,15557.142
2013-09-10 02:00:00,13019.827,14052.145,18506.764,14050.383,15557.142
2013-09-10 03:00:00,13019.827,14052.145,18506.764,14050.383,15557.142
2013-09-10 04:00:00,13019.827,14052.145,18506.764,14050.383,15557.142
2013-09-10 05:00:00,13019.827,14052.145,18506.764,14050.383,15557.142
2013-09-10 06:00:00,13019.827,14052.145,18506.764,14050.383,15557.142
2013-09-10 07:00:00,13019.827,14052.145,18506.764,14050.383,15557.142
2013-09-10 08:00:00,13019.827,14052.145,18506.764,14050.383,15557.142
2013-09-10 09:00:00,13019.827,14052.145,18506.764,14050.383,15557.142
2013-09-10 10:00:00,13019.827,14052.145,18506.764,14050.383,15557.142
2013-09-10 11:00:00,13019.827,14052.145,18506.764,14050.383,15557.142
2013-09-10 12:00:00,13019.827,14052.145,18506.764,14050.383,15557.142
2013-09-10 13:00:00,13019.827,14052.145,18506.764,14050.383,15557.142
2013-09-10 14:00:00,13019.827,14052.145,18506.764,14050.383,15557.142
2013-09-10 15:00:00,13019.827,14052.145,18506.764,14050.383,15557.142
2013-09-10 16:00:00,13019.827,14052.145,18506.764,14050.383,15557.142
2013-09-10 17:00:00,13019.827,14052.145,18506.764,14050.383,15557.142
2013-09-10 18:00:00,13019.827,14052.145,18506.764,14050.383,15557.142
2013-09-10 19:00:00,13019.827,14052.145,18506.764,14050.383,15557.142
2013-09-10 20:00:00,13019.827,14052.145,18506.764,14050.383,15557.142
2013-09-10 21:00:00,13019.827,14052.145,18506.764,14050.383,15557.142
2013-09-10 22:00:00,13019.827,14052.145,18506.764,14050.383,15557.142
2013-09-10 23:00:00,13019.827,14052.145,18506.764,14050.383,15557.142
2013-09-11 00:00:00,13019.827,14052.145,18506.764,14050.383,15557.142
2013-09-11 01:00:00,13019.827,14052.145,18506.764,14050.383,15557.142
2013-09-11 02:00:00,13019.827,14052.145,18506.764,14050.383,15557.142
2013-09-11 03:00:00,13019.827,14052.145,18506.764,14050.383,15557.142
2013-09-11 04:00:00,13019.827,14052.145,18506.764,14050.383,15557.142
2013-09-11 05:00:00,13019.827,14052.145,18506.764,14050.383,15557.142
2013-09-11 06:00:00,13019.827,14052.145,18506.764,14050.383,15557.142
2013-09-11 07:00:00,13019.827,14052.145,18506.764,14050.383,15557.142
2013-09-11 08:00:00,13019.827,14052.145,18506.764,14050.383,15557.142
2013-09-11 09:00:00,13019.827,14052.145,18506.764,14050.383,15557.142
2013-09-11 10:00:00,13019.827,14052.145,18506.764,14050.383,15557.142
2013-09-11 11:00:00,13019.827,14052.145,18506.764,14050.383,15557.142
2013-09-11 12:00:00,13019.827,14052.145,18506.764,14050.383,15557.142
2013-09-11 13:00:00,13019.827,14052.145,18506.764,14050.383,15557.142
2013-09-11 14:00:00,13019.827,14052.145,18506.764,14050.383,15557.142
2013-09-11 15:00:00,13019.827,14052.145,18506.764,14050.383,15557.142
2013-09-11 16:00:00,13019.827,14052.145,18506.764,14050.383,15557.142
2013-09-11 17:00:00,13019.827,14052.145,18506.764,14050.383,15557.142
2013-09-11 18:00:00,13019.827,14052.145,18506.764,14050.383,15557.142
2013-09-11 19:00:00,13019.827,14052.145,18506.764,14050.383,15557.142
2013-09-11 20:00:00,13019.827,14052.145,18506.764,14050.383,15557.142
2013-09-11 21:00:00,13019.827,14052.145,18506.764,14050.383,15557.142
2013-09-11 22:00:00,13019.827,14052.145,18506.764,14050.383,15557.142
2013-09-11 23:00:00,13019.827,14052.154,18506.764,14050.383,15557.142
2013-09-12 00:00:00,13019.896,14052.154,18506.764,14050.483,15557.142
2013-09-12 01:00:00,13019.896,14052.154,18506.764,14050.487,15557.142
2013-09-12 02:00:00,13019.896,14052.271,18506.764,14050.487,15557.142
2013-09-12 03:00:00,13019.958,14052.271,18506.764,14050.487,15557.142
2013-09-12 04:00:00,13020.181,14052.392,18506.764,14050.487,15557.142
2013-09-12 05:00:00,13020.186,14052.415,18506.764,14050.487,15557.142
2013-09-12 06:00:00,13020.186,14052.433,18506.764,14050.487,15557.142
2013-09-12 07:00:00,13020.186,14052.52,18506.764,14050.487,15557.142
2013-09-12 08:00:00,13020.186,14052.52,18506.764,14050.487,15557.142
2013-09-12 09:00:00,13020.186,14052.52,18506.764,14050.487,15557.142
2013-09-12 10:00:00,13020.198,14052.538,18506.764,14050.487,15557.142
2013-09-12 11:00:00,13020.198,14052.691,18506.764,14050.487,15557.302
2013-09-12 12:00:00,13020.198,14053.324,18506.764,14050.503,15557.368
2013-09-12 13:00:00,13020.206,14053.324,18506.764,14050.503,15557.368
2013-09-12 14:00:00,13020.206,14053.324,18506.764,14050.503,15557.368
2013-09-12 15:00:00,13020.206,14053.324,18506.764,14050.503,15557.368
2013-09-12 16:00:00,13019.827,14052.154,18506.764,14050.383,15557.142
2013-09-12 17:00:00,13019.827,14052.154,18506.764,14050.383,15557.142
2013-09-12 18:00:00,13019.827,14052.154,18506.764,14050.383,15557.142
2013-09-12 19:00:00,13019.827,14052.154,18506.764,14050.383,15557.142
2013-09-12 20:00:00,13019.827,14052.154,18506.764,14050.383,15557.142
2013-09-12 21:00:00,13019.827,14052.154,18506.764,14050.383,15557.142
2013-09-12 22:00:00,13019.827,14052.154,18506.764,14050.383,15557.142
2013-09-12 23:00:00,13019.827,14052.154,18506.764,14050.483,15557.142
2013-09-13 00:00:00,13021.138,14054.669,18506.787,14050.814,15561.816
2013-09-13 01:00:00,13021.138,14054.669,18506.787,14050.814,15561.925
2013-09-13 02:00:00,13021.138,14054.669,18506.787,14050.814,15561.925
2013-09-13 03:00:00,13021.138,14054.669,18506.787,14050.814,15561.925
2013-09-13 04:00:00,13021.138,14054.669,18506.787,14050.814,15561.925
2013-09-13 05:00:00,13021.138,14054.669,18506.787,14050.814,15561.925
2013-09-13 06:00:00,13021.138,14054.669,18506.787,14050.814,15561.925
2013-09-13 07:00:00,13020.206,14053.324,18506.764,14050.503,15557.368
2013-09-13 08:00:00,13020.206,14053.324,18506.764,14050.503,15557.368
2013-09-13 09:00:00,13020.206,14053.324,18506.764,14050.582,15557.368
2013-09-13 10:00:00,13020.206,14053.324,18506.764,14050.609,15557.368
2013-09-13 11:00:00,13020.206,14053.324,18506.764,14050.609,15557.372
2013-09-13 12:00:00,13020.206,14053.324,18506.764,14050.609,15557.372
2013-09-13 13:00:00,13020.206,14053.37,18506.764,14050.609,15557.806
2013-09-13 14:00:00,13020.206,14053.403,18506.764,14050.609,15557.975
2013-09-13 15:00:00,13020.206,14053.403,18506.787,14050.609,15559.442
2013-09-13 16:00:00,13020.206,14053.403,18506.787,14050.609,15560.271
2013-09-13 17:00:00,13020.214,14053.616,18506.787,14050.609,15560.797
2013-09-13 18:00:00,13020.536,14053.945,18506.787,14050.609,15561.1875
2013-09-13 19:00:00,13020.791,14054.079,18506.787,14050.609,15561.494
2013-09-13 20:00:00,13020.792,14054.488,18506.787,14050.612,15561.494
2013-09-13 21:00:00,13020.883,14054.64,18506.787,14050.684,15561.633
2013-09-13 22:00:00,13021.081,14054.64,18506.787,14050.814,15561.633
2013-09-13 23:00:00,13021.138,14054.64,18506.787,14050.814,15561.633
2013-09-14 00:00:00,13021.138,14054.669,18506.787,14050.814,15561.925
2013-09-14 01:00:00,13021.138,14054.669,18506.787,14050.826,15561.925
2013-09-14 02:00:00,13021.138,14054.669,18506.787,14050.826,15561.925
2013-09-14 03:00:00,13021.138,14054.669,18506.787,14050.826,15561.925
2013-09-14 04:00:00,13021.142,14054.669,18506.787,14050.826,15561.925
2013-09-14 05:00:00,13021.311,14054.941,18506.861,14051.379,15561.925
2013-09-14 06:00:00,13021.855,14055.628,18507.168,14052.094,15562.172
2013-09-14 07:00:00,13022.54,14057.205,18507.42,14053.188,15562.963
2013-09-14 08:00:00,13023.315,14058.962,18507.84,14054.852,15564.341
2013-09-14 09:00:00,13023.513,14059.3,18507.852,14055.649,15564.818
2013-09-14 10:00:00,13024.042,14059.3,18507.852,14056.454,15564.818
2013-09-14 11:00:00,13024.491,14059.412,18507.852,14056.502,15564.818
2013-09-14 12:00:00,13024.496,14059.777,18507.97,14056.502,15564.818
2013-09-14 13:00:00,13024.612,14060.307,18508.857,14056.511,15564.818
2013-09-14 14:00:00,13024.747,14060.95,18509.566,14056.529,15565.03
2013-09-14 15:00:00,13024.894,14061.943,18509.902,14056.928,15565.839
2013-09-14 16:00:00,13025.784,14063.979,18511.26,14058.078,15567.397
2013-09-14 17:00:00,13026.992,14066.284,18512.768,14059.44,15568.338
2013-09-14 18:00:00,13027.989,14068.956,18513.998,14060.751,15568.558
2013-09-14 19:00:00,13028.73,14071.196,18514.535,14062.272,15568.638
2013-09-14 20:00:00,13029.523,14073.417,18514.535,14063.5205,15568.638
2013-09-14 21:00:00,13030.333,14076.187,18514.535,14065.037,15568.638
2013-09-14 22:00:00,13031.493,14079.344,18514.535,14066.597,15568.638
2013-09-14 23:00:00,13032.95,14082.219,18514.535,14068.079,15568.837
2013-09-15 00:00:00,13034.404,14084.35,18514.629,14069.601,15568.837
2013-09-15 01:00:00,13035.781,14085.21,18514.629,14070.775,15568.837
2013-09-15 02:00:00,13036.577,14086.889,18514.629,14070.872,15568.837
2013-09-15 03:00:00,13036.726,14087.058,18514.629,14070.872,15568.837
2013-09-15 04:00:00,13036.726,14087.058,18514.629,14070.872,15568.837
2013-09-15 05:00:00,13036.726,14087.058,18514.629,14070.872,15568.837
2013-09-15 06:00:00,13037.217,14087.058,18514.629,14072.124,15568.837
2013-09-15 07:00:00,13039.029,14087.058,18514.646,14073.162,15568.837
2013-09-15 08:00:00,13039.725,14087.058,18514.78,14073.162,15568.837
2013-09-15 09:00:00,13039.725,14087.058,18514.78,14073.162,15568.837
2013-09-15 10:00:00,13039.725,14087.277,18515.17,14073.562,15568.837
2013-09-15 11:00:00,13040.441,14087.277,18515.17,14074.491,15568.837
2013-09-15 12:00:00,13041.092,14087.446,18515.17,14075.313,15568.837
2013-09-15 13:00:00,13041.667,14087.849,18515.17,14075.596,15568.837
2013-09-15 14:00:00,13042.903,14087.849,18515.17,14075.596,15568.837
2013-09-15 15:00:00,13043.56,14087.872,18515.17,14075.596,15568.837
2013-09-15 16:00:00,13044.757,14087.872,18515.17,14075.596,15568.837
2013-09-15 17:00:00,13044.895,14087.872,18515.17,14075.596,15568.912
2013-09-15 18:00:00,13045.141,14088.217,18516.982,14076.084,15570.28
2013-09-15 19:00:00,13046.604,14088.217,18518.115,14076.776,15570.28
2013-09-15 20:00:00,13046.61,14088.217,18518.115,14076.776,15570.28
2013-09-15 21:00:00,13046.852,14088.588,18519.541,14076.785,15570.716
2013-09-15 22:00:00,13047.89,14089.319,18522.744,14078.662,15573.216
2013-09-15 23:00:00,13049.944,14089.435,18526.191,14079.785,15573.824
2013-09-16 00:00:00,13052.145,14089.446,18526.666,14081.102,15573.824
2013-09-16 01:00:00,13054.216,14089.469,18527.836,14082.997,15573.894
2013-09-16 02:00:00,13055.178,14089.738,18527.97,14085.096,15573.93
2013-09-16 03:00:00,13057.1,14090.788,18532.174,14088.463,15574.494
2013-09-16 04:00:00,13059.038,14091.772,18536.734,14092.234,15576.575
2013-09-16 05:00:00,13060.821,14092.099,18539.205,14093.971,15578.307
2013-09-16 06:00:00,13062.984,14092.522,18539.463,14095.227,15578.333
2013-09-16 07:00:00,13067.657,14093.787,18539.682,14097.572,15579.693
2013-09-16 08:00:00,13072.226,14094.159,18539.752,14099.155,15580.38
2013-09-16 09:00:00,13075.202,14094.941,18539.922,14100.596,15581.414
2013-09-16 10:00:00,13076.409,14096.006,18541.455,14101.643,15582.631
2013-09-16 11:00:00,13077.182,14097.333,18543.006,14102.578,15583.656
2013-09-16 12:00:00,13078.142,14099.535,18544.428,14103.814,15585.531
2013-09-16 13:00:00,13078.803,14100.767,18545.984,14105.011,15587.489
2013-09-16 14:00:00,13080.029,14101.069,18547.297,14105.016,15588.338
2013-09-16 15:00:00,13080.029,14101.797,18547.297,14105.253,15589.225
2013-09-16 16:00:00,13080.922,14102.593,18547.375,14106.089,15590.109
2013-09-16 17:00:00,13081.698,14103.38,18547.44,14106.75,15590.345
2013-09-16 18:00:00,13081.738,14103.418,18547.44,14106.775,15590.519
2013-09-16 19:00:00,13081.738,14103.418,18547.44,14106.777,15590.519
2013-09-16 20:00:00,13081.738,14103.418,18547.44,14106.821,15590.519
2013-09-16 21:00:00,13081.738,14103.5205,18547.44,14106.821,15590.519
2013-09-16 22:00:00,13081.738,14103.5205,18547.44,14106.821,15590.519
2013-09-16 23:00:00,13081.738,14103.5205,18547.44,14106.821,15590.519
2013-09-17 00:00:00,13081.738,14103.5205,18547.44,14106.821,15590.519
2013-09-17 01:00:00,13081.738,14103.5205,18547.44,14106.821,15590.519
2013-09-17 02:00:00,13081.738,14103.5205,18547.44,14106.821,15590.519
2013-09-17 03:00:00,13081.738,14103.5205,18547.44,14106.821,15590.519
2013-09-17 04:00:00,13081.738,14103.5205,18547.44,14106.821,15590.519
2013-09-17 05:00:00,13081.738,14103.5205,18547.44,14106.821,15590.519
2013-09-17 06:00:00,13081.738,14103.5205,18547.44,14106.821,15590.519
2013-09-17 07:00:00,13081.738,14103.5205,18547.44,14106.821,15590.519
2013-09-17 08:00:00,13081.738,14103.5205,18547.44,14106.821,15590.519
2013-09-17 09:00:00,13081.738,14103.566,18547.5,14106.821,15590.519
2013-09-17 10:00:00,13081.738,14103.632,18548.705,14106.821,15590.526
2013-09-17 11:00:00,13081.738,14103.632,18549.04,14106.821,15590.526
2013-09-17 12:00:00,13081.738,14103.632,18549.04,14106.821,15590.526
2013-09-17 13:00:00,13081.807,14103.632,18549.04,14106.821,15590.891
2013-09-17 14:00:00,13081.955,14104.656,18549.04,14106.821,15592.916
2013-09-17 15:00:00,13081.955,14104.779,18549.62,14106.821,15593.64
2013-09-17 16:00:00,13082.263,14104.779,18549.62,14106.821,15593.64
2013-09-17 17:00:00,13082.884,14104.779,18550.615,14106.821,15593.64
2013-09-17 18:00:00,13083.168,14104.779,18550.719,14106.821,15593.64
2013-09-17 19:00:00,13083.504,14104.779,18550.738,14106.821,15593.64
2013-09-17 20:00:00,13084.419,14104.779,18550.738,14106.821,15593.64
2013-09-17 21:00:00,13084.419,14104.779,18550.738,14106.821,15593.64
2013-09-17 22:00:00,13084.419,14104.779,18550.738,14106.821,15593.64
2013-09-17 23:00:00,13084.419,14104.779,18550.738,14106.821,15593.64
2013-09-18 00:00:00,13086.438,14105.483,18550.738,14110.725,15593.929
2013-09-18 01:00:00,13086.727,14105.483,18550.738,14110.81,15593.929
2013-09-18 02:00:00,13086.727,14105.483,18550.738,14110.81,15593.929
2013-09-18 03:00:00,13086.727,14105.483,18550.738,14110.81,15593.929
2013-09-18 04:00:00,13086.727,14105.574,18550.738,14110.81,15593.929
2013-09-18 05:00:00,13086.727,14105.574,18550.738,14110.81,15593.929
2013-09-18 06:00:00,13086.727,14105.574,18550.738,14110.81,15593.929
2013-09-18 07:00:00,13086.727,14105.574,18550.738,14110.81,15593.929
2013-09-18 08:00:00,13086.727,14105.617,18550.738,14111.162,15593.929
2013-09-18 09:00:00,13086.727,14105.617,18550.738,14111.185,15593.929
2013-09-18 10:00:00,13086.727,14105.617,18550.738,14111.269,15593.929
2013-09-18 11:00:00,13086.727,14105.68,18550.738,14111.269,15593.929
2013-09-18 12:00:00,13086.727,14105.68,18550.738,14111.269,15593.929
2013-09-18 13:00:00,13086.727,14105.87,18550.738,14111.269,15593.929
2013-09-18 14:00:00,13086.727,14106.082,18550.738,14111.269,15593.929
2013-09-18 15:00:00,13086.727,14106.648,18550.738,14111.269,15593.929
2013-09-18 16:00:00,13086.727,14106.831,18550.738,14111.269,15593.929
2013-09-18 17:00:00,13084.419,14104.779,18550.738,14106.821,15593.64
2013-09-18 18:00:00,13084.419,14104.779,18550.738,14106.821,15593.64
2013-09-18 19:00:00,13084.419,14104.779,18550.738,14106.821,15593.64
2013-09-18 20:00:00,13084.419,14104.779,18550.738,14106.821,15593.64
2013-09-18 21:00:00,13084.447,14104.783,18550.738,14106.874,15593.64
2013-09-18 22:00:00,13085.443,14105.068,18550.738,14109.286,15593.6875
2013-09-18 23:00:00,13086.717,14105.483,18550.738,14110.81,15593.929
2013-09-19 00:00:00,13087.529,14109.843,18551.176,14112.354,15597.38
2013-09-19 01:00:00,13087.529,14109.843,18551.176,14112.833,15597.38
2013-09-19 02:00:00,13087.872,14109.843,18551.176,14112.833,15597.38
2013-09-19 03:00:00,13086.727,14107.104,18550.738,14111.269,15593.929
2013-09-19 04:00:00,13086.727,14107.135,18550.738,14111.269,15593.929
2013-09-19 05:00:00,13086.727,14107.135,18550.738,14111.269,15593.929
2013-09-19 06:00:00,13086.727,14107.135,18550.738,14111.269,15593.929
2013-09-19 07:00:00,13086.727,14107.135,18550.738,14111.269,15593.929
2013-09-19 08:00:00,13086.727,14107.135,18550.738,14111.269,15593.929
2013-09-19 09:00:00,13086.727,14107.135,18550.738,14111.269,15593.929
2013-09-19 10:00:00,13086.727,14107.135,18550.738,14111.269,15593.929
2013-09-19 11:00:00,13086.727,14107.135,18550.738,14111.269,15593.929
2013-09-19 12:00:00,13086.727,14107.135,18550.738,14111.269,15593.929
2013-09-19 13:00:00,13086.727,14107.135,18550.738,14111.269,15593.929
2013-09-19 14:00:00,13086.727,14107.135,18550.738,14111.269,15593.929
2013-09-19 15:00:00,13086.727,14107.135,18550.738,14111.269,15593.929
2013-09-19 16:00:00,13086.727,14107.135,18550.738,14111.269,15593.929
2013-09-19 17:00:00,13086.727,14107.135,18550.738,14111.307,15593.929
2013-09-19 18:00:00,13086.821,14107.143,18550.738,14111.307,15593.929
2013-09-19 19:00:00,13086.899,14108.959,18550.738,14111.309,15594.8545
2013-09-19 20:00:00,13086.899,14109.668,18550.88,14111.898,15595.025
2013-09-19 21:00:00,13087.45,14109.78,18551.176,14112.304,15595.306
2013-09-19 22:00:00,13087.529,14109.837,18551.176,14112.304,15596.106
2013-09-19 23:00:00,13087.529,14109.837,18551.176,14112.304,15597.38
2013-09-20 00:00:00,13087.872,14109.879,18551.176,14112.833,15597.38
2013-09-20 01:00:00,13087.872,14109.879,18551.176,14112.833,15597.38
2013-09-20 02:00:00,13087.872,14109.879,18551.176,14112.833,15597.482
2013-09-20 03:00:00,13087.872,14109.879,18551.176,14112.833,15597.482
2013-09-20 04:00:00,13087.872,14109.879,18551.176,14112.833,15597.482
2013-09-20 05:00:00,13087.872,14109.879,18551.176,14112.833,15597.482
2013-09-20 06:00:00,13087.872,14109.879,18551.176,14112.833,15597.482
2013-09-20 07:00:00,13087.872,14109.879,18551.176,14112.833,15597.482
2013-09-20 08:00:00,13087.872,14109.879,18551.176,14112.833,15597.482
2013-09-20 09:00:00,13087.872,14109.879,18551.176,14112.833,15597.526
2013-09-20 10:00:00,13087.872,14109.879,18551.176,14112.833,15597.526
2013-09-20 11:00:00,13087.872,14109.879,18551.176,14112.833,15597.526
2013-09-20 12:00:00,13087.872,14109.879,18551.176,14112.833,15597.526
2013-09-20 13:00:00,13087.872,14109.879,18551.176,14112.833,15597.526
2013-09-20 14:00:00,13087.902,14110.006,18551.176,14112.887,15597.526
2013-09-20 15:00:00,13088.06,14110.115,18551.176,14113.059,15597.526
2013-09-20 16:00:00,13088.557,14110.332,18551.602,14113.083,15597.526
2013-09-20 17:00:00,13088.645,14110.332,18551.602,14113.369,15597.526
2013-09-20 18:00:00,13088.745,14110.332,18551.602,14113.369,15597.526
2013-09-20 19:00:00,13088.745,14110.332,18551.602,14113.369,15597.526
2013-09-20 20:00:00,13088.745,14110.332,18551.602,14113.369,15597.526
2013-09-20 21:00:00,13088.745,14110.332,18551.602,14113.369,15597.526
2013-09-20 22:00:00,13088.745,14110.388,18551.602,14113.369,15597.526
2013-09-20 23:00:00,13088.745,14110.625,18551.602,14113.378,15597.639
2013-09-21 00:00:00,13088.754,14111.098,18551.748,14113.378,15597.881
2013-09-21 01:00:00,13088.754,14111.713,18551.969,14113.43,15597.881
2013-09-21 02:00:00,13088.754,14112.085,18551.969,14113.437,15597.881
2013-09-21 03:00:00,13088.754,14112.362,18551.969,14113.44,15597.901
2013-09-21 04:00:00,13088.754,14112.362,18551.969,14113.44,15597.901
2013-09-21 05:00:00,13088.754,14112.362,18551.969,14113.44,15597.901
2013-09-21 06:00:00,13088.754,14112.362,18551.969,14113.44,15597.92
2013-09-21 07:00:00,13088.859,14112.726,18552.752,14113.44,15598.032
2013-09-21 08:00:00,13089.283,14113.596,18554.652,14114.008,15598.761
2013-09-21 09:00:00,13089.409,14114.791,18556.525,14114.686,15599.028
2013-09-21 10:00:00,13090.366,14115.391,18557.604,14114.986,15599.899
2013-09-21 11:00:00,13090.055,14114.982,18556.88,14114.834,15599.097
2013-09-21 12:00:00,13090.366,14116.101,18558.225,14114.986,15599.931
2013-09-21 13:00:00,13090.366,14116.101,18558.258,14115.126,15600.8545
2013-09-21 14:00:00,13090.366,14116.262,18558.268,14115.126,15600.883
2013-09-21 15:00:00,13090.366,14116.262,18558.365,14115.126,15601.138
2013-09-21 16:00:00,13090.463,14116.341,18558.365,14115.126,15601.175
2013-09-21 17:00:00,13090.463,14116.341,18558.365,14115.126,15601.175
2013-09-21 18:00:00,13090.501,14116.359,18558.365,14115.236,15601.175
2013-09-21 19:00:00,13090.577,14116.484,18558.365,14115.26,15601.287
2013-09-21 20:00:00,13090.615,14116.686,18558.367,14115.396,15601.397
2013-09-21 21:00:00,13090.842,14116.696,18558.668,14115.476,15601.791
2013-09-21 22:00:00,13091.278,14116.696,18558.967,14115.593,15602.579
2013-09-21 23:00:00,13091.872,14116.696,18559.486,14116.143,15603.68
2013-09-22 00:00:00,13091.919,14116.819,18559.496,14116.293,15604.058
2013-09-22 01:00:00,13092.089,14116.819,18559.709,14116.336,15604.617
2013-09-22 02:00:00,13093.213,14116.977,18560.777,14117.415,15606.283
2013-09-22 03:00:00,13095.131,14118.064,18562.607,14117.7705,15607.533
2013-09-22 04:00:00,13096.149,14119.062,18564.94,14118.448,15608.225
2013-09-22 05:00:00,13096.804,14120.39,18565.756,14119.338,15609.202
2013-09-22 06:00:00,13097.454,14121.384,18566.805,14119.994,15609.989
2013-09-22 07:00:00,13097.467,14121.673,18566.85,14120.031,15610.011
2013-09-22 08:00:00,13097.467,14121.673,18566.85,14120.031,15610.011
2013-09-22 09:00:00,13097.467,14121.673,18566.85,14120.031,15610.011
2013-09-22 10:00:00,13097.467,14121.673,18566.85,14120.031,15610.011
2013-09-22 11:00:00,13097.467,14121.673,18566.85,14120.031,15610.197
2013-09-22 12:00:00,13097.467,14121.673,18566.85,14120.031,15610.289
2013-09-22 13:00:00,13097.58,14121.688,18566.85,14120.031,15610.301
2013-09-22 14:00:00,13097.58,14121.688,18566.85,14120.031,15610.301
2013-09-22 15:00:00,13097.58,14121.688,18566.85,14120.031,15610.301
2013-09-22 16:00:00,13097.58,14121.688,18566.85,14120.031,15610.301
2013-09-22 17:00:00,13097.604,14121.688,18566.85,14120.031,15610.301
2013-09-22 18:00:00,13097.604,14121.688,18566.85,14120.031,15610.301
2013-09-22 19:00:00,13097.604,14121.688,18566.85,14120.031,15610.301
2013-09-22 20:00:00,13097.604,14121.688,18566.85,14120.031,15610.301
2013-09-22 21:00:00,13097.604,14121.688,18566.85,14120.031,15610.301
2013-09-22 22:00:00,13097.604,14121.688,18566.85,14120.031,15610.301
2013-09-22 23:00:00,13097.604,14121.688,18566.85,14120.031,15610.301
2013-09-23 00:00:00,13099.011,14121.748,18567.107,14120.107,15610.627
2013-09-23 01:00:00,13099.011,14121.748,18567.107,14120.107,15610.627
2013-09-23 02:00:00,13099.019,14121.748,18567.107,14120.107,15610.627
2013-09-23 03:00:00,13099.019,14121.748,18567.107,14120.107,15610.627
2013-09-23 04:00:00,13099.053,14121.748,18567.299,14120.107,15610.627
2013-09-23 05:00:00,13099.053,14121.748,18567.332,14120.107,15610.64
2013-09-23 06:00:00,13099.053,14121.748,18567.332,14120.107,15610.697
2013-09-23 07:00:00,13099.055,14121.767,18567.385,14120.107,15611.633
2013-09-23 08:00:00,13097.604,14121.688,18566.85,14120.031,15610.301
2013-09-23 09:00:00,13097.604,14121.688,18566.85,14120.031,15610.301
2013-09-23 10:00:00,13097.604,14121.688,18566.85,14120.031,15610.301
2013-09-23 11:00:00,13097.604,14121.688,18566.85,14120.031,15610.301
2013-09-23 12:00:00,13097.604,14121.688,18566.85,14120.031,15610.301
2013-09-23 13:00:00,13097.798,14121.688,18566.85,14120.031,15610.301
2013-09-23 14:00:00,13097.965,14121.688,18566.85,14120.031,15610.301
2013-09-23 15:00:00,13098.005,14121.688,18566.85,14120.031,15610.301
2013-09-23 16:00:00,13098.005,14121.688,18566.85,14120.031,15610.301
2013-09-23 17:00:00,13098.005,14121.688,18566.85,14120.031,15610.301
2013-09-23 18:00:00,13098.381,14121.746,18566.85,14120.107,15610.542
2013-09-23 19:00:00,13098.381,14121.748,18566.85,14120.107,15610.542
2013-09-23 20:00:00,13098.381,14121.748,18566.85,14120.107,15610.542
2013-09-23 21:00:00,13098.381,14121.748,18566.85,14120.107,15610.542
2013-09-23 22:00:00,13098.381,14121.748,18566.85,14120.107,15610.542
2013-09-23 23:00:00,13099.006,14121.748,18567.053,14120.107,15610.542
2013-09-24 00:00:00,13099.071,14121.904,18567.385,14120.107,15612.173
2013-09-24 01:00:00,13099.074,14121.904,18567.842,14120.107,15612.173
2013-09-24 02:00:00,13099.143,14121.904,18568.86,14120.107,15614.138
2013-09-24 03:00:00,13099.32,14121.904,18570.223,14120.107,15616.045
2013-09-24 04:00:00,13099.333,14121.904,18572.55,14120.107,15617.145
2013-09-24 05:00:00,13099.333,14121.904,18572.562,14120.107,15617.535
2013-09-24 06:00:00,13099.333,14121.904,18572.562,14120.107,15618.568
2013-09-24 07:00:00,13099.333,14121.904,18572.562,14120.107,15618.568
2013-09-24 08:00:00,13099.333,14121.904,18572.562,14120.107,15618.568
2013-09-24 09:00:00,13099.333,14121.904,18572.562,14120.107,15618.568
2013-09-24 10:00:00,13099.333,14121.904,18572.562,14120.107,15618.568
2013-09-24 11:00:00,13099.333,14121.904,18572.562,14120.107,15618.568
2013-09-24 12:00:00,13099.333,14121.904,18572.562,14120.107,15618.568
2013-09-24 13:00:00,13099.333,14121.904,18572.562,14120.107,15618.568
2013-09-24 14:00:00,13099.333,14121.904,18572.562,14120.107,15618.568
2013-09-24 15:00:00,13099.333,14121.904,18572.562,14120.107,15618.568
2013-09-24 16:00:00,13099.333,14121.904,18572.562,14120.107,15618.568
2013-09-24 17:00:00,13099.333,14121.904,18572.562,14120.107,15618.568
2013-09-24 18:00:00,13099.333,14121.904,18572.562,14120.107,15618.568
2013-09-24 19:00:00,13099.333,14121.904,18572.562,14120.107,15618.568
2013-09-24 20:00:00,13099.333,14121.904,18572.562,14120.107,15618.568
2013-09-24 21:00:00,13099.333,14121.904,18572.562,14120.107,15618.568
2013-09-24 22:00:00,13099.333,14121.904,18572.562,14120.107,15618.568
2013-09-24 23:00:00,13099.333,14121.904,18572.562,14120.107,15618.568
2013-09-25 00:00:00,13099.333,14121.904,18572.562,14120.107,15618.568
2013-09-25 01:00:00,13099.333,14121.904,18572.562,14120.107,15618.568
2013-09-25 02:00:00,13099.333,14121.904,18572.562,14120.107,15618.568
2013-09-25 03:00:00,13099.333,14121.904,18572.562,14120.107,15618.568
2013-09-25 04:00:00,13099.333,14121.904,18572.562,14120.107,15618.568
2013-09-25 05:00:00,13099.333,14121.904,18572.562,14120.107,15618.568
2013-09-25 06:00:00,13099.333,14121.904,18572.562,14120.107,15618.568
2013-09-25 07:00:00,13099.333,14121.904,18572.566,14120.107,15618.568
2013-09-25 08:00:00,13099.333,14121.904,18572.566,14120.107,15618.568
2013-09-25 09:00:00,13099.333,14121.904,18572.566,14120.107,15618.568
2013-09-25 10:00:00,13099.333,14121.904,18572.582,14120.107,15618.568
2013-09-25 11:00:00,13099.333,14121.904,18572.562,14120.107,15618.568
2013-09-25 12:00:00,13099.333,14121.904,18572.562,14120.107,15618.568
2013-09-25 13:00:00,13099.333,14121.904,18572.562,14120.107,15618.568
2013-09-25 14:00:00,13099.333,14121.904,18572.562,14120.107,15618.568
2013-09-25 15:00:00,13099.333,14121.904,18572.562,14120.107,15618.568
2013-09-25 16:00:00,13099.333,14121.904,18572.562,14120.107,15618.568
2013-09-25 17:00:00,13099.333,14121.904,18572.562,14120.107,15618.568
2013-09-25 18:00:00,13099.333,14121.904,18572.562,14120.107,15618.568
2013-09-25 19:00:00,13099.333,14121.904,18572.562,14120.107,15618.568
2013-09-25 20:00:00,13099.333,14121.904,18572.562,14120.107,15618.568
2013-09-25 21:00:00,13099.333,14121.904,18572.562,14120.107,15618.568
2013-09-25 22:00:00,13099.333,14121.904,18572.562,14120.107,15618.568
2013-09-25 23:00:00,13099.333,14121.904,18572.562,14120.107,15618.568
2013-09-26 00:00:00,13099.333,14121.904,18572.605,14120.107,15618.568
2013-09-26 01:00:00,13099.333,14121.904,18572.605,14120.107,15618.568
2013-09-26 02:00:00,13099.333,14121.904,18572.605,14120.107,15618.568
2013-09-26 03:00:00,13099.333,14121.904,18572.605,14120.107,15618.568
2013-09-26 04:00:00,13099.333,14121.904,18572.605,14120.107,15618.568
2013-09-26 05:00:00,13099.333,14121.904,18572.605,14120.107,15618.568
2013-09-26 06:00:00,13099.333,14121.904,18572.605,14120.107,15618.568
2013-09-26 07:00:00,13099.333,14121.904,18572.605,14120.107,15618.568
2013-09-26 08:00:00,13099.333,14121.904,18572.605,14120.107,15618.568
2013-09-26 09:00:00,13099.333,14121.904,18572.605,14120.107,15618.568
2013-09-26 10:00:00,13099.333,14121.904,18572.605,14120.107,15618.568
2013-09-26 11:00:00,13099.333,14121.904,18572.605,14120.107,15618.568
2013-09-26 12:00:00,13099.333,14121.904,18572.605,14120.107,15618.568
2013-09-26 13:00:00,13099.333,14121.904,18572.605,14120.107,15618.568
2013-09-26 14:00:00,13099.333,14121.904,18572.605,14120.107,15618.568
2013-09-26 15:00:00,13099.333,14121.904,18572.605,14120.107,15618.568
2013-09-26 16:00:00,13099.333,14121.904,18572.605,14120.107,15618.568
2013-09-26 17:00:00,13099.333,14121.904,18572.605,14120.107,15618.568
2013-09-26 18:00:00,13099.333,14121.904,18572.605,14120.107,15618.568
2013-09-26 19:00:00,13099.333,14121.904,18572.605,14120.107,15618.568
2013-09-26 20:00:00,13099.333,14121.904,18572.605,14120.107,15618.568
2013-09-26 21:00:00,13099.333,14121.904,18572.605,14120.107,15618.568
2013-09-26 22:00:00,13099.333,14121.904,18572.605,14120.107,15618.568
2013-09-26 23:00:00,13099.333,14121.904,18572.605,14120.107,15618.568
2013-09-27 00:00:00,13099.333,14121.904,18572.605,14120.107,15618.568
2013-09-27 01:00:00,13099.333,14121.904,18572.605,14120.107,15618.568
2013-09-27 02:00:00,13099.333,14121.904,18572.605,14120.107,15618.568
2013-09-27 03:00:00,13099.333,14121.904,18572.605,14120.107,15618.568
2013-09-27 04:00:00,13099.333,14121.904,18572.605,14120.107,15618.568
2013-09-27 05:00:00,13099.333,14121.904,18572.605,14120.107,15618.568
2013-09-27 06:00:00,13099.333,14121.904,18572.605,14120.107,15618.568
2013-09-27 07:00:00,13099.333,14121.904,18572.605,14120.107,15618.568
2013-09-27 08:00:00,13099.333,14121.904,18572.605,14120.107,15618.568
2013-09-27 09:00:00,13099.333,14121.904,18572.605,14120.107,15618.568
2013-09-27 10:00:00,13099.333,14121.904,18572.605,14120.107,15618.568
2013-09-27 11:00:00,13099.333,14121.904,18572.605,14120.107,15618.568
2013-09-27 12:00:00,13099.333,14121.904,18572.605,14120.107,15618.568
2013-09-27 13:00:00,13099.333,14121.904,18572.605,14120.107,15618.568
2013-09-27 14:00:00,13099.333,14121.904,18572.605,14120.107,15618.568
2013-09-27 15:00:00,13099.333,14121.904,18572.605,14120.107,15618.568
2013-09-27 16:00:00,13099.333,14121.904,18572.605,14120.107,15618.568
2013-09-27 17:00:00,13099.333,14121.904,18572.605,14120.107,15618.568
2013-09-27 18:00:00,13099.333,14121.904,18572.605,14120.107,15618.568
2013-09-27 19:00:00,13099.333,14121.904,18572.605,14120.107,15618.568
2013-09-27 20:00:00,13099.333,14121.904,18572.605,14120.107,15618.568
2013-09-27 21:00:00,13099.333,14121.904,18572.605,14120.107,15618.568
2013-09-27 22:00:00,13099.333,14121.904,18572.605,14120.107,15618.568
2013-09-27 23:00:00,13099.333,14121.904,18572.605,14120.107,15618.568
2013-09-28 00:00:00,13099.333,14121.904,18572.605,14120.107,15618.568
2013-09-28 01:00:00,13099.333,14121.904,18572.605,14120.107,15618.568
2013-09-28 02:00:00,13099.333,14121.904,18572.605,14120.107,15618.568
2013-09-28 03:00:00,13099.333,14121.904,18572.605,14120.107,15618.568
2013-09-28 04:00:00,13099.333,14121.904,18572.605,14120.107,15618.568
2013-09-28 05:00:00,13099.333,14121.904,18572.605,14120.107,15618.568
2013-09-28 06:00:00,13099.333,14121.904,18572.605,14120.107,15618.568
2013-09-28 07:00:00,13099.333,14121.904,18572.605,14120.107,15618.568
2013-09-28 08:00:00,13099.333,14121.904,18572.605,14120.107,15618.568
2013-09-28 09:00:00,13099.333,14121.904,18572.605,14120.107,15618.568
2013-09-28 10:00:00,13099.333,14121.904,18572.605,14120.107,15618.568
2013-09-28 11:00:00,13099.333,14121.904,18572.605,14120.107,15618.568
2013-09-28 12:00:00,13099.333,14121.904,18572.605,14120.107,15618.568
2013-09-28 13:00:00,13099.333,14121.904,18572.605,14120.107,15618.568
2013-09-28 14:00:00,13099.333,14121.904,18572.605,14120.107,15618.568
2013-09-28 15:00:00,13099.333,14121.904,18572.605,14120.107,15618.568
2013-09-28 16:00:00,13099.333,14121.904,18572.605,14120.107,15618.568
2013-09-28 17:00:00,13099.333,14121.904,18572.605,14120.107,15618.568
2013-09-28 18:00:00,13099.333,14121.904,18572.605,14120.107,15618.568
2013-09-28 19:00:00,13099.333,14121.904,18572.605,14120.107,15618.568
2013-09-28 20:00:00,13099.333,14121.904,18572.605,14120.107,15618.568
2013-09-28 21:00:00,13099.333,14121.904,18572.605,14120.107,15618.568
2013-09-28 22:00:00,13099.333,14121.904,18572.605,14120.107,15618.568
2013-09-28 23:00:00,13099.333,14121.904,18572.605,14120.107,15618.568
2013-09-29 00:00:00,13099.333,14121.904,18572.605,14120.107,15618.568
2013-09-29 01:00:00,13099.333,14121.904,18572.605,14120.107,15618.568
2013-09-29 02:00:00,13099.333,14121.904,18572.605,14120.107,15618.568
2013-09-29 03:00:00,13099.333,14121.904,18572.605,14120.107,15618.568
2013-09-29 04:00:00,13099.333,14121.904,18572.605,14120.107,15618.568
2013-09-29 05:00:00,13099.333,14121.904,18572.605,14120.107,15618.568
2013-09-29 06:00:00,13099.333,14121.904,18572.605,14120.107,15618.568
2013-09-29 07:00:00,13099.333,14121.904,18572.605,14120.107,15618.568
2013-09-29 08:00:00,13099.333,14121.904,18572.605,14120.107,15618.568
2013-09-29 09:00:00,13099.333,14121.904,18572.605,14120.107,15618.568
2013-09-29 10:00:00,13099.333,14121.904,18572.605,14120.107,15618.568
2013-09-29 11:00:00,13099.333,14121.904,18572.605,14120.107,15618.568
2013-09-29 12:00:00,13099.333,14121.904,18572.605,14120.107,15618.568
2013-09-29 13:00:00,13099.333,14121.904,18572.605,14120.107,15618.568
2013-09-29 14:00:00,13099.333,14121.904,18572.605,14120.107,15618.568
2013-09-29 15:00:00,13099.333,14121.904,18572.605,14120.107,15618.568
2013-09-29 16:00:00,13099.333,14121.904,18572.605,14120.107,15618.568
2013-09-29 17:00:00,13099.333,14121.904,18572.605,14120.107,15618.568
2013-09-29 18:00:00,13099.333,14121.904,18572.605,14120.107,15618.568
2013-09-29 19:00:00,13099.333,14121.904,18572.605,14120.107,15618.568
2013-09-29 20:00:00,13099.333,14121.904,18572.605,14120.107,15618.568
2013-09-29 21:00:00,13099.333,14121.904,18572.605,14120.107,15618.568
2013-09-29 22:00:00,13099.333,14121.904,18572.605,14120.107,15618.568
2013-09-29 23:00:00,13099.333,14121.904,18572.605,14120.107,15618.568
2013-09-30 00:00:00,13099.333,14121.904,18572.605,14120.107,15618.568
2013-09-30 01:00:00,13099.333,14121.904,18572.605,14120.107,15618.568
2013-09-30 02:00:00,13099.333,14121.904,18572.605,14120.107,15618.568
2013-09-30 03:00:00,13099.333,14121.904,18572.605,14120.107,15618.568
2013-09-30 04:00:00,13099.333,14121.904,18572.605,14120.107,15618.568
2013-09-30 05:00:00,13099.333,14121.904,18572.605,14120.107,15618.568
2013-09-30 06:00:00,13099.333,14121.904,18572.605,14120.107,15618.568
2013-09-30 07:00:00,13099.333,14121.904,18572.605,14120.107,15618.568
2013-09-30 08:00:00,13099.333,14121.904,18572.605,14120.107,15618.568
2013-09-30 09:00:00,13099.333,14121.904,18572.605,14120.107,15618.568
2013-09-30 10:00:00,13099.333,14121.904,18572.605,14120.107,15618.568
2013-09-30 11:00:00,13099.333,14121.904,18572.605,14120.107,15618.568
2013-09-30 12:00:00,13099.333,14121.904,18572.605,14120.107,15618.568
2013-09-30 13:00:00,13099.333,14121.904,18572.605,14120.107,15618.568
2013-09-30 14:00:00,13099.333,14121.904,18572.605,14120.107,15618.568
2013-09-30 15:00:00,13099.333,14121.904,18572.605,14120.107,15618.568
2013-09-30 16:00:00,13099.333,14121.904,18572.605,14120.107,15618.568
2013-09-30 17:00:00,13099.333,14121.904,18572.605,14120.107,15618.568
2013-09-30 18:00:00,13099.333,14121.904,18572.605,14120.107,15618.568
2013-09-30 19:00:00,13099.333,14121.904,18572.605,14120.107,15618.568
2013-09-30 20:00:00,13099.333,14121.904,18572.605,14120.107,15618.568
2013-09-30 21:00:00,13099.333,14121.904,18572.605,14120.107,15618.568
2013-09-30 22:00:00,13099.333,14121.904,18572.605,14120.107,15618.568
2013-09-30 23:00:00,13099.333,14121.904,18572.605,14120.107,15618.568
2013-10-01 00:00:00,13099.333,14121.904,18572.605,14120.107,15618.568
2013-10-01 01:00:00,13099.333,14121.904,18572.605,14120.107,15618.568
2013-10-01 02:00:00,13099.333,14121.904,18572.605,14120.107,15618.568
2013-10-01 03:00:00,13099.333,14121.904,18572.605,14120.107,15618.568
2013-10-01 04:00:00,13099.333,14121.904,18572.605,14120.107,15618.568
2013-10-01 05:00:00,13099.333,14121.904,18572.605,14120.107,15618.568
2013-10-01 06:00:00,13099.333,14121.904,18572.605,14120.107,15618.568
2013-10-01 07:00:00,13099.333,14121.904,18572.605,14120.107,15618.568
2013-10-01 08:00:00,13099.333,14121.904,18572.605,14120.107,15618.568
2013-10-01 09:00:00,13099.333,14121.904,18572.605,14120.107,15618.568
2013-10-01 10:00:00,13099.333,14121.904,18572.605,14120.107,15618.568
2013-10-01 11:00:00,13099.333,14121.904,18572.605,14120.107,15618.568
2013-10-01 12:00:00,13099.333,14121.904,18572.605,14120.107,15618.568
2013-10-01 13:00:00,13099.333,14121.904,18572.605,14120.107,15618.568
2013-10-01 14:00:00,13099.333,14121.904,18572.605,14120.107,15618.568
2013-10-01 15:00:00,13099.333,14121.904,18572.605,14120.107,15618.568
2013-10-01 16:00:00,13099.333,14121.904,18572.605,14120.107,15618.568
2013-10-01 17:00:00,13099.333,14121.904,18572.605,14120.107,15618.568
2013-10-01 18:00:00,13099.333,14121.904,18572.605,14120.107,15618.568
2013-10-01 19:00:00,13099.333,14121.904,18572.605,14120.107,15618.568
2013-10-01 20:00:00,13099.333,14121.904,18572.605,14120.107,15618.568
2013-10-01 21:00:00,13099.333,14121.904,18572.605,14120.107,15618.568
2013-10-01 22:00:00,13099.333,14121.904,18572.605,14120.107,15618.568
2013-10-01 23:00:00,13099.333,14121.904,18572.605,14120.107,15618.568
2013-10-02 00:00:00,13099.333,14121.904,18572.605,14120.107,15618.568
2013-10-02 01:00:00,13099.333,14121.904,18572.605,14120.107,15618.568
2013-10-02 02:00:00,13099.333,14121.904,18572.605,14120.107,15618.568
2013-10-02 03:00:00,13099.333,14121.904,18572.605,14120.107,15618.568
2013-10-02 04:00:00,13099.333,14121.904,18572.605,14120.107,15618.568
2013-10-02 05:00:00,13099.333,14121.904,18572.605,14120.107,15618.568
2013-10-02 06:00:00,13099.333,14121.904,18572.605,14120.107,15618.568
2013-10-02 07:00:00,13099.333,14121.904,18572.605,14120.107,15618.568
2013-10-02 08:00:00,13099.333,14121.904,18572.605,14120.107,15618.568
2013-10-02 09:00:00,13099.333,14121.904,18572.605,14120.107,15618.568
2013-10-02 10:00:00,13099.333,14121.904,18572.605,14120.107,15618.568
2013-10-02 11:00:00,13099.333,14121.904,18572.605,14120.107,15618.568
2013-10-02 12:00:00,13099.333,14121.904,18572.605,14120.107,15618.568
2013-10-02 13:00:00,13099.333,14121.904,18572.605,14120.107,15618.568
2013-10-02 14:00:00,13099.333,14121.904,18572.605,14120.107,15618.568
2013-10-02 15:00:00,13099.333,14121.904,18572.605,14120.107,15618.568
2013-10-02 16:00:00,13099.333,14121.904,18572.605,14120.107,15618.568
2013-10-02 17:00:00,13099.333,14121.904,18572.605,14120.107,15618.568
2013-10-02 18:00:00,13099.333,14121.904,18572.605,14120.107,15618.568
2013-10-02 19:00:00,13099.333,14121.904,18572.605,14120.107,15618.568
2013-10-02 20:00:00,13099.333,14121.904,18572.605,14120.107,15618.568
2013-10-02 21:00:00,13099.333,14121.904,18572.605,14120.107,15618.568
2013-10-02 22:00:00,13099.333,14121.904,18572.605,14120.107,15618.568
2013-10-02 23:00:00,13099.333,14121.904,18572.605,14120.107,15618.568
2013-10-03 00:00:00,13099.333,14121.904,18572.605,14120.107,15618.568
2013-10-03 01:00:00,13099.333,14121.904,18572.605,14120.107,15618.568
2013-10-03 02:00:00,13099.333,14121.904,18572.605,14120.107,15618.568
2013-10-03 03:00:00,13099.333,14121.904,18572.605,14120.107,15618.568
2013-10-03 04:00:00,13099.333,14121.904,18572.605,14120.107,15618.568
2013-10-03 05:00:00,13099.333,14121.904,18572.605,14120.107,15618.568
2013-10-03 06:00:00,13099.333,14121.904,18572.605,14120.107,15618.568
2013-10-03 07:00:00,13099.333,14121.904,18572.605,14120.107,15618.568
2013-10-03 08:00:00,13099.333,14121.904,18572.605,14120.107,15618.568
2013-10-03 09:00:00,13099.333,14121.904,18572.605,14120.107,15618.568
2013-10-03 10:00:00,13099.333,14121.904,18572.605,14120.107,15618.568
2013-10-03 11:00:00,13099.333,14121.904,18572.605,14120.107,15618.568
2013-10-03 12:00:00,13099.333,14121.904,18572.605,14120.107,15618.568
2013-10-03 13:00:00,13099.333,14121.904,18572.605,14120.107,15618.568
2013-10-03 14:00:00,13099.333,14121.904,18572.605,14120.107,15618.568
2013-10-03 15:00:00,13099.333,14121.904,18572.605,14120.107,15618.568
2013-10-03 16:00:00,13099.333,14121.904,18572.605,14120.107,15618.568
2013-10-03 17:00:00,13099.333,14121.904,18572.605,14120.107,15618.568
2013-10-03 18:00:00,13099.333,14121.904,18572.605,14120.107,15618.568
2013-10-03 19:00:00,13099.333,14121.904,18572.605,14120.107,15618.568
2013-10-03 20:00:00,13099.333,14121.904,18572.605,14120.107,15618.568
2013-10-03 21:00:00,13099.333,14121.904,18572.605,14120.107,15618.568
2013-10-03 22:00:00,13099.333,14121.904,18572.605,14120.107,15618.568
2013-10-03 23:00:00,13099.333,14121.904,18572.605,14120.107,15618.568
2013-10-04 00:00:00,13099.333,14121.904,18572.605,14120.107,15618.568
2013-10-04 01:00:00,13099.333,14121.904,18572.605,14120.107,15618.568
2013-10-04 02:00:00,13099.333,14121.972,18572.605,14120.107,15618.568
2013-10-04 03:00:00,13099.333,14122.306,18572.605,14120.145,15618.568
2013-10-04 04:00:00,13099.669,14122.306,18572.605,14120.274,15618.568
2013-10-04 05:00:00,13100.272,14122.306,18572.605,14121.2295,15618.568
2013-10-04 06:00:00,13100.404,14122.306,18572.605,14121.683,15618.568
2013-10-04 07:00:00,13100.404,14122.306,18572.605,14121.709,15618.568
2013-10-04 08:00:00,13100.404,14122.306,18572.605,14121.709,15618.568
2013-10-04 09:00:00,13100.404,14122.306,18572.605,14121.709,15618.568
2013-10-04 10:00:00,13100.404,14122.306,18572.605,14121.709,15618.568
2013-10-04 11:00:00,13100.425,14122.345,18572.605,14121.709,15618.959
2013-10-04 12:00:00,13101.095,14123.539,18572.605,14121.769,15619.119
2013-10-04 13:00:00,13101.443,14123.772,18572.605,14122.176,15619.912
2013-10-04 14:00:00,13099.333,14121.904,18572.605,14120.107,15618.568
2013-10-04 15:00:00,13099.333,14121.904,18572.605,14120.107,15618.568
2013-10-04 16:00:00,13099.333,14121.904,18572.605,14120.107,15618.568
2013-10-04 17:00:00,13099.333,14121.904,18572.605,14120.107,15618.568
2013-10-04 18:00:00,13099.333,14121.904,18572.605,14120.107,15618.568
2013-10-04 19:00:00,13099.333,14121.904,18572.605,14120.107,15618.568
2013-10-04 20:00:00,13099.333,14121.904,18572.605,14120.107,15618.568
2013-10-04 21:00:00,13099.333,14121.904,18572.605,14120.107,15618.568
2013-10-04 22:00:00,13099.333,14121.904,18572.605,14120.107,15618.568
2013-10-04 23:00:00,13099.333,14121.904,18572.605,14120.107,15618.568
2013-10-05 00:00:00,13101.727,14124.613,18572.605,14122.696,15620.281
2013-10-05 01:00:00,13103.964,14128.116,18574.096,14126.309,15621.021
2013-10-05 02:00:00,13108.351,14132.392,18577.287,14131.204,15621.774
2013-10-05 03:00:00,13110.588,14134.813,18581.182,14134.322,15624.518
2013-10-05 04:00:00,13113.669,14137.277,18583.984,14137.854,15626.677
2013-10-05 05:00:00,13114.963,14138.75,18584.498,14139.298,15627.72
2013-10-05 06:00:00,13115.256,14139.117,18584.562,14139.679,15627.832
2013-10-05 07:00:00,13115.256,14139.2705,18584.562,14139.679,15627.998
2013-10-05 08:00:00,13115.256,14139.464,18584.562,14139.679,15628.262
2013-10-05 09:00:00,13115.256,14139.691,18584.562,14139.679,15628.647
2013-10-05 10:00:00,13115.351,14140.023,18584.562,14139.9375,15628.647
2013-10-05 11:00:00,13115.351,14140.023,18584.562,14139.9375,15628.763
2013-10-05 12:00:00,13115.351,14140.023,18584.562,14139.9375,15629.049
2013-10-05 13:00:00,13115.351,14140.023,18584.562,14139.9375,15629.27
2013-10-05 14:00:00,13115.351,14140.026,18584.562,14139.9375,15629.532
2013-10-05 15:00:00,13115.385,14140.1,18584.562,14139.9375,15629.62
2013-10-05 16:00:00,13115.404,14140.1,18584.562,14139.9375,15629.694
2013-10-05 17:00:00,13115.404,14140.1,18584.562,14139.9375,15629.885
2013-10-05 18:00:00,13115.404,14140.1,18584.562,14140.014,15629.885
2013-10-05 19:00:00,13115.404,14140.111,18584.562,14140.014,15629.982
2013-10-05 20:00:00,13115.404,14140.218,18584.562,14140.014,15629.982
2013-10-05 21:00:00,13115.404,14140.218,18584.562,14140.057,15629.982
2013-10-05 22:00:00,13115.404,14140.218,18584.562,14140.057,15629.982
2013-10-05 23:00:00,13115.404,14140.218,18584.562,14140.057,15630.165
2013-10-06 00:00:00,13118.282,14147.754,18604.42,14149.669,15636.784
2013-10-06 01:00:00,13119.41,14148.245,18607.564,14151.471,15637.766
2013-10-06 02:00:00,13120.781,14149.098,18610.818,14154.055,15638.637
2013-10-06 03:00:00,13122.53,14149.843,18616.326,14156.289,15640.006
2013-10-06 04:00:00,13124.131,14150.576,18622.49,14159.071,15642.544
2013-10-06 05:00:00,13126.132,14153.069,18630.756,14163.6045,15645.936
2013-10-06 06:00:00,13117.847,14147.754,18600.553,14148.637,15636.587
2013-10-06 07:00:00,13117.885,14147.754,18601.89,14148.637,15636.587
2013-10-06 08:00:00,13115.404,14140.218,18584.562,14140.057,15630.165
2013-10-06 09:00:00,13115.404,14140.218,18584.562,14140.057,15630.186
2013-10-06 10:00:00,13115.404,14140.218,18584.562,14140.057,15630.186
2013-10-06 11:00:00,13115.404,14140.218,18584.562,14140.057,15630.186
2013-10-06 12:00:00,13115.404,14140.218,18584.562,14140.063,15630.186
2013-10-06 13:00:00,13115.404,14140.218,18584.562,14140.063,15630.186
2013-10-06 14:00:00,13115.404,14140.218,18584.562,14140.063,15630.303
2013-10-06 15:00:00,13115.937,14141.215,18584.969,14140.676,15632.379
2013-10-06 16:00:00,13116.443,14142.617,18586.814,14141.641,15633.321
2013-10-06 17:00:00,13116.761,14144.314,18589.357,14142.709,15633.989
2013-10-06 18:00:00,13117.006,14146.047,18592.271,14144.546,15634.6
2013-10-06 19:00:00,13117.595,14146.46,18595.008,14144.988,15635.254
2013-10-06 20:00:00,13117.681,14147.127,18596.537,14145.929,15635.269
2013-10-06 21:00:00,13117.823,14147.373,18598.248,14146.439,15635.862
2013-10-06 22:00:00,13117.84,14147.613,18599.652,14147.703,15636.056
2013-10-06 23:00:00,13117.847,14147.754,18600.475,14148.637,15636.587
2013-10-07 00:00:00,13127.916,14157.618,18636.225,14170.327,15648.691
2013-10-07 01:00:00,13128.349,14160.804,18637.457,14173.997,15649.736
2013-10-07 02:00:00,13128.835,14162.57,18642.69,14175.832,15651.666
2013-10-07 03:00:00,13129.438,14164.498,18646.408,14176.916,15657.869
2013-10-07 04:00:00,13129.685,14165.157,18648.422,14178.546,15661.431
2013-10-07 05:00:00,13129.861,14166.106,18648.781,14182.689,15663.562
2013-10-07 06:00:00,13130.018,14167.414,18648.785,14185.183,15664.853
2013-10-07 07:00:00,13130.164,14167.85,18649.133,14187.937,15665.219
2013-10-07 08:00:00,13130.274,14167.85,18650.49,14189.329,15665.874
2013-10-07 09:00:00,13130.564,14167.855,18650.746,14191.532,15665.874
2013-10-07 10:00:00,13130.564,14167.905,18650.746,14193.037,15665.874
2013-10-07 11:00:00,13130.564,14168.257,18651.258,14195.145,15666.698
2013-10-07 12:00:00,13130.965,14170.825,18654.582,14197.525,15667.878
2013-10-07 13:00:00,13131.6045,14173.867,18656.877,14200.955,15668.599
2013-10-07 14:00:00,13131.962,14176.324,18658.336,14203.002,15669.251
2013-10-07 15:00:00,13132.211,14179.684,18659.646,14205.458,15669.92
2013-10-07 16:00:00,13132.616,14181.646,18660.441,14207.281,15670.634
2013-10-07 17:00:00,13133.351,14183.541,18662.016,14208.636,15671.858
2013-10-07 18:00:00,13135.5205,14185.719,18664.182,14210.387,15673.603
2013-10-07 19:00:00,13137.206,14187.904,18666.168,14211.878,15676.146
2013-10-07 20:00:00,13139.049,14190.064,18667.662,14213.705,15678.047
2013-10-07 21:00:00,13140.605,14192.056,18669.102,14215.053,15681.905
2013-10-07 22:00:00,13142.064,14194.231,18670.73,14216.67,15685.006
2013-10-07 23:00:00,13143.058,14197.976,18673.404,14219.1875,15689.198
2013-10-08 00:00:00,13144.422,14201.025,18676.152,14222.125,15692.178
2013-10-08 01:00:00,13145.939,14202.763,18677.717,14223.529,15694.243
2013-10-08 02:00:00,13147.575,14203.962,18679.0,14225.281,15697.734
2013-10-08 03:00:00,13149.109,14204.874,18679.072,14227.406,15699.504
2013-10-08 04:00:00,13149.446,14206.949,18679.307,14228.776,15700.362
2013-10-08 05:00:00,13150.692,14207.2705,18679.62,14231.432,15701.766
2013-10-08 06:00:00,13151.488,14207.2705,18679.65,14231.728,15701.855
2013-10-08 07:00:00,13152.355,14207.993,18681.418,14233.44,15704.113
2013-10-08 08:00:00,13152.695,14208.191,18682.836,14234.189,15704.138
2013-10-08 09:00:00,13152.696,14208.191,18684.355,14234.502,15704.238
2013-10-08 10:00:00,13152.696,14208.859,18685.396,14235.648,15704.47
2013-10-08 11:00:00,13153.79,14210.409,18686.703,14237.045,15705.722
2013-10-08 12:00:00,13154.992,14210.94,18692.613,14237.706,15711.302
2013-10-08 13:00:00,13155.747,14211.3955,18698.871,14239.407,15714.896
2013-10-08 14:00:00,13156.353,14211.3955,18701.713,14239.617,15716.23
2013-10-08 15:00:00,13156.353,14211.532,18702.709,14239.617,15718.539
2013-10-08 16:00:00,13156.353,14211.538,18702.777,14239.617,15718.594
2013-10-08 17:00:00,13156.355,14211.633,18702.777,14239.831,15718.694
2013-10-08 18:00:00,13157.166,14211.633,18702.783,14239.831,15718.948
2013-10-08 19:00:00,13157.82,14211.633,18702.783,14239.831,15719.559
2013-10-08 20:00:00,13158.474,14211.816,18702.783,14239.831,15720.002
2013-10-08 21:00:00,13158.52,14211.832,18703.436,14239.905,15720.312
2013-10-08 22:00:00,13158.531,14212.059,18704.203,14240.302,15720.542
2013-10-08 23:00:00,13158.611,14212.059,18704.402,14240.302,15720.674
2013-10-09 00:00:00,13159.537,14215.567,18713.36,14243.451,15732.376
2013-10-09 01:00:00,13159.537,14215.567,18713.36,14243.451,15732.376
2013-10-09 02:00:00,13159.537,14215.567,18713.36,14243.451,15732.376
2013-10-09 03:00:00,13159.537,14215.567,18713.36,14243.451,15732.376
2013-10-09 04:00:00,13158.611,14212.059,18704.404,14240.332,15720.899
2013-10-09 05:00:00,13158.903,14212.138,18704.521,14240.647,15720.948
2013-10-09 06:00:00,13158.911,14212.138,18705.406,14240.704,15721.19
2013-10-09 07:00:00,13158.911,14212.253,18705.887,14241.331,15721.374
2013-10-09 08:00:00,13158.911,14212.434,18706.617,14242.1045,15722.305
2013-10-09 09:00:00,13159.005,14212.524,18708.496,14242.274,15724.042
2013-10-09 10:00:00,13159.057,14212.524,18708.607,14242.292,15724.053
2013-10-09 11:00:00,13159.057,14212.524,18709.025,14242.292,15724.053
2013-10-09 12:00:00,13159.057,14213.186,18709.613,14242.308,15724.053
2013-10-09 13:00:00,13159.057,14213.4795,18711.125,14242.924,15725.244
2013-10-09 14:00:00,13159.057,14213.63,18712.13,14242.924,15727.263
2013-10-09 15:00:00,13159.191,14213.783,18712.205,14242.966,15727.586
2013-10-09 16:00:00,13159.234,14214.012,18712.205,14242.966,15728.573
2013-10-09 17:00:00,13159.234,14214.997,18712.205,14242.966,15729.242
2013-10-09 18:00:00,13159.234,14215.132,18712.205,14242.966,15729.923
2013-10-09 19:00:00,13159.234,14215.312,18712.205,14242.966,15730.099
2013-10-09 20:00:00,13159.265,14215.312,18712.205,14242.966,15730.834
2013-10-09 21:00:00,13159.412,14215.312,18712.205,14242.966,15731.065
2013-10-09 22:00:00,13159.537,14215.312,18713.36,14242.966,15731.789
2013-10-09 23:00:00,13159.537,14215.522,18713.36,14243.451,15732.376
2013-10-10 00:00:00,13159.537,14215.567,18713.36,14243.451,15732.376
2013-10-10 01:00:00,13159.537,14215.567,18713.36,14243.451,15732.376
2013-10-10 02:00:00,13159.537,14215.567,18713.36,14243.451,15732.376
2013-10-10 03:00:00,13159.537,14215.567,18713.36,14243.451,15732.376
2013-10-10 04:00:00,13159.537,14215.567,18713.36,14243.451,15732.376
2013-10-10 05:00:00,13159.537,14215.567,18713.36,14243.451,15732.625
2013-10-10 06:00:00,13159.537,14215.567,18713.36,14243.451,15732.625
2013-10-10 07:00:00,13159.537,14215.567,18713.36,14243.451,15732.625
2013-10-10 08:00:00,13159.537,14215.567,18713.36,14243.451,15732.625
2013-10-10 09:00:00,13159.537,14215.567,18713.36,14243.451,15732.625
2013-10-10 10:00:00,13159.537,14215.567,18713.36,14243.451,15732.625
2013-10-10 11:00:00,13159.537,14215.567,18713.36,14243.451,15732.625
2013-10-10 12:00:00,13159.537,14215.567,18713.36,14243.451,15732.625
2013-10-10 13:00:00,13159.537,14215.567,18713.36,14243.451,15732.625
2013-10-10 14:00:00,13159.537,14215.567,18713.36,14243.451,15732.625
2013-10-10 15:00:00,13159.537,14215.567,18713.36,14243.451,15732.625
2013-10-10 16:00:00,13159.537,14215.567,18713.36,14243.451,15732.625
2013-10-10 17:00:00,13159.537,14215.567,18713.36,14243.451,15732.625
2013-10-10 18:00:00,13159.537,14215.567,18713.36,14243.451,15732.625
2013-10-10 19:00:00,13159.537,14215.567,18713.36,14243.451,15732.625
2013-10-10 20:00:00,13159.537,14215.567,18713.36,14243.451,15732.625
2013-10-10 21:00:00,13159.537,14215.567,18713.36,14243.451,15732.625
2013-10-10 22:00:00,13159.537,14215.567,18713.36,14243.451,15732.625
2013-10-10 23:00:00,13159.537,14215.567,18713.36,14243.451,15732.625
2013-10-11 00:00:00,13159.537,14215.567,18713.36,14243.451,15732.625
2013-10-11 01:00:00,13159.537,14215.567,18713.36,14243.451,15732.625
2013-10-11 02:00:00,13159.537,14215.567,18713.36,14243.451,15732.625
2013-10-11 03:00:00,13159.537,14215.567,18713.36,14243.451,15732.625
2013-10-11 04:00:00,13159.537,14215.567,18713.36,14243.451,15732.625
2013-10-11 05:00:00,13159.537,14215.567,18713.36,14243.451,15732.625
2013-10-11 06:00:00,13159.537,14215.567,18713.36,14243.451,15732.625
2013-10-11 07:00:00,13159.537,14215.567,18713.36,14243.451,15732.625
2013-10-11 08:00:00,13159.537,14215.567,18713.36,14243.451,15732.625
2013-10-11 09:00:00,13159.537,14215.567,18713.36,14243.451,15732.625
2013-10-11 10:00:00,13159.537,14215.567,18713.36,14243.451,15732.625
2013-10-11 11:00:00,13159.537,14215.567,18713.36,14243.451,15732.625
2013-10-11 12:00:00,13159.537,14215.567,18713.36,14243.451,15732.625
2013-10-11 13:00:00,13159.537,14215.567,18713.36,14243.451,15732.625
2013-10-11 14:00:00,13159.537,14215.567,18713.36,14243.451,15732.625
2013-10-11 15:00:00,13159.537,14215.567,18713.36,14243.451,15732.625
2013-10-11 16:00:00,13159.537,14215.567,18713.36,14243.451,15732.625
2013-10-11 17:00:00,13159.537,14215.567,18713.36,14243.451,15732.625
2013-10-11 18:00:00,13159.537,14215.567,18713.36,14243.451,15732.625
2013-10-11 19:00:00,13159.537,14215.567,18713.36,14243.451,15732.625
2013-10-11 20:00:00,13159.537,14215.567,18713.36,14243.451,15732.625
2013-10-11 21:00:00,13159.537,14215.567,18713.36,14243.451,15732.625
2013-10-11 22:00:00,13159.537,14215.567,18713.36,14243.451,15732.625
2013-10-11 23:00:00,13159.537,14215.567,18713.36,14243.451,15732.625
2013-10-12 00:00:00,13159.537,14215.567,18713.36,14243.451,15732.625
2013-10-12 01:00:00,13159.537,14215.567,18713.36,14243.451,15732.625
2013-10-12 02:00:00,13159.537,14215.567,18713.36,14243.451,15732.625
2013-10-12 03:00:00,13159.537,14215.567,18713.36,14243.451,15732.625
2013-10-12 04:00:00,13159.537,14215.567,18713.36,14243.451,15732.625
2013-10-12 05:00:00,13159.537,14215.567,18713.36,14243.451,15732.625
2013-10-12 06:00:00,13159.537,14215.567,18713.36,14243.451,15732.625
2013-10-12 07:00:00,13159.537,14215.567,18713.36,14243.451,15732.625
2013-10-12 08:00:00,13159.537,14215.567,18713.36,14243.451,15732.625
2013-10-12 09:00:00,13159.537,14215.567,18713.36,14243.451,15732.625
2013-10-12 10:00:00,13159.537,14215.567,18713.36,14243.451,15732.625
2013-10-12 11:00:00,13159.537,14215.567,18713.36,14243.451,15732.625
2013-10-12 12:00:00,13159.537,14215.567,18713.36,14243.451,15732.625
2013-10-12 13:00:00,13159.537,14215.567,18713.36,14243.451,15732.625
2013-10-12 14:00:00,13159.537,14215.567,18713.36,14243.451,15732.625
2013-10-12 15:00:00,13159.537,14215.567,18713.36,14243.451,15732.625
2013-10-12 16:00:00,13159.537,14215.567,18713.36,14243.451,15732.625
2013-10-12 17:00:00,13159.537,14215.567,18713.36,14243.451,15732.625
2013-10-12 18:00:00,13159.537,14215.567,18713.36,14243.451,15732.625
2013-10-12 19:00:00,13159.537,14215.567,18713.36,14243.451,15732.625
2013-10-12 20:00:00,13159.537,14215.567,18713.36,14243.451,15732.625
2013-10-12 21:00:00,13159.537,14215.567,18713.36,14243.451,15732.625
2013-10-12 22:00:00,13159.537,14215.567,18713.36,14243.451,15732.625
2013-10-12 23:00:00,13159.537,14215.567,18713.36,14243.451,15732.625
2013-10-13 00:00:00,13159.537,14215.567,18713.36,14243.451,15732.625
2013-10-13 01:00:00,13159.537,14215.567,18713.36,14243.451,15732.625
2013-10-13 02:00:00,13159.537,14215.567,18713.36,14243.451,15732.625
2013-10-13 03:00:00,13159.537,14215.567,18713.36,14243.451,15732.625
2013-10-13 04:00:00,13159.537,14215.567,18713.36,14243.451,15732.625
2013-10-13 05:00:00,13159.537,14215.567,18713.36,14243.451,15732.625
2013-10-13 06:00:00,13159.537,14215.567,18713.36,14243.451,15732.625
2013-10-13 07:00:00,13159.537,14215.567,18713.36,14243.451,15732.625
2013-10-13 08:00:00,13159.537,14215.567,18713.36,14243.451,15732.625
2013-10-13 09:00:00,13159.537,14215.567,18713.36,14243.451,15732.625
2013-10-13 10:00:00,13159.537,14215.567,18713.36,14243.451,15732.625
2013-10-13 11:00:00,13159.537,14215.567,18713.36,14243.451,15732.625
2013-10-13 12:00:00,13159.537,14215.567,18713.36,14243.451,15732.625
2013-10-13 13:00:00,13159.537,14215.567,18713.36,14243.451,15732.625
2013-10-13 14:00:00,13159.537,14215.567,18713.36,14243.451,15732.625
2013-10-13 15:00:00,13159.537,14215.567,18713.36,14243.451,15732.625
2013-10-13 16:00:00,13159.537,14215.567,18713.36,14243.451,15732.625
2013-10-13 17:00:00,13159.537,14215.567,18713.36,14243.451,15732.625
2013-10-13 18:00:00,13159.537,14215.567,18713.36,14243.451,15732.625
2013-10-13 19:00:00,13159.537,14215.567,18713.36,14243.451,15732.625
2013-10-13 20:00:00,13159.537,14215.567,18713.36,14243.451,15732.625
2013-10-13 21:00:00,13159.537,14215.567,18713.36,14243.451,15732.625
2013-10-13 22:00:00,13159.537,14215.567,18713.36,14243.451,15732.625
2013-10-13 23:00:00,13159.537,14215.567,18713.36,14243.451,15732.625
2013-10-14 00:00:00,13159.537,14215.567,18713.36,14243.451,15732.625
2013-10-14 01:00:00,13159.537,14215.567,18713.36,14243.451,15732.625
2013-10-14 02:00:00,13159.537,14215.567,18713.36,14243.451,15732.625
2013-10-14 03:00:00,13159.537,14215.567,18713.36,14243.451,15732.625
2013-10-14 04:00:00,13159.537,14215.567,18713.36,14243.451,15732.625
2013-10-14 05:00:00,13159.537,14215.567,18713.36,14243.451,15732.625
2013-10-14 06:00:00,13159.537,14215.567,18713.36,14243.451,15732.625
2013-10-14 07:00:00,13159.537,14215.567,18713.36,14243.451,15732.625
2013-10-14 08:00:00,13159.537,14215.567,18713.36,14243.451,15732.625
2013-10-14 09:00:00,13159.537,14215.567,18713.36,14243.451,15732.625
2013-10-14 10:00:00,13159.537,14215.567,18713.36,14243.451,15732.625
2013-10-14 11:00:00,13159.537,14215.567,18713.36,14243.451,15732.625
2013-10-14 12:00:00,13159.537,14215.567,18713.36,14243.451,15732.625
2013-10-14 13:00:00,13159.537,14215.567,18713.36,14243.451,15732.625
2013-10-14 14:00:00,13159.537,14215.567,18713.36,14243.451,15732.625
2013-10-14 15:00:00,13159.537,14215.567,18713.36,14243.451,15732.625
2013-10-14 16:00:00,13159.537,14215.567,18713.36,14243.451,15732.625
2013-10-14 17:00:00,13159.537,14215.567,18713.36,14243.451,15732.625
2013-10-14 18:00:00,13159.537,14215.567,18713.36,14243.451,15732.625
2013-10-14 19:00:00,13159.537,14215.567,18713.36,14243.451,15732.625
2013-10-14 20:00:00,13159.537,14215.567,18713.36,14243.451,15732.625
2013-10-14 21:00:00,13159.537,14215.567,18713.36,14243.451,15732.625
2013-10-14 22:00:00,13159.537,14215.567,18713.36,14243.451,15732.625
2013-10-14 23:00:00,13159.537,14215.567,18713.36,14243.451,15732.625
2013-10-15 00:00:00,13159.537,14215.567,18713.36,14243.451,15732.625
2013-10-15 01:00:00,13159.537,14215.567,18713.36,14243.451,15732.625
2013-10-15 02:00:00,13159.537,14215.567,18713.36,14243.451,15732.625
2013-10-15 03:00:00,13159.537,14215.567,18713.36,14243.451,15732.625
2013-10-15 04:00:00,13159.537,14215.567,18713.36,14243.451,15732.625
2013-10-15 05:00:00,13159.537,14215.567,18713.36,14243.451,15732.625
2013-10-15 06:00:00,13159.537,14215.567,18713.36,14243.451,15732.625
2013-10-15 07:00:00,13159.537,14215.567,18713.36,14243.451,15732.625
2013-10-15 08:00:00,13159.537,14215.567,18713.36,14243.451,15732.625
2013-10-15 09:00:00,13159.537,14215.567,18713.36,14243.451,15732.625
2013-10-15 10:00:00,13159.537,14215.567,18713.36,14243.451,15732.625
2013-10-15 11:00:00,13159.537,14215.567,18713.36,14243.451,15732.625
2013-10-15 12:00:00,13159.537,14215.567,18713.36,14243.451,15732.625
2013-10-15 13:00:00,13159.537,14215.567,18713.36,14243.451,15732.625
2013-10-15 14:00:00,13159.537,14215.567,18713.36,14243.451,15732.625
2013-10-15 15:00:00,13159.537,14215.567,18713.36,14243.451,15732.625
2013-10-15 16:00:00,13159.537,14215.567,18713.36,14243.451,15732.625
2013-10-15 17:00:00,13159.537,14215.567,18713.36,14243.451,15732.625
2013-10-15 18:00:00,13159.537,14215.567,18713.36,14243.451,15732.625
2013-10-15 19:00:00,13159.537,14215.567,18713.36,14243.451,15732.625
2013-10-15 20:00:00,13159.537,14215.567,18713.36,14243.451,15732.625
2013-10-15 21:00:00,13159.537,14215.567,18713.36,14243.451,15732.625
2013-10-15 22:00:00,13159.537,14215.567,18713.36,14243.451,15732.625
2013-10-15 23:00:00,13159.537,14215.567,18713.36,14243.451,15732.625
2013-10-16 00:00:00,13159.537,14215.567,18713.36,14243.451,15732.625
2013-10-16 01:00:00,13159.537,14215.567,18713.36,14243.451,15732.625
2013-10-16 02:00:00,13159.537,14215.567,18713.36,14243.451,15732.625
2013-10-16 03:00:00,13159.537,14215.567,18713.36,14243.451,15732.625
2013-10-16 04:00:00,13159.537,14215.567,18713.36,14243.451,15732.625
2013-10-16 05:00:00,13159.537,14215.567,18713.36,14243.451,15732.625
2013-10-16 06:00:00,13159.537,14215.567,18713.36,14243.451,15732.625
2013-10-16 07:00:00,13159.537,14215.567,18713.36,14243.451,15732.625
2013-10-16 08:00:00,13159.537,14215.567,18713.36,14243.451,15732.625
2013-10-16 09:00:00,13159.537,14215.746,18713.36,14243.451,15732.625
2013-10-16 10:00:00,13159.537,14215.897,18713.36,14243.5,15732.625
2013-10-16 11:00:00,13159.537,14215.897,18713.36,14243.834,15732.625
2013-10-16 12:00:00,13159.537,14215.897,18713.36,14243.834,15732.746
2013-10-16 13:00:00,13159.537,14215.897,18713.36,14243.836,15732.746
2013-10-16 14:00:00,13159.537,14215.897,18713.36,14243.836,15732.746
2013-10-16 15:00:00,13159.537,14215.897,18713.36,14243.836,15732.752
2013-10-16 16:00:00,13159.537,14215.897,18713.36,14243.836,15732.752
2013-10-16 17:00:00,13159.537,14215.897,18713.36,14243.836,15732.752
2013-10-16 18:00:00,13159.537,14215.897,18713.36,14243.836,15732.752
2013-10-16 19:00:00,13159.537,14215.897,18713.36,14243.836,15732.752
2013-10-16 20:00:00,13159.537,14215.897,18713.36,14243.836,15732.752
2013-10-16 21:00:00,13159.537,14215.897,18713.36,14243.836,15732.752
2013-10-16 22:00:00,13159.537,14215.897,18713.36,14243.836,15732.752
2013-10-16 23:00:00,13159.537,14215.897,18713.36,14243.836,15732.752
2013-10-17 00:00:00,13159.537,14215.897,18713.36,14243.836,15732.752
2013-10-17 01:00:00,13159.537,14215.897,18713.36,14243.836,15732.752
2013-10-17 02:00:00,13159.537,14215.897,18713.36,14243.836,15732.752
2013-10-17 03:00:00,13159.537,14215.897,18713.36,14243.836,15732.752
2013-10-17 04:00:00,13159.537,14215.897,18713.36,14243.836,15732.752
2013-10-17 05:00:00,13159.537,14215.897,18713.36,14243.836,15732.752
2013-10-17 06:00:00,13159.537,14215.897,18713.36,14243.836,15732.752
2013-10-17 07:00:00,13159.537,14215.897,18713.428,14243.836,15732.752
2013-10-17 08:00:00,13159.537,14215.897,18714.95,14243.836,15733.554
2013-10-17 09:00:00,13159.537,14215.897,18714.95,14243.836,15733.554
2013-10-17 10:00:00,13159.537,14215.897,18714.95,14243.836,15733.554
2013-10-17 11:00:00,13159.537,14215.897,18714.95,14243.836,15733.554
2013-10-17 12:00:00,13159.537,14215.897,18714.973,14243.836,15733.554
2013-10-17 13:00:00,13159.537,14215.897,18714.973,14243.836,15733.701
2013-10-17 14:00:00,13159.537,14215.897,18715.162,14243.836,15733.775
2013-10-17 15:00:00,13159.537,14215.897,18715.162,14243.836,15734.216
2013-10-17 16:00:00,13159.537,14215.897,18716.625,14243.836,15735.409
2013-10-17 17:00:00,13159.537,14215.897,18717.729,14243.836,15735.409
2013-10-17 18:00:00,13159.537,14215.897,18718.123,14243.836,15735.748
2013-10-17 19:00:00,13159.537,14215.897,18718.283,14243.836,15737.583
2013-10-17 20:00:00,13159.537,14215.897,18718.283,14243.836,15737.583
2013-10-17 21:00:00,13159.537,14215.897,18718.707,14243.836,15737.843
2013-10-17 22:00:00,13159.537,14215.897,18718.707,14243.836,15738.137
2013-10-17 23:00:00,13160.027,14215.897,18718.707,14243.836,15738.215
2013-10-18 00:00:00,13160.027,14215.897,18718.707,14243.836,15738.215
2013-10-18 01:00:00,13160.027,14215.897,18718.707,14243.836,15738.215
2013-10-18 02:00:00,13160.027,14215.897,18718.707,14243.836,15738.215
2013-10-18 03:00:00,13160.027,14215.897,18718.707,14243.836,15738.215
2013-10-18 04:00:00,13160.027,14215.897,18718.707,14243.836,15738.215
2013-10-18 05:00:00,13160.027,14215.897,18718.707,14243.836,15738.215
2013-10-18 06:00:00,13160.027,14215.897,18718.707,14243.836,15738.215
2013-10-18 07:00:00,13160.027,14215.897,18718.707,14243.836,15738.215
2013-10-18 08:00:00,13160.027,14215.897,18718.707,14243.836,15738.215
2013-10-18 09:00:00,13160.027,14215.897,18718.707,14243.836,15738.215
2013-10-18 10:00:00,13160.027,14215.897,18718.707,14243.836,15738.215
2013-10-18 11:00:00,13160.027,14215.897,18718.707,14243.836,15738.215
2013-10-18 12:00:00,13160.027,14215.897,18718.707,14243.836,15738.215
2013-10-18 13:00:00,13160.027,14215.897,18718.707,14243.836,15738.215
2013-10-18 14:00:00,13160.027,14215.897,18718.707,14243.836,15738.215
2013-10-18 15:00:00,13160.027,14215.897,18718.707,14243.836,15738.215
2013-10-18 16:00:00,13160.027,14215.897,18718.838,14243.836,15738.315
2013-10-18 17:00:00,13160.032,14215.897,18719.129,14243.854,15738.315
2013-10-18 18:00:00,13160.035,14215.897,18719.133,14243.854,15738.404
2013-10-18 19:00:00,13160.035,14215.897,18719.133,14243.854,15738.404
2013-10-18 20:00:00,13160.035,14215.897,18719.133,14243.854,15738.71
2013-10-18 21:00:00,13160.035,14215.897,18719.133,14243.854,15738.71
2013-10-18 22:00:00,13160.035,14215.897,18719.133,14243.854,15738.71
2013-10-18 23:00:00,13160.035,14215.897,18719.133,14243.854,15738.71
2013-10-19 00:00:00,13160.035,14215.897,18719.23,14243.854,15738.71
2013-10-19 01:00:00,13160.035,14215.897,18719.23,14243.854,15738.71
2013-10-19 02:00:00,13160.035,14215.897,18719.23,14243.854,15738.71
2013-10-19 03:00:00,13160.035,14215.897,18719.23,14243.854,15738.71
2013-10-19 04:00:00,13160.035,14215.897,18719.23,14243.854,15738.71
2013-10-19 05:00:00,13160.035,14215.897,18719.23,14243.854,15738.71
2013-10-19 06:00:00,13160.035,14215.897,18719.23,14243.854,15738.71
2013-10-19 07:00:00,13160.035,14215.897,18719.23,14243.854,15738.71
2013-10-19 08:00:00,13160.035,14215.897,18719.23,14243.854,15738.71
2013-10-19 09:00:00,13160.035,14215.897,18719.23,14243.854,15738.71
2013-10-19 10:00:00,13160.035,14215.897,18719.23,14243.854,15738.71
2013-10-19 11:00:00,13160.035,14215.897,18719.23,14243.854,15738.71
2013-10-19 12:00:00,13160.035,14215.897,18719.23,14243.854,15738.71
2013-10-19 13:00:00,13160.035,14215.897,18719.23,14243.854,15738.71
2013-10-19 14:00:00,13160.035,14215.897,18719.23,14243.854,15738.71
2013-10-19 15:00:00,13160.035,14215.897,18719.23,14243.854,15738.71
2013-10-19 16:00:00,13160.035,14215.897,18719.23,14243.854,15738.71
2013-10-19 17:00:00,13160.035,14215.897,18719.23,14243.854,15738.71
2013-10-19 18:00:00,13160.035,14215.897,18719.23,14243.854,15738.71
2013-10-19 19:00:00,13160.035,14215.897,18719.23,14243.854,15738.71
2013-10-19 20:00:00,13160.035,14215.897,18719.23,14243.854,15738.71
2013-10-19 21:00:00,13160.035,14215.897,18719.23,14243.854,15738.71
2013-10-19 22:00:00,13160.035,14215.897,18719.23,14243.854,15738.71
2013-10-19 23:00:00,13160.035,14215.897,18719.23,14243.854,15738.71
2013-10-20 00:00:00,13160.035,14215.897,18719.23,14243.854,15738.71
2013-10-20 01:00:00,13160.035,14215.897,18719.23,14243.854,15738.71
2013-10-20 02:00:00,13160.035,14215.897,18719.23,14243.854,15738.71
2013-10-20 03:00:00,13160.035,14215.897,18719.23,14243.854,15738.71
2013-10-20 04:00:00,13160.035,14215.897,18719.23,14243.854,15738.71
2013-10-20 05:00:00,13160.035,14215.897,18719.23,14243.854,15738.71
2013-10-20 06:00:00,13160.035,14215.897,18719.23,14243.854,15738.71
2013-10-20 07:00:00,13160.035,14215.897,18719.23,14243.854,15738.71
2013-10-20 08:00:00,13160.035,14215.897,18719.23,14243.854,15738.71
2013-10-20 09:00:00,13160.035,14215.897,18719.23,14243.854,15738.71
2013-10-20 10:00:00,13160.035,14215.897,18719.23,14243.854,15738.71
2013-10-20 11:00:00,13160.035,14215.897,18719.23,14243.854,15738.71
2013-10-20 12:00:00,13160.035,14215.897,18719.23,14243.854,15738.71
2013-10-20 13:00:00,13160.035,14215.897,18719.23,14243.854,15738.71
2013-10-20 14:00:00,13160.035,14215.897,18719.23,14243.854,15738.71
2013-10-20 15:00:00,13160.035,14215.897,18719.23,14243.854,15738.71
2013-10-20 16:00:00,13160.035,14215.897,18719.23,14243.854,15738.71
2013-10-20 17:00:00,13160.035,14215.897,18719.23,14243.854,15738.71
2013-10-20 18:00:00,13160.035,14215.897,18719.23,14243.854,15738.71
2013-10-20 19:00:00,13160.035,14215.897,18719.23,14243.854,15738.71
2013-10-20 20:00:00,13160.035,14215.897,18719.23,14243.854,15738.71
2013-10-20 21:00:00,13160.035,14215.897,18719.23,14243.854,15738.71
2013-10-20 22:00:00,13160.035,14215.897,18719.23,14243.854,15738.71
2013-10-20 23:00:00,13160.035,14215.897,18719.23,14243.854,15738.71
2013-10-21 00:00:00,13160.035,14215.897,18719.23,14243.854,15738.71
2013-10-21 01:00:00,13160.035,14215.897,18719.23,14243.854,15738.71
2013-10-21 02:00:00,13160.035,14215.897,18719.23,14243.854,15738.71
2013-10-21 03:00:00,13160.035,14215.897,18719.23,14243.854,15738.71
2013-10-21 04:00:00,13160.035,14215.897,18719.23,14243.854,15738.71
2013-10-21 05:00:00,13160.035,14215.897,18719.23,14243.854,15738.71
2013-10-21 06:00:00,13160.035,14215.897,18719.23,14243.854,15738.71
2013-10-21 07:00:00,13160.035,14215.897,18719.23,14243.854,15738.71
2013-10-21 08:00:00,13160.035,14215.897,18719.23,14243.854,15738.71
2013-10-21 09:00:00,13160.035,14215.897,18719.23,14243.854,15738.71
2013-10-21 10:00:00,13160.035,14215.897,18719.23,14243.854,15738.71
2013-10-21 11:00:00,13160.035,14215.897,18719.23,14243.854,15738.71
2013-10-21 12:00:00,13160.035,14215.897,18719.23,14243.854,15738.71
2013-10-21 13:00:00,13160.035,14215.897,18719.23,14243.854,15738.71
2013-10-21 14:00:00,13160.035,14215.897,18719.23,14243.854,15738.71
2013-10-21 15:00:00,13160.035,14215.897,18719.23,14243.854,15738.71
2013-10-21 16:00:00,13160.035,14215.897,18719.23,14243.854,15738.71
2013-10-21 17:00:00,13160.035,14215.897,18719.23,14243.854,15738.71
2013-10-21 18:00:00,13160.035,14215.897,18719.23,14243.854,15738.71
2013-10-21 19:00:00,13160.035,14215.897,18719.23,14243.854,15738.71
2013-10-21 20:00:00,13160.035,14215.897,18719.23,14243.854,15738.71
2013-10-21 21:00:00,13160.035,14215.897,18719.23,14243.854,15738.71
2013-10-21 22:00:00,13160.035,14215.897,18719.23,14243.854,15738.71
2013-10-21 23:00:00,13160.035,14215.897,18719.23,14243.854,15738.71
2013-10-22 00:00:00,13160.035,14215.897,18719.23,14243.854,15738.71
2013-10-22 01:00:00,13160.035,14215.897,18719.23,14243.854,15738.71
2013-10-22 02:00:00,13160.035,14215.897,18719.23,14243.854,15738.71
2013-10-22 03:00:00,13160.035,14215.897,18719.23,14243.854,15738.71
2013-10-22 04:00:00,13160.035,14215.94,18719.23,14243.854,15738.71
2013-10-22 05:00:00,13160.035,14216.335,18719.23,14243.915,15738.71
2013-10-22 06:00:00,13160.157,14217.327,18719.23,14245.08,15739.343
2013-10-22 07:00:00,13161.272,14218.661,18720.658,14246.979,15741.036
2013-10-22 08:00:00,13163.226,14219.718,18722.531,14250.383,15743.361
2013-10-22 09:00:00,13165.461,14221.27,18723.342,14253.691,15746.125
2013-10-22 10:00:00,13167.97,14222.3125,18723.473,14255.425,15749.696
2013-10-22 11:00:00,13169.799,14223.36,18723.475,14257.15,15752.274
2013-10-22 12:00:00,13171.725,14224.318,18723.475,14259.356,15754.05
2013-10-22 13:00:00,13173.745,14225.244,18723.475,14261.021,15755.273
2013-10-22 14:00:00,13175.616,14227.274,18723.475,14263.211,15757.446
2013-10-22 15:00:00,13177.682,14229.767,18723.484,14265.496,15760.253
2013-10-22 16:00:00,13180.056,14233.419,18723.484,14268.411,15762.524
2013-10-22 17:00:00,13182.772,14237.102,18723.568,14272.013,15765.227
2013-10-22 18:00:00,13185.661,14240.926,18723.744,14275.205,15768.829
2013-10-22 19:00:00,13188.845,14245.831,18723.893,14278.385,15771.968
2013-10-22 20:00:00,13191.303,14247.187,18724.031,14281.594,15774.333
2013-10-22 21:00:00,13193.295,14247.992,18724.031,14284.194,15776.041
2013-10-22 22:00:00,13194.254,14247.992,18724.031,14286.026,15777.268
2013-10-22 23:00:00,13195.22,14248.463,18724.754,14288.117,15778.553
2013-10-23 00:00:00,13196.074,14248.723,18724.871,14288.183,15779.118
2013-10-23 01:00:00,13196.123,14249.283,18724.871,14288.305,15779.118
2013-10-23 02:00:00,13196.123,14250.417,18724.871,14288.337,15779.118
2013-10-23 03:00:00,13196.123,14250.552,18724.871,14288.337,15779.118
2013-10-23 04:00:00,13196.123,14250.552,18724.871,14288.337,15779.118
2013-10-23 05:00:00,13196.123,14250.552,18724.871,14288.337,15779.118
2013-10-23 06:00:00,13196.123,14250.579,18724.871,14288.337,15779.118
2013-10-23 07:00:00,13196.42,14250.69,18724.871,14288.337,15779.118
2013-10-23 08:00:00,13196.685,14250.69,18724.871,14288.378,15779.118
2013-10-23 09:00:00,13196.685,14250.69,18724.871,14288.378,15779.118
2013-10-23 10:00:00,13196.685,14250.69,18724.871,14288.378,15779.118
2013-10-23 11:00:00,13196.733,14250.69,18724.871,14288.381,15779.118
2013-10-23 12:00:00,13196.746,14250.69,18724.871,14288.418,15779.118
2013-10-23 13:00:00,13196.95,14250.862,18724.871,14288.418,15779.118
2013-10-23 14:00:00,13196.95,14250.973,18724.871,14288.529,15779.167
2013-10-23 15:00:00,13197.086,14251.3,18724.871,14289.603,15779.656
2013-10-23 16:00:00,13198.648,14253.191,18725.23,14293.479,15781.09
2013-10-23 17:00:00,13201.011,14253.456,18726.39,14295.987,15782.754
2013-10-23 18:00:00,13203.182,14253.456,18727.39,14297.629,15783.518
2013-10-23 19:00:00,13205.039,14253.456,18727.393,14297.829,15783.518
2013-10-23 20:00:00,13206.172,14253.456,18727.875,14297.931,15783.518
2013-10-23 21:00:00,13207.464,14253.456,18729.014,14298.894,15783.571
2013-10-23 22:00:00,13208.234,14253.456,18729.035,14300.745,15784.428
2013-10-23 23:00:00,13208.97,14254.02,18729.035,14302.865,15785.003
2013-10-24 00:00:00,13212.535,14257.933,18740.775,14310.007,15789.52
2013-10-24 01:00:00,13212.536,14258.304,18741.008,14310.246,15789.658
2013-10-24 02:00:00,13212.536,14258.304,18741.008,14310.327,15789.658
2013-10-24 03:00:00,13212.536,14258.414,18741.414,14310.327,15789.658
2013-10-24 04:00:00,13212.536,14258.487,18741.43,14310.536,15789.658
2013-10-24 05:00:00,13212.536,14258.487,18741.43,14310.536,15789.658
2013-10-24 06:00:00,13212.536,14258.487,18741.43,14310.536,15789.707
2013-10-24 07:00:00,13212.536,14258.487,18741.43,14310.536,15789.958
2013-10-24 08:00:00,13212.536,14258.488,18741.43,14310.536,15790.25
2013-10-24 09:00:00,13212.536,14258.634,18742.252,14310.792,15790.35
2013-10-24 10:00:00,13212.67,14259.246,18745.006,14311.307,15791.421
2013-10-24 11:00:00,13212.78,14259.61,18749.928,14312.692,15792.031
2013-10-24 12:00:00,13212.78,14259.665,18751.195,14312.965,15792.031
2013-10-24 13:00:00,13212.78,14259.685,18751.195,14312.965,15792.301
2013-10-24 14:00:00,13212.843,14259.971,18751.21,14313.018,15792.959
2013-10-24 15:00:00,13213.041,14260.749,18751.828,14313.226,15793.052
2013-10-24 16:00:00,13213.127,14260.936,18751.828,14313.226,15793.206
2013-10-24 17:00:00,13213.127,14261.114,18751.828,14313.226,15793.206
2013-10-24 18:00:00,13213.127,14261.327,18751.828,14313.252,15793.846
2013-10-24 19:00:00,13213.127,14261.983,18751.828,14313.452,15794.979
2013-10-24 20:00:00,13209.667,14254.74,18729.15,14303.832,15785.335
2013-10-24 21:00:00,13210.276,14256.702,18733.914,14305.771,15787.5625
2013-10-24 22:00:00,13211.618,14257.561,18738.887,14308.66,15789.398
2013-10-24 23:00:00,13211.972,14257.714,18740.236,14309.387,15789.455
2013-10-25 00:00:00,13213.127,14261.983,18751.828,14313.678,15796.1455
2013-10-25 01:00:00,13213.127,14262.416,18751.828,14313.804,15796.224
2013-10-25 02:00:00,13213.127,14262.511,18751.828,14313.849,15796.301
2013-10-25 03:00:00,13213.127,14262.511,18751.828,14313.849,15796.507
2013-10-25 04:00:00,13213.127,14262.511,18751.828,14313.849,15796.729
2013-10-25 05:00:00,13213.127,14262.511,18751.828,14313.849,15797.059
2013-10-25 06:00:00,13213.127,14262.511,18751.828,14313.849,15797.38
2013-10-25 07:00:00,13213.127,14262.511,18751.828,14313.849,15797.38
2013-10-25 08:00:00,13213.127,14262.511,18751.828,14313.849,15797.3955
2013-10-25 09:00:00,13213.127,14262.511,18751.828,14313.849,15797.502
2013-10-25 10:00:00,13213.127,14262.511,18751.828,14313.849,15797.502
2013-10-25 11:00:00,13213.127,14262.511,18751.828,14313.849,15797.502
2013-10-25 12:00:00,13213.127,14262.511,18751.828,14313.849,15797.502
2013-10-25 13:00:00,13213.127,14262.511,18751.828,14313.849,15797.502
2013-10-25 14:00:00,13213.127,14262.511,18751.828,14313.849,15797.502
2013-10-25 15:00:00,13213.127,14262.511,18751.828,14313.849,15797.502
2013-10-25 16:00:00,13213.127,14262.511,18751.828,14313.849,15797.502
2013-10-25 17:00:00,13213.127,14262.511,18751.828,14313.849,15797.502
2013-10-25 18:00:00,13213.127,14262.511,18751.828,14313.849,15797.502
2013-10-25 19:00:00,13213.127,14262.511,18751.828,14313.849,15797.502
2013-10-25 20:00:00,13213.127,14262.5205,18751.828,14313.849,15797.502
2013-10-25 21:00:00,13213.142,14262.73,18751.828,14314.14,15797.653
2013-10-25 22:00:00,13213.595,14262.787,18751.828,14315.208,15797.932
2013-10-25 23:00:00,13214.371,14262.892,18751.828,14316.761,15797.932
2013-10-26 00:00:00,13215.342,14262.963,18751.955,14318.335,15797.96
2013-10-26 01:00:00,13216.188,14263.402,18752.428,14320.089,15799.343
2013-10-26 02:00:00,13217.447,14264.122,18752.938,14321.71,15800.599
2013-10-26 03:00:00,13219.004,14265.18,18753.129,14323.397,15801.829
2013-10-26 04:00:00,13219.948,14265.187,18753.129,14324.7705,15802.412
2013-10-26 05:00:00,13221.113,14265.19,18753.129,14324.889,15802.675
2013-10-26 06:00:00,13221.417,14265.801,18753.129,14324.99,15802.997
2013-10-26 07:00:00,13222.385,14268.495,18753.264,14326.52,15803.025
2013-10-26 08:00:00,13223.3955,14271.18,18753.361,14327.634,15803.208
2013-10-26 09:00:00,13223.971,14272.599,18756.44,14328.04,15803.834
2013-10-26 10:00:00,13224.451,14273.233,18758.703,14328.8545,15804.037
2013-10-26 11:00:00,13224.622,14273.233,18759.475,14328.8545,15804.037
2013-10-26 12:00:00,13224.784,14273.233,18759.785,14328.8545,15804.037
2013-10-26 13:00:00,13224.859,14273.233,18759.896,14328.8545,15804.037
2013-10-26 14:00:00,13224.957,14273.233,18759.896,14328.899,15804.057
2013-10-26 15:00:00,13224.957,14273.233,18759.896,14329.095,15804.119
2013-10-26 16:00:00,13224.957,14273.233,18759.896,14329.398,15804.199
2013-10-26 17:00:00,13224.957,14273.233,18759.896,14329.398,15804.199
2013-10-26 18:00:00,13224.957,14273.233,18759.896,14329.398,15804.211
2013-10-26 19:00:00,13224.957,14273.233,18759.896,14329.398,15804.211
2013-10-26 20:00:00,13224.957,14273.233,18759.896,14329.455,15804.211
2013-10-26 21:00:00,13224.957,14273.233,18759.896,14329.469,15804.211
2013-10-26 22:00:00,13224.957,14273.233,18759.896,14329.469,15804.211
2013-10-26 23:00:00,13224.957,14273.233,18759.896,14329.469,15804.211
2013-10-27 00:00:00,13224.957,14273.233,18759.896,14329.469,15804.211
2013-10-27 01:00:00,13224.957,14273.233,18759.896,14329.469,15804.211
2013-10-27 02:00:00,13224.957,14273.5205,18759.896,14329.469,15804.211
2013-10-27 03:00:00,13224.957,14273.806,18759.896,14329.469,15804.211
2013-10-27 04:00:00,13224.957,14274.288,18759.896,14329.469,15804.211
2013-10-27 05:00:00,13224.957,14274.869,18759.896,14329.469,15804.211
2013-10-27 06:00:00,13224.957,14274.946,18759.896,14329.469,15804.211
2013-10-27 07:00:00,13225.042,14275.012,18759.896,14329.563,15804.211
2013-10-27 08:00:00,13225.042,14275.117,18759.896,14329.651,15804.211
2013-10-27 09:00:00,13225.042,14275.0625,18759.896,14329.622,15804.211
2013-10-27 10:00:00,13225.042,14275.117,18759.896,14329.651,15804.211
2013-10-27 11:00:00,13225.042,14275.117,18759.896,14329.651,15804.211
2013-10-27 12:00:00,13225.042,14275.117,18759.896,14329.651,15804.211
2013-10-27 13:00:00,13225.042,14275.117,18759.896,14329.651,15804.211
2013-10-27 14:00:00,13225.042,14275.117,18759.896,14329.706,15804.211
2013-10-27 15:00:00,13225.08,14275.193,18759.896,14329.706,15804.216
2013-10-27 16:00:00,13225.08,14275.193,18759.896,14329.773,15804.223
2013-10-27 17:00:00,13225.08,14275.193,18759.896,14329.773,15804.223
2013-10-27 18:00:00,13225.172,14275.289,18759.896,14329.773,15804.223
2013-10-27 19:00:00,13225.172,14276.128,18759.896,14329.783,15804.223
2013-10-27 20:00:00,13225.172,14276.132,18759.898,14331.821,15804.223
2013-10-27 21:00:00,13225.244,14277.205,18760.127,14332.5,15804.681
2013-10-27 22:00:00,13225.855,14278.117,18760.623,14333.457,15805.055
2013-10-27 23:00:00,13226.397,14279.113,18761.172,14333.886,15805.055
2013-10-28 00:00:00,13226.848,14279.335,18761.182,14333.921,15805.218
2013-10-28 01:00:00,13227.002,14280.016,18761.182,14334.072,15805.361
2013-10-28 02:00:00,13227.075,14280.238,18761.182,14334.215,15805.361
2013-10-28 03:00:00,13227.248,14280.615,18761.182,14334.3,15805.37
2013-10-28 04:00:00,13227.34,14281.668,18761.184,14335.08,15806.055
2013-10-28 05:00:00,13228.287,14282.674,18761.184,14336.333,15806.342
2013-10-28 06:00:00,13229.091,14284.0625,18761.184,14336.727,15806.61
2013-10-28 07:00:00,13229.406,14285.473,18761.184,14337.289,15806.847
2013-10-28 08:00:00,13229.504,14288.241,18761.184,14338.23,15806.9795
2013-10-28 09:00:00,13230.266,14289.368,18761.184,14338.991,15806.993
2013-10-28 10:00:00,13230.305,14291.452,18761.184,14339.08,15807.097
2013-10-28 11:00:00,13230.714,14293.276,18761.494,14340.035,15807.265
2013-10-28 12:00:00,13231.242,14294.154,18761.64,14340.6455,15807.423
2013-10-28 13:00:00,13231.8,14294.238,18762.145,14341.313,15807.423
2013-10-28 14:00:00,13232.083,14294.238,18762.78,14341.734,15807.601
2013-10-28 15:00:00,13232.083,14294.304,18763.428,14341.938,15808.395
2013-10-28 16:00:00,13232.083,14294.528,18763.428,14342.0205,15808.395
2013-10-28 17:00:00,13232.083,14294.528,18763.428,14342.14,15808.42
2013-10-28 18:00:00,13232.148,14294.528,18763.428,14342.14,15808.436
2013-10-28 19:00:00,13232.205,14294.545,18763.428,14342.14,15808.644
2013-10-28 20:00:00,13232.205,14295.318,18763.428,14342.143,15808.8125
2013-10-28 21:00:00,13232.267,14296.534,18763.428,14342.143,15808.821
2013-10-28 22:00:00,13232.276,14296.671,18763.428,14343.088,15808.854
2013-10-28 23:00:00,13232.301,14296.676,18763.428,14343.088,15808.854
2013-10-29 00:00:00,13232.582,14296.683,18763.428,14343.151,15808.854
2013-10-29 01:00:00,13232.582,14297.357,18763.45,14343.151,15809.113
2013-10-29 02:00:00,13232.582,14298.326,18763.861,14343.33,15810.208
2013-10-29 03:00:00,13232.582,14298.376,18764.705,14343.362,15811.888
2013-10-29 04:00:00,13232.624,14298.376,18766.047,14343.434,15811.898
2013-10-29 05:00:00,13232.624,14298.406,18769.557,14343.434,15812.859
2013-10-29 06:00:00,13233.501,14299.472,18769.834,14343.996,15814.279
2013-10-29 07:00:00,13233.501,14300.878,18770.738,14344.605,15814.895
2013-10-29 08:00:00,13233.581,14302.302,18770.838,14344.605,15814.895
2013-10-29 09:00:00,13233.581,14302.348,18770.838,14344.605,15814.895
2013-10-29 10:00:00,13233.581,14302.348,18770.838,14344.605,15814.895
2013-10-29 11:00:00,13233.581,14302.348,18770.838,14344.605,15814.895
2013-10-29 12:00:00,13233.581,14302.348,18771.084,14344.605,15814.895
2013-10-29 13:00:00,13233.581,14302.348,18771.084,14344.605,15814.895
2013-10-29 14:00:00,13233.581,14302.348,18771.084,14344.605,15814.895
2013-10-29 15:00:00,13233.581,14302.348,18771.121,14344.605,15814.935
2013-10-29 16:00:00,13233.581,14302.348,18771.121,14344.605,15814.942
2013-10-29 17:00:00,13233.581,14302.348,18771.244,14344.605,15814.998
2013-10-29 18:00:00,13233.581,14302.348,18771.244,14344.605,15814.998
2013-10-29 19:00:00,13233.581,14302.348,18771.244,14344.605,15814.998
2013-10-29 20:00:00,13233.581,14302.348,18771.244,14344.605,15814.998
2013-10-29 21:00:00,13233.581,14302.348,18771.244,14344.605,15814.998
2013-10-29 22:00:00,13233.581,14302.348,18771.594,14344.605,15814.998
2013-10-29 23:00:00,13233.581,14302.348,18771.594,14344.605,15814.998
2013-10-30 00:00:00,13233.581,14302.348,18771.594,14344.605,15814.998
2013-10-30 01:00:00,13233.581,14302.348,18771.623,14344.605,15814.998
2013-10-30 02:00:00,13233.581,14302.348,18771.627,14344.605,15814.998
2013-10-30 03:00:00,13233.581,14302.348,18771.627,14344.605,15814.998
2013-10-30 04:00:00,13233.581,14302.348,18771.627,14344.605,15814.998
2013-10-30 05:00:00,13233.581,14302.348,18771.797,14344.605,15815.138
2013-10-30 06:00:00,13233.581,14302.348,18771.838,14344.605,15815.138
2013-10-30 07:00:00,13233.581,14302.348,18771.838,14344.605,15815.138
2013-10-30 08:00:00,13233.581,14302.348,18771.838,14344.605,15815.138
2013-10-30 09:00:00,13233.581,14302.348,18771.838,14344.605,15815.138
2013-10-30 10:00:00,13233.581,14302.348,18771.838,14344.605,15815.138
2013-10-30 11:00:00,13233.581,14302.348,18771.838,14344.605,15815.138
2013-10-30 12:00:00,13233.581,14302.348,18771.838,14344.605,15815.138
2013-10-30 13:00:00,13233.581,14302.348,18771.838,14344.605,15815.138
2013-10-30 14:00:00,13233.581,14302.348,18771.838,14344.605,15815.138
2013-10-30 15:00:00,13233.581,14302.348,18771.838,14344.605,15815.138
2013-10-30 16:00:00,13233.581,14302.348,18771.838,14344.605,15815.138
2013-10-30 17:00:00,13233.581,14302.348,18771.838,14344.605,15815.138
2013-10-30 18:00:00,13233.581,14302.348,18771.838,14344.605,15815.138
2013-10-30 19:00:00,13233.581,14302.438,18771.838,14344.605,15815.138
2013-10-30 20:00:00,13233.581,14302.449,18771.838,14344.605,15815.138
2013-10-30 21:00:00,13233.581,14302.449,18771.838,14344.605,15815.138
2013-10-30 22:00:00,13233.581,14302.449,18771.838,14344.605,15815.138
2013-10-30 23:00:00,13233.581,14302.5205,18771.838,14344.605,15815.138
2013-10-31 00:00:00,13244.295,14312.697,18779.695,14357.847,15821.522
2013-10-31 01:00:00,13244.3,14312.697,18779.871,14357.851,15821.522
2013-10-31 02:00:00,13245.157,14312.724,18780.498,14357.971,15821.755
2013-10-31 03:00:00,13245.157,14312.724,18780.732,14357.971,15821.755
2013-10-31 04:00:00,13245.165,14312.724,18780.746,14357.971,15821.755
2013-10-31 05:00:00,13245.165,14312.724,18780.746,14357.971,15821.755
2013-10-31 06:00:00,13245.305,14312.724,18780.746,14357.971,15821.755
2013-10-31 07:00:00,13245.449,14312.724,18780.746,14357.971,15821.755
2013-10-31 08:00:00,13245.449,14312.808,18780.746,14358.081,15821.866
2013-10-31 09:00:00,13245.491,14313.054,18780.846,14358.091,15822.097
2013-10-31 10:00:00,13245.491,14313.555,18780.85,14358.154,15822.145
2013-10-31 11:00:00,13245.491,14313.555,18780.85,14358.154,15822.145
2013-10-31 12:00:00,13245.491,14313.555,18780.85,14358.154,15822.181
2013-10-31 13:00:00,13245.491,14313.5625,18780.875,14358.154,15823.61
2013-10-31 14:00:00,13245.572,14316.367,18783.299,14359.279,15826.397
2013-10-31 15:00:00,13236.32,14306.39,18772.082,14350.279,15817.402
2013-10-31 16:00:00,13238.16,14308.6,18773.404,14352.755,15819.633
2013-10-31 17:00:00,13240.899,14311.018,18776.145,14356.389,15820.662
2013-10-31 18:00:00,13243.036,14312.631,18778.125,14357.654,15821.436
2013-10-31 19:00:00,13243.569,14312.697,18778.812,14357.778,15821.511
2013-10-31 20:00:00,13233.581,14302.677,18771.838,14344.681,15815.138
2013-10-31 21:00:00,13233.581,14302.961,18771.838,14344.838,15815.138
2013-10-31 22:00:00,13233.685,14303.639,18771.838,14346.126,15815.263
2013-10-31 23:00:00,13234.451,14304.708,18771.838,14348.165,15816.007
2013-11-01 00:00:00,13248.329,14320.571,18785.635,14363.3,15827.591
2013-11-01 01:00:00,13250.378,14321.213,18790.627,14364.005,15828.549
2013-11-01 02:00:00,13251.788,14321.725,18791.92,14365.314,15828.9
2013-11-01 03:00:00,13252.634,14324.596,18794.562,14367.201,15830.669
2013-11-01 04:00:00,13253.63,14325.555,18794.61,14369.726,15830.681
2013-11-01 05:00:00,13253.982,14327.362,18795.857,14371.742,15830.982
2013-11-01 06:00:00,13254.243,14328.136,18795.898,14372.578,15831.288
2013-11-01 07:00:00,13254.647,14328.233,18796.453,14372.832,15831.541
2013-11-01 08:00:00,13255.126,14329.708,18796.87,14374.292,15832.752
2013-11-01 09:00:00,13256.005,14331.498,18800.062,14375.051,15835.288
2013-11-01 10:00:00,13257.333,14332.421,18800.447,14375.382,15835.53
2013-11-01 11:00:00,13257.648,14332.421,18801.182,14375.657,15835.53
2013-11-01 12:00:00,13257.743,14332.605,18801.182,14375.864,15835.53
2013-11-01 13:00:00,13257.765,14332.655,18801.182,14375.864,15835.53
2013-11-01 14:00:00,13257.974,14332.655,18801.182,14376.086,15835.53
2013-11-01 15:00:00,13257.974,14332.776,18801.182,14376.285,15835.546
2013-11-01 16:00:00,13258.3,14332.962,18801.348,14376.843,15835.804
2013-11-01 17:00:00,13258.3,14333.022,18801.69,14376.882,15835.833
2013-11-01 18:00:00,13258.746,14333.578,18802.13,14377.927,15835.833
2013-11-01 19:00:00,13259.929,14334.381,18802.13,14378.639,15835.833
2013-11-01 20:00:00,13260.624,14334.444,18802.258,14378.871,15835.833
2013-11-01 21:00:00,13260.624,14334.893,18802.572,14378.8955,15836.246
2013-11-01 22:00:00,13261.723,14335.907,18807.762,14380.139,15836.246
2013-11-01 23:00:00,13262.795,14337.975,18807.904,14382.768,15836.285
2013-11-02 00:00:00,13263.457,14338.771,18809.434,14383.362,15836.291
2013-11-02 01:00:00,13265.355,14339.456,18812.27,14385.081,15836.369
2013-11-02 02:00:00,13265.51,14340.848,18812.334,14385.929,15837.107
2013-11-02 03:00:00,13266.535,14341.407,18815.88,14386.619,15838.232
2013-11-02 04:00:00,13267.494,14342.595,18818.234,14387.726,15838.481
2013-11-02 05:00:00,13268.271,14342.685,18818.33,14387.774,15839.064
2013-11-02 06:00:00,13268.345,14343.087,18820.77,14387.829,15842.106
2013-11-02 07:00:00,13268.466,14343.3,18821.438,14388.432,15842.41
2013-11-02 08:00:00,13268.62,14343.461,18822.84,14388.432,15843.564
2013-11-02 09:00:00,13269.054,14343.461,18823.588,14388.935,15846.427
2013-11-02 10:00:00,13269.099,14343.461,18826.145,14388.981,15846.436
2013-11-02 11:00:00,13269.295,14343.716,18826.715,14389.22,15846.446
2013-11-02 12:00:00,13269.295,14343.9795,18826.719,14389.413,15846.649
2013-11-02 13:00:00,13269.315,14343.9795,18827.387,14389.413,15847.335
2013-11-02 14:00:00,13269.315,14343.9795,18828.025,14389.488,15847.335
2013-11-02 15:00:00,13269.362,14344.431,18828.04,14389.488,15847.464
2013-11-02 16:00:00,13269.362,14344.815,18828.04,14389.535,15847.482
2013-11-02 17:00:00,13269.362,14344.815,18828.04,14389.541,15847.508
2013-11-02 18:00:00,13269.362,14344.815,18828.04,14389.541,15847.589
2013-11-02 19:00:00,13269.362,14344.815,18828.04,14389.541,15847.589
2013-11-02 20:00:00,13269.362,14344.815,18828.04,14389.541,15847.589
2013-11-02 21:00:00,13269.362,14344.815,18828.04,14389.541,15847.589
2013-11-02 22:00:00,13269.362,14344.815,18828.04,14389.541,15847.589
2013-11-02 23:00:00,13269.362,14344.815,18828.04,14389.541,15847.589
2013-11-03 00:00:00,13269.362,14344.815,18828.04,14389.541,15847.589
2013-11-03 01:00:00,13269.362,14344.815,18828.04,14389.541,15847.589
2013-11-03 02:00:00,13269.362,14344.815,18828.04,14389.541,15847.589
2013-11-03 03:00:00,13269.362,14344.815,18828.04,14389.541,15847.589
2013-11-03 04:00:00,13269.362,14345.188,18828.04,14389.544,15847.589
2013-11-03 05:00:00,13269.403,14345.283,18828.04,14389.549,15848.192
2013-11-03 06:00:00,13269.75,14345.383,18828.559,14389.79,15848.422
2013-11-03 07:00:00,13269.758,14345.383,18829.012,14389.79,15848.511
2013-11-03 08:00:00,13269.758,14345.493,18830.625,14389.824,15849.51
2013-11-03 09:00:00,13269.758,14346.822,18832.605,14389.824,15851.791
2013-11-03 10:00:00,13269.87,14348.289,18834.959,14390.528,15853.16
2013-11-03 11:00:00,13270.98,14348.364,18836.24,14391.155,15853.404
2013-11-03 12:00:00,13271.435,14348.505,18836.24,14391.351,15853.404
2013-11-03 13:00:00,13272.714,14348.903,18836.24,14391.681,15853.404
2013-11-03 14:00:00,13272.714,14349.374,18836.258,14391.72,15853.404
2013-11-03 15:00:00,13272.88,14349.8,18836.352,14392.022,15853.6455
2013-11-03 16:00:00,13272.88,14349.884,18836.352,14392.027,15854.013
2013-11-03 17:00:00,13272.88,14349.884,18836.352,14392.027,15854.013
2013-11-03 18:00:00,13272.88,14349.884,18836.352,14392.027,15854.013
2013-11-03 19:00:00,13272.88,14349.911,18836.352,14392.027,15854.025
2013-11-03 20:00:00,13272.88,14349.911,18836.352,14392.027,15854.025
2013-11-03 21:00:00,13272.88,14349.911,18836.352,14392.333,15854.025
2013-11-03 22:00:00,13272.88,14349.911,18836.352,14392.686,15854.025
2013-11-03 23:00:00,13272.88,14349.937,18836.352,14392.686,15854.025
2013-11-04 00:00:00,13272.905,14350.03,18836.352,14392.803,15854.025
2013-11-04 01:00:00,13272.905,14350.042,18836.352,14393.492,15854.025
2013-11-04 02:00:00,13273.043,14350.123,18836.352,14394.12,15854.025
2013-11-04 03:00:00,13273.043,14350.59,18836.352,14394.705,15854.025
2013-11-04 04:00:00,13273.043,14350.6455,18836.352,14394.717,15854.025
2013-11-04 05:00:00,13273.043,14350.6455,18836.352,14394.717,15854.025
2013-11-04 06:00:00,13273.043,14350.651,18836.352,14394.717,15854.025
2013-11-04 07:00:00,13273.043,14350.662,18836.352,14394.717,15854.025
2013-11-04 08:00:00,13273.043,14350.662,18836.352,14394.717,15854.025
2013-11-04 09:00:00,13273.043,14350.662,18836.352,14394.717,15854.025
2013-11-04 10:00:00,13273.043,14350.662,18836.352,14394.717,15854.025
2013-11-04 11:00:00,13273.043,14350.662,18836.352,14394.717,15854.025
2013-11-04 12:00:00,13273.043,14350.662,18836.352,14394.717,15854.025
2013-11-04 13:00:00,13273.043,14350.662,18836.352,14394.717,15854.025
2013-11-04 14:00:00,13273.043,14350.662,18836.352,14394.717,15854.025
2013-11-04 15:00:00,13273.043,14350.662,18836.352,14394.717,15854.025
2013-11-04 16:00:00,13273.043,14350.662,18836.352,14394.717,15854.025
2013-11-04 17:00:00,13273.043,14350.662,18836.352,14394.717,15854.025
2013-11-04 18:00:00,13273.043,14350.662,18836.42,14394.717,15854.025
2013-11-04 19:00:00,13273.043,14350.662,18836.502,14394.717,15854.025
2013-11-04 20:00:00,13273.043,14350.662,18836.502,14394.717,15854.856
2013-11-04 21:00:00,13273.043,14350.662,18836.979,14394.717,15855.438
2013-11-04 22:00:00,13273.043,14350.662,18837.246,14394.719,15856.062
2013-11-04 23:00:00,13273.043,14350.662,18837.307,14394.724,15856.062
2013-11-05 00:00:00,13273.043,14350.662,18837.799,14394.724,15856.523
2013-11-05 01:00:00,13273.043,14350.709,18837.799,14394.724,15856.523
2013-11-05 02:00:00,13273.043,14350.709,18837.799,14394.724,15856.523
2013-11-05 03:00:00,13273.043,14350.709,18837.799,14394.724,15856.523
2013-11-05 04:00:00,13273.043,14350.709,18838.477,14394.724,15856.523
2013-11-05 05:00:00,13273.043,14350.709,18839.168,14394.724,15856.523
2013-11-05 06:00:00,13273.043,14350.709,18839.17,14394.724,15856.523
2013-11-05 07:00:00,13273.043,14350.709,18839.99,14394.724,15856.523
2013-11-05 08:00:00,13273.043,14350.709,18839.99,14394.724,15856.523
2013-11-05 09:00:00,13273.043,14350.709,18839.99,14394.724,15856.523
2013-11-05 10:00:00,13273.043,14350.709,18839.99,14394.724,15856.523
2013-11-05 11:00:00,13273.043,14350.709,18839.99,14394.724,15856.523
2013-11-05 12:00:00,13273.043,14350.709,18839.99,14394.724,15856.523
2013-11-05 13:00:00,13273.043,14350.709,18839.99,14394.724,15856.523
2013-11-05 14:00:00,13273.043,14350.709,18839.99,14394.724,15856.523
2013-11-05 15:00:00,13273.043,14350.709,18839.99,14394.724,15856.523
2013-11-05 16:00:00,13273.043,14350.709,18839.99,14394.724,15856.523
2013-11-05 17:00:00,13273.043,14350.709,18839.99,14394.724,15856.523
2013-11-05 18:00:00,13273.043,14350.709,18839.99,14394.724,15856.523
2013-11-05 19:00:00,13273.043,14350.709,18839.99,14394.724,15856.523
2013-11-05 20:00:00,13273.043,14350.709,18839.99,14394.724,15856.523
2013-11-05 21:00:00,13273.043,14350.709,18839.99,14394.724,15856.523
2013-11-05 22:00:00,13273.043,14350.92,18839.99,14394.724,15856.523
2013-11-05 23:00:00,13273.043,14350.964,18839.99,14394.724,15856.523
2013-11-06 00:00:00,13273.043,14351.414,18839.99,14394.724,15856.64
2013-11-06 01:00:00,13273.043,14351.414,18839.99,14394.724,15856.64
2013-11-06 02:00:00,13273.043,14351.414,18839.99,14394.724,15856.64
2013-11-06 03:00:00,13273.043,14351.414,18839.99,14394.724,15856.64
2013-11-06 04:00:00,13273.043,14351.414,18839.99,14394.724,15856.64
2013-11-06 05:00:00,13273.043,14351.414,18839.99,14394.724,15856.64
2013-11-06 06:00:00,13273.043,14351.414,18839.99,14394.724,15856.64
2013-11-06 07:00:00,13273.043,14351.414,18839.99,14394.724,15856.64
2013-11-06 08:00:00,13273.043,14351.414,18839.99,14394.724,15856.64
2013-11-06 09:00:00,13273.043,14351.414,18839.99,14394.724,15856.64
2013-11-06 10:00:00,13273.043,14351.414,18839.99,14394.724,15856.64
2013-11-06 11:00:00,13273.043,14351.414,18839.99,14394.724,15856.64
2013-11-06 12:00:00,13273.043,14351.414,18839.99,14394.724,15856.64
2013-11-06 13:00:00,13273.043,14351.414,18839.99,14394.724,15856.64
2013-11-06 14:00:00,13273.043,14351.414,18839.99,14394.724,15856.64
2013-11-06 15:00:00,13273.043,14350.974,18839.99,14394.724,15856.64
2013-11-06 16:00:00,13273.043,14351.414,18839.99,14394.724,15856.64
2013-11-06 17:00:00,13273.043,14351.414,18839.99,14394.724,15856.64
2013-11-06 18:00:00,13273.043,14351.414,18839.99,14394.724,15856.64
2013-11-06 19:00:00,13273.043,14351.414,18839.99,14394.724,15856.64
2013-11-06 20:00:00,13273.043,14351.414,18839.99,14394.724,15856.64
2013-11-06 21:00:00,13273.043,14351.414,18839.99,14394.724,15856.64
2013-11-06 22:00:00,13273.043,14351.414,18839.99,14394.724,15856.64
2013-11-06 23:00:00,13273.043,14351.414,18839.99,14394.724,15856.64
2013-11-07 00:00:00,13273.043,14351.414,18839.99,14394.724,15856.64
2013-11-07 01:00:00,13273.043,14351.414,18839.99,14394.724,15856.64
2013-11-07 02:00:00,13273.043,14351.414,18839.99,14394.724,15856.64
2013-11-07 03:00:00,13273.075,14351.414,18839.99,14394.724,15856.64
2013-11-07 04:00:00,13273.075,14351.414,18839.99,14394.724,15856.64
2013-11-07 05:00:00,13273.075,14351.414,18839.99,14394.724,15856.64
2013-11-07 06:00:00,13273.075,14351.414,18839.99,14394.724,15856.711
2013-11-07 07:00:00,13273.075,14351.414,18839.99,14394.724,15856.836
2013-11-07 08:00:00,13273.075,14351.414,18839.99,14394.911,15856.836
2013-11-07 09:00:00,13273.075,14351.414,18839.99,14394.911,15856.836
2013-11-07 10:00:00,13273.075,14351.439,18839.99,14395.362,15856.836
2013-11-07 11:00:00,13273.34,14351.613,18839.99,14395.817,15856.836
2013-11-07 12:00:00,13273.477,14351.613,18839.99,14395.817,15856.836
2013-11-07 13:00:00,13273.477,14352.007,18839.99,14395.825,15856.958
2013-11-07 14:00:00,13273.501,14353.731,18840.092,14395.838,15858.36
2013-11-07 15:00:00,13274.363,14354.34,18840.182,14396.361,15858.534
2013-11-07 16:00:00,13274.408,14354.34,18840.182,14396.361,15858.538
2013-11-07 17:00:00,13274.408,14354.575,18840.393,14396.361,15859.299
2013-11-07 18:00:00,13274.934,14356.084,18841.832,14396.947,15861.087
2013-11-07 19:00:00,13275.72,14358.035,18843.39,14397.533,15862.667
2013-11-07 20:00:00,13277.938,14359.503,18843.52,14398.343,15862.675
2013-11-07 21:00:00,13278.123,14361.299,18843.543,14398.778,15862.675
2013-11-07 22:00:00,13278.123,14363.197,18843.637,14399.154,15862.887
2013-11-07 23:00:00,13278.123,14363.455,18843.73,14399.418,15864.121
2013-11-08 00:00:00,13278.181,14363.455,18846.754,14399.517,15864.879
2013-11-08 01:00:00,13278.23,14363.476,18848.86,14399.517,15864.98
2013-11-08 02:00:00,13278.341,14363.642,18848.893,14399.517,15865.076
2013-11-08 03:00:00,13278.466,14363.845,18848.93,14399.517,15865.076
2013-11-08 04:00:00,13278.466,14363.845,18848.951,14399.517,15865.076
2013-11-08 05:00:00,13278.466,14363.845,18848.951,14399.517,15865.076
2013-11-08 06:00:00,13278.466,14364.145,18848.951,14399.574,15865.097
2013-11-08 07:00:00,13278.484,14364.627,18848.951,14399.827,15865.097
2013-11-08 08:00:00,13278.536,14364.629,18848.951,14399.827,15865.097
2013-11-08 09:00:00,13278.556,14364.629,18848.951,14399.827,15865.097
2013-11-08 10:00:00,13278.556,14365.323,18848.951,14399.827,15865.097
2013-11-08 11:00:00,13278.687,14365.927,18848.957,14399.842,15865.192
2013-11-08 12:00:00,13279.962,14368.155,18849.396,14400.646,15865.507
2013-11-08 13:00:00,13281.841,14368.673,18852.002,14400.759,15867.252
2013-11-08 14:00:00,13282.091,14368.831,18855.783,14400.853,15867.775
2013-11-08 15:00:00,13282.217,14369.026,18856.062,14401.424,15867.775
2013-11-08 16:00:00,13282.226,14369.026,18856.502,14401.43,15867.908
2013-11-08 17:00:00,13282.229,14369.026,18856.502,14401.43,15867.908
2013-11-08 18:00:00,13282.229,14369.026,18856.652,14401.508,15867.936
2013-11-08 19:00:00,13282.229,14369.029,18856.666,14401.745,15867.936
2013-11-08 20:00:00,13282.229,14369.029,18857.432,14401.774,15868.492
2013-11-08 21:00:00,13282.232,14370.026,18858.121,14402.452,15868.502
2013-11-08 22:00:00,13283.669,14370.301,18858.404,14402.8125,15868.691
2013-11-08 23:00:00,13283.689,14370.431,18858.998,14402.865,15871.084
2013-11-09 00:00:00,13284.784,14371.514,18864.064,14403.212,15872.094
2013-11-09 01:00:00,13287.673,14372.96,18866.035,14405.401,15873.327
2013-11-09 02:00:00,13287.741,14372.96,18869.041,14405.873,15873.75
2013-11-09 03:00:00,13288.632,14373.782,18869.914,14406.165,15874.27
2013-11-09 04:00:00,13290.744,14374.176,18871.264,14406.642,15874.379
2013-11-09 05:00:00,13291.229,14375.721,18871.275,14407.553,15874.379
2013-11-09 06:00:00,13291.457,14377.722,18871.275,14407.958,15874.379
2013-11-09 07:00:00,13291.685,14378.805,18871.277,14408.731,15874.379
2013-11-09 08:00:00,13291.809,14378.996,18871.277,14408.74,15874.379
2013-11-09 09:00:00,13291.809,14378.996,18871.277,14409.216,15874.379
2013-11-09 10:00:00,13291.809,14379.073,18871.277,14409.216,15874.379
2013-11-09 11:00:00,13291.809,14379.073,18871.277,14409.216,15874.406
2013-11-09 12:00:00,13292.155,14379.073,18871.277,14409.216,15874.406
2013-11-09 13:00:00,13291.809,14379.073,18871.277,14409.216,15874.406
2013-11-09 14:00:00,13292.155,14379.073,18871.277,14409.216,15874.406
2013-11-09 15:00:00,13292.155,14379.073,18871.277,14409.216,15874.406
2013-11-09 16:00:00,13292.155,14379.073,18871.277,14409.216,15874.406
2013-11-09 17:00:00,13292.155,14379.073,18871.277,14409.216,15874.406
2013-11-09 18:00:00,13292.155,14379.073,18871.277,14409.216,15874.406
2013-11-09 19:00:00,13292.155,14379.073,18871.277,14409.216,15874.406
2013-11-09 20:00:00,13292.155,14379.073,18871.277,14409.216,15874.406
2013-11-09 21:00:00,13292.155,14379.073,18871.277,14409.216,15874.406
2013-11-09 22:00:00,13292.155,14379.073,18871.277,14409.216,15874.406
2013-11-09 23:00:00,13292.155,14379.073,18871.277,14409.216,15874.406
2013-11-10 00:00:00,13292.155,14379.073,18871.277,14409.216,15874.406
2013-11-10 01:00:00,13292.155,14379.073,18871.277,14409.216,15874.406
2013-11-10 02:00:00,13292.155,14379.073,18871.277,14409.216,15874.406
2013-11-10 03:00:00,13292.155,14379.073,18871.277,14409.216,15874.406
2013-11-10 04:00:00,13292.155,14379.073,18871.277,14409.216,15874.406
2013-11-10 05:00:00,13292.155,14379.073,18871.277,14409.216,15874.406
2013-11-10 06:00:00,13292.155,14379.073,18871.277,14409.216,15874.406
2013-11-10 07:00:00,13292.155,14379.073,18871.277,14409.216,15874.406
2013-11-10 08:00:00,13292.155,14379.073,18871.277,14409.216,15874.406
2013-11-10 09:00:00,13292.155,14379.073,18871.277,14409.216,15874.406
2013-11-10 10:00:00,13292.155,14379.073,18871.277,14409.216,15874.406
2013-11-10 11:00:00,13292.155,14379.073,18871.277,14409.216,15874.406
2013-11-10 12:00:00,13292.155,14379.073,18871.277,14409.216,15874.449
2013-11-10 13:00:00,13292.337,14379.073,18871.453,14409.216,15874.557
2013-11-10 14:00:00,13292.337,14379.073,18871.727,14409.219,15874.739
2013-11-10 15:00:00,13292.337,14379.073,18871.842,14409.219,15874.739
2013-11-10 16:00:00,13292.347,14379.073,18871.842,14409.219,15874.739
2013-11-10 17:00:00,13292.347,14379.073,18871.842,14409.219,15874.739
2013-11-10 18:00:00,13292.347,14379.073,18871.842,14409.219,15874.799
2013-11-10 19:00:00,13292.347,14379.073,18871.842,14409.219,15875.673
2013-11-10 20:00:00,13292.347,14379.073,18872.234,14409.219,15876.503
2013-11-10 21:00:00,13292.347,14379.073,18872.234,14409.219,15876.503
2013-11-10 22:00:00,13292.347,14379.073,18872.234,14409.219,15876.503
2013-11-10 23:00:00,13292.347,14379.073,18872.234,14409.219,15876.503
2013-11-11 00:00:00,13292.347,14379.073,18872.234,14409.219,15876.503
2013-11-11 01:00:00,13292.347,14379.073,18872.234,14409.219,15876.503
2013-11-11 02:00:00,13292.347,14379.073,18872.234,14409.219,15876.503
2013-11-11 03:00:00,13292.347,14379.073,18872.234,14409.219,15876.503
2013-11-11 04:00:00,13292.347,14379.073,18872.234,14409.219,15876.503
2013-11-11 05:00:00,13292.347,14379.073,18872.234,14409.219,15876.503
2013-11-11 06:00:00,13292.347,14379.073,18872.234,14409.219,15876.503
2013-11-11 07:00:00,13292.347,14379.073,18872.234,14409.219,15876.503
2013-11-11 08:00:00,13292.347,14379.073,18872.234,14409.219,15876.503
2013-11-11 09:00:00,13292.347,14379.073,18872.234,14409.219,15876.503
2013-11-11 10:00:00,13292.347,14379.073,18872.234,14409.219,15876.503
2013-11-11 11:00:00,13292.831,14380.176,18872.738,14410.089,15877.575
2013-11-11 12:00:00,13294.8125,14381.319,18872.752,14411.753,15877.575
2013-11-11 13:00:00,13295.716,14381.427,18872.992,14412.292,15877.575
2013-11-11 14:00:00,13296.67,14381.571,18872.992,14413.205,15877.575
2013-11-11 15:00:00,13297.225,14381.587,18872.992,14413.324,15877.575
2013-11-11 16:00:00,13297.4,14382.749,18872.992,14413.324,15877.575
2013-11-11 17:00:00,13298.18,14384.727,18872.992,14413.324,15877.575
2013-11-11 18:00:00,13298.886,14385.542,18873.004,14413.324,15877.667
2013-11-11 19:00:00,13299.272,14388.734,18873.635,14413.383,15877.953
2013-11-11 20:00:00,13299.329,14391.054,18874.215,14413.587,15878.264
2013-11-11 21:00:00,13299.365,14391.878,18874.328,14413.74,15878.421
2013-11-11 22:00:00,13299.365,14391.96,18874.33,14413.812,15878.429
2013-11-11 23:00:00,13299.469,14392.546,18875.615,14414.09,15878.522
2013-11-12 00:00:00,13299.997,14394.383,18877.586,14416.085,15880.469
2013-11-12 01:00:00,13300.371,14394.89,18880.47,14416.862,15880.921
2013-11-12 02:00:00,13300.547,14394.89,18883.73,14416.964,15882.225
2013-11-12 03:00:00,13300.773,14395.36,18884.453,14417.717,15883.152
2013-11-12 04:00:00,13301.331,14398.22,18885.809,14421.295,15884.499
2013-11-12 05:00:00,13301.628,14398.836,18886.408,14421.737,15884.687
2013-11-12 06:00:00,13302.866,14399.91,18886.676,14423.141,15885.778
2013-11-12 07:00:00,13303.181,14400.536,18888.03,14424.863,15886.272
2013-11-12 08:00:00,13303.4,14401.858,18888.67,14425.714,15886.524
2013-11-12 09:00:00,13303.426,14402.562,18889.01,14427.26,15887.187
2013-11-12 10:00:00,13303.469,14402.634,18889.982,14427.59,15887.976
2013-11-12 11:00:00,13304.987,14402.971,18892.953,14427.917,15888.786
2013-11-12 12:00:00,13306.089,14405.388,18893.254,14431.416,15888.786
2013-11-12 13:00:00,13306.459,14406.212,18895.402,14432.219,15890.642
2013-11-12 14:00:00,13307.798,14406.57,18896.973,14432.921,15892.036
2013-11-12 15:00:00,13308.638,14407.5625,18899.572,14433.883,15895.217
2013-11-12 16:00:00,13309.162,14409.811,18901.084,14435.449,15896.906
2013-11-12 17:00:00,13310.184,14410.969,18901.541,14435.64,15897.005
2013-11-12 18:00:00,13311.419,14411.651,18902.31,14436.421,15897.87
2013-11-12 19:00:00,13312.078,14412.006,18903.025,14436.743,15898.349
2013-11-12 20:00:00,13313.767,14412.048,18905.104,14436.804,15902.187
2013-11-12 21:00:00,13316.5,14412.498,18905.441,14437.498,15902.692
2013-11-12 22:00:00,13316.647,14413.878,18906.357,14438.138,15905.021
2013-11-12 23:00:00,13317.394,14415.342,18906.842,14439.847,15907.014
2013-11-13 00:00:00,13317.438,14415.433,18907.312,14440.396,15908.807
2013-11-13 01:00:00,13317.674,14415.985,18908.305,14440.966,15911.968
2013-11-13 02:00:00,13317.795,14417.528,18908.953,14441.825,15915.98
2013-11-13 03:00:00,13319.272,14418.22,18911.707,14442.736,15917.92
2013-11-13 04:00:00,13320.21,14420.446,18911.994,14444.694,15918.108
2013-11-13 05:00:00,13320.222,14420.491,18911.994,14444.717,15918.108
2013-11-13 06:00:00,13320.305,14420.651,18912.342,14444.819,15918.82
2013-11-13 07:00:00,13321.382,14422.813,18913.97,14445.876,15920.074
2013-11-13 08:00:00,13322.023,14423.351,18914.291,14445.909,15920.074
2013-11-13 09:00:00,13322.663,14423.562,18918.008,14445.993,15920.099
2013-11-13 10:00:00,13323.9795,14423.751,18920.443,14446.149,15920.163
2013-11-13 11:00:00,13324.061,14424.46,18920.967,14446.152,15920.25
2013-11-13 12:00:00,13324.07,14424.701,18921.377,14446.411,15921.248
2013-11-13 13:00:00,13324.07,14425.033,18922.016,14447.721,15924.084
2013-11-13 14:00:00,13324.07,14425.464,18922.205,14448.251,15924.904
2013-11-13 15:00:00,13324.07,14425.792,18922.205,14448.251,15924.904
2013-11-13 16:00:00,13324.07,14425.849,18922.205,14448.251,15924.904
2013-11-13 17:00:00,13324.07,14425.849,18922.205,14448.251,15925.013
2013-11-13 18:00:00,13324.07,14425.849,18922.205,14448.251,15925.013
2013-11-13 19:00:00,13324.07,14425.849,18922.205,14448.251,15925.013
2013-11-13 20:00:00,13324.07,14426.105,18922.242,14448.251,15925.03
2013-11-13 21:00:00,13324.07,14426.918,18922.262,14448.297,15925.03
2013-11-13 22:00:00,13324.451,14427.65,18922.262,14448.503,15925.03
2013-11-13 23:00:00,13324.801,14428.833,18922.262,14448.503,15925.089
2013-11-14 00:00:00,13324.803,14429.799,18922.262,14448.728,15925.093
2013-11-14 01:00:00,13324.803,14431.582,18922.262,14450.193,15925.474
2013-11-14 02:00:00,13324.982,14432.524,18922.262,14450.541,15925.515
2013-11-14 03:00:00,13325.4795,14433.624,18922.262,14450.696,15925.515
2013-11-14 04:00:00,13325.517,14434.31,18922.262,14450.862,15925.515
2013-11-14 05:00:00,13325.7,14434.953,18922.262,14451.543,15925.554
2013-11-14 06:00:00,13325.878,14436.848,18922.262,14452.216,15925.593
2013-11-14 07:00:00,13325.969,14438.904,18922.262,14453.063,15925.704
2013-11-14 08:00:00,13325.979,14440.915,18922.262,14453.9795,15925.787
2013-11-14 09:00:00,13326.735,14442.165,18922.262,14454.725,15925.958
2013-11-14 10:00:00,13326.9375,14443.3125,18922.262,14455.305,15926.239
2013-11-14 11:00:00,13327.357,14445.504,18922.266,14456.217,15926.918
2013-11-14 12:00:00,13328.818,14448.871,18922.266,14458.446,15927.249
2013-11-14 13:00:00,13330.037,14450.628,18923.373,14459.923,15927.305
2013-11-14 14:00:00,13330.909,14450.975,18923.855,14460.523,15927.384
2013-11-14 15:00:00,13330.909,14451.344,18924.074,14460.575,15927.384
2013-11-14 16:00:00,13330.909,14451.373,18924.074,14460.741,15927.384
2013-11-14 17:00:00,13330.909,14451.982,18924.074,14461.425,15927.384
2013-11-14 18:00:00,13330.909,14451.982,18925.135,14461.466,15928.421
2013-11-14 19:00:00,13331.155,14452.398,18925.21,14461.562,15928.601
2013-11-14 20:00:00,13331.178,14452.51,18925.21,14461.575,15928.731
2013-11-14 21:00:00,13331.184,14452.51,18925.21,14461.575,15928.91
2013-11-14 22:00:00,13331.209,14452.51,18925.566,14461.575,15928.914
2013-11-14 23:00:00,13331.294,14452.51,18926.107,14461.802,15929.216
2013-11-15 00:00:00,13331.294,14452.51,18926.121,14461.849,15929.27
2013-11-15 01:00:00,13331.294,14452.51,18926.121,14461.849,15929.27
2013-11-15 02:00:00,13331.294,14452.51,18926.121,14461.849,15929.27
2013-11-15 03:00:00,13331.294,14452.51,18926.121,14461.849,15929.506
2013-11-15 04:00:00,13331.294,14452.51,18926.121,14461.849,15929.546
2013-11-15 05:00:00,13331.294,14452.51,18926.121,14461.849,15929.546
2013-11-15 06:00:00,13331.294,14452.51,18926.121,14461.849,15929.546
2013-11-15 07:00:00,13331.308,14452.678,18926.418,14462.013,15929.881
2013-11-15 08:00:00,13332.316,14453.866,18927.645,14463.187,15930.7705
2013-11-15 09:00:00,13333.948,14455.709,18928.164,14464.22,15931.505
2013-11-15 10:00:00,13335.355,14457.466,18929.785,14465.088,15931.696
2013-11-15 11:00:00,13335.42,14459.319,18933.672,14466.316,15932.803
2013-11-15 12:00:00,13335.989,14460.752,18941.068,14468.619,15934.692
2013-11-15 13:00:00,13338.413,14462.819,18952.092,14472.162,15937.113
2013-11-15 14:00:00,13342.769,14470.764,18964.74,14479.809,15940.803
2013-11-15 15:00:00,13346.263,14479.262,18974.154,14485.821,15945.322
2013-11-15 16:00:00,13349.196,14486.293,18982.844,14489.528,15949.398
2013-11-15 17:00:00,13353.027,14493.005,18991.1,14492.982,15952.888
2013-11-15 18:00:00,13357.781,14499.449,18999.412,14495.412,15956.598
2013-11-15 19:00:00,13362.362,14505.552,19009.033,14497.275,15960.896
2013-11-15 20:00:00,13366.644,14510.821,19019.299,14498.408,15965.157
2013-11-15 21:00:00,13371.103,14514.578,19030.922,14499.379,15968.38
2013-11-15 22:00:00,13375.147,14515.046,19036.463,14500.558,15969.324
2013-11-15 23:00:00,13377.068,14515.046,19037.96,14501.308,15970.939
2013-11-16 00:00:00,13377.068,14515.046,19038.49,14502.251,15972.489
2013-11-16 01:00:00,13377.068,14515.046,19038.69,14503.559,15974.021
2013-11-16 02:00:00,13377.068,14515.046,19038.992,14504.432,15975.565
2013-11-16 03:00:00,13377.068,14515.046,19039.045,14504.866,15976.923
2013-11-16 04:00:00,13377.068,14515.046,19039.045,14505.116,15977.966
2013-11-16 05:00:00,13377.068,14515.046,19039.045,14505.154,15978.707
2013-11-16 06:00:00,13377.068,14515.046,19039.049,14505.184,15979.404
2013-11-16 07:00:00,13377.068,14515.046,19039.05,14505.199,15979.702
2013-11-16 08:00:00,13377.068,14515.046,19039.05,14505.202,15980.192
2013-11-16 09:00:00,13377.068,14515.172,19039.05,14505.206,15980.369
2013-11-16 10:00:00,13377.105,14515.877,19039.05,14505.24,15980.507
2013-11-16 11:00:00,13377.105,14516.332,19039.05,14505.277,15980.68
2013-11-16 12:00:00,13377.105,14516.87,19039.09,14505.97,15980.7705
2013-11-16 13:00:00,13377.105,14516.881,19040.455,14508.145,15980.799
2013-11-16 14:00:00,13377.105,14516.881,19043.84,14510.679,15981.315
2013-11-16 15:00:00,13377.72,14517.018,19045.861,14513.614,15982.427
2013-11-16 16:00:00,13378.165,14517.516,19047.635,14515.119,15983.446
2013-11-16 17:00:00,13378.401,14518.145,19049.658,14516.2705,15984.979
2013-11-16 18:00:00,13378.497,14518.742,19052.082,14517.281,15986.058
2013-11-16 19:00:00,13378.836,14519.338,19053.52,14517.546,15988.586
2013-11-16 20:00:00,13379.145,14519.927,19054.475,14518.895,15989.3545
2013-11-16 21:00:00,13379.644,14521.025,19056.82,14520.821,15989.585
2013-11-16 22:00:00,13380.654,14523.866,19057.5,14521.61,15989.828
2013-11-16 23:00:00,13380.847,14523.871,19057.5,14521.619,15989.828
2013-11-17 00:00:00,13382.695,14527.774,19062.334,14524.352,16000.053
2013-11-17 01:00:00,13382.741,14528.104,19062.424,14524.352,16000.076
2013-11-17 02:00:00,13382.752,14528.209,19062.88,14524.352,16000.345
2013-11-17 03:00:00,13382.752,14528.339,19062.967,14524.352,16000.347
2013-11-17 04:00:00,13381.389,14523.891,19057.982,14521.684,15989.828
2013-11-17 05:00:00,13381.82,14523.912,19058.426,14521.706,15989.836
2013-11-17 06:00:00,13381.954,14524.233,19058.426,14521.914,15990.197
2013-11-17 07:00:00,13381.954,14524.335,19058.426,14522.315,15990.197
2013-11-17 08:00:00,13381.954,14524.537,19058.426,14522.391,15990.361
2013-11-17 09:00:00,13381.954,14524.537,19058.426,14522.621,15990.664
2013-11-17 10:00:00,13381.99,14524.671,19058.629,14522.624,15990.664
2013-11-17 11:00:00,13381.99,14524.671,19058.629,14522.624,15990.664
2013-11-17 12:00:00,13381.99,14525.35,19058.666,14522.919,15991.834
2013-11-17 13:00:00,13381.99,14525.35,19059.81,14523.381,15992.177
2013-11-17 14:00:00,13381.99,14525.525,19059.895,14523.381,15993.723
2013-11-17 15:00:00,13381.99,14525.827,19059.91,14523.381,15994.976
2013-11-17 16:00:00,13381.99,14526.269,19060.596,14523.9,15997.923
2013-11-17 17:00:00,13382.545,14527.431,19061.236,14524.138,15999.655
2013-11-17 18:00:00,13382.61,14527.449,19061.236,14524.352,15999.773
2013-11-17 19:00:00,13382.695,14527.486,19061.607,14524.352,15999.773
2013-11-17 20:00:00,13382.695,14527.486,19062.016,14524.352,15999.882
2013-11-17 21:00:00,13382.695,14527.486,19062.133,14524.352,15999.889
2013-11-17 22:00:00,13380.847,14523.871,19057.617,14521.619,15989.828
2013-11-17 23:00:00,13380.972,14523.871,19057.852,14521.684,15989.828
2013-11-18 00:00:00,13382.96,14528.621,19063.078,14524.352,16000.348
2013-11-18 01:00:00,13383.11,14529.224,19063.918,14524.51,16000.372
2013-11-18 02:00:00,13383.487,14529.702,19063.938,14524.671,16000.372
2013-11-18 03:00:00,13383.8955,14530.315,19063.965,14524.85,16000.402
2013-11-18 04:00:00,13383.953,14530.7,19063.975,14525.038,16000.428
2013-11-18 05:00:00,13383.953,14530.7,19063.975,14525.056,16000.558
2013-11-18 06:00:00,13384.173,14531.934,19063.975,14525.065,16001.465
2013-11-18 07:00:00,13384.9795,14532.746,19065.035,14525.153,16002.622
2013-11-18 08:00:00,13385.458,14534.003,19067.494,14525.951,16003.822
2013-11-18 09:00:00,13385.498,14534.171,19068.828,14526.547,16003.999
2013-11-18 10:00:00,13385.542,14534.486,19069.996,14527.214,16004.078
2013-11-18 11:00:00,13385.554,14534.585,19070.973,14527.307,16004.641
2013-11-18 12:00:00,13385.603,14534.708,19071.61,14527.488,16004.76
2013-11-18 13:00:00,13385.609,14534.71,19071.61,14527.492,16004.771
2013-11-18 14:00:00,13385.609,14534.71,19071.762,14527.492,16005.689
2013-11-18 15:00:00,13385.609,14534.71,19071.828,14527.492,16005.689
2013-11-18 16:00:00,13385.609,14534.71,19071.828,14527.492,16005.689
2013-11-18 17:00:00,13385.609,14534.71,19071.84,14527.492,16005.826
2013-11-18 18:00:00,13385.609,14534.977,19071.992,14527.492,16007.185
2013-11-18 19:00:00,13385.609,14535.078,19072.158,14527.492,16007.924
2013-11-18 20:00:00,13385.682,14535.078,19072.178,14527.533,16008.884
2013-11-18 21:00:00,13385.682,14535.465,19072.318,14527.533,16009.334
2013-11-18 22:00:00,13385.682,14535.701,19072.336,14527.533,16010.306
2013-11-18 23:00:00,13385.682,14535.701,19073.08,14527.533,16010.891
2013-11-19 00:00:00,13385.794,14535.72,19073.611,14527.533,16011.324
2013-11-19 01:00:00,13385.794,14535.72,19073.896,14527.533,16012.013
2013-11-19 02:00:00,13385.794,14535.72,19073.896,14527.533,16012.013
2013-11-19 03:00:00,13385.794,14535.72,19073.896,14527.533,16012.013
2013-11-19 04:00:00,13385.794,14535.72,19073.896,14527.533,16012.013
2013-11-19 05:00:00,13385.794,14536.352,19073.896,14527.533,16013.119
2013-11-19 06:00:00,13385.794,14537.138,19073.896,14527.77,16015.034
2013-11-19 07:00:00,13385.794,14538.206,19073.904,14528.236,16016.824
2013-11-19 08:00:00,13386.066,14538.229,19074.334,14529.236,16016.824
2013-11-19 09:00:00,13386.094,14538.229,19074.78,14529.236,16018.048
2013-11-19 10:00:00,13386.094,14538.38,19076.242,14529.236,16018.793
2013-11-19 11:00:00,13386.094,14538.38,19077.498,14529.281,16019.147
2013-11-19 12:00:00,13386.094,14538.38,19077.502,14529.281,16019.39
2013-11-19 13:00:00,13386.094,14538.38,19077.535,14529.281,16019.475
2013-11-19 14:00:00,13386.124,14538.38,19078.344,14529.3,16020.137
2013-11-19 15:00:00,13386.124,14538.422,19078.512,14529.331,16020.274
2013-11-19 16:00:00,13386.124,14538.5625,19078.572,14529.331,16022.624
2013-11-19 17:00:00,13386.301,14538.642,19078.62,14529.331,16022.703
2013-11-19 18:00:00,13386.309,14538.642,19078.62,14529.331,16022.703
2013-11-19 19:00:00,13386.309,14538.642,19078.62,14529.331,16022.703
2013-11-19 20:00:00,13386.309,14538.642,19078.62,14529.331,16022.703
2013-11-19 21:00:00,13386.309,14538.642,19078.62,14529.331,16022.703
2013-11-19 22:00:00,13386.309,14538.642,19078.62,14529.331,16022.703
2013-11-19 23:00:00,13386.309,14538.642,19078.62,14529.331,16022.703
2013-11-20 00:00:00,13386.309,14538.642,19078.62,14529.331,16022.703
2013-11-20 01:00:00,13386.309,14538.642,19078.62,14529.331,16022.703
2013-11-20 02:00:00,13386.309,14538.642,19078.62,14529.331,16022.703
2013-11-20 03:00:00,13386.309,14538.642,19078.62,14529.331,16022.703
2013-11-20 04:00:00,13386.309,14538.642,19078.62,14529.331,16022.703
2013-11-20 05:00:00,13386.309,14538.642,19078.62,14529.331,16022.703
2013-11-20 06:00:00,13386.309,14538.642,19078.62,14529.331,16022.703
2013-11-20 07:00:00,13386.309,14538.642,19078.62,14529.331,16022.703
2013-11-20 08:00:00,13386.309,14538.642,19078.62,14529.331,16022.703
2013-11-20 09:00:00,13386.309,14538.642,19078.62,14529.331,16022.703
2013-11-20 10:00:00,13386.309,14538.642,19078.62,14529.331,16022.703
2013-11-20 11:00:00,13386.309,14538.642,19078.62,14529.331,16022.703
2013-11-20 12:00:00,13386.309,14538.642,19078.62,14529.331,16022.703
2013-11-20 13:00:00,13386.309,14538.642,19078.62,14529.331,16022.703
2013-11-20 14:00:00,13386.309,14538.642,19078.62,14529.331,16022.703
2013-11-20 15:00:00,13386.309,14538.642,19078.62,14529.331,16022.703
2013-11-20 16:00:00,13386.309,14538.642,19078.62,14529.331,16022.703
2013-11-20 17:00:00,13386.309,14538.642,19078.62,14529.331,16022.703
2013-11-20 18:00:00,13386.309,14538.642,19078.62,14529.331,16022.703
2013-11-20 19:00:00,13386.309,14538.642,19078.62,14529.331,16022.703
2013-11-20 20:00:00,13386.309,14538.642,19078.62,14529.331,16022.703
2013-11-20 21:00:00,13386.309,14538.642,19078.62,14529.331,16022.703
2013-11-20 22:00:00,13386.309,14538.642,19078.62,14529.331,16022.703
2013-11-20 23:00:00,13386.309,14538.642,19078.62,14529.331,16022.703
2013-11-21 00:00:00,13386.309,14538.642,19078.62,14529.331,16022.703
2013-11-21 01:00:00,13386.309,14538.642,19078.62,14529.331,16022.703
2013-11-21 02:00:00,13386.309,14538.642,19078.62,14529.331,16022.703
2013-11-21 03:00:00,13386.309,14538.642,19078.62,14529.331,16022.703
2013-11-21 04:00:00,13386.309,14538.642,19078.62,14529.331,16022.703
2013-11-21 05:00:00,13386.309,14538.642,19078.62,14529.331,16022.703
2013-11-21 06:00:00,13386.309,14538.642,19078.62,14529.331,16022.703
2013-11-21 07:00:00,13386.309,14538.642,19078.62,14529.331,16022.703
2013-11-21 08:00:00,13386.309,14538.642,19078.62,14529.331,16022.703
2013-11-21 09:00:00,13386.309,14538.642,19078.62,14529.331,16022.703
2013-11-21 10:00:00,13386.309,14538.642,19078.62,14529.331,16022.703
2013-11-21 11:00:00,13386.309,14538.642,19078.62,14529.331,16022.703
2013-11-21 12:00:00,13386.309,14538.642,19078.62,14529.331,16022.703
2013-11-21 13:00:00,13386.309,14538.642,19078.62,14529.331,16022.703
2013-11-21 14:00:00,13386.309,14538.642,19078.62,14529.331,16022.703
2013-11-21 15:00:00,13386.309,14538.642,19078.62,14529.331,16022.703
2013-11-21 16:00:00,13386.309,14538.642,19078.62,14529.331,16022.703
2013-11-21 17:00:00,13386.309,14538.642,19078.62,14529.331,16022.703
2013-11-21 18:00:00,13386.309,14538.642,19078.62,14529.331,16022.703
2013-11-21 19:00:00,13386.309,14538.642,19078.62,14529.331,16022.703
2013-11-21 20:00:00,13386.309,14538.642,19078.62,14529.331,16022.703
2013-11-21 21:00:00,13386.309,14538.642,19078.62,14529.331,16022.703
2013-11-21 22:00:00,13386.309,14538.642,19078.62,14529.331,16022.703
2013-11-21 23:00:00,13386.309,14538.642,19078.62,14529.331,16022.703
2013-11-22 00:00:00,13386.309,14538.642,19078.62,14529.331,16022.703
2013-11-22 01:00:00,13386.309,14538.642,19078.62,14529.331,16022.703
2013-11-22 02:00:00,13386.309,14538.642,19078.62,14529.331,16022.703
2013-11-22 03:00:00,13386.309,14538.642,19078.62,14529.331,16022.703
2013-11-22 04:00:00,13386.309,14538.642,19078.62,14529.331,16022.742
2013-11-22 05:00:00,13386.309,14538.642,19078.62,14529.331,16022.787
2013-11-22 06:00:00,13386.309,14538.642,19078.62,14529.331,16022.787
2013-11-22 07:00:00,13386.309,14538.735,19078.62,14529.367,16022.787
2013-11-22 08:00:00,13386.309,14538.735,19078.62,14529.367,16022.82
2013-11-22 09:00:00,13386.431,14538.735,19078.63,14529.367,16023.213
2013-11-22 10:00:00,13386.309,14538.642,19078.62,14529.331,16022.703
2013-11-22 11:00:00,13386.309,14538.642,19078.62,14529.331,16022.703
2013-11-22 12:00:00,13386.309,14538.642,19078.62,14529.331,16022.703
2013-11-22 13:00:00,13386.309,14538.642,19078.62,14529.331,16022.703
2013-11-22 14:00:00,13386.309,14538.642,19078.62,14529.331,16022.703
2013-11-22 15:00:00,13386.309,14538.642,19078.62,14529.331,16022.703
2013-11-22 16:00:00,13386.309,14538.642,19078.62,14529.331,16022.703
2013-11-22 17:00:00,13386.309,14538.642,19078.62,14529.331,16022.703
2013-11-22 18:00:00,13386.309,14538.642,19078.62,14529.331,16022.703
2013-11-22 19:00:00,13386.309,14538.642,19078.62,14529.331,16022.703
2013-11-22 20:00:00,13386.309,14538.642,19078.62,14529.331,16022.703
2013-11-22 21:00:00,13386.309,14538.642,19078.62,14529.331,16022.703
2013-11-22 22:00:00,13386.309,14538.642,19078.62,14529.331,16022.703
2013-11-22 23:00:00,13386.309,14538.642,19078.62,14529.331,16022.703
2013-11-23 00:00:00,13386.797,14541.724,19083.363,14531.314,16026.257
2013-11-23 01:00:00,13387.829,14541.751,19084.002,14531.314,16026.257
2013-11-23 02:00:00,13388.124,14541.76,19084.002,14531.314,16026.257
2013-11-23 03:00:00,13388.303,14541.76,19084.8,14531.314,16026.267
2013-11-23 04:00:00,13389.693,14542.376,19086.498,14531.559,16027.367
2013-11-23 05:00:00,13390.96,14542.646,19087.457,14531.785,16027.848
2013-11-23 06:00:00,13392.929,14542.706,19088.355,14532.239,16027.961
2013-11-23 07:00:00,13394.3545,14542.925,19088.627,14532.949,16029.147
2013-11-23 08:00:00,13398.203,14543.8955,19089.627,14533.606,16030.417
2013-11-23 09:00:00,13400.008,14544.419,19092.996,14535.582,16033.017
2013-11-23 10:00:00,13400.385,14546.536,19093.98,14536.151,16034.166
2013-11-23 11:00:00,13386.649,14538.735,19078.63,14529.396,16023.517
2013-11-23 12:00:00,13386.649,14538.85,19078.63,14529.515,16023.568
2013-11-23 13:00:00,13386.649,14538.949,19078.63,14529.621,16023.568
2013-11-23 14:00:00,13386.649,14538.949,19078.63,14529.621,16023.568
2013-11-23 15:00:00,13386.649,14539.02,19078.63,14529.621,16023.568
2013-11-23 16:00:00,13386.649,14539.147,19078.63,14529.623,16023.568
2013-11-23 17:00:00,13386.649,14539.213,19078.63,14530.014,16023.636
2013-11-23 18:00:00,13386.649,14539.213,19078.63,14530.057,16023.636
2013-11-23 19:00:00,13386.649,14539.213,19078.63,14530.061,16023.636
2013-11-23 20:00:00,13386.649,14539.696,19078.63,14530.11,16024.166
2013-11-23 21:00:00,13386.649,14540.253,19078.63,14530.174,16024.561
2013-11-23 22:00:00,13386.649,14540.589,19079.484,14530.503,16025.009
2013-11-23 23:00:00,13386.756,14541.457,19081.809,14531.105,16025.721
2013-11-24 00:00:00,13401.516,14546.893,19094.809,14536.648,16034.808
2013-11-24 01:00:00,13401.89,14548.247,19094.992,14536.959,16037.231
2013-11-24 02:00:00,13402.349,14549.28,19095.188,14537.953,16038.185
2013-11-24 03:00:00,13403.476,14549.997,19098.516,14539.123,16038.464
2013-11-24 04:00:00,13403.881,14551.884,19100.01,14540.15,16040.951
2013-11-24 05:00:00,13404.918,14553.31,19102.912,14541.53,16043.009
2013-11-24 06:00:00,13406.676,14554.787,19105.596,14542.69,16043.26
2013-11-24 07:00:00,13407.436,14555.715,19107.586,14543.752,16043.909
2013-11-24 08:00:00,13409.929,14556.459,19108.262,14543.89,16044.782
2013-11-24 09:00:00,13411.64,14556.5,19109.76,14544.103,16044.791
2013-11-24 10:00:00,13414.381,14556.536,19110.146,14544.478,16045.76
2013-11-24 11:00:00,13416.786,14556.835,19110.229,14544.627,16046.204
2013-11-24 12:00:00,13418.736,14556.85,19110.412,14545.219,16046.204
2013-11-24 13:00:00,13419.873,14556.858,19112.102,14545.221,16046.204
2013-11-24 14:00:00,13420.043,14556.858,19112.814,14545.221,16046.373
2013-11-24 15:00:00,13421.305,14557.056,19112.824,14545.696,16047.245
2013-11-24 16:00:00,13422.15,14557.187,19112.824,14545.878,16048.413
2013-11-24 17:00:00,13422.797,14557.19,19113.086,14545.939,16048.767
2013-11-24 18:00:00,13423.684,14557.674,19114.857,14546.093,16049.686
2013-11-24 19:00:00,13424.214,14557.944,19114.988,14546.417,16051.598
2013-11-24 20:00:00,13424.667,14557.944,19115.236,14546.417,16051.761
2013-11-24 21:00:00,13424.981,14558.543,19115.717,14546.76,16052.471
2013-11-24 22:00:00,13425.316,14558.617,19115.717,14546.76,16053.194
2013-11-24 23:00:00,13425.689,14558.617,19116.807,14546.782,16054.239
2013-11-25 00:00:00,13425.798,14558.617,19118.154,14547.129,16054.239
2013-11-25 01:00:00,13425.798,14558.617,19119.047,14547.285,16054.239
2013-11-25 02:00:00,13425.983,14558.617,19119.047,14547.433,16054.239
2013-11-25 03:00:00,13426.1045,14558.617,19119.047,14547.433,16054.239
2013-11-25 04:00:00,13426.1045,14558.617,19119.047,14547.6045,16054.278
2013-11-25 05:00:00,13426.1045,14558.699,19119.27,14547.607,16054.998
2013-11-25 06:00:00,13426.509,14558.898,19119.314,14547.802,16054.998
2013-11-25 07:00:00,13426.719,14558.908,19119.314,14547.805,16054.998
2013-11-25 08:00:00,13426.719,14558.92,19119.314,14547.805,16056.965
2013-11-25 09:00:00,13426.743,14559.038,19119.314,14547.805,16057.008
2013-11-25 10:00:00,13427.083,14559.038,19119.342,14547.846,16057.008
2013-11-25 11:00:00,13427.124,14559.038,19119.342,14547.846,16057.008
2013-11-25 12:00:00,13427.124,14559.038,19119.342,14547.846,16057.008
2013-11-25 13:00:00,13427.124,14559.038,19119.342,14547.846,16057.008
2013-11-25 14:00:00,13427.124,14559.038,19119.342,14547.846,16057.008
2013-11-25 15:00:00,13427.124,14559.038,19119.342,14547.846,16057.008
2013-11-25 16:00:00,13427.124,14559.038,19119.342,14547.846,16057.008
2013-11-25 17:00:00,13427.124,14559.038,19119.342,14547.846,16057.008
2013-11-25 18:00:00,13427.124,14559.038,19119.342,14547.846,16057.008
2013-11-25 19:00:00,13427.124,14559.038,19119.342,14547.846,16057.008
2013-11-25 20:00:00,13427.124,14559.038,19119.342,14547.846,16057.008
2013-11-25 21:00:00,13427.124,14559.038,19119.342,14547.846,16057.008
2013-11-25 22:00:00,13427.132,14559.038,19119.342,14547.846,16057.008
2013-11-25 23:00:00,13427.132,14559.038,19119.342,14547.846,16057.008
2013-11-26 00:00:00,13427.152,14560.585,19121.793,14549.489,16058.702
2013-11-26 01:00:00,13427.132,14559.038,19119.342,14547.846,16057.008
2013-11-26 02:00:00,13427.132,14559.038,19119.342,14547.846,16057.203
2013-11-26 03:00:00,13427.132,14559.038,19119.342,14547.846,16057.203
2013-11-26 04:00:00,13427.132,14559.038,19119.342,14547.846,16057.204
2013-11-26 05:00:00,13427.132,14559.038,19119.342,14547.846,16057.204
2013-11-26 06:00:00,13427.132,14559.038,19119.342,14547.846,16057.204
2013-11-26 07:00:00,13427.132,14559.038,19119.342,14547.846,16057.204
2013-11-26 08:00:00,13427.132,14559.186,19120.506,14548.222,16057.649
2013-11-26 09:00:00,13427.625,14562.217,19122.03,14550.232,16059.616
2013-11-26 10:00:00,13428.028,14564.271,19123.506,14550.57,16060.907
2013-11-26 11:00:00,13428.339,14567.703,19125.41,14550.731,16062.715
2013-11-26 12:00:00,13428.812,14571.045,19127.646,14550.986,16064.793
2013-11-26 13:00:00,13429.009,14572.856,19130.055,14551.758,16066.992
2013-11-26 14:00:00,13429.413,14574.55,19134.252,14552.587,16068.804
2013-11-26 15:00:00,13429.788,14575.811,19141.064,14554.714,16070.152
2013-11-26 16:00:00,13430.3,14577.478,19148.287,14558.057,16072.3
2013-11-26 17:00:00,13430.699,14579.0,19152.045,14561.33,16073.663
2013-11-26 18:00:00,13430.882,14579.157,19152.234,14561.996,16074.336
2013-11-26 19:00:00,13430.882,14579.157,19152.234,14561.996,16075.059
2013-11-26 20:00:00,13430.886,14579.157,19152.234,14561.996,16075.265
2013-11-26 21:00:00,13430.911,14579.299,19152.234,14561.996,16075.266
2013-11-26 22:00:00,13430.911,14579.8125,19152.234,14561.996,16075.266
2013-11-26 23:00:00,13430.911,14580.252,19152.234,14561.996,16075.266
2013-11-27 00:00:00,13435.289,14587.775,19165.791,14565.352,16088.957
2013-11-27 01:00:00,13435.569,14589.086,19168.514,14565.539,16089.073
2013-11-27 02:00:00,13430.911,14580.593,19152.234,14561.996,16075.266
2013-11-27 03:00:00,13430.911,14581.081,19152.234,14561.996,16075.275
2013-11-27 04:00:00,13430.911,14581.973,19152.234,14561.996,16075.275
2013-11-27 05:00:00,13430.911,14582.74,19152.234,14561.996,16075.275
2013-11-27 06:00:00,13430.911,14582.851,19152.234,14561.996,16075.668
2013-11-27 07:00:00,13430.911,14582.851,19152.234,14561.996,16076.981
2013-11-27 08:00:00,13430.971,14582.851,19152.234,14561.996,16077.798
2013-11-27 09:00:00,13430.98,14582.851,19152.234,14562.015,16078.632
2013-11-27 10:00:00,13430.98,14582.851,19152.234,14562.015,16079.911
2013-11-27 11:00:00,13430.98,14582.851,19152.62,14562.015,16081.24
2013-11-27 12:00:00,13430.98,14582.851,19155.623,14562.015,16082.358
2013-11-27 13:00:00,13430.98,14582.851,19156.402,14562.015,16083.983
2013-11-27 14:00:00,13430.98,14582.865,19157.55,14562.051,16084.8125
2013-11-27 15:00:00,13430.983,14582.951,19157.799,14562.14,16085.541
2013-11-27 16:00:00,13431.412,14583.548,19160.533,14562.255,16085.744
2013-11-27 17:00:00,13431.734,14584.406,19162.154,14562.402,16085.804
2013-11-27 18:00:00,13431.93,14584.656,19162.96,14563.027,16086.109
2013-11-27 19:00:00,13432.636,14584.746,19163.37,14563.06,16086.143
2013-11-27 20:00:00,13433.078,14585.049,19163.89,14563.221,16087.204
2013-11-27 21:00:00,13433.629,14585.639,19164.193,14563.571,16087.346
2013-11-27 22:00:00,13433.846,14586.164,19164.65,14564.145,16087.75
2013-11-27 23:00:00,13434.113,14587.556,19165.469,14564.27,16088.017
2013-11-28 00:00:00,13446.4375,14591.354,19187.584,14577.1045,16089.934
2013-11-28 01:00:00,13446.4375,14591.354,19187.584,14577.1045,16089.934
2013-11-28 02:00:00,13446.4375,14591.354,19187.584,14577.1045,16089.934
2013-11-28 03:00:00,13446.4375,14591.354,19187.584,14577.1045,16089.934
2013-11-28 04:00:00,13446.031,14591.354,19180.098,14574.93,16089.929
2013-11-28 05:00:00,13446.031,14591.354,19182.582,14575.734,16089.929
2013-11-28 06:00:00,13446.359,14591.354,19183.486,14576.442,16089.929
2013-11-28 07:00:00,13446.359,14591.354,19184.285,14576.82,16089.934
2013-11-28 08:00:00,13446.381,14591.354,19186.844,14577.052,16089.934
2013-11-28 09:00:00,13446.434,14591.354,19187.584,14577.1045,16089.934
2013-11-28 10:00:00,13439.468,14589.87,19168.514,14567.316,16089.111
2013-11-28 11:00:00,13439.916,14589.979,19168.514,14567.749,16089.111
2013-11-28 12:00:00,13440.162,14589.979,19168.764,14568.226,16089.111
2013-11-28 13:00:00,13440.929,14590.2705,19168.941,14568.44,16089.111
2013-11-28 14:00:00,13440.929,14590.319,19168.941,14569.5625,16089.111
2013-11-28 15:00:00,13441.196,14590.327,19170.861,14569.5625,16089.111
2013-11-28 16:00:00,13442.056,14590.672,19170.87,14569.834,16089.326
2013-11-28 17:00:00,13443.093,14590.933,19170.883,14571.877,16089.326
2013-11-28 18:00:00,13444.058,14591.097,19172.287,14572.469,16089.326
2013-11-28 19:00:00,13444.911,14591.204,19173.984,14573.191,16089.799
2013-11-28 20:00:00,13445.281,14591.204,19175.512,14573.9375,16089.909
2013-11-28 21:00:00,13445.401,14591.204,19177.146,14574.613,16089.909
2013-11-28 22:00:00,13445.535,14591.204,19178.61,14574.878,16089.909
2013-11-28 23:00:00,13446.4375,14591.354,19187.584,14577.1045,16089.934
2013-11-29 00:00:00,13446.4375,14591.354,19187.584,14577.1045,16089.934
2013-11-29 01:00:00,13446.4375,14591.354,19187.584,14577.1045,16089.934
2013-11-29 02:00:00,13446.4375,14591.354,19187.584,14577.1045,16089.934
2013-11-29 03:00:00,13446.4375,14591.354,19187.584,14577.1045,16089.934
2013-11-29 04:00:00,13446.4375,14591.378,19187.584,14577.1045,16089.934
2013-11-29 05:00:00,13446.959,14592.298,19187.584,14577.271,16089.934
2013-11-29 06:00:00,13447.769,14593.15,19187.584,14577.889,16089.934
2013-11-29 07:00:00,13448.62,14594.015,19187.584,14578.559,16090.027
2013-11-29 08:00:00,13449.479,14594.679,19187.584,14579.341,16090.144
2013-11-29 09:00:00,13450.334,14595.533,19187.584,14580.182,16090.144
2013-11-29 10:00:00,13451.128,14596.293,19187.584,14580.989,16090.144
2013-11-29 11:00:00,13451.764,14596.756,19187.584,14581.816,16090.144
2013-11-29 12:00:00,13452.043,14597.078,19187.596,14582.29,16090.144
2013-11-29 13:00:00,13452.043,14597.078,19187.596,14582.29,16090.144
2013-11-29 14:00:00,13452.043,14597.078,19187.596,14582.29,16090.144
2013-11-29 15:00:00,13452.043,14597.078,19187.596,14582.29,16090.423
2013-11-29 16:00:00,13452.043,14597.078,19187.596,14582.29,16090.8955
2013-11-29 17:00:00,13452.043,14597.078,19187.596,14582.29,16091.8955
2013-11-29 18:00:00,13452.043,14597.354,19187.943,14582.29,16092.849
2013-11-29 19:00:00,13452.043,14597.94,19188.889,14582.29,16093.364
2013-11-29 20:00:00,13452.043,14598.125,19189.266,14582.403,16093.364
2013-11-29 21:00:00,13452.043,14598.125,19189.266,14582.403,16093.364
2013-11-29 22:00:00,13452.043,14598.125,19189.43,14582.403,16093.364
2013-11-29 23:00:00,13452.043,14598.125,19189.43,14582.403,16093.374
2013-11-30 00:00:00,13452.043,14598.125,19189.43,14582.403,16093.453
2013-11-30 01:00:00,13452.043,14598.125,19189.43,14582.403,16093.453
2013-11-30 02:00:00,13452.043,14598.125,19189.43,14582.403,16093.453
2013-11-30 03:00:00,13452.118,14598.125,19189.447,14582.403,16093.862
2013-11-30 04:00:00,13452.806,14598.496,19190.264,14582.403,16094.659
2013-11-30 05:00:00,13453.042,14598.676,19190.264,14582.428,16094.659
2013-11-30 06:00:00,13453.088,14598.7295,19190.434,14582.428,16094.753
2013-11-30 07:00:00,13453.451,14598.7295,19190.47,14582.428,16094.753
2013-11-30 08:00:00,13453.457,14598.7295,19190.69,14582.428,16095.221
2013-11-30 09:00:00,13453.957,14598.7295,19190.746,14582.428,16095.255
2013-11-30 10:00:00,13454.047,14598.7295,19190.746,14582.428,16095.301
2013-11-30 11:00:00,13454.053,14598.7295,19190.746,14582.428,16095.301
2013-11-30 12:00:00,13454.053,14598.737,19190.746,14582.428,16095.396
2013-11-30 13:00:00,13454.053,14598.737,19190.746,14582.428,16095.59
2013-11-30 14:00:00,13454.053,14598.737,19190.746,14582.515,16096.033
2013-11-30 15:00:00,13454.053,14598.737,19190.88,14582.752,16096.6455
2013-11-30 16:00:00,13454.053,14598.971,19190.88,14582.752,16097.601
2013-11-30 17:00:00,13454.053,14599.183,19191.201,14582.779,16098.524
2013-11-30 18:00:00,13454.053,14600.006,19192.482,14583.403,16099.735
2013-11-30 19:00:00,13454.053,14600.395,19192.957,14584.022,16100.52
2013-11-30 20:00:00,13454.053,14600.468,19193.746,14584.069,16100.754
2013-11-30 21:00:00,13454.074,14600.581,19194.008,14584.102,16100.986
2013-11-30 22:00:00,13454.179,14600.731,19195.762,14584.237,16101.494
2013-11-30 23:00:00,13454.215,14601.253,19195.943,14584.237,16101.64
2013-12-01 00:00:00,13454.219,14601.349,19195.996,14584.237,16101.957
2013-12-01 01:00:00,13454.262,14602.566,19196.021,14584.665,16102.789
2013-12-01 02:00:00,13457.403,14602.886,19197.562,14584.926,16103.031
2013-12-01 03:00:00,13458.6045,14603.077,19198.383,14585.148,16103.052
2013-12-01 04:00:00,13459.6875,14603.449,19199.77,14586.298,16103.052
2013-12-01 05:00:00,13459.888,14604.158,19200.299,14587.111,16103.827
2013-12-01 06:00:00,13461.462,14604.177,19201.188,14587.53,16103.827
2013-12-01 07:00:00,13463.041,14604.177,19202.285,14587.645,16104.258
2013-12-01 08:00:00,13463.087,14605.041,19203.688,14587.941,16105.313
2013-12-01 09:00:00,13463.162,14605.34,19203.812,14588.022,16106.059
2013-12-01 10:00:00,13463.162,14605.34,19203.812,14588.022,16106.209
2013-12-01 11:00:00,13463.218,14605.406,19203.812,14588.022,16106.927
2013-12-01 12:00:00,13463.23,14605.406,19203.87,14588.022,16106.937
2013-12-01 13:00:00,13463.471,14605.598,19203.945,14589.105,16107.579
2013-12-01 14:00:00,13465.395,14605.884,19204.523,14589.498,16107.857
2013-12-01 15:00:00,13466.481,14605.884,19204.523,14589.503,16107.891
2013-12-01 16:00:00,13466.686,14605.884,19204.523,14589.503,16107.891
2013-12-01 17:00:00,13466.686,14605.884,19204.523,14589.503,16108.2
2013-12-01 18:00:00,13466.686,14605.884,19204.523,14589.503,16108.673
2013-12-01 19:00:00,13466.686,14605.884,19204.523,14589.503,16108.673
2013-12-01 20:00:00,13466.686,14605.884,19204.523,14589.503,16108.673
2013-12-01 21:00:00,13466.686,14605.884,19204.547,14589.503,16108.673
2013-12-01 22:00:00,13454.635,14602.773,19196.896,14584.858,16102.922
2013-12-01 23:00:00,13456.362,14602.886,19197.127,14584.926,16102.922
2013-12-02 00:00:00,13466.686,14607.781,19204.568,14589.657,16109.527
2013-12-02 01:00:00,13466.706,14607.781,19204.635,14589.657,16109.579
2013-12-02 02:00:00,13466.931,14607.781,19204.635,14589.657,16109.664
2013-12-02 03:00:00,13466.979,14607.781,19204.643,14589.657,16109.837
2013-12-02 04:00:00,13466.979,14607.781,19204.676,14589.74,16109.837
2013-12-02 05:00:00,13467.132,14607.985,19206.041,14589.74,16110.5205
2013-12-02 06:00:00,13467.269,14608.251,19207.043,14589.743,16110.859
2013-12-02 07:00:00,13467.678,14608.254,19208.701,14589.743,16111.289
2013-12-02 08:00:00,13467.958,14608.254,19211.012,14589.743,16111.391
2013-12-02 09:00:00,13467.986,14608.254,19213.607,14589.755,16111.391
2013-12-02 10:00:00,13467.986,14608.304,19217.225,14590.296,16111.863
2013-12-02 11:00:00,13468.11,14609.2,19223.012,14591.907,16112.895
2013-12-02 12:00:00,13468.407,14610.293,19229.055,14594.823,16114.172
2013-12-02 13:00:00,13469.147,14611.185,19234.049,14598.193,16116.052
2013-12-02 14:00:00,13469.522,14612.631,19239.398,14602.45,16117.206
2013-12-02 15:00:00,13466.686,14605.884,19204.547,14589.503,16108.673
2013-12-02 16:00:00,13466.686,14605.884,19204.547,14589.503,16108.673
2013-12-02 17:00:00,13466.686,14605.884,19204.547,14589.503,16108.673
2013-12-02 18:00:00,13466.686,14605.884,19204.559,14589.503,16108.777
2013-12-02 19:00:00,13466.686,14605.884,19204.568,14589.503,16108.777
2013-12-02 20:00:00,13466.686,14605.884,19204.568,14589.503,16109.192
2013-12-02 21:00:00,13466.686,14606.013,19204.568,14589.503,16109.481
2013-12-02 22:00:00,13466.686,14606.683,19204.568,14589.503,16109.522
2013-12-02 23:00:00,13466.686,14607.767,19204.568,14589.657,16109.522
2013-12-03 00:00:00,13470.59,14614.14,19245.08,14608.466,16118.914
2013-12-03 01:00:00,13471.726,14615.526,19249.736,14615.472,16119.756
2013-12-03 02:00:00,13472.481,14616.804,19253.453,14620.871,16120.994
2013-12-03 03:00:00,13473.178,14618.646,19257.904,14625.183,16122.876
2013-12-03 04:00:00,13474.087,14620.111,19261.04,14629.816,16125.27
2013-12-03 05:00:00,13474.97,14622.597,19264.719,14633.941,16128.25
2013-12-03 06:00:00,13476.062,14625.256,19269.926,14636.974,16131.4375
2013-12-03 07:00:00,13477.823,14627.634,19272.467,14639.732,16132.292
2013-12-03 08:00:00,13478.409,14627.992,19273.332,14639.744,16132.292
2013-12-03 09:00:00,13478.583,14628.268,19273.947,14639.878,16132.292
2013-12-03 10:00:00,13478.583,14628.268,19274.096,14639.878,16132.292
2013-12-03 11:00:00,13478.583,14628.268,19274.115,14639.878,16132.292
2013-12-03 12:00:00,13478.583,14628.268,19274.115,14639.878,16132.292
2013-12-03 13:00:00,13478.583,14628.268,19274.115,14639.878,16132.292
2013-12-03 14:00:00,13478.583,14628.268,19274.213,14639.878,16132.745
2013-12-03 15:00:00,13478.583,14628.268,19274.418,14639.928,16133.337
2013-12-03 16:00:00,13478.583,14628.268,19274.418,14639.935,16133.337
2013-12-03 17:00:00,13478.583,14628.268,19274.418,14639.935,16133.337
2013-12-03 18:00:00,13478.583,14628.268,19274.418,14639.935,16133.337
2013-12-03 19:00:00,13478.583,14628.268,19274.418,14639.935,16133.341
2013-12-03 20:00:00,13478.583,14628.268,19274.469,14639.935,16134.761
2013-12-03 21:00:00,13478.583,14628.268,19274.469,14640.18,16134.761
2013-12-03 22:00:00,13478.583,14628.268,19274.469,14640.18,16135.405
2013-12-03 23:00:00,13478.583,14628.433,19274.469,14640.18,16135.503
2013-12-04 00:00:00,13478.583,14628.477,19274.572,14640.182,16135.503
2013-12-04 01:00:00,13478.583,14628.522,19274.572,14640.19,16135.503
2013-12-04 02:00:00,13478.615,14628.522,19275.549,14640.19,16135.809
2013-12-04 03:00:00,13478.615,14629.1,19276.133,14640.311,16136.086
2013-12-04 04:00:00,13478.615,14629.928,19277.09,14640.468,16137.373
2013-12-04 05:00:00,13479.2295,14631.059,19279.635,14640.95,16139.878
2013-12-04 06:00:00,13480.538,14633.744,19280.004,14643.579,16140.627
2013-12-04 07:00:00,13480.732,14634.231,19281.65,14644.293,16142.438
2013-12-04 08:00:00,13482.385,14634.4795,19284.832,14645.397,16143.859
2013-12-04 09:00:00,13481.181,14634.368,19282.395,14645.339,16143.131
2013-12-04 10:00:00,13484.13,14635.37,19285.316,14647.453,16144.612
2013-12-04 11:00:00,13484.363,14636.224,19286.562,14649.222,16145.978
2013-12-04 12:00:00,13484.739,14637.704,19287.63,14649.899,16147.658
2013-12-04 13:00:00,13485.341,14639.133,19287.967,14651.228,16147.804
2013-12-04 14:00:00,13486.346,14639.944,19291.865,14651.722,16148.847
2013-12-04 15:00:00,13488.312,14640.153,19292.93,14652.376,16152.161
2013-12-04 16:00:00,13490.4375,14642.471,19293.957,14656.726,16154.223
2013-12-04 17:00:00,13492.88,14642.919,19295.049,14658.369,16156.434
2013-12-04 18:00:00,13494.479,14644.464,19295.861,14661.241,16158.268
2013-12-04 19:00:00,13495.376,14644.961,19297.65,14661.965,16159.782
2013-12-04 20:00:00,13496.804,14646.058,19298.863,14664.004,16162.416
2013-12-04 21:00:00,13498.198,14647.323,19299.842,14666.011,16163.679
2013-12-04 22:00:00,13498.782,14649.315,19299.852,14667.502,16164.068
2013-12-04 23:00:00,13499.765,14649.518,19301.504,14667.6,16164.137
2013-12-05 00:00:00,13500.38,14650.409,19302.09,14668.466,16164.417
2013-12-05 01:00:00,13501.772,14651.327,19304.084,14671.206,16167.135
2013-12-05 02:00:00,13502.655,14652.327,19305.262,14672.333,16168.047
2013-12-05 03:00:00,13503.133,14652.563,19306.629,14672.572,16168.047
2013-12-05 04:00:00,13503.223,14652.563,19306.828,14672.62,16168.047
2013-12-05 05:00:00,13503.223,14652.563,19306.828,14672.62,16168.149
2013-12-05 06:00:00,13503.223,14652.563,19306.828,14672.62,16168.149
2013-12-05 07:00:00,13503.223,14652.563,19306.828,14672.62,16168.149
2013-12-05 08:00:00,13503.223,14652.563,19306.828,14672.62,16168.149
2013-12-05 09:00:00,13503.223,14652.563,19306.828,14672.62,16168.149
2013-12-05 10:00:00,13503.223,14652.563,19306.828,14672.62,16168.149
2013-12-05 11:00:00,13503.223,14652.563,19306.828,14672.62,16168.149
2013-12-05 12:00:00,13503.223,14652.563,19306.828,14672.62,16168.149
2013-12-05 13:00:00,13503.223,14652.563,19306.828,14672.62,16168.193
2013-12-05 14:00:00,13503.241,14652.582,19307.035,14672.62,16169.729
2013-12-05 15:00:00,13503.263,14653.99,19308.518,14672.779,16170.696
2013-12-05 16:00:00,13504.593,14654.315,19308.955,14673.3545,16170.93
2013-12-05 17:00:00,13504.673,14654.315,19308.955,14673.3545,16170.93
2013-12-05 18:00:00,13504.688,14654.315,19308.955,14673.3545,16170.93
2013-12-05 19:00:00,13504.845,14654.461,19309.035,14673.3545,16171.743
2013-12-05 20:00:00,13504.977,14654.468,19309.053,14673.3545,16171.743
2013-12-05 21:00:00,13504.977,14654.468,19309.162,14673.3545,16171.743
2013-12-05 22:00:00,13504.977,14654.468,19309.162,14673.3545,16171.746
2013-12-05 23:00:00,13504.977,14654.468,19309.162,14673.3545,16171.974
2013-12-06 00:00:00,13504.977,14654.55,19310.193,14673.864,16172.061
2013-12-06 01:00:00,13504.993,14654.55,19310.193,14673.864,16172.061
2013-12-06 02:00:00,13505.07,14654.55,19310.234,14673.864,16172.188
2013-12-06 03:00:00,13505.452,14654.55,19311.709,14674.046,16173.032
2013-12-06 04:00:00,13505.749,14655.956,19313.1,14674.677,16174.561
2013-12-06 05:00:00,13506.182,14656.752,19313.346,14675.161,16176.081
2013-12-06 06:00:00,13506.868,14656.752,19313.346,14675.161,16176.081
2013-12-06 07:00:00,13506.868,14656.752,19313.346,14675.161,16176.081
2013-12-06 08:00:00,13506.937,14656.791,19313.346,14675.161,16176.727
2013-12-06 09:00:00,13508.287,14658.098,19314.373,14675.238,16179.819
2013-12-06 10:00:00,13510.287,14660.08,19316.94,14677.487,16180.958
2013-12-06 11:00:00,13511.177,14660.957,19318.098,14678.527,16181.427
2013-12-06 12:00:00,13512.286,14661.86,19319.176,14679.524,16181.767
2013-12-06 13:00:00,13512.528,14661.961,19319.486,14679.651,16181.836
2013-12-06 14:00:00,13514.261,14662.232,19321.895,14680.257,16181.903
2013-12-06 15:00:00,13516.244,14662.402,19323.012,14681.22,16181.903
2013-12-06 16:00:00,13518.191,14662.775,19323.416,14681.594,16183.286
2013-12-06 17:00:00,13519.695,14664.723,19325.596,14681.92,16184.81
2013-12-06 18:00:00,13521.234,14665.328,19326.016,14682.34,16184.846
2013-12-06 19:00:00,13523.244,14665.328,19327.33,14682.378,16184.993
2013-12-06 20:00:00,13525.2705,14665.653,19328.258,14682.494,16186.066
2013-12-06 21:00:00,13526.13,14666.123,19329.008,14682.544,16186.479
2013-12-06 22:00:00,13526.928,14666.824,19330.727,14683.031,16187.418
2013-12-06 23:00:00,13527.25,14667.666,19330.773,14683.126,16188.569
2013-12-07 00:00:00,13527.746,14667.92,19331.377,14684.107,16188.835
2013-12-07 01:00:00,13528.163,14668.1045,19331.955,14684.11,16188.903
2013-12-07 02:00:00,13528.75,14668.161,19334.59,14684.495,16189.043
2013-12-07 03:00:00,13529.408,14668.298,19335.42,14684.716,16189.561
2013-12-07 04:00:00,13530.661,14668.59,19335.934,14684.716,16190.393
2013-12-07 05:00:00,13530.837,14668.59,19336.434,14685.112,16191.062
2013-12-07 06:00:00,13531.148,14669.33,19336.496,14685.112,16193.25
2013-12-07 07:00:00,13531.595,14669.789,19336.512,14685.112,16193.425
2013-12-07 08:00:00,13532.0205,14669.789,19336.512,14685.112,16193.425
2013-12-07 09:00:00,13532.0205,14669.789,19336.545,14685.112,16193.425
2013-12-07 10:00:00,13532.0205,14669.789,19336.545,14685.112,16193.425
2013-12-07 11:00:00,13532.0205,14669.789,19336.545,14685.112,16193.425
2013-12-07 12:00:00,13532.0205,14669.789,19336.545,14685.112,16193.425
2013-12-07 13:00:00,13532.0205,14669.789,19336.545,14685.112,16193.425
2013-12-07 14:00:00,13532.0205,14669.789,19336.545,14685.112,16193.467
2013-12-07 15:00:00,13532.0205,14669.789,19336.545,14685.112,16193.467
2013-12-07 16:00:00,13532.0205,14669.789,19336.545,14685.112,16193.467
2013-12-07 17:00:00,13532.0205,14669.789,19336.545,14685.112,16193.467
2013-12-07 18:00:00,13532.0205,14669.789,19336.545,14685.112,16193.467
2013-12-07 19:00:00,13532.0205,14669.789,19336.545,14685.112,16193.467
2013-12-07 20:00:00,13532.0205,14669.789,19336.545,14685.112,16193.467
2013-12-07 21:00:00,13532.0205,14669.789,19336.545,14685.112,16193.467
2013-12-07 22:00:00,13532.0205,14669.789,19336.545,14685.112,16193.467
2013-12-07 23:00:00,13532.0205,14669.789,19336.545,14685.112,16193.467
2013-12-08 00:00:00,13532.0205,14669.789,19336.545,14685.112,16193.467
2013-12-08 01:00:00,13532.0205,14669.789,19336.545,14685.112,16193.467
2013-12-08 02:00:00,13532.0205,14669.878,19336.545,14685.434,16193.467
2013-12-08 03:00:00,13532.575,14670.421,19336.545,14686.268,16193.604
2013-12-08 04:00:00,13533.4,14671.246,19336.545,14687.132,16194.369
2013-12-08 05:00:00,13534.311,14672.162,19337.047,14688.775,16195.5
2013-12-08 06:00:00,13535.953,14672.6875,19338.295,14690.817,16196.038
2013-12-08 07:00:00,13537.5625,14672.811,19338.988,14691.869,16196.444
2013-12-08 08:00:00,13539.245,14672.845,19340.215,14692.468,16196.929
2013-12-08 09:00:00,13540.512,14672.845,19340.828,14692.989,16197.687
2013-12-08 10:00:00,13540.769,14672.845,19340.828,14693.828,16197.906
2013-12-08 11:00:00,13540.769,14672.845,19340.828,14694.077,16197.906
2013-12-08 12:00:00,13540.769,14672.845,19340.828,14694.218,16197.906
2013-12-08 13:00:00,13540.769,14672.845,19340.828,14694.414,16197.909
2013-12-08 14:00:00,13540.844,14672.845,19340.828,14694.589,16197.909
2013-12-08 15:00:00,13540.844,14672.845,19340.828,14694.589,16197.909
2013-12-08 16:00:00,13540.844,14672.845,19340.828,14694.589,16197.909
2013-12-08 17:00:00,13540.844,14672.845,19340.828,14694.589,16197.909
2013-12-08 18:00:00,13540.844,14672.845,19340.828,14694.589,16197.909
2013-12-08 19:00:00,13540.844,14672.847,19340.828,14694.589,16197.909
2013-12-08 20:00:00,13540.844,14672.8545,19340.828,14694.589,16197.909
2013-12-08 21:00:00,13540.844,14672.8545,19340.828,14694.589,16197.92
2013-12-08 22:00:00,13540.844,14672.8545,19340.828,14694.589,16197.933
2013-12-08 23:00:00,13540.844,14672.8545,19340.828,14694.589,16197.974
2013-12-09 00:00:00,13540.844,14672.96,19340.828,14694.589,16197.974
2013-12-09 01:00:00,13540.844,14673.257,19340.828,14694.92,16197.974
2013-12-09 02:00:00,13540.844,14673.262,19340.828,14694.92,16197.974
2013-12-09 03:00:00,13540.844,14673.262,19340.828,14694.936,16197.974
2013-12-09 04:00:00,13540.844,14673.345,19340.828,14695.3125,16198.124
2013-12-09 05:00:00,13541.118,14674.234,19340.828,14696.142,16198.46
2013-12-09 06:00:00,13541.463,14674.706,19340.844,14696.5205,16198.766
2013-12-09 07:00:00,13541.463,14674.721,19341.621,14696.765,16198.955
2013-12-09 08:00:00,13541.724,14674.721,19341.645,14697.025,16198.955
2013-12-09 09:00:00,13541.724,14675.124,19341.645,14697.293,16199.031
2013-12-09 10:00:00,13541.724,14675.446,19341.645,14697.346,16199.251
2013-12-09 11:00:00,13541.724,14675.68,19341.645,14697.346,16199.287
2013-12-09 12:00:00,13541.724,14675.721,19341.645,14697.346,16199.287
2013-12-09 13:00:00,13541.724,14675.776,19341.645,14697.346,16199.342
2013-12-09 14:00:00,13541.724,14675.791,19341.645,14697.346,16199.43
2013-12-09 15:00:00,13541.724,14676.071,19341.645,14697.531,16199.477
2013-12-09 16:00:00,13542.149,14676.9795,19341.715,14698.312,16200.194
2013-12-09 17:00:00,13543.432,14678.435,19341.791,14698.579,16201.223
2013-12-09 18:00:00,13543.782,14679.995,19342.828,14699.281,16204.006
2013-12-09 19:00:00,13543.979,14682.516,19344.334,14700.354,16209.109
2013-12-09 20:00:00,13544.73,14684.843,19346.648,14702.651,16212.227
2013-12-09 21:00:00,13545.889,14685.662,19346.668,14703.522,16213.809
2013-12-09 22:00:00,13546.848,14685.83,19346.668,14704.12,16215.294
2013-12-09 23:00:00,13540.844,14672.96,19340.828,14694.589,16197.974
2013-12-10 00:00:00,13548.186,14686.031,19346.668,14704.427,16216.271
2013-12-10 01:00:00,13548.186,14686.031,19346.668,14704.427,16216.271
2013-12-10 02:00:00,13548.186,14686.031,19346.668,14704.427,16216.271
2013-12-10 03:00:00,13548.186,14686.031,19346.668,14704.427,16216.271
2013-12-10 04:00:00,13548.186,14686.046,19346.668,14704.427,16216.271
2013-12-10 05:00:00,13548.186,14686.046,19346.668,14704.427,16216.271
2013-12-10 06:00:00,13548.186,14686.046,19346.668,14704.427,16216.271
2013-12-10 07:00:00,13548.186,14686.046,19346.668,14704.427,16216.271
2013-12-10 08:00:00,13548.186,14686.046,19346.668,14704.427,16216.271
2013-12-10 09:00:00,13548.186,14686.046,19346.668,14704.427,16216.271
2013-12-10 10:00:00,13548.186,14686.046,19346.668,14704.427,16216.271
2013-12-10 11:00:00,13548.186,14686.046,19346.668,14704.427,16216.271
2013-12-10 12:00:00,13548.186,14686.046,19346.668,14704.427,16216.271
2013-12-10 13:00:00,13548.186,14686.046,19346.668,14704.427,16216.271
2013-12-10 14:00:00,13547.859,14685.83,19346.668,14704.12,16216.081
2013-12-10 15:00:00,13547.96,14685.83,19346.668,14704.12,16216.271
2013-12-10 16:00:00,13548.186,14685.83,19346.668,14704.12,16216.271
2013-12-10 17:00:00,13548.186,14685.83,19346.668,14704.141,16216.271
2013-12-10 18:00:00,13548.186,14686.031,19346.668,14704.233,16216.271
2013-12-10 19:00:00,13548.186,14686.031,19346.668,14704.233,16216.271
2013-12-10 20:00:00,13548.186,14686.031,19346.668,14704.259,16216.271
2013-12-10 21:00:00,13548.186,14686.031,19346.668,14704.427,16216.271
2013-12-10 22:00:00,13548.186,14686.031,19346.668,14704.427,16216.271
2013-12-10 23:00:00,13548.186,14686.031,19346.668,14704.427,16216.271
2013-12-11 00:00:00,13548.186,14686.046,19346.668,14704.427,16216.271
2013-12-11 01:00:00,13548.186,14686.046,19346.668,14704.427,16216.271
2013-12-11 02:00:00,13548.186,14686.046,19346.668,14704.434,16216.317
2013-12-11 03:00:00,13548.186,14686.227,19346.668,14704.445,16216.448
2013-12-11 04:00:00,13548.186,14686.383,19346.668,14704.451,16216.448
2013-12-11 05:00:00,13548.186,14686.383,19346.668,14704.451,16216.448
2013-12-11 06:00:00,13548.186,14686.383,19346.668,14704.451,16216.448
2013-12-11 07:00:00,13548.186,14686.383,19346.668,14704.664,16216.448
2013-12-11 08:00:00,13548.204,14686.7,19346.668,14704.948,16216.897
2013-12-11 09:00:00,13548.834,14687.514,19346.838,14706.512,16217.878
2013-12-11 10:00:00,13549.518,14687.514,19347.557,14707.438,16218.831
2013-12-11 11:00:00,13550.071,14687.739,19347.557,14707.438,16220.318
2013-12-11 12:00:00,13551.233,14688.44,19347.557,14707.481,16221.85
2013-12-11 13:00:00,13552.9,14689.291,19347.557,14707.961,16224.077
2013-12-11 14:00:00,13554.596,14689.475,19347.557,14708.371,16226.153
2013-12-11 15:00:00,13555.913,14689.475,19347.557,14708.371,16227.1045
2013-12-11 16:00:00,13557.679,14689.475,19347.557,14708.371,16227.48
2013-12-11 17:00:00,13558.493,14689.475,19347.557,14708.371,16227.54
2013-12-11 18:00:00,13558.646,14689.475,19347.557,14708.371,16227.54
2013-12-11 19:00:00,13558.794,14689.475,19347.557,14708.371,16227.54
2013-12-11 20:00:00,13558.794,14689.475,19347.557,14708.371,16227.54
2013-12-11 21:00:00,13558.794,14689.475,19347.557,14708.371,16227.54
2013-12-11 22:00:00,13558.794,14689.475,19347.742,14708.371,16227.54
2013-12-11 23:00:00,13558.794,14689.475,19347.893,14708.371,16227.54
2013-12-12 00:00:00,13558.794,14689.475,19347.893,14708.371,16227.54
2013-12-12 01:00:00,13558.802,14689.475,19347.893,14708.371,16227.54
2013-12-12 02:00:00,13558.802,14689.475,19347.893,14708.371,16227.54
2013-12-12 03:00:00,13558.802,14689.475,19347.893,14708.371,16227.54
2013-12-12 04:00:00,13558.802,14689.475,19347.893,14708.371,16227.54
2013-12-12 05:00:00,13558.802,14689.475,19347.893,14708.371,16227.54
2013-12-12 06:00:00,13558.802,14689.475,19347.893,14708.371,16227.54
2013-12-12 07:00:00,13558.802,14689.475,19347.893,14708.371,16227.54
2013-12-12 08:00:00,13558.804,14689.475,19348.557,14708.371,16228.168
2013-12-12 09:00:00,13559.004,14689.672,19351.469,14708.702,16229.861
2013-12-12 10:00:00,13559.729,14690.957,19354.521,14712.326,16230.84
2013-12-12 11:00:00,13560.531,14692.13,19357.598,14713.924,16233.006
2013-12-12 12:00:00,13561.827,14696.481,19360.121,14719.649,16234.305
2013-12-12 13:00:00,13562.398,14698.109,19363.85,14721.873,16236.288
2013-12-12 14:00:00,13564.586,14699.626,19368.104,14726.69,16238.556
2013-12-12 15:00:00,13565.452,14700.516,19369.457,14728.75,16239.215
2013-12-12 16:00:00,13565.452,14700.516,19369.56,14729.106,16239.215
2013-12-12 17:00:00,13565.452,14700.516,19369.56,14729.106,16239.215
2013-12-12 18:00:00,13565.455,14700.516,19369.56,14729.106,16239.215
2013-12-12 19:00:00,13565.455,14700.516,19369.56,14729.106,16239.239
2013-12-12 20:00:00,13565.455,14700.516,19369.56,14729.106,16239.281
2013-12-12 21:00:00,13565.455,14700.516,19369.56,14729.106,16239.281
2013-12-12 22:00:00,13565.455,14700.516,19369.56,14729.106,16239.289
2013-12-12 23:00:00,13565.461,14700.516,19369.693,14729.106,16239.289
2013-12-13 00:00:00,13565.461,14700.516,19369.693,14729.106,16239.289
2013-12-13 01:00:00,13565.461,14700.516,19369.693,14729.106,16239.289
2013-12-13 02:00:00,13565.461,14700.516,19369.693,14729.106,16239.289
2013-12-13 03:00:00,13565.461,14700.516,19369.693,14729.106,16239.289
2013-12-13 04:00:00,13565.461,14700.516,19369.693,14729.106,16239.289
2013-12-13 05:00:00,13565.461,14700.516,19369.693,14729.106,16239.289
2013-12-13 06:00:00,13565.461,14700.516,19369.693,14729.106,16239.289
2013-12-13 07:00:00,13565.461,14700.516,19369.693,14729.106,16239.289
2013-12-13 08:00:00,13565.461,14700.516,19369.693,14729.106,16239.289
2013-12-13 09:00:00,13565.461,14700.516,19369.693,14729.106,16239.289
2013-12-13 10:00:00,13565.461,14700.516,19369.693,14729.106,16239.289
2013-12-13 11:00:00,13565.461,14700.516,19369.693,14729.106,16239.289
2013-12-13 12:00:00,13565.461,14700.516,19369.693,14729.106,16239.289
2013-12-13 13:00:00,13565.461,14700.516,19369.693,14729.106,16239.289
2013-12-13 14:00:00,13565.461,14700.516,19369.693,14729.106,16239.289
2013-12-13 15:00:00,13565.861,14700.516,19369.75,14729.666,16239.629
2013-12-13 16:00:00,13566.372,14700.516,19369.787,14730.177,16240.218
2013-12-13 17:00:00,13566.797,14700.516,19370.523,14730.721,16241.444
2013-12-13 18:00:00,13568.241,14700.841,19372.004,14731.795,16241.62
2013-12-13 19:00:00,13568.779,14700.941,19372.773,14732.159,16242.506
2013-12-13 20:00:00,13569.704,14701.64,19372.94,14732.958,16243.014
2013-12-13 21:00:00,13571.215,14703.31,19375.314,14734.918,16244.96
2013-12-13 22:00:00,13574.027,14704.484,19378.115,14737.069,16245.625
2013-12-13 23:00:00,13574.374,14704.523,19378.887,14737.2705,16245.631
2013-12-14 00:00:00,13582.64,14712.556,19389.244,14746.983,16250.9
2013-12-14 01:00:00,13583.523,14712.932,19390.186,14746.983,16250.979
2013-12-14 02:00:00,13584.313,14713.092,19391.277,14747.054,16252.631
2013-12-14 03:00:00,13574.386,14704.565,19380.205,14737.2705,16245.8545
2013-12-14 04:00:00,13574.386,14704.565,19381.023,14737.2705,16245.8545
2013-12-14 05:00:00,13574.386,14704.565,19381.023,14737.2705,16245.872
2013-12-14 06:00:00,13574.591,14704.631,19381.023,14737.666,16246.356
2013-12-14 07:00:00,13575.395,14705.832,19381.023,14738.722,16247.904
2013-12-14 08:00:00,13576.241,14706.42,19381.854,14740.045,16249.503
2013-12-14 09:00:00,13577.586,14707.337,19383.355,14741.697,16250.0
2013-12-14 10:00:00,13578.853,14708.84,19384.732,14743.3955,16250.158
2013-12-14 11:00:00,13580.26,14710.8545,19387.236,14744.907,16250.482
2013-12-14 12:00:00,13581.495,14712.253,19389.244,14746.145,16250.806
2013-12-14 13:00:00,13582.258,14712.431,19389.244,14746.515,16250.877
2013-12-14 14:00:00,13582.39,14712.536,19389.244,14746.983,16250.899
2013-12-14 15:00:00,13582.64,14712.556,19389.244,14746.983,16250.9
2013-12-14 16:00:00,13582.64,14712.556,19389.244,14746.983,16250.9
2013-12-14 17:00:00,13582.64,14712.556,19389.244,14746.983,16250.9
2013-12-14 18:00:00,13582.64,14712.556,19389.244,14746.983,16250.9
2013-12-14 19:00:00,13582.64,14712.556,19389.244,14746.983,16250.9
2013-12-14 20:00:00,13582.64,14712.556,19389.244,14746.983,16250.9
2013-12-14 21:00:00,13582.64,14712.556,19389.244,14746.983,16250.9
2013-12-14 22:00:00,13582.64,14712.556,19389.244,14746.983,16250.9
2013-12-14 23:00:00,13582.64,14712.773,19389.244,14746.983,16250.9
2013-12-15 00:00:00,13585.071,14714.001,19391.36,14747.944,16254.544
2013-12-15 01:00:00,13585.87,14715.06,19391.36,14749.527,16256.501
2013-12-15 02:00:00,13587.03,14716.331,19391.896,14750.6875,16258.8955
2013-12-15 03:00:00,13588.56,14719.3125,19397.262,14752.505,16262.031
2013-12-15 04:00:00,13590.694,14721.772,19403.889,14754.757,16264.27
2013-12-15 05:00:00,13592.769,14722.516,19406.06,14757.225,16264.44
2013-12-15 06:00:00,13592.803,14723.602,19406.385,14757.735,16264.652
2013-12-15 07:00:00,13592.803,14723.602,19406.385,14757.9795,16264.652
2013-12-15 08:00:00,13592.803,14723.602,19406.418,14757.9795,16264.895
2013-12-15 09:00:00,13593.249,14723.903,19406.666,14758.011,16265.637
2013-12-15 10:00:00,13593.538,14724.084,19407.1,14758.268,16265.875
2013-12-15 11:00:00,13593.538,14724.122,19407.125,14758.328,16265.875
2013-12-15 12:00:00,13593.538,14724.157,19407.125,14758.328,16265.875
2013-12-15 13:00:00,13593.538,14724.157,19407.125,14758.328,16265.875
2013-12-15 14:00:00,13593.538,14724.157,19407.125,14758.328,16265.875
2013-12-15 15:00:00,13593.538,14724.157,19407.125,14758.328,16265.875
2013-12-15 16:00:00,13593.538,14724.157,19407.125,14758.328,16265.875
2013-12-15 17:00:00,13593.538,14724.157,19407.125,14758.328,16265.875
2013-12-15 18:00:00,13593.538,14724.157,19407.125,14758.328,16265.875
2013-12-15 19:00:00,13593.538,14724.157,19407.125,14758.328,16265.875
2013-12-15 20:00:00,13593.538,14724.157,19407.125,14758.328,16265.88
2013-12-15 21:00:00,13593.538,14724.573,19407.129,14758.335,16266.42
2013-12-15 22:00:00,13593.939,14725.257,19407.994,14759.063,16269.23
2013-12-15 23:00:00,13594.608,14726.076,19411.396,14759.181,16272.584
2013-12-16 00:00:00,13602.344,14737.736,19430.467,14774.691,16283.14
2013-12-16 01:00:00,13602.797,14739.488,19432.443,14776.261,16283.337
2013-12-16 02:00:00,13604.354,14741.362,19434.658,14778.325,16284.612
2013-12-16 03:00:00,13604.446,14741.471,19435.06,14778.378,16285.077
2013-12-16 04:00:00,13604.749,14742.204,19435.234,14778.729,16285.83
2013-12-16 05:00:00,13604.749,14742.7295,19435.656,14779.279,16285.83
2013-12-16 06:00:00,13604.826,14743.446,19436.977,14779.484,16286.18
2013-12-16 07:00:00,13605.63,14744.333,19437.133,14780.775,16286.657
2013-12-16 08:00:00,13606.164,14744.505,19437.326,14781.88,16286.759
2013-12-16 09:00:00,13607.339,14744.68,19440.107,14782.093,16288.422
2013-12-16 10:00:00,13608.463,14744.68,19440.82,14782.12,16288.436
2013-12-16 11:00:00,13595.905,14727.699,19414.139,14760.509,16275.685
2013-12-16 12:00:00,13596.934,14728.062,19416.365,14760.946,16277.742
2013-12-16 13:00:00,13598.029,14728.467,19420.55,14761.223,16279.384
2013-12-16 14:00:00,13598.887,14728.734,19422.299,14761.946,16281.402
2013-12-16 15:00:00,13599.404,14730.655,19424.725,14764.039,16281.402
2013-12-16 16:00:00,13599.795,14732.828,19426.158,14766.5,16282.059
2013-12-16 17:00:00,13599.963,14733.094,19426.232,14767.286,16282.059
2013-12-16 18:00:00,13599.963,14733.094,19426.232,14767.286,16282.059
2013-12-16 19:00:00,13599.963,14733.108,19426.45,14767.286,16282.059
2013-12-16 20:00:00,13600.293,14734.414,19428.64,14768.451,16282.534
2013-12-16 21:00:00,13600.789,14735.154,19428.64,14771.129,16282.652
2013-12-16 22:00:00,13602.29,14736.901,19428.896,14774.228,16282.795
2013-12-16 23:00:00,13602.344,14737.736,19429.19,14774.663,16282.899
2013-12-17 00:00:00,13609.543,14744.707,19442.627,14782.122,16288.846
2013-12-17 01:00:00,13611.204,14746.414,19444.094,14784.189,16289.564
2013-12-17 02:00:00,13612.623,14747.004,19445.232,14784.663,16290.028
2013-12-17 03:00:00,13613.828,14748.362,19447.705,14785.914,16293.587
2013-12-17 04:00:00,13616.897,14748.968,19448.717,14788.323,16296.281
2013-12-17 05:00:00,13617.744,14749.639,19448.967,14789.09,16296.281
2013-12-17 06:00:00,13618.358,14750.119,19450.096,14789.888,16297.434
2013-12-17 07:00:00,13620.209,14750.368,19451.34,14790.244,16298.967
2013-12-17 08:00:00,13622.715,14751.529,19453.916,14790.84,16299.703
2013-12-17 09:00:00,13623.852,14751.636,19455.549,14791.187,16300.348
2013-12-17 10:00:00,13624.272,14752.564,19456.623,14791.64,16300.549
2013-12-17 11:00:00,13625.654,14752.564,19460.594,14791.804,16301.114
2013-12-17 12:00:00,13625.897,14753.313,19461.377,14792.841,16301.342
2013-12-17 13:00:00,13626.878,14754.357,19461.744,14795.39,16301.722
2013-12-17 14:00:00,13626.882,14755.001,19462.25,14795.532,16302.046
2013-12-17 15:00:00,13627.313,14755.345,19462.76,14795.695,16302.508
2013-12-17 16:00:00,13628.01,14757.791,19463.12,14798.223,16302.751
2013-12-17 17:00:00,13628.193,14758.116,19464.29,14798.986,16303.286
2013-12-17 18:00:00,13630.239,14758.419,19468.207,14800.884,16307.602
2013-12-17 19:00:00,13631.315,14758.458,19470.268,14801.083,16308.16
2013-12-17 20:00:00,13631.473,14758.464,19471.037,14801.126,16309.127
2013-12-17 21:00:00,13631.493,14758.554,19471.615,14801.346,16309.201
2013-12-17 22:00:00,13631.693,14758.554,19471.785,14801.355,16309.249
2013-12-17 23:00:00,13631.701,14758.617,19471.996,14801.529,16309.366
2013-12-18 00:00:00,13633.2295,14761.049,19473.244,14803.8125,16309.414
2013-12-18 01:00:00,13633.873,14761.837,19473.246,14804.089,16309.445
2013-12-18 02:00:00,13633.873,14761.837,19473.246,14804.089,16309.445
2013-12-18 03:00:00,13633.873,14761.837,19473.246,14804.089,16309.445
2013-12-18 04:00:00,13633.873,14761.837,19473.246,14804.089,16309.445
2013-12-18 05:00:00,13633.873,14761.837,19473.246,14804.089,16309.445
2013-12-18 06:00:00,13633.873,14761.837,19473.246,14804.089,16309.445
2013-12-18 07:00:00,13633.873,14761.837,19473.246,14804.089,16309.445
2013-12-18 08:00:00,13633.873,14761.837,19473.246,14804.089,16309.445
2013-12-18 09:00:00,13633.873,14761.837,19473.246,14804.089,16309.445
2013-12-18 10:00:00,13633.873,14761.837,19473.246,14804.089,16309.445
2013-12-18 11:00:00,13633.873,14761.974,19473.246,14804.089,16309.445
2013-12-18 12:00:00,13633.883,14761.974,19473.246,14804.089,16309.445
2013-12-18 13:00:00,13633.883,14761.974,19473.246,14804.089,16309.445
2013-12-18 14:00:00,13633.883,14761.974,19473.246,14804.089,16309.445
2013-12-18 15:00:00,13633.883,14761.974,19473.246,14804.089,16309.445
2013-12-18 16:00:00,13633.883,14761.974,19473.246,14804.089,16309.445
2013-12-18 17:00:00,13633.883,14761.974,19473.246,14804.089,16309.445
2013-12-18 18:00:00,13633.883,14761.974,19473.246,14804.089,16309.445
2013-12-18 19:00:00,13633.883,14761.974,19473.246,14804.089,16309.445
2013-12-18 20:00:00,13633.883,14761.974,19473.246,14804.089,16309.445
2013-12-18 21:00:00,13632.031,14760.932,19472.479,14802.241,16309.414
2013-12-18 22:00:00,13633.531,14761.769,19473.246,14803.966,16309.445
2013-12-18 23:00:00,13633.873,14761.837,19473.246,14804.089,16309.445
2013-12-19 00:00:00,13633.883,14761.974,19473.246,14804.089,16309.445
2013-12-19 01:00:00,13633.883,14761.974,19473.246,14804.089,16309.445
2013-12-19 02:00:00,13633.883,14761.974,19473.246,14804.089,16309.445
2013-12-19 03:00:00,13633.883,14761.974,19473.246,14804.089,16309.445
2013-12-19 04:00:00,13633.883,14761.974,19473.246,14804.089,16309.445
2013-12-19 05:00:00,13633.883,14761.974,19473.246,14804.089,16309.445
2013-12-19 06:00:00,13633.883,14761.974,19473.246,14804.089,16309.445
2013-12-19 07:00:00,13633.883,14761.974,19473.246,14804.089,16309.445
2013-12-19 08:00:00,13633.883,14761.974,19473.246,14804.089,16309.445
2013-12-19 09:00:00,13633.883,14761.974,19473.246,14804.089,16309.445
2013-12-19 10:00:00,13633.883,14761.974,19473.246,14804.089,16309.445
2013-12-19 11:00:00,13633.883,14762.546,19473.246,14804.089,16309.445
2013-12-19 12:00:00,13633.883,14763.814,19473.246,14804.089,16309.752
2013-12-19 13:00:00,13633.887,14766.249,19474.125,14804.089,16312.654
2013-12-19 14:00:00,13634.914,14768.5205,19475.705,14804.094,16315.222
2013-12-19 15:00:00,13637.6,14769.179,19476.412,14804.755,16315.249
2013-12-19 16:00:00,13638.243,14769.915,19477.05,14804.914,16315.262
2013-12-19 17:00:00,13638.25,14769.928,19477.074,14804.914,16315.262
2013-12-19 18:00:00,13638.25,14769.995,19477.074,14804.921,16315.262
2013-12-19 19:00:00,13638.543,14770.037,19477.074,14805.378,16315.297
2013-12-19 20:00:00,13638.744,14770.037,19477.074,14805.517,16315.297
2013-12-19 21:00:00,13638.772,14770.037,19477.074,14805.517,16315.297
2013-12-19 22:00:00,13638.772,14770.037,19477.074,14805.517,16315.297
2013-12-19 23:00:00,13638.772,14770.037,19477.074,14805.517,16315.297
2013-12-20 00:00:00,13638.772,14770.037,19477.074,14805.517,16315.297
2013-12-20 01:00:00,13639.122,14772.079,19477.074,14806.811,16315.325
2013-12-20 02:00:00,13641.18,14772.344,19477.084,14808.298,16315.505
2013-12-20 03:00:00,13643.127,14772.639,19477.084,14809.993,16315.505
2013-12-20 04:00:00,13643.941,14772.639,19477.084,14810.352,16315.505
2013-12-20 05:00:00,13644.269,14773.073,19477.09,14810.651,16315.659
2013-12-20 06:00:00,13645.153,14773.271,19477.215,14811.979,16316.54
2013-12-20 07:00:00,13645.97,14773.8,19480.682,14812.628,16318.353
2013-12-20 08:00:00,13646.821,14775.273,19482.604,14814.524,16318.353
2013-12-20 09:00:00,13649.238,14775.684,19482.604,14818.824,16318.353
2013-12-20 10:00:00,13650.743,14775.712,19482.627,14818.985,16318.524
2013-12-20 11:00:00,13651.159,14777.366,19483.736,14820.28,16318.916
2013-12-20 12:00:00,13653.184,14779.345,19483.889,14822.309,16318.916
2013-12-20 13:00:00,13653.86,14779.345,19483.889,14822.309,16318.916
2013-12-20 14:00:00,13653.86,14779.345,19483.889,14822.309,16319.235
2013-12-20 15:00:00,13653.876,14779.345,19484.318,14822.309,16319.371
2013-12-20 16:00:00,13653.876,14779.362,19485.027,14822.334,16320.025
2013-12-20 17:00:00,13654.041,14779.362,19485.027,14822.334,16320.025
2013-12-20 18:00:00,13654.041,14779.362,19485.027,14822.334,16320.025
2013-12-20 19:00:00,13654.041,14779.384,19485.027,14822.367,16320.025
2013-12-20 20:00:00,13654.156,14779.71,19485.027,14822.724,16320.025
2013-12-20 21:00:00,13654.17,14779.71,19485.027,14822.724,16320.025
2013-12-20 22:00:00,13654.17,14779.71,19485.027,14822.724,16320.025
2013-12-20 23:00:00,13638.772,14770.037,19477.074,14805.517,16315.297
2013-12-21 00:00:00,13654.17,14779.71,19485.027,14822.777,16320.025
2013-12-21 01:00:00,13654.615,14780.009,19485.027,14823.841,16320.045
2013-12-21 02:00:00,13655.63,14780.465,19485.027,14825.919,16320.158
2013-12-21 03:00:00,13656.598,14780.897,19485.027,14827.769,16320.344
2013-12-21 04:00:00,13657.889,14782.248,19485.027,14829.489,16320.8
2013-12-21 05:00:00,13659.769,14782.983,19485.027,14832.33,16321.513
2013-12-21 06:00:00,13661.63,14783.872,19485.98,14833.784,16322.599
2013-12-21 07:00:00,13664.041,14785.741,19486.836,14836.503,16325.136
2013-12-21 08:00:00,13668.019,14789.221,19489.758,14839.686,16327.246
2013-12-21 09:00:00,13670.545,14791.8955,19493.566,14841.691,16328.201
2013-12-21 10:00:00,13672.268,14792.766,19496.574,14842.644,16328.521
2013-12-21 11:00:00,13672.353,14793.011,19497.744,14843.104,16329.129
2013-12-21 12:00:00,13672.423,14793.026,19498.55,14843.181,16329.227
2013-12-21 13:00:00,13672.668,14793.1045,19499.33,14843.545,16329.278
2013-12-21 14:00:00,13672.757,14793.1045,19500.326,14843.871,16329.278
2013-12-21 15:00:00,13672.941,14793.246,19501.547,14843.9,16329.278
2013-12-21 16:00:00,13673.438,14793.246,19501.633,14843.9,16329.278
2013-12-21 17:00:00,13673.473,14793.246,19501.633,14843.9,16329.321
2013-12-21 18:00:00,13673.503,14793.317,19501.633,14843.9,16329.321
2013-12-21 19:00:00,13673.503,14793.84,19501.701,14843.953,16329.489
2013-12-21 20:00:00,13673.972,14795.207,19502.578,14844.953,16329.489
2013-12-21 21:00:00,13675.053,14795.419,19502.7,14845.602,16329.489
2013-12-21 22:00:00,13675.053,14795.81,19502.7,14846.317,16329.503
2013-12-21 23:00:00,13675.078,14795.8545,19503.49,14846.349,16329.503
2013-12-22 00:00:00,13675.078,14795.8545,19504.262,14846.349,16329.509
2013-12-22 01:00:00,13675.078,14795.8545,19504.262,14846.349,16329.511
2013-12-22 02:00:00,13675.084,14795.8545,19504.262,14846.356,16329.511
2013-12-22 03:00:00,13675.109,14796.546,19504.262,14846.358,16329.511
2013-12-22 04:00:00,13675.249,14796.912,19505.074,14846.52,16329.573
2013-12-22 05:00:00,13675.254,14797.135,19505.191,14846.52,16329.827
2013-12-22 06:00:00,13675.866,14797.64,19505.355,14846.688,16329.866
2013-12-22 07:00:00,13676.231,14797.878,19505.705,14847.133,16329.866
2013-12-22 08:00:00,13676.548,14797.886,19505.762,14847.423,16329.866
2013-12-22 09:00:00,13676.641,14797.886,19506.768,14847.467,16331.426
2013-12-22 10:00:00,13677.13,14800.422,19507.771,14847.904,16331.574
2013-12-22 11:00:00,13680.013,14801.685,19507.975,14851.161,16331.885
2013-12-22 12:00:00,13681.599,14801.736,19510.492,14851.166,16332.793
2013-12-22 13:00:00,13682.249,14802.902,19511.979,14851.526,16332.802
2013-12-22 14:00:00,13682.552,14804.125,19512.016,14852.261,16333.091
2013-12-22 15:00:00,13684.595,14804.155,19512.229,14852.317,16333.091
2013-12-22 16:00:00,13684.774,14804.354,19512.51,14852.604,16333.152
2013-12-22 17:00:00,13685.04,14804.354,19512.51,14852.66,16333.152
2013-12-22 18:00:00,13685.226,14807.028,19512.684,14854.124,16333.392
2013-12-22 19:00:00,13687.473,14808.934,19513.352,14855.708,16333.766
2013-12-22 20:00:00,13688.556,14808.95,19513.584,14855.806,16333.872
2013-12-22 21:00:00,13688.786,14809.195,19513.943,14856.18,16334.441
2013-12-22 22:00:00,13688.786,14809.195,19515.62,14856.228,16335.077
2013-12-22 23:00:00,13688.786,14809.321,19515.625,14856.228,16335.684
2013-12-23 00:00:00,13689.126,14810.408,19518.035,14856.649,16337.308
2013-12-23 01:00:00,13691.233,14813.15,19519.352,14858.206,16337.791
2013-12-23 02:00:00,13692.624,14813.392,19519.88,14858.846,16337.81
2013-12-23 03:00:00,13692.889,14813.392,19520.043,14859.043,16337.916
2013-12-23 04:00:00,13692.994,14814.771,19520.053,14859.63,16338.129
2013-12-23 05:00:00,13694.423,14815.5625,19520.445,14860.518,16338.23
2013-12-23 06:00:00,13696.156,14816.942,19521.295,14861.89,16338.769
2013-12-23 07:00:00,13697.3955,14817.95,19523.566,14863.147,16340.605
2013-12-23 08:00:00,13698.0625,14821.4,19525.086,14863.823,16341.953
2013-12-23 09:00:00,13700.189,14821.584,19527.9,14865.226,16342.131
2013-12-23 10:00:00,13700.277,14821.693,19528.22,14865.781,16342.467
2013-12-23 11:00:00,13700.282,14821.693,19529.107,14866.62,16342.469
2013-12-23 12:00:00,13700.282,14821.697,19529.11,14866.68,16342.469
2013-12-23 13:00:00,13700.289,14821.697,19529.11,14866.711,16342.469
2013-12-23 14:00:00,13700.289,14821.913,19529.182,14866.747,16342.555
2013-12-23 15:00:00,13700.289,14821.913,19529.336,14866.747,16342.6
2013-12-23 16:00:00,13700.289,14822.144,19529.336,14866.821,16342.6
2013-12-23 17:00:00,13700.289,14822.144,19529.336,14866.845,16343.033
2013-12-23 18:00:00,13700.289,14822.144,19529.336,14867.005,16343.059
2013-12-23 19:00:00,13700.289,14822.144,19529.336,14867.005,16343.059
2013-12-23 20:00:00,13700.289,14822.144,19529.336,14867.005,16343.059
2013-12-23 21:00:00,13700.289,14822.144,19529.336,14867.005,16343.059
2013-12-23 22:00:00,13701.048,14822.144,19529.336,14867.005,16343.352
2013-12-23 23:00:00,13702.692,14822.144,19529.336,14867.375,16344.097
2013-12-24 00:00:00,13703.873,14822.232,19529.98,14867.61,16344.693
2013-12-24 01:00:00,13704.769,14822.393,19531.57,14867.661,16345.187
2013-12-24 02:00:00,13705.607,14822.435,19533.156,14867.661,16345.331
2013-12-24 03:00:00,13706.712,14822.436,19535.238,14867.892,16345.38
2013-12-24 04:00:00,13707.686,14822.782,19535.758,14867.958,16345.38
2013-12-24 05:00:00,13709.251,14825.875,19537.248,14868.669,16346.431
2013-12-24 06:00:00,13711.071,14827.413,19538.98,14870.394,16348.008
2013-12-24 07:00:00,13712.782,14828.128,19540.709,14871.357,16348.812
2013-12-24 08:00:00,13714.619,14829.294,19543.27,14872.878,16350.07
2013-12-24 09:00:00,13715.732,14830.444,19546.742,14873.767,16350.843
2013-12-24 10:00:00,13716.01,14830.51,19549.146,14873.767,16351.359
2013-12-24 11:00:00,13716.581,14830.51,19550.65,14873.898,16351.761
2013-12-24 12:00:00,13717.392,14830.649,19552.08,14873.898,16351.804
2013-12-24 13:00:00,13717.915,14830.884,19553.213,14873.898,16351.804
2013-12-24 14:00:00,13717.915,14830.92,19553.213,14873.898,16351.804
2013-12-24 15:00:00,13717.915,14830.92,19553.213,14873.898,16351.804
2013-12-24 16:00:00,13717.915,14830.92,19553.213,14873.898,16351.804
2013-12-24 17:00:00,13717.915,14830.92,19553.215,14873.898,16351.804
2013-12-24 18:00:00,13718.21,14830.92,19553.215,14873.917,16351.804
2013-12-24 19:00:00,13718.813,14830.952,19553.215,14874.091,16351.804
2013-12-24 20:00:00,13718.817,14830.98,19553.219,14874.091,16351.804
2013-12-24 21:00:00,13719.215,14831.011,19554.049,14874.552,16351.804
2013-12-24 22:00:00,13719.327,14831.068,19554.43,14875.025,16351.808
2013-12-24 23:00:00,13720.091,14831.111,19554.707,14875.025,16352.06
2013-12-25 00:00:00,13721.708,14831.111,19554.81,14875.025,16352.235
2013-12-25 01:00:00,13721.708,14831.111,19554.81,14875.025,16352.235
2013-12-25 02:00:00,13721.708,14831.111,19554.81,14875.025,16352.235
2013-12-25 03:00:00,13721.708,14831.111,19554.81,14875.025,16352.235
2013-12-25 04:00:00,13721.708,14831.111,19554.81,14875.025,16352.235
2013-12-25 05:00:00,13721.708,14831.111,19554.81,14875.025,16352.235
2013-12-25 06:00:00,13721.708,14831.111,19554.81,14875.025,16352.235
2013-12-25 07:00:00,13721.708,14831.111,19554.81,14875.025,16352.235
2013-12-25 08:00:00,13721.708,14831.111,19554.81,14875.025,16352.235
2013-12-25 09:00:00,13721.708,14831.111,19554.81,14875.025,16352.235
2013-12-25 10:00:00,13721.878,14831.111,19554.81,14875.082,16352.235
2013-12-25 11:00:00,13722.044,14831.111,19554.81,14875.202,16352.235
2013-12-25 12:00:00,13722.049,14831.122,19554.818,14875.202,16352.37
2013-12-25 13:00:00,13722.053,14831.194,19555.127,14875.202,16352.375
2013-12-25 14:00:00,13722.466,14831.4795,19555.266,14875.202,16352.409
2013-12-25 15:00:00,13722.59,14831.608,19555.537,14875.235,16352.446
2013-12-25 16:00:00,13722.6045,14831.608,19555.588,14875.261,16352.446
2013-12-25 17:00:00,13722.931,14831.854,19555.662,14875.274,16352.478
2013-12-25 18:00:00,13723.243,14831.907,19555.674,14875.274,16352.486
2013-12-25 19:00:00,13723.3545,14832.193,19556.498,14875.274,16352.528
2013-12-25 20:00:00,13720.091,14831.111,19554.81,14875.025,16352.06
2013-12-25 21:00:00,13721.216,14831.111,19554.81,14875.025,16352.111
2013-12-25 22:00:00,13721.708,14831.111,19554.81,14875.025,16352.235
2013-12-25 23:00:00,13721.708,14831.111,19554.81,14875.025,16352.235
2013-12-26 00:00:00,13723.544,14832.347,19556.693,14875.596,16353.0
2013-12-26 01:00:00,13723.7295,14832.444,19556.734,14875.823,16353.09
2013-12-26 02:00:00,13723.891,14832.444,19557.303,14875.837,16353.517
2013-12-26 03:00:00,13724.029,14834.909,19557.713,14876.809,16353.8
2013-12-26 04:00:00,13725.664,14835.527,19558.104,14878.06,16356.117
2013-12-26 05:00:00,13725.725,14837.174,19559.35,14878.06,16357.826
2013-12-26 06:00:00,13726.379,14837.51,19559.88,14878.855,16359.405
2013-12-26 07:00:00,13726.764,14837.961,19563.223,14879.02,16359.996
2013-12-26 08:00:00,13727.142,14838.05,19565.166,14879.02,16360.183
2013-12-26 09:00:00,13727.142,14838.58,19565.846,14879.0625,16360.926
2013-12-26 10:00:00,13728.452,14841.013,19566.334,14880.551,16361.463
2013-12-26 11:00:00,13729.833,14841.755,19567.219,14881.213,16361.603
2013-12-26 12:00:00,13732.301,14843.982,19567.916,14883.3125,16361.807
2013-12-26 13:00:00,13734.327,14844.537,19573.87,14884.364,16363.713
2013-12-26 14:00:00,13734.3545,14844.537,19578.23,14884.364,16367.918
2013-12-26 15:00:00,13734.3545,14844.537,19578.475,14884.364,16368.593
2013-12-26 16:00:00,13734.3545,14844.537,19578.475,14884.364,16368.652
2013-12-26 17:00:00,13734.3545,14844.537,19578.475,14884.364,16368.684
2013-12-26 18:00:00,13734.3545,14844.537,19578.475,14884.364,16368.684
2013-12-26 19:00:00,13734.3545,14844.537,19578.475,14884.364,16368.684
2013-12-26 20:00:00,13734.3545,14844.537,19578.475,14884.364,16368.684
2013-12-26 21:00:00,13734.3545,14844.537,19578.475,14884.364,16368.684
2013-12-26 22:00:00,13734.3545,14844.537,19578.475,14884.364,16368.684
2013-12-26 23:00:00,13734.3545,14844.657,19578.475,14884.364,16368.684
2013-12-27 00:00:00,13734.877,14844.657,19578.477,14884.427,16368.726
2013-12-27 01:00:00,13735.219,14844.657,19578.477,14884.427,16368.726
2013-12-27 02:00:00,13735.231,14844.657,19578.477,14884.427,16368.726
2013-12-27 03:00:00,13735.231,14844.657,19578.477,14884.427,16368.726
2013-12-27 04:00:00,13735.231,14844.657,19578.477,14884.427,16368.726
2013-12-27 05:00:00,13735.231,14844.657,19578.477,14884.427,16368.726
2013-12-27 06:00:00,13735.231,14844.657,19578.477,14884.427,16368.726
2013-12-27 07:00:00,13735.231,14844.657,19578.477,14884.427,16368.726
2013-12-27 08:00:00,13735.231,14844.657,19578.838,14884.427,16368.726
2013-12-27 09:00:00,13735.231,14844.817,19580.213,14884.427,16368.813
2013-12-27 10:00:00,13735.231,14844.817,19582.123,14884.427,16369.134
2013-12-27 11:00:00,13735.386,14844.817,19583.834,14884.427,16369.761
2013-12-27 12:00:00,13735.568,14845.013,19585.46,14884.427,16370.981
2013-12-27 13:00:00,13735.715,14846.235,19585.795,14884.593,16372.361
2013-12-27 14:00:00,13735.817,14847.988,19587.896,14884.62,16373.409
2013-12-27 15:00:00,13735.817,14848.867,19590.691,14884.62,16373.492
2013-12-27 16:00:00,13735.817,14848.876,19591.46,14885.06,16373.492
2013-12-27 17:00:00,13735.817,14848.876,19591.46,14886.894,16373.613
2013-12-27 18:00:00,13734.3545,14844.657,19578.477,14884.364,16368.684
2013-12-27 19:00:00,13734.3545,14844.657,19578.477,14884.364,16368.684
2013-12-27 20:00:00,13734.3545,14844.657,19578.477,14884.364,16368.684
2013-12-27 21:00:00,13734.3545,14844.657,19578.477,14884.364,16368.684
2013-12-27 22:00:00,13734.435,14844.657,19578.477,14884.427,16368.726
2013-12-27 23:00:00,13734.633,14844.657,19578.477,14884.427,16368.726
2013-12-28 00:00:00,13736.505,14848.876,19591.46,14887.736,16374.982
2013-12-28 01:00:00,13737.057,14848.876,19591.463,14888.14,16376.04
2013-12-28 02:00:00,13737.248,14850.275,19591.88,14888.14,16376.086
2013-12-28 03:00:00,13737.41,14850.275,19592.146,14888.14,16376.452
2013-12-28 04:00:00,13737.706,14850.275,19592.203,14888.14,16376.541
2013-12-28 05:00:00,13738.211,14850.275,19593.217,14888.387,16377.278
2013-12-28 06:00:00,13738.447,14850.275,19594.184,14888.542,16377.953
2013-12-28 07:00:00,13739.572,14850.369,19594.408,14889.069,16378.0
2013-12-28 08:00:00,13739.625,14850.593,19595.094,14889.301,16378.8545
2013-12-28 09:00:00,13740.362,14851.807,19596.645,14890.253,16380.086
2013-12-28 10:00:00,13740.859,14851.858,19598.75,14891.372,16381.038
2013-12-28 11:00:00,13742.165,14853.543,19599.326,14893.942,16381.093
2013-12-28 12:00:00,13743.534,14855.077,19600.734,14895.143,16381.897
2013-12-28 13:00:00,13744.12,14855.797,19601.994,14896.096,16382.89
2013-12-28 14:00:00,13744.837,14856.999,19604.928,14896.936,16383.597
2013-12-28 15:00:00,13747.329,14859.879,19607.906,14899.9795,16384.082
2013-12-28 16:00:00,13748.316,14861.373,19610.49,14901.037,16385.027
2013-12-28 17:00:00,13748.803,14861.87,19612.209,14901.136,16386.402
2013-12-28 18:00:00,13749.527,14862.8545,19612.766,14901.874,16387.082
2013-12-28 19:00:00,13750.106,14863.131,19612.766,14902.545,16387.258
2013-12-28 20:00:00,13750.267,14863.131,19613.227,14902.624,16387.258
2013-12-28 21:00:00,13750.267,14863.292,19615.104,14902.686,16387.41
2013-12-28 22:00:00,13750.382,14863.729,19615.607,14903.18,16387.41
2013-12-28 23:00:00,13750.557,14863.809,19616.275,14903.722,16387.53
2013-12-29 00:00:00,13751.301,14864.266,19617.434,14904.807,16387.848
2013-12-29 01:00:00,13751.326,14864.499,19620.193,14905.618,16388.854
2013-12-29 02:00:00,13751.738,14865.327,19621.537,14906.603,16389.463
2013-12-29 03:00:00,13752.09,14865.546,19622.062,14906.647,16390.584
2013-12-29 04:00:00,13752.09,14865.55,19622.062,14906.647,16390.807
2013-12-29 05:00:00,13752.09,14865.667,19622.748,14906.811,16392.928
2013-12-29 06:00:00,13752.193,14866.454,19624.564,14907.298,16393.453
2013-12-29 07:00:00,13752.462,14867.139,19625.916,14907.482,16393.633
2013-12-29 08:00:00,13753.124,14867.209,19628.465,14907.498,16393.633
2013-12-29 09:00:00,13753.891,14867.209,19628.547,14907.498,16393.633
2013-12-29 10:00:00,13753.976,14867.209,19628.934,14907.498,16394.06
2013-12-29 11:00:00,13753.976,14867.319,19628.959,14907.514,16394.453
2013-12-29 12:00:00,13753.976,14867.545,19629.98,14907.553,16394.514
2013-12-29 13:00:00,13753.976,14867.601,19629.98,14907.565,16395.281
2013-12-29 14:00:00,13753.976,14868.036,19629.986,14907.684,16396.682
2013-12-29 15:00:00,13753.976,14868.036,19629.986,14907.684,16397.447
2013-12-29 16:00:00,13753.976,14868.036,19630.086,14907.684,16397.584
2013-12-29 17:00:00,13753.976,14868.182,19630.777,14907.711,16399.406
2013-12-29 18:00:00,13754.634,14868.351,19630.82,14908.59,16399.803
2013-12-29 19:00:00,13754.732,14868.37,19631.111,14908.787,16400.57
2013-12-29 20:00:00,13754.732,14869.586,19631.244,14909.084,16402.078
2013-12-29 21:00:00,13754.732,14870.649,19631.8,14909.438,16402.34
2013-12-29 22:00:00,13754.732,14870.809,19631.8,14909.438,16402.516
2013-12-29 23:00:00,13754.732,14870.809,19631.8,14909.438,16402.648
2013-12-30 00:00:00,13754.732,14870.809,19631.8,14909.438,16402.648
2013-12-30 01:00:00,13754.732,14870.809,19631.8,14909.438,16402.656
2013-12-30 02:00:00,13754.732,14870.809,19631.8,14909.438,16402.656
2013-12-30 03:00:00,13754.732,14870.809,19631.8,14909.438,16402.656
2013-12-30 04:00:00,13754.732,14870.809,19631.8,14909.438,16402.656
2013-12-30 05:00:00,13754.732,14870.809,19631.8,14909.438,16402.656
2013-12-30 06:00:00,13754.732,14870.809,19631.8,14909.438,16402.656
2013-12-30 07:00:00,13754.766,14870.809,19631.8,14909.438,16402.656
2013-12-30 08:00:00,13754.769,14870.809,19631.8,14909.438,16402.656
2013-12-30 09:00:00,13754.769,14870.809,19631.8,14909.438,16402.656
2013-12-30 10:00:00,13754.769,14870.809,19631.8,14909.438,16402.656
2013-12-30 11:00:00,13754.769,14870.809,19631.8,14909.438,16402.656
2013-12-30 12:00:00,13754.769,14871.157,19631.8,14909.744,16402.656
2013-12-30 13:00:00,13755.209,14871.451,19631.8,14911.315,16402.932
2013-12-30 14:00:00,13756.583,14871.968,19631.8,14913.783,16403.33
2013-12-30 15:00:00,13758.298,14872.799,19631.8,14916.231,16403.713
2013-12-30 16:00:00,13760.078,14873.884,19631.8,14918.452,16404.2
2013-12-30 17:00:00,13762.148,14874.525,19631.8,14920.493,16404.512
2013-12-30 18:00:00,13764.816,14875.311,19631.916,14922.44,16404.947
2013-12-30 19:00:00,13767.748,14876.067,19632.068,14923.911,16405.428
2013-12-30 20:00:00,13770.284,14876.337,19632.227,14924.69,16405.668
2013-12-30 21:00:00,13772.134,14876.337,19632.39,14925.421,16405.676
2013-12-30 22:00:00,13773.665,14876.337,19633.033,14925.538,16405.676
2013-12-30 23:00:00,13774.909,14876.337,19633.523,14925.538,16405.676
2013-12-31 00:00:00,13775.762,14876.337,19633.697,14925.555,16405.676
2013-12-31 01:00:00,13776.599,14876.337,19635.113,14926.094,16405.87
2013-12-31 02:00:00,13777.51,14876.337,19636.605,14926.854,16405.938
2013-12-31 03:00:00,13778.389,14876.337,19637.738,14927.368,16405.938
2013-12-31 04:00:00,13778.654,14876.337,19637.785,14927.368,16405.938
2013-12-31 05:00:00,13778.654,14876.414,19637.785,14927.368,16405.938
2013-12-31 06:00:00,13778.673,14877.249,19637.785,14927.948,16406.709
2013-12-31 07:00:00,13778.702,14877.863,19637.889,14928.807,16407.332
2013-12-31 08:00:00,13779.54,14878.19,19638.111,14929.532,16407.357
2013-12-31 09:00:00,13779.556,14879.046,19638.469,14930.052,16408.6
2013-12-31 10:00:00,13779.87,14879.405,19638.943,14930.129,16409.45
2013-12-31 11:00:00,13780.254,14881.074,19642.55,14931.926,16410.55
2013-12-31 12:00:00,13780.857,14882.104,19645.984,14933.264,16412.553
2013-12-31 13:00:00,13780.857,14882.104,19646.102,14933.27,16413.29
2013-12-31 14:00:00,13780.857,14882.104,19646.102,14933.27,16413.29
2013-12-31 15:00:00,13780.857,14882.104,19646.102,14933.286,16413.291
2013-12-31 16:00:00,13780.857,14882.104,19646.111,14933.297,16413.322
2013-12-31 17:00:00,13780.857,14882.104,19646.111,14933.297,16413.322
2013-12-31 18:00:00,13780.857,14882.255,19646.111,14933.297,16413.322
2013-12-31 19:00:00,13780.857,14882.255,19646.111,14933.297,16413.322
2013-12-31 20:00:00,13780.857,14882.255,19646.111,14933.297,16413.322
2013-12-31 21:00:00,13780.857,14882.255,19646.111,14933.297,16413.322
2013-12-31 22:00:00,13780.857,14882.255,19646.111,14933.297,16413.322
2013-12-31 23:00:00,13780.857,14882.255,19646.111,14933.297,16413.322
