,date,MG,FL,OD,VS,SJ,PEAK
0,2014-01-01 00:00:00,13447.355,14783.071,18861.799,14490.256,16281.869,33925.535
1,2014-01-01 01:00:00,13447.355,14783.144,18861.799,14490.256,16281.869,33925.64
2,2014-01-01 02:00:00,13447.46,14784.238,18861.893,14490.256,16282.389,33928.33
3,2014-01-01 03:00:00,13448.531,14784.355,18863.268,14490.623,16282.561,33931.08
4,2014-01-01 04:00:00,13449.334,14784.355,18864.84,14490.623,16282.561,33934.223
5,2014-01-01 05:00:00,13450.124,14784.802,18866.658,14491.284,16282.561,33937.86
6,2014-01-01 06:00:00,13452.084,14785.602,18868.941,14492.545,16283.249,33941.06
7,2014-01-01 07:00:00,13454.421,14785.882,18870.506,14494.009,16283.654,33942.434
8,2014-01-01 08:00:00,13458.823,14786.939,18873.205,14495.114,16284.214,33943.242
9,2014-01-01 09:00:00,13458.823,14787.6875,18873.572,14495.54,16284.214,33945.293
10,2014-01-01 10:00:00,13458.823,14788.033,18874.598,14496.515,16284.214,33948.207
11,2014-01-01 11:00:00,13459.999,14788.033,18874.598,14498.097,16284.427,33951.22
12,2014-01-01 12:00:00,13461.638,14788.033,18874.598,14499.735,16284.555,33954.496
13,2014-01-01 13:00:00,13462.573,14788.033,18874.598,14501.104,16284.555,33957.613
14,2014-01-01 14:00:00,13463.471,14788.48,18874.598,14502.001,16284.555,33957.613
15,2014-01-01 15:00:00,13464.297,14788.58,18874.598,14502.827,16284.555,33957.613
16,2014-01-01 16:00:00,13466.596,14788.609,18874.598,14503.997,16284.555,33958.812
17,2014-01-01 17:00:00,13466.596,14788.609,18874.598,14503.997,16284.555,33958.812
18,2014-01-01 18:00:00,13466.596,14788.609,18874.598,14503.997,16284.555,33958.812
19,2014-01-01 19:00:00,13466.596,14788.609,18874.598,14503.997,16284.555,33958.812
20,2014-01-01 20:00:00,13456.697,14785.882,18872.023,14494.768,16284.09,33942.434
21,2014-01-01 21:00:00,13458.567,14786.273,18873.205,14495.114,16284.214,33942.434
22,2014-01-01 22:00:00,13465.482,14788.58,18874.598,14503.878,16284.555,33958.527
23,2014-01-01 23:00:00,13466.315,14788.609,18874.598,14503.997,16284.555,33958.812
24,2014-01-02 00:00:00,13466.596,14788.609,18874.598,14503.997,16284.555,33958.812
25,2014-01-02 01:00:00,13466.596,14788.609,18874.598,14503.997,16284.555,33958.812
26,2014-01-02 02:00:00,13466.596,14788.609,18874.598,14503.997,16284.555,33958.812
27,2014-01-02 03:00:00,13466.596,14788.609,18874.598,14503.997,16284.555,33958.812
28,2014-01-02 04:00:00,13466.596,14788.609,18874.598,14503.997,16284.555,33958.812
29,2014-01-02 05:00:00,13466.596,14788.609,18874.598,14503.997,16284.941,33961.44
30,2014-01-02 06:00:00,13466.596,14789.134,18874.598,14503.997,16285.656,33965.02
31,2014-01-02 07:00:00,13466.596,14789.134,18874.785,14503.997,16285.793,33968.77
32,2014-01-02 08:00:00,13466.596,14789.134,18875.082,14504.195,16285.989,33979.176
33,2014-01-02 09:00:00,13466.596,14789.134,18875.082,14504.778,16285.989,33981.27
34,2014-01-02 10:00:00,13466.596,14789.134,18875.082,14504.778,16285.989,33983.504
35,2014-01-02 11:00:00,13466.596,14789.134,18875.082,14504.778,16286.804,33987.168
36,2014-01-02 12:00:00,13466.596,14789.134,18876.215,14504.778,16287.608,33990.684
37,2014-01-02 13:00:00,13466.596,14789.134,18878.295,14504.778,16288.742,33993.938
38,2014-01-02 14:00:00,13466.791,14789.134,18880.426,14504.957,16290.925,33996.848
39,2014-01-02 15:00:00,13468.706,14789.139,18882.2,14505.319,16293.072,33999.71
40,2014-01-02 16:00:00,13475.897,14791.308,18891.346,14505.55,16302.649,34005.914
41,2014-01-02 17:00:00,13478.172,14793.228,18891.547,14506.428,16304.019,34009.45
42,2014-01-02 18:00:00,13480.33,14793.772,18893.203,14507.658,16305.229,34012.8
43,2014-01-02 19:00:00,13482.399,14794.293,18894.385,14508.066,16306.652,34013.934
44,2014-01-02 20:00:00,13466.596,14789.134,18875.082,14503.997,16285.989,33972.027
45,2014-01-02 21:00:00,13466.596,14789.134,18875.082,14503.997,16285.989,33976.05
46,2014-01-02 22:00:00,13470.924,14789.285,18885.81,14505.319,16296.388,34001.984
47,2014-01-02 23:00:00,13473.062,14789.856,18889.416,14505.319,16300.088,34002.51
48,2014-01-03 00:00:00,13490.342,14806.16,18902.098,14509.365,16312.786,34042.875
49,2014-01-03 01:00:00,13490.342,14806.908,18902.564,14509.365,16313.538,34043.08
50,2014-01-03 02:00:00,13490.553,14807.491,18903.197,14509.365,16314.745,34043.85
51,2014-01-03 03:00:00,13490.553,14807.655,18904.059,14509.454,16316.658,34045.8
52,2014-01-03 04:00:00,13483.105,14794.485,18895.871,14508.066,16308.2,34013.934
53,2014-01-03 05:00:00,13483.287,14795.155,18896.752,14508.066,16309.148,34014.996
54,2014-01-03 06:00:00,13483.287,14796.668,18896.752,14508.389,16309.616,34017.93
55,2014-01-03 07:00:00,13484.62,14797.6455,18896.752,14509.145,16309.616,34020.574
56,2014-01-03 08:00:00,13485.622,14797.745,18896.752,14509.365,16309.616,34020.676
57,2014-01-03 09:00:00,13485.622,14797.745,18896.752,14509.365,16309.616,34021.938
58,2014-01-03 10:00:00,13485.622,14797.745,18896.752,14509.365,16309.616,34021.938
59,2014-01-03 11:00:00,13485.622,14797.745,18896.752,14509.365,16309.616,34021.938
60,2014-01-03 12:00:00,13485.622,14797.745,18896.752,14509.365,16309.616,34021.938
61,2014-01-03 13:00:00,13485.622,14797.745,18896.752,14509.365,16309.616,34021.938
62,2014-01-03 14:00:00,13485.622,14797.745,18896.752,14509.365,16309.616,34021.938
63,2014-01-03 15:00:00,13485.622,14797.745,18896.752,14509.365,16309.616,34021.938
64,2014-01-03 16:00:00,13485.622,14798.163,18896.78,14509.365,16309.621,34023.0
65,2014-01-03 17:00:00,13485.622,14798.797,18898.236,14509.365,16309.862,34025.914
66,2014-01-03 18:00:00,13485.622,14799.475,18899.453,14509.365,16310.032,34028.94
67,2014-01-03 19:00:00,13486.135,14800.685,18900.84,14509.365,16310.31,34033.81
68,2014-01-03 20:00:00,13489.474,14805.223,18901.867,14509.365,16311.631,34040.676
69,2014-01-03 21:00:00,13485.622,14797.745,18896.752,14509.365,16309.616,34021.938
70,2014-01-03 22:00:00,13485.622,14797.745,18896.752,14509.365,16309.616,34021.938
71,2014-01-03 23:00:00,13487.574,14802.71,18901.867,14509.365,16310.772,34037.242
72,2014-01-04 00:00:00,13490.553,14807.946,18904.793,14509.454,16317.368,34048.426
73,2014-01-04 01:00:00,13491.446,14807.946,18905.197,14509.853,16317.368,34050.184
74,2014-01-04 02:00:00,13492.187,14807.946,18905.197,14509.978,16317.368,34051.574
75,2014-01-04 03:00:00,13492.893,14807.946,18905.197,14509.978,16317.368,34051.574
76,2014-01-04 04:00:00,13493.04,14807.946,18905.197,14509.978,16317.368,34051.574
77,2014-01-04 05:00:00,13493.04,14807.946,18905.197,14509.978,16317.368,34051.574
78,2014-01-04 06:00:00,13493.04,14807.946,18905.197,14509.978,16317.368,34051.574
79,2014-01-04 07:00:00,13493.04,14807.946,18905.197,14509.978,16317.368,34051.574
80,2014-01-04 08:00:00,13493.04,14808.163,18905.197,14509.978,16317.368,34052.363
81,2014-01-04 09:00:00,13493.1,14808.741,18905.197,14509.978,16317.612,34055.113
82,2014-01-04 10:00:00,13494.302,14809.408,18905.197,14510.681,16318.158,34058.445
83,2014-01-04 11:00:00,13496.281,14809.833,18905.332,14512.451,16319.231,34061.855
84,2014-01-04 12:00:00,13497.994,14810.28,18905.47,14514.481,16319.573,34064.883
85,2014-01-04 13:00:00,13499.094,14810.843,18905.555,14515.417,16319.876,34066.97
86,2014-01-04 14:00:00,13499.436,14810.843,18905.854,14515.6455,16320.735,34067.74
87,2014-01-04 15:00:00,13499.436,14810.843,18905.854,14515.6455,16320.735,34067.74
88,2014-01-04 16:00:00,13499.436,14810.843,18906.285,14515.6455,16320.735,34067.74
89,2014-01-04 17:00:00,13499.436,14810.935,18906.785,14515.772,16321.078,34067.74
90,2014-01-04 18:00:00,13499.708,14810.935,18906.965,14516.12,16322.793,34069.86
91,2014-01-04 19:00:00,13499.938,14810.935,18906.965,14516.12,16322.925,34070.32
92,2014-01-04 20:00:00,13499.987,14810.935,18906.965,14516.12,16322.925,34070.547
93,2014-01-04 21:00:00,13499.987,14811.327,18906.965,14516.12,16322.925,34070.547
94,2014-01-04 22:00:00,13499.987,14811.485,18906.965,14516.236,16322.925,34070.617
95,2014-01-04 23:00:00,13499.987,14811.485,18906.965,14516.236,16322.925,34071.184
96,2014-01-05 00:00:00,13499.987,14811.485,18906.965,14516.236,16322.925,34071.184
97,2014-01-05 01:00:00,13499.987,14811.485,18906.965,14516.236,16322.925,34071.184
98,2014-01-05 02:00:00,13499.987,14811.485,18906.965,14516.354,16322.925,34071.184
99,2014-01-05 03:00:00,13500.4,14811.627,18906.965,14517.422,16323.103,34071.54
100,2014-01-05 04:00:00,13501.436,14812.523,18906.965,14519.248,16325.486,34074.785
101,2014-01-05 05:00:00,13503.843,14812.842,18907.566,14520.134,16328.223,34078.215
102,2014-01-05 06:00:00,13505.697,14812.842,18909.428,14520.485,16330.037,34081.938
103,2014-01-05 07:00:00,13507.117,14812.842,18910.951,14520.485,16330.515,34084.496
104,2014-01-05 08:00:00,13507.804,14812.842,18912.475,14520.485,16330.515,34084.496
105,2014-01-05 09:00:00,13507.804,14812.842,18913.807,14520.485,16330.515,34084.496
106,2014-01-05 10:00:00,13507.804,14812.842,18913.807,14520.485,16330.515,34084.496
107,2014-01-05 11:00:00,13507.804,14812.857,18913.807,14520.485,16330.515,34084.496
108,2014-01-05 12:00:00,13507.804,14813.567,18913.807,14520.485,16330.865,34086.48
109,2014-01-05 13:00:00,13507.804,14813.96,18913.807,14520.485,16330.865,34089.63
110,2014-01-05 14:00:00,13507.804,14815.488,18914.393,14520.485,16332.026,34092.7
111,2014-01-05 15:00:00,13507.804,14818.512,18915.146,14520.485,16333.161,34095.59
112,2014-01-05 16:00:00,13507.804,14819.818,18915.146,14520.485,16333.161,34098.684
113,2014-01-05 17:00:00,13507.804,14820.603,18915.146,14520.485,16333.161,34101.82
114,2014-01-05 18:00:00,13507.804,14821.402,18915.146,14520.485,16333.559,34105.02
115,2014-01-05 19:00:00,13507.918,14822.03,18915.146,14520.485,16333.61,34105.223
116,2014-01-05 20:00:00,13508.613,14822.03,18915.146,14520.485,16333.61,34107.78
117,2014-01-05 21:00:00,13508.613,14822.03,18915.146,14520.485,16333.61,34109.074
118,2014-01-05 22:00:00,13508.613,14822.03,18915.146,14520.485,16333.61,34109.074
119,2014-01-05 23:00:00,13508.613,14822.03,18915.146,14520.485,16333.61,34109.074
120,2014-01-06 00:00:00,13508.613,14822.03,18915.146,14520.485,16333.61,34109.074
121,2014-01-06 01:00:00,13508.613,14822.03,18915.146,14520.485,16333.61,34109.074
122,2014-01-06 02:00:00,13508.613,14822.03,18915.146,14520.485,16333.61,34109.074
123,2014-01-06 03:00:00,13508.613,14822.03,18915.146,14520.485,16333.61,34109.074
124,2014-01-06 04:00:00,13508.613,14822.03,18915.146,14520.485,16333.61,34109.074
125,2014-01-06 05:00:00,13508.613,14822.03,18915.146,14520.485,16333.61,34109.074
126,2014-01-06 06:00:00,13508.613,14822.03,18915.146,14520.485,16333.61,34109.074
127,2014-01-06 07:00:00,13508.613,14822.03,18915.146,14520.485,16333.821,34109.074
128,2014-01-06 08:00:00,13509.427,14822.03,18915.146,14521.249,16334.835,34109.63
129,2014-01-06 09:00:00,13511.285,14822.217,18916.145,14521.388,16334.909,34111.098
130,2014-01-06 10:00:00,13511.817,14822.609,18917.818,14521.586,16335.456,34114.445
131,2014-01-06 11:00:00,13513.281,14822.609,18919.803,14521.821,16336.66,34117.902
132,2014-01-06 12:00:00,13513.769,14822.609,18923.092,14521.821,16337.176,34121.19
133,2014-01-06 13:00:00,13513.945,14822.946,18926.271,14521.821,16337.192,34124.37
134,2014-01-06 14:00:00,13513.945,14823.719,18927.72,14521.821,16338.644,34128.688
135,2014-01-06 15:00:00,13514.38,14824.022,18929.12,14521.821,16339.884,34132.895
136,2014-01-06 16:00:00,13516.642,14824.022,18929.191,14521.821,16339.932,34135.56
137,2014-01-06 17:00:00,13517.358,14824.022,18929.191,14521.821,16339.992,34137.21
138,2014-01-06 18:00:00,13517.359,14824.022,18929.191,14521.821,16339.992,34137.45
139,2014-01-06 19:00:00,13517.359,14824.022,18929.191,14521.821,16339.992,34137.45
140,2014-01-06 20:00:00,13517.359,14824.022,18929.191,14521.821,16339.992,34137.45
141,2014-01-06 21:00:00,13517.359,14824.022,18929.191,14521.821,16339.992,34137.45
142,2014-01-06 22:00:00,13517.359,14824.022,18929.191,14521.821,16339.992,34137.45
143,2014-01-06 23:00:00,13517.359,14824.022,18929.191,14521.821,16339.992,34137.45
144,2014-01-07 00:00:00,13517.891,14825.661,18930.154,14523.553,16340.832,34149.918
145,2014-01-07 01:00:00,13517.915,14825.661,18930.154,14523.553,16340.832,34153.395
146,2014-01-07 02:00:00,13517.915,14825.661,18931.768,14523.553,16340.832,34154.44
147,2014-01-07 03:00:00,13517.915,14825.661,18931.875,14523.553,16340.832,34154.71
148,2014-01-07 04:00:00,13517.915,14825.661,18931.875,14523.553,16340.832,34154.71
149,2014-01-07 05:00:00,13517.915,14825.661,18931.938,14523.553,16340.832,34154.77
150,2014-01-07 06:00:00,13517.915,14825.661,18932.084,14523.553,16340.832,34154.77
151,2014-01-07 07:00:00,13517.915,14825.661,18932.084,14523.553,16340.832,34154.77
152,2014-01-07 08:00:00,13517.915,14825.661,18932.084,14523.553,16340.832,34154.77
153,2014-01-07 09:00:00,13517.97,14825.661,18932.084,14523.634,16340.832,34154.77
154,2014-01-07 10:00:00,13518.685,14825.661,18932.084,14523.846,16340.832,34156.15
155,2014-01-07 11:00:00,13519.381,14825.661,18932.084,14524.715,16340.832,34157.93
156,2014-01-07 12:00:00,13519.632,14825.661,18932.146,14524.715,16340.832,34160.156
157,2014-01-07 13:00:00,13519.782,14826.555,18932.48,14524.885,16340.832,34162.16
158,2014-01-07 14:00:00,13520.949,14827.355,18932.48,14525.87,16341.178,34163.215
159,2014-01-07 15:00:00,13521.784,14827.355,18932.48,14527.403,16341.189,34164.234
160,2014-01-07 16:00:00,13523.084,14827.857,18932.488,14528.687,16341.512,34164.266
161,2014-01-07 17:00:00,13517.359,14824.022,18929.191,14522.101,16339.992,34137.45
162,2014-01-07 18:00:00,13517.359,14824.022,18929.191,14522.773,16339.992,34137.45
163,2014-01-07 19:00:00,13517.515,14824.022,18929.191,14522.912,16339.992,34140.324
164,2014-01-07 20:00:00,13517.515,14824.022,18929.191,14523.324,16339.992,34142.164
165,2014-01-07 21:00:00,13517.891,14824.022,18929.93,14523.553,16339.992,34143.81
166,2014-01-07 22:00:00,13517.891,14824.042,18930.154,14523.553,16340.72,34144.87
167,2014-01-07 23:00:00,13517.891,14824.085,18930.154,14523.553,16340.832,34145.78
168,2014-01-08 00:00:00,13523.4375,14828.7,18932.715,14529.148,16342.107,34167.44
169,2014-01-08 01:00:00,13524.5,14829.525,18933.275,14529.56,16342.793,34169.91
170,2014-01-08 02:00:00,13524.539,14830.839,18933.625,14529.753,16343.262,34172.477
171,2014-01-08 03:00:00,13525.337,14832.411,18933.625,14530.703,16343.312,34174.734
172,2014-01-08 04:00:00,13527.084,14834.954,18933.691,14532.171,16343.312,34177.81
173,2014-01-08 05:00:00,13526.152,14833.703,18933.625,14531.376,16343.312,34176.004
174,2014-01-08 06:00:00,13526.701,14834.899,18933.691,14532.051,16343.312,34177.375
175,2014-01-08 07:00:00,13527.074,14834.954,18933.691,14532.143,16343.312,34177.81
176,2014-01-08 08:00:00,13527.084,14834.954,18933.691,14532.143,16343.312,34177.81
177,2014-01-08 09:00:00,13527.516,14834.954,18933.691,14532.871,16343.427,34177.81
178,2014-01-08 10:00:00,13527.912,14835.346,18934.14,14533.943,16343.619,34177.91
179,2014-01-08 11:00:00,13529.261,14835.375,18934.885,14534.196,16343.619,34177.91
180,2014-01-08 12:00:00,13529.261,14835.703,18935.053,14534.196,16343.619,34178.125
181,2014-01-08 13:00:00,13529.509,14835.703,18935.053,14534.196,16343.619,34178.55
182,2014-01-08 14:00:00,13529.556,14836.795,18935.637,14534.514,16343.929,34179.355
183,2014-01-08 15:00:00,13530.426,14837.457,18936.525,14535.587,16344.033,34180.27
184,2014-01-08 16:00:00,13531.083,14839.56,18937.273,14536.426,16345.283,34180.27
185,2014-01-08 17:00:00,13532.253,14840.287,18938.566,14537.431,16345.283,34181.812
186,2014-01-08 18:00:00,13532.797,14840.623,18938.566,14538.329,16346.071,34181.812
187,2014-01-08 19:00:00,13532.978,14840.855,18938.566,14538.737,16346.071,34182.113
188,2014-01-08 20:00:00,13532.978,14841.536,18939.242,14539.004,16347.594,34182.402
189,2014-01-08 21:00:00,13532.978,14841.837,18939.453,14539.2295,16347.882,34182.605
190,2014-01-08 22:00:00,13532.978,14842.205,18939.453,14539.611,16348.348,34182.605
191,2014-01-08 23:00:00,13532.998,14842.339,18940.229,14540.01,16349.751,34182.605
192,2014-01-09 00:00:00,13532.998,14842.339,18941.285,14540.27,16352.458,34182.793
193,2014-01-09 01:00:00,13532.998,14842.339,18942.285,14540.552,16352.996,34183.176
194,2014-01-09 02:00:00,13532.998,14842.339,18942.746,14540.652,16353.526,34183.176
195,2014-01-09 03:00:00,13532.998,14842.502,18942.941,14540.832,16353.526,34183.176
196,2014-01-09 04:00:00,13532.998,14842.711,18943.057,14540.868,16353.707,34183.176
197,2014-01-09 05:00:00,13532.998,14843.202,18943.057,14540.868,16353.707,34183.176
198,2014-01-09 06:00:00,13532.998,14843.202,18943.057,14540.868,16353.707,34183.176
199,2014-01-09 07:00:00,13532.998,14843.36,18943.057,14540.868,16353.707,34183.176
200,2014-01-09 08:00:00,13532.998,14843.36,18943.057,14540.868,16353.707,34183.176
201,2014-01-09 09:00:00,13532.998,14843.36,18943.057,14540.868,16353.707,34183.176
202,2014-01-09 10:00:00,13532.998,14843.36,18943.057,14540.868,16353.707,34183.176
203,2014-01-09 11:00:00,13532.998,14843.36,18943.057,14540.868,16353.707,34183.176
204,2014-01-09 12:00:00,13532.998,14843.36,18943.057,14540.868,16353.742,34183.176
205,2014-01-09 13:00:00,13532.998,14843.36,18943.057,14540.868,16353.767,34183.176
206,2014-01-09 14:00:00,13532.998,14843.36,18943.057,14540.868,16353.767,34183.176
207,2014-01-09 15:00:00,13532.998,14843.36,18943.057,14540.868,16353.767,34183.176
208,2014-01-09 16:00:00,13532.998,14843.36,18943.057,14540.868,16353.767,34183.176
209,2014-01-09 17:00:00,13532.998,14843.36,18943.057,14540.868,16353.767,34183.176
210,2014-01-09 18:00:00,13532.998,14843.36,18943.057,14540.868,16353.767,34183.176
211,2014-01-09 19:00:00,13532.998,14843.36,18943.057,14540.868,16353.767,34183.176
212,2014-01-09 20:00:00,13532.998,14843.36,18943.057,14540.868,16353.767,34183.176
213,2014-01-09 21:00:00,13532.998,14843.36,18943.057,14540.868,16353.767,34183.176
214,2014-01-09 22:00:00,13532.998,14843.36,18943.057,14540.868,16353.767,34183.176
215,2014-01-09 23:00:00,13532.998,14843.36,18943.057,14540.868,16353.767,34183.176
216,2014-01-10 00:00:00,13532.998,14843.36,18943.057,14540.868,16353.767,34183.176
217,2014-01-10 01:00:00,13532.998,14843.36,18943.057,14540.868,16353.767,34183.176
218,2014-01-10 02:00:00,13532.998,14843.36,18943.057,14540.868,16353.767,34183.176
219,2014-01-10 03:00:00,13532.998,14843.36,18943.057,14540.868,16353.767,34183.176
220,2014-01-10 04:00:00,13532.998,14843.36,18943.057,14540.868,16353.767,34183.176
221,2014-01-10 05:00:00,13532.998,14843.36,18943.057,14540.868,16353.767,34183.176
222,2014-01-10 06:00:00,13532.998,14843.36,18943.057,14540.868,16353.767,34183.176
223,2014-01-10 07:00:00,13532.998,14843.36,18943.057,14540.868,16353.767,34183.176
224,2014-01-10 08:00:00,13532.998,14843.36,18943.057,14540.868,16353.767,34183.176
225,2014-01-10 09:00:00,13532.998,14843.36,18943.057,14540.868,16354.159,34183.176
226,2014-01-10 10:00:00,13533.104,14843.36,18943.57,14540.868,16354.941,34183.176
227,2014-01-10 11:00:00,13533.213,14843.552,18944.232,14540.868,16355.732,34184.934
228,2014-01-10 12:00:00,13533.213,14843.552,18944.232,14541.062,16355.896,34184.934
229,2014-01-10 13:00:00,13533.213,14843.552,18944.412,14541.062,16356.322,34184.934
230,2014-01-10 14:00:00,13533.213,14843.552,18944.412,14541.062,16356.534,34185.168
231,2014-01-10 15:00:00,13533.213,14843.552,18944.412,14541.062,16356.988,34185.55
232,2014-01-10 16:00:00,13533.213,14843.552,18944.61,14541.062,16357.59,34186.137
233,2014-01-10 17:00:00,13533.213,14843.552,18944.61,14541.062,16357.823,34186.348
234,2014-01-10 18:00:00,13533.213,14843.552,18944.61,14541.062,16358.064,34186.348
235,2014-01-10 19:00:00,13533.213,14843.552,18944.61,14541.062,16358.396,34186.348
236,2014-01-10 20:00:00,13533.213,14843.552,18944.61,14541.062,16358.396,34186.348
237,2014-01-10 21:00:00,13533.213,14843.552,18944.61,14541.062,16358.691,34186.348
238,2014-01-10 22:00:00,13533.213,14843.552,18944.61,14541.062,16358.691,34186.348
239,2014-01-10 23:00:00,13533.213,14843.552,18944.61,14541.062,16358.691,34186.348
240,2014-01-11 00:00:00,13533.213,14843.552,18944.61,14541.062,16358.691,34186.348
241,2014-01-11 01:00:00,13533.213,14843.552,18944.61,14541.062,16358.691,34186.348
242,2014-01-11 02:00:00,13533.213,14843.552,18944.61,14541.062,16358.691,34186.348
243,2014-01-11 03:00:00,13533.213,14843.552,18944.61,14541.062,16358.691,34186.348
244,2014-01-11 04:00:00,13533.213,14843.552,18944.61,14541.062,16358.691,34186.348
245,2014-01-11 05:00:00,13533.213,14843.552,18944.61,14541.062,16358.691,34186.348
246,2014-01-11 06:00:00,13533.213,14843.552,18944.61,14541.062,16358.691,34186.348
247,2014-01-11 07:00:00,13533.213,14843.552,18944.61,14541.062,16358.691,34186.348
248,2014-01-11 08:00:00,13533.213,14843.552,18944.61,14541.062,16358.691,34186.348
249,2014-01-11 09:00:00,13533.213,14843.552,18944.61,14541.062,16358.691,34186.348
250,2014-01-11 10:00:00,13533.213,14843.552,18944.61,14541.062,16358.691,34186.348
251,2014-01-11 11:00:00,13533.213,14843.552,18944.61,14541.062,16358.691,34186.348
252,2014-01-11 12:00:00,13533.213,14843.552,18944.61,14541.062,16358.691,34186.348
253,2014-01-11 13:00:00,13533.213,14843.552,18944.61,14541.062,16358.691,34186.348
254,2014-01-11 14:00:00,13533.213,14843.552,18944.61,14541.062,16358.691,34186.348
255,2014-01-11 15:00:00,13533.213,14843.552,18944.61,14541.062,16358.691,34186.348
256,2014-01-11 16:00:00,13533.213,14843.552,18944.61,14541.062,16358.691,34186.348
257,2014-01-11 17:00:00,13533.213,14843.552,18944.61,14541.062,16358.691,34186.348
258,2014-01-11 18:00:00,13533.213,14843.552,18944.61,14541.062,16358.691,34186.348
259,2014-01-11 19:00:00,13533.213,14843.552,18944.61,14541.062,16358.691,34186.348
260,2014-01-11 20:00:00,13533.213,14843.552,18944.61,14541.062,16358.691,34186.348
261,2014-01-11 21:00:00,13533.213,14843.552,18944.61,14541.062,16358.691,34186.348
262,2014-01-11 22:00:00,13533.213,14843.552,18944.61,14541.062,16358.691,34186.348
263,2014-01-11 23:00:00,13533.213,14843.552,18944.61,14541.062,16358.691,34186.348
264,2014-01-12 00:00:00,13533.213,14843.552,18944.61,14541.062,16358.691,34186.348
265,2014-01-12 01:00:00,13533.213,14843.552,18944.61,14541.062,16358.691,34186.348
266,2014-01-12 02:00:00,13533.379,14843.552,18944.61,14541.062,16358.691,34186.348
267,2014-01-12 03:00:00,13533.379,14843.552,18944.863,14541.491,16358.691,34186.348
268,2014-01-12 04:00:00,13533.697,14843.809,18944.863,14541.915,16358.831,34186.348
269,2014-01-12 05:00:00,13533.707,14843.809,18944.863,14541.915,16358.831,34186.348
270,2014-01-12 06:00:00,13533.707,14843.809,18944.863,14541.915,16358.831,34186.348
271,2014-01-12 07:00:00,13533.707,14843.809,18944.863,14541.915,16358.831,34186.348
272,2014-01-12 08:00:00,13533.707,14843.809,18944.863,14541.915,16358.831,34186.348
273,2014-01-12 09:00:00,13533.707,14843.809,18944.863,14541.915,16358.831,34186.348
274,2014-01-12 10:00:00,13533.707,14843.809,18944.863,14541.915,16358.831,34186.348
275,2014-01-12 11:00:00,13533.707,14843.809,18944.863,14541.915,16358.831,34186.348
276,2014-01-12 12:00:00,13533.707,14843.809,18944.863,14541.915,16358.831,34186.348
277,2014-01-12 13:00:00,13533.707,14843.809,18944.863,14541.915,16358.831,34186.348
278,2014-01-12 14:00:00,13533.707,14843.809,18944.863,14541.915,16358.831,34186.348
279,2014-01-12 15:00:00,13533.707,14843.809,18944.863,14541.915,16358.831,34186.348
280,2014-01-12 16:00:00,13533.707,14843.809,18944.863,14541.915,16358.831,34186.348
281,2014-01-12 17:00:00,13533.707,14843.809,18944.863,14541.915,16358.831,34186.348
282,2014-01-12 18:00:00,13533.707,14843.809,18944.863,14541.915,16358.831,34186.348
283,2014-01-12 19:00:00,13533.707,14843.809,18944.863,14541.915,16358.831,34186.348
284,2014-01-12 20:00:00,13533.707,14843.809,18944.863,14541.915,16358.831,34186.348
285,2014-01-12 21:00:00,13533.707,14843.809,18944.863,14541.915,16358.831,34186.348
286,2014-01-12 22:00:00,13533.707,14843.809,18944.863,14541.915,16358.831,34186.348
287,2014-01-12 23:00:00,13533.707,14843.809,18944.863,14541.915,16358.831,34186.348
288,2014-01-13 00:00:00,13533.707,14843.809,18944.863,14541.915,16358.831,34186.348
289,2014-01-13 01:00:00,13533.707,14843.809,18944.863,14541.915,16358.831,34186.348
290,2014-01-13 02:00:00,13533.707,14843.809,18944.863,14541.915,16358.831,34186.348
291,2014-01-13 03:00:00,13533.707,14843.809,18944.863,14541.915,16358.831,34186.348
292,2014-01-13 04:00:00,13533.707,14843.809,18944.863,14541.915,16358.831,34186.348
293,2014-01-13 05:00:00,13533.707,14843.809,18944.863,14541.915,16358.831,34186.348
294,2014-01-13 06:00:00,13533.707,14843.809,18944.863,14541.915,16358.831,34186.348
295,2014-01-13 07:00:00,13533.707,14843.809,18944.863,14541.915,16358.831,34186.348
296,2014-01-13 08:00:00,13533.707,14843.809,18944.863,14541.915,16358.831,34186.348
297,2014-01-13 09:00:00,13533.707,14843.809,18944.863,14541.915,16358.831,34186.348
298,2014-01-13 10:00:00,13533.707,14843.809,18944.863,14541.915,16358.831,34186.348
299,2014-01-13 11:00:00,13533.707,14843.809,18944.863,14541.915,16358.831,34186.348
300,2014-01-13 12:00:00,13533.707,14843.809,18944.863,14541.915,16358.831,34186.348
301,2014-01-13 13:00:00,13533.707,14843.809,18944.863,14541.915,16358.831,34186.348
302,2014-01-13 14:00:00,13533.707,14843.809,18944.863,14541.915,16358.831,34186.348
303,2014-01-13 15:00:00,13533.707,14843.809,18944.863,14541.915,16358.831,34186.348
304,2014-01-13 16:00:00,13533.707,14843.809,18944.863,14541.915,16358.831,34186.348
305,2014-01-13 17:00:00,13533.707,14843.809,18944.863,14541.915,16358.831,34186.348
306,2014-01-13 18:00:00,13533.707,14843.809,18944.863,14541.915,16358.831,34186.348
307,2014-01-13 19:00:00,13533.707,14843.809,18944.863,14541.915,16358.831,34186.348
308,2014-01-13 20:00:00,13533.707,14843.809,18944.863,14541.915,16358.831,34186.348
309,2014-01-13 21:00:00,13533.707,14843.809,18944.863,14541.915,16358.831,34186.348
310,2014-01-13 22:00:00,13533.707,14843.809,18944.863,14541.915,16358.831,34186.348
311,2014-01-13 23:00:00,13533.707,14843.809,18944.863,14541.915,16358.831,34186.348
312,2014-01-14 00:00:00,13533.707,14843.809,18944.863,14541.915,16358.831,34186.348
313,2014-01-14 01:00:00,13533.707,14843.809,18944.863,14541.915,16358.831,34186.348
314,2014-01-14 02:00:00,13533.707,14843.809,18944.863,14541.915,16358.831,34186.348
315,2014-01-14 03:00:00,13533.707,14843.809,18944.863,14541.915,16358.831,34186.348
316,2014-01-14 04:00:00,13533.707,14843.809,18944.863,14541.915,16358.831,34186.348
317,2014-01-14 05:00:00,13533.707,14843.809,18944.863,14541.915,16358.831,34186.348
318,2014-01-14 06:00:00,13533.707,14843.809,18944.863,14541.915,16358.831,34186.348
319,2014-01-14 07:00:00,13533.707,14843.809,18944.863,14541.915,16358.831,34186.348
320,2014-01-14 08:00:00,13533.707,14843.809,18944.863,14541.915,16358.831,34186.348
321,2014-01-14 09:00:00,13533.707,14843.809,18944.863,14541.915,16358.831,34186.348
322,2014-01-14 10:00:00,13533.707,14843.809,18944.863,14541.915,16358.831,34186.348
323,2014-01-14 11:00:00,13533.707,14843.809,18944.863,14541.915,16358.831,34186.348
324,2014-01-14 12:00:00,13533.707,14843.809,18944.863,14541.915,16358.831,34186.348
325,2014-01-14 13:00:00,13533.707,14843.809,18944.863,14541.915,16358.831,34186.348
326,2014-01-14 14:00:00,13533.707,14843.809,18944.863,14541.915,16358.831,34186.348
327,2014-01-14 15:00:00,13533.707,14843.809,18944.863,14541.915,16358.831,34186.348
328,2014-01-14 16:00:00,13533.707,14843.809,18944.863,14541.915,16358.831,34186.348
329,2014-01-14 17:00:00,13533.707,14843.809,18944.863,14541.915,16358.831,34186.348
330,2014-01-14 18:00:00,13533.707,14843.809,18944.863,14541.915,16358.831,34186.348
331,2014-01-14 19:00:00,13533.707,14843.809,18944.863,14541.915,16358.831,34186.348
332,2014-01-14 20:00:00,13533.707,14843.809,18944.863,14541.915,16358.831,34186.348
333,2014-01-14 21:00:00,13533.707,14843.809,18944.863,14541.915,16358.831,34186.348
334,2014-01-14 22:00:00,13533.707,14843.809,18944.863,14541.915,16358.831,34186.348
335,2014-01-14 23:00:00,13533.707,14843.809,18944.863,14541.915,16358.831,34186.348
336,2014-01-15 00:00:00,13533.707,14843.809,18944.863,14541.915,16358.831,34186.348
337,2014-01-15 01:00:00,13533.707,14843.809,18944.863,14541.915,16358.831,34186.348
338,2014-01-15 02:00:00,13533.707,14843.809,18944.863,14541.915,16358.831,34186.348
339,2014-01-15 03:00:00,13533.707,14843.809,18944.863,14541.915,16358.831,34186.348
340,2014-01-15 04:00:00,13533.707,14843.809,18944.863,14541.915,16358.831,34186.348
341,2014-01-15 05:00:00,13533.707,14843.809,18944.863,14541.915,16358.831,34186.348
342,2014-01-15 06:00:00,13533.707,14843.809,18944.863,14541.915,16358.831,34186.348
343,2014-01-15 07:00:00,13533.707,14843.809,18944.863,14541.915,16358.831,34186.348
344,2014-01-15 08:00:00,13533.707,14843.809,18944.863,14541.915,16358.831,34186.348
345,2014-01-15 09:00:00,13533.707,14843.809,18944.863,14541.915,16358.831,34186.348
346,2014-01-15 10:00:00,13533.707,14843.809,18944.863,14541.915,16358.831,34186.348
347,2014-01-15 11:00:00,13533.707,14843.809,18944.863,14541.915,16358.831,34186.348
348,2014-01-15 12:00:00,13533.707,14843.809,18944.863,14541.915,16358.831,34186.348
349,2014-01-15 13:00:00,13533.707,14843.809,18944.863,14541.915,16358.831,34186.348
350,2014-01-15 14:00:00,13533.707,14843.809,18944.863,14541.915,16358.831,34186.348
351,2014-01-15 15:00:00,13533.707,14843.809,18944.863,14541.915,16358.831,34186.348
352,2014-01-15 16:00:00,13533.707,14843.809,18944.863,14541.915,16358.831,34186.348
353,2014-01-15 17:00:00,13533.707,14843.809,18944.863,14541.915,16358.831,34186.348
354,2014-01-15 18:00:00,13533.707,14843.809,18944.863,14541.915,16358.831,34186.348
355,2014-01-15 19:00:00,13533.707,14843.809,18944.863,14541.915,16358.831,34186.348
356,2014-01-15 20:00:00,13533.707,14843.809,18944.863,14541.915,16358.831,34186.348
357,2014-01-15 21:00:00,13533.707,14843.809,18944.863,14541.915,16358.831,34186.348
358,2014-01-15 22:00:00,13533.707,14843.809,18944.863,14541.915,16358.831,34186.348
359,2014-01-15 23:00:00,13533.707,14843.809,18944.863,14541.915,16358.831,34186.348
360,2014-01-16 00:00:00,13533.707,14843.809,18944.863,14541.915,16358.831,34186.348
361,2014-01-16 01:00:00,13533.707,14843.809,18944.863,14541.915,16358.831,34186.348
362,2014-01-16 02:00:00,13533.707,14843.809,18944.863,14541.915,16358.831,34186.348
363,2014-01-16 03:00:00,13533.707,14843.809,18944.863,14541.915,16358.831,34186.348
364,2014-01-16 04:00:00,13533.707,14843.809,18944.863,14541.915,16358.831,34186.348
365,2014-01-16 05:00:00,13533.707,14843.809,18944.863,14541.915,16358.831,34186.348
366,2014-01-16 06:00:00,13533.707,14843.809,18944.863,14541.915,16358.831,34186.348
367,2014-01-16 07:00:00,13533.707,14843.809,18944.863,14541.915,16358.831,34186.348
368,2014-01-16 08:00:00,13533.707,14843.809,18944.863,14541.915,16358.831,34186.348
369,2014-01-16 09:00:00,13533.707,14843.809,18944.863,14541.915,16358.831,34186.348
370,2014-01-16 10:00:00,13533.707,14843.809,18944.863,14541.915,16358.831,34186.348
371,2014-01-16 11:00:00,13533.707,14843.809,18944.863,14541.915,16358.831,34186.348
372,2014-01-16 12:00:00,13533.707,14843.809,18944.863,14541.915,16358.831,34186.348
373,2014-01-16 13:00:00,13533.707,14843.809,18944.863,14541.915,16358.831,34186.348
374,2014-01-16 14:00:00,13533.707,14843.809,18944.863,14541.915,16358.831,34186.348
375,2014-01-16 15:00:00,13533.707,14843.809,18944.863,14541.915,16358.831,34186.348
376,2014-01-16 16:00:00,13533.707,14843.809,18944.863,14541.915,16358.831,34186.348
377,2014-01-16 17:00:00,13533.707,14843.809,18944.863,14541.915,16358.831,34186.348
378,2014-01-16 18:00:00,13533.707,14843.809,18944.863,14541.915,16358.831,34186.348
379,2014-01-16 19:00:00,13533.707,14843.809,18944.863,14541.915,16358.831,34186.348
380,2014-01-16 20:00:00,13533.707,14843.809,18944.863,14541.915,16358.831,34186.348
381,2014-01-16 21:00:00,13533.707,14843.809,18944.863,14541.915,16358.831,34186.348
382,2014-01-16 22:00:00,13533.707,14843.809,18944.863,14541.915,16358.831,34186.348
383,2014-01-16 23:00:00,13533.707,14843.809,18944.863,14541.915,16358.831,34186.348
384,2014-01-17 00:00:00,13533.707,14843.809,18944.863,14541.915,16358.831,34186.348
385,2014-01-17 01:00:00,13533.707,14843.809,18944.863,14541.915,16358.831,34186.348
386,2014-01-17 02:00:00,13533.707,14843.809,18944.863,14541.915,16358.831,34186.348
387,2014-01-17 03:00:00,13533.707,14843.809,18944.863,14541.915,16358.831,34186.348
388,2014-01-17 04:00:00,13533.707,14843.809,18944.863,14541.915,16358.831,34186.348
389,2014-01-17 05:00:00,13533.707,14843.809,18944.863,14541.915,16358.831,34186.348
390,2014-01-17 06:00:00,13533.707,14843.809,18944.863,14541.915,16358.831,34186.348
391,2014-01-17 07:00:00,13533.707,14843.809,18944.863,14541.915,16358.831,34186.348
392,2014-01-17 08:00:00,13533.707,14843.809,18944.863,14541.915,16358.831,34186.348
393,2014-01-17 09:00:00,13533.707,14843.809,18944.863,14541.915,16358.831,34186.348
394,2014-01-17 10:00:00,13533.707,14843.809,18944.863,14541.915,16358.831,34186.348
395,2014-01-17 11:00:00,13533.707,14843.809,18944.863,14541.915,16358.831,34186.348
396,2014-01-17 12:00:00,13533.707,14843.809,18944.863,14541.966,16358.831,34186.348
397,2014-01-17 13:00:00,13533.707,14843.809,18944.863,14542.733,16359.246,34186.348
398,2014-01-17 14:00:00,13533.707,14843.809,18944.863,14542.744,16359.246,34186.348
399,2014-01-17 15:00:00,13533.707,14843.809,18944.863,14542.744,16359.246,34186.348
400,2014-01-17 16:00:00,13533.707,14843.809,18944.863,14542.744,16359.246,34186.348
401,2014-01-17 17:00:00,13533.707,14843.809,18944.863,14542.744,16359.246,34186.348
402,2014-01-17 18:00:00,13533.707,14843.809,18944.863,14542.744,16359.246,34186.348
403,2014-01-17 19:00:00,13533.707,14843.809,18944.863,14542.744,16359.246,34186.348
404,2014-01-17 20:00:00,13533.707,14843.809,18944.863,14542.744,16359.246,34186.348
405,2014-01-17 21:00:00,13533.707,14843.809,18944.863,14542.744,16359.246,34186.348
406,2014-01-17 22:00:00,13533.707,14843.809,18944.863,14542.744,16359.246,34186.348
407,2014-01-17 23:00:00,13533.707,14843.809,18944.863,14542.744,16359.246,34186.348
408,2014-01-18 00:00:00,13533.707,14843.809,18944.863,14542.744,16359.246,34186.348
409,2014-01-18 01:00:00,13533.707,14843.809,18944.863,14542.744,16359.246,34186.348
410,2014-01-18 02:00:00,13533.707,14843.809,18944.863,14542.744,16359.246,34186.348
411,2014-01-18 03:00:00,13533.707,14843.809,18944.863,14542.744,16359.246,34186.348
412,2014-01-18 04:00:00,13533.707,14843.809,18944.863,14542.744,16359.246,34186.348
413,2014-01-18 05:00:00,13533.707,14843.809,18944.863,14542.744,16359.246,34186.348
414,2014-01-18 06:00:00,13533.707,14843.809,18944.863,14542.744,16359.246,34186.348
415,2014-01-18 07:00:00,13533.707,14843.809,18944.863,14542.744,16359.246,34186.348
416,2014-01-18 08:00:00,13533.707,14843.809,18944.863,14542.744,16359.246,34186.348
417,2014-01-18 09:00:00,13533.707,14843.809,18944.863,14542.744,16359.246,34186.348
418,2014-01-18 10:00:00,13533.707,14843.809,18944.863,14542.744,16359.246,34186.348
419,2014-01-18 11:00:00,13533.707,14843.809,18944.863,14542.744,16359.246,34186.348
420,2014-01-18 12:00:00,13533.707,14843.809,18944.863,14542.744,16359.246,34186.348
421,2014-01-18 13:00:00,13533.707,14843.809,18944.863,14542.744,16359.246,34186.348
422,2014-01-18 14:00:00,13533.707,14843.809,18944.863,14542.744,16359.246,34186.348
423,2014-01-18 15:00:00,13533.707,14843.809,18944.863,14542.744,16359.246,34186.348
424,2014-01-18 16:00:00,13533.707,14843.809,18944.863,14542.744,16359.246,34186.348
425,2014-01-18 17:00:00,13533.707,14843.809,18944.863,14542.744,16359.246,34186.348
426,2014-01-18 18:00:00,13533.707,14843.809,18944.863,14542.744,16359.246,34186.348
427,2014-01-18 19:00:00,13533.707,14843.809,18944.863,14542.744,16359.246,34186.348
428,2014-01-18 20:00:00,13533.707,14843.809,18944.863,14542.744,16359.246,34186.348
429,2014-01-18 21:00:00,13533.707,14843.809,18944.863,14542.744,16359.246,34186.348
430,2014-01-18 22:00:00,13533.707,14843.809,18944.863,14542.744,16359.246,34186.348
431,2014-01-18 23:00:00,13533.707,14843.809,18944.863,14542.744,16359.246,34186.348
432,2014-01-19 00:00:00,13533.707,14843.809,18944.863,14542.744,16359.246,34186.348
433,2014-01-19 01:00:00,13533.707,14843.809,18944.863,14542.744,16359.246,34186.348
434,2014-01-19 02:00:00,13533.707,14843.809,18944.863,14542.744,16359.246,34186.348
435,2014-01-19 03:00:00,13533.707,14843.809,18944.863,14542.744,16359.246,34186.348
436,2014-01-19 04:00:00,13533.707,14843.809,18944.863,14542.744,16359.246,34186.348
437,2014-01-19 05:00:00,13533.707,14843.809,18944.863,14542.744,16359.246,34186.348
438,2014-01-19 06:00:00,13533.707,14843.809,18944.863,14542.744,16359.246,34186.348
439,2014-01-19 07:00:00,13533.707,14843.809,18944.863,14542.744,16359.246,34186.348
440,2014-01-19 08:00:00,13533.707,14843.809,18944.863,14542.744,16359.246,34186.348
441,2014-01-19 09:00:00,13533.707,14843.809,18944.863,14542.744,16359.246,34186.348
442,2014-01-19 10:00:00,13533.707,14843.809,18944.863,14542.744,16359.246,34186.348
443,2014-01-19 11:00:00,13533.707,14843.809,18944.863,14542.744,16359.246,34186.348
444,2014-01-19 12:00:00,13533.707,14843.809,18944.863,14542.744,16359.246,34186.348
445,2014-01-19 13:00:00,13533.707,14843.809,18944.863,14542.744,16359.246,34186.348
446,2014-01-19 14:00:00,13533.707,14843.809,18944.863,14542.744,16359.246,34186.348
447,2014-01-19 15:00:00,13533.707,14843.809,18944.863,14542.744,16359.246,34186.348
448,2014-01-19 16:00:00,13533.707,14843.809,18944.863,14542.744,16359.246,34186.348
449,2014-01-19 17:00:00,13533.707,14843.809,18944.863,14542.744,16359.246,34186.348
450,2014-01-19 18:00:00,13533.707,14843.809,18944.863,14542.744,16359.246,34186.348
451,2014-01-19 19:00:00,13533.707,14843.809,18944.863,14542.744,16359.246,34186.348
452,2014-01-19 20:00:00,13533.707,14843.809,18944.863,14542.744,16359.246,34186.348
453,2014-01-19 21:00:00,13533.707,14843.809,18944.863,14542.744,16359.246,34186.348
454,2014-01-19 22:00:00,13533.707,14843.809,18944.863,14542.744,16359.246,34186.348
455,2014-01-19 23:00:00,13533.707,14843.809,18944.863,14542.744,16359.246,34186.348
456,2014-01-20 00:00:00,13533.707,14843.809,18944.863,14542.744,16359.246,34186.348
457,2014-01-20 01:00:00,13533.707,14843.809,18944.863,14542.744,16359.246,34186.348
458,2014-01-20 02:00:00,13533.707,14843.809,18944.863,14542.744,16359.246,34186.348
459,2014-01-20 03:00:00,13533.707,14843.809,18944.863,14542.744,16359.246,34186.348
460,2014-01-20 04:00:00,13533.707,14843.809,18944.863,14542.744,16359.246,34186.348
461,2014-01-20 05:00:00,13533.707,14843.809,18944.863,14542.744,16359.246,34186.348
462,2014-01-20 06:00:00,13533.707,14843.809,18944.863,14542.744,16359.246,34186.348
463,2014-01-20 07:00:00,13533.707,14843.809,18944.863,14542.744,16359.246,34186.348
464,2014-01-20 08:00:00,13533.707,14843.809,18944.863,14542.744,16359.246,34186.348
465,2014-01-20 09:00:00,13533.707,14843.809,18944.863,14542.744,16359.246,34186.348
466,2014-01-20 10:00:00,13533.707,14843.809,18944.863,14542.744,16359.246,34186.348
467,2014-01-20 11:00:00,13533.707,14843.809,18944.863,14542.744,16359.246,34186.348
468,2014-01-20 12:00:00,13533.707,14843.809,18944.863,14542.744,16359.246,34186.348
469,2014-01-20 13:00:00,13533.707,14843.809,18944.863,14542.744,16359.246,34186.348
470,2014-01-20 14:00:00,13533.707,14843.809,18944.863,14542.744,16359.246,34186.348
471,2014-01-20 15:00:00,13533.707,14843.809,18944.863,14542.744,16359.246,34186.348
472,2014-01-20 16:00:00,13533.707,14843.809,18944.863,14542.744,16359.246,34186.348
473,2014-01-20 17:00:00,13533.707,14843.809,18944.863,14542.744,16359.246,34186.348
474,2014-01-20 18:00:00,13533.707,14843.809,18944.863,14542.744,16359.246,34186.348
475,2014-01-20 19:00:00,13533.707,14843.809,18944.863,14542.744,16359.246,34186.348
476,2014-01-20 20:00:00,13533.707,14843.809,18944.863,14542.744,16359.246,34186.348
477,2014-01-20 21:00:00,13533.707,14843.809,18944.863,14542.744,16359.246,34186.348
478,2014-01-20 22:00:00,13533.707,14843.809,18944.863,14542.744,16359.246,34186.348
479,2014-01-20 23:00:00,13533.707,14843.809,18944.863,14542.744,16359.246,34186.348
480,2014-01-21 00:00:00,13533.707,14843.809,18944.863,14542.744,16359.246,34186.348
481,2014-01-21 01:00:00,13533.707,14843.809,18944.863,14542.744,16359.246,34186.348
482,2014-01-21 02:00:00,13533.707,14843.809,18944.863,14542.744,16359.246,34186.348
483,2014-01-21 03:00:00,13533.707,14843.809,18944.863,14542.744,16359.246,34186.348
484,2014-01-21 04:00:00,13533.707,14843.809,18944.863,14542.744,16359.246,34186.348
485,2014-01-21 05:00:00,13533.707,14843.809,18944.863,14542.744,16359.246,34186.348
486,2014-01-21 06:00:00,13533.707,14843.809,18944.863,14542.744,16359.246,34186.348
487,2014-01-21 07:00:00,13533.707,14843.809,18944.863,14542.744,16359.246,34186.348
488,2014-01-21 08:00:00,13533.707,14843.809,18944.863,14542.744,16359.246,34186.348
489,2014-01-21 09:00:00,13533.707,14843.809,18944.863,14542.744,16359.246,34186.348
490,2014-01-21 10:00:00,13533.707,14843.809,18944.863,14542.744,16359.246,34186.348
491,2014-01-21 11:00:00,13533.707,14843.809,18944.863,14542.744,16359.246,34186.348
492,2014-01-21 12:00:00,13533.707,14843.809,18944.863,14542.744,16359.246,34186.348
493,2014-01-21 13:00:00,13533.707,14843.809,18944.863,14542.744,16359.246,34186.348
494,2014-01-21 14:00:00,13533.707,14843.809,18944.863,14542.744,16359.246,34186.348
495,2014-01-21 15:00:00,13533.707,14843.809,18944.863,14542.744,16359.246,34186.348
496,2014-01-21 16:00:00,13533.707,14843.809,18944.863,14542.744,16359.246,34186.348
497,2014-01-21 17:00:00,13533.707,14843.809,18944.863,14542.744,16359.246,34186.348
498,2014-01-21 18:00:00,13533.707,14843.809,18944.863,14542.744,16359.246,34186.348
499,2014-01-21 19:00:00,13533.707,14843.809,18944.863,14542.744,16359.246,34186.348
500,2014-01-21 20:00:00,13533.707,14843.809,18944.863,14542.744,16359.246,34186.348
501,2014-01-21 21:00:00,13533.707,14843.809,18944.863,14542.744,16359.246,34186.348
502,2014-01-21 22:00:00,13533.707,14843.809,18944.863,14542.744,16359.246,34186.348
503,2014-01-21 23:00:00,13533.707,14843.809,18944.863,14542.744,16359.246,34186.348
504,2014-01-22 00:00:00,13533.707,14843.809,18944.863,14542.744,16359.246,34186.348
505,2014-01-22 01:00:00,13533.707,14843.809,18944.863,14542.744,16359.246,34186.348
506,2014-01-22 02:00:00,13533.707,14843.809,18944.863,14542.744,16359.246,34186.348
507,2014-01-22 03:00:00,13533.707,14843.809,18944.863,14542.744,16359.246,34186.348
508,2014-01-22 04:00:00,13533.707,14843.809,18944.863,14542.744,16359.246,34186.348
509,2014-01-22 05:00:00,13533.707,14843.809,18944.863,14542.744,16359.246,34186.348
510,2014-01-22 06:00:00,13533.707,14843.809,18944.863,14542.744,16359.246,34186.348
511,2014-01-22 07:00:00,13533.707,14843.809,18944.863,14542.744,16359.246,34186.348
512,2014-01-22 08:00:00,13533.707,14843.809,18944.863,14542.744,16359.246,34186.348
513,2014-01-22 09:00:00,13533.707,14843.809,18944.863,14542.744,16359.246,34186.348
514,2014-01-22 10:00:00,13533.707,14843.809,18944.863,14542.744,16359.246,34186.348
515,2014-01-22 11:00:00,13533.707,14843.809,18944.863,14542.744,16359.246,34186.348
516,2014-01-22 12:00:00,13533.707,14843.809,18944.863,14542.744,16359.246,34186.348
517,2014-01-22 13:00:00,13533.707,14843.809,18944.863,14542.744,16359.246,34186.348
518,2014-01-22 14:00:00,13533.707,14843.809,18944.863,14542.744,16359.246,34186.348
519,2014-01-22 15:00:00,13533.707,14843.809,18944.863,14542.744,16359.246,34186.348
520,2014-01-22 16:00:00,13533.707,14843.809,18944.863,14542.744,16359.246,34186.348
521,2014-01-22 17:00:00,13533.707,14843.809,18944.863,14542.744,16359.246,34186.348
522,2014-01-22 18:00:00,13533.707,14843.809,18944.863,14542.744,16359.246,34186.348
523,2014-01-22 19:00:00,13533.707,14843.809,18944.863,14542.744,16359.246,34186.348
524,2014-01-22 20:00:00,13533.707,14843.809,18944.863,14542.744,16359.246,34186.348
525,2014-01-22 21:00:00,13533.707,14843.809,18944.863,14542.744,16359.246,34186.348
526,2014-01-22 22:00:00,13533.707,14843.809,18944.863,14542.744,16359.246,34186.348
527,2014-01-22 23:00:00,13533.707,14843.809,18944.863,14542.744,16359.246,34186.348
528,2014-01-23 00:00:00,13533.707,14843.809,18944.863,14542.744,16359.246,34186.348
529,2014-01-23 01:00:00,13533.707,14843.809,18944.863,14542.744,16359.246,34186.348
530,2014-01-23 02:00:00,13534.381,14843.809,18944.863,14542.744,16359.246,34186.348
531,2014-01-23 03:00:00,13535.293,14843.809,18944.863,14542.744,16359.246,34186.348
532,2014-01-23 04:00:00,13535.729,14843.809,18944.863,14542.744,16359.246,34186.348
533,2014-01-23 05:00:00,13535.729,14843.809,18944.863,14542.744,16359.246,34186.348
534,2014-01-23 06:00:00,13535.729,14843.809,18944.863,14542.744,16359.246,34186.348
535,2014-01-23 07:00:00,13535.729,14843.809,18944.863,14542.744,16359.246,34186.348
536,2014-01-23 08:00:00,13535.729,14843.809,18944.863,14542.744,16359.246,34186.348
537,2014-01-23 09:00:00,13535.729,14843.809,18944.863,14542.744,16359.246,34186.348
538,2014-01-23 10:00:00,13535.729,14843.809,18944.863,14542.744,16359.246,34186.348
539,2014-01-23 11:00:00,13535.729,14843.809,18944.863,14542.744,16359.246,34186.348
540,2014-01-23 12:00:00,13533.707,14843.809,18944.863,14542.744,16359.246,34186.348
541,2014-01-23 13:00:00,13533.707,14843.809,18944.863,14542.744,16359.246,34186.348
542,2014-01-23 14:00:00,13533.707,14843.809,18944.863,14542.744,16359.246,34186.348
543,2014-01-23 15:00:00,13533.707,14843.809,18944.863,14542.744,16359.246,34186.348
544,2014-01-23 16:00:00,13533.707,14843.809,18944.863,14542.744,16359.246,34186.348
545,2014-01-23 17:00:00,13533.707,14843.809,18944.863,14542.744,16359.246,34186.348
546,2014-01-23 18:00:00,13533.707,14843.809,18944.863,14542.744,16359.246,34186.348
547,2014-01-23 19:00:00,13533.707,14843.809,18944.863,14542.744,16359.246,34186.348
548,2014-01-23 20:00:00,13533.707,14843.809,18944.863,14542.744,16359.246,34186.348
549,2014-01-23 21:00:00,13533.707,14843.809,18944.863,14542.744,16359.246,34186.348
550,2014-01-23 22:00:00,13535.729,14843.809,18944.863,14542.744,16359.246,34186.348
551,2014-01-23 23:00:00,13535.729,14843.809,18944.863,14542.744,16359.246,34186.348
552,2014-01-24 00:00:00,13535.729,14843.809,18944.863,14542.744,16359.246,34186.348
553,2014-01-24 01:00:00,13535.729,14843.809,18944.863,14542.744,16359.246,34186.348
554,2014-01-24 02:00:00,13535.729,14843.809,18944.863,14542.744,16359.246,34186.348
555,2014-01-24 03:00:00,13535.729,14843.809,18944.863,14542.744,16359.246,34186.348
556,2014-01-24 04:00:00,13535.729,14843.809,18944.863,14542.744,16359.246,34186.348
557,2014-01-24 05:00:00,13535.729,14843.809,18944.863,14542.744,16359.246,34186.348
558,2014-01-24 06:00:00,13535.729,14843.809,18944.863,14542.744,16359.246,34186.348
559,2014-01-24 07:00:00,13535.729,14843.809,18944.863,14542.744,16359.246,34186.348
560,2014-01-24 08:00:00,13535.729,14843.809,18944.863,14542.744,16359.246,34186.348
561,2014-01-24 09:00:00,13535.729,14843.809,18944.863,14542.744,16359.246,34186.348
562,2014-01-24 10:00:00,13535.729,14843.809,18944.863,14542.744,16359.246,34186.348
563,2014-01-24 11:00:00,13535.729,14843.809,18944.863,14542.744,16359.246,34186.348
564,2014-01-24 12:00:00,13535.729,14843.809,18944.863,14542.744,16359.246,34186.348
565,2014-01-24 13:00:00,13535.729,14843.809,18944.863,14542.744,16359.246,34186.348
566,2014-01-24 14:00:00,13535.729,14843.809,18944.863,14542.744,16359.246,34186.348
567,2014-01-24 15:00:00,13535.729,14843.809,18944.863,14542.744,16359.246,34186.348
568,2014-01-24 16:00:00,13535.729,14843.809,18944.863,14542.744,16359.246,34186.348
569,2014-01-24 17:00:00,13535.729,14843.809,18944.863,14542.744,16359.246,34186.348
570,2014-01-24 18:00:00,13535.729,14843.809,18944.863,14542.744,16359.246,34186.348
571,2014-01-24 19:00:00,13535.729,14843.809,18944.863,14542.744,16359.246,34186.348
572,2014-01-24 20:00:00,13535.729,14843.809,18944.863,14542.744,16359.246,34186.348
573,2014-01-24 21:00:00,13535.729,14843.809,18944.863,14542.744,16359.246,34186.348
574,2014-01-24 22:00:00,13535.729,14843.809,18944.863,14542.744,16359.246,34186.348
575,2014-01-24 23:00:00,13535.729,14843.809,18944.863,14542.744,16359.246,34186.348
576,2014-01-25 00:00:00,13535.729,14843.809,18944.863,14542.744,16359.246,34186.348
577,2014-01-25 01:00:00,13535.729,14843.809,18944.863,14542.744,16359.246,34186.348
578,2014-01-25 02:00:00,13535.729,14843.809,18944.863,14542.744,16359.246,34186.348
579,2014-01-25 03:00:00,13535.729,14843.809,18944.863,14542.744,16359.246,34186.348
580,2014-01-25 04:00:00,13535.729,14843.809,18944.863,14542.744,16359.246,34186.348
581,2014-01-25 05:00:00,13535.729,14843.809,18945.902,14542.744,16359.246,34186.348
582,2014-01-25 06:00:00,13535.84,14844.189,18947.93,14542.744,16359.906,34188.938
583,2014-01-25 07:00:00,13536.794,14844.47,18949.838,14542.744,16360.86,34192.754
584,2014-01-25 08:00:00,13537.621,14844.47,18951.492,14542.744,16361.6875,34196.062
585,2014-01-25 09:00:00,13538.402,14844.47,18953.055,14542.744,16362.469,34199.188
586,2014-01-25 10:00:00,13539.184,14844.47,18954.617,14542.744,16363.25,34202.312
587,2014-01-25 11:00:00,13539.221,14844.47,18956.18,14542.744,16363.861,34205.438
588,2014-01-25 12:00:00,13539.221,14844.47,18957.742,14542.744,16364.348,34208.254
589,2014-01-25 13:00:00,13539.221,14844.47,18957.775,14542.744,16364.348,34208.254
590,2014-01-25 14:00:00,13539.221,14844.47,18957.775,14542.744,16364.348,34208.254
591,2014-01-25 15:00:00,13539.221,14844.47,18957.938,14542.744,16364.348,34208.477
592,2014-01-25 16:00:00,13539.221,14844.493,18959.754,14542.744,16365.057,34212.11
593,2014-01-25 17:00:00,13539.221,14845.38,18961.527,14542.744,16365.943,34214.543
594,2014-01-25 18:00:00,13539.939,14846.302,18963.371,14543.402,16367.376,34214.543
595,2014-01-25 19:00:00,13539.989,14847.21,18965.188,14543.402,16368.284,34215.15
596,2014-01-25 20:00:00,13539.989,14848.084,18966.936,14543.402,16369.158,34215.65
597,2014-01-25 21:00:00,13539.989,14849.052,18968.871,14543.402,16370.126,34217.11
598,2014-01-25 22:00:00,13539.989,14849.993,18970.754,14543.519,16371.067,34219.688
599,2014-01-25 23:00:00,13540.559,14851.154,18972.39,14543.519,16371.886,34219.688
600,2014-01-26 00:00:00,13541.389,14851.984,18974.027,14543.519,16372.716,34219.688
601,2014-01-26 01:00:00,13542.169,14852.765,18974.346,14543.519,16373.496,34219.688
602,2014-01-26 02:00:00,13542.888,14853.483,18974.346,14543.519,16374.215,34219.688
603,2014-01-26 03:00:00,13542.898,14853.632,18974.346,14543.519,16374.652,34219.688
604,2014-01-26 04:00:00,13542.898,14853.632,18974.346,14543.519,16374.652,34219.688
605,2014-01-26 05:00:00,13542.898,14853.632,18974.346,14543.519,16374.652,34219.688
606,2014-01-26 06:00:00,13542.898,14853.632,18974.346,14543.519,16374.652,34219.688
607,2014-01-26 07:00:00,13542.898,14853.632,18974.346,14543.519,16374.652,34219.688
608,2014-01-26 08:00:00,13542.898,14853.632,18974.346,14543.519,16374.652,34219.688
609,2014-01-26 09:00:00,13542.898,14853.632,18974.346,14543.519,16374.652,34219.688
610,2014-01-26 10:00:00,13542.898,14853.632,18974.346,14543.519,16374.652,34219.688
611,2014-01-26 11:00:00,13542.898,14853.632,18974.346,14543.519,16374.652,34219.688
612,2014-01-26 12:00:00,13542.898,14853.632,18974.346,14543.519,16374.652,34219.688
613,2014-01-26 13:00:00,13542.898,14853.632,18974.346,14543.519,16374.652,34219.688
614,2014-01-26 14:00:00,13542.898,14853.632,18974.346,14543.519,16374.652,34219.688
615,2014-01-26 15:00:00,13542.898,14853.632,18974.346,14543.519,16374.652,34219.688
616,2014-01-26 16:00:00,13542.898,14853.632,18974.346,14543.519,16374.652,34219.688
617,2014-01-26 17:00:00,13542.898,14853.632,18974.346,14543.519,16374.652,34219.688
618,2014-01-26 18:00:00,13542.898,14853.632,18974.346,14543.519,16374.652,34219.688
619,2014-01-26 19:00:00,13542.898,14853.632,18974.346,14543.519,16374.652,34219.688
620,2014-01-26 20:00:00,13542.898,14853.632,18974.346,14543.519,16374.652,34219.688
621,2014-01-26 21:00:00,13542.898,14853.632,18974.346,14543.519,16374.652,34219.688
622,2014-01-26 22:00:00,13542.898,14853.632,18974.346,14543.519,16374.652,34219.688
623,2014-01-26 23:00:00,13542.898,14853.632,18974.346,14543.519,16374.652,34219.688
624,2014-01-27 00:00:00,13542.898,14853.632,18974.346,14543.519,16374.652,34219.688
625,2014-01-27 01:00:00,13542.898,14853.632,18974.346,14543.519,16374.652,34219.688
626,2014-01-27 02:00:00,13542.898,14853.632,18974.346,14543.519,16374.652,34219.688
627,2014-01-27 03:00:00,13542.898,14853.632,18974.346,14543.519,16374.652,34219.688
628,2014-01-27 04:00:00,13542.898,14853.632,18974.346,14543.519,16374.652,34219.688
629,2014-01-27 05:00:00,13542.898,14853.632,18974.346,14543.519,16374.652,34219.688
630,2014-01-27 06:00:00,13542.898,14853.632,18974.346,14543.519,16374.652,34219.688
631,2014-01-27 07:00:00,13542.898,14853.632,18974.346,14543.519,16374.652,34219.688
632,2014-01-27 08:00:00,13542.898,14853.632,18974.346,14543.519,16374.652,34219.688
633,2014-01-27 09:00:00,13542.898,14853.632,18974.346,14543.519,16374.652,34219.688
634,2014-01-27 10:00:00,13542.898,14853.632,18974.346,14543.519,16374.652,34219.688
635,2014-01-27 11:00:00,13542.898,14853.632,18974.346,14543.519,16374.652,34219.688
636,2014-01-27 12:00:00,13542.898,14853.632,18974.346,14543.519,16374.652,34219.688
637,2014-01-27 13:00:00,13542.898,14853.632,18974.346,14543.519,16374.652,34219.688
638,2014-01-27 14:00:00,13542.898,14853.632,18974.346,14543.519,16374.652,34219.688
639,2014-01-27 15:00:00,13542.898,14853.632,18974.346,14543.519,16374.652,34219.688
640,2014-01-27 16:00:00,13542.898,14853.632,18974.346,14543.519,16374.652,34219.688
641,2014-01-27 17:00:00,13542.898,14853.632,18974.346,14543.519,16374.652,34219.688
642,2014-01-27 18:00:00,13542.898,14853.632,18974.346,14543.519,16374.652,34219.688
643,2014-01-27 19:00:00,13542.898,14853.632,18974.346,14543.519,16374.652,34219.688
644,2014-01-27 20:00:00,13542.898,14853.632,18974.346,14543.651,16374.652,34219.688
645,2014-01-27 21:00:00,13542.898,14853.632,18974.346,14544.422,16374.652,34219.688
646,2014-01-27 22:00:00,13542.898,14853.632,18974.346,14544.51,16374.652,34219.688
647,2014-01-27 23:00:00,13542.898,14853.632,18974.346,14544.51,16374.652,34219.688
648,2014-01-28 00:00:00,13542.898,14853.632,18974.346,14544.51,16374.652,34219.688
649,2014-01-28 01:00:00,13542.898,14853.632,18974.346,14544.51,16374.652,34219.688
650,2014-01-28 02:00:00,13542.898,14853.632,18974.346,14544.51,16374.652,34219.688
651,2014-01-28 03:00:00,13542.898,14853.632,18974.346,14544.51,16374.652,34219.688
652,2014-01-28 04:00:00,13542.898,14853.632,18974.346,14544.51,16374.652,34219.688
653,2014-01-28 05:00:00,13542.898,14853.632,18974.346,14544.51,16374.652,34219.688
654,2014-01-28 06:00:00,13542.898,14853.632,18974.346,14544.51,16374.652,34219.688
655,2014-01-28 07:00:00,13542.898,14853.632,18974.346,14544.51,16374.652,34219.688
656,2014-01-28 08:00:00,13542.898,14853.632,18974.346,14544.51,16374.652,34219.688
657,2014-01-28 09:00:00,13542.898,14853.632,18974.346,14544.51,16374.652,34219.688
658,2014-01-28 10:00:00,13542.898,14853.632,18974.346,14544.51,16374.652,34219.688
659,2014-01-28 11:00:00,13542.898,14853.632,18974.346,14544.51,16374.652,34219.688
660,2014-01-28 12:00:00,13542.898,14853.632,18974.346,14544.51,16374.652,34219.688
661,2014-01-28 13:00:00,13542.898,14853.632,18974.346,14544.51,16374.652,34219.688
662,2014-01-28 14:00:00,13542.898,14853.632,18974.346,14544.51,16374.652,34219.688
663,2014-01-28 15:00:00,13542.898,14853.632,18974.346,14544.51,16374.652,34219.688
664,2014-01-28 16:00:00,13542.898,14853.632,18974.346,14544.51,16374.652,34219.688
665,2014-01-28 17:00:00,13542.898,14853.632,18974.346,14544.51,16374.652,34219.688
666,2014-01-28 18:00:00,13542.898,14853.632,18974.346,14544.51,16374.652,34219.688
667,2014-01-28 19:00:00,13542.898,14853.632,18974.346,14544.51,16374.652,34219.688
668,2014-01-28 20:00:00,13542.898,14853.632,18974.346,14544.51,16374.652,34219.688
669,2014-01-28 21:00:00,13542.898,14853.632,18974.346,14544.51,16374.652,34219.688
670,2014-01-28 22:00:00,13542.898,14853.632,18974.346,14544.51,16374.652,34219.688
671,2014-01-28 23:00:00,13542.898,14853.632,18974.346,14544.51,16374.652,34219.688
672,2014-01-29 00:00:00,13542.898,14853.632,18974.346,14544.51,16374.652,34219.688
673,2014-01-29 01:00:00,13542.898,14853.632,18974.346,14544.51,16374.652,34219.688
674,2014-01-29 02:00:00,13542.898,14853.632,18974.346,14544.51,16374.652,34219.688
675,2014-01-29 03:00:00,13542.898,14853.632,18974.346,14544.51,16374.652,34219.688
676,2014-01-29 04:00:00,13542.898,14853.632,18974.346,14544.51,16374.652,34219.688
677,2014-01-29 05:00:00,13542.898,14853.632,18974.346,14544.51,16374.652,34219.688
678,2014-01-29 06:00:00,13542.898,14853.632,18974.346,14544.51,16374.652,34219.688
679,2014-01-29 07:00:00,13542.898,14853.632,18974.346,14544.51,16374.652,34219.688
680,2014-01-29 08:00:00,13542.898,14853.632,18974.346,14544.51,16374.652,34219.688
681,2014-01-29 09:00:00,13542.898,14853.632,18974.346,14544.51,16374.652,34219.688
682,2014-01-29 10:00:00,13542.898,14853.632,18974.346,14544.51,16374.652,34219.688
683,2014-01-29 11:00:00,13542.898,14853.632,18974.346,14544.51,16374.652,34219.688
684,2014-01-29 12:00:00,13542.898,14853.632,18974.346,14544.51,16374.652,34219.688
685,2014-01-29 13:00:00,13542.898,14853.632,18974.346,14544.51,16374.652,34219.688
686,2014-01-29 14:00:00,13542.898,14853.632,18974.346,14544.51,16374.652,34219.688
687,2014-01-29 15:00:00,13542.898,14853.632,18974.346,14544.51,16374.652,34219.688
688,2014-01-29 16:00:00,13542.898,14853.632,18974.346,14544.51,16374.652,34219.688
689,2014-01-29 17:00:00,13542.898,14853.632,18974.346,14544.51,16374.652,34219.688
690,2014-01-29 18:00:00,13542.898,14853.632,18974.346,14544.51,16374.652,34219.688
691,2014-01-29 19:00:00,13542.898,14853.632,18974.346,14544.51,16374.652,34219.688
692,2014-01-29 20:00:00,13542.898,14853.632,18974.346,14544.51,16374.652,34219.688
693,2014-01-29 21:00:00,13542.898,14853.632,18974.346,14544.51,16374.652,34219.688
694,2014-01-29 22:00:00,13542.898,14853.632,18974.346,14544.51,16374.652,34219.688
695,2014-01-29 23:00:00,13542.898,14853.632,18974.346,14544.51,16374.652,34219.688
696,2014-01-30 00:00:00,13542.898,14853.632,18974.346,14545.379,16374.652,34219.688
697,2014-01-30 01:00:00,13542.898,14853.632,18974.346,14545.379,16374.652,34219.688
698,2014-01-30 02:00:00,13542.898,14853.632,18974.346,14545.379,16374.652,34219.688
699,2014-01-30 03:00:00,13542.898,14853.632,18974.346,14545.379,16374.652,34219.688
700,2014-01-30 04:00:00,13542.898,14853.632,18974.346,14545.379,16374.652,34219.688
701,2014-01-30 05:00:00,13542.898,14853.632,18974.346,14545.379,16374.652,34219.688
702,2014-01-30 06:00:00,13542.898,14853.632,18974.346,14545.379,16374.652,34219.688
703,2014-01-30 07:00:00,13542.898,14853.632,18974.346,14545.379,16374.652,34219.688
704,2014-01-30 08:00:00,13542.898,14853.632,18974.346,14545.379,16374.652,34219.688
705,2014-01-30 09:00:00,13542.898,14853.632,18974.346,14545.379,16374.652,34219.688
706,2014-01-30 10:00:00,13542.898,14853.632,18974.346,14545.379,16374.652,34219.688
707,2014-01-30 11:00:00,13542.898,14853.632,18974.346,14545.379,16374.652,34219.688
708,2014-01-30 12:00:00,13542.898,14853.632,18974.346,14544.51,16374.652,34219.688
709,2014-01-30 13:00:00,13542.898,14853.632,18974.346,14544.51,16374.652,34219.688
710,2014-01-30 14:00:00,13542.898,14853.632,18974.346,14544.51,16374.652,34219.688
711,2014-01-30 15:00:00,13542.898,14853.632,18974.346,14544.51,16374.652,34219.688
712,2014-01-30 16:00:00,13542.898,14853.632,18974.346,14544.51,16374.652,34219.688
713,2014-01-30 17:00:00,13542.898,14853.632,18974.346,14544.51,16374.652,34219.688
714,2014-01-30 18:00:00,13542.898,14853.632,18974.346,14544.51,16374.652,34219.688
715,2014-01-30 19:00:00,13542.898,14853.632,18974.346,14544.686,16374.652,34219.688
716,2014-01-30 20:00:00,13542.898,14853.632,18974.346,14545.379,16374.652,34219.688
717,2014-01-30 21:00:00,13542.898,14853.632,18974.346,14545.379,16374.652,34219.688
718,2014-01-30 22:00:00,13542.898,14853.632,18974.346,14545.379,16374.652,34219.688
719,2014-01-30 23:00:00,13542.898,14853.632,18974.346,14545.379,16374.652,34219.688
720,2014-01-31 00:00:00,13542.898,14853.632,18974.346,14545.379,16374.652,34219.688
721,2014-01-31 01:00:00,13542.898,14853.632,18974.346,14545.379,16374.652,34219.688
722,2014-01-31 02:00:00,13542.898,14853.632,18974.346,14545.379,16374.652,34219.688
723,2014-01-31 03:00:00,13542.898,14853.632,18974.346,14545.379,16374.652,34219.688
724,2014-01-31 04:00:00,13542.898,14853.632,18974.346,14545.379,16374.652,34219.688
725,2014-01-31 05:00:00,13542.898,14853.632,18974.346,14545.379,16374.652,34219.688
726,2014-01-31 06:00:00,13542.898,14853.632,18974.346,14545.379,16374.652,34219.688
727,2014-01-31 07:00:00,13542.898,14853.632,18974.346,14545.379,16374.652,34219.688
728,2014-01-31 08:00:00,13542.898,14853.632,18974.346,14545.379,16374.652,34219.688
729,2014-01-31 09:00:00,13542.898,14853.632,18974.346,14545.379,16374.652,34219.688
730,2014-01-31 10:00:00,13542.898,14853.632,18974.346,14545.379,16374.652,34219.688
731,2014-01-31 11:00:00,13542.898,14853.632,18974.346,14545.379,16374.652,34219.688
732,2014-01-31 12:00:00,13542.898,14853.632,18974.346,14545.379,16374.652,34219.688
733,2014-01-31 13:00:00,13542.898,14853.632,18974.346,14545.379,16374.652,34219.688
734,2014-01-31 14:00:00,13542.898,14853.632,18974.346,14545.379,16374.652,34219.688
735,2014-01-31 15:00:00,13542.898,14853.632,18974.346,14545.379,16374.652,34219.688
736,2014-01-31 16:00:00,13542.898,14853.632,18974.346,14545.379,16374.652,34219.688
737,2014-01-31 17:00:00,13542.898,14853.632,18974.346,14545.379,16374.652,34219.688
738,2014-01-31 18:00:00,13542.898,14853.632,18974.346,14545.379,16374.652,34219.688
739,2014-01-31 19:00:00,13542.898,14853.632,18974.346,14545.379,16374.652,34219.688
740,2014-01-31 20:00:00,13542.898,14853.632,18974.346,14545.379,16374.652,34219.688
741,2014-01-31 21:00:00,13542.898,14853.632,18974.346,14545.379,16374.652,34219.688
742,2014-01-31 22:00:00,13542.898,14853.632,18974.346,14545.379,16374.652,34219.688
743,2014-01-31 23:00:00,13542.898,14853.632,18974.346,14545.379,16374.652,34219.688
744,2014-02-01 00:00:00,13542.898,14853.632,18974.346,14545.379,16374.652,34219.688
745,2014-02-01 01:00:00,13542.898,14853.632,18974.346,14545.379,16374.652,34219.688
746,2014-02-01 02:00:00,13542.898,14853.632,18974.346,14545.379,16374.652,34219.688
747,2014-02-01 03:00:00,13542.898,14853.632,18974.346,14545.379,16374.652,34219.688
748,2014-02-01 04:00:00,13542.898,14853.632,18974.346,14545.379,16374.652,34219.688
749,2014-02-01 05:00:00,13542.898,14853.632,18974.346,14545.379,16374.652,34219.688
750,2014-02-01 06:00:00,13542.898,14853.632,18974.346,14545.379,16374.652,34219.688
751,2014-02-01 07:00:00,13542.898,14853.632,18974.346,14545.379,16374.652,34219.688
752,2014-02-01 08:00:00,13542.898,14853.632,18974.346,14545.379,16374.652,34219.688
753,2014-02-01 09:00:00,13542.898,14853.632,18974.346,14545.379,16374.652,34219.688
754,2014-02-01 10:00:00,13542.898,14853.632,18974.346,14545.379,16374.652,34219.688
755,2014-02-01 11:00:00,13542.898,14853.632,18974.346,14545.379,16374.652,34219.688
756,2014-02-01 12:00:00,13542.898,14853.632,18974.346,14545.379,16374.652,34219.688
757,2014-02-01 13:00:00,13542.898,14853.632,18974.346,14545.379,16374.652,34219.688
758,2014-02-01 14:00:00,13542.941,14853.632,18974.346,14545.379,16374.652,34219.688
759,2014-02-01 15:00:00,13543.982,14853.632,18974.346,14546.47,16374.999,34219.688
760,2014-02-01 16:00:00,13546.152,14853.766,18974.951,14548.29,16375.909,34219.82
761,2014-02-01 17:00:00,13548.496,14854.507,18976.514,14549.853,16376.814,34222.645
762,2014-02-01 18:00:00,13550.998,14855.347,18978.193,14551.774,16378.252,34226.004
763,2014-02-01 19:00:00,13553.61,14856.316,18980.133,14553.796,16379.363,34229.883
764,2014-02-01 20:00:00,13555.263,14856.726,18981.555,14554.526,16380.484,34233.383
765,2014-02-01 21:00:00,13555.499,14856.726,18981.61,14554.526,16381.316,34234.96
766,2014-02-01 22:00:00,13555.554,14856.786,18983.193,14554.526,16382.678,34234.96
767,2014-02-01 23:00:00,13556.743,14856.786,18984.723,14554.526,16384.207,34236.1
768,2014-02-02 00:00:00,13557.877,14856.786,18985.395,14554.526,16385.756,34237.168
769,2014-02-02 01:00:00,13558.065,14856.786,18985.395,14554.526,16386.34,34237.414
770,2014-02-02 02:00:00,13558.065,14856.786,18985.395,14554.526,16386.34,34237.414
771,2014-02-02 03:00:00,13558.065,14856.786,18985.395,14554.526,16386.34,34237.414
772,2014-02-02 04:00:00,13558.065,14856.786,18985.395,14554.526,16386.34,34237.414
773,2014-02-02 05:00:00,13558.065,14856.786,18985.395,14554.526,16386.34,34237.414
774,2014-02-02 06:00:00,13558.065,14856.791,18985.395,14554.526,16386.34,34238.21
775,2014-02-02 07:00:00,13558.073,14859.153,18986.002,14554.808,16386.7,34241.492
776,2014-02-02 08:00:00,13558.348,14860.362,18988.125,14554.808,16387.396,34245.58
777,2014-02-02 09:00:00,13558.964,14860.362,18988.674,14554.808,16387.396,34249.82
778,2014-02-02 10:00:00,13560.222,14860.362,18988.674,14554.808,16387.396,34251.965
779,2014-02-02 11:00:00,13560.644,14860.362,18989.14,14554.808,16387.396,34252.14
780,2014-02-02 12:00:00,13560.644,14860.362,18989.906,14554.847,16387.396,34254.74
781,2014-02-02 13:00:00,13560.665,14860.362,18989.906,14555.93,16387.396,34257.266
782,2014-02-02 14:00:00,13561.858,14860.362,18990.014,14556.169,16387.396,34258.188
783,2014-02-02 15:00:00,13563.412,14860.362,18990.014,14556.169,16387.396,34258.188
784,2014-02-02 16:00:00,13564.243,14860.362,18990.07,14556.169,16387.396,34258.188
785,2014-02-02 17:00:00,13565.631,14860.362,18990.07,14556.169,16387.43,34260.117
786,2014-02-02 18:00:00,13565.631,14860.362,18990.875,14556.169,16387.709,34263.387
787,2014-02-02 19:00:00,13565.631,14860.362,18992.094,14556.541,16387.709,34266.816
788,2014-02-02 20:00:00,13565.924,14860.522,18992.094,14557.3955,16387.709,34270.234
789,2014-02-02 21:00:00,13566.761,14860.865,18992.246,14558.176,16387.709,34272.934
790,2014-02-02 22:00:00,13567.44,14860.894,18992.418,14558.981,16387.709,34276.344
791,2014-02-02 23:00:00,13567.892,14860.894,18992.418,14559.015,16387.709,34277.63
792,2014-02-03 00:00:00,13567.892,14860.894,18992.418,14559.015,16388.037,34277.8
793,2014-02-03 01:00:00,13567.945,14860.923,18993.23,14559.015,16388.066,34281.254
794,2014-02-03 02:00:00,13568.107,14861.499,18993.512,14559.192,16388.066,34286.09
795,2014-02-03 03:00:00,13569.182,14861.665,18993.584,14560.004,16388.066,34288.305
796,2014-02-03 04:00:00,13569.182,14861.665,18995.123,14560.004,16388.26,34289.74
797,2014-02-03 05:00:00,13569.182,14861.803,18995.318,14560.008,16388.26,34289.74
798,2014-02-03 06:00:00,13569.25,14861.999,18995.365,14560.008,16388.26,34289.926
799,2014-02-03 07:00:00,13569.25,14862.098,18995.365,14560.008,16388.26,34289.926
800,2014-02-03 08:00:00,13569.25,14862.098,18995.365,14560.008,16388.26,34289.926
801,2014-02-03 09:00:00,13569.25,14862.098,18995.365,14560.008,16388.26,34289.926
802,2014-02-03 10:00:00,13569.25,14862.098,18995.365,14560.008,16388.26,34289.926
803,2014-02-03 11:00:00,13569.25,14862.098,18995.365,14560.008,16388.26,34289.926
804,2014-02-03 12:00:00,13569.25,14862.098,18995.365,14560.008,16388.26,34289.926
805,2014-02-03 13:00:00,13569.25,14862.098,18995.365,14560.008,16388.26,34289.926
806,2014-02-03 14:00:00,13569.25,14862.098,18995.365,14560.008,16388.26,34289.926
807,2014-02-03 15:00:00,13569.25,14862.098,18995.365,14560.008,16388.26,34289.926
808,2014-02-03 16:00:00,13569.25,14862.098,18995.365,14560.008,16388.26,34289.926
809,2014-02-03 17:00:00,13569.25,14862.098,18995.365,14560.008,16388.26,34289.926
810,2014-02-03 18:00:00,13569.25,14862.098,18995.365,14560.008,16388.26,34289.926
811,2014-02-03 19:00:00,13569.25,14862.098,18995.365,14560.008,16388.26,34289.926
812,2014-02-03 20:00:00,13569.25,14862.098,18995.365,14560.008,16388.26,34289.926
813,2014-02-03 21:00:00,13569.25,14862.098,18995.365,14560.008,16388.26,34289.926
814,2014-02-03 22:00:00,13569.25,14862.098,18995.365,14560.008,16388.26,34289.926
815,2014-02-03 23:00:00,13569.25,14862.098,18995.365,14560.008,16388.26,34289.926
816,2014-02-04 00:00:00,13571.583,14862.098,18995.365,14562.074,16388.26,34289.926
817,2014-02-04 01:00:00,13572.699,14862.098,18995.365,14562.507,16388.26,34289.926
818,2014-02-04 02:00:00,13573.402,14862.098,18995.365,14562.507,16388.26,34289.926
819,2014-02-04 03:00:00,13573.593,14862.098,18995.365,14562.507,16388.26,34289.926
820,2014-02-04 04:00:00,13573.593,14862.098,18995.365,14562.507,16388.26,34289.926
821,2014-02-04 05:00:00,13573.593,14862.098,18995.365,14562.507,16388.26,34289.926
822,2014-02-04 06:00:00,13573.593,14862.098,18995.365,14562.507,16388.26,34289.926
823,2014-02-04 07:00:00,13573.593,14862.098,18995.365,14562.507,16388.26,34289.926
824,2014-02-04 08:00:00,13573.593,14862.098,18995.365,14562.507,16388.26,34289.926
825,2014-02-04 09:00:00,13573.593,14862.098,18995.365,14562.507,16388.26,34289.926
826,2014-02-04 10:00:00,13573.593,14862.098,18995.365,14562.507,16388.26,34289.926
827,2014-02-04 11:00:00,13573.593,14862.098,18995.365,14562.507,16388.26,34289.926
828,2014-02-04 12:00:00,13569.25,14862.098,18995.365,14560.008,16388.26,34289.926
829,2014-02-04 13:00:00,13569.25,14862.098,18995.365,14560.008,16388.26,34289.926
830,2014-02-04 14:00:00,13569.25,14862.098,18995.365,14560.008,16388.26,34289.926
831,2014-02-04 15:00:00,13569.25,14862.098,18995.365,14560.008,16388.26,34289.926
832,2014-02-04 16:00:00,13569.25,14862.098,18995.365,14560.008,16388.26,34289.926
833,2014-02-04 17:00:00,13569.25,14862.098,18995.365,14560.008,16388.26,34289.926
834,2014-02-04 18:00:00,13569.25,14862.098,18995.365,14560.008,16388.26,34289.926
835,2014-02-04 19:00:00,13569.25,14862.098,18995.365,14560.008,16388.26,34289.926
836,2014-02-04 20:00:00,13569.613,14862.098,18995.365,14560.906,16388.26,34289.926
837,2014-02-04 21:00:00,13570.473,14862.098,18995.365,14561.665,16388.26,34289.926
838,2014-02-04 22:00:00,13573.593,14862.098,18995.365,14562.507,16388.26,34289.926
839,2014-02-04 23:00:00,13573.593,14862.098,18995.365,14562.507,16388.26,34289.926
840,2014-02-05 00:00:00,13573.593,14862.098,18995.365,14562.507,16388.26,34289.926
841,2014-02-05 01:00:00,13573.593,14862.098,18995.365,14562.507,16388.26,34289.926
842,2014-02-05 02:00:00,13573.593,14862.098,18995.365,14562.507,16388.26,34289.926
843,2014-02-05 03:00:00,13573.593,14862.098,18995.365,14562.507,16388.26,34289.926
844,2014-02-05 04:00:00,13573.593,14862.098,18995.365,14562.507,16388.26,34289.926
845,2014-02-05 05:00:00,13573.593,14862.098,18995.365,14562.507,16388.26,34289.926
846,2014-02-05 06:00:00,13573.593,14862.098,18995.365,14562.507,16388.26,34289.926
847,2014-02-05 07:00:00,13573.593,14862.098,18995.365,14562.507,16388.26,34289.926
848,2014-02-05 08:00:00,13573.593,14862.098,18995.365,14562.507,16388.26,34289.926
849,2014-02-05 09:00:00,13573.593,14862.098,18995.365,14562.507,16388.26,34289.926
850,2014-02-05 10:00:00,13573.593,14862.098,18995.365,14562.507,16388.26,34289.926
851,2014-02-05 11:00:00,13573.593,14862.098,18995.365,14562.507,16388.26,34289.926
852,2014-02-05 12:00:00,13573.593,14862.098,18995.365,14562.507,16388.26,34289.926
853,2014-02-05 13:00:00,13573.593,14862.098,18995.365,14562.507,16388.26,34289.926
854,2014-02-05 14:00:00,13573.593,14862.098,18995.365,14562.507,16388.26,34289.926
855,2014-02-05 15:00:00,13573.593,14862.098,18995.365,14562.507,16388.26,34289.926
856,2014-02-05 16:00:00,13573.593,14862.098,18995.365,14562.507,16388.26,34289.926
857,2014-02-05 17:00:00,13573.593,14862.098,18995.365,14562.507,16388.26,34289.926
858,2014-02-05 18:00:00,13573.593,14862.098,18995.365,14562.507,16388.26,34289.926
859,2014-02-05 19:00:00,13573.593,14862.098,18995.365,14562.507,16388.26,34289.926
860,2014-02-05 20:00:00,13573.593,14862.098,18995.365,14562.507,16388.26,34289.926
861,2014-02-05 21:00:00,13573.593,14862.098,18995.365,14562.507,16388.26,34289.926
862,2014-02-05 22:00:00,13573.593,14862.098,18995.365,14562.507,16388.26,34289.926
863,2014-02-05 23:00:00,13573.593,14862.098,18995.365,14562.507,16388.26,34289.926
864,2014-02-06 00:00:00,13573.593,14862.098,18995.365,14562.507,16388.26,34289.926
865,2014-02-06 01:00:00,13573.593,14862.098,18995.365,14562.507,16388.26,34289.926
866,2014-02-06 02:00:00,13573.593,14862.098,18995.365,14562.507,16388.26,34289.926
867,2014-02-06 03:00:00,13573.593,14862.098,18995.365,14562.507,16388.26,34289.926
868,2014-02-06 04:00:00,13573.593,14862.098,18995.365,14562.507,16388.26,34289.926
869,2014-02-06 05:00:00,13573.593,14862.098,18995.365,14562.507,16388.26,34289.926
870,2014-02-06 06:00:00,13573.593,14862.098,18995.365,14562.507,16388.26,34289.926
871,2014-02-06 07:00:00,13573.593,14862.098,18995.365,14562.507,16388.26,34289.926
872,2014-02-06 08:00:00,13573.715,14862.098,18995.365,14562.507,16388.26,34289.926
873,2014-02-06 09:00:00,13574.183,14862.098,18995.365,14562.507,16388.26,34289.926
874,2014-02-06 10:00:00,13574.818,14862.098,18995.365,14562.507,16388.26,34289.926
875,2014-02-06 11:00:00,13574.884,14862.098,18995.365,14562.507,16388.26,34289.926
876,2014-02-06 12:00:00,13575.605,14862.098,18995.365,14563.025,16388.26,34289.926
877,2014-02-06 13:00:00,13576.266,14862.098,18995.365,14563.686,16388.26,34291.812
878,2014-02-06 14:00:00,13576.893,14862.098,18995.365,14564.3125,16389.244,34294.19
879,2014-02-06 15:00:00,13577.534,14862.294,18995.365,14564.653,16390.305,34296.758
880,2014-02-06 16:00:00,13578.365,14862.294,18995.365,14564.653,16390.305,34300.082
881,2014-02-06 17:00:00,13579.212,14862.294,18995.365,14564.653,16390.305,34302.64
882,2014-02-06 18:00:00,13579.966,14862.401,18995.365,14564.933,16390.305,34305.656
883,2014-02-06 19:00:00,13580.505,14862.885,18995.365,14565.217,16390.305,34307.598
884,2014-02-06 20:00:00,13580.8125,14862.977,18995.365,14565.314,16390.305,34309.75
885,2014-02-06 21:00:00,13581.312,14862.977,18995.365,14565.314,16390.305,34310.562
886,2014-02-06 22:00:00,13581.545,14862.977,18995.365,14565.646,16390.305,34310.562
887,2014-02-06 23:00:00,13573.593,14862.098,18995.365,14562.507,16388.26,34289.926
888,2014-02-07 00:00:00,13582.885,14862.977,18995.365,14567.812,16390.305,34311.188
889,2014-02-07 01:00:00,13583.081,14862.977,18995.365,14568.279,16390.305,34311.188
890,2014-02-07 02:00:00,13584.468,14864.444,18995.365,14569.966,16390.67,34313.99
891,2014-02-07 03:00:00,13585.614,14864.561,18995.365,14569.966,16390.67,34315.945
892,2014-02-07 04:00:00,13585.614,14864.741,18995.365,14569.966,16390.67,34317.9
893,2014-02-07 05:00:00,13586.12,14864.741,18995.365,14570.076,16390.67,34318.34
894,2014-02-07 06:00:00,13586.12,14864.741,18995.365,14570.076,16390.67,34318.34
895,2014-02-07 07:00:00,13586.419,14864.741,18995.365,14570.076,16390.67,34318.34
896,2014-02-07 08:00:00,13586.865,14864.786,18995.365,14570.076,16390.67,34320.293
897,2014-02-07 09:00:00,13586.865,14864.786,18995.365,14570.076,16390.67,34320.293
898,2014-02-07 10:00:00,13586.865,14864.786,18995.365,14570.076,16390.67,34320.293
899,2014-02-07 11:00:00,13586.865,14864.786,18995.365,14570.076,16390.67,34320.293
900,2014-02-07 12:00:00,13586.865,14864.786,18995.365,14570.076,16390.67,34320.293
901,2014-02-07 13:00:00,13586.865,14864.786,18995.365,14570.076,16390.67,34320.293
902,2014-02-07 14:00:00,13586.865,14864.786,18995.365,14570.288,16390.67,34320.293
903,2014-02-07 15:00:00,13586.865,14864.786,18995.365,14570.414,16390.67,34320.293
904,2014-02-07 16:00:00,13586.865,14864.786,18995.365,14570.414,16390.67,34320.293
905,2014-02-07 17:00:00,13581.974,14862.977,18995.365,14566.596,16390.305,34310.562
906,2014-02-07 18:00:00,13582.693,14862.977,18995.365,14567.457,16390.305,34311.188
907,2014-02-07 19:00:00,13583.081,14863.354,18995.365,14568.279,16390.67,34311.887
908,2014-02-07 20:00:00,13585.614,14864.741,18995.365,14569.966,16390.67,34318.34
909,2014-02-07 21:00:00,13586.12,14864.741,18995.365,14570.076,16390.67,34318.34
910,2014-02-07 22:00:00,13586.865,14864.786,18995.365,14570.076,16390.67,34320.293
911,2014-02-07 23:00:00,13586.865,14864.786,18995.365,14570.076,16390.67,34320.293
912,2014-02-08 00:00:00,13586.865,14864.786,18995.365,14570.414,16390.67,34320.293
913,2014-02-08 01:00:00,13587.051,14865.153,18995.365,14570.676,16390.67,34320.293
914,2014-02-08 02:00:00,13587.539,14865.874,18995.365,14571.164,16391.592,34320.293
915,2014-02-08 03:00:00,13588.027,14866.426,18995.365,14571.502,16392.568,34320.293
916,2014-02-08 04:00:00,13588.078,14867.038,18995.365,14571.502,16393.115,34320.293
917,2014-02-08 05:00:00,13588.078,14866.946,18995.365,14571.502,16393.115,34320.293
918,2014-02-08 06:00:00,13588.078,14867.038,18995.365,14571.502,16393.115,34320.293
919,2014-02-08 07:00:00,13588.078,14867.441,18995.365,14571.502,16393.312,34320.293
920,2014-02-08 08:00:00,13588.078,14867.507,18995.365,14571.817,16393.986,34320.293
921,2014-02-08 09:00:00,13588.078,14867.507,18995.436,14571.817,16394.54,34320.293
922,2014-02-08 10:00:00,13588.078,14867.507,18995.436,14571.914,16394.54,34320.293
923,2014-02-08 11:00:00,13588.078,14867.507,18995.436,14571.914,16394.54,34320.293
924,2014-02-08 12:00:00,13588.078,14867.507,18995.436,14571.914,16394.54,34320.293
925,2014-02-08 13:00:00,13588.078,14867.507,18995.436,14571.914,16394.54,34320.293
926,2014-02-08 14:00:00,13588.078,14867.507,18995.436,14571.914,16394.54,34320.293
927,2014-02-08 15:00:00,13588.078,14867.507,18995.436,14571.914,16394.54,34320.293
928,2014-02-08 16:00:00,13588.078,14867.507,18995.436,14571.914,16394.54,34320.293
929,2014-02-08 17:00:00,13588.125,14867.507,18995.436,14571.914,16394.54,34320.293
930,2014-02-08 18:00:00,13588.9,14867.507,18995.436,14571.914,16395.633,34320.293
931,2014-02-08 19:00:00,13590.282,14867.507,18995.436,14571.914,16395.654,34320.293
932,2014-02-08 20:00:00,13591.235,14867.507,18995.436,14571.914,16395.654,34320.293
933,2014-02-08 21:00:00,13591.853,14867.507,18995.436,14571.914,16395.654,34320.293
934,2014-02-08 22:00:00,13591.853,14867.507,18995.436,14571.914,16395.752,34320.293
935,2014-02-08 23:00:00,13591.853,14867.507,18995.436,14572.024,16397.342,34321.37
936,2014-02-09 00:00:00,13593.133,14867.507,18995.436,14572.613,16398.418,34322.895
937,2014-02-09 01:00:00,13593.428,14867.507,18995.436,14572.613,16398.418,34322.895
938,2014-02-09 02:00:00,13593.428,14867.507,18995.436,14572.613,16398.418,34322.895
939,2014-02-09 03:00:00,13593.428,14867.507,18995.436,14572.613,16398.418,34322.895
940,2014-02-09 04:00:00,13593.428,14867.507,18995.436,14572.613,16398.418,34322.895
941,2014-02-09 05:00:00,13593.428,14867.507,18995.436,14572.613,16398.418,34322.895
942,2014-02-09 06:00:00,13593.428,14867.507,18995.436,14572.613,16398.418,34322.895
943,2014-02-09 07:00:00,13593.428,14867.507,18995.436,14572.613,16398.418,34322.895
944,2014-02-09 08:00:00,13593.428,14867.507,18995.436,14572.613,16398.418,34322.895
945,2014-02-09 09:00:00,13593.428,14867.507,18995.436,14572.613,16398.418,34322.895
946,2014-02-09 10:00:00,13593.428,14867.507,18995.436,14572.613,16398.418,34322.9
947,2014-02-09 11:00:00,13593.428,14867.507,18995.436,14572.613,16398.418,34324.637
948,2014-02-09 12:00:00,13593.428,14867.507,18995.436,14572.613,16398.418,34327.58
949,2014-02-09 13:00:00,13593.428,14868.1,18995.436,14572.613,16398.418,34331.176
950,2014-02-09 14:00:00,13593.428,14868.9,18995.436,14572.613,16398.418,34334.543
951,2014-02-09 15:00:00,13593.428,14871.264,18995.48,14572.613,16398.418,34337.992
952,2014-02-09 16:00:00,13593.428,14872.31,18995.502,14572.613,16398.418,34341.312
953,2014-02-09 17:00:00,13593.428,14873.197,18995.502,14572.613,16398.418,34344.863
954,2014-02-09 18:00:00,13593.428,14873.956,18995.502,14572.613,16398.715,34348.46
955,2014-02-09 19:00:00,13593.428,14874.523,18995.502,14572.613,16400.47,34351.996
956,2014-02-09 20:00:00,13593.428,14875.683,18996.17,14572.613,16402.217,34355.49
957,2014-02-09 21:00:00,13594.122,14876.34,18996.17,14572.613,16403.945,34358.945
958,2014-02-09 22:00:00,13594.733,14876.94,18996.41,14572.92,16405.09,34362.227
959,2014-02-09 23:00:00,13596.108,14876.94,18996.41,14573.022,16405.09,34363.78
960,2014-02-10 00:00:00,13596.108,14876.94,18996.41,14573.022,16405.09,34363.78
961,2014-02-10 01:00:00,13596.108,14877.966,18996.512,14573.022,16406.08,34364.39
962,2014-02-10 02:00:00,13596.394,14880.7,18997.39,14573.26,16407.518,34367.88
963,2014-02-10 03:00:00,13596.394,14881.495,18998.814,14573.423,16407.582,34371.324
964,2014-02-10 04:00:00,13596.394,14881.644,18998.814,14573.74,16407.707,34374.473
965,2014-02-10 05:00:00,13596.656,14882.498,18998.814,14573.824,16407.707,34377.75
966,2014-02-10 06:00:00,13596.656,14883.6045,18999.078,14574.099,16407.838,34380.297
967,2014-02-10 07:00:00,13596.845,14883.971,18999.23,14574.308,16408.1,34382.742
968,2014-02-10 08:00:00,13597.493,14884.331,18999.23,14575.188,16408.1,34386.473
969,2014-02-10 09:00:00,13598.598,14884.331,18999.256,14575.549,16408.1,34390.375
970,2014-02-10 10:00:00,13598.665,14884.331,18999.256,14575.549,16408.1,34392.043
971,2014-02-10 11:00:00,13598.665,14885.599,18999.256,14575.549,16408.1,34394.29
972,2014-02-10 12:00:00,13598.665,14886.925,18999.256,14575.555,16408.1,34400.016
973,2014-02-10 13:00:00,13598.665,14887.22,18999.256,14575.555,16408.1,34403.156
974,2014-02-10 14:00:00,13598.665,14887.784,18999.256,14575.555,16408.1,34404.727
975,2014-02-10 15:00:00,13598.665,14887.839,18999.256,14575.555,16408.1,34406.31
976,2014-02-10 16:00:00,13598.665,14887.91,18999.256,14575.555,16408.11,34409.09
977,2014-02-10 17:00:00,13598.665,14887.91,18999.256,14575.555,16408.11,34410.184
978,2014-02-10 18:00:00,13599.636,14888.136,18999.256,14575.836,16408.11,34411.36
979,2014-02-10 19:00:00,13599.636,14888.136,18999.256,14575.836,16408.11,34411.52
980,2014-02-10 20:00:00,13600.349,14888.136,18999.256,14575.879,16408.11,34411.69
981,2014-02-10 21:00:00,13600.599,14888.136,18999.256,14575.879,16408.477,34412.348
982,2014-02-10 22:00:00,13600.856,14888.136,18999.256,14575.879,16409.715,34412.348
983,2014-02-10 23:00:00,13600.856,14888.136,18999.256,14575.879,16409.82,34413.66
984,2014-02-11 00:00:00,13603.185,14890.222,18999.256,14576.949,16413.44,34419.453
985,2014-02-11 01:00:00,13603.185,14890.222,18999.256,14576.949,16413.44,34419.453
986,2014-02-11 02:00:00,13603.185,14890.222,18999.256,14576.949,16413.44,34419.453
987,2014-02-11 03:00:00,13603.185,14890.222,18999.256,14576.949,16413.44,34419.453
988,2014-02-11 04:00:00,13603.185,14890.222,18999.256,14576.949,16413.44,34419.453
989,2014-02-11 05:00:00,13603.185,14890.222,18999.256,14576.949,16413.44,34419.453
990,2014-02-11 06:00:00,13603.185,14890.222,18999.256,14576.949,16413.44,34419.453
991,2014-02-11 07:00:00,13603.185,14890.222,18999.256,14576.949,16413.44,34419.453
992,2014-02-11 08:00:00,13603.185,14890.222,18999.256,14576.949,16413.44,34419.453
993,2014-02-11 09:00:00,13603.185,14890.222,18999.256,14576.949,16413.44,34419.453
994,2014-02-11 10:00:00,13603.185,14890.222,18999.256,14576.949,16413.44,34419.453
995,2014-02-11 11:00:00,13603.185,14890.222,18999.256,14576.949,16413.44,34419.453
996,2014-02-11 12:00:00,13600.856,14888.136,18999.256,14575.879,16411.012,34414.555
997,2014-02-11 13:00:00,13601.642,14888.136,18999.256,14575.949,16412.197,34417.277
998,2014-02-11 14:00:00,13602.471,14888.136,18999.256,14575.949,16412.541,34417.957
999,2014-02-11 15:00:00,13602.6045,14888.136,18999.256,14575.949,16412.818,34419.453
1000,2014-02-11 16:00:00,13602.6045,14888.136,18999.256,14575.949,16412.818,34419.453
1001,2014-02-11 17:00:00,13602.6045,14888.136,18999.256,14575.949,16412.818,34419.453
1002,2014-02-11 18:00:00,13602.6045,14888.746,18999.256,14575.949,16412.818,34419.453
1003,2014-02-11 19:00:00,13602.782,14889.56,18999.256,14575.954,16412.818,34419.453
1004,2014-02-11 20:00:00,13602.825,14890.1875,18999.256,14576.713,16412.818,34419.453
1005,2014-02-11 21:00:00,13603.185,14890.222,18999.256,14576.949,16413.44,34419.453
1006,2014-02-11 22:00:00,13603.185,14890.222,18999.256,14576.949,16413.44,34419.453
1007,2014-02-11 23:00:00,13603.185,14890.222,18999.256,14576.949,16413.44,34419.453
1008,2014-02-12 00:00:00,13603.185,14890.222,18999.256,14576.949,16413.44,34419.453
1009,2014-02-12 01:00:00,13603.185,14890.222,18999.256,14576.949,16413.44,34419.453
1010,2014-02-12 02:00:00,13603.185,14890.222,18999.256,14576.949,16413.44,34419.453
1011,2014-02-12 03:00:00,13603.185,14890.222,18999.256,14576.949,16413.44,34419.453
1012,2014-02-12 04:00:00,13603.252,14890.222,18999.256,14576.949,16413.44,34422.152
1013,2014-02-12 05:00:00,13603.252,14890.222,19000.023,14576.949,16414.166,34425.027
1014,2014-02-12 06:00:00,13603.588,14890.222,19001.498,14577.02,16414.846,34427.977
1015,2014-02-12 07:00:00,13604.313,14890.47,19002.95,14577.02,16416.014,34430.88
1016,2014-02-12 08:00:00,13604.966,14890.875,19003.758,14577.02,16416.3,34433.49
1017,2014-02-12 09:00:00,13605.547,14890.875,19003.758,14577.02,16416.3,34434.656
1018,2014-02-12 10:00:00,13606.066,14890.875,19003.758,14577.02,16416.3,34436.72
1019,2014-02-12 11:00:00,13606.066,14890.875,19003.758,14577.02,16416.367,34438.72
1020,2014-02-12 12:00:00,13606.066,14890.875,19003.758,14577.02,16416.387,34438.72
1021,2014-02-12 13:00:00,13606.066,14890.875,19003.758,14577.02,16416.387,34438.72
1022,2014-02-12 14:00:00,13606.066,14890.875,19003.758,14577.02,16416.387,34438.72
1023,2014-02-12 15:00:00,13606.066,14890.875,19003.758,14577.02,16416.387,34439.047
1024,2014-02-12 16:00:00,13606.066,14890.875,19003.758,14577.02,16416.387,34439.254
1025,2014-02-12 17:00:00,13606.066,14891.033,19003.758,14577.02,16416.387,34439.566
1026,2014-02-12 18:00:00,13606.219,14891.033,19003.758,14577.02,16416.387,34439.566
1027,2014-02-12 19:00:00,13606.651,14891.033,19003.758,14577.259,16416.387,34439.812
1028,2014-02-12 20:00:00,13606.757,14891.12,19003.758,14577.259,16416.438,34439.812
1029,2014-02-12 21:00:00,13606.757,14891.12,19003.84,14577.259,16416.438,34440.42
1030,2014-02-12 22:00:00,13606.757,14891.12,19003.84,14577.259,16416.438,34440.42
1031,2014-02-12 23:00:00,13606.757,14891.12,19003.84,14577.259,16416.438,34440.42
1032,2014-02-13 00:00:00,13606.757,14891.12,19003.84,14577.259,16416.438,34440.42
1033,2014-02-13 01:00:00,13606.757,14891.489,19003.84,14577.674,16416.438,34440.42
1034,2014-02-13 02:00:00,13607.313,14891.489,19003.84,14578.407,16416.438,34442.41
1035,2014-02-13 03:00:00,13607.444,14891.489,19003.84,14578.407,16416.438,34443.82
1036,2014-02-13 04:00:00,13607.444,14891.489,19003.84,14578.407,16416.438,34443.82
1037,2014-02-13 05:00:00,13607.444,14891.489,19003.84,14578.407,16416.438,34445.195
1038,2014-02-13 06:00:00,13607.444,14891.489,19003.84,14578.407,16416.438,34445.195
1039,2014-02-13 07:00:00,13607.444,14891.489,19003.84,14578.407,16416.438,34445.195
1040,2014-02-13 08:00:00,13607.444,14891.489,19003.84,14578.407,16416.438,34445.195
1041,2014-02-13 09:00:00,13607.444,14891.489,19003.84,14578.407,16416.438,34445.195
1042,2014-02-13 10:00:00,13607.444,14891.489,19003.84,14578.407,16416.438,34445.195
1043,2014-02-13 11:00:00,13607.444,14891.489,19003.84,14578.407,16416.438,34445.195
1044,2014-02-13 12:00:00,13607.444,14891.489,19003.84,14578.407,16416.438,34445.703
1045,2014-02-13 13:00:00,13607.444,14891.489,19003.84,14578.407,16416.438,34446.637
1046,2014-02-13 14:00:00,13607.444,14891.489,19003.84,14578.407,16416.438,34449.824
1047,2014-02-13 15:00:00,13607.493,14892.113,19004.277,14578.407,16416.438,34453.098
1048,2014-02-13 16:00:00,13607.753,14893.085,19005.11,14578.41,16416.604,34456.477
1049,2014-02-13 17:00:00,13608.19,14893.454,19005.59,14578.864,16416.604,34458.355
1050,2014-02-13 18:00:00,13608.425,14893.454,19005.59,14578.864,16416.604,34458.355
1051,2014-02-13 19:00:00,13608.425,14893.454,19005.59,14578.864,16416.66,34458.355
1052,2014-02-13 20:00:00,13608.425,14893.454,19005.635,14578.864,16418.232,34460.38
1053,2014-02-13 21:00:00,13608.707,14894.418,19006.887,14579.297,16419.238,34463.9
1054,2014-02-13 22:00:00,13610.258,14894.665,19007.545,14580.748,16419.238,34466.387
1055,2014-02-13 23:00:00,13610.339,14894.665,19007.773,14580.748,16419.553,34467.2
1056,2014-02-14 00:00:00,13610.339,14894.665,19008.668,14580.748,16421.33,34469.62
1057,2014-02-14 01:00:00,13610.339,14894.665,19008.668,14580.748,16421.664,34470.727
1058,2014-02-14 02:00:00,13610.339,14894.665,19009.0,14580.748,16422.117,34470.727
1059,2014-02-14 03:00:00,13610.339,14894.665,19009.68,14580.748,16422.117,34470.727
1060,2014-02-14 04:00:00,13610.339,14894.665,19009.855,14580.748,16422.117,34471.086
1061,2014-02-14 05:00:00,13610.339,14894.665,19010.09,14580.748,16422.117,34471.37
1062,2014-02-14 06:00:00,13610.339,14894.665,19010.482,14580.748,16422.117,34472.188
1063,2014-02-14 07:00:00,13610.339,14894.812,19011.773,14580.748,16423.12,34474.24
1064,2014-02-14 08:00:00,13610.991,14895.041,19013.426,14580.748,16423.314,34477.574
1065,2014-02-14 09:00:00,13612.131,14895.259,19013.59,14580.839,16423.973,34481.355
1066,2014-02-14 10:00:00,13613.866,14896.156,19013.957,14581.916,16424.506,34485.348
1067,2014-02-14 11:00:00,13616.952,14896.546,19013.957,14584.069,16424.506,34488.574
1068,2014-02-14 12:00:00,13617.313,14897.544,19013.957,14584.745,16424.633,34492.613
1069,2014-02-14 13:00:00,13618.9,14897.813,19014.516,14585.434,16424.775,34494.71
1070,2014-02-14 14:00:00,13619.088,14897.813,19016.275,14585.434,16424.775,34498.22
1071,2014-02-14 15:00:00,13619.338,14897.813,19016.615,14585.434,16424.775,34502.168
1072,2014-02-14 16:00:00,13619.338,14897.813,19016.719,14585.573,16424.775,34502.168
1073,2014-02-14 17:00:00,13619.338,14897.813,19016.719,14585.573,16424.775,34502.168
1074,2014-02-14 18:00:00,13619.338,14897.813,19016.719,14585.573,16424.775,34502.168
1075,2014-02-14 19:00:00,13619.338,14897.959,19016.719,14585.573,16424.793,34502.227
1076,2014-02-14 20:00:00,13619.82,14898.129,19016.719,14585.614,16424.793,34503.25
1077,2014-02-14 21:00:00,13619.844,14898.129,19016.719,14585.614,16424.793,34503.566
1078,2014-02-14 22:00:00,13619.844,14898.129,19016.719,14585.614,16424.793,34503.566
1079,2014-02-14 23:00:00,13619.844,14898.507,19016.719,14585.614,16424.793,34504.086
1080,2014-02-15 00:00:00,13620.671,14898.953,19020.334,14585.614,16426.13,34516.734
1081,2014-02-15 01:00:00,13621.547,14898.953,19022.152,14586.028,16427.455,34520.37
1082,2014-02-15 02:00:00,13621.547,14898.953,19023.666,14586.133,16428.479,34524.1
1083,2014-02-15 03:00:00,13621.547,14898.953,19024.123,14586.133,16429.982,34527.81
1084,2014-02-15 04:00:00,13621.547,14899.502,19024.438,14586.161,16431.148,34531.043
1085,2014-02-15 05:00:00,13621.547,14900.001,19025.465,14586.541,16432.613,34534.387
1086,2014-02-15 06:00:00,13621.573,14900.384,19025.465,14587.205,16433.479,34537.44
1087,2014-02-15 07:00:00,13621.6455,14900.592,19025.465,14587.778,16435.16,34540.246
1088,2014-02-15 08:00:00,13625.32,14902.078,19025.465,14587.778,16440.557,34543.027
1089,2014-02-15 09:00:00,13625.437,14902.354,19025.465,14587.778,16441.662,34543.027
1090,2014-02-15 10:00:00,13625.437,14902.53,19025.465,14588.052,16441.662,34543.027
1091,2014-02-15 11:00:00,13626.356,14904.166,19025.465,14589.891,16442.41,34544.836
1092,2014-02-15 12:00:00,13619.844,14898.507,19016.719,14585.614,16424.793,34504.086
1093,2014-02-15 13:00:00,13619.844,14898.507,19016.719,14585.614,16424.793,34504.086
1094,2014-02-15 14:00:00,13619.844,14898.507,19016.719,14585.614,16424.793,34504.086
1095,2014-02-15 15:00:00,13619.844,14898.507,19016.719,14585.614,16424.793,34504.086
1096,2014-02-15 16:00:00,13619.962,14898.507,19016.719,14585.614,16424.793,34506.227
1097,2014-02-15 17:00:00,13620.169,14898.507,19016.719,14585.614,16424.793,34509.953
1098,2014-02-15 18:00:00,13620.169,14898.507,19016.762,14585.614,16424.793,34512.625
1099,2014-02-15 19:00:00,13620.169,14898.507,19016.762,14585.614,16424.793,34512.625
1100,2014-02-15 20:00:00,13620.169,14898.507,19017.041,14585.614,16424.793,34512.855
1101,2014-02-15 21:00:00,13620.169,14898.714,19018.588,14585.614,16424.898,34513.273
1102,2014-02-15 22:00:00,13622.291,14900.689,19025.465,14587.778,16438.074,34542.973
1103,2014-02-15 23:00:00,13623.795,14901.375,19025.465,14587.778,16440.225,34543.027
1104,2014-02-16 00:00:00,13627.811,14906.811,19025.49,14592.726,16445.29,34547.332
1105,2014-02-16 01:00:00,13629.889,14908.311,19028.248,14594.733,16446.945,34549.098
1106,2014-02-16 02:00:00,13631.47,14909.184,19030.773,14595.606,16446.969,34551.754
1107,2014-02-16 03:00:00,13632.811,14910.014,19032.43,14596.435,16446.969,34552.035
1108,2014-02-16 04:00:00,13633.558,14910.694,19033.436,14597.114,16446.969,34553.977
1109,2014-02-16 05:00:00,13634.219,14911.355,19033.438,14597.775,16446.969,34553.977
1110,2014-02-16 06:00:00,13634.374,14911.583,19033.438,14598.346,16447.062,34553.977
1111,2014-02-16 07:00:00,13634.596,14911.723,19034.82,14598.5,16448.43,34553.977
1112,2014-02-16 08:00:00,13635.585,14912.651,19034.82,14599.697,16448.621,34553.977
1113,2014-02-16 09:00:00,13635.585,14912.651,19034.82,14599.697,16448.621,34553.977
1114,2014-02-16 10:00:00,13635.585,14912.651,19034.82,14599.697,16448.836,34554.45
1115,2014-02-16 11:00:00,13635.585,14912.651,19035.043,14599.697,16448.836,34555.062
1116,2014-02-16 12:00:00,13635.585,14912.651,19035.043,14599.769,16448.836,34555.875
1117,2014-02-16 13:00:00,13635.638,14912.651,19035.043,14599.769,16448.836,34555.875
1118,2014-02-16 14:00:00,13635.638,14912.863,19035.043,14599.769,16450.594,34555.875
1119,2014-02-16 15:00:00,13635.638,14912.913,19035.25,14599.769,16450.594,34555.94
1120,2014-02-16 16:00:00,13635.638,14913.688,19035.314,14599.914,16451.488,34557.387
1121,2014-02-16 17:00:00,13635.638,14914.084,19035.314,14600.439,16451.488,34557.387
1122,2014-02-16 18:00:00,13635.638,14914.084,19035.314,14600.439,16451.844,34557.387
1123,2014-02-16 19:00:00,13635.638,14914.147,19035.314,14600.541,16453.512,34557.477
1124,2014-02-16 20:00:00,13635.638,14914.147,19035.314,14600.541,16453.727,34559.1
1125,2014-02-16 21:00:00,13635.638,14914.147,19035.314,14600.574,16453.727,34559.1
1126,2014-02-16 22:00:00,13635.388,14912.651,19034.82,14599.292,16448.621,34553.977
1127,2014-02-16 23:00:00,13635.585,14912.651,19034.82,14599.697,16448.621,34553.977
1128,2014-02-17 00:00:00,13641.836,14918.656,19042.379,14603.276,16461.559,34578.785
1129,2014-02-17 01:00:00,13641.874,14918.716,19043.564,14603.276,16461.93,34581.68
1130,2014-02-17 02:00:00,13641.977,14919.202,19043.9,14603.276,16462.38,34581.867
1131,2014-02-17 03:00:00,13641.977,14920.028,19044.074,14603.671,16463.096,34583.117
1132,2014-02-17 04:00:00,13642.074,14920.289,19044.598,14603.869,16463.908,34584.1
1133,2014-02-17 05:00:00,13642.638,14920.319,19044.996,14603.891,16464.428,34585.434
1134,2014-02-17 06:00:00,13642.771,14920.319,19044.996,14603.936,16464.807,34585.926
1135,2014-02-17 07:00:00,13642.771,14920.319,19045.107,14603.936,16465.645,34585.926
1136,2014-02-17 08:00:00,13642.771,14920.741,19045.78,14604.659,16467.746,34587.715
1137,2014-02-17 09:00:00,13642.771,14920.741,19045.78,14604.659,16469.178,34587.715
1138,2014-02-17 10:00:00,13642.771,14920.741,19045.78,14604.659,16469.178,34587.715
1139,2014-02-17 11:00:00,13642.771,14920.741,19045.78,14604.659,16469.178,34587.715
1140,2014-02-17 12:00:00,13642.771,14920.741,19045.78,14604.659,16469.39,34587.715
1141,2014-02-17 13:00:00,13635.638,14914.205,19035.416,14600.574,16454.777,34559.227
1142,2014-02-17 14:00:00,13635.638,14914.205,19035.535,14600.599,16455.004,34560.645
1143,2014-02-17 15:00:00,13635.638,14914.205,19035.535,14600.7,16455.516,34561.254
1144,2014-02-17 16:00:00,13635.756,14914.503,19036.082,14600.826,16456.475,34562.723
1145,2014-02-17 17:00:00,13635.756,14915.129,19037.707,14600.913,16457.635,34565.52
1146,2014-02-17 18:00:00,13636.41,14915.21,19039.457,14601.148,16457.943,34568.016
1147,2014-02-17 19:00:00,13638.402,14915.3125,19040.96,14601.962,16458.096,34571.32
1148,2014-02-17 20:00:00,13639.9,14915.803,19040.96,14602.274,16459.605,34574.64
1149,2014-02-17 21:00:00,13640.752,14917.811,19040.96,14602.274,16461.309,34575.336
1150,2014-02-17 22:00:00,13641.143,14918.626,19041.236,14602.695,16461.512,34575.926
1151,2014-02-17 23:00:00,13641.483,14918.656,19041.938,14603.276,16461.512,34577.723
1152,2014-02-18 00:00:00,13642.771,14920.741,19045.78,14604.659,16469.86,34587.715
1153,2014-02-18 01:00:00,13642.771,14920.741,19045.78,14604.659,16470.605,34587.715
1154,2014-02-18 02:00:00,13642.771,14920.741,19045.78,14604.659,16470.738,34587.715
1155,2014-02-18 03:00:00,13642.771,14920.741,19045.78,14604.659,16470.738,34587.715
1156,2014-02-18 04:00:00,13642.771,14920.741,19045.78,14604.659,16470.738,34587.715
1157,2014-02-18 05:00:00,13642.771,14920.741,19045.78,14604.659,16470.738,34587.715
1158,2014-02-18 06:00:00,13642.771,14920.741,19045.78,14604.659,16470.738,34587.715
1159,2014-02-18 07:00:00,13642.771,14920.741,19045.78,14604.659,16470.738,34587.715
1160,2014-02-18 08:00:00,13642.771,14920.741,19045.78,14604.659,16470.738,34587.715
1161,2014-02-18 09:00:00,13642.771,14920.741,19045.78,14604.659,16470.738,34587.715
1162,2014-02-18 10:00:00,13642.771,14920.741,19045.78,14604.659,16470.738,34587.715
1163,2014-02-18 11:00:00,13642.771,14920.741,19045.78,14604.659,16470.738,34587.715
1164,2014-02-18 12:00:00,13642.771,14920.741,19045.78,14604.659,16470.738,34587.715
1165,2014-02-18 13:00:00,13642.771,14920.741,19045.78,14604.659,16470.738,34587.715
1166,2014-02-18 14:00:00,13642.771,14920.741,19045.78,14604.659,16470.738,34587.715
1167,2014-02-18 15:00:00,13642.771,14920.741,19045.78,14604.659,16470.738,34587.715
1168,2014-02-18 16:00:00,13642.771,14920.741,19045.78,14604.659,16470.738,34587.715
1169,2014-02-18 17:00:00,13642.771,14920.741,19045.78,14604.659,16470.738,34587.715
1170,2014-02-18 18:00:00,13642.771,14920.741,19045.78,14604.659,16470.738,34587.715
1171,2014-02-18 19:00:00,13642.771,14920.741,19045.78,14604.659,16470.738,34587.715
1172,2014-02-18 20:00:00,13642.771,14920.741,19045.78,14604.659,16470.738,34587.715
1173,2014-02-18 21:00:00,13642.771,14920.741,19045.78,14604.659,16470.738,34587.715
1174,2014-02-18 22:00:00,13642.771,14920.741,19045.78,14604.659,16470.738,34587.715
1175,2014-02-18 23:00:00,13642.771,14920.741,19045.78,14604.659,16470.738,34587.715
1176,2014-02-19 00:00:00,13642.771,14920.741,19045.78,14604.659,16470.738,34587.715
1177,2014-02-19 01:00:00,13642.771,14920.741,19045.78,14604.659,16470.738,34587.715
1178,2014-02-19 02:00:00,13642.771,14920.741,19045.78,14604.659,16470.738,34587.715
1179,2014-02-19 03:00:00,13642.771,14920.741,19045.78,14604.659,16470.738,34587.715
1180,2014-02-19 04:00:00,13642.771,14920.741,19045.78,14604.659,16470.738,34587.715
1181,2014-02-19 05:00:00,13642.771,14920.741,19045.78,14604.659,16470.738,34587.715
1182,2014-02-19 06:00:00,13642.771,14920.741,19045.78,14604.659,16470.738,34587.715
1183,2014-02-19 07:00:00,13642.771,14920.741,19045.78,14604.659,16470.738,34587.715
1184,2014-02-19 08:00:00,13642.771,14920.741,19045.78,14604.659,16470.738,34587.715
1185,2014-02-19 09:00:00,13642.771,14920.741,19045.78,14604.659,16470.738,34587.715
1186,2014-02-19 10:00:00,13642.771,14920.741,19045.78,14604.659,16470.738,34587.715
1187,2014-02-19 11:00:00,13642.771,14920.741,19045.78,14604.659,16470.738,34587.715
1188,2014-02-19 12:00:00,13642.771,14920.741,19045.78,14604.659,16470.738,34587.715
1189,2014-02-19 13:00:00,13642.771,14920.741,19045.78,14604.659,16470.738,34587.715
1190,2014-02-19 14:00:00,13642.771,14920.741,19045.78,14604.659,16470.738,34587.715
1191,2014-02-19 15:00:00,13642.771,14920.741,19045.78,14604.659,16470.738,34587.715
1192,2014-02-19 16:00:00,13642.771,14920.741,19045.78,14604.659,16470.738,34587.715
1193,2014-02-19 17:00:00,13642.771,14920.741,19045.78,14604.659,16470.738,34587.715
1194,2014-02-19 18:00:00,13642.771,14920.741,19045.78,14604.659,16470.738,34587.715
1195,2014-02-19 19:00:00,13642.771,14920.741,19045.78,14604.659,16470.738,34587.715
1196,2014-02-19 20:00:00,13642.771,14920.741,19045.78,14604.659,16470.738,34587.715
1197,2014-02-19 21:00:00,13642.771,14920.741,19045.78,14604.659,16470.738,34587.715
1198,2014-02-19 22:00:00,13642.771,14920.741,19045.78,14604.659,16470.738,34587.715
1199,2014-02-19 23:00:00,13642.771,14920.741,19045.78,14604.659,16470.738,34587.715
1200,2014-02-20 00:00:00,13642.771,14920.741,19045.78,14604.659,16470.738,34587.715
1201,2014-02-20 01:00:00,13642.771,14920.741,19045.78,14604.659,16470.738,34587.715
1202,2014-02-20 02:00:00,13642.771,14920.741,19045.78,14604.659,16470.738,34587.715
1203,2014-02-20 03:00:00,13642.771,14920.741,19045.78,14604.659,16470.738,34587.715
1204,2014-02-20 04:00:00,13642.771,14920.741,19045.78,14604.659,16470.738,34587.715
1205,2014-02-20 05:00:00,13642.771,14920.741,19045.78,14604.659,16470.738,34587.715
1206,2014-02-20 06:00:00,13642.771,14920.741,19045.78,14604.659,16470.738,34587.715
1207,2014-02-20 07:00:00,13642.771,14920.741,19045.78,14604.659,16470.738,34587.715
1208,2014-02-20 08:00:00,13642.771,14920.741,19045.78,14604.659,16470.738,34587.715
1209,2014-02-20 09:00:00,13642.771,14920.741,19045.78,14604.659,16470.738,34587.715
1210,2014-02-20 10:00:00,13642.771,14920.741,19045.78,14604.659,16470.738,34587.715
1211,2014-02-20 11:00:00,13642.771,14920.741,19045.78,14604.659,16470.738,34587.715
1212,2014-02-20 12:00:00,13642.771,14920.741,19045.78,14604.659,16470.738,34587.715
1213,2014-02-20 13:00:00,13642.771,14920.741,19045.78,14604.659,16470.738,34587.715
1214,2014-02-20 14:00:00,13642.949,14920.741,19045.78,14604.659,16470.738,34587.715
1215,2014-02-20 15:00:00,13643.804,14920.741,19045.78,14604.659,16470.738,34587.715
1216,2014-02-20 16:00:00,13644.641,14920.8125,19045.78,14604.659,16470.738,34587.715
1217,2014-02-20 17:00:00,13645.495,14921.667,19045.78,14604.716,16470.914,34587.715
1218,2014-02-20 18:00:00,13646.281,14922.282,19045.78,14605.502,16471.525,34589.137
1219,2014-02-20 19:00:00,13647.013,14922.473,19045.78,14606.233,16471.525,34589.137
1220,2014-02-20 20:00:00,13648.273,14923.658,19045.78,14608.38,16472.477,34590.523
1221,2014-02-20 21:00:00,13650.9795,14924.747,19046.162,14609.918,16473.795,34593.16
1222,2014-02-20 22:00:00,13654.094,14925.4795,19046.162,14610.646,16475.252,34596.074
1223,2014-02-20 23:00:00,13656.521,14926.234,19046.162,14611.353,16476.664,34598.9
1224,2014-02-21 00:00:00,13658.373,14926.409,19046.162,14612.353,16477.336,34601.617
1225,2014-02-21 01:00:00,13659.592,14926.409,19046.162,14613.179,16477.336,34604.92
1226,2014-02-21 02:00:00,13660.37,14926.409,19046.162,14613.957,16477.336,34608.035
1227,2014-02-21 03:00:00,13661.138,14926.409,19046.162,14615.357,16477.336,34611.105
1228,2014-02-21 04:00:00,13661.851,14926.418,19046.162,14616.959,16477.336,34613.957
1229,2014-02-21 05:00:00,13662.895,14927.11,19046.162,14618.179,16477.45,34616.504
1230,2014-02-21 06:00:00,13663.731,14927.5,19046.162,14619.022,16477.45,34619.21
1231,2014-02-21 07:00:00,13664.663,14927.838,19046.162,14619.477,16477.45,34621.027
1232,2014-02-21 08:00:00,13664.972,14927.991,19046.162,14619.477,16477.498,34622.11
1233,2014-02-21 09:00:00,13665.354,14928.518,19046.162,14619.629,16477.893,34623.78
1234,2014-02-21 10:00:00,13666.835,14929.638,19046.162,14623.0625,16478.135,34626.305
1235,2014-02-21 11:00:00,13667.894,14930.18,19046.299,14623.164,16479.14,34626.93
1236,2014-02-21 12:00:00,13668.866,14930.588,19046.678,14623.929,16480.21,34628.574
1237,2014-02-21 13:00:00,13668.902,14931.041,19046.918,14623.929,16480.762,34630.0
1238,2014-02-21 14:00:00,13668.983,14931.418,19047.031,14623.929,16480.854,34632.754
1239,2014-02-21 15:00:00,13669.203,14931.546,19047.031,14624.018,16480.854,34633.242
1240,2014-02-21 16:00:00,13670.077,14931.546,19047.031,14624.33,16480.854,34633.242
1241,2014-02-21 17:00:00,13670.638,14932.996,19047.031,14625.029,16480.854,34633.242
1242,2014-02-21 18:00:00,13671.387,14933.576,19047.031,14626.066,16480.854,34634.13
1243,2014-02-21 19:00:00,13671.387,14933.576,19047.031,14626.066,16481.006,34634.13
1244,2014-02-21 20:00:00,13671.387,14933.576,19047.031,14626.066,16481.006,34634.13
1245,2014-02-21 21:00:00,13671.628,14934.257,19047.031,14626.634,16481.006,34634.93
1246,2014-02-21 22:00:00,13671.893,14934.257,19047.031,14626.735,16481.006,34636.98
1247,2014-02-21 23:00:00,13671.893,14934.283,19047.031,14626.735,16481.006,34637.758
1248,2014-02-22 00:00:00,13678.825,14936.831,19047.031,14631.644,16482.127,34650.734
1249,2014-02-22 01:00:00,13678.905,14936.831,19047.031,14631.787,16482.361,34653.156
1250,2014-02-22 02:00:00,13679.337,14937.148,19047.031,14632.047,16482.645,34656.383
1251,2014-02-22 03:00:00,13679.963,14937.548,19047.22,14632.417,16482.645,34659.676
1252,2014-02-22 04:00:00,13680.47,14937.608,19047.723,14632.548,16482.645,34662.68
1253,2014-02-22 05:00:00,13680.543,14937.655,19047.723,14632.548,16482.645,34663.586
1254,2014-02-22 06:00:00,13682.003,14939.002,19048.105,14633.984,16483.094,34667.082
1255,2014-02-22 07:00:00,13683.955,14940.275,19048.518,14634.983,16483.156,34668.363
1256,2014-02-22 08:00:00,13684.981,14941.236,19049.145,14637.719,16483.572,34672.24
1257,2014-02-22 09:00:00,13685.87,14941.236,19049.145,14639.154,16483.572,34673.63
1258,2014-02-22 10:00:00,13685.87,14942.065,19049.49,14639.717,16484.113,34673.742
1259,2014-02-22 11:00:00,13686.884,14942.832,19050.729,14640.08,16484.113,34675.47
1260,2014-02-22 12:00:00,13671.893,14934.283,19047.031,14626.735,16481.006,34637.758
1261,2014-02-22 13:00:00,13672.677,14935.247,19047.031,14628.352,16481.11,34639.016
1262,2014-02-22 14:00:00,13674.295,14936.477,19047.031,14630.28,16482.127,34642.312
1263,2014-02-22 15:00:00,13675.082,14936.477,19047.031,14631.05,16482.127,34642.53
1264,2014-02-22 16:00:00,13676.217,14936.776,19047.031,14631.644,16482.127,34642.53
1265,2014-02-22 17:00:00,13676.849,14936.831,19047.031,14631.644,16482.127,34642.53
1266,2014-02-22 18:00:00,13676.958,14936.831,19047.031,14631.644,16482.127,34642.53
1267,2014-02-22 19:00:00,13677.063,14936.831,19047.031,14631.644,16482.127,34642.53
1268,2014-02-22 20:00:00,13677.063,14936.831,19047.031,14631.644,16482.127,34643.71
1269,2014-02-22 21:00:00,13677.443,14936.831,19047.031,14631.644,16482.127,34647.184
1270,2014-02-22 22:00:00,13684.212,14940.318,19048.803,14635.242,16483.182,34668.926
1271,2014-02-22 23:00:00,13684.344,14940.74,19048.902,14635.371,16483.572,34669.37
1272,2014-02-23 00:00:00,13686.939,14944.499,19051.977,14640.973,16484.205,34676.06
1273,2014-02-23 01:00:00,13688.27,14945.561,19054.994,14642.027,16484.205,34676.656
1274,2014-02-23 02:00:00,13688.569,14945.909,19057.22,14642.741,16484.205,34676.656
1275,2014-02-23 03:00:00,13688.569,14945.909,19057.832,14643.408,16484.205,34677.555
1276,2014-02-23 04:00:00,13690.009,14946.458,19057.832,14644.735,16485.889,34682.93
1277,2014-02-23 05:00:00,13688.569,14945.909,19057.832,14643.516,16484.205,34677.555
1278,2014-02-23 06:00:00,13688.763,14945.909,19057.832,14644.072,16484.383,34679.895
1279,2014-02-23 07:00:00,13691.528,14947.232,19057.832,14645.51,16487.438,34686.027
1280,2014-02-23 08:00:00,13693.039,14947.976,19058.693,14646.576,16488.924,34689.0
1281,2014-02-23 09:00:00,13693.895,14949.6,19060.08,14647.721,16490.31,34691.773
1282,2014-02-23 10:00:00,13695.332,14951.756,19062.031,14649.191,16492.283,34694.65
1283,2014-02-23 11:00:00,13696.887,14953.972,19065.14,14650.39,16495.393,34697.758
1284,2014-02-23 12:00:00,13698.449,14956.318,19068.266,14651.857,16498.518,34700.883
1285,2014-02-23 13:00:00,13700.596,14958.917,19071.305,14653.714,16501.572,34703.938
1286,2014-02-23 14:00:00,13703.5625,14962.42,19075.111,14656.804,16506.184,34707.04
1287,2014-02-23 15:00:00,13705.279,14965.139,19078.53,14657.486,16509.553,34711.89
1288,2014-02-23 16:00:00,13706.746,14968.056,19081.186,14660.029,16512.648,34715.418
1289,2014-02-23 17:00:00,13708.843,14968.844,19082.893,14661.721,16515.219,34718.543
1290,2014-02-23 18:00:00,13710.399,14970.459,19084.895,14663.593,16518.318,34721.656
1291,2014-02-23 19:00:00,13711.849,14972.633,19088.219,14666.339,16521.217,34724.555
1292,2014-02-23 20:00:00,13713.235,14975.215,19094.305,14669.487,16523.99,34727.33
1293,2014-02-23 21:00:00,13714.603,14978.015,19101.14,14673.113,16526.72,34730.062
1294,2014-02-23 22:00:00,13715.983,14980.443,19107.346,14677.396,16528.305,34732.637
1295,2014-02-23 23:00:00,13717.465,14982.015,19112.098,14681.213,16529.738,34735.71
1296,2014-02-24 00:00:00,13718.222,14983.273,19116.639,14683.879,16531.252,34738.74
1297,2014-02-24 01:00:00,13718.973,14984.919,19119.506,14687.113,16531.727,34740.617
1298,2014-02-24 02:00:00,13720.523,14987.391,19122.309,14692.428,16532.059,34742.742
1299,2014-02-24 03:00:00,13721.862,14988.398,19125.102,14693.552,16532.607,34745.207
1300,2014-02-24 04:00:00,13722.747,14989.719,19127.826,14695.203,16532.607,34746.227
1301,2014-02-24 05:00:00,13724.254,14990.292,19128.797,14696.498,16532.607,34749.074
1302,2014-02-24 06:00:00,13724.289,14990.292,19132.512,14697.23,16532.607,34752.004
1303,2014-02-24 07:00:00,13725.084,14992.096,19134.666,14698.82,16533.87,34755.113
1304,2014-02-24 08:00:00,13726.995,14995.39,19138.223,14700.834,16535.055,34759.06
1305,2014-02-24 09:00:00,13729.29,14999.395,19142.56,14703.061,16536.318,34764.027
1306,2014-02-24 10:00:00,13731.032,15003.055,19147.516,14704.314,16539.445,34769.65
1307,2014-02-24 11:00:00,13731.032,15003.055,19149.664,14704.314,16542.53,34774.0
1308,2014-02-24 12:00:00,13731.032,15003.055,19149.664,14704.314,16542.53,34775.16
1309,2014-02-24 13:00:00,13731.032,15003.055,19149.664,14704.314,16542.53,34775.16
1310,2014-02-24 14:00:00,13731.032,15003.055,19149.664,14704.314,16542.53,34775.16
1311,2014-02-24 15:00:00,13731.032,15003.055,19149.664,14704.314,16542.53,34775.8
1312,2014-02-24 16:00:00,13731.198,15003.157,19149.664,14704.776,16542.53,34780.23
1313,2014-02-24 17:00:00,13732.471,15003.796,19150.336,14706.283,16542.53,34782.855
1314,2014-02-24 18:00:00,13734.535,15004.489,19150.336,14708.348,16542.768,34786.176
1315,2014-02-24 19:00:00,13735.961,15005.092,19150.336,14709.63,16543.54,34789.293
1316,2014-02-24 20:00:00,13736.511,15005.092,19150.45,14709.891,16544.586,34792.527
1317,2014-02-24 21:00:00,13736.591,15005.345,19151.934,14710.237,16545.75,34794.297
1318,2014-02-24 22:00:00,13736.879,15006.197,19152.268,14710.827,16545.91,34795.188
1319,2014-02-24 23:00:00,13737.149,15006.197,19152.537,14711.152,16547.184,34795.188
1320,2014-02-25 00:00:00,13737.149,15006.197,19152.658,14711.506,16547.184,34795.188
1321,2014-02-25 01:00:00,13738.195,15006.197,19152.658,14711.51,16547.184,34795.188
1322,2014-02-25 02:00:00,13738.64,15006.197,19152.658,14711.51,16547.184,34795.188
1323,2014-02-25 03:00:00,13738.64,15006.197,19152.658,14711.51,16547.184,34795.188
1324,2014-02-25 04:00:00,13738.64,15006.922,19152.658,14711.561,16547.184,34795.188
1325,2014-02-25 05:00:00,13738.836,15006.939,19152.658,14711.561,16547.184,34795.188
1326,2014-02-25 06:00:00,13738.877,15006.939,19152.658,14711.561,16547.184,34795.188
1327,2014-02-25 07:00:00,13738.877,15006.939,19152.658,14711.561,16547.184,34795.188
1328,2014-02-25 08:00:00,13738.877,15006.939,19152.658,14711.561,16547.184,34795.188
1329,2014-02-25 09:00:00,13738.877,15006.939,19152.658,14711.561,16547.184,34795.188
1330,2014-02-25 10:00:00,13738.877,15006.939,19152.658,14711.561,16547.184,34795.188
1331,2014-02-25 11:00:00,13738.877,15006.939,19152.658,14711.561,16547.184,34795.188
1332,2014-02-25 12:00:00,13738.877,15006.939,19152.658,14711.561,16547.184,34795.188
1333,2014-02-25 13:00:00,13738.877,15006.939,19152.658,14711.561,16547.184,34795.188
1334,2014-02-25 14:00:00,13738.877,15006.939,19152.658,14711.561,16547.184,34795.188
1335,2014-02-25 15:00:00,13738.877,15006.939,19152.658,14711.561,16547.184,34795.188
1336,2014-02-25 16:00:00,13738.877,15006.939,19152.658,14711.561,16547.184,34795.188
1337,2014-02-25 17:00:00,13738.877,15006.939,19152.658,14711.561,16547.184,34795.188
1338,2014-02-25 18:00:00,13738.877,15006.939,19152.658,14711.561,16547.184,34795.188
1339,2014-02-25 19:00:00,13738.877,15006.939,19152.658,14711.561,16547.184,34795.188
1340,2014-02-25 20:00:00,13738.877,15006.939,19152.658,14711.561,16547.184,34795.188
1341,2014-02-25 21:00:00,13738.877,15006.939,19152.658,14711.561,16547.184,34795.188
1342,2014-02-25 22:00:00,13738.877,15006.939,19152.658,14711.561,16547.184,34795.188
1343,2014-02-25 23:00:00,13738.877,15006.939,19152.658,14711.561,16547.184,34795.188
1344,2014-02-26 00:00:00,13738.948,15007.13,19152.658,14712.671,16548.193,34797.207
1345,2014-02-26 01:00:00,13738.968,15007.13,19152.658,14712.671,16548.193,34797.207
1346,2014-02-26 02:00:00,13738.968,15007.13,19152.658,14712.671,16548.193,34797.207
1347,2014-02-26 03:00:00,13738.968,15007.13,19152.658,14712.671,16548.193,34797.207
1348,2014-02-26 04:00:00,13738.968,15007.13,19152.658,14712.671,16548.193,34797.207
1349,2014-02-26 05:00:00,13738.968,15007.13,19152.658,14712.671,16548.193,34797.207
1350,2014-02-26 06:00:00,13738.968,15007.13,19152.658,14712.671,16548.193,34797.207
1351,2014-02-26 07:00:00,13739.137,15007.13,19152.658,14712.671,16548.193,34797.207
1352,2014-02-26 08:00:00,13739.137,15007.13,19152.658,14712.671,16548.193,34797.387
1353,2014-02-26 09:00:00,13739.137,15007.13,19152.658,14712.671,16548.193,34797.387
1354,2014-02-26 10:00:00,13739.137,15007.13,19152.658,14712.671,16548.193,34797.387
1355,2014-02-26 11:00:00,13739.137,15007.13,19152.658,14712.671,16548.193,34797.387
1356,2014-02-26 12:00:00,13738.877,15006.939,19152.658,14711.561,16547.184,34795.188
1357,2014-02-26 13:00:00,13738.877,15006.939,19152.658,14711.561,16547.783,34795.188
1358,2014-02-26 14:00:00,13738.877,15006.939,19152.658,14711.561,16548.193,34795.188
1359,2014-02-26 15:00:00,13738.877,15007.13,19152.658,14712.604,16548.193,34796.66
1360,2014-02-26 16:00:00,13738.877,15007.13,19152.658,14712.671,16548.193,34797.207
1361,2014-02-26 17:00:00,13738.877,15007.13,19152.658,14712.671,16548.193,34797.207
1362,2014-02-26 18:00:00,13738.877,15007.13,19152.658,14712.671,16548.193,34797.207
1363,2014-02-26 19:00:00,13738.877,15007.13,19152.658,14712.671,16548.193,34797.207
1364,2014-02-26 20:00:00,13738.877,15007.13,19152.658,14712.671,16548.193,34797.207
1365,2014-02-26 21:00:00,13738.877,15007.13,19152.658,14712.671,16548.193,34797.207
1366,2014-02-26 22:00:00,13739.137,15007.13,19152.658,14712.671,16548.193,34797.387
1367,2014-02-26 23:00:00,13739.137,15007.13,19152.658,14712.671,16548.193,34797.387
1368,2014-02-27 00:00:00,13746.395,15007.654,19152.81,14714.67,16548.316,34815.902
1369,2014-02-27 01:00:00,13746.395,15007.654,19152.81,14714.67,16548.316,34815.902
1370,2014-02-27 02:00:00,13746.395,15007.654,19152.81,14714.67,16548.316,34815.902
1371,2014-02-27 03:00:00,13746.395,15007.654,19152.81,14714.67,16548.316,34815.902
1372,2014-02-27 04:00:00,13746.395,15007.654,19152.81,14714.67,16548.316,34815.902
1373,2014-02-27 05:00:00,13746.395,15007.654,19152.81,14714.67,16548.316,34815.902
1374,2014-02-27 06:00:00,13746.395,15007.654,19152.81,14714.67,16548.316,34815.902
1375,2014-02-27 07:00:00,13739.137,15007.13,19152.658,14712.671,16548.193,34797.387
1376,2014-02-27 08:00:00,13739.137,15007.13,19152.658,14712.671,16548.193,34797.387
1377,2014-02-27 09:00:00,13739.137,15007.13,19152.658,14712.671,16548.193,34797.387
1378,2014-02-27 10:00:00,13739.137,15007.13,19152.658,14712.671,16548.193,34797.484
1379,2014-02-27 11:00:00,13739.137,15007.13,19152.658,14712.671,16548.193,34800.47
1380,2014-02-27 12:00:00,13740.192,15007.13,19152.658,14712.671,16548.193,34803.312
1381,2014-02-27 13:00:00,13741.237,15007.606,19152.664,14712.9375,16548.193,34803.77
1382,2014-02-27 14:00:00,13742.987,15007.654,19152.664,14713.429,16548.213,34806.934
1383,2014-02-27 15:00:00,13746.204,15007.654,19152.81,14714.43,16548.316,34814.26
1384,2014-02-27 16:00:00,13746.204,15007.654,19152.81,14714.67,16548.316,34815.7
1385,2014-02-27 17:00:00,13746.395,15007.654,19152.81,14714.67,16548.316,34815.902
1386,2014-02-27 18:00:00,13746.395,15007.654,19152.81,14714.67,16548.316,34815.902
1387,2014-02-27 19:00:00,13746.395,15007.654,19152.81,14714.67,16548.316,34815.902
1388,2014-02-27 20:00:00,13744.485,15007.654,19152.81,14714.048,16548.316,34809.098
1389,2014-02-27 21:00:00,13746.019,15007.654,19152.81,14714.048,16548.316,34812.203
1390,2014-02-27 22:00:00,13746.395,15007.654,19152.81,14714.67,16548.316,34815.902
1391,2014-02-27 23:00:00,13746.395,15007.654,19152.81,14714.67,16548.316,34815.902
1392,2014-02-28 00:00:00,13746.395,15007.654,19152.81,14714.67,16548.316,34815.902
1393,2014-02-28 01:00:00,13746.395,15007.654,19152.81,14714.67,16548.316,34815.902
1394,2014-02-28 02:00:00,13746.395,15007.654,19152.81,14714.67,16548.316,34817.566
1395,2014-02-28 03:00:00,13746.395,15007.654,19152.81,14714.67,16548.316,34817.684
1396,2014-02-28 04:00:00,13746.395,15007.654,19152.81,14714.67,16548.316,34818.836
1397,2014-02-28 05:00:00,13746.395,15007.654,19152.81,14714.67,16548.316,34820.566
1398,2014-02-28 06:00:00,13746.707,15007.654,19152.81,14714.67,16548.316,34822.72
1399,2014-02-28 07:00:00,13747.583,15007.654,19152.81,14714.67,16548.68,34824.465
1400,2014-02-28 08:00:00,13750.278,15007.654,19152.81,14714.67,16550.578,34827.31
1401,2014-02-28 09:00:00,13750.709,15007.654,19152.81,14714.67,16550.578,34827.31
1402,2014-02-28 10:00:00,13751.474,15007.654,19152.81,14714.67,16550.578,34827.492
1403,2014-02-28 11:00:00,13751.504,15007.654,19152.81,14714.67,16550.578,34828.06
1404,2014-02-28 12:00:00,13751.504,15007.654,19152.81,14714.67,16551.57,34828.06
1405,2014-02-28 13:00:00,13751.504,15007.654,19152.81,14714.67,16551.57,34828.06
1406,2014-02-28 14:00:00,13751.504,15007.654,19152.81,14714.67,16551.898,34828.06
1407,2014-02-28 15:00:00,13751.563,15007.654,19152.81,14714.67,16553.277,34828.06
1408,2014-02-28 16:00:00,13751.864,15007.917,19152.81,14714.67,16554.643,34828.19
1409,2014-02-28 17:00:00,13751.864,15007.917,19152.81,14714.67,16556.305,34828.19
1410,2014-02-28 18:00:00,13751.978,15007.917,19152.81,14714.67,16558.074,34828.19
1411,2014-02-28 19:00:00,13752.766,15007.917,19152.81,14714.67,16559.268,34828.19
1412,2014-02-28 20:00:00,13753.574,15007.917,19152.81,14714.67,16559.268,34828.19
1413,2014-02-28 21:00:00,13754.372,15007.917,19152.81,14714.67,16559.268,34828.19
1414,2014-02-28 22:00:00,13748.485,15007.654,19152.81,14714.67,16550.162,34825.977
1415,2014-02-28 23:00:00,13749.432,15007.654,19152.81,14714.67,16550.578,34826.93
1416,2014-03-01 00:00:00,13755.09,15007.917,19152.81,14714.67,16559.268,34828.19
1417,2014-03-01 01:00:00,13755.882,15007.917,19152.81,14714.67,16559.268,34828.19
1418,2014-03-01 02:00:00,13755.906,15007.917,19152.81,14714.67,16559.268,34828.19
1419,2014-03-01 03:00:00,13755.906,15007.917,19152.81,14714.67,16559.268,34828.19
1420,2014-03-01 04:00:00,13755.906,15007.917,19152.81,14714.67,16559.268,34828.19
1421,2014-03-01 05:00:00,13755.906,15007.917,19152.81,14714.67,16559.268,34828.19
1422,2014-03-01 06:00:00,13755.906,15007.917,19152.81,14714.67,16559.268,34828.19
1423,2014-03-01 07:00:00,13755.906,15007.917,19152.81,14714.67,16559.268,34828.19
1424,2014-03-01 08:00:00,13755.906,15007.917,19152.81,14714.67,16559.268,34828.19
1425,2014-03-01 09:00:00,13755.906,15007.917,19152.81,14714.67,16559.268,34828.19
1426,2014-03-01 10:00:00,13755.906,15007.917,19152.81,14714.67,16559.268,34828.19
1427,2014-03-01 11:00:00,13755.906,15007.917,19152.81,14714.67,16559.268,34828.19
1428,2014-03-01 12:00:00,13755.906,15007.917,19152.81,14714.67,16559.268,34828.19
1429,2014-03-01 13:00:00,13755.906,15007.917,19152.81,14714.67,16559.268,34828.19
1430,2014-03-01 14:00:00,13755.906,15007.917,19152.81,14714.67,16559.268,34828.19
1431,2014-03-01 15:00:00,13755.906,15007.917,19152.81,14714.67,16559.268,34828.19
1432,2014-03-01 16:00:00,13755.906,15007.917,19152.81,14714.67,16559.268,34828.19
1433,2014-03-01 17:00:00,13755.906,15007.917,19152.81,14714.705,16559.268,34828.19
1434,2014-03-01 18:00:00,13755.906,15007.917,19152.81,14714.961,16559.268,34828.19
1435,2014-03-01 19:00:00,13755.906,15007.917,19152.81,14714.961,16559.268,34828.19
1436,2014-03-01 20:00:00,13755.906,15007.917,19152.81,14714.961,16559.268,34828.19
1437,2014-03-01 21:00:00,13755.906,15007.917,19152.81,14714.961,16559.268,34828.19
1438,2014-03-01 22:00:00,13755.906,15007.917,19152.81,14714.961,16559.268,34828.19
1439,2014-03-01 23:00:00,13755.906,15007.917,19152.81,14714.961,16559.268,34828.19
1440,2014-03-02 00:00:00,13755.906,15007.917,19152.81,14714.961,16559.268,34828.19
1441,2014-03-02 01:00:00,13755.906,15007.917,19152.81,14714.961,16559.268,34828.19
1442,2014-03-02 02:00:00,13755.906,15007.917,19152.81,14714.961,16559.268,34828.19
1443,2014-03-02 03:00:00,13755.906,15007.917,19152.81,14714.961,16559.268,34828.19
1444,2014-03-02 04:00:00,13755.906,15007.917,19152.81,14714.961,16559.268,34828.19
1445,2014-03-02 05:00:00,13755.906,15007.917,19152.81,14714.961,16559.268,34828.19
1446,2014-03-02 06:00:00,13755.906,15007.917,19152.81,14714.961,16559.268,34828.19
1447,2014-03-02 07:00:00,13755.906,15007.917,19152.81,14714.961,16559.268,34828.266
1448,2014-03-02 08:00:00,13756.343,15007.917,19152.81,14714.961,16559.268,34829.44
1449,2014-03-02 09:00:00,13756.345,15007.917,19152.81,14714.961,16559.268,34829.746
1450,2014-03-02 10:00:00,13756.345,15007.917,19152.81,14714.961,16559.268,34829.746
1451,2014-03-02 11:00:00,13756.345,15007.917,19152.81,14714.961,16559.268,34829.746
1452,2014-03-02 12:00:00,13756.345,15007.917,19152.81,14714.961,16559.268,34829.746
1453,2014-03-02 13:00:00,13756.614,15007.917,19152.81,14714.961,16559.268,34831.297
1454,2014-03-02 14:00:00,13756.686,15007.917,19152.81,14714.961,16559.268,34834.38
1455,2014-03-02 15:00:00,13756.686,15007.917,19152.81,14715.256,16559.588,34836.72
1456,2014-03-02 16:00:00,13756.686,15007.917,19152.81,14715.256,16559.588,34840.203
1457,2014-03-02 17:00:00,13756.686,15007.917,19152.81,14715.256,16559.588,34843.56
1458,2014-03-02 18:00:00,13756.686,15007.917,19152.81,14715.256,16559.588,34846.754
1459,2014-03-02 19:00:00,13756.686,15007.917,19152.81,14715.256,16559.588,34850.1
1460,2014-03-02 20:00:00,13756.686,15007.917,19152.81,14715.256,16559.588,34851.723
1461,2014-03-02 21:00:00,13756.686,15007.917,19152.81,14715.256,16559.588,34851.723
1462,2014-03-02 22:00:00,13756.686,15007.917,19152.81,14715.256,16560.146,34851.723
1463,2014-03-02 23:00:00,13757.023,15007.917,19152.81,14715.256,16561.17,34851.723
1464,2014-03-03 00:00:00,13758.176,15007.917,19152.81,14715.256,16562.262,34851.723
1465,2014-03-03 01:00:00,13758.869,15007.917,19152.81,14715.256,16562.262,34851.723
1466,2014-03-03 02:00:00,13758.869,15007.917,19152.81,14715.256,16562.262,34851.723
1467,2014-03-03 03:00:00,13758.869,15007.917,19152.81,14715.256,16562.262,34851.723
1468,2014-03-03 04:00:00,13758.869,15007.917,19152.81,14715.256,16562.262,34852.85
1469,2014-03-03 05:00:00,13758.869,15007.917,19152.81,14715.256,16562.262,34852.95
1470,2014-03-03 06:00:00,13758.869,15007.917,19152.81,14715.428,16562.262,34852.95
1471,2014-03-03 07:00:00,13759.432,15008.457,19152.81,14717.145,16562.262,34853.234
1472,2014-03-03 08:00:00,13760.249,15008.457,19152.81,14717.483,16562.262,34854.527
1473,2014-03-03 09:00:00,13760.249,15008.457,19152.81,14717.483,16562.262,34854.527
1474,2014-03-03 10:00:00,13760.249,15008.457,19152.81,14717.483,16562.262,34854.527
1475,2014-03-03 11:00:00,13760.249,15008.457,19152.81,14717.483,16562.262,34854.527
1476,2014-03-03 12:00:00,13760.249,15008.457,19152.81,14717.483,16562.262,34854.527
1477,2014-03-03 13:00:00,13760.249,15008.457,19152.81,14717.483,16562.262,34854.527
1478,2014-03-03 14:00:00,13760.249,15008.457,19152.81,14717.483,16562.262,34854.527
1479,2014-03-03 15:00:00,13760.249,15008.457,19152.81,14717.483,16562.262,34854.527
1480,2014-03-03 16:00:00,13760.249,15008.457,19152.81,14717.483,16562.262,34854.527
1481,2014-03-03 17:00:00,13760.249,15008.457,19152.81,14717.483,16562.262,34854.527
1482,2014-03-03 18:00:00,13760.249,15008.457,19152.81,14717.483,16562.262,34854.527
1483,2014-03-03 19:00:00,13760.249,15008.457,19152.81,14717.483,16562.262,34854.527
1484,2014-03-03 20:00:00,13760.249,15008.457,19152.81,14717.483,16562.262,34854.527
1485,2014-03-03 21:00:00,13760.249,15008.457,19152.81,14717.483,16562.262,34854.527
1486,2014-03-03 22:00:00,13760.249,15008.457,19152.81,14717.483,16562.262,34854.527
1487,2014-03-03 23:00:00,13760.249,15008.457,19152.81,14717.483,16562.262,34854.527
1488,2014-03-04 00:00:00,13760.249,15008.457,19152.81,14717.483,16562.262,34854.527
1489,2014-03-04 01:00:00,13760.249,15008.457,19152.81,14717.483,16562.262,34854.527
1490,2014-03-04 02:00:00,13760.249,15008.457,19152.81,14717.483,16562.262,34854.527
1491,2014-03-04 03:00:00,13760.249,15008.457,19152.81,14717.483,16562.262,34854.527
1492,2014-03-04 04:00:00,13760.249,15008.457,19152.81,14717.483,16562.262,34854.527
1493,2014-03-04 05:00:00,13760.249,15008.457,19152.81,14717.483,16562.262,34854.527
1494,2014-03-04 06:00:00,13760.249,15008.457,19152.81,14717.483,16562.262,34854.527
1495,2014-03-04 07:00:00,13760.249,15008.457,19152.81,14717.483,16562.262,34854.527
1496,2014-03-04 08:00:00,13760.249,15008.457,19152.81,14717.483,16562.262,34854.527
1497,2014-03-04 09:00:00,13760.249,15008.457,19152.81,14717.483,16562.262,34854.527
1498,2014-03-04 10:00:00,13760.249,15008.457,19152.81,14717.483,16562.262,34854.527
1499,2014-03-04 11:00:00,13760.249,15008.457,19152.81,14717.483,16562.262,34854.527
1500,2014-03-04 12:00:00,13760.249,15008.457,19152.81,14717.483,16562.262,34854.527
1501,2014-03-04 13:00:00,13760.249,15008.457,19152.81,14717.483,16562.262,34854.527
1502,2014-03-04 14:00:00,13760.249,15008.457,19152.81,14717.483,16562.262,34854.527
1503,2014-03-04 15:00:00,13760.249,15008.457,19152.81,14717.483,16562.262,34854.527
1504,2014-03-04 16:00:00,13760.249,15008.457,19152.81,14717.483,16562.262,34854.527
1505,2014-03-04 17:00:00,13760.249,15008.457,19152.81,14717.483,16562.262,34854.527
1506,2014-03-04 18:00:00,13760.249,15008.457,19152.81,14717.483,16562.262,34854.527
1507,2014-03-04 19:00:00,13760.249,15008.457,19152.81,14717.483,16562.262,34854.527
1508,2014-03-04 20:00:00,13760.249,15008.457,19152.81,14717.483,16562.262,34854.527
1509,2014-03-04 21:00:00,13760.249,15008.457,19152.81,14717.483,16562.262,34854.527
1510,2014-03-04 22:00:00,13760.249,15008.457,19152.81,14717.483,16562.262,34854.527
1511,2014-03-04 23:00:00,13760.249,15008.457,19152.81,14717.483,16562.262,34854.527
1512,2014-03-05 00:00:00,13760.249,15008.457,19152.81,14717.483,16562.262,34854.527
1513,2014-03-05 01:00:00,13760.249,15008.457,19152.81,14717.483,16562.262,34854.527
1514,2014-03-05 02:00:00,13760.249,15008.457,19152.81,14717.483,16562.262,34854.527
1515,2014-03-05 03:00:00,13760.249,15008.457,19152.81,14717.483,16562.262,34854.527
1516,2014-03-05 04:00:00,13760.249,15008.457,19152.81,14717.483,16562.262,34854.527
1517,2014-03-05 05:00:00,13760.249,15008.457,19152.81,14717.483,16562.262,34854.527
1518,2014-03-05 06:00:00,13760.249,15008.457,19152.81,14717.483,16562.262,34854.527
1519,2014-03-05 07:00:00,13760.249,15008.457,19152.81,14717.483,16562.262,34856.42
1520,2014-03-05 08:00:00,13760.3,15008.457,19152.81,14717.483,16562.262,34857.63
1521,2014-03-05 09:00:00,13760.3,15008.457,19152.81,14717.483,16562.262,34857.63
1522,2014-03-05 10:00:00,13760.3,15008.457,19152.81,14717.483,16562.262,34857.63
1523,2014-03-05 11:00:00,13760.3,15008.457,19152.81,14717.483,16562.262,34857.63
1524,2014-03-05 12:00:00,13760.3,15008.457,19152.81,14717.483,16562.262,34857.63
1525,2014-03-05 13:00:00,13760.3,15008.457,19152.81,14717.483,16562.262,34857.63
1526,2014-03-05 14:00:00,13760.3,15008.457,19152.81,14717.483,16562.262,34857.63
1527,2014-03-05 15:00:00,13760.3,15008.457,19152.81,14717.483,16562.262,34857.63
1528,2014-03-05 16:00:00,13760.3,15008.78,19152.81,14718.463,16562.262,34859.695
1529,2014-03-05 17:00:00,13761.077,15008.78,19152.81,14720.0625,16562.262,34859.695
1530,2014-03-05 18:00:00,13761.828,15008.78,19152.81,14720.443,16562.262,34859.695
1531,2014-03-05 19:00:00,13762.605,15008.78,19152.81,14720.443,16562.262,34859.695
1532,2014-03-05 20:00:00,13760.249,15008.457,19152.81,14717.483,16562.262,34857.63
1533,2014-03-05 21:00:00,13760.3,15008.457,19152.81,14717.483,16562.262,34857.63
1534,2014-03-05 22:00:00,13760.3,15008.457,19152.81,14717.483,16562.262,34857.63
1535,2014-03-05 23:00:00,13760.3,15008.457,19152.81,14717.483,16562.262,34857.63
1536,2014-03-06 00:00:00,13770.339,15018.762,19158.584,14727.99,16562.623,34863.56
1537,2014-03-06 01:00:00,13770.339,15018.762,19158.584,14727.99,16562.623,34863.56
1538,2014-03-06 02:00:00,13770.339,15018.762,19158.584,14727.99,16562.623,34863.56
1539,2014-03-06 03:00:00,13770.339,15018.762,19158.764,14727.99,16562.623,34863.56
1540,2014-03-06 04:00:00,13770.356,15019.512,19159.768,14727.99,16562.623,34863.56
1541,2014-03-06 05:00:00,13770.802,15020.954,19160.928,14727.99,16562.79,34863.56
1542,2014-03-06 06:00:00,13771.527,15022.06,19161.568,14728.163,16563.895,34863.56
1543,2014-03-06 07:00:00,13763.454,15009.132,19152.81,14720.623,16562.262,34860.477
1544,2014-03-06 08:00:00,13764.405,15009.839,19152.81,14721.963,16562.262,34863.56
1545,2014-03-06 09:00:00,13765.377,15010.508,19152.81,14723.542,16562.262,34863.56
1546,2014-03-06 10:00:00,13766.859,15012.003,19152.81,14724.496,16562.262,34863.56
1547,2014-03-06 11:00:00,13768.077,15013.02,19152.81,14724.794,16562.262,34863.56
1548,2014-03-06 12:00:00,13768.077,15013.888,19152.81,14724.794,16562.262,34863.56
1549,2014-03-06 13:00:00,13768.077,15014.196,19152.969,14724.794,16562.262,34863.56
1550,2014-03-06 14:00:00,13768.077,15014.247,19154.584,14724.794,16562.623,34863.56
1551,2014-03-06 15:00:00,13768.249,15016.1455,19154.584,14727.236,16562.623,34863.56
1552,2014-03-06 16:00:00,13769.129,15017.507,19154.584,14727.99,16562.623,34863.56
1553,2014-03-06 17:00:00,13769.32,15018.291,19155.178,14727.99,16562.623,34863.56
1554,2014-03-06 18:00:00,13769.932,15018.762,19156.604,14727.99,16562.623,34863.56
1555,2014-03-06 19:00:00,13770.339,15018.762,19157.63,14727.99,16562.623,34863.56
1556,2014-03-06 20:00:00,13770.339,15018.762,19158.584,14727.99,16562.623,34863.56
1557,2014-03-06 21:00:00,13770.339,15018.762,19158.584,14727.99,16562.623,34863.56
1558,2014-03-06 22:00:00,13770.339,15018.762,19158.584,14727.99,16562.623,34863.56
1559,2014-03-06 23:00:00,13768.077,15014.987,19154.584,14725.576,16562.623,34863.56
1560,2014-03-07 00:00:00,13772.02,15023.056,19161.568,14728.667,16564.902,34863.56
1561,2014-03-07 01:00:00,13772.02,15023.7705,19161.568,14728.733,16564.902,34863.56
1562,2014-03-07 02:00:00,13772.02,15024.332,19161.568,14728.886,16564.902,34863.56
1563,2014-03-07 03:00:00,13772.02,15024.473,19161.568,14729.065,16564.902,34863.56
1564,2014-03-07 04:00:00,13772.02,15024.473,19161.568,14729.065,16564.902,34863.56
1565,2014-03-07 05:00:00,13772.02,15024.656,19161.568,14729.065,16564.902,34863.56
1566,2014-03-07 06:00:00,13772.02,15025.791,19161.568,14729.599,16564.902,34863.56
1567,2014-03-07 07:00:00,13772.76,15027.373,19161.568,14731.946,16564.902,34863.56
1568,2014-03-07 08:00:00,13773.984,15029.108,19162.3,14734.762,16564.902,34864.535
1569,2014-03-07 09:00:00,13775.941,15031.012,19164.893,14737.334,16565.822,34867.65
1570,2014-03-07 10:00:00,13777.367,15033.038,19168.32,14739.5625,16567.248,34870.5
1571,2014-03-07 11:00:00,13779.1045,15034.91,19170.645,14741.572,16568.896,34873.797
1572,2014-03-07 12:00:00,13780.536,15037.917,19173.484,14743.783,16570.316,34876.637
1573,2014-03-07 13:00:00,13783.259,15039.763,19178.258,14745.885,16571.781,34879.566
1574,2014-03-07 14:00:00,13785.013,15041.069,19183.79,14748.014,16572.748,34883.33
1575,2014-03-07 15:00:00,13785.827,15042.043,19186.557,14749.217,16573.928,34886.383
1576,2014-03-07 16:00:00,13786.142,15042.4,19188.105,14750.083,16573.928,34889.023
1577,2014-03-07 17:00:00,13786.142,15042.52,19188.227,14750.213,16573.928,34889.19
1578,2014-03-07 18:00:00,13786.142,15043.609,19188.227,14750.952,16573.977,34889.27
1579,2014-03-07 19:00:00,13786.238,15044.1455,19189.275,14751.904,16575.207,34890.234
1580,2014-03-07 20:00:00,13787.289,15045.555,19189.783,14753.611,16577.115,34890.645
1581,2014-03-07 21:00:00,13788.674,15046.23,19190.47,14754.045,16577.518,34893.61
1582,2014-03-07 22:00:00,13789.3,15046.686,19191.018,14754.936,16577.826,34894.863
1583,2014-03-07 23:00:00,13790.142,15046.843,19191.223,14755.1455,16578.344,34895.902
1584,2014-03-08 00:00:00,13790.998,15046.87,19191.48,14755.539,16578.662,34896.74
1585,2014-03-08 01:00:00,13792.755,15047.167,19192.977,14756.523,16580.926,34899.395
1586,2014-03-08 02:00:00,13793.206,15047.754,19193.092,14758.038,16581.014,34900.312
1587,2014-03-08 03:00:00,13793.42,15048.122,19193.121,14758.519,16581.068,34901.22
1588,2014-03-08 04:00:00,13793.68,15048.247,19193.248,14758.973,16581.068,34901.695
1589,2014-03-08 05:00:00,13793.899,15049.98,19193.496,14759.497,16581.305,34902.133
1590,2014-03-08 06:00:00,13793.92,15052.811,19193.496,14759.7,16582.264,34902.133
1591,2014-03-08 07:00:00,13794.309,15054.384,19193.82,14760.224,16583.564,34902.844
1592,2014-03-08 08:00:00,13794.492,15055.4795,19194.145,14760.677,16584.436,34904.35
1593,2014-03-08 09:00:00,13794.855,15055.649,19194.223,14762.899,16587.195,34904.793
1594,2014-03-08 10:00:00,13795.269,15055.649,19195.115,14763.387,16587.195,34906.305
1595,2014-03-08 11:00:00,13795.269,15055.649,19195.115,14763.387,16587.195,34906.305
1596,2014-03-08 12:00:00,13795.269,15055.649,19195.115,14763.387,16587.195,34906.305
1597,2014-03-08 13:00:00,13795.269,15055.649,19195.115,14763.387,16587.195,34906.305
1598,2014-03-08 14:00:00,13795.269,15055.649,19195.115,14763.387,16587.195,34906.305
1599,2014-03-08 15:00:00,13795.492,15056.174,19195.115,14763.545,16587.195,34906.96
1600,2014-03-08 16:00:00,13796.427,15057.853,19195.115,14765.108,16587.195,34909.168
1601,2014-03-08 17:00:00,13798.575,15058.147,19195.115,14766.275,16587.195,34912.82
1602,2014-03-08 18:00:00,13800.179,15059.714,19195.115,14767.639,16587.469,34913.152
1603,2014-03-08 19:00:00,13801.994,15063.47,19197.225,14769.704,16589.18,34914.62
1604,2014-03-08 20:00:00,13804.811,15066.306,19199.723,14771.766,16591.178,34917.83
1605,2014-03-08 21:00:00,13805.548,15066.473,19199.756,14772.077,16591.178,34918.176
1606,2014-03-08 22:00:00,13805.548,15066.473,19199.756,14772.077,16591.178,34918.176
1607,2014-03-08 23:00:00,13805.548,15066.473,19199.756,14772.077,16591.178,34918.176
1608,2014-03-09 00:00:00,13805.548,15066.473,19199.756,14772.077,16591.178,34918.176
1609,2014-03-09 01:00:00,13805.548,15066.473,19199.756,14772.077,16591.178,34918.176
1610,2014-03-09 02:00:00,13805.548,15066.473,19199.756,14772.077,16591.178,34918.176
1611,2014-03-09 03:00:00,13805.548,15066.473,19199.756,14772.077,16591.178,34918.176
1612,2014-03-09 04:00:00,13805.548,15066.473,19199.756,14772.077,16591.178,34918.176
1613,2014-03-09 05:00:00,13805.628,15066.473,19199.756,14772.077,16591.178,34918.176
1614,2014-03-09 06:00:00,13806.307,15066.473,19199.756,14772.077,16591.178,34918.176
1615,2014-03-09 07:00:00,13807.231,15066.793,19199.756,14772.077,16591.178,34918.176
1616,2014-03-09 08:00:00,13807.295,15067.689,19199.756,14772.077,16591.178,34918.176
1617,2014-03-09 09:00:00,13807.295,15067.699,19199.756,14772.077,16591.178,34918.176
1618,2014-03-09 10:00:00,13807.295,15067.699,19200.44,14772.077,16591.178,34918.176
1619,2014-03-09 11:00:00,13807.295,15067.939,19200.654,14772.077,16591.178,34918.176
1620,2014-03-09 12:00:00,13807.295,15068.12,19200.654,14772.077,16591.178,34918.176
1621,2014-03-09 13:00:00,13807.295,15068.12,19200.654,14772.077,16591.178,34918.176
1622,2014-03-09 14:00:00,13807.295,15068.12,19200.654,14772.077,16591.178,34918.176
1623,2014-03-09 15:00:00,13807.295,15068.12,19200.654,14772.077,16591.178,34918.176
1624,2014-03-09 16:00:00,13807.295,15068.12,19200.654,14772.077,16591.178,34918.176
1625,2014-03-09 17:00:00,13807.295,15068.12,19200.654,14772.077,16591.178,34918.176
1626,2014-03-09 18:00:00,13807.295,15068.12,19200.654,14772.077,16591.178,34918.176
1627,2014-03-09 19:00:00,13807.295,15068.12,19200.654,14772.077,16591.178,34918.176
1628,2014-03-09 20:00:00,13807.295,15068.2295,19200.654,14772.116,16591.178,34918.176
1629,2014-03-09 21:00:00,13807.295,15068.338,19200.982,14772.141,16591.178,34919.066
1630,2014-03-09 22:00:00,13807.456,15068.403,19200.982,14772.159,16591.178,34919.066
1631,2014-03-09 23:00:00,13807.484,15068.524,19201.055,14772.166,16591.178,34919.066
1632,2014-03-10 00:00:00,13807.56,15068.524,19201.309,14772.201,16591.178,34919.363
1633,2014-03-10 01:00:00,13807.595,15068.524,19203.184,14772.2295,16591.178,34919.363
1634,2014-03-10 02:00:00,13807.595,15068.524,19204.473,14772.2295,16591.178,34919.363
1635,2014-03-10 03:00:00,13807.595,15068.524,19204.473,14772.2295,16591.178,34919.363
1636,2014-03-10 04:00:00,13807.595,15068.524,19204.473,14772.2295,16591.178,34919.363
1637,2014-03-10 05:00:00,13807.595,15068.524,19204.713,14772.2295,16591.178,34919.543
1638,2014-03-10 06:00:00,13807.623,15068.637,19205.578,14772.288,16591.83,34919.79
1639,2014-03-10 07:00:00,13808.332,15068.637,19207.629,14772.292,16593.004,34924.52
1640,2014-03-10 08:00:00,13810.135,15069.353,19208.824,14773.326,16595.236,34926.82
1641,2014-03-10 09:00:00,13810.795,15071.229,19209.303,14774.5,16595.69,34928.67
1642,2014-03-10 10:00:00,13812.696,15072.103,19212.252,14775.784,16597.54,34934.016
1643,2014-03-10 11:00:00,13813.832,15072.554,19212.852,14776.516,16597.707,34936.93
1644,2014-03-10 12:00:00,13814.269,15072.704,19212.879,14776.516,16597.707,34936.93
1645,2014-03-10 13:00:00,13814.825,15072.712,19213.232,14776.516,16597.756,34938.727
1646,2014-03-10 14:00:00,13815.159,15072.997,19213.232,14776.598,16597.865,34938.895
1647,2014-03-10 15:00:00,13815.159,15072.997,19213.232,14776.598,16597.904,34939.508
1648,2014-03-10 16:00:00,13815.159,15072.997,19213.232,14776.598,16597.904,34939.508
1649,2014-03-10 17:00:00,13815.159,15072.997,19213.232,14776.598,16597.904,34940.074
1650,2014-03-10 18:00:00,13815.243,15072.997,19213.232,14776.598,16597.904,34940.375
1651,2014-03-10 19:00:00,13815.358,15072.997,19213.385,14776.598,16597.904,34940.71
1652,2014-03-10 20:00:00,13815.645,15072.997,19214.611,14776.598,16597.904,34940.93
1653,2014-03-10 21:00:00,13815.645,15072.997,19214.955,14776.598,16597.904,34940.93
1654,2014-03-10 22:00:00,13815.645,15072.997,19214.955,14776.598,16597.904,34940.93
1655,2014-03-10 23:00:00,13815.645,15072.997,19214.955,14776.598,16597.904,34940.93
1656,2014-03-11 00:00:00,13815.645,15072.997,19214.955,14776.814,16598.027,34941.797
1657,2014-03-11 01:00:00,13815.645,15072.997,19214.955,14776.814,16598.027,34941.797
1658,2014-03-11 02:00:00,13815.645,15072.997,19214.955,14776.814,16598.027,34941.797
1659,2014-03-11 03:00:00,13815.645,15072.997,19214.955,14776.814,16598.027,34941.797
1660,2014-03-11 04:00:00,13815.645,15072.997,19214.955,14776.814,16598.027,34941.797
1661,2014-03-11 05:00:00,13815.645,15072.997,19214.955,14776.814,16598.027,34941.797
1662,2014-03-11 06:00:00,13815.645,15072.997,19214.955,14776.814,16598.027,34941.797
1663,2014-03-11 07:00:00,13815.645,15072.997,19214.955,14776.814,16598.027,34941.797
1664,2014-03-11 08:00:00,13815.645,15072.997,19214.955,14776.814,16598.027,34941.797
1665,2014-03-11 09:00:00,13815.645,15072.997,19214.955,14776.814,16598.027,34941.797
1666,2014-03-11 10:00:00,13815.645,15072.997,19214.955,14776.814,16598.027,34941.797
1667,2014-03-11 11:00:00,13815.645,15072.997,19214.955,14776.814,16598.027,34941.797
1668,2014-03-11 12:00:00,13815.645,15072.997,19214.955,14776.598,16597.904,34940.93
1669,2014-03-11 13:00:00,13815.645,15072.997,19214.955,14776.598,16597.904,34940.93
1670,2014-03-11 14:00:00,13815.645,15072.997,19214.955,14776.598,16598.027,34941.63
1671,2014-03-11 15:00:00,13815.645,15072.997,19214.955,14776.598,16598.027,34941.797
1672,2014-03-11 16:00:00,13815.645,15072.997,19214.955,14776.598,16598.027,34941.797
1673,2014-03-11 17:00:00,13815.645,15072.997,19214.955,14776.598,16598.027,34941.797
1674,2014-03-11 18:00:00,13815.645,15072.997,19214.955,14776.598,16598.027,34941.797
1675,2014-03-11 19:00:00,13815.645,15072.997,19214.955,14776.598,16598.027,34941.797
1676,2014-03-11 20:00:00,13815.645,15072.997,19214.955,14776.598,16598.027,34941.797
1677,2014-03-11 21:00:00,13815.645,15072.997,19214.955,14776.814,16598.027,34941.797
1678,2014-03-11 22:00:00,13815.645,15072.997,19214.955,14776.814,16598.027,34941.797
1679,2014-03-11 23:00:00,13815.645,15072.997,19214.955,14776.814,16598.027,34941.797
1680,2014-03-12 00:00:00,13815.645,15072.997,19214.955,14776.814,16598.027,34941.797
1681,2014-03-12 01:00:00,13815.645,15072.997,19214.955,14776.814,16598.027,34941.797
1682,2014-03-12 02:00:00,13815.645,15072.997,19214.955,14776.814,16598.027,34941.797
1683,2014-03-12 03:00:00,13815.645,15072.997,19214.955,14776.814,16598.027,34941.797
1684,2014-03-12 04:00:00,13815.645,15072.997,19214.955,14776.814,16598.027,34941.797
1685,2014-03-12 05:00:00,13815.645,15072.997,19214.955,14776.814,16598.027,34941.797
1686,2014-03-12 06:00:00,13815.645,15072.997,19214.955,14776.814,16598.027,34941.797
1687,2014-03-12 07:00:00,13815.645,15072.997,19214.955,14776.814,16598.027,34941.797
1688,2014-03-12 08:00:00,13815.645,15072.997,19214.955,14776.814,16598.027,34941.797
1689,2014-03-12 09:00:00,13815.645,15072.997,19214.955,14776.814,16598.027,34941.797
1690,2014-03-12 10:00:00,13815.645,15072.997,19214.955,14776.814,16598.027,34941.797
1691,2014-03-12 11:00:00,13815.645,15072.997,19214.955,14776.814,16598.027,34941.797
1692,2014-03-12 12:00:00,13815.645,15072.997,19214.955,14776.814,16598.027,34941.797
1693,2014-03-12 13:00:00,13815.645,15072.997,19214.955,14776.814,16598.027,34941.797
1694,2014-03-12 14:00:00,13815.645,15072.997,19214.955,14776.814,16598.027,34941.797
1695,2014-03-12 15:00:00,13815.645,15072.997,19214.955,14776.814,16598.027,34941.797
1696,2014-03-12 16:00:00,13815.645,15072.997,19214.955,14776.814,16598.027,34941.797
1697,2014-03-12 17:00:00,13815.645,15072.997,19214.955,14776.814,16598.027,34941.797
1698,2014-03-12 18:00:00,13815.645,15072.997,19214.955,14776.814,16598.027,34941.797
1699,2014-03-12 19:00:00,13815.645,15072.997,19214.955,14776.814,16598.027,34941.797
1700,2014-03-12 20:00:00,13815.645,15072.997,19214.955,14776.814,16598.027,34941.797
1701,2014-03-12 21:00:00,13815.645,15072.997,19214.955,14776.814,16598.027,34941.797
1702,2014-03-12 22:00:00,13815.645,15072.997,19214.955,14776.814,16598.027,34941.797
1703,2014-03-12 23:00:00,13815.645,15072.997,19214.955,14776.814,16598.027,34941.797
1704,2014-03-13 00:00:00,13816.041,15078.872,19225.395,14781.16,16602.736,34944.56
1705,2014-03-13 01:00:00,13816.041,15078.872,19225.395,14781.925,16602.736,34944.785
1706,2014-03-13 02:00:00,13816.07,15078.872,19225.49,14782.311,16602.736,34945.45
1707,2014-03-13 03:00:00,13816.07,15078.872,19225.49,14782.351,16602.736,34945.45
1708,2014-03-13 04:00:00,13816.07,15078.872,19225.49,14782.351,16602.74,34945.45
1709,2014-03-13 05:00:00,13816.07,15078.872,19225.527,14782.351,16602.748,34945.45
1710,2014-03-13 06:00:00,13816.07,15078.872,19225.527,14782.351,16602.748,34945.45
1711,2014-03-13 07:00:00,13816.07,15078.872,19225.527,14782.351,16602.748,34945.45
1712,2014-03-13 08:00:00,13816.07,15078.872,19225.77,14782.351,16603.412,34947.38
1713,2014-03-13 09:00:00,13816.284,15078.872,19225.875,14782.678,16603.412,34948.848
1714,2014-03-13 10:00:00,13815.645,15072.997,19214.955,14776.814,16598.027,34941.797
1715,2014-03-13 11:00:00,13815.645,15072.997,19214.955,14776.814,16598.027,34941.797
1716,2014-03-13 12:00:00,13815.645,15072.997,19214.955,14776.814,16598.027,34941.797
1717,2014-03-13 13:00:00,13815.645,15072.997,19214.955,14776.814,16598.027,34941.797
1718,2014-03-13 14:00:00,13815.645,15072.997,19214.955,14776.814,16598.027,34941.797
1719,2014-03-13 15:00:00,13815.645,15072.997,19214.955,14776.814,16598.027,34941.797
1720,2014-03-13 16:00:00,13815.645,15072.997,19214.955,14776.814,16598.027,34941.797
1721,2014-03-13 17:00:00,13815.645,15072.997,19214.955,14776.814,16598.027,34941.797
1722,2014-03-13 18:00:00,13815.645,15072.997,19214.955,14776.814,16598.027,34941.797
1723,2014-03-13 19:00:00,13815.645,15072.997,19214.955,14776.814,16598.027,34941.797
1724,2014-03-13 20:00:00,13815.645,15073.184,19215.633,14776.814,16599.395,34941.797
1725,2014-03-13 21:00:00,13815.645,15074.0625,19218.117,14776.814,16600.865,34941.797
1726,2014-03-13 22:00:00,13815.9375,15075.952,19220.906,14778.051,16601.27,34941.797
1727,2014-03-13 23:00:00,13816.041,15078.451,19224.143,14779.072,16602.658,34943.637
1728,2014-03-14 00:00:00,13816.649,15078.872,19226.365,14782.933,16603.49,34951.92
1729,2014-03-14 01:00:00,13816.649,15078.872,19226.719,14783.126,16603.49,34953.297
1730,2014-03-14 02:00:00,13816.649,15079.839,19226.928,14783.247,16605.555,34954.08
1731,2014-03-14 03:00:00,13816.649,15079.879,19227.537,14783.657,16605.555,34957.46
1732,2014-03-14 04:00:00,13816.649,15079.879,19227.545,14783.657,16605.633,34958.05
1733,2014-03-14 05:00:00,13816.649,15079.926,19227.545,14783.731,16605.646,34958.05
1734,2014-03-14 06:00:00,13816.649,15079.926,19227.545,14783.851,16605.984,34958.05
1735,2014-03-14 07:00:00,13816.649,15079.926,19227.545,14783.851,16605.984,34958.05
1736,2014-03-14 08:00:00,13816.649,15080.495,19227.545,14783.851,16606.14,34958.05
1737,2014-03-14 09:00:00,13816.649,15080.511,19227.545,14783.851,16606.14,34958.05
1738,2014-03-14 10:00:00,13816.649,15080.573,19227.545,14783.851,16606.14,34958.05
1739,2014-03-14 11:00:00,13816.649,15080.784,19227.545,14783.898,16606.445,34958.05
1740,2014-03-14 12:00:00,13817.16,15081.294,19227.627,14784.175,16606.943,34959.254
1741,2014-03-14 13:00:00,13817.594,15082.087,19227.627,14784.677,16607.873,34961.29
1742,2014-03-14 14:00:00,13818.801,15084.033,19227.627,14785.106,16608.531,34962.914
1743,2014-03-14 15:00:00,13820.043,15086.693,19227.627,14786.733,16608.531,34966.137
1744,2014-03-14 16:00:00,13821.94,15089.34,19228.307,14788.91,16610.236,34969.5
1745,2014-03-14 17:00:00,13824.567,15091.708,19229.525,14791.929,16614.885,34972.69
1746,2014-03-14 18:00:00,13825.944,15092.304,19230.031,14793.26,16615.6,34974.4
1747,2014-03-14 19:00:00,13827.514,15092.304,19230.602,14793.654,16615.934,34976.992
1748,2014-03-14 20:00:00,13827.699,15092.554,19230.602,14793.975,16616.057,34976.992
1749,2014-03-14 21:00:00,13827.699,15092.554,19230.602,14793.975,16616.057,34976.992
1750,2014-03-14 22:00:00,13827.699,15092.554,19230.602,14793.975,16616.057,34976.992
1751,2014-03-14 23:00:00,13827.699,15092.554,19230.602,14793.975,16616.297,34977.41
1752,2014-03-15 00:00:00,13827.699,15092.721,19230.602,14793.975,16617.25,34980.01
1753,2014-03-15 01:00:00,13827.699,15092.721,19230.602,14793.975,16617.262,34981.04
1754,2014-03-15 02:00:00,13827.981,15092.721,19230.602,14793.975,16617.262,34981.04
1755,2014-03-15 03:00:00,13827.981,15092.721,19230.602,14793.975,16617.488,34981.04
1756,2014-03-15 04:00:00,13830.947,15093.299,19234.592,14795.394,16621.355,34989.613
1757,2014-03-15 05:00:00,13828.748,15092.721,19230.727,14793.975,16617.488,34981.457
1758,2014-03-15 06:00:00,13829.566,15092.721,19231.598,14794.436,16618.844,34984.227
1759,2014-03-15 07:00:00,13829.863,15092.782,19231.63,14794.53,16619.328,34984.61
1760,2014-03-15 08:00:00,13830.278,15092.9375,19231.756,14794.694,16620.27,34986.965
1761,2014-03-15 09:00:00,13831.525,15093.567,19234.592,14795.701,16622.37,34990.273
1762,2014-03-15 10:00:00,13832.18,15093.567,19234.592,14795.701,16622.375,34991.895
1763,2014-03-15 11:00:00,13832.863,15093.567,19235.049,14795.701,16622.375,34992.504
1764,2014-03-15 12:00:00,13832.863,15093.567,19235.266,14795.786,16622.375,34993.79
1765,2014-03-15 13:00:00,13833.373,15093.693,19236.826,14796.106,16623.24,34996.445
1766,2014-03-15 14:00:00,13834.46,15094.262,19237.367,14796.932,16623.42,34998.598
1767,2014-03-15 15:00:00,13835.361,15094.691,19238.145,14797.355,16625.256,35000.164
1768,2014-03-15 16:00:00,13835.825,15096.319,19239.307,14797.832,16626.67,35002.91
1769,2014-03-15 17:00:00,13836.966,15097.104,19240.62,14798.36,16628.227,35006.047
1770,2014-03-15 18:00:00,13839.083,15099.759,19241.162,14798.563,16629.828,35006.35
1771,2014-03-15 19:00:00,13840.196,15101.678,19241.775,14799.0205,16630.162,35008.023
1772,2014-03-15 20:00:00,13840.968,15102.068,19241.775,14799.272,16630.594,35008.605
1773,2014-03-15 21:00:00,13841.664,15102.722,19242.318,14799.436,16631.072,35010.4
1774,2014-03-15 22:00:00,13842.133,15103.405,19243.686,14799.673,16632.44,35010.4
1775,2014-03-15 23:00:00,13842.78,15104.089,19244.756,14800.356,16633.807,35010.4
1776,2014-03-16 00:00:00,13843.464,15104.879,19244.756,14801.04,16635.127,35010.4
1777,2014-03-16 01:00:00,13844.043,15105.525,19244.756,14801.32,16635.127,35010.4
1778,2014-03-16 02:00:00,13844.043,15105.525,19244.756,14801.32,16635.127,35010.4
1779,2014-03-16 03:00:00,13844.043,15105.525,19244.756,14801.32,16635.127,35010.4
1780,2014-03-16 04:00:00,13844.043,15105.525,19244.756,14801.32,16635.127,35010.4
1781,2014-03-16 05:00:00,13844.043,15105.525,19244.756,14801.32,16635.127,35010.4
1782,2014-03-16 06:00:00,13844.043,15105.525,19244.756,14801.32,16635.127,35010.4
1783,2014-03-16 07:00:00,13844.043,15105.525,19244.756,14801.32,16635.127,35010.4
1784,2014-03-16 08:00:00,13844.043,15105.525,19244.756,14801.32,16635.127,35010.4
1785,2014-03-16 09:00:00,13844.043,15105.525,19244.756,14801.32,16635.127,35010.4
1786,2014-03-16 10:00:00,13844.043,15105.525,19244.756,14801.32,16635.127,35010.4
1787,2014-03-16 11:00:00,13844.043,15105.525,19244.756,14801.32,16635.127,35010.4
1788,2014-03-16 12:00:00,13844.043,15105.628,19244.756,14801.32,16635.629,35010.4
1789,2014-03-16 13:00:00,13844.294,15106.409,19244.756,14801.698,16637.191,35010.4
1790,2014-03-16 14:00:00,13845.076,15107.191,19244.756,14802.48,16638.756,35012.113
1791,2014-03-16 15:00:00,13845.857,15108.217,19245.848,14803.855,16640.318,35015.24
1792,2014-03-16 16:00:00,13846.698,15109.222,19246.793,14804.792,16642.0,35018.41
1793,2014-03-16 17:00:00,13847.536,15110.993,19246.846,14805.855,16643.65,35021.062
1794,2014-03-16 18:00:00,13847.788,15111.562,19247.703,14806.098,16644.256,35024.1
1795,2014-03-16 19:00:00,13848.39,15112.29,19249.514,14806.673,16644.422,35027.805
1796,2014-03-16 20:00:00,13849.324,15113.606,19250.91,14807.396,16644.932,35030.74
1797,2014-03-16 21:00:00,13849.9375,15114.017,19251.154,14808.08,16645.283,35031.535
1798,2014-03-16 22:00:00,13850.61,15114.087,19251.154,14808.184,16645.283,35031.535
1799,2014-03-16 23:00:00,13850.916,15114.087,19251.219,14808.475,16645.283,35032.184
1800,2014-03-17 00:00:00,13852.176,15114.087,19252.164,14808.678,16645.283,35033.97
1801,2014-03-17 01:00:00,13854.222,15114.087,19253.19,14808.678,16645.283,35036.957
1802,2014-03-17 02:00:00,13857.961,15114.411,19255.145,14809.284,16645.746,35041.992
1803,2014-03-17 03:00:00,13860.225,15114.465,19255.982,14810.831,16646.314,35045.375
1804,2014-03-17 04:00:00,13862.165,15114.465,19257.219,14811.332,16646.314,35048.977
1805,2014-03-17 05:00:00,13866.876,15114.465,19262.057,14811.689,16646.314,35055.203
1806,2014-03-17 06:00:00,13868.297,15114.473,19263.436,14814.714,16647.916,35057.484
1807,2014-03-17 07:00:00,13868.6,15116.437,19263.436,14815.934,16649.764,35057.484
1808,2014-03-17 08:00:00,13868.6,15116.526,19263.436,14816.394,16650.057,35057.484
1809,2014-03-17 09:00:00,13868.6,15116.835,19263.436,14816.394,16650.49,35057.484
1810,2014-03-17 10:00:00,13868.767,15117.469,19264.02,14816.482,16650.64,35057.484
1811,2014-03-17 11:00:00,13869.415,15117.469,19264.02,14816.482,16650.64,35059.33
1812,2014-03-17 12:00:00,13870.648,15117.469,19264.15,14816.482,16650.64,35059.605
1813,2014-03-17 13:00:00,13870.648,15117.469,19264.15,14818.12,16653.08,35059.605
1814,2014-03-17 14:00:00,13870.771,15117.52,19264.38,14818.967,16653.635,35060.25
1815,2014-03-17 15:00:00,13871.671,15118.053,19265.623,14819.373,16653.965,35062.137
1816,2014-03-17 16:00:00,13871.671,15118.053,19265.623,14819.373,16653.965,35062.137
1817,2014-03-17 17:00:00,13871.671,15118.053,19265.623,14819.373,16653.965,35062.137
1818,2014-03-17 18:00:00,13871.671,15118.053,19265.623,14819.373,16653.965,35062.137
1819,2014-03-17 19:00:00,13871.671,15118.053,19265.623,14819.373,16653.965,35062.727
1820,2014-03-17 20:00:00,13871.671,15118.144,19265.807,14819.373,16653.965,35062.727
1821,2014-03-17 21:00:00,13871.671,15118.336,19265.807,14819.373,16654.633,35062.727
1822,2014-03-17 22:00:00,13871.671,15118.336,19265.807,14819.373,16655.295,35062.727
1823,2014-03-17 23:00:00,13871.671,15118.336,19265.807,14819.373,16655.295,35062.727
1824,2014-03-18 00:00:00,13872.067,15120.291,19267.46,14820.46,16657.152,35064.375
1825,2014-03-18 01:00:00,13872.067,15120.291,19267.46,14820.46,16657.152,35064.375
1826,2014-03-18 02:00:00,13872.067,15120.291,19267.46,14820.46,16657.152,35064.375
1827,2014-03-18 03:00:00,13872.067,15120.291,19267.46,14820.46,16657.152,35064.375
1828,2014-03-18 04:00:00,13872.067,15120.291,19267.46,14820.46,16657.152,35064.375
1829,2014-03-18 05:00:00,13872.067,15120.291,19267.46,14820.46,16657.152,35064.375
1830,2014-03-18 06:00:00,13872.067,15120.291,19267.46,14820.46,16657.152,35064.375
1831,2014-03-18 07:00:00,13872.067,15120.291,19267.46,14820.46,16657.152,35064.375
1832,2014-03-18 08:00:00,13872.067,15120.291,19267.46,14820.46,16657.152,35064.375
1833,2014-03-18 09:00:00,13872.067,15120.291,19267.46,14820.46,16657.152,35064.375
1834,2014-03-18 10:00:00,13872.067,15120.291,19267.46,14820.46,16657.152,35064.375
1835,2014-03-18 11:00:00,13872.067,15120.291,19267.46,14820.46,16657.152,35064.375
1836,2014-03-18 12:00:00,13871.671,15118.336,19265.807,14819.373,16655.295,35062.727
1837,2014-03-18 13:00:00,13871.671,15118.336,19265.807,14819.373,16655.295,35062.727
1838,2014-03-18 14:00:00,13871.671,15118.336,19265.807,14819.373,16655.295,35062.727
1839,2014-03-18 15:00:00,13871.671,15118.336,19265.807,14819.373,16655.295,35062.727
1840,2014-03-18 16:00:00,13871.671,15118.336,19265.807,14819.373,16655.295,35062.727
1841,2014-03-18 17:00:00,13871.671,15118.336,19265.807,14819.539,16655.84,35062.918
1842,2014-03-18 18:00:00,13871.671,15119.079,19265.807,14819.716,16656.033,35062.918
1843,2014-03-18 19:00:00,13871.73,15119.802,19266.291,14820.056,16656.23,35064.043
1844,2014-03-18 20:00:00,13872.049,15120.022,19267.443,14820.089,16656.895,35064.375
1845,2014-03-18 21:00:00,13872.067,15120.291,19267.46,14820.46,16657.152,35064.375
1846,2014-03-18 22:00:00,13872.067,15120.291,19267.46,14820.46,16657.152,35064.375
1847,2014-03-18 23:00:00,13872.067,15120.291,19267.46,14820.46,16657.152,35064.375
1848,2014-03-19 00:00:00,13886.778,15129.186,19274.838,14830.1875,16661.459,35081.387
1849,2014-03-19 01:00:00,13887.701,15130.755,19274.838,14831.275,16661.459,35081.387
1850,2014-03-19 02:00:00,13889.402,15132.535,19275.867,14833.268,16662.24,35081.387
1851,2014-03-19 03:00:00,13872.067,15120.291,19267.46,14820.46,16657.152,35064.375
1852,2014-03-19 04:00:00,13872.067,15120.291,19267.46,14820.46,16657.152,35064.375
1853,2014-03-19 05:00:00,13872.067,15120.291,19267.46,14820.46,16657.152,35064.375
1854,2014-03-19 06:00:00,13872.067,15120.291,19267.46,14820.46,16657.152,35064.375
1855,2014-03-19 07:00:00,13872.067,15120.291,19267.46,14820.666,16657.152,35064.375
1856,2014-03-19 08:00:00,13872.678,15120.766,19267.46,14821.578,16657.771,35064.465
1857,2014-03-19 09:00:00,13874.046,15122.465,19268.139,14823.523,16658.256,35067.14
1858,2014-03-19 10:00:00,13875.582,15123.118,19268.383,14824.69,16658.512,35067.875
1859,2014-03-19 11:00:00,13880.092,15125.124,19269.951,14827.099,16659.164,35071.72
1860,2014-03-19 12:00:00,13883.953,15125.525,19273.406,14827.688,16659.68,35076.44
1861,2014-03-19 13:00:00,13885.59,15125.729,19274.596,14828.108,16659.934,35079.703
1862,2014-03-19 14:00:00,13886.056,15125.729,19274.838,14828.108,16661.104,35081.25
1863,2014-03-19 15:00:00,13886.056,15126.846,19274.838,14828.329,16661.459,35081.387
1864,2014-03-19 16:00:00,13886.056,15127.081,19274.838,14828.434,16661.459,35081.387
1865,2014-03-19 17:00:00,13886.056,15127.081,19274.838,14828.434,16661.459,35081.387
1866,2014-03-19 18:00:00,13886.056,15127.081,19274.838,14828.434,16661.459,35081.387
1867,2014-03-19 19:00:00,13886.056,15128.377,19274.838,14829.379,16661.459,35081.387
1868,2014-03-19 20:00:00,13876.515,15124.717,19269.225,14826.305,16659.041,35069.51
1869,2014-03-19 21:00:00,13877.787,15124.944,19269.37,14827.063,16659.164,35070.14
1870,2014-03-19 22:00:00,13886.056,15127.081,19274.838,14828.703,16661.459,35081.387
1871,2014-03-19 23:00:00,13886.056,15127.753,19274.838,14829.006,16661.459,35081.387
1872,2014-03-20 00:00:00,13901.879,15146.443,19298.77,14844.004,16673.068,35095.848
1873,2014-03-20 01:00:00,13903.814,15148.113,19303.668,14846.369,16674.393,35099.46
1874,2014-03-20 02:00:00,13904.623,15150.29,19308.477,14848.445,16675.324,35102.645
1875,2014-03-20 03:00:00,13904.704,15151.9375,19312.006,14851.937,16676.955,35105.82
1876,2014-03-20 04:00:00,13905.363,15154.221,19317.219,14855.373,16678.49,35109.113
1877,2014-03-20 05:00:00,13906.835,15156.93,19322.635,14858.971,16680.232,35112.598
1878,2014-03-20 06:00:00,13908.47,15160.502,19328.205,14862.202,16681.95,35115.58
1879,2014-03-20 07:00:00,13909.345,15163.127,19333.643,14863.952,16683.7,35117.758
1880,2014-03-20 08:00:00,13911.351,15166.2,19338.922,14866.337,16685.467,35121.066
1881,2014-03-20 09:00:00,13914.287,15170.126,19343.523,14869.2295,16687.43,35124.992
1882,2014-03-20 10:00:00,13917.328,15174.181,19347.578,14872.253,16689.457,35129.047
1883,2014-03-20 11:00:00,13920.041,15177.798,19351.195,14874.966,16691.266,35132.664
1884,2014-03-20 12:00:00,13922.576,15180.883,19354.002,14877.538,16692.98,35136.094
1885,2014-03-20 13:00:00,13924.901,15183.819,19356.666,14879.65,16694.61,35139.35
1886,2014-03-20 14:00:00,13927.025,15187.292,19359.896,14881.254,16696.201,35142.582
1887,2014-03-20 15:00:00,13928.525,15190.179,19363.416,14882.754,16696.217,35145.582
1888,2014-03-20 16:00:00,13929.577,15191.969,19366.205,14883.726,16697.064,35148.316
1889,2014-03-20 17:00:00,13930.535,15193.647,19368.285,14885.053,16698.307,35150.652
1890,2014-03-20 18:00:00,13930.914,15194.27,19369.893,14885.681,16701.295,35152.945
1891,2014-03-20 19:00:00,13931.907,15195.603,19371.082,14886.838,16702.025,35155.44
1892,2014-03-20 20:00:00,13891.135,15135.294,19277.754,14836.057,16665.145,35084.35
1893,2014-03-20 21:00:00,13893.288,15137.731,19280.65,14838.509,16667.064,35087.17
1894,2014-03-20 22:00:00,13895.844,15140.262,19285.03,14840.456,16668.818,35089.734
1895,2014-03-20 23:00:00,13898.879,15144.037,19291.545,14842.363,16671.443,35092.645
1896,2014-03-21 00:00:00,13932.014,15196.506,19371.752,14887.202,16702.055,35156.19
1897,2014-03-21 01:00:00,13932.134,15197.2,19372.158,14887.782,16702.271,35157.06
1898,2014-03-21 02:00:00,13932.134,15197.448,19372.271,14887.905,16702.936,35157.37
1899,2014-03-21 03:00:00,13932.173,15197.611,19372.527,14888.114,16702.936,35157.37
1900,2014-03-21 04:00:00,13932.593,15197.611,19372.56,14888.207,16703.443,35158.016
1901,2014-03-21 05:00:00,13933.348,15197.611,19372.898,14888.2705,16703.455,35158.582
1902,2014-03-21 06:00:00,13933.498,15197.735,19373.367,14888.496,16703.658,35160.06
1903,2014-03-21 07:00:00,13934.174,15197.786,19373.654,14888.496,16703.814,35161.91
1904,2014-03-21 08:00:00,13936.831,15197.786,19373.879,14888.834,16703.814,35162.1
1905,2014-03-21 09:00:00,13941.2295,15197.786,19373.977,14888.841,16703.814,35163.008
1906,2014-03-21 10:00:00,13943.459,15198.048,19374.775,14889.386,16704.365,35167.266
1907,2014-03-21 11:00:00,13946.096,15198.051,19375.77,14889.386,16705.092,35169.73
1908,2014-03-21 12:00:00,13948.147,15198.526,19375.77,14889.853,16705.092,35170.145
1909,2014-03-21 13:00:00,13948.69,15199.032,19376.584,14890.139,16705.84,35171.33
1910,2014-03-21 14:00:00,13950.721,15199.859,19378.135,14891.253,16706.127,35175.863
1911,2014-03-21 15:00:00,13951.185,15200.074,19379.926,14891.381,16706.742,35178.562
1912,2014-03-21 16:00:00,13951.391,15200.83,19381.086,14891.992,16707.19,35181.23
1913,2014-03-21 17:00:00,13952.764,15201.176,19382.432,14892.964,16710.16,35184.46
1914,2014-03-21 18:00:00,13954.071,15201.176,19383.338,14893.172,16711.074,35187.027
1915,2014-03-21 19:00:00,13954.071,15201.176,19383.338,14893.172,16711.074,35187.285
1916,2014-03-21 20:00:00,13954.122,15201.176,19383.338,14893.172,16711.074,35187.285
1917,2014-03-21 21:00:00,13954.214,15201.176,19383.37,14893.172,16711.074,35187.285
1918,2014-03-21 22:00:00,13954.433,15201.222,19383.412,14893.219,16711.074,35187.285
1919,2014-03-21 23:00:00,13954.762,15201.222,19383.412,14893.263,16712.422,35187.285
1920,2014-03-22 00:00:00,13955.105,15201.222,19383.412,14893.623,16712.979,35187.332
1921,2014-03-22 01:00:00,13955.361,15201.657,19383.412,14893.935,16713.066,35188.543
1922,2014-03-22 02:00:00,13955.498,15202.194,19383.912,14894.828,16713.623,35188.82
1923,2014-03-22 03:00:00,13956.5625,15202.898,19383.912,14895.637,16713.992,35190.11
1924,2014-03-22 04:00:00,13958.402,15203.656,19383.98,14896.511,16714.73,35194.688
1925,2014-03-22 05:00:00,13956.956,15203.231,19383.98,14895.782,16714.527,35191.34
1926,2014-03-22 06:00:00,13957.449,15203.656,19383.98,14896.256,16714.73,35192.17
1927,2014-03-22 07:00:00,13958.272,15203.656,19383.98,14896.511,16714.73,35194.688
1928,2014-03-22 08:00:00,13958.402,15203.656,19383.98,14896.511,16714.73,35194.688
1929,2014-03-22 09:00:00,13958.402,15203.656,19383.98,14896.511,16714.73,35196.043
1930,2014-03-22 10:00:00,13958.402,15203.656,19383.98,14896.511,16714.73,35196.043
1931,2014-03-22 11:00:00,13958.402,15203.801,19384.617,14896.511,16714.73,35196.285
1932,2014-03-22 12:00:00,13958.582,15203.801,19384.996,14896.524,16714.73,35196.285
1933,2014-03-22 13:00:00,13960.446,15204.297,19384.996,14898.477,16714.73,35199.375
1934,2014-03-22 14:00:00,13963.025,15205.281,19384.996,14901.714,16714.73,35205.71
1935,2014-03-22 15:00:00,13966.037,15205.281,19384.996,14902.553,16714.73,35206.855
1936,2014-03-22 16:00:00,13966.037,15205.281,19384.996,14902.553,16714.73,35206.855
1937,2014-03-22 17:00:00,13966.037,15205.281,19384.996,14902.553,16714.73,35206.855
1938,2014-03-22 18:00:00,13966.037,15205.281,19384.996,14902.553,16715.05,35206.887
1939,2014-03-22 19:00:00,13966.037,15205.281,19384.996,14902.553,16715.05,35206.887
1940,2014-03-22 20:00:00,13966.037,15205.281,19384.996,14902.553,16715.05,35206.887
1941,2014-03-22 21:00:00,13966.037,15205.281,19384.996,14902.553,16715.05,35206.887
1942,2014-03-22 22:00:00,13966.037,15205.281,19384.996,14902.553,16715.05,35206.887
1943,2014-03-22 23:00:00,13966.037,15205.361,19384.996,14902.553,16715.467,35206.887
1944,2014-03-23 00:00:00,13966.037,15205.659,19384.996,14902.553,16715.467,35207.14
1945,2014-03-23 01:00:00,13966.037,15205.795,19384.996,14902.553,16715.467,35207.14
1946,2014-03-23 02:00:00,13966.037,15205.795,19384.996,14902.553,16715.467,35207.14
1947,2014-03-23 03:00:00,13966.037,15205.795,19384.996,14902.553,16715.467,35207.14
1948,2014-03-23 04:00:00,13966.037,15205.795,19384.996,14902.553,16715.467,35207.14
1949,2014-03-23 05:00:00,13966.037,15205.795,19384.996,14902.553,16715.467,35207.14
1950,2014-03-23 06:00:00,13966.037,15206.426,19384.996,14902.553,16715.467,35207.14
1951,2014-03-23 07:00:00,13966.414,15207.611,19384.996,14903.453,16716.275,35207.14
1952,2014-03-23 08:00:00,13967.074,15208.594,19384.998,14904.329,16716.979,35208.082
1953,2014-03-23 09:00:00,13967.897,15209.428,19385.396,14905.169,16717.57,35208.754
1954,2014-03-23 10:00:00,13968.489,15210.349,19385.986,14905.656,16717.57,35209.184
1955,2014-03-23 11:00:00,13968.925,15210.8955,19385.986,14906.132,16717.7,35209.184
1956,2014-03-23 12:00:00,13969.592,15210.8955,19386.125,14906.719,16717.77,35209.184
1957,2014-03-23 13:00:00,13969.592,15210.8955,19386.125,14906.719,16717.77,35209.184
1958,2014-03-23 14:00:00,13969.592,15210.8955,19386.125,14906.719,16718.283,35209.184
1959,2014-03-23 15:00:00,13969.592,15210.8955,19386.125,14906.719,16719.117,35209.184
1960,2014-03-23 16:00:00,13969.592,15210.8955,19386.125,14906.773,16719.578,35209.4
1961,2014-03-23 17:00:00,13969.592,15210.8955,19386.125,14906.816,16720.312,35209.812
1962,2014-03-23 18:00:00,13969.592,15211.302,19386.125,14906.816,16720.367,35209.812
1963,2014-03-23 19:00:00,13969.592,15211.337,19386.125,14906.816,16720.367,35209.812
1964,2014-03-23 20:00:00,13969.592,15211.506,19386.125,14906.816,16720.367,35209.812
1965,2014-03-23 21:00:00,13969.592,15211.524,19386.125,14906.816,16720.367,35209.812
1966,2014-03-23 22:00:00,13969.592,15211.524,19386.39,14906.816,16720.367,35210.473
1967,2014-03-23 23:00:00,13969.592,15211.524,19387.111,14906.816,16720.729,35210.473
1968,2014-03-24 00:00:00,13969.664,15211.524,19387.252,14906.816,16721.133,35211.734
1969,2014-03-24 01:00:00,13969.774,15211.524,19387.934,14906.816,16721.133,35212.047
1970,2014-03-24 02:00:00,13969.774,15211.524,19388.846,14906.816,16721.842,35212.645
1971,2014-03-24 03:00:00,13969.774,15211.524,19388.846,14906.816,16721.842,35213.77
1972,2014-03-24 04:00:00,13969.774,15211.524,19389.4,14906.816,16721.842,35213.957
1973,2014-03-24 05:00:00,13969.774,15211.524,19389.4,14906.816,16721.842,35213.957
1974,2014-03-24 06:00:00,13969.774,15211.524,19389.4,14906.816,16721.842,35213.957
1975,2014-03-24 07:00:00,13969.774,15211.524,19389.4,14906.816,16721.842,35213.957
1976,2014-03-24 08:00:00,13969.774,15211.524,19389.4,14906.816,16721.842,35213.957
1977,2014-03-24 09:00:00,13969.774,15211.524,19389.4,14906.816,16721.842,35213.957
1978,2014-03-24 10:00:00,13969.774,15211.524,19389.4,14906.816,16721.842,35213.957
1979,2014-03-24 11:00:00,13969.774,15211.524,19389.4,14906.816,16721.842,35213.957
1980,2014-03-24 12:00:00,13969.774,15211.524,19389.4,14906.816,16721.842,35213.957
1981,2014-03-24 13:00:00,13969.774,15211.524,19389.4,14906.816,16721.842,35213.957
1982,2014-03-24 14:00:00,13969.774,15211.524,19389.4,14906.816,16721.842,35213.957
1983,2014-03-24 15:00:00,13969.774,15211.524,19389.4,14906.816,16721.842,35213.957
1984,2014-03-24 16:00:00,13969.774,15211.524,19389.4,14906.816,16721.842,35213.957
1985,2014-03-24 17:00:00,13969.774,15211.524,19389.4,14906.816,16721.842,35213.957
1986,2014-03-24 18:00:00,13969.774,15211.524,19389.4,14906.816,16721.842,35213.957
1987,2014-03-24 19:00:00,13969.774,15211.524,19389.4,14906.816,16721.842,35213.957
1988,2014-03-24 20:00:00,13969.774,15211.524,19389.4,14906.816,16721.842,35213.957
1989,2014-03-24 21:00:00,13969.774,15211.524,19389.4,14906.816,16721.842,35213.957
1990,2014-03-24 22:00:00,13969.774,15211.524,19389.4,14906.816,16721.842,35213.957
1991,2014-03-24 23:00:00,13969.774,15211.524,19389.4,14906.816,16721.842,35213.957
1992,2014-03-25 00:00:00,13969.774,15211.524,19389.4,14906.816,16721.842,35213.957
1993,2014-03-25 01:00:00,13969.774,15211.524,19389.4,14906.816,16721.842,35213.957
1994,2014-03-25 02:00:00,13969.774,15211.524,19389.4,14906.816,16721.842,35213.957
1995,2014-03-25 03:00:00,13969.774,15211.524,19389.4,14906.816,16721.842,35213.957
1996,2014-03-25 04:00:00,13969.774,15211.524,19389.4,14906.816,16721.842,35213.957
1997,2014-03-25 05:00:00,13969.774,15211.524,19389.4,14906.816,16721.842,35213.957
1998,2014-03-25 06:00:00,13969.774,15211.524,19389.4,14906.816,16721.842,35213.957
1999,2014-03-25 07:00:00,13969.774,15211.524,19389.4,14906.816,16721.842,35213.957
2000,2014-03-25 08:00:00,13969.774,15211.524,19389.4,14906.816,16721.842,35213.957
2001,2014-03-25 09:00:00,13969.774,15211.524,19389.4,14906.816,16721.842,35213.957
2002,2014-03-25 10:00:00,13969.774,15211.524,19389.4,14906.816,16721.842,35213.957
2003,2014-03-25 11:00:00,13969.774,15211.524,19389.4,14906.816,16721.842,35213.957
2004,2014-03-25 12:00:00,13969.774,15211.524,19389.4,14906.816,16721.842,35213.957
2005,2014-03-25 13:00:00,13969.774,15211.524,19389.4,14906.816,16721.842,35213.957
2006,2014-03-25 14:00:00,13969.774,15211.524,19389.4,14906.816,16721.842,35213.957
2007,2014-03-25 15:00:00,13969.774,15211.524,19389.4,14906.816,16721.842,35213.957
2008,2014-03-25 16:00:00,13969.774,15211.524,19389.4,14906.816,16721.842,35213.957
2009,2014-03-25 17:00:00,13969.774,15211.524,19389.4,14906.816,16721.842,35213.957
2010,2014-03-25 18:00:00,13969.774,15211.524,19389.4,14906.816,16721.842,35213.957
2011,2014-03-25 19:00:00,13969.774,15211.524,19389.4,14906.816,16721.842,35213.957
2012,2014-03-25 20:00:00,13969.774,15211.524,19389.4,14906.816,16721.842,35213.957
2013,2014-03-25 21:00:00,13969.774,15211.524,19389.4,14906.816,16721.842,35213.957
2014,2014-03-25 22:00:00,13969.774,15211.524,19389.4,14906.816,16721.842,35213.957
2015,2014-03-25 23:00:00,13969.774,15211.524,19389.4,14906.816,16721.842,35213.957
2016,2014-03-26 00:00:00,13969.774,15211.524,19389.4,14906.816,16721.842,35213.957
2017,2014-03-26 01:00:00,13969.774,15211.524,19389.4,14906.816,16721.842,35213.957
2018,2014-03-26 02:00:00,13969.774,15211.524,19389.4,14906.816,16721.842,35213.957
2019,2014-03-26 03:00:00,13969.774,15211.524,19389.4,14906.816,16721.842,35213.957
2020,2014-03-26 04:00:00,13969.774,15211.524,19389.4,14906.816,16721.842,35213.957
2021,2014-03-26 05:00:00,13969.774,15211.524,19389.4,14906.816,16721.842,35213.957
2022,2014-03-26 06:00:00,13969.774,15211.524,19389.4,14906.816,16721.842,35213.957
2023,2014-03-26 07:00:00,13969.774,15211.524,19389.4,14906.816,16721.842,35213.957
2024,2014-03-26 08:00:00,13969.774,15211.524,19389.4,14906.816,16721.842,35213.957
2025,2014-03-26 09:00:00,13969.774,15211.524,19389.4,14906.816,16721.842,35213.957
2026,2014-03-26 10:00:00,13969.774,15211.524,19389.4,14906.816,16721.842,35213.957
2027,2014-03-26 11:00:00,13969.774,15211.524,19389.4,14906.816,16721.842,35213.957
2028,2014-03-26 12:00:00,13969.774,15211.524,19389.4,14906.816,16721.842,35213.957
2029,2014-03-26 13:00:00,13969.774,15211.524,19389.4,14906.816,16721.842,35213.957
2030,2014-03-26 14:00:00,13969.774,15211.524,19389.4,14906.816,16721.842,35213.957
2031,2014-03-26 15:00:00,13969.774,15211.524,19389.4,14906.816,16721.842,35213.957
2032,2014-03-26 16:00:00,13969.774,15211.524,19389.4,14906.816,16721.842,35213.957
2033,2014-03-26 17:00:00,13969.774,15211.524,19389.4,14906.816,16721.842,35213.957
2034,2014-03-26 18:00:00,13969.774,15211.524,19389.4,14906.816,16721.842,35213.957
2035,2014-03-26 19:00:00,13969.774,15211.524,19389.4,14906.816,16721.842,35213.957
2036,2014-03-26 20:00:00,13969.774,15211.524,19389.4,14906.816,16721.842,35213.957
2037,2014-03-26 21:00:00,13969.774,15211.524,19389.4,14906.816,16721.842,35213.957
2038,2014-03-26 22:00:00,13969.774,15211.524,19389.4,14906.816,16721.842,35213.957
2039,2014-03-26 23:00:00,13969.774,15211.524,19389.4,14906.816,16721.842,35213.957
2040,2014-03-27 00:00:00,13969.774,15211.524,19389.4,14906.816,16721.842,35213.957
2041,2014-03-27 01:00:00,13969.774,15211.524,19389.4,14906.816,16721.842,35213.957
2042,2014-03-27 02:00:00,13969.774,15211.524,19389.4,14906.816,16721.842,35213.957
2043,2014-03-27 03:00:00,13969.774,15211.524,19389.4,14906.816,16721.842,35213.957
2044,2014-03-27 04:00:00,13969.774,15211.524,19389.4,14906.816,16721.842,35213.957
2045,2014-03-27 05:00:00,13969.774,15211.524,19389.4,14906.816,16721.842,35213.957
2046,2014-03-27 06:00:00,13969.774,15211.524,19389.4,14906.816,16721.842,35213.957
2047,2014-03-27 07:00:00,13969.774,15211.524,19389.4,14906.816,16721.842,35213.957
2048,2014-03-27 08:00:00,13969.774,15211.524,19389.4,14906.816,16721.842,35213.957
2049,2014-03-27 09:00:00,13969.774,15211.524,19389.4,14906.816,16721.842,35213.957
2050,2014-03-27 10:00:00,13969.774,15211.524,19389.4,14906.816,16721.842,35213.957
2051,2014-03-27 11:00:00,13969.774,15211.524,19389.4,14906.816,16721.842,35213.957
2052,2014-03-27 12:00:00,13969.774,15211.524,19389.4,14906.816,16721.842,35213.957
2053,2014-03-27 13:00:00,13969.774,15211.524,19389.4,14906.816,16721.842,35213.957
2054,2014-03-27 14:00:00,13969.774,15211.524,19389.4,14906.816,16721.842,35213.957
2055,2014-03-27 15:00:00,13969.774,15211.524,19389.4,14906.816,16721.842,35213.957
2056,2014-03-27 16:00:00,13969.774,15211.524,19389.4,14906.816,16721.842,35213.957
2057,2014-03-27 17:00:00,13969.774,15211.524,19389.4,14906.816,16721.842,35213.957
2058,2014-03-27 18:00:00,13969.774,15211.524,19389.4,14906.816,16721.842,35213.957
2059,2014-03-27 19:00:00,13969.774,15211.524,19389.4,14906.816,16721.842,35213.957
2060,2014-03-27 20:00:00,13969.774,15211.524,19389.4,14906.816,16721.842,35213.957
2061,2014-03-27 21:00:00,13969.774,15211.524,19389.4,14906.816,16721.842,35213.957
2062,2014-03-27 22:00:00,13969.774,15211.524,19389.4,14906.816,16721.842,35213.957
2063,2014-03-27 23:00:00,13969.774,15211.524,19389.4,14906.816,16721.842,35213.957
2064,2014-03-28 00:00:00,13969.774,15211.524,19389.4,14906.816,16721.842,35213.957
2065,2014-03-28 01:00:00,13969.774,15211.524,19389.4,14906.816,16721.842,35213.957
2066,2014-03-28 02:00:00,13969.774,15211.524,19389.4,14906.816,16721.842,35213.957
2067,2014-03-28 03:00:00,13969.774,15211.524,19389.4,14906.816,16721.842,35213.957
2068,2014-03-28 04:00:00,13969.774,15211.524,19389.4,14906.816,16721.842,35213.957
2069,2014-03-28 05:00:00,13969.774,15211.524,19389.4,14906.816,16721.842,35213.957
2070,2014-03-28 06:00:00,13969.774,15211.524,19389.4,14906.816,16721.842,35213.957
2071,2014-03-28 07:00:00,13969.774,15211.524,19389.4,14906.816,16721.842,35213.957
2072,2014-03-28 08:00:00,13969.774,15211.524,19389.4,14906.816,16721.842,35213.957
2073,2014-03-28 09:00:00,13969.774,15211.524,19389.4,14906.816,16721.842,35213.957
2074,2014-03-28 10:00:00,13969.774,15211.524,19389.4,14906.816,16721.842,35213.957
2075,2014-03-28 11:00:00,13969.774,15211.524,19389.4,14906.816,16721.842,35213.957
2076,2014-03-28 12:00:00,13969.774,15211.524,19389.4,14906.816,16721.842,35213.957
2077,2014-03-28 13:00:00,13969.774,15211.524,19389.4,14906.816,16721.842,35213.957
2078,2014-03-28 14:00:00,13969.774,15211.524,19389.4,14906.816,16721.842,35213.957
2079,2014-03-28 15:00:00,13969.774,15211.524,19389.4,14906.816,16721.842,35213.957
2080,2014-03-28 16:00:00,13969.774,15211.524,19389.4,14906.816,16721.842,35213.957
2081,2014-03-28 17:00:00,13969.774,15211.524,19389.4,14906.816,16721.842,35213.957
2082,2014-03-28 18:00:00,13969.774,15211.524,19389.4,14906.816,16721.842,35213.957
2083,2014-03-28 19:00:00,13969.774,15211.524,19389.4,14906.816,16721.842,35213.957
2084,2014-03-28 20:00:00,13969.774,15211.524,19389.4,14906.816,16721.842,35213.957
2085,2014-03-28 21:00:00,13969.774,15211.524,19389.4,14906.816,16721.842,35213.957
2086,2014-03-28 22:00:00,13969.774,15211.524,19389.4,14906.816,16721.842,35213.957
2087,2014-03-28 23:00:00,13969.774,15211.524,19389.4,14906.816,16721.842,35213.957
2088,2014-03-29 00:00:00,13969.774,15211.524,19389.4,14906.816,16721.842,35213.957
2089,2014-03-29 01:00:00,13969.774,15211.524,19389.4,14906.816,16721.842,35213.957
2090,2014-03-29 02:00:00,13969.774,15211.524,19389.4,14906.816,16721.842,35213.957
2091,2014-03-29 03:00:00,13969.774,15211.524,19389.4,14906.816,16721.842,35213.957
2092,2014-03-29 04:00:00,13969.774,15211.524,19389.4,14906.816,16721.842,35213.957
2093,2014-03-29 05:00:00,13969.774,15211.524,19389.4,14906.816,16721.842,35213.957
2094,2014-03-29 06:00:00,13969.774,15211.524,19389.4,14906.816,16721.842,35213.957
2095,2014-03-29 07:00:00,13969.774,15211.524,19389.4,14906.816,16721.842,35213.957
2096,2014-03-29 08:00:00,13969.774,15211.524,19389.4,14906.816,16721.842,35213.957
2097,2014-03-29 09:00:00,13969.774,15211.524,19389.4,14906.816,16721.842,35213.957
2098,2014-03-29 10:00:00,13969.774,15211.524,19389.4,14906.816,16721.842,35213.957
2099,2014-03-29 11:00:00,13969.774,15211.524,19389.4,14906.816,16721.842,35213.957
2100,2014-03-29 12:00:00,13969.774,15211.524,19389.4,14906.816,16721.842,35213.957
2101,2014-03-29 13:00:00,13969.774,15211.524,19389.4,14906.816,16721.842,35213.957
2102,2014-03-29 14:00:00,13969.774,15211.524,19389.4,14906.816,16721.842,35213.957
2103,2014-03-29 15:00:00,13969.774,15211.524,19389.4,14906.816,16721.842,35213.957
2104,2014-03-29 16:00:00,13969.774,15211.524,19389.4,14906.816,16721.842,35213.957
2105,2014-03-29 17:00:00,13969.774,15211.524,19389.4,14906.816,16721.842,35213.957
2106,2014-03-29 18:00:00,13969.774,15211.524,19389.4,14906.816,16721.842,35213.957
2107,2014-03-29 19:00:00,13969.774,15211.524,19389.4,14906.816,16721.842,35213.957
2108,2014-03-29 20:00:00,13969.774,15211.524,19389.4,14906.816,16721.842,35213.957
2109,2014-03-29 21:00:00,13969.774,15211.524,19389.4,14906.816,16721.842,35213.957
2110,2014-03-29 22:00:00,13969.774,15211.524,19389.4,14906.816,16721.842,35213.957
2111,2014-03-29 23:00:00,13969.774,15211.524,19389.4,14906.816,16721.842,35213.957
2112,2014-03-30 00:00:00,13969.774,15211.524,19389.4,14906.816,16721.842,35213.957
2113,2014-03-30 01:00:00,13969.774,15211.524,19389.4,14906.816,16721.842,35213.957
2114,2014-03-30 02:00:00,13969.774,15211.524,19389.4,14906.816,16721.842,35213.957
2115,2014-03-30 03:00:00,13969.774,15211.524,19389.4,14906.816,16721.842,35213.957
2116,2014-03-30 04:00:00,13969.774,15211.524,19389.4,14906.816,16721.842,35213.957
2117,2014-03-30 05:00:00,13969.774,15211.524,19389.4,14906.816,16721.842,35213.957
2118,2014-03-30 06:00:00,13969.774,15211.524,19389.4,14906.816,16721.842,35213.957
2119,2014-03-30 07:00:00,13969.774,15211.524,19389.4,14906.816,16721.842,35213.957
2120,2014-03-30 08:00:00,13969.774,15211.524,19389.4,14906.816,16721.842,35213.957
2121,2014-03-30 09:00:00,13969.774,15211.524,19389.4,14906.816,16721.842,35213.957
2122,2014-03-30 10:00:00,13969.774,15211.524,19389.4,14906.816,16721.842,35213.957
2123,2014-03-30 11:00:00,13969.774,15211.524,19389.4,14906.816,16721.842,35213.957
2124,2014-03-30 12:00:00,13969.774,15211.524,19389.4,14906.816,16721.842,35213.957
2125,2014-03-30 13:00:00,13969.774,15211.524,19389.4,14906.816,16721.842,35213.957
2126,2014-03-30 14:00:00,13969.774,15211.524,19389.4,14906.816,16721.842,35213.957
2127,2014-03-30 15:00:00,13969.774,15211.524,19389.4,14906.816,16721.842,35213.957
2128,2014-03-30 16:00:00,13969.774,15211.524,19389.4,14906.816,16721.842,35213.957
2129,2014-03-30 17:00:00,13969.774,15211.524,19389.4,14906.816,16721.842,35213.957
2130,2014-03-30 18:00:00,13969.774,15211.524,19389.4,14906.816,16721.842,35213.957
2131,2014-03-30 19:00:00,13969.774,15211.524,19389.4,14906.816,16721.842,35213.957
2132,2014-03-30 20:00:00,13969.774,15211.524,19389.4,14906.816,16721.842,35213.957
2133,2014-03-30 21:00:00,13969.774,15211.524,19389.4,14906.816,16721.842,35213.957
2134,2014-03-30 22:00:00,13969.774,15211.524,19389.4,14906.816,16721.842,35213.957
2135,2014-03-30 23:00:00,13969.774,15211.524,19389.4,14906.816,16721.842,35213.957
2136,2014-03-31 00:00:00,13969.774,15211.524,19389.4,14906.816,16721.842,35213.957
2137,2014-03-31 01:00:00,13969.774,15211.524,19389.4,14906.816,16721.842,35213.957
2138,2014-03-31 02:00:00,13969.774,15211.524,19389.4,14906.816,16721.842,35213.957
2139,2014-03-31 03:00:00,13969.774,15211.524,19389.4,14906.816,16721.842,35213.957
2140,2014-03-31 04:00:00,13969.774,15211.524,19389.4,14906.816,16721.842,35213.957
2141,2014-03-31 05:00:00,13969.774,15211.524,19389.4,14906.816,16721.842,35213.957
2142,2014-03-31 06:00:00,13969.774,15211.524,19389.4,14906.816,16721.842,35213.957
2143,2014-03-31 07:00:00,13969.774,15211.524,19389.4,14906.816,16721.842,35213.957
2144,2014-03-31 08:00:00,13969.774,15211.524,19389.4,14906.816,16721.842,35213.957
2145,2014-03-31 09:00:00,13969.774,15211.524,19389.4,14906.816,16721.842,35213.957
2146,2014-03-31 10:00:00,13969.774,15211.524,19389.4,14906.816,16721.842,35213.957
2147,2014-03-31 11:00:00,13969.774,15211.524,19389.4,14906.816,16721.842,35213.957
2148,2014-03-31 12:00:00,13969.774,15211.524,19389.4,14906.816,16721.842,35213.957
2149,2014-03-31 13:00:00,13969.774,15211.524,19389.4,14906.816,16721.842,35213.957
2150,2014-03-31 14:00:00,13969.774,15211.524,19389.4,14906.816,16721.842,35213.957
2151,2014-03-31 15:00:00,13969.774,15211.524,19389.4,14906.816,16721.842,35213.957
2152,2014-03-31 16:00:00,13969.774,15211.524,19389.4,14906.816,16721.842,35213.957
2153,2014-03-31 17:00:00,13969.774,15211.524,19389.4,14906.816,16721.842,35213.957
2154,2014-03-31 18:00:00,13969.774,15211.524,19389.4,14906.816,16721.842,35213.957
2155,2014-03-31 19:00:00,13969.774,15211.524,19389.4,14906.816,16721.842,35213.957
2156,2014-03-31 20:00:00,13969.774,15211.524,19389.4,14906.816,16721.842,35213.957
2157,2014-03-31 21:00:00,13969.774,15211.524,19389.4,14906.816,16721.842,35213.957
2158,2014-03-31 22:00:00,13969.774,15211.524,19389.4,14906.816,16721.842,35213.957
2159,2014-03-31 23:00:00,13969.774,15211.524,19389.4,14906.816,16721.842,35213.957
2160,2014-04-01 00:00:00,13969.774,15211.524,19389.4,14906.816,16721.842,35213.957
2161,2014-04-01 01:00:00,13969.774,15211.524,19389.4,14906.816,16721.842,35213.957
2162,2014-04-01 02:00:00,13969.774,15211.524,19389.4,14906.816,16721.842,35213.957
2163,2014-04-01 03:00:00,13969.774,15211.524,19389.4,14906.816,16721.842,35213.957
2164,2014-04-01 04:00:00,13969.774,15211.524,19389.4,14906.816,16721.842,35213.957
2165,2014-04-01 05:00:00,13969.774,15211.524,19389.4,14906.816,16721.842,35213.957
2166,2014-04-01 06:00:00,13969.774,15211.524,19389.4,14906.816,16721.842,35213.957
2167,2014-04-01 07:00:00,13969.774,15211.524,19389.4,14906.816,16721.842,35213.957
2168,2014-04-01 08:00:00,13969.774,15211.524,19389.4,14906.816,16721.842,35213.957
2169,2014-04-01 09:00:00,13969.774,15211.524,19389.4,14906.816,16721.842,35213.957
2170,2014-04-01 10:00:00,13969.774,15211.524,19389.4,14906.816,16721.842,35213.957
2171,2014-04-01 11:00:00,13969.774,15211.524,19389.4,14906.816,16721.842,35213.957
2172,2014-04-01 12:00:00,13969.774,15211.524,19389.4,14906.816,16721.842,35213.957
2173,2014-04-01 13:00:00,13969.774,15211.524,19389.4,14906.816,16721.842,35213.957
2174,2014-04-01 14:00:00,13969.774,15211.524,19389.4,14906.816,16721.842,35213.957
2175,2014-04-01 15:00:00,13969.774,15211.524,19389.4,14906.816,16721.842,35213.957
2176,2014-04-01 16:00:00,13969.774,15211.524,19389.4,14906.816,16721.842,35213.957
2177,2014-04-01 17:00:00,13969.774,15211.524,19389.4,14906.816,16721.842,35213.957
2178,2014-04-01 18:00:00,13969.774,15211.524,19389.4,14906.816,16721.842,35213.957
2179,2014-04-01 19:00:00,13969.774,15211.524,19389.4,14906.816,16721.842,35213.957
2180,2014-04-01 20:00:00,13969.774,15211.524,19389.4,14906.816,16721.842,35213.957
2181,2014-04-01 21:00:00,13969.774,15211.524,19389.4,14906.816,16721.842,35213.957
2182,2014-04-01 22:00:00,13969.774,15211.524,19389.4,14906.816,16721.842,35213.957
2183,2014-04-01 23:00:00,13969.774,15211.524,19389.4,14906.816,16721.842,35213.957
2184,2014-04-02 00:00:00,13969.774,15211.524,19389.4,14906.816,16721.842,35213.957
2185,2014-04-02 01:00:00,13969.774,15211.524,19389.4,14906.816,16721.842,35213.957
2186,2014-04-02 02:00:00,13969.774,15211.524,19389.4,14906.816,16721.842,35213.957
2187,2014-04-02 03:00:00,13969.774,15211.524,19389.4,14906.816,16721.842,35213.957
2188,2014-04-02 04:00:00,13969.774,15211.524,19389.4,14906.816,16721.842,35213.957
2189,2014-04-02 05:00:00,13969.774,15211.524,19389.4,14906.816,16721.842,35213.957
2190,2014-04-02 06:00:00,13969.774,15211.524,19389.4,14906.816,16721.842,35213.957
2191,2014-04-02 07:00:00,13969.774,15211.524,19389.4,14906.816,16721.842,35213.957
2192,2014-04-02 08:00:00,13969.774,15211.524,19389.4,14906.816,16721.842,35213.957
2193,2014-04-02 09:00:00,13969.774,15211.524,19389.4,14906.816,16721.842,35213.957
2194,2014-04-02 10:00:00,13969.774,15211.524,19389.4,14906.816,16721.842,35213.957
2195,2014-04-02 11:00:00,13969.774,15211.524,19389.4,14906.816,16721.842,35213.957
2196,2014-04-02 12:00:00,13969.774,15211.524,19389.4,14906.816,16721.842,35213.957
2197,2014-04-02 13:00:00,13969.774,15211.524,19389.4,14906.816,16721.842,35213.957
2198,2014-04-02 14:00:00,13969.774,15211.524,19389.4,14906.816,16721.842,35213.957
2199,2014-04-02 15:00:00,13969.774,15211.524,19389.4,14906.816,16721.842,35213.957
2200,2014-04-02 16:00:00,13969.774,15211.524,19389.4,14906.816,16721.842,35213.957
2201,2014-04-02 17:00:00,13969.774,15211.524,19389.4,14906.816,16721.842,35213.957
2202,2014-04-02 18:00:00,13969.774,15211.524,19389.4,14906.816,16721.842,35213.957
2203,2014-04-02 19:00:00,13969.774,15211.524,19389.4,14906.816,16721.842,35213.957
2204,2014-04-02 20:00:00,13969.774,15211.524,19389.4,14906.816,16721.842,35213.957
2205,2014-04-02 21:00:00,13969.774,15211.524,19389.4,14906.816,16721.842,35213.957
2206,2014-04-02 22:00:00,13969.774,15211.524,19389.4,14906.816,16721.842,35213.957
2207,2014-04-02 23:00:00,13969.774,15211.524,19389.4,14906.816,16721.842,35213.957
2208,2014-04-03 00:00:00,13969.774,15211.524,19389.4,14906.816,16721.842,35213.957
2209,2014-04-03 01:00:00,13969.774,15211.524,19389.4,14906.816,16721.842,35213.957
2210,2014-04-03 02:00:00,13969.774,15211.524,19389.4,14906.816,16721.842,35213.957
2211,2014-04-03 03:00:00,13969.774,15211.524,19389.4,14906.816,16721.842,35213.957
2212,2014-04-03 04:00:00,13969.774,15211.524,19389.4,14906.816,16721.842,35213.957
2213,2014-04-03 05:00:00,13969.774,15211.524,19389.4,14906.816,16721.842,35213.957
2214,2014-04-03 06:00:00,13969.774,15211.524,19389.4,14906.816,16721.842,35213.957
2215,2014-04-03 07:00:00,13969.774,15211.524,19389.4,14906.816,16721.842,35213.957
2216,2014-04-03 08:00:00,13969.774,15211.524,19389.4,14906.816,16721.842,35213.957
2217,2014-04-03 09:00:00,13969.774,15211.524,19389.4,14906.816,16721.842,35213.957
2218,2014-04-03 10:00:00,13969.774,15211.524,19389.4,14906.816,16721.842,35213.957
2219,2014-04-03 11:00:00,13969.774,15211.524,19389.4,14906.816,16721.842,35213.957
2220,2014-04-03 12:00:00,13969.774,15211.524,19389.4,14906.816,16721.842,35213.957
2221,2014-04-03 13:00:00,13969.774,15211.524,19389.4,14906.816,16721.842,35213.957
2222,2014-04-03 14:00:00,13969.774,15211.524,19389.4,14906.816,16721.842,35213.957
2223,2014-04-03 15:00:00,13969.774,15211.524,19389.4,14906.816,16721.842,35213.957
2224,2014-04-03 16:00:00,13969.774,15211.524,19389.4,14906.816,16721.842,35213.957
2225,2014-04-03 17:00:00,13969.774,15211.524,19389.4,14906.816,16721.842,35213.957
2226,2014-04-03 18:00:00,13969.774,15211.524,19389.4,14906.816,16721.842,35213.957
2227,2014-04-03 19:00:00,13969.774,15211.524,19389.4,14906.816,16721.842,35213.957
2228,2014-04-03 20:00:00,13969.774,15211.524,19389.4,14906.816,16721.842,35213.957
2229,2014-04-03 21:00:00,13969.774,15211.524,19389.4,14906.816,16721.842,35213.957
2230,2014-04-03 22:00:00,13969.774,15211.524,19389.4,14906.816,16721.842,35213.957
2231,2014-04-03 23:00:00,13969.774,15211.524,19389.4,14906.816,16721.842,35213.957
2232,2014-04-04 00:00:00,13969.774,15211.524,19389.4,14906.816,16721.842,35213.957
2233,2014-04-04 01:00:00,13969.774,15211.524,19389.4,14906.816,16721.842,35213.957
2234,2014-04-04 02:00:00,13969.774,15211.524,19389.4,14906.816,16721.842,35213.957
2235,2014-04-04 03:00:00,13969.774,15211.524,19389.4,14906.816,16721.842,35213.957
2236,2014-04-04 04:00:00,13969.774,15211.524,19389.4,14906.816,16721.842,35213.957
2237,2014-04-04 05:00:00,13969.774,15211.524,19389.4,14906.816,16721.842,35213.957
2238,2014-04-04 06:00:00,13969.774,15211.524,19389.4,14906.816,16721.842,35213.957
2239,2014-04-04 07:00:00,13969.774,15211.524,19389.4,14906.816,16721.842,35213.957
2240,2014-04-04 08:00:00,13969.774,15211.524,19389.4,14906.816,16721.842,35213.957
2241,2014-04-04 09:00:00,13969.774,15211.524,19389.4,14906.816,16721.842,35213.957
2242,2014-04-04 10:00:00,13969.774,15211.524,19389.4,14906.816,16721.842,35213.957
2243,2014-04-04 11:00:00,13969.774,15211.524,19389.4,14906.816,16721.842,35213.957
2244,2014-04-04 12:00:00,13969.774,15211.524,19389.4,14906.816,16721.842,35213.957
2245,2014-04-04 13:00:00,13969.774,15211.524,19389.4,14906.816,16721.842,35213.957
2246,2014-04-04 14:00:00,13969.774,15211.524,19389.4,14906.816,16721.842,35213.957
2247,2014-04-04 15:00:00,13969.774,15211.524,19389.4,14906.816,16721.842,35213.957
2248,2014-04-04 16:00:00,13969.774,15211.524,19389.4,14906.816,16721.842,35213.957
2249,2014-04-04 17:00:00,13969.774,15211.524,19389.4,14906.816,16721.842,35213.957
2250,2014-04-04 18:00:00,13969.774,15211.524,19389.4,14906.816,16721.842,35213.957
2251,2014-04-04 19:00:00,13969.774,15211.524,19389.4,14906.816,16721.842,35213.957
2252,2014-04-04 20:00:00,13969.774,15211.524,19389.4,14906.816,16721.842,35213.957
2253,2014-04-04 21:00:00,13969.774,15211.524,19389.4,14906.816,16721.842,35213.957
2254,2014-04-04 22:00:00,13969.774,15211.524,19389.4,14906.816,16721.842,35213.957
2255,2014-04-04 23:00:00,13969.774,15211.524,19389.4,14906.816,16721.842,35213.957
2256,2014-04-05 00:00:00,13969.774,15211.524,19389.4,14906.816,16721.842,35213.957
2257,2014-04-05 01:00:00,13969.774,15211.524,19389.4,14906.816,16721.842,35213.957
2258,2014-04-05 02:00:00,13969.774,15211.524,19389.4,14906.816,16721.842,35213.957
2259,2014-04-05 03:00:00,13969.774,15211.524,19389.4,14906.816,16721.842,35213.957
2260,2014-04-05 04:00:00,13969.774,15211.524,19389.4,14906.816,16721.842,35213.957
2261,2014-04-05 05:00:00,13969.774,15211.524,19389.4,14906.816,16721.842,35213.957
2262,2014-04-05 06:00:00,13969.774,15211.524,19389.4,14906.816,16721.842,35213.957
2263,2014-04-05 07:00:00,13969.774,15211.524,19389.4,14906.816,16721.842,35213.957
2264,2014-04-05 08:00:00,13969.774,15211.524,19389.4,14906.816,16721.842,35213.957
2265,2014-04-05 09:00:00,13969.774,15211.524,19389.4,14906.816,16721.842,35213.957
2266,2014-04-05 10:00:00,13969.774,15211.524,19389.4,14906.816,16721.842,35213.957
2267,2014-04-05 11:00:00,13969.774,15211.524,19389.4,14906.816,16721.842,35213.957
2268,2014-04-05 12:00:00,13969.774,15211.524,19389.4,14906.816,16721.842,35213.957
2269,2014-04-05 13:00:00,13969.774,15211.524,19389.4,14906.816,16721.842,35213.957
2270,2014-04-05 14:00:00,13969.774,15211.524,19389.4,14906.816,16721.842,35213.957
2271,2014-04-05 15:00:00,13969.774,15211.524,19389.4,14906.816,16721.842,35213.957
2272,2014-04-05 16:00:00,13969.774,15211.524,19389.4,14906.816,16721.842,35213.957
2273,2014-04-05 17:00:00,13969.774,15211.524,19389.4,14906.816,16721.842,35213.957
2274,2014-04-05 18:00:00,13969.774,15211.524,19389.4,14906.816,16722.5,35213.957
2275,2014-04-05 19:00:00,13969.774,15211.524,19389.4,14906.816,16722.777,35213.957
2276,2014-04-05 20:00:00,13969.774,15211.524,19389.4,14906.816,16721.842,35213.957
2277,2014-04-05 21:00:00,13969.774,15211.524,19389.4,14906.816,16721.842,35213.957
2278,2014-04-05 22:00:00,13969.774,15211.524,19389.4,14906.816,16721.842,35213.957
2279,2014-04-05 23:00:00,13969.774,15211.524,19389.4,14906.816,16721.842,35213.957
2280,2014-04-06 00:00:00,13969.774,15211.524,19389.4,14906.816,16722.777,35213.957
2281,2014-04-06 01:00:00,13969.774,15211.524,19389.4,14906.816,16722.777,35213.957
2282,2014-04-06 02:00:00,13969.774,15211.524,19389.4,14906.816,16722.777,35213.957
2283,2014-04-06 03:00:00,13969.774,15211.524,19389.4,14906.816,16722.777,35213.957
2284,2014-04-06 04:00:00,13969.774,15211.524,19389.4,14906.816,16722.777,35213.957
2285,2014-04-06 05:00:00,13969.774,15211.524,19389.4,14906.816,16722.777,35213.957
2286,2014-04-06 06:00:00,13969.774,15211.72,19389.4,14906.816,16722.777,35213.957
2287,2014-04-06 07:00:00,13969.774,15212.867,19389.4,14907.335,16725.174,35213.957
2288,2014-04-06 08:00:00,13970.539,15213.009,19389.4,14908.016,16725.457,35215.293
2289,2014-04-06 09:00:00,13971.57,15213.387,19389.4,14908.537,16725.521,35215.293
2290,2014-04-06 10:00:00,13972.31,15213.7295,19390.238,14909.111,16725.752,35215.293
2291,2014-04-06 11:00:00,13972.391,15214.912,19390.738,14909.868,16725.752,35215.93
2292,2014-04-06 12:00:00,13973.174,15215.802,19390.738,14911.011,16726.064,35216.1
2293,2014-04-06 13:00:00,13973.635,15218.035,19391.94,14912.816,16727.34,35217.88
2294,2014-04-06 14:00:00,13976.312,15219.235,19392.15,14915.536,16727.34,35220.49
2295,2014-04-06 15:00:00,13977.17,15220.59,19394.662,14916.226,16727.34,35221.32
2296,2014-04-06 16:00:00,13978.074,15221.477,19396.266,14917.391,16727.34,35221.32
2297,2014-04-06 17:00:00,13978.232,15221.829,19396.883,14917.799,16727.34,35221.32
2298,2014-04-06 18:00:00,13969.774,15211.524,19389.4,14906.816,16722.777,35213.957
2299,2014-04-06 19:00:00,13969.774,15211.524,19389.4,14906.816,16722.777,35213.957
2300,2014-04-06 20:00:00,13969.774,15211.524,19389.4,14906.816,16722.777,35213.957
2301,2014-04-06 21:00:00,13969.774,15211.524,19389.4,14906.816,16722.777,35213.957
2302,2014-04-06 22:00:00,13969.774,15211.524,19389.4,14906.816,16722.777,35213.957
2303,2014-04-06 23:00:00,13969.774,15211.524,19389.4,14906.816,16722.777,35213.957
2304,2014-04-07 00:00:00,13978.836,15223.351,19399.215,14919.429,16727.395,35221.688
2305,2014-04-07 01:00:00,13979.461,15223.442,19400.902,14920.226,16727.395,35222.215
2306,2014-04-07 02:00:00,13979.671,15224.563,19402.57,14920.616,16730.203,35222.54
2307,2014-04-07 03:00:00,13981.23,15226.973,19404.676,14922.062,16730.984,35225.145
2308,2014-04-07 04:00:00,13981.935,15227.461,19404.676,14923.103,16730.984,35226.586
2309,2014-04-07 05:00:00,13981.992,15227.641,19404.676,14923.428,16730.984,35226.586
2310,2014-04-07 06:00:00,13982.154,15227.641,19404.69,14923.476,16730.984,35226.586
2311,2014-04-07 07:00:00,13982.154,15227.92,19404.69,14923.606,16731.367,35226.586
2312,2014-04-07 08:00:00,13982.154,15228.36,19404.69,14923.699,16731.367,35226.586
2313,2014-04-07 09:00:00,13982.154,15228.36,19404.69,14923.699,16731.367,35226.586
2314,2014-04-07 10:00:00,13982.154,15228.36,19404.69,14923.699,16731.367,35226.586
2315,2014-04-07 11:00:00,13982.154,15228.36,19404.69,14923.699,16731.367,35226.586
2316,2014-04-07 12:00:00,13982.154,15228.36,19404.69,14923.699,16731.367,35226.586
2317,2014-04-07 13:00:00,13982.154,15228.36,19404.69,14923.699,16731.367,35226.586
2318,2014-04-07 14:00:00,13982.154,15228.36,19404.69,14923.699,16731.367,35226.586
2319,2014-04-07 15:00:00,13982.154,15228.36,19404.69,14923.699,16731.367,35226.586
2320,2014-04-07 16:00:00,13982.154,15228.36,19404.69,14923.699,16731.367,35226.586
2321,2014-04-07 17:00:00,13982.154,15228.36,19404.69,14923.699,16731.367,35226.586
2322,2014-04-07 18:00:00,13982.154,15228.36,19404.69,14923.699,16731.367,35226.586
2323,2014-04-07 19:00:00,13982.154,15228.36,19404.69,14923.699,16731.367,35226.586
2324,2014-04-07 20:00:00,13982.154,15228.36,19404.69,14923.699,16731.367,35226.586
2325,2014-04-07 21:00:00,13982.154,15228.36,19404.69,14923.699,16731.367,35226.586
2326,2014-04-07 22:00:00,13982.154,15228.36,19404.69,14923.699,16731.367,35226.586
2327,2014-04-07 23:00:00,13982.154,15228.36,19404.69,14923.699,16731.367,35226.586
2328,2014-04-08 00:00:00,13982.154,15228.36,19404.69,14923.699,16731.367,35226.586
2329,2014-04-08 01:00:00,13982.154,15228.36,19404.69,14923.699,16731.367,35226.586
2330,2014-04-08 02:00:00,13982.154,15228.36,19404.69,14923.699,16731.367,35226.586
2331,2014-04-08 03:00:00,13982.154,15228.36,19404.69,14923.699,16731.367,35226.586
2332,2014-04-08 04:00:00,13982.154,15228.714,19404.69,14923.699,16731.58,35226.586
2333,2014-04-08 05:00:00,13982.154,15230.031,19404.69,14923.699,16731.602,35226.586
2334,2014-04-08 06:00:00,13982.154,15230.783,19404.69,14923.699,16731.602,35226.586
2335,2014-04-08 07:00:00,13982.196,15231.768,19404.69,14923.699,16731.855,35226.586
2336,2014-04-08 08:00:00,13982.372,15234.001,19404.69,14923.699,16732.312,35226.586
2337,2014-04-08 09:00:00,13982.524,15235.687,19404.924,14924.24,16732.312,35226.586
2338,2014-04-08 10:00:00,13982.852,15238.172,19404.924,14925.422,16733.3,35226.586
2339,2014-04-08 11:00:00,13983.707,15240.893,19404.924,14927.386,16734.775,35226.586
2340,2014-04-08 12:00:00,13984.508,15243.026,19404.924,14928.987,16735.291,35226.586
2341,2014-04-08 13:00:00,13985.648,15245.131,19404.924,14932.0,16735.291,35228.09
2342,2014-04-08 14:00:00,13987.162,15246.897,19404.924,14933.92,16735.291,35228.69
2343,2014-04-08 15:00:00,13988.8955,15247.576,19404.924,14935.043,16735.291,35228.69
2344,2014-04-08 16:00:00,13989.295,15247.593,19404.924,14935.718,16735.291,35228.69
2345,2014-04-08 17:00:00,13989.295,15247.593,19404.924,14936.222,16735.291,35228.69
2346,2014-04-08 18:00:00,13989.295,15247.593,19404.924,14936.927,16735.291,35228.69
2347,2014-04-08 19:00:00,13989.295,15247.593,19404.924,14936.927,16735.291,35228.69
2348,2014-04-08 20:00:00,13989.295,15247.593,19404.924,14936.927,16735.291,35228.69
2349,2014-04-08 21:00:00,13989.295,15247.846,19404.924,14937.543,16735.8,35228.69
2350,2014-04-08 22:00:00,13989.365,15248.525,19404.924,14938.223,16736.602,35228.69
2351,2014-04-08 23:00:00,13989.448,15249.135,19404.924,14938.832,16736.912,35228.69
2352,2014-04-09 00:00:00,13989.794,15249.998,19404.924,14939.431,16736.912,35228.69
2353,2014-04-09 01:00:00,13989.88,15250.727,19404.924,14940.159,16737.186,35228.69
2354,2014-04-09 02:00:00,13990.346,15251.414,19404.924,14940.782,16738.08,35228.69
2355,2014-04-09 03:00:00,13990.506,15251.945,19404.924,14940.786,16738.518,35228.69
2356,2014-04-09 04:00:00,13990.878,15251.945,19404.924,14940.786,16738.775,35228.69
2357,2014-04-09 05:00:00,13990.878,15252.114,19404.924,14940.786,16739.023,35228.69
2358,2014-04-09 06:00:00,13990.878,15252.114,19404.924,14940.786,16739.023,35228.69
2359,2014-04-09 07:00:00,13990.878,15252.114,19404.924,14940.786,16739.023,35228.69
2360,2014-04-09 08:00:00,13990.878,15252.114,19404.924,14940.786,16739.023,35228.69
2361,2014-04-09 09:00:00,13990.878,15252.114,19404.924,14940.786,16739.023,35228.69
2362,2014-04-09 10:00:00,13990.878,15252.114,19404.924,14940.786,16739.023,35228.69
2363,2014-04-09 11:00:00,13990.878,15252.114,19404.924,14940.786,16739.023,35228.69
2364,2014-04-09 12:00:00,13990.878,15252.114,19404.924,14940.786,16739.023,35228.69
2365,2014-04-09 13:00:00,13990.878,15252.114,19404.924,14940.786,16739.023,35228.69
2366,2014-04-09 14:00:00,13990.878,15252.114,19404.924,14940.786,16739.023,35228.69
2367,2014-04-09 15:00:00,13990.878,15252.114,19404.924,14940.786,16739.023,35228.69
2368,2014-04-09 16:00:00,13990.878,15252.114,19404.924,14940.786,16739.023,35228.69
2369,2014-04-09 17:00:00,13990.878,15252.114,19404.924,14940.786,16739.023,35228.69
2370,2014-04-09 18:00:00,13990.878,15252.114,19404.924,14940.786,16739.023,35228.69
2371,2014-04-09 19:00:00,13990.878,15252.114,19404.924,14940.786,16739.023,35228.69
2372,2014-04-09 20:00:00,13990.878,15252.114,19404.924,14940.786,16739.023,35228.69
2373,2014-04-09 21:00:00,13990.878,15252.114,19404.924,14940.786,16739.023,35228.69
2374,2014-04-09 22:00:00,13990.878,15252.114,19404.924,14940.786,16739.023,35228.69
2375,2014-04-09 23:00:00,13990.878,15252.114,19404.924,14940.786,16739.023,35228.69
2376,2014-04-10 00:00:00,13990.878,15252.114,19404.924,14940.786,16739.023,35228.69
2377,2014-04-10 01:00:00,13990.878,15252.114,19404.924,14940.786,16739.023,35228.69
2378,2014-04-10 02:00:00,13990.878,15252.311,19404.924,14940.786,16739.023,35228.69
2379,2014-04-10 03:00:00,13990.892,15253.173,19404.924,14941.074,16739.023,35228.69
2380,2014-04-10 04:00:00,13991.663,15254.721,19404.924,14942.431,16739.023,35229.844
2381,2014-04-10 05:00:00,13992.4795,15256.882,19405.793,14944.063,16739.023,35229.844
2382,2014-04-10 06:00:00,13993.694,15259.048,19406.65,14945.744,16739.023,35229.844
2383,2014-04-10 07:00:00,13995.124,15261.111,19408.412,14946.625,16739.023,35229.844
2384,2014-04-10 08:00:00,13996.037,15264.279,19409.545,14948.166,16739.678,35230.848
2385,2014-04-10 09:00:00,13998.973,15267.668,19410.72,14951.11,16739.678,35233.418
2386,2014-04-10 10:00:00,14000.532,15268.462,19412.941,14952.231,16739.854,35234.73
2387,2014-04-10 11:00:00,14001.346,15268.841,19415.357,14953.814,16739.854,35234.73
2388,2014-04-10 12:00:00,14001.346,15269.338,19416.334,14954.3545,16739.854,35235.02
2389,2014-04-10 13:00:00,14001.346,15269.516,19417.338,14955.108,16740.053,35235.95
2390,2014-04-10 14:00:00,14001.346,15269.757,19417.916,14955.465,16740.408,35238.082
2391,2014-04-10 15:00:00,14001.346,15269.757,19418.33,14955.583,16740.408,35238.195
2392,2014-04-10 16:00:00,14001.346,15269.757,19418.33,14955.583,16740.408,35238.395
2393,2014-04-10 17:00:00,14001.346,15269.791,19418.441,14955.583,16740.408,35239.043
2394,2014-04-10 18:00:00,14001.346,15269.791,19418.494,14955.642,16740.408,35239.188
2395,2014-04-10 19:00:00,14001.555,15269.811,19418.527,14955.657,16740.527,35239.984
2396,2014-04-10 20:00:00,14001.693,15269.811,19419.129,14955.657,16740.594,35240.76
2397,2014-04-10 21:00:00,14001.802,15269.822,19419.889,14955.994,16740.67,35241.508
2398,2014-04-10 22:00:00,14002.119,15269.888,19422.5,14956.197,16740.746,35243.777
2399,2014-04-10 23:00:00,14002.623,15272.965,19423.246,14957.6,16740.746,35245.035
2400,2014-04-11 00:00:00,14005.777,15280.159,19434.203,14965.527,16752.65,35260.86
2401,2014-04-11 01:00:00,14005.777,15280.276,19435.125,14965.643,16753.58,35262.37
2402,2014-04-11 02:00:00,14005.777,15280.276,19435.125,14965.643,16753.58,35262.637
2403,2014-04-11 03:00:00,14005.777,15280.648,19435.125,14965.643,16753.58,35262.637
2404,2014-04-11 04:00:00,14005.816,15280.828,19435.125,14965.643,16753.58,35263.027
2405,2014-04-11 05:00:00,14005.816,15280.828,19435.125,14965.643,16753.58,35263.027
2406,2014-04-11 06:00:00,14005.816,15280.828,19435.125,14965.643,16753.725,35263.297
2407,2014-04-11 07:00:00,14005.861,15280.828,19435.125,14965.643,16753.725,35263.656
2408,2014-04-11 08:00:00,14005.861,15280.828,19435.172,14965.643,16753.725,35263.855
2409,2014-04-11 09:00:00,14005.861,15280.828,19435.172,14965.643,16753.725,35263.855
2410,2014-04-11 10:00:00,14005.861,15280.828,19435.172,14965.643,16753.725,35263.855
2411,2014-04-11 11:00:00,14005.861,15280.828,19435.172,14965.643,16753.725,35263.855
2412,2014-04-11 12:00:00,14003.035,15274.539,19425.3,14960.346,16740.947,35246.953
2413,2014-04-11 13:00:00,14003.248,15274.742,19425.508,14961.152,16741.453,35247.594
2414,2014-04-11 14:00:00,14003.248,15275.323,19425.701,14961.38,16742.102,35249.727
2415,2014-04-11 15:00:00,14003.248,15275.368,19426.852,14961.552,16742.525,35251.355
2416,2014-04-11 16:00:00,14003.248,15275.368,19428.084,14961.552,16743.8,35252.457
2417,2014-04-11 17:00:00,14003.358,15276.771,19428.621,14962.634,16745.295,35253.973
2418,2014-04-11 18:00:00,14003.889,15278.69,19430.678,14964.1455,16748.875,35255.32
2419,2014-04-11 19:00:00,14005.143,15278.709,19433.205,14964.378,16750.385,35258.89
2420,2014-04-11 20:00:00,14005.746,15279.923,19433.205,14965.527,16751.35,35259.855
2421,2014-04-11 21:00:00,14005.777,15280.159,19434.1,14965.527,16751.951,35260.49
2422,2014-04-11 22:00:00,14005.861,15280.828,19435.172,14965.643,16753.725,35263.72
2423,2014-04-11 23:00:00,14005.861,15280.828,19435.172,14965.643,16753.725,35263.855
2424,2014-04-12 00:00:00,14005.861,15280.828,19435.172,14965.643,16753.725,35265.086
2425,2014-04-12 01:00:00,14005.861,15280.828,19435.172,14965.926,16753.725,35267.46
2426,2014-04-12 02:00:00,14006.218,15280.828,19435.172,14966.362,16753.725,35267.46
2427,2014-04-12 03:00:00,14007.117,15280.828,19435.172,14966.854,16753.725,35267.46
2428,2014-04-12 04:00:00,14007.914,15280.828,19435.172,14966.854,16753.725,35267.46
2429,2014-04-12 05:00:00,14008.804,15280.989,19435.172,14967.757,16753.725,35267.97
2430,2014-04-12 06:00:00,14009.736,15281.922,19435.855,14969.467,16753.725,35271.086
2431,2014-04-12 07:00:00,14010.451,15283.607,19437.455,14970.96,16753.725,35273.64
2432,2014-04-12 08:00:00,14012.439,15286.829,19442.775,14973.091,16754.111,35275.414
2433,2014-04-12 09:00:00,14013.106,15287.563,19445.53,14973.828,16754.984,35277.11
2434,2014-04-12 10:00:00,14013.896,15288.554,19448.857,14974.963,16755.588,35280.27
2435,2014-04-12 11:00:00,14014.691,15289.814,19452.037,14975.826,16757.154,35282.63
2436,2014-04-12 12:00:00,14015.278,15289.867,19454.121,14975.918,16758.521,35285.168
2437,2014-04-12 13:00:00,14016.206,15291.4,19458.008,14976.534,16758.918,35288.47
2438,2014-04-12 14:00:00,14017.833,15292.49,19460.246,14978.194,16759.475,35289.664
2439,2014-04-12 15:00:00,14018.752,15293.94,19463.09,14979.274,16760.0,35293.234
2440,2014-04-12 16:00:00,14019.499,15296.26,19464.67,14982.532,16760.35,35296.52
2441,2014-04-12 17:00:00,14021.143,15298.164,19466.754,14983.349,16761.193,35298.746
2442,2014-04-12 18:00:00,14021.412,15299.46,19468.393,14984.814,16761.227,35300.062
2443,2014-04-12 19:00:00,14022.029,15300.067,19470.484,14985.3,16761.791,35302.13
2444,2014-04-12 20:00:00,14011.428,15284.803,19438.148,14971.643,16753.725,35273.773
2445,2014-04-12 21:00:00,14012.225,15286.141,19440.021,14972.402,16753.725,35275.15
2446,2014-04-12 22:00:00,14019.245,15294.222,19464.469,14980.372,16760.35,35295.85
2447,2014-04-12 23:00:00,14019.245,15294.768,19464.469,14981.399,16760.35,35295.85
2448,2014-04-13 00:00:00,14022.698,15303.884,19483.018,14992.734,16763.77,35313.03
2449,2014-04-13 01:00:00,14023.227,15305.07,19484.645,14994.911,16764.879,35316.316
2450,2014-04-13 02:00:00,14023.597,15305.551,19484.682,14995.176,16766.025,35317.176
2451,2014-04-13 03:00:00,14023.757,15305.741,19486.152,14995.334,16766.176,35319.51
2452,2014-04-13 04:00:00,14023.851,15306.643,19486.305,14995.65,16767.457,35320.875
2453,2014-04-13 05:00:00,14024.69,15308.022,19488.262,14995.955,16767.686,35324.97
2454,2014-04-13 06:00:00,14026.885,15308.619,19489.492,14996.599,16768.482,35328.66
2455,2014-04-13 07:00:00,14028.368,15308.619,19493.29,14997.855,16768.66,35335.023
2456,2014-04-13 08:00:00,14030.042,15308.764,19494.26,14998.647,16770.22,35339.73
2457,2014-04-13 09:00:00,14030.217,15308.906,19494.807,14998.706,16771.826,35342.543
2458,2014-04-13 10:00:00,14030.765,15309.83,19495.49,14999.8955,16772.432,35345.008
2459,2014-04-13 11:00:00,14031.198,15310.424,19496.662,15000.009,16773.324,35348.086
2460,2014-04-13 12:00:00,14032.291,15310.995,19500.158,15000.424,16773.984,35352.824
2461,2014-04-13 13:00:00,14032.53,15311.546,19500.205,15001.55,16778.244,35354.203
2462,2014-04-13 14:00:00,14032.745,15312.49,19500.98,15002.395,16779.57,35356.43
2463,2014-04-13 15:00:00,14034.594,15313.192,19504.0,15002.7,16780.36,35360.01
2464,2014-04-13 16:00:00,14035.414,15313.916,19506.924,15004.255,16781.463,35362.773
2465,2014-04-13 17:00:00,14035.799,15314.006,19507.102,15004.871,16782.404,35363.64
2466,2014-04-13 18:00:00,14036.995,15314.049,19507.102,15005.686,16782.934,35364.3
2467,2014-04-13 19:00:00,14037.768,15314.049,19507.797,15006.054,16783.166,35366.324
2468,2014-04-13 20:00:00,14038.799,15314.306,19508.486,15006.384,16783.166,35367.02
2469,2014-04-13 21:00:00,14022.181,15300.591,19472.318,14985.991,16762.227,35304.414
2470,2014-04-13 22:00:00,14022.396,15301.526,19475.393,14987.541,16762.947,35307.312
2471,2014-04-13 23:00:00,14022.566,15302.597,19478.287,14989.499,16763.096,35310.684
2472,2014-04-14 00:00:00,14040.546,15314.335,19509.252,15006.384,16783.814,35368.465
2473,2014-04-14 01:00:00,14041.578,15315.913,19509.414,15006.454,16784.49,35370.45
2474,2014-04-14 02:00:00,14043.0,15316.042,19509.652,15006.49,16784.49,35373.586
2475,2014-04-14 03:00:00,14044.013,15316.21,19509.906,15007.084,16785.025,35376.51
2476,2014-04-14 04:00:00,14046.473,15316.722,19509.906,15007.552,16785.451,35379.54
2477,2014-04-14 05:00:00,14048.235,15316.801,19509.906,15007.671,16785.572,35382.69
2478,2014-04-14 06:00:00,14049.006,15316.801,19509.906,15007.671,16785.572,35385.227
2479,2014-04-14 07:00:00,14049.538,15316.87,19509.906,15007.671,16785.664,35385.227
2480,2014-04-14 08:00:00,14049.538,15316.87,19509.906,15007.671,16785.664,35388.133
2481,2014-04-14 09:00:00,14049.567,15317.074,19509.906,15007.671,16786.055,35395.094
2482,2014-04-14 10:00:00,14049.567,15317.1,19509.906,15008.069,16786.312,35395.91
2483,2014-04-14 11:00:00,14049.778,15317.197,19510.055,15008.128,16786.78,35395.91
2484,2014-04-14 12:00:00,14049.778,15317.197,19510.512,15008.162,16787.688,35398.207
2485,2014-04-14 13:00:00,14049.778,15317.22,19510.838,15008.248,16788.518,35398.55
2486,2014-04-14 14:00:00,14049.817,15317.345,19511.885,15008.447,16788.518,35399.895
2487,2014-04-14 15:00:00,14049.84,15317.345,19511.9,15008.602,16788.518,35400.305
2488,2014-04-14 16:00:00,14049.84,15317.345,19511.9,15008.602,16788.637,35400.383
2489,2014-04-14 17:00:00,14050.005,15317.345,19511.9,15008.602,16788.637,35400.383
2490,2014-04-14 18:00:00,14050.005,15317.345,19511.9,15008.602,16789.988,35400.383
2491,2014-04-14 19:00:00,14050.005,15317.345,19511.986,15008.602,16791.73,35400.426
2492,2014-04-14 20:00:00,14050.005,15317.452,19512.799,15008.602,16793.986,35401.7
2493,2014-04-14 21:00:00,14050.483,15317.452,19512.799,15008.765,16794.967,35402.855
2494,2014-04-14 22:00:00,14050.805,15317.525,19512.922,15009.448,16795.086,35402.855
2495,2014-04-14 23:00:00,14050.927,15317.525,19512.951,15010.211,16796.21,35402.855
2496,2014-04-15 00:00:00,14050.979,15318.317,19513.037,15010.574,16796.293,35404.21
2497,2014-04-15 01:00:00,14051.664,15318.407,19513.195,15010.629,16796.354,35405.617
2498,2014-04-15 02:00:00,14052.679,15318.842,19513.307,15011.06,16797.008,35406.574
2499,2014-04-15 03:00:00,14053.74,15318.972,19514.531,15011.969,16799.822,35406.574
2500,2014-04-15 04:00:00,14053.756,15319.078,19514.602,15012.211,16802.068,35408.645
2501,2014-04-15 05:00:00,14053.756,15319.078,19514.602,15012.211,16802.156,35410.117
2502,2014-04-15 06:00:00,14053.756,15319.078,19514.602,15012.211,16802.156,35410.117
2503,2014-04-15 07:00:00,14053.756,15319.078,19514.602,15012.211,16802.156,35410.117
2504,2014-04-15 08:00:00,14053.756,15319.078,19514.602,15012.211,16802.156,35410.117
2505,2014-04-15 09:00:00,14053.756,15319.078,19514.602,15012.211,16802.156,35410.117
2506,2014-04-15 10:00:00,14053.756,15319.078,19514.602,15012.211,16802.156,35410.117
2507,2014-04-15 11:00:00,14053.756,15319.078,19514.602,15012.211,16802.156,35410.117
2508,2014-04-15 12:00:00,14053.756,15319.078,19514.602,15012.211,16802.156,35410.117
2509,2014-04-15 13:00:00,14053.756,15319.078,19514.602,15012.211,16802.156,35410.117
2510,2014-04-15 14:00:00,14053.756,15319.078,19514.602,15012.211,16802.156,35410.117
2511,2014-04-15 15:00:00,14053.756,15319.078,19514.602,15012.211,16802.156,35410.117
2512,2014-04-15 16:00:00,14053.756,15319.078,19514.602,15012.211,16802.156,35410.117
2513,2014-04-15 17:00:00,14053.756,15319.078,19514.602,15012.211,16802.156,35410.117
2514,2014-04-15 18:00:00,14053.756,15319.078,19514.602,15012.211,16802.156,35410.117
2515,2014-04-15 19:00:00,14053.756,15319.078,19514.602,15012.211,16802.156,35410.117
2516,2014-04-15 20:00:00,14053.756,15319.078,19514.602,15012.211,16802.156,35410.117
2517,2014-04-15 21:00:00,14053.756,15319.078,19514.602,15012.211,16802.156,35410.117
2518,2014-04-15 22:00:00,14053.756,15319.078,19514.602,15012.211,16802.156,35410.117
2519,2014-04-15 23:00:00,14053.756,15319.078,19514.602,15012.211,16802.156,35410.117
2520,2014-04-16 00:00:00,14053.756,15319.078,19514.602,15012.211,16802.156,35410.117
2521,2014-04-16 01:00:00,14053.756,15319.078,19514.602,15012.211,16802.156,35410.117
2522,2014-04-16 02:00:00,14053.756,15319.078,19514.602,15012.211,16802.156,35410.117
2523,2014-04-16 03:00:00,14053.756,15319.078,19514.602,15012.211,16802.156,35410.117
2524,2014-04-16 04:00:00,14053.756,15319.078,19514.602,15012.211,16802.156,35410.117
2525,2014-04-16 05:00:00,14053.756,15319.078,19514.602,15012.211,16802.156,35410.117
2526,2014-04-16 06:00:00,14053.756,15319.078,19514.602,15012.211,16802.156,35410.117
2527,2014-04-16 07:00:00,14053.756,15319.078,19514.602,15012.211,16802.156,35410.117
2528,2014-04-16 08:00:00,14053.756,15319.078,19514.602,15012.211,16802.156,35410.117
2529,2014-04-16 09:00:00,14053.756,15319.078,19514.602,15012.211,16802.156,35410.117
2530,2014-04-16 10:00:00,14053.756,15319.078,19514.602,15012.211,16802.156,35410.117
2531,2014-04-16 11:00:00,14053.756,15319.078,19514.602,15012.211,16802.156,35410.117
2532,2014-04-16 12:00:00,14053.756,15319.078,19514.602,15012.211,16802.156,35410.117
2533,2014-04-16 13:00:00,14053.756,15319.078,19514.602,15012.211,16802.156,35410.117
2534,2014-04-16 14:00:00,14053.756,15319.078,19514.602,15012.211,16802.156,35410.117
2535,2014-04-16 15:00:00,14053.756,15319.078,19515.201,15012.211,16802.467,35410.54
2536,2014-04-16 16:00:00,14054.107,15319.414,19516.049,15012.213,16802.623,35412.25
2537,2014-04-16 17:00:00,14054.815,15320.204,19517.523,15012.311,16802.623,35414.92
2538,2014-04-16 18:00:00,14055.616,15321.412,19519.389,15013.053,16802.623,35417.69
2539,2014-04-16 19:00:00,14056.404,15322.197,19522.104,15013.883,16802.623,35421.113
2540,2014-04-16 20:00:00,14056.529,15322.197,19524.037,15014.275,16802.623,35424.434
2541,2014-04-16 21:00:00,14056.529,15322.197,19524.36,15014.275,16802.623,35426.37
2542,2014-04-16 22:00:00,14056.558,15322.197,19526.047,15014.299,16802.623,35428.684
2543,2014-04-16 23:00:00,14057.677,15322.763,19526.084,15014.658,16802.623,35428.684
2544,2014-04-17 00:00:00,14058.527,15322.808,19526.084,15014.658,16802.623,35428.684
2545,2014-04-17 01:00:00,14060.217,15322.808,19526.084,15014.658,16802.623,35430.816
2546,2014-04-17 02:00:00,14062.004,15322.906,19526.084,15014.811,16803.52,35433.754
2547,2014-04-17 03:00:00,14063.215,15325.808,19526.084,15014.814,16805.012,35436.883
2548,2014-04-17 04:00:00,14064.491,15331.47,19526.084,15015.243,16806.363,35438.336
2549,2014-04-17 05:00:00,14065.899,15336.416,19526.084,15015.949,16806.371,35441.16
2550,2014-04-17 06:00:00,14067.376,15342.807,19526.38,15016.47,16806.371,35443.832
2551,2014-04-17 07:00:00,14068.976,15347.165,19528.2,15017.051,16806.371,35447.17
2552,2014-04-17 08:00:00,14070.467,15348.75,19530.055,15017.325,16806.371,35448.176
2553,2014-04-17 09:00:00,14071.135,15350.73,19533.268,15018.194,16806.55,35450.043
2554,2014-04-17 10:00:00,14072.184,15352.65,19535.188,15018.765,16806.762,35452.195
2555,2014-04-17 11:00:00,14072.631,15353.7295,19535.594,15019.158,16807.857,35453.28
2556,2014-04-17 12:00:00,14072.73,15354.337,19536.508,15019.831,16808.314,35455.23
2557,2014-04-17 13:00:00,14073.219,15354.616,19536.508,15020.135,16808.314,35455.332
2558,2014-04-17 14:00:00,14073.463,15355.201,19536.508,15020.135,16808.363,35455.332
2559,2014-04-17 15:00:00,14073.557,15355.209,19536.508,15020.135,16808.432,35455.332
2560,2014-04-17 16:00:00,14073.557,15355.209,19536.508,15020.135,16808.432,35455.332
2561,2014-04-17 17:00:00,14073.557,15355.209,19536.508,15020.135,16808.588,35455.555
2562,2014-04-17 18:00:00,14073.557,15355.209,19536.508,15020.135,16808.588,35456.727
2563,2014-04-17 19:00:00,14073.557,15355.209,19536.508,15020.135,16808.588,35458.777
2564,2014-04-17 20:00:00,14073.557,15355.209,19536.842,15020.135,16808.588,35459.184
2565,2014-04-17 21:00:00,14073.557,15355.209,19536.842,15020.135,16808.588,35459.184
2566,2014-04-17 22:00:00,14073.557,15355.209,19536.842,15020.135,16808.588,35459.184
2567,2014-04-17 23:00:00,14073.557,15355.209,19536.842,15020.135,16808.588,35459.184
2568,2014-04-18 00:00:00,14073.557,15355.209,19536.842,15020.135,16808.588,35459.184
2569,2014-04-18 01:00:00,14073.557,15355.209,19536.842,15020.135,16808.588,35459.184
2570,2014-04-18 02:00:00,14073.557,15355.209,19536.842,15020.135,16808.588,35459.184
2571,2014-04-18 03:00:00,14073.557,15355.209,19536.842,15020.135,16808.588,35459.184
2572,2014-04-18 04:00:00,14073.557,15355.209,19536.842,15020.135,16808.588,35459.184
2573,2014-04-18 05:00:00,14073.557,15355.209,19536.842,15020.135,16808.588,35459.184
2574,2014-04-18 06:00:00,14073.557,15355.209,19536.842,15020.135,16808.588,35459.184
2575,2014-04-18 07:00:00,14073.557,15355.209,19536.842,15020.135,16808.588,35459.184
2576,2014-04-18 08:00:00,14073.557,15355.209,19536.842,15020.135,16808.588,35459.184
2577,2014-04-18 09:00:00,14073.557,15355.209,19536.842,15020.135,16808.588,35459.184
2578,2014-04-18 10:00:00,14073.557,15355.209,19536.842,15020.135,16808.588,35459.184
2579,2014-04-18 11:00:00,14073.557,15355.209,19536.842,15020.135,16808.588,35459.184
2580,2014-04-18 12:00:00,14073.557,15355.209,19536.842,15020.135,16808.588,35459.184
2581,2014-04-18 13:00:00,14073.557,15355.209,19536.842,15020.135,16808.588,35459.184
2582,2014-04-18 14:00:00,14073.557,15355.209,19536.842,15020.135,16808.588,35459.184
2583,2014-04-18 15:00:00,14073.557,15355.209,19536.842,15020.135,16808.588,35459.184
2584,2014-04-18 16:00:00,14073.557,15355.209,19536.842,15020.135,16808.588,35459.184
2585,2014-04-18 17:00:00,14073.557,15355.209,19536.842,15020.135,16808.588,35459.184
2586,2014-04-18 18:00:00,14073.557,15355.209,19536.842,15020.135,16808.588,35459.184
2587,2014-04-18 19:00:00,14073.557,15355.209,19536.842,15020.135,16808.588,35459.184
2588,2014-04-18 20:00:00,14073.557,15355.209,19536.842,15020.135,16808.588,35459.184
2589,2014-04-18 21:00:00,14073.557,15355.209,19536.842,15020.135,16808.588,35459.184
2590,2014-04-18 22:00:00,14073.557,15355.209,19536.842,15020.135,16808.588,35459.184
2591,2014-04-18 23:00:00,14073.557,15355.209,19536.842,15020.135,16808.588,35459.184
2592,2014-04-19 00:00:00,14073.557,15355.209,19536.842,15020.135,16808.588,35459.184
2593,2014-04-19 01:00:00,14073.557,15355.209,19536.842,15020.135,16808.588,35459.184
2594,2014-04-19 02:00:00,14073.557,15355.209,19536.842,15020.135,16808.588,35459.184
2595,2014-04-19 03:00:00,14073.557,15355.209,19536.842,15020.135,16808.588,35459.184
2596,2014-04-19 04:00:00,14073.557,15355.209,19536.842,15020.135,16808.588,35459.184
2597,2014-04-19 05:00:00,14073.557,15355.209,19536.842,15020.135,16808.588,35459.184
2598,2014-04-19 06:00:00,14073.557,15355.209,19536.842,15020.135,16808.588,35459.184
2599,2014-04-19 07:00:00,14073.557,15355.209,19536.842,15020.135,16808.588,35459.184
2600,2014-04-19 08:00:00,14073.557,15355.209,19536.842,15020.135,16808.588,35459.184
2601,2014-04-19 09:00:00,14073.557,15355.209,19536.842,15020.135,16808.588,35459.184
2602,2014-04-19 10:00:00,14073.557,15355.209,19536.842,15020.135,16808.588,35459.184
2603,2014-04-19 11:00:00,14073.557,15355.209,19536.842,15020.135,16808.588,35459.184
2604,2014-04-19 12:00:00,14073.557,15355.209,19536.842,15020.135,16808.588,35459.184
2605,2014-04-19 13:00:00,14073.557,15355.209,19536.842,15020.135,16808.588,35459.184
2606,2014-04-19 14:00:00,14073.557,15355.209,19536.842,15020.135,16808.588,35459.184
2607,2014-04-19 15:00:00,14073.557,15355.209,19536.842,15020.135,16808.588,35459.184
2608,2014-04-19 16:00:00,14073.557,15355.209,19536.842,15020.135,16808.588,35459.184
2609,2014-04-19 17:00:00,14073.557,15355.209,19536.842,15020.135,16808.588,35459.184
2610,2014-04-19 18:00:00,14073.557,15355.209,19536.842,15020.135,16808.588,35459.184
2611,2014-04-19 19:00:00,14073.557,15355.209,19536.842,15020.135,16808.588,35459.184
2612,2014-04-19 20:00:00,14073.557,15355.209,19536.842,15020.135,16808.588,35459.184
2613,2014-04-19 21:00:00,14073.557,15355.209,19536.842,15020.135,16808.588,35459.184
2614,2014-04-19 22:00:00,14073.557,15355.209,19536.842,15020.135,16808.588,35459.184
2615,2014-04-19 23:00:00,14073.557,15355.209,19536.842,15020.135,16808.588,35459.184
2616,2014-04-20 00:00:00,14073.557,15355.209,19536.842,15020.135,16808.588,35459.184
2617,2014-04-20 01:00:00,14073.557,15355.209,19536.842,15020.135,16808.588,35459.184
2618,2014-04-20 02:00:00,14073.557,15355.209,19536.842,15020.135,16808.588,35459.184
2619,2014-04-20 03:00:00,14073.557,15355.209,19536.842,15020.135,16808.588,35459.184
2620,2014-04-20 04:00:00,14073.557,15355.209,19536.842,15020.135,16808.588,35459.184
2621,2014-04-20 05:00:00,14073.557,15355.209,19536.842,15020.135,16808.588,35459.184
2622,2014-04-20 06:00:00,14073.557,15355.209,19536.842,15020.135,16808.588,35459.184
2623,2014-04-20 07:00:00,14073.557,15355.209,19536.842,15020.135,16808.588,35459.184
2624,2014-04-20 08:00:00,14073.557,15355.209,19536.842,15020.135,16808.588,35459.184
2625,2014-04-20 09:00:00,14073.557,15355.209,19536.842,15020.135,16808.588,35459.184
2626,2014-04-20 10:00:00,14073.557,15355.209,19536.842,15020.135,16808.588,35459.184
2627,2014-04-20 11:00:00,14073.557,15355.209,19536.842,15020.135,16808.588,35459.184
2628,2014-04-20 12:00:00,14073.557,15355.209,19536.842,15020.135,16808.588,35459.184
2629,2014-04-20 13:00:00,14073.557,15355.209,19536.842,15020.135,16808.588,35459.184
2630,2014-04-20 14:00:00,14073.557,15355.209,19536.842,15020.135,16808.588,35459.184
2631,2014-04-20 15:00:00,14073.557,15355.209,19536.842,15020.135,16808.588,35459.184
2632,2014-04-20 16:00:00,14073.557,15355.209,19536.842,15020.135,16808.588,35459.184
2633,2014-04-20 17:00:00,14073.557,15355.209,19536.842,15020.135,16808.588,35459.184
2634,2014-04-20 18:00:00,14073.557,15355.209,19536.842,15020.135,16808.588,35459.184
2635,2014-04-20 19:00:00,14073.557,15355.209,19536.842,15020.135,16808.588,35459.184
2636,2014-04-20 20:00:00,14073.557,15355.209,19536.842,15020.135,16808.588,35459.184
2637,2014-04-20 21:00:00,14073.557,15355.209,19536.842,15020.135,16808.588,35459.184
2638,2014-04-20 22:00:00,14073.557,15355.209,19536.842,15020.135,16808.588,35459.184
2639,2014-04-20 23:00:00,14073.557,15355.209,19536.842,15020.135,16808.588,35459.184
2640,2014-04-21 00:00:00,14073.557,15355.209,19536.842,15020.135,16808.588,35459.184
2641,2014-04-21 01:00:00,14073.557,15355.209,19536.842,15020.135,16808.588,35459.184
2642,2014-04-21 02:00:00,14073.557,15355.209,19536.842,15020.135,16808.588,35459.184
2643,2014-04-21 03:00:00,14073.557,15355.209,19536.842,15020.135,16808.588,35459.184
2644,2014-04-21 04:00:00,14073.557,15355.209,19536.842,15020.135,16808.588,35459.184
2645,2014-04-21 05:00:00,14073.557,15355.209,19536.842,15020.135,16808.588,35459.184
2646,2014-04-21 06:00:00,14073.557,15355.209,19536.842,15020.135,16808.588,35459.184
2647,2014-04-21 07:00:00,14073.557,15355.209,19536.842,15020.135,16808.588,35459.184
2648,2014-04-21 08:00:00,14073.557,15355.209,19536.842,15020.135,16808.588,35459.184
2649,2014-04-21 09:00:00,14073.557,15355.209,19536.842,15020.135,16808.588,35459.184
2650,2014-04-21 10:00:00,14073.557,15355.209,19536.842,15020.135,16808.588,35459.184
2651,2014-04-21 11:00:00,14073.557,15355.209,19536.842,15020.135,16808.588,35459.184
2652,2014-04-21 12:00:00,14073.557,15355.209,19536.842,15020.135,16808.588,35459.184
2653,2014-04-21 13:00:00,14073.557,15355.209,19536.842,15020.135,16808.588,35459.184
2654,2014-04-21 14:00:00,14073.557,15355.209,19536.842,15020.135,16808.588,35459.184
2655,2014-04-21 15:00:00,14073.557,15355.209,19536.842,15020.135,16808.588,35459.184
2656,2014-04-21 16:00:00,14073.557,15355.209,19536.842,15020.135,16808.588,35459.184
2657,2014-04-21 17:00:00,14073.557,15355.209,19536.842,15020.135,16808.588,35459.184
2658,2014-04-21 18:00:00,14073.557,15355.209,19536.842,15020.135,16808.588,35459.184
2659,2014-04-21 19:00:00,14073.557,15355.209,19536.842,15020.135,16808.588,35459.184
2660,2014-04-21 20:00:00,14073.557,15355.209,19536.842,15020.135,16808.588,35459.184
2661,2014-04-21 21:00:00,14073.557,15355.209,19536.842,15020.135,16808.588,35459.184
2662,2014-04-21 22:00:00,14073.557,15355.209,19536.842,15020.135,16808.588,35459.184
2663,2014-04-21 23:00:00,14073.557,15355.209,19536.842,15020.135,16808.588,35459.184
2664,2014-04-22 00:00:00,14073.557,15355.209,19536.842,15020.135,16808.588,35459.184
2665,2014-04-22 01:00:00,14073.557,15355.209,19536.842,15020.135,16808.588,35459.184
2666,2014-04-22 02:00:00,14073.557,15355.209,19536.842,15020.135,16808.588,35459.184
2667,2014-04-22 03:00:00,14073.557,15355.209,19536.842,15020.135,16808.588,35459.184
2668,2014-04-22 04:00:00,14073.557,15355.209,19536.842,15020.135,16808.588,35459.184
2669,2014-04-22 05:00:00,14073.557,15355.209,19536.842,15020.135,16808.588,35459.184
2670,2014-04-22 06:00:00,14073.557,15355.209,19536.842,15020.135,16808.588,35459.184
2671,2014-04-22 07:00:00,14073.557,15355.209,19536.842,15020.135,16808.588,35459.184
2672,2014-04-22 08:00:00,14073.557,15355.209,19536.842,15020.135,16808.588,35459.184
2673,2014-04-22 09:00:00,14073.557,15355.209,19536.842,15020.135,16808.588,35459.184
2674,2014-04-22 10:00:00,14073.557,15355.209,19536.842,15020.135,16808.588,35459.184
2675,2014-04-22 11:00:00,14073.557,15355.209,19536.842,15020.135,16808.588,35459.184
2676,2014-04-22 12:00:00,14073.557,15355.209,19536.842,15020.135,16808.588,35459.184
2677,2014-04-22 13:00:00,14073.557,15355.209,19536.842,15020.135,16808.588,35459.184
2678,2014-04-22 14:00:00,14073.557,15355.209,19536.842,15020.135,16808.588,35459.184
2679,2014-04-22 15:00:00,14073.557,15355.209,19536.842,15020.135,16808.588,35459.184
2680,2014-04-22 16:00:00,14073.557,15355.209,19536.842,15020.135,16808.588,35459.184
2681,2014-04-22 17:00:00,14073.557,15355.209,19536.842,15020.135,16808.588,35459.184
2682,2014-04-22 18:00:00,14073.557,15355.209,19536.842,15020.135,16808.588,35459.184
2683,2014-04-22 19:00:00,14073.557,15355.209,19536.842,15020.135,16808.588,35459.184
2684,2014-04-22 20:00:00,14073.557,15355.209,19536.842,15020.135,16808.588,35459.184
2685,2014-04-22 21:00:00,14073.557,15355.209,19536.842,15020.135,16808.588,35459.184
2686,2014-04-22 22:00:00,14073.557,15355.209,19536.842,15020.135,16808.588,35459.184
2687,2014-04-22 23:00:00,14073.557,15355.209,19536.842,15020.135,16808.588,35459.184
2688,2014-04-23 00:00:00,14073.557,15355.209,19536.842,15020.135,16808.588,35459.184
2689,2014-04-23 01:00:00,14073.557,15355.209,19536.842,15020.135,16808.588,35459.184
2690,2014-04-23 02:00:00,14073.557,15355.209,19536.842,15020.135,16808.588,35459.184
2691,2014-04-23 03:00:00,14073.557,15355.209,19536.842,15020.135,16808.588,35459.184
2692,2014-04-23 04:00:00,14073.557,15355.209,19536.842,15020.135,16808.588,35459.184
2693,2014-04-23 05:00:00,14073.557,15355.209,19536.842,15020.135,16808.588,35459.184
2694,2014-04-23 06:00:00,14073.557,15355.209,19536.842,15020.135,16808.588,35459.184
2695,2014-04-23 07:00:00,14073.557,15355.209,19536.842,15020.135,16808.588,35459.184
2696,2014-04-23 08:00:00,14073.557,15355.209,19536.842,15020.135,16808.588,35459.184
2697,2014-04-23 09:00:00,14073.557,15355.209,19536.842,15020.135,16808.588,35459.184
2698,2014-04-23 10:00:00,14073.557,15355.209,19536.842,15020.135,16808.588,35459.184
2699,2014-04-23 11:00:00,14073.557,15355.209,19536.842,15020.135,16808.588,35459.184
2700,2014-04-23 12:00:00,14073.557,15355.209,19536.842,15020.135,16808.588,35459.184
2701,2014-04-23 13:00:00,14073.557,15355.209,19536.842,15020.135,16808.588,35459.184
2702,2014-04-23 14:00:00,14073.557,15355.209,19536.842,15020.135,16808.588,35459.184
2703,2014-04-23 15:00:00,14073.557,15355.209,19536.842,15020.135,16808.588,35459.184
2704,2014-04-23 16:00:00,14073.557,15355.209,19536.842,15020.135,16808.588,35459.184
2705,2014-04-23 17:00:00,14073.557,15355.209,19536.842,15020.135,16808.588,35459.184
2706,2014-04-23 18:00:00,14073.557,15355.209,19536.842,15020.135,16808.588,35459.184
2707,2014-04-23 19:00:00,14073.557,15355.209,19536.842,15020.135,16808.588,35459.184
2708,2014-04-23 20:00:00,14073.557,15355.209,19536.842,15020.135,16808.588,35459.184
2709,2014-04-23 21:00:00,14073.557,15355.209,19536.842,15020.135,16808.588,35459.184
2710,2014-04-23 22:00:00,14073.557,15355.209,19536.842,15020.135,16808.588,35459.184
2711,2014-04-23 23:00:00,14073.557,15355.209,19536.842,15020.135,16808.588,35459.184
2712,2014-04-24 00:00:00,14073.557,15355.209,19536.842,15020.135,16808.588,35459.184
2713,2014-04-24 01:00:00,14073.557,15355.209,19536.842,15020.135,16808.588,35459.184
2714,2014-04-24 02:00:00,14073.557,15355.209,19536.842,15020.135,16808.588,35459.184
2715,2014-04-24 03:00:00,14073.557,15355.209,19536.842,15020.135,16808.588,35459.184
2716,2014-04-24 04:00:00,14073.557,15355.209,19536.842,15020.135,16808.588,35459.184
2717,2014-04-24 05:00:00,14073.557,15355.209,19536.842,15020.135,16808.588,35459.184
2718,2014-04-24 06:00:00,14073.557,15355.209,19536.842,15020.135,16808.588,35459.184
2719,2014-04-24 07:00:00,14073.557,15355.209,19536.842,15020.135,16808.588,35459.184
2720,2014-04-24 08:00:00,14073.557,15355.209,19536.842,15020.135,16808.588,35459.184
2721,2014-04-24 09:00:00,14073.557,15355.209,19536.842,15020.135,16808.588,35459.184
2722,2014-04-24 10:00:00,14073.557,15355.209,19536.842,15020.135,16808.588,35459.184
2723,2014-04-24 11:00:00,14073.557,15355.209,19536.842,15020.135,16808.588,35459.184
2724,2014-04-24 12:00:00,14073.557,15355.209,19536.842,15020.135,16808.588,35459.184
2725,2014-04-24 13:00:00,14073.557,15355.209,19536.842,15020.135,16808.588,35459.184
2726,2014-04-24 14:00:00,14073.557,15355.209,19536.842,15020.135,16808.588,35459.184
2727,2014-04-24 15:00:00,14073.557,15355.209,19536.842,15020.135,16808.588,35459.184
2728,2014-04-24 16:00:00,14073.557,15355.209,19536.842,15020.135,16808.588,35459.184
2729,2014-04-24 17:00:00,14073.557,15355.209,19536.842,15020.135,16808.588,35459.184
2730,2014-04-24 18:00:00,14073.557,15355.209,19536.842,15020.135,16808.588,35459.184
2731,2014-04-24 19:00:00,14073.557,15355.209,19536.842,15020.135,16808.588,35459.184
2732,2014-04-24 20:00:00,14073.557,15355.209,19536.842,15020.135,16808.588,35459.184
2733,2014-04-24 21:00:00,14073.557,15355.209,19536.842,15020.135,16808.588,35459.184
2734,2014-04-24 22:00:00,14073.557,15355.209,19536.842,15020.135,16808.588,35459.184
2735,2014-04-24 23:00:00,14073.557,15355.209,19536.842,15020.135,16808.588,35459.184
2736,2014-04-25 00:00:00,14073.557,15355.209,19536.842,15020.135,16808.588,35459.184
2737,2014-04-25 01:00:00,14073.557,15355.209,19536.842,15020.135,16808.588,35459.184
2738,2014-04-25 02:00:00,14073.557,15355.209,19536.842,15020.135,16808.588,35459.184
2739,2014-04-25 03:00:00,14073.557,15355.209,19536.842,15020.135,16808.588,35459.184
2740,2014-04-25 04:00:00,14073.557,15355.209,19536.842,15020.135,16808.588,35459.184
2741,2014-04-25 05:00:00,14073.557,15355.209,19536.842,15020.135,16808.588,35459.184
2742,2014-04-25 06:00:00,14073.557,15355.209,19536.842,15020.135,16808.588,35459.184
2743,2014-04-25 07:00:00,14073.557,15355.209,19536.842,15020.135,16808.588,35459.184
2744,2014-04-25 08:00:00,14073.557,15355.209,19536.842,15020.135,16808.588,35459.184
2745,2014-04-25 09:00:00,14073.557,15355.209,19536.842,15020.135,16808.588,35459.184
2746,2014-04-25 10:00:00,14073.557,15355.209,19536.842,15020.135,16808.588,35459.184
2747,2014-04-25 11:00:00,14073.557,15355.209,19536.842,15020.135,16808.588,35459.184
2748,2014-04-25 12:00:00,14073.557,15355.209,19536.842,15020.135,16808.588,35459.184
2749,2014-04-25 13:00:00,14073.557,15355.209,19536.842,15020.135,16808.588,35459.184
2750,2014-04-25 14:00:00,14073.557,15355.209,19536.842,15020.135,16808.588,35459.184
2751,2014-04-25 15:00:00,14073.557,15355.209,19536.842,15020.135,16808.588,35459.184
2752,2014-04-25 16:00:00,14073.557,15355.209,19536.842,15020.135,16808.588,35459.184
2753,2014-04-25 17:00:00,14073.557,15355.209,19536.842,15020.135,16808.588,35459.184
2754,2014-04-25 18:00:00,14073.557,15355.209,19536.842,15020.135,16808.588,35459.184
2755,2014-04-25 19:00:00,14073.557,15355.209,19536.842,15020.135,16808.588,35459.184
2756,2014-04-25 20:00:00,14073.557,15355.209,19536.842,15020.135,16808.588,35459.184
2757,2014-04-25 21:00:00,14073.557,15355.209,19536.842,15020.135,16808.588,35459.184
2758,2014-04-25 22:00:00,14073.557,15355.209,19536.842,15020.135,16808.588,35459.184
2759,2014-04-25 23:00:00,14073.557,15355.209,19536.842,15020.135,16808.588,35459.184
2760,2014-04-26 00:00:00,14073.557,15355.209,19536.842,15020.135,16808.588,35459.184
2761,2014-04-26 01:00:00,14073.557,15355.209,19536.842,15020.135,16808.588,35459.184
2762,2014-04-26 02:00:00,14073.557,15355.209,19536.842,15020.135,16808.588,35459.184
2763,2014-04-26 03:00:00,14073.557,15355.209,19536.842,15020.135,16808.588,35459.184
2764,2014-04-26 04:00:00,14073.557,15355.209,19536.842,15020.135,16808.588,35459.184
2765,2014-04-26 05:00:00,14073.557,15355.209,19536.842,15020.135,16808.588,35459.184
2766,2014-04-26 06:00:00,14073.557,15355.209,19536.842,15020.135,16808.588,35459.184
2767,2014-04-26 07:00:00,14073.557,15355.209,19536.842,15020.135,16808.588,35459.184
2768,2014-04-26 08:00:00,14073.557,15355.209,19536.842,15020.135,16808.588,35459.184
2769,2014-04-26 09:00:00,14073.557,15355.209,19536.842,15020.135,16808.588,35459.184
2770,2014-04-26 10:00:00,14073.557,15355.209,19536.842,15020.135,16808.588,35459.184
2771,2014-04-26 11:00:00,14073.557,15355.209,19536.842,15020.135,16808.588,35459.184
2772,2014-04-26 12:00:00,14073.557,15355.209,19536.842,15020.135,16808.588,35459.184
2773,2014-04-26 13:00:00,14073.557,15355.209,19536.842,15020.135,16808.588,35459.184
2774,2014-04-26 14:00:00,14073.557,15355.209,19536.842,15020.135,16808.588,35459.184
2775,2014-04-26 15:00:00,14073.557,15355.209,19536.842,15020.135,16808.588,35459.184
2776,2014-04-26 16:00:00,14073.557,15355.209,19536.842,15020.135,16808.588,35459.184
2777,2014-04-26 17:00:00,14073.557,15355.209,19536.842,15020.135,16808.588,35459.184
2778,2014-04-26 18:00:00,14073.557,15355.209,19536.842,15020.135,16808.588,35459.184
2779,2014-04-26 19:00:00,14073.557,15355.209,19536.842,15020.135,16808.588,35459.184
2780,2014-04-26 20:00:00,14073.557,15355.209,19536.842,15020.135,16808.588,35459.184
2781,2014-04-26 21:00:00,14073.557,15355.209,19536.842,15020.135,16808.588,35459.184
2782,2014-04-26 22:00:00,14073.557,15355.209,19536.842,15020.135,16808.588,35459.184
2783,2014-04-26 23:00:00,14073.557,15355.209,19536.842,15020.135,16808.588,35459.184
2784,2014-04-27 00:00:00,14073.557,15355.209,19536.842,15020.135,16808.588,35459.184
2785,2014-04-27 01:00:00,14073.557,15355.209,19536.842,15020.135,16808.588,35459.184
2786,2014-04-27 02:00:00,14073.557,15355.209,19536.842,15020.135,16808.588,35459.184
2787,2014-04-27 03:00:00,14073.557,15355.209,19536.842,15020.135,16808.588,35459.184
2788,2014-04-27 04:00:00,14073.557,15355.209,19536.842,15020.135,16808.588,35459.184
2789,2014-04-27 05:00:00,14073.557,15355.209,19536.842,15020.135,16808.588,35459.184
2790,2014-04-27 06:00:00,14073.557,15355.209,19536.842,15020.135,16808.588,35459.184
2791,2014-04-27 07:00:00,14073.557,15355.209,19536.842,15020.135,16808.588,35459.184
2792,2014-04-27 08:00:00,14073.557,15355.209,19536.842,15020.135,16808.588,35459.184
2793,2014-04-27 09:00:00,14073.557,15355.209,19536.842,15020.135,16808.588,35459.184
2794,2014-04-27 10:00:00,14073.557,15355.209,19536.842,15020.135,16808.588,35459.184
2795,2014-04-27 11:00:00,14073.557,15355.209,19536.842,15020.135,16808.588,35459.184
2796,2014-04-27 12:00:00,14073.557,15355.209,19536.842,15020.135,16808.588,35459.184
2797,2014-04-27 13:00:00,14073.557,15355.209,19536.842,15020.135,16808.588,35459.184
2798,2014-04-27 14:00:00,14073.557,15355.209,19536.842,15020.135,16808.588,35459.184
2799,2014-04-27 15:00:00,14073.557,15355.209,19536.842,15020.135,16808.588,35459.184
2800,2014-04-27 16:00:00,14073.557,15355.209,19536.842,15020.135,16808.588,35459.184
2801,2014-04-27 17:00:00,14073.557,15355.209,19536.842,15020.135,16808.588,35459.184
2802,2014-04-27 18:00:00,14073.557,15355.209,19536.842,15020.135,16808.588,35459.184
2803,2014-04-27 19:00:00,14073.557,15355.209,19536.842,15020.135,16808.588,35459.184
2804,2014-04-27 20:00:00,14073.557,15355.209,19536.842,15020.135,16808.588,35459.184
2805,2014-04-27 21:00:00,14073.557,15355.209,19536.842,15020.135,16808.588,35459.184
2806,2014-04-27 22:00:00,14073.557,15355.209,19536.842,15020.135,16808.588,35459.184
2807,2014-04-27 23:00:00,14073.557,15355.209,19536.842,15020.135,16808.588,35459.184
2808,2014-04-28 00:00:00,14073.557,15355.209,19536.842,15020.135,16808.588,35459.184
2809,2014-04-28 01:00:00,14073.557,15355.209,19536.842,15020.135,16808.588,35459.184
2810,2014-04-28 02:00:00,14073.557,15355.209,19536.842,15020.135,16808.588,35459.184
2811,2014-04-28 03:00:00,14073.557,15355.209,19536.842,15020.135,16808.588,35459.184
2812,2014-04-28 04:00:00,14073.557,15355.209,19536.842,15020.135,16808.588,35459.184
2813,2014-04-28 05:00:00,14073.557,15355.209,19536.842,15020.135,16808.588,35459.184
2814,2014-04-28 06:00:00,14073.557,15355.209,19536.842,15020.135,16808.588,35459.184
2815,2014-04-28 07:00:00,14073.557,15355.209,19536.842,15020.135,16808.588,35459.184
2816,2014-04-28 08:00:00,14073.557,15355.209,19537.645,15020.135,16808.748,35459.184
2817,2014-04-28 09:00:00,14073.557,15355.209,19537.645,15020.135,16808.762,35459.184
2818,2014-04-28 10:00:00,14073.557,15355.209,19538.488,15020.135,16809.281,35459.184
2819,2014-04-28 11:00:00,14073.557,15355.209,19539.004,15020.135,16809.314,35459.184
2820,2014-04-28 12:00:00,14073.557,15355.209,19536.842,15020.135,16808.588,35459.184
2821,2014-04-28 13:00:00,14073.557,15355.209,19536.842,15020.135,16808.588,35459.184
2822,2014-04-28 14:00:00,14073.557,15355.209,19536.842,15020.135,16808.588,35459.184
2823,2014-04-28 15:00:00,14073.557,15355.209,19536.842,15020.135,16808.588,35459.184
2824,2014-04-28 16:00:00,14073.557,15355.209,19536.842,15020.135,16808.588,35459.184
2825,2014-04-28 17:00:00,14073.557,15355.209,19536.842,15020.135,16808.588,35459.184
2826,2014-04-28 18:00:00,14073.557,15355.209,19536.842,15020.135,16808.588,35459.184
2827,2014-04-28 19:00:00,14073.557,15355.209,19536.842,15020.135,16808.588,35459.184
2828,2014-04-28 20:00:00,14073.557,15355.209,19536.842,15020.135,16808.588,35459.184
2829,2014-04-28 21:00:00,14073.557,15355.209,19536.842,15020.135,16808.588,35459.184
2830,2014-04-28 22:00:00,14073.557,15355.209,19536.842,15020.135,16808.588,35459.184
2831,2014-04-28 23:00:00,14073.557,15355.209,19536.842,15020.135,16808.588,35459.184
2832,2014-04-29 00:00:00,14073.557,15355.209,19540.566,15020.135,16810.877,35459.184
2833,2014-04-29 01:00:00,14073.557,15355.209,19541.355,15020.135,16811.918,35459.184
2834,2014-04-29 02:00:00,14073.557,15355.495,19542.379,15020.135,16811.918,35459.184
2835,2014-04-29 03:00:00,14073.557,15355.599,19542.697,15020.147,16811.918,35459.184
2836,2014-04-29 04:00:00,14073.557,15355.683,19542.697,15020.802,16811.918,35459.184
2837,2014-04-29 05:00:00,14073.557,15355.767,19542.697,15020.955,16811.918,35459.184
2838,2014-04-29 06:00:00,14073.557,15355.767,19542.697,15020.955,16811.918,35459.184
2839,2014-04-29 07:00:00,14073.557,15355.767,19542.697,15020.955,16811.918,35459.184
2840,2014-04-29 08:00:00,14073.557,15355.767,19542.697,15020.955,16811.918,35459.184
2841,2014-04-29 09:00:00,14073.557,15355.767,19542.697,15020.955,16811.918,35459.184
2842,2014-04-29 10:00:00,14073.557,15355.767,19542.697,15020.955,16811.918,35459.184
2843,2014-04-29 11:00:00,14073.557,15355.767,19542.697,15020.955,16811.918,35459.184
2844,2014-04-29 12:00:00,14073.557,15355.767,19542.697,15020.955,16811.918,35459.184
2845,2014-04-29 13:00:00,14073.557,15355.767,19542.697,15020.955,16811.918,35459.184
2846,2014-04-29 14:00:00,14073.557,15355.767,19542.697,15020.955,16811.918,35459.184
2847,2014-04-29 15:00:00,14073.557,15355.767,19542.697,15020.955,16811.918,35459.184
2848,2014-04-29 16:00:00,14073.557,15355.767,19542.697,15020.955,16811.918,35459.184
2849,2014-04-29 17:00:00,14073.557,15355.767,19542.697,15020.955,16811.918,35459.184
2850,2014-04-29 18:00:00,14073.557,15355.767,19542.697,15020.955,16811.918,35459.184
2851,2014-04-29 19:00:00,14073.557,15355.767,19542.697,15020.955,16811.918,35459.184
2852,2014-04-29 20:00:00,14073.557,15355.767,19542.697,15020.955,16811.918,35459.184
2853,2014-04-29 21:00:00,14073.557,15355.767,19542.697,15020.955,16811.918,35459.184
2854,2014-04-29 22:00:00,14073.557,15355.767,19542.697,15020.955,16811.918,35459.184
2855,2014-04-29 23:00:00,14073.557,15355.767,19542.697,15020.955,16811.918,35459.184
2856,2014-04-30 00:00:00,14073.557,15355.767,19542.697,15020.955,16811.918,35459.184
2857,2014-04-30 01:00:00,14073.557,15355.767,19542.697,15020.955,16811.918,35459.184
2858,2014-04-30 02:00:00,14073.557,15355.767,19542.697,15020.955,16812.305,35459.184
2859,2014-04-30 03:00:00,14073.557,15355.767,19543.01,15020.955,16814.021,35459.605
2860,2014-04-30 04:00:00,14073.737,15355.767,19543.096,15020.955,16814.234,35460.426
2861,2014-04-30 05:00:00,14073.737,15355.767,19543.096,15020.955,16814.465,35460.777
2862,2014-04-30 06:00:00,14073.909,15355.767,19543.096,15020.955,16815.064,35461.766
2863,2014-04-30 07:00:00,14074.017,15355.767,19543.096,15020.955,16815.064,35462.805
2864,2014-04-30 08:00:00,14074.017,15355.767,19543.096,15020.955,16815.064,35462.805
2865,2014-04-30 09:00:00,14074.017,15355.767,19543.096,15020.955,16815.064,35462.805
2866,2014-04-30 10:00:00,14074.017,15355.767,19543.096,15020.955,16815.064,35463.387
2867,2014-04-30 11:00:00,14074.017,15355.767,19543.096,15020.955,16815.064,35463.387
2868,2014-04-30 12:00:00,14074.017,15355.767,19543.096,15020.955,16815.064,35463.387
2869,2014-04-30 13:00:00,14074.017,15355.767,19543.096,15020.955,16815.064,35463.387
2870,2014-04-30 14:00:00,14074.017,15355.767,19543.096,15020.955,16815.064,35463.387
2871,2014-04-30 15:00:00,14074.017,15355.767,19543.096,15020.955,16815.064,35463.387
2872,2014-04-30 16:00:00,14073.557,15355.767,19542.697,15020.955,16811.918,35459.184
2873,2014-04-30 17:00:00,14073.557,15355.767,19542.697,15020.955,16811.918,35459.184
2874,2014-04-30 18:00:00,14073.557,15355.767,19542.697,15020.955,16811.918,35459.184
2875,2014-04-30 19:00:00,14073.557,15355.767,19542.697,15020.955,16811.918,35459.184
2876,2014-04-30 20:00:00,14073.557,15355.767,19542.697,15020.955,16811.918,35459.184
2877,2014-04-30 21:00:00,14073.557,15355.767,19542.697,15020.955,16811.918,35459.184
2878,2014-04-30 22:00:00,14073.557,15355.767,19542.697,15020.955,16811.918,35459.184
2879,2014-04-30 23:00:00,14073.557,15355.767,19542.697,15020.955,16811.918,35459.184
2880,2014-05-01 00:00:00,14074.017,15355.767,19543.096,15020.955,16815.064,35463.387
2881,2014-05-01 01:00:00,14074.017,15355.767,19543.096,15020.955,16815.064,35463.387
2882,2014-05-01 02:00:00,14074.017,15355.767,19543.096,15020.955,16815.064,35463.387
2883,2014-05-01 03:00:00,14074.017,15355.767,19543.096,15020.955,16815.064,35463.387
2884,2014-05-01 04:00:00,14074.017,15355.767,19543.096,15020.955,16815.064,35463.387
2885,2014-05-01 05:00:00,14074.017,15355.767,19543.096,15020.955,16815.064,35463.387
2886,2014-05-01 06:00:00,14074.017,15355.767,19543.096,15020.955,16815.064,35463.387
2887,2014-05-01 07:00:00,14074.017,15355.767,19543.096,15020.955,16815.064,35463.387
2888,2014-05-01 08:00:00,14074.017,15355.767,19543.096,15020.955,16815.064,35463.387
2889,2014-05-01 09:00:00,14074.017,15355.767,19543.096,15020.955,16815.064,35463.387
2890,2014-05-01 10:00:00,14074.017,15355.767,19543.096,15020.955,16815.064,35463.387
2891,2014-05-01 11:00:00,14074.017,15355.767,19543.096,15020.955,16815.064,35463.508
2892,2014-05-01 12:00:00,14074.017,15355.767,19543.096,15020.955,16815.451,35463.508
2893,2014-05-01 13:00:00,14074.017,15355.767,19543.096,15020.955,16815.64,35463.508
2894,2014-05-01 14:00:00,14074.017,15355.767,19543.096,15020.955,16815.64,35463.508
2895,2014-05-01 15:00:00,14074.017,15355.767,19543.096,15020.955,16815.64,35463.508
2896,2014-05-01 16:00:00,14074.017,15355.767,19543.686,15020.955,16815.64,35463.508
2897,2014-05-01 17:00:00,14074.017,15355.767,19543.686,15020.955,16815.64,35463.508
2898,2014-05-01 18:00:00,14074.017,15355.767,19543.686,15020.955,16815.64,35463.508
2899,2014-05-01 19:00:00,14074.017,15355.767,19543.729,15020.955,16815.64,35463.508
2900,2014-05-01 20:00:00,14074.017,15355.767,19543.729,15020.955,16815.64,35463.645
2901,2014-05-01 21:00:00,14074.017,15355.767,19543.729,15020.955,16815.64,35463.645
2902,2014-05-01 22:00:00,14074.017,15355.767,19543.729,15020.955,16815.64,35463.645
2903,2014-05-01 23:00:00,14074.017,15355.767,19543.729,15020.955,16815.64,35463.645
2904,2014-05-02 00:00:00,14074.017,15355.767,19543.729,15020.955,16815.64,35463.645
2905,2014-05-02 01:00:00,14074.017,15355.767,19543.729,15020.955,16815.64,35463.645
2906,2014-05-02 02:00:00,14074.017,15355.767,19543.729,15020.955,16815.64,35463.645
2907,2014-05-02 03:00:00,14074.017,15355.767,19543.729,15020.955,16815.64,35463.645
2908,2014-05-02 04:00:00,14074.017,15355.767,19543.729,15020.955,16815.64,35463.645
2909,2014-05-02 05:00:00,14074.017,15355.767,19543.729,15020.955,16815.64,35463.645
2910,2014-05-02 06:00:00,14074.017,15355.767,19543.729,15020.955,16815.64,35463.645
2911,2014-05-02 07:00:00,14074.017,15355.767,19543.729,15020.955,16815.64,35463.645
2912,2014-05-02 08:00:00,14074.017,15355.767,19543.729,15020.955,16815.64,35463.645
2913,2014-05-02 09:00:00,14074.017,15355.767,19543.729,15020.955,16815.64,35463.645
2914,2014-05-02 10:00:00,14074.017,15355.767,19543.729,15020.955,16815.64,35463.645
2915,2014-05-02 11:00:00,14074.017,15355.767,19543.729,15020.955,16815.64,35463.645
2916,2014-05-02 12:00:00,14074.017,15355.767,19543.81,15020.955,16815.64,35463.645
2917,2014-05-02 13:00:00,14074.017,15355.767,19543.81,15020.955,16815.64,35463.645
2918,2014-05-02 14:00:00,14074.017,15355.767,19543.81,15020.955,16815.64,35463.645
2919,2014-05-02 15:00:00,14074.058,15355.767,19543.81,15020.955,16815.64,35463.645
2920,2014-05-02 16:00:00,14074.058,15355.767,19543.81,15020.955,16815.64,35463.645
2921,2014-05-02 17:00:00,14074.058,15355.767,19543.81,15020.955,16815.64,35463.645
2922,2014-05-02 18:00:00,14074.058,15355.767,19543.81,15020.955,16815.64,35463.645
2923,2014-05-02 19:00:00,14074.058,15355.767,19543.81,15020.955,16815.64,35463.645
2924,2014-05-02 20:00:00,14074.058,15355.767,19543.81,15020.955,16815.64,35463.645
2925,2014-05-02 21:00:00,14074.058,15355.767,19543.81,15020.955,16815.64,35463.645
2926,2014-05-02 22:00:00,14074.058,15355.767,19543.81,15020.955,16815.64,35463.645
2927,2014-05-02 23:00:00,14074.058,15355.767,19543.81,15020.955,16815.64,35463.645
2928,2014-05-03 00:00:00,14074.058,15355.767,19543.81,15020.955,16815.64,35463.645
2929,2014-05-03 01:00:00,14074.058,15355.767,19543.81,15020.955,16815.64,35463.645
2930,2014-05-03 02:00:00,14074.058,15355.767,19543.81,15020.955,16815.64,35463.645
2931,2014-05-03 03:00:00,14074.058,15355.767,19543.81,15020.955,16815.64,35463.645
2932,2014-05-03 04:00:00,14074.058,15355.767,19543.81,15020.955,16815.64,35463.645
2933,2014-05-03 05:00:00,14074.058,15355.767,19543.81,15020.955,16815.895,35463.645
2934,2014-05-03 06:00:00,14074.058,15355.767,19543.883,15021.522,16816.924,35465.656
2935,2014-05-03 07:00:00,14074.134,15355.767,19544.428,15021.808,16818.43,35466.32
2936,2014-05-03 08:00:00,14074.203,15356.271,19544.62,15022.832,16819.133,35467.133
2937,2014-05-03 09:00:00,14074.203,15356.283,19544.62,15022.832,16819.133,35468.574
2938,2014-05-03 10:00:00,14074.277,15356.283,19545.062,15022.832,16819.682,35470.81
2939,2014-05-03 11:00:00,14074.277,15356.367,19545.062,15022.884,16819.725,35470.81
2940,2014-05-03 12:00:00,14074.277,15356.367,19545.062,15022.884,16819.725,35470.81
2941,2014-05-03 13:00:00,14074.277,15356.367,19545.074,15022.884,16819.725,35471.223
2942,2014-05-03 14:00:00,14074.463,15356.367,19545.16,15022.884,16819.805,35472.406
2943,2014-05-03 15:00:00,14074.879,15356.367,19545.354,15022.884,16819.89,35472.406
2944,2014-05-03 16:00:00,14074.879,15356.39,19545.354,15022.884,16819.91,35472.406
2945,2014-05-03 17:00:00,14074.879,15356.451,19545.521,15022.884,16819.91,35472.406
2946,2014-05-03 18:00:00,14075.039,15356.451,19545.521,15022.884,16820.363,35472.406
2947,2014-05-03 19:00:00,14075.296,15356.451,19545.521,15022.884,16820.363,35472.406
2948,2014-05-03 20:00:00,14075.296,15356.451,19545.521,15022.884,16820.363,35472.406
2949,2014-05-03 21:00:00,14075.296,15356.451,19545.521,15022.884,16820.363,35472.406
2950,2014-05-03 22:00:00,14075.296,15356.451,19545.521,15022.884,16820.363,35472.406
2951,2014-05-03 23:00:00,14075.296,15356.451,19545.521,15022.884,16820.363,35472.406
2952,2014-05-04 00:00:00,14075.296,15356.451,19545.521,15022.884,16820.363,35472.406
2953,2014-05-04 01:00:00,14075.296,15356.451,19545.521,15022.884,16820.363,35472.406
2954,2014-05-04 02:00:00,14075.296,15356.451,19545.521,15022.884,16821.158,35472.406
2955,2014-05-04 03:00:00,14075.296,15356.451,19545.521,15022.884,16821.158,35472.406
2956,2014-05-04 04:00:00,14075.296,15356.451,19545.521,15022.884,16821.158,35472.406
2957,2014-05-04 05:00:00,14075.296,15356.451,19545.521,15022.884,16821.158,35472.406
2958,2014-05-04 06:00:00,14075.296,15356.451,19545.521,15022.884,16821.158,35472.406
2959,2014-05-04 07:00:00,14075.296,15356.451,19545.521,15022.884,16821.158,35472.406
2960,2014-05-04 08:00:00,14075.296,15356.451,19545.521,15022.884,16821.158,35472.406
2961,2014-05-04 09:00:00,14075.296,15356.451,19545.521,15022.884,16821.158,35472.406
2962,2014-05-04 10:00:00,14075.296,15356.451,19545.521,15022.884,16821.158,35472.406
2963,2014-05-04 11:00:00,14075.296,15356.451,19545.521,15022.884,16821.158,35472.406
2964,2014-05-04 12:00:00,14075.296,15356.451,19545.521,15022.884,16821.158,35472.406
2965,2014-05-04 13:00:00,14075.296,15356.451,19545.521,15022.884,16821.158,35472.406
2966,2014-05-04 14:00:00,14075.296,15356.451,19545.521,15022.884,16821.158,35472.406
2967,2014-05-04 15:00:00,14075.296,15356.451,19545.521,15022.884,16821.158,35472.406
2968,2014-05-04 16:00:00,14075.296,15356.451,19545.521,15022.884,16821.158,35472.406
2969,2014-05-04 17:00:00,14075.296,15356.451,19545.521,15022.884,16821.158,35472.406
2970,2014-05-04 18:00:00,14075.296,15356.451,19545.521,15022.884,16821.158,35472.406
2971,2014-05-04 19:00:00,14075.296,15356.451,19545.521,15022.884,16821.158,35472.406
2972,2014-05-04 20:00:00,14075.296,15356.451,19545.521,15022.884,16821.158,35472.406
2973,2014-05-04 21:00:00,14075.296,15356.451,19545.521,15022.884,16821.158,35472.406
2974,2014-05-04 22:00:00,14075.296,15356.451,19545.521,15022.884,16821.158,35472.406
2975,2014-05-04 23:00:00,14075.296,15356.451,19545.521,15022.884,16821.158,35472.406
2976,2014-05-05 00:00:00,14075.296,15356.451,19545.521,15022.884,16821.158,35472.406
2977,2014-05-05 01:00:00,14075.296,15356.451,19545.521,15022.884,16821.158,35472.406
2978,2014-05-05 02:00:00,14075.296,15356.451,19545.521,15022.884,16821.158,35472.406
2979,2014-05-05 03:00:00,14075.296,15356.451,19545.521,15022.884,16821.158,35472.406
2980,2014-05-05 04:00:00,14075.296,15356.451,19545.521,15022.884,16821.158,35472.406
2981,2014-05-05 05:00:00,14075.296,15356.451,19545.521,15022.884,16821.158,35472.406
2982,2014-05-05 06:00:00,14075.296,15356.451,19545.521,15022.884,16821.158,35472.406
2983,2014-05-05 07:00:00,14075.296,15356.451,19545.521,15022.884,16821.158,35472.406
2984,2014-05-05 08:00:00,14075.296,15356.451,19545.521,15022.884,16821.158,35472.406
2985,2014-05-05 09:00:00,14075.296,15356.451,19545.521,15022.884,16821.158,35472.406
2986,2014-05-05 10:00:00,14075.296,15356.451,19545.521,15022.884,16821.158,35472.406
2987,2014-05-05 11:00:00,14075.296,15356.451,19545.521,15022.884,16821.158,35472.406
2988,2014-05-05 12:00:00,14075.296,15356.451,19545.521,15022.884,16821.158,35472.406
2989,2014-05-05 13:00:00,14075.296,15356.451,19545.521,15022.884,16821.158,35472.406
2990,2014-05-05 14:00:00,14075.296,15356.451,19545.521,15022.884,16821.158,35472.406
2991,2014-05-05 15:00:00,14075.296,15356.451,19545.521,15022.884,16821.158,35472.406
2992,2014-05-05 16:00:00,14075.296,15356.451,19545.521,15022.884,16821.158,35472.406
2993,2014-05-05 17:00:00,14075.296,15356.451,19545.521,15022.884,16821.158,35472.406
2994,2014-05-05 18:00:00,14075.296,15356.451,19545.521,15022.884,16821.158,35472.406
2995,2014-05-05 19:00:00,14075.296,15356.451,19545.521,15022.884,16821.158,35472.406
2996,2014-05-05 20:00:00,14075.296,15356.451,19545.521,15022.884,16821.158,35472.406
2997,2014-05-05 21:00:00,14075.296,15356.451,19545.521,15022.884,16821.158,35472.406
2998,2014-05-05 22:00:00,14075.296,15356.451,19545.521,15022.884,16821.158,35472.406
2999,2014-05-05 23:00:00,14075.296,15356.451,19545.521,15022.884,16821.158,35472.406
3000,2014-05-06 00:00:00,14075.316,15359.26,19545.521,15025.431,16821.158,35472.406
3001,2014-05-06 01:00:00,14075.316,15359.715,19545.521,15025.431,16821.158,35472.406
3002,2014-05-06 02:00:00,14075.316,15358.11,19545.521,15025.431,16821.158,35472.406
3003,2014-05-06 03:00:00,14075.316,15358.582,19545.521,15025.431,16821.158,35472.406
3004,2014-05-06 04:00:00,14075.316,15356.724,19545.521,15023.474,16821.158,35472.406
3005,2014-05-06 05:00:00,14075.316,15356.724,19545.521,15023.692,16821.158,35472.406
3006,2014-05-06 06:00:00,14075.316,15356.724,19545.521,15024.18,16821.158,35472.406
3007,2014-05-06 07:00:00,14075.316,15356.724,19545.521,15024.18,16821.158,35472.406
3008,2014-05-06 08:00:00,14075.316,15356.724,19545.521,15024.465,16821.158,35472.406
3009,2014-05-06 09:00:00,14075.316,15356.724,19545.521,15024.571,16821.158,35472.406
3010,2014-05-06 10:00:00,14075.316,15356.724,19545.521,15024.866,16821.158,35472.406
3011,2014-05-06 11:00:00,14075.316,15356.724,19545.521,15025.431,16821.158,35472.406
3012,2014-05-06 12:00:00,14075.296,15356.451,19545.521,15022.884,16821.158,35472.406
3013,2014-05-06 13:00:00,14075.296,15356.451,19545.521,15022.884,16821.158,35472.406
3014,2014-05-06 14:00:00,14075.296,15356.724,19545.521,15023.05,16821.158,35472.406
3015,2014-05-06 15:00:00,14075.296,15356.724,19545.521,15023.474,16821.158,35472.406
3016,2014-05-06 16:00:00,14075.316,15356.724,19545.521,15023.474,16821.158,35472.406
3017,2014-05-06 17:00:00,14075.316,15356.724,19545.521,15023.474,16821.158,35472.406
3018,2014-05-06 18:00:00,14075.316,15356.724,19545.521,15023.474,16821.158,35472.406
3019,2014-05-06 19:00:00,14075.316,15356.724,19545.521,15023.474,16821.158,35472.406
3020,2014-05-06 20:00:00,14075.316,15356.724,19545.521,15023.474,16821.158,35472.406
3021,2014-05-06 21:00:00,14075.316,15356.724,19545.521,15023.474,16821.158,35472.406
3022,2014-05-06 22:00:00,14075.316,15357.414,19545.521,15025.431,16821.158,35472.406
3023,2014-05-06 23:00:00,14075.316,15358.089,19545.521,15025.431,16821.158,35472.406
3024,2014-05-07 00:00:00,14075.316,15359.715,19545.521,15025.431,16821.158,35472.406
3025,2014-05-07 01:00:00,14075.316,15359.715,19545.521,15025.431,16821.158,35472.406
3026,2014-05-07 02:00:00,14075.316,15359.715,19545.521,15025.431,16821.158,35472.406
3027,2014-05-07 03:00:00,14075.316,15359.715,19545.521,15025.431,16821.158,35472.406
3028,2014-05-07 04:00:00,14075.316,15359.715,19545.521,15025.431,16821.158,35472.406
3029,2014-05-07 05:00:00,14075.316,15359.715,19545.521,15025.431,16821.158,35472.406
3030,2014-05-07 06:00:00,14075.316,15359.715,19545.521,15025.431,16821.158,35472.406
3031,2014-05-07 07:00:00,14075.316,15359.715,19545.521,15025.431,16821.158,35472.406
3032,2014-05-07 08:00:00,14075.316,15359.715,19545.521,15025.431,16821.158,35472.406
3033,2014-05-07 09:00:00,14075.316,15359.715,19545.521,15025.431,16821.158,35472.406
3034,2014-05-07 10:00:00,14075.316,15359.715,19545.521,15025.431,16821.158,35472.406
3035,2014-05-07 11:00:00,14075.316,15359.715,19545.521,15025.431,16821.158,35472.406
3036,2014-05-07 12:00:00,14075.316,15359.715,19545.521,15025.431,16821.158,35472.406
3037,2014-05-07 13:00:00,14075.316,15359.715,19545.521,15025.431,16821.158,35472.406
3038,2014-05-07 14:00:00,14075.316,15359.715,19545.521,15025.431,16821.158,35472.406
3039,2014-05-07 15:00:00,14075.316,15359.715,19545.521,15025.431,16821.158,35472.406
3040,2014-05-07 16:00:00,14075.316,15359.715,19545.521,15025.431,16821.158,35472.406
3041,2014-05-07 17:00:00,14075.316,15359.715,19545.521,15025.431,16821.158,35472.406
3042,2014-05-07 18:00:00,14075.316,15359.715,19545.521,15025.431,16821.158,35472.406
3043,2014-05-07 19:00:00,14075.316,15359.715,19545.521,15025.431,16821.158,35472.406
3044,2014-05-07 20:00:00,14075.316,15359.715,19545.521,15025.431,16821.158,35472.406
3045,2014-05-07 21:00:00,14075.316,15359.715,19545.521,15025.431,16821.158,35472.406
3046,2014-05-07 22:00:00,14075.316,15359.715,19545.521,15025.431,16821.158,35472.406
3047,2014-05-07 23:00:00,14075.316,15359.715,19545.521,15025.431,16821.158,35472.406
3048,2014-05-08 00:00:00,14075.316,15359.715,19545.521,15025.431,16821.158,35472.406
3049,2014-05-08 01:00:00,14075.316,15359.715,19545.521,15025.431,16821.158,35472.406
3050,2014-05-08 02:00:00,14075.316,15359.715,19545.521,15025.431,16821.158,35472.406
3051,2014-05-08 03:00:00,14075.316,15359.715,19545.521,15025.431,16821.158,35472.406
3052,2014-05-08 04:00:00,14075.316,15359.715,19545.521,15025.431,16821.158,35472.406
3053,2014-05-08 05:00:00,14075.316,15359.715,19545.521,15025.431,16821.158,35472.406
3054,2014-05-08 06:00:00,14075.316,15359.715,19545.521,15025.431,16821.158,35472.406
3055,2014-05-08 07:00:00,14075.316,15359.715,19545.521,15025.431,16821.158,35472.406
3056,2014-05-08 08:00:00,14075.316,15359.715,19545.521,15025.431,16821.158,35472.406
3057,2014-05-08 09:00:00,14075.316,15359.715,19545.521,15025.431,16821.158,35472.406
3058,2014-05-08 10:00:00,14075.316,15359.715,19545.521,15025.431,16821.158,35472.406
3059,2014-05-08 11:00:00,14075.316,15359.715,19545.521,15025.431,16821.158,35472.406
3060,2014-05-08 12:00:00,14075.316,15359.715,19545.521,15025.431,16821.158,35472.406
3061,2014-05-08 13:00:00,14075.316,15359.715,19545.521,15025.431,16821.158,35472.406
3062,2014-05-08 14:00:00,14075.316,15359.715,19545.521,15025.431,16821.158,35472.406
3063,2014-05-08 15:00:00,14075.316,15359.715,19545.521,15025.431,16821.158,35472.406
3064,2014-05-08 16:00:00,14075.316,15359.715,19545.521,15025.431,16821.158,35472.406
3065,2014-05-08 17:00:00,14075.316,15359.715,19545.521,15025.431,16821.158,35472.406
3066,2014-05-08 18:00:00,14075.316,15359.715,19545.521,15025.431,16821.158,35472.406
3067,2014-05-08 19:00:00,14075.316,15359.715,19545.521,15025.431,16821.158,35472.406
3068,2014-05-08 20:00:00,14075.316,15359.715,19545.521,15025.431,16821.158,35472.406
3069,2014-05-08 21:00:00,14075.316,15359.715,19545.521,15025.431,16821.158,35472.406
3070,2014-05-08 22:00:00,14075.316,15359.715,19545.521,15025.431,16821.158,35472.406
3071,2014-05-08 23:00:00,14075.316,15359.715,19545.521,15025.431,16821.158,35472.406
3072,2014-05-09 00:00:00,14075.316,15359.715,19545.521,15025.431,16821.158,35472.406
3073,2014-05-09 01:00:00,14075.316,15359.715,19545.521,15025.431,16821.158,35472.406
3074,2014-05-09 02:00:00,14075.316,15359.715,19545.521,15025.431,16821.158,35472.406
3075,2014-05-09 03:00:00,14075.316,15359.715,19545.521,15025.431,16821.158,35472.406
3076,2014-05-09 04:00:00,14075.316,15359.715,19545.521,15025.431,16821.158,35472.406
3077,2014-05-09 05:00:00,14075.316,15359.715,19545.521,15025.431,16821.158,35472.406
3078,2014-05-09 06:00:00,14075.316,15359.715,19545.521,15025.431,16821.158,35472.406
3079,2014-05-09 07:00:00,14075.316,15359.715,19545.521,15025.431,16821.158,35472.406
3080,2014-05-09 08:00:00,14075.316,15359.715,19545.521,15025.431,16821.158,35472.406
3081,2014-05-09 09:00:00,14075.316,15359.715,19545.521,15025.431,16821.158,35472.406
3082,2014-05-09 10:00:00,14075.316,15359.715,19545.521,15025.431,16821.158,35472.406
3083,2014-05-09 11:00:00,14075.316,15359.715,19545.521,15025.431,16821.158,35472.406
3084,2014-05-09 12:00:00,14075.316,15359.715,19545.521,15025.431,16821.158,35472.406
3085,2014-05-09 13:00:00,14075.316,15359.715,19545.521,15025.431,16821.158,35472.406
3086,2014-05-09 14:00:00,14075.316,15359.715,19545.521,15025.431,16821.158,35472.406
3087,2014-05-09 15:00:00,14075.316,15359.715,19545.521,15025.431,16821.158,35472.406
3088,2014-05-09 16:00:00,14075.316,15359.715,19545.521,15025.431,16821.158,35472.406
3089,2014-05-09 17:00:00,14075.316,15359.715,19545.521,15025.431,16821.158,35472.406
3090,2014-05-09 18:00:00,14075.316,15359.725,19545.521,15025.431,16821.158,35472.406
3091,2014-05-09 19:00:00,14075.316,15359.725,19545.521,15025.431,16821.158,35472.406
3092,2014-05-09 20:00:00,14075.316,15359.725,19545.521,15025.431,16821.158,35472.406
3093,2014-05-09 21:00:00,14075.316,15359.725,19545.521,15025.431,16821.158,35472.406
3094,2014-05-09 22:00:00,14075.316,15359.725,19545.521,15025.431,16821.158,35472.406
3095,2014-05-09 23:00:00,14075.332,15359.725,19545.521,15025.431,16821.158,35472.406
3096,2014-05-10 00:00:00,14075.332,15359.725,19545.521,15025.431,16821.158,35472.406
3097,2014-05-10 01:00:00,14075.332,15359.725,19545.521,15025.431,16821.158,35472.406
3098,2014-05-10 02:00:00,14075.332,15359.725,19545.521,15025.431,16821.158,35472.406
3099,2014-05-10 03:00:00,14075.332,15359.725,19545.521,15025.431,16821.158,35472.406
3100,2014-05-10 04:00:00,14075.332,15359.725,19545.521,15025.431,16821.158,35472.406
3101,2014-05-10 05:00:00,14075.332,15359.725,19545.521,15025.431,16821.158,35472.406
3102,2014-05-10 06:00:00,14075.332,15359.725,19545.521,15025.431,16821.158,35472.406
3103,2014-05-10 07:00:00,14075.332,15359.725,19545.521,15025.431,16821.158,35472.406
3104,2014-05-10 08:00:00,14075.332,15359.725,19545.521,15025.431,16821.158,35472.406
3105,2014-05-10 09:00:00,14075.332,15359.725,19545.521,15025.431,16821.158,35472.406
3106,2014-05-10 10:00:00,14075.332,15359.725,19545.521,15025.431,16821.158,35472.406
3107,2014-05-10 11:00:00,14075.332,15359.725,19545.521,15025.431,16821.158,35472.406
3108,2014-05-10 12:00:00,14075.332,15359.725,19545.521,15025.431,16821.158,35472.406
3109,2014-05-10 13:00:00,14075.332,15359.725,19545.521,15025.431,16821.158,35472.406
3110,2014-05-10 14:00:00,14075.332,15359.725,19545.521,15025.431,16821.158,35472.406
3111,2014-05-10 15:00:00,14075.332,15359.725,19545.521,15025.431,16821.158,35472.406
3112,2014-05-10 16:00:00,14075.332,15359.725,19545.521,15025.431,16821.158,35472.406
3113,2014-05-10 17:00:00,14075.332,15359.725,19545.521,15025.431,16821.158,35472.406
3114,2014-05-10 18:00:00,14075.332,15359.725,19545.521,15025.431,16821.158,35472.406
3115,2014-05-10 19:00:00,14075.332,15359.725,19545.521,15025.431,16821.158,35472.406
3116,2014-05-10 20:00:00,14075.332,15359.725,19545.521,15025.431,16821.158,35472.406
3117,2014-05-10 21:00:00,14075.332,15359.725,19545.521,15025.431,16821.158,35472.406
3118,2014-05-10 22:00:00,14075.332,15359.725,19545.521,15025.431,16821.158,35472.406
3119,2014-05-10 23:00:00,14075.332,15359.725,19545.521,15025.431,16821.158,35472.406
3120,2014-05-11 00:00:00,14075.332,15359.725,19545.521,15025.431,16821.158,35472.406
3121,2014-05-11 01:00:00,14075.332,15359.725,19545.521,15025.431,16821.158,35472.406
3122,2014-05-11 02:00:00,14075.332,15359.725,19545.521,15025.431,16821.158,35472.406
3123,2014-05-11 03:00:00,14075.332,15359.725,19545.521,15025.431,16821.158,35472.406
3124,2014-05-11 04:00:00,14075.332,15359.725,19545.521,15025.431,16821.158,35472.406
3125,2014-05-11 05:00:00,14075.332,15359.725,19545.521,15025.431,16821.158,35472.406
3126,2014-05-11 06:00:00,14075.332,15359.725,19545.521,15025.431,16821.158,35472.406
3127,2014-05-11 07:00:00,14075.332,15359.725,19545.521,15025.431,16821.158,35472.406
3128,2014-05-11 08:00:00,14075.332,15359.725,19545.521,15025.431,16821.158,35472.406
3129,2014-05-11 09:00:00,14075.332,15359.725,19545.521,15025.431,16821.158,35472.406
3130,2014-05-11 10:00:00,14075.332,15359.725,19545.521,15025.431,16821.158,35472.406
3131,2014-05-11 11:00:00,14075.332,15359.725,19545.521,15025.431,16821.158,35472.406
3132,2014-05-11 12:00:00,14075.332,15359.725,19545.521,15025.431,16821.158,35472.406
3133,2014-05-11 13:00:00,14075.332,15359.725,19545.521,15025.431,16821.158,35472.406
3134,2014-05-11 14:00:00,14075.332,15359.725,19545.521,15025.431,16821.158,35472.406
3135,2014-05-11 15:00:00,14075.332,15359.725,19545.521,15025.431,16821.158,35472.406
3136,2014-05-11 16:00:00,14075.332,15359.725,19545.521,15025.431,16821.158,35472.406
3137,2014-05-11 17:00:00,14075.332,15359.725,19545.521,15025.431,16821.158,35472.406
3138,2014-05-11 18:00:00,14075.332,15359.725,19545.521,15025.431,16821.158,35472.406
3139,2014-05-11 19:00:00,14075.332,15359.725,19545.521,15025.431,16821.158,35472.406
3140,2014-05-11 20:00:00,14075.332,15359.725,19545.521,15025.431,16821.158,35472.406
3141,2014-05-11 21:00:00,14075.332,15359.725,19545.521,15025.431,16821.158,35472.406
3142,2014-05-11 22:00:00,14075.332,15359.725,19545.521,15025.431,16821.158,35472.406
3143,2014-05-11 23:00:00,14075.332,15359.725,19545.521,15025.431,16821.158,35472.406
3144,2014-05-12 00:00:00,14075.332,15359.725,19545.521,15025.431,16821.158,35472.406
3145,2014-05-12 01:00:00,14075.332,15359.725,19545.521,15025.431,16821.158,35472.406
3146,2014-05-12 02:00:00,14075.332,15359.725,19545.521,15025.431,16821.158,35472.406
3147,2014-05-12 03:00:00,14075.332,15359.725,19545.521,15025.431,16821.158,35472.406
3148,2014-05-12 04:00:00,14075.332,15359.725,19545.521,15025.431,16821.158,35472.406
3149,2014-05-12 05:00:00,14075.332,15359.725,19545.521,15025.431,16821.158,35472.406
3150,2014-05-12 06:00:00,14075.332,15359.725,19545.521,15025.431,16821.158,35472.406
3151,2014-05-12 07:00:00,14075.332,15359.725,19545.521,15025.431,16821.158,35472.406
3152,2014-05-12 08:00:00,14075.332,15359.725,19545.521,15025.431,16821.158,35472.406
3153,2014-05-12 09:00:00,14075.332,15359.725,19545.521,15025.431,16821.158,35472.406
3154,2014-05-12 10:00:00,14075.332,15359.725,19545.521,15025.431,16821.158,35472.406
3155,2014-05-12 11:00:00,14075.332,15359.725,19545.521,15025.431,16821.158,35472.406
3156,2014-05-12 12:00:00,14075.332,15359.725,19545.521,15025.431,16821.158,35472.406
3157,2014-05-12 13:00:00,14075.332,15359.725,19545.521,15025.431,16821.158,35472.406
3158,2014-05-12 14:00:00,14075.332,15359.725,19545.521,15025.431,16821.158,35472.406
3159,2014-05-12 15:00:00,14075.332,15359.725,19545.521,15025.431,16821.158,35472.406
3160,2014-05-12 16:00:00,14075.332,15359.725,19545.521,15025.431,16821.158,35472.406
3161,2014-05-12 17:00:00,14075.332,15359.725,19545.521,15025.431,16821.158,35472.406
3162,2014-05-12 18:00:00,14075.332,15359.725,19545.521,15025.431,16821.158,35472.406
3163,2014-05-12 19:00:00,14075.332,15359.725,19545.521,15025.431,16821.158,35472.406
3164,2014-05-12 20:00:00,14075.332,15359.725,19545.521,15025.431,16821.158,35472.406
3165,2014-05-12 21:00:00,14075.332,15359.725,19545.521,15025.431,16821.158,35472.406
3166,2014-05-12 22:00:00,14075.332,15359.725,19545.521,15025.431,16821.158,35472.406
3167,2014-05-12 23:00:00,14075.332,15359.725,19545.521,15025.431,16821.158,35472.406
3168,2014-05-13 00:00:00,14075.332,15359.725,19545.521,15025.431,16821.158,35472.406
3169,2014-05-13 01:00:00,14075.332,15359.725,19545.521,15025.431,16821.158,35472.406
3170,2014-05-13 02:00:00,14075.332,15359.725,19545.521,15025.431,16821.158,35472.406
3171,2014-05-13 03:00:00,14075.332,15359.725,19545.521,15025.431,16821.158,35472.406
3172,2014-05-13 04:00:00,14075.332,15359.725,19545.521,15025.431,16821.158,35472.406
3173,2014-05-13 05:00:00,14075.332,15359.725,19545.521,15025.431,16821.158,35472.406
3174,2014-05-13 06:00:00,14075.332,15359.725,19545.521,15025.431,16821.158,35472.406
3175,2014-05-13 07:00:00,14075.332,15359.725,19545.521,15025.431,16821.158,35472.406
3176,2014-05-13 08:00:00,14075.332,15359.725,19545.521,15025.431,16821.158,35472.406
3177,2014-05-13 09:00:00,14075.332,15359.725,19545.521,15025.431,16821.158,35472.406
3178,2014-05-13 10:00:00,14075.332,15359.725,19545.521,15025.431,16821.158,35472.406
3179,2014-05-13 11:00:00,14075.332,15359.725,19545.521,15025.431,16821.158,35472.406
3180,2014-05-13 12:00:00,14075.332,15359.725,19545.521,15025.431,16821.158,35472.406
3181,2014-05-13 13:00:00,14075.332,15359.725,19545.521,15025.431,16821.158,35472.406
3182,2014-05-13 14:00:00,14075.332,15359.725,19545.521,15025.431,16821.158,35472.406
3183,2014-05-13 15:00:00,14075.332,15359.725,19545.521,15025.431,16821.158,35472.406
3184,2014-05-13 16:00:00,14075.332,15359.725,19545.521,15025.431,16821.158,35472.406
3185,2014-05-13 17:00:00,14075.332,15359.725,19545.521,15025.431,16821.158,35472.406
3186,2014-05-13 18:00:00,14075.332,15359.725,19545.521,15025.431,16821.158,35472.406
3187,2014-05-13 19:00:00,14075.332,15359.725,19545.521,15025.431,16821.158,35472.406
3188,2014-05-13 20:00:00,14075.332,15359.725,19545.521,15025.431,16821.158,35472.406
3189,2014-05-13 21:00:00,14075.332,15359.725,19545.521,15025.431,16821.158,35472.406
3190,2014-05-13 22:00:00,14075.332,15359.725,19545.521,15025.431,16821.158,35472.406
3191,2014-05-13 23:00:00,14075.332,15359.725,19545.521,15025.431,16821.158,35472.406
3192,2014-05-14 00:00:00,14075.332,15359.725,19545.521,15025.431,16821.158,35472.406
3193,2014-05-14 01:00:00,14075.332,15359.725,19545.521,15025.431,16821.158,35472.406
3194,2014-05-14 02:00:00,14075.332,15359.725,19545.521,15025.431,16821.158,35472.406
3195,2014-05-14 03:00:00,14075.332,15359.725,19545.521,15025.431,16821.158,35472.406
3196,2014-05-14 04:00:00,14075.332,15359.725,19545.521,15025.431,16821.158,35472.406
3197,2014-05-14 05:00:00,14075.332,15359.725,19545.521,15025.431,16821.158,35472.406
3198,2014-05-14 06:00:00,14075.332,15359.725,19545.521,15025.431,16821.158,35472.406
3199,2014-05-14 07:00:00,14075.332,15359.725,19545.521,15025.431,16821.158,35472.406
3200,2014-05-14 08:00:00,14075.332,15359.725,19545.521,15025.431,16821.158,35472.406
3201,2014-05-14 09:00:00,14075.332,15359.725,19545.521,15025.431,16821.158,35472.406
3202,2014-05-14 10:00:00,14075.332,15359.725,19545.521,15025.431,16821.158,35472.406
3203,2014-05-14 11:00:00,14075.332,15359.725,19545.521,15025.431,16821.158,35472.406
3204,2014-05-14 12:00:00,14075.332,15359.725,19545.521,15025.431,16821.158,35472.406
3205,2014-05-14 13:00:00,14075.332,15359.725,19545.521,15025.431,16821.158,35472.406
3206,2014-05-14 14:00:00,14075.332,15359.725,19545.521,15025.431,16821.158,35472.406
3207,2014-05-14 15:00:00,14075.332,15359.725,19545.521,15025.431,16821.158,35472.406
3208,2014-05-14 16:00:00,14075.332,15359.725,19545.521,15025.431,16821.158,35472.406
3209,2014-05-14 17:00:00,14075.332,15359.725,19545.521,15025.431,16821.158,35472.406
3210,2014-05-14 18:00:00,14075.332,15359.725,19545.521,15025.431,16821.158,35472.406
3211,2014-05-14 19:00:00,14075.332,15359.725,19545.521,15025.431,16821.158,35472.406
3212,2014-05-14 20:00:00,14075.332,15359.725,19545.521,15025.431,16821.158,35472.406
3213,2014-05-14 21:00:00,14075.332,15359.725,19545.521,15025.431,16821.158,35472.406
3214,2014-05-14 22:00:00,14075.332,15359.725,19545.521,15025.431,16821.158,35472.406
3215,2014-05-14 23:00:00,14075.332,15359.725,19545.521,15025.431,16821.158,35472.406
3216,2014-05-15 00:00:00,14075.332,15359.725,19545.521,15025.431,16821.158,35472.406
3217,2014-05-15 01:00:00,14075.332,15359.725,19545.521,15025.431,16821.158,35472.406
3218,2014-05-15 02:00:00,14075.332,15359.725,19545.521,15025.431,16821.158,35472.406
3219,2014-05-15 03:00:00,14075.332,15359.725,19545.521,15025.431,16821.158,35472.406
3220,2014-05-15 04:00:00,14075.332,15359.725,19545.521,15025.431,16821.158,35472.406
3221,2014-05-15 05:00:00,14075.332,15359.725,19545.521,15025.431,16821.158,35472.406
3222,2014-05-15 06:00:00,14075.332,15359.725,19545.521,15025.431,16821.158,35472.406
3223,2014-05-15 07:00:00,14075.332,15359.725,19545.521,15025.431,16821.158,35472.406
3224,2014-05-15 08:00:00,14075.332,15359.725,19545.531,15025.431,16821.158,35472.406
3225,2014-05-15 09:00:00,14075.332,15359.725,19547.062,15025.431,16821.158,35473.918
3226,2014-05-15 10:00:00,14075.332,15360.457,19549.773,15025.431,16821.158,35477.01
3227,2014-05-15 11:00:00,14075.5205,15361.972,19552.504,15025.547,16821.643,35479.742
3228,2014-05-15 12:00:00,14076.255,15363.625,19555.14,15026.995,16822.889,35482.68
3229,2014-05-15 13:00:00,14077.069,15363.723,19556.904,15028.601,16823.059,35485.938
3230,2014-05-15 14:00:00,14077.853,15364.603,19558.596,15031.198,16823.059,35488.484
3231,2014-05-15 15:00:00,14078.799,15365.447,19560.494,15032.059,16823.486,35488.484
3232,2014-05-15 16:00:00,14079.759,15367.191,19563.07,15032.89,16823.656,35488.484
3233,2014-05-15 17:00:00,14081.684,15368.2,19566.93,15034.055,16823.664,35488.484
3234,2014-05-15 18:00:00,14082.348,15369.196,19572.533,15036.974,16825.322,35489.61
3235,2014-05-15 19:00:00,14082.46,15372.03,19578.293,15041.514,16827.604,35492.875
3236,2014-05-15 20:00:00,14082.543,15374.046,19582.951,15046.061,16829.416,35497.47
3237,2014-05-15 21:00:00,14082.654,15375.716,19588.422,15050.367,16831.928,35502.336
3238,2014-05-15 22:00:00,14082.654,15376.811,19590.607,15052.811,16833.166,35505.254
3239,2014-05-15 23:00:00,14082.654,15377.34,19590.607,15053.382,16833.828,35506.707
3240,2014-05-16 00:00:00,14082.957,15377.34,19590.607,15053.537,16834.383,35507.566
3241,2014-05-16 01:00:00,14084.436,15377.34,19590.607,15053.726,16834.465,35507.566
3242,2014-05-16 02:00:00,14085.003,15377.341,19590.607,15053.726,16834.465,35507.566
3243,2014-05-16 03:00:00,14085.365,15377.341,19590.607,15053.726,16834.465,35507.566
3244,2014-05-16 04:00:00,14085.772,15377.383,19590.607,15053.726,16834.465,35507.566
3245,2014-05-16 05:00:00,14085.772,15377.511,19590.607,15053.726,16834.465,35507.566
3246,2014-05-16 06:00:00,14085.772,15377.511,19590.607,15053.726,16834.465,35507.566
3247,2014-05-16 07:00:00,14085.772,15377.716,19590.607,15053.906,16834.828,35507.566
3248,2014-05-16 08:00:00,14085.772,15378.061,19590.658,15053.906,16835.916,35507.566
3249,2014-05-16 09:00:00,14085.772,15378.061,19590.658,15054.054,16836.434,35507.566
3250,2014-05-16 10:00:00,14085.772,15378.061,19590.705,15054.07,16837.617,35507.566
3251,2014-05-16 11:00:00,14085.772,15378.061,19590.72,15054.656,16838.814,35507.566
3252,2014-05-16 12:00:00,14085.772,15378.183,19590.72,15054.816,16839.031,35507.566
3253,2014-05-16 13:00:00,14085.772,15378.316,19590.72,15054.816,16839.031,35507.566
3254,2014-05-16 14:00:00,14085.772,15378.316,19590.72,15054.816,16839.031,35507.566
3255,2014-05-16 15:00:00,14085.772,15378.316,19590.72,15054.816,16839.031,35507.566
3256,2014-05-16 16:00:00,14085.772,15378.316,19590.72,15054.816,16839.031,35507.566
3257,2014-05-16 17:00:00,14085.772,15378.316,19590.72,15054.816,16839.031,35507.566
3258,2014-05-16 18:00:00,14085.772,15378.316,19590.72,15054.816,16839.031,35507.566
3259,2014-05-16 19:00:00,14085.772,15378.316,19590.72,15054.816,16839.031,35507.566
3260,2014-05-16 20:00:00,14085.772,15378.316,19590.72,15054.816,16839.031,35507.566
3261,2014-05-16 21:00:00,14085.772,15378.316,19590.72,15054.816,16839.031,35507.566
3262,2014-05-16 22:00:00,14085.772,15378.362,19590.72,15054.816,16839.031,35507.566
3263,2014-05-16 23:00:00,14086.236,15378.465,19591.81,15054.883,16839.28,35507.934
3264,2014-05-17 00:00:00,14088.204,15379.607,19602.889,15057.989,16842.58,35517.312
3265,2014-05-17 01:00:00,14088.204,15379.607,19602.889,15057.989,16842.975,35517.312
3266,2014-05-17 02:00:00,14088.204,15379.607,19602.889,15057.989,16842.975,35517.312
3267,2014-05-17 03:00:00,14088.204,15379.843,19602.889,15057.989,16842.975,35517.312
3268,2014-05-17 04:00:00,14088.204,15379.843,19602.889,15057.989,16842.975,35517.312
3269,2014-05-17 05:00:00,14088.204,15379.843,19602.889,15057.989,16842.975,35517.312
3270,2014-05-17 06:00:00,14088.204,15379.843,19602.889,15057.989,16842.975,35517.312
3271,2014-05-17 07:00:00,14088.204,15379.843,19602.889,15057.989,16842.975,35517.312
3272,2014-05-17 08:00:00,14088.204,15379.843,19602.889,15057.989,16842.975,35517.312
3273,2014-05-17 09:00:00,14088.204,15379.843,19602.889,15057.989,16842.975,35517.312
3274,2014-05-17 10:00:00,14088.204,15379.843,19602.889,15057.989,16842.975,35517.312
3275,2014-05-17 11:00:00,14088.204,15379.843,19602.889,15057.989,16842.975,35517.312
3276,2014-05-17 12:00:00,14088.204,15379.843,19602.889,15057.989,16842.975,35517.312
3277,2014-05-17 13:00:00,14088.204,15379.843,19602.889,15057.989,16842.975,35517.312
3278,2014-05-17 14:00:00,14088.204,15379.843,19602.889,15057.989,16842.975,35517.312
3279,2014-05-17 15:00:00,14088.204,15379.843,19602.889,15057.989,16842.975,35517.312
3280,2014-05-17 16:00:00,14086.878,15378.785,19595.852,15055.956,16839.494,35510.098
3281,2014-05-17 17:00:00,14087.325,15379.171,19599.012,15056.652,16839.994,35511.8
3282,2014-05-17 18:00:00,14087.871,15379.607,19602.357,15057.504,16842.113,35515.85
3283,2014-05-17 19:00:00,14088.056,15379.607,19602.889,15057.989,16842.113,35517.312
3284,2014-05-17 20:00:00,14088.204,15379.607,19602.889,15057.989,16842.113,35517.312
3285,2014-05-17 21:00:00,14088.204,15379.607,19602.889,15057.989,16842.113,35517.312
3286,2014-05-17 22:00:00,14088.204,15379.607,19602.889,15057.989,16842.113,35517.312
3287,2014-05-17 23:00:00,14088.204,15379.607,19602.889,15057.989,16842.113,35517.312
3288,2014-05-18 00:00:00,14088.204,15379.843,19602.889,15057.989,16842.975,35517.312
3289,2014-05-18 01:00:00,14088.204,15379.856,19602.889,15057.989,16842.975,35517.312
3290,2014-05-18 02:00:00,14088.204,15380.25,19602.889,15058.344,16842.975,35517.312
3291,2014-05-18 03:00:00,14088.204,15380.25,19602.889,15058.344,16842.975,35517.312
3292,2014-05-18 04:00:00,14088.295,15380.25,19602.889,15058.344,16842.975,35517.312
3293,2014-05-18 05:00:00,14088.655,15380.25,19602.889,15058.344,16842.975,35517.312
3294,2014-05-18 06:00:00,14088.655,15380.25,19602.889,15058.344,16842.975,35517.312
3295,2014-05-18 07:00:00,14088.655,15380.25,19602.889,15058.344,16842.975,35517.312
3296,2014-05-18 08:00:00,14088.655,15380.25,19602.889,15058.344,16842.975,35517.312
3297,2014-05-18 09:00:00,14088.655,15380.25,19602.889,15058.344,16842.975,35517.312
3298,2014-05-18 10:00:00,14088.655,15380.25,19602.889,15058.344,16842.975,35517.312
3299,2014-05-18 11:00:00,14088.655,15380.25,19602.889,15058.344,16842.975,35517.312
3300,2014-05-18 12:00:00,14088.655,15380.25,19602.889,15058.344,16842.975,35517.312
3301,2014-05-18 13:00:00,14088.655,15380.25,19602.889,15058.344,16842.975,35517.312
3302,2014-05-18 14:00:00,14088.655,15380.25,19602.889,15058.344,16842.975,35517.312
3303,2014-05-18 15:00:00,14088.655,15380.25,19602.889,15058.344,16842.975,35517.312
3304,2014-05-18 16:00:00,14088.655,15380.25,19602.889,15058.344,16842.975,35517.312
3305,2014-05-18 17:00:00,14088.655,15380.25,19602.889,15058.344,16842.975,35517.312
3306,2014-05-18 18:00:00,14088.655,15380.25,19602.889,15058.344,16842.975,35517.312
3307,2014-05-18 19:00:00,14088.655,15380.25,19602.889,15058.344,16842.975,35517.312
3308,2014-05-18 20:00:00,14088.655,15380.25,19602.889,15058.344,16842.975,35517.312
3309,2014-05-18 21:00:00,14088.655,15380.25,19602.889,15058.344,16842.975,35517.312
3310,2014-05-18 22:00:00,14088.655,15380.25,19602.889,15058.344,16842.975,35517.312
3311,2014-05-18 23:00:00,14088.655,15380.25,19602.889,15058.344,16842.975,35517.312
3312,2014-05-19 00:00:00,14088.655,15380.25,19602.889,15058.344,16842.975,35517.312
3313,2014-05-19 01:00:00,14088.655,15380.25,19602.889,15058.344,16842.975,35517.312
3314,2014-05-19 02:00:00,14088.655,15380.25,19602.889,15058.344,16842.975,35517.312
3315,2014-05-19 03:00:00,14088.655,15380.25,19602.889,15058.344,16842.975,35517.312
3316,2014-05-19 04:00:00,14088.655,15380.25,19602.889,15058.344,16842.975,35517.312
3317,2014-05-19 05:00:00,14088.655,15380.25,19602.889,15058.344,16842.975,35517.312
3318,2014-05-19 06:00:00,14088.655,15380.25,19602.889,15058.344,16842.975,35517.312
3319,2014-05-19 07:00:00,14088.655,15380.25,19602.889,15058.344,16842.975,35517.312
3320,2014-05-19 08:00:00,14088.655,15380.25,19602.889,15058.344,16842.975,35517.312
3321,2014-05-19 09:00:00,14088.655,15380.25,19602.889,15058.344,16842.975,35517.312
3322,2014-05-19 10:00:00,14088.655,15380.25,19602.889,15058.344,16842.975,35517.312
3323,2014-05-19 11:00:00,14088.655,15380.856,19602.889,15058.344,16842.975,35517.312
3324,2014-05-19 12:00:00,14088.655,15381.281,19602.889,15058.344,16842.975,35517.312
3325,2014-05-19 13:00:00,14088.655,15381.283,19602.889,15058.344,16842.975,35517.312
3326,2014-05-19 14:00:00,14088.655,15381.283,19602.889,15058.344,16842.975,35517.312
3327,2014-05-19 15:00:00,14088.655,15381.283,19602.889,15058.344,16842.975,35517.312
3328,2014-05-19 16:00:00,14088.655,15381.283,19602.889,15058.344,16842.975,35517.312
3329,2014-05-19 17:00:00,14088.655,15381.283,19602.889,15058.344,16842.975,35517.312
3330,2014-05-19 18:00:00,14088.655,15381.283,19602.889,15058.344,16842.975,35517.312
3331,2014-05-19 19:00:00,14088.655,15381.283,19602.889,15058.344,16842.975,35517.312
3332,2014-05-19 20:00:00,14088.655,15381.283,19602.889,15058.344,16842.975,35517.312
3333,2014-05-19 21:00:00,14088.655,15381.283,19602.889,15058.344,16842.975,35517.312
3334,2014-05-19 22:00:00,14088.655,15381.283,19602.889,15058.344,16842.975,35517.312
3335,2014-05-19 23:00:00,14088.655,15381.283,19602.889,15058.344,16842.975,35517.312
3336,2014-05-20 00:00:00,14088.655,15381.283,19602.889,15058.344,16842.975,35517.312
3337,2014-05-20 01:00:00,14088.655,15381.283,19602.889,15058.344,16842.975,35517.312
3338,2014-05-20 02:00:00,14088.655,15381.283,19602.889,15058.344,16842.975,35517.312
3339,2014-05-20 03:00:00,14088.655,15381.283,19602.889,15058.344,16842.975,35517.312
3340,2014-05-20 04:00:00,14088.655,15381.283,19602.889,15058.344,16842.975,35517.312
3341,2014-05-20 05:00:00,14088.655,15381.283,19602.889,15058.344,16842.975,35517.312
3342,2014-05-20 06:00:00,14088.655,15381.283,19602.889,15058.344,16842.975,35517.312
3343,2014-05-20 07:00:00,14088.655,15381.283,19602.889,15058.344,16842.975,35517.312
3344,2014-05-20 08:00:00,14088.655,15381.283,19602.889,15058.344,16842.975,35517.312
3345,2014-05-20 09:00:00,14088.655,15381.283,19602.889,15058.344,16842.975,35517.312
3346,2014-05-20 10:00:00,14088.655,15381.283,19602.889,15058.344,16842.975,35517.312
3347,2014-05-20 11:00:00,14088.655,15381.283,19602.889,15058.344,16842.975,35517.312
3348,2014-05-20 12:00:00,14088.655,15381.283,19602.889,15058.344,16842.975,35517.312
3349,2014-05-20 13:00:00,14088.655,15381.283,19602.889,15058.344,16842.975,35517.312
3350,2014-05-20 14:00:00,14088.655,15381.283,19602.889,15058.344,16842.975,35517.312
3351,2014-05-20 15:00:00,14088.655,15381.283,19602.889,15058.344,16842.975,35517.312
3352,2014-05-20 16:00:00,14088.655,15381.283,19602.889,15058.344,16842.975,35517.312
3353,2014-05-20 17:00:00,14088.655,15381.283,19602.889,15058.344,16842.975,35517.312
3354,2014-05-20 18:00:00,14088.655,15381.283,19602.889,15058.344,16842.975,35517.312
3355,2014-05-20 19:00:00,14088.655,15381.283,19602.889,15058.344,16842.975,35517.312
3356,2014-05-20 20:00:00,14088.655,15381.283,19602.889,15058.344,16842.975,35517.312
3357,2014-05-20 21:00:00,14088.655,15381.283,19602.889,15058.344,16842.975,35517.312
3358,2014-05-20 22:00:00,14088.655,15381.283,19602.889,15058.344,16842.975,35517.312
3359,2014-05-20 23:00:00,14088.655,15381.283,19602.889,15058.344,16842.975,35517.312
3360,2014-05-21 00:00:00,14088.655,15381.283,19602.889,15058.344,16842.975,35517.312
3361,2014-05-21 01:00:00,14088.655,15381.283,19602.889,15058.344,16842.975,35517.312
3362,2014-05-21 02:00:00,14088.655,15381.283,19602.889,15058.344,16842.975,35517.312
3363,2014-05-21 03:00:00,14088.655,15381.283,19602.889,15058.344,16842.975,35517.312
3364,2014-05-21 04:00:00,14088.655,15381.283,19602.889,15058.344,16842.975,35517.312
3365,2014-05-21 05:00:00,14088.655,15381.283,19602.889,15058.344,16842.975,35517.312
3366,2014-05-21 06:00:00,14088.655,15381.283,19602.889,15058.344,16842.975,35517.312
3367,2014-05-21 07:00:00,14088.655,15381.283,19602.889,15058.344,16842.975,35517.312
3368,2014-05-21 08:00:00,14088.655,15381.283,19602.889,15058.344,16842.975,35517.312
3369,2014-05-21 09:00:00,14088.655,15381.283,19602.889,15058.344,16842.975,35517.312
3370,2014-05-21 10:00:00,14088.655,15381.283,19602.889,15058.344,16842.975,35517.312
3371,2014-05-21 11:00:00,14088.655,15381.283,19602.889,15058.344,16842.975,35517.312
3372,2014-05-21 12:00:00,14088.655,15381.283,19602.889,15058.344,16842.975,35517.312
3373,2014-05-21 13:00:00,14088.655,15382.468,19602.889,15058.344,16842.975,35517.312
3374,2014-05-21 14:00:00,14088.655,15384.688,19602.889,15058.344,16842.975,35517.312
3375,2014-05-21 15:00:00,14088.729,15385.216,19603.148,15058.687,16843.35,35517.312
3376,2014-05-21 16:00:00,14090.901,15387.875,19605.623,15062.421,16846.37,35521.457
3377,2014-05-21 17:00:00,14094.456,15388.134,19606.162,15066.5,16848.139,35529.11
3378,2014-05-21 18:00:00,14096.104,15388.134,19606.162,15068.408,16851.041,35531.527
3379,2014-05-21 19:00:00,14097.23,15388.134,19606.162,15070.69,16853.242,35534.656
3380,2014-05-21 20:00:00,14097.725,15388.134,19606.162,15071.014,16853.807,35536.04
3381,2014-05-21 21:00:00,14097.725,15388.134,19606.162,15071.014,16853.807,35536.04
3382,2014-05-21 22:00:00,14097.725,15388.134,19606.162,15071.014,16853.807,35536.04
3383,2014-05-21 23:00:00,14097.725,15388.134,19606.162,15071.014,16853.807,35536.14
3384,2014-05-22 00:00:00,14097.838,15388.134,19606.162,15073.682,16853.807,35539.055
3385,2014-05-22 01:00:00,14099.475,15388.134,19606.162,15073.853,16853.807,35539.055
3386,2014-05-22 02:00:00,14099.519,15388.213,19606.162,15073.853,16853.807,35539.055
3387,2014-05-22 03:00:00,14100.261,15388.466,19606.162,15073.853,16853.807,35539.055
3388,2014-05-22 04:00:00,14101.609,15388.546,19606.162,15073.853,16853.807,35539.055
3389,2014-05-22 05:00:00,14101.609,15388.595,19606.162,15073.853,16853.807,35539.055
3390,2014-05-22 06:00:00,14101.609,15388.595,19606.162,15073.853,16853.807,35539.055
3391,2014-05-22 07:00:00,14102.041,15389.222,19606.162,15074.243,16853.807,35539.055
3392,2014-05-22 08:00:00,14102.125,15389.449,19606.66,15074.349,16854.576,35539.055
3393,2014-05-22 09:00:00,14102.313,15389.449,19606.66,15074.468,16855.86,35539.055
3394,2014-05-22 10:00:00,14102.313,15389.882,19606.66,15074.468,16855.86,35539.055
3395,2014-05-22 11:00:00,14102.313,15390.013,19606.66,15074.468,16855.86,35542.82
3396,2014-05-22 12:00:00,14102.313,15390.013,19606.66,15074.468,16855.86,35543.062
3397,2014-05-22 13:00:00,14102.313,15390.013,19606.66,15074.468,16855.86,35543.062
3398,2014-05-22 14:00:00,14102.313,15390.013,19606.66,15074.468,16855.86,35543.062
3399,2014-05-22 15:00:00,14102.313,15390.013,19606.66,15074.468,16855.86,35543.062
3400,2014-05-22 16:00:00,14102.313,15390.013,19606.66,15074.468,16855.86,35543.062
3401,2014-05-22 17:00:00,14102.313,15390.013,19606.66,15074.468,16855.86,35543.062
3402,2014-05-22 18:00:00,14102.313,15390.013,19608.615,15074.65,16855.86,35543.062
3403,2014-05-22 19:00:00,14102.313,15390.013,19608.74,15074.65,16855.86,35543.168
3404,2014-05-22 20:00:00,14102.313,15390.013,19608.74,15074.759,16855.86,35543.38
3405,2014-05-22 21:00:00,14102.313,15390.013,19608.74,15075.046,16855.86,35543.38
3406,2014-05-22 22:00:00,14102.313,15390.013,19608.74,15075.103,16855.86,35543.523
3407,2014-05-22 23:00:00,14102.313,15390.013,19608.74,15075.103,16855.86,35543.562
3408,2014-05-23 00:00:00,14104.31,15390.013,19608.74,15076.136,16856.355,35543.562
3409,2014-05-23 01:00:00,14105.329,15390.013,19608.74,15076.6455,16856.355,35543.562
3410,2014-05-23 02:00:00,14106.016,15390.013,19609.252,15076.771,16856.355,35543.562
3411,2014-05-23 03:00:00,14106.602,15390.013,19609.252,15076.771,16856.355,35543.562
3412,2014-05-23 04:00:00,14106.913,15390.013,19609.252,15076.771,16856.355,35543.562
3413,2014-05-23 05:00:00,14106.913,15390.013,19609.252,15076.771,16856.355,35543.562
3414,2014-05-23 06:00:00,14106.913,15390.013,19609.252,15076.771,16856.355,35543.562
3415,2014-05-23 07:00:00,14106.913,15390.013,19609.252,15076.771,16856.355,35543.562
3416,2014-05-23 08:00:00,14106.913,15392.355,19610.777,15077.423,16856.355,35544.938
3417,2014-05-23 09:00:00,14106.913,15392.452,19611.484,15077.423,16856.355,35544.938
3418,2014-05-23 10:00:00,14106.913,15392.452,19611.484,15077.423,16856.355,35544.938
3419,2014-05-23 11:00:00,14106.913,15392.452,19611.484,15077.423,16856.355,35544.938
3420,2014-05-23 12:00:00,14102.313,15390.013,19608.74,15075.103,16855.86,35543.562
3421,2014-05-23 13:00:00,14102.313,15390.013,19608.74,15075.103,16855.86,35543.562
3422,2014-05-23 14:00:00,14102.313,15390.013,19608.74,15075.103,16855.86,35543.562
3423,2014-05-23 15:00:00,14102.313,15390.013,19608.74,15075.103,16855.86,35543.562
3424,2014-05-23 16:00:00,14102.313,15390.013,19608.74,15075.103,16855.86,35543.562
3425,2014-05-23 17:00:00,14102.313,15390.013,19608.74,15075.103,16855.86,35543.562
3426,2014-05-23 18:00:00,14102.313,15390.013,19608.74,15075.103,16855.86,35543.562
3427,2014-05-23 19:00:00,14102.313,15390.013,19608.74,15075.103,16856.123,35543.562
3428,2014-05-23 20:00:00,14103.018,15390.013,19608.74,15075.122,16856.355,35543.562
3429,2014-05-23 21:00:00,14103.532,15390.013,19608.74,15075.61,16856.355,35543.562
3430,2014-05-23 22:00:00,14106.913,15390.018,19609.252,15076.771,16856.355,35543.562
3431,2014-05-23 23:00:00,14106.913,15391.3125,19609.75,15077.352,16856.355,35543.562
3432,2014-05-24 00:00:00,14106.951,15392.452,19611.484,15077.423,16856.355,35544.938
3433,2014-05-24 01:00:00,14108.627,15392.452,19611.484,15077.731,16856.355,35544.938
3434,2014-05-24 02:00:00,14111.968,15395.2,19611.484,15077.731,16856.355,35544.938
3435,2014-05-24 03:00:00,14113.484,15395.523,19614.8,15078.369,16856.387,35544.938
3436,2014-05-24 04:00:00,14113.6455,15395.624,19614.902,15078.703,16856.45,35545.746
3437,2014-05-24 05:00:00,14113.6455,15395.624,19614.902,15078.703,16856.45,35545.746
3438,2014-05-24 06:00:00,14113.6455,15395.624,19614.902,15078.703,16856.45,35545.746
3439,2014-05-24 07:00:00,14113.6455,15395.624,19614.902,15078.703,16856.45,35545.746
3440,2014-05-24 08:00:00,14113.6455,15395.624,19614.902,15078.703,16856.45,35545.746
3441,2014-05-24 09:00:00,14113.6455,15395.624,19614.902,15078.703,16856.45,35545.746
3442,2014-05-24 10:00:00,14113.6455,15395.624,19614.902,15078.703,16856.45,35545.746
3443,2014-05-24 11:00:00,14113.6455,15395.624,19614.902,15078.703,16856.45,35545.746
3444,2014-05-24 12:00:00,14113.6455,15395.624,19614.902,15078.703,16856.45,35545.746
3445,2014-05-24 13:00:00,14113.6455,15395.624,19614.902,15078.703,16856.45,35545.746
3446,2014-05-24 14:00:00,14113.6455,15395.624,19614.902,15078.703,16856.45,35545.746
3447,2014-05-24 15:00:00,14113.6455,15395.624,19614.902,15078.703,16856.45,35545.746
3448,2014-05-24 16:00:00,14113.6455,15395.624,19614.902,15078.703,16856.45,35545.746
3449,2014-05-24 17:00:00,14106.913,15392.452,19611.484,15077.423,16856.355,35544.938
3450,2014-05-24 18:00:00,14106.913,15392.452,19611.484,15077.423,16856.355,35544.938
3451,2014-05-24 19:00:00,14106.913,15392.452,19611.484,15077.423,16856.355,35544.938
3452,2014-05-24 20:00:00,14113.6455,15395.624,19614.902,15078.703,16856.45,35545.746
3453,2014-05-24 21:00:00,14113.6455,15395.624,19614.902,15078.703,16856.45,35545.746
3454,2014-05-24 22:00:00,14113.6455,15395.624,19614.902,15078.703,16856.45,35545.746
3455,2014-05-24 23:00:00,14113.6455,15395.624,19614.902,15078.703,16856.45,35545.746
3456,2014-05-25 00:00:00,14113.6455,15395.624,19614.902,15078.703,16856.45,35545.746
3457,2014-05-25 01:00:00,14113.6455,15395.624,19614.902,15078.703,16856.45,35545.746
3458,2014-05-25 02:00:00,14113.6455,15395.624,19614.902,15078.703,16856.45,35545.746
3459,2014-05-25 03:00:00,14113.6455,15395.624,19614.902,15078.703,16856.45,35545.746
3460,2014-05-25 04:00:00,14113.6455,15395.624,19614.902,15078.703,16856.45,35545.746
3461,2014-05-25 05:00:00,14113.6455,15395.624,19614.902,15078.703,16856.45,35545.746
3462,2014-05-25 06:00:00,14113.6455,15395.624,19614.902,15078.703,16856.45,35545.746
3463,2014-05-25 07:00:00,14113.6455,15395.624,19614.902,15078.703,16856.45,35545.746
3464,2014-05-25 08:00:00,14113.6455,15395.624,19614.902,15078.703,16856.45,35545.746
3465,2014-05-25 09:00:00,14113.6455,15395.624,19614.902,15078.703,16856.45,35545.746
3466,2014-05-25 10:00:00,14113.6455,15395.624,19614.902,15078.703,16856.45,35545.746
3467,2014-05-25 11:00:00,14113.6455,15395.624,19614.902,15078.703,16856.45,35545.746
3468,2014-05-25 12:00:00,14113.6455,15395.624,19614.902,15078.703,16856.45,35545.746
3469,2014-05-25 13:00:00,14113.6455,15395.624,19614.902,15078.703,16856.45,35545.746
3470,2014-05-25 14:00:00,14113.6455,15395.624,19614.902,15078.703,16856.45,35545.746
3471,2014-05-25 15:00:00,14113.6455,15395.624,19614.902,15078.703,16856.45,35545.746
3472,2014-05-25 16:00:00,14113.6455,15395.624,19614.902,15078.703,16856.45,35545.746
3473,2014-05-25 17:00:00,14113.6455,15395.624,19614.902,15078.703,16856.45,35545.746
3474,2014-05-25 18:00:00,14113.6455,15395.624,19614.902,15078.703,16856.45,35545.746
3475,2014-05-25 19:00:00,14113.6455,15395.624,19614.902,15078.703,16856.45,35545.746
3476,2014-05-25 20:00:00,14113.6455,15395.624,19614.902,15078.703,16856.45,35545.746
3477,2014-05-25 21:00:00,14113.6455,15395.624,19614.902,15078.703,16856.45,35545.746
3478,2014-05-25 22:00:00,14113.6455,15395.624,19614.902,15078.703,16856.45,35545.746
3479,2014-05-25 23:00:00,14113.6455,15395.624,19614.902,15078.703,16856.45,35545.746
3480,2014-05-26 00:00:00,14113.6455,15395.624,19614.902,15078.703,16856.45,35545.746
3481,2014-05-26 01:00:00,14113.6455,15395.624,19614.902,15078.703,16856.45,35545.746
3482,2014-05-26 02:00:00,14113.6455,15395.624,19614.902,15078.703,16856.45,35545.746
3483,2014-05-26 03:00:00,14113.6455,15395.624,19614.902,15078.703,16856.45,35545.746
3484,2014-05-26 04:00:00,14113.6455,15395.624,19614.902,15078.703,16856.45,35545.746
3485,2014-05-26 05:00:00,14113.6455,15395.624,19614.902,15078.703,16856.45,35545.746
3486,2014-05-26 06:00:00,14113.6455,15395.624,19614.902,15078.703,16856.45,35545.746
3487,2014-05-26 07:00:00,14113.6455,15395.624,19614.902,15078.703,16856.45,35545.746
3488,2014-05-26 08:00:00,14113.6455,15395.624,19614.902,15078.703,16856.45,35545.746
3489,2014-05-26 09:00:00,14113.6455,15395.624,19614.902,15078.703,16856.45,35545.746
3490,2014-05-26 10:00:00,14113.6455,15395.624,19614.902,15078.703,16856.45,35545.746
3491,2014-05-26 11:00:00,14113.6455,15395.624,19614.902,15078.703,16856.45,35545.746
3492,2014-05-26 12:00:00,14113.6455,15395.624,19614.902,15078.703,16856.45,35545.746
3493,2014-05-26 13:00:00,14113.6455,15395.624,19614.902,15078.703,16856.45,35545.746
3494,2014-05-26 14:00:00,14113.6455,15395.624,19614.902,15078.703,16856.45,35545.746
3495,2014-05-26 15:00:00,14113.6455,15395.624,19614.902,15078.703,16856.45,35545.746
3496,2014-05-26 16:00:00,14113.6455,15395.624,19614.902,15078.703,16856.45,35545.746
3497,2014-05-26 17:00:00,14113.6455,15395.624,19614.902,15078.703,16856.45,35545.746
3498,2014-05-26 18:00:00,14113.6455,15395.624,19614.902,15078.703,16856.45,35545.746
3499,2014-05-26 19:00:00,14113.6455,15395.624,19614.902,15078.703,16856.45,35545.746
3500,2014-05-26 20:00:00,14113.6455,15395.624,19614.902,15078.703,16856.45,35545.746
3501,2014-05-26 21:00:00,14113.6455,15395.624,19614.902,15078.703,16856.45,35545.746
3502,2014-05-26 22:00:00,14113.6455,15395.624,19614.902,15078.703,16856.45,35545.746
3503,2014-05-26 23:00:00,14113.6455,15395.624,19614.902,15078.703,16856.45,35545.746
3504,2014-05-27 00:00:00,14113.6455,15395.624,19614.902,15078.703,16856.45,35545.746
3505,2014-05-27 01:00:00,14113.6455,15395.624,19614.902,15078.703,16856.45,35545.746
3506,2014-05-27 02:00:00,14113.6455,15395.624,19614.902,15078.703,16856.45,35545.746
3507,2014-05-27 03:00:00,14113.6455,15395.624,19614.902,15078.703,16856.45,35545.746
3508,2014-05-27 04:00:00,14113.6455,15395.624,19614.902,15078.703,16856.45,35545.746
3509,2014-05-27 05:00:00,14113.6455,15395.624,19614.902,15078.703,16856.45,35545.746
3510,2014-05-27 06:00:00,14113.6455,15395.624,19614.902,15078.703,16856.45,35545.746
3511,2014-05-27 07:00:00,14113.6455,15395.624,19614.902,15078.703,16856.45,35545.746
3512,2014-05-27 08:00:00,14113.6455,15395.624,19614.902,15078.703,16856.45,35545.746
3513,2014-05-27 09:00:00,14113.6455,15395.624,19614.902,15078.703,16856.45,35545.746
3514,2014-05-27 10:00:00,14113.6455,15395.624,19614.902,15078.703,16856.45,35545.746
3515,2014-05-27 11:00:00,14113.6455,15395.624,19614.902,15078.703,16856.45,35545.746
3516,2014-05-27 12:00:00,14113.6455,15395.624,19614.902,15078.703,16856.45,35545.746
3517,2014-05-27 13:00:00,14113.6455,15395.624,19614.902,15078.703,16856.45,35545.746
3518,2014-05-27 14:00:00,14113.6455,15395.624,19614.902,15078.703,16856.45,35545.746
3519,2014-05-27 15:00:00,14113.6455,15395.624,19614.902,15078.703,16856.45,35545.746
3520,2014-05-27 16:00:00,14113.6455,15395.624,19614.902,15078.703,16856.45,35545.746
3521,2014-05-27 17:00:00,14113.6455,15395.624,19614.902,15078.703,16856.45,35545.746
3522,2014-05-27 18:00:00,14113.6455,15395.624,19614.902,15078.703,16856.45,35545.746
3523,2014-05-27 19:00:00,14113.6455,15395.624,19614.902,15078.703,16856.45,35545.746
3524,2014-05-27 20:00:00,14113.6455,15395.624,19614.902,15078.703,16856.45,35545.746
3525,2014-05-27 21:00:00,14113.6455,15395.624,19614.902,15078.703,16856.45,35545.746
3526,2014-05-27 22:00:00,14113.6455,15395.624,19614.902,15078.703,16856.45,35545.746
3527,2014-05-27 23:00:00,14113.6455,15395.624,19614.902,15078.703,16856.45,35545.746
3528,2014-05-28 00:00:00,14113.6455,15395.624,19614.902,15078.703,16856.45,35545.746
3529,2014-05-28 01:00:00,14113.6455,15395.624,19614.902,15078.703,16856.45,35545.746
3530,2014-05-28 02:00:00,14113.6455,15395.624,19614.902,15078.703,16856.45,35545.746
3531,2014-05-28 03:00:00,14113.6455,15395.624,19614.902,15078.703,16856.45,35545.746
3532,2014-05-28 04:00:00,14113.6455,15395.624,19614.902,15078.703,16856.45,35545.746
3533,2014-05-28 05:00:00,14113.6455,15395.624,19614.902,15078.703,16856.45,35545.746
3534,2014-05-28 06:00:00,14113.6455,15395.624,19614.902,15078.703,16856.45,35545.746
3535,2014-05-28 07:00:00,14113.6455,15395.624,19614.902,15078.703,16856.45,35545.746
3536,2014-05-28 08:00:00,14113.6455,15395.624,19614.902,15078.703,16856.45,35545.746
3537,2014-05-28 09:00:00,14113.6455,15395.624,19614.902,15078.703,16856.45,35545.746
3538,2014-05-28 10:00:00,14113.6455,15395.624,19614.902,15078.703,16856.45,35545.746
3539,2014-05-28 11:00:00,14113.6455,15395.624,19614.902,15078.703,16856.45,35545.746
3540,2014-05-28 12:00:00,14113.6455,15395.624,19614.902,15078.703,16856.45,35545.746
3541,2014-05-28 13:00:00,14113.6455,15395.624,19614.902,15078.703,16856.45,35545.746
3542,2014-05-28 14:00:00,14113.6455,15395.624,19614.902,15078.703,16856.45,35545.746
3543,2014-05-28 15:00:00,14113.6455,15395.624,19614.902,15078.703,16856.45,35545.746
3544,2014-05-28 16:00:00,14113.6455,15395.624,19614.902,15078.703,16856.45,35545.746
3545,2014-05-28 17:00:00,14113.6455,15395.624,19614.902,15078.703,16856.45,35545.746
3546,2014-05-28 18:00:00,14113.6455,15395.624,19614.902,15078.703,16856.45,35545.746
3547,2014-05-28 19:00:00,14113.6455,15395.624,19614.902,15078.703,16856.45,35545.746
3548,2014-05-28 20:00:00,14113.6455,15395.624,19614.902,15078.703,16856.45,35545.746
3549,2014-05-28 21:00:00,14113.6455,15395.624,19614.902,15078.703,16856.45,35545.746
3550,2014-05-28 22:00:00,14113.6455,15395.624,19614.902,15078.703,16856.45,35545.746
3551,2014-05-28 23:00:00,14113.6455,15395.624,19614.902,15078.703,16856.45,35545.746
3552,2014-05-29 00:00:00,14113.6455,15395.624,19614.902,15078.703,16856.45,35545.746
3553,2014-05-29 01:00:00,14113.6455,15395.624,19614.902,15078.703,16856.45,35545.746
3554,2014-05-29 02:00:00,14113.6455,15395.624,19614.902,15078.703,16856.45,35545.746
3555,2014-05-29 03:00:00,14113.6455,15395.624,19614.902,15078.703,16856.45,35545.746
3556,2014-05-29 04:00:00,14113.6455,15395.624,19614.902,15078.703,16856.45,35545.746
3557,2014-05-29 05:00:00,14113.6455,15395.624,19614.902,15078.703,16856.45,35545.746
3558,2014-05-29 06:00:00,14113.6455,15395.624,19614.902,15078.703,16856.45,35545.746
3559,2014-05-29 07:00:00,14113.6455,15395.624,19614.902,15078.703,16856.45,35545.746
3560,2014-05-29 08:00:00,14113.6455,15395.624,19614.902,15078.703,16856.45,35545.746
3561,2014-05-29 09:00:00,14113.6455,15395.624,19614.902,15078.703,16856.45,35545.746
3562,2014-05-29 10:00:00,14113.6455,15395.624,19614.902,15078.703,16856.45,35545.746
3563,2014-05-29 11:00:00,14113.6455,15395.624,19614.902,15078.703,16856.45,35545.746
3564,2014-05-29 12:00:00,14113.6455,15395.624,19614.902,15078.703,16856.45,35545.746
3565,2014-05-29 13:00:00,14113.6455,15395.624,19614.902,15078.703,16856.45,35545.746
3566,2014-05-29 14:00:00,14113.6455,15395.624,19614.902,15078.703,16856.45,35545.746
3567,2014-05-29 15:00:00,14113.6455,15395.624,19614.902,15078.703,16856.45,35545.746
3568,2014-05-29 16:00:00,14113.6455,15395.624,19614.902,15078.703,16856.45,35545.746
3569,2014-05-29 17:00:00,14113.6455,15395.624,19614.902,15078.703,16856.45,35545.746
3570,2014-05-29 18:00:00,14113.6455,15395.624,19614.902,15078.703,16856.45,35545.746
3571,2014-05-29 19:00:00,14113.6455,15395.624,19614.902,15078.703,16856.45,35545.746
3572,2014-05-29 20:00:00,14113.6455,15395.624,19614.902,15078.703,16856.45,35545.746
3573,2014-05-29 21:00:00,14113.6455,15395.624,19614.902,15078.703,16856.45,35545.746
3574,2014-05-29 22:00:00,14113.6455,15395.624,19614.902,15078.703,16856.45,35545.746
3575,2014-05-29 23:00:00,14113.6455,15395.624,19614.902,15078.703,16856.45,35545.746
3576,2014-05-30 00:00:00,14113.6455,15395.624,19614.902,15078.703,16856.45,35545.746
3577,2014-05-30 01:00:00,14113.6455,15395.624,19614.902,15078.703,16856.45,35545.746
3578,2014-05-30 02:00:00,14113.6455,15395.624,19614.902,15078.703,16856.45,35545.746
3579,2014-05-30 03:00:00,14113.6455,15395.624,19614.902,15078.703,16856.45,35545.746
3580,2014-05-30 04:00:00,14113.6455,15395.624,19614.902,15078.703,16856.45,35545.746
3581,2014-05-30 05:00:00,14113.6455,15395.624,19614.902,15078.703,16856.45,35545.746
3582,2014-05-30 06:00:00,14113.6455,15395.624,19614.902,15078.703,16856.45,35545.746
3583,2014-05-30 07:00:00,14113.6455,15395.624,19614.902,15078.703,16856.45,35545.746
3584,2014-05-30 08:00:00,14113.6455,15395.624,19614.902,15078.703,16856.45,35545.746
3585,2014-05-30 09:00:00,14113.6455,15395.624,19614.902,15078.703,16856.45,35545.746
3586,2014-05-30 10:00:00,14113.6455,15395.624,19614.902,15078.703,16856.45,35545.746
3587,2014-05-30 11:00:00,14113.6455,15395.624,19614.902,15078.703,16856.45,35545.746
3588,2014-05-30 12:00:00,14113.6455,15395.624,19614.902,15078.703,16856.45,35545.746
3589,2014-05-30 13:00:00,14113.6455,15395.624,19614.902,15078.703,16856.45,35545.746
3590,2014-05-30 14:00:00,14113.6455,15395.624,19614.902,15078.703,16856.45,35545.746
3591,2014-05-30 15:00:00,14113.6455,15395.624,19614.902,15078.703,16856.45,35545.746
3592,2014-05-30 16:00:00,14113.6455,15395.624,19614.902,15078.703,16856.45,35545.746
3593,2014-05-30 17:00:00,14113.6455,15395.624,19614.902,15078.703,16856.45,35545.746
3594,2014-05-30 18:00:00,14113.6455,15395.624,19614.902,15078.703,16856.45,35545.746
3595,2014-05-30 19:00:00,14113.6455,15395.624,19614.902,15078.703,16856.45,35545.746
3596,2014-05-30 20:00:00,14113.6455,15395.624,19614.902,15078.703,16856.45,35545.746
3597,2014-05-30 21:00:00,14113.6455,15395.624,19614.902,15078.703,16856.45,35545.746
3598,2014-05-30 22:00:00,14113.6455,15395.624,19614.902,15078.703,16856.45,35545.746
3599,2014-05-30 23:00:00,14113.6455,15395.624,19614.902,15078.703,16856.45,35545.746
3600,2014-05-31 00:00:00,14113.6455,15395.624,19614.902,15078.703,16856.45,35545.746
3601,2014-05-31 01:00:00,14113.6455,15395.624,19614.902,15078.703,16856.45,35545.746
3602,2014-05-31 02:00:00,14113.6455,15395.624,19614.902,15078.703,16856.45,35545.746
3603,2014-05-31 03:00:00,14113.6455,15395.624,19614.902,15078.703,16856.45,35545.746
3604,2014-05-31 04:00:00,14113.6455,15395.624,19614.902,15078.703,16856.45,35545.746
3605,2014-05-31 05:00:00,14113.6455,15395.624,19614.902,15078.703,16856.45,35545.746
3606,2014-05-31 06:00:00,14113.6455,15395.624,19614.902,15078.703,16856.45,35545.746
3607,2014-05-31 07:00:00,14113.6455,15395.624,19614.902,15078.703,16856.45,35545.746
3608,2014-05-31 08:00:00,14113.6455,15395.624,19614.902,15078.703,16856.45,35545.746
3609,2014-05-31 09:00:00,14113.6455,15395.624,19614.902,15078.703,16856.45,35545.746
3610,2014-05-31 10:00:00,14113.6455,15395.624,19614.902,15078.703,16856.45,35545.746
3611,2014-05-31 11:00:00,14113.6455,15395.624,19614.902,15078.703,16856.45,35545.746
3612,2014-05-31 12:00:00,14113.6455,15395.624,19614.902,15078.703,16856.45,35545.746
3613,2014-05-31 13:00:00,14113.6455,15395.624,19614.902,15078.703,16856.45,35545.746
3614,2014-05-31 14:00:00,14113.6455,15395.624,19614.902,15078.703,16856.45,35545.746
3615,2014-05-31 15:00:00,14113.6455,15395.624,19614.902,15078.703,16856.45,35545.746
3616,2014-05-31 16:00:00,14113.6455,15395.624,19614.902,15078.703,16856.45,35545.746
3617,2014-05-31 17:00:00,14113.6455,15395.624,19614.902,15078.703,16856.45,35545.746
3618,2014-05-31 18:00:00,14113.6455,15395.624,19614.902,15078.703,16856.45,35545.746
3619,2014-05-31 19:00:00,14113.6455,15395.624,19614.902,15078.703,16856.45,35545.746
3620,2014-05-31 20:00:00,14113.6455,15395.624,19614.902,15078.703,16856.45,35545.746
3621,2014-05-31 21:00:00,14113.6455,15395.624,19614.902,15078.703,16856.45,35545.746
3622,2014-05-31 22:00:00,14113.6455,15395.624,19614.902,15078.703,16856.45,35545.746
3623,2014-05-31 23:00:00,14113.6455,15395.624,19614.902,15078.703,16856.45,35545.746
3624,2014-06-01 00:00:00,14113.6455,15395.624,19614.902,15078.703,16856.45,35545.746
3625,2014-06-01 01:00:00,14113.6455,15395.624,19614.902,15078.703,16856.45,35545.746
3626,2014-06-01 02:00:00,14113.6455,15395.624,19614.902,15078.703,16856.45,35545.746
3627,2014-06-01 03:00:00,14113.6455,15395.624,19614.902,15078.703,16856.45,35545.746
3628,2014-06-01 04:00:00,14113.6455,15395.624,19614.902,15078.703,16856.45,35545.746
3629,2014-06-01 05:00:00,14113.6455,15395.624,19614.902,15078.703,16856.45,35545.746
3630,2014-06-01 06:00:00,14113.6455,15395.624,19614.902,15078.703,16856.45,35545.746
3631,2014-06-01 07:00:00,14113.6455,15395.624,19614.902,15078.703,16856.45,35545.746
3632,2014-06-01 08:00:00,14113.6455,15395.624,19614.902,15078.703,16856.45,35545.746
3633,2014-06-01 09:00:00,14113.6455,15395.624,19614.902,15078.703,16856.45,35545.746
3634,2014-06-01 10:00:00,14113.6455,15395.624,19614.902,15078.703,16856.45,35545.746
3635,2014-06-01 11:00:00,14113.6455,15395.624,19614.902,15078.703,16856.45,35545.746
3636,2014-06-01 12:00:00,14113.6455,15395.624,19614.902,15078.703,16856.45,35545.746
3637,2014-06-01 13:00:00,14113.6455,15395.624,19614.902,15078.703,16856.45,35545.746
3638,2014-06-01 14:00:00,14113.6455,15395.624,19614.902,15078.703,16856.45,35545.746
3639,2014-06-01 15:00:00,14113.6455,15395.624,19614.902,15078.703,16856.45,35545.746
3640,2014-06-01 16:00:00,14113.6455,15395.624,19614.902,15078.703,16856.45,35545.746
3641,2014-06-01 17:00:00,14113.6455,15395.624,19614.902,15078.703,16856.45,35545.746
3642,2014-06-01 18:00:00,14113.6455,15395.624,19614.902,15078.703,16856.45,35545.746
3643,2014-06-01 19:00:00,14113.6455,15395.624,19614.902,15078.703,16856.45,35545.746
3644,2014-06-01 20:00:00,14113.6455,15395.624,19614.902,15078.703,16856.45,35545.746
3645,2014-06-01 21:00:00,14113.6455,15395.624,19614.902,15078.703,16856.45,35545.746
3646,2014-06-01 22:00:00,14113.6455,15395.624,19614.902,15078.703,16856.45,35545.746
3647,2014-06-01 23:00:00,14113.6455,15395.624,19614.902,15078.703,16856.45,35545.746
3648,2014-06-02 00:00:00,14113.6455,15395.624,19614.902,15078.703,16856.45,35545.746
3649,2014-06-02 01:00:00,14113.6455,15395.624,19614.902,15078.703,16856.45,35545.746
3650,2014-06-02 02:00:00,14113.6455,15395.624,19614.902,15078.703,16856.45,35545.746
3651,2014-06-02 03:00:00,14113.6455,15395.624,19614.902,15078.703,16856.45,35545.746
3652,2014-06-02 04:00:00,14113.6455,15395.624,19614.902,15078.703,16856.45,35545.746
3653,2014-06-02 05:00:00,14113.6455,15395.624,19614.902,15078.703,16856.45,35545.746
3654,2014-06-02 06:00:00,14113.6455,15395.624,19614.902,15078.703,16856.45,35545.746
3655,2014-06-02 07:00:00,14113.6455,15395.624,19614.902,15078.703,16856.45,35545.746
3656,2014-06-02 08:00:00,14113.6455,15395.624,19614.902,15078.703,16856.45,35545.746
3657,2014-06-02 09:00:00,14113.6455,15395.624,19614.902,15078.703,16856.45,35545.746
3658,2014-06-02 10:00:00,14113.6455,15395.624,19614.902,15078.703,16856.45,35545.746
3659,2014-06-02 11:00:00,14113.6455,15395.624,19614.902,15078.703,16856.45,35545.746
3660,2014-06-02 12:00:00,14113.6455,15395.624,19614.902,15078.703,16856.45,35545.746
3661,2014-06-02 13:00:00,14113.6455,15395.624,19614.902,15078.703,16856.45,35545.746
3662,2014-06-02 14:00:00,14113.6455,15395.624,19614.902,15078.703,16856.45,35545.746
3663,2014-06-02 15:00:00,14113.6455,15395.624,19614.902,15078.703,16856.45,35545.746
3664,2014-06-02 16:00:00,14113.6455,15395.624,19614.902,15078.703,16856.45,35545.746
3665,2014-06-02 17:00:00,14113.6455,15395.624,19614.902,15078.703,16856.45,35545.746
3666,2014-06-02 18:00:00,14113.6455,15395.624,19614.902,15078.703,16856.45,35545.746
3667,2014-06-02 19:00:00,14113.6455,15395.624,19614.902,15078.703,16856.45,35545.746
3668,2014-06-02 20:00:00,14113.6455,15395.624,19614.902,15078.703,16856.45,35545.746
3669,2014-06-02 21:00:00,14113.6455,15395.624,19614.902,15078.703,16856.45,35545.746
3670,2014-06-02 22:00:00,14113.6455,15395.624,19614.902,15078.703,16856.45,35545.746
3671,2014-06-02 23:00:00,14113.6455,15395.624,19614.902,15078.703,16856.45,35545.746
3672,2014-06-03 00:00:00,14113.6455,15395.624,19614.902,15078.703,16856.45,35545.746
3673,2014-06-03 01:00:00,14113.6455,15395.624,19614.902,15078.703,16856.45,35545.746
3674,2014-06-03 02:00:00,14113.6455,15395.624,19614.902,15078.703,16856.45,35545.746
3675,2014-06-03 03:00:00,14113.6455,15395.624,19614.902,15078.703,16856.45,35545.746
3676,2014-06-03 04:00:00,14113.6455,15395.624,19614.902,15078.703,16856.45,35545.746
3677,2014-06-03 05:00:00,14113.6455,15395.624,19614.902,15078.703,16856.45,35545.746
3678,2014-06-03 06:00:00,14113.6455,15395.624,19614.902,15078.703,16856.45,35545.746
3679,2014-06-03 07:00:00,14113.6455,15395.624,19614.902,15078.703,16856.45,35545.746
3680,2014-06-03 08:00:00,14113.6455,15395.624,19614.902,15078.703,16856.45,35545.746
3681,2014-06-03 09:00:00,14113.6455,15395.624,19614.902,15078.703,16856.45,35545.746
3682,2014-06-03 10:00:00,14113.6455,15395.624,19614.902,15078.703,16856.45,35545.746
3683,2014-06-03 11:00:00,14113.6455,15395.624,19614.902,15078.703,16856.45,35545.746
3684,2014-06-03 12:00:00,14113.6455,15395.624,19614.902,15078.703,16856.45,35545.746
3685,2014-06-03 13:00:00,14113.6455,15395.624,19614.902,15078.703,16856.45,35545.746
3686,2014-06-03 14:00:00,14113.6455,15395.624,19614.902,15078.703,16856.45,35545.746
3687,2014-06-03 15:00:00,14113.6455,15395.624,19614.902,15078.737,16856.45,35545.746
3688,2014-06-03 16:00:00,14113.6455,15395.624,19614.902,15078.875,16856.45,35545.746
3689,2014-06-03 17:00:00,14113.6455,15395.624,19614.902,15078.875,16856.45,35545.746
3690,2014-06-03 18:00:00,14113.6455,15395.624,19614.902,15078.875,16856.45,35545.746
3691,2014-06-03 19:00:00,14113.6455,15395.624,19614.902,15078.875,16856.45,35545.746
3692,2014-06-03 20:00:00,14113.6455,15395.624,19614.902,15078.875,16856.45,35545.746
3693,2014-06-03 21:00:00,14113.6455,15395.624,19614.902,15078.875,16856.45,35545.746
3694,2014-06-03 22:00:00,14113.6455,15395.624,19614.902,15078.875,16856.45,35545.746
3695,2014-06-03 23:00:00,14113.6455,15395.624,19614.902,15078.875,16856.45,35545.746
3696,2014-06-04 00:00:00,14113.6455,15395.624,19614.902,15078.875,16856.45,35545.746
3697,2014-06-04 01:00:00,14113.6455,15395.624,19614.902,15078.875,16856.45,35545.746
3698,2014-06-04 02:00:00,14113.6455,15395.624,19614.902,15078.875,16856.45,35545.746
3699,2014-06-04 03:00:00,14113.6455,15395.624,19614.902,15078.875,16856.45,35545.746
3700,2014-06-04 04:00:00,14113.6455,15395.624,19614.902,15078.875,16856.45,35545.746
3701,2014-06-04 05:00:00,14113.6455,15395.624,19614.902,15078.875,16856.45,35545.746
3702,2014-06-04 06:00:00,14113.6455,15395.624,19614.902,15078.875,16856.45,35545.746
3703,2014-06-04 07:00:00,14113.6455,15395.624,19614.902,15078.875,16856.45,35545.746
3704,2014-06-04 08:00:00,14113.6455,15395.624,19614.902,15078.875,16856.45,35545.746
3705,2014-06-04 09:00:00,14113.6455,15395.624,19614.902,15078.875,16856.45,35545.746
3706,2014-06-04 10:00:00,14113.6455,15395.624,19614.902,15078.875,16856.45,35545.746
3707,2014-06-04 11:00:00,14113.6455,15395.624,19614.902,15078.875,16856.45,35545.746
3708,2014-06-04 12:00:00,14113.6455,15395.624,19614.902,15078.875,16856.45,35545.746
3709,2014-06-04 13:00:00,14113.6455,15395.624,19614.902,15078.875,16856.45,35545.746
3710,2014-06-04 14:00:00,14113.6455,15395.624,19614.902,15078.875,16856.45,35545.746
3711,2014-06-04 15:00:00,14113.6455,15395.624,19614.902,15078.875,16856.45,35545.746
3712,2014-06-04 16:00:00,14113.926,15395.624,19614.902,15078.875,16856.45,35545.746
3713,2014-06-04 17:00:00,14114.707,15396.153,19614.902,15078.875,16856.45,35545.746
3714,2014-06-04 18:00:00,14115.012,15396.356,19614.902,15078.875,16856.45,35545.746
3715,2014-06-04 19:00:00,14115.012,15396.356,19614.902,15078.875,16856.45,35545.746
3716,2014-06-04 20:00:00,14115.012,15396.356,19614.902,15078.875,16856.45,35545.746
3717,2014-06-04 21:00:00,14115.012,15396.356,19614.902,15078.875,16856.45,35545.746
3718,2014-06-04 22:00:00,14115.012,15396.356,19614.902,15078.875,16856.45,35545.746
3719,2014-06-04 23:00:00,14115.012,15396.356,19614.902,15078.875,16856.45,35545.746
3720,2014-06-05 00:00:00,14115.012,15396.356,19614.902,15078.875,16856.45,35545.746
3721,2014-06-05 01:00:00,14115.012,15396.356,19614.902,15078.875,16856.45,35545.746
3722,2014-06-05 02:00:00,14115.012,15396.356,19614.902,15078.875,16856.45,35545.746
3723,2014-06-05 03:00:00,14115.012,15396.356,19614.902,15078.875,16856.45,35545.746
3724,2014-06-05 04:00:00,14115.012,15396.356,19614.902,15078.875,16856.45,35545.746
3725,2014-06-05 05:00:00,14115.012,15396.356,19615.568,15078.875,16856.45,35545.746
3726,2014-06-05 06:00:00,14115.012,15396.356,19615.568,15078.875,16856.45,35545.746
3727,2014-06-05 07:00:00,14115.012,15396.356,19615.568,15078.875,16856.45,35545.746
3728,2014-06-05 08:00:00,14115.012,15396.356,19615.568,15079.147,16856.45,35545.746
3729,2014-06-05 09:00:00,14115.195,15396.356,19615.568,15079.177,16856.531,35545.746
3730,2014-06-05 10:00:00,14115.99,15396.356,19615.568,15079.812,16856.531,35545.746
3731,2014-06-05 11:00:00,14116.066,15396.356,19615.568,15080.604,16856.951,35545.746
3732,2014-06-05 12:00:00,14116.066,15396.356,19615.568,15080.621,16856.951,35545.746
3733,2014-06-05 13:00:00,14116.066,15396.356,19615.568,15080.785,16856.951,35545.746
3734,2014-06-05 14:00:00,14116.066,15396.356,19615.568,15080.785,16856.951,35545.746
3735,2014-06-05 15:00:00,14116.066,15396.356,19615.568,15080.785,16856.951,35545.746
3736,2014-06-05 16:00:00,14116.257,15396.356,19615.568,15081.024,16856.951,35546.15
3737,2014-06-05 17:00:00,14116.708,15397.217,19615.568,15083.783,16856.951,35546.55
3738,2014-06-05 18:00:00,14116.957,15398.055,19615.568,15085.567,16856.951,35547.004
3739,2014-06-05 19:00:00,14117.378,15398.702,19615.568,15088.165,16857.477,35548.55
3740,2014-06-05 20:00:00,14117.378,15398.786,19615.568,15088.819,16857.477,35548.688
3741,2014-06-05 21:00:00,14117.424,15398.786,19615.568,15089.569,16857.477,35548.688
3742,2014-06-05 22:00:00,14117.557,15398.786,19615.568,15089.78,16857.477,35549.26
3743,2014-06-05 23:00:00,14117.557,15398.786,19615.568,15089.78,16857.477,35549.26
3744,2014-06-06 00:00:00,14117.557,15402.016,19616.201,15091.093,16859.584,35549.26
3745,2014-06-06 01:00:00,14117.557,15402.016,19616.201,15091.093,16859.584,35549.26
3746,2014-06-06 02:00:00,14117.557,15402.016,19616.201,15091.093,16859.584,35549.26
3747,2014-06-06 03:00:00,14117.557,15398.786,19615.568,15089.78,16857.477,35549.26
3748,2014-06-06 04:00:00,14117.557,15398.786,19615.568,15089.78,16857.477,35549.26
3749,2014-06-06 05:00:00,14117.557,15398.786,19615.568,15089.78,16857.477,35549.26
3750,2014-06-06 06:00:00,14117.557,15398.786,19615.568,15089.78,16857.477,35549.26
3751,2014-06-06 07:00:00,14117.557,15398.786,19615.568,15090.682,16857.477,35549.26
3752,2014-06-06 08:00:00,14117.557,15401.799,19615.568,15090.725,16857.477,35549.26
3753,2014-06-06 09:00:00,14117.557,15402.016,19615.81,15091.093,16859.584,35549.26
3754,2014-06-06 10:00:00,14117.557,15402.016,19616.201,15091.093,16859.584,35549.26
3755,2014-06-06 11:00:00,14117.557,15402.016,19616.201,15091.093,16859.584,35549.26
3756,2014-06-06 12:00:00,14117.557,15398.786,19615.568,15089.78,16857.477,35549.26
3757,2014-06-06 13:00:00,14117.557,15398.786,19615.568,15089.78,16857.477,35549.26
3758,2014-06-06 14:00:00,14117.557,15398.786,19615.568,15089.78,16857.477,35549.26
3759,2014-06-06 15:00:00,14117.557,15398.786,19615.568,15089.78,16857.477,35549.26
3760,2014-06-06 16:00:00,14117.557,15398.786,19615.568,15089.78,16857.477,35549.26
3761,2014-06-06 17:00:00,14117.557,15398.786,19615.568,15089.78,16857.477,35549.26
3762,2014-06-06 18:00:00,14117.557,15398.786,19615.568,15089.78,16857.477,35549.26
3763,2014-06-06 19:00:00,14117.557,15398.786,19615.568,15089.78,16857.477,35549.26
3764,2014-06-06 20:00:00,14117.557,15398.786,19615.568,15089.78,16857.477,35549.26
3765,2014-06-06 21:00:00,14117.557,15398.786,19615.568,15089.78,16857.477,35549.26
3766,2014-06-06 22:00:00,14117.557,15402.016,19616.201,15091.093,16859.584,35549.26
3767,2014-06-06 23:00:00,14117.557,15402.016,19616.201,15091.093,16859.584,35549.26
3768,2014-06-07 00:00:00,14117.557,15402.016,19616.201,15091.093,16859.584,35549.26
3769,2014-06-07 01:00:00,14117.557,15402.016,19616.201,15091.093,16859.584,35549.26
3770,2014-06-07 02:00:00,14117.557,15402.016,19616.201,15091.093,16859.584,35549.26
3771,2014-06-07 03:00:00,14117.557,15402.016,19616.201,15091.093,16859.584,35549.26
3772,2014-06-07 04:00:00,14117.557,15402.016,19616.201,15091.093,16859.584,35549.26
3773,2014-06-07 05:00:00,14117.557,15402.016,19616.201,15091.093,16859.584,35549.26
3774,2014-06-07 06:00:00,14117.557,15402.016,19616.201,15091.093,16859.584,35549.26
3775,2014-06-07 07:00:00,14117.557,15402.016,19616.201,15091.093,16859.584,35549.26
3776,2014-06-07 08:00:00,14117.557,15402.016,19616.201,15091.093,16859.584,35549.26
3777,2014-06-07 09:00:00,14117.557,15402.016,19616.201,15091.093,16859.584,35549.26
3778,2014-06-07 10:00:00,14117.557,15402.016,19616.201,15091.093,16859.584,35549.26
3779,2014-06-07 11:00:00,14117.557,15402.016,19616.201,15091.093,16859.584,35549.26
3780,2014-06-07 12:00:00,14117.557,15402.016,19616.201,15091.093,16859.584,35549.26
3781,2014-06-07 13:00:00,14117.557,15402.016,19616.201,15091.093,16859.584,35549.26
3782,2014-06-07 14:00:00,14117.557,15402.016,19616.201,15091.093,16859.584,35549.26
3783,2014-06-07 15:00:00,14117.557,15402.016,19616.201,15091.093,16859.584,35549.26
3784,2014-06-07 16:00:00,14117.557,15402.016,19616.201,15091.093,16859.584,35549.26
3785,2014-06-07 17:00:00,14117.557,15402.016,19616.201,15091.093,16859.584,35549.26
3786,2014-06-07 18:00:00,14117.557,15402.016,19616.201,15091.093,16859.584,35549.26
3787,2014-06-07 19:00:00,14117.557,15402.016,19616.201,15091.093,16859.584,35549.26
3788,2014-06-07 20:00:00,14117.557,15402.016,19616.201,15091.093,16859.584,35549.26
3789,2014-06-07 21:00:00,14117.557,15402.016,19616.201,15091.093,16859.584,35549.26
3790,2014-06-07 22:00:00,14117.557,15402.016,19616.201,15091.093,16859.584,35549.26
3791,2014-06-07 23:00:00,14117.557,15402.016,19616.201,15091.093,16859.584,35549.26
3792,2014-06-08 00:00:00,14117.557,15402.016,19616.201,15091.093,16859.584,35549.26
3793,2014-06-08 01:00:00,14117.557,15402.016,19616.201,15091.093,16859.584,35549.26
3794,2014-06-08 02:00:00,14117.557,15402.016,19616.201,15091.093,16859.584,35549.26
3795,2014-06-08 03:00:00,14117.557,15402.016,19616.201,15091.093,16859.584,35549.26
3796,2014-06-08 04:00:00,14117.557,15402.016,19616.201,15091.093,16859.584,35549.26
3797,2014-06-08 05:00:00,14117.557,15402.016,19616.201,15091.093,16859.584,35549.26
3798,2014-06-08 06:00:00,14117.557,15402.016,19616.201,15091.093,16859.584,35549.26
3799,2014-06-08 07:00:00,14117.557,15402.016,19616.201,15091.093,16859.584,35549.26
3800,2014-06-08 08:00:00,14117.557,15402.016,19616.201,15091.093,16859.584,35549.26
3801,2014-06-08 09:00:00,14117.557,15402.016,19616.201,15091.093,16859.584,35549.26
3802,2014-06-08 10:00:00,14117.557,15402.016,19616.201,15091.093,16859.584,35549.26
3803,2014-06-08 11:00:00,14117.557,15402.016,19616.201,15091.093,16859.584,35549.26
3804,2014-06-08 12:00:00,14117.557,15402.016,19616.201,15091.093,16859.584,35549.26
3805,2014-06-08 13:00:00,14117.557,15402.016,19616.201,15091.093,16859.584,35549.26
3806,2014-06-08 14:00:00,14117.557,15402.098,19616.201,15091.147,16859.7,35549.535
3807,2014-06-08 15:00:00,14117.656,15402.098,19616.201,15091.147,16859.7,35549.535
3808,2014-06-08 16:00:00,14117.656,15402.098,19616.201,15091.147,16859.7,35549.535
3809,2014-06-08 17:00:00,14117.656,15402.098,19616.201,15091.147,16859.7,35549.535
3810,2014-06-08 18:00:00,14117.656,15402.54,19616.201,15091.147,16859.7,35549.535
3811,2014-06-08 19:00:00,14117.656,15402.623,19616.201,15091.147,16859.7,35549.535
3812,2014-06-08 20:00:00,14117.656,15402.768,19616.201,15091.147,16859.7,35549.535
3813,2014-06-08 21:00:00,14117.656,15402.936,19616.201,15091.147,16859.7,35549.535
3814,2014-06-08 22:00:00,14117.656,15402.936,19616.201,15091.147,16859.7,35549.535
3815,2014-06-08 23:00:00,14117.656,15402.936,19616.201,15091.147,16859.7,35549.535
3816,2014-06-09 00:00:00,14117.656,15402.936,19616.201,15091.147,16859.7,35549.535
3817,2014-06-09 01:00:00,14117.656,15402.936,19616.201,15091.147,16859.7,35549.535
3818,2014-06-09 02:00:00,14117.656,15402.936,19616.201,15091.147,16859.7,35549.535
3819,2014-06-09 03:00:00,14117.656,15402.936,19616.201,15091.147,16859.7,35549.535
3820,2014-06-09 04:00:00,14117.656,15402.936,19616.201,15091.147,16859.7,35549.535
3821,2014-06-09 05:00:00,14117.656,15402.936,19616.201,15091.147,16859.7,35549.535
3822,2014-06-09 06:00:00,14117.656,15402.936,19616.201,15091.147,16859.7,35549.535
3823,2014-06-09 07:00:00,14117.656,15402.936,19616.201,15091.147,16859.7,35549.535
3824,2014-06-09 08:00:00,14117.656,15402.936,19616.201,15091.147,16859.7,35549.535
3825,2014-06-09 09:00:00,14117.656,15402.936,19616.201,15091.147,16859.7,35549.535
3826,2014-06-09 10:00:00,14117.656,15402.936,19616.201,15091.147,16859.7,35549.535
3827,2014-06-09 11:00:00,14117.656,15402.936,19616.201,15091.147,16859.7,35549.535
3828,2014-06-09 12:00:00,14117.656,15402.936,19616.201,15091.147,16859.7,35549.535
3829,2014-06-09 13:00:00,14117.656,15402.936,19616.201,15091.147,16859.7,35549.535
3830,2014-06-09 14:00:00,14117.656,15402.936,19616.201,15091.147,16859.7,35549.535
3831,2014-06-09 15:00:00,14117.656,15402.936,19616.201,15091.147,16859.7,35549.535
3832,2014-06-09 16:00:00,14117.656,15402.936,19616.201,15091.147,16859.7,35549.535
3833,2014-06-09 17:00:00,14117.656,15402.936,19616.201,15091.147,16859.7,35549.535
3834,2014-06-09 18:00:00,14117.656,15402.936,19616.201,15091.147,16859.7,35549.535
3835,2014-06-09 19:00:00,14117.656,15402.936,19616.201,15091.147,16859.7,35549.535
3836,2014-06-09 20:00:00,14117.656,15402.936,19616.201,15091.147,16859.7,35549.535
3837,2014-06-09 21:00:00,14117.656,15402.936,19616.201,15091.147,16859.7,35549.535
3838,2014-06-09 22:00:00,14117.656,15402.936,19616.201,15091.147,16859.7,35549.535
3839,2014-06-09 23:00:00,14117.656,15402.936,19616.201,15091.147,16859.7,35549.535
3840,2014-06-10 00:00:00,14117.656,15402.936,19616.201,15091.147,16859.7,35549.535
3841,2014-06-10 01:00:00,14117.656,15402.936,19616.201,15091.147,16859.7,35549.535
3842,2014-06-10 02:00:00,14117.656,15402.936,19616.201,15091.147,16859.7,35549.535
3843,2014-06-10 03:00:00,14117.656,15402.936,19616.201,15091.147,16859.7,35549.535
3844,2014-06-10 04:00:00,14117.656,15402.936,19616.201,15091.147,16859.7,35549.535
3845,2014-06-10 05:00:00,14117.656,15402.936,19616.201,15091.147,16859.7,35549.535
3846,2014-06-10 06:00:00,14117.656,15402.936,19616.201,15091.147,16859.7,35549.535
3847,2014-06-10 07:00:00,14117.656,15402.936,19616.201,15091.147,16859.7,35549.535
3848,2014-06-10 08:00:00,14117.656,15402.936,19616.201,15091.147,16859.7,35549.535
3849,2014-06-10 09:00:00,14117.656,15402.936,19616.201,15091.147,16859.7,35549.535
3850,2014-06-10 10:00:00,14117.656,15403.618,19616.201,15091.147,16859.7,35549.535
3851,2014-06-10 11:00:00,14117.656,15404.507,19616.201,15091.147,16859.7,35549.535
3852,2014-06-10 12:00:00,14117.656,15404.507,19616.201,15091.147,16859.7,35549.535
3853,2014-06-10 13:00:00,14117.656,15404.507,19616.201,15091.147,16859.7,35549.535
3854,2014-06-10 14:00:00,14117.656,15402.936,19616.201,15091.147,16859.7,35549.535
3855,2014-06-10 15:00:00,14117.656,15402.936,19616.201,15091.147,16859.7,35549.535
3856,2014-06-10 16:00:00,14117.656,15402.936,19616.201,15091.147,16859.7,35549.535
3857,2014-06-10 17:00:00,14117.656,15402.936,19616.201,15091.147,16859.7,35549.535
3858,2014-06-10 18:00:00,14117.656,15402.936,19616.201,15091.147,16859.7,35549.535
3859,2014-06-10 19:00:00,14117.656,15402.936,19616.201,15091.147,16859.7,35549.535
3860,2014-06-10 20:00:00,14117.656,15402.936,19616.201,15091.147,16859.7,35549.535
3861,2014-06-10 21:00:00,14117.656,15402.936,19616.201,15091.147,16859.7,35549.535
3862,2014-06-10 22:00:00,14117.656,15402.936,19616.201,15091.147,16859.7,35549.535
3863,2014-06-10 23:00:00,14117.656,15402.936,19616.201,15091.147,16859.7,35549.535
3864,2014-06-11 00:00:00,14117.656,15404.507,19616.201,15091.147,16859.7,35549.535
3865,2014-06-11 01:00:00,14117.755,15405.33,19616.201,15093.124,16861.178,35551.12
3866,2014-06-11 02:00:00,14119.694,15409.598,19618.023,15097.981,16865.814,35559.625
3867,2014-06-11 03:00:00,14125.284,15424.085,19620.707,15103.591,16867.139,35565.633
3868,2014-06-11 04:00:00,14128.419,15425.687,19627.115,15105.283,16868.193,35572.613
3869,2014-06-11 05:00:00,14129.494,15425.819,19629.86,15105.818,16868.432,35576.484
3870,2014-06-11 06:00:00,14129.653,15425.819,19629.902,15105.818,16868.432,35577.008
3871,2014-06-11 07:00:00,14129.653,15425.819,19629.902,15105.818,16868.432,35577.02
3872,2014-06-11 08:00:00,14129.653,15425.819,19629.902,15105.818,16868.432,35577.02
3873,2014-06-11 09:00:00,14129.653,15425.819,19629.902,15105.818,16868.432,35577.02
3874,2014-06-11 10:00:00,14129.653,15425.819,19629.902,15105.818,16868.432,35577.02
3875,2014-06-11 11:00:00,14129.653,15425.819,19629.902,15105.818,16868.432,35577.02
3876,2014-06-11 12:00:00,14129.653,15425.819,19629.902,15105.818,16868.432,35577.02
3877,2014-06-11 13:00:00,14129.653,15425.819,19629.902,15105.818,16868.432,35577.02
3878,2014-06-11 14:00:00,14129.653,15425.819,19629.902,15105.818,16868.432,35577.02
3879,2014-06-11 15:00:00,14129.653,15425.819,19630.09,15105.818,16868.432,35577.02
3880,2014-06-11 16:00:00,14129.653,15425.819,19630.38,15105.818,16868.432,35577.02
3881,2014-06-11 17:00:00,14129.653,15425.819,19630.38,15105.818,16868.432,35577.02
3882,2014-06-11 18:00:00,14129.653,15425.819,19630.38,15105.818,16868.432,35577.02
3883,2014-06-11 19:00:00,14129.653,15425.895,19630.38,15105.818,16868.432,35577.02
3884,2014-06-11 20:00:00,14129.653,15425.967,19630.38,15105.818,16868.432,35577.02
3885,2014-06-11 21:00:00,14129.653,15426.018,19630.38,15105.818,16868.627,35577.02
3886,2014-06-11 22:00:00,14129.653,15426.018,19630.38,15105.818,16868.994,35577.02
3887,2014-06-11 23:00:00,14129.653,15426.018,19630.38,15105.818,16868.994,35577.02
3888,2014-06-12 00:00:00,14129.653,15426.321,19630.453,15105.818,16869.066,35577.02
3889,2014-06-12 01:00:00,14129.749,15426.321,19631.115,15106.185,16869.941,35577.02
3890,2014-06-12 02:00:00,14129.758,15426.423,19631.88,15106.662,16873.713,35577.02
3891,2014-06-12 03:00:00,14129.758,15426.52,19633.148,15107.784,16876.244,35577.18
3892,2014-06-12 04:00:00,14129.758,15427.12,19634.701,15109.516,16878.414,35577.18
3893,2014-06-12 05:00:00,14129.758,15427.12,19635.93,15111.04,16879.656,35577.18
3894,2014-06-12 06:00:00,14129.758,15427.358,19636.814,15112.124,16881.734,35577.18
3895,2014-06-12 07:00:00,14129.758,15427.609,19637.37,15113.002,16882.926,35577.18
3896,2014-06-12 08:00:00,14129.758,15427.822,19638.33,15113.838,16884.455,35577.18
3897,2014-06-12 09:00:00,14129.758,15428.206,19640.031,15114.687,16886.428,35577.27
3898,2014-06-12 10:00:00,14129.758,15428.367,19641.615,15115.447,16888.672,35577.332
3899,2014-06-12 11:00:00,14129.758,15428.657,19643.03,15116.112,16889.447,35577.332
3900,2014-06-12 12:00:00,14129.758,15429.375,19645.406,15117.198,16889.566,35579.36
3901,2014-06-12 13:00:00,14129.758,15429.375,19648.94,15117.588,16889.566,35580.703
3902,2014-06-12 14:00:00,14129.758,15429.375,19652.207,15117.588,16889.885,35580.703
3903,2014-06-12 15:00:00,14129.758,15429.375,19654.432,15118.306,16890.158,35580.703
3904,2014-06-12 16:00:00,14129.758,15429.375,19655.238,15118.32,16890.158,35580.703
3905,2014-06-12 17:00:00,14129.758,15429.581,19655.357,15118.32,16890.158,35580.703
3906,2014-06-12 18:00:00,14129.758,15429.651,19658.188,15118.32,16890.158,35580.703
3907,2014-06-12 19:00:00,14129.758,15429.808,19658.729,15118.32,16890.158,35580.703
3908,2014-06-12 20:00:00,14129.758,15429.808,19658.729,15118.32,16890.453,35580.703
3909,2014-06-12 21:00:00,14129.758,15429.808,19658.895,15118.32,16890.453,35580.703
3910,2014-06-12 22:00:00,14129.758,15429.808,19659.3,15118.32,16890.453,35580.703
3911,2014-06-12 23:00:00,14129.758,15429.808,19659.3,15118.32,16890.453,35580.703
3912,2014-06-13 00:00:00,14129.758,15429.808,19659.703,15118.32,16890.639,35580.703
3913,2014-06-13 01:00:00,14129.758,15429.808,19659.703,15118.32,16891.22,35580.703
3914,2014-06-13 02:00:00,14129.758,15429.808,19660.088,15118.32,16891.22,35580.703
3915,2014-06-13 03:00:00,14129.758,15429.808,19661.137,15118.32,16892.312,35580.844
3916,2014-06-13 04:00:00,14129.758,15429.808,19661.219,15118.32,16893.543,35580.844
3917,2014-06-13 05:00:00,14129.758,15429.808,19661.137,15118.32,16893.543,35580.844
3918,2014-06-13 06:00:00,14129.758,15429.808,19661.219,15118.32,16893.543,35580.844
3919,2014-06-13 07:00:00,14129.758,15429.808,19661.219,15118.32,16893.543,35580.844
3920,2014-06-13 08:00:00,14129.758,15429.808,19661.219,15118.32,16893.543,35580.844
3921,2014-06-13 09:00:00,14129.758,15429.808,19661.219,15118.32,16893.543,35580.844
3922,2014-06-13 10:00:00,14129.758,15429.808,19661.219,15118.32,16893.543,35580.844
3923,2014-06-13 11:00:00,14129.758,15429.808,19661.219,15118.32,16893.543,35580.844
3924,2014-06-13 12:00:00,14129.758,15429.808,19661.219,15118.32,16893.543,35580.844
3925,2014-06-13 13:00:00,14129.758,15429.808,19661.219,15118.32,16893.543,35580.844
3926,2014-06-13 14:00:00,14129.758,15429.808,19661.219,15118.32,16893.543,35580.844
3927,2014-06-13 15:00:00,14129.758,15429.808,19661.219,15118.32,16893.543,35580.844
3928,2014-06-13 16:00:00,14129.758,15429.808,19661.219,15118.32,16893.543,35580.844
3929,2014-06-13 17:00:00,14129.758,15429.808,19661.219,15118.32,16893.543,35580.844
3930,2014-06-13 18:00:00,14129.758,15429.808,19661.219,15118.32,16893.543,35580.844
3931,2014-06-13 19:00:00,14129.758,15429.808,19661.219,15118.32,16893.543,35580.844
3932,2014-06-13 20:00:00,14129.758,15429.808,19661.219,15118.32,16893.543,35580.844
3933,2014-06-13 21:00:00,14129.758,15429.808,19661.219,15118.32,16893.543,35580.844
3934,2014-06-13 22:00:00,14129.758,15429.808,19661.219,15118.32,16893.543,35580.844
3935,2014-06-13 23:00:00,14129.758,15429.808,19661.219,15118.32,16893.543,35580.844
3936,2014-06-14 00:00:00,14129.758,15429.808,19661.219,15118.32,16893.543,35580.844
3937,2014-06-14 01:00:00,14129.758,15429.808,19661.219,15118.32,16893.543,35580.844
3938,2014-06-14 02:00:00,14129.758,15429.808,19661.219,15118.32,16893.543,35580.844
3939,2014-06-14 03:00:00,14129.758,15429.808,19661.219,15118.32,16893.543,35580.844
3940,2014-06-14 04:00:00,14129.758,15429.808,19661.219,15118.32,16893.543,35580.844
3941,2014-06-14 05:00:00,14129.758,15429.808,19661.219,15118.32,16893.543,35580.844
3942,2014-06-14 06:00:00,14129.758,15429.808,19661.219,15118.32,16893.543,35580.844
3943,2014-06-14 07:00:00,14129.758,15429.808,19661.219,15118.32,16893.543,35580.844
3944,2014-06-14 08:00:00,14129.758,15429.808,19661.219,15118.32,16893.543,35580.844
3945,2014-06-14 09:00:00,14129.758,15429.808,19661.219,15118.32,16893.543,35580.844
3946,2014-06-14 10:00:00,14129.758,15429.808,19661.219,15118.32,16893.543,35580.844
3947,2014-06-14 11:00:00,14129.758,15429.808,19661.219,15118.32,16893.543,35580.844
3948,2014-06-14 12:00:00,14129.758,15429.808,19661.219,15118.32,16893.543,35580.844
3949,2014-06-14 13:00:00,14129.758,15429.808,19661.219,15118.32,16893.543,35580.844
3950,2014-06-14 14:00:00,14129.758,15429.808,19661.219,15118.32,16893.543,35580.844
3951,2014-06-14 15:00:00,14129.758,15429.808,19661.219,15118.32,16893.543,35580.844
3952,2014-06-14 16:00:00,14129.758,15429.808,19661.219,15118.32,16893.543,35580.844
3953,2014-06-14 17:00:00,14129.758,15429.808,19661.219,15118.32,16893.543,35580.844
3954,2014-06-14 18:00:00,14129.758,15429.808,19661.219,15118.32,16893.543,35580.844
3955,2014-06-14 19:00:00,14129.758,15429.808,19661.219,15118.32,16893.543,35580.844
3956,2014-06-14 20:00:00,14129.758,15429.808,19661.219,15118.32,16893.543,35580.844
3957,2014-06-14 21:00:00,14129.758,15429.808,19661.219,15118.32,16893.543,35580.844
3958,2014-06-14 22:00:00,14129.758,15429.808,19661.219,15118.32,16893.543,35580.844
3959,2014-06-14 23:00:00,14129.758,15429.808,19661.219,15118.32,16893.543,35580.844
3960,2014-06-15 00:00:00,14129.758,15429.808,19661.219,15118.32,16893.543,35580.844
3961,2014-06-15 01:00:00,14129.758,15429.808,19661.219,15118.32,16893.543,35580.844
3962,2014-06-15 02:00:00,14129.758,15429.808,19661.219,15118.32,16893.543,35580.844
3963,2014-06-15 03:00:00,14129.758,15429.808,19661.219,15118.32,16893.543,35580.844
3964,2014-06-15 04:00:00,14129.758,15429.808,19661.219,15118.32,16893.543,35580.844
3965,2014-06-15 05:00:00,14129.758,15429.808,19661.219,15118.32,16893.543,35580.844
3966,2014-06-15 06:00:00,14129.758,15429.808,19661.219,15118.32,16893.543,35580.844
3967,2014-06-15 07:00:00,14129.758,15429.808,19661.219,15118.32,16893.543,35580.844
3968,2014-06-15 08:00:00,14129.758,15429.808,19661.219,15118.32,16893.543,35580.844
3969,2014-06-15 09:00:00,14129.758,15429.808,19661.219,15118.32,16893.543,35580.844
3970,2014-06-15 10:00:00,14129.758,15429.808,19661.219,15118.32,16893.543,35580.844
3971,2014-06-15 11:00:00,14129.758,15429.808,19661.219,15118.32,16893.543,35580.844
3972,2014-06-15 12:00:00,14129.758,15429.808,19661.219,15118.32,16893.543,35580.844
3973,2014-06-15 13:00:00,14129.758,15429.808,19661.219,15118.32,16893.543,35580.844
3974,2014-06-15 14:00:00,14129.758,15429.808,19661.219,15118.32,16893.543,35580.844
3975,2014-06-15 15:00:00,14129.758,15429.808,19661.219,15118.32,16893.543,35580.844
3976,2014-06-15 16:00:00,14129.758,15429.808,19661.219,15118.32,16893.543,35580.844
3977,2014-06-15 17:00:00,14129.758,15429.808,19661.219,15118.32,16893.543,35580.844
3978,2014-06-15 18:00:00,14129.758,15429.808,19661.219,15118.32,16893.543,35580.844
3979,2014-06-15 19:00:00,14129.758,15429.808,19661.219,15118.32,16893.543,35580.844
3980,2014-06-15 20:00:00,14129.758,15429.808,19661.219,15118.32,16893.543,35580.844
3981,2014-06-15 21:00:00,14129.758,15429.808,19661.219,15118.32,16893.543,35580.844
3982,2014-06-15 22:00:00,14129.758,15429.808,19661.219,15118.32,16893.543,35580.844
3983,2014-06-15 23:00:00,14129.758,15429.808,19661.219,15118.32,16893.621,35580.844
3984,2014-06-16 00:00:00,14129.758,15429.808,19661.219,15118.32,16893.621,35580.844
3985,2014-06-16 01:00:00,14129.758,15429.808,19661.219,15118.32,16893.621,35580.844
3986,2014-06-16 02:00:00,14129.758,15429.808,19661.219,15118.32,16893.621,35580.844
3987,2014-06-16 03:00:00,14129.758,15429.808,19661.219,15118.32,16893.621,35580.844
3988,2014-06-16 04:00:00,14129.758,15429.808,19661.219,15118.32,16893.621,35580.844
3989,2014-06-16 05:00:00,14129.758,15429.808,19661.219,15118.32,16893.621,35580.844
3990,2014-06-16 06:00:00,14129.758,15429.808,19661.219,15118.32,16893.621,35580.844
3991,2014-06-16 07:00:00,14129.758,15429.808,19661.219,15118.32,16893.621,35580.844
3992,2014-06-16 08:00:00,14129.758,15429.808,19661.219,15118.32,16893.621,35580.844
3993,2014-06-16 09:00:00,14129.758,15429.808,19661.219,15118.32,16893.621,35580.844
3994,2014-06-16 10:00:00,14129.758,15429.808,19661.219,15118.32,16893.621,35580.844
3995,2014-06-16 11:00:00,14129.758,15429.808,19661.219,15118.32,16893.621,35580.844
3996,2014-06-16 12:00:00,14129.758,15429.808,19661.219,15118.32,16893.621,35580.844
3997,2014-06-16 13:00:00,14129.758,15429.808,19661.219,15118.32,16893.621,35580.844
3998,2014-06-16 14:00:00,14129.758,15429.808,19661.219,15118.32,16893.621,35580.844
3999,2014-06-16 15:00:00,14129.758,15429.808,19661.219,15118.32,16893.621,35580.844
4000,2014-06-16 16:00:00,14129.758,15429.808,19661.219,15118.32,16893.621,35580.844
4001,2014-06-16 17:00:00,14129.758,15429.808,19661.219,15118.32,16893.621,35580.844
4002,2014-06-16 18:00:00,14129.758,15429.808,19661.219,15118.32,16893.621,35580.844
4003,2014-06-16 19:00:00,14129.758,15429.808,19661.219,15118.32,16893.621,35580.844
4004,2014-06-16 20:00:00,14129.758,15429.808,19661.219,15118.32,16893.621,35580.844
4005,2014-06-16 21:00:00,14129.758,15429.808,19661.219,15118.32,16893.621,35580.844
4006,2014-06-16 22:00:00,14129.758,15429.808,19661.219,15118.32,16893.621,35580.844
4007,2014-06-16 23:00:00,14129.758,15429.808,19661.219,15118.32,16893.621,35580.844
4008,2014-06-17 00:00:00,14129.758,15429.808,19661.219,15118.32,16893.621,35580.844
4009,2014-06-17 01:00:00,14129.758,15429.808,19661.219,15118.32,16893.621,35580.844
4010,2014-06-17 02:00:00,14129.758,15429.808,19661.219,15118.32,16893.621,35580.844
4011,2014-06-17 03:00:00,14129.758,15429.808,19661.219,15118.32,16893.621,35580.844
4012,2014-06-17 04:00:00,14130.024,15429.808,19662.44,15118.423,16893.953,35581.633
4013,2014-06-17 05:00:00,14130.116,15429.845,19662.863,15118.423,16894.158,35581.633
4014,2014-06-17 06:00:00,14130.116,15429.845,19662.863,15118.423,16894.158,35581.633
4015,2014-06-17 07:00:00,14130.116,15429.845,19662.863,15118.423,16894.158,35581.633
4016,2014-06-17 08:00:00,14130.116,15429.845,19662.863,15118.423,16894.158,35581.633
4017,2014-06-17 09:00:00,14130.116,15429.845,19662.863,15118.423,16894.158,35581.633
4018,2014-06-17 10:00:00,14130.116,15429.845,19662.863,15118.423,16894.158,35581.633
4019,2014-06-17 11:00:00,14130.116,15429.845,19662.863,15118.423,16894.158,35581.633
4020,2014-06-17 12:00:00,14130.116,15429.845,19662.863,15118.423,16894.252,35581.633
4021,2014-06-17 13:00:00,14130.116,15429.845,19662.863,15118.423,16894.602,35581.633
4022,2014-06-17 14:00:00,14130.116,15429.845,19662.863,15118.423,16895.082,35581.633
4023,2014-06-17 15:00:00,14130.116,15429.845,19662.863,15118.423,16895.082,35581.633
4024,2014-06-17 16:00:00,14129.758,15429.808,19661.219,15118.32,16893.621,35580.844
4025,2014-06-17 17:00:00,14129.758,15429.808,19661.219,15118.32,16893.621,35580.844
4026,2014-06-17 18:00:00,14129.758,15429.808,19661.219,15118.32,16893.621,35580.844
4027,2014-06-17 19:00:00,14129.758,15429.808,19661.219,15118.32,16893.621,35580.844
4028,2014-06-17 20:00:00,14129.758,15429.808,19661.219,15118.32,16893.621,35580.844
4029,2014-06-17 21:00:00,14129.758,15429.808,19662.217,15118.423,16893.658,35581.633
4030,2014-06-17 22:00:00,14130.116,15429.845,19662.863,15118.423,16894.252,35581.633
4031,2014-06-17 23:00:00,14130.116,15429.845,19662.863,15118.423,16894.252,35581.633
4032,2014-06-18 00:00:00,14130.116,15429.845,19662.863,15118.423,16895.082,35581.633
4033,2014-06-18 01:00:00,14130.116,15429.845,19662.863,15118.423,16895.082,35581.633
4034,2014-06-18 02:00:00,14130.116,15429.845,19662.863,15118.423,16895.082,35581.633
4035,2014-06-18 03:00:00,14130.116,15429.845,19662.863,15118.423,16895.082,35581.633
4036,2014-06-18 04:00:00,14130.116,15429.845,19662.863,15118.423,16895.082,35581.633
4037,2014-06-18 05:00:00,14130.116,15429.845,19662.863,15118.423,16895.082,35581.633
4038,2014-06-18 06:00:00,14130.116,15429.845,19662.863,15118.423,16895.082,35581.633
4039,2014-06-18 07:00:00,14130.116,15429.845,19662.863,15118.423,16895.082,35581.633
4040,2014-06-18 08:00:00,14130.116,15429.845,19662.863,15118.423,16895.082,35581.633
4041,2014-06-18 09:00:00,14130.116,15429.845,19662.863,15118.423,16895.082,35581.633
4042,2014-06-18 10:00:00,14130.116,15429.845,19662.863,15118.423,16895.082,35581.633
4043,2014-06-18 11:00:00,14130.116,15429.845,19662.863,15118.423,16895.082,35581.633
4044,2014-06-18 12:00:00,14130.116,15429.845,19662.863,15118.423,16895.082,35581.633
4045,2014-06-18 13:00:00,14130.116,15429.845,19662.863,15118.423,16895.082,35581.633
4046,2014-06-18 14:00:00,14130.116,15429.845,19662.863,15118.423,16895.082,35581.633
4047,2014-06-18 15:00:00,14130.116,15429.845,19662.863,15118.423,16895.266,35581.633
4048,2014-06-18 16:00:00,14130.603,15430.848,19663.65,15118.942,16897.975,35582.52
4049,2014-06-18 17:00:00,14132.343,15430.956,19665.465,15119.337,16898.562,35584.184
4050,2014-06-18 18:00:00,14133.694,15430.956,19666.291,15119.74,16898.86,35585.562
4051,2014-06-18 19:00:00,14133.694,15430.956,19666.291,15120.083,16898.86,35585.562
4052,2014-06-18 20:00:00,14133.694,15430.956,19666.291,15120.284,16899.04,35585.562
4053,2014-06-18 21:00:00,14133.694,15430.956,19666.291,15120.284,16899.748,35585.562
4054,2014-06-18 22:00:00,14133.694,15431.016,19666.691,15120.388,16899.836,35586.51
4055,2014-06-18 23:00:00,14130.116,15429.845,19662.863,15118.423,16895.082,35581.633
4056,2014-06-19 00:00:00,14134.073,15431.016,19667.441,15120.3955,16900.584,35589.64
4057,2014-06-19 01:00:00,14134.073,15431.016,19668.809,15121.079,16901.63,35592.375
4058,2014-06-19 02:00:00,14134.073,15431.025,19668.84,15121.243,16903.45,35594.01
4059,2014-06-19 03:00:00,14134.1045,15431.668,19669.803,15121.423,16904.963,35594.01
4060,2014-06-19 04:00:00,14134.1045,15432.242,19671.17,15121.611,16905.955,35594.01
4061,2014-06-19 05:00:00,14134.1045,15432.242,19671.285,15121.611,16905.955,35594.01
4062,2014-06-19 06:00:00,14134.1045,15432.242,19671.463,15121.611,16905.955,35594.01
4063,2014-06-19 07:00:00,14134.1045,15432.242,19671.463,15121.611,16906.275,35594.01
4064,2014-06-19 08:00:00,14134.1045,15432.242,19671.72,15121.611,16906.328,35594.01
4065,2014-06-19 09:00:00,14134.1045,15432.242,19671.72,15121.611,16906.328,35594.01
4066,2014-06-19 10:00:00,14134.1045,15432.242,19673.814,15121.611,16907.057,35594.3
4067,2014-06-19 11:00:00,14134.1045,15432.242,19674.04,15121.611,16907.344,35594.785
4068,2014-06-19 12:00:00,14134.1045,15432.242,19674.328,15121.712,16907.344,35594.785
4069,2014-06-19 13:00:00,14134.1045,15432.242,19674.328,15121.712,16907.596,35594.785
4070,2014-06-19 14:00:00,14134.1045,15432.242,19674.328,15121.712,16907.596,35594.92
4071,2014-06-19 15:00:00,14134.1045,15432.242,19674.396,15121.712,16908.037,35594.92
4072,2014-06-19 16:00:00,14134.1045,15432.242,19674.654,15121.712,16908.22,35594.92
4073,2014-06-19 17:00:00,14134.1045,15432.242,19674.654,15121.712,16908.22,35594.92
4074,2014-06-19 18:00:00,14134.1045,15432.242,19675.377,15121.712,16908.22,35595.348
4075,2014-06-19 19:00:00,14134.1045,15432.242,19675.377,15121.712,16908.22,35595.6
4076,2014-06-19 20:00:00,14134.1045,15432.242,19676.549,15121.712,16908.22,35596.043
4077,2014-06-19 21:00:00,14134.1045,15432.242,19676.703,15121.712,16909.326,35596.23
4078,2014-06-19 22:00:00,14134.1045,15432.242,19676.703,15121.712,16909.326,35596.23
4079,2014-06-19 23:00:00,14134.1045,15432.242,19676.703,15121.712,16909.326,35596.23
4080,2014-06-20 00:00:00,14134.152,15432.248,19677.305,15121.712,16911.438,35597.99
4081,2014-06-20 01:00:00,14134.152,15432.248,19677.305,15121.712,16911.438,35597.99
4082,2014-06-20 02:00:00,14134.152,15432.248,19677.791,15121.712,16911.438,35597.99
4083,2014-06-20 03:00:00,14134.152,15432.248,19678.021,15121.712,16911.438,35597.99
4084,2014-06-20 04:00:00,14134.152,15432.248,19678.6,15121.712,16911.438,35597.99
4085,2014-06-20 05:00:00,14134.222,15432.248,19679.55,15121.712,16911.438,35597.99
4086,2014-06-20 06:00:00,14134.222,15432.248,19679.55,15121.712,16911.438,35597.99
4087,2014-06-20 07:00:00,14134.222,15432.248,19679.678,15121.712,16911.438,35597.99
4088,2014-06-20 08:00:00,14134.222,15432.248,19679.793,15121.712,16911.438,35597.99
4089,2014-06-20 09:00:00,14134.222,15432.248,19680.326,15121.712,16911.438,35597.99
4090,2014-06-20 10:00:00,14134.222,15432.248,19680.938,15121.712,16911.438,35597.99
4091,2014-06-20 11:00:00,14134.222,15432.248,19680.938,15121.712,16911.438,35597.99
4092,2014-06-20 12:00:00,14134.222,15432.248,19680.938,15121.712,16911.438,35597.99
4093,2014-06-20 13:00:00,14134.1045,15432.242,19676.703,15121.712,16909.326,35596.23
4094,2014-06-20 14:00:00,14134.1045,15432.242,19676.703,15121.712,16909.326,35596.23
4095,2014-06-20 15:00:00,14134.1045,15432.242,19676.703,15121.712,16910.574,35596.23
4096,2014-06-20 16:00:00,14134.1045,15432.242,19676.703,15121.712,16910.924,35596.23
4097,2014-06-20 17:00:00,14134.1045,15432.242,19676.773,15121.712,16910.924,35596.23
4098,2014-06-20 18:00:00,14134.152,15432.242,19677.182,15121.712,16911.256,35597.363
4099,2014-06-20 19:00:00,14134.1045,15432.242,19676.703,15121.712,16909.326,35596.23
4100,2014-06-20 20:00:00,14134.1045,15432.242,19676.703,15121.712,16909.326,35596.23
4101,2014-06-20 21:00:00,14134.1045,15432.242,19676.703,15121.712,16909.326,35596.23
4102,2014-06-20 22:00:00,14134.1045,15432.242,19676.703,15121.712,16909.326,35596.23
4103,2014-06-20 23:00:00,14134.152,15432.248,19677.182,15121.712,16911.438,35597.363
4104,2014-06-21 00:00:00,14134.222,15432.248,19682.664,15121.712,16911.516,35598.363
4105,2014-06-21 01:00:00,14134.222,15432.248,19682.664,15121.712,16911.516,35598.363
4106,2014-06-21 02:00:00,14134.222,15432.248,19682.664,15121.712,16911.516,35598.363
4107,2014-06-21 03:00:00,14134.222,15432.248,19682.812,15121.712,16911.516,35598.363
4108,2014-06-21 04:00:00,14134.222,15432.248,19682.812,15121.712,16911.865,35598.363
4109,2014-06-21 05:00:00,14134.222,15432.248,19683.18,15121.712,16911.865,35599.734
4110,2014-06-21 06:00:00,14134.222,15432.248,19683.18,15121.712,16911.865,35599.734
4111,2014-06-21 07:00:00,14134.222,15432.248,19683.18,15121.712,16911.941,35599.734
4112,2014-06-21 08:00:00,14134.222,15432.248,19683.55,15121.712,16911.941,35599.734
4113,2014-06-21 09:00:00,14134.222,15432.248,19683.55,15121.712,16911.941,35599.734
4114,2014-06-21 10:00:00,14134.222,15432.248,19683.55,15121.712,16911.941,35599.734
4115,2014-06-21 11:00:00,14134.302,15432.248,19683.55,15121.712,16911.941,35600.707
4116,2014-06-21 12:00:00,14134.302,15432.248,19683.55,15121.712,16912.203,35600.707
4117,2014-06-21 13:00:00,14134.302,15432.248,19683.55,15121.712,16912.453,35601.996
4118,2014-06-21 14:00:00,14134.442,15432.248,19683.678,15121.712,16912.453,35602.48
4119,2014-06-21 15:00:00,14134.442,15432.248,19683.678,15121.712,16912.453,35603.61
4120,2014-06-21 16:00:00,14134.469,15432.248,19683.678,15121.712,16912.453,35605.164
4121,2014-06-21 17:00:00,14134.469,15432.248,19683.678,15121.712,16912.88,35606.07
4122,2014-06-21 18:00:00,14134.469,15432.248,19684.227,15121.712,16913.057,35606.07
4123,2014-06-21 19:00:00,14134.469,15432.248,19684.299,15121.712,16913.188,35606.07
4124,2014-06-21 20:00:00,14134.469,15432.248,19684.299,15121.712,16913.371,35606.07
4125,2014-06-21 21:00:00,14134.892,15432.248,19684.299,15121.712,16913.723,35607.418
4126,2014-06-21 22:00:00,14134.902,15432.248,19684.613,15121.712,16914.506,35607.465
4127,2014-06-21 23:00:00,14134.902,15432.248,19684.613,15121.712,16914.666,35608.97
4128,2014-06-22 00:00:00,14134.935,15432.248,19684.656,15121.721,16914.824,35609.37
4129,2014-06-22 01:00:00,14135.232,15432.278,19684.715,15121.721,16915.604,35610.14
4130,2014-06-22 02:00:00,14135.232,15432.299,19684.715,15121.721,16915.867,35611.13
4131,2014-06-22 03:00:00,14135.284,15432.379,19684.959,15121.771,16916.115,35611.81
4132,2014-06-22 04:00:00,14135.341,15432.434,19685.129,15122.018,16916.115,35612.062
4133,2014-06-22 05:00:00,14135.917,15432.482,19685.129,15122.018,16916.594,35612.062
4134,2014-06-22 06:00:00,14136.687,15432.482,19685.129,15122.424,16916.713,35612.062
4135,2014-06-22 07:00:00,14136.724,15432.626,19685.129,15122.7295,16916.781,35612.29
4136,2014-06-22 08:00:00,14137.055,15432.626,19685.129,15123.482,16916.941,35613.098
4137,2014-06-22 09:00:00,14137.173,15432.687,19685.451,15124.154,16916.979,35613.68
4138,2014-06-22 10:00:00,14137.407,15432.718,19685.463,15124.736,16917.494,35614.605
4139,2014-06-22 11:00:00,14137.407,15432.718,19685.463,15124.984,16917.717,35616.71
4140,2014-06-22 12:00:00,14138.022,15432.867,19685.463,15124.984,16918.357,35617.492
4141,2014-06-22 13:00:00,14138.198,15432.867,19685.51,15125.329,16918.357,35618.125
4142,2014-06-22 14:00:00,14138.198,15432.867,19685.51,15125.553,16918.357,35620.133
4143,2014-06-22 15:00:00,14138.198,15432.867,19686.342,15125.553,16919.13,35622.85
4144,2014-06-22 16:00:00,14138.51,15432.867,19686.342,15125.553,16919.13,35624.46
4145,2014-06-22 17:00:00,14138.532,15432.867,19687.133,15125.553,16919.598,35627.57
4146,2014-06-22 18:00:00,14138.532,15432.867,19688.086,15125.553,16919.645,35629.914
4147,2014-06-22 19:00:00,14138.532,15432.867,19688.748,15125.553,16919.682,35632.01
4148,2014-06-22 20:00:00,14138.532,15432.867,19689.59,15125.553,16919.979,35633.695
4149,2014-06-22 21:00:00,14138.532,15432.867,19689.59,15125.553,16919.979,35634.57
4150,2014-06-22 22:00:00,14138.532,15432.867,19689.795,15125.553,16920.426,35634.57
4151,2014-06-22 23:00:00,14138.532,15432.867,19689.922,15125.553,16921.49,35634.57
4152,2014-06-23 00:00:00,14138.532,15432.867,19689.922,15125.553,16921.49,35634.57
4153,2014-06-23 01:00:00,14138.532,15432.867,19689.922,15125.553,16921.49,35634.57
4154,2014-06-23 02:00:00,14138.532,15432.867,19690.309,15125.553,16921.49,35634.57
4155,2014-06-23 03:00:00,14138.532,15432.867,19690.309,15125.553,16921.49,35634.57
4156,2014-06-23 04:00:00,14138.532,15432.867,19690.309,15125.553,16921.49,35634.57
4157,2014-06-23 05:00:00,14138.532,15432.867,19690.848,15125.553,16921.49,35634.57
4158,2014-06-23 06:00:00,14138.532,15432.867,19690.848,15125.553,16921.49,35634.57
4159,2014-06-23 07:00:00,14138.532,15432.867,19690.848,15125.553,16922.182,35634.57
4160,2014-06-23 08:00:00,14138.532,15432.867,19690.848,15125.553,16922.236,35634.57
4161,2014-06-23 09:00:00,14138.532,15432.867,19690.848,15125.553,16922.383,35634.57
4162,2014-06-23 10:00:00,14138.532,15432.867,19690.848,15125.553,16922.463,35634.57
4163,2014-06-23 11:00:00,14138.532,15432.867,19691.416,15125.553,16922.463,35634.57
4164,2014-06-23 12:00:00,14138.608,15432.867,19691.416,15125.553,16922.686,35634.57
4165,2014-06-23 13:00:00,14138.608,15432.867,19691.416,15125.553,16922.73,35634.57
4166,2014-06-23 14:00:00,14138.608,15432.867,19691.775,15125.553,16923.121,35634.57
4167,2014-06-23 15:00:00,14138.608,15432.867,19692.422,15125.553,16924.186,35634.57
4168,2014-06-23 16:00:00,14138.608,15432.867,19692.422,15125.553,16924.395,35634.57
4169,2014-06-23 17:00:00,14138.608,15432.867,19692.53,15125.553,16925.11,35634.57
4170,2014-06-23 18:00:00,14138.608,15432.867,19693.434,15125.553,16925.771,35634.57
4171,2014-06-23 19:00:00,14138.608,15432.867,19693.434,15125.553,16926.004,35634.57
4172,2014-06-23 20:00:00,14138.608,15432.867,19693.434,15125.553,16926.004,35634.57
4173,2014-06-23 21:00:00,14138.608,15432.867,19693.434,15125.553,16926.004,35634.57
4174,2014-06-23 22:00:00,14138.608,15432.867,19693.434,15125.553,16926.004,35634.57
4175,2014-06-23 23:00:00,14138.608,15432.867,19693.434,15125.553,16926.004,35634.57
4176,2014-06-24 00:00:00,14138.608,15432.867,19693.434,15125.553,16926.004,35634.57
4177,2014-06-24 01:00:00,14138.608,15432.867,19693.434,15125.553,16926.004,35634.57
4178,2014-06-24 02:00:00,14138.608,15432.867,19693.434,15125.553,16926.004,35634.57
4179,2014-06-24 03:00:00,14138.608,15432.867,19693.434,15125.553,16926.004,35634.57
4180,2014-06-24 04:00:00,14138.608,15432.867,19693.434,15125.553,16926.004,35634.57
4181,2014-06-24 05:00:00,14138.608,15432.867,19693.434,15125.553,16926.004,35634.57
4182,2014-06-24 06:00:00,14138.608,15432.867,19693.434,15125.553,16926.004,35634.57
4183,2014-06-24 07:00:00,14138.608,15432.867,19693.434,15125.553,16926.004,35634.57
4184,2014-06-24 08:00:00,14138.608,15432.867,19693.434,15125.553,16926.004,35634.57
4185,2014-06-24 09:00:00,14138.608,15432.867,19693.434,15125.553,16926.004,35634.57
4186,2014-06-24 10:00:00,14138.608,15432.867,19693.434,15125.553,16926.004,35634.57
4187,2014-06-24 11:00:00,14138.608,15432.867,19693.434,15125.553,16926.004,35634.57
4188,2014-06-24 12:00:00,14138.608,15432.867,19693.434,15125.553,16926.004,35634.57
4189,2014-06-24 13:00:00,14138.608,15432.867,19693.434,15125.553,16926.004,35634.57
4190,2014-06-24 14:00:00,14138.608,15432.867,19693.434,15125.553,16926.004,35634.57
4191,2014-06-24 15:00:00,14138.608,15432.867,19693.434,15125.553,16926.004,35634.57
4192,2014-06-24 16:00:00,14138.608,15432.867,19693.434,15125.553,16926.004,35634.57
4193,2014-06-24 17:00:00,14138.608,15432.867,19693.434,15125.553,16926.004,35634.57
4194,2014-06-24 18:00:00,14138.608,15432.867,19693.434,15125.553,16926.004,35634.57
4195,2014-06-24 19:00:00,14138.608,15432.867,19693.434,15125.553,16926.004,35634.57
4196,2014-06-24 20:00:00,14138.608,15432.867,19693.434,15125.553,16926.004,35634.57
4197,2014-06-24 21:00:00,14138.608,15432.867,19693.434,15125.553,16926.004,35634.57
4198,2014-06-24 22:00:00,14138.608,15432.867,19693.434,15125.553,16926.004,35634.57
4199,2014-06-24 23:00:00,14138.608,15432.867,19693.434,15125.553,16926.004,35634.57
4200,2014-06-25 00:00:00,14138.608,15432.867,19693.434,15125.553,16926.004,35634.57
4201,2014-06-25 01:00:00,14138.608,15432.867,19693.434,15125.553,16926.004,35634.57
4202,2014-06-25 02:00:00,14138.608,15432.867,19693.434,15125.553,16926.004,35634.57
4203,2014-06-25 03:00:00,14138.608,15432.867,19693.434,15125.553,16926.004,35634.57
4204,2014-06-25 04:00:00,14138.608,15432.867,19693.434,15125.553,16926.004,35634.57
4205,2014-06-25 05:00:00,14138.608,15432.867,19693.434,15125.553,16926.004,35634.57
4206,2014-06-25 06:00:00,14138.608,15432.867,19693.434,15125.553,16926.004,35634.57
4207,2014-06-25 07:00:00,14138.608,15432.867,19693.434,15125.553,16926.004,35634.57
4208,2014-06-25 08:00:00,14138.608,15432.867,19693.434,15125.553,16926.004,35634.57
4209,2014-06-25 09:00:00,14138.608,15432.867,19693.434,15125.553,16926.004,35634.57
4210,2014-06-25 10:00:00,14138.608,15432.867,19693.434,15125.553,16926.004,35634.57
4211,2014-06-25 11:00:00,14138.608,15432.867,19693.434,15125.553,16926.004,35634.57
4212,2014-06-25 12:00:00,14138.608,15432.867,19693.434,15125.553,16926.004,35634.57
4213,2014-06-25 13:00:00,14138.608,15432.867,19693.434,15125.553,16926.004,35634.57
4214,2014-06-25 14:00:00,14138.608,15432.867,19693.434,15125.553,16926.004,35634.57
4215,2014-06-25 15:00:00,14138.608,15432.867,19693.434,15125.553,16926.004,35634.57
4216,2014-06-25 16:00:00,14138.608,15432.867,19693.434,15125.553,16926.004,35634.57
4217,2014-06-25 17:00:00,14138.608,15432.867,19693.434,15125.553,16926.004,35634.57
4218,2014-06-25 18:00:00,14138.608,15432.867,19693.434,15125.553,16926.004,35634.57
4219,2014-06-25 19:00:00,14138.608,15432.867,19693.434,15125.553,16926.004,35634.57
4220,2014-06-25 20:00:00,14138.608,15432.867,19693.434,15125.553,16926.004,35634.57
4221,2014-06-25 21:00:00,14138.608,15432.867,19693.434,15125.553,16926.004,35634.57
4222,2014-06-25 22:00:00,14138.608,15432.867,19693.434,15125.553,16926.004,35634.57
4223,2014-06-25 23:00:00,14138.608,15432.867,19693.434,15125.553,16926.004,35634.57
4224,2014-06-26 00:00:00,14138.608,15432.867,19693.434,15125.553,16926.004,35634.57
4225,2014-06-26 01:00:00,14138.608,15432.867,19693.434,15125.553,16926.004,35634.57
4226,2014-06-26 02:00:00,14138.608,15432.867,19693.434,15125.553,16926.004,35634.57
4227,2014-06-26 03:00:00,14138.608,15432.867,19693.434,15125.553,16926.004,35634.57
4228,2014-06-26 04:00:00,14138.608,15432.867,19693.434,15125.553,16926.004,35634.57
4229,2014-06-26 05:00:00,14138.608,15432.867,19693.434,15125.553,16926.004,35634.57
4230,2014-06-26 06:00:00,14138.608,15432.867,19693.434,15125.553,16926.004,35634.57
4231,2014-06-26 07:00:00,14138.608,15432.867,19693.434,15125.553,16926.004,35634.57
4232,2014-06-26 08:00:00,14138.608,15432.867,19693.434,15125.553,16926.004,35634.57
4233,2014-06-26 09:00:00,14138.608,15432.867,19693.434,15125.553,16926.004,35634.57
4234,2014-06-26 10:00:00,14138.608,15432.867,19693.434,15125.553,16926.004,35634.57
4235,2014-06-26 11:00:00,14138.608,15432.867,19693.434,15125.553,16926.004,35634.57
4236,2014-06-26 12:00:00,14138.608,15432.867,19693.434,15125.553,16926.004,35634.57
4237,2014-06-26 13:00:00,14138.608,15432.867,19693.434,15125.553,16926.004,35634.57
4238,2014-06-26 14:00:00,14138.608,15432.867,19693.434,15125.553,16926.004,35634.57
4239,2014-06-26 15:00:00,14138.608,15432.867,19693.434,15125.553,16926.004,35634.57
4240,2014-06-26 16:00:00,14138.608,15432.867,19693.434,15125.553,16926.004,35634.57
4241,2014-06-26 17:00:00,14138.608,15432.867,19693.434,15125.553,16926.004,35634.57
4242,2014-06-26 18:00:00,14138.608,15432.867,19693.434,15125.553,16926.004,35634.57
4243,2014-06-26 19:00:00,14138.608,15432.867,19693.434,15125.553,16926.004,35634.57
4244,2014-06-26 20:00:00,14138.608,15432.867,19693.434,15125.553,16926.004,35634.57
4245,2014-06-26 21:00:00,14138.608,15432.867,19693.434,15125.553,16926.004,35634.57
4246,2014-06-26 22:00:00,14138.608,15432.867,19693.434,15125.553,16926.004,35634.57
4247,2014-06-26 23:00:00,14138.608,15432.867,19693.434,15125.553,16926.004,35634.57
4248,2014-06-27 00:00:00,14138.608,15432.867,19693.434,15125.553,16926.004,35634.57
4249,2014-06-27 01:00:00,14138.608,15432.867,19693.434,15125.553,16926.004,35634.57
4250,2014-06-27 02:00:00,14138.608,15432.867,19693.434,15125.553,16926.004,35634.57
4251,2014-06-27 03:00:00,14138.765,15432.867,19693.434,15125.553,16926.004,35634.57
4252,2014-06-27 04:00:00,14138.885,15432.867,19693.434,15125.553,16926.004,35634.57
4253,2014-06-27 05:00:00,14138.885,15432.867,19693.434,15125.553,16926.004,35634.57
4254,2014-06-27 06:00:00,14138.885,15432.867,19693.434,15125.553,16926.004,35634.57
4255,2014-06-27 07:00:00,14138.885,15432.867,19693.434,15125.553,16926.004,35634.57
4256,2014-06-27 08:00:00,14138.885,15432.867,19693.434,15125.553,16926.004,35634.57
4257,2014-06-27 09:00:00,14138.885,15432.867,19693.434,15125.553,16926.004,35634.57
4258,2014-06-27 10:00:00,14138.885,15432.867,19693.434,15125.553,16926.004,35634.57
4259,2014-06-27 11:00:00,14138.885,15432.867,19693.434,15125.553,16926.004,35634.57
4260,2014-06-27 12:00:00,14138.608,15432.867,19693.434,15125.553,16926.004,35634.57
4261,2014-06-27 13:00:00,14138.608,15432.867,19693.434,15125.553,16926.004,35634.57
4262,2014-06-27 14:00:00,14138.608,15432.867,19693.434,15125.553,16926.004,35634.57
4263,2014-06-27 15:00:00,14138.608,15432.867,19693.434,15125.553,16926.004,35634.57
4264,2014-06-27 16:00:00,14138.608,15432.867,19693.434,15125.553,16926.004,35634.57
4265,2014-06-27 17:00:00,14138.608,15432.867,19693.434,15125.553,16926.004,35634.57
4266,2014-06-27 18:00:00,14138.608,15432.867,19693.434,15125.553,16926.004,35634.57
4267,2014-06-27 19:00:00,14138.608,15432.867,19693.434,15125.553,16926.004,35634.57
4268,2014-06-27 20:00:00,14138.885,15432.867,19693.434,15125.553,16926.004,35634.57
4269,2014-06-27 21:00:00,14138.885,15432.867,19693.434,15125.553,16926.004,35634.57
4270,2014-06-27 22:00:00,14138.885,15432.867,19693.434,15125.553,16926.004,35634.57
4271,2014-06-27 23:00:00,14138.885,15432.867,19693.434,15125.553,16926.004,35634.57
4272,2014-06-28 00:00:00,14138.885,15432.867,19693.434,15125.553,16926.004,35634.57
4273,2014-06-28 01:00:00,14138.885,15432.867,19693.434,15125.553,16926.004,35634.57
4274,2014-06-28 02:00:00,14138.885,15432.867,19693.434,15125.553,16926.004,35634.57
4275,2014-06-28 03:00:00,14138.885,15432.867,19693.434,15125.553,16926.004,35634.57
4276,2014-06-28 04:00:00,14138.885,15432.867,19693.434,15125.553,16926.004,35634.57
4277,2014-06-28 05:00:00,14138.885,15432.867,19693.434,15125.553,16926.004,35634.57
4278,2014-06-28 06:00:00,14138.885,15432.867,19693.434,15125.553,16926.004,35634.57
4279,2014-06-28 07:00:00,14138.885,15432.867,19693.434,15125.553,16926.004,35634.57
4280,2014-06-28 08:00:00,14138.885,15432.867,19693.434,15125.553,16926.004,35634.57
4281,2014-06-28 09:00:00,14138.885,15432.867,19693.434,15125.553,16926.004,35634.57
4282,2014-06-28 10:00:00,14138.885,15432.867,19693.434,15125.553,16926.004,35634.57
4283,2014-06-28 11:00:00,14138.885,15432.867,19693.434,15125.553,16926.004,35634.57
4284,2014-06-28 12:00:00,14138.885,15432.867,19693.434,15125.553,16926.004,35634.57
4285,2014-06-28 13:00:00,14138.885,15432.867,19693.434,15125.553,16926.004,35634.57
4286,2014-06-28 14:00:00,14138.885,15432.867,19693.434,15125.553,16926.004,35634.57
4287,2014-06-28 15:00:00,14138.885,15432.867,19693.434,15125.553,16926.004,35634.57
4288,2014-06-28 16:00:00,14138.885,15432.867,19693.434,15125.553,16926.004,35634.57
4289,2014-06-28 17:00:00,14138.885,15432.867,19693.434,15125.553,16926.004,35634.57
4290,2014-06-28 18:00:00,14138.885,15432.867,19693.434,15125.553,16926.004,35634.57
4291,2014-06-28 19:00:00,14138.885,15432.867,19693.434,15125.553,16926.004,35634.57
4292,2014-06-28 20:00:00,14138.885,15432.867,19693.434,15125.553,16926.004,35634.57
4293,2014-06-28 21:00:00,14138.885,15432.867,19693.434,15125.553,16926.004,35634.57
4294,2014-06-28 22:00:00,14138.885,15432.867,19693.434,15125.553,16926.004,35634.57
4295,2014-06-28 23:00:00,14138.885,15432.867,19693.434,15125.553,16926.004,35634.57
4296,2014-06-29 00:00:00,14138.885,15432.867,19693.434,15125.553,16926.004,35634.57
4297,2014-06-29 01:00:00,14138.885,15432.867,19693.434,15125.553,16926.004,35634.57
4298,2014-06-29 02:00:00,14138.885,15432.867,19693.434,15125.553,16926.004,35634.57
4299,2014-06-29 03:00:00,14138.885,15432.867,19693.434,15125.553,16926.004,35634.57
4300,2014-06-29 04:00:00,14138.885,15432.867,19693.434,15125.553,16926.004,35634.57
4301,2014-06-29 05:00:00,14138.885,15432.867,19693.434,15125.553,16926.004,35634.57
4302,2014-06-29 06:00:00,14138.885,15432.867,19693.434,15125.553,16926.004,35634.57
4303,2014-06-29 07:00:00,14138.885,15432.867,19693.434,15125.553,16926.004,35634.57
4304,2014-06-29 08:00:00,14138.885,15432.867,19693.434,15125.553,16926.004,35634.57
4305,2014-06-29 09:00:00,14138.885,15432.867,19693.434,15125.553,16926.004,35634.57
4306,2014-06-29 10:00:00,14138.885,15432.867,19693.434,15125.553,16926.004,35634.57
4307,2014-06-29 11:00:00,14138.885,15432.867,19693.434,15125.553,16926.004,35634.57
4308,2014-06-29 12:00:00,14138.885,15432.867,19693.434,15125.553,16926.004,35634.57
4309,2014-06-29 13:00:00,14138.885,15432.867,19693.434,15125.553,16926.004,35634.57
4310,2014-06-29 14:00:00,14138.885,15432.867,19693.434,15125.553,16926.004,35634.57
4311,2014-06-29 15:00:00,14138.885,15432.867,19693.434,15125.553,16926.004,35634.57
4312,2014-06-29 16:00:00,14138.885,15432.867,19693.434,15125.553,16926.004,35634.57
4313,2014-06-29 17:00:00,14138.976,15432.867,19693.434,15125.553,16926.004,35634.57
4314,2014-06-29 18:00:00,14138.976,15432.867,19693.434,15125.553,16926.004,35634.57
4315,2014-06-29 19:00:00,14138.976,15432.867,19693.434,15125.553,16926.004,35634.57
4316,2014-06-29 20:00:00,14138.976,15432.867,19693.434,15125.553,16926.004,35634.57
4317,2014-06-29 21:00:00,14138.976,15432.867,19693.434,15125.553,16926.004,35634.57
4318,2014-06-29 22:00:00,14138.976,15432.867,19693.434,15125.553,16926.004,35634.57
4319,2014-06-29 23:00:00,14138.976,15432.867,19693.434,15125.553,16926.004,35634.57
4320,2014-06-30 00:00:00,14139.701,15432.867,19693.434,15125.553,16926.004,35634.57
4321,2014-06-30 01:00:00,14139.701,15432.867,19693.434,15125.553,16926.004,35634.57
4322,2014-06-30 02:00:00,14138.976,15432.867,19693.434,15125.553,16926.004,35634.57
4323,2014-06-30 03:00:00,14138.976,15432.867,19693.434,15125.553,16926.004,35634.57
4324,2014-06-30 04:00:00,14138.976,15432.867,19693.434,15125.553,16926.004,35634.57
4325,2014-06-30 05:00:00,14139.238,15432.867,19693.434,15125.553,16926.004,35634.57
4326,2014-06-30 06:00:00,14139.701,15432.867,19693.434,15125.553,16926.004,35634.57
4327,2014-06-30 07:00:00,14139.701,15432.867,19693.434,15125.553,16926.004,35634.57
4328,2014-06-30 08:00:00,14139.701,15432.867,19693.434,15125.553,16926.004,35634.57
4329,2014-06-30 09:00:00,14139.701,15432.867,19693.434,15125.553,16926.004,35634.57
4330,2014-06-30 10:00:00,14139.701,15432.867,19693.434,15125.553,16926.004,35634.57
4331,2014-06-30 11:00:00,14139.701,15432.867,19693.434,15125.553,16926.004,35634.57
4332,2014-06-30 12:00:00,14139.701,15432.867,19693.434,15125.553,16926.004,35634.57
4333,2014-06-30 13:00:00,14139.701,15432.867,19693.434,15125.553,16926.004,35634.57
4334,2014-06-30 14:00:00,14139.701,15432.867,19693.434,15125.553,16926.004,35634.57
4335,2014-06-30 15:00:00,14139.701,15432.867,19693.434,15125.553,16926.004,35634.57
4336,2014-06-30 16:00:00,14139.701,15432.867,19693.434,15125.553,16926.004,35634.57
4337,2014-06-30 17:00:00,14139.701,15432.867,19693.434,15125.553,16926.004,35634.57
4338,2014-06-30 18:00:00,14139.701,15432.867,19693.434,15125.553,16926.004,35634.57
4339,2014-06-30 19:00:00,14139.701,15432.867,19693.434,15125.553,16926.004,35634.57
4340,2014-06-30 20:00:00,14139.701,15432.867,19693.434,15125.553,16926.004,35634.57
4341,2014-06-30 21:00:00,14139.701,15432.867,19693.434,15125.553,16926.004,35634.57
4342,2014-06-30 22:00:00,14139.701,15432.867,19693.434,15125.553,16926.004,35634.57
4343,2014-06-30 23:00:00,14139.701,15432.867,19693.434,15125.553,16926.004,35634.57
4344,2014-07-01 00:00:00,14139.701,15432.867,19693.434,15125.553,16926.004,35634.57
4345,2014-07-01 01:00:00,14139.701,15432.867,19693.434,15125.553,16926.004,35634.57
4346,2014-07-01 02:00:00,14139.701,15432.867,19693.434,15125.553,16926.004,35634.57
4347,2014-07-01 03:00:00,14139.701,15432.867,19693.434,15125.553,16926.004,35634.57
4348,2014-07-01 04:00:00,14139.701,15432.867,19693.434,15125.553,16926.004,35634.57
4349,2014-07-01 05:00:00,14139.701,15432.867,19693.434,15125.553,16926.004,35634.57
4350,2014-07-01 06:00:00,14139.701,15432.867,19693.434,15125.553,16926.004,35634.57
4351,2014-07-01 07:00:00,14139.701,15432.867,19693.434,15125.553,16926.004,35634.57
4352,2014-07-01 08:00:00,14139.701,15432.867,19693.434,15125.553,16926.004,35634.57
4353,2014-07-01 09:00:00,14139.701,15432.867,19693.434,15125.553,16926.004,35634.57
4354,2014-07-01 10:00:00,14139.701,15432.867,19693.434,15125.553,16926.004,35634.57
4355,2014-07-01 11:00:00,14139.701,15432.867,19693.434,15125.553,16926.004,35634.57
4356,2014-07-01 12:00:00,14139.701,15432.867,19693.434,15125.553,16926.004,35634.57
4357,2014-07-01 13:00:00,14139.701,15432.867,19693.434,15125.553,16926.004,35634.57
4358,2014-07-01 14:00:00,14139.701,15432.867,19693.434,15125.553,16926.004,35634.57
4359,2014-07-01 15:00:00,14139.701,15432.867,19693.434,15125.553,16926.004,35634.57
4360,2014-07-01 16:00:00,14139.701,15432.867,19693.434,15125.553,16926.004,35634.57
4361,2014-07-01 17:00:00,14139.701,15432.867,19693.434,15125.553,16926.004,35634.57
4362,2014-07-01 18:00:00,14139.701,15432.867,19693.434,15125.553,16926.004,35634.57
4363,2014-07-01 19:00:00,14139.701,15432.867,19693.434,15125.553,16926.004,35634.57
4364,2014-07-01 20:00:00,14139.701,15432.867,19693.434,15125.553,16926.004,35634.57
4365,2014-07-01 21:00:00,14139.701,15432.867,19693.434,15125.553,16926.004,35634.57
4366,2014-07-01 22:00:00,14139.701,15432.867,19693.434,15125.553,16926.004,35634.57
4367,2014-07-01 23:00:00,14139.701,15432.867,19693.434,15125.553,16926.004,35634.57
4368,2014-07-02 00:00:00,14139.701,15432.867,19693.434,15125.553,16926.004,35634.57
4369,2014-07-02 01:00:00,14139.701,15432.867,19693.434,15125.553,16926.004,35634.57
4370,2014-07-02 02:00:00,14139.701,15432.867,19693.434,15125.553,16926.004,35634.57
4371,2014-07-02 03:00:00,14139.701,15432.867,19693.434,15125.553,16926.004,35634.57
4372,2014-07-02 04:00:00,14139.701,15432.867,19693.434,15125.553,16926.004,35634.57
4373,2014-07-02 05:00:00,14139.701,15432.867,19693.434,15125.553,16926.004,35634.57
4374,2014-07-02 06:00:00,14139.701,15432.867,19693.434,15125.553,16926.004,35634.57
4375,2014-07-02 07:00:00,14139.701,15432.867,19693.434,15125.553,16926.004,35634.57
4376,2014-07-02 08:00:00,14139.701,15432.867,19693.434,15125.553,16926.004,35634.57
4377,2014-07-02 09:00:00,14139.701,15432.867,19693.434,15125.553,16926.004,35634.57
4378,2014-07-02 10:00:00,14139.701,15432.867,19693.434,15125.553,16926.004,35634.57
4379,2014-07-02 11:00:00,14139.701,15432.867,19693.434,15125.553,16926.004,35634.57
4380,2014-07-02 12:00:00,14139.701,15432.867,19693.434,15125.553,16926.004,35634.57
4381,2014-07-02 13:00:00,14139.701,15432.867,19693.434,15125.553,16926.004,35634.57
4382,2014-07-02 14:00:00,14139.701,15432.867,19693.434,15125.553,16926.004,35634.57
4383,2014-07-02 15:00:00,14139.701,15433.148,19693.434,15125.553,16926.004,35634.57
4384,2014-07-02 16:00:00,14139.701,15433.148,19693.434,15125.553,16926.004,35634.57
4385,2014-07-02 17:00:00,14139.701,15433.148,19693.434,15125.553,16926.004,35634.57
4386,2014-07-02 18:00:00,14139.701,15433.148,19693.434,15125.553,16926.004,35634.57
4387,2014-07-02 19:00:00,14139.701,15433.148,19693.434,15125.553,16926.004,35634.57
4388,2014-07-02 20:00:00,14139.701,15433.148,19693.434,15125.553,16926.004,35634.57
4389,2014-07-02 21:00:00,14139.701,15433.148,19693.434,15125.553,16926.004,35634.57
4390,2014-07-02 22:00:00,14139.807,15433.191,19693.434,15125.553,16926.004,35634.57
4391,2014-07-02 23:00:00,14139.991,15433.932,19693.434,15125.87,16926.004,35634.57
4392,2014-07-03 00:00:00,14140.288,15434.181,19693.434,15125.87,16926.004,35634.57
4393,2014-07-03 01:00:00,14140.393,15435.275,19693.78,15126.253,16926.764,35634.57
4394,2014-07-03 02:00:00,14141.39,15436.941,19694.438,15127.678,16928.459,35634.605
4395,2014-07-03 03:00:00,14143.16,15440.162,19697.08,15129.881,16930.414,35637.93
4396,2014-07-03 04:00:00,14145.402,15442.926,19699.773,15131.741,16930.76,35640.03
4397,2014-07-03 05:00:00,14147.125,15443.346,19700.018,15132.698,16931.45,35640.49
4398,2014-07-03 06:00:00,14147.151,15443.346,19700.018,15133.029,16931.45,35640.79
4399,2014-07-03 07:00:00,14147.151,15443.346,19700.074,15133.029,16931.45,35640.79
4400,2014-07-03 08:00:00,14147.151,15443.346,19700.084,15133.058,16931.45,35640.79
4401,2014-07-03 09:00:00,14147.151,15443.346,19700.172,15133.058,16931.482,35640.79
4402,2014-07-03 10:00:00,14147.151,15443.346,19700.334,15133.058,16931.482,35640.79
4403,2014-07-03 11:00:00,14147.151,15443.346,19700.434,15133.058,16931.637,35640.79
4404,2014-07-03 12:00:00,14147.151,15443.346,19700.465,15133.268,16931.637,35640.824
4405,2014-07-03 13:00:00,14147.151,15443.346,19701.072,15133.549,16931.637,35640.824
4406,2014-07-03 14:00:00,14147.151,15443.346,19701.072,15133.549,16931.9,35640.824
4407,2014-07-03 15:00:00,14147.151,15443.346,19701.385,15133.549,16932.084,35641.27
4408,2014-07-03 16:00:00,14147.151,15443.346,19701.385,15133.599,16932.145,35641.27
4409,2014-07-03 17:00:00,14147.151,15443.346,19701.385,15133.599,16932.184,35641.27
4410,2014-07-03 18:00:00,14147.151,15443.346,19701.865,15133.599,16932.441,35641.27
4411,2014-07-03 19:00:00,14147.151,15443.346,19701.865,15133.599,16932.441,35641.27
4412,2014-07-03 20:00:00,14147.151,15443.346,19701.865,15133.599,16932.441,35641.27
4413,2014-07-03 21:00:00,14147.151,15443.346,19701.865,15133.599,16932.441,35641.27
4414,2014-07-03 22:00:00,14147.151,15443.346,19701.865,15133.599,16932.441,35641.27
4415,2014-07-03 23:00:00,14147.151,15443.346,19701.865,15133.599,16932.441,35641.27
4416,2014-07-04 00:00:00,14147.151,15443.346,19701.865,15133.599,16932.441,35641.27
4417,2014-07-04 01:00:00,14147.151,15443.346,19701.865,15133.599,16932.441,35641.27
4418,2014-07-04 02:00:00,14147.151,15443.346,19701.865,15133.599,16932.441,35641.27
4419,2014-07-04 03:00:00,14147.151,15443.346,19701.865,15133.599,16932.441,35641.27
4420,2014-07-04 04:00:00,14147.151,15443.623,19701.865,15133.599,16932.441,35641.27
4421,2014-07-04 05:00:00,14147.151,15444.258,19701.865,15133.599,16932.441,35641.27
4422,2014-07-04 06:00:00,14147.151,15444.258,19701.865,15133.599,16932.441,35641.27
4423,2014-07-04 07:00:00,14147.151,15444.258,19701.865,15133.599,16932.441,35641.27
4424,2014-07-04 08:00:00,14147.151,15444.258,19701.865,15133.599,16932.441,35643.31
4425,2014-07-04 09:00:00,14147.151,15444.258,19701.865,15133.599,16932.441,35643.31
4426,2014-07-04 10:00:00,14147.151,15444.258,19701.865,15133.599,16932.441,35643.31
4427,2014-07-04 11:00:00,14147.151,15444.258,19701.865,15133.599,16932.441,35643.31
4428,2014-07-04 12:00:00,14147.151,15443.346,19701.865,15133.599,16932.441,35641.27
4429,2014-07-04 13:00:00,14147.151,15443.346,19701.865,15133.599,16932.441,35641.27
4430,2014-07-04 14:00:00,14147.151,15443.346,19701.865,15133.599,16932.441,35641.27
4431,2014-07-04 15:00:00,14147.151,15443.346,19701.865,15133.599,16932.441,35641.27
4432,2014-07-04 16:00:00,14147.151,15443.346,19701.865,15133.599,16932.441,35641.27
4433,2014-07-04 17:00:00,14147.151,15443.346,19701.865,15133.599,16932.441,35641.27
4434,2014-07-04 18:00:00,14147.151,15443.346,19701.865,15133.599,16932.441,35641.27
4435,2014-07-04 19:00:00,14147.151,15443.346,19701.865,15133.599,16932.441,35641.27
4436,2014-07-04 20:00:00,14147.151,15443.346,19701.865,15133.599,16932.441,35641.27
4437,2014-07-04 21:00:00,14147.151,15443.346,19701.865,15133.599,16932.441,35641.27
4438,2014-07-04 22:00:00,14147.151,15444.258,19701.865,15133.599,16932.441,35641.27
4439,2014-07-04 23:00:00,14147.151,15444.258,19701.865,15133.599,16932.441,35642.832
4440,2014-07-05 00:00:00,14147.151,15444.258,19701.865,15133.599,16932.441,35643.31
4441,2014-07-05 01:00:00,14147.151,15444.258,19701.865,15133.599,16932.441,35643.31
4442,2014-07-05 02:00:00,14147.151,15444.258,19701.865,15133.599,16932.441,35643.31
4443,2014-07-05 03:00:00,14147.151,15444.258,19701.865,15133.599,16932.441,35643.31
4444,2014-07-05 04:00:00,14147.151,15444.258,19701.865,15133.599,16932.441,35643.31
4445,2014-07-05 05:00:00,14147.151,15444.258,19701.865,15133.599,16932.441,35643.31
4446,2014-07-05 06:00:00,14147.151,15444.258,19701.865,15133.599,16932.441,35643.31
4447,2014-07-05 07:00:00,14147.151,15444.258,19701.865,15133.599,16932.441,35643.31
4448,2014-07-05 08:00:00,14147.151,15444.258,19701.865,15133.599,16932.441,35645.28
4449,2014-07-05 09:00:00,14147.151,15444.258,19701.865,15133.599,16932.441,35645.28
4450,2014-07-05 10:00:00,14147.151,15444.258,19701.865,15133.599,16932.441,35645.28
4451,2014-07-05 11:00:00,14147.151,15444.258,19701.865,15133.599,16932.441,35645.28
4452,2014-07-05 12:00:00,14147.151,15444.258,19701.865,15133.599,16932.441,35645.28
4453,2014-07-05 13:00:00,14147.151,15444.258,19701.865,15133.599,16932.441,35645.28
4454,2014-07-05 14:00:00,14147.556,15444.258,19703.266,15134.133,16932.441,35645.28
4455,2014-07-05 15:00:00,14147.839,15444.258,19705.121,15135.008,16932.441,35645.28
4456,2014-07-05 16:00:00,14148.856,15444.258,19705.121,15135.352,16933.352,35645.28
4457,2014-07-05 17:00:00,14149.269,15444.289,19705.121,15136.038,16933.408,35647.03
4458,2014-07-05 18:00:00,14150.977,15448.416,19708.223,15138.15,16936.564,35650.562
4459,2014-07-05 19:00:00,14153.865,15448.647,19709.68,15140.522,16936.863,35659.863
4460,2014-07-05 20:00:00,14147.151,15444.258,19701.865,15133.599,16932.441,35643.31
4461,2014-07-05 21:00:00,14147.151,15444.258,19701.865,15133.599,16932.441,35645.047
4462,2014-07-05 22:00:00,14148.72,15444.258,19705.121,15135.35,16932.441,35645.28
4463,2014-07-05 23:00:00,14148.81,15444.258,19705.121,15135.35,16933.352,35645.28
4464,2014-07-06 00:00:00,14156.243,15448.647,19710.389,15143.715,16936.863,35665.062
4465,2014-07-06 01:00:00,14157.981,15448.647,19711.336,15146.397,16936.863,35666.28
4466,2014-07-06 02:00:00,14161.447,15448.647,19712.996,15150.384,16936.863,35669.08
4467,2014-07-06 03:00:00,14166.694,15448.977,19714.455,15151.651,16936.863,35669.895
4468,2014-07-06 04:00:00,14169.364,15449.79,19715.729,15153.939,16936.863,35675.06
4469,2014-07-06 05:00:00,14172.522,15449.99,19716.195,15153.987,16936.863,35679.633
4470,2014-07-06 06:00:00,14176.568,15449.99,19716.195,15154.278,16936.863,35682.61
4471,2014-07-06 07:00:00,14179.729,15450.3,19716.195,15154.561,16936.863,35683.254
4472,2014-07-06 08:00:00,14183.74,15450.3,19716.195,15155.305,16936.88,35689.94
4473,2014-07-06 09:00:00,14183.74,15450.395,19716.195,15155.597,16936.88,35690.516
4474,2014-07-06 10:00:00,14183.84,15450.395,19716.195,15155.597,16936.88,35690.516
4475,2014-07-06 11:00:00,14184.037,15450.395,19716.195,15155.666,16936.88,35690.516
4476,2014-07-06 12:00:00,14185.15,15450.395,19716.195,15155.666,16936.88,35690.516
4477,2014-07-06 13:00:00,14185.21,15450.395,19716.195,15155.666,16936.88,35690.516
4478,2014-07-06 14:00:00,14185.21,15450.395,19716.195,15155.666,16936.88,35690.516
4479,2014-07-06 15:00:00,14185.21,15450.395,19716.195,15155.666,16936.88,35690.516
4480,2014-07-06 16:00:00,14185.36,15450.395,19716.195,15155.666,16936.88,35691.188
4481,2014-07-06 17:00:00,14185.36,15450.395,19716.195,15155.666,16936.88,35691.188
4482,2014-07-06 18:00:00,14185.36,15450.395,19716.195,15155.666,16936.88,35691.188
4483,2014-07-06 19:00:00,14185.36,15450.395,19716.195,15155.666,16936.88,35691.188
4484,2014-07-06 20:00:00,14182.514,15450.3,19716.195,15155.16,16936.863,35684.832
4485,2014-07-06 21:00:00,14183.701,15450.3,19716.195,15155.16,16936.863,35687.13
4486,2014-07-06 22:00:00,14185.21,15450.395,19716.195,15155.666,16936.88,35690.516
4487,2014-07-06 23:00:00,14185.317,15450.395,19716.195,15155.666,16936.88,35690.85
4488,2014-07-07 00:00:00,14189.294,15455.118,19719.016,15163.26,16945.271,35713.582
4489,2014-07-07 01:00:00,14189.294,15455.135,19719.016,15163.346,16945.477,35713.582
4490,2014-07-07 02:00:00,14189.37,15455.135,19719.016,15163.565,16945.648,35713.582
4491,2014-07-07 03:00:00,14189.37,15455.135,19719.016,15163.565,16945.648,35713.582
4492,2014-07-07 04:00:00,14189.37,15455.135,19719.016,15163.565,16945.648,35713.582
4493,2014-07-07 05:00:00,14189.37,15455.135,19719.016,15163.565,16945.648,35713.582
4494,2014-07-07 06:00:00,14189.37,15455.135,19719.016,15163.565,16945.648,35713.582
4495,2014-07-07 07:00:00,14189.37,15455.135,19719.016,15163.565,16945.648,35713.582
4496,2014-07-07 08:00:00,14185.5,15450.395,19716.195,15155.666,16936.88,35691.188
4497,2014-07-07 09:00:00,14185.5,15450.395,19716.195,15155.666,16936.88,35691.188
4498,2014-07-07 10:00:00,14185.5,15450.395,19716.195,15155.666,16936.88,35691.188
4499,2014-07-07 11:00:00,14185.5,15450.395,19716.195,15155.666,16936.88,35691.188
4500,2014-07-07 12:00:00,14185.806,15450.395,19716.195,15155.666,16936.88,35691.703
4501,2014-07-07 13:00:00,14185.987,15450.395,19716.195,15155.666,16936.88,35692.81
4502,2014-07-07 14:00:00,14186.197,15450.395,19716.195,15155.666,16936.88,35694.836
4503,2014-07-07 15:00:00,14186.446,15450.395,19716.195,15155.666,16937.494,35697.844
4504,2014-07-07 16:00:00,14187.207,15454.005,19717.35,15160.314,16944.787,35708.41
4505,2014-07-07 17:00:00,14188.052,15454.848,19718.701,15161.757,16945.271,35712.203
4506,2014-07-07 18:00:00,14189.137,15454.964,19719.016,15163.26,16945.271,35712.703
4507,2014-07-07 19:00:00,14189.253,15455.118,19719.016,15163.26,16945.271,35713.582
4508,2014-07-07 20:00:00,14186.446,15451.321,19716.195,15156.113,16939.344,35700.836
4509,2014-07-07 21:00:00,14186.79,15452.834,19716.693,15157.871,16942.7,35704.508
4510,2014-07-07 22:00:00,14189.37,15455.135,19719.016,15163.565,16945.648,35713.582
4511,2014-07-07 23:00:00,14189.37,15455.135,19719.016,15163.565,16945.648,35713.582
4512,2014-07-08 00:00:00,14189.37,15455.135,19719.016,15163.565,16945.648,35713.582
4513,2014-07-08 01:00:00,14189.37,15455.135,19719.016,15163.565,16945.648,35713.582
4514,2014-07-08 02:00:00,14189.37,15455.135,19719.016,15163.565,16945.648,35713.582
4515,2014-07-08 03:00:00,14189.37,15455.135,19719.016,15163.565,16945.648,35713.582
4516,2014-07-08 04:00:00,14189.37,15455.135,19719.016,15163.565,16945.648,35713.582
4517,2014-07-08 05:00:00,14189.37,15455.135,19719.016,15163.565,16945.648,35713.582
4518,2014-07-08 06:00:00,14189.37,15455.135,19719.016,15163.565,16945.648,35713.582
4519,2014-07-08 07:00:00,14189.37,15455.135,19719.016,15163.565,16945.648,35713.582
4520,2014-07-08 08:00:00,14189.37,15455.135,19719.016,15163.565,16945.648,35713.582
4521,2014-07-08 09:00:00,14189.37,15455.135,19719.016,15163.565,16945.648,35713.582
4522,2014-07-08 10:00:00,14189.37,15455.135,19719.016,15163.565,16945.648,35713.582
4523,2014-07-08 11:00:00,14189.37,15455.135,19719.016,15163.565,16945.648,35713.582
4524,2014-07-08 12:00:00,14189.37,15455.135,19719.016,15163.565,16945.648,35713.582
4525,2014-07-08 13:00:00,14189.37,15455.135,19719.016,15163.565,16945.648,35713.582
4526,2014-07-08 14:00:00,14189.37,15455.135,19719.016,15163.565,16945.648,35713.582
4527,2014-07-08 15:00:00,14189.37,15455.135,19719.016,15163.565,16945.648,35713.582
4528,2014-07-08 16:00:00,14189.37,15455.135,19719.016,15163.59,16945.648,35713.582
4529,2014-07-08 17:00:00,14189.37,15455.135,19719.016,15163.59,16945.773,35713.582
4530,2014-07-08 18:00:00,14189.37,15455.135,19719.016,15163.59,16945.773,35713.582
4531,2014-07-08 19:00:00,14189.37,15455.135,19719.016,15163.59,16945.773,35713.582
4532,2014-07-08 20:00:00,14189.37,15455.135,19719.016,15163.59,16945.773,35713.582
4533,2014-07-08 21:00:00,14189.37,15455.135,19719.016,15163.59,16945.773,35713.582
4534,2014-07-08 22:00:00,14189.37,15455.135,19719.016,15163.59,16945.773,35713.582
4535,2014-07-08 23:00:00,14189.37,15455.135,19719.016,15163.59,16945.773,35713.582
4536,2014-07-09 00:00:00,14189.37,15455.135,19719.016,15163.59,16945.773,35713.582
4537,2014-07-09 01:00:00,14189.37,15455.135,19719.016,15163.59,16945.773,35713.582
4538,2014-07-09 02:00:00,14189.37,15455.135,19719.016,15163.59,16945.773,35713.582
4539,2014-07-09 03:00:00,14189.37,15455.135,19719.016,15163.59,16945.773,35713.582
4540,2014-07-09 04:00:00,14189.37,15455.135,19719.016,15163.59,16945.773,35713.582
4541,2014-07-09 05:00:00,14189.37,15455.135,19719.016,15163.59,16945.773,35713.582
4542,2014-07-09 06:00:00,14189.37,15455.135,19719.016,15163.59,16945.773,35713.582
4543,2014-07-09 07:00:00,14189.37,15455.135,19719.016,15163.59,16945.773,35713.582
4544,2014-07-09 08:00:00,14189.37,15455.135,19719.016,15163.59,16945.773,35713.582
4545,2014-07-09 09:00:00,14189.37,15455.135,19719.016,15163.59,16945.773,35713.582
4546,2014-07-09 10:00:00,14189.37,15455.135,19719.016,15163.59,16945.773,35713.582
4547,2014-07-09 11:00:00,14189.37,15455.135,19719.016,15163.59,16945.773,35713.582
4548,2014-07-09 12:00:00,14189.37,15455.135,19719.016,15163.59,16945.773,35713.582
4549,2014-07-09 13:00:00,14189.37,15455.135,19719.016,15163.59,16945.773,35713.582
4550,2014-07-09 14:00:00,14189.37,15455.135,19719.016,15163.59,16945.773,35713.582
4551,2014-07-09 15:00:00,14189.37,15455.135,19719.016,15163.59,16945.773,35713.582
4552,2014-07-09 16:00:00,14189.37,15455.135,19719.016,15163.59,16945.773,35713.582
4553,2014-07-09 17:00:00,14189.37,15455.135,19719.016,15163.59,16945.773,35713.582
4554,2014-07-09 18:00:00,14189.37,15455.135,19719.016,15163.59,16945.773,35713.582
4555,2014-07-09 19:00:00,14189.37,15455.135,19719.016,15163.59,16945.773,35713.582
4556,2014-07-09 20:00:00,14189.37,15455.135,19719.016,15163.59,16945.773,35713.582
4557,2014-07-09 21:00:00,14189.37,15455.135,19719.016,15163.59,16945.773,35713.582
4558,2014-07-09 22:00:00,14189.37,15455.135,19719.016,15163.59,16945.773,35713.582
4559,2014-07-09 23:00:00,14189.37,15455.135,19719.016,15163.59,16945.773,35713.582
4560,2014-07-10 00:00:00,14189.37,15455.135,19719.016,15163.59,16945.773,35713.582
4561,2014-07-10 01:00:00,14189.37,15455.135,19719.016,15163.59,16945.773,35713.582
4562,2014-07-10 02:00:00,14189.37,15455.135,19719.016,15163.59,16945.773,35713.582
4563,2014-07-10 03:00:00,14189.37,15455.135,19719.016,15163.59,16945.773,35713.582
4564,2014-07-10 04:00:00,14189.37,15455.135,19719.016,15163.59,16945.773,35713.582
4565,2014-07-10 05:00:00,14189.37,15455.135,19719.016,15163.59,16945.773,35713.582
4566,2014-07-10 06:00:00,14189.37,15455.135,19719.016,15163.59,16945.773,35713.582
4567,2014-07-10 07:00:00,14189.37,15455.135,19719.016,15163.59,16945.773,35713.582
4568,2014-07-10 08:00:00,14189.37,15455.135,19719.016,15163.59,16945.773,35713.582
4569,2014-07-10 09:00:00,14189.37,15455.135,19719.016,15163.59,16945.773,35713.582
4570,2014-07-10 10:00:00,14189.37,15455.135,19719.016,15163.59,16945.773,35713.582
4571,2014-07-10 11:00:00,14189.37,15455.135,19719.016,15163.59,16945.773,35713.582
4572,2014-07-10 12:00:00,14189.37,15455.135,19719.016,15163.867,16945.773,35713.582
4573,2014-07-10 13:00:00,14189.37,15455.135,19719.016,15163.867,16945.773,35713.582
4574,2014-07-10 14:00:00,14189.37,15455.135,19719.016,15163.867,16945.773,35713.582
4575,2014-07-10 15:00:00,14189.37,15455.135,19719.016,15163.867,16945.773,35713.582
4576,2014-07-10 16:00:00,14189.37,15455.135,19719.016,15163.867,16945.773,35713.582
4577,2014-07-10 17:00:00,14189.37,15455.135,19719.016,15163.867,16945.773,35713.582
4578,2014-07-10 18:00:00,14189.37,15455.135,19719.016,15163.867,16945.773,35713.582
4579,2014-07-10 19:00:00,14189.37,15455.135,19719.016,15163.867,16945.773,35713.582
4580,2014-07-10 20:00:00,14189.37,15455.135,19719.016,15163.867,16945.773,35713.582
4581,2014-07-10 21:00:00,14189.37,15455.135,19719.016,15163.867,16945.773,35713.582
4582,2014-07-10 22:00:00,14189.37,15455.135,19719.016,15163.867,16945.773,35713.582
4583,2014-07-10 23:00:00,14189.37,15455.135,19719.016,15163.867,16945.773,35713.582
4584,2014-07-11 00:00:00,14189.37,15455.135,19719.016,15163.867,16945.773,35713.582
4585,2014-07-11 01:00:00,14189.37,15455.135,19719.016,15163.867,16945.773,35713.582
4586,2014-07-11 02:00:00,14189.37,15455.135,19719.016,15163.867,16945.773,35713.582
4587,2014-07-11 03:00:00,14189.37,15455.135,19719.016,15163.867,16945.773,35713.582
4588,2014-07-11 04:00:00,14189.37,15455.135,19719.016,15163.867,16945.773,35713.582
4589,2014-07-11 05:00:00,14189.37,15455.135,19719.016,15163.867,16945.773,35713.582
4590,2014-07-11 06:00:00,14189.37,15455.135,19719.016,15163.867,16945.773,35713.582
4591,2014-07-11 07:00:00,14189.37,15455.135,19719.016,15163.867,16945.773,35713.582
4592,2014-07-11 08:00:00,14189.37,15455.135,19719.016,15163.867,16945.773,35713.582
4593,2014-07-11 09:00:00,14189.37,15455.135,19719.016,15163.867,16945.773,35713.582
4594,2014-07-11 10:00:00,14189.37,15455.135,19719.016,15163.867,16945.773,35713.582
4595,2014-07-11 11:00:00,14189.37,15455.135,19719.016,15163.867,16945.773,35713.582
4596,2014-07-11 12:00:00,14189.37,15455.135,19719.016,15163.867,16945.773,35713.582
4597,2014-07-11 13:00:00,14189.37,15455.135,19719.016,15163.867,16945.773,35713.582
4598,2014-07-11 14:00:00,14189.37,15455.135,19719.016,15163.867,16945.773,35713.582
4599,2014-07-11 15:00:00,14189.37,15455.135,19719.016,15163.867,16945.773,35713.582
4600,2014-07-11 16:00:00,14189.37,15455.135,19719.016,15163.867,16945.773,35713.582
4601,2014-07-11 17:00:00,14189.37,15455.135,19719.016,15163.867,16945.773,35713.582
4602,2014-07-11 18:00:00,14189.37,15455.135,19719.016,15163.867,16945.773,35713.582
4603,2014-07-11 19:00:00,14189.37,15455.135,19719.016,15163.867,16945.773,35713.582
4604,2014-07-11 20:00:00,14189.37,15455.135,19719.016,15163.867,16945.773,35713.582
4605,2014-07-11 21:00:00,14189.37,15455.135,19719.016,15163.867,16945.773,35713.582
4606,2014-07-11 22:00:00,14189.37,15455.135,19719.016,15163.867,16945.773,35713.582
4607,2014-07-11 23:00:00,14189.37,15455.135,19719.016,15163.867,16945.773,35713.582
4608,2014-07-12 00:00:00,14189.37,15455.135,19719.016,15163.867,16945.773,35713.582
4609,2014-07-12 01:00:00,14189.37,15455.135,19719.016,15163.867,16945.773,35713.582
4610,2014-07-12 02:00:00,14189.37,15455.135,19719.016,15163.867,16945.773,35713.582
4611,2014-07-12 03:00:00,14189.37,15455.135,19719.016,15163.867,16945.773,35713.582
4612,2014-07-12 04:00:00,14189.37,15455.135,19719.016,15163.867,16945.773,35713.582
4613,2014-07-12 05:00:00,14189.37,15455.135,19719.016,15163.867,16945.773,35713.582
4614,2014-07-12 06:00:00,14189.37,15455.135,19719.016,15163.867,16945.773,35713.582
4615,2014-07-12 07:00:00,14189.37,15455.135,19719.016,15163.867,16945.773,35713.582
4616,2014-07-12 08:00:00,14189.37,15455.135,19719.016,15163.867,16945.773,35713.582
4617,2014-07-12 09:00:00,14189.37,15455.135,19719.016,15163.867,16945.773,35713.582
4618,2014-07-12 10:00:00,14189.37,15455.135,19719.016,15163.867,16945.773,35713.582
4619,2014-07-12 11:00:00,14189.37,15455.135,19719.016,15163.867,16945.773,35713.582
4620,2014-07-12 12:00:00,14189.37,15455.135,19719.016,15163.867,16945.773,35713.582
4621,2014-07-12 13:00:00,14189.37,15455.135,19719.016,15163.867,16945.773,35713.582
4622,2014-07-12 14:00:00,14189.37,15455.135,19719.016,15164.248,16945.773,35713.582
4623,2014-07-12 15:00:00,14189.37,15455.135,19719.016,15164.248,16945.773,35713.582
4624,2014-07-12 16:00:00,14189.37,15455.135,19719.016,15164.248,16945.773,35713.582
4625,2014-07-12 17:00:00,14189.37,15455.135,19719.016,15164.248,16945.773,35713.582
4626,2014-07-12 18:00:00,14189.37,15455.135,19719.016,15164.248,16945.773,35713.582
4627,2014-07-12 19:00:00,14189.37,15455.295,19719.016,15164.309,16945.773,35713.582
4628,2014-07-12 20:00:00,14189.37,15455.135,19719.016,15163.867,16945.773,35713.582
4629,2014-07-12 21:00:00,14189.37,15455.135,19719.016,15163.867,16945.773,35713.582
4630,2014-07-12 22:00:00,14189.37,15455.135,19719.016,15164.248,16945.773,35713.582
4631,2014-07-12 23:00:00,14189.37,15455.135,19719.016,15164.248,16945.773,35713.582
4632,2014-07-13 00:00:00,14189.37,15455.295,19719.016,15164.309,16945.773,35713.582
4633,2014-07-13 01:00:00,14189.37,15455.295,19719.016,15164.309,16945.773,35713.582
4634,2014-07-13 02:00:00,14189.37,15455.295,19719.016,15164.309,16945.773,35713.582
4635,2014-07-13 03:00:00,14189.37,15455.295,19719.016,15164.309,16945.773,35713.582
4636,2014-07-13 04:00:00,14189.37,15455.295,19719.016,15164.309,16945.773,35713.582
4637,2014-07-13 05:00:00,14189.37,15455.295,19719.016,15164.309,16945.773,35713.582
4638,2014-07-13 06:00:00,14189.37,15455.295,19719.016,15164.309,16945.773,35713.582
4639,2014-07-13 07:00:00,14189.37,15455.295,19719.016,15164.309,16945.773,35713.582
4640,2014-07-13 08:00:00,14189.37,15455.295,19719.016,15164.309,16945.773,35713.582
4641,2014-07-13 09:00:00,14189.37,15455.295,19719.016,15164.309,16945.773,35713.582
4642,2014-07-13 10:00:00,14189.37,15455.295,19719.016,15164.309,16945.773,35713.582
4643,2014-07-13 11:00:00,14189.37,15455.295,19719.016,15164.309,16945.773,35713.582
4644,2014-07-13 12:00:00,14189.37,15455.295,19719.016,15164.309,16945.773,35713.582
4645,2014-07-13 13:00:00,14189.37,15455.295,19719.016,15164.309,16945.773,35713.582
4646,2014-07-13 14:00:00,14189.37,15455.295,19719.016,15164.309,16945.773,35713.582
4647,2014-07-13 15:00:00,14189.37,15455.295,19719.016,15164.309,16945.773,35713.582
4648,2014-07-13 16:00:00,14189.37,15455.295,19719.016,15164.309,16945.773,35713.582
4649,2014-07-13 17:00:00,14189.37,15455.295,19719.016,15164.309,16945.773,35713.582
4650,2014-07-13 18:00:00,14189.37,15455.295,19719.016,15164.309,16945.773,35713.582
4651,2014-07-13 19:00:00,14189.37,15455.295,19719.016,15164.309,16945.773,35713.582
4652,2014-07-13 20:00:00,14189.37,15455.295,19719.016,15164.309,16945.773,35713.582
4653,2014-07-13 21:00:00,14189.37,15455.295,19719.016,15164.309,16945.773,35713.582
4654,2014-07-13 22:00:00,14189.37,15455.295,19719.016,15164.309,16945.773,35713.582
4655,2014-07-13 23:00:00,14189.37,15455.295,19719.016,15164.309,16945.773,35713.582
4656,2014-07-14 00:00:00,14189.37,15455.835,19719.016,15164.394,16945.773,35713.582
4657,2014-07-14 01:00:00,14189.37,15460.479,19719.016,15167.17,16945.773,35713.582
4658,2014-07-14 02:00:00,14190.553,15462.301,19719.016,15167.17,16947.074,35713.92
4659,2014-07-14 03:00:00,14199.587,15462.301,19719.016,15167.17,16949.203,35715.832
4660,2014-07-14 04:00:00,14200.146,15462.301,19719.016,15167.17,16949.223,35715.883
4661,2014-07-14 05:00:00,14200.146,15462.301,19719.016,15167.636,16949.223,35715.883
4662,2014-07-14 06:00:00,14200.146,15462.301,19719.092,15167.654,16949.84,35715.883
4663,2014-07-14 07:00:00,14200.146,15466.398,19721.83,15170.824,16951.498,35715.883
4664,2014-07-14 08:00:00,14200.146,15472.631,19721.83,15172.926,16953.855,35715.883
4665,2014-07-14 09:00:00,14200.146,15473.48,19722.135,15172.946,16953.879,35716.484
4666,2014-07-14 10:00:00,14189.37,15455.295,19719.016,15164.309,16945.773,35713.582
4667,2014-07-14 11:00:00,14189.37,15455.295,19719.016,15164.394,16945.773,35713.582
4668,2014-07-14 12:00:00,14189.37,15455.295,19719.016,15164.394,16945.773,35713.582
4669,2014-07-14 13:00:00,14189.37,15455.295,19719.016,15164.394,16945.773,35713.582
4670,2014-07-14 14:00:00,14189.37,15455.295,19719.016,15164.394,16945.773,35713.582
4671,2014-07-14 15:00:00,14189.37,15455.295,19719.016,15164.394,16945.773,35713.582
4672,2014-07-14 16:00:00,14189.37,15455.295,19719.016,15164.394,16945.773,35713.582
4673,2014-07-14 17:00:00,14189.37,15455.295,19719.016,15164.394,16945.773,35713.582
4674,2014-07-14 18:00:00,14189.37,15455.295,19719.016,15164.394,16945.773,35713.582
4675,2014-07-14 19:00:00,14189.37,15455.295,19719.016,15164.394,16945.773,35713.582
4676,2014-07-14 20:00:00,14189.37,15455.295,19719.016,15164.394,16945.773,35713.582
4677,2014-07-14 21:00:00,14189.37,15455.295,19719.016,15164.394,16945.773,35713.582
4678,2014-07-14 22:00:00,14189.37,15455.295,19719.016,15164.394,16945.773,35713.582
4679,2014-07-14 23:00:00,14189.37,15455.295,19719.016,15164.394,16945.773,35713.582
4680,2014-07-15 00:00:00,14200.146,15475.526,19722.422,15173.082,16953.879,35716.484
4681,2014-07-15 01:00:00,14202.102,15480.439,19722.592,15177.052,16953.879,35717.867
4682,2014-07-15 02:00:00,14207.1,15484.174,19722.666,15178.78,16954.602,35719.26
4683,2014-07-15 03:00:00,14208.728,15487.222,19723.91,15179.595,16958.469,35719.887
4684,2014-07-15 04:00:00,14211.861,15488.58,19725.146,15181.013,16960.125,35721.37
4685,2014-07-15 05:00:00,14218.412,15489.072,19726.672,15182.462,16960.662,35723.527
4686,2014-07-15 06:00:00,14226.149,15489.25,19726.701,15183.893,16960.662,35723.527
4687,2014-07-15 07:00:00,14227.682,15489.333,19726.701,15184.48,16960.912,35724.023
4688,2014-07-15 08:00:00,14228.697,15489.333,19726.701,15184.48,16960.912,35725.01
4689,2014-07-15 09:00:00,14229.937,15489.377,19726.701,15184.48,16960.912,35725.01
4690,2014-07-15 10:00:00,14230.307,15489.377,19726.701,15184.48,16960.912,35725.01
4691,2014-07-15 11:00:00,14230.307,15489.834,19726.701,15184.5625,16961.217,35725.01
4692,2014-07-15 12:00:00,14230.35,15490.062,19726.701,15184.9375,16961.217,35725.01
4693,2014-07-15 13:00:00,14230.35,15490.062,19726.701,15184.9375,16961.36,35725.01
4694,2014-07-15 14:00:00,14230.35,15490.431,19726.701,15184.959,16961.36,35725.01
4695,2014-07-15 15:00:00,14230.35,15490.431,19726.701,15184.959,16961.814,35725.01
4696,2014-07-15 16:00:00,14230.35,15491.318,19727.27,15185.66,16961.814,35725.01
4697,2014-07-15 17:00:00,14230.35,15491.318,19727.27,15185.8,16961.814,35725.01
4698,2014-07-15 18:00:00,14230.35,15491.318,19727.27,15185.8,16961.814,35725.01
4699,2014-07-15 19:00:00,14230.35,15491.318,19727.27,15185.8,16961.814,35725.01
4700,2014-07-15 20:00:00,14230.35,15491.318,19727.27,15185.8,16961.814,35725.01
4701,2014-07-15 21:00:00,14230.35,15491.318,19727.27,15185.8,16961.814,35725.01
4702,2014-07-15 22:00:00,14230.35,15492.022,19727.27,15186.208,16961.814,35725.01
4703,2014-07-15 23:00:00,14230.35,15492.022,19727.27,15186.372,16961.814,35725.01
4704,2014-07-16 00:00:00,14230.35,15492.022,19727.27,15186.372,16961.814,35725.01
4705,2014-07-16 01:00:00,14230.35,15492.022,19727.27,15186.372,16961.814,35725.01
4706,2014-07-16 02:00:00,14230.35,15492.022,19727.27,15186.372,16961.814,35725.01
4707,2014-07-16 03:00:00,14230.35,15492.022,19727.27,15186.372,16961.814,35725.01
4708,2014-07-16 04:00:00,14230.35,15492.022,19727.27,15186.372,16961.814,35725.01
4709,2014-07-16 05:00:00,14230.35,15492.022,19727.27,15186.472,16961.814,35725.01
4710,2014-07-16 06:00:00,14230.35,15492.022,19727.27,15186.472,16961.814,35725.01
4711,2014-07-16 07:00:00,14230.35,15492.16,19727.27,15186.472,16961.814,35725.01
4712,2014-07-16 08:00:00,14230.35,15492.16,19727.27,15186.472,16961.814,35725.01
4713,2014-07-16 09:00:00,14230.35,15492.16,19727.27,15186.521,16961.814,35725.01
4714,2014-07-16 10:00:00,14230.35,15492.16,19727.27,15186.521,16961.814,35725.01
4715,2014-07-16 11:00:00,14230.35,15492.16,19727.27,15186.521,16961.814,35725.01
4716,2014-07-16 12:00:00,14230.35,15492.16,19727.27,15186.521,16961.814,35725.01
4717,2014-07-16 13:00:00,14230.35,15492.16,19727.27,15186.521,16961.814,35725.01
4718,2014-07-16 14:00:00,14230.35,15492.301,19727.27,15186.521,16962.158,35725.01
4719,2014-07-16 15:00:00,14230.35,15495.388,19727.27,15186.521,16962.158,35725.01
4720,2014-07-16 16:00:00,14230.35,15495.388,19727.496,15186.76,16962.158,35725.01
4721,2014-07-16 17:00:00,14230.35,15495.432,19727.496,15186.76,16962.22,35725.01
4722,2014-07-16 18:00:00,14230.35,15495.432,19727.594,15186.76,16962.465,35725.01
4723,2014-07-16 19:00:00,14230.35,15495.432,19727.594,15186.76,16962.797,35725.01
4724,2014-07-16 20:00:00,14230.35,15495.432,19727.594,15186.76,16962.797,35725.01
4725,2014-07-16 21:00:00,14230.35,15495.432,19727.594,15186.76,16962.797,35725.01
4726,2014-07-16 22:00:00,14230.35,15495.432,19727.594,15186.76,16962.797,35725.01
4727,2014-07-16 23:00:00,14230.35,15495.432,19727.594,15186.76,16962.797,35725.01
4728,2014-07-17 00:00:00,14230.35,15495.432,19727.594,15186.76,16962.797,35725.01
4729,2014-07-17 01:00:00,14230.35,15495.432,19727.594,15186.76,16962.797,35725.01
4730,2014-07-17 02:00:00,14230.35,15495.432,19727.594,15186.76,16962.797,35725.01
4731,2014-07-17 03:00:00,14230.35,15495.432,19727.594,15186.76,16962.797,35725.01
4732,2014-07-17 04:00:00,14230.35,15495.432,19727.594,15186.76,16962.797,35725.01
4733,2014-07-17 05:00:00,14230.35,15495.432,19727.594,15186.76,16962.797,35725.01
4734,2014-07-17 06:00:00,14230.35,15495.432,19727.594,15186.76,16962.797,35725.01
4735,2014-07-17 07:00:00,14230.35,15495.432,19727.594,15186.76,16962.797,35725.01
4736,2014-07-17 08:00:00,14230.35,15495.432,19727.594,15186.76,16962.797,35725.01
4737,2014-07-17 09:00:00,14230.35,15495.513,19727.594,15187.009,16962.797,35725.01
4738,2014-07-17 10:00:00,14230.469,15496.979,19727.594,15188.372,16962.797,35725.137
4739,2014-07-17 11:00:00,14230.469,15498.147,19728.172,15188.823,16963.514,35725.4
4740,2014-07-17 12:00:00,14230.638,15498.744,19728.39,15189.612,16963.514,35725.4
4741,2014-07-17 13:00:00,14230.638,15498.744,19728.39,15189.612,16963.514,35725.4
4742,2014-07-17 14:00:00,14230.638,15498.744,19728.39,15190.446,16963.514,35725.4
4743,2014-07-17 15:00:00,14230.746,15498.744,19728.39,15190.446,16963.514,35725.4
4744,2014-07-17 16:00:00,14230.746,15498.744,19728.39,15190.446,16963.514,35725.4
4745,2014-07-17 17:00:00,14230.746,15498.744,19728.39,15190.446,16963.514,35725.4
4746,2014-07-17 18:00:00,14230.746,15498.744,19728.39,15190.446,16963.514,35725.4
4747,2014-07-17 19:00:00,14230.746,15498.744,19728.39,15190.446,16963.768,35725.4
4748,2014-07-17 20:00:00,14230.746,15498.744,19728.39,15190.446,16964.432,35725.4
4749,2014-07-17 21:00:00,14230.746,15498.744,19728.39,15190.446,16964.49,35725.4
4750,2014-07-17 22:00:00,14230.746,15498.744,19728.39,15190.446,16964.49,35725.4
4751,2014-07-17 23:00:00,14230.746,15498.744,19728.39,15190.446,16964.49,35725.4
4752,2014-07-18 00:00:00,14230.746,15498.744,19728.39,15190.446,16964.49,35725.4
4753,2014-07-18 01:00:00,14230.746,15498.744,19728.39,15190.446,16964.49,35725.4
4754,2014-07-18 02:00:00,14230.746,15498.744,19728.39,15190.446,16964.49,35725.4
4755,2014-07-18 03:00:00,14230.746,15498.744,19728.39,15190.446,16964.49,35725.4
4756,2014-07-18 04:00:00,14230.746,15498.744,19728.39,15190.446,16964.49,35725.4
4757,2014-07-18 05:00:00,14230.746,15498.744,19728.39,15190.446,16964.49,35725.4
4758,2014-07-18 06:00:00,14230.746,15498.744,19728.39,15190.446,16964.49,35725.4
4759,2014-07-18 07:00:00,14230.746,15498.744,19728.39,15190.446,16964.49,35725.4
4760,2014-07-18 08:00:00,14230.746,15498.744,19728.39,15190.446,16964.49,35725.4
4761,2014-07-18 09:00:00,14230.746,15498.744,19728.39,15190.446,16964.49,35725.4
4762,2014-07-18 10:00:00,14230.746,15498.744,19728.39,15190.446,16964.49,35725.4
4763,2014-07-18 11:00:00,14230.746,15498.744,19728.39,15190.446,16964.49,35725.4
4764,2014-07-18 12:00:00,14230.746,15498.744,19728.39,15190.446,16964.49,35725.4
4765,2014-07-18 13:00:00,14230.746,15498.744,19728.39,15190.446,16964.49,35725.4
4766,2014-07-18 14:00:00,14230.746,15498.744,19728.39,15190.446,16964.49,35725.4
4767,2014-07-18 15:00:00,14230.746,15498.744,19728.39,15190.446,16964.49,35725.4
4768,2014-07-18 16:00:00,14230.746,15498.744,19728.39,15190.446,16964.49,35725.4
4769,2014-07-18 17:00:00,14230.746,15498.744,19728.39,15190.446,16964.49,35725.4
4770,2014-07-18 18:00:00,14230.746,15498.744,19728.39,15190.446,16964.49,35725.4
4771,2014-07-18 19:00:00,14230.746,15498.744,19728.39,15190.446,16964.49,35725.4
4772,2014-07-18 20:00:00,14230.746,15498.744,19728.39,15190.446,16964.49,35725.4
4773,2014-07-18 21:00:00,14230.746,15498.744,19728.39,15190.446,16964.49,35725.4
4774,2014-07-18 22:00:00,14230.746,15498.744,19728.39,15190.446,16964.49,35725.4
4775,2014-07-18 23:00:00,14230.746,15498.744,19728.39,15190.446,16964.49,35725.4
4776,2014-07-19 00:00:00,14230.746,15498.744,19728.39,15190.446,16964.49,35725.4
4777,2014-07-19 01:00:00,14230.746,15498.744,19728.39,15190.446,16964.49,35725.4
4778,2014-07-19 02:00:00,14230.746,15498.744,19728.39,15190.446,16964.49,35725.4
4779,2014-07-19 03:00:00,14230.746,15498.744,19728.39,15190.446,16964.49,35725.4
4780,2014-07-19 04:00:00,14230.746,15498.744,19728.39,15190.446,16964.49,35725.4
4781,2014-07-19 05:00:00,14230.746,15498.744,19728.39,15190.446,16964.49,35725.4
4782,2014-07-19 06:00:00,14230.746,15498.744,19728.39,15190.446,16964.49,35725.4
4783,2014-07-19 07:00:00,14230.746,15498.744,19728.39,15190.446,16964.49,35725.4
4784,2014-07-19 08:00:00,14230.746,15498.744,19728.39,15190.446,16964.49,35725.4
4785,2014-07-19 09:00:00,14230.746,15498.744,19728.39,15190.446,16964.49,35725.4
4786,2014-07-19 10:00:00,14230.746,15498.744,19728.39,15190.446,16964.49,35725.4
4787,2014-07-19 11:00:00,14230.746,15498.744,19728.39,15190.446,16964.49,35725.4
4788,2014-07-19 12:00:00,14230.746,15498.744,19728.39,15190.446,16964.49,35725.4
4789,2014-07-19 13:00:00,14230.746,15498.744,19728.39,15190.446,16964.49,35725.4
4790,2014-07-19 14:00:00,14230.746,15498.744,19728.39,15190.446,16964.49,35725.4
4791,2014-07-19 15:00:00,14230.746,15498.744,19728.39,15190.446,16964.49,35725.4
4792,2014-07-19 16:00:00,14230.746,15498.744,19728.39,15190.446,16964.49,35725.4
4793,2014-07-19 17:00:00,14230.746,15498.744,19728.39,15190.446,16964.49,35725.4
4794,2014-07-19 18:00:00,14230.746,15498.744,19728.39,15190.446,16964.49,35725.4
4795,2014-07-19 19:00:00,14230.746,15498.744,19728.39,15190.446,16964.49,35725.4
4796,2014-07-19 20:00:00,14230.746,15498.744,19728.39,15190.446,16964.49,35725.4
4797,2014-07-19 21:00:00,14230.746,15498.744,19728.39,15190.446,16964.49,35725.4
4798,2014-07-19 22:00:00,14230.746,15498.744,19728.39,15190.446,16964.49,35725.4
4799,2014-07-19 23:00:00,14230.746,15498.744,19728.39,15190.446,16964.49,35725.4
4800,2014-07-20 00:00:00,14230.746,15498.744,19728.39,15190.446,16964.49,35725.4
4801,2014-07-20 01:00:00,14230.746,15498.744,19728.39,15190.446,16964.49,35725.4
4802,2014-07-20 02:00:00,14230.746,15498.744,19728.39,15190.446,16964.49,35725.4
4803,2014-07-20 03:00:00,14230.746,15498.744,19728.39,15190.446,16964.49,35725.4
4804,2014-07-20 04:00:00,14230.746,15498.744,19728.39,15190.446,16964.49,35725.4
4805,2014-07-20 05:00:00,14230.746,15498.744,19728.39,15190.446,16964.49,35725.4
4806,2014-07-20 06:00:00,14230.746,15498.744,19728.39,15190.446,16964.49,35725.4
4807,2014-07-20 07:00:00,14230.746,15498.744,19728.39,15190.446,16964.49,35725.4
4808,2014-07-20 08:00:00,14230.746,15498.744,19728.39,15190.446,16964.49,35725.4
4809,2014-07-20 09:00:00,14230.746,15498.744,19728.39,15190.446,16964.49,35725.4
4810,2014-07-20 10:00:00,14230.746,15498.744,19728.39,15190.446,16964.49,35725.4
4811,2014-07-20 11:00:00,14230.746,15498.744,19728.39,15190.446,16964.49,35725.4
4812,2014-07-20 12:00:00,14230.746,15498.744,19728.39,15190.446,16964.49,35725.4
4813,2014-07-20 13:00:00,14230.746,15498.744,19728.39,15190.446,16964.49,35725.4
4814,2014-07-20 14:00:00,14230.746,15498.744,19728.39,15190.446,16964.49,35725.4
4815,2014-07-20 15:00:00,14230.746,15498.744,19728.39,15190.446,16964.49,35725.4
4816,2014-07-20 16:00:00,14230.746,15498.744,19728.39,15190.446,16964.49,35725.4
4817,2014-07-20 17:00:00,14230.746,15498.744,19728.39,15190.446,16964.49,35725.4
4818,2014-07-20 18:00:00,14230.746,15498.744,19728.39,15190.446,16964.49,35725.4
4819,2014-07-20 19:00:00,14230.746,15498.744,19728.39,15190.446,16964.49,35725.4
4820,2014-07-20 20:00:00,14230.746,15498.744,19728.39,15190.446,16964.49,35725.4
4821,2014-07-20 21:00:00,14230.746,15498.744,19728.39,15190.446,16964.49,35725.4
4822,2014-07-20 22:00:00,14230.746,15498.744,19728.39,15190.446,16964.49,35725.4
4823,2014-07-20 23:00:00,14230.746,15498.744,19728.39,15190.446,16964.49,35725.4
4824,2014-07-21 00:00:00,14230.746,15498.744,19728.39,15190.446,16964.49,35725.4
4825,2014-07-21 01:00:00,14230.746,15498.744,19728.39,15190.446,16964.49,35725.4
4826,2014-07-21 02:00:00,14230.746,15498.744,19728.39,15190.446,16964.49,35725.4
4827,2014-07-21 03:00:00,14230.746,15498.744,19728.39,15190.446,16964.49,35725.4
4828,2014-07-21 04:00:00,14230.746,15498.744,19728.39,15190.446,16964.49,35725.4
4829,2014-07-21 05:00:00,14230.746,15498.744,19728.39,15190.446,16964.49,35725.4
4830,2014-07-21 06:00:00,14230.746,15498.744,19728.39,15190.446,16964.49,35725.4
4831,2014-07-21 07:00:00,14230.746,15498.744,19728.39,15190.446,16964.49,35725.4
4832,2014-07-21 08:00:00,14230.746,15498.744,19728.39,15190.446,16964.49,35725.4
4833,2014-07-21 09:00:00,14230.746,15498.744,19728.39,15190.446,16964.49,35725.4
4834,2014-07-21 10:00:00,14230.746,15498.744,19728.39,15190.446,16964.49,35725.4
4835,2014-07-21 11:00:00,14230.746,15498.744,19728.39,15190.446,16964.49,35725.4
4836,2014-07-21 12:00:00,14230.746,15498.744,19728.39,15190.446,16964.49,35725.4
4837,2014-07-21 13:00:00,14230.746,15498.744,19728.39,15190.446,16964.49,35725.4
4838,2014-07-21 14:00:00,14230.746,15498.744,19728.39,15190.446,16964.49,35725.4
4839,2014-07-21 15:00:00,14230.746,15498.744,19728.39,15190.446,16964.49,35725.4
4840,2014-07-21 16:00:00,14230.746,15498.744,19728.39,15190.446,16964.49,35725.4
4841,2014-07-21 17:00:00,14230.746,15498.744,19728.39,15190.446,16964.49,35725.4
4842,2014-07-21 18:00:00,14230.746,15498.744,19728.39,15190.446,16964.49,35725.4
4843,2014-07-21 19:00:00,14230.746,15498.744,19728.39,15190.446,16964.49,35725.4
4844,2014-07-21 20:00:00,14230.746,15498.744,19728.39,15190.446,16964.49,35725.4
4845,2014-07-21 21:00:00,14230.746,15498.744,19728.39,15190.446,16964.49,35725.4
4846,2014-07-21 22:00:00,14230.746,15498.744,19728.39,15190.446,16964.49,35725.4
4847,2014-07-21 23:00:00,14230.746,15498.744,19728.39,15190.446,16964.49,35725.4
4848,2014-07-22 00:00:00,14230.746,15498.744,19728.39,15190.446,16964.49,35725.4
4849,2014-07-22 01:00:00,14230.746,15498.744,19728.39,15190.446,16964.49,35725.4
4850,2014-07-22 02:00:00,14230.746,15498.744,19728.39,15190.446,16964.49,35725.4
4851,2014-07-22 03:00:00,14230.746,15498.744,19728.39,15190.446,16964.49,35725.4
4852,2014-07-22 04:00:00,14230.746,15498.744,19728.39,15190.446,16964.49,35725.4
4853,2014-07-22 05:00:00,14230.746,15498.744,19728.39,15190.446,16964.49,35725.4
4854,2014-07-22 06:00:00,14230.746,15498.744,19728.39,15190.446,16964.49,35725.4
4855,2014-07-22 07:00:00,14230.746,15498.744,19728.39,15190.446,16964.49,35725.4
4856,2014-07-22 08:00:00,14230.746,15498.744,19728.39,15190.446,16964.49,35725.4
4857,2014-07-22 09:00:00,14230.746,15498.744,19728.39,15190.446,16964.49,35725.4
4858,2014-07-22 10:00:00,14230.746,15498.744,19728.39,15190.446,16964.49,35725.4
4859,2014-07-22 11:00:00,14230.746,15498.744,19728.39,15190.446,16964.49,35725.4
4860,2014-07-22 12:00:00,14230.746,15498.744,19728.39,15190.446,16964.49,35725.4
4861,2014-07-22 13:00:00,14230.746,15498.744,19728.39,15190.446,16964.49,35725.4
4862,2014-07-22 14:00:00,14230.746,15498.744,19728.39,15190.446,16964.49,35725.4
4863,2014-07-22 15:00:00,14230.746,15498.744,19728.39,15190.446,16964.49,35725.4
4864,2014-07-22 16:00:00,14230.746,15498.744,19728.39,15190.446,16964.49,35725.4
4865,2014-07-22 17:00:00,14230.746,15498.744,19728.39,15190.446,16964.49,35725.4
4866,2014-07-22 18:00:00,14230.746,15498.744,19728.39,15190.446,16964.49,35725.4
4867,2014-07-22 19:00:00,14230.746,15498.744,19728.39,15190.446,16964.49,35725.4
4868,2014-07-22 20:00:00,14230.746,15498.744,19728.39,15190.446,16964.49,35725.4
4869,2014-07-22 21:00:00,14230.746,15498.744,19728.39,15190.446,16964.49,35725.4
4870,2014-07-22 22:00:00,14230.746,15498.744,19728.39,15190.446,16964.49,35725.4
4871,2014-07-22 23:00:00,14230.746,15498.744,19728.39,15190.446,16964.49,35725.4
4872,2014-07-23 00:00:00,14230.746,15498.744,19728.39,15190.446,16964.49,35725.4
4873,2014-07-23 01:00:00,14230.746,15498.744,19728.39,15190.446,16964.49,35725.4
4874,2014-07-23 02:00:00,14230.746,15498.744,19728.39,15190.446,16964.49,35725.4
4875,2014-07-23 03:00:00,14230.746,15498.744,19728.39,15190.446,16964.49,35725.4
4876,2014-07-23 04:00:00,14230.746,15498.744,19728.39,15190.446,16964.49,35725.4
4877,2014-07-23 05:00:00,14230.746,15498.744,19728.39,15190.446,16964.49,35725.4
4878,2014-07-23 06:00:00,14230.746,15498.744,19728.39,15190.446,16964.49,35725.4
4879,2014-07-23 07:00:00,14230.746,15498.744,19728.39,15190.446,16964.49,35725.4
4880,2014-07-23 08:00:00,14230.746,15498.744,19728.39,15190.446,16964.49,35725.4
4881,2014-07-23 09:00:00,14230.746,15498.744,19728.39,15190.446,16964.49,35725.4
4882,2014-07-23 10:00:00,14230.746,15498.744,19728.39,15190.446,16964.49,35725.4
4883,2014-07-23 11:00:00,14230.746,15498.744,19728.39,15190.446,16964.49,35725.4
4884,2014-07-23 12:00:00,14230.746,15498.744,19728.39,15190.446,16964.49,35725.4
4885,2014-07-23 13:00:00,14230.746,15498.744,19728.39,15190.446,16964.49,35725.4
4886,2014-07-23 14:00:00,14230.746,15498.744,19728.39,15190.446,16964.49,35725.4
4887,2014-07-23 15:00:00,14230.746,15498.744,19728.39,15190.446,16964.49,35725.4
4888,2014-07-23 16:00:00,14230.746,15498.744,19728.39,15190.446,16964.49,35725.4
4889,2014-07-23 17:00:00,14230.746,15498.744,19728.39,15190.446,16964.49,35725.4
4890,2014-07-23 18:00:00,14230.746,15498.744,19728.39,15190.446,16964.49,35725.4
4891,2014-07-23 19:00:00,14230.746,15498.744,19728.39,15190.446,16964.49,35725.4
4892,2014-07-23 20:00:00,14230.746,15498.744,19728.39,15190.446,16964.49,35725.4
4893,2014-07-23 21:00:00,14230.746,15498.744,19728.39,15190.446,16964.49,35725.4
4894,2014-07-23 22:00:00,14230.746,15498.744,19728.39,15190.446,16964.49,35725.4
4895,2014-07-23 23:00:00,14230.746,15498.744,19728.39,15190.446,16964.49,35725.4
4896,2014-07-24 00:00:00,14230.746,15498.744,19728.39,15190.446,16964.49,35725.4
4897,2014-07-24 01:00:00,14230.746,15498.744,19728.39,15190.446,16964.49,35725.4
4898,2014-07-24 02:00:00,14230.746,15498.744,19728.39,15190.446,16964.49,35725.4
4899,2014-07-24 03:00:00,14230.746,15498.744,19728.39,15190.446,16964.49,35725.4
4900,2014-07-24 04:00:00,14230.746,15498.744,19728.39,15190.446,16964.49,35725.4
4901,2014-07-24 05:00:00,14230.746,15498.744,19728.39,15190.446,16964.49,35725.4
4902,2014-07-24 06:00:00,14230.746,15498.744,19728.39,15190.446,16964.49,35725.4
4903,2014-07-24 07:00:00,14230.746,15498.744,19728.39,15190.446,16964.49,35725.4
4904,2014-07-24 08:00:00,14230.746,15498.744,19728.39,15190.446,16964.49,35725.4
4905,2014-07-24 09:00:00,14230.746,15498.744,19728.39,15190.446,16964.49,35725.4
4906,2014-07-24 10:00:00,14230.746,15498.744,19728.39,15190.446,16964.49,35725.4
4907,2014-07-24 11:00:00,14230.746,15498.744,19728.39,15190.446,16964.49,35725.4
4908,2014-07-24 12:00:00,14230.746,15498.744,19728.39,15190.446,16964.49,35725.4
4909,2014-07-24 13:00:00,14230.746,15498.744,19728.39,15190.446,16964.49,35725.4
4910,2014-07-24 14:00:00,14230.746,15498.744,19728.39,15190.446,16964.49,35725.4
4911,2014-07-24 15:00:00,14230.746,15498.744,19728.39,15190.446,16964.49,35725.4
4912,2014-07-24 16:00:00,14230.746,15498.744,19728.39,15190.446,16964.49,35725.4
4913,2014-07-24 17:00:00,14230.746,15498.744,19728.39,15190.446,16964.49,35725.4
4914,2014-07-24 18:00:00,14230.746,15498.744,19728.39,15190.446,16964.49,35725.4
4915,2014-07-24 19:00:00,14230.746,15498.744,19728.39,15190.446,16964.49,35725.4
4916,2014-07-24 20:00:00,14230.746,15498.744,19728.39,15190.446,16964.49,35725.4
4917,2014-07-24 21:00:00,14230.746,15498.744,19728.39,15190.446,16964.49,35725.4
4918,2014-07-24 22:00:00,14230.746,15498.744,19728.39,15190.446,16964.49,35725.4
4919,2014-07-24 23:00:00,14230.746,15498.744,19728.39,15190.446,16964.49,35725.4
4920,2014-07-25 00:00:00,14230.746,15498.744,19728.39,15190.446,16964.49,35725.4
4921,2014-07-25 01:00:00,14230.746,15498.744,19728.39,15190.446,16964.49,35725.4
4922,2014-07-25 02:00:00,14230.746,15498.744,19728.39,15190.446,16964.49,35725.4
4923,2014-07-25 03:00:00,14230.746,15498.744,19728.39,15190.446,16964.49,35725.4
4924,2014-07-25 04:00:00,14230.746,15498.744,19728.39,15190.446,16964.49,35725.4
4925,2014-07-25 05:00:00,14230.746,15498.744,19728.39,15190.446,16964.49,35725.4
4926,2014-07-25 06:00:00,14230.746,15498.744,19728.39,15190.446,16964.49,35725.4
4927,2014-07-25 07:00:00,14230.746,15498.744,19728.39,15190.446,16964.49,35725.4
4928,2014-07-25 08:00:00,14230.746,15498.744,19728.39,15190.446,16964.49,35725.4
4929,2014-07-25 09:00:00,14230.746,15498.744,19728.39,15190.446,16964.49,35725.4
4930,2014-07-25 10:00:00,14230.746,15498.744,19728.39,15190.446,16964.49,35725.4
4931,2014-07-25 11:00:00,14230.746,15498.744,19728.39,15190.446,16964.49,35725.4
4932,2014-07-25 12:00:00,14230.746,15498.744,19728.572,15190.446,16964.49,35725.4
4933,2014-07-25 13:00:00,14230.746,15498.744,19728.572,15190.446,16964.49,35725.4
4934,2014-07-25 14:00:00,14230.746,15498.744,19728.572,15190.561,16966.984,35725.4
4935,2014-07-25 15:00:00,14230.746,15498.744,19729.111,15190.561,16969.441,35725.4
4936,2014-07-25 16:00:00,14230.746,15498.744,19729.283,15191.74,16969.441,35725.4
4937,2014-07-25 17:00:00,14230.746,15498.744,19729.283,15191.74,16969.441,35725.4
4938,2014-07-25 18:00:00,14230.746,15498.744,19729.283,15191.74,16969.441,35725.4
4939,2014-07-25 19:00:00,14230.746,15498.744,19729.283,15191.74,16969.441,35725.4
4940,2014-07-25 20:00:00,14230.746,15498.744,19729.283,15191.74,16969.441,35725.4
4941,2014-07-25 21:00:00,14230.746,15498.744,19729.283,15191.74,16969.441,35725.4
4942,2014-07-25 22:00:00,14230.746,15498.744,19729.283,15191.74,16969.441,35725.4
4943,2014-07-25 23:00:00,14230.746,15498.744,19729.283,15191.74,16969.441,35725.4
4944,2014-07-26 00:00:00,14230.746,15498.744,19729.283,15191.74,16969.441,35725.4
4945,2014-07-26 01:00:00,14230.746,15498.744,19729.283,15191.74,16969.441,35725.4
4946,2014-07-26 02:00:00,14230.746,15498.744,19729.283,15191.74,16969.441,35725.4
4947,2014-07-26 03:00:00,14230.746,15498.744,19729.283,15191.74,16969.441,35725.4
4948,2014-07-26 04:00:00,14230.746,15498.744,19729.283,15191.74,16969.441,35725.4
4949,2014-07-26 05:00:00,14230.746,15498.744,19729.283,15191.74,16969.441,35725.4
4950,2014-07-26 06:00:00,14230.746,15498.744,19729.283,15191.74,16969.441,35725.4
4951,2014-07-26 07:00:00,14230.746,15498.744,19729.283,15191.74,16969.441,35725.4
4952,2014-07-26 08:00:00,14230.746,15498.744,19729.283,15191.74,16969.441,35725.4
4953,2014-07-26 09:00:00,14230.746,15498.744,19729.283,15191.74,16969.441,35725.4
4954,2014-07-26 10:00:00,14230.746,15498.744,19729.283,15191.74,16969.441,35725.4
4955,2014-07-26 11:00:00,14230.746,15498.744,19729.283,15191.74,16969.441,35725.4
4956,2014-07-26 12:00:00,14230.746,15498.744,19729.283,15191.74,16969.441,35725.4
4957,2014-07-26 13:00:00,14230.746,15498.744,19729.283,15191.74,16969.441,35725.4
4958,2014-07-26 14:00:00,14230.746,15498.744,19729.283,15191.74,16969.441,35725.4
4959,2014-07-26 15:00:00,14230.746,15498.744,19729.283,15191.74,16969.441,35725.4
4960,2014-07-26 16:00:00,14230.746,15498.744,19729.283,15191.74,16969.441,35725.4
4961,2014-07-26 17:00:00,14230.746,15498.744,19729.283,15191.74,16969.441,35725.4
4962,2014-07-26 18:00:00,14230.746,15498.744,19729.283,15191.74,16969.441,35725.4
4963,2014-07-26 19:00:00,14230.746,15498.744,19729.283,15191.74,16969.441,35725.4
4964,2014-07-26 20:00:00,14230.746,15498.744,19729.283,15191.74,16969.441,35725.4
4965,2014-07-26 21:00:00,14230.746,15498.744,19729.283,15191.74,16969.441,35725.4
4966,2014-07-26 22:00:00,14230.746,15498.744,19729.283,15191.74,16969.441,35725.4
4967,2014-07-26 23:00:00,14230.801,15498.744,19729.283,15191.74,16969.441,35725.4
4968,2014-07-27 00:00:00,14230.874,15498.744,19729.283,15191.74,16969.441,35725.4
4969,2014-07-27 01:00:00,14230.874,15498.744,19729.283,15191.74,16969.441,35725.4
4970,2014-07-27 02:00:00,14230.874,15498.744,19729.283,15191.74,16969.441,35725.4
4971,2014-07-27 03:00:00,14230.874,15498.744,19729.283,15191.74,16969.441,35725.4
4972,2014-07-27 04:00:00,14230.874,15498.744,19729.283,15191.74,16969.441,35725.4
4973,2014-07-27 05:00:00,14230.874,15498.744,19729.283,15191.74,16969.441,35725.4
4974,2014-07-27 06:00:00,14230.874,15498.744,19729.283,15191.74,16969.441,35725.4
4975,2014-07-27 07:00:00,14230.874,15498.744,19729.283,15191.74,16969.441,35725.4
4976,2014-07-27 08:00:00,14230.874,15498.744,19729.283,15191.74,16969.441,35725.4
4977,2014-07-27 09:00:00,14230.874,15498.744,19729.283,15191.74,16969.441,35725.4
4978,2014-07-27 10:00:00,14230.874,15498.744,19729.283,15191.74,16969.441,35725.4
4979,2014-07-27 11:00:00,14230.874,15498.744,19729.283,15191.74,16969.441,35725.4
4980,2014-07-27 12:00:00,14230.874,15498.744,19729.283,15191.74,16969.441,35725.4
4981,2014-07-27 13:00:00,14230.874,15498.744,19729.283,15191.74,16969.441,35725.4
4982,2014-07-27 14:00:00,14230.874,15498.804,19729.283,15191.74,16969.441,35725.4
4983,2014-07-27 15:00:00,14230.874,15498.815,19729.283,15192.54,16969.441,35725.4
4984,2014-07-27 16:00:00,14230.874,15498.815,19729.283,15192.54,16969.441,35725.4
4985,2014-07-27 17:00:00,14230.874,15498.815,19729.283,15192.54,16969.441,35725.4
4986,2014-07-27 18:00:00,14230.874,15498.815,19729.283,15192.54,16969.441,35725.4
4987,2014-07-27 19:00:00,14230.874,15498.815,19729.283,15192.54,16969.441,35725.4
4988,2014-07-27 20:00:00,14230.874,15498.815,19729.283,15192.54,16969.441,35725.4
4989,2014-07-27 21:00:00,14230.874,15498.815,19729.283,15192.54,16969.441,35725.4
4990,2014-07-27 22:00:00,14230.874,15498.815,19729.283,15192.54,16969.441,35725.4
4991,2014-07-27 23:00:00,14230.874,15498.815,19729.283,15192.54,16969.441,35725.4
4992,2014-07-28 00:00:00,14230.874,15498.815,19729.283,15192.54,16969.441,35725.4
4993,2014-07-28 01:00:00,14230.874,15498.815,19729.283,15192.54,16969.441,35725.4
4994,2014-07-28 02:00:00,14230.874,15498.815,19729.283,15192.54,16969.441,35725.4
4995,2014-07-28 03:00:00,14230.874,15498.815,19729.283,15192.54,16969.441,35725.4
4996,2014-07-28 04:00:00,14230.874,15498.815,19729.283,15192.54,16971.059,35725.4
4997,2014-07-28 05:00:00,14230.874,15498.815,19729.283,15192.54,16971.338,35725.4
4998,2014-07-28 06:00:00,14230.874,15498.815,19729.283,15192.54,16971.338,35725.4
4999,2014-07-28 07:00:00,14230.874,15498.815,19729.283,15192.54,16971.338,35725.4
5000,2014-07-28 08:00:00,14230.874,15498.815,19729.283,15192.54,16971.432,35725.4
5001,2014-07-28 09:00:00,14230.874,15498.815,19729.283,15192.54,16982.314,35725.4
5002,2014-07-28 10:00:00,14230.874,15498.815,19730.795,15192.54,16984.77,35725.4
5003,2014-07-28 11:00:00,14230.874,15498.815,19730.795,15192.54,16985.05,35725.4
5004,2014-07-28 12:00:00,14230.874,15498.815,19730.795,15192.54,16985.05,35725.4
5005,2014-07-28 13:00:00,14230.874,15498.815,19730.795,15192.54,16985.05,35725.4
5006,2014-07-28 14:00:00,14230.874,15498.815,19730.795,15192.54,16986.402,35725.4
5007,2014-07-28 15:00:00,14230.874,15498.815,19730.795,15192.54,16986.447,35725.4
5008,2014-07-28 16:00:00,14230.874,15499.526,19730.795,15192.54,16986.447,35725.4
5009,2014-07-28 17:00:00,14230.874,15499.526,19730.992,15192.54,16986.447,35725.4
5010,2014-07-28 18:00:00,14230.874,15499.526,19730.992,15192.54,16987.287,35725.4
5011,2014-07-28 19:00:00,14230.874,15499.526,19731.855,15192.54,16988.291,35725.4
5012,2014-07-28 20:00:00,14230.874,15499.526,19731.855,15192.54,16989.258,35725.4
5013,2014-07-28 21:00:00,14230.874,15499.526,19731.855,15192.54,16989.42,35725.4
5014,2014-07-28 22:00:00,14230.874,15499.526,19731.855,15192.54,16989.469,35725.4
5015,2014-07-28 23:00:00,14230.874,15499.526,19731.855,15192.54,16989.676,35725.4
5016,2014-07-29 00:00:00,14230.882,15499.526,19732.088,15193.393,16989.74,35725.4
5017,2014-07-29 01:00:00,14231.454,15499.526,19732.088,15194.072,16989.74,35725.4
5018,2014-07-29 02:00:00,14231.623,15499.526,19732.088,15196.003,16990.123,35725.4
5019,2014-07-29 03:00:00,14231.623,15499.526,19732.088,15197.18,16991.422,35725.4
5020,2014-07-29 04:00:00,14231.623,15499.526,19732.088,15197.267,16991.545,35725.4
5021,2014-07-29 05:00:00,14231.623,15499.526,19732.088,15197.44,16992.357,35725.4
5022,2014-07-29 06:00:00,14231.623,15499.526,19732.088,15197.44,16993.695,35725.4
5023,2014-07-29 07:00:00,14231.623,15499.526,19732.088,15197.44,16993.695,35725.4
5024,2014-07-29 08:00:00,14231.623,15499.526,19733.207,15197.44,16994.875,35725.4
5025,2014-07-29 09:00:00,14231.623,15499.526,19733.207,15197.456,16995.44,35725.4
5026,2014-07-29 10:00:00,14231.623,15499.526,19733.207,15197.5,16997.893,35725.66
5027,2014-07-29 11:00:00,14231.623,15499.526,19733.207,15197.582,16997.893,35725.66
5028,2014-07-29 12:00:00,14230.874,15499.526,19731.855,15192.54,16989.676,35725.4
5029,2014-07-29 13:00:00,14230.874,15499.526,19731.855,15192.54,16989.676,35725.4
5030,2014-07-29 14:00:00,14230.874,15499.526,19732.088,15192.54,16989.676,35725.4
5031,2014-07-29 15:00:00,14230.874,15499.526,19732.088,15192.54,16989.74,35725.4
5032,2014-07-29 16:00:00,14230.874,15499.526,19732.088,15192.54,16989.74,35725.4
5033,2014-07-29 17:00:00,14230.874,15499.526,19732.088,15192.54,16989.74,35725.4
5034,2014-07-29 18:00:00,14230.874,15499.526,19732.088,15192.54,16989.74,35725.4
5035,2014-07-29 19:00:00,14230.874,15499.526,19732.088,15192.54,16989.74,35725.4
5036,2014-07-29 20:00:00,14230.874,15499.526,19732.088,15192.54,16989.74,35725.4
5037,2014-07-29 21:00:00,14230.874,15499.526,19732.088,15193.034,16989.74,35725.4
5038,2014-07-29 22:00:00,14231.623,15499.526,19732.832,15197.44,16993.695,35725.4
5039,2014-07-29 23:00:00,14231.623,15499.526,19733.207,15197.44,16993.695,35725.4
5040,2014-07-30 00:00:00,14231.623,15499.526,19733.207,15197.599,16997.893,35725.88
5041,2014-07-30 01:00:00,14231.623,15499.526,19733.207,15197.599,16997.893,35725.88
5042,2014-07-30 02:00:00,14231.623,15499.526,19733.207,15197.599,16997.893,35725.88
5043,2014-07-30 03:00:00,14231.623,15499.544,19733.207,15197.599,16997.893,35725.88
5044,2014-07-30 04:00:00,14231.623,15499.544,19733.777,15197.676,16998.91,35725.88
5045,2014-07-30 05:00:00,14231.623,15500.638,19734.395,15197.76,16999.115,35725.88
5046,2014-07-30 06:00:00,14232.072,15501.864,19734.395,15199.407,16999.436,35725.88
5047,2014-07-30 07:00:00,14234.66,15502.359,19734.395,15199.712,16999.766,35725.88
5048,2014-07-30 08:00:00,14236.511,15502.523,19734.613,15199.712,16999.766,35725.88
5049,2014-07-30 09:00:00,14236.511,15502.523,19734.613,15200.075,16999.766,35725.88
5050,2014-07-30 10:00:00,14236.511,15502.933,19734.613,15200.234,16999.766,35725.88
5051,2014-07-30 11:00:00,14236.511,15503.012,19734.613,15200.684,17000.309,35727.23
5052,2014-07-30 12:00:00,14236.575,15503.012,19734.613,15200.755,17000.309,35727.34
5053,2014-07-30 13:00:00,14237.771,15503.012,19734.725,15200.755,17000.309,35727.34
5054,2014-07-30 14:00:00,14237.782,15503.012,19734.725,15200.755,17000.309,35727.816
5055,2014-07-30 15:00:00,14237.782,15503.601,19734.725,15200.949,17000.309,35728.8
5056,2014-07-30 16:00:00,14237.999,15505.636,19734.725,15200.977,17000.309,35728.8
5057,2014-07-30 17:00:00,14237.999,15505.649,19734.725,15200.977,17000.309,35728.8
5058,2014-07-30 18:00:00,14237.999,15505.649,19734.725,15200.977,17000.309,35728.8
5059,2014-07-30 19:00:00,14237.999,15505.649,19734.725,15200.977,17000.309,35729.223
5060,2014-07-30 20:00:00,14237.999,15505.905,19735.992,15200.977,17000.387,35729.223
5061,2014-07-30 21:00:00,14236.021,15502.474,19734.395,15199.712,16999.766,35725.88
5062,2014-07-30 22:00:00,14236.184,15502.523,19734.613,15199.712,16999.766,35725.88
5063,2014-07-30 23:00:00,14237.999,15504.786,19734.725,15200.949,17000.309,35728.8
5064,2014-07-31 00:00:00,14241.857,15516.724,19748.785,15205.827,17009.752,35736.594
5065,2014-07-31 01:00:00,14241.857,15516.93,19748.785,15205.827,17009.752,35736.594
5066,2014-07-31 02:00:00,14241.857,15516.93,19748.785,15205.827,17009.752,35736.594
5067,2014-07-31 03:00:00,14241.857,15516.93,19748.785,15205.827,17009.752,35736.594
5068,2014-07-31 04:00:00,14238.237,15508.207,19738.596,15201.844,17001.492,35729.637
5069,2014-07-31 05:00:00,14238.861,15510.82,19743.014,15202.264,17004.736,35730.34
5070,2014-07-31 06:00:00,14239.731,15511.934,19744.81,15203.051,17004.908,35731.543
5071,2014-07-31 07:00:00,14240.36,15512.406,19746.16,15203.295,17006.379,35732.555
5072,2014-07-31 08:00:00,14241.446,15513.34,19746.377,15204.285,17006.379,35733.797
5073,2014-07-31 09:00:00,14241.747,15514.116,19746.377,15204.596,17006.379,35733.797
5074,2014-07-31 10:00:00,14241.747,15514.152,19746.77,15204.596,17006.379,35733.797
5075,2014-07-31 11:00:00,14241.747,15514.373,19747.37,15204.596,17006.607,35734.062
5076,2014-07-31 12:00:00,14241.747,15515.261,19748.207,15204.688,17007.014,35734.062
5077,2014-07-31 13:00:00,14241.747,15516.151,19748.67,15205.117,17007.162,35734.977
5078,2014-07-31 14:00:00,14241.747,15516.151,19748.785,15205.441,17007.582,35734.977
5079,2014-07-31 15:00:00,14241.747,15516.458,19748.785,15205.702,17007.582,35735.137
5080,2014-07-31 16:00:00,14241.747,15516.458,19748.785,15205.709,17007.582,35735.137
5081,2014-07-31 17:00:00,14241.747,15516.473,19748.785,15205.709,17007.895,35735.137
5082,2014-07-31 18:00:00,14241.747,15516.473,19748.785,15205.709,17007.895,35735.137
5083,2014-07-31 19:00:00,14241.747,15516.473,19748.785,15205.709,17008.389,35735.137
5084,2014-07-31 20:00:00,14241.747,15516.473,19748.785,15205.709,17008.389,35736.4
5085,2014-07-31 21:00:00,14241.747,15516.473,19748.785,15205.709,17008.389,35736.4
5086,2014-07-31 22:00:00,14241.747,15516.608,19748.785,15205.709,17008.797,35736.594
5087,2014-07-31 23:00:00,14241.857,15516.608,19748.785,15205.827,17009.518,35736.594
5088,2014-08-01 00:00:00,14241.857,15516.93,19748.785,15205.827,17009.936,35736.594
5089,2014-08-01 01:00:00,14242.02,15517.134,19748.785,15205.827,17011.0,35736.594
5090,2014-08-01 02:00:00,14242.801,15517.134,19748.785,15205.827,17011.0,35736.594
5091,2014-08-01 03:00:00,14243.46,15517.134,19748.785,15205.827,17011.0,35736.594
5092,2014-08-01 04:00:00,14243.91,15517.134,19748.785,15206.045,17011.0,35736.594
5093,2014-08-01 05:00:00,14244.159,15517.134,19748.785,15206.045,17011.0,35736.594
5094,2014-08-01 06:00:00,14244.159,15517.134,19748.785,15206.045,17011.0,35736.594
5095,2014-08-01 07:00:00,14244.159,15517.134,19748.785,15206.045,17011.0,35736.594
5096,2014-08-01 08:00:00,14244.159,15517.134,19748.785,15206.045,17011.0,35736.594
5097,2014-08-01 09:00:00,14244.159,15517.134,19748.785,15206.045,17011.0,35736.594
5098,2014-08-01 10:00:00,14244.159,15517.134,19748.785,15206.045,17011.0,35736.594
5099,2014-08-01 11:00:00,14244.159,15517.134,19748.785,15206.045,17011.0,35736.594
5100,2014-08-01 12:00:00,14244.159,15517.134,19748.785,15206.045,17011.0,35736.594
5101,2014-08-01 13:00:00,14244.159,15517.134,19748.984,15206.045,17011.0,35736.594
5102,2014-08-01 14:00:00,14244.174,15517.134,19748.984,15206.045,17011.0,35736.594
5103,2014-08-01 15:00:00,14244.233,15517.134,19748.984,15206.045,17011.0,35736.594
5104,2014-08-01 16:00:00,14244.233,15517.134,19748.984,15206.045,17011.0,35736.594
5105,2014-08-01 17:00:00,14244.233,15517.134,19748.984,15206.045,17011.0,35736.594
5106,2014-08-01 18:00:00,14244.233,15517.134,19748.984,15206.045,17011.0,35736.594
5107,2014-08-01 19:00:00,14244.277,15517.134,19748.984,15206.045,17011.0,35736.594
5108,2014-08-01 20:00:00,14244.362,15517.134,19748.984,15206.045,17011.0,35736.594
5109,2014-08-01 21:00:00,14244.362,15517.134,19748.984,15206.045,17011.0,35736.594
5110,2014-08-01 22:00:00,14244.362,15517.134,19748.984,15206.045,17011.0,35736.594
5111,2014-08-01 23:00:00,14244.362,15517.134,19748.984,15206.045,17011.0,35736.594
5112,2014-08-02 00:00:00,14244.362,15517.134,19748.984,15206.045,17011.0,35736.594
5113,2014-08-02 01:00:00,14244.362,15517.134,19748.984,15206.045,17011.0,35736.594
5114,2014-08-02 02:00:00,14244.362,15517.134,19748.984,15206.045,17011.0,35736.594
5115,2014-08-02 03:00:00,14244.362,15517.134,19748.984,15206.045,17011.0,35736.594
5116,2014-08-02 04:00:00,14244.362,15517.134,19748.984,15206.045,17011.0,35736.594
5117,2014-08-02 05:00:00,14244.362,15517.134,19748.984,15206.045,17011.0,35736.594
5118,2014-08-02 06:00:00,14244.362,15517.134,19748.984,15206.045,17011.0,35736.594
5119,2014-08-02 07:00:00,14244.362,15517.134,19748.984,15206.045,17011.0,35736.594
5120,2014-08-02 08:00:00,14244.362,15517.134,19748.984,15206.045,17011.0,35736.594
5121,2014-08-02 09:00:00,14244.362,15517.134,19748.984,15206.045,17011.0,35736.594
5122,2014-08-02 10:00:00,14244.362,15517.134,19748.984,15206.045,17011.0,35736.594
5123,2014-08-02 11:00:00,14244.362,15517.134,19748.984,15206.045,17011.0,35736.594
5124,2014-08-02 12:00:00,14244.362,15517.134,19748.984,15206.045,17011.0,35736.594
5125,2014-08-02 13:00:00,14244.849,15517.134,19748.984,15206.136,17011.0,35737.02
5126,2014-08-02 14:00:00,14244.849,15517.134,19748.984,15206.254,17011.0,35741.133
5127,2014-08-02 15:00:00,14244.849,15517.294,19749.086,15206.254,17011.0,35741.133
5128,2014-08-02 16:00:00,14244.872,15520.832,19750.814,15206.629,17011.0,35748.5
5129,2014-08-02 17:00:00,14244.872,15524.644,19753.252,15206.662,17011.0,35753.957
5130,2014-08-02 18:00:00,14244.934,15524.754,19753.252,15206.662,17011.0,35756.297
5131,2014-08-02 19:00:00,14244.934,15524.754,19753.252,15206.662,17011.0,35756.297
5132,2014-08-02 20:00:00,14244.934,15524.754,19753.252,15206.662,17011.0,35756.297
5133,2014-08-02 21:00:00,14244.934,15524.754,19753.252,15206.662,17011.0,35757.273
5134,2014-08-02 22:00:00,14244.934,15524.754,19753.252,15206.662,17011.0,35757.273
5135,2014-08-02 23:00:00,14244.934,15524.754,19753.252,15206.662,17011.0,35757.273
5136,2014-08-03 00:00:00,14244.934,15524.754,19753.252,15206.662,17011.0,35757.273
5137,2014-08-03 01:00:00,14244.934,15524.754,19753.252,15206.662,17011.0,35757.273
5138,2014-08-03 02:00:00,14244.934,15524.754,19753.252,15206.662,17011.0,35757.273
5139,2014-08-03 03:00:00,14244.934,15524.754,19753.252,15206.662,17011.0,35757.273
5140,2014-08-03 04:00:00,14245.039,15524.754,19753.252,15206.763,17011.0,35757.273
5141,2014-08-03 05:00:00,14246.68,15524.754,19753.252,15206.802,17011.0,35757.273
5142,2014-08-03 06:00:00,14246.68,15524.754,19753.252,15206.802,17011.0,35757.273
5143,2014-08-03 07:00:00,14246.68,15524.754,19753.252,15206.802,17011.0,35757.273
5144,2014-08-03 08:00:00,14246.68,15524.754,19753.252,15206.802,17011.0,35757.273
5145,2014-08-03 09:00:00,14246.68,15524.754,19753.252,15206.802,17011.0,35757.273
5146,2014-08-03 10:00:00,14246.68,15524.754,19753.252,15206.802,17011.0,35757.273
5147,2014-08-03 11:00:00,14246.68,15524.754,19753.252,15207.202,17011.0,35757.273
5148,2014-08-03 12:00:00,14246.698,15524.754,19753.252,15207.716,17011.0,35757.273
5149,2014-08-03 13:00:00,14247.157,15524.754,19753.252,15207.716,17011.0,35757.273
5150,2014-08-03 14:00:00,14247.157,15524.754,19753.252,15207.716,17011.0,35757.273
5151,2014-08-03 15:00:00,14247.221,15524.754,19753.252,15207.716,17011.0,35757.273
5152,2014-08-03 16:00:00,14247.221,15524.754,19753.252,15207.716,17011.0,35757.273
5153,2014-08-03 17:00:00,14247.221,15524.754,19753.252,15207.716,17011.0,35757.273
5154,2014-08-03 18:00:00,14247.221,15525.371,19753.252,15207.924,17011.0,35757.504
5155,2014-08-03 19:00:00,14247.221,15528.055,19753.252,15207.946,17011.0,35757.504
5156,2014-08-03 20:00:00,14247.81,15528.249,19753.252,15207.946,17011.0,35757.914
5157,2014-08-03 21:00:00,14247.883,15528.249,19753.252,15207.946,17011.0,35757.914
5158,2014-08-03 22:00:00,14247.883,15528.249,19753.252,15207.946,17011.0,35757.914
5159,2014-08-03 23:00:00,14247.883,15528.628,19753.252,15207.946,17011.0,35757.914
5160,2014-08-04 00:00:00,14248.161,15529.807,19753.252,15208.276,17011.412,35758.703
5161,2014-08-04 01:00:00,14248.395,15529.807,19753.252,15208.276,17011.412,35758.703
5162,2014-08-04 02:00:00,14248.395,15529.807,19753.252,15208.276,17011.412,35758.703
5163,2014-08-04 03:00:00,14248.724,15529.807,19753.252,15208.276,17011.412,35758.703
5164,2014-08-04 04:00:00,14248.724,15529.807,19753.252,15208.365,17011.412,35759.47
5165,2014-08-04 05:00:00,14248.724,15529.807,19753.959,15208.848,17011.412,35759.695
5166,2014-08-04 06:00:00,14248.724,15529.951,19754.324,15208.848,17011.412,35759.695
5167,2014-08-04 07:00:00,14248.777,15530.763,19754.324,15208.848,17011.412,35759.695
5168,2014-08-04 08:00:00,14248.777,15530.811,19754.324,15208.848,17011.412,35759.695
5169,2014-08-04 09:00:00,14248.777,15530.811,19754.324,15208.848,17011.412,35759.695
5170,2014-08-04 10:00:00,14248.777,15530.811,19754.324,15208.848,17011.412,35759.812
5171,2014-08-04 11:00:00,14248.777,15530.811,19754.324,15208.848,17011.412,35759.812
5172,2014-08-04 12:00:00,14247.883,15528.628,19753.252,15208.202,17011.0,35758.234
5173,2014-08-04 13:00:00,14248.161,15528.628,19753.252,15208.202,17011.0,35758.703
5174,2014-08-04 14:00:00,14248.161,15528.628,19753.252,15208.276,17011.412,35758.703
5175,2014-08-04 15:00:00,14248.161,15529.13,19753.252,15208.276,17011.412,35758.703
5176,2014-08-04 16:00:00,14248.161,15529.807,19753.252,15208.276,17011.412,35758.703
5177,2014-08-04 17:00:00,14248.161,15529.807,19753.252,15208.276,17011.412,35758.703
5178,2014-08-04 18:00:00,14248.161,15529.807,19753.252,15208.276,17011.412,35758.703
5179,2014-08-04 19:00:00,14248.161,15529.807,19753.252,15208.276,17011.412,35758.703
5180,2014-08-04 20:00:00,14248.161,15529.807,19753.252,15208.276,17011.412,35758.703
5181,2014-08-04 21:00:00,14248.161,15529.807,19753.252,15208.276,17011.412,35758.703
5182,2014-08-04 22:00:00,14248.777,15530.811,19754.324,15208.848,17011.412,35759.695
5183,2014-08-04 23:00:00,14248.777,15530.811,19754.324,15208.848,17011.412,35759.695
5184,2014-08-05 00:00:00,14248.777,15530.811,19754.324,15208.848,17011.412,35759.812
5185,2014-08-05 01:00:00,14249.414,15530.811,19754.324,15208.848,17011.412,35759.812
5186,2014-08-05 02:00:00,14249.858,15530.811,19754.324,15208.848,17011.412,35759.812
5187,2014-08-05 03:00:00,14249.858,15530.811,19754.324,15208.848,17011.412,35759.812
5188,2014-08-05 04:00:00,14249.858,15530.811,19754.324,15208.848,17011.412,35759.812
5189,2014-08-05 05:00:00,14249.858,15530.811,19754.324,15208.848,17011.412,35759.812
5190,2014-08-05 06:00:00,14249.858,15530.811,19754.324,15208.848,17011.412,35759.812
5191,2014-08-05 07:00:00,14249.858,15530.811,19754.324,15208.848,17011.412,35759.812
5192,2014-08-05 08:00:00,14249.858,15530.811,19754.324,15208.848,17011.412,35759.812
5193,2014-08-05 09:00:00,14249.858,15530.811,19754.324,15208.848,17011.412,35759.812
5194,2014-08-05 10:00:00,14249.858,15530.811,19754.324,15208.848,17011.412,35759.812
5195,2014-08-05 11:00:00,14249.858,15530.811,19754.324,15208.848,17011.412,35759.812
5196,2014-08-05 12:00:00,14249.858,15530.811,19754.324,15208.848,17011.412,35759.812
5197,2014-08-05 13:00:00,14249.858,15530.811,19754.324,15208.848,17011.412,35759.812
5198,2014-08-05 14:00:00,14249.858,15530.811,19754.324,15208.848,17011.412,35759.812
5199,2014-08-05 15:00:00,14249.858,15530.811,19754.324,15208.848,17011.412,35759.812
5200,2014-08-05 16:00:00,14249.858,15530.811,19754.324,15208.848,17011.412,35759.812
5201,2014-08-05 17:00:00,14249.858,15530.811,19754.324,15208.848,17011.412,35759.812
5202,2014-08-05 18:00:00,14249.858,15530.811,19754.324,15208.848,17011.412,35759.812
5203,2014-08-05 19:00:00,14249.858,15530.811,19754.324,15208.848,17011.412,35759.812
5204,2014-08-05 20:00:00,14249.858,15530.811,19754.324,15208.848,17011.412,35759.812
5205,2014-08-05 21:00:00,14249.858,15530.811,19754.324,15208.848,17011.412,35759.812
5206,2014-08-05 22:00:00,14249.858,15530.811,19754.324,15208.848,17011.412,35759.812
5207,2014-08-05 23:00:00,14249.858,15530.811,19754.324,15208.848,17011.412,35759.812
5208,2014-08-06 00:00:00,14249.858,15530.811,19754.324,15208.848,17011.412,35759.812
5209,2014-08-06 01:00:00,14249.858,15530.811,19754.324,15208.988,17011.412,35759.812
5210,2014-08-06 02:00:00,14249.858,15530.811,19754.324,15208.988,17011.412,35759.812
5211,2014-08-06 03:00:00,14249.858,15530.811,19754.324,15208.988,17011.412,35759.812
5212,2014-08-06 04:00:00,14249.858,15530.811,19754.324,15208.988,17011.412,35759.812
5213,2014-08-06 05:00:00,14249.858,15530.811,19754.324,15208.988,17011.412,35759.812
5214,2014-08-06 06:00:00,14249.858,15530.811,19754.324,15208.988,17011.412,35759.812
5215,2014-08-06 07:00:00,14249.858,15530.811,19754.324,15208.988,17011.412,35759.812
5216,2014-08-06 08:00:00,14249.858,15530.811,19754.324,15208.988,17011.412,35759.812
5217,2014-08-06 09:00:00,14249.858,15530.811,19754.324,15208.988,17011.412,35759.812
5218,2014-08-06 10:00:00,14249.858,15530.811,19754.324,15208.988,17011.412,35759.812
5219,2014-08-06 11:00:00,14249.858,15530.811,19754.324,15208.988,17011.412,35759.812
5220,2014-08-06 12:00:00,14249.858,15530.811,19754.324,15208.988,17011.412,35759.812
5221,2014-08-06 13:00:00,14249.858,15530.811,19754.324,15208.988,17011.412,35759.812
5222,2014-08-06 14:00:00,14249.858,15530.811,19754.324,15209.01,17011.412,35759.812
5223,2014-08-06 15:00:00,14249.858,15530.811,19754.324,15211.227,17011.412,35759.812
5224,2014-08-06 16:00:00,14249.9,15530.811,19754.324,15211.52,17011.412,35759.812
5225,2014-08-06 17:00:00,14250.023,15530.811,19754.324,15211.52,17011.412,35759.812
5226,2014-08-06 18:00:00,14250.023,15530.811,19754.324,15211.52,17011.412,35759.812
5227,2014-08-06 19:00:00,14250.023,15530.811,19754.324,15211.52,17011.412,35759.812
5228,2014-08-06 20:00:00,14250.023,15530.811,19754.324,15211.52,17011.412,35759.812
5229,2014-08-06 21:00:00,14250.023,15530.811,19754.324,15211.52,17011.412,35759.812
5230,2014-08-06 22:00:00,14250.023,15530.811,19754.324,15211.52,17011.412,35759.812
5231,2014-08-06 23:00:00,14250.023,15530.811,19754.324,15211.52,17011.412,35759.812
5232,2014-08-07 00:00:00,14250.023,15530.811,19754.324,15211.64,17012.148,35759.812
5233,2014-08-07 01:00:00,14250.023,15532.157,19754.324,15215.814,17013.436,35761.125
5234,2014-08-07 02:00:00,14250.023,15532.517,19754.83,15216.9375,17013.436,35766.277
5235,2014-08-07 03:00:00,14251.727,15532.681,19754.83,15216.9375,17013.436,35766.73
5236,2014-08-07 04:00:00,14253.975,15532.681,19754.83,15216.9375,17013.436,35766.73
5237,2014-08-07 05:00:00,14253.975,15533.079,19754.94,15217.195,17013.436,35766.73
5238,2014-08-07 06:00:00,14253.975,15534.754,19754.94,15217.195,17013.436,35766.73
5239,2014-08-07 07:00:00,14250.023,15530.811,19754.324,15211.52,17011.412,35759.812
5240,2014-08-07 08:00:00,14250.023,15530.811,19754.324,15211.52,17011.412,35759.812
5241,2014-08-07 09:00:00,14250.023,15530.811,19754.324,15211.52,17011.412,35759.812
5242,2014-08-07 10:00:00,14250.023,15530.811,19754.324,15211.52,17011.412,35759.812
5243,2014-08-07 11:00:00,14250.023,15530.811,19754.324,15211.52,17011.412,35759.812
5244,2014-08-07 12:00:00,14250.023,15530.811,19754.324,15211.52,17011.412,35759.812
5245,2014-08-07 13:00:00,14250.023,15530.811,19754.324,15211.52,17011.412,35759.812
5246,2014-08-07 14:00:00,14250.023,15530.811,19754.324,15211.52,17011.412,35759.812
5247,2014-08-07 15:00:00,14250.023,15530.811,19754.324,15211.52,17011.412,35759.812
5248,2014-08-07 16:00:00,14250.023,15530.811,19754.324,15211.52,17011.412,35759.812
5249,2014-08-07 17:00:00,14250.023,15530.811,19754.324,15211.52,17011.412,35759.812
5250,2014-08-07 18:00:00,14250.023,15530.811,19754.324,15211.52,17011.412,35759.812
5251,2014-08-07 19:00:00,14250.023,15530.811,19754.324,15211.52,17011.412,35759.812
5252,2014-08-07 20:00:00,14250.023,15530.811,19754.324,15211.52,17011.412,35759.812
5253,2014-08-07 21:00:00,14250.023,15530.811,19754.324,15211.52,17011.412,35759.812
5254,2014-08-07 22:00:00,14250.023,15530.811,19754.324,15211.52,17011.412,35759.812
5255,2014-08-07 23:00:00,14250.023,15530.811,19754.324,15211.52,17012.074,35759.812
5256,2014-08-08 00:00:00,14253.975,15535.733,19754.94,15217.195,17013.436,35766.73
5257,2014-08-08 01:00:00,14254.035,15536.017,19754.94,15217.195,17013.895,35766.812
5258,2014-08-08 02:00:00,14254.077,15536.017,19754.94,15217.195,17016.738,35768.07
5259,2014-08-08 03:00:00,14254.41,15541.771,19754.94,15217.195,17017.568,35768.69
5260,2014-08-08 04:00:00,14254.517,15542.364,19758.889,15219.238,17018.629,35768.69
5261,2014-08-08 05:00:00,14257.52,15542.364,19762.5,15219.578,17018.629,35771.305
5262,2014-08-08 06:00:00,14257.719,15542.364,19762.664,15219.578,17018.629,35771.305
5263,2014-08-08 07:00:00,14257.719,15542.364,19763.652,15219.578,17018.629,35771.305
5264,2014-08-08 08:00:00,14257.719,15542.364,19763.773,15219.578,17018.629,35771.305
5265,2014-08-08 09:00:00,14257.935,15542.364,19763.922,15219.578,17018.629,35771.305
5266,2014-08-08 10:00:00,14257.935,15542.364,19763.922,15219.578,17018.629,35771.305
5267,2014-08-08 11:00:00,14257.935,15542.364,19763.922,15219.578,17018.629,35771.305
5268,2014-08-08 12:00:00,14257.935,15542.364,19763.922,15219.578,17018.629,35771.305
5269,2014-08-08 13:00:00,14257.935,15542.364,19763.922,15219.578,17018.629,35771.305
5270,2014-08-08 14:00:00,14257.935,15542.38,19763.922,15219.578,17018.629,35771.305
5271,2014-08-08 15:00:00,14257.935,15542.38,19763.922,15219.578,17018.629,35771.305
5272,2014-08-08 16:00:00,14257.935,15542.38,19763.922,15219.578,17018.629,35771.305
5273,2014-08-08 17:00:00,14257.935,15542.38,19763.922,15219.578,17018.629,35771.305
5274,2014-08-08 18:00:00,14257.935,15542.38,19763.922,15219.578,17018.629,35771.305
5275,2014-08-08 19:00:00,14257.935,15542.38,19763.922,15219.578,17018.629,35771.305
5276,2014-08-08 20:00:00,14257.935,15542.38,19763.922,15219.578,17018.629,35771.305
5277,2014-08-08 21:00:00,14257.935,15542.38,19763.922,15219.578,17018.629,35771.305
5278,2014-08-08 22:00:00,14257.935,15542.38,19763.922,15219.578,17018.629,35771.305
5279,2014-08-08 23:00:00,14257.935,15542.38,19763.922,15219.578,17018.629,35771.305
5280,2014-08-09 00:00:00,14257.935,15542.38,19763.922,15219.578,17018.629,35771.305
5281,2014-08-09 01:00:00,14257.935,15542.38,19763.922,15219.578,17018.629,35771.305
5282,2014-08-09 02:00:00,14257.935,15542.38,19763.922,15219.578,17018.629,35771.305
5283,2014-08-09 03:00:00,14257.935,15542.38,19763.922,15219.578,17018.629,35771.305
5284,2014-08-09 04:00:00,14257.935,15542.38,19763.922,15219.578,17018.629,35771.305
5285,2014-08-09 05:00:00,14257.935,15542.38,19763.922,15219.578,17018.629,35771.305
5286,2014-08-09 06:00:00,14257.935,15542.38,19763.922,15219.578,17018.629,35771.305
5287,2014-08-09 07:00:00,14257.935,15542.38,19763.922,15219.578,17018.629,35771.305
5288,2014-08-09 08:00:00,14257.935,15542.38,19763.922,15219.578,17018.629,35771.305
5289,2014-08-09 09:00:00,14257.935,15542.38,19763.922,15219.578,17018.629,35771.305
5290,2014-08-09 10:00:00,14257.935,15542.38,19763.922,15219.578,17018.629,35771.305
5291,2014-08-09 11:00:00,14257.935,15542.38,19763.922,15219.578,17018.629,35771.305
5292,2014-08-09 12:00:00,14257.935,15542.38,19763.922,15219.578,17018.629,35771.305
5293,2014-08-09 13:00:00,14257.935,15542.38,19763.922,15219.578,17018.629,35771.305
5294,2014-08-09 14:00:00,14257.935,15542.38,19763.922,15219.578,17018.629,35771.305
5295,2014-08-09 15:00:00,14257.935,15542.38,19763.922,15219.578,17018.629,35771.305
5296,2014-08-09 16:00:00,14257.935,15542.38,19763.922,15219.578,17018.629,35771.305
5297,2014-08-09 17:00:00,14257.935,15543.397,19763.922,15219.951,17018.629,35771.305
5298,2014-08-09 18:00:00,14257.935,15544.821,19763.922,15220.613,17019.27,35771.305
5299,2014-08-09 19:00:00,14258.122,15546.535,19764.414,15222.517,17020.926,35771.438
5300,2014-08-09 20:00:00,14259.23,15547.616,19766.01,15223.493,17022.795,35774.63
5301,2014-08-09 21:00:00,14260.9795,15550.512,19771.232,15225.144,17025.66,35778.69
5302,2014-08-09 22:00:00,14263.6045,15554.307,19774.533,15226.13,17027.197,35786.656
5303,2014-08-09 23:00:00,14265.824,15554.389,19774.664,15226.13,17027.367,35790.254
5304,2014-08-10 00:00:00,14265.824,15554.389,19774.664,15226.13,17027.367,35790.254
5305,2014-08-10 01:00:00,14265.824,15554.389,19774.664,15226.13,17027.367,35790.254
5306,2014-08-10 02:00:00,14265.824,15554.389,19774.664,15226.13,17027.367,35790.254
5307,2014-08-10 03:00:00,14265.824,15554.389,19774.664,15226.13,17027.367,35790.254
5308,2014-08-10 04:00:00,14265.824,15554.389,19774.664,15226.13,17027.367,35790.254
5309,2014-08-10 05:00:00,14265.824,15554.389,19774.664,15226.13,17027.367,35790.254
5310,2014-08-10 06:00:00,14265.824,15554.389,19774.664,15226.13,17027.367,35790.254
5311,2014-08-10 07:00:00,14265.824,15554.389,19774.664,15226.13,17027.367,35790.254
5312,2014-08-10 08:00:00,14265.824,15554.389,19774.664,15226.13,17027.367,35790.254
5313,2014-08-10 09:00:00,14265.824,15554.389,19774.664,15226.13,17027.367,35790.254
5314,2014-08-10 10:00:00,14265.824,15554.389,19774.664,15226.13,17027.367,35790.254
5315,2014-08-10 11:00:00,14265.878,15554.389,19774.664,15226.13,17027.367,35790.254
5316,2014-08-10 12:00:00,14265.878,15554.389,19774.664,15226.13,17027.367,35790.254
5317,2014-08-10 13:00:00,14265.878,15554.389,19774.664,15226.13,17027.367,35790.254
5318,2014-08-10 14:00:00,14265.878,15554.389,19774.664,15226.13,17027.367,35790.254
5319,2014-08-10 15:00:00,14265.878,15554.389,19774.664,15226.13,17027.367,35790.254
5320,2014-08-10 16:00:00,14265.878,15554.389,19774.664,15226.13,17027.367,35790.254
5321,2014-08-10 17:00:00,14265.914,15554.389,19774.664,15226.13,17027.367,35790.254
5322,2014-08-10 18:00:00,14265.914,15554.558,19774.664,15226.13,17027.367,35790.254
5323,2014-08-10 19:00:00,14265.914,15555.202,19774.664,15226.13,17027.367,35790.254
5324,2014-08-10 20:00:00,14265.914,15555.202,19774.664,15226.13,17027.367,35790.254
5325,2014-08-10 21:00:00,14265.914,15555.202,19774.664,15226.13,17027.367,35790.254
5326,2014-08-10 22:00:00,14265.914,15555.202,19774.664,15226.13,17027.367,35790.254
5327,2014-08-10 23:00:00,14265.914,15555.202,19774.664,15226.13,17027.367,35790.254
5328,2014-08-11 00:00:00,14268.676,15564.245,19778.832,15236.348,17029.977,35798.68
5329,2014-08-11 01:00:00,14269.275,15564.305,19779.215,15236.728,17029.977,35800.62
5330,2014-08-11 02:00:00,14269.275,15564.305,19779.215,15236.728,17029.977,35800.62
5331,2014-08-11 03:00:00,14269.275,15564.305,19779.215,15236.728,17029.977,35800.62
5332,2014-08-11 04:00:00,14269.275,15564.305,19779.215,15236.728,17029.977,35800.918
5333,2014-08-11 05:00:00,14269.275,15564.305,19779.215,15236.728,17029.977,35800.918
5334,2014-08-11 06:00:00,14269.275,15564.305,19779.275,15237.467,17030.037,35803.367
5335,2014-08-11 07:00:00,14270.666,15564.305,19779.883,15237.467,17030.037,35804.52
5336,2014-08-11 08:00:00,14270.678,15564.305,19779.883,15237.467,17030.037,35804.52
5337,2014-08-11 09:00:00,14270.678,15564.305,19779.883,15237.467,17030.037,35804.52
5338,2014-08-11 10:00:00,14270.678,15564.305,19779.883,15237.467,17030.037,35804.52
5339,2014-08-11 11:00:00,14270.678,15564.305,19779.883,15237.467,17030.037,35804.52
5340,2014-08-11 12:00:00,14265.914,15555.202,19774.664,15226.13,17027.367,35790.254
5341,2014-08-11 13:00:00,14265.914,15555.202,19774.664,15226.13,17027.367,35790.254
5342,2014-08-11 14:00:00,14265.914,15555.202,19774.664,15226.13,17027.367,35790.254
5343,2014-08-11 15:00:00,14265.914,15555.202,19774.664,15226.13,17027.367,35790.254
5344,2014-08-11 16:00:00,14265.914,15555.202,19774.664,15226.13,17027.367,35790.254
5345,2014-08-11 17:00:00,14265.914,15556.273,19774.664,15226.996,17027.367,35790.254
5346,2014-08-11 18:00:00,14265.914,15557.238,19774.664,15228.079,17027.367,35791.723
5347,2014-08-11 19:00:00,14265.914,15558.349,19774.664,15228.405,17027.367,35791.723
5348,2014-08-11 20:00:00,14266.21,15560.69,19775.133,15231.662,17028.088,35792.613
5349,2014-08-11 21:00:00,14267.631,15563.387,19777.092,15234.738,17029.688,35795.812
5350,2014-08-11 22:00:00,14270.666,15564.305,19779.883,15237.467,17030.037,35804.52
5351,2014-08-11 23:00:00,14270.678,15564.305,19779.883,15237.467,17030.037,35804.52
5352,2014-08-12 00:00:00,14270.678,15564.305,19779.883,15237.467,17030.037,35804.52
5353,2014-08-12 01:00:00,14270.678,15564.305,19779.883,15237.467,17030.037,35804.52
5354,2014-08-12 02:00:00,14270.678,15564.305,19779.883,15237.467,17030.037,35804.52
5355,2014-08-12 03:00:00,14270.678,15564.305,19779.883,15237.467,17030.037,35804.52
5356,2014-08-12 04:00:00,14270.678,15564.305,19779.883,15237.467,17030.037,35804.52
5357,2014-08-12 05:00:00,14270.709,15564.305,19780.754,15237.467,17030.861,35805.43
5358,2014-08-12 06:00:00,14270.678,15564.305,19779.883,15237.467,17030.037,35804.52
5359,2014-08-12 07:00:00,14270.678,15564.305,19779.883,15237.467,17030.037,35804.52
5360,2014-08-12 08:00:00,14270.701,15564.305,19779.984,15237.467,17030.037,35804.52
5361,2014-08-12 09:00:00,14270.701,15564.305,19780.754,15237.467,17030.037,35804.66
5362,2014-08-12 10:00:00,14270.8,15564.984,19782.074,15237.575,17032.29,35805.67
5363,2014-08-12 11:00:00,14271.078,15565.936,19784.23,15238.41,17033.664,35808.39
5364,2014-08-12 12:00:00,14272.431,15566.852,19786.734,15239.411,17034.842,35812.504
5365,2014-08-12 13:00:00,14274.049,15567.485,19788.502,15240.956,17034.982,35815.605
5366,2014-08-12 14:00:00,14275.5205,15567.485,19789.848,15241.709,17034.982,35818.375
5367,2014-08-12 15:00:00,14276.31,15567.778,19790.23,15242.715,17034.982,35820.16
5368,2014-08-12 16:00:00,14276.829,15568.408,19790.23,15242.715,17034.982,35821.23
5369,2014-08-12 17:00:00,14276.829,15568.865,19790.23,15243.115,17034.982,35822.414
5370,2014-08-12 18:00:00,14277.033,15569.216,19790.23,15244.617,17034.982,35822.414
5371,2014-08-12 19:00:00,14277.089,15569.671,19790.23,15244.749,17034.982,35823.2
5372,2014-08-12 20:00:00,14277.089,15570.769,19790.23,15245.768,17034.982,35823.2
5373,2014-08-12 21:00:00,14277.292,15571.268,19790.23,15246.274,17034.982,35823.785
5374,2014-08-12 22:00:00,14277.96,15571.268,19790.23,15246.274,17034.982,35823.785
5375,2014-08-12 23:00:00,14278.097,15571.389,19790.23,15247.087,17035.027,35823.785
5376,2014-08-13 00:00:00,14278.695,15571.962,19790.23,15247.439,17035.154,35824.133
5377,2014-08-13 01:00:00,14279.155,15572.671,19790.23,15247.76,17036.643,35824.17
5378,2014-08-13 02:00:00,14279.753,15573.631,19790.23,15249.367,17037.121,35824.766
5379,2014-08-13 03:00:00,14280.583,15575.127,19790.23,15250.279,17037.121,35825.324
5380,2014-08-13 04:00:00,14280.89,15578.379,19790.23,15252.428,17037.121,35825.703
5381,2014-08-13 05:00:00,14282.404,15579.373,19790.23,15254.265,17037.121,35828.37
5382,2014-08-13 06:00:00,14283.077,15581.207,19790.23,15255.353,17037.467,35830.04
5383,2014-08-13 07:00:00,14283.19,15582.609,19790.23,15256.775,17037.467,35831.164
5384,2014-08-13 08:00:00,14283.19,15583.889,19790.23,15257.529,17037.467,35831.164
5385,2014-08-13 09:00:00,14283.19,15585.565,19790.23,15258.117,17037.467,35831.164
5386,2014-08-13 10:00:00,14283.19,15585.565,19790.23,15258.117,17037.467,35831.492
5387,2014-08-13 11:00:00,14283.302,15585.565,19790.23,15258.508,17037.467,35831.492
5388,2014-08-13 12:00:00,14283.312,15585.658,19790.23,15258.774,17037.467,35831.492
5389,2014-08-13 13:00:00,14283.414,15585.83,19790.23,15258.774,17037.467,35831.492
5390,2014-08-13 14:00:00,14283.653,15585.83,19790.23,15258.774,17037.467,35831.492
5391,2014-08-13 15:00:00,14285.933,15585.892,19790.23,15258.774,17037.467,35831.492
5392,2014-08-13 16:00:00,14285.933,15585.965,19790.23,15258.774,17037.467,35831.492
5393,2014-08-13 17:00:00,14285.933,15585.965,19790.23,15258.807,17037.467,35831.504
5394,2014-08-13 18:00:00,14285.933,15585.965,19790.23,15261.234,17037.467,35831.95
5395,2014-08-13 19:00:00,14285.933,15585.996,19790.828,15262.718,17037.467,35833.18
5396,2014-08-13 20:00:00,14285.933,15585.996,19792.033,15262.718,17037.467,35833.18
5397,2014-08-13 21:00:00,14285.933,15585.996,19792.033,15262.718,17037.467,35833.18
5398,2014-08-13 22:00:00,14285.933,15585.996,19792.033,15262.718,17037.467,35833.18
5399,2014-08-13 23:00:00,14285.933,15585.996,19792.033,15262.718,17037.467,35833.18
5400,2014-08-14 00:00:00,14285.933,15585.996,19792.033,15262.718,17037.467,35833.18
5401,2014-08-14 01:00:00,14285.933,15585.996,19792.033,15262.718,17037.467,35833.18
5402,2014-08-14 02:00:00,14285.933,15585.996,19792.033,15262.718,17037.467,35833.18
5403,2014-08-14 03:00:00,14285.933,15585.996,19792.033,15262.718,17037.467,35833.18
5404,2014-08-14 04:00:00,14285.933,15585.996,19792.033,15262.718,17037.467,35833.18
5405,2014-08-14 05:00:00,14285.933,15585.996,19792.033,15262.718,17037.467,35833.18
5406,2014-08-14 06:00:00,14285.933,15585.996,19792.033,15262.718,17037.467,35833.18
5407,2014-08-14 07:00:00,14285.933,15585.996,19792.033,15262.718,17037.467,35833.18
5408,2014-08-14 08:00:00,14285.933,15585.996,19792.033,15262.718,17037.467,35833.18
5409,2014-08-14 09:00:00,14285.933,15585.996,19792.033,15262.718,17037.467,35833.18
5410,2014-08-14 10:00:00,14285.933,15585.996,19792.033,15262.718,17037.467,35833.18
5411,2014-08-14 11:00:00,14285.933,15585.996,19792.033,15262.718,17037.467,35833.18
5412,2014-08-14 12:00:00,14285.933,15585.996,19792.033,15262.718,17037.467,35833.18
5413,2014-08-14 13:00:00,14285.933,15585.996,19792.033,15262.718,17037.467,35833.18
5414,2014-08-14 14:00:00,14285.933,15585.996,19792.033,15262.718,17037.467,35833.18
5415,2014-08-14 15:00:00,14285.933,15585.996,19792.033,15262.718,17037.467,35833.18
5416,2014-08-14 16:00:00,14285.933,15585.996,19792.033,15262.718,17037.467,35833.18
5417,2014-08-14 17:00:00,14285.933,15585.996,19792.033,15262.718,17037.467,35833.18
5418,2014-08-14 18:00:00,14285.933,15585.996,19792.467,15262.718,17037.467,35833.18
5419,2014-08-14 19:00:00,14285.933,15585.996,19794.863,15262.718,17037.467,35833.18
5420,2014-08-14 20:00:00,14285.933,15585.996,19796.844,15262.718,17037.979,35833.18
5421,2014-08-14 21:00:00,14285.933,15585.996,19796.873,15262.718,17037.979,35833.18
5422,2014-08-14 22:00:00,14285.933,15585.996,19796.873,15262.718,17037.979,35833.18
5423,2014-08-14 23:00:00,14285.933,15585.996,19796.873,15262.718,17037.979,35833.18
5424,2014-08-15 00:00:00,14285.933,15585.996,19796.873,15262.718,17037.979,35833.18
5425,2014-08-15 01:00:00,14285.933,15585.996,19796.873,15263.041,17037.979,35833.18
5426,2014-08-15 02:00:00,14286.306,15585.996,19796.873,15263.041,17037.979,35833.18
5427,2014-08-15 03:00:00,14286.588,15585.996,19796.873,15263.041,17037.979,35833.18
5428,2014-08-15 04:00:00,14286.588,15585.996,19796.873,15263.041,17037.979,35833.18
5429,2014-08-15 05:00:00,14286.588,15585.996,19796.873,15263.041,17037.979,35833.18
5430,2014-08-15 06:00:00,14286.588,15585.996,19796.873,15263.041,17037.979,35833.383
5431,2014-08-15 07:00:00,14286.588,15585.996,19796.873,15263.041,17037.979,35833.383
5432,2014-08-15 08:00:00,14286.588,15586.118,19796.873,15263.041,17037.979,35833.383
5433,2014-08-15 09:00:00,14286.588,15586.118,19796.873,15263.723,17037.979,35833.383
5434,2014-08-15 10:00:00,14286.588,15586.132,19796.873,15263.771,17037.979,35833.383
5435,2014-08-15 11:00:00,14286.588,15586.384,19796.873,15264.415,17037.979,35833.383
5436,2014-08-15 12:00:00,14285.933,15585.996,19796.873,15262.718,17037.979,35833.18
5437,2014-08-15 13:00:00,14285.933,15585.996,19796.873,15262.718,17037.979,35833.18
5438,2014-08-15 14:00:00,14285.933,15585.996,19796.873,15262.718,17037.979,35833.18
5439,2014-08-15 15:00:00,14285.933,15585.996,19796.873,15262.718,17037.979,35833.18
5440,2014-08-15 16:00:00,14285.933,15585.996,19796.873,15262.718,17037.979,35833.18
5441,2014-08-15 17:00:00,14285.933,15585.996,19796.873,15262.718,17037.979,35833.18
5442,2014-08-15 18:00:00,14285.933,15585.996,19796.873,15262.718,17037.979,35833.18
5443,2014-08-15 19:00:00,14285.933,15585.996,19796.873,15262.718,17037.979,35833.18
5444,2014-08-15 20:00:00,14285.933,15585.996,19796.873,15262.718,17037.979,35833.18
5445,2014-08-15 21:00:00,14285.933,15585.996,19796.873,15262.718,17037.979,35833.18
5446,2014-08-15 22:00:00,14286.588,15585.996,19796.873,15263.041,17037.979,35833.383
5447,2014-08-15 23:00:00,14286.588,15585.996,19796.873,15263.041,17037.979,35833.383
5448,2014-08-16 00:00:00,14286.873,15586.384,19796.873,15264.636,17037.979,35833.383
5449,2014-08-16 01:00:00,14287.534,15586.384,19796.873,15264.636,17037.979,35833.383
5450,2014-08-16 02:00:00,14287.534,15586.384,19796.873,15264.636,17037.979,35833.383
5451,2014-08-16 03:00:00,14287.534,15586.384,19796.873,15264.636,17037.979,35833.383
5452,2014-08-16 04:00:00,14287.534,15586.384,19796.873,15264.636,17037.979,35833.383
5453,2014-08-16 05:00:00,14287.534,15586.384,19796.873,15264.636,17037.979,35833.383
5454,2014-08-16 06:00:00,14287.534,15586.384,19796.873,15264.636,17037.979,35833.383
5455,2014-08-16 07:00:00,14287.534,15586.384,19796.873,15264.636,17037.979,35833.383
5456,2014-08-16 08:00:00,14287.534,15586.384,19796.873,15264.636,17037.979,35833.383
5457,2014-08-16 09:00:00,14287.534,15586.384,19796.873,15264.636,17037.979,35833.383
5458,2014-08-16 10:00:00,14287.534,15586.384,19796.873,15264.636,17037.979,35833.383
5459,2014-08-16 11:00:00,14287.534,15586.384,19796.873,15264.636,17037.979,35833.383
5460,2014-08-16 12:00:00,14287.534,15586.384,19796.873,15264.636,17037.979,35833.383
5461,2014-08-16 13:00:00,14287.534,15586.384,19796.873,15264.636,17037.979,35833.383
5462,2014-08-16 14:00:00,14287.534,15586.384,19796.873,15265.232,17038.143,35833.383
5463,2014-08-16 15:00:00,14287.638,15586.384,19796.873,15265.7,17038.143,35833.383
5464,2014-08-16 16:00:00,14287.794,15587.974,19796.873,15266.334,17038.143,35833.383
5465,2014-08-16 17:00:00,14287.926,15588.363,19797.074,15266.641,17038.143,35833.383
5466,2014-08-16 18:00:00,14288.345,15589.748,19797.074,15267.034,17038.143,35833.383
5467,2014-08-16 19:00:00,14288.972,15590.659,19797.074,15268.098,17039.023,35833.383
5468,2014-08-16 20:00:00,14287.534,15586.384,19796.873,15264.636,17037.979,35833.383
5469,2014-08-16 21:00:00,14287.534,15586.384,19796.873,15264.636,17037.979,35833.383
5470,2014-08-16 22:00:00,14287.638,15586.726,19796.873,15265.849,17038.143,35833.383
5471,2014-08-16 23:00:00,14287.794,15587.254,19796.873,15266.334,17038.143,35833.383
5472,2014-08-17 00:00:00,14289.594,15590.921,19797.074,15268.457,17039.023,35833.383
5473,2014-08-17 01:00:00,14289.694,15590.921,19797.074,15269.113,17039.023,35833.383
5474,2014-08-17 02:00:00,14289.694,15590.921,19797.979,15269.363,17039.023,35833.383
5475,2014-08-17 03:00:00,14289.694,15591.208,19797.979,15269.363,17039.023,35833.383
5476,2014-08-17 04:00:00,14289.694,15591.826,19797.979,15269.386,17039.023,35833.383
5477,2014-08-17 05:00:00,14289.694,15593.805,19797.979,15269.754,17039.023,35833.383
5478,2014-08-17 06:00:00,14289.694,15595.321,19797.979,15270.852,17039.023,35833.383
5479,2014-08-17 07:00:00,14289.694,15595.627,19797.979,15271.535,17039.023,35833.383
5480,2014-08-17 08:00:00,14289.694,15597.115,19797.979,15272.188,17039.023,35833.383
5481,2014-08-17 09:00:00,14289.694,15597.115,19797.979,15272.188,17039.023,35833.383
5482,2014-08-17 10:00:00,14289.694,15597.115,19797.979,15272.351,17039.023,35833.383
5483,2014-08-17 11:00:00,14289.694,15597.115,19798.225,15272.487,17039.766,35833.383
5484,2014-08-17 12:00:00,14290.234,15597.115,19799.12,15272.487,17040.535,35833.6
5485,2014-08-17 13:00:00,14290.597,15597.115,19800.086,15272.675,17040.535,35833.6
5486,2014-08-17 14:00:00,14291.026,15597.115,19800.58,15272.727,17040.535,35833.6
5487,2014-08-17 15:00:00,14291.481,15597.115,19800.58,15272.727,17040.535,35833.6
5488,2014-08-17 16:00:00,14291.481,15597.115,19800.88,15272.727,17040.535,35834.45
5489,2014-08-17 17:00:00,14291.481,15597.115,19800.88,15272.727,17040.535,35834.45
5490,2014-08-17 18:00:00,14291.591,15597.115,19800.88,15272.727,17040.535,35834.45
5491,2014-08-17 19:00:00,14291.734,15597.115,19801.094,15272.727,17040.535,35834.45
5492,2014-08-17 20:00:00,14289.694,15596.045,19797.979,15272.188,17039.023,35833.383
5493,2014-08-17 21:00:00,14289.694,15596.694,19797.979,15272.188,17039.023,35833.383
5494,2014-08-17 22:00:00,14291.481,15597.115,19800.58,15272.727,17040.535,35833.6
5495,2014-08-17 23:00:00,14291.481,15597.115,19800.58,15272.727,17040.535,35833.6
5496,2014-08-18 00:00:00,14292.666,15597.115,19801.094,15272.727,17040.535,35834.72
5497,2014-08-18 01:00:00,14293.934,15597.115,19802.002,15273.087,17040.766,35837.453
5498,2014-08-18 02:00:00,14294.556,15597.726,19803.523,15273.62,17042.139,35838.062
5499,2014-08-18 03:00:00,14294.556,15597.742,19803.523,15273.62,17042.633,35838.062
5500,2014-08-18 04:00:00,14294.868,15597.742,19803.523,15273.62,17042.633,35838.062
5501,2014-08-18 05:00:00,14294.868,15597.742,19803.523,15273.62,17042.633,35838.062
5502,2014-08-18 06:00:00,14294.868,15597.742,19803.523,15273.62,17042.633,35838.062
5503,2014-08-18 07:00:00,14294.868,15597.742,19803.523,15273.62,17042.633,35838.062
5504,2014-08-18 08:00:00,14294.996,15597.742,19803.523,15273.62,17042.807,35838.062
5505,2014-08-18 09:00:00,14295.272,15597.911,19807.072,15273.899,17044.088,35838.062
5506,2014-08-18 10:00:00,14295.272,15598.746,19808.855,15274.264,17044.693,35838.062
5507,2014-08-18 11:00:00,14295.272,15598.803,19808.855,15274.264,17047.262,35838.062
5508,2014-08-18 12:00:00,14295.272,15598.803,19808.855,15274.264,17047.523,35838.062
5509,2014-08-18 13:00:00,14295.272,15598.803,19808.855,15274.264,17047.523,35838.062
5510,2014-08-18 14:00:00,14295.272,15598.803,19808.855,15274.264,17047.523,35838.062
5511,2014-08-18 15:00:00,14295.272,15598.803,19809.031,15274.264,17047.625,35838.062
5512,2014-08-18 16:00:00,14295.272,15598.803,19809.031,15274.264,17048.137,35838.062
5513,2014-08-18 17:00:00,14295.837,15598.803,19809.729,15274.264,17048.469,35838.062
5514,2014-08-18 18:00:00,14296.384,15598.803,19810.096,15274.264,17048.469,35838.535
5515,2014-08-18 19:00:00,14296.384,15598.803,19811.975,15274.404,17048.469,35841.21
5516,2014-08-18 20:00:00,14296.384,15599.136,19814.297,15274.404,17048.469,35844.38
5517,2014-08-18 21:00:00,14296.384,15600.11,19815.719,15274.404,17048.469,35847.0
5518,2014-08-18 22:00:00,14291.734,15597.115,19801.094,15272.727,17040.535,35834.45
5519,2014-08-18 23:00:00,14291.734,15597.115,19801.094,15272.727,17040.535,35834.45
5520,2014-08-19 00:00:00,14296.384,15600.11,19816.477,15274.404,17048.547,35848.57
5521,2014-08-19 01:00:00,14296.384,15600.11,19816.676,15274.404,17048.547,35849.8
5522,2014-08-19 02:00:00,14296.384,15600.11,19818.52,15274.404,17049.402,35851.254
5523,2014-08-19 03:00:00,14296.384,15600.11,19820.383,15274.404,17050.11,35854.375
5524,2014-08-19 04:00:00,14296.954,15600.215,19828.137,15274.466,17053.766,35863.113
5525,2014-08-19 05:00:00,14296.384,15600.11,19821.95,15274.404,17051.19,35856.902
5526,2014-08-19 06:00:00,14296.536,15600.11,19824.447,15274.466,17052.584,35859.81
5527,2014-08-19 07:00:00,14297.074,15600.215,19828.895,15274.466,17054.207,35867.152
5528,2014-08-19 08:00:00,14297.161,15600.676,19830.021,15274.466,17055.268,35870.375
5529,2014-08-19 09:00:00,14297.463,15600.676,19831.219,15274.536,17057.088,35874.223
5530,2014-08-19 10:00:00,14297.512,15600.676,19833.006,15275.079,17058.777,35877.19
5531,2014-08-19 11:00:00,14297.512,15600.676,19835.77,15275.814,17062.646,35879.223
5532,2014-08-19 12:00:00,14297.512,15600.676,19838.283,15276.43,17066.406,35881.594
5533,2014-08-19 13:00:00,14297.512,15600.676,19840.107,15277.043,17071.104,35884.414
5534,2014-08-19 14:00:00,14297.512,15601.244,19842.74,15277.471,17075.236,35889.77
5535,2014-08-19 15:00:00,14297.641,15602.803,19844.607,15277.471,17078.865,35896.4
5536,2014-08-19 16:00:00,14299.025,15604.955,19846.21,15277.471,17081.287,35899.844
5537,2014-08-19 17:00:00,14300.519,15606.173,19848.742,15277.471,17082.898,35903.68
5538,2014-08-19 18:00:00,14301.694,15606.291,19850.32,15277.471,17083.709,35908.715
5539,2014-08-19 19:00:00,14302.167,15606.291,19852.314,15277.471,17083.865,35912.242
5540,2014-08-19 20:00:00,14302.167,15606.291,19853.934,15277.471,17084.988,35915.48
5541,2014-08-19 21:00:00,14302.167,15606.894,19855.39,15277.471,17086.8,35919.83
5542,2014-08-19 22:00:00,14302.167,15607.289,19857.178,15277.907,17088.81,35919.83
5543,2014-08-19 23:00:00,14302.167,15607.315,19857.178,15277.999,17089.176,35919.83
5544,2014-08-20 00:00:00,14302.167,15607.483,19857.178,15278.226,17089.176,35919.83
5545,2014-08-20 01:00:00,14302.167,15607.727,19857.178,15278.5205,17089.176,35919.83
5546,2014-08-20 02:00:00,14302.167,15607.727,19857.178,15278.5205,17089.176,35919.83
5547,2014-08-20 03:00:00,14302.167,15607.8545,19857.178,15278.5205,17089.275,35919.83
5548,2014-08-20 04:00:00,14302.167,15607.941,19858.568,15278.5205,17091.623,35919.83
5549,2014-08-20 05:00:00,14302.229,15608.101,19859.857,15278.626,17093.518,35919.83
5550,2014-08-20 06:00:00,14302.245,15608.255,19861.861,15278.626,17094.918,35921.09
5551,2014-08-20 07:00:00,14302.245,15608.255,19862.91,15278.626,17095.857,35923.566
5552,2014-08-20 08:00:00,14302.245,15608.255,19863.232,15278.626,17096.32,35924.56
5553,2014-08-20 09:00:00,14302.245,15608.255,19865.266,15278.626,17096.424,35924.56
5554,2014-08-20 10:00:00,14302.245,15608.255,19865.695,15278.626,17097.027,35924.703
5555,2014-08-20 11:00:00,14302.245,15608.255,19867.465,15278.626,17097.027,35925.73
5556,2014-08-20 12:00:00,14302.245,15608.255,19871.89,15278.626,17097.176,35928.09
5557,2014-08-20 13:00:00,14302.245,15608.255,19874.482,15278.694,17097.404,35930.305
5558,2014-08-20 14:00:00,14302.245,15608.255,19875.215,15278.694,17097.404,35930.305
5559,2014-08-20 15:00:00,14302.245,15608.255,19875.354,15278.694,17097.404,35930.305
5560,2014-08-20 16:00:00,14302.245,15608.255,19875.799,15278.694,17097.404,35930.305
5561,2014-08-20 17:00:00,14302.245,15608.255,19876.62,15278.694,17097.404,35930.305
5562,2014-08-20 18:00:00,14302.245,15608.255,19877.703,15278.694,17097.404,35930.305
5563,2014-08-20 19:00:00,14302.245,15608.255,19877.703,15278.694,17097.404,35930.305
5564,2014-08-20 20:00:00,14302.245,15608.255,19877.703,15278.694,17097.404,35930.305
5565,2014-08-20 21:00:00,14302.245,15608.255,19877.703,15278.694,17097.404,35930.305
5566,2014-08-20 22:00:00,14302.245,15608.255,19877.703,15278.694,17097.404,35930.305
5567,2014-08-20 23:00:00,14302.245,15608.255,19877.703,15278.694,17097.404,35930.305
5568,2014-08-21 00:00:00,14302.245,15608.255,19877.703,15278.694,17097.404,35930.305
5569,2014-08-21 01:00:00,14302.245,15608.865,19877.703,15278.694,17097.404,35930.305
5570,2014-08-21 02:00:00,14302.245,15609.549,19877.703,15278.694,17098.113,35930.305
5571,2014-08-21 03:00:00,14302.245,15610.238,19877.703,15278.694,17099.156,35930.305
5572,2014-08-21 04:00:00,14302.245,15610.922,19877.703,15278.694,17099.72,35930.305
5573,2014-08-21 05:00:00,14302.245,15611.282,19877.703,15278.694,17099.72,35930.305
5574,2014-08-21 06:00:00,14302.245,15611.282,19877.703,15278.694,17100.393,35930.305
5575,2014-08-21 07:00:00,14302.245,15611.282,19877.703,15278.694,17100.393,35930.305
5576,2014-08-21 08:00:00,14302.245,15611.282,19877.703,15278.694,17100.393,35930.305
5577,2014-08-21 09:00:00,14302.245,15611.282,19877.703,15278.694,17101.502,35930.305
5578,2014-08-21 10:00:00,14302.245,15611.282,19877.703,15278.694,17101.52,35930.305
5579,2014-08-21 11:00:00,14302.245,15611.282,19877.703,15278.694,17101.52,35930.305
5580,2014-08-21 12:00:00,14302.245,15611.282,19877.703,15278.694,17101.52,35930.305
5581,2014-08-21 13:00:00,14302.245,15611.282,19877.703,15278.694,17101.52,35930.305
5582,2014-08-21 14:00:00,14302.245,15611.282,19877.703,15278.694,17101.52,35930.305
5583,2014-08-21 15:00:00,14302.396,15611.282,19877.703,15278.694,17101.52,35930.305
5584,2014-08-21 16:00:00,14303.554,15611.282,19877.703,15278.694,17101.52,35930.305
5585,2014-08-21 17:00:00,14304.046,15611.282,19877.703,15278.694,17101.52,35930.305
5586,2014-08-21 18:00:00,14304.046,15611.282,19877.703,15278.694,17101.52,35930.305
5587,2014-08-21 19:00:00,14304.046,15611.282,19877.82,15279.004,17101.727,35930.305
5588,2014-08-21 20:00:00,14304.046,15611.282,19878.229,15279.185,17101.727,35930.305
5589,2014-08-21 21:00:00,14304.046,15611.334,19878.229,15279.3125,17102.297,35930.305
5590,2014-08-21 22:00:00,14304.046,15611.797,19878.229,15280.007,17102.436,35930.305
5591,2014-08-21 23:00:00,14304.046,15612.075,19878.35,15280.332,17103.957,35930.305
5592,2014-08-22 00:00:00,14304.046,15614.55,19879.537,15282.796,17105.012,35930.305
5593,2014-08-22 01:00:00,14304.046,15614.55,19879.537,15282.796,17105.012,35930.305
5594,2014-08-22 02:00:00,14304.046,15614.55,19879.537,15283.286,17105.012,35930.305
5595,2014-08-22 03:00:00,14304.046,15614.809,19879.537,15284.699,17105.104,35930.305
5596,2014-08-22 04:00:00,14304.046,15615.084,19879.537,15284.71,17105.54,35930.305
5597,2014-08-22 05:00:00,14304.492,15616.222,19879.537,15286.549,17105.545,35930.305
5598,2014-08-22 06:00:00,14305.895,15616.62,19879.537,15287.341,17106.428,35931.49
5599,2014-08-22 07:00:00,14306.496,15616.642,19880.623,15287.488,17106.72,35932.79
5600,2014-08-22 08:00:00,14307.536,15616.642,19880.97,15289.378,17106.973,35934.25
5601,2014-08-22 09:00:00,14307.536,15616.642,19880.97,15289.378,17107.078,35934.25
5602,2014-08-22 10:00:00,14307.781,15616.642,19880.97,15289.378,17107.078,35934.25
5603,2014-08-22 11:00:00,14307.781,15616.642,19880.97,15289.378,17107.078,35934.25
5604,2014-08-22 12:00:00,14304.046,15612.461,19878.35,15281.123,17103.957,35930.305
5605,2014-08-22 13:00:00,14304.046,15612.595,19878.35,15281.392,17103.957,35930.305
5606,2014-08-22 14:00:00,14304.046,15613.138,19878.35,15281.456,17103.957,35930.305
5607,2014-08-22 15:00:00,14304.046,15613.138,19878.35,15281.456,17103.957,35930.305
5608,2014-08-22 16:00:00,14304.046,15613.297,19878.771,15281.581,17103.957,35930.305
5609,2014-08-22 17:00:00,14304.046,15613.497,19878.771,15282.265,17103.957,35930.305
5610,2014-08-22 18:00:00,14304.046,15613.811,19879.537,15282.414,17103.957,35930.305
5611,2014-08-22 19:00:00,14304.046,15613.94,19879.537,15282.492,17103.957,35930.305
5612,2014-08-22 20:00:00,14304.046,15614.488,19879.537,15282.796,17104.062,35930.305
5613,2014-08-22 21:00:00,14304.046,15614.55,19879.537,15282.796,17105.012,35930.305
5614,2014-08-22 22:00:00,14307.395,15616.642,19880.72,15289.058,17106.72,35934.105
5615,2014-08-22 23:00:00,14307.412,15616.642,19880.97,15289.378,17106.72,35934.25
5616,2014-08-23 00:00:00,14307.781,15616.642,19880.97,15289.378,17107.078,35934.25
5617,2014-08-23 01:00:00,14307.781,15616.642,19880.97,15289.378,17107.078,35934.25
5618,2014-08-23 02:00:00,14307.781,15616.642,19880.97,15289.378,17107.078,35934.25
5619,2014-08-23 03:00:00,14307.781,15616.642,19880.97,15289.378,17107.078,35934.25
5620,2014-08-23 04:00:00,14307.781,15616.642,19880.97,15289.378,17107.078,35934.25
5621,2014-08-23 05:00:00,14308.049,15616.642,19880.97,15289.378,17107.078,35934.25
5622,2014-08-23 06:00:00,14308.049,15616.642,19880.97,15289.693,17107.078,35934.258
5623,2014-08-23 07:00:00,14308.049,15616.731,19880.97,15289.716,17107.078,35934.258
5624,2014-08-23 08:00:00,14308.049,15616.731,19880.97,15289.716,17107.078,35934.258
5625,2014-08-23 09:00:00,14308.049,15616.731,19880.97,15289.716,17107.078,35934.258
5626,2014-08-23 10:00:00,14308.049,15616.731,19880.97,15289.716,17107.078,35934.258
5627,2014-08-23 11:00:00,14308.049,15616.731,19880.97,15289.806,17107.078,35934.258
5628,2014-08-23 12:00:00,14308.049,15616.731,19880.97,15290.344,17107.078,35934.258
5629,2014-08-23 13:00:00,14308.111,15616.731,19881.197,15290.344,17107.234,35934.258
5630,2014-08-23 14:00:00,14308.111,15616.731,19882.82,15290.344,17107.234,35934.258
5631,2014-08-23 15:00:00,14308.111,15616.731,19882.82,15290.344,17107.234,35934.258
5632,2014-08-23 16:00:00,14308.111,15616.731,19882.82,15290.344,17107.234,35934.91
5633,2014-08-23 17:00:00,14308.111,15616.731,19882.82,15290.344,17107.234,35934.91
5634,2014-08-23 18:00:00,14308.111,15616.731,19882.82,15290.344,17107.234,35934.91
5635,2014-08-23 19:00:00,14308.111,15616.731,19882.82,15290.344,17107.61,35934.91
5636,2014-08-23 20:00:00,14308.111,15616.731,19883.232,15290.344,17107.842,35934.91
5637,2014-08-23 21:00:00,14308.049,15616.731,19880.97,15289.716,17107.078,35934.258
5638,2014-08-23 22:00:00,14308.049,15616.731,19880.97,15289.716,17107.078,35934.258
5639,2014-08-23 23:00:00,14308.111,15616.731,19882.82,15290.344,17107.234,35934.91
5640,2014-08-24 00:00:00,14311.067,15619.436,19893.422,15291.696,17115.662,35937.246
5641,2014-08-24 01:00:00,14311.067,15619.436,19893.422,15291.696,17115.662,35937.246
5642,2014-08-24 02:00:00,14311.067,15619.436,19893.422,15291.696,17115.662,35937.246
5643,2014-08-24 03:00:00,14311.067,15619.436,19893.422,15291.696,17115.662,35937.246
5644,2014-08-24 04:00:00,14311.067,15619.436,19891.506,15291.61,17114.654,35937.246
5645,2014-08-24 05:00:00,14311.067,15619.436,19892.521,15291.696,17115.662,35937.246
5646,2014-08-24 06:00:00,14308.111,15616.731,19883.232,15290.344,17107.842,35934.91
5647,2014-08-24 07:00:00,14308.111,15616.731,19883.232,15290.344,17107.842,35934.91
5648,2014-08-24 08:00:00,14308.111,15616.731,19883.232,15290.344,17107.842,35936.605
5649,2014-08-24 09:00:00,14308.111,15616.731,19883.863,15290.344,17107.842,35936.605
5650,2014-08-24 10:00:00,14308.328,15616.731,19884.994,15290.344,17108.324,35936.605
5651,2014-08-24 11:00:00,14309.407,15616.731,19884.994,15290.344,17108.324,35937.152
5652,2014-08-24 12:00:00,14309.679,15617.103,19886.773,15290.876,17108.324,35937.152
5653,2014-08-24 13:00:00,14309.679,15617.178,19887.086,15291.319,17108.324,35937.152
5654,2014-08-24 14:00:00,14309.915,15617.68,19888.531,15291.5,17108.486,35937.152
5655,2014-08-24 15:00:00,14310.159,15618.371,19888.975,15291.5,17108.486,35937.152
5656,2014-08-24 16:00:00,14310.18,15619.332,19889.508,15291.606,17108.486,35937.152
5657,2014-08-24 17:00:00,14310.285,15619.332,19889.508,15291.606,17109.197,35937.152
5658,2014-08-24 18:00:00,14310.512,15619.332,19889.508,15291.606,17109.197,35937.152
5659,2014-08-24 19:00:00,14310.512,15619.332,19889.857,15291.606,17111.465,35937.152
5660,2014-08-24 20:00:00,14310.512,15619.332,19890.053,15291.606,17111.979,35937.152
5661,2014-08-24 21:00:00,14310.512,15619.436,19890.053,15291.606,17112.258,35937.152
5662,2014-08-24 22:00:00,14310.786,15619.436,19890.182,15291.606,17112.945,35937.152
5663,2014-08-24 23:00:00,14311.067,15619.436,19890.791,15291.606,17113.092,35937.246
5664,2014-08-25 00:00:00,14311.067,15619.436,19893.422,15291.696,17115.662,35937.246
5665,2014-08-25 01:00:00,14311.067,15619.436,19893.422,15291.696,17115.662,35937.246
5666,2014-08-25 02:00:00,14311.067,15619.436,19893.422,15291.696,17115.662,35937.246
5667,2014-08-25 03:00:00,14311.067,15619.436,19893.422,15291.696,17115.662,35937.246
5668,2014-08-25 04:00:00,14311.067,15619.436,19893.422,15291.696,17115.662,35937.246
5669,2014-08-25 05:00:00,14311.241,15619.436,19893.422,15291.696,17115.662,35937.246
5670,2014-08-25 06:00:00,14311.241,15619.436,19893.422,15291.762,17115.662,35937.246
5671,2014-08-25 07:00:00,14311.241,15619.436,19893.422,15291.762,17115.662,35937.246
5672,2014-08-25 08:00:00,14311.241,15619.436,19893.422,15291.762,17115.662,35937.246
5673,2014-08-25 09:00:00,14311.436,15619.436,19893.422,15291.762,17115.662,35937.246
5674,2014-08-25 10:00:00,14311.436,15619.436,19893.422,15292.178,17115.662,35937.246
5675,2014-08-25 11:00:00,14311.436,15619.436,19893.422,15292.178,17116.123,35937.246
5676,2014-08-25 12:00:00,14311.436,15619.436,19893.422,15292.178,17116.123,35937.246
5677,2014-08-25 13:00:00,14311.436,15619.436,19893.732,15292.178,17116.365,35937.246
5678,2014-08-25 14:00:00,14311.436,15619.436,19893.986,15292.178,17116.828,35937.246
5679,2014-08-25 15:00:00,14311.436,15619.436,19894.166,15292.178,17116.828,35937.246
5680,2014-08-25 16:00:00,14311.436,15619.436,19894.393,15292.178,17116.828,35937.246
5681,2014-08-25 17:00:00,14311.436,15619.436,19894.393,15292.178,17116.828,35937.246
5682,2014-08-25 18:00:00,14311.436,15619.436,19894.562,15292.178,17116.828,35937.246
5683,2014-08-25 19:00:00,14311.436,15619.436,19894.562,15292.178,17116.828,35937.246
5684,2014-08-25 20:00:00,14311.436,15619.436,19894.562,15292.178,17116.828,35937.246
5685,2014-08-25 21:00:00,14311.436,15619.436,19894.562,15292.178,17116.828,35937.246
5686,2014-08-25 22:00:00,14311.436,15619.436,19894.562,15292.178,17116.828,35937.246
5687,2014-08-25 23:00:00,14311.436,15619.436,19894.562,15292.178,17116.828,35937.246
5688,2014-08-26 00:00:00,14311.436,15619.436,19894.562,15292.178,17116.828,35937.246
5689,2014-08-26 01:00:00,14311.436,15619.436,19894.562,15292.178,17116.828,35937.246
5690,2014-08-26 02:00:00,14311.436,15619.436,19894.562,15292.178,17116.828,35937.246
5691,2014-08-26 03:00:00,14311.436,15619.436,19894.562,15292.178,17116.828,35937.246
5692,2014-08-26 04:00:00,14311.436,15619.436,19894.562,15292.178,17116.828,35937.246
5693,2014-08-26 05:00:00,14311.436,15619.436,19894.562,15292.178,17116.828,35937.246
5694,2014-08-26 06:00:00,14311.436,15619.436,19894.562,15292.178,17116.828,35937.246
5695,2014-08-26 07:00:00,14311.436,15619.436,19894.562,15292.178,17116.828,35937.246
5696,2014-08-26 08:00:00,14311.436,15619.436,19894.562,15292.178,17116.828,35937.246
5697,2014-08-26 09:00:00,14311.436,15619.436,19894.562,15292.178,17116.828,35937.246
5698,2014-08-26 10:00:00,14311.436,15619.436,19894.562,15292.178,17116.828,35937.246
5699,2014-08-26 11:00:00,14311.436,15619.436,19894.562,15292.178,17116.828,35937.246
5700,2014-08-26 12:00:00,14311.436,15619.436,19894.562,15292.178,17116.828,35937.246
5701,2014-08-26 13:00:00,14311.436,15619.436,19894.562,15292.178,17116.828,35937.246
5702,2014-08-26 14:00:00,14311.436,15619.436,19894.562,15292.178,17116.828,35937.246
5703,2014-08-26 15:00:00,14311.436,15619.436,19894.66,15292.178,17116.828,35937.246
5704,2014-08-26 16:00:00,14311.436,15619.436,19894.66,15292.178,17116.828,35937.246
5705,2014-08-26 17:00:00,14311.436,15619.436,19894.66,15292.178,17116.828,35937.246
5706,2014-08-26 18:00:00,14311.436,15619.436,19894.66,15292.178,17116.828,35937.246
5707,2014-08-26 19:00:00,14311.436,15619.436,19894.66,15292.178,17116.828,35937.246
5708,2014-08-26 20:00:00,14311.436,15619.436,19894.66,15292.178,17116.828,35937.246
5709,2014-08-26 21:00:00,14311.436,15619.436,19894.66,15292.178,17116.828,35937.246
5710,2014-08-26 22:00:00,14311.436,15619.436,19894.66,15292.178,17116.828,35937.246
5711,2014-08-26 23:00:00,14311.436,15619.436,19894.66,15292.178,17116.828,35937.246
5712,2014-08-27 00:00:00,14311.436,15619.436,19894.66,15292.178,17116.828,35937.246
5713,2014-08-27 01:00:00,14311.436,15619.436,19894.66,15292.178,17116.828,35937.246
5714,2014-08-27 02:00:00,14311.436,15619.436,19894.66,15292.178,17116.828,35937.246
5715,2014-08-27 03:00:00,14311.436,15619.436,19894.66,15292.178,17116.828,35937.246
5716,2014-08-27 04:00:00,14311.436,15619.436,19894.66,15292.178,17116.828,35937.246
5717,2014-08-27 05:00:00,14311.436,15619.436,19894.66,15292.178,17116.828,35937.246
5718,2014-08-27 06:00:00,14311.436,15619.436,19894.66,15292.178,17116.828,35937.246
5719,2014-08-27 07:00:00,14311.436,15619.436,19894.66,15292.178,17116.828,35937.246
5720,2014-08-27 08:00:00,14311.436,15619.436,19894.66,15292.178,17116.828,35937.246
5721,2014-08-27 09:00:00,14311.436,15619.436,19894.66,15292.178,17116.828,35937.246
5722,2014-08-27 10:00:00,14311.436,15619.436,19894.66,15292.178,17116.828,35937.246
5723,2014-08-27 11:00:00,14311.436,15619.436,19894.66,15292.178,17116.828,35937.246
5724,2014-08-27 12:00:00,14311.436,15619.436,19894.66,15292.178,17116.828,35937.246
5725,2014-08-27 13:00:00,14311.436,15619.436,19894.66,15292.178,17116.828,35937.246
5726,2014-08-27 14:00:00,14311.436,15619.436,19894.66,15292.178,17116.828,35937.246
5727,2014-08-27 15:00:00,14311.436,15619.436,19894.66,15292.178,17116.828,35937.246
5728,2014-08-27 16:00:00,14311.436,15619.436,19894.66,15292.178,17116.828,35937.246
5729,2014-08-27 17:00:00,14311.436,15619.436,19894.66,15292.178,17116.828,35937.246
5730,2014-08-27 18:00:00,14311.436,15619.436,19894.66,15292.178,17116.828,35937.246
5731,2014-08-27 19:00:00,14311.436,15619.436,19894.66,15292.178,17116.828,35937.246
5732,2014-08-27 20:00:00,14311.436,15619.436,19894.66,15292.178,17116.828,35937.246
5733,2014-08-27 21:00:00,14311.436,15619.436,19894.66,15292.178,17116.828,35937.246
5734,2014-08-27 22:00:00,14311.436,15619.436,19894.66,15292.178,17116.828,35937.246
5735,2014-08-27 23:00:00,14311.436,15619.436,19894.66,15292.178,17116.828,35937.246
5736,2014-08-28 00:00:00,14311.436,15619.436,19894.66,15292.178,17116.828,35937.246
5737,2014-08-28 01:00:00,14311.436,15619.436,19894.66,15292.178,17116.828,35937.246
5738,2014-08-28 02:00:00,14311.436,15619.436,19894.66,15292.178,17116.828,35937.246
5739,2014-08-28 03:00:00,14311.436,15619.436,19894.66,15292.178,17116.828,35937.246
5740,2014-08-28 04:00:00,14311.436,15619.436,19894.66,15292.178,17116.828,35937.246
5741,2014-08-28 05:00:00,14311.436,15619.436,19894.66,15292.178,17116.828,35937.246
5742,2014-08-28 06:00:00,14311.436,15619.436,19894.66,15292.178,17116.828,35937.246
5743,2014-08-28 07:00:00,14311.436,15619.436,19894.66,15292.178,17116.828,35937.246
5744,2014-08-28 08:00:00,14311.436,15619.436,19894.66,15292.178,17116.828,35937.246
5745,2014-08-28 09:00:00,14311.436,15619.436,19894.66,15292.178,17116.828,35937.246
5746,2014-08-28 10:00:00,14311.436,15619.436,19894.66,15292.178,17116.828,35937.246
5747,2014-08-28 11:00:00,14311.436,15619.436,19894.66,15292.178,17116.828,35937.246
5748,2014-08-28 12:00:00,14311.436,15619.436,19894.66,15292.178,17116.828,35937.246
5749,2014-08-28 13:00:00,14311.436,15619.436,19894.66,15292.178,17116.828,35937.246
5750,2014-08-28 14:00:00,14311.436,15619.436,19894.66,15292.178,17116.828,35937.246
5751,2014-08-28 15:00:00,14311.436,15619.436,19894.66,15292.178,17116.828,35937.246
5752,2014-08-28 16:00:00,14311.436,15619.436,19894.66,15292.178,17116.828,35937.246
5753,2014-08-28 17:00:00,14311.436,15619.436,19894.66,15292.178,17116.828,35937.246
5754,2014-08-28 18:00:00,14311.436,15619.436,19894.66,15292.178,17116.828,35937.246
5755,2014-08-28 19:00:00,14311.436,15619.436,19894.66,15292.178,17116.828,35937.246
5756,2014-08-28 20:00:00,14311.436,15619.436,19894.66,15292.178,17116.828,35937.246
5757,2014-08-28 21:00:00,14311.436,15619.436,19894.66,15292.178,17116.828,35937.246
5758,2014-08-28 22:00:00,14311.436,15619.436,19894.66,15292.178,17116.828,35937.246
5759,2014-08-28 23:00:00,14311.436,15619.436,19894.66,15292.178,17116.828,35937.246
5760,2014-08-29 00:00:00,14311.436,15619.436,19894.66,15292.178,17116.828,35937.246
5761,2014-08-29 01:00:00,14311.436,15619.436,19894.66,15292.178,17116.828,35937.246
5762,2014-08-29 02:00:00,14311.436,15619.436,19894.66,15292.178,17116.828,35937.246
5763,2014-08-29 03:00:00,14311.436,15619.436,19894.66,15292.178,17116.828,35937.246
5764,2014-08-29 04:00:00,14311.436,15619.436,19894.66,15292.178,17116.828,35937.246
5765,2014-08-29 05:00:00,14311.436,15619.436,19894.66,15292.178,17116.828,35937.246
5766,2014-08-29 06:00:00,14311.436,15619.436,19894.66,15292.178,17116.828,35937.246
5767,2014-08-29 07:00:00,14311.436,15619.436,19894.66,15292.178,17116.828,35937.246
5768,2014-08-29 08:00:00,14311.436,15619.436,19894.66,15292.178,17116.828,35937.246
5769,2014-08-29 09:00:00,14311.436,15619.436,19894.66,15292.178,17116.828,35937.246
5770,2014-08-29 10:00:00,14311.436,15619.436,19894.66,15292.178,17116.828,35937.246
5771,2014-08-29 11:00:00,14311.436,15619.436,19894.66,15292.178,17116.828,35937.246
5772,2014-08-29 12:00:00,14311.436,15619.436,19894.66,15292.178,17116.828,35937.246
5773,2014-08-29 13:00:00,14311.436,15619.436,19894.66,15292.178,17116.828,35937.246
5774,2014-08-29 14:00:00,14311.436,15619.436,19894.66,15292.178,17116.828,35937.246
5775,2014-08-29 15:00:00,14311.436,15619.436,19894.66,15292.178,17116.828,35937.246
5776,2014-08-29 16:00:00,14311.436,15619.436,19894.66,15292.178,17116.828,35937.246
5777,2014-08-29 17:00:00,14311.436,15619.436,19894.66,15292.178,17116.828,35937.246
5778,2014-08-29 18:00:00,14311.436,15619.436,19894.66,15292.178,17116.828,35937.246
5779,2014-08-29 19:00:00,14311.436,15619.436,19894.66,15292.178,17116.828,35937.246
5780,2014-08-29 20:00:00,14311.436,15619.436,19894.66,15292.178,17116.828,35937.246
5781,2014-08-29 21:00:00,14311.436,15619.436,19894.66,15292.178,17116.828,35937.246
5782,2014-08-29 22:00:00,14311.436,15619.436,19894.66,15292.178,17116.828,35937.246
5783,2014-08-29 23:00:00,14311.436,15619.436,19894.66,15292.178,17116.828,35937.246
5784,2014-08-30 00:00:00,14311.436,15619.436,19894.66,15292.178,17116.828,35937.246
5785,2014-08-30 01:00:00,14311.436,15619.436,19894.66,15292.178,17116.828,35937.246
5786,2014-08-30 02:00:00,14311.436,15619.436,19894.66,15292.178,17116.828,35937.246
5787,2014-08-30 03:00:00,14311.436,15619.436,19894.66,15292.178,17116.828,35937.246
5788,2014-08-30 04:00:00,14311.436,15619.436,19894.66,15292.178,17116.828,35937.246
5789,2014-08-30 05:00:00,14311.436,15619.436,19894.66,15292.178,17116.828,35937.246
5790,2014-08-30 06:00:00,14311.436,15619.436,19894.66,15292.178,17116.828,35937.246
5791,2014-08-30 07:00:00,14311.436,15619.436,19894.66,15292.178,17116.828,35937.246
5792,2014-08-30 08:00:00,14311.436,15619.518,19894.66,15294.723,17116.828,35937.246
5793,2014-08-30 09:00:00,14311.729,15619.518,19894.66,15295.307,17116.828,35937.246
5794,2014-08-30 10:00:00,14312.669,15619.518,19894.66,15295.307,17116.828,35937.246
5795,2014-08-30 11:00:00,14313.372,15619.518,19894.66,15295.307,17116.828,35937.246
5796,2014-08-30 12:00:00,14313.372,15619.518,19894.66,15295.307,17116.828,35937.246
5797,2014-08-30 13:00:00,14313.372,15619.518,19894.66,15295.307,17116.828,35937.246
5798,2014-08-30 14:00:00,14313.372,15619.518,19894.66,15295.307,17116.828,35937.246
5799,2014-08-30 15:00:00,14313.372,15619.518,19894.66,15295.307,17116.828,35937.246
5800,2014-08-30 16:00:00,14313.372,15619.518,19894.66,15295.307,17116.828,35937.246
5801,2014-08-30 17:00:00,14313.372,15619.518,19894.66,15295.307,17116.828,35937.246
5802,2014-08-30 18:00:00,14313.372,15619.518,19894.66,15295.307,17116.828,35937.246
5803,2014-08-30 19:00:00,14313.372,15619.518,19894.66,15295.307,17116.828,35937.246
5804,2014-08-30 20:00:00,14311.436,15619.436,19894.66,15292.837,17116.828,35937.246
5805,2014-08-30 21:00:00,14311.436,15619.518,19894.66,15293.623,17116.828,35937.246
5806,2014-08-30 22:00:00,14313.372,15619.518,19894.66,15295.307,17116.828,35937.246
5807,2014-08-30 23:00:00,14313.372,15619.518,19894.66,15295.307,17116.828,35937.246
5808,2014-08-31 00:00:00,14313.372,15620.285,19894.66,15295.632,17117.176,35937.246
5809,2014-08-31 01:00:00,14313.372,15620.285,19894.66,15295.632,17117.176,35937.246
5810,2014-08-31 02:00:00,14313.372,15620.285,19894.66,15295.632,17117.176,35937.246
5811,2014-08-31 03:00:00,14313.372,15620.285,19894.66,15295.632,17117.176,35937.246
5812,2014-08-31 04:00:00,14313.372,15620.285,19894.66,15295.632,17117.176,35937.246
5813,2014-08-31 05:00:00,14313.372,15620.285,19894.66,15295.632,17117.176,35937.246
5814,2014-08-31 06:00:00,14313.372,15620.285,19894.66,15295.632,17117.176,35937.246
5815,2014-08-31 07:00:00,14313.372,15619.518,19894.66,15295.307,17116.828,35937.246
5816,2014-08-31 08:00:00,14313.372,15619.652,19894.66,15295.556,17116.9,35937.246
5817,2014-08-31 09:00:00,14313.372,15619.805,19894.66,15295.632,17117.176,35937.246
5818,2014-08-31 10:00:00,14313.372,15619.805,19894.66,15295.632,17117.176,35937.246
5819,2014-08-31 11:00:00,14313.372,15620.176,19894.66,15295.632,17117.176,35937.246
5820,2014-08-31 12:00:00,14313.372,15620.285,19894.66,15295.632,17117.176,35937.246
5821,2014-08-31 13:00:00,14313.372,15620.285,19894.66,15295.632,17117.176,35937.246
5822,2014-08-31 14:00:00,14313.372,15620.285,19894.66,15295.632,17117.176,35937.246
5823,2014-08-31 15:00:00,14313.372,15620.285,19894.66,15295.632,17117.176,35937.246
5824,2014-08-31 16:00:00,14313.372,15620.285,19894.66,15295.632,17117.176,35937.246
5825,2014-08-31 17:00:00,14313.372,15620.285,19894.66,15295.632,17117.176,35937.246
5826,2014-08-31 18:00:00,14313.372,15620.285,19894.66,15295.632,17117.176,35937.246
5827,2014-08-31 19:00:00,14313.372,15620.285,19894.66,15295.632,17117.176,35937.246
5828,2014-08-31 20:00:00,14313.372,15620.285,19894.66,15295.632,17117.176,35937.246
5829,2014-08-31 21:00:00,14313.372,15620.285,19894.66,15295.632,17117.176,35937.246
5830,2014-08-31 22:00:00,14313.372,15620.285,19894.66,15295.632,17117.176,35937.246
5831,2014-08-31 23:00:00,14313.372,15620.285,19894.66,15295.632,17117.176,35937.246
5832,2014-09-01 00:00:00,14313.372,15620.285,19894.66,15295.632,17117.176,35937.246
5833,2014-09-01 01:00:00,14313.372,15620.285,19894.66,15295.632,17117.176,35937.246
5834,2014-09-01 02:00:00,14313.372,15620.285,19894.66,15295.632,17117.176,35937.246
5835,2014-09-01 03:00:00,14313.372,15620.285,19894.66,15295.632,17117.176,35937.246
5836,2014-09-01 04:00:00,14313.372,15620.285,19894.66,15295.632,17117.176,35937.246
5837,2014-09-01 05:00:00,14313.372,15620.285,19894.66,15295.632,17117.176,35937.246
5838,2014-09-01 06:00:00,14313.372,15620.285,19894.66,15295.632,17117.176,35937.246
5839,2014-09-01 07:00:00,14313.372,15620.285,19894.66,15295.632,17117.176,35937.246
5840,2014-09-01 08:00:00,14313.372,15620.285,19894.66,15295.632,17117.176,35937.246
5841,2014-09-01 09:00:00,14313.372,15620.285,19894.66,15295.632,17117.176,35937.246
5842,2014-09-01 10:00:00,14313.372,15620.285,19894.66,15295.632,17117.176,35937.246
5843,2014-09-01 11:00:00,14313.372,15620.285,19894.66,15295.632,17117.176,35937.246
5844,2014-09-01 12:00:00,14313.372,15620.285,19894.66,15295.632,17117.176,35937.246
5845,2014-09-01 13:00:00,14313.372,15620.285,19894.66,15295.632,17117.176,35937.246
5846,2014-09-01 14:00:00,14313.372,15620.597,19894.66,15295.707,17117.176,35937.246
5847,2014-09-01 15:00:00,14313.498,15620.706,19894.66,15295.707,17117.176,35937.246
5848,2014-09-01 16:00:00,14313.678,15620.706,19894.66,15295.707,17117.176,35937.246
5849,2014-09-01 17:00:00,14313.678,15621.075,19894.66,15295.707,17117.176,35937.246
5850,2014-09-01 18:00:00,14313.678,15621.836,19894.66,15295.707,17117.176,35937.246
5851,2014-09-01 19:00:00,14313.678,15622.429,19894.816,15295.818,17117.176,35937.246
5852,2014-09-01 20:00:00,14314.042,15623.707,19894.816,15296.428,17117.176,35937.246
5853,2014-09-01 21:00:00,14314.327,15624.83,19894.816,15297.6045,17117.176,35937.246
5854,2014-09-01 22:00:00,14314.829,15625.05,19894.816,15298.81,17117.176,35937.246
5855,2014-09-01 23:00:00,14315.38,15625.51,19894.816,15299.291,17117.176,35937.246
5856,2014-09-02 00:00:00,14315.401,15625.51,19894.816,15299.291,17117.963,35937.246
5857,2014-09-02 01:00:00,14315.401,15625.51,19894.816,15299.291,17119.45,35937.246
5858,2014-09-02 02:00:00,14315.401,15625.51,19895.281,15299.291,17120.59,35937.27
5859,2014-09-02 03:00:00,14315.401,15625.51,19895.281,15299.291,17120.697,35937.27
5860,2014-09-02 04:00:00,14315.401,15625.51,19895.281,15299.291,17120.697,35937.27
5861,2014-09-02 05:00:00,14315.48,15625.51,19895.281,15299.291,17120.697,35937.27
5862,2014-09-02 06:00:00,14316.073,15625.51,19895.281,15299.63,17120.697,35937.27
5863,2014-09-02 07:00:00,14316.073,15625.51,19895.281,15299.63,17120.697,35937.27
5864,2014-09-02 08:00:00,14316.073,15625.51,19895.281,15299.63,17120.697,35937.27
5865,2014-09-02 09:00:00,14316.073,15625.51,19895.281,15299.63,17120.697,35937.27
5866,2014-09-02 10:00:00,14316.073,15625.51,19895.281,15299.63,17120.697,35937.27
5867,2014-09-02 11:00:00,14316.073,15625.51,19895.281,15299.63,17120.697,35937.27
5868,2014-09-02 12:00:00,14316.073,15625.51,19895.281,15299.63,17120.697,35937.27
5869,2014-09-02 13:00:00,14316.073,15625.51,19895.281,15299.63,17120.697,35937.27
5870,2014-09-02 14:00:00,14316.073,15625.51,19895.281,15299.63,17120.697,35937.27
5871,2014-09-02 15:00:00,14316.073,15625.51,19895.281,15299.63,17120.697,35937.27
5872,2014-09-02 16:00:00,14316.073,15625.51,19895.281,15299.63,17120.697,35937.27
5873,2014-09-02 17:00:00,14316.073,15625.51,19895.281,15299.63,17120.697,35937.27
5874,2014-09-02 18:00:00,14316.073,15625.51,19895.281,15299.63,17120.697,35937.27
5875,2014-09-02 19:00:00,14316.073,15625.51,19895.281,15299.63,17120.697,35937.27
5876,2014-09-02 20:00:00,14316.073,15625.51,19895.281,15299.63,17120.697,35937.27
5877,2014-09-02 21:00:00,14316.073,15625.51,19895.281,15299.63,17120.697,35937.27
5878,2014-09-02 22:00:00,14316.073,15625.51,19895.281,15299.63,17120.697,35937.27
5879,2014-09-02 23:00:00,14316.073,15625.51,19895.281,15299.63,17120.697,35937.27
5880,2014-09-03 00:00:00,14316.073,15625.51,19895.281,15299.63,17120.697,35937.27
5881,2014-09-03 01:00:00,14316.073,15625.51,19895.281,15299.63,17120.697,35937.27
5882,2014-09-03 02:00:00,14316.073,15625.51,19895.281,15299.63,17120.697,35937.27
5883,2014-09-03 03:00:00,14316.073,15625.51,19895.281,15299.63,17120.697,35937.27
5884,2014-09-03 04:00:00,14316.073,15625.51,19895.281,15299.63,17120.697,35937.27
5885,2014-09-03 05:00:00,14316.073,15625.51,19895.281,15299.63,17120.697,35937.27
5886,2014-09-03 06:00:00,14316.073,15625.51,19895.281,15299.63,17120.697,35937.27
5887,2014-09-03 07:00:00,14316.073,15625.51,19895.281,15299.63,17120.697,35937.27
5888,2014-09-03 08:00:00,14316.073,15625.51,19895.281,15299.63,17120.697,35937.27
5889,2014-09-03 09:00:00,14316.073,15625.51,19895.281,15299.63,17120.697,35937.27
5890,2014-09-03 10:00:00,14316.073,15625.51,19895.281,15299.63,17120.697,35937.27
5891,2014-09-03 11:00:00,14316.073,15625.51,19895.281,15299.63,17120.697,35937.27
5892,2014-09-03 12:00:00,14316.073,15625.51,19895.281,15299.63,17120.697,35937.27
5893,2014-09-03 13:00:00,14316.073,15625.51,19895.281,15299.63,17120.697,35937.27
5894,2014-09-03 14:00:00,14316.073,15625.51,19895.281,15299.63,17120.697,35937.27
5895,2014-09-03 15:00:00,14316.073,15625.51,19895.281,15299.63,17120.697,35937.27
5896,2014-09-03 16:00:00,14316.073,15625.51,19895.281,15299.63,17120.697,35937.27
5897,2014-09-03 17:00:00,14316.073,15625.51,19895.281,15299.63,17120.697,35937.27
5898,2014-09-03 18:00:00,14316.073,15625.51,19895.281,15299.63,17120.697,35937.27
5899,2014-09-03 19:00:00,14316.073,15625.51,19895.281,15299.63,17120.697,35937.27
5900,2014-09-03 20:00:00,14316.073,15625.51,19895.281,15299.63,17120.697,35937.27
5901,2014-09-03 21:00:00,14316.073,15625.51,19895.281,15299.63,17120.697,35937.27
5902,2014-09-03 22:00:00,14316.073,15625.51,19895.281,15299.63,17120.697,35937.27
5903,2014-09-03 23:00:00,14316.073,15625.51,19895.281,15299.63,17120.697,35937.27
5904,2014-09-04 00:00:00,14316.073,15625.51,19895.281,15299.63,17120.697,35937.27
5905,2014-09-04 01:00:00,14316.073,15625.51,19895.281,15299.63,17120.697,35937.27
5906,2014-09-04 02:00:00,14316.073,15625.51,19895.281,15299.63,17120.697,35937.27
5907,2014-09-04 03:00:00,14316.073,15625.51,19895.281,15299.63,17120.697,35937.27
5908,2014-09-04 04:00:00,14316.073,15625.51,19895.281,15299.63,17120.697,35937.27
5909,2014-09-04 05:00:00,14316.073,15625.51,19895.281,15299.63,17120.697,35937.27
5910,2014-09-04 06:00:00,14316.073,15625.51,19895.281,15299.63,17120.697,35937.27
5911,2014-09-04 07:00:00,14316.073,15625.51,19895.281,15299.63,17120.697,35937.27
5912,2014-09-04 08:00:00,14316.073,15625.51,19895.281,15299.63,17120.697,35937.27
5913,2014-09-04 09:00:00,14316.073,15625.51,19895.281,15299.63,17120.697,35937.27
5914,2014-09-04 10:00:00,14316.073,15625.51,19895.281,15299.63,17120.697,35937.27
5915,2014-09-04 11:00:00,14316.073,15625.51,19895.281,15299.63,17120.697,35937.27
5916,2014-09-04 12:00:00,14316.073,15625.51,19895.281,15299.63,17120.697,35937.27
5917,2014-09-04 13:00:00,14316.073,15625.51,19895.281,15299.63,17120.697,35937.27
5918,2014-09-04 14:00:00,14316.073,15625.51,19895.281,15299.63,17120.697,35937.27
5919,2014-09-04 15:00:00,14316.073,15625.51,19895.281,15299.63,17120.697,35937.27
5920,2014-09-04 16:00:00,14316.073,15625.51,19895.281,15299.63,17120.697,35937.27
5921,2014-09-04 17:00:00,14316.073,15625.51,19895.281,15299.63,17120.697,35937.27
5922,2014-09-04 18:00:00,14316.073,15625.51,19895.281,15299.63,17120.697,35937.27
5923,2014-09-04 19:00:00,14316.073,15625.51,19895.281,15299.63,17120.697,35937.27
5924,2014-09-04 20:00:00,14316.073,15625.51,19895.281,15299.63,17120.697,35937.27
5925,2014-09-04 21:00:00,14316.073,15625.51,19895.281,15299.63,17120.697,35937.27
5926,2014-09-04 22:00:00,14316.073,15625.51,19895.281,15299.63,17120.697,35937.27
5927,2014-09-04 23:00:00,14316.073,15625.51,19895.281,15299.63,17120.697,35937.27
5928,2014-09-05 00:00:00,14316.073,15625.572,19895.281,15299.63,17120.697,35937.27
5929,2014-09-05 01:00:00,14316.073,15625.572,19895.281,15299.63,17120.697,35937.27
5930,2014-09-05 02:00:00,14316.073,15625.572,19895.281,15299.63,17120.697,35937.27
5931,2014-09-05 03:00:00,14316.073,15625.572,19895.281,15299.63,17120.697,35937.27
5932,2014-09-05 04:00:00,14316.073,15625.572,19895.281,15299.63,17120.697,35937.27
5933,2014-09-05 05:00:00,14316.073,15625.572,19895.281,15299.63,17120.697,35937.27
5934,2014-09-05 06:00:00,14316.073,15625.572,19895.281,15299.63,17120.697,35937.27
5935,2014-09-05 07:00:00,14316.073,15625.572,19895.281,15299.63,17120.697,35937.27
5936,2014-09-05 08:00:00,14316.073,15625.572,19895.281,15299.63,17120.697,35937.27
5937,2014-09-05 09:00:00,14316.073,15625.572,19895.281,15299.63,17120.697,35937.27
5938,2014-09-05 10:00:00,14316.073,15625.572,19895.281,15299.63,17120.697,35937.27
5939,2014-09-05 11:00:00,14316.073,15625.572,19895.281,15299.63,17120.697,35937.27
5940,2014-09-05 12:00:00,14316.073,15625.51,19895.281,15299.63,17120.697,35937.27
5941,2014-09-05 13:00:00,14316.073,15625.51,19895.281,15299.63,17120.697,35937.27
5942,2014-09-05 14:00:00,14316.073,15625.572,19895.281,15299.63,17120.697,35937.27
5943,2014-09-05 15:00:00,14316.073,15625.572,19895.281,15299.63,17120.697,35937.27
5944,2014-09-05 16:00:00,14316.073,15625.572,19895.281,15299.63,17120.697,35937.27
5945,2014-09-05 17:00:00,14316.073,15625.572,19895.281,15299.63,17120.697,35937.27
5946,2014-09-05 18:00:00,14316.073,15625.572,19895.281,15299.63,17120.697,35937.27
5947,2014-09-05 19:00:00,14316.073,15625.572,19895.281,15299.63,17120.697,35937.27
5948,2014-09-05 20:00:00,14316.073,15625.572,19895.281,15299.63,17120.697,35937.27
5949,2014-09-05 21:00:00,14316.073,15625.572,19895.281,15299.63,17120.697,35937.27
5950,2014-09-05 22:00:00,14316.073,15625.572,19895.281,15299.63,17120.697,35937.27
5951,2014-09-05 23:00:00,14316.073,15625.572,19895.281,15299.63,17120.697,35937.27
5952,2014-09-06 00:00:00,14316.073,15625.572,19895.281,15299.63,17120.697,35937.27
5953,2014-09-06 01:00:00,14316.073,15625.572,19895.281,15299.63,17120.697,35937.27
5954,2014-09-06 02:00:00,14316.073,15625.572,19895.281,15299.63,17120.697,35937.27
5955,2014-09-06 03:00:00,14316.073,15625.572,19895.281,15299.63,17120.697,35937.27
5956,2014-09-06 04:00:00,14316.073,15625.572,19895.281,15299.63,17120.697,35937.27
5957,2014-09-06 05:00:00,14316.073,15625.572,19895.281,15299.63,17120.697,35937.27
5958,2014-09-06 06:00:00,14316.073,15625.572,19895.281,15299.63,17120.697,35937.27
5959,2014-09-06 07:00:00,14316.073,15625.572,19895.281,15299.63,17120.697,35937.27
5960,2014-09-06 08:00:00,14316.073,15625.572,19895.281,15299.63,17120.697,35937.27
5961,2014-09-06 09:00:00,14316.073,15625.572,19895.281,15299.63,17120.697,35937.27
5962,2014-09-06 10:00:00,14316.073,15625.572,19895.281,15299.63,17120.697,35937.27
5963,2014-09-06 11:00:00,14316.073,15625.572,19895.281,15299.63,17120.697,35937.27
5964,2014-09-06 12:00:00,14316.073,15625.572,19895.281,15299.63,17120.697,35937.27
5965,2014-09-06 13:00:00,14316.073,15625.572,19895.281,15299.63,17120.697,35937.27
5966,2014-09-06 14:00:00,14316.073,15625.572,19895.281,15299.63,17120.697,35937.27
5967,2014-09-06 15:00:00,14316.073,15625.572,19895.281,15299.63,17120.697,35937.27
5968,2014-09-06 16:00:00,14316.073,15625.572,19895.281,15299.63,17120.697,35937.27
5969,2014-09-06 17:00:00,14316.073,15625.572,19895.281,15299.63,17120.697,35937.27
5970,2014-09-06 18:00:00,14316.073,15625.572,19895.281,15299.63,17120.697,35937.27
5971,2014-09-06 19:00:00,14316.073,15625.572,19895.281,15299.63,17120.697,35937.27
5972,2014-09-06 20:00:00,14316.073,15625.572,19895.281,15299.836,17120.697,35937.27
5973,2014-09-06 21:00:00,14316.073,15625.572,19895.281,15300.297,17120.697,35937.27
5974,2014-09-06 22:00:00,14316.073,15625.572,19895.281,15300.351,17120.697,35937.27
5975,2014-09-06 23:00:00,14316.073,15625.572,19895.281,15300.351,17120.697,35937.27
5976,2014-09-07 00:00:00,14316.073,15625.744,19895.281,15300.351,17120.697,35937.27
5977,2014-09-07 01:00:00,14316.073,15625.744,19895.281,15300.351,17120.697,35937.27
5978,2014-09-07 02:00:00,14316.073,15625.744,19895.281,15300.76,17120.697,35937.27
5979,2014-09-07 03:00:00,14316.073,15625.744,19895.281,15300.879,17120.697,35937.27
5980,2014-09-07 04:00:00,14316.073,15625.744,19895.281,15300.879,17120.697,35937.27
5981,2014-09-07 05:00:00,14316.073,15625.744,19895.281,15300.879,17120.697,35937.27
5982,2014-09-07 06:00:00,14316.073,15625.744,19895.281,15300.879,17120.697,35937.27
5983,2014-09-07 07:00:00,14316.073,15625.744,19895.281,15300.879,17120.697,35937.27
5984,2014-09-07 08:00:00,14316.073,15625.744,19895.281,15300.879,17120.697,35937.27
5985,2014-09-07 09:00:00,14316.073,15625.744,19895.281,15300.879,17120.697,35937.27
5986,2014-09-07 10:00:00,14316.073,15625.744,19895.281,15301.619,17120.697,35937.27
5987,2014-09-07 11:00:00,14316.073,15625.744,19895.281,15302.37,17120.697,35937.27
5988,2014-09-07 12:00:00,14316.073,15625.744,19895.281,15303.157,17120.697,35937.27
5989,2014-09-07 13:00:00,14316.073,15625.757,19895.281,15304.551,17120.697,35937.27
5990,2014-09-07 14:00:00,14316.073,15626.546,19896.117,15306.176,17120.697,35937.27
5991,2014-09-07 15:00:00,14316.073,15627.236,19896.117,15307.397,17120.697,35937.27
5992,2014-09-07 16:00:00,14316.073,15628.835,19896.117,15308.138,17120.906,35937.27
5993,2014-09-07 17:00:00,14316.073,15630.348,19896.117,15308.883,17122.396,35937.27
5994,2014-09-07 18:00:00,14316.62,15632.615,19896.117,15310.045,17123.908,35937.27
5995,2014-09-07 19:00:00,14317.3545,15634.64,19896.795,15311.402,17125.377,35937.27
5996,2014-09-07 20:00:00,14317.864,15635.814,19896.908,15312.143,17126.848,35937.27
5997,2014-09-07 21:00:00,14317.864,15636.56,19896.908,15312.888,17126.848,35937.27
5998,2014-09-07 22:00:00,14317.864,15637.251,19896.908,15313.579,17126.848,35937.27
5999,2014-09-07 23:00:00,14319.143,15637.863,19896.908,15314.447,17126.848,35937.27
6000,2014-09-08 00:00:00,14320.634,15637.863,19896.908,15314.643,17126.848,35937.27
6001,2014-09-08 01:00:00,14320.8955,15637.863,19896.908,15314.887,17126.848,35937.27
6002,2014-09-08 02:00:00,14321.776,15637.863,19896.908,15315.066,17126.848,35937.27
6003,2014-09-08 03:00:00,14322.485,15637.863,19896.908,15315.198,17126.848,35937.27
6004,2014-09-08 04:00:00,14323.212,15637.863,19896.908,15315.478,17126.848,35937.27
6005,2014-09-08 05:00:00,14324.701,15638.148,19897.422,15316.468,17126.848,35937.27
6006,2014-09-08 06:00:00,14326.667,15638.658,19898.883,15317.597,17126.848,35937.797
6007,2014-09-08 07:00:00,14327.005,15639.342,19899.605,15318.88,17127.928,35939.703
6008,2014-09-08 08:00:00,14327.423,15639.356,19899.703,15319.563,17128.578,35939.938
6009,2014-09-08 09:00:00,14327.423,15639.356,19899.703,15319.601,17128.578,35939.938
6010,2014-09-08 10:00:00,14327.423,15639.356,19899.848,15319.601,17128.578,35939.938
6011,2014-09-08 11:00:00,14327.423,15639.356,19899.848,15319.601,17128.578,35939.938
6012,2014-09-08 12:00:00,14327.523,15639.356,19899.848,15319.673,17128.578,35939.938
6013,2014-09-08 13:00:00,14327.775,15639.356,19899.848,15320.154,17128.578,35939.938
6014,2014-09-08 14:00:00,14327.775,15639.356,19899.848,15320.154,17128.578,35939.938
6015,2014-09-08 15:00:00,14327.775,15639.356,19899.848,15320.154,17128.578,35939.938
6016,2014-09-08 16:00:00,14327.775,15639.356,19899.848,15320.154,17128.578,35939.938
6017,2014-09-08 17:00:00,14327.775,15639.356,19899.848,15320.154,17128.578,35939.938
6018,2014-09-08 18:00:00,14327.775,15639.356,19899.848,15320.154,17128.578,35939.938
6019,2014-09-08 19:00:00,14327.775,15639.356,19899.848,15320.154,17128.578,35939.938
6020,2014-09-08 20:00:00,14327.775,15639.356,19899.848,15320.154,17128.578,35939.938
6021,2014-09-08 21:00:00,14327.775,15639.356,19899.848,15320.154,17128.578,35939.938
6022,2014-09-08 22:00:00,14327.775,15639.356,19899.848,15320.154,17128.578,35939.938
6023,2014-09-08 23:00:00,14327.775,15639.356,19899.848,15320.154,17128.578,35939.938
6024,2014-09-09 00:00:00,14327.775,15639.356,19899.848,15320.154,17128.578,35939.938
6025,2014-09-09 01:00:00,14327.775,15639.356,19899.848,15320.154,17128.578,35939.938
6026,2014-09-09 02:00:00,14327.775,15639.356,19899.848,15320.154,17128.578,35939.938
6027,2014-09-09 03:00:00,14327.775,15639.356,19899.848,15320.154,17128.578,35939.938
6028,2014-09-09 04:00:00,14327.775,15639.356,19899.848,15320.154,17128.578,35939.938
6029,2014-09-09 05:00:00,14327.775,15639.356,19899.848,15320.154,17128.578,35939.938
6030,2014-09-09 06:00:00,14327.775,15639.356,19899.848,15320.154,17128.578,35939.938
6031,2014-09-09 07:00:00,14327.775,15639.356,19899.848,15320.154,17128.578,35939.938
6032,2014-09-09 08:00:00,14327.775,15639.356,19899.848,15320.154,17128.578,35939.938
6033,2014-09-09 09:00:00,14327.775,15639.356,19899.848,15320.154,17128.578,35939.938
6034,2014-09-09 10:00:00,14327.775,15639.356,19899.848,15320.154,17128.578,35939.938
6035,2014-09-09 11:00:00,14327.775,15639.356,19899.848,15320.154,17128.578,35939.938
6036,2014-09-09 12:00:00,14327.775,15639.356,19899.848,15320.154,17128.578,35939.938
6037,2014-09-09 13:00:00,14327.775,15639.356,19899.848,15320.154,17128.578,35939.938
6038,2014-09-09 14:00:00,14327.775,15639.356,19899.848,15320.154,17128.578,35939.938
6039,2014-09-09 15:00:00,14327.775,15639.356,19899.848,15320.154,17128.578,35939.938
6040,2014-09-09 16:00:00,14327.775,15639.356,19899.848,15320.154,17128.578,35939.938
6041,2014-09-09 17:00:00,14327.775,15639.356,19899.848,15320.154,17128.578,35939.938
6042,2014-09-09 18:00:00,14327.775,15639.356,19899.848,15320.154,17128.578,35939.938
6043,2014-09-09 19:00:00,14327.775,15639.356,19899.848,15320.154,17128.578,35939.938
6044,2014-09-09 20:00:00,14327.775,15639.356,19899.848,15320.154,17128.578,35939.938
6045,2014-09-09 21:00:00,14327.775,15639.356,19899.848,15320.154,17128.578,35939.938
6046,2014-09-09 22:00:00,14327.775,15639.356,19899.848,15320.154,17128.578,35939.938
6047,2014-09-09 23:00:00,14327.775,15639.356,19899.848,15320.154,17128.578,35939.938
6048,2014-09-10 00:00:00,14327.775,15639.356,19899.848,15320.154,17128.578,35939.938
6049,2014-09-10 01:00:00,14327.775,15639.356,19899.848,15320.154,17128.578,35939.938
6050,2014-09-10 02:00:00,14327.775,15639.356,19899.848,15320.154,17128.578,35939.938
6051,2014-09-10 03:00:00,14327.775,15639.356,19899.848,15320.154,17128.578,35939.938
6052,2014-09-10 04:00:00,14327.775,15639.356,19899.848,15320.154,17128.578,35939.938
6053,2014-09-10 05:00:00,14327.775,15639.356,19899.848,15320.154,17128.578,35939.938
6054,2014-09-10 06:00:00,14327.775,15639.356,19899.848,15320.154,17128.578,35939.938
6055,2014-09-10 07:00:00,14327.775,15639.356,19899.848,15320.154,17128.578,35939.938
6056,2014-09-10 08:00:00,14327.775,15639.356,19899.848,15320.154,17128.578,35939.938
6057,2014-09-10 09:00:00,14327.775,15639.356,19899.848,15320.154,17128.578,35939.938
6058,2014-09-10 10:00:00,14327.775,15639.356,19899.848,15320.154,17128.578,35939.938
6059,2014-09-10 11:00:00,14327.775,15639.356,19899.848,15320.154,17128.578,35939.938
6060,2014-09-10 12:00:00,14327.775,15639.356,19899.848,15320.154,17128.578,35939.938
6061,2014-09-10 13:00:00,14327.775,15639.356,19899.848,15320.154,17128.578,35939.938
6062,2014-09-10 14:00:00,14327.775,15639.356,19899.848,15320.154,17128.578,35939.938
6063,2014-09-10 15:00:00,14327.775,15639.356,19899.848,15320.154,17128.578,35939.938
6064,2014-09-10 16:00:00,14327.775,15639.356,19899.848,15320.154,17128.578,35939.938
6065,2014-09-10 17:00:00,14327.775,15639.356,19899.848,15320.154,17128.578,35939.938
6066,2014-09-10 18:00:00,14327.775,15639.356,19899.848,15320.154,17128.578,35939.938
6067,2014-09-10 19:00:00,14327.775,15639.356,19899.848,15320.154,17128.578,35939.938
6068,2014-09-10 20:00:00,14327.775,15639.356,19899.848,15320.154,17128.578,35939.938
6069,2014-09-10 21:00:00,14327.775,15639.356,19899.848,15320.154,17128.578,35939.938
6070,2014-09-10 22:00:00,14327.775,15639.356,19899.848,15320.154,17128.578,35939.938
6071,2014-09-10 23:00:00,14327.775,15639.356,19899.848,15320.154,17128.578,35939.938
6072,2014-09-11 00:00:00,14327.775,15639.356,19899.848,15320.154,17128.578,35939.938
6073,2014-09-11 01:00:00,14327.775,15639.356,19899.848,15320.154,17128.578,35939.938
6074,2014-09-11 02:00:00,14327.775,15639.356,19899.848,15320.154,17128.578,35939.938
6075,2014-09-11 03:00:00,14327.775,15639.356,19899.848,15320.154,17128.578,35939.938
6076,2014-09-11 04:00:00,14327.775,15639.356,19899.848,15320.154,17128.578,35939.938
6077,2014-09-11 05:00:00,14327.775,15639.356,19899.848,15320.154,17128.578,35939.938
6078,2014-09-11 06:00:00,14327.775,15639.356,19899.848,15320.154,17128.578,35939.938
6079,2014-09-11 07:00:00,14327.775,15639.356,19899.848,15320.154,17128.578,35939.938
6080,2014-09-11 08:00:00,14327.775,15639.356,19899.848,15320.154,17128.578,35939.938
6081,2014-09-11 09:00:00,14327.775,15639.356,19899.848,15320.154,17128.578,35939.938
6082,2014-09-11 10:00:00,14327.775,15639.356,19899.848,15320.154,17128.578,35939.938
6083,2014-09-11 11:00:00,14327.775,15639.356,19899.848,15320.154,17128.578,35939.938
6084,2014-09-11 12:00:00,14327.775,15639.356,19899.848,15320.154,17128.578,35939.938
6085,2014-09-11 13:00:00,14327.775,15639.356,19899.848,15320.154,17128.578,35939.938
6086,2014-09-11 14:00:00,14327.775,15639.356,19899.848,15320.154,17128.578,35939.938
6087,2014-09-11 15:00:00,14327.775,15639.356,19899.848,15320.154,17128.578,35939.938
6088,2014-09-11 16:00:00,14327.775,15639.356,19899.848,15320.154,17128.578,35939.938
6089,2014-09-11 17:00:00,14327.775,15639.356,19899.848,15320.154,17128.578,35939.938
6090,2014-09-11 18:00:00,14327.775,15639.356,19899.848,15320.154,17128.578,35939.938
6091,2014-09-11 19:00:00,14327.775,15639.356,19899.848,15320.154,17128.578,35939.938
6092,2014-09-11 20:00:00,14327.775,15639.356,19899.848,15320.154,17128.578,35939.938
6093,2014-09-11 21:00:00,14327.775,15639.356,19899.848,15320.154,17128.578,35939.938
6094,2014-09-11 22:00:00,14327.775,15639.356,19899.848,15320.154,17128.578,35939.938
6095,2014-09-11 23:00:00,14327.775,15639.356,19899.848,15320.154,17128.578,35939.938
6096,2014-09-12 00:00:00,14327.775,15639.356,19899.848,15320.154,17128.578,35939.938
6097,2014-09-12 01:00:00,14327.775,15639.356,19899.848,15320.154,17128.578,35939.938
6098,2014-09-12 02:00:00,14327.775,15639.356,19899.848,15320.154,17128.578,35939.938
6099,2014-09-12 03:00:00,14327.775,15639.356,19899.848,15320.154,17128.578,35939.938
6100,2014-09-12 04:00:00,14327.775,15639.356,19899.848,15320.154,17128.578,35939.938
6101,2014-09-12 05:00:00,14327.775,15639.356,19899.848,15320.154,17128.578,35939.938
6102,2014-09-12 06:00:00,14327.775,15639.356,19899.848,15320.154,17128.578,35939.938
6103,2014-09-12 07:00:00,14327.775,15639.356,19899.848,15320.154,17128.578,35939.938
6104,2014-09-12 08:00:00,14327.775,15639.356,19899.848,15320.154,17128.578,35939.938
6105,2014-09-12 09:00:00,14327.775,15639.356,19899.848,15320.154,17128.578,35939.938
6106,2014-09-12 10:00:00,14327.775,15639.356,19899.848,15320.154,17128.578,35939.938
6107,2014-09-12 11:00:00,14327.775,15639.356,19899.848,15320.154,17128.578,35939.938
6108,2014-09-12 12:00:00,14327.775,15639.356,19899.848,15320.154,17128.578,35939.938
6109,2014-09-12 13:00:00,14327.775,15639.356,19899.848,15320.154,17128.578,35939.938
6110,2014-09-12 14:00:00,14327.775,15639.356,19899.848,15320.154,17128.578,35939.938
6111,2014-09-12 15:00:00,14327.775,15639.356,19899.848,15320.154,17128.578,35939.938
6112,2014-09-12 16:00:00,14327.775,15639.356,19899.848,15320.154,17128.578,35939.938
6113,2014-09-12 17:00:00,14327.775,15639.356,19899.848,15320.154,17128.578,35939.938
6114,2014-09-12 18:00:00,14327.775,15639.356,19899.848,15320.154,17128.578,35939.938
6115,2014-09-12 19:00:00,14327.775,15639.356,19899.848,15320.154,17128.578,35939.938
6116,2014-09-12 20:00:00,14327.775,15639.356,19899.848,15320.154,17128.578,35939.938
6117,2014-09-12 21:00:00,14327.775,15639.356,19899.848,15320.154,17128.578,35939.938
6118,2014-09-12 22:00:00,14327.775,15639.356,19899.848,15320.154,17128.578,35939.938
6119,2014-09-12 23:00:00,14327.775,15639.356,19899.848,15320.154,17128.578,35939.938
6120,2014-09-13 00:00:00,14327.775,15639.356,19899.848,15320.154,17128.578,35939.938
6121,2014-09-13 01:00:00,14327.775,15639.356,19899.848,15320.154,17128.578,35939.938
6122,2014-09-13 02:00:00,14327.775,15639.356,19899.848,15320.154,17128.578,35939.938
6123,2014-09-13 03:00:00,14327.775,15639.356,19899.848,15320.154,17128.578,35939.938
6124,2014-09-13 04:00:00,14327.775,15639.356,19899.848,15320.154,17128.578,35939.938
6125,2014-09-13 05:00:00,14327.775,15639.356,19899.848,15320.154,17128.578,35939.938
6126,2014-09-13 06:00:00,14327.775,15639.356,19899.848,15320.154,17128.578,35939.938
6127,2014-09-13 07:00:00,14327.775,15639.356,19899.848,15320.154,17128.578,35939.938
6128,2014-09-13 08:00:00,14327.775,15639.356,19899.848,15320.154,17128.578,35939.938
6129,2014-09-13 09:00:00,14327.775,15639.356,19899.848,15320.154,17128.578,35939.938
6130,2014-09-13 10:00:00,14327.775,15639.356,19899.848,15320.154,17128.578,35939.938
6131,2014-09-13 11:00:00,14327.775,15639.356,19899.848,15320.154,17128.578,35939.938
6132,2014-09-13 12:00:00,14327.775,15639.356,19899.848,15320.154,17128.578,35939.938
6133,2014-09-13 13:00:00,14327.775,15639.356,19899.848,15320.154,17128.578,35939.938
6134,2014-09-13 14:00:00,14327.775,15639.356,19899.848,15320.154,17128.578,35939.938
6135,2014-09-13 15:00:00,14327.775,15639.356,19899.848,15320.154,17128.578,35939.938
6136,2014-09-13 16:00:00,14327.775,15639.356,19899.848,15320.154,17128.578,35939.938
6137,2014-09-13 17:00:00,14327.775,15639.356,19899.848,15320.154,17128.578,35939.938
6138,2014-09-13 18:00:00,14327.775,15639.356,19899.848,15320.154,17128.578,35939.938
6139,2014-09-13 19:00:00,14327.775,15639.356,19899.848,15320.154,17128.578,35939.938
6140,2014-09-13 20:00:00,14327.775,15639.356,19899.848,15320.154,17128.578,35939.938
6141,2014-09-13 21:00:00,14327.775,15639.356,19899.848,15320.154,17128.578,35939.938
6142,2014-09-13 22:00:00,14327.775,15639.356,19899.848,15320.154,17128.578,35939.938
6143,2014-09-13 23:00:00,14327.775,15639.356,19899.848,15320.154,17128.578,35939.938
6144,2014-09-14 00:00:00,14327.775,15639.356,19899.848,15320.154,17128.578,35939.938
6145,2014-09-14 01:00:00,14327.775,15639.356,19899.848,15320.154,17128.578,35939.938
6146,2014-09-14 02:00:00,14327.775,15639.356,19899.848,15320.154,17128.578,35939.938
6147,2014-09-14 03:00:00,14327.775,15639.356,19899.848,15320.154,17128.578,35939.938
6148,2014-09-14 04:00:00,14327.775,15639.356,19899.848,15320.154,17128.578,35939.938
6149,2014-09-14 05:00:00,14327.775,15639.356,19899.848,15320.154,17128.578,35939.938
6150,2014-09-14 06:00:00,14327.775,15639.356,19899.848,15320.154,17128.578,35939.938
6151,2014-09-14 07:00:00,14327.775,15639.356,19899.848,15320.154,17128.578,35939.938
6152,2014-09-14 08:00:00,14327.775,15639.356,19899.848,15320.154,17128.578,35939.938
6153,2014-09-14 09:00:00,14327.775,15639.356,19899.848,15320.154,17128.578,35939.938
6154,2014-09-14 10:00:00,14327.775,15639.356,19899.848,15320.154,17128.578,35939.938
6155,2014-09-14 11:00:00,14327.775,15639.356,19899.848,15320.154,17128.578,35939.938
6156,2014-09-14 12:00:00,14327.775,15639.356,19899.848,15320.154,17128.578,35939.938
6157,2014-09-14 13:00:00,14327.775,15639.356,19899.848,15320.154,17128.578,35939.938
6158,2014-09-14 14:00:00,14327.775,15639.356,19899.848,15320.154,17128.578,35939.938
6159,2014-09-14 15:00:00,14327.775,15639.356,19899.848,15320.154,17128.578,35939.938
6160,2014-09-14 16:00:00,14327.775,15639.356,19899.848,15320.154,17128.578,35939.938
6161,2014-09-14 17:00:00,14327.775,15639.356,19899.848,15320.154,17128.578,35939.938
6162,2014-09-14 18:00:00,14327.775,15639.356,19899.848,15320.154,17128.578,35939.938
6163,2014-09-14 19:00:00,14327.775,15639.356,19899.848,15320.154,17128.578,35939.938
6164,2014-09-14 20:00:00,14327.775,15639.356,19899.848,15320.154,17128.578,35939.938
6165,2014-09-14 21:00:00,14327.775,15639.356,19899.848,15320.154,17128.578,35939.938
6166,2014-09-14 22:00:00,14327.775,15639.356,19899.848,15320.154,17128.578,35939.938
6167,2014-09-14 23:00:00,14327.775,15639.356,19899.848,15320.154,17128.578,35939.938
6168,2014-09-15 00:00:00,14327.775,15639.356,19899.848,15320.154,17128.578,35939.938
6169,2014-09-15 01:00:00,14327.775,15639.356,19899.848,15320.154,17128.578,35939.938
6170,2014-09-15 02:00:00,14327.775,15639.356,19899.848,15320.154,17128.578,35939.938
6171,2014-09-15 03:00:00,14327.775,15639.356,19899.848,15320.154,17128.578,35939.938
6172,2014-09-15 04:00:00,14327.775,15639.356,19899.848,15320.154,17128.578,35939.938
6173,2014-09-15 05:00:00,14327.775,15639.356,19899.848,15320.154,17128.578,35939.938
6174,2014-09-15 06:00:00,14327.775,15639.356,19899.848,15320.154,17128.578,35939.938
6175,2014-09-15 07:00:00,14327.775,15639.356,19899.848,15320.154,17128.578,35939.938
6176,2014-09-15 08:00:00,14327.775,15639.356,19899.848,15320.154,17128.578,35939.938
6177,2014-09-15 09:00:00,14327.775,15639.356,19899.848,15320.154,17128.578,35939.938
6178,2014-09-15 10:00:00,14327.775,15639.356,19899.848,15320.154,17128.578,35939.938
6179,2014-09-15 11:00:00,14327.775,15639.356,19899.848,15320.154,17128.578,35939.938
6180,2014-09-15 12:00:00,14327.775,15639.356,19899.848,15320.154,17128.578,35939.938
6181,2014-09-15 13:00:00,14327.775,15639.356,19899.848,15320.154,17128.578,35939.938
6182,2014-09-15 14:00:00,14327.775,15639.356,19899.848,15320.154,17128.578,35939.938
6183,2014-09-15 15:00:00,14327.775,15639.356,19899.848,15320.154,17128.578,35939.938
6184,2014-09-15 16:00:00,14327.775,15639.356,19899.848,15320.154,17128.578,35939.938
6185,2014-09-15 17:00:00,14327.775,15639.356,19899.848,15320.154,17128.578,35939.938
6186,2014-09-15 18:00:00,14327.775,15639.356,19899.848,15320.154,17128.578,35939.938
6187,2014-09-15 19:00:00,14327.775,15639.356,19899.848,15320.154,17128.578,35939.938
6188,2014-09-15 20:00:00,14327.775,15639.356,19899.848,15320.154,17128.578,35939.938
6189,2014-09-15 21:00:00,14327.775,15639.356,19899.848,15320.154,17128.578,35939.938
6190,2014-09-15 22:00:00,14327.775,15639.356,19899.848,15320.154,17128.578,35939.938
6191,2014-09-15 23:00:00,14327.775,15639.356,19899.848,15320.154,17128.578,35939.938
6192,2014-09-16 00:00:00,14327.775,15639.356,19899.848,15320.154,17128.578,35939.938
6193,2014-09-16 01:00:00,14327.775,15639.356,19899.848,15320.154,17128.578,35939.938
6194,2014-09-16 02:00:00,14327.775,15639.356,19899.848,15320.154,17128.578,35939.938
6195,2014-09-16 03:00:00,14327.775,15639.356,19899.848,15320.154,17128.578,35939.938
6196,2014-09-16 04:00:00,14327.775,15639.356,19899.848,15320.154,17128.578,35939.938
6197,2014-09-16 05:00:00,14327.775,15639.356,19899.848,15320.154,17128.578,35939.938
6198,2014-09-16 06:00:00,14327.775,15639.356,19899.848,15320.154,17128.578,35939.938
6199,2014-09-16 07:00:00,14327.775,15639.356,19899.848,15320.154,17128.578,35939.938
6200,2014-09-16 08:00:00,14327.775,15639.356,19899.848,15320.154,17128.578,35939.938
6201,2014-09-16 09:00:00,14327.775,15639.356,19899.848,15320.154,17128.578,35939.938
6202,2014-09-16 10:00:00,14327.775,15639.356,19899.848,15320.154,17128.578,35939.938
6203,2014-09-16 11:00:00,14327.775,15639.356,19899.848,15320.154,17128.578,35939.938
6204,2014-09-16 12:00:00,14327.775,15639.356,19899.848,15320.154,17128.578,35939.938
6205,2014-09-16 13:00:00,14327.775,15639.356,19899.848,15320.154,17128.578,35939.938
6206,2014-09-16 14:00:00,14327.775,15639.356,19899.848,15320.154,17128.578,35939.938
6207,2014-09-16 15:00:00,14327.775,15639.356,19899.848,15320.154,17128.578,35939.938
6208,2014-09-16 16:00:00,14327.775,15639.356,19899.848,15320.154,17128.578,35939.938
6209,2014-09-16 17:00:00,14327.775,15639.356,19899.848,15320.154,17128.578,35939.938
6210,2014-09-16 18:00:00,14327.775,15639.356,19899.848,15320.154,17128.578,35939.938
6211,2014-09-16 19:00:00,14327.775,15639.356,19899.848,15320.154,17128.578,35939.938
6212,2014-09-16 20:00:00,14327.775,15639.356,19899.848,15320.154,17128.578,35939.938
6213,2014-09-16 21:00:00,14327.775,15639.356,19899.848,15320.154,17128.578,35939.938
6214,2014-09-16 22:00:00,14327.775,15639.356,19899.848,15320.154,17128.578,35939.938
6215,2014-09-16 23:00:00,14327.775,15639.356,19899.848,15320.154,17128.578,35939.938
6216,2014-09-17 00:00:00,14327.775,15639.356,19899.848,15320.154,17128.578,35939.938
6217,2014-09-17 01:00:00,14327.775,15639.356,19899.848,15320.154,17128.578,35939.938
6218,2014-09-17 02:00:00,14327.775,15639.356,19899.848,15320.154,17128.578,35939.938
6219,2014-09-17 03:00:00,14327.775,15639.356,19899.848,15320.154,17128.578,35939.938
6220,2014-09-17 04:00:00,14327.775,15639.356,19899.848,15320.154,17128.578,35939.938
6221,2014-09-17 05:00:00,14327.775,15639.356,19899.848,15320.154,17128.578,35939.938
6222,2014-09-17 06:00:00,14327.775,15639.356,19899.848,15320.154,17128.578,35939.938
6223,2014-09-17 07:00:00,14327.775,15639.356,19899.848,15320.154,17128.578,35939.938
6224,2014-09-17 08:00:00,14327.775,15639.356,19899.848,15320.154,17128.578,35939.938
6225,2014-09-17 09:00:00,14327.775,15639.356,19899.848,15320.154,17128.578,35939.938
6226,2014-09-17 10:00:00,14327.775,15639.356,19899.848,15320.154,17128.578,35939.938
6227,2014-09-17 11:00:00,14327.775,15639.356,19899.848,15320.154,17128.578,35939.938
6228,2014-09-17 12:00:00,14327.775,15639.356,19899.848,15320.154,17128.578,35939.938
6229,2014-09-17 13:00:00,14327.775,15639.356,19899.848,15320.154,17128.578,35939.938
6230,2014-09-17 14:00:00,14327.775,15639.356,19899.848,15320.154,17128.578,35939.938
6231,2014-09-17 15:00:00,14327.775,15639.356,19899.848,15320.154,17128.578,35939.938
6232,2014-09-17 16:00:00,14327.775,15639.356,19899.848,15320.154,17128.578,35939.938
6233,2014-09-17 17:00:00,14327.775,15639.356,19899.848,15320.154,17128.578,35939.938
6234,2014-09-17 18:00:00,14327.775,15639.356,19899.848,15320.154,17128.578,35939.938
6235,2014-09-17 19:00:00,14327.775,15639.356,19899.848,15320.154,17128.578,35939.938
6236,2014-09-17 20:00:00,14327.775,15639.356,19899.848,15320.154,17128.578,35939.938
6237,2014-09-17 21:00:00,14327.775,15639.356,19899.848,15320.154,17128.578,35939.938
6238,2014-09-17 22:00:00,14327.775,15639.356,19899.848,15320.154,17128.578,35939.938
6239,2014-09-17 23:00:00,14327.775,15639.356,19899.848,15320.154,17128.578,35939.938
6240,2014-09-18 00:00:00,14327.775,15639.356,19899.848,15320.154,17128.578,35939.938
6241,2014-09-18 01:00:00,14327.775,15639.356,19899.848,15320.154,17128.578,35939.938
6242,2014-09-18 02:00:00,14327.775,15639.356,19899.848,15320.154,17128.578,35939.938
6243,2014-09-18 03:00:00,14327.775,15639.356,19899.848,15320.154,17128.578,35939.938
6244,2014-09-18 04:00:00,14327.775,15639.356,19899.848,15320.154,17128.578,35939.938
6245,2014-09-18 05:00:00,14327.775,15639.356,19899.848,15320.154,17128.578,35939.938
6246,2014-09-18 06:00:00,14327.775,15639.356,19899.848,15320.154,17128.578,35939.938
6247,2014-09-18 07:00:00,14327.775,15639.356,19899.848,15320.154,17128.578,35939.938
6248,2014-09-18 08:00:00,14327.775,15639.356,19899.848,15320.154,17128.578,35939.938
6249,2014-09-18 09:00:00,14327.775,15639.356,19899.848,15320.154,17128.578,35939.938
6250,2014-09-18 10:00:00,14327.775,15639.356,19899.848,15320.154,17128.578,35939.938
6251,2014-09-18 11:00:00,14327.775,15639.356,19899.848,15320.154,17128.578,35939.938
6252,2014-09-18 12:00:00,14327.775,15639.356,19899.848,15320.154,17128.578,35939.938
6253,2014-09-18 13:00:00,14327.775,15639.356,19899.848,15320.154,17128.578,35939.938
6254,2014-09-18 14:00:00,14327.775,15639.356,19899.848,15320.154,17128.578,35939.938
6255,2014-09-18 15:00:00,14327.775,15639.356,19899.848,15320.154,17128.578,35939.938
6256,2014-09-18 16:00:00,14327.775,15639.356,19899.848,15320.154,17128.578,35939.938
6257,2014-09-18 17:00:00,14327.775,15639.356,19899.848,15320.154,17128.578,35939.938
6258,2014-09-18 18:00:00,14327.775,15639.356,19899.848,15320.154,17128.578,35939.938
6259,2014-09-18 19:00:00,14327.775,15639.356,19899.848,15320.154,17128.578,35939.938
6260,2014-09-18 20:00:00,14327.775,15639.356,19899.848,15320.154,17128.578,35939.938
6261,2014-09-18 21:00:00,14327.775,15639.356,19899.848,15320.154,17128.578,35939.938
6262,2014-09-18 22:00:00,14327.775,15639.356,19899.848,15320.154,17128.578,35939.938
6263,2014-09-18 23:00:00,14327.775,15639.356,19899.848,15320.154,17128.578,35939.938
6264,2014-09-19 00:00:00,14327.775,15639.356,19899.848,15320.154,17128.578,35939.938
6265,2014-09-19 01:00:00,14327.775,15639.356,19899.848,15320.154,17128.578,35939.938
6266,2014-09-19 02:00:00,14327.775,15639.356,19899.848,15320.154,17128.578,35939.938
6267,2014-09-19 03:00:00,14327.775,15639.356,19899.848,15320.154,17128.578,35939.938
6268,2014-09-19 04:00:00,14327.775,15639.356,19899.848,15320.154,17128.578,35939.938
6269,2014-09-19 05:00:00,14327.775,15639.356,19899.848,15320.154,17128.578,35939.938
6270,2014-09-19 06:00:00,14327.775,15639.356,19899.848,15320.154,17128.578,35939.938
6271,2014-09-19 07:00:00,14327.775,15639.356,19899.848,15320.154,17128.578,35939.938
6272,2014-09-19 08:00:00,14327.775,15639.356,19899.848,15320.154,17128.578,35939.938
6273,2014-09-19 09:00:00,14327.775,15639.356,19899.848,15320.154,17128.578,35939.938
6274,2014-09-19 10:00:00,14327.775,15639.356,19899.848,15320.154,17128.578,35939.938
6275,2014-09-19 11:00:00,14327.775,15639.356,19899.848,15320.154,17128.578,35939.938
6276,2014-09-19 12:00:00,14327.775,15639.356,19899.848,15320.154,17128.578,35939.938
6277,2014-09-19 13:00:00,14327.775,15639.356,19899.848,15320.154,17128.578,35939.938
6278,2014-09-19 14:00:00,14327.775,15639.356,19899.848,15320.154,17128.578,35939.938
6279,2014-09-19 15:00:00,14327.775,15639.356,19899.848,15320.154,17128.578,35939.938
6280,2014-09-19 16:00:00,14327.775,15639.356,19899.848,15320.154,17128.578,35939.938
6281,2014-09-19 17:00:00,14327.775,15639.356,19899.848,15320.154,17128.578,35939.938
6282,2014-09-19 18:00:00,14327.775,15639.356,19899.848,15320.154,17128.578,35939.938
6283,2014-09-19 19:00:00,14327.775,15639.356,19899.848,15320.154,17128.578,35939.938
6284,2014-09-19 20:00:00,14327.775,15639.356,19899.848,15320.154,17128.578,35939.938
6285,2014-09-19 21:00:00,14327.775,15639.356,19899.848,15320.154,17128.578,35939.938
6286,2014-09-19 22:00:00,14327.775,15639.356,19899.848,15320.154,17128.578,35939.938
6287,2014-09-19 23:00:00,14327.775,15639.356,19899.848,15320.154,17128.578,35939.938
6288,2014-09-20 00:00:00,14327.775,15639.356,19899.848,15320.154,17128.578,35939.938
6289,2014-09-20 01:00:00,14327.775,15639.356,19899.848,15320.154,17128.578,35939.938
6290,2014-09-20 02:00:00,14327.775,15639.356,19899.848,15320.154,17128.578,35939.938
6291,2014-09-20 03:00:00,14327.775,15639.356,19899.848,15320.154,17128.578,35939.938
6292,2014-09-20 04:00:00,14327.775,15639.356,19899.848,15320.154,17128.578,35939.938
6293,2014-09-20 05:00:00,14327.775,15639.356,19899.848,15320.154,17128.578,35939.938
6294,2014-09-20 06:00:00,14327.775,15639.356,19899.848,15320.154,17128.578,35939.938
6295,2014-09-20 07:00:00,14327.775,15639.356,19899.848,15320.154,17128.578,35939.938
6296,2014-09-20 08:00:00,14327.775,15639.356,19899.848,15320.154,17128.578,35939.938
6297,2014-09-20 09:00:00,14327.775,15639.356,19899.848,15320.154,17128.578,35939.938
6298,2014-09-20 10:00:00,14327.775,15639.485,19899.848,15320.156,17128.578,35939.938
6299,2014-09-20 11:00:00,14327.88,15640.19,19900.057,15320.925,17128.578,35939.938
6300,2014-09-20 12:00:00,14328.152,15640.894,19900.842,15321.695,17129.06,35939.938
6301,2014-09-20 13:00:00,14328.953,15641.83,19904.582,15321.846,17131.014,35942.71
6302,2014-09-20 14:00:00,14330.516,15644.003,19907.652,15323.634,17137.336,35946.164
6303,2014-09-20 15:00:00,14331.433,15646.789,19909.814,15324.404,17139.064,35946.547
6304,2014-09-20 16:00:00,14331.959,15648.035,19910.416,15325.18,17139.064,35946.547
6305,2014-09-20 17:00:00,14332.688,15648.444,19910.44,15326.084,17139.73,35947.625
6306,2014-09-20 18:00:00,14333.302,15648.924,19910.44,15328.603,17139.9,35948.12
6307,2014-09-20 19:00:00,14333.302,15648.924,19910.44,15328.743,17140.217,35948.12
6308,2014-09-20 20:00:00,14333.302,15648.924,19910.44,15328.743,17140.732,35948.12
6309,2014-09-20 21:00:00,14333.302,15648.924,19910.508,15328.743,17140.807,35948.12
6310,2014-09-20 22:00:00,14333.302,15648.924,19910.508,15328.743,17140.807,35948.12
6311,2014-09-20 23:00:00,14333.302,15648.924,19910.508,15328.743,17140.807,35948.12
6312,2014-09-21 00:00:00,14333.302,15648.924,19910.508,15328.743,17140.807,35948.12
6313,2014-09-21 01:00:00,14333.302,15648.924,19910.508,15328.743,17140.93,35948.12
6314,2014-09-21 02:00:00,14333.302,15648.924,19911.172,15328.743,17141.744,35948.12
6315,2014-09-21 03:00:00,14333.302,15648.924,19912.576,15328.743,17142.307,35948.12
6316,2014-09-21 04:00:00,14333.302,15648.924,19912.576,15328.743,17143.11,35948.12
6317,2014-09-21 05:00:00,14333.302,15648.924,19912.576,15328.761,17144.854,35948.254
6318,2014-09-21 06:00:00,14333.357,15648.924,19913.484,15328.835,17146.877,35949.97
6319,2014-09-21 07:00:00,14333.542,15649.104,19913.809,15329.001,17147.525,35952.94
6320,2014-09-21 08:00:00,14333.542,15649.104,19914.084,15329.001,17147.525,35952.996
6321,2014-09-21 09:00:00,14333.542,15649.104,19914.084,15329.001,17147.525,35952.996
6322,2014-09-21 10:00:00,14333.542,15649.104,19914.084,15329.001,17147.525,35953.098
6323,2014-09-21 11:00:00,14333.542,15649.104,19914.084,15329.001,17147.525,35953.098
6324,2014-09-21 12:00:00,14333.542,15649.104,19914.084,15329.001,17147.525,35953.098
6325,2014-09-21 13:00:00,14333.592,15649.104,19914.084,15329.001,17147.525,35953.098
6326,2014-09-21 14:00:00,14333.592,15649.104,19914.084,15329.001,17147.525,35953.098
6327,2014-09-21 15:00:00,14333.78,15649.104,19914.229,15329.41,17148.129,35953.098
6328,2014-09-21 16:00:00,14333.848,15649.104,19914.896,15329.9,17149.256,35953.098
6329,2014-09-21 17:00:00,14334.092,15649.193,19915.096,15330.373,17150.83,35954.49
6330,2014-09-21 18:00:00,14334.092,15649.341,19915.096,15330.373,17150.99,35954.49
6331,2014-09-21 19:00:00,14334.133,15649.341,19915.477,15330.373,17151.107,35955.36
6332,2014-09-21 20:00:00,14334.133,15649.341,19915.477,15330.373,17151.107,35955.36
6333,2014-09-21 21:00:00,14334.247,15649.341,19915.57,15330.373,17151.18,35956.28
6334,2014-09-21 22:00:00,14334.247,15649.341,19915.77,15330.373,17151.18,35956.28
6335,2014-09-21 23:00:00,14334.269,15649.341,19916.238,15330.373,17151.18,35956.28
6336,2014-09-22 00:00:00,14334.269,15649.341,19916.238,15330.373,17151.18,35956.28
6337,2014-09-22 01:00:00,14334.269,15649.341,19916.238,15330.373,17151.18,35956.28
6338,2014-09-22 02:00:00,14334.269,15649.341,19916.238,15330.373,17151.18,35956.28
6339,2014-09-22 03:00:00,14334.269,15649.341,19916.238,15330.373,17151.18,35956.28
6340,2014-09-22 04:00:00,14334.269,15649.341,19916.238,15330.373,17151.18,35956.28
6341,2014-09-22 05:00:00,14334.269,15649.341,19916.238,15330.373,17151.18,35956.28
6342,2014-09-22 06:00:00,14334.269,15649.341,19916.238,15330.373,17151.18,35956.28
6343,2014-09-22 07:00:00,14334.269,15649.341,19916.238,15330.373,17151.18,35956.28
6344,2014-09-22 08:00:00,14334.269,15649.341,19916.238,15330.373,17151.18,35956.28
6345,2014-09-22 09:00:00,14334.269,15649.341,19916.238,15330.373,17151.18,35956.28
6346,2014-09-22 10:00:00,14334.269,15649.341,19916.238,15330.373,17151.18,35956.28
6347,2014-09-22 11:00:00,14334.269,15649.341,19916.238,15330.373,17151.18,35956.28
6348,2014-09-22 12:00:00,14334.269,15649.341,19916.238,15330.373,17151.18,35956.28
6349,2014-09-22 13:00:00,14334.269,15649.341,19916.238,15330.373,17151.18,35956.28
6350,2014-09-22 14:00:00,14334.269,15649.341,19916.238,15330.373,17151.18,35956.28
6351,2014-09-22 15:00:00,14334.269,15649.341,19916.238,15330.373,17151.18,35956.28
6352,2014-09-22 16:00:00,14334.269,15649.341,19916.238,15330.373,17151.18,35956.28
6353,2014-09-22 17:00:00,14334.269,15649.341,19916.238,15330.373,17151.18,35956.28
6354,2014-09-22 18:00:00,14334.269,15649.341,19916.238,15330.373,17151.18,35956.28
6355,2014-09-22 19:00:00,14334.269,15649.341,19916.238,15330.373,17151.18,35956.28
6356,2014-09-22 20:00:00,14334.269,15649.341,19916.238,15330.373,17151.18,35956.28
6357,2014-09-22 21:00:00,14334.269,15649.341,19916.238,15330.373,17151.18,35956.28
6358,2014-09-22 22:00:00,14334.269,15649.341,19916.238,15330.373,17151.18,35956.28
6359,2014-09-22 23:00:00,14334.269,15649.341,19916.238,15330.373,17151.18,35956.28
6360,2014-09-23 00:00:00,14334.269,15649.341,19916.238,15330.373,17151.18,35956.28
6361,2014-09-23 01:00:00,14334.269,15649.341,19916.238,15330.373,17151.18,35956.28
6362,2014-09-23 02:00:00,14334.269,15649.341,19916.238,15330.373,17151.18,35956.28
6363,2014-09-23 03:00:00,14334.269,15649.341,19916.238,15330.373,17151.18,35956.28
6364,2014-09-23 04:00:00,14334.269,15649.341,19916.238,15330.373,17151.18,35956.28
6365,2014-09-23 05:00:00,14334.269,15649.341,19916.238,15330.373,17151.18,35956.28
6366,2014-09-23 06:00:00,14334.269,15649.341,19916.238,15330.373,17151.18,35956.28
6367,2014-09-23 07:00:00,14334.269,15649.341,19916.238,15330.373,17151.18,35956.28
6368,2014-09-23 08:00:00,14334.269,15649.341,19916.238,15330.373,17151.18,35956.28
6369,2014-09-23 09:00:00,14334.269,15649.341,19916.238,15330.373,17151.18,35956.28
6370,2014-09-23 10:00:00,14334.269,15649.341,19916.238,15330.373,17151.18,35956.28
6371,2014-09-23 11:00:00,14334.269,15649.341,19916.238,15330.373,17151.18,35956.28
6372,2014-09-23 12:00:00,14334.269,15649.341,19916.238,15330.373,17151.18,35956.28
6373,2014-09-23 13:00:00,14334.269,15649.341,19916.238,15330.373,17151.18,35956.28
6374,2014-09-23 14:00:00,14334.269,15649.341,19916.238,15330.373,17151.18,35956.28
6375,2014-09-23 15:00:00,14334.269,15649.341,19916.238,15330.373,17151.18,35956.28
6376,2014-09-23 16:00:00,14334.84,15649.616,19916.469,15330.373,17151.22,35957.016
6377,2014-09-23 17:00:00,14334.84,15650.366,19916.469,15331.075,17151.22,35957.016
6378,2014-09-23 18:00:00,14334.84,15650.366,19916.469,15331.075,17151.22,35957.016
6379,2014-09-23 19:00:00,14334.84,15650.366,19916.469,15331.075,17151.22,35957.016
6380,2014-09-23 20:00:00,14334.269,15649.341,19916.238,15330.373,17151.18,35956.28
6381,2014-09-23 21:00:00,14334.269,15649.341,19916.238,15330.373,17151.18,35956.28
6382,2014-09-23 22:00:00,14334.311,15649.341,19916.469,15330.373,17151.22,35956.28
6383,2014-09-23 23:00:00,14334.597,15649.341,19916.469,15330.373,17151.22,35957.016
6384,2014-09-24 00:00:00,14337.501,15654.994,19919.465,15332.149,17158.396,35962.28
6385,2014-09-24 01:00:00,14337.565,15654.994,19919.465,15332.149,17158.514,35962.28
6386,2014-09-24 02:00:00,14334.84,15650.366,19916.469,15331.075,17151.22,35957.016
6387,2014-09-24 03:00:00,14334.84,15650.366,19916.469,15331.075,17151.22,35957.016
6388,2014-09-24 04:00:00,14334.84,15650.366,19916.469,15331.075,17151.22,35957.016
6389,2014-09-24 05:00:00,14334.84,15650.366,19916.469,15331.075,17151.22,35957.016
6390,2014-09-24 06:00:00,14334.84,15650.366,19916.469,15331.075,17151.22,35957.016
6391,2014-09-24 07:00:00,14334.84,15650.366,19916.469,15331.075,17151.22,35957.016
6392,2014-09-24 08:00:00,14334.84,15650.366,19916.469,15331.075,17151.22,35957.016
6393,2014-09-24 09:00:00,14334.84,15650.366,19916.469,15331.075,17151.22,35957.016
6394,2014-09-24 10:00:00,14334.84,15650.366,19916.469,15331.075,17151.22,35957.016
6395,2014-09-24 11:00:00,14334.84,15650.366,19916.469,15331.075,17151.22,35957.016
6396,2014-09-24 12:00:00,14334.84,15650.366,19916.469,15331.075,17151.22,35957.016
6397,2014-09-24 13:00:00,14334.84,15650.366,19916.469,15331.075,17151.22,35957.016
6398,2014-09-24 14:00:00,14334.84,15650.366,19916.469,15331.075,17151.22,35957.016
6399,2014-09-24 15:00:00,14334.84,15650.366,19916.469,15331.075,17151.22,35957.016
6400,2014-09-24 16:00:00,14334.858,15650.948,19916.469,15331.323,17151.785,35957.016
6401,2014-09-24 17:00:00,14335.35,15651.7295,19916.578,15332.1045,17152.607,35958.492
6402,2014-09-24 18:00:00,14336.131,15652.764,19916.957,15332.149,17154.686,35958.773
6403,2014-09-24 19:00:00,14336.563,15654.225,19917.914,15332.149,17156.666,35958.836
6404,2014-09-24 20:00:00,14337.297,15654.96,19918.84,15332.149,17157.32,35959.86
6405,2014-09-24 21:00:00,14337.501,15654.96,19918.84,15332.149,17157.754,35959.86
6406,2014-09-24 22:00:00,14337.501,15654.994,19919.135,15332.149,17158.357,35960.215
6407,2014-09-24 23:00:00,14337.501,15654.994,19919.135,15332.149,17158.396,35962.28
6408,2014-09-25 00:00:00,14337.697,15654.994,19919.465,15332.149,17159.105,35962.812
6409,2014-09-25 01:00:00,14337.697,15654.994,19919.676,15332.149,17159.105,35963.934
6410,2014-09-25 02:00:00,14337.697,15654.994,19919.676,15332.149,17159.105,35964.477
6411,2014-09-25 03:00:00,14337.697,15654.994,19919.676,15332.149,17159.191,35964.477
6412,2014-09-25 04:00:00,14337.697,15654.994,19919.676,15332.149,17159.328,35964.477
6413,2014-09-25 05:00:00,14337.697,15654.994,19919.676,15332.149,17159.328,35964.477
6414,2014-09-25 06:00:00,14337.697,15654.994,19919.676,15332.149,17159.328,35964.477
6415,2014-09-25 07:00:00,14337.697,15654.994,19919.676,15332.149,17159.328,35964.477
6416,2014-09-25 08:00:00,14337.697,15654.994,19919.676,15332.149,17159.328,35964.477
6417,2014-09-25 09:00:00,14337.697,15654.994,19919.676,15332.149,17159.328,35964.477
6418,2014-09-25 10:00:00,14337.697,15654.994,19919.676,15332.149,17159.328,35964.477
6419,2014-09-25 11:00:00,14337.697,15655.089,19919.676,15332.149,17159.328,35964.477
6420,2014-09-25 12:00:00,14337.697,15655.615,19921.037,15332.24,17159.45,35965.5
6421,2014-09-25 13:00:00,14338.137,15656.185,19921.037,15332.693,17159.45,35966.73
6422,2014-09-25 14:00:00,14338.682,15656.703,19921.037,15332.839,17159.45,35966.73
6423,2014-09-25 15:00:00,14339.435,15656.703,19921.037,15332.839,17159.486,35966.73
6424,2014-09-25 16:00:00,14340.056,15656.888,19921.037,15332.839,17159.838,35966.73
6425,2014-09-25 17:00:00,14340.532,15657.097,19921.037,15332.839,17159.91,35966.73
6426,2014-09-25 18:00:00,14340.555,15657.218,19921.037,15332.839,17159.91,35966.73
6427,2014-09-25 19:00:00,14340.555,15657.491,19921.037,15332.839,17159.91,35966.73
6428,2014-09-25 20:00:00,14340.555,15657.703,19921.037,15332.839,17159.91,35966.73
6429,2014-09-25 21:00:00,14340.555,15657.822,19921.037,15332.839,17159.91,35966.73
6430,2014-09-25 22:00:00,14340.555,15657.822,19921.037,15332.839,17159.91,35966.73
6431,2014-09-25 23:00:00,14340.555,15657.822,19921.037,15332.839,17159.91,35966.73
6432,2014-09-26 00:00:00,14340.555,15657.822,19921.037,15332.894,17159.91,35966.73
6433,2014-09-26 01:00:00,14340.555,15657.822,19921.037,15333.071,17160.16,35966.73
6434,2014-09-26 02:00:00,14340.615,15657.911,19921.037,15333.071,17160.236,35966.79
6435,2014-09-26 03:00:00,14340.756,15658.332,19922.078,15333.071,17160.236,35966.79
6436,2014-09-26 04:00:00,14340.756,15658.74,19922.078,15333.071,17160.236,35967.16
6437,2014-09-26 05:00:00,14341.48,15660.033,19922.484,15333.652,17160.523,35971.105
6438,2014-09-26 06:00:00,14342.712,15660.49,19926.164,15335.631,17161.51,35973.246
6439,2014-09-26 07:00:00,14342.7705,15660.525,19928.006,15336.682,17161.96,35974.668
6440,2014-09-26 08:00:00,14342.855,15660.752,19929.596,15337.563,17163.193,35977.176
6441,2014-09-26 09:00:00,14343.399,15661.41,19936.572,15339.419,17163.502,35978.75
6442,2014-09-26 10:00:00,14344.979,15663.236,19940.447,15342.827,17167.52,35981.953
6443,2014-09-26 11:00:00,14346.569,15664.497,19940.705,15344.372,17168.438,35984.234
6444,2014-09-26 12:00:00,14347.885,15665.05,19940.838,15344.484,17168.504,35984.684
6445,2014-09-26 13:00:00,14350.483,15669.163,19941.28,15344.515,17168.732,35986.152
6446,2014-09-26 14:00:00,14351.554,15672.743,19941.553,15345.233,17168.732,35988.53
6447,2014-09-26 15:00:00,14351.727,15674.612,19941.709,15346.005,17168.814,35989.754
6448,2014-09-26 16:00:00,14352.671,15678.442,19942.434,15346.9795,17168.818,35992.26
6449,2014-09-26 17:00:00,14355.143,15680.508,19942.848,15347.436,17168.818,35994.85
6450,2014-09-26 18:00:00,14355.993,15682.395,19944.451,15347.704,17168.908,35997.066
6451,2014-09-26 19:00:00,14357.51,15683.0625,19946.47,15347.704,17169.05,36002.01
6452,2014-09-26 20:00:00,14359.152,15683.0625,19947.889,15347.926,17169.53,36006.906
6453,2014-09-26 21:00:00,14360.678,15683.0625,19949.322,15348.007,17169.531,36008.168
6454,2014-09-26 22:00:00,14362.49,15684.959,19954.121,15350.035,17170.201,36017.773
6455,2014-09-26 23:00:00,14364.168,15685.269,19955.936,15350.865,17173.729,36027.477
6456,2014-09-27 00:00:00,14367.122,15686.309,19956.0,15355.221,17175.117,36033.918
6457,2014-09-27 01:00:00,14370.433,15687.781,19956.29,15358.136,17181.396,36038.582
6458,2014-09-27 02:00:00,14372.192,15689.512,19961.098,15362.666,17184.64,36047.684
6459,2014-09-27 03:00:00,14379.069,15690.908,19970.805,15370.685,17192.535,36054.87
6460,2014-09-27 04:00:00,14385.669,15693.054,19977.676,15375.266,17198.297,36062.703
6461,2014-09-27 05:00:00,14386.893,15695.84,19980.215,15377.756,17200.361,36067.875
6462,2014-09-27 06:00:00,14388.663,15697.494,19983.49,15378.611,17201.557,36072.94
6463,2014-09-27 07:00:00,14390.616,15698.663,19985.85,15381.956,17203.195,36076.742
6464,2014-09-27 08:00:00,14390.944,15700.145,19986.008,15382.414,17204.605,36077.004
6465,2014-09-27 09:00:00,14391.077,15700.554,19986.293,15382.455,17205.357,36077.133
6466,2014-09-27 10:00:00,14392.272,15702.356,19988.738,15384.5625,17206.316,36081.656
6467,2014-09-27 11:00:00,14392.767,15703.628,19991.408,15386.999,17207.463,36085.113
6468,2014-09-27 12:00:00,14392.845,15705.071,19995.182,15389.133,17208.375,36090.91
6469,2014-09-27 13:00:00,14393.288,15706.354,19998.078,15389.911,17209.49,36096.496
6470,2014-09-27 14:00:00,14393.639,15707.732,20000.238,15390.898,17210.045,36101.773
6471,2014-09-27 15:00:00,14394.682,15708.725,20002.047,15391.18,17211.441,36108.47
6472,2014-09-27 16:00:00,14395.085,15709.525,20003.443,15392.156,17212.02,36110.734
6473,2014-09-27 17:00:00,14395.778,15709.62,20005.135,15392.315,17214.322,36115.08
6474,2014-09-27 18:00:00,14395.899,15709.62,20005.633,15392.4,17215.596,36116.414
6475,2014-09-27 19:00:00,14395.899,15709.62,20006.934,15392.922,17215.744,36119.0
6476,2014-09-27 20:00:00,14395.905,15709.62,20009.28,15394.454,17216.97,36123.45
6477,2014-09-27 21:00:00,14395.905,15709.62,20010.877,15396.967,17217.264,36125.94
6478,2014-09-27 22:00:00,14396.379,15709.862,20011.545,15397.917,17217.264,36127.67
6479,2014-09-27 23:00:00,14396.379,15710.388,20011.545,15398.235,17217.582,36130.15
6480,2014-09-28 00:00:00,14396.379,15710.784,20011.545,15398.235,17218.264,36130.477
6481,2014-09-28 01:00:00,14396.379,15710.918,20011.545,15398.235,17218.264,36130.477
6482,2014-09-28 02:00:00,14396.431,15711.111,20011.545,15398.235,17218.303,36130.9
6483,2014-09-28 03:00:00,14396.431,15711.164,20011.545,15398.235,17218.303,36130.9
6484,2014-09-28 04:00:00,14396.431,15711.164,20011.545,15398.235,17218.303,36130.9
6485,2014-09-28 05:00:00,14396.449,15711.664,20011.938,15398.235,17218.303,36130.9
6486,2014-09-28 06:00:00,14397.32,15711.675,20013.477,15398.375,17218.303,36130.9
6487,2014-09-28 07:00:00,14397.362,15711.996,20017.014,15399.5205,17218.377,36130.918
6488,2014-09-28 08:00:00,14397.362,15712.322,20019.49,15402.228,17218.377,36131.438
6489,2014-09-28 09:00:00,14397.386,15712.322,20020.898,15402.629,17218.377,36132.137
6490,2014-09-28 10:00:00,14397.635,15712.699,20022.049,15404.455,17219.002,36132.258
6491,2014-09-28 11:00:00,14397.635,15712.792,20022.275,15405.103,17219.557,36132.465
6492,2014-09-28 12:00:00,14397.635,15713.212,20022.275,15406.135,17219.578,36133.047
6493,2014-09-28 13:00:00,14397.635,15713.812,20022.275,15406.371,17219.578,36133.047
6494,2014-09-28 14:00:00,14397.635,15713.812,20022.275,15406.371,17219.578,36133.227
6495,2014-09-28 15:00:00,14397.635,15713.812,20022.275,15406.371,17219.666,36133.293
6496,2014-09-28 16:00:00,14397.635,15713.903,20022.275,15406.371,17219.85,36133.293
6497,2014-09-28 17:00:00,14397.635,15713.91,20022.275,15406.371,17219.85,36133.484
6498,2014-09-28 18:00:00,14397.635,15714.03,20022.275,15406.371,17219.85,36133.58
6499,2014-09-28 19:00:00,14397.635,15714.03,20022.275,15406.371,17220.594,36133.58
6500,2014-09-28 20:00:00,14397.635,15714.03,20022.275,15406.371,17220.594,36133.58
6501,2014-09-28 21:00:00,14397.635,15714.03,20022.338,15406.371,17221.012,36133.91
6502,2014-09-28 22:00:00,14397.635,15714.03,20022.338,15406.371,17221.387,36133.918
6503,2014-09-28 23:00:00,14397.635,15714.03,20022.338,15406.371,17221.387,36134.164
6504,2014-09-29 00:00:00,14397.635,15714.562,20022.533,15406.439,17221.92,36134.164
6505,2014-09-29 01:00:00,14397.635,15714.562,20022.533,15406.439,17221.92,36134.164
6506,2014-09-29 02:00:00,14397.635,15714.562,20022.533,15406.439,17221.92,36134.164
6507,2014-09-29 03:00:00,14397.635,15714.562,20022.533,15406.439,17221.92,36134.164
6508,2014-09-29 04:00:00,14397.635,15714.562,20022.533,15406.439,17221.92,36134.164
6509,2014-09-29 05:00:00,14397.635,15714.562,20022.533,15406.439,17222.256,36134.164
6510,2014-09-29 06:00:00,14397.635,15714.562,20022.533,15406.439,17222.256,36134.164
6511,2014-09-29 07:00:00,14397.635,15714.562,20022.533,15406.439,17222.256,36134.164
6512,2014-09-29 08:00:00,14397.635,15714.562,20022.533,15406.439,17222.256,36134.164
6513,2014-09-29 09:00:00,14397.635,15714.562,20022.533,15406.439,17222.256,36134.164
6514,2014-09-29 10:00:00,14397.635,15714.562,20022.533,15406.439,17222.256,36134.164
6515,2014-09-29 11:00:00,14397.635,15714.562,20022.533,15406.439,17222.256,36134.164
6516,2014-09-29 12:00:00,14397.635,15714.03,20022.338,15406.371,17221.387,36134.164
6517,2014-09-29 13:00:00,14397.635,15714.303,20022.338,15406.379,17221.387,36134.164
6518,2014-09-29 14:00:00,14397.635,15714.377,20022.338,15406.439,17221.387,36134.164
6519,2014-09-29 15:00:00,14397.635,15714.514,20022.338,15406.439,17221.387,36134.164
6520,2014-09-29 16:00:00,14397.635,15714.514,20022.338,15406.439,17221.387,36134.164
6521,2014-09-29 17:00:00,14397.635,15714.514,20022.338,15406.439,17221.387,36134.164
6522,2014-09-29 18:00:00,14397.635,15714.55,20022.338,15406.439,17221.387,36134.164
6523,2014-09-29 19:00:00,14397.635,15714.562,20022.338,15406.439,17221.387,36134.164
6524,2014-09-29 20:00:00,14397.635,15714.562,20022.533,15406.439,17221.387,36134.164
6525,2014-09-29 21:00:00,14397.635,15714.562,20022.533,15406.439,17221.92,36134.164
6526,2014-09-29 22:00:00,14397.635,15714.562,20022.533,15406.439,17222.256,36134.164
6527,2014-09-29 23:00:00,14397.635,15714.562,20022.533,15406.439,17222.256,36134.164
6528,2014-09-30 00:00:00,14397.635,15714.562,20022.533,15406.439,17222.256,36134.164
6529,2014-09-30 01:00:00,14397.635,15714.562,20022.533,15406.439,17222.256,36134.164
6530,2014-09-30 02:00:00,14397.635,15714.562,20022.533,15406.439,17222.332,36134.164
6531,2014-09-30 03:00:00,14397.635,15714.562,20022.533,15406.439,17222.55,36134.164
6532,2014-09-30 04:00:00,14397.997,15717.215,20023.037,15408.879,17225.328,36134.164
6533,2014-09-30 05:00:00,14398.242,15717.215,20023.037,15408.879,17226.363,36134.164
6534,2014-09-30 06:00:00,14397.635,15715.571,20022.533,15407.053,17223.916,36134.164
6535,2014-09-30 07:00:00,14397.817,15716.749,20023.037,15408.038,17225.328,36134.164
6536,2014-09-30 08:00:00,14398.242,15717.215,20023.037,15408.879,17225.77,36134.164
6537,2014-09-30 09:00:00,14398.242,15717.215,20023.037,15408.879,17226.363,36134.164
6538,2014-09-30 10:00:00,14398.242,15717.215,20023.037,15408.879,17226.363,36134.164
6539,2014-09-30 11:00:00,14398.242,15717.215,20023.037,15408.879,17226.363,36134.164
6540,2014-09-30 12:00:00,14398.242,15717.215,20023.037,15408.879,17226.363,36134.164
6541,2014-09-30 13:00:00,14398.242,15717.215,20023.037,15408.879,17226.363,36134.164
6542,2014-09-30 14:00:00,14398.242,15717.215,20023.037,15408.879,17226.363,36134.164
6543,2014-09-30 15:00:00,14398.242,15717.215,20023.037,15408.879,17226.363,36134.164
6544,2014-09-30 16:00:00,14398.242,15717.215,20023.037,15408.879,17226.363,36134.164
6545,2014-09-30 17:00:00,14398.242,15717.215,20023.037,15408.879,17226.363,36134.164
6546,2014-09-30 18:00:00,14398.242,15717.215,20023.037,15408.879,17226.363,36134.164
6547,2014-09-30 19:00:00,14398.242,15717.215,20023.037,15408.879,17226.363,36134.164
6548,2014-09-30 20:00:00,14398.242,15717.215,20023.037,15408.879,17226.363,36134.164
6549,2014-09-30 21:00:00,14398.242,15717.215,20023.037,15408.879,17226.363,36134.164
6550,2014-09-30 22:00:00,14398.242,15717.215,20023.037,15408.879,17226.363,36134.164
6551,2014-09-30 23:00:00,14398.242,15717.215,20023.037,15408.879,17226.363,36134.164
6552,2014-10-01 00:00:00,14398.242,15717.215,20023.037,15408.879,17226.363,36134.164
6553,2014-10-01 01:00:00,14398.242,15717.215,20023.037,15408.879,17226.363,36134.164
6554,2014-10-01 02:00:00,14398.242,15717.215,20023.037,15408.879,17226.363,36134.164
6555,2014-10-01 03:00:00,14398.242,15717.215,20023.037,15408.879,17226.363,36134.164
6556,2014-10-01 04:00:00,14398.242,15717.215,20023.037,15408.879,17226.363,36134.164
6557,2014-10-01 05:00:00,14398.242,15717.215,20023.037,15408.879,17226.363,36134.164
6558,2014-10-01 06:00:00,14398.242,15717.215,20023.037,15408.879,17226.363,36134.164
6559,2014-10-01 07:00:00,14398.242,15717.215,20023.037,15408.879,17226.363,36134.164
6560,2014-10-01 08:00:00,14398.242,15717.215,20023.037,15408.879,17226.363,36134.164
6561,2014-10-01 09:00:00,14398.242,15717.215,20023.037,15408.879,17226.363,36134.164
6562,2014-10-01 10:00:00,14398.242,15717.215,20023.037,15408.879,17226.363,36134.164
6563,2014-10-01 11:00:00,14398.242,15717.215,20023.037,15408.879,17226.363,36134.164
6564,2014-10-01 12:00:00,14398.242,15717.215,20023.037,15408.879,17226.363,36134.164
6565,2014-10-01 13:00:00,14398.242,15717.215,20023.037,15408.879,17226.363,36134.164
6566,2014-10-01 14:00:00,14398.242,15717.215,20023.037,15408.879,17226.363,36134.164
6567,2014-10-01 15:00:00,14398.498,15717.603,20023.037,15409.414,17227.566,36134.207
6568,2014-10-01 16:00:00,14399.55,15718.9375,20023.148,15410.962,17229.12,36138.25
6569,2014-10-01 17:00:00,14401.346,15720.006,20023.969,15413.053,17231.627,36141.418
6570,2014-10-01 18:00:00,14403.974,15723.285,20025.73,15415.209,17234.713,36144.016
6571,2014-10-01 19:00:00,14407.392,15726.723,20029.787,15417.757,17237.69,36146.668
6572,2014-10-01 20:00:00,14409.328,15728.157,20031.72,15419.401,17238.611,36149.305
6573,2014-10-01 21:00:00,14409.826,15729.092,20032.21,15419.953,17239.527,36149.336
6574,2014-10-01 22:00:00,14410.281,15729.541,20032.973,15420.197,17239.814,36149.336
6575,2014-10-01 23:00:00,14410.281,15729.541,20033.146,15420.197,17239.836,36149.336
6576,2014-10-02 00:00:00,14410.281,15729.541,20033.146,15420.197,17240.514,36149.336
6577,2014-10-02 01:00:00,14410.281,15729.541,20033.146,15420.197,17240.627,36149.336
6578,2014-10-02 02:00:00,14410.281,15729.541,20033.146,15420.197,17240.627,36149.336
6579,2014-10-02 03:00:00,14410.281,15729.541,20033.146,15420.197,17240.627,36149.336
6580,2014-10-02 04:00:00,14410.281,15729.541,20033.146,15420.197,17240.627,36149.336
6581,2014-10-02 05:00:00,14410.281,15729.541,20033.146,15420.197,17240.627,36149.336
6582,2014-10-02 06:00:00,14410.281,15729.541,20033.146,15420.197,17240.752,36149.336
6583,2014-10-02 07:00:00,14410.281,15729.541,20033.146,15420.197,17240.752,36149.336
6584,2014-10-02 08:00:00,14410.281,15729.541,20033.146,15420.197,17240.752,36149.336
6585,2014-10-02 09:00:00,14410.281,15729.541,20033.146,15420.197,17240.758,36149.336
6586,2014-10-02 10:00:00,14410.281,15729.541,20033.146,15420.241,17240.758,36149.336
6587,2014-10-02 11:00:00,14410.281,15729.541,20033.146,15420.241,17240.758,36149.336
6588,2014-10-02 12:00:00,14410.281,15729.541,20033.146,15420.241,17240.758,36149.336
6589,2014-10-02 13:00:00,14410.281,15729.541,20033.146,15420.241,17240.758,36149.336
6590,2014-10-02 14:00:00,14410.281,15729.541,20033.146,15420.241,17240.758,36149.336
6591,2014-10-02 15:00:00,14410.281,15729.541,20033.146,15420.241,17240.758,36149.336
6592,2014-10-02 16:00:00,14410.281,15729.541,20033.146,15420.241,17240.758,36149.336
6593,2014-10-02 17:00:00,14410.281,15729.541,20033.146,15420.241,17240.758,36149.336
6594,2014-10-02 18:00:00,14410.281,15729.541,20033.146,15420.241,17240.758,36149.336
6595,2014-10-02 19:00:00,14410.281,15729.541,20033.146,15420.241,17240.758,36149.336
6596,2014-10-02 20:00:00,14410.281,15729.541,20033.146,15420.241,17240.758,36149.336
6597,2014-10-02 21:00:00,14410.281,15729.541,20033.146,15420.241,17240.758,36149.336
6598,2014-10-02 22:00:00,14410.281,15729.541,20033.146,15420.241,17240.758,36149.336
6599,2014-10-02 23:00:00,14410.281,15729.541,20033.146,15420.241,17240.758,36149.336
6600,2014-10-03 00:00:00,14410.281,15729.541,20033.146,15420.241,17240.758,36149.336
6601,2014-10-03 01:00:00,14410.281,15729.541,20033.146,15420.241,17240.758,36149.336
6602,2014-10-03 02:00:00,14410.281,15729.541,20033.146,15420.241,17240.758,36149.336
6603,2014-10-03 03:00:00,14410.281,15729.541,20033.146,15420.241,17240.758,36149.336
6604,2014-10-03 04:00:00,14410.281,15729.541,20033.146,15420.241,17240.758,36149.336
6605,2014-10-03 05:00:00,14410.281,15729.541,20033.146,15420.241,17240.758,36150.715
6606,2014-10-03 06:00:00,14410.281,15729.541,20033.146,15420.241,17240.758,36151.78
6607,2014-10-03 07:00:00,14410.281,15729.541,20033.146,15420.241,17242.768,36154.17
6608,2014-10-03 08:00:00,14415.969,15737.043,20033.146,15420.644,17253.123,36172.57
6609,2014-10-03 09:00:00,14416.64,15740.19,20033.146,15420.644,17255.006,36173.645
6610,2014-10-03 10:00:00,14417.328,15741.398,20033.146,15420.644,17255.303,36173.645
6611,2014-10-03 11:00:00,14417.62,15742.254,20033.146,15420.644,17255.484,36176.42
6612,2014-10-03 12:00:00,14410.281,15729.541,20033.146,15420.241,17240.758,36149.336
6613,2014-10-03 13:00:00,14410.281,15729.541,20033.146,15420.241,17240.758,36149.336
6614,2014-10-03 14:00:00,14410.281,15729.541,20033.146,15420.241,17240.758,36149.336
6615,2014-10-03 15:00:00,14410.281,15729.541,20033.146,15420.241,17240.758,36149.336
6616,2014-10-03 16:00:00,14410.281,15729.541,20033.146,15420.241,17240.758,36149.336
6617,2014-10-03 17:00:00,14410.281,15729.541,20033.146,15420.241,17240.758,36149.336
6618,2014-10-03 18:00:00,14410.281,15729.541,20033.146,15420.241,17240.758,36149.336
6619,2014-10-03 19:00:00,14410.281,15729.541,20033.146,15420.241,17240.758,36149.336
6620,2014-10-03 20:00:00,14410.281,15729.541,20033.146,15420.241,17240.758,36149.336
6621,2014-10-03 21:00:00,14410.281,15729.541,20033.146,15420.241,17240.758,36149.336
6622,2014-10-03 22:00:00,14411.602,15729.541,20033.146,15420.241,17246.39,36160.008
6623,2014-10-03 23:00:00,14413.953,15730.027,20033.146,15420.313,17250.074,36168.26
6624,2014-10-04 00:00:00,14417.62,15742.521,20033.146,15420.644,17255.654,36179.207
6625,2014-10-04 01:00:00,14417.62,15742.521,20033.146,15420.644,17255.654,36180.98
6626,2014-10-04 02:00:00,14417.62,15742.521,20033.146,15420.644,17255.693,36180.98
6627,2014-10-04 03:00:00,14417.62,15742.521,20033.146,15420.644,17255.693,36180.98
6628,2014-10-04 04:00:00,14417.62,15742.521,20033.146,15420.644,17255.693,36180.98
6629,2014-10-04 05:00:00,14417.62,15742.521,20033.146,15420.644,17255.693,36180.98
6630,2014-10-04 06:00:00,14417.62,15742.521,20033.146,15420.644,17255.693,36180.98
6631,2014-10-04 07:00:00,14417.62,15742.521,20033.146,15420.644,17255.693,36180.98
6632,2014-10-04 08:00:00,14417.62,15742.521,20033.146,15420.644,17255.693,36180.98
6633,2014-10-04 09:00:00,14417.62,15742.521,20033.146,15420.644,17255.693,36180.98
6634,2014-10-04 10:00:00,14417.62,15742.521,20033.146,15420.644,17255.693,36180.98
6635,2014-10-04 11:00:00,14417.62,15742.521,20033.146,15420.644,17255.693,36180.98
6636,2014-10-04 12:00:00,14417.62,15742.521,20033.146,15420.644,17255.693,36180.98
6637,2014-10-04 13:00:00,14417.62,15742.521,20033.146,15420.644,17255.693,36180.98
6638,2014-10-04 14:00:00,14417.62,15742.521,20033.146,15420.644,17255.693,36180.98
6639,2014-10-04 15:00:00,14417.62,15742.521,20033.146,15420.644,17255.693,36181.25
6640,2014-10-04 16:00:00,14417.62,15742.521,20033.146,15420.644,17255.693,36181.25
6641,2014-10-04 17:00:00,14417.62,15742.521,20033.146,15420.644,17255.693,36181.25
6642,2014-10-04 18:00:00,14417.62,15742.521,20033.146,15420.644,17255.693,36181.25
6643,2014-10-04 19:00:00,14417.62,15742.521,20033.146,15420.644,17255.693,36181.25
6644,2014-10-04 20:00:00,14417.62,15742.521,20033.146,15420.644,17255.693,36180.98
6645,2014-10-04 21:00:00,14417.62,15742.521,20033.146,15420.644,17255.693,36180.98
6646,2014-10-04 22:00:00,14417.62,15742.521,20033.146,15420.644,17255.693,36181.25
6647,2014-10-04 23:00:00,14417.62,15742.521,20033.146,15420.644,17255.693,36181.25
6648,2014-10-05 00:00:00,14417.62,15742.521,20033.146,15420.644,17255.693,36181.25
6649,2014-10-05 01:00:00,14417.62,15742.521,20033.146,15420.644,17255.693,36181.25
6650,2014-10-05 02:00:00,14417.62,15742.521,20033.146,15420.644,17255.693,36181.25
6651,2014-10-05 03:00:00,14417.62,15742.521,20033.146,15420.644,17255.693,36181.25
6652,2014-10-05 04:00:00,14417.62,15742.521,20033.146,15420.644,17255.693,36181.25
6653,2014-10-05 05:00:00,14417.62,15742.521,20033.146,15420.644,17255.693,36181.25
6654,2014-10-05 06:00:00,14417.62,15742.521,20033.146,15420.644,17255.693,36181.25
6655,2014-10-05 07:00:00,14417.62,15742.521,20033.613,15420.644,17255.867,36181.25
6656,2014-10-05 08:00:00,14417.62,15742.521,20033.613,15420.644,17255.867,36181.25
6657,2014-10-05 09:00:00,14417.62,15742.521,20033.623,15421.53,17255.867,36182.305
6658,2014-10-05 10:00:00,14417.62,15742.521,20034.18,15424.058,17255.867,36186.223
6659,2014-10-05 11:00:00,14417.844,15742.779,20034.338,15427.725,17255.867,36191.65
6660,2014-10-05 12:00:00,14418.274,15743.2295,20034.338,15429.623,17255.867,36194.883
6661,2014-10-05 13:00:00,14418.482,15743.327,20034.709,15429.826,17256.203,36194.883
6662,2014-10-05 14:00:00,14418.482,15743.327,20035.033,15429.826,17256.57,36194.883
6663,2014-10-05 15:00:00,14418.57,15743.327,20035.033,15429.826,17256.57,36194.883
6664,2014-10-05 16:00:00,14418.675,15743.327,20035.033,15429.826,17256.57,36194.883
6665,2014-10-05 17:00:00,14418.778,15743.327,20035.033,15429.826,17256.57,36194.883
6666,2014-10-05 18:00:00,14418.778,15743.327,20035.033,15429.826,17256.57,36194.883
6667,2014-10-05 19:00:00,14417.62,15742.521,20033.146,15420.644,17255.693,36181.25
6668,2014-10-05 20:00:00,14417.62,15742.521,20033.314,15420.644,17255.693,36181.25
6669,2014-10-05 21:00:00,14417.62,15742.521,20033.613,15420.644,17255.867,36181.25
6670,2014-10-05 22:00:00,14418.482,15743.327,20035.033,15429.826,17256.57,36194.883
6671,2014-10-05 23:00:00,14418.482,15743.327,20035.033,15429.826,17256.57,36194.883
6672,2014-10-06 00:00:00,14418.778,15743.327,20035.033,15429.826,17256.57,36194.883
6673,2014-10-06 01:00:00,14418.778,15743.327,20035.033,15429.826,17256.57,36194.883
6674,2014-10-06 02:00:00,14418.778,15743.327,20035.033,15429.826,17256.57,36194.883
6675,2014-10-06 03:00:00,14418.778,15743.327,20035.033,15429.826,17256.57,36194.883
6676,2014-10-06 04:00:00,14418.778,15743.327,20035.033,15429.826,17256.57,36194.883
6677,2014-10-06 05:00:00,14418.778,15743.327,20035.033,15429.826,17256.57,36194.883
6678,2014-10-06 06:00:00,14418.778,15743.327,20035.033,15429.826,17256.57,36194.883
6679,2014-10-06 07:00:00,14418.778,15743.327,20035.033,15429.826,17256.57,36194.883
6680,2014-10-06 08:00:00,14418.778,15743.327,20035.033,15429.826,17256.57,36194.883
6681,2014-10-06 09:00:00,14418.778,15743.327,20035.033,15429.826,17256.57,36194.883
6682,2014-10-06 10:00:00,14418.778,15743.327,20035.033,15429.826,17256.57,36194.883
6683,2014-10-06 11:00:00,14418.778,15743.327,20035.033,15429.826,17256.57,36194.883
6684,2014-10-06 12:00:00,14418.778,15743.327,20035.033,15429.826,17256.57,36194.883
6685,2014-10-06 13:00:00,14418.778,15743.327,20035.033,15429.826,17256.57,36194.883
6686,2014-10-06 14:00:00,14418.778,15743.327,20035.033,15429.826,17256.57,36194.883
6687,2014-10-06 15:00:00,14418.778,15743.327,20035.033,15429.826,17256.57,36194.883
6688,2014-10-06 16:00:00,14418.778,15743.327,20035.033,15429.826,17256.57,36194.883
6689,2014-10-06 17:00:00,14418.778,15743.327,20035.033,15429.826,17256.57,36194.883
6690,2014-10-06 18:00:00,14418.778,15743.327,20035.033,15429.826,17256.57,36194.883
6691,2014-10-06 19:00:00,14418.778,15743.327,20035.033,15429.826,17256.57,36194.883
6692,2014-10-06 20:00:00,14418.778,15743.327,20035.033,15429.826,17256.57,36194.883
6693,2014-10-06 21:00:00,14418.778,15743.327,20035.033,15429.826,17256.57,36194.883
6694,2014-10-06 22:00:00,14418.778,15743.327,20035.033,15429.826,17256.57,36194.883
6695,2014-10-06 23:00:00,14418.778,15743.327,20035.033,15429.826,17256.57,36194.883
6696,2014-10-07 00:00:00,14418.778,15743.327,20035.033,15429.826,17256.57,36194.883
6697,2014-10-07 01:00:00,14418.778,15743.327,20035.033,15429.826,17256.57,36194.883
6698,2014-10-07 02:00:00,14418.778,15743.327,20035.033,15429.826,17256.57,36194.883
6699,2014-10-07 03:00:00,14418.778,15743.327,20035.033,15429.826,17256.57,36194.883
6700,2014-10-07 04:00:00,14418.778,15743.327,20035.033,15429.826,17256.57,36194.883
6701,2014-10-07 05:00:00,14418.778,15743.327,20035.033,15429.826,17256.57,36194.883
6702,2014-10-07 06:00:00,14418.778,15743.327,20035.033,15429.826,17256.57,36194.883
6703,2014-10-07 07:00:00,14418.778,15743.327,20035.033,15429.826,17256.57,36194.883
6704,2014-10-07 08:00:00,14418.778,15743.327,20035.033,15429.826,17256.57,36194.883
6705,2014-10-07 09:00:00,14418.778,15743.327,20035.033,15429.826,17256.57,36194.883
6706,2014-10-07 10:00:00,14418.778,15743.327,20035.033,15429.826,17256.57,36194.883
6707,2014-10-07 11:00:00,14418.778,15743.327,20035.033,15429.826,17256.57,36194.883
6708,2014-10-07 12:00:00,14418.778,15743.327,20035.033,15429.826,17256.57,36194.883
6709,2014-10-07 13:00:00,14418.778,15743.327,20035.033,15429.826,17256.57,36194.883
6710,2014-10-07 14:00:00,14418.778,15743.327,20035.033,15429.826,17256.57,36194.883
6711,2014-10-07 15:00:00,14418.778,15743.327,20035.033,15429.826,17256.57,36194.883
6712,2014-10-07 16:00:00,14418.778,15743.327,20035.033,15429.826,17256.57,36194.883
6713,2014-10-07 17:00:00,14418.778,15743.327,20035.033,15429.826,17256.57,36194.883
6714,2014-10-07 18:00:00,14418.778,15743.327,20035.033,15429.826,17256.57,36194.883
6715,2014-10-07 19:00:00,14418.778,15743.711,20035.033,15429.826,17256.57,36194.883
6716,2014-10-07 20:00:00,14418.778,15744.453,20035.033,15429.826,17256.57,36194.883
6717,2014-10-07 21:00:00,14418.778,15745.682,20035.033,15429.826,17256.57,36194.883
6718,2014-10-07 22:00:00,14418.778,15746.385,20035.219,15430.545,17256.57,36194.883
6719,2014-10-07 23:00:00,14418.778,15747.024,20036.96,15430.667,17256.57,36194.883
6720,2014-10-08 00:00:00,14418.778,15747.024,20040.006,15430.667,17256.57,36194.883
6721,2014-10-08 01:00:00,14418.778,15747.194,20041.83,15430.667,17256.57,36194.883
6722,2014-10-08 02:00:00,14420.248,15750.783,20044.01,15433.376,17256.807,36197.246
6723,2014-10-08 03:00:00,14421.002,15751.403,20045.219,15433.837,17256.807,36200.258
6724,2014-10-08 04:00:00,14421.053,15751.589,20045.219,15433.837,17256.807,36200.51
6725,2014-10-08 05:00:00,14421.383,15751.589,20045.219,15433.837,17256.807,36201.62
6726,2014-10-08 06:00:00,14422.884,15751.589,20045.219,15433.837,17256.807,36201.88
6727,2014-10-08 07:00:00,14424.03,15751.589,20045.219,15433.837,17256.807,36203.484
6728,2014-10-08 08:00:00,14424.03,15751.589,20045.219,15433.837,17256.807,36203.484
6729,2014-10-08 09:00:00,14424.03,15751.589,20045.219,15433.837,17256.807,36203.484
6730,2014-10-08 10:00:00,14424.03,15751.589,20045.219,15433.837,17256.807,36203.484
6731,2014-10-08 11:00:00,14424.03,15751.589,20045.219,15433.837,17256.807,36203.484
6732,2014-10-08 12:00:00,14424.03,15751.589,20045.219,15433.837,17256.807,36203.484
6733,2014-10-08 13:00:00,14424.116,15751.589,20045.219,15433.837,17256.807,36203.484
6734,2014-10-08 14:00:00,14424.249,15751.589,20045.219,15433.837,17256.807,36203.484
6735,2014-10-08 15:00:00,14424.249,15751.625,20045.219,15433.837,17256.807,36203.484
6736,2014-10-08 16:00:00,14424.249,15752.989,20045.219,15434.331,17256.807,36203.707
6737,2014-10-08 17:00:00,14426.157,15753.413,20045.219,15435.148,17256.807,36206.09
6738,2014-10-08 18:00:00,14426.761,15753.48,20045.584,15435.315,17257.066,36206.09
6739,2014-10-08 19:00:00,14427.175,15753.48,20046.053,15435.315,17257.066,36206.09
6740,2014-10-08 20:00:00,14427.175,15753.48,20046.053,15435.315,17257.066,36206.09
6741,2014-10-08 21:00:00,14427.175,15753.607,20046.053,15435.315,17257.066,36206.09
6742,2014-10-08 22:00:00,14427.312,15753.72,20046.053,15435.458,17257.066,36206.09
6743,2014-10-08 23:00:00,14427.312,15753.72,20046.053,15435.458,17257.066,36206.09
6744,2014-10-09 00:00:00,14427.312,15753.72,20046.053,15435.458,17257.066,36206.09
6745,2014-10-09 01:00:00,14427.312,15753.72,20046.053,15435.458,17257.066,36206.09
6746,2014-10-09 02:00:00,14427.312,15753.72,20046.053,15435.458,17257.066,36206.09
6747,2014-10-09 03:00:00,14427.312,15753.72,20046.053,15435.458,17257.066,36206.09
6748,2014-10-09 04:00:00,14427.312,15753.72,20046.053,15435.458,17257.066,36206.09
6749,2014-10-09 05:00:00,14427.312,15753.893,20046.053,15435.458,17257.066,36206.09
6750,2014-10-09 06:00:00,14427.312,15757.942,20046.053,15436.06,17257.17,36206.09
6751,2014-10-09 07:00:00,14428.293,15762.717,20046.844,15438.528,17258.588,36207.668
6752,2014-10-09 08:00:00,14432.762,15765.953,20049.396,15440.807,17259.025,36210.78
6753,2014-10-09 09:00:00,14436.162,15770.462,20050.914,15441.634,17259.275,36213.816
6754,2014-10-09 10:00:00,14437.183,15773.358,20051.32,15442.718,17259.717,36216.406
6755,2014-10-09 11:00:00,14439.232,15774.434,20051.59,15443.717,17259.717,36220.473
6756,2014-10-09 12:00:00,14439.804,15774.564,20051.59,15445.043,17259.717,36222.715
6757,2014-10-09 13:00:00,14440.333,15774.564,20051.59,15445.201,17259.717,36222.715
6758,2014-10-09 14:00:00,14440.333,15774.564,20051.59,15445.201,17259.717,36222.715
6759,2014-10-09 15:00:00,14440.333,15774.564,20051.59,15445.201,17259.717,36222.715
6760,2014-10-09 16:00:00,14440.333,15774.564,20051.59,15445.201,17259.717,36222.715
6761,2014-10-09 17:00:00,14440.333,15774.564,20051.59,15445.201,17259.717,36222.715
6762,2014-10-09 18:00:00,14440.333,15774.564,20051.59,15445.201,17259.717,36222.715
6763,2014-10-09 19:00:00,14440.333,15775.128,20051.59,15445.201,17259.717,36222.715
6764,2014-10-09 20:00:00,14440.333,15776.312,20051.59,15445.404,17259.717,36222.715
6765,2014-10-09 21:00:00,14440.333,15777.088,20051.59,15445.404,17259.717,36222.715
6766,2014-10-09 22:00:00,14440.333,15777.088,20051.59,15445.404,17259.717,36222.715
6767,2014-10-09 23:00:00,14440.333,15777.088,20051.59,15445.404,17259.717,36222.715
6768,2014-10-10 00:00:00,14441.543,15781.479,20051.965,15446.021,17259.904,36225.86
6769,2014-10-10 01:00:00,14441.543,15781.479,20051.965,15446.145,17259.904,36225.86
6770,2014-10-10 02:00:00,14441.543,15781.479,20051.965,15446.145,17259.904,36225.86
6771,2014-10-10 03:00:00,14441.543,15781.842,20051.965,15446.426,17259.992,36225.86
6772,2014-10-10 04:00:00,14441.543,15784.098,20051.965,15448.186,17263.607,36225.86
6773,2014-10-10 05:00:00,14441.713,15785.769,20052.64,15450.813,17263.988,36227.465
6774,2014-10-10 06:00:00,14443.84,15785.78,20052.64,15451.026,17263.988,36227.688
6775,2014-10-10 07:00:00,14444.119,15785.919,20052.64,15451.026,17263.988,36227.688
6776,2014-10-10 08:00:00,14444.183,15785.919,20052.64,15451.026,17263.988,36227.688
6777,2014-10-10 09:00:00,14444.183,15785.919,20052.64,15451.026,17264.598,36227.688
6778,2014-10-10 10:00:00,14444.183,15787.811,20052.719,15451.026,17264.691,36227.688
6779,2014-10-10 11:00:00,14444.385,15789.256,20053.025,15451.037,17266.53,36227.688
6780,2014-10-10 12:00:00,14440.333,15777.088,20051.59,15445.404,17259.717,36222.715
6781,2014-10-10 13:00:00,14440.333,15777.128,20051.59,15445.404,17259.717,36222.715
6782,2014-10-10 14:00:00,14440.333,15777.201,20051.59,15445.404,17259.717,36222.715
6783,2014-10-10 15:00:00,14440.866,15777.389,20051.59,15445.426,17259.904,36222.844
6784,2014-10-10 16:00:00,14441.201,15777.897,20051.59,15446.021,17259.904,36223.45
6785,2014-10-10 17:00:00,14441.543,15778.087,20051.59,15446.021,17259.904,36223.86
6786,2014-10-10 18:00:00,14441.543,15778.589,20051.59,15446.021,17259.904,36223.86
6787,2014-10-10 19:00:00,14441.543,15778.589,20051.59,15446.021,17259.904,36223.86
6788,2014-10-10 20:00:00,14441.543,15779.495,20051.59,15446.021,17259.904,36223.86
6789,2014-10-10 21:00:00,14441.543,15781.479,20051.59,15446.021,17259.904,36223.86
6790,2014-10-10 22:00:00,14444.183,15785.919,20052.64,15451.026,17263.988,36227.688
6791,2014-10-10 23:00:00,14444.183,15785.919,20052.64,15451.026,17263.988,36227.688
6792,2014-10-11 00:00:00,14444.582,15790.191,20053.729,15451.037,17266.898,36228.266
6793,2014-10-11 01:00:00,14444.582,15790.191,20053.975,15451.037,17266.898,36228.598
6794,2014-10-11 02:00:00,14444.582,15790.191,20053.975,15451.037,17266.898,36228.598
6795,2014-10-11 03:00:00,14444.596,15790.303,20053.975,15451.037,17266.898,36228.598
6796,2014-10-11 04:00:00,14444.669,15790.303,20053.975,15451.037,17266.898,36228.598
6797,2014-10-11 05:00:00,14444.672,15790.303,20053.975,15451.133,17267.371,36228.598
6798,2014-10-11 06:00:00,14445.62,15790.303,20054.525,15451.133,17267.406,36228.598
6799,2014-10-11 07:00:00,14445.62,15791.356,20054.525,15451.255,17267.406,36228.62
6800,2014-10-11 08:00:00,14445.814,15791.356,20054.525,15451.526,17267.406,36228.68
6801,2014-10-11 09:00:00,14445.814,15791.356,20054.525,15451.526,17267.406,36228.68
6802,2014-10-11 10:00:00,14445.814,15791.356,20054.525,15451.526,17267.406,36228.68
6803,2014-10-11 11:00:00,14445.814,15791.356,20054.525,15451.526,17267.406,36228.68
6804,2014-10-11 12:00:00,14445.814,15791.356,20054.525,15451.526,17267.406,36228.68
6805,2014-10-11 13:00:00,14445.814,15791.356,20054.525,15451.526,17267.406,36228.68
6806,2014-10-11 14:00:00,14445.814,15791.356,20054.525,15451.526,17267.406,36228.68
6807,2014-10-11 15:00:00,14445.814,15791.356,20054.525,15451.791,17267.406,36228.68
6808,2014-10-11 16:00:00,14445.964,15791.356,20054.525,15452.148,17267.406,36228.68
6809,2014-10-11 17:00:00,14446.993,15791.356,20054.525,15452.217,17267.406,36229.535
6810,2014-10-11 18:00:00,14448.067,15791.356,20054.525,15453.727,17267.406,36231.055
6811,2014-10-11 19:00:00,14448.9795,15791.356,20054.525,15453.727,17267.406,36231.055
6812,2014-10-11 20:00:00,14448.9795,15791.356,20054.525,15453.771,17267.406,36231.055
6813,2014-10-11 21:00:00,14445.814,15791.356,20054.525,15451.526,17267.406,36228.68
6814,2014-10-11 22:00:00,14445.814,15791.356,20054.525,15451.526,17267.406,36228.68
6815,2014-10-11 23:00:00,14445.964,15791.356,20054.525,15451.791,17267.406,36228.68
6816,2014-10-12 00:00:00,14449.113,15794.37,20054.525,15456.419,17268.164,36233.42
6817,2014-10-12 01:00:00,14449.469,15794.37,20054.525,15456.419,17268.164,36233.926
6818,2014-10-12 02:00:00,14448.9795,15791.433,20054.525,15453.771,17267.406,36231.055
6819,2014-10-12 03:00:00,14448.9795,15793.822,20054.525,15455.888,17267.637,36231.055
6820,2014-10-12 04:00:00,14449.469,15794.37,20054.525,15456.419,17268.164,36233.926
6821,2014-10-12 05:00:00,14449.469,15794.37,20054.525,15456.419,17268.164,36233.926
6822,2014-10-12 06:00:00,14449.469,15794.37,20054.525,15456.419,17268.164,36233.926
6823,2014-10-12 07:00:00,14449.469,15794.62,20054.525,15456.419,17268.164,36233.926
6824,2014-10-12 08:00:00,14449.469,15794.736,20054.525,15456.419,17268.164,36233.926
6825,2014-10-12 09:00:00,14449.469,15794.736,20054.525,15456.419,17268.164,36233.926
6826,2014-10-12 10:00:00,14449.469,15794.736,20054.525,15456.419,17268.164,36233.926
6827,2014-10-12 11:00:00,14449.469,15794.736,20054.525,15456.419,17268.164,36233.926
6828,2014-10-12 12:00:00,14449.469,15794.736,20054.525,15456.419,17268.164,36233.926
6829,2014-10-12 13:00:00,14449.469,15794.736,20054.525,15456.834,17268.164,36233.926
6830,2014-10-12 14:00:00,14449.469,15794.736,20054.525,15456.834,17268.164,36233.926
6831,2014-10-12 15:00:00,14449.469,15794.736,20054.525,15456.834,17268.164,36233.926
6832,2014-10-12 16:00:00,14449.469,15794.841,20054.525,15456.834,17268.164,36233.926
6833,2014-10-12 17:00:00,14449.469,15794.841,20054.525,15457.173,17268.164,36233.926
6834,2014-10-12 18:00:00,14449.469,15795.749,20054.525,15457.173,17268.164,36233.926
6835,2014-10-12 19:00:00,14449.469,15796.595,20054.525,15457.493,17268.164,36233.926
6836,2014-10-12 20:00:00,14449.469,15796.595,20054.525,15457.493,17268.164,36233.926
6837,2014-10-12 21:00:00,14449.469,15796.595,20054.525,15457.493,17268.164,36233.926
6838,2014-10-12 22:00:00,14449.469,15796.595,20054.525,15457.493,17268.164,36233.926
6839,2014-10-12 23:00:00,14449.469,15796.595,20054.525,15457.493,17268.164,36233.926
6840,2014-10-13 00:00:00,14449.469,15796.834,20054.525,15457.493,17268.164,36233.926
6841,2014-10-13 01:00:00,14449.469,15797.561,20054.525,15457.493,17268.164,36233.926
6842,2014-10-13 02:00:00,14449.472,15798.567,20054.525,15458.173,17268.164,36233.926
6843,2014-10-13 03:00:00,14449.893,15798.712,20054.525,15458.929,17268.164,36233.926
6844,2014-10-13 04:00:00,14450.471,15798.712,20054.525,15458.929,17268.164,36233.926
6845,2014-10-13 05:00:00,14450.471,15798.832,20054.525,15458.929,17268.164,36233.926
6846,2014-10-13 06:00:00,14450.471,15798.941,20054.525,15458.929,17269.34,36233.926
6847,2014-10-13 07:00:00,14450.471,15799.419,20054.988,15459.424,17270.0,36234.91
6848,2014-10-13 08:00:00,14450.814,15801.086,20055.455,15461.019,17270.158,36235.785
6849,2014-10-13 09:00:00,14452.5625,15801.106,20055.455,15461.616,17270.158,36237.3
6850,2014-10-13 10:00:00,14452.5625,15801.385,20055.455,15461.616,17270.379,36237.3
6851,2014-10-13 11:00:00,14452.846,15802.241,20055.455,15462.416,17270.412,36237.3
6852,2014-10-13 12:00:00,14453.439,15802.282,20055.455,15462.781,17270.412,36237.3
6853,2014-10-13 13:00:00,14453.489,15802.611,20055.455,15462.781,17270.412,36237.3
6854,2014-10-13 14:00:00,14453.489,15804.4,20055.455,15462.781,17270.412,36237.3
6855,2014-10-13 15:00:00,14453.489,15806.421,20055.455,15463.422,17270.412,36237.3
6856,2014-10-13 16:00:00,14453.489,15806.555,20055.586,15463.48,17270.412,36237.3
6857,2014-10-13 17:00:00,14453.489,15806.765,20056.86,15463.852,17270.412,36237.3
6858,2014-10-13 18:00:00,14453.489,15806.946,20057.846,15466.086,17270.412,36237.3
6859,2014-10-13 19:00:00,14453.489,15806.946,20057.846,15466.864,17270.791,36237.3
6860,2014-10-13 20:00:00,14453.489,15806.946,20057.846,15466.864,17270.791,36237.3
6861,2014-10-13 21:00:00,14453.489,15806.946,20057.846,15466.864,17272.18,36237.3
6862,2014-10-13 22:00:00,14453.489,15806.946,20057.846,15466.864,17272.291,36237.3
6863,2014-10-13 23:00:00,14453.489,15806.946,20057.846,15466.864,17272.291,36237.3
6864,2014-10-14 00:00:00,14453.489,15806.946,20057.846,15466.864,17272.291,36237.3
6865,2014-10-14 01:00:00,14453.489,15806.946,20057.846,15466.864,17272.291,36237.3
6866,2014-10-14 02:00:00,14453.489,15806.946,20057.846,15466.864,17272.291,36237.3
6867,2014-10-14 03:00:00,14453.489,15806.946,20057.846,15466.864,17272.291,36237.3
6868,2014-10-14 04:00:00,14453.489,15806.946,20057.846,15466.864,17272.291,36237.3
6869,2014-10-14 05:00:00,14453.489,15806.946,20057.846,15466.864,17272.291,36237.3
6870,2014-10-14 06:00:00,14453.489,15806.946,20057.846,15466.864,17272.291,36237.3
6871,2014-10-14 07:00:00,14453.489,15806.946,20057.846,15466.864,17272.291,36237.3
6872,2014-10-14 08:00:00,14453.489,15806.946,20057.846,15466.864,17272.291,36237.3
6873,2014-10-14 09:00:00,14453.489,15806.946,20057.846,15466.864,17272.291,36237.3
6874,2014-10-14 10:00:00,14453.489,15806.946,20057.846,15466.864,17272.291,36237.3
6875,2014-10-14 11:00:00,14453.489,15806.946,20057.846,15466.864,17272.291,36237.3
6876,2014-10-14 12:00:00,14453.489,15806.946,20057.846,15466.864,17272.291,36237.3
6877,2014-10-14 13:00:00,14453.489,15806.946,20057.846,15466.864,17272.291,36237.3
6878,2014-10-14 14:00:00,14453.489,15806.946,20057.846,15466.864,17272.291,36237.3
6879,2014-10-14 15:00:00,14453.489,15806.946,20057.846,15466.864,17272.291,36237.3
6880,2014-10-14 16:00:00,14453.489,15806.946,20057.846,15466.864,17272.291,36237.3
6881,2014-10-14 17:00:00,14453.489,15806.946,20057.846,15466.864,17272.291,36237.3
6882,2014-10-14 18:00:00,14453.489,15806.946,20057.846,15466.864,17272.291,36237.3
6883,2014-10-14 19:00:00,14453.489,15806.946,20057.846,15466.864,17272.291,36237.3
6884,2014-10-14 20:00:00,14453.489,15806.946,20057.846,15466.864,17272.291,36237.3
6885,2014-10-14 21:00:00,14453.489,15806.946,20057.846,15466.864,17272.291,36237.3
6886,2014-10-14 22:00:00,14453.489,15806.946,20057.846,15466.864,17272.291,36237.3
6887,2014-10-14 23:00:00,14453.489,15806.946,20057.846,15466.864,17272.291,36237.3
6888,2014-10-15 00:00:00,14453.489,15806.946,20057.846,15466.864,17272.291,36237.3
6889,2014-10-15 01:00:00,14453.489,15806.946,20057.846,15466.864,17272.291,36237.3
6890,2014-10-15 02:00:00,14453.489,15806.946,20057.846,15466.864,17272.291,36237.3
6891,2014-10-15 03:00:00,14453.489,15806.946,20057.846,15466.864,17272.291,36237.3
6892,2014-10-15 04:00:00,14453.489,15806.946,20057.846,15466.864,17272.291,36237.3
6893,2014-10-15 05:00:00,14453.489,15806.946,20057.846,15466.864,17272.291,36237.3
6894,2014-10-15 06:00:00,14453.489,15806.946,20057.846,15466.864,17272.291,36237.3
6895,2014-10-15 07:00:00,14453.489,15806.946,20057.846,15466.864,17272.291,36237.3
6896,2014-10-15 08:00:00,14453.489,15806.946,20057.846,15466.864,17272.291,36237.3
6897,2014-10-15 09:00:00,14453.489,15806.946,20057.846,15466.864,17272.291,36237.3
6898,2014-10-15 10:00:00,14453.489,15806.946,20057.846,15466.864,17272.291,36237.3
6899,2014-10-15 11:00:00,14453.489,15806.946,20057.846,15466.864,17272.291,36237.3
6900,2014-10-15 12:00:00,14453.489,15806.946,20057.846,15466.864,17272.291,36237.3
6901,2014-10-15 13:00:00,14453.489,15806.946,20057.846,15466.864,17272.291,36237.3
6902,2014-10-15 14:00:00,14453.489,15806.946,20057.846,15466.864,17272.291,36237.3
6903,2014-10-15 15:00:00,14453.489,15806.946,20057.846,15466.864,17272.291,36237.3
6904,2014-10-15 16:00:00,14453.489,15806.946,20057.846,15466.864,17272.291,36237.3
6905,2014-10-15 17:00:00,14453.489,15806.946,20057.846,15466.864,17272.291,36237.3
6906,2014-10-15 18:00:00,14453.489,15806.946,20057.846,15466.864,17272.291,36237.3
6907,2014-10-15 19:00:00,14453.489,15806.946,20057.846,15466.864,17272.291,36237.3
6908,2014-10-15 20:00:00,14453.489,15806.946,20057.846,15466.864,17272.291,36237.3
6909,2014-10-15 21:00:00,14453.489,15806.946,20057.846,15466.864,17272.291,36237.3
6910,2014-10-15 22:00:00,14453.489,15806.946,20057.846,15466.864,17272.291,36237.3
6911,2014-10-15 23:00:00,14453.489,15806.946,20057.846,15466.864,17272.291,36237.3
6912,2014-10-16 00:00:00,14453.489,15806.946,20057.846,15466.864,17272.291,36237.3
6913,2014-10-16 01:00:00,14453.489,15806.946,20057.846,15466.864,17272.291,36237.3
6914,2014-10-16 02:00:00,14453.489,15806.946,20057.846,15466.864,17272.291,36237.3
6915,2014-10-16 03:00:00,14453.489,15806.946,20057.846,15466.864,17272.291,36237.3
6916,2014-10-16 04:00:00,14453.489,15806.946,20057.846,15466.864,17272.291,36237.3
6917,2014-10-16 05:00:00,14453.489,15806.946,20057.846,15466.864,17272.291,36237.3
6918,2014-10-16 06:00:00,14453.489,15806.946,20057.846,15466.864,17272.291,36237.3
6919,2014-10-16 07:00:00,14453.489,15806.946,20057.846,15466.864,17272.291,36237.3
6920,2014-10-16 08:00:00,14453.489,15806.946,20057.846,15466.864,17272.291,36237.3
6921,2014-10-16 09:00:00,14453.489,15806.946,20057.846,15466.864,17272.291,36237.3
6922,2014-10-16 10:00:00,14453.489,15806.946,20057.846,15466.864,17272.291,36237.3
6923,2014-10-16 11:00:00,14453.489,15806.946,20057.846,15466.864,17272.291,36237.3
6924,2014-10-16 12:00:00,14453.489,15806.946,20057.846,15466.864,17272.291,36237.3
6925,2014-10-16 13:00:00,14453.489,15806.946,20057.846,15466.864,17272.291,36237.3
6926,2014-10-16 14:00:00,14453.489,15806.946,20057.846,15466.864,17272.291,36237.3
6927,2014-10-16 15:00:00,14453.489,15806.946,20057.846,15466.864,17272.291,36237.3
6928,2014-10-16 16:00:00,14453.489,15806.946,20057.846,15466.864,17272.291,36237.3
6929,2014-10-16 17:00:00,14453.489,15806.946,20057.846,15466.864,17272.291,36237.3
6930,2014-10-16 18:00:00,14453.489,15806.946,20057.846,15466.864,17272.291,36237.3
6931,2014-10-16 19:00:00,14453.489,15806.946,20057.846,15466.864,17272.291,36237.3
6932,2014-10-16 20:00:00,14453.489,15806.946,20057.846,15466.864,17272.291,36237.3
6933,2014-10-16 21:00:00,14453.489,15806.946,20057.846,15466.864,17272.291,36237.3
6934,2014-10-16 22:00:00,14453.489,15806.946,20057.846,15466.864,17272.291,36237.3
6935,2014-10-16 23:00:00,14453.489,15806.946,20057.846,15466.864,17272.291,36237.3
6936,2014-10-17 00:00:00,14453.489,15806.946,20057.846,15466.864,17272.291,36237.3
6937,2014-10-17 01:00:00,14453.489,15806.946,20057.846,15466.864,17272.291,36237.3
6938,2014-10-17 02:00:00,14453.489,15806.946,20057.846,15466.864,17272.291,36237.3
6939,2014-10-17 03:00:00,14453.489,15806.946,20057.846,15466.864,17272.291,36237.3
6940,2014-10-17 04:00:00,14453.489,15806.946,20057.846,15466.864,17272.291,36237.3
6941,2014-10-17 05:00:00,14453.489,15806.946,20057.846,15466.864,17272.291,36237.3
6942,2014-10-17 06:00:00,14453.489,15806.946,20057.846,15466.864,17272.291,36237.3
6943,2014-10-17 07:00:00,14453.489,15806.946,20057.846,15466.864,17272.291,36237.3
6944,2014-10-17 08:00:00,14453.489,15806.946,20057.846,15466.864,17272.291,36237.3
6945,2014-10-17 09:00:00,14453.489,15806.946,20057.846,15466.864,17272.291,36237.3
6946,2014-10-17 10:00:00,14453.489,15806.946,20057.846,15466.864,17272.291,36237.3
6947,2014-10-17 11:00:00,14453.489,15806.946,20057.846,15466.864,17272.291,36237.3
6948,2014-10-17 12:00:00,14453.489,15806.946,20057.846,15466.864,17272.291,36237.3
6949,2014-10-17 13:00:00,14453.489,15806.946,20057.846,15466.864,17272.291,36237.3
6950,2014-10-17 14:00:00,14453.489,15806.946,20057.846,15466.864,17272.291,36237.3
6951,2014-10-17 15:00:00,14453.489,15806.946,20057.846,15466.864,17272.291,36237.3
6952,2014-10-17 16:00:00,14453.489,15806.946,20057.846,15466.864,17272.291,36237.3
6953,2014-10-17 17:00:00,14453.489,15806.946,20057.846,15466.864,17272.291,36237.3
6954,2014-10-17 18:00:00,14453.489,15806.946,20057.846,15466.864,17272.291,36237.3
6955,2014-10-17 19:00:00,14453.489,15806.946,20057.846,15466.864,17272.291,36237.3
6956,2014-10-17 20:00:00,14453.489,15806.946,20057.846,15466.864,17272.291,36237.3
6957,2014-10-17 21:00:00,14453.489,15806.946,20057.846,15466.864,17272.291,36237.3
6958,2014-10-17 22:00:00,14453.489,15806.946,20057.846,15466.864,17272.291,36237.3
6959,2014-10-17 23:00:00,14453.489,15806.946,20057.846,15466.864,17272.291,36237.3
6960,2014-10-18 00:00:00,14473.684,15835.31,20065.803,15488.969,17292.002,36255.64
6961,2014-10-18 01:00:00,14453.489,15806.946,20057.846,15466.864,17272.291,36237.3
6962,2014-10-18 02:00:00,14453.489,15806.946,20057.846,15466.864,17272.291,36237.3
6963,2014-10-18 03:00:00,14453.489,15806.946,20057.846,15466.864,17272.291,36237.3
6964,2014-10-18 04:00:00,14453.489,15806.946,20057.846,15466.864,17272.291,36237.3
6965,2014-10-18 05:00:00,14453.489,15806.946,20057.846,15466.864,17272.291,36237.3
6966,2014-10-18 06:00:00,14453.489,15806.946,20057.846,15466.864,17272.291,36237.3
6967,2014-10-18 07:00:00,14453.489,15806.946,20057.846,15466.864,17272.291,36237.3
6968,2014-10-18 08:00:00,14453.489,15806.946,20057.846,15466.864,17272.291,36237.3
6969,2014-10-18 09:00:00,14453.489,15806.946,20057.846,15466.864,17272.291,36237.3
6970,2014-10-18 10:00:00,14453.489,15806.946,20057.846,15466.864,17272.291,36237.3
6971,2014-10-18 11:00:00,14453.489,15806.946,20057.846,15466.864,17272.291,36237.3
6972,2014-10-18 12:00:00,14453.489,15806.946,20057.846,15466.864,17272.291,36237.3
6973,2014-10-18 13:00:00,14453.489,15807.395,20057.846,15467.009,17272.291,36237.3
6974,2014-10-18 14:00:00,14453.819,15808.21,20058.303,15468.117,17273.72,36237.332
6975,2014-10-18 15:00:00,14455.423,15810.252,20059.62,15470.06,17275.182,36239.754
6976,2014-10-18 16:00:00,14457.026,15814.049,20060.98,15472.4795,17280.19,36244.215
6977,2014-10-18 17:00:00,14461.41,15819.358,20062.027,15476.106,17284.713,36248.047
6978,2014-10-18 18:00:00,14465.247,15825.439,20062.594,15480.513,17288.232,36251.32
6979,2014-10-18 19:00:00,14466.731,15829.683,20065.574,15482.888,17292.002,36253.094
6980,2014-10-18 20:00:00,14471.474,15833.432,20065.744,15488.301,17292.002,36255.42
6981,2014-10-18 21:00:00,14472.186,15834.008,20065.803,15488.593,17292.002,36255.64
6982,2014-10-18 22:00:00,14472.376,15834.456,20065.803,15488.593,17292.002,36255.64
6983,2014-10-18 23:00:00,14473.195,15834.731,20065.803,15488.638,17292.002,36255.64
6984,2014-10-19 00:00:00,14477.045,15837.223,20065.803,15489.375,17292.002,36255.64
6985,2014-10-19 01:00:00,14477.613,15837.531,20065.803,15489.513,17292.002,36255.64
6986,2014-10-19 02:00:00,14477.683,15837.531,20065.803,15489.513,17292.002,36255.64
6987,2014-10-19 03:00:00,14477.683,15837.582,20065.803,15489.513,17292.002,36255.64
6988,2014-10-19 04:00:00,14477.683,15837.582,20065.803,15489.513,17292.002,36255.64
6989,2014-10-19 05:00:00,14477.683,15837.582,20065.803,15489.513,17292.002,36255.64
6990,2014-10-19 06:00:00,14477.683,15837.582,20065.803,15489.513,17292.002,36255.64
6991,2014-10-19 07:00:00,14477.721,15837.582,20065.803,15489.513,17292.002,36255.64
6992,2014-10-19 08:00:00,14477.721,15837.613,20066.018,15489.513,17292.002,36255.64
6993,2014-10-19 09:00:00,14477.721,15837.718,20066.018,15489.635,17292.002,36255.64
6994,2014-10-19 10:00:00,14477.861,15838.162,20066.018,15489.64,17292.002,36255.64
6995,2014-10-19 11:00:00,14477.906,15838.394,20066.018,15489.64,17292.002,36255.64
6996,2014-10-19 12:00:00,14477.982,15838.578,20066.018,15489.669,17292.002,36255.64
6997,2014-10-19 13:00:00,14478.051,15838.799,20066.018,15489.697,17292.002,36255.96
6998,2014-10-19 14:00:00,14479.372,15839.004,20066.018,15491.229,17292.002,36256.18
6999,2014-10-19 15:00:00,14480.349,15839.962,20066.287,15492.13,17292.002,36256.21
7000,2014-10-19 16:00:00,14480.635,15841.462,20066.287,15493.078,17292.002,36256.445
7001,2014-10-19 17:00:00,14481.174,15843.337,20066.975,15494.124,17292.787,36257.85
7002,2014-10-19 18:00:00,14482.796,15844.301,20068.92,15495.016,17292.826,36259.113
7003,2014-10-19 19:00:00,14483.899,15844.706,20069.295,15495.459,17292.826,36259.383
7004,2014-10-19 20:00:00,14484.611,15845.047,20070.24,15495.645,17292.826,36259.383
7005,2014-10-19 21:00:00,14484.611,15845.378,20070.242,15495.645,17293.355,36259.676
7006,2014-10-19 22:00:00,14484.611,15846.657,20070.543,15495.751,17293.443,36259.676
7007,2014-10-19 23:00:00,14485.069,15847.032,20071.473,15496.305,17293.443,36259.676
7008,2014-10-20 00:00:00,14485.772,15847.726,20072.93,15497.16,17293.443,36259.676
7009,2014-10-20 01:00:00,14486.837,15848.636,20072.93,15498.306,17293.86,36259.676
7010,2014-10-20 02:00:00,14487.721,15850.136,20073.197,15499.247,17294.445,36259.676
7011,2014-10-20 03:00:00,14488.504,15850.616,20073.197,15499.897,17295.592,36259.676
7012,2014-10-20 04:00:00,14488.693,15850.678,20073.549,15499.897,17296.066,36260.242
7013,2014-10-20 05:00:00,14489.201,15851.373,20073.836,15499.897,17296.066,36260.242
7014,2014-10-20 06:00:00,14489.201,15851.373,20073.844,15499.961,17296.125,36260.5
7015,2014-10-20 07:00:00,14489.201,15851.373,20073.844,15499.961,17296.203,36260.5
7016,2014-10-20 08:00:00,14489.201,15853.066,20074.545,15500.082,17296.203,36262.71
7017,2014-10-20 09:00:00,14489.851,15853.237,20074.545,15500.134,17296.203,36262.945
7018,2014-10-20 10:00:00,14489.851,15853.237,20074.545,15500.356,17296.225,36262.945
7019,2014-10-20 11:00:00,14489.851,15853.266,20075.059,15500.543,17296.764,36262.945
7020,2014-10-20 12:00:00,14489.904,15853.266,20076.65,15500.543,17299.123,36263.742
7021,2014-10-20 13:00:00,14489.904,15853.46,20077.588,15500.543,17301.957,36264.35
7022,2014-10-20 14:00:00,14490.302,15853.654,20078.451,15500.684,17302.416,36269.387
7023,2014-10-20 15:00:00,14490.725,15853.654,20079.23,15500.747,17302.824,36270.367
7024,2014-10-20 16:00:00,14490.725,15853.654,20079.23,15500.747,17303.158,36270.367
7025,2014-10-20 17:00:00,14490.725,15853.654,20079.23,15500.747,17304.088,36270.367
7026,2014-10-20 18:00:00,14490.725,15853.654,20079.23,15500.747,17304.828,36270.367
7027,2014-10-20 19:00:00,14490.725,15853.654,20079.23,15500.747,17304.994,36270.367
7028,2014-10-20 20:00:00,14490.725,15854.528,20079.23,15500.747,17305.06,36270.367
7029,2014-10-20 21:00:00,14490.725,15854.562,20079.23,15500.747,17305.06,36270.367
7030,2014-10-20 22:00:00,14490.725,15854.562,20079.23,15500.747,17305.06,36270.367
7031,2014-10-20 23:00:00,14490.725,15854.562,20079.23,15500.747,17305.06,36270.367
7032,2014-10-21 00:00:00,14490.725,15854.562,20079.23,15500.747,17305.06,36270.367
7033,2014-10-21 01:00:00,14490.725,15854.562,20079.23,15500.747,17305.06,36270.367
7034,2014-10-21 02:00:00,14490.725,15854.562,20079.23,15500.747,17305.06,36270.367
7035,2014-10-21 03:00:00,14490.725,15854.562,20079.23,15500.747,17305.06,36270.367
7036,2014-10-21 04:00:00,14490.725,15854.562,20079.23,15500.747,17305.06,36270.367
7037,2014-10-21 05:00:00,14490.725,15854.562,20079.23,15500.747,17305.06,36270.367
7038,2014-10-21 06:00:00,14490.725,15854.562,20079.23,15500.747,17305.06,36270.367
7039,2014-10-21 07:00:00,14490.725,15854.562,20079.23,15500.747,17305.06,36270.367
7040,2014-10-21 08:00:00,14490.725,15854.562,20079.23,15500.747,17305.06,36270.367
7041,2014-10-21 09:00:00,14490.725,15854.562,20079.23,15500.747,17305.06,36270.367
7042,2014-10-21 10:00:00,14490.725,15854.562,20079.23,15500.747,17305.06,36270.367
7043,2014-10-21 11:00:00,14490.725,15854.864,20079.23,15500.747,17305.06,36270.367
7044,2014-10-21 12:00:00,14490.725,15855.606,20079.23,15500.747,17305.06,36270.367
7045,2014-10-21 13:00:00,14490.725,15856.872,20079.23,15500.747,17305.06,36270.367
7046,2014-10-21 14:00:00,14491.018,15859.117,20079.23,15500.747,17305.06,36270.367
7047,2014-10-21 15:00:00,14491.659,15859.92,20079.23,15500.747,17305.06,36270.367
7048,2014-10-21 16:00:00,14491.659,15861.5205,20079.23,15500.747,17305.06,36270.367
7049,2014-10-21 17:00:00,14492.068,15863.37,20079.23,15500.747,17305.06,36270.367
7050,2014-10-21 18:00:00,14493.393,15866.08,20079.23,15501.451,17305.06,36270.367
7051,2014-10-21 19:00:00,14494.649,15868.793,20079.23,15502.663,17305.06,36270.367
7052,2014-10-21 20:00:00,14495.664,15871.562,20080.205,15504.0205,17305.06,36270.367
7053,2014-10-21 21:00:00,14496.588,15873.626,20082.053,15504.932,17305.06,36270.367
7054,2014-10-21 22:00:00,14497.492,15874.967,20083.242,15505.788,17305.06,36270.367
7055,2014-10-21 23:00:00,14498.375,15875.85,20083.242,15506.671,17305.06,36270.367
7056,2014-10-22 00:00:00,14507.715,15891.017,20083.242,15516.033,17305.06,36285.953
7057,2014-10-22 01:00:00,14508.479,15891.78,20083.242,15516.797,17305.06,36285.953
7058,2014-10-22 02:00:00,14509.225,15892.946,20083.242,15517.55,17305.06,36285.953
7059,2014-10-22 03:00:00,14509.91,15893.787,20083.242,15518.452,17305.06,36285.953
7060,2014-10-22 04:00:00,14510.359,15894.073,20083.242,15519.223,17305.06,36285.953
7061,2014-10-22 05:00:00,14510.359,15894.073,20083.242,15519.223,17305.06,36285.953
7062,2014-10-22 06:00:00,14510.649,15894.073,20083.242,15519.223,17305.06,36285.953
7063,2014-10-22 07:00:00,14510.86,15894.073,20083.242,15519.223,17305.06,36285.953
7064,2014-10-22 08:00:00,14510.86,15894.073,20083.242,15519.223,17305.06,36285.953
7065,2014-10-22 09:00:00,14510.86,15894.073,20083.242,15519.223,17305.06,36285.953
7066,2014-10-22 10:00:00,14510.86,15894.073,20083.242,15519.288,17305.06,36285.953
7067,2014-10-22 11:00:00,14511.243,15894.078,20083.242,15520.737,17305.06,36285.953
7068,2014-10-22 12:00:00,14499.21,15876.685,20083.242,15507.506,17305.06,36270.367
7069,2014-10-22 13:00:00,14500.024,15877.499,20083.242,15508.12,17305.06,36270.367
7070,2014-10-22 14:00:00,14500.779,15878.72,20083.242,15508.3955,17305.06,36270.54
7071,2014-10-22 15:00:00,14501.492,15880.1455,20083.242,15509.108,17305.06,36273.39
7072,2014-10-22 16:00:00,14502.231,15881.6,20083.242,15509.848,17305.06,36276.168
7073,2014-10-22 17:00:00,14502.95,15882.318,20083.242,15510.876,17305.06,36279.043
7074,2014-10-22 18:00:00,14503.702,15883.775,20083.242,15511.628,17305.06,36280.59
7075,2014-10-22 19:00:00,14504.562,15886.733,20083.242,15512.487,17305.06,36283.457
7076,2014-10-22 20:00:00,14505.501,15889.033,20083.242,15513.532,17305.06,36285.953
7077,2014-10-22 21:00:00,14506.927,15890.11,20083.242,15514.997,17305.06,36285.953
7078,2014-10-22 22:00:00,14510.86,15894.073,20083.242,15519.223,17305.06,36285.953
7079,2014-10-22 23:00:00,14510.86,15894.073,20083.242,15519.223,17305.06,36285.953
7080,2014-10-23 00:00:00,14512.067,15894.078,20083.242,15521.253,17305.06,36286.88
7081,2014-10-23 01:00:00,14512.519,15894.393,20083.242,15522.024,17305.06,36286.88
7082,2014-10-23 02:00:00,14513.262,15896.215,20083.516,15523.327,17306.443,36288.547
7083,2014-10-23 03:00:00,14515.294,15898.01,20087.957,15525.731,17308.326,36292.09
7084,2014-10-23 04:00:00,14516.936,15899.834,20090.898,15528.5205,17308.602,36295.74
7085,2014-10-23 05:00:00,14519.75,15900.793,20090.898,15532.77,17308.602,36297.883
7086,2014-10-23 06:00:00,14523.549,15901.847,20090.898,15533.56,17308.602,36298.387
7087,2014-10-23 07:00:00,14527.049,15903.093,20091.314,15534.673,17308.602,36300.113
7088,2014-10-23 08:00:00,14530.055,15906.396,20091.434,15538.927,17309.414,36301.86
7089,2014-10-23 09:00:00,14530.926,15908.832,20092.15,15540.5,17310.469,36302.656
7090,2014-10-23 10:00:00,14531.832,15911.979,20092.512,15543.042,17310.504,36306.758
7091,2014-10-23 11:00:00,14532.994,15913.98,20093.4,15545.183,17310.744,36309.98
7092,2014-10-23 12:00:00,14534.343,15914.824,20094.701,15545.772,17310.744,36311.586
7093,2014-10-23 13:00:00,14534.476,15915.107,20095.45,15546.024,17311.234,36313.426
7094,2014-10-23 14:00:00,14534.534,15915.209,20097.498,15546.202,17311.44,36314.926
7095,2014-10-23 15:00:00,14534.597,15915.411,20097.926,15546.222,17311.44,36317.797
7096,2014-10-23 16:00:00,14535.942,15918.581,20097.926,15549.458,17311.848,36321.527
7097,2014-10-23 17:00:00,14536.672,15921.312,20098.494,15552.086,17313.307,36324.26
7098,2014-10-23 18:00:00,14538.323,15923.857,20099.344,15555.474,17314.88,36327.41
7099,2014-10-23 19:00:00,14540.589,15926.485,20099.623,15558.32,17317.057,36330.574
7100,2014-10-23 20:00:00,14528.256,15903.206,20091.314,15535.368,17308.686,36300.113
7101,2014-10-23 21:00:00,14529.251,15904.74,20091.314,15537.246,17308.686,36301.08
7102,2014-10-23 22:00:00,14534.798,15915.78,20097.926,15546.96,17311.44,36318.918
7103,2014-10-23 23:00:00,14535.171,15916.906,20097.926,15547.8955,17311.44,36320.715
7104,2014-10-24 00:00:00,14542.988,15929.073,20101.223,15562.014,17320.13,36333.773
7105,2014-10-24 01:00:00,14545.193,15932.376,20103.205,15565.32,17322.863,36336.82
7106,2014-10-24 02:00:00,14548.116,15935.435,20105.57,15569.665,17326.475,36340.133
7107,2014-10-24 03:00:00,14549.868,15938.543,20107.19,15574.201,17328.42,36343.152
7108,2014-10-24 04:00:00,14554.211,15941.461,20114.77,15579.504,17330.744,36346.05
7109,2014-10-24 05:00:00,14552.942,15940.685,20108.186,15578.053,17329.426,36345.79
7110,2014-10-24 06:00:00,14553.965,15941.141,20112.732,15578.828,17330.5,36345.79
7111,2014-10-24 07:00:00,14554.211,15942.538,20114.77,15580.39,17330.744,36346.05
7112,2014-10-24 08:00:00,14554.211,15942.618,20114.77,15580.504,17330.744,36346.05
7113,2014-10-24 09:00:00,14554.3125,15942.891,20115.113,15580.878,17330.744,36346.05
7114,2014-10-24 10:00:00,14554.422,15943.878,20115.549,15581.912,17330.744,36346.793
7115,2014-10-24 11:00:00,14554.604,15943.878,20115.549,15582.0205,17330.744,36346.793
7116,2014-10-24 12:00:00,14554.604,15943.878,20115.549,15582.0205,17330.744,36346.793
7117,2014-10-24 13:00:00,14554.667,15944.485,20115.758,15582.175,17330.744,36346.793
7118,2014-10-24 14:00:00,14554.992,15944.605,20116.244,15582.234,17330.744,36346.816
7119,2014-10-24 15:00:00,14554.992,15944.605,20116.244,15582.234,17330.744,36346.816
7120,2014-10-24 16:00:00,14554.992,15944.642,20116.244,15582.234,17330.744,36346.816
7121,2014-10-24 17:00:00,14554.992,15944.642,20116.244,15582.234,17330.744,36346.816
7122,2014-10-24 18:00:00,14554.992,15944.642,20116.244,15582.234,17330.744,36346.816
7123,2014-10-24 19:00:00,14554.992,15944.642,20116.244,15582.234,17330.744,36346.816
7124,2014-10-24 20:00:00,14554.992,15944.642,20116.244,15582.234,17330.744,36346.816
7125,2014-10-24 21:00:00,14554.992,15944.642,20116.244,15582.234,17330.744,36346.816
7126,2014-10-24 22:00:00,14554.992,15944.642,20116.244,15582.234,17330.936,36347.438
7127,2014-10-24 23:00:00,14555.9,15945.9,20117.434,15583.179,17330.936,36347.98
7128,2014-10-25 00:00:00,14556.455,15947.052,20119.773,15583.93,17331.166,36350.66
7129,2014-10-25 01:00:00,14556.903,15947.949,20121.578,15585.391,17331.166,36351.777
7130,2014-10-25 02:00:00,14557.022,15947.956,20122.086,15585.651,17331.166,36351.777
7131,2014-10-25 03:00:00,14557.14,15947.956,20122.086,15585.651,17331.166,36351.777
7132,2014-10-25 04:00:00,14557.14,15947.956,20122.086,15585.651,17331.166,36351.777
7133,2014-10-25 05:00:00,14557.14,15947.956,20122.086,15585.651,17331.166,36351.992
7134,2014-10-25 06:00:00,14557.14,15947.956,20122.086,15585.651,17331.629,36351.992
7135,2014-10-25 07:00:00,14557.286,15948.323,20122.41,15585.722,17332.69,36354.035
7136,2014-10-25 08:00:00,14557.4375,15948.42,20122.45,15585.793,17332.69,36354.863
7137,2014-10-25 09:00:00,14557.693,15948.42,20122.566,15586.029,17332.814,36355.766
7138,2014-10-25 10:00:00,14558.116,15948.814,20123.02,15586.287,17333.064,36356.203
7139,2014-10-25 11:00:00,14558.684,15949.264,20124.928,15586.703,17333.064,36357.363
7140,2014-10-25 12:00:00,14559.598,15949.265,20125.086,15587.1875,17333.064,36357.81
7141,2014-10-25 13:00:00,14560.444,15950.465,20125.145,15588.915,17333.064,36361.125
7142,2014-10-25 14:00:00,14561.691,15952.135,20126.607,15590.163,17333.22,36364.87
7143,2014-10-25 15:00:00,14563.305,15953.609,20129.002,15590.906,17333.406,36368.785
7144,2014-10-25 16:00:00,14564.778,15953.686,20129.973,15591.377,17334.076,36373.938
7145,2014-10-25 17:00:00,14567.061,15954.368,20131.078,15592.639,17335.79,36377.586
7146,2014-10-25 18:00:00,14568.783,15954.368,20132.104,15593.302,17336.84,36381.613
7147,2014-10-25 19:00:00,14569.2,15954.368,20132.326,15593.302,17337.14,36385.59
7148,2014-10-25 20:00:00,14569.318,15954.562,20132.898,15593.302,17337.246,36390.01
7149,2014-10-25 21:00:00,14569.52,15955.785,20133.059,15593.302,17337.246,36393.73
7150,2014-10-25 22:00:00,14569.812,15955.785,20133.059,15593.428,17337.246,36394.414
7151,2014-10-25 23:00:00,14569.812,15956.2705,20133.059,15593.428,17337.568,36394.414
7152,2014-10-26 00:00:00,14570.164,15956.3955,20134.01,15593.613,17338.604,36394.543
7153,2014-10-26 01:00:00,14570.228,15956.715,20135.812,15594.395,17339.443,36396.637
7154,2014-10-26 02:00:00,14570.658,15956.715,20140.717,15595.4795,17340.033,36397.727
7155,2014-10-26 03:00:00,14572.587,15960.736,20144.791,15597.133,17341.625,36397.727
7156,2014-10-26 04:00:00,14574.498,15961.153,20152.654,15602.633,17343.861,36404.91
7157,2014-10-26 05:00:00,14574.978,15961.153,20153.959,15603.141,17345.613,36409.1
7158,2014-10-26 06:00:00,14575.954,15961.223,20157.49,15604.084,17347.639,36414.453
7159,2014-10-26 07:00:00,14577.764,15961.359,20159.21,15605.205,17349.828,36420.203
7160,2014-10-26 08:00:00,14581.428,15962.728,20164.686,15608.714,17351.729,36425.164
7161,2014-10-26 09:00:00,14582.793,15962.991,20169.578,15611.055,17356.44,36429.875
7162,2014-10-26 10:00:00,14584.507,15965.247,20173.959,15613.032,17359.686,36432.598
7163,2014-10-26 11:00:00,14588.422,15969.92,20177.926,15618.937,17361.04,36436.855
7164,2014-10-26 12:00:00,14590.651,15971.03,20178.47,15621.114,17361.182,36441.79
7165,2014-10-26 13:00:00,14592.002,15971.976,20178.47,15622.505,17361.182,36447.094
7166,2014-10-26 14:00:00,14592.915,15972.87,20178.934,15624.079,17362.12,36448.15
7167,2014-10-26 15:00:00,14593.818,15973.361,20180.24,15626.646,17362.178,36453.11
7168,2014-10-26 16:00:00,14595.015,15973.515,20184.781,15627.045,17363.145,36458.016
7169,2014-10-26 17:00:00,14596.071,15973.814,20189.014,15627.621,17365.203,36458.637
7170,2014-10-26 18:00:00,14596.136,15975.677,20189.547,15627.621,17365.203,36458.637
7171,2014-10-26 19:00:00,14596.201,15975.794,20189.547,15630.984,17365.203,36459.227
7172,2014-10-26 20:00:00,14598.174,15979.114,20189.547,15636.99,17365.203,36460.727
7173,2014-10-26 21:00:00,14601.195,15981.827,20193.428,15640.757,17367.398,36464.387
7174,2014-10-26 22:00:00,14605.348,15983.684,20201.633,15644.361,17370.186,36470.613
7175,2014-10-26 23:00:00,14607.587,15986.112,20205.393,15646.901,17371.818,36475.12
7176,2014-10-27 00:00:00,14609.178,15990.503,20217.416,15653.99,17377.152,36484.45
7177,2014-10-27 01:00:00,14609.334,15990.872,20218.338,15654.095,17377.152,36484.45
7178,2014-10-27 02:00:00,14609.334,15991.017,20219.07,15654.095,17377.342,36484.45
7179,2014-10-27 03:00:00,14609.334,15991.123,20219.07,15654.095,17377.342,36484.45
7180,2014-10-27 04:00:00,14609.548,15992.063,20220.035,15654.501,17377.402,36484.82
7181,2014-10-27 05:00:00,14609.77,15992.734,20222.719,15655.052,17378.504,36486.465
7182,2014-10-27 06:00:00,14609.77,15993.469,20224.53,15655.052,17379.947,36486.465
7183,2014-10-27 07:00:00,14610.212,15994.711,20225.84,15655.611,17380.65,36487.42
7184,2014-10-27 08:00:00,14614.462,16003.513,20239.707,15662.489,17385.756,36496.79
7185,2014-10-27 09:00:00,14616.446,16006.59,20245.83,15665.898,17387.797,36500.8
7186,2014-10-27 10:00:00,14618.895,16008.402,20251.44,15668.723,17389.41,36506.72
7187,2014-10-27 11:00:00,14621.684,16010.8,20256.35,15671.53,17390.428,36513.543
7188,2014-10-27 12:00:00,14608.35,15987.817,20208.156,15649.613,17373.855,36477.562
7189,2014-10-27 13:00:00,14608.478,15988.879,20209.709,15650.49,17374.324,36480.285
7190,2014-10-27 14:00:00,14608.575,15989.2705,20211.74,15651.051,17374.527,36481.906
7191,2014-10-27 15:00:00,14608.575,15989.322,20211.902,15651.341,17374.617,36483.566
7192,2014-10-27 16:00:00,14609.178,15989.355,20211.938,15651.63,17374.617,36483.773
7193,2014-10-27 17:00:00,14609.178,15989.355,20212.066,15651.63,17374.617,36483.773
7194,2014-10-27 18:00:00,14609.178,15989.355,20214.68,15651.63,17375.287,36484.28
7195,2014-10-27 19:00:00,14609.178,15990.332,20215.604,15652.777,17376.63,36484.28
7196,2014-10-27 20:00:00,14609.178,15990.332,20216.904,15653.706,17377.152,36484.28
7197,2014-10-27 21:00:00,14609.178,15990.332,20217.05,15653.706,17377.152,36484.45
7198,2014-10-27 22:00:00,14611.058,15996.593,20228.08,15657.067,17382.197,36490.09
7199,2014-10-27 23:00:00,14612.6,15999.124,20233.053,15659.071,17383.71,36493.06
7200,2014-10-28 00:00:00,14665.365,16050.165,20337.227,15728.808,17429.473,36580.34
7201,2014-10-28 01:00:00,14665.483,16050.673,20337.412,15728.91,17429.867,36580.34
7202,2014-10-28 02:00:00,14665.483,16050.804,20338.45,15728.999,17432.227,36582.27
7203,2014-10-28 03:00:00,14665.483,16050.804,20338.986,15729.004,17432.43,36582.742
7204,2014-10-28 04:00:00,14665.483,16050.804,20338.986,15729.004,17432.809,36582.742
7205,2014-10-28 05:00:00,14665.483,16050.804,20339.14,15729.01,17432.809,36583.0
7206,2014-10-28 06:00:00,14623.731,16012.665,20260.375,15673.924,17392.3,36518.48
7207,2014-10-28 07:00:00,14625.748,16014.069,20264.031,15676.666,17392.559,36525.793
7208,2014-10-28 08:00:00,14628.025,16015.019,20267.367,15679.42,17393.307,36532.11
7209,2014-10-28 09:00:00,14629.511,16016.633,20271.096,15682.487,17394.436,36538.574
7210,2014-10-28 10:00:00,14631.205,16019.243,20276.88,15686.1455,17396.29,36541.375
7211,2014-10-28 11:00:00,14633.108,16022.314,20283.025,15689.352,17398.445,36544.28
7212,2014-10-28 12:00:00,14635.536,16026.063,20289.402,15692.24,17400.342,36547.03
7213,2014-10-28 13:00:00,14639.298,16029.676,20296.617,15695.354,17403.676,36553.11
7214,2014-10-28 14:00:00,14651.912,16040.664,20315.332,15708.707,17411.488,36564.293
7215,2014-10-28 15:00:00,14655.829,16043.569,20322.355,15713.914,17413.523,36567.656
7216,2014-10-28 16:00:00,14658.83,16045.694,20328.562,15718.445,17415.133,36570.68
7217,2014-10-28 17:00:00,14661.758,16047.849,20332.863,15722.532,17416.844,36573.19
7218,2014-10-28 18:00:00,14663.862,16049.241,20334.455,15726.511,17423.197,36576.258
7219,2014-10-28 19:00:00,14664.531,16050.028,20336.031,15728.745,17427.78,36578.625
7220,2014-10-28 20:00:00,14664.79,16050.055,20337.191,15728.808,17429.473,36580.34
7221,2014-10-28 21:00:00,14642.985,16033.598,20302.557,15698.922,17406.498,36556.18
7222,2014-10-28 22:00:00,14647.741,16036.963,20308.54,15703.561,17408.627,36560.11
7223,2014-10-28 23:00:00,14665.483,16050.643,20337.227,15728.9,17429.568,36580.34
7224,2014-10-29 00:00:00,14665.483,16051.064,20339.14,15729.166,17433.63,36586.156
7225,2014-10-29 01:00:00,14665.483,16051.064,20339.625,15729.166,17433.63,36587.26
7226,2014-10-29 02:00:00,14665.858,16051.22,20343.635,15729.166,17433.688,36592.902
7227,2014-10-29 03:00:00,14666.27,16051.22,20344.182,15729.166,17435.398,36594.16
7228,2014-10-29 04:00:00,14666.534,16053.001,20344.182,15729.635,17436.438,36595.035
7229,2014-10-29 05:00:00,14666.534,16056.251,20344.182,15731.668,17436.824,36595.035
7230,2014-10-29 06:00:00,14666.534,16056.251,20344.182,15731.668,17437.115,36595.035
7231,2014-10-29 07:00:00,14666.534,16057.908,20344.467,15731.881,17437.676,36595.285
7232,2014-10-29 08:00:00,14666.534,16058.306,20345.205,15731.923,17440.3,36597.586
7233,2014-10-29 09:00:00,14666.686,16059.085,20346.031,15732.228,17441.717,36598.965
7234,2014-10-29 10:00:00,14667.33,16061.301,20346.69,15732.496,17442.51,36601.266
7235,2014-10-29 11:00:00,14667.671,16061.784,20348.61,15733.3125,17442.51,36604.22
7236,2014-10-29 12:00:00,14667.85,16065.633,20351.24,15733.501,17442.553,36606.473
7237,2014-10-29 13:00:00,14667.886,16065.933,20352.074,15733.501,17442.553,36608.46
7238,2014-10-29 14:00:00,14667.886,16065.933,20352.97,15733.501,17443.74,36608.87
7239,2014-10-29 15:00:00,14667.886,16068.313,20353.775,15733.896,17445.043,36610.113
7240,2014-10-29 16:00:00,14667.886,16068.87,20353.775,15734.116,17445.666,36612.473
7241,2014-10-29 17:00:00,14668.026,16068.87,20353.775,15734.116,17445.666,36612.547
7242,2014-10-29 18:00:00,14668.026,16069.397,20354.219,15734.209,17446.672,36613.867
7243,2014-10-29 19:00:00,14668.371,16070.635,20355.629,15734.474,17446.896,36615.93
7244,2014-10-29 20:00:00,14668.438,16070.635,20355.629,15734.474,17446.896,36615.93
7245,2014-10-29 21:00:00,14668.438,16071.742,20355.877,15735.126,17447.766,36616.574
7246,2014-10-29 22:00:00,14668.438,16071.742,20355.877,15735.126,17447.766,36616.574
7247,2014-10-29 23:00:00,14665.483,16050.804,20339.14,15729.01,17433.006,36583.93
7248,2014-10-30 00:00:00,14668.438,16071.817,20355.877,15735.126,17449.227,36617.098
7249,2014-10-30 01:00:00,14668.438,16072.482,20355.877,15735.154,17449.77,36617.81
7250,2014-10-30 02:00:00,14668.438,16072.482,20355.895,15735.154,17449.77,36617.81
7251,2014-10-30 03:00:00,14668.438,16072.525,20356.04,15735.154,17450.451,36618.246
7252,2014-10-30 04:00:00,14668.438,16072.525,20356.04,15735.154,17450.451,36618.246
7253,2014-10-30 05:00:00,14668.438,16072.525,20356.04,15735.154,17450.451,36618.246
7254,2014-10-30 06:00:00,14668.438,16072.525,20356.04,15735.154,17450.451,36618.246
7255,2014-10-30 07:00:00,14668.438,16072.525,20356.04,15735.154,17450.52,36618.246
7256,2014-10-30 08:00:00,14668.438,16072.525,20356.04,15735.154,17450.715,36618.246
7257,2014-10-30 09:00:00,14668.438,16072.525,20356.04,15735.154,17450.715,36618.246
7258,2014-10-30 10:00:00,14668.438,16072.525,20356.04,15735.154,17450.715,36618.246
7259,2014-10-30 11:00:00,14668.438,16072.525,20356.04,15735.154,17450.715,36618.246
7260,2014-10-30 12:00:00,14668.438,16072.525,20356.04,15735.154,17450.715,36618.246
7261,2014-10-30 13:00:00,14668.438,16072.525,20356.04,15735.154,17450.715,36618.246
7262,2014-10-30 14:00:00,14668.438,16072.525,20356.04,15735.154,17450.715,36618.246
7263,2014-10-30 15:00:00,14668.438,16072.525,20356.04,15735.154,17450.715,36618.246
7264,2014-10-30 16:00:00,14668.438,16072.525,20356.04,15735.154,17450.715,36618.246
7265,2014-10-30 17:00:00,14668.438,16072.525,20356.04,15735.154,17450.715,36618.246
7266,2014-10-30 18:00:00,14668.438,16072.525,20356.04,15735.154,17450.715,36618.246
7267,2014-10-30 19:00:00,14668.438,16072.525,20356.04,15735.154,17450.715,36618.246
7268,2014-10-30 20:00:00,14668.438,16072.525,20356.04,15735.154,17450.715,36618.246
7269,2014-10-30 21:00:00,14668.438,16072.525,20356.04,15735.154,17450.715,36618.246
7270,2014-10-30 22:00:00,14668.438,16072.525,20356.04,15735.154,17450.715,36618.246
7271,2014-10-30 23:00:00,14668.438,16072.525,20356.04,15735.154,17450.715,36618.246
7272,2014-10-31 00:00:00,14668.438,16072.525,20356.04,15735.154,17450.715,36618.246
7273,2014-10-31 01:00:00,14668.438,16072.525,20356.04,15735.154,17450.715,36618.246
7274,2014-10-31 02:00:00,14668.438,16072.525,20356.04,15735.154,17450.715,36618.246
7275,2014-10-31 03:00:00,14668.438,16072.525,20356.04,15735.154,17450.715,36618.246
7276,2014-10-31 04:00:00,14668.438,16072.525,20356.04,15735.154,17450.715,36618.246
7277,2014-10-31 05:00:00,14668.438,16072.525,20356.04,15735.154,17450.715,36618.246
7278,2014-10-31 06:00:00,14668.438,16072.525,20356.04,15735.154,17450.715,36618.246
7279,2014-10-31 07:00:00,14668.438,16072.525,20356.04,15735.154,17450.715,36618.246
7280,2014-10-31 08:00:00,14668.438,16072.525,20356.04,15735.154,17450.715,36618.246
7281,2014-10-31 09:00:00,14668.438,16072.525,20356.04,15735.154,17450.715,36618.246
7282,2014-10-31 10:00:00,14668.438,16072.737,20356.04,15735.154,17450.715,36618.246
7283,2014-10-31 11:00:00,14668.438,16073.03,20356.04,15735.383,17450.715,36618.246
7284,2014-10-31 12:00:00,14668.438,16073.826,20356.04,15736.024,17450.715,36618.246
7285,2014-10-31 13:00:00,14668.438,16074.632,20356.04,15737.077,17450.715,36618.246
7286,2014-10-31 14:00:00,14668.829,16075.766,20356.51,15738.303,17451.828,36618.246
7287,2014-10-31 15:00:00,14669.102,16076.618,20356.51,15739.145,17453.418,36618.246
7288,2014-10-31 16:00:00,14669.902,16077.455,20356.947,15739.981,17454.871,36618.492
7289,2014-10-31 17:00:00,14671.169,16078.433,20357.451,15740.815,17455.213,36619.668
7290,2014-10-31 18:00:00,14671.788,16079.084,20357.451,15741.655,17455.213,36619.793
7291,2014-10-31 19:00:00,14671.788,16079.919,20357.838,15742.36,17455.213,36619.793
7292,2014-10-31 20:00:00,14672.752,16080.761,20359.56,15743.048,17455.213,36619.793
7293,2014-10-31 21:00:00,14673.078,16081.315,20361.217,15744.013,17455.213,36619.793
7294,2014-10-31 22:00:00,14673.078,16081.548,20361.217,15744.675,17455.45,36619.793
7295,2014-10-31 23:00:00,14673.533,16082.304,20361.48,15745.557,17455.613,36619.793
7296,2014-11-01 00:00:00,14674.451,16082.403,20361.48,15746.3,17455.613,36619.793
7297,2014-11-01 01:00:00,14674.787,16082.403,20361.48,15746.3,17455.613,36619.793
7298,2014-11-01 02:00:00,14674.787,16082.403,20361.48,15746.3,17455.613,36619.793
7299,2014-11-01 03:00:00,14674.787,16082.403,20361.48,15746.3,17455.613,36619.793
7300,2014-11-01 04:00:00,14674.787,16082.403,20361.48,15746.3,17455.613,36619.793
7301,2014-11-01 05:00:00,14674.787,16082.403,20361.48,15746.3,17455.613,36619.793
7302,2014-11-01 06:00:00,14674.787,16082.403,20361.48,15746.3,17455.613,36619.793
7303,2014-11-01 07:00:00,14674.787,16082.403,20361.48,15746.3,17455.613,36619.793
7304,2014-11-01 08:00:00,14674.787,16082.403,20361.48,15746.3,17455.613,36619.793
7305,2014-11-01 09:00:00,14674.787,16082.403,20361.48,15746.3,17455.613,36619.793
7306,2014-11-01 10:00:00,14674.787,16082.403,20361.48,15746.3,17455.613,36620.03
7307,2014-11-01 11:00:00,14674.787,16082.403,20361.48,15746.3,17455.693,36622.895
7308,2014-11-01 12:00:00,14675.513,16082.472,20361.62,15747.295,17457.734,36628.4
7309,2014-11-01 13:00:00,14676.665,16084.977,20361.746,15748.991,17459.445,36637.887
7310,2014-11-01 14:00:00,14679.172,16087.375,20362.336,15749.969,17461.512,36647.676
7311,2014-11-01 15:00:00,14682.65,16090.205,20363.072,15752.697,17463.025,36656.17
7312,2014-11-01 16:00:00,14684.063,16090.788,20364.977,15754.811,17463.09,36663.457
7313,2014-11-01 17:00:00,14684.666,16090.788,20365.365,15755.462,17463.201,36663.633
7314,2014-11-01 18:00:00,14684.666,16090.788,20365.365,15755.462,17463.463,36664.758
7315,2014-11-01 19:00:00,14684.909,16090.938,20365.531,15755.544,17463.463,36664.934
7316,2014-11-01 20:00:00,14685.872,16091.038,20365.531,15755.544,17463.654,36664.934
7317,2014-11-01 21:00:00,14685.872,16091.038,20365.531,15755.544,17463.709,36664.934
7318,2014-11-01 22:00:00,14685.872,16091.038,20365.793,15755.544,17463.709,36664.934
7319,2014-11-01 23:00:00,14685.872,16091.116,20365.826,15755.544,17463.709,36664.934
7320,2014-11-02 00:00:00,14685.923,16091.116,20365.826,15755.544,17463.709,36664.934
7321,2014-11-02 01:00:00,14686.491,16091.116,20365.826,15755.544,17463.709,36664.934
7322,2014-11-02 02:00:00,14686.663,16091.116,20365.826,15755.544,17463.709,36664.934
7323,2014-11-02 03:00:00,14686.663,16091.237,20365.826,15755.544,17463.709,36664.934
7324,2014-11-02 04:00:00,14687.161,16091.674,20365.826,15756.234,17463.709,36664.934
7325,2014-11-02 05:00:00,14687.441,16091.674,20365.826,15756.234,17463.709,36664.934
7326,2014-11-02 06:00:00,14687.5,16091.674,20365.826,15756.234,17463.709,36664.934
7327,2014-11-02 07:00:00,14687.824,16092.299,20365.826,15756.763,17464.797,36666.47
7328,2014-11-02 08:00:00,14689.099,16093.163,20365.826,15757.627,17466.79,36669.926
7329,2014-11-02 09:00:00,14690.728,16093.549,20365.826,15758.504,17467.377,36673.25
7330,2014-11-02 10:00:00,14692.073,16094.003,20365.826,15758.953,17467.377,36675.895
7331,2014-11-02 11:00:00,14694.153,16095.041,20365.857,15759.461,17467.377,36679.254
7332,2014-11-02 12:00:00,14695.804,16095.09,20365.857,15759.951,17467.377,36682.46
7333,2014-11-02 13:00:00,14696.541,16095.09,20365.857,15760.067,17467.377,36685.715
7334,2014-11-02 14:00:00,14696.828,16095.09,20365.857,15760.067,17467.377,36688.293
7335,2014-11-02 15:00:00,14696.828,16095.09,20365.857,15760.067,17467.377,36688.293
7336,2014-11-02 16:00:00,14696.828,16095.09,20365.857,15760.067,17467.377,36688.293
7337,2014-11-02 17:00:00,14696.828,16095.09,20365.857,15760.067,17467.377,36688.293
7338,2014-11-02 18:00:00,14696.828,16095.09,20365.857,15760.067,17467.377,36688.293
7339,2014-11-02 19:00:00,14696.828,16095.09,20365.857,15760.067,17467.377,36688.293
7340,2014-11-02 20:00:00,14696.828,16095.09,20365.857,15760.067,17467.377,36688.293
7341,2014-11-02 21:00:00,14696.828,16095.09,20365.857,15760.067,17467.377,36688.293
7342,2014-11-02 22:00:00,14697.161,16095.09,20365.857,15760.067,17467.377,36688.293
7343,2014-11-02 23:00:00,14697.509,16095.09,20365.857,15760.067,17467.377,36688.293
7344,2014-11-03 00:00:00,14699.165,16100.5205,20372.262,15763.306,17470.629,36690.645
7345,2014-11-03 01:00:00,14699.165,16100.5205,20372.262,15763.306,17470.629,36690.645
7346,2014-11-03 02:00:00,14699.165,16100.5205,20372.262,15763.306,17470.629,36690.645
7347,2014-11-03 03:00:00,14699.165,16100.5205,20372.262,15763.306,17470.629,36690.645
7348,2014-11-03 04:00:00,14699.165,16100.5205,20372.262,15763.306,17470.629,36690.645
7349,2014-11-03 05:00:00,14699.165,16100.5205,20372.262,15763.306,17470.629,36690.645
7350,2014-11-03 06:00:00,14699.165,16100.5205,20372.262,15763.306,17470.629,36690.645
7351,2014-11-03 07:00:00,14699.165,16100.5205,20372.262,15763.306,17470.629,36690.645
7352,2014-11-03 08:00:00,14699.165,16100.5205,20372.262,15763.306,17470.629,36690.645
7353,2014-11-03 09:00:00,14699.165,16100.5205,20372.262,15763.306,17470.629,36690.645
7354,2014-11-03 10:00:00,14699.165,16101.523,20372.262,15763.54,17470.629,36690.645
7355,2014-11-03 11:00:00,14699.165,16102.371,20372.262,15764.197,17470.629,36690.645
7356,2014-11-03 12:00:00,14697.514,16095.09,20365.857,15760.404,17467.377,36688.293
7357,2014-11-03 13:00:00,14697.514,16095.09,20365.857,15760.63,17467.377,36688.293
7358,2014-11-03 14:00:00,14697.514,16095.09,20365.857,15760.853,17467.377,36689.18
7359,2014-11-03 15:00:00,14697.514,16095.09,20368.285,15760.946,17467.82,36689.48
7360,2014-11-03 16:00:00,14697.514,16095.32,20369.611,15761.696,17469.006,36690.355
7361,2014-11-03 17:00:00,14698.244,16097.037,20370.28,15761.711,17469.145,36690.645
7362,2014-11-03 18:00:00,14698.567,16098.703,20370.8,15761.711,17469.182,36690.645
7363,2014-11-03 19:00:00,14699.013,16099.275,20371.787,15762.327,17469.23,36690.645
7364,2014-11-03 20:00:00,14699.084,16099.863,20371.787,15762.904,17469.23,36690.645
7365,2014-11-03 21:00:00,14699.084,16100.5205,20371.855,15763.306,17470.531,36690.645
7366,2014-11-03 22:00:00,14699.165,16100.5205,20372.262,15763.306,17470.629,36690.645
7367,2014-11-03 23:00:00,14699.165,16100.5205,20372.262,15763.306,17470.629,36690.645
7368,2014-11-04 00:00:00,14699.738,16103.657,20374.877,15767.259,17470.629,36694.344
7369,2014-11-04 01:00:00,14699.738,16103.657,20374.877,15767.259,17470.629,36694.344
7370,2014-11-04 02:00:00,14699.249,16102.371,20372.262,15764.197,17470.629,36690.645
7371,2014-11-04 03:00:00,14699.249,16102.371,20372.262,15764.197,17470.629,36690.645
7372,2014-11-04 04:00:00,14699.249,16102.371,20372.262,15764.197,17470.629,36690.645
7373,2014-11-04 05:00:00,14699.249,16102.371,20372.262,15764.197,17470.629,36690.645
7374,2014-11-04 06:00:00,14699.43,16102.371,20372.262,15764.197,17470.629,36690.645
7375,2014-11-04 07:00:00,14699.738,16102.371,20372.707,15764.197,17470.629,36690.645
7376,2014-11-04 08:00:00,14699.738,16102.913,20374.191,15764.822,17470.629,36691.742
7377,2014-11-04 09:00:00,14699.738,16103.412,20374.877,15765.609,17470.629,36694.344
7378,2014-11-04 10:00:00,14699.738,16103.657,20374.877,15767.259,17470.629,36694.344
7379,2014-11-04 11:00:00,14699.738,16103.657,20374.877,15767.259,17470.629,36694.344
7380,2014-11-04 12:00:00,14699.738,16103.657,20374.877,15767.259,17470.629,36694.344
7381,2014-11-04 13:00:00,14699.738,16103.657,20374.877,15767.259,17470.629,36694.344
7382,2014-11-04 14:00:00,14699.738,16103.657,20374.877,15767.259,17470.629,36694.344
7383,2014-11-04 15:00:00,14699.738,16103.657,20374.877,15767.259,17470.629,36694.344
7384,2014-11-04 16:00:00,14699.738,16103.657,20374.877,15767.259,17470.629,36694.344
7385,2014-11-04 17:00:00,14699.738,16103.657,20374.877,15767.259,17470.629,36694.344
7386,2014-11-04 18:00:00,14699.738,16103.657,20374.877,15767.259,17470.629,36694.344
7387,2014-11-04 19:00:00,14699.738,16103.657,20374.877,15767.259,17470.629,36694.344
7388,2014-11-04 20:00:00,14699.738,16103.657,20374.877,15767.259,17470.629,36694.344
7389,2014-11-04 21:00:00,14699.738,16103.657,20374.877,15765.845,17470.629,36694.344
7390,2014-11-04 22:00:00,14699.738,16103.657,20374.877,15766.686,17470.629,36694.344
7391,2014-11-04 23:00:00,14699.738,16103.657,20374.877,15767.259,17470.629,36694.344
7392,2014-11-05 00:00:00,14699.738,16103.657,20374.877,15767.259,17470.629,36694.344
7393,2014-11-05 01:00:00,14699.738,16103.657,20374.877,15767.259,17470.629,36694.344
7394,2014-11-05 02:00:00,14699.738,16103.657,20374.877,15767.259,17470.629,36694.344
7395,2014-11-05 03:00:00,14699.738,16103.657,20374.877,15767.259,17470.629,36694.344
7396,2014-11-05 04:00:00,14699.738,16103.657,20374.877,15767.259,17470.629,36694.344
7397,2014-11-05 05:00:00,14699.738,16103.657,20374.877,15767.259,17470.629,36694.344
7398,2014-11-05 06:00:00,14699.738,16103.657,20374.877,15767.259,17470.629,36694.344
7399,2014-11-05 07:00:00,14699.738,16103.657,20374.877,15767.259,17470.629,36694.344
7400,2014-11-05 08:00:00,14699.738,16103.657,20374.877,15767.259,17470.629,36694.344
7401,2014-11-05 09:00:00,14699.738,16103.657,20374.877,15767.259,17470.629,36694.344
7402,2014-11-05 10:00:00,14699.738,16103.657,20374.877,15767.259,17470.629,36694.344
7403,2014-11-05 11:00:00,14699.738,16103.657,20374.877,15767.259,17470.629,36694.344
7404,2014-11-05 12:00:00,14699.738,16103.657,20374.877,15767.259,17470.629,36694.344
7405,2014-11-05 13:00:00,14699.738,16103.657,20374.877,15767.259,17470.629,36694.344
7406,2014-11-05 14:00:00,14699.738,16103.657,20374.877,15767.259,17470.629,36694.344
7407,2014-11-05 15:00:00,14699.738,16103.657,20374.877,15767.259,17470.629,36694.344
7408,2014-11-05 16:00:00,14699.738,16103.657,20374.877,15767.259,17470.629,36694.344
7409,2014-11-05 17:00:00,14699.738,16103.657,20374.877,15767.259,17470.629,36694.344
7410,2014-11-05 18:00:00,14699.738,16103.657,20374.877,15767.259,17470.629,36694.344
7411,2014-11-05 19:00:00,14699.738,16103.657,20374.877,15767.259,17470.629,36694.344
7412,2014-11-05 20:00:00,14699.738,16103.657,20374.877,15767.259,17470.629,36694.344
7413,2014-11-05 21:00:00,14699.738,16103.657,20374.877,15767.259,17470.629,36694.344
7414,2014-11-05 22:00:00,14699.738,16103.657,20374.877,15767.259,17470.629,36694.344
7415,2014-11-05 23:00:00,14699.738,16103.657,20374.877,15767.259,17470.629,36694.344
7416,2014-11-06 00:00:00,14699.738,16103.657,20374.877,15767.259,17470.629,36694.344
7417,2014-11-06 01:00:00,14699.738,16103.657,20374.877,15767.259,17470.629,36694.344
7418,2014-11-06 02:00:00,14699.738,16103.657,20374.877,15767.259,17470.629,36694.344
7419,2014-11-06 03:00:00,14699.738,16103.657,20374.877,15767.259,17470.629,36694.344
7420,2014-11-06 04:00:00,14699.738,16103.657,20374.877,15767.259,17470.629,36694.344
7421,2014-11-06 05:00:00,14699.738,16103.657,20374.877,15767.259,17470.629,36694.344
7422,2014-11-06 06:00:00,14699.738,16103.657,20374.877,15767.259,17470.629,36694.344
7423,2014-11-06 07:00:00,14699.738,16103.657,20374.877,15767.259,17470.629,36694.344
7424,2014-11-06 08:00:00,14699.738,16103.657,20374.877,15767.259,17470.629,36694.344
7425,2014-11-06 09:00:00,14699.738,16103.657,20374.877,15767.259,17470.629,36694.344
7426,2014-11-06 10:00:00,14699.738,16103.657,20374.877,15767.259,17470.629,36694.344
7427,2014-11-06 11:00:00,14699.738,16103.657,20374.877,15767.259,17470.629,36694.344
7428,2014-11-06 12:00:00,14699.738,16103.657,20374.877,15767.259,17470.629,36694.344
7429,2014-11-06 13:00:00,14699.738,16103.657,20374.877,15767.259,17470.629,36694.344
7430,2014-11-06 14:00:00,14699.738,16103.657,20374.877,15767.259,17470.629,36694.344
7431,2014-11-06 15:00:00,14699.738,16103.657,20374.877,15767.259,17470.629,36694.344
7432,2014-11-06 16:00:00,14699.738,16103.657,20374.877,15767.259,17470.629,36694.344
7433,2014-11-06 17:00:00,14699.738,16103.657,20374.877,15767.259,17470.629,36694.344
7434,2014-11-06 18:00:00,14699.738,16103.657,20374.877,15767.259,17470.629,36694.344
7435,2014-11-06 19:00:00,14699.738,16103.657,20374.877,15767.259,17470.629,36694.344
7436,2014-11-06 20:00:00,14699.738,16103.657,20374.877,15767.259,17470.629,36694.344
7437,2014-11-06 21:00:00,14699.738,16103.657,20374.877,15767.259,17470.629,36694.344
7438,2014-11-06 22:00:00,14699.738,16103.657,20374.877,15767.259,17470.629,36694.344
7439,2014-11-06 23:00:00,14699.738,16103.657,20374.877,15767.259,17470.629,36694.344
7440,2014-11-07 00:00:00,14699.738,16103.657,20374.877,15767.259,17470.629,36694.344
7441,2014-11-07 01:00:00,14699.738,16103.657,20374.877,15767.259,17470.629,36694.344
7442,2014-11-07 02:00:00,14699.738,16103.657,20374.877,15767.259,17470.629,36694.344
7443,2014-11-07 03:00:00,14699.738,16103.657,20374.877,15767.259,17470.629,36694.344
7444,2014-11-07 04:00:00,14699.738,16103.657,20374.877,15767.259,17470.629,36694.344
7445,2014-11-07 05:00:00,14699.738,16103.657,20374.877,15767.259,17470.629,36694.344
7446,2014-11-07 06:00:00,14699.738,16103.657,20374.877,15767.259,17470.629,36694.344
7447,2014-11-07 07:00:00,14699.738,16103.657,20374.877,15767.259,17470.629,36694.344
7448,2014-11-07 08:00:00,14699.738,16103.657,20374.877,15767.259,17470.629,36694.344
7449,2014-11-07 09:00:00,14699.738,16103.657,20374.877,15767.259,17470.629,36694.344
7450,2014-11-07 10:00:00,14699.738,16103.657,20374.877,15767.259,17470.629,36694.344
7451,2014-11-07 11:00:00,14699.738,16103.657,20374.877,15767.259,17470.629,36694.344
7452,2014-11-07 12:00:00,14699.738,16103.657,20374.877,15767.259,17470.629,36694.344
7453,2014-11-07 13:00:00,14699.738,16103.657,20374.877,15767.259,17470.629,36694.344
7454,2014-11-07 14:00:00,14699.738,16103.657,20374.877,15767.259,17470.629,36694.344
7455,2014-11-07 15:00:00,14699.738,16103.657,20374.877,15767.259,17470.629,36694.344
7456,2014-11-07 16:00:00,14699.738,16103.657,20374.877,15767.259,17470.629,36694.344
7457,2014-11-07 17:00:00,14699.738,16103.657,20374.877,15767.259,17470.629,36694.344
7458,2014-11-07 18:00:00,14699.738,16103.657,20374.877,15767.259,17470.629,36694.344
7459,2014-11-07 19:00:00,14699.738,16103.657,20374.877,15767.259,17470.629,36694.344
7460,2014-11-07 20:00:00,14699.738,16103.657,20374.877,15767.259,17470.629,36694.344
7461,2014-11-07 21:00:00,14699.738,16103.657,20374.877,15767.259,17470.629,36694.344
7462,2014-11-07 22:00:00,14699.738,16103.657,20374.877,15767.259,17470.629,36694.344
7463,2014-11-07 23:00:00,14699.738,16103.657,20374.877,15767.259,17470.629,36694.344
7464,2014-11-08 00:00:00,14703.751,16105.818,20377.139,15768.751,17470.887,36699.402
7465,2014-11-08 01:00:00,14703.751,16106.332,20378.178,15768.751,17471.482,36699.688
7466,2014-11-08 02:00:00,14704.228,16107.345,20380.383,15769.519,17471.973,36703.734
7467,2014-11-08 03:00:00,14705.175,16107.345,20380.623,15771.02,17473.63,36707.156
7468,2014-11-08 04:00:00,14706.488,16107.345,20380.623,15771.602,17473.92,36709.42
7469,2014-11-08 05:00:00,14708.421,16107.345,20380.623,15771.602,17473.92,36709.42
7470,2014-11-08 06:00:00,14709.536,16107.345,20380.623,15771.602,17474.25,36709.42
7471,2014-11-08 07:00:00,14710.104,16107.404,20380.623,15771.602,17474.25,36709.42
7472,2014-11-08 08:00:00,14711.961,16108.416,20380.623,15772.383,17474.25,36709.926
7473,2014-11-08 09:00:00,14711.961,16108.416,20380.623,15772.383,17474.25,36710.047
7474,2014-11-08 10:00:00,14712.086,16108.416,20380.623,15772.489,17474.25,36710.47
7475,2014-11-08 11:00:00,14712.086,16108.416,20380.623,15772.489,17474.25,36710.47
7476,2014-11-08 12:00:00,14699.738,16103.657,20374.877,15767.259,17470.629,36694.344
7477,2014-11-08 13:00:00,14699.738,16103.657,20374.877,15767.259,17470.629,36694.344
7478,2014-11-08 14:00:00,14699.738,16103.657,20374.877,15767.259,17470.629,36694.344
7479,2014-11-08 15:00:00,14699.738,16104.177,20375.604,15767.259,17470.629,36694.344
7480,2014-11-08 16:00:00,14700.838,16105.042,20376.389,15768.019,17470.629,36694.344
7481,2014-11-08 17:00:00,14702.445,16105.818,20376.438,15768.751,17470.887,36697.188
7482,2014-11-08 18:00:00,14703.751,16105.818,20377.139,15768.751,17470.887,36699.402
7483,2014-11-08 19:00:00,14703.751,16105.818,20377.139,15768.751,17470.887,36699.402
7484,2014-11-08 20:00:00,14703.751,16105.818,20377.139,15768.751,17470.887,36699.402
7485,2014-11-08 21:00:00,14703.751,16105.818,20377.139,15768.751,17470.887,36699.402
7486,2014-11-08 22:00:00,14710.645,16107.999,20380.623,15772.23,17474.25,36709.926
7487,2014-11-08 23:00:00,14711.426,16108.416,20380.623,15772.383,17474.25,36709.926
7488,2014-11-09 00:00:00,14712.086,16108.416,20380.623,15772.489,17474.25,36710.47
7489,2014-11-09 01:00:00,14712.086,16108.416,20380.623,15772.489,17474.25,36710.47
7490,2014-11-09 02:00:00,14712.086,16108.416,20380.623,15772.489,17474.25,36710.47
7491,2014-11-09 03:00:00,14712.086,16108.416,20380.623,15772.572,17474.25,36710.47
7492,2014-11-09 04:00:00,14712.357,16108.959,20380.623,15773.383,17474.25,36711.695
7493,2014-11-09 05:00:00,14713.26,16111.356,20380.623,15775.23,17474.25,36712.91
7494,2014-11-09 06:00:00,14715.437,16115.103,20380.623,15777.521,17475.703,36716.45
7495,2014-11-09 07:00:00,14718.048,16118.353,20380.623,15779.743,17477.492,36720.562
7496,2014-11-09 08:00:00,14726.614,16128.844,20383.889,15784.853,17484.473,36731.355
7497,2014-11-09 09:00:00,14727.848,16131.035,20383.889,15786.724,17486.344,36735.098
7498,2014-11-09 10:00:00,14729.1875,16131.9795,20383.904,15788.612,17488.496,36738.875
7499,2014-11-09 11:00:00,14731.076,16132.924,20384.91,15790.785,17492.273,36742.652
7500,2014-11-09 12:00:00,14732.941,16133.856,20386.775,15793.583,17495.95,36746.383
7501,2014-11-09 13:00:00,14734.987,16134.809,20388.68,15795.867,17497.854,36750.19
7502,2014-11-09 14:00:00,14736.614,16136.449,20390.56,15797.612,17499.734,36753.953
7503,2014-11-09 15:00:00,14738.304,16138.828,20392.25,15799.608,17501.424,36757.332
7504,2014-11-09 16:00:00,14740.76,16141.682,20395.244,15803.27,17501.791,36763.32
7505,2014-11-09 17:00:00,14742.214,16143.897,20396.518,15804.419,17501.791,36765.87
7506,2014-11-09 18:00:00,14743.449,16146.376,20397.768,15804.745,17501.791,36768.277
7507,2014-11-09 19:00:00,14744.469,16148.832,20399.994,15805.233,17501.791,36770.504
7508,2014-11-09 20:00:00,14744.956,16150.279,20401.998,15805.239,17501.791,36771.79
7509,2014-11-09 21:00:00,14720.897,16122.264,20381.996,15781.704,17480.256,36725.06
7510,2014-11-09 22:00:00,14723.723,16126.077,20383.521,15783.2295,17482.473,36728.11
7511,2014-11-09 23:00:00,14739.825,16140.689,20393.771,15801.505,17501.791,36760.375
7512,2014-11-10 00:00:00,14745.278,16151.189,20403.422,15805.425,17501.8,36772.176
7513,2014-11-10 01:00:00,14745.318,16151.568,20403.492,15805.425,17501.8,36772.176
7514,2014-11-10 02:00:00,14745.374,16152.09,20403.59,15805.425,17501.842,36772.176
7515,2014-11-10 03:00:00,14745.832,16152.711,20403.691,15805.467,17501.842,36772.38
7516,2014-11-10 04:00:00,14746.639,16153.261,20403.691,15806.017,17501.842,36774.258
7517,2014-11-10 05:00:00,14747.24,16154.744,20403.691,15806.987,17501.842,36776.664
7518,2014-11-10 06:00:00,14747.848,16156.566,20403.691,15808.208,17501.842,36779.094
7519,2014-11-10 07:00:00,14748.089,16157.798,20403.691,15810.083,17501.879,36781.887
7520,2014-11-10 08:00:00,14748.878,16158.694,20403.836,15811.977,17502.598,36784.656
7521,2014-11-10 09:00:00,14750.164,16159.077,20403.836,15813.998,17502.598,36787.246
7522,2014-11-10 10:00:00,14750.827,16159.947,20403.836,15815.625,17502.598,36789.652
7523,2014-11-10 11:00:00,14751.349,16159.947,20403.836,15816.315,17502.598,36791.71
7524,2014-11-10 12:00:00,14751.444,16160.159,20403.836,15816.315,17503.129,36791.71
7525,2014-11-10 13:00:00,14751.693,16160.624,20403.836,15816.315,17503.129,36791.71
7526,2014-11-10 14:00:00,14751.791,16160.734,20403.836,15816.396,17503.129,36791.71
7527,2014-11-10 15:00:00,14751.791,16160.734,20403.836,15816.396,17503.129,36791.71
7528,2014-11-10 16:00:00,14751.791,16160.734,20403.836,15816.396,17503.129,36791.71
7529,2014-11-10 17:00:00,14751.791,16160.734,20403.836,15816.396,17503.129,36791.71
7530,2014-11-10 18:00:00,14751.791,16160.734,20403.836,15816.396,17503.129,36791.71
7531,2014-11-10 19:00:00,14751.791,16160.734,20403.836,15816.396,17503.129,36791.71
7532,2014-11-10 20:00:00,14751.791,16160.734,20403.836,15816.396,17503.129,36791.71
7533,2014-11-10 21:00:00,14751.791,16160.734,20403.836,15816.396,17503.129,36791.71
7534,2014-11-10 22:00:00,14751.791,16160.734,20403.836,15816.396,17503.129,36791.71
7535,2014-11-10 23:00:00,14751.791,16160.734,20403.836,15816.396,17503.129,36791.71
7536,2014-11-11 00:00:00,14751.791,16160.734,20403.836,15816.832,17503.129,36791.71
7537,2014-11-11 01:00:00,14751.791,16160.734,20403.836,15816.832,17503.129,36791.71
7538,2014-11-11 02:00:00,14751.791,16160.734,20403.836,15816.832,17503.129,36791.71
7539,2014-11-11 03:00:00,14751.791,16160.734,20403.836,15816.832,17503.129,36791.71
7540,2014-11-11 04:00:00,14751.791,16160.734,20403.836,15816.832,17503.129,36791.71
7541,2014-11-11 05:00:00,14751.791,16160.734,20403.836,15816.396,17503.129,36791.71
7542,2014-11-11 06:00:00,14751.791,16160.734,20403.836,15816.396,17503.129,36791.71
7543,2014-11-11 07:00:00,14751.791,16160.734,20403.836,15816.396,17503.129,36791.71
7544,2014-11-11 08:00:00,14751.791,16160.734,20403.836,15816.396,17503.129,36791.71
7545,2014-11-11 09:00:00,14751.791,16160.734,20403.836,15816.396,17503.129,36791.71
7546,2014-11-11 10:00:00,14751.791,16160.734,20403.836,15816.831,17503.129,36791.71
7547,2014-11-11 11:00:00,14751.791,16160.734,20403.836,15816.832,17503.129,36791.71
7548,2014-11-11 12:00:00,14751.791,16160.734,20403.836,15816.832,17503.129,36791.71
7549,2014-11-11 13:00:00,14751.791,16160.734,20403.836,15816.832,17503.129,36791.71
7550,2014-11-11 14:00:00,14751.791,16160.734,20403.836,15816.832,17503.129,36791.71
7551,2014-11-11 15:00:00,14751.791,16160.734,20403.836,15816.832,17503.129,36791.71
7552,2014-11-11 16:00:00,14751.791,16160.734,20403.836,15816.832,17503.129,36791.71
7553,2014-11-11 17:00:00,14751.791,16160.734,20403.836,15816.832,17503.129,36791.71
7554,2014-11-11 18:00:00,14751.791,16160.734,20403.836,15816.832,17503.129,36791.71
7555,2014-11-11 19:00:00,14751.791,16160.734,20403.836,15816.832,17503.129,36791.71
7556,2014-11-11 20:00:00,14751.791,16160.734,20403.836,15816.832,17503.129,36791.71
7557,2014-11-11 21:00:00,14751.791,16160.734,20403.836,15816.832,17503.129,36791.71
7558,2014-11-11 22:00:00,14751.791,16160.734,20403.836,15816.832,17503.129,36791.71
7559,2014-11-11 23:00:00,14751.791,16160.734,20403.836,15816.832,17503.129,36791.71
7560,2014-11-12 00:00:00,14751.791,16160.734,20403.836,15816.832,17503.129,36791.71
7561,2014-11-12 01:00:00,14751.791,16160.734,20403.836,15816.832,17503.129,36791.71
7562,2014-11-12 02:00:00,14751.791,16160.734,20403.836,15816.832,17503.129,36791.71
7563,2014-11-12 03:00:00,14751.791,16160.734,20403.836,15816.832,17503.129,36791.71
7564,2014-11-12 04:00:00,14751.791,16160.734,20403.836,15816.832,17503.129,36791.71
7565,2014-11-12 05:00:00,14751.791,16160.734,20403.836,15816.832,17503.129,36791.71
7566,2014-11-12 06:00:00,14751.791,16160.734,20403.836,15816.832,17503.129,36791.71
7567,2014-11-12 07:00:00,14751.791,16160.734,20403.836,15816.832,17503.129,36791.71
7568,2014-11-12 08:00:00,14751.791,16160.734,20403.836,15816.832,17503.129,36791.71
7569,2014-11-12 09:00:00,14751.791,16160.734,20403.836,15816.832,17503.129,36791.71
7570,2014-11-12 10:00:00,14751.791,16160.734,20403.836,15816.832,17503.129,36791.71
7571,2014-11-12 11:00:00,14751.791,16160.734,20403.836,15816.832,17503.129,36791.71
7572,2014-11-12 12:00:00,14751.791,16160.734,20403.836,15816.832,17503.129,36791.71
7573,2014-11-12 13:00:00,14751.791,16160.734,20403.836,15816.832,17503.129,36791.71
7574,2014-11-12 14:00:00,14751.791,16160.734,20403.836,15816.832,17503.129,36791.71
7575,2014-11-12 15:00:00,14751.791,16160.734,20403.836,15816.832,17503.129,36791.71
7576,2014-11-12 16:00:00,14751.791,16160.734,20403.836,15816.832,17503.129,36791.71
7577,2014-11-12 17:00:00,14751.791,16160.734,20403.836,15816.832,17503.129,36791.71
7578,2014-11-12 18:00:00,14751.791,16160.734,20403.836,15816.832,17503.129,36791.71
7579,2014-11-12 19:00:00,14751.791,16160.734,20403.836,15816.832,17503.129,36791.71
7580,2014-11-12 20:00:00,14751.791,16160.734,20403.836,15816.832,17503.129,36791.71
7581,2014-11-12 21:00:00,14751.791,16160.734,20403.836,15816.832,17503.129,36791.71
7582,2014-11-12 22:00:00,14751.791,16160.734,20403.836,15816.832,17503.129,36791.71
7583,2014-11-12 23:00:00,14751.791,16160.734,20403.836,15816.832,17503.129,36791.71
7584,2014-11-13 00:00:00,14751.791,16160.734,20403.836,15816.832,17503.129,36791.71
7585,2014-11-13 01:00:00,14751.791,16160.734,20403.836,15816.832,17503.129,36791.71
7586,2014-11-13 02:00:00,14751.791,16160.734,20403.836,15816.832,17503.129,36791.71
7587,2014-11-13 03:00:00,14751.791,16160.734,20403.836,15816.832,17503.129,36791.71
7588,2014-11-13 04:00:00,14751.791,16161.544,20403.836,15816.832,17503.129,36791.71
7589,2014-11-13 05:00:00,14751.791,16164.869,20403.836,15816.832,17503.129,36791.71
7590,2014-11-13 06:00:00,14751.791,16169.208,20403.836,15817.81,17503.129,36791.71
7591,2014-11-13 07:00:00,14752.121,16171.75,20403.836,15819.161,17503.129,36791.71
7592,2014-11-13 08:00:00,14754.086,16175.142,20403.836,15821.135,17503.129,36792.25
7593,2014-11-13 09:00:00,14755.997,16176.728,20403.836,15823.717,17503.129,36795.24
7594,2014-11-13 10:00:00,14757.971,16178.938,20404.176,15826.0205,17503.129,36798.04
7595,2014-11-13 11:00:00,14760.303,16181.255,20404.389,15828.033,17503.129,36800.723
7596,2014-11-13 12:00:00,14761.885,16184.278,20404.389,15829.739,17503.129,36803.42
7597,2014-11-13 13:00:00,14763.725,16188.106,20404.389,15831.982,17503.129,36806.7
7598,2014-11-13 14:00:00,14765.375,16191.209,20404.389,15834.298,17503.129,36810.0
7599,2014-11-13 15:00:00,14767.08,16192.914,20404.389,15835.15,17503.129,36812.6
7600,2014-11-13 16:00:00,14768.861,16194.722,20404.389,15836.091,17503.129,36812.6
7601,2014-11-13 17:00:00,14770.689,16196.702,20404.389,15837.005,17503.129,36812.6
7602,2014-11-13 18:00:00,14772.05,16199.582,20404.389,15837.904,17503.129,36812.6
7603,2014-11-13 19:00:00,14772.947,16201.869,20404.389,15838.802,17503.129,36812.6
7604,2014-11-13 20:00:00,14773.823,16204.497,20404.389,15839.563,17503.129,36812.6
7605,2014-11-13 21:00:00,14774.364,16206.934,20404.389,15839.563,17503.129,36812.6
7606,2014-11-13 22:00:00,14774.364,16207.793,20404.389,15840.272,17503.129,36812.6
7607,2014-11-13 23:00:00,14774.467,16209.083,20404.389,15841.086,17503.129,36812.6
7608,2014-11-14 00:00:00,14775.23,16210.108,20404.389,15841.923,17503.129,36812.6
7609,2014-11-14 01:00:00,14776.079,16210.957,20404.389,15842.771,17503.129,36812.6
7610,2014-11-14 02:00:00,14776.893,16212.471,20404.389,15843.585,17503.129,36812.6
7611,2014-11-14 03:00:00,14776.975,16214.573,20404.389,15844.634,17503.129,36812.6
7612,2014-11-14 04:00:00,14777.771,16214.995,20404.389,15845.791,17503.129,36812.6
7613,2014-11-14 05:00:00,14778.167,16215.756,20404.389,15845.791,17503.129,36812.6
7614,2014-11-14 06:00:00,14778.167,16216.064,20404.389,15845.791,17503.129,36812.6
7615,2014-11-14 07:00:00,14778.167,16216.064,20404.389,15846.066,17503.129,36812.6
7616,2014-11-14 08:00:00,14778.167,16216.064,20404.389,15846.066,17503.129,36812.6
7617,2014-11-14 09:00:00,14778.167,16216.064,20404.389,15846.066,17503.129,36812.6
7618,2014-11-14 10:00:00,14778.167,16216.064,20404.389,15846.066,17503.129,36812.6
7619,2014-11-14 11:00:00,14778.167,16216.064,20404.389,15846.066,17503.129,36812.6
7620,2014-11-14 12:00:00,14778.167,16216.064,20404.389,15846.066,17503.129,36812.6
7621,2014-11-14 13:00:00,14778.167,16216.064,20404.389,15846.066,17503.129,36812.6
7622,2014-11-14 14:00:00,14778.167,16216.064,20404.389,15846.066,17503.129,36812.6
7623,2014-11-14 15:00:00,14778.167,16216.064,20404.389,15846.066,17503.129,36812.6
7624,2014-11-14 16:00:00,14778.167,16216.064,20404.389,15846.066,17503.129,36812.6
7625,2014-11-14 17:00:00,14778.167,16216.064,20404.389,15846.066,17503.129,36812.6
7626,2014-11-14 18:00:00,14778.167,16216.064,20404.389,15846.066,17503.129,36812.6
7627,2014-11-14 19:00:00,14778.167,16216.064,20404.389,15846.066,17503.129,36812.6
7628,2014-11-14 20:00:00,14778.167,16216.064,20404.389,15846.066,17503.129,36812.6
7629,2014-11-14 21:00:00,14778.167,16216.064,20404.389,15846.066,17503.129,36812.6
7630,2014-11-14 22:00:00,14778.167,16216.064,20404.389,15846.066,17503.129,36812.6
7631,2014-11-14 23:00:00,14778.167,16216.064,20404.389,15846.066,17503.129,36812.6
7632,2014-11-15 00:00:00,14778.167,16216.064,20404.389,15846.066,17503.129,36812.6
7633,2014-11-15 01:00:00,14778.167,16216.064,20404.389,15846.066,17503.129,36812.6
7634,2014-11-15 02:00:00,14778.167,16216.064,20404.389,15846.066,17503.129,36812.6
7635,2014-11-15 03:00:00,14778.167,16216.064,20404.389,15846.066,17503.129,36812.6
7636,2014-11-15 04:00:00,14778.167,16216.064,20404.389,15846.066,17503.129,36812.6
7637,2014-11-15 05:00:00,14778.167,16216.064,20404.389,15846.066,17503.129,36812.6
7638,2014-11-15 06:00:00,14778.167,16216.064,20404.389,15846.066,17503.129,36812.6
7639,2014-11-15 07:00:00,14778.167,16216.064,20404.389,15846.066,17503.129,36812.6
7640,2014-11-15 08:00:00,14778.167,16216.064,20404.389,15846.066,17503.129,36812.6
7641,2014-11-15 09:00:00,14778.167,16216.064,20404.389,15846.066,17503.129,36812.6
7642,2014-11-15 10:00:00,14778.167,16216.064,20404.389,15846.066,17503.129,36812.6
7643,2014-11-15 11:00:00,14778.167,16216.064,20404.389,15846.066,17503.129,36812.6
7644,2014-11-15 12:00:00,14778.167,16216.064,20404.389,15846.066,17503.129,36812.6
7645,2014-11-15 13:00:00,14778.167,16216.064,20404.389,15846.066,17503.129,36812.6
7646,2014-11-15 14:00:00,14778.167,16216.064,20404.389,15846.066,17503.129,36812.6
7647,2014-11-15 15:00:00,14778.167,16216.064,20404.389,15846.066,17503.129,36812.6
7648,2014-11-15 16:00:00,14778.167,16216.064,20404.389,15846.066,17503.129,36812.6
7649,2014-11-15 17:00:00,14778.167,16216.064,20404.389,15846.066,17503.129,36812.6
7650,2014-11-15 18:00:00,14778.167,16216.064,20404.389,15846.066,17503.129,36812.6
7651,2014-11-15 19:00:00,14778.167,16216.064,20404.389,15846.066,17503.129,36812.6
7652,2014-11-15 20:00:00,14778.167,16216.064,20404.389,15846.066,17503.129,36812.6
7653,2014-11-15 21:00:00,14778.167,16216.064,20404.389,15846.066,17503.129,36812.6
7654,2014-11-15 22:00:00,14778.167,16216.064,20404.389,15846.066,17503.129,36812.6
7655,2014-11-15 23:00:00,14778.167,16216.064,20404.389,15846.066,17503.129,36812.6
7656,2014-11-16 00:00:00,14778.167,16216.064,20404.389,15846.066,17503.129,36812.6
7657,2014-11-16 01:00:00,14778.167,16216.064,20404.389,15846.066,17503.129,36812.6
7658,2014-11-16 02:00:00,14778.167,16216.064,20404.389,15846.066,17503.129,36812.6
7659,2014-11-16 03:00:00,14778.167,16216.064,20404.389,15846.066,17503.129,36812.6
7660,2014-11-16 04:00:00,14778.167,16216.064,20404.389,15846.066,17503.129,36812.6
7661,2014-11-16 05:00:00,14778.167,16216.064,20404.389,15846.066,17503.129,36812.6
7662,2014-11-16 06:00:00,14778.167,16216.064,20404.389,15846.066,17503.129,36812.6
7663,2014-11-16 07:00:00,14778.167,16216.064,20404.389,15846.066,17503.129,36812.6
7664,2014-11-16 08:00:00,14778.167,16216.064,20404.389,15846.066,17503.129,36812.6
7665,2014-11-16 09:00:00,14778.167,16216.064,20404.389,15846.066,17503.129,36812.6
7666,2014-11-16 10:00:00,14778.167,16216.064,20404.389,15846.066,17503.129,36812.6
7667,2014-11-16 11:00:00,14778.167,16216.064,20404.389,15846.066,17503.129,36812.6
7668,2014-11-16 12:00:00,14778.167,16216.064,20404.389,15846.066,17503.129,36812.6
7669,2014-11-16 13:00:00,14778.167,16216.064,20404.389,15846.066,17503.129,36812.6
7670,2014-11-16 14:00:00,14778.167,16216.064,20404.389,15846.066,17503.129,36812.6
7671,2014-11-16 15:00:00,14778.167,16216.064,20404.389,15846.066,17503.129,36812.6
7672,2014-11-16 16:00:00,14778.167,16216.064,20404.389,15846.066,17503.129,36812.6
7673,2014-11-16 17:00:00,14778.167,16216.064,20404.389,15846.066,17503.129,36812.6
7674,2014-11-16 18:00:00,14778.167,16216.064,20404.389,15846.066,17503.129,36812.6
7675,2014-11-16 19:00:00,14778.167,16216.064,20404.389,15846.066,17503.129,36812.6
7676,2014-11-16 20:00:00,14778.167,16216.064,20404.389,15846.066,17503.129,36812.6
7677,2014-11-16 21:00:00,14778.167,16216.064,20404.389,15846.066,17503.129,36812.6
7678,2014-11-16 22:00:00,14778.167,16216.064,20404.389,15846.066,17503.129,36812.6
7679,2014-11-16 23:00:00,14778.167,16216.064,20404.389,15846.066,17503.129,36812.6
7680,2014-11-17 00:00:00,14778.167,16216.064,20404.389,15846.066,17503.129,36812.6
7681,2014-11-17 01:00:00,14778.167,16216.064,20404.389,15846.066,17503.129,36812.6
7682,2014-11-17 02:00:00,14778.167,16216.064,20404.389,15846.066,17503.129,36812.6
7683,2014-11-17 03:00:00,14778.167,16216.064,20404.389,15846.066,17503.129,36812.6
7684,2014-11-17 04:00:00,14778.167,16216.064,20404.389,15846.066,17503.129,36812.6
7685,2014-11-17 05:00:00,14778.167,16216.064,20404.389,15846.066,17503.129,36812.6
7686,2014-11-17 06:00:00,14778.167,16216.064,20404.389,15846.066,17503.129,36812.6
7687,2014-11-17 07:00:00,14778.167,16216.064,20404.389,15846.066,17503.129,36812.6
7688,2014-11-17 08:00:00,14778.167,16216.064,20404.389,15846.066,17503.129,36812.6
7689,2014-11-17 09:00:00,14778.167,16216.064,20404.389,15846.066,17503.129,36812.6
7690,2014-11-17 10:00:00,14778.167,16216.064,20404.389,15846.066,17503.129,36812.6
7691,2014-11-17 11:00:00,14778.167,16216.064,20404.389,15846.066,17503.129,36812.6
7692,2014-11-17 12:00:00,14778.167,16216.064,20404.389,15846.066,17503.129,36812.6
7693,2014-11-17 13:00:00,14778.167,16216.064,20404.389,15846.066,17503.129,36812.6
7694,2014-11-17 14:00:00,14778.167,16216.064,20404.389,15846.066,17503.129,36812.6
7695,2014-11-17 15:00:00,14778.167,16216.064,20404.389,15846.066,17503.129,36812.6
7696,2014-11-17 16:00:00,14778.167,16216.064,20404.389,15846.066,17503.129,36812.6
7697,2014-11-17 17:00:00,14778.167,16216.064,20404.389,15846.066,17503.129,36812.6
7698,2014-11-17 18:00:00,14778.167,16216.064,20404.389,15846.066,17503.129,36812.6
7699,2014-11-17 19:00:00,14778.167,16216.064,20404.389,15846.066,17503.129,36812.6
7700,2014-11-17 20:00:00,14778.167,16216.064,20404.389,15846.066,17503.129,36812.6
7701,2014-11-17 21:00:00,14778.167,16216.064,20404.389,15846.066,17503.129,36812.6
7702,2014-11-17 22:00:00,14778.167,16216.064,20404.389,15846.066,17503.129,36812.6
7703,2014-11-17 23:00:00,14778.167,16216.064,20404.389,15846.066,17503.129,36812.6
7704,2014-11-18 00:00:00,14778.167,16216.064,20404.389,15846.066,17503.129,36812.6
7705,2014-11-18 01:00:00,14778.167,16216.064,20404.389,15846.066,17503.129,36812.6
7706,2014-11-18 02:00:00,14778.167,16216.064,20404.389,15846.066,17503.129,36812.6
7707,2014-11-18 03:00:00,14778.167,16216.064,20404.389,15846.066,17503.129,36812.6
7708,2014-11-18 04:00:00,14778.167,16216.064,20404.389,15846.066,17503.129,36812.6
7709,2014-11-18 05:00:00,14778.167,16216.064,20404.389,15846.066,17503.129,36812.6
7710,2014-11-18 06:00:00,14778.167,16216.064,20404.389,15846.066,17503.129,36812.6
7711,2014-11-18 07:00:00,14778.167,16216.064,20404.389,15846.066,17503.129,36812.6
7712,2014-11-18 08:00:00,14778.167,16216.064,20404.389,15846.066,17503.129,36812.6
7713,2014-11-18 09:00:00,14778.167,16216.064,20404.389,15846.066,17503.129,36812.6
7714,2014-11-18 10:00:00,14778.167,16216.064,20404.389,15846.066,17503.129,36812.6
7715,2014-11-18 11:00:00,14778.167,16216.064,20404.389,15846.066,17503.129,36812.6
7716,2014-11-18 12:00:00,14778.167,16216.064,20404.389,15846.066,17503.129,36812.6
7717,2014-11-18 13:00:00,14778.167,16216.064,20404.389,15846.066,17503.129,36812.6
7718,2014-11-18 14:00:00,14778.167,16216.064,20404.389,15846.066,17503.129,36812.6
7719,2014-11-18 15:00:00,14778.167,16216.064,20404.389,15846.066,17503.129,36812.6
7720,2014-11-18 16:00:00,14778.167,16216.064,20404.389,15846.066,17503.129,36812.6
7721,2014-11-18 17:00:00,14778.167,16216.064,20404.389,15846.066,17503.129,36812.6
7722,2014-11-18 18:00:00,14778.167,16216.064,20404.389,15846.066,17503.129,36812.6
7723,2014-11-18 19:00:00,14778.167,16216.064,20404.389,15846.066,17503.129,36812.6
7724,2014-11-18 20:00:00,14778.167,16216.064,20404.389,15846.066,17503.129,36812.6
7725,2014-11-18 21:00:00,14778.167,16216.064,20404.389,15846.066,17503.129,36812.6
7726,2014-11-18 22:00:00,14778.167,16216.064,20404.389,15846.066,17503.129,36812.6
7727,2014-11-18 23:00:00,14778.167,16216.064,20404.389,15846.066,17503.129,36812.6
7728,2014-11-19 00:00:00,14778.167,16216.064,20404.389,15846.066,17503.129,36812.6
7729,2014-11-19 01:00:00,14778.167,16216.064,20404.389,15846.066,17503.129,36812.6
7730,2014-11-19 02:00:00,14778.167,16216.064,20404.389,15846.066,17503.129,36812.6
7731,2014-11-19 03:00:00,14778.167,16216.064,20404.389,15846.066,17503.129,36812.6
7732,2014-11-19 04:00:00,14778.167,16216.064,20404.389,15846.066,17503.129,36812.6
7733,2014-11-19 05:00:00,14778.167,16216.064,20404.389,15846.066,17503.129,36812.6
7734,2014-11-19 06:00:00,14778.167,16216.064,20404.389,15846.066,17503.129,36812.6
7735,2014-11-19 07:00:00,14778.167,16216.064,20404.389,15846.066,17503.129,36812.6
7736,2014-11-19 08:00:00,14778.167,16216.064,20404.389,15846.066,17503.129,36812.6
7737,2014-11-19 09:00:00,14778.167,16216.064,20404.389,15846.066,17503.129,36812.6
7738,2014-11-19 10:00:00,14778.167,16216.064,20404.389,15846.066,17503.129,36812.6
7739,2014-11-19 11:00:00,14778.167,16216.064,20404.389,15846.066,17503.129,36812.6
7740,2014-11-19 12:00:00,14778.167,16216.064,20404.389,15846.066,17503.129,36812.6
7741,2014-11-19 13:00:00,14778.167,16216.064,20404.389,15846.066,17503.129,36812.6
7742,2014-11-19 14:00:00,14778.167,16216.064,20404.389,15846.066,17503.129,36812.6
7743,2014-11-19 15:00:00,14778.167,16216.064,20404.389,15846.066,17503.129,36812.6
7744,2014-11-19 16:00:00,14778.167,16216.064,20404.389,15846.066,17503.129,36812.6
7745,2014-11-19 17:00:00,14778.167,16216.064,20404.389,15846.066,17503.129,36812.6
7746,2014-11-19 18:00:00,14778.167,16216.064,20404.389,15846.066,17503.129,36812.6
7747,2014-11-19 19:00:00,14778.167,16216.064,20404.389,15846.066,17503.129,36812.6
7748,2014-11-19 20:00:00,14778.167,16216.064,20404.389,15846.066,17503.129,36812.6
7749,2014-11-19 21:00:00,14778.167,16216.064,20404.389,15846.066,17503.129,36812.6
7750,2014-11-19 22:00:00,14778.167,16216.064,20404.389,15846.066,17503.129,36812.6
7751,2014-11-19 23:00:00,14778.167,16216.064,20404.389,15846.066,17503.129,36812.6
7752,2014-11-20 00:00:00,14778.167,16216.064,20404.389,15846.066,17503.129,36812.6
7753,2014-11-20 01:00:00,14778.167,16216.064,20404.389,15846.066,17503.129,36812.6
7754,2014-11-20 02:00:00,14778.167,16216.064,20404.389,15846.066,17503.129,36812.6
7755,2014-11-20 03:00:00,14778.167,16216.064,20404.389,15846.066,17503.129,36812.6
7756,2014-11-20 04:00:00,14778.167,16216.064,20404.389,15846.066,17503.129,36812.6
7757,2014-11-20 05:00:00,14778.167,16216.064,20404.389,15846.066,17503.129,36812.6
7758,2014-11-20 06:00:00,14778.167,16216.064,20404.389,15846.066,17503.129,36812.6
7759,2014-11-20 07:00:00,14778.167,16216.064,20404.389,15846.066,17503.129,36812.6
7760,2014-11-20 08:00:00,14778.167,16216.064,20404.389,15846.066,17503.129,36812.6
7761,2014-11-20 09:00:00,14778.167,16216.064,20404.389,15846.066,17503.129,36812.6
7762,2014-11-20 10:00:00,14778.167,16216.064,20404.389,15846.066,17503.129,36812.6
7763,2014-11-20 11:00:00,14778.167,16216.064,20404.389,15846.066,17503.129,36812.6
7764,2014-11-20 12:00:00,14778.167,16216.064,20404.389,15846.066,17503.129,36812.6
7765,2014-11-20 13:00:00,14778.167,16216.064,20404.389,15846.066,17503.129,36812.6
7766,2014-11-20 14:00:00,14778.167,16216.064,20404.389,15846.066,17503.129,36812.6
7767,2014-11-20 15:00:00,14778.167,16216.064,20404.389,15846.066,17503.129,36812.6
7768,2014-11-20 16:00:00,14778.167,16216.064,20404.389,15846.066,17503.129,36812.6
7769,2014-11-20 17:00:00,14778.167,16216.064,20404.389,15846.066,17503.129,36812.6
7770,2014-11-20 18:00:00,14778.167,16216.064,20404.389,15846.066,17503.129,36812.6
7771,2014-11-20 19:00:00,14778.167,16216.064,20404.389,15846.066,17503.129,36812.6
7772,2014-11-20 20:00:00,14778.167,16216.064,20404.389,15846.066,17503.129,36812.6
7773,2014-11-20 21:00:00,14778.167,16216.064,20404.389,15846.066,17503.129,36812.6
7774,2014-11-20 22:00:00,14778.167,16216.064,20404.389,15846.066,17503.129,36812.6
7775,2014-11-20 23:00:00,14778.167,16216.064,20404.389,15846.066,17503.129,36812.6
7776,2014-11-21 00:00:00,14778.167,16216.064,20404.389,15846.066,17503.129,36812.6
7777,2014-11-21 01:00:00,14778.167,16216.064,20404.389,15846.066,17503.129,36812.6
7778,2014-11-21 02:00:00,14778.167,16216.064,20404.389,15846.066,17503.129,36812.6
7779,2014-11-21 03:00:00,14778.167,16216.064,20404.389,15846.066,17503.129,36812.6
7780,2014-11-21 04:00:00,14778.167,16216.064,20404.389,15846.339,17503.129,36812.6
7781,2014-11-21 05:00:00,14778.289,16216.064,20404.389,15846.925,17503.129,36812.6
7782,2014-11-21 06:00:00,14778.289,16216.064,20404.389,15847.031,17503.129,36812.6
7783,2014-11-21 07:00:00,14778.289,16216.064,20404.389,15847.031,17503.129,36812.6
7784,2014-11-21 08:00:00,14778.289,16216.064,20404.389,15847.031,17503.129,36812.6
7785,2014-11-21 09:00:00,14778.289,16216.064,20404.389,15847.031,17503.129,36812.6
7786,2014-11-21 10:00:00,14778.289,16216.064,20404.389,15847.031,17503.129,36812.6
7787,2014-11-21 11:00:00,14778.289,16216.064,20404.389,15847.031,17503.129,36812.6
7788,2014-11-21 12:00:00,14778.289,16216.064,20404.389,15847.031,17503.129,36812.6
7789,2014-11-21 13:00:00,14778.289,16216.064,20404.389,15847.031,17503.129,36812.6
7790,2014-11-21 14:00:00,14778.289,16216.064,20404.389,15847.031,17503.129,36812.6
7791,2014-11-21 15:00:00,14778.289,16216.064,20404.389,15847.031,17503.129,36812.6
7792,2014-11-21 16:00:00,14778.289,16216.064,20404.389,15847.031,17503.129,36812.6
7793,2014-11-21 17:00:00,14778.289,16216.064,20404.389,15847.031,17503.129,36812.6
7794,2014-11-21 18:00:00,14778.289,16216.064,20404.389,15847.031,17503.129,36812.6
7795,2014-11-21 19:00:00,14778.289,16216.064,20404.389,15847.031,17503.129,36812.6
7796,2014-11-21 20:00:00,14778.289,16216.064,20404.389,15847.031,17503.129,36812.6
7797,2014-11-21 21:00:00,14778.289,16216.064,20404.389,15847.031,17503.129,36812.6
7798,2014-11-21 22:00:00,14778.289,16216.064,20404.389,15847.031,17503.129,36812.6
7799,2014-11-21 23:00:00,14778.289,16216.064,20404.389,15847.031,17503.129,36812.6
7800,2014-11-22 00:00:00,14778.289,16216.064,20404.389,15847.031,17503.129,36812.6
7801,2014-11-22 01:00:00,14778.289,16216.064,20404.389,15847.031,17503.129,36812.6
7802,2014-11-22 02:00:00,14778.289,16216.064,20404.389,15847.031,17503.129,36812.6
7803,2014-11-22 03:00:00,14778.289,16216.064,20404.389,15847.031,17503.129,36812.6
7804,2014-11-22 04:00:00,14778.289,16216.064,20404.389,15847.031,17503.129,36812.6
7805,2014-11-22 05:00:00,14778.289,16216.064,20404.389,15847.031,17503.129,36812.6
7806,2014-11-22 06:00:00,14778.289,16216.064,20404.389,15847.031,17503.129,36812.6
7807,2014-11-22 07:00:00,14778.289,16216.064,20404.389,15847.031,17503.129,36812.6
7808,2014-11-22 08:00:00,14778.289,16216.064,20404.389,15847.031,17503.129,36812.6
7809,2014-11-22 09:00:00,14778.289,16216.064,20404.389,15847.031,17503.129,36812.6
7810,2014-11-22 10:00:00,14778.289,16216.064,20404.389,15847.031,17503.129,36812.6
7811,2014-11-22 11:00:00,14778.289,16216.064,20404.389,15847.031,17503.129,36812.6
7812,2014-11-22 12:00:00,14778.289,16216.064,20404.389,15847.031,17503.129,36812.6
7813,2014-11-22 13:00:00,14778.289,16216.064,20404.389,15847.031,17503.129,36812.6
7814,2014-11-22 14:00:00,14778.289,16216.064,20404.389,15847.031,17503.129,36812.6
7815,2014-11-22 15:00:00,14778.289,16216.064,20404.389,15847.031,17503.129,36812.6
7816,2014-11-22 16:00:00,14778.289,16216.064,20404.389,15847.031,17503.129,36812.6
7817,2014-11-22 17:00:00,14778.289,16216.064,20404.389,15847.031,17503.129,36812.6
7818,2014-11-22 18:00:00,14778.289,16216.064,20404.389,15847.031,17503.129,36812.6
7819,2014-11-22 19:00:00,14778.289,16216.064,20404.389,15847.031,17503.129,36812.6
7820,2014-11-22 20:00:00,14778.289,16216.064,20404.389,15847.031,17503.129,36812.6
7821,2014-11-22 21:00:00,14778.289,16216.064,20404.389,15847.031,17503.129,36812.6
7822,2014-11-22 22:00:00,14778.289,16216.064,20404.389,15847.031,17503.129,36812.6
7823,2014-11-22 23:00:00,14778.289,16216.064,20404.389,15847.031,17503.129,36812.6
7824,2014-11-23 00:00:00,14778.289,16216.064,20404.389,15847.031,17503.129,36812.6
7825,2014-11-23 01:00:00,14778.289,16216.064,20404.389,15847.031,17503.129,36812.6
7826,2014-11-23 02:00:00,14778.289,16216.064,20404.389,15847.031,17503.129,36812.6
7827,2014-11-23 03:00:00,14778.431,16216.064,20404.389,15847.031,17503.129,36812.6
7828,2014-11-23 04:00:00,14778.431,16216.064,20404.389,15847.031,17503.129,36812.6
7829,2014-11-23 05:00:00,14778.431,16216.064,20404.389,15847.031,17503.129,36812.6
7830,2014-11-23 06:00:00,14778.478,16216.064,20404.389,15847.282,17503.227,36812.6
7831,2014-11-23 07:00:00,14778.827,16216.064,20404.852,15847.282,17504.727,36812.6
7832,2014-11-23 08:00:00,14780.449,16218.576,20406.473,15850.295,17508.254,36816.445
7833,2014-11-23 09:00:00,14781.9375,16219.971,20406.674,15851.941,17509.893,36819.445
7834,2014-11-23 10:00:00,14782.794,16221.167,20406.674,15853.056,17511.605,36819.445
7835,2014-11-23 11:00:00,14783.611,16221.984,20406.674,15854.69,17513.24,36819.445
7836,2014-11-23 12:00:00,14784.461,16222.834,20406.674,15856.537,17514.94,36820.23
7837,2014-11-23 13:00:00,14785.34,16223.713,20406.674,15858.527,17516.697,36821.824
7838,2014-11-23 14:00:00,14786.786,16225.513,20406.674,15860.197,17518.367,36825.164
7839,2014-11-23 15:00:00,14789.136,16227.74,20406.674,15861.891,17520.06,36828.55
7840,2014-11-23 16:00:00,14796.453,16229.951,20406.674,15867.292,17523.398,36836.977
7841,2014-11-23 17:00:00,14797.73,16229.951,20406.674,15868.492,17523.398,36836.977
7842,2014-11-23 18:00:00,14798.608,16229.951,20406.674,15870.248,17523.398,36836.977
7843,2014-11-23 19:00:00,14799.414,16229.951,20406.674,15871.859,17523.398,36836.977
7844,2014-11-23 20:00:00,14778.827,16216.064,20405.912,15847.315,17505.115,36812.6
7845,2014-11-23 21:00:00,14779.073,16216.747,20405.986,15848.482,17506.68,36813.297
7846,2014-11-23 22:00:00,14791.734,16228.74,20406.674,15863.623,17521.754,36832.016
7847,2014-11-23 23:00:00,14794.293,16229.593,20406.674,15865.934,17523.398,36835.426
7848,2014-11-24 00:00:00,14800.448,16232.474,20406.674,15872.631,17524.229,36836.977
7849,2014-11-24 01:00:00,14800.448,16232.474,20407.152,15872.636,17525.305,36836.977
7850,2014-11-24 02:00:00,14800.028,16229.951,20406.674,15872.332,17523.398,36836.977
7851,2014-11-24 03:00:00,14800.184,16229.951,20406.674,15872.332,17523.398,36836.977
7852,2014-11-24 04:00:00,14800.184,16229.951,20406.674,15872.332,17523.398,36836.977
7853,2014-11-24 05:00:00,14800.184,16229.951,20406.674,15872.332,17523.398,36836.977
7854,2014-11-24 06:00:00,14800.184,16230.474,20406.674,15872.332,17523.398,36836.977
7855,2014-11-24 07:00:00,14800.184,16230.83,20406.674,15872.332,17523.768,36836.977
7856,2014-11-24 08:00:00,14800.184,16231.228,20406.674,15872.332,17524.11,36836.977
7857,2014-11-24 09:00:00,14800.184,16231.635,20406.674,15872.463,17524.11,36836.977
7858,2014-11-24 10:00:00,14800.745,16233.253,20409.838,15873.065,17527.35,36839.473
7859,2014-11-24 11:00:00,14801.508,16234.008,20411.348,15873.62,17528.887,36842.492
7860,2014-11-24 12:00:00,14802.325,16234.476,20413.256,15873.62,17529.21,36845.76
7861,2014-11-24 13:00:00,14803.309,16234.476,20413.39,15873.62,17529.21,36848.438
7862,2014-11-24 14:00:00,14803.903,16234.476,20413.39,15873.62,17529.21,36848.438
7863,2014-11-24 15:00:00,14803.903,16234.476,20413.39,15873.62,17529.21,36848.438
7864,2014-11-24 16:00:00,14803.903,16234.476,20413.947,15873.722,17529.21,36854.816
7865,2014-11-24 17:00:00,14803.903,16234.476,20413.947,15873.722,17529.21,36854.816
7866,2014-11-24 18:00:00,14803.903,16234.638,20413.947,15873.722,17529.285,36854.816
7867,2014-11-24 19:00:00,14803.903,16234.638,20413.947,15873.722,17529.285,36854.816
7868,2014-11-24 20:00:00,14800.184,16231.635,20406.674,15872.463,17524.11,36836.977
7869,2014-11-24 21:00:00,14800.323,16231.878,20406.674,15872.463,17524.11,36836.977
7870,2014-11-24 22:00:00,14803.903,16234.476,20413.39,15873.62,17529.21,36849.547
7871,2014-11-24 23:00:00,14803.903,16234.476,20413.795,15873.62,17529.21,36852.86
7872,2014-11-25 00:00:00,14803.903,16234.638,20413.947,15873.722,17529.285,36854.816
7873,2014-11-25 01:00:00,14803.903,16234.704,20413.947,15873.722,17529.285,36855.152
7874,2014-11-25 02:00:00,14803.903,16234.704,20413.947,15873.722,17529.285,36855.152
7875,2014-11-25 03:00:00,14803.903,16234.798,20414.14,15873.722,17529.285,36855.645
7876,2014-11-25 04:00:00,14803.903,16234.881,20414.787,15873.904,17530.367,36855.645
7877,2014-11-25 05:00:00,14804.154,16235.003,20415.436,15874.163,17530.453,36855.75
7878,2014-11-25 06:00:00,14804.154,16235.424,20417.318,15875.051,17531.027,36855.758
7879,2014-11-25 07:00:00,14804.54,16236.044,20418.857,15876.366,17531.494,36856.746
7880,2014-11-25 08:00:00,14805.174,16237.251,20422.574,15877.205,17533.848,36861.453
7881,2014-11-25 09:00:00,14805.396,16237.418,20422.79,15877.278,17533.848,36862.844
7882,2014-11-25 10:00:00,14805.396,16237.418,20422.79,15877.278,17534.594,36863.72
7883,2014-11-25 11:00:00,14805.396,16237.418,20422.79,15877.278,17535.375,36865.504
7884,2014-11-25 12:00:00,14805.396,16237.418,20422.887,15877.36,17535.375,36865.53
7885,2014-11-25 13:00:00,14805.396,16237.418,20422.887,15877.36,17535.375,36865.53
7886,2014-11-25 14:00:00,14805.396,16237.418,20422.887,15877.36,17535.375,36865.53
7887,2014-11-25 15:00:00,14805.396,16237.418,20422.887,15877.36,17535.375,36865.53
7888,2014-11-25 16:00:00,14805.396,16237.418,20422.887,15877.36,17535.375,36865.53
7889,2014-11-25 17:00:00,14805.396,16237.418,20422.887,15877.36,17535.375,36865.53
7890,2014-11-25 18:00:00,14805.396,16237.418,20422.887,15877.36,17535.375,36865.53
7891,2014-11-25 19:00:00,14805.396,16237.418,20422.887,15877.36,17535.375,36865.53
7892,2014-11-25 20:00:00,14805.065,16236.457,20420.666,15877.107,17532.674,36858.32
7893,2014-11-25 21:00:00,14805.065,16237.004,20421.08,15877.205,17533.523,36859.285
7894,2014-11-25 22:00:00,14805.396,16237.418,20422.887,15877.36,17535.375,36865.53
7895,2014-11-25 23:00:00,14805.396,16237.418,20422.887,15877.36,17535.375,36865.53
7896,2014-11-26 00:00:00,14805.396,16237.418,20422.887,15877.36,17535.375,36865.53
7897,2014-11-26 01:00:00,14805.396,16237.418,20422.887,15877.36,17535.375,36865.53
7898,2014-11-26 02:00:00,14805.396,16237.418,20422.887,15877.36,17535.375,36865.53
7899,2014-11-26 03:00:00,14805.396,16237.418,20422.887,15877.36,17535.375,36865.53
7900,2014-11-26 04:00:00,14805.396,16237.418,20422.887,15877.36,17535.375,36865.53
7901,2014-11-26 05:00:00,14805.396,16237.418,20422.887,15877.36,17535.375,36865.53
7902,2014-11-26 06:00:00,14805.396,16237.418,20422.887,15877.36,17535.375,36865.53
7903,2014-11-26 07:00:00,14805.396,16237.418,20422.887,15877.36,17535.375,36865.53
7904,2014-11-26 08:00:00,14805.396,16237.418,20422.887,15877.36,17535.375,36865.53
7905,2014-11-26 09:00:00,14805.396,16237.418,20422.887,15877.36,17535.375,36865.53
7906,2014-11-26 10:00:00,14805.396,16237.418,20422.887,15877.36,17535.375,36865.53
7907,2014-11-26 11:00:00,14805.396,16237.418,20422.887,15877.36,17535.375,36865.53
7908,2014-11-26 12:00:00,14805.396,16237.418,20422.887,15877.36,17535.375,36865.53
7909,2014-11-26 13:00:00,14805.396,16237.418,20422.887,15877.36,17535.375,36865.53
7910,2014-11-26 14:00:00,14805.396,16237.418,20422.887,15877.36,17535.375,36865.53
7911,2014-11-26 15:00:00,14805.396,16237.418,20422.887,15877.36,17535.375,36865.53
7912,2014-11-26 16:00:00,14805.396,16237.418,20422.887,15877.36,17535.375,36865.53
7913,2014-11-26 17:00:00,14805.396,16237.418,20422.887,15877.36,17535.375,36865.53
7914,2014-11-26 18:00:00,14805.396,16237.418,20422.887,15877.36,17535.375,36865.53
7915,2014-11-26 19:00:00,14805.396,16237.418,20422.887,15877.36,17535.375,36865.53
7916,2014-11-26 20:00:00,14805.396,16237.418,20422.887,15877.36,17535.375,36865.53
7917,2014-11-26 21:00:00,14805.396,16237.418,20422.887,15877.36,17535.375,36865.53
7918,2014-11-26 22:00:00,14805.396,16237.418,20422.887,15877.36,17535.375,36865.53
7919,2014-11-26 23:00:00,14805.396,16237.418,20422.887,15877.36,17535.375,36865.53
7920,2014-11-27 00:00:00,14805.396,16237.418,20422.887,15877.36,17535.375,36865.53
7921,2014-11-27 01:00:00,14805.396,16237.418,20422.887,15877.36,17535.375,36865.53
7922,2014-11-27 02:00:00,14805.396,16237.418,20422.887,15877.36,17535.375,36865.53
7923,2014-11-27 03:00:00,14805.396,16237.418,20422.887,15877.36,17535.375,36865.53
7924,2014-11-27 04:00:00,14805.396,16237.418,20422.887,15877.36,17535.375,36865.53
7925,2014-11-27 05:00:00,14805.396,16237.418,20422.887,15877.36,17535.375,36865.53
7926,2014-11-27 06:00:00,14805.396,16237.418,20422.887,15877.36,17535.375,36865.53
7927,2014-11-27 07:00:00,14805.396,16237.418,20422.887,15877.36,17535.375,36865.53
7928,2014-11-27 08:00:00,14805.396,16237.418,20422.887,15877.36,17535.375,36865.53
7929,2014-11-27 09:00:00,14805.396,16237.418,20422.887,15877.36,17535.375,36865.53
7930,2014-11-27 10:00:00,14805.396,16237.418,20422.887,15877.36,17535.375,36865.53
7931,2014-11-27 11:00:00,14805.396,16237.418,20422.887,15877.36,17535.375,36865.53
7932,2014-11-27 12:00:00,14805.396,16237.418,20422.887,15877.36,17535.375,36865.53
7933,2014-11-27 13:00:00,14805.396,16237.418,20422.887,15877.36,17535.375,36865.53
7934,2014-11-27 14:00:00,14805.396,16237.418,20422.887,15877.36,17535.375,36865.53
7935,2014-11-27 15:00:00,14805.396,16237.418,20422.887,15877.36,17535.375,36865.53
7936,2014-11-27 16:00:00,14805.396,16237.418,20422.887,15877.36,17535.375,36865.53
7937,2014-11-27 17:00:00,14805.396,16237.418,20422.887,15877.36,17535.375,36865.53
7938,2014-11-27 18:00:00,14805.396,16237.418,20422.887,15877.36,17535.375,36865.53
7939,2014-11-27 19:00:00,14805.396,16237.418,20422.887,15877.36,17535.375,36865.53
7940,2014-11-27 20:00:00,14805.396,16237.418,20422.887,15877.36,17535.375,36865.53
7941,2014-11-27 21:00:00,14805.396,16237.418,20422.887,15877.36,17535.375,36865.53
7942,2014-11-27 22:00:00,14805.396,16237.418,20422.887,15877.36,17535.375,36865.53
7943,2014-11-27 23:00:00,14805.396,16237.418,20422.887,15877.36,17535.375,36865.53
7944,2014-11-28 00:00:00,14805.396,16237.418,20422.887,15877.36,17535.375,36865.53
7945,2014-11-28 01:00:00,14805.396,16237.418,20422.887,15877.36,17535.375,36865.53
7946,2014-11-28 02:00:00,14805.396,16237.418,20422.887,15877.36,17535.375,36865.53
7947,2014-11-28 03:00:00,14805.396,16237.418,20422.887,15877.36,17535.375,36865.53
7948,2014-11-28 04:00:00,14805.396,16237.418,20422.887,15877.36,17535.375,36865.53
7949,2014-11-28 05:00:00,14805.396,16237.418,20422.887,15877.36,17535.375,36865.53
7950,2014-11-28 06:00:00,14805.396,16237.418,20422.887,15877.36,17535.375,36865.53
7951,2014-11-28 07:00:00,14805.396,16237.418,20422.887,15877.36,17535.375,36865.53
7952,2014-11-28 08:00:00,14805.396,16237.418,20422.887,15877.36,17535.375,36865.53
7953,2014-11-28 09:00:00,14805.396,16237.418,20422.887,15877.36,17535.375,36865.53
7954,2014-11-28 10:00:00,14805.396,16237.418,20422.887,15877.36,17535.375,36865.53
7955,2014-11-28 11:00:00,14805.396,16237.418,20422.887,15877.36,17535.375,36865.53
7956,2014-11-28 12:00:00,14805.396,16237.418,20422.887,15877.36,17535.375,36865.53
7957,2014-11-28 13:00:00,14805.396,16237.418,20422.887,15877.36,17535.375,36865.53
7958,2014-11-28 14:00:00,14805.396,16237.418,20422.887,15877.36,17535.375,36865.53
7959,2014-11-28 15:00:00,14805.396,16237.418,20422.887,15877.36,17535.375,36865.53
7960,2014-11-28 16:00:00,14805.396,16237.418,20422.887,15877.36,17535.375,36865.53
7961,2014-11-28 17:00:00,14805.396,16237.418,20422.887,15877.36,17535.375,36865.53
7962,2014-11-28 18:00:00,14805.396,16237.418,20422.887,15877.36,17535.375,36865.53
7963,2014-11-28 19:00:00,14805.396,16237.418,20422.887,15877.36,17535.375,36865.53
7964,2014-11-28 20:00:00,14805.396,16237.418,20422.887,15877.36,17535.375,36865.53
7965,2014-11-28 21:00:00,14805.396,16237.418,20422.887,15877.36,17535.375,36865.53
7966,2014-11-28 22:00:00,14805.396,16237.418,20422.887,15877.36,17535.375,36865.53
7967,2014-11-28 23:00:00,14805.396,16237.418,20422.887,15877.36,17535.375,36865.53
7968,2014-11-29 00:00:00,14805.396,16237.418,20422.887,15877.36,17535.375,36865.53
7969,2014-11-29 01:00:00,14805.396,16237.418,20422.887,15877.36,17535.375,36865.53
7970,2014-11-29 02:00:00,14805.396,16237.418,20422.887,15877.36,17535.375,36865.53
7971,2014-11-29 03:00:00,14805.396,16237.418,20422.887,15877.36,17535.375,36865.53
7972,2014-11-29 04:00:00,14805.396,16237.418,20422.887,15877.36,17535.375,36865.53
7973,2014-11-29 05:00:00,14805.396,16237.418,20422.887,15877.36,17535.375,36865.53
7974,2014-11-29 06:00:00,14805.396,16237.418,20422.887,15877.36,17535.375,36865.53
7975,2014-11-29 07:00:00,14805.396,16237.418,20422.887,15877.36,17535.375,36865.53
7976,2014-11-29 08:00:00,14805.396,16237.418,20422.887,15877.36,17535.375,36865.53
7977,2014-11-29 09:00:00,14805.396,16237.418,20422.887,15877.36,17535.375,36865.53
7978,2014-11-29 10:00:00,14805.396,16237.418,20422.887,15877.36,17535.375,36865.53
7979,2014-11-29 11:00:00,14805.396,16237.418,20422.887,15877.36,17535.375,36865.53
7980,2014-11-29 12:00:00,14805.396,16237.418,20422.887,15877.36,17535.375,36865.53
7981,2014-11-29 13:00:00,14805.396,16237.418,20422.887,15877.36,17535.375,36865.53
7982,2014-11-29 14:00:00,14805.396,16237.418,20422.887,15877.36,17535.375,36865.53
7983,2014-11-29 15:00:00,14805.396,16237.418,20422.887,15877.36,17535.375,36865.53
7984,2014-11-29 16:00:00,14805.396,16237.418,20422.887,15877.36,17535.375,36865.53
7985,2014-11-29 17:00:00,14805.396,16237.418,20422.887,15877.36,17535.375,36865.53
7986,2014-11-29 18:00:00,14805.396,16237.418,20422.887,15877.36,17535.375,36865.53
7987,2014-11-29 19:00:00,14805.396,16237.418,20422.887,15877.36,17535.375,36865.53
7988,2014-11-29 20:00:00,14805.396,16237.418,20422.887,15877.36,17535.375,36865.53
7989,2014-11-29 21:00:00,14805.396,16237.418,20422.887,15877.36,17535.375,36865.53
7990,2014-11-29 22:00:00,14805.396,16237.418,20422.887,15877.36,17535.375,36865.53
7991,2014-11-29 23:00:00,14805.396,16237.418,20422.887,15877.36,17535.375,36865.53
7992,2014-11-30 00:00:00,14805.396,16237.418,20422.887,15877.36,17535.375,36865.53
7993,2014-11-30 01:00:00,14805.396,16237.418,20422.887,15877.36,17535.375,36865.53
7994,2014-11-30 02:00:00,14805.396,16237.418,20422.887,15877.36,17535.375,36865.53
7995,2014-11-30 03:00:00,14805.396,16237.418,20422.887,15877.36,17535.375,36865.53
7996,2014-11-30 04:00:00,14805.396,16237.418,20422.887,15877.36,17535.375,36865.53
7997,2014-11-30 05:00:00,14805.396,16237.418,20422.887,15877.36,17535.375,36865.53
7998,2014-11-30 06:00:00,14805.396,16237.418,20422.887,15877.36,17535.375,36865.53
7999,2014-11-30 07:00:00,14805.396,16237.418,20422.887,15877.479,17535.375,36865.53
8000,2014-11-30 08:00:00,14805.564,16237.486,20422.887,15878.308,17535.375,36865.53
8001,2014-11-30 09:00:00,14806.053,16237.486,20422.887,15878.346,17535.375,36865.53
8002,2014-11-30 10:00:00,14806.053,16237.486,20422.887,15878.346,17535.375,36865.53
8003,2014-11-30 11:00:00,14806.053,16237.486,20422.887,15878.346,17535.375,36865.53
8004,2014-11-30 12:00:00,14806.053,16237.486,20422.887,15878.346,17535.375,36865.53
8005,2014-11-30 13:00:00,14806.053,16237.486,20422.887,15878.346,17535.375,36865.53
8006,2014-11-30 14:00:00,14806.053,16237.486,20422.887,15878.346,17535.375,36865.53
8007,2014-11-30 15:00:00,14806.053,16237.486,20422.887,15878.346,17535.375,36865.53
8008,2014-11-30 16:00:00,14806.053,16237.486,20422.887,15878.346,17535.375,36865.53
8009,2014-11-30 17:00:00,14806.053,16237.486,20422.887,15878.346,17535.375,36865.53
8010,2014-11-30 18:00:00,14806.053,16237.486,20422.887,15878.346,17535.375,36865.53
8011,2014-11-30 19:00:00,14806.053,16237.486,20422.887,15878.346,17535.375,36865.53
8012,2014-11-30 20:00:00,14806.053,16237.486,20422.887,15878.346,17535.375,36865.53
8013,2014-11-30 21:00:00,14806.053,16237.486,20422.887,15878.346,17535.375,36865.53
8014,2014-11-30 22:00:00,14806.053,16237.486,20422.887,15878.346,17535.375,36865.53
8015,2014-11-30 23:00:00,14806.053,16237.486,20422.887,15878.346,17535.375,36865.53
8016,2014-12-01 00:00:00,14806.053,16237.486,20422.887,15878.346,17535.375,36865.53
8017,2014-12-01 01:00:00,14806.053,16237.486,20422.887,15878.346,17535.375,36865.53
8018,2014-12-01 02:00:00,14806.053,16237.486,20422.887,15878.346,17535.375,36865.53
8019,2014-12-01 03:00:00,14806.053,16237.486,20422.887,15878.346,17535.375,36865.53
8020,2014-12-01 04:00:00,14806.053,16237.486,20422.887,15878.346,17535.375,36865.53
8021,2014-12-01 05:00:00,14806.053,16237.486,20422.887,15878.346,17535.375,36865.53
8022,2014-12-01 06:00:00,14806.053,16237.486,20422.887,15878.346,17535.375,36865.53
8023,2014-12-01 07:00:00,14806.053,16237.486,20422.887,15878.346,17535.375,36865.53
8024,2014-12-01 08:00:00,14806.053,16237.486,20422.887,15878.346,17535.375,36865.53
8025,2014-12-01 09:00:00,14806.053,16237.486,20422.887,15878.346,17535.375,36865.53
8026,2014-12-01 10:00:00,14806.053,16237.486,20422.887,15878.346,17535.375,36865.53
8027,2014-12-01 11:00:00,14806.053,16237.486,20422.887,15878.346,17535.375,36865.53
8028,2014-12-01 12:00:00,14806.053,16237.486,20422.887,15878.346,17535.375,36865.53
8029,2014-12-01 13:00:00,14806.053,16237.486,20422.887,15878.346,17535.375,36865.53
8030,2014-12-01 14:00:00,14806.053,16237.486,20422.887,15878.346,17535.375,36865.53
8031,2014-12-01 15:00:00,14806.053,16237.486,20422.887,15878.346,17535.375,36865.53
8032,2014-12-01 16:00:00,14806.053,16237.486,20422.887,15878.346,17535.375,36865.53
8033,2014-12-01 17:00:00,14806.053,16237.486,20422.887,15878.346,17535.375,36865.53
8034,2014-12-01 18:00:00,14806.053,16237.486,20422.887,15878.346,17535.375,36865.53
8035,2014-12-01 19:00:00,14806.053,16237.486,20422.887,15878.346,17535.375,36865.53
8036,2014-12-01 20:00:00,14806.053,16237.486,20422.887,15878.346,17535.375,36865.53
8037,2014-12-01 21:00:00,14806.053,16237.549,20422.887,15878.527,17535.375,36865.53
8038,2014-12-01 22:00:00,14806.632,16238.282,20422.887,15879.261,17535.375,36865.53
8039,2014-12-01 23:00:00,14807.298,16239.039,20422.887,15879.927,17535.375,36865.53
8040,2014-12-02 00:00:00,14815.705,16250.774,20424.512,15891.903,17537.549,36878.297
8041,2014-12-02 01:00:00,14815.705,16250.774,20425.186,15891.903,17537.549,36879.42
8042,2014-12-02 02:00:00,14815.705,16250.774,20425.676,15891.903,17537.549,36880.78
8043,2014-12-02 03:00:00,14815.705,16250.87,20425.676,15891.903,17538.303,36880.78
8044,2014-12-02 04:00:00,14815.705,16250.87,20425.676,15891.903,17538.936,36880.78
8045,2014-12-02 05:00:00,14815.705,16250.87,20425.676,15891.903,17538.936,36880.78
8046,2014-12-02 06:00:00,14815.705,16250.87,20425.676,15891.903,17538.936,36880.78
8047,2014-12-02 07:00:00,14815.705,16250.87,20425.676,15891.903,17538.936,36880.78
8048,2014-12-02 08:00:00,14815.705,16250.87,20425.676,15891.903,17538.936,36880.78
8049,2014-12-02 09:00:00,14807.952,16239.713,20422.887,15880.601,17535.375,36865.53
8050,2014-12-02 10:00:00,14808.604,16240.592,20422.887,15881.589,17535.375,36865.53
8051,2014-12-02 11:00:00,14809.449,16241.562,20422.887,15882.541,17535.375,36865.53
8052,2014-12-02 12:00:00,14810.258,16242.37,20422.887,15883.35,17535.375,36865.53
8053,2014-12-02 13:00:00,14811.11,16243.223,20422.887,15884.202,17535.375,36865.53
8054,2014-12-02 14:00:00,14811.441,16244.077,20422.887,15885.057,17535.375,36865.53
8055,2014-12-02 15:00:00,14811.529,16244.959,20422.887,15885.938,17535.375,36865.53
8056,2014-12-02 16:00:00,14811.709,16245.8125,20422.887,15886.792,17535.375,36868.336
8057,2014-12-02 17:00:00,14812.493,16246.877,20423.045,15887.6875,17535.375,36871.473
8058,2014-12-02 18:00:00,14813.637,16248.539,20424.049,15889.35,17536.271,36874.797
8059,2014-12-02 19:00:00,14814.992,16249.433,20424.303,15890.777,17536.812,36875.94
8060,2014-12-02 20:00:00,14815.59,16250.268,20424.303,15891.414,17537.246,36876.312
8061,2014-12-02 21:00:00,14815.705,16250.774,20424.512,15891.903,17537.549,36877.08
8062,2014-12-02 22:00:00,14815.705,16250.774,20424.512,15891.903,17537.549,36878.203
8063,2014-12-02 23:00:00,14815.705,16250.774,20424.512,15891.903,17537.549,36878.297
8064,2014-12-03 00:00:00,14815.705,16250.87,20425.676,15891.903,17538.936,36880.78
8065,2014-12-03 01:00:00,14815.705,16250.87,20425.676,15891.903,17539.127,36880.78
8066,2014-12-03 02:00:00,14815.705,16250.87,20425.873,15891.903,17539.16,36880.78
8067,2014-12-03 03:00:00,14815.705,16251.208,20426.127,15892.171,17539.16,36880.78
8068,2014-12-03 04:00:00,14815.705,16252.044,20427.889,15892.424,17539.16,36880.78
8069,2014-12-03 05:00:00,14815.705,16252.859,20429.44,15893.246,17539.16,36880.78
8070,2014-12-03 06:00:00,14815.705,16253.706,20431.133,15894.093,17539.16,36880.78
8071,2014-12-03 07:00:00,14815.914,16254.704,20432.3,15895.821,17539.354,36880.78
8072,2014-12-03 08:00:00,14816.249,16255.848,20435.736,15898.132,17539.479,36881.258
8073,2014-12-03 09:00:00,14816.8545,16256.939,20439.596,15900.636,17539.518,36884.883
8074,2014-12-03 10:00:00,14816.947,16258.392,20443.13,15903.755,17541.268,36887.23
8075,2014-12-03 11:00:00,14816.947,16259.263,20446.615,15907.836,17543.01,36890.715
8076,2014-12-03 12:00:00,14816.947,16260.115,20449.959,15911.49,17544.682,36893.934
8077,2014-12-03 13:00:00,14816.947,16260.963,20452.627,15914.526,17546.377,36893.965
8078,2014-12-03 14:00:00,14816.947,16261.164,20454.395,15915.851,17546.893,36895.45
8079,2014-12-03 15:00:00,14816.947,16261.164,20454.63,15915.851,17546.893,36896.566
8080,2014-12-03 16:00:00,14816.947,16261.164,20454.63,15915.851,17546.893,36899.67
8081,2014-12-03 17:00:00,14816.947,16261.164,20454.63,15915.851,17546.893,36902.684
8082,2014-12-03 18:00:00,14817.379,16261.164,20454.63,15915.851,17547.61,36905.484
8083,2014-12-03 19:00:00,14818.346,16261.164,20454.63,15915.851,17549.543,36909.094
8084,2014-12-03 20:00:00,14818.962,16261.164,20454.63,15915.851,17550.82,36911.305
8085,2014-12-03 21:00:00,14818.962,16261.164,20454.63,15915.851,17550.82,36913.746
8086,2014-12-03 22:00:00,14818.962,16261.242,20454.63,15915.851,17551.008,36913.746
8087,2014-12-03 23:00:00,14818.962,16261.32,20454.63,15915.851,17551.248,36913.746
8088,2014-12-04 00:00:00,14818.962,16261.643,20454.63,15915.851,17551.48,36913.746
8089,2014-12-04 01:00:00,14818.962,16261.643,20454.63,15915.851,17551.81,36913.746
8090,2014-12-04 02:00:00,14819.1045,16261.716,20454.63,15915.851,17552.406,36913.746
8091,2014-12-04 03:00:00,14819.1045,16261.716,20454.63,15915.851,17552.406,36913.746
8092,2014-12-04 04:00:00,14819.1045,16261.716,20454.63,15915.851,17552.406,36913.746
8093,2014-12-04 05:00:00,14819.1045,16261.716,20454.63,15915.851,17552.406,36913.746
8094,2014-12-04 06:00:00,14819.1045,16261.716,20454.63,15915.851,17552.406,36913.746
8095,2014-12-04 07:00:00,14819.1045,16261.716,20454.63,15915.851,17552.406,36913.746
8096,2014-12-04 08:00:00,14819.1045,16261.716,20454.63,15915.851,17552.406,36913.746
8097,2014-12-04 09:00:00,14819.1045,16261.716,20454.63,15915.851,17552.406,36913.746
8098,2014-12-04 10:00:00,14819.1045,16261.716,20454.63,15915.851,17552.406,36913.746
8099,2014-12-04 11:00:00,14819.1045,16261.716,20454.63,15915.851,17552.406,36913.746
8100,2014-12-04 12:00:00,14819.1045,16261.716,20454.63,15915.851,17552.406,36913.746
8101,2014-12-04 13:00:00,14819.1045,16261.716,20454.63,15915.851,17552.406,36913.746
8102,2014-12-04 14:00:00,14819.1045,16261.716,20454.63,15915.851,17552.406,36913.746
8103,2014-12-04 15:00:00,14819.1045,16261.716,20454.63,15915.851,17552.406,36913.746
8104,2014-12-04 16:00:00,14819.1045,16261.716,20454.63,15915.851,17552.406,36913.746
8105,2014-12-04 17:00:00,14819.1045,16261.716,20454.63,15915.851,17552.406,36913.746
8106,2014-12-04 18:00:00,14819.1045,16261.716,20454.63,15915.851,17552.406,36913.746
8107,2014-12-04 19:00:00,14819.1045,16261.716,20454.63,15915.851,17552.406,36913.746
8108,2014-12-04 20:00:00,14819.1045,16261.716,20454.63,15915.851,17552.406,36913.746
8109,2014-12-04 21:00:00,14819.1045,16261.716,20454.63,15915.851,17552.406,36913.746
8110,2014-12-04 22:00:00,14819.1045,16261.716,20454.63,15915.851,17552.406,36913.746
8111,2014-12-04 23:00:00,14819.1045,16261.716,20454.63,15915.851,17552.406,36913.746
8112,2014-12-05 00:00:00,14819.1045,16261.716,20454.63,15915.851,17552.406,36913.746
8113,2014-12-05 01:00:00,14819.1045,16261.716,20454.63,15915.851,17552.406,36913.746
8114,2014-12-05 02:00:00,14819.1045,16261.716,20454.63,15915.851,17552.406,36913.746
8115,2014-12-05 03:00:00,14819.1045,16261.716,20454.63,15915.851,17552.406,36913.746
8116,2014-12-05 04:00:00,14819.1045,16261.716,20454.63,15915.851,17552.406,36913.746
8117,2014-12-05 05:00:00,14819.1045,16261.716,20454.63,15915.851,17552.406,36913.746
8118,2014-12-05 06:00:00,14819.1045,16261.716,20454.63,15915.851,17552.406,36913.746
8119,2014-12-05 07:00:00,14819.1045,16261.716,20454.63,15915.851,17552.406,36913.746
8120,2014-12-05 08:00:00,14819.1045,16261.716,20454.63,15915.851,17552.406,36913.746
8121,2014-12-05 09:00:00,14819.1045,16261.716,20454.63,15916.037,17552.406,36913.746
8122,2014-12-05 10:00:00,14819.1045,16261.716,20454.63,15916.037,17552.406,36913.746
8123,2014-12-05 11:00:00,14819.1045,16261.765,20454.63,15916.101,17552.406,36913.746
8124,2014-12-05 12:00:00,14819.1045,16261.92,20454.63,15916.817,17552.406,36913.746
8125,2014-12-05 13:00:00,14819.1045,16261.92,20454.63,15916.849,17552.406,36913.746
8126,2014-12-05 14:00:00,14819.1045,16261.92,20454.63,15916.849,17552.406,36913.746
8127,2014-12-05 15:00:00,14819.1045,16261.92,20454.63,15916.849,17552.406,36913.746
8128,2014-12-05 16:00:00,14819.1045,16261.92,20454.63,15916.849,17552.406,36913.746
8129,2014-12-05 17:00:00,14819.1045,16261.92,20454.63,15916.849,17552.406,36913.746
8130,2014-12-05 18:00:00,14819.1045,16262.099,20454.63,15916.849,17552.814,36913.746
8131,2014-12-05 19:00:00,14819.1045,16262.896,20454.926,15917.581,17555.332,36914.297
8132,2014-12-05 20:00:00,14819.676,16262.896,20454.988,15918.262,17559.965,36915.11
8133,2014-12-05 21:00:00,14819.676,16262.896,20455.854,15918.262,17563.43,36915.273
8134,2014-12-05 22:00:00,14819.676,16262.933,20456.768,15918.262,17564.342,36915.797
8135,2014-12-05 23:00:00,14819.676,16262.933,20458.225,15918.262,17564.951,36915.797
8136,2014-12-06 00:00:00,14819.676,16262.933,20458.225,15918.262,17564.951,36915.797
8137,2014-12-06 01:00:00,14819.676,16262.972,20458.225,15918.262,17566.502,36916.08
8138,2014-12-06 02:00:00,14819.831,16263.016,20459.479,15918.262,17566.502,36917.816
8139,2014-12-06 03:00:00,14819.982,16263.016,20459.727,15918.262,17567.246,36918.715
8140,2014-12-06 04:00:00,14820.805,16263.737,20460.65,15918.262,17568.383,36919.875
8141,2014-12-06 05:00:00,14820.805,16264.218,20460.65,15918.262,17568.578,36919.875
8142,2014-12-06 06:00:00,14820.805,16264.218,20462.248,15918.262,17568.674,36920.605
8143,2014-12-06 07:00:00,14820.889,16264.218,20463.395,15918.262,17568.674,36921.582
8144,2014-12-06 08:00:00,14820.889,16264.218,20463.395,15918.262,17568.674,36921.582
8145,2014-12-06 09:00:00,14820.889,16264.218,20463.395,15918.262,17568.674,36921.582
8146,2014-12-06 10:00:00,14820.889,16264.218,20463.395,15918.262,17568.674,36921.582
8147,2014-12-06 11:00:00,14820.889,16264.319,20463.395,15918.262,17568.674,36921.582
8148,2014-12-06 12:00:00,14820.889,16264.354,20463.395,15918.262,17568.674,36921.582
8149,2014-12-06 13:00:00,14820.889,16264.354,20463.395,15918.262,17568.674,36921.582
8150,2014-12-06 14:00:00,14820.889,16264.354,20463.395,15918.301,17568.674,36921.582
8151,2014-12-06 15:00:00,14821.354,16264.613,20463.395,15918.82,17568.674,36922.395
8152,2014-12-06 16:00:00,14822.396,16264.871,20463.395,15918.924,17568.674,36923.934
8153,2014-12-06 17:00:00,14823.803,16265.173,20463.395,15919.273,17568.674,36925.137
8154,2014-12-06 18:00:00,14824.6045,16265.627,20464.658,15920.401,17569.545,36926.695
8155,2014-12-06 19:00:00,14826.883,16266.951,20465.158,15922.486,17569.902,36929.844
8156,2014-12-06 20:00:00,14828.881,16267.811,20468.26,15922.792,17571.703,36933.25
8157,2014-12-06 21:00:00,14831.054,16269.747,20469.36,15923.774,17572.033,36935.906
8158,2014-12-06 22:00:00,14832.143,16270.624,20469.94,15925.88,17572.459,36937.508
8159,2014-12-06 23:00:00,14832.437,16271.264,20473.04,15926.979,17574.088,36940.52
8160,2014-12-07 00:00:00,14832.534,16271.278,20473.574,15927.52,17574.791,36941.49
8161,2014-12-07 01:00:00,14832.568,16271.563,20474.572,15928.015,17576.629,36943.145
8162,2014-12-07 02:00:00,14832.646,16272.333,20476.982,15928.706,17580.717,36947.246
8163,2014-12-07 03:00:00,14832.83,16273.777,20479.531,15930.699,17583.994,36949.582
8164,2014-12-07 04:00:00,14833.409,16273.892,20480.31,15931.5,17584.629,36951.22
8165,2014-12-07 05:00:00,14833.409,16274.349,20480.99,15931.656,17585.785,36953.53
8166,2014-12-07 06:00:00,14833.409,16274.657,20480.99,15932.011,17586.668,36953.53
8167,2014-12-07 07:00:00,14833.476,16274.657,20480.99,15932.255,17586.814,36953.53
8168,2014-12-07 08:00:00,14833.476,16274.657,20482.246,15932.255,17586.814,36953.957
8169,2014-12-07 09:00:00,14833.557,16274.715,20482.697,15932.255,17587.527,36953.957
8170,2014-12-07 10:00:00,14833.694,16274.926,20483.637,15932.255,17588.389,36954.113
8171,2014-12-07 11:00:00,14833.923,16275.338,20484.816,15932.255,17590.543,36954.562
8172,2014-12-07 12:00:00,14833.923,16275.667,20485.033,15932.255,17590.543,36954.562
8173,2014-12-07 13:00:00,14833.923,16276.065,20485.451,15932.399,17591.748,36955.03
8174,2014-12-07 14:00:00,14835.109,16276.867,20487.055,15933.01,17591.756,36957.0
8175,2014-12-07 15:00:00,14835.472,16276.867,20487.055,15933.01,17592.998,36957.195
8176,2014-12-07 16:00:00,14835.472,16277.267,20488.883,15933.58,17596.883,36958.434
8177,2014-12-07 17:00:00,14838.788,16278.915,20490.406,15935.097,17597.113,36961.13
8178,2014-12-07 18:00:00,14839.46,16278.915,20490.578,15935.164,17598.652,36962.14
8179,2014-12-07 19:00:00,14839.46,16278.915,20492.16,15935.3,17598.652,36964.035
8180,2014-12-07 20:00:00,14839.46,16281.037,20493.3,15936.402,17598.762,36965.35
8181,2014-12-07 21:00:00,14841.873,16282.404,20493.508,15937.657,17598.762,36967.36
8182,2014-12-07 22:00:00,14842.031,16282.404,20494.264,15937.792,17598.986,36967.36
8183,2014-12-07 23:00:00,14842.031,16282.762,20495.53,15938.889,17599.436,36967.977
8184,2014-12-08 00:00:00,14843.735,16283.556,20498.273,15940.143,17601.582,36972.21
8185,2014-12-08 01:00:00,14844.159,16285.569,20499.928,15940.9795,17603.887,36973.516
8186,2014-12-08 02:00:00,14842.19,16282.856,20495.775,15939.047,17599.492,36968.3
8187,2014-12-08 03:00:00,14842.314,16282.856,20496.371,15939.427,17599.955,36969.66
8188,2014-12-08 04:00:00,14842.8125,16282.926,20496.701,15939.427,17599.986,36969.92
8189,2014-12-08 05:00:00,14843.396,16283.151,20497.121,15939.91,17601.553,36970.38
8190,2014-12-08 06:00:00,14845.532,16287.323,20500.574,15942.409,17603.887,36975.254
8191,2014-12-08 07:00:00,14845.793,16287.611,20500.828,15942.613,17603.887,36975.254
8192,2014-12-08 08:00:00,14846.034,16287.858,20501.57,15942.746,17604.604,36975.863
8193,2014-12-08 09:00:00,14846.315,16287.948,20502.379,15942.962,17604.604,36977.258
8194,2014-12-08 10:00:00,14846.315,16287.948,20502.428,15942.962,17605.0,36977.258
8195,2014-12-08 11:00:00,14846.315,16288.112,20502.732,15943.013,17605.547,36977.258
8196,2014-12-08 12:00:00,14846.339,16288.542,20503.969,15943.259,17605.596,36978.484
8197,2014-12-08 13:00:00,14846.405,16288.859,20505.947,15943.529,17605.926,36979.652
8198,2014-12-08 14:00:00,14847.229,16288.859,20507.947,15943.692,17607.166,36982.43
8199,2014-12-08 15:00:00,14847.952,16289.851,20509.271,15945.322,17607.879,36984.418
8200,2014-12-08 16:00:00,14848.073,16289.887,20509.271,15945.831,17608.148,36985.812
8201,2014-12-08 17:00:00,14848.279,16290.227,20509.547,15946.244,17610.38,36985.902
8202,2014-12-08 18:00:00,14849.619,16291.392,20510.018,15947.918,17610.828,36988.848
8203,2014-12-08 19:00:00,14851.122,16291.402,20510.486,15949.41,17611.28,36990.113
8204,2014-12-08 20:00:00,14851.531,16292.158,20510.486,15950.18,17613.145,36990.47
8205,2014-12-08 21:00:00,14851.925,16292.407,20511.844,15950.201,17613.145,36992.746
8206,2014-12-08 22:00:00,14852.031,16292.973,20514.1,15950.798,17613.479,36994.125
8207,2014-12-08 23:00:00,14852.121,16293.099,20516.195,15951.584,17613.479,36998.88
8208,2014-12-09 00:00:00,14852.846,16293.693,20517.97,15951.828,17613.88,37003.484
8209,2014-12-09 01:00:00,14852.846,16293.693,20517.97,15951.828,17613.88,37003.484
8210,2014-12-09 02:00:00,14852.846,16293.693,20517.97,15951.828,17613.88,37003.484
8211,2014-12-09 03:00:00,14852.846,16293.693,20517.97,15951.828,17613.88,37003.484
8212,2014-12-09 04:00:00,14852.846,16293.693,20517.97,15951.828,17613.88,37003.484
8213,2014-12-09 05:00:00,14853.063,16293.693,20517.97,15952.219,17613.88,37004.57
8214,2014-12-09 06:00:00,14853.923,16293.693,20517.97,15953.078,17613.893,37008.008
8215,2014-12-09 07:00:00,14855.009,16293.693,20517.97,15953.892,17615.482,37011.188
8216,2014-12-09 08:00:00,14856.933,16293.957,20517.97,15954.397,17617.104,37014.453
8217,2014-12-09 09:00:00,14858.933,16294.887,20517.97,15955.327,17618.963,37018.17
8218,2014-12-09 10:00:00,14862.02,16296.2,20518.63,15956.53,17621.39,37021.543
8219,2014-12-09 11:00:00,14865.179,16299.603,20520.996,15958.079,17624.393,37026.742
8220,2014-12-09 12:00:00,14870.041,16302.8955,20524.19,15960.4,17627.26,37033.47
8221,2014-12-09 13:00:00,14873.633,16304.972,20525.748,15962.689,17628.172,37039.37
8222,2014-12-09 14:00:00,14852.846,16293.607,20517.97,15951.828,17613.88,37003.484
8223,2014-12-09 15:00:00,14852.846,16293.607,20517.97,15951.828,17613.88,37003.484
8224,2014-12-09 16:00:00,14852.3125,16293.162,20516.895,15951.828,17613.596,37002.082
8225,2014-12-09 17:00:00,14852.846,16293.607,20516.895,15951.828,17613.596,37002.4
8226,2014-12-09 18:00:00,14852.846,16293.607,20517.275,15951.828,17613.596,37003.113
8227,2014-12-09 19:00:00,14852.846,16293.607,20517.97,15951.828,17613.596,37003.484
8228,2014-12-09 20:00:00,14852.846,16293.607,20517.97,15951.828,17613.596,37003.484
8229,2014-12-09 21:00:00,14852.846,16293.607,20517.97,15951.828,17613.88,37003.484
8230,2014-12-09 22:00:00,14852.846,16293.607,20517.97,15951.828,17613.88,37003.484
8231,2014-12-09 23:00:00,14852.846,16293.607,20517.97,15951.828,17613.88,37003.484
8232,2014-12-10 00:00:00,14874.491,16305.926,20528.125,15963.424,17629.176,37039.875
8233,2014-12-10 01:00:00,14874.519,16306.416,20533.096,15963.424,17631.203,37042.543
8234,2014-12-10 02:00:00,14875.449,16308.709,20535.752,15964.711,17633.91,37046.88
8235,2014-12-10 03:00:00,14876.331,16308.889,20537.03,15964.984,17634.965,37048.844
8236,2014-12-10 04:00:00,14877.054,16308.91,20538.299,15964.991,17636.36,37049.52
8237,2014-12-10 05:00:00,14877.57,16310.793,20541.129,15966.579,17637.617,37052.715
8238,2014-12-10 06:00:00,14878.138,16313.017,20542.215,15968.187,17637.848,37054.66
8239,2014-12-10 07:00:00,14878.784,16316.609,20542.596,15971.538,17638.133,37055.83
8240,2014-12-10 08:00:00,14880.086,16316.687,20542.596,15972.315,17638.133,37055.83
8241,2014-12-10 09:00:00,14880.086,16317.208,20542.652,15972.643,17638.479,37055.83
8242,2014-12-10 10:00:00,14880.417,16317.302,20543.373,15972.984,17638.646,37056.324
8243,2014-12-10 11:00:00,14880.486,16317.566,20543.393,15973.04,17638.771,37056.324
8244,2014-12-10 12:00:00,14880.943,16317.693,20543.393,15973.301,17638.771,37056.707
8245,2014-12-10 13:00:00,14881.746,16318.916,20543.434,15974.52,17639.43,37058.055
8246,2014-12-10 14:00:00,14883.346,16319.029,20544.996,15976.141,17640.14,37064.05
8247,2014-12-10 15:00:00,14884.374,16319.155,20546.77,15976.882,17642.3,37068.78
8248,2014-12-10 16:00:00,14885.361,16319.155,20547.398,15976.964,17643.082,37071.945
8249,2014-12-10 17:00:00,14885.747,16319.871,20547.92,15977.325,17643.713,37076.52
8250,2014-12-10 18:00:00,14887.937,16321.896,20548.418,15979.983,17643.713,37079.504
8251,2014-12-10 19:00:00,14888.596,16321.896,20548.418,15980.026,17644.057,37079.504
8252,2014-12-10 20:00:00,14888.725,16321.896,20548.541,15980.101,17645.33,37079.957
8253,2014-12-10 21:00:00,14888.987,16321.896,20548.709,15980.157,17645.887,37081.12
8254,2014-12-10 22:00:00,14889.379,16321.896,20549.234,15980.157,17647.941,37082.26
8255,2014-12-10 23:00:00,14889.74,16325.153,20551.676,15982.035,17648.36,37086.008
8256,2014-12-11 00:00:00,14898.162,16332.965,20555.469,15994.579,17657.969,37113.867
8257,2014-12-11 01:00:00,14900.016,16335.366,20558.01,15997.139,17661.082,37115.977
8258,2014-12-11 02:00:00,14900.016,16335.542,20558.615,15997.139,17661.082,37116.184
8259,2014-12-11 03:00:00,14900.016,16336.32,20558.615,15997.345,17661.19,37116.484
8260,2014-12-11 04:00:00,14900.224,16336.499,20558.615,15997.345,17661.309,37117.12
8261,2014-12-11 05:00:00,14897.12,16330.274,20555.469,15992.187,17657.969,37113.035
8262,2014-12-11 06:00:00,14891.626,16325.282,20552.049,15984.326,17648.549,37087.777
8263,2014-12-11 07:00:00,14892.8,16325.406,20552.049,15984.967,17648.887,37088.59
8264,2014-12-11 08:00:00,14892.977,16326.752,20552.201,15985.552,17649.408,37089.69
8265,2014-12-11 09:00:00,14893.71,16327.13,20552.986,15986.343,17649.69,37091.812
8266,2014-12-11 10:00:00,14894.699,16328.0625,20552.986,15987.618,17650.084,37092.15
8267,2014-12-11 11:00:00,14894.936,16328.729,20552.986,15987.893,17650.346,37093.26
8268,2014-12-11 12:00:00,14895.515,16329.006,20552.986,15988.468,17650.56,37094.895
8269,2014-12-11 13:00:00,14895.7,16329.264,20553.07,15988.751,17652.178,37095.766
8270,2014-12-11 14:00:00,14895.905,16329.326,20553.203,15988.76,17652.365,37096.816
8271,2014-12-11 15:00:00,14895.905,16329.326,20553.309,15988.76,17652.531,37097.406
8272,2014-12-11 16:00:00,14895.905,16329.326,20553.426,15988.854,17653.104,37100.766
8273,2014-12-11 17:00:00,14896.05,16329.326,20554.479,15989.4,17654.146,37104.7
8274,2014-12-11 18:00:00,14896.28,16329.326,20555.049,15989.874,17655.727,37108.09
8275,2014-12-11 19:00:00,14896.322,16329.326,20555.469,15990.649,17657.969,37111.223
8276,2014-12-11 20:00:00,14899.426,16333.258,20555.506,15995.772,17657.969,37113.867
8277,2014-12-11 21:00:00,14899.644,16333.513,20555.506,15995.959,17658.36,37114.16
8278,2014-12-11 22:00:00,14899.783,16334.75,20556.834,15996.389,17658.615,37115.914
8279,2014-12-11 23:00:00,14899.858,16335.366,20556.957,15997.139,17660.143,37115.92
8280,2014-12-12 00:00:00,14900.224,16336.499,20558.615,15997.345,17661.309,37117.9
8281,2014-12-12 01:00:00,14900.224,16336.499,20558.615,15997.345,17661.309,37117.9
8282,2014-12-12 02:00:00,14900.224,16336.499,20558.615,15997.345,17661.309,37117.9
8283,2014-12-12 03:00:00,14900.224,16336.499,20558.615,15997.345,17661.566,37117.9
8284,2014-12-12 04:00:00,14900.448,16336.546,20558.615,15998.02,17662.365,37119.867
8285,2014-12-12 05:00:00,14900.976,16337.0,20558.615,15999.254,17663.93,37122.727
8286,2014-12-12 06:00:00,14902.201,16338.432,20558.615,16000.691,17663.93,37125.492
8287,2014-12-12 07:00:00,14904.5205,16342.728,20558.662,16003.995,17664.506,37127.79
8288,2014-12-12 08:00:00,14909.461,16345.543,20558.957,16007.8,17665.307,37134.02
8289,2014-12-12 09:00:00,14910.512,16346.723,20558.957,16008.8545,17665.307,37134.83
8290,2014-12-12 10:00:00,14907.759,16343.858,20558.957,16005.672,17665.006,37130.797
8291,2014-12-12 11:00:00,14909.008,16344.724,20558.957,16006.889,17665.006,37132.023
8292,2014-12-12 12:00:00,14911.217,16346.956,20559.156,16008.8545,17666.338,37135.742
8293,2014-12-12 13:00:00,14911.35,16346.956,20559.307,16009.192,17666.338,37136.8
8294,2014-12-12 14:00:00,14912.14,16347.3545,20559.307,16010.794,17666.338,37136.8
8295,2014-12-12 15:00:00,14914.895,16347.414,20559.307,16013.689,17666.338,37137.92
8296,2014-12-12 16:00:00,14916.176,16348.569,20559.492,16014.452,17667.232,37138.07
8297,2014-12-12 17:00:00,14917.097,16348.569,20559.545,16015.078,17667.232,37140.324
8298,2014-12-12 18:00:00,14917.633,16348.571,20559.545,16015.476,17667.475,37140.324
8299,2014-12-12 19:00:00,14917.7705,16348.571,20559.545,16015.814,17667.475,37141.97
8300,2014-12-12 20:00:00,14917.7705,16348.745,20559.545,16015.944,17667.475,37143.074
8301,2014-12-12 21:00:00,14917.801,16348.903,20559.545,16016.686,17667.475,37143.664
8302,2014-12-12 22:00:00,14918.053,16350.78,20559.564,16017.9795,17668.168,37144.742
8303,2014-12-12 23:00:00,14919.213,16351.303,20560.83,16018.6875,17668.168,37146.746
8304,2014-12-13 00:00:00,14929.212,16361.454,20572.734,16028.614,17680.992,37170.82
8305,2014-12-13 01:00:00,14929.212,16362.386,20573.168,16028.837,17683.67,37171.086
8306,2014-12-13 02:00:00,14929.212,16362.44,20573.168,16028.837,17683.67,37171.086
8307,2014-12-13 03:00:00,14929.212,16362.584,20573.168,16028.837,17683.67,37171.086
8308,2014-12-13 04:00:00,14929.034,16360.532,20571.707,16028.522,17680.832,37169.203
8309,2014-12-13 05:00:00,14927.592,16358.255,20570.344,16027.323,17677.07,37166.715
8310,2014-12-13 06:00:00,14928.942,16359.774,20570.74,16028.142,17678.809,37168.383
8311,2014-12-13 07:00:00,14929.034,16360.37,20570.74,16028.325,17680.191,37168.586
8312,2014-12-13 08:00:00,14929.212,16361.454,20573.01,16028.674,17680.992,37170.945
8313,2014-12-13 09:00:00,14929.212,16361.454,20573.01,16028.674,17680.992,37170.945
8314,2014-12-13 10:00:00,14929.212,16361.454,20573.01,16028.674,17681.393,37170.945
8315,2014-12-13 11:00:00,14929.212,16361.653,20573.168,16028.674,17682.29,37170.945
8316,2014-12-13 12:00:00,14929.212,16361.821,20573.168,16028.837,17683.094,37171.086
8317,2014-12-13 13:00:00,14919.433,16351.821,20561.246,16019.323,17668.67,37146.746
8318,2014-12-13 14:00:00,14919.468,16352.654,20561.414,16019.984,17668.803,37146.957
8319,2014-12-13 15:00:00,14920.276,16352.852,20562.457,16020.568,17668.941,37148.586
8320,2014-12-13 16:00:00,14920.847,16353.154,20563.79,16020.883,17668.941,37149.69
8321,2014-12-13 17:00:00,14920.961,16354.154,20563.79,16021.68,17668.941,37151.54
8322,2014-12-13 18:00:00,14920.961,16354.844,20564.035,16022.043,17670.643,37152.83
8323,2014-12-13 19:00:00,14920.961,16355.037,20564.035,16023.2,17670.643,37153.31
8324,2014-12-13 20:00:00,14920.961,16355.076,20565.646,16023.401,17672.361,37154.605
8325,2014-12-13 21:00:00,14921.463,16356.358,20567.684,16024.597,17674.19,37157.39
8326,2014-12-13 22:00:00,14924.736,16356.732,20569.775,16027.277,17674.45,37162.508
8327,2014-12-13 23:00:00,14926.405,16357.394,20569.775,16027.277,17675.154,37164.223
8328,2014-12-14 00:00:00,14929.212,16362.618,20573.168,16028.837,17683.67,37171.086
8329,2014-12-14 01:00:00,14929.212,16362.618,20573.168,16028.837,17683.67,37171.086
8330,2014-12-14 02:00:00,14929.212,16362.86,20573.168,16028.837,17683.67,37171.086
8331,2014-12-14 03:00:00,14929.355,16363.927,20573.168,16029.32,17683.67,37171.086
8332,2014-12-14 04:00:00,14929.562,16364.69,20573.168,16029.557,17683.67,37171.086
8333,2014-12-14 05:00:00,14929.562,16365.052,20573.168,16029.557,17683.67,37171.086
8334,2014-12-14 06:00:00,14929.562,16365.343,20573.168,16029.557,17683.67,37171.086
8335,2014-12-14 07:00:00,14929.562,16365.393,20573.168,16029.557,17683.67,37171.086
8336,2014-12-14 08:00:00,14929.743,16365.393,20573.168,16029.746,17683.67,37172.598
8337,2014-12-14 09:00:00,14930.497,16365.732,20573.168,16030.416,17684.09,37175.844
8338,2014-12-14 10:00:00,14932.151,16365.788,20573.168,16030.732,17684.367,37178.92
8339,2014-12-14 11:00:00,14933.544,16365.898,20573.277,16030.91,17684.545,37182.81
8340,2014-12-14 12:00:00,14934.188,16366.073,20573.71,16031.643,17684.95,37187.992
8341,2014-12-14 13:00:00,14936.31,16368.803,20574.227,16033.424,17685.78,37195.086
8342,2014-12-14 14:00:00,14937.127,16370.126,20575.621,16033.983,17687.336,37197.89
8343,2014-12-14 15:00:00,14938.297,16370.126,20576.197,16034.806,17687.463,37200.016
8344,2014-12-14 16:00:00,14939.881,16372.51,20577.262,16036.597,17687.818,37202.703
8345,2014-12-14 17:00:00,14941.256,16375.091,20580.742,16038.84,17688.598,37207.71
8346,2014-12-14 18:00:00,14943.346,16377.695,20582.482,16041.81,17688.598,37211.883
8347,2014-12-14 19:00:00,14943.384,16379.253,20585.703,16043.132,17690.746,37214.285
8348,2014-12-14 20:00:00,14944.282,16380.9,20586.336,16043.947,17692.9,37216.05
8349,2014-12-14 21:00:00,14944.545,16382.205,20589.191,16044.877,17695.658,37218.695
8350,2014-12-14 22:00:00,14946.299,16383.497,20589.191,16046.238,17695.943,37219.31
8351,2014-12-14 23:00:00,14947.066,16383.575,20589.611,16046.672,17696.3,37220.44
8352,2014-12-15 00:00:00,14947.859,16385.363,20589.94,16048.06,17696.352,37222.594
8353,2014-12-15 01:00:00,14948.998,16385.676,20590.125,16048.336,17696.455,37222.91
8354,2014-12-15 02:00:00,14950.309,16386.13,20590.346,16048.8125,17696.52,37224.184
8355,2014-12-15 03:00:00,14950.309,16386.4,20591.656,16049.091,17697.637,37224.582
8356,2014-12-15 04:00:00,14950.761,16386.828,20592.664,16049.694,17698.463,37227.594
8357,2014-12-15 05:00:00,14952.566,16388.06,20593.686,16051.99,17699.27,37229.004
8358,2014-12-15 06:00:00,14953.169,16389.982,20595.924,16053.323,17699.629,37232.027
8359,2014-12-15 07:00:00,14953.563,16389.982,20596.33,16053.323,17699.674,37233.016
8360,2014-12-15 08:00:00,14953.716,16390.227,20597.357,16053.562,17700.809,37234.703
8361,2014-12-15 09:00:00,14954.323,16390.227,20597.357,16053.592,17701.078,37235.832
8362,2014-12-15 10:00:00,14954.349,16390.66,20598.4,16053.858,17701.5,37236.88
8363,2014-12-15 11:00:00,14954.6,16390.674,20599.047,16053.858,17701.5,37236.88
8364,2014-12-15 12:00:00,14954.6,16390.826,20599.707,16055.34,17702.084,37237.33
8365,2014-12-15 13:00:00,14955.045,16390.826,20600.83,16056.162,17702.28,37239.3
8366,2014-12-15 14:00:00,14955.45,16390.826,20601.518,16056.492,17702.28,37240.59
8367,2014-12-15 15:00:00,14955.599,16391.354,20603.686,16056.6875,17702.531,37242.14
8368,2014-12-15 16:00:00,14955.95,16391.441,20603.904,16056.917,17702.652,37242.65
8369,2014-12-15 17:00:00,14956.21,16392.016,20605.455,16057.078,17702.652,37244.863
8370,2014-12-15 18:00:00,14956.421,16392.016,20606.799,16057.308,17702.652,37245.94
8371,2014-12-15 19:00:00,14956.581,16392.592,20607.57,16057.512,17702.697,37246.754
8372,2014-12-15 20:00:00,14956.782,16392.627,20609.586,16058.213,17703.95,37248.746
8373,2014-12-15 21:00:00,14958.542,16392.627,20612.201,16058.418,17705.084,37251.816
8374,2014-12-15 22:00:00,14958.832,16392.627,20613.393,16058.418,17705.084,37253.35
8375,2014-12-15 23:00:00,14958.832,16392.627,20614.047,16058.744,17705.084,37253.35
8376,2014-12-16 00:00:00,14963.636,16399.37,20617.682,16063.7295,17709.13,37255.953
8377,2014-12-16 01:00:00,14958.832,16393.346,20615.219,16059.385,17705.719,37253.35
8378,2014-12-16 02:00:00,14959.72,16395.033,20616.193,16060.663,17706.217,37253.75
8379,2014-12-16 03:00:00,14960.193,16395.697,20616.414,16060.998,17706.217,37254.07
8380,2014-12-16 04:00:00,14960.857,16395.953,20616.414,16061.55,17706.217,37254.07
8381,2014-12-16 05:00:00,14961.061,16395.977,20616.49,16061.711,17706.229,37254.168
8382,2014-12-16 06:00:00,14961.061,16395.98,20616.49,16061.711,17706.754,37254.168
8383,2014-12-16 07:00:00,14961.061,16397.379,20616.8,16061.991,17706.908,37254.168
8384,2014-12-16 08:00:00,14961.305,16397.379,20616.936,16062.009,17706.908,37254.168
8385,2014-12-16 09:00:00,14961.305,16397.873,20617.232,16062.234,17706.965,37254.168
8386,2014-12-16 10:00:00,14961.927,16398.523,20617.232,16063.006,17707.252,37254.168
8387,2014-12-16 11:00:00,14962.888,16398.639,20617.232,16063.245,17708.1,37254.168
8388,2014-12-16 12:00:00,14965.052,16400.13,20618.03,16064.608,17709.13,37257.254
8389,2014-12-16 13:00:00,14965.347,16400.13,20618.463,16064.62,17709.672,37258.008
8390,2014-12-16 14:00:00,14965.347,16400.434,20618.463,16064.62,17710.96,37258.316
8391,2014-12-16 15:00:00,14965.546,16401.033,20619.623,16064.921,17710.96,37260.61
8392,2014-12-16 16:00:00,14965.658,16402.768,20619.623,16064.954,17711.264,37260.61
8393,2014-12-16 17:00:00,14965.838,16402.977,20621.25,16065.161,17711.54,37262.293
8394,2014-12-16 18:00:00,14966.707,16402.977,20621.309,16065.306,17711.54,37262.72
8395,2014-12-16 19:00:00,14966.8,16402.977,20621.309,16065.306,17711.54,37262.72
8396,2014-12-16 20:00:00,14966.8,16402.977,20621.309,16065.306,17711.54,37262.72
8397,2014-12-16 21:00:00,14966.8,16402.977,20621.309,16065.306,17711.54,37262.72
8398,2014-12-16 22:00:00,14966.8,16402.977,20621.309,16065.306,17711.54,37262.72
8399,2014-12-16 23:00:00,14966.8,16402.977,20621.309,16065.306,17711.54,37262.72
8400,2014-12-17 00:00:00,14966.8,16402.977,20621.309,16065.306,17711.54,37262.72
8401,2014-12-17 01:00:00,14966.8,16402.977,20621.309,16065.306,17711.54,37262.72
8402,2014-12-17 02:00:00,14966.8,16402.977,20621.309,16065.306,17711.54,37262.72
8403,2014-12-17 03:00:00,14966.8,16402.977,20621.309,16065.306,17711.54,37262.72
8404,2014-12-17 04:00:00,14966.8,16402.977,20621.309,16065.306,17711.54,37262.72
8405,2014-12-17 05:00:00,14966.8,16402.977,20621.309,16065.306,17711.54,37262.72
8406,2014-12-17 06:00:00,14966.8,16402.977,20621.309,16065.306,17711.54,37262.72
8407,2014-12-17 07:00:00,14966.819,16402.977,20621.309,16065.573,17711.54,37262.72
8408,2014-12-17 08:00:00,14966.8,16402.977,20621.309,16065.306,17711.54,37262.72
8409,2014-12-17 09:00:00,14966.8,16402.977,20621.309,16065.306,17711.54,37262.72
8410,2014-12-17 10:00:00,14966.8,16402.977,20621.309,16065.306,17711.54,37262.72
8411,2014-12-17 11:00:00,14966.8,16402.977,20621.309,16065.306,17711.54,37262.72
8412,2014-12-17 12:00:00,14966.8,16402.977,20621.309,16065.306,17711.54,37262.72
8413,2014-12-17 13:00:00,14966.8,16402.977,20621.309,16065.306,17711.54,37262.72
8414,2014-12-17 14:00:00,14966.8,16402.977,20621.309,16065.306,17711.54,37262.72
8415,2014-12-17 15:00:00,14966.8,16402.977,20621.309,16065.306,17711.54,37262.72
8416,2014-12-17 16:00:00,14966.8,16402.977,20621.309,16065.306,17711.54,37262.72
8417,2014-12-17 17:00:00,14967.634,16402.977,20621.309,16066.539,17711.54,37262.72
8418,2014-12-17 18:00:00,14969.003,16403.385,20621.309,16067.926,17712.115,37265.207
8419,2014-12-17 19:00:00,14970.634,16404.74,20621.309,16069.4795,17712.264,37267.727
8420,2014-12-17 20:00:00,14971.9375,16404.74,20621.309,16070.121,17712.264,37269.645
8421,2014-12-17 21:00:00,14972.635,16406.035,20621.309,16071.066,17713.25,37270.477
8422,2014-12-17 22:00:00,14973.535,16407.066,20621.309,16071.826,17713.447,37271.73
8423,2014-12-17 23:00:00,14973.601,16407.588,20621.309,16071.932,17713.47,37271.73
8424,2014-12-18 00:00:00,14973.601,16408.95,20621.434,16072.327,17716.934,37272.27
8425,2014-12-18 01:00:00,14974.302,16410.436,20622.523,16073.892,17717.7,37274.055
8426,2014-12-18 02:00:00,14974.935,16411.55,20623.545,16074.844,17718.207,37274.668
8427,2014-12-18 03:00:00,14975.387,16411.951,20623.545,16075.609,17718.254,37274.668
8428,2014-12-18 04:00:00,14976.154,16411.951,20623.545,16075.609,17718.254,37274.668
8429,2014-12-18 05:00:00,14977.052,16413.355,20623.545,16076.398,17718.254,37276.746
8430,2014-12-18 06:00:00,14978.312,16415.787,20623.926,16078.629,17718.254,37279.26
8431,2014-12-18 07:00:00,14979.653,16417.596,20625.008,16079.873,17718.254,37282.316
8432,2014-12-18 08:00:00,14981.336,16419.895,20625.396,16082.148,17718.254,37285.344
8433,2014-12-18 09:00:00,14982.872,16422.496,20625.396,16084.175,17719.562,37286.805
8434,2014-12-18 10:00:00,14984.124,16423.549,20627.963,16084.657,17720.586,37289.92
8435,2014-12-18 11:00:00,14985.396,16424.643,20628.488,16086.784,17720.586,37290.844
8436,2014-12-18 12:00:00,14985.396,16424.643,20628.488,16086.784,17720.6,37290.844
8437,2014-12-18 13:00:00,14985.396,16425.295,20629.004,16086.784,17720.625,37291.383
8438,2014-12-18 14:00:00,14985.396,16425.492,20629.004,16086.784,17720.922,37292.035
8439,2014-12-18 15:00:00,14985.55,16426.387,20629.45,16087.681,17721.86,37294.504
8440,2014-12-18 16:00:00,14985.55,16426.387,20629.45,16087.804,17722.518,37294.504
8441,2014-12-18 17:00:00,14985.55,16426.387,20629.656,16088.075,17723.738,37295.234
8442,2014-12-18 18:00:00,14985.55,16426.387,20629.656,16088.267,17725.373,37295.824
8443,2014-12-18 19:00:00,14985.55,16426.863,20630.31,16088.696,17725.648,37296.395
8444,2014-12-18 20:00:00,14985.55,16426.863,20630.47,16088.696,17725.648,37296.594
8445,2014-12-18 21:00:00,14985.562,16427.732,20630.543,16089.039,17725.865,37296.996
8446,2014-12-18 22:00:00,14985.978,16427.732,20630.543,16089.122,17725.865,37297.035
8447,2014-12-18 23:00:00,14985.978,16427.732,20631.023,16089.122,17725.865,37297.49
8448,2014-12-19 00:00:00,14991.79,16433.191,20640.78,16094.855,17734.787,37308.93
8449,2014-12-19 01:00:00,14995.014,16438.809,20653.277,16102.398,17739.752,37321.824
8450,2014-12-19 02:00:00,15000.471,16445.234,20661.059,16111.788,17747.584,37339.254
8451,2014-12-19 03:00:00,14986.042,16430.096,20631.264,16090.272,17726.44,37297.71
8452,2014-12-19 04:00:00,14986.985,16430.137,20631.455,16091.146,17726.895,37297.71
8453,2014-12-19 05:00:00,14988.071,16430.137,20631.986,16091.146,17727.203,37299.062
8454,2014-12-19 06:00:00,14988.838,16430.977,20635.248,16092.172,17731.37,37301.39
8455,2014-12-19 07:00:00,14989.958,16431.805,20636.46,16093.757,17733.006,37303.895
8456,2014-12-19 08:00:00,14990.883,16432.797,20637.48,16094.457,17733.863,37306.645
8457,2014-12-19 09:00:00,14991.154,16433.13,20638.26,16094.781,17734.787,37307.438
8458,2014-12-19 10:00:00,14991.996,16433.191,20644.701,16095.104,17738.0,37311.05
8459,2014-12-19 11:00:00,14993.113,16436.277,20646.932,16096.835,17738.045,37313.996
8460,2014-12-19 12:00:00,14993.344,16437.26,20647.018,16097.946,17738.045,37313.996
8461,2014-12-19 13:00:00,14993.344,16437.26,20647.195,16097.946,17738.045,37313.996
8462,2014-12-19 14:00:00,14993.344,16437.26,20647.615,16098.059,17738.41,37314.156
8463,2014-12-19 15:00:00,14993.84,16437.658,20650.293,16100.661,17738.41,37315.93
8464,2014-12-19 16:00:00,14993.925,16438.15,20650.688,16101.252,17738.83,37317.715
8465,2014-12-19 17:00:00,14994.759,16438.15,20652.164,16101.842,17739.197,37319.71
8466,2014-12-19 18:00:00,14995.777,16440.717,20653.775,16105.028,17740.281,37325.254
8467,2014-12-19 19:00:00,14997.372,16440.885,20655.889,16105.297,17741.215,37330.805
8468,2014-12-19 20:00:00,14998.1045,16443.139,20656.738,16107.43,17743.035,37332.266
8469,2014-12-19 21:00:00,14999.207,16444.816,20658.299,16109.395,17745.086,37334.812
8470,2014-12-19 22:00:00,14999.925,16445.12,20660.664,16110.845,17747.148,37336.953
8471,2014-12-19 23:00:00,15000.471,16445.12,20660.777,16111.092,17747.148,37338.926
8472,2014-12-20 00:00:00,15000.471,16445.234,20661.059,16111.788,17747.584,37339.254
8473,2014-12-20 01:00:00,15000.471,16445.234,20661.059,16111.788,17747.646,37339.254
8474,2014-12-20 02:00:00,15000.471,16445.234,20661.059,16111.788,17748.143,37339.254
8475,2014-12-20 03:00:00,15000.471,16445.658,20661.059,16111.898,17752.48,37339.254
8476,2014-12-20 04:00:00,15000.471,16445.953,20661.059,16113.072,17754.33,37339.254
8477,2014-12-20 05:00:00,15000.471,16445.953,20661.938,16114.156,17754.482,37340.52
8478,2014-12-20 06:00:00,15000.773,16445.953,20662.943,16114.156,17754.482,37342.63
8479,2014-12-20 07:00:00,15001.157,16445.953,20663.664,16114.156,17754.482,37342.81
8480,2014-12-20 08:00:00,15001.245,16445.953,20664.256,16114.156,17754.684,37343.15
8481,2014-12-20 09:00:00,15001.275,16445.953,20664.256,16114.156,17754.684,37343.9
8482,2014-12-20 10:00:00,15003.044,16445.953,20665.807,16114.283,17754.97,37347.633
8483,2014-12-20 11:00:00,15003.862,16445.953,20666.012,16114.84,17755.08,37347.68
8484,2014-12-20 12:00:00,15003.871,16445.953,20666.506,16114.85,17755.164,37350.52
8485,2014-12-20 13:00:00,15006.829,16446.246,20666.824,16115.491,17755.541,37351.637
8486,2014-12-20 14:00:00,15008.135,16446.246,20668.52,16116.994,17756.072,37354.855
8487,2014-12-20 15:00:00,15008.217,16447.715,20670.46,16118.517,17757.73,37356.137
8488,2014-12-20 16:00:00,15008.269,16447.873,20670.533,16119.179,17757.73,37356.227
8489,2014-12-20 17:00:00,15008.699,16447.902,20671.258,16119.179,17758.824,37357.715
8490,2014-12-20 18:00:00,15010.941,16449.484,20673.297,16120.036,17761.314,37361.777
8491,2014-12-20 19:00:00,15011.696,16450.502,20673.469,16121.404,17761.715,37363.94
8492,2014-12-20 20:00:00,15012.848,16450.822,20673.56,16121.946,17762.062,37365.08
8493,2014-12-20 21:00:00,15013.36,16450.822,20673.56,16121.946,17762.062,37365.406
8494,2014-12-20 22:00:00,15014.086,16450.871,20673.623,16121.946,17762.46,37366.402
8495,2014-12-20 23:00:00,15014.642,16450.871,20675.229,16122.046,17762.543,37368.023
8496,2014-12-21 00:00:00,15017.887,16453.82,20677.408,16125.596,17766.043,37369.184
8497,2014-12-21 01:00:00,15015.237,16451.098,20675.39,16122.294,17763.646,37368.316
8498,2014-12-21 02:00:00,15015.237,16452.129,20675.822,16122.294,17766.035,37369.184
8499,2014-12-21 03:00:00,15015.313,16452.262,20676.95,16122.509,17766.043,37369.184
8500,2014-12-21 04:00:00,15015.813,16452.262,20677.408,16122.509,17766.043,37369.184
8501,2014-12-21 05:00:00,15015.9,16452.262,20677.408,16122.509,17766.043,37369.184
8502,2014-12-21 06:00:00,15015.963,16452.262,20677.408,16122.509,17766.043,37369.184
8503,2014-12-21 07:00:00,15015.963,16452.262,20677.408,16122.509,17766.043,37369.184
8504,2014-12-21 08:00:00,15015.963,16452.262,20677.408,16122.509,17766.043,37369.184
8505,2014-12-21 09:00:00,15015.963,16452.262,20677.408,16122.509,17766.043,37369.184
8506,2014-12-21 10:00:00,15015.963,16452.656,20677.408,16122.606,17766.043,37369.184
8507,2014-12-21 11:00:00,15015.963,16452.746,20677.408,16123.322,17766.043,37369.184
8508,2014-12-21 12:00:00,15016.327,16452.746,20677.408,16124.036,17766.043,37369.184
8509,2014-12-21 13:00:00,15017.048,16453.82,20677.408,16124.757,17766.043,37369.184
8510,2014-12-21 14:00:00,15018.714,16453.82,20677.408,16126.267,17766.043,37369.184
8511,2014-12-21 15:00:00,15019.525,16453.82,20677.408,16126.454,17766.043,37369.184
8512,2014-12-21 16:00:00,15019.934,16453.82,20677.408,16126.784,17766.043,37369.184
8513,2014-12-21 17:00:00,15020.624,16454.266,20677.408,16127.0205,17766.043,37369.184
8514,2014-12-21 18:00:00,15021.353,16455.95,20677.908,16127.922,17766.53,37369.184
8515,2014-12-21 19:00:00,15022.404,16457.988,20678.346,16130.156,17767.16,37369.59
8516,2014-12-21 20:00:00,15023.927,16458.494,20680.975,16130.687,17769.03,37371.508
8517,2014-12-21 21:00:00,15025.901,16459.154,20680.996,16131.914,17769.03,37371.707
8518,2014-12-21 22:00:00,15026.716,16460.607,20682.355,16132.62,17769.266,37372.2
8519,2014-12-21 23:00:00,15027.699,16461.625,20685.652,16133.546,17770.62,37374.152
8520,2014-12-22 00:00:00,15032.245,16465.494,20692.049,16139.449,17779.377,37387.543
8521,2014-12-22 01:00:00,15038.443,16471.219,20701.309,16144.593,17790.547,37403.188
8522,2014-12-22 02:00:00,15041.386,16476.738,20703.877,16150.113,17796.379,37409.793
8523,2014-12-22 03:00:00,15041.581,16477.648,20704.19,16150.28,17797.352,37410.566
8524,2014-12-22 04:00:00,15042.631,16479.832,20705.72,16151.037,17801.582,37414.344
8525,2014-12-22 05:00:00,15044.723,16487.22,20708.688,16154.725,17803.324,37420.7
8526,2014-12-22 06:00:00,15044.808,16487.723,20710.064,16155.53,17804.615,37422.516
8527,2014-12-22 07:00:00,15028.902,16462.545,20688.227,16134.804,17771.98,37377.19
8528,2014-12-22 08:00:00,15029.53,16463.725,20688.967,16135.712,17772.855,37379.21
8529,2014-12-22 09:00:00,15030.305,16465.412,20689.836,16137.048,17774.94,37382.28
8530,2014-12-22 10:00:00,15031.426,16465.412,20691.307,16139.23,17777.26,37385.77
8531,2014-12-22 11:00:00,15033.367,16466.059,20693.213,16140.578,17780.816,37390.27
8532,2014-12-22 12:00:00,15034.219,16466.229,20693.682,16140.688,17782.898,37391.63
8533,2014-12-22 13:00:00,15034.9795,16467.533,20697.172,16141.882,17784.602,37395.152
8534,2014-12-22 14:00:00,15035.698,16469.463,20698.0,16142.808,17784.602,37396.598
8535,2014-12-22 15:00:00,15036.392,16469.885,20699.842,16143.533,17787.291,37399.47
8536,2014-12-22 16:00:00,15037.778,16469.885,20700.178,16143.683,17788.03,37401.17
8537,2014-12-22 17:00:00,15038.375,16470.447,20701.207,16144.568,17788.553,37403.14
8538,2014-12-22 18:00:00,15039.731,16474.22,20702.6,16147.948,17794.867,37405.402
8539,2014-12-22 19:00:00,15041.047,16475.553,20703.283,16149.309,17795.553,37407.67
8540,2014-12-22 20:00:00,15043.091,16481.229,20706.12,16152.616,17801.582,37415.715
8541,2014-12-22 21:00:00,15043.613,16481.229,20708.08,16152.66,17801.832,37418.434
8542,2014-12-22 22:00:00,15044.723,16483.924,20708.688,16153.331,17802.102,37419.758
8543,2014-12-22 23:00:00,15046.092,16487.723,20712.633,16156.177,17805.125,37425.887
8544,2014-12-23 00:00:00,15047.672,16487.723,20714.188,16156.509,17805.398,37428.06
8545,2014-12-23 01:00:00,15052.312,16488.041,20723.46,16160.34,17809.895,37442.367
8546,2014-12-23 02:00:00,15052.861,16488.975,20724.348,16161.102,17810.436,37444.934
8547,2014-12-23 03:00:00,15052.965,16489.568,20725.002,16162.53,17810.691,37446.773
8548,2014-12-23 04:00:00,15057.573,16489.691,20735.287,16163.28,17816.234,37464.05
8549,2014-12-23 05:00:00,15058.12,16490.701,20736.691,16164.4,17819.094,37467.08
8550,2014-12-23 06:00:00,15058.4375,16490.701,20737.621,16164.474,17820.479,37470.3
8551,2014-12-23 07:00:00,15048.407,16487.723,20716.053,16156.895,17805.725,37431.53
8552,2014-12-23 08:00:00,15049.569,16487.723,20717.398,16157.218,17806.553,37434.836
8553,2014-12-23 09:00:00,15050.85,16487.723,20721.207,16158.464,17807.854,37439.9
8554,2014-12-23 10:00:00,15052.957,16489.479,20724.861,16161.356,17810.578,37446.38
8555,2014-12-23 11:00:00,15052.965,16489.691,20725.277,16162.646,17814.201,37447.56
8556,2014-12-23 12:00:00,15053.098,16489.691,20725.738,16162.923,17815.393,37449.727
8557,2014-12-23 13:00:00,15053.173,16489.691,20726.273,16162.968,17815.393,37451.152
8558,2014-12-23 14:00:00,15053.213,16489.691,20728.174,16162.968,17815.393,37452.812
8559,2014-12-23 15:00:00,15054.376,16489.691,20730.494,16162.968,17815.393,37456.145
8560,2014-12-23 16:00:00,15056.796,16489.691,20731.35,16163.214,17815.459,37459.22
8561,2014-12-23 17:00:00,15056.989,16489.691,20731.828,16163.28,17816.234,37460.03
8562,2014-12-23 18:00:00,15058.032,16489.691,20736.691,16164.001,17818.85,37467.08
8563,2014-12-23 19:00:00,15058.4375,16490.701,20736.865,16164.4,17819.566,37468.062
8564,2014-12-23 20:00:00,15058.4375,16490.701,20736.865,16164.474,17820.098,37468.062
8565,2014-12-23 21:00:00,15058.4375,16490.701,20736.865,16164.474,17820.098,37468.062
8566,2014-12-23 22:00:00,15058.4375,16490.701,20737.172,16164.474,17820.098,37468.875
8567,2014-12-23 23:00:00,15058.4375,16490.701,20737.232,16164.474,17820.479,37470.035
8568,2014-12-24 00:00:00,15058.478,16490.701,20738.277,16164.474,17820.479,37470.3
8569,2014-12-24 01:00:00,15058.478,16490.701,20738.277,16164.474,17820.479,37470.3
8570,2014-12-24 02:00:00,15058.478,16490.701,20738.277,16164.474,17820.479,37470.3
8571,2014-12-24 03:00:00,15058.478,16490.701,20739.625,16164.474,17820.479,37470.3
8572,2014-12-24 04:00:00,15058.478,16490.701,20739.625,16164.474,17820.479,37470.3
8573,2014-12-24 05:00:00,15058.4375,16490.701,20738.117,16164.474,17820.479,37470.3
8574,2014-12-24 06:00:00,15058.478,16490.701,20738.434,16164.474,17820.479,37470.3
8575,2014-12-24 07:00:00,15058.478,16490.701,20738.86,16164.474,17820.479,37470.3
8576,2014-12-24 08:00:00,15058.478,16490.701,20739.625,16164.474,17820.479,37470.3
8577,2014-12-24 09:00:00,15058.478,16490.701,20739.625,16164.474,17820.479,37470.3
8578,2014-12-24 10:00:00,15058.478,16490.701,20739.625,16164.474,17820.479,37470.3
8579,2014-12-24 11:00:00,15058.478,16490.701,20739.625,16164.474,17820.479,37470.3
8580,2014-12-24 12:00:00,15058.478,16490.701,20739.625,16164.474,17820.479,37470.3
8581,2014-12-24 13:00:00,15058.478,16490.701,20739.625,16164.474,17820.479,37470.3
8582,2014-12-24 14:00:00,15058.478,16490.701,20739.625,16164.474,17820.479,37470.3
8583,2014-12-24 15:00:00,15058.478,16490.701,20739.625,16164.474,17820.479,37470.3
8584,2014-12-24 16:00:00,15058.478,16490.701,20739.625,16164.474,17820.479,37470.3
8585,2014-12-24 17:00:00,15058.478,16490.701,20739.625,16164.474,17820.479,37470.3
8586,2014-12-24 18:00:00,15058.478,16490.701,20739.625,16164.474,17820.479,37470.3
8587,2014-12-24 19:00:00,15058.478,16490.701,20739.625,16164.474,17820.479,37470.3
8588,2014-12-24 20:00:00,15058.478,16490.701,20739.625,16164.474,17820.479,37470.3
8589,2014-12-24 21:00:00,15058.478,16490.701,20739.625,16164.474,17820.479,37470.3
8590,2014-12-24 22:00:00,15058.478,16490.701,20739.625,16164.474,17820.479,37470.3
8591,2014-12-24 23:00:00,15058.478,16490.701,20739.625,16164.474,17820.479,37470.3
8592,2014-12-25 00:00:00,15058.478,16490.701,20739.625,16164.474,17820.479,37470.3
8593,2014-12-25 01:00:00,15058.478,16490.701,20739.625,16164.474,17820.479,37470.3
8594,2014-12-25 02:00:00,15058.478,16490.701,20739.625,16164.474,17820.479,37470.3
8595,2014-12-25 03:00:00,15058.478,16490.701,20739.625,16164.474,17820.479,37470.3
8596,2014-12-25 04:00:00,15058.478,16490.701,20739.625,16164.474,17820.479,37470.3
8597,2014-12-25 05:00:00,15058.478,16490.701,20739.625,16164.474,17820.479,37470.3
8598,2014-12-25 06:00:00,15058.478,16490.701,20739.625,16164.474,17820.479,37470.3
8599,2014-12-25 07:00:00,15058.478,16490.701,20739.625,16164.474,17820.479,37470.3
8600,2014-12-25 08:00:00,15058.478,16490.701,20739.625,16164.474,17820.479,37470.3
8601,2014-12-25 09:00:00,15058.478,16490.701,20739.625,16164.474,17820.479,37470.3
8602,2014-12-25 10:00:00,15058.478,16490.701,20739.625,16164.474,17820.479,37470.3
8603,2014-12-25 11:00:00,15058.478,16490.701,20739.625,16164.474,17820.479,37470.3
8604,2014-12-25 12:00:00,15058.478,16490.701,20739.625,16164.474,17820.479,37470.3
8605,2014-12-25 13:00:00,15058.478,16490.701,20739.625,16164.474,17820.479,37470.3
8606,2014-12-25 14:00:00,15058.478,16490.701,20739.625,16164.474,17820.479,37470.3
8607,2014-12-25 15:00:00,15058.478,16490.701,20739.625,16164.474,17820.479,37470.3
8608,2014-12-25 16:00:00,15058.478,16490.701,20739.625,16164.474,17820.479,37470.3
8609,2014-12-25 17:00:00,15058.478,16490.701,20739.625,16164.474,17820.479,37470.3
8610,2014-12-25 18:00:00,15058.478,16490.701,20739.729,16164.474,17820.604,37470.3
8611,2014-12-25 19:00:00,15058.478,16491.22,20739.824,16164.805,17821.443,37470.652
8612,2014-12-25 20:00:00,15058.478,16490.701,20739.625,16164.474,17820.479,37470.3
8613,2014-12-25 21:00:00,15058.478,16490.701,20739.625,16164.474,17820.479,37470.3
8614,2014-12-25 22:00:00,15058.478,16490.701,20739.625,16164.474,17820.479,37470.3
8615,2014-12-25 23:00:00,15058.478,16490.701,20739.625,16164.474,17820.479,37470.3
8616,2014-12-26 00:00:00,15058.478,16491.22,20739.824,16164.805,17821.443,37470.652
8617,2014-12-26 01:00:00,15058.508,16491.22,20740.031,16164.833,17821.443,37470.652
8618,2014-12-26 02:00:00,15058.508,16491.22,20740.367,16165.321,17821.443,37470.707
8619,2014-12-26 03:00:00,15058.739,16491.22,20740.367,16165.952,17821.443,37470.707
8620,2014-12-26 04:00:00,15058.739,16491.22,20740.64,16166.007,17821.443,37470.707
8621,2014-12-26 05:00:00,15058.739,16491.45,20740.998,16166.259,17821.926,37471.363
8622,2014-12-26 06:00:00,15059.698,16493.074,20742.854,16167.439,17823.559,37474.387
8623,2014-12-26 07:00:00,15066.696,16500.572,20749.932,16174.233,17831.25,37485.3
8624,2014-12-26 08:00:00,15067.243,16500.572,20749.932,16174.251,17831.25,37485.3
8625,2014-12-26 09:00:00,15067.243,16500.572,20749.932,16174.251,17831.25,37485.3
8626,2014-12-26 10:00:00,15067.243,16500.572,20749.932,16174.251,17831.25,37485.3
8627,2014-12-26 11:00:00,15067.243,16500.572,20749.932,16174.251,17831.25,37485.3
8628,2014-12-26 12:00:00,15067.243,16500.572,20749.932,16174.251,17831.25,37485.3
8629,2014-12-26 13:00:00,15067.243,16500.572,20749.932,16174.251,17831.25,37485.3
8630,2014-12-26 14:00:00,15067.243,16500.572,20749.932,16174.251,17831.25,37485.3
8631,2014-12-26 15:00:00,15067.243,16500.572,20749.932,16174.251,17831.25,37485.3
8632,2014-12-26 16:00:00,15067.243,16500.572,20749.932,16174.251,17831.25,37485.3
8633,2014-12-26 17:00:00,15067.243,16500.572,20749.932,16174.251,17831.25,37485.3
8634,2014-12-26 18:00:00,15067.243,16500.572,20749.932,16174.251,17831.25,37485.3
8635,2014-12-26 19:00:00,15061.44,16495.193,20746.742,16169.508,17828.037,37479.207
8636,2014-12-26 20:00:00,15065.287,16497.635,20749.713,16172.048,17830.547,37482.96
8637,2014-12-26 21:00:00,15066.206,16499.98,20749.713,16173.55,17831.25,37483.043
8638,2014-12-26 22:00:00,15067.243,16500.572,20749.932,16174.251,17831.25,37485.3
8639,2014-12-26 23:00:00,15067.243,16500.572,20749.932,16174.251,17831.25,37485.3
8640,2014-12-27 00:00:00,15067.243,16500.572,20749.932,16174.251,17831.25,37485.3
8641,2014-12-27 01:00:00,15067.243,16500.572,20749.932,16174.251,17831.25,37485.3
8642,2014-12-27 02:00:00,15067.243,16500.572,20749.932,16174.251,17831.25,37485.3
8643,2014-12-27 03:00:00,15067.243,16500.572,20749.932,16174.251,17831.25,37485.3
8644,2014-12-27 04:00:00,15067.243,16500.572,20749.932,16174.251,17831.25,37485.3
8645,2014-12-27 05:00:00,15067.243,16500.572,20749.932,16174.251,17831.25,37485.3
8646,2014-12-27 06:00:00,15067.243,16500.572,20749.932,16174.251,17831.25,37485.3
8647,2014-12-27 07:00:00,15067.243,16500.572,20749.932,16174.251,17831.25,37485.3
8648,2014-12-27 08:00:00,15067.243,16500.572,20749.932,16174.251,17831.25,37485.3
8649,2014-12-27 09:00:00,15067.243,16500.572,20749.932,16174.251,17831.25,37485.3
8650,2014-12-27 10:00:00,15067.243,16500.572,20749.932,16174.251,17831.25,37485.3
8651,2014-12-27 11:00:00,15067.243,16500.572,20749.932,16174.251,17831.25,37485.3
8652,2014-12-27 12:00:00,15067.243,16500.572,20749.932,16174.251,17831.25,37485.3
8653,2014-12-27 13:00:00,15067.243,16500.572,20749.932,16174.251,17831.25,37485.3
8654,2014-12-27 14:00:00,15067.243,16500.572,20749.932,16174.251,17831.25,37485.3
8655,2014-12-27 15:00:00,15067.243,16500.572,20749.932,16174.251,17831.25,37485.3
8656,2014-12-27 16:00:00,15067.243,16500.572,20749.932,16174.251,17831.25,37485.3
8657,2014-12-27 17:00:00,15067.243,16500.572,20749.932,16174.251,17831.25,37485.3
8658,2014-12-27 18:00:00,15067.243,16500.572,20749.932,16174.251,17831.25,37485.3
8659,2014-12-27 19:00:00,15067.243,16500.572,20749.932,16174.251,17831.25,37485.3
8660,2014-12-27 20:00:00,15067.243,16500.572,20749.932,16174.251,17831.25,37485.3
8661,2014-12-27 21:00:00,15067.243,16500.572,20749.932,16174.251,17831.25,37485.3
8662,2014-12-27 22:00:00,15067.243,16500.572,20749.932,16174.251,17831.25,37485.3
8663,2014-12-27 23:00:00,15067.243,16500.572,20749.932,16174.251,17831.25,37485.3
8664,2014-12-28 00:00:00,15067.243,16500.572,20749.932,16174.251,17831.25,37485.3
8665,2014-12-28 01:00:00,15067.243,16500.572,20749.932,16174.251,17831.25,37485.3
8666,2014-12-28 02:00:00,15067.243,16500.572,20749.932,16174.251,17831.25,37485.3
8667,2014-12-28 03:00:00,15067.243,16500.572,20750.021,16174.251,17831.324,37485.637
8668,2014-12-28 04:00:00,15067.438,16501.719,20750.117,16175.516,17832.404,37486.1
8669,2014-12-28 05:00:00,15068.233,16502.86,20750.117,16176.536,17832.904,37487.29
8670,2014-12-28 06:00:00,15068.781,16503.21,20750.137,16177.109,17832.953,37487.543
8671,2014-12-28 07:00:00,15068.8955,16503.33,20750.781,16177.906,17833.803,37487.996
8672,2014-12-28 08:00:00,15069.164,16503.73,20750.781,16178.283,17833.803,37488.105
8673,2014-12-28 09:00:00,15069.497,16503.73,20750.781,16178.693,17833.803,37488.785
8674,2014-12-28 10:00:00,15069.497,16503.73,20750.781,16178.717,17833.803,37488.785
8675,2014-12-28 11:00:00,15069.497,16503.73,20750.781,16178.717,17834.666,37488.785
8676,2014-12-28 12:00:00,15069.497,16503.73,20751.482,16178.717,17836.092,37488.785
8677,2014-12-28 13:00:00,15069.497,16503.73,20752.459,16178.717,17837.709,37488.785
8678,2014-12-28 14:00:00,15069.944,16503.73,20753.256,16178.717,17838.67,37488.785
8679,2014-12-28 15:00:00,15070.703,16503.73,20754.133,16179.055,17838.785,37489.395
8680,2014-12-28 16:00:00,15071.32,16503.73,20754.133,16179.216,17838.785,37489.68
8681,2014-12-28 17:00:00,15072.37,16503.73,20754.133,16179.216,17839.006,37489.68
8682,2014-12-28 18:00:00,15072.67,16503.73,20754.133,16179.298,17839.33,37490.406
8683,2014-12-28 19:00:00,15073.308,16503.73,20754.346,16179.298,17839.33,37491.836
8684,2014-12-28 20:00:00,15073.857,16503.73,20755.4,16179.638,17839.33,37492.605
8685,2014-12-28 21:00:00,15074.465,16503.73,20755.4,16179.638,17839.33,37492.605
8686,2014-12-28 22:00:00,15075.034,16503.73,20755.42,16179.638,17839.354,37492.605
8687,2014-12-28 23:00:00,15075.7,16503.73,20755.508,16179.638,17839.354,37492.605
8688,2014-12-29 00:00:00,15076.526,16503.73,20755.508,16179.638,17839.354,37492.605
8689,2014-12-29 01:00:00,15077.442,16503.73,20755.508,16179.638,17839.762,37493.99
8690,2014-12-29 02:00:00,15078.214,16503.73,20756.338,16179.638,17840.756,37496.293
8691,2014-12-29 03:00:00,15078.723,16503.73,20756.674,16179.638,17842.395,37496.625
8692,2014-12-29 04:00:00,15079.379,16503.73,20757.613,16179.963,17844.19,37497.94
8693,2014-12-29 05:00:00,15080.466,16503.73,20759.012,16180.639,17845.07,37500.305
8694,2014-12-29 06:00:00,15082.515,16503.938,20760.426,16181.402,17846.25,37503.6
8695,2014-12-29 07:00:00,15084.37,16504.785,20762.684,16181.884,17847.959,37507.02
8696,2014-12-29 08:00:00,15085.37,16504.975,20763.482,16182.169,17848.309,37509.79
8697,2014-12-29 09:00:00,15086.9795,16504.975,20763.482,16182.169,17848.309,37513.277
8698,2014-12-29 10:00:00,15087.3545,16504.975,20763.58,16182.169,17848.309,37514.035
8699,2014-12-29 11:00:00,15087.3545,16506.758,20763.58,16182.169,17848.309,37514.035
8700,2014-12-29 12:00:00,15087.3545,16507.238,20763.58,16182.169,17848.309,37514.035
8701,2014-12-29 13:00:00,15087.3545,16507.238,20763.58,16182.169,17848.309,37514.035
8702,2014-12-29 14:00:00,15087.3545,16507.238,20763.58,16182.169,17848.309,37514.035
8703,2014-12-29 15:00:00,15087.3545,16507.426,20763.58,16182.169,17848.309,37514.035
8704,2014-12-29 16:00:00,15087.3545,16507.426,20763.58,16182.169,17848.309,37514.035
8705,2014-12-29 17:00:00,15087.3545,16507.426,20763.58,16182.169,17848.309,37514.035
8706,2014-12-29 18:00:00,15087.3545,16507.426,20763.58,16182.169,17848.309,37514.035
8707,2014-12-29 19:00:00,15087.3545,16507.426,20763.58,16182.169,17848.328,37514.035
8708,2014-12-29 20:00:00,15087.3545,16507.426,20763.58,16182.169,17848.328,37514.035
8709,2014-12-29 21:00:00,15087.3545,16507.426,20763.58,16182.169,17848.328,37514.035
8710,2014-12-29 22:00:00,15087.3545,16507.426,20763.58,16182.169,17848.328,37514.035
8711,2014-12-29 23:00:00,15087.3545,16507.426,20763.58,16182.169,17848.441,37514.035
8712,2014-12-30 00:00:00,15087.3545,16507.426,20763.58,16182.169,17848.441,37514.035
8713,2014-12-30 01:00:00,15087.3545,16507.426,20763.58,16182.169,17848.441,37514.035
8714,2014-12-30 02:00:00,15087.3545,16507.426,20763.58,16182.169,17848.441,37514.035
8715,2014-12-30 03:00:00,15087.3545,16507.426,20763.58,16182.169,17848.441,37514.035
8716,2014-12-30 04:00:00,15087.3545,16507.426,20763.58,16182.169,17848.441,37514.035
8717,2014-12-30 05:00:00,15087.3545,16507.426,20763.58,16182.169,17848.441,37514.035
8718,2014-12-30 06:00:00,15087.3545,16507.426,20763.58,16182.169,17848.441,37514.035
8719,2014-12-30 07:00:00,15087.3545,16507.426,20763.58,16182.169,17848.445,37514.035
8720,2014-12-30 08:00:00,15087.3545,16508.307,20763.58,16182.169,17850.451,37514.58
8721,2014-12-30 09:00:00,15087.3545,16508.754,20763.58,16182.169,17850.492,37514.58
8722,2014-12-30 10:00:00,15088.037,16508.754,20764.023,16182.175,17850.492,37514.58
8723,2014-12-30 11:00:00,15088.845,16508.994,20765.422,16183.994,17851.125,37514.58
8724,2014-12-30 12:00:00,15088.845,16509.314,20766.82,16185.195,17851.473,37514.58
8725,2014-12-30 13:00:00,15088.845,16509.314,20767.588,16185.231,17851.473,37514.58
8726,2014-12-30 14:00:00,15088.845,16509.314,20768.762,16185.348,17851.473,37514.58
8727,2014-12-30 15:00:00,15088.845,16509.432,20769.19,16185.827,17851.777,37514.58
8728,2014-12-30 16:00:00,15088.845,16509.49,20770.77,16186.132,17851.934,37514.58
8729,2014-12-30 17:00:00,15088.845,16509.49,20772.592,16186.925,17851.934,37514.58
8730,2014-12-30 18:00:00,15088.845,16509.49,20773.645,16187.764,17852.92,37514.58
8731,2014-12-30 19:00:00,15088.845,16509.49,20773.645,16187.836,17853.652,37514.58
8732,2014-12-30 20:00:00,15088.845,16509.54,20773.645,16187.836,17854.9,37514.58
8733,2014-12-30 21:00:00,15088.845,16509.965,20773.645,16187.836,17855.916,37514.58
8734,2014-12-30 22:00:00,15088.845,16509.965,20773.645,16187.836,17855.916,37514.58
8735,2014-12-30 23:00:00,15088.845,16509.965,20773.645,16187.836,17855.916,37514.58
8736,2014-12-31 00:00:00,15088.845,16509.965,20773.645,16187.836,17856.748,37515.52
8737,2014-12-31 01:00:00,15088.845,16510.074,20773.645,16187.836,17856.83,37515.52
8738,2014-12-31 02:00:00,15088.845,16510.074,20773.645,16187.836,17856.83,37515.52
8739,2014-12-31 03:00:00,15088.845,16510.074,20773.645,16187.836,17856.83,37515.52
8740,2014-12-31 04:00:00,15088.845,16510.074,20773.645,16187.836,17856.83,37515.52
8741,2014-12-31 05:00:00,15088.845,16510.074,20773.645,16187.836,17856.83,37515.52
8742,2014-12-31 06:00:00,15088.845,16510.074,20773.645,16187.836,17856.83,37515.52
8743,2014-12-31 07:00:00,15088.845,16510.074,20773.645,16187.836,17856.83,37515.52
8744,2014-12-31 08:00:00,15088.845,16510.074,20773.645,16187.836,17856.83,37515.52
8745,2014-12-31 09:00:00,15088.845,16510.074,20773.645,16187.836,17856.83,37515.52
8746,2014-12-31 10:00:00,15088.845,16510.074,20773.645,16187.836,17856.83,37515.52
8747,2014-12-31 11:00:00,15088.845,16510.074,20773.645,16187.836,17856.83,37515.52
8748,2014-12-31 12:00:00,15088.845,16510.074,20773.645,16187.836,17856.83,37515.52
8749,2014-12-31 13:00:00,15088.845,16510.074,20773.645,16187.836,17856.83,37515.52
8750,2014-12-31 14:00:00,15088.845,16510.074,20773.645,16187.836,17856.83,37515.52
8751,2014-12-31 15:00:00,15088.845,16510.074,20773.645,16187.836,17856.83,37515.52
8752,2014-12-31 16:00:00,15088.845,16510.074,20773.645,16187.836,17856.83,37515.52
8753,2014-12-31 17:00:00,15088.845,16510.074,20773.645,16187.836,17856.83,37515.52
8754,2014-12-31 18:00:00,15088.845,16510.074,20773.645,16187.836,17856.83,37515.52
8755,2014-12-31 19:00:00,15088.845,16510.074,20774.287,16187.836,17856.83,37515.52
8756,2014-12-31 20:00:00,15088.845,16510.074,20776.084,16187.891,17856.83,37515.52
8757,2014-12-31 21:00:00,15088.845,16510.074,20777.88,16187.891,17856.83,37515.52
8758,2014-12-31 22:00:00,15088.845,16510.074,20779.492,16187.891,17856.83,37515.52
8759,2014-12-31 23:00:00,15088.845,16510.074,20781.102,16187.891,17856.83,37515.52
