date,MG,FL,OD,VS,SJ
2010-01-01 00:00:00,6752.9707,7659.2793,9940.176,7172.9644,8447.713
2010-01-01 01:00:00,6752.9707,7659.2793,9940.176,7172.9644,8447.713
2010-01-01 02:00:00,6752.9707,7659.2793,9940.176,7172.9644,8447.713
2010-01-01 03:00:00,6752.9707,7659.2793,9940.176,7172.9644,8447.713
2010-01-01 04:00:00,6752.9707,7659.2793,9940.176,7172.9644,8447.713
2010-01-01 05:00:00,6752.9707,7659.2793,9940.176,7172.9644,8447.713
2010-01-01 06:00:00,6752.9707,7659.2793,9940.176,7172.9644,8447.713
2010-01-01 07:00:00,6752.9707,7659.2793,9940.176,7172.9644,8447.713
2010-01-01 08:00:00,6752.9707,7659.2793,9940.176,7172.9644,8447.713
2010-01-01 09:00:00,6752.9707,7659.2793,9940.176,7172.9644,8447.713
2010-01-01 10:00:00,6752.9707,7659.2793,9940.176,7172.9644,8447.713
2010-01-01 11:00:00,6752.9707,7659.2793,9940.176,7172.9644,8447.713
2010-01-01 12:00:00,6752.9707,7659.2793,9940.176,7172.9644,8447.713
2010-01-01 13:00:00,6752.849,7659.2793,9940.099,7172.3823,8447.552
2010-01-01 14:00:00,6752.849,7659.2793,9940.099,7172.3823,8447.552
2010-01-01 15:00:00,6752.9707,7659.2793,9940.099,7172.516,8447.713
2010-01-01 16:00:00,6752.9707,7659.2793,9940.099,7172.516,8447.713
2010-01-01 17:00:00,6752.9707,7659.2793,9940.099,7172.516,8447.713
2010-01-01 18:00:00,6752.9707,7659.2793,9940.176,7172.516,8447.713
2010-01-01 19:00:00,6752.9707,7659.2793,9940.176,7172.516,8447.713
2010-01-01 20:00:00,6752.9707,7659.2793,9940.176,7172.9043,8447.713
2010-01-01 21:00:00,6752.9707,7659.2793,9940.176,7172.9644,8447.713
2010-01-01 22:00:00,6752.9707,7659.2793,9940.176,7172.9644,8447.713
2010-01-01 23:00:00,6752.9707,7659.2793,9940.176,7172.9644,8447.713
2010-01-02 00:00:00,6752.9707,7659.2793,9940.176,7172.9644,8447.713
2010-01-02 01:00:00,6752.9707,7659.2793,9940.176,7172.9644,8447.713
2010-01-02 02:00:00,6752.9707,7659.2793,9940.176,7172.9644,8447.713
2010-01-02 03:00:00,6752.9707,7659.2793,9940.176,7172.9644,8447.713
2010-01-02 04:00:00,6752.9707,7659.2793,9940.176,7172.9644,8447.713
2010-01-02 05:00:00,6752.9707,7659.2793,9940.176,7172.9644,8447.713
2010-01-02 06:00:00,6752.9707,7659.2793,9940.176,7172.9644,8447.713
2010-01-02 07:00:00,6752.9707,7659.2793,9940.176,7172.9644,8447.713
2010-01-02 08:00:00,6752.9707,7659.2793,9940.176,7172.9644,8447.713
2010-01-02 09:00:00,6752.9707,7659.2793,9940.176,7172.9644,8447.713
2010-01-02 10:00:00,6752.9707,7659.2793,9940.176,7172.9644,8447.713
2010-01-02 11:00:00,6752.9707,7659.2793,9940.176,7172.9644,8447.713
2010-01-02 12:00:00,6752.9707,7659.2793,9940.176,7172.9644,8447.713
2010-01-02 13:00:00,6752.9707,7659.2793,9940.176,7172.9644,8447.713
2010-01-02 14:00:00,6752.9707,7659.2793,9940.176,7172.9644,8447.713
2010-01-02 15:00:00,6752.9707,7659.2793,9940.176,7172.9644,8447.713
2010-01-02 16:00:00,6752.9707,7659.2793,9940.176,7172.9644,8447.713
2010-01-02 17:00:00,6752.9707,7659.2793,9940.176,7172.9644,8447.713
2010-01-02 18:00:00,6752.9707,7659.2793,9940.176,7172.9644,8447.713
2010-01-02 19:00:00,6752.9707,7659.2793,9940.176,7172.9644,8447.713
2010-01-02 20:00:00,6752.9707,7659.2793,9940.176,7172.9644,8447.713
2010-01-02 21:00:00,6752.9707,7659.2793,9940.176,7172.9644,8447.713
2010-01-02 22:00:00,6752.9707,7659.2793,9940.176,7172.9644,8447.713
2010-01-02 23:00:00,6752.9707,7659.2793,9940.176,7172.9644,8447.713
2010-01-03 00:00:00,6752.9707,7659.348,9940.176,7172.9644,8448.517
2010-01-03 01:00:00,6752.9707,7659.386,9940.176,7172.9644,8448.65
2010-01-03 02:00:00,6752.9707,7659.386,9940.325,7172.9644,8448.65
2010-01-03 03:00:00,6753.0312,7659.386,9940.852,7173.0874,8448.926
2010-01-03 04:00:00,6753.191,7659.666,9941.394,7173.233,8449.043
2010-01-03 05:00:00,6753.413,7659.955,9941.83,7173.572,8449.619
2010-01-03 06:00:00,6753.6367,7660.041,9942.473,7173.7246,8450.178
2010-01-03 07:00:00,6753.7446,7660.066,9942.839,7173.7935,8450.664
2010-01-03 08:00:00,6754.114,7660.602,9943.897,7174.1353,8451.336
2010-01-03 09:00:00,6754.711,7661.1606,9945.0,7174.513,8451.974
2010-01-03 10:00:00,6755.818,7661.865,9946.041,7175.113,8454.227
2010-01-03 11:00:00,6756.365,7662.5464,9946.945,7175.6577,8454.693
2010-01-03 12:00:00,6757.141,7663.3013,9947.686,7176.412,8455.847
2010-01-03 13:00:00,6758.001,7663.701,9949.189,7177.3394,8456.932
2010-01-03 14:00:00,6758.915,7664.6157,9950.086,7177.9536,8457.951
2010-01-03 15:00:00,6759.1816,7665.012,9951.098,7178.8325,8459.726
2010-01-03 16:00:00,6759.2817,7665.4966,9951.559,7179.392,8460.832
2010-01-03 17:00:00,6759.753,7666.12,9952.0205,7179.491,8461.24
2010-01-03 18:00:00,6759.957,7666.42,9952.45,7179.834,8463.32
2010-01-03 19:00:00,6760.4478,7666.667,9953.279,7179.914,8463.52
2010-01-03 20:00:00,6761.164,7666.941,9953.572,7180.5454,8465.166
2010-01-03 21:00:00,6752.9707,7659.2793,9940.176,7172.9644,8447.713
2010-01-03 22:00:00,6752.9707,7659.2793,9940.176,7172.9644,8448.073
2010-01-03 23:00:00,6752.9707,7659.2793,9940.176,7172.9644,8448.352
2010-01-04 00:00:00,6762.666,7667.096,9954.272,7180.7363,8465.471
2010-01-04 01:00:00,6763.774,7667.1753,9954.513,7180.789,8466.32
2010-01-04 02:00:00,6764.0903,7667.574,9956.241,7181.259,8467.159
2010-01-04 03:00:00,6764.3965,7668.103,9957.487,7182.16,8467.487
2010-01-04 04:00:00,6764.687,7668.579,9958.141,7182.472,8471.462
2010-01-04 05:00:00,6764.7114,7669.744,9958.141,7182.7095,8473.337
2010-01-04 06:00:00,6764.8926,7670.1807,9958.141,7182.7095,8474.335
2010-01-04 07:00:00,6765.0303,7670.5728,9958.389,7182.7646,8474.98
2010-01-04 08:00:00,6765.0303,7670.599,9958.389,7182.8066,8474.98
2010-01-04 09:00:00,6765.3696,7670.6733,9958.491,7182.8755,8476.51
2010-01-04 10:00:00,6765.3696,7670.997,9958.491,7182.876,8477.084
2010-01-04 11:00:00,6765.3696,7670.997,9958.491,7182.876,8477.537
2010-01-04 12:00:00,6765.3696,7670.997,9958.584,7182.876,8477.864
2010-01-04 13:00:00,6765.3696,7670.997,9959.683,7182.876,8477.864
2010-01-04 14:00:00,6765.3696,7670.997,9959.907,7182.876,8477.864
2010-01-04 15:00:00,6765.3696,7670.997,9960.082,7182.876,8477.864
2010-01-04 16:00:00,6765.3696,7670.997,9960.082,7182.876,8478.147
2010-01-04 17:00:00,6765.487,7671.231,9960.912,7182.932,8480.412
2010-01-04 18:00:00,6766.2783,7671.7407,9961.419,7182.9824,8481.033
2010-01-04 19:00:00,6766.3735,7671.768,9961.955,7183.132,8481.303
2010-01-04 20:00:00,6766.3735,7671.8604,9961.955,7183.132,8481.303
2010-01-04 21:00:00,6766.3735,7671.8604,9961.955,7183.132,8481.303
2010-01-04 22:00:00,6766.3735,7671.8604,9961.955,7183.132,8481.303
2010-01-04 23:00:00,6766.3735,7671.8604,9961.955,7183.132,8481.303
2010-01-05 00:00:00,6766.3735,7671.8604,9961.955,7183.132,8481.303
2010-01-05 01:00:00,6766.3735,7671.8604,9961.955,7183.132,8481.303
2010-01-05 02:00:00,6766.3735,7671.8604,9961.955,7183.132,8481.303
2010-01-05 03:00:00,6766.3735,7671.8604,9961.955,7183.132,8481.303
2010-01-05 04:00:00,6766.3735,7671.8604,9961.955,7183.132,8481.303
2010-01-05 05:00:00,6766.3735,7671.8604,9961.955,7183.132,8481.303
2010-01-05 06:00:00,6766.3735,7671.8604,9961.955,7183.132,8481.303
2010-01-05 07:00:00,6766.3735,7671.8604,9961.955,7183.132,8481.303
2010-01-05 08:00:00,6766.3735,7671.8604,9961.955,7183.132,8481.303
2010-01-05 09:00:00,6766.3735,7671.8604,9961.955,7183.132,8481.303
2010-01-05 10:00:00,6766.3735,7671.8604,9961.955,7183.132,8481.303
2010-01-05 11:00:00,6766.3735,7671.8604,9961.955,7183.132,8481.303
2010-01-05 12:00:00,6766.3735,7671.8604,9961.955,7183.132,8481.303
2010-01-05 13:00:00,6766.3735,7671.8604,9961.955,7183.132,8481.303
2010-01-05 14:00:00,6766.3735,7671.8604,9961.955,7183.132,8481.303
2010-01-05 15:00:00,6766.3735,7671.8604,9961.955,7183.132,8481.303
2010-01-05 16:00:00,6766.3735,7671.8604,9961.955,7183.132,8481.303
2010-01-05 17:00:00,6766.3735,7671.8604,9961.955,7183.132,8481.303
2010-01-05 18:00:00,6766.3735,7671.8604,9961.955,7183.132,8481.303
2010-01-05 19:00:00,6766.3735,7671.8604,9961.955,7183.132,8481.303
2010-01-05 20:00:00,6766.3735,7671.8604,9961.955,7183.132,8481.303
2010-01-05 21:00:00,6766.3735,7671.8604,9961.955,7183.132,8481.303
2010-01-05 22:00:00,6766.3735,7671.8604,9961.955,7183.132,8481.303
2010-01-05 23:00:00,6766.3735,7671.8604,9961.955,7183.132,8481.303
2010-01-06 00:00:00,6766.3735,7671.8604,9961.955,7183.132,8481.303
2010-01-06 01:00:00,6766.3735,7671.8604,9961.955,7183.132,8481.303
2010-01-06 02:00:00,6766.3735,7671.8604,9961.955,7183.132,8481.303
2010-01-06 03:00:00,6766.3735,7671.8604,9961.955,7183.132,8481.303
2010-01-06 04:00:00,6766.3735,7671.8604,9961.955,7183.132,8481.303
2010-01-06 05:00:00,6766.3735,7671.8604,9961.955,7183.132,8481.303
2010-01-06 06:00:00,6766.3735,7671.8604,9961.955,7183.132,8481.303
2010-01-06 07:00:00,6766.3735,7671.8604,9961.955,7183.132,8481.303
2010-01-06 08:00:00,6766.3735,7671.8604,9961.955,7183.132,8481.303
2010-01-06 09:00:00,6766.3735,7671.8604,9961.955,7183.132,8481.303
2010-01-06 10:00:00,6766.3735,7671.8604,9961.955,7183.132,8481.303
2010-01-06 11:00:00,6766.3735,7671.8604,9961.955,7183.132,8481.303
2010-01-06 12:00:00,6766.3735,7671.8604,9961.955,7183.132,8481.303
2010-01-06 13:00:00,6766.3735,7671.8604,9961.955,7183.132,8481.303
2010-01-06 14:00:00,6766.3735,7671.8604,9961.955,7183.132,8481.303
2010-01-06 15:00:00,6766.3735,7671.8604,9961.955,7183.132,8481.303
2010-01-06 16:00:00,6766.3735,7671.8604,9961.955,7183.132,8481.303
2010-01-06 17:00:00,6766.3735,7671.8604,9961.955,7183.132,8481.303
2010-01-06 18:00:00,6766.3735,7671.8604,9961.955,7183.132,8481.303
2010-01-06 19:00:00,6766.3735,7671.8604,9961.955,7183.132,8481.303
2010-01-06 20:00:00,6766.3735,7671.8604,9961.955,7183.132,8481.303
2010-01-06 21:00:00,6766.3735,7671.8604,9961.955,7183.132,8481.303
2010-01-06 22:00:00,6766.3735,7671.8604,9961.955,7183.132,8481.303
2010-01-06 23:00:00,6766.3735,7671.8604,9961.955,7183.132,8481.303
2010-01-07 00:00:00,6766.3735,7671.8604,9961.955,7183.132,8481.303
2010-01-07 01:00:00,6766.3735,7671.8604,9961.955,7183.132,8481.303
2010-01-07 02:00:00,6766.3735,7671.8604,9961.955,7183.132,8481.303
2010-01-07 03:00:00,6766.3735,7671.8604,9961.955,7183.132,8481.303
2010-01-07 04:00:00,6766.3735,7671.8604,9961.955,7183.132,8481.303
2010-01-07 05:00:00,6766.3735,7671.8604,9961.955,7183.132,8481.303
2010-01-07 06:00:00,6766.3735,7671.8604,9961.955,7183.132,8481.303
2010-01-07 07:00:00,6766.3735,7671.8604,9961.955,7183.132,8481.303
2010-01-07 08:00:00,6766.3735,7671.8604,9961.955,7183.132,8481.303
2010-01-07 09:00:00,6766.3735,7671.8604,9961.955,7183.132,8481.303
2010-01-07 10:00:00,6766.3735,7671.8604,9961.955,7183.132,8481.303
2010-01-07 11:00:00,6766.3735,7671.8604,9961.955,7183.132,8481.303
2010-01-07 12:00:00,6766.3735,7671.8604,9961.955,7183.132,8481.303
2010-01-07 13:00:00,6766.3735,7671.8604,9961.955,7183.132,8481.303
2010-01-07 14:00:00,6766.3735,7671.8604,9961.955,7183.132,8481.303
2010-01-07 15:00:00,6766.3735,7671.8604,9961.955,7183.132,8481.303
2010-01-07 16:00:00,6766.3735,7671.8604,9961.955,7183.132,8481.303
2010-01-07 17:00:00,6766.3735,7671.8604,9961.955,7183.132,8481.303
2010-01-07 18:00:00,6766.3735,7671.8604,9961.955,7183.132,8481.303
2010-01-07 19:00:00,6766.3735,7671.8604,9961.955,7183.132,8481.303
2010-01-07 20:00:00,6766.3735,7671.8604,9961.955,7183.132,8481.303
2010-01-07 21:00:00,6766.3735,7671.8604,9961.955,7183.132,8481.303
2010-01-07 22:00:00,6766.3735,7671.8604,9961.955,7183.132,8481.303
2010-01-07 23:00:00,6766.3735,7671.8604,9961.955,7183.132,8481.303
2010-01-08 00:00:00,6766.3735,7671.8604,9961.955,7183.132,8481.303
2010-01-08 01:00:00,6766.3735,7671.8604,9961.955,7183.132,8481.303
2010-01-08 02:00:00,6766.3735,7671.8604,9961.955,7183.132,8481.303
2010-01-08 03:00:00,6766.3735,7671.8604,9961.955,7183.132,8481.303
2010-01-08 04:00:00,6766.3735,7671.8604,9961.955,7183.132,8481.303
2010-01-08 05:00:00,6766.3735,7671.8604,9961.955,7183.132,8481.303
2010-01-08 06:00:00,6766.3735,7671.8604,9961.955,7183.132,8481.303
2010-01-08 07:00:00,6766.3735,7671.8604,9961.955,7183.132,8481.303
2010-01-08 08:00:00,6766.3735,7671.8604,9961.955,7183.132,8481.303
2010-01-08 09:00:00,6766.3735,7671.8604,9961.955,7183.132,8481.303
2010-01-08 10:00:00,6766.3735,7671.8604,9961.955,7183.132,8481.303
2010-01-08 11:00:00,6766.3735,7671.8604,9961.955,7183.132,8481.303
2010-01-08 12:00:00,6766.3735,7671.8604,9961.955,7183.132,8481.303
2010-01-08 13:00:00,6766.3735,7671.8604,9961.955,7183.132,8481.303
2010-01-08 14:00:00,6766.3735,7671.8604,9961.955,7183.132,8481.303
2010-01-08 15:00:00,6766.3735,7671.8604,9961.955,7183.132,8481.303
2010-01-08 16:00:00,6766.3735,7671.8604,9961.955,7183.132,8481.303
2010-01-08 17:00:00,6766.3735,7671.8604,9961.955,7183.132,8481.303
2010-01-08 18:00:00,6766.3735,7671.8604,9961.955,7183.132,8481.303
2010-01-08 19:00:00,6766.3735,7671.8604,9961.955,7183.132,8481.303
2010-01-08 20:00:00,6766.3735,7671.8604,9961.955,7183.132,8481.303
2010-01-08 21:00:00,6766.3735,7671.8604,9961.955,7183.132,8481.303
2010-01-08 22:00:00,6766.3735,7671.8604,9961.955,7183.132,8481.303
2010-01-08 23:00:00,6766.3735,7671.8604,9961.955,7183.132,8481.303
2010-01-09 00:00:00,6766.3735,7671.8604,9961.955,7183.132,8481.303
2010-01-09 01:00:00,6766.3735,7671.8604,9961.955,7183.132,8481.303
2010-01-09 02:00:00,6766.3735,7671.8604,9961.955,7183.132,8481.303
2010-01-09 03:00:00,6766.3735,7671.8604,9961.955,7183.132,8481.303
2010-01-09 04:00:00,6766.3735,7671.8604,9961.955,7183.132,8481.303
2010-01-09 05:00:00,6766.3735,7671.8604,9961.955,7183.132,8481.303
2010-01-09 06:00:00,6766.3735,7671.8604,9961.955,7183.132,8481.303
2010-01-09 07:00:00,6766.3735,7671.8604,9961.955,7183.132,8481.303
2010-01-09 08:00:00,6766.3735,7671.8604,9961.955,7183.132,8481.303
2010-01-09 09:00:00,6766.3735,7671.8604,9961.955,7183.132,8481.303
2010-01-09 10:00:00,6766.3735,7671.8604,9961.955,7183.132,8481.303
2010-01-09 11:00:00,6766.3735,7671.8604,9961.955,7183.132,8481.303
2010-01-09 12:00:00,6766.3735,7671.8604,9961.955,7183.132,8481.303
2010-01-09 13:00:00,6766.3735,7671.8604,9961.955,7183.132,8481.303
2010-01-09 14:00:00,6766.3735,7671.8604,9961.955,7183.132,8481.303
2010-01-09 15:00:00,6766.3735,7671.8604,9961.955,7183.132,8481.303
2010-01-09 16:00:00,6766.3735,7671.8604,9961.955,7183.132,8481.303
2010-01-09 17:00:00,6766.3735,7671.8604,9961.955,7183.132,8481.303
2010-01-09 18:00:00,6766.3735,7671.8604,9961.955,7183.132,8481.303
2010-01-09 19:00:00,6766.3735,7671.8604,9961.955,7183.132,8481.303
2010-01-09 20:00:00,6766.3735,7671.8604,9961.955,7183.132,8481.303
2010-01-09 21:00:00,6766.3735,7671.8604,9961.955,7183.132,8481.303
2010-01-09 22:00:00,6766.3735,7671.8604,9961.955,7183.132,8481.303
2010-01-09 23:00:00,6766.3735,7671.8604,9961.955,7183.132,8481.303
2010-01-10 00:00:00,6766.3735,7671.8604,9961.955,7183.132,8481.303
2010-01-10 01:00:00,6766.3735,7671.8604,9961.955,7183.132,8481.303
2010-01-10 02:00:00,6766.3735,7671.8604,9961.955,7183.132,8481.303
2010-01-10 03:00:00,6766.3735,7671.8604,9961.955,7183.132,8481.303
2010-01-10 04:00:00,6766.3735,7671.8604,9961.955,7183.132,8481.303
2010-01-10 05:00:00,6766.3735,7671.8604,9961.955,7183.132,8481.303
2010-01-10 06:00:00,6766.3735,7671.8604,9961.955,7183.132,8481.303
2010-01-10 07:00:00,6766.3735,7671.8604,9961.955,7183.132,8481.303
2010-01-10 08:00:00,6766.3735,7671.8604,9961.955,7183.132,8481.303
2010-01-10 09:00:00,6766.3735,7671.8604,9961.955,7183.132,8481.303
2010-01-10 10:00:00,6766.3735,7671.8604,9961.955,7183.132,8481.303
2010-01-10 11:00:00,6766.3735,7671.8604,9961.955,7183.132,8481.303
2010-01-10 12:00:00,6766.3735,7671.8604,9961.955,7183.132,8481.303
2010-01-10 13:00:00,6766.3735,7671.8604,9961.955,7183.132,8481.303
2010-01-10 14:00:00,6766.3735,7671.8604,9961.955,7183.132,8481.303
2010-01-10 15:00:00,6766.3735,7671.8604,9961.955,7183.132,8481.303
2010-01-10 16:00:00,6766.3735,7671.8604,9961.955,7183.132,8481.303
2010-01-10 17:00:00,6766.3735,7671.8604,9961.955,7183.132,8481.303
2010-01-10 18:00:00,6766.3735,7671.8604,9961.955,7183.132,8481.303
2010-01-10 19:00:00,6766.3735,7671.8604,9961.955,7183.132,8481.303
2010-01-10 20:00:00,6766.3735,7671.8604,9961.955,7183.132,8481.303
2010-01-10 21:00:00,6766.3735,7671.8604,9961.955,7183.132,8481.303
2010-01-10 22:00:00,6766.3735,7671.8604,9961.955,7183.132,8481.303
2010-01-10 23:00:00,6766.3735,7671.8604,9961.955,7183.132,8481.303
2010-01-11 00:00:00,6766.3735,7671.8604,9961.955,7183.132,8481.303
2010-01-11 01:00:00,6766.3735,7671.8604,9961.955,7183.132,8481.303
2010-01-11 02:00:00,6766.3735,7671.8604,9961.955,7183.132,8481.303
2010-01-11 03:00:00,6766.3735,7671.8604,9961.955,7183.132,8481.303
2010-01-11 04:00:00,6766.3735,7671.8604,9961.955,7183.132,8481.303
2010-01-11 05:00:00,6766.3735,7671.8604,9961.955,7183.132,8481.303
2010-01-11 06:00:00,6766.3735,7671.8604,9961.955,7183.132,8481.303
2010-01-11 07:00:00,6766.3735,7671.8604,9961.955,7183.132,8481.303
2010-01-11 08:00:00,6766.3735,7671.8604,9961.955,7183.132,8481.303
2010-01-11 09:00:00,6766.3735,7671.8604,9961.955,7183.132,8481.303
2010-01-11 10:00:00,6766.3735,7671.8604,9961.955,7183.132,8481.303
2010-01-11 11:00:00,6766.3735,7671.8604,9961.955,7183.132,8481.303
2010-01-11 12:00:00,6766.3735,7671.8604,9961.955,7183.132,8481.303
2010-01-11 13:00:00,6766.3735,7671.8604,9961.955,7183.132,8481.303
2010-01-11 14:00:00,6766.3735,7671.8604,9961.955,7183.132,8481.303
2010-01-11 15:00:00,6766.3735,7671.8604,9961.955,7183.132,8481.303
2010-01-11 16:00:00,6766.3735,7671.8604,9961.955,7183.132,8481.303
2010-01-11 17:00:00,6766.3735,7671.8604,9961.955,7183.132,8481.303
2010-01-11 18:00:00,6766.3735,7671.8604,9961.955,7183.132,8481.303
2010-01-11 19:00:00,6766.3735,7671.8604,9961.955,7183.132,8481.303
2010-01-11 20:00:00,6766.3735,7671.8604,9961.955,7183.132,8481.303
2010-01-11 21:00:00,6766.3735,7671.8604,9961.955,7183.132,8481.303
2010-01-11 22:00:00,6766.3735,7671.8604,9961.955,7183.132,8481.303
2010-01-11 23:00:00,6766.3735,7671.8604,9961.955,7183.132,8481.303
2010-01-12 00:00:00,6766.3735,7671.8604,9961.955,7183.132,8481.303
2010-01-12 01:00:00,6766.3735,7671.8604,9961.955,7183.132,8481.303
2010-01-12 02:00:00,6766.3735,7671.8604,9961.955,7183.132,8481.303
2010-01-12 03:00:00,6766.3735,7671.8604,9961.955,7183.132,8481.303
2010-01-12 04:00:00,6766.3735,7671.8604,9961.955,7183.132,8481.303
2010-01-12 05:00:00,6766.3735,7671.8604,9961.955,7183.132,8481.303
2010-01-12 06:00:00,6766.3735,7671.8604,9961.955,7183.132,8481.303
2010-01-12 07:00:00,6766.3735,7671.8604,9961.955,7183.132,8481.303
2010-01-12 08:00:00,6766.3735,7671.8604,9961.955,7183.132,8481.303
2010-01-12 09:00:00,6766.3735,7671.8604,9961.955,7183.132,8481.303
2010-01-12 10:00:00,6766.3735,7671.8604,9961.955,7183.132,8481.303
2010-01-12 11:00:00,6766.3735,7671.8604,9961.955,7183.132,8481.303
2010-01-12 12:00:00,6766.3735,7671.8604,9961.955,7183.132,8481.303
2010-01-12 13:00:00,6766.3735,7671.8604,9961.955,7183.132,8481.303
2010-01-12 14:00:00,6766.3735,7671.8604,9961.955,7183.132,8481.303
2010-01-12 15:00:00,6766.3735,7671.8604,9961.955,7183.132,8481.303
2010-01-12 16:00:00,6766.3735,7671.8604,9961.955,7183.132,8481.303
2010-01-12 17:00:00,6766.3735,7671.8604,9961.955,7183.132,8481.303
2010-01-12 18:00:00,6766.3735,7671.8604,9961.955,7183.132,8481.303
2010-01-12 19:00:00,6766.3735,7671.8604,9961.955,7183.132,8481.303
2010-01-12 20:00:00,6766.3735,7671.8604,9961.955,7183.132,8481.303
2010-01-12 21:00:00,6766.3735,7671.8604,9961.955,7183.132,8481.303
2010-01-12 22:00:00,6766.3735,7671.8604,9961.955,7183.132,8481.303
2010-01-12 23:00:00,6766.3735,7671.8604,9961.955,7183.132,8481.303
2010-01-13 00:00:00,6766.3735,7671.8604,9961.955,7183.132,8481.303
2010-01-13 01:00:00,6766.3735,7671.8604,9961.955,7183.132,8481.303
2010-01-13 02:00:00,6766.3735,7671.8604,9961.955,7183.132,8481.303
2010-01-13 03:00:00,6766.3735,7671.8604,9961.955,7183.132,8481.303
2010-01-13 04:00:00,6766.3735,7671.8604,9961.955,7183.132,8481.303
2010-01-13 05:00:00,6766.3735,7671.8604,9961.955,7183.132,8481.303
2010-01-13 06:00:00,6766.3735,7671.8604,9961.955,7183.132,8481.303
2010-01-13 07:00:00,6766.3735,7671.8604,9961.955,7183.132,8481.303
2010-01-13 08:00:00,6766.3735,7671.8604,9961.955,7183.132,8481.303
2010-01-13 09:00:00,6766.3735,7671.8604,9961.955,7183.132,8481.303
2010-01-13 10:00:00,6766.3735,7671.8604,9961.955,7183.132,8481.303
2010-01-13 11:00:00,6766.3735,7671.8604,9961.955,7183.132,8481.303
2010-01-13 12:00:00,6766.3735,7671.8604,9961.955,7183.132,8481.303
2010-01-13 13:00:00,6766.3735,7671.8604,9961.955,7183.132,8481.303
2010-01-13 14:00:00,6766.3735,7671.8604,9961.955,7183.132,8481.303
2010-01-13 15:00:00,6766.3735,7671.8604,9961.955,7183.132,8481.303
2010-01-13 16:00:00,6766.3735,7671.8604,9961.955,7183.132,8481.303
2010-01-13 17:00:00,6766.3735,7671.8604,9961.955,7183.132,8481.303
2010-01-13 18:00:00,6766.3735,7671.8604,9961.955,7183.132,8481.303
2010-01-13 19:00:00,6766.3735,7671.8604,9961.955,7183.132,8481.303
2010-01-13 20:00:00,6766.3735,7671.8604,9961.955,7183.132,8481.303
2010-01-13 21:00:00,6766.3735,7671.8604,9961.955,7183.132,8481.303
2010-01-13 22:00:00,6766.3735,7671.8604,9961.955,7183.132,8481.303
2010-01-13 23:00:00,6766.3735,7671.8604,9961.955,7183.132,8481.303
2010-01-14 00:00:00,6766.3735,7671.8604,9961.955,7183.132,8481.303
2010-01-14 01:00:00,6766.3735,7671.8604,9961.955,7183.132,8481.303
2010-01-14 02:00:00,6766.3735,7671.8604,9961.955,7183.132,8481.303
2010-01-14 03:00:00,6766.3735,7671.8604,9961.955,7183.132,8481.303
2010-01-14 04:00:00,6766.3735,7671.8604,9961.955,7183.132,8481.303
2010-01-14 05:00:00,6766.3735,7671.8604,9961.955,7183.132,8481.303
2010-01-14 06:00:00,6766.3735,7671.8604,9961.955,7183.132,8481.303
2010-01-14 07:00:00,6766.3735,7671.8604,9961.955,7183.132,8481.303
2010-01-14 08:00:00,6766.3735,7671.8604,9961.955,7183.132,8481.303
2010-01-14 09:00:00,6766.3735,7671.8604,9961.955,7183.132,8481.303
2010-01-14 10:00:00,6766.3735,7671.8604,9961.955,7183.132,8481.303
2010-01-14 11:00:00,6766.3735,7671.8604,9961.955,7183.132,8481.303
2010-01-14 12:00:00,6766.3735,7671.8604,9961.955,7183.132,8481.303
2010-01-14 13:00:00,6766.3735,7671.8604,9961.955,7183.132,8481.303
2010-01-14 14:00:00,6766.3735,7671.8604,9961.955,7183.132,8481.303
2010-01-14 15:00:00,6766.3735,7671.8604,9961.955,7183.132,8481.303
2010-01-14 16:00:00,6766.3735,7671.8604,9961.955,7183.132,8481.303
2010-01-14 17:00:00,6766.3735,7671.8604,9961.955,7183.132,8481.303
2010-01-14 18:00:00,6766.3735,7671.8604,9961.955,7183.132,8481.303
2010-01-14 19:00:00,6766.3735,7671.8604,9961.955,7183.132,8481.303
2010-01-14 20:00:00,6766.3735,7671.8604,9961.955,7183.132,8481.303
2010-01-14 21:00:00,6766.3735,7671.8604,9961.955,7183.132,8481.303
2010-01-14 22:00:00,6766.3735,7671.8604,9961.955,7183.132,8481.303
2010-01-14 23:00:00,6766.3735,7671.8604,9961.955,7183.132,8481.303
2010-01-15 00:00:00,6766.3735,7671.8604,9961.955,7183.132,8481.303
2010-01-15 01:00:00,6766.3735,7671.8604,9961.955,7183.132,8481.303
2010-01-15 02:00:00,6766.3735,7671.8604,9961.955,7183.132,8481.303
2010-01-15 03:00:00,6766.3735,7671.8604,9961.955,7183.132,8481.303
2010-01-15 04:00:00,6766.3735,7671.8604,9961.955,7183.132,8481.303
2010-01-15 05:00:00,6766.3735,7671.8604,9961.955,7183.132,8481.303
2010-01-15 06:00:00,6766.3735,7671.8604,9961.955,7183.132,8481.303
2010-01-15 07:00:00,6766.3735,7671.8604,9961.955,7183.132,8481.303
2010-01-15 08:00:00,6766.3735,7671.8604,9961.955,7183.132,8481.303
2010-01-15 09:00:00,6766.3735,7671.8604,9961.955,7183.132,8481.303
2010-01-15 10:00:00,6766.3735,7671.8604,9961.955,7183.132,8481.303
2010-01-15 11:00:00,6766.3735,7671.8604,9961.955,7183.132,8481.303
2010-01-15 12:00:00,6766.3735,7671.8604,9961.955,7183.132,8481.303
2010-01-15 13:00:00,6766.3735,7671.8604,9961.955,7183.132,8481.303
2010-01-15 14:00:00,6766.3735,7671.8604,9961.955,7183.132,8481.303
2010-01-15 15:00:00,6766.3735,7671.8604,9961.955,7183.132,8481.303
2010-01-15 16:00:00,6766.3735,7671.8604,9961.955,7183.132,8481.303
2010-01-15 17:00:00,6766.3735,7671.8604,9961.955,7183.132,8481.303
2010-01-15 18:00:00,6766.3735,7671.8604,9961.955,7183.132,8481.303
2010-01-15 19:00:00,6766.3735,7671.8604,9961.955,7183.132,8481.303
2010-01-15 20:00:00,6766.3735,7671.8604,9961.955,7183.132,8481.303
2010-01-15 21:00:00,6766.3735,7671.8604,9961.955,7183.132,8481.303
2010-01-15 22:00:00,6766.3735,7671.8604,9961.955,7183.132,8481.303
2010-01-15 23:00:00,6766.3735,7671.8604,9961.955,7183.132,8481.303
2010-01-16 00:00:00,6766.3735,7671.8604,9961.955,7183.132,8481.303
2010-01-16 01:00:00,6766.3735,7671.8604,9961.955,7183.132,8481.303
2010-01-16 02:00:00,6766.3735,7671.8604,9961.955,7183.132,8481.303
2010-01-16 03:00:00,6766.3735,7671.8604,9961.955,7183.132,8481.303
2010-01-16 04:00:00,6766.3735,7671.8604,9961.955,7183.132,8481.303
2010-01-16 05:00:00,6766.3735,7671.8604,9961.955,7183.132,8481.303
2010-01-16 06:00:00,6766.3735,7671.8604,9961.955,7183.132,8481.303
2010-01-16 07:00:00,6766.3735,7671.8604,9961.955,7183.132,8481.303
2010-01-16 08:00:00,6766.3735,7671.8604,9961.955,7183.132,8481.303
2010-01-16 09:00:00,6766.3735,7671.8604,9961.955,7183.132,8481.303
2010-01-16 10:00:00,6766.3735,7671.8604,9961.955,7183.132,8481.303
2010-01-16 11:00:00,6766.3735,7671.8604,9961.955,7183.132,8481.303
2010-01-16 12:00:00,6766.3735,7671.8604,9961.955,7183.132,8481.303
2010-01-16 13:00:00,6766.3735,7671.8604,9961.955,7183.132,8481.303
2010-01-16 14:00:00,6766.3735,7671.8604,9961.955,7183.132,8481.303
2010-01-16 15:00:00,6766.3735,7671.8604,9961.955,7183.132,8481.303
2010-01-16 16:00:00,6766.3735,7671.8604,9961.955,7183.132,8481.303
2010-01-16 17:00:00,6766.3735,7671.8604,9961.955,7183.132,8481.303
2010-01-16 18:00:00,6766.3735,7671.8604,9961.955,7183.132,8481.303
2010-01-16 19:00:00,6766.3735,7671.8604,9961.955,7183.132,8481.303
2010-01-16 20:00:00,6766.3735,7671.8604,9961.955,7183.132,8481.303
2010-01-16 21:00:00,6766.3735,7671.8604,9961.955,7183.132,8481.303
2010-01-16 22:00:00,6766.3735,7671.8604,9961.955,7183.132,8481.303
2010-01-16 23:00:00,6766.3735,7671.8604,9961.955,7183.132,8481.303
2010-01-17 00:00:00,6766.3735,7671.8604,9961.955,7183.132,8481.303
2010-01-17 01:00:00,6766.3735,7671.8604,9961.955,7183.132,8481.303
2010-01-17 02:00:00,6766.3735,7671.8604,9961.955,7183.132,8481.303
2010-01-17 03:00:00,6766.3735,7671.8604,9961.955,7183.132,8481.303
2010-01-17 04:00:00,6766.3735,7671.8604,9961.955,7183.132,8481.303
2010-01-17 05:00:00,6766.3735,7671.8604,9961.955,7183.132,8481.303
2010-01-17 06:00:00,6766.3735,7671.8604,9961.955,7183.132,8481.303
2010-01-17 07:00:00,6766.3735,7671.8604,9961.955,7183.132,8481.303
2010-01-17 08:00:00,6766.3735,7671.8604,9961.955,7183.132,8481.303
2010-01-17 09:00:00,6766.3735,7671.8604,9961.955,7183.132,8481.303
2010-01-17 10:00:00,6766.3735,7671.8604,9961.955,7183.132,8481.303
2010-01-17 11:00:00,6766.3735,7671.8604,9961.955,7183.132,8481.303
2010-01-17 12:00:00,6766.3735,7671.8604,9961.955,7183.132,8481.303
2010-01-17 13:00:00,6766.3735,7671.9775,9961.955,7183.132,8481.303
2010-01-17 14:00:00,6766.3735,7672.378,9961.955,7183.132,8481.303
2010-01-17 15:00:00,6766.3735,7672.7935,9961.955,7183.132,8481.303
2010-01-17 16:00:00,6766.3735,7673.1777,9961.955,7183.132,8481.303
2010-01-17 17:00:00,6766.3735,7673.4644,9961.955,7183.132,8481.303
2010-01-17 18:00:00,6766.3735,7673.4644,9961.955,7183.132,8481.303
2010-01-17 19:00:00,6766.3735,7673.4644,9961.955,7183.132,8481.303
2010-01-17 20:00:00,6766.3735,7673.4644,9961.955,7183.132,8481.303
2010-01-17 21:00:00,6766.3735,7673.4644,9961.955,7183.132,8481.303
2010-01-17 22:00:00,6766.3735,7673.4644,9961.955,7183.132,8481.303
2010-01-17 23:00:00,6766.3735,7673.4644,9961.955,7183.132,8481.303
2010-01-18 00:00:00,6766.3735,7673.4644,9961.955,7183.132,8481.303
2010-01-18 01:00:00,6766.3735,7673.4644,9961.955,7183.132,8481.303
2010-01-18 02:00:00,6766.3735,7673.4644,9961.955,7183.132,8481.303
2010-01-18 03:00:00,6766.3735,7673.4644,9961.955,7183.132,8481.303
2010-01-18 04:00:00,6766.3735,7673.4644,9961.955,7183.132,8481.303
2010-01-18 05:00:00,6766.3735,7673.4644,9961.955,7183.132,8481.303
2010-01-18 06:00:00,6766.3735,7673.4644,9961.955,7183.132,8481.303
2010-01-18 07:00:00,6766.3735,7673.4644,9961.955,7183.132,8481.303
2010-01-18 08:00:00,6766.3735,7673.4644,9961.955,7183.132,8481.303
2010-01-18 09:00:00,6766.3735,7673.4644,9961.955,7183.132,8481.303
2010-01-18 10:00:00,6766.3735,7673.4644,9961.955,7183.132,8481.303
2010-01-18 11:00:00,6766.3735,7673.4644,9961.955,7183.132,8481.303
2010-01-18 12:00:00,6766.3735,7673.4644,9961.955,7183.132,8481.303
2010-01-18 13:00:00,6766.3735,7673.4644,9961.955,7183.132,8481.303
2010-01-18 14:00:00,6766.3735,7673.4644,9961.955,7183.132,8481.303
2010-01-18 15:00:00,6766.3735,7673.4644,9961.955,7183.132,8481.303
2010-01-18 16:00:00,6766.3735,7673.4644,9961.955,7183.132,8481.303
2010-01-18 17:00:00,6766.3735,7673.4644,9961.955,7183.132,8481.303
2010-01-18 18:00:00,6766.3735,7673.4644,9961.955,7183.132,8481.303
2010-01-18 19:00:00,6766.3735,7673.4644,9961.955,7183.132,8481.303
2010-01-18 20:00:00,6766.3735,7673.4644,9961.955,7183.132,8481.303
2010-01-18 21:00:00,6766.3735,7673.4644,9961.955,7183.132,8481.303
2010-01-18 22:00:00,6766.3735,7673.4644,9961.955,7183.132,8481.303
2010-01-18 23:00:00,6766.3735,7673.4644,9961.955,7183.132,8481.303
2010-01-19 00:00:00,6766.3735,7673.4644,9961.955,7183.132,8481.303
2010-01-19 01:00:00,6766.3735,7673.4644,9961.955,7183.132,8481.303
2010-01-19 02:00:00,6766.3735,7673.4644,9961.955,7183.132,8481.322
2010-01-19 03:00:00,6766.3735,7673.4644,9961.955,7183.132,8482.104
2010-01-19 04:00:00,6766.3735,7673.742,9961.955,7183.132,8482.316
2010-01-19 05:00:00,6766.3735,7673.828,9961.955,7183.132,8482.316
2010-01-19 06:00:00,6766.3735,7673.828,9961.955,7183.132,8482.316
2010-01-19 07:00:00,6766.3735,7673.828,9961.955,7183.132,8482.316
2010-01-19 08:00:00,6766.3735,7673.828,9961.955,7183.132,8482.316
2010-01-19 09:00:00,6766.3735,7673.828,9961.955,7183.132,8482.316
2010-01-19 10:00:00,6766.3735,7673.828,9961.955,7183.132,8482.316
2010-01-19 11:00:00,6766.3735,7673.828,9961.955,7183.132,8482.316
2010-01-19 12:00:00,6766.3735,7673.828,9961.955,7183.132,8482.316
2010-01-19 13:00:00,6766.3735,7673.828,9961.955,7183.132,8482.316
2010-01-19 14:00:00,6766.3735,7673.828,9961.955,7183.132,8482.316
2010-01-19 15:00:00,6766.3735,7673.828,9961.955,7183.132,8482.316
2010-01-19 16:00:00,6766.3735,7673.828,9961.955,7183.132,8482.316
2010-01-19 17:00:00,6766.3735,7673.828,9961.955,7183.132,8482.316
2010-01-19 18:00:00,6766.3735,7673.828,9961.955,7183.132,8482.316
2010-01-19 19:00:00,6766.3735,7673.828,9961.955,7183.132,8482.316
2010-01-19 20:00:00,6766.3735,7673.828,9961.955,7183.132,8482.316
2010-01-19 21:00:00,6766.3735,7673.828,9961.955,7183.132,8482.316
2010-01-19 22:00:00,6766.3735,7673.828,9961.955,7183.132,8482.316
2010-01-19 23:00:00,6766.3735,7673.828,9961.955,7183.132,8482.316
2010-01-20 00:00:00,6766.3735,7673.828,9961.955,7183.132,8482.316
2010-01-20 01:00:00,6766.3735,7673.828,9961.955,7183.132,8482.316
2010-01-20 02:00:00,6766.3735,7673.828,9961.955,7183.132,8482.316
2010-01-20 03:00:00,6766.3735,7673.828,9961.955,7183.132,8482.316
2010-01-20 04:00:00,6766.3735,7673.828,9961.955,7183.132,8482.316
2010-01-20 05:00:00,6766.3735,7673.828,9961.955,7183.132,8482.316
2010-01-20 06:00:00,6766.3735,7673.828,9961.955,7183.132,8482.316
2010-01-20 07:00:00,6766.3735,7673.828,9961.955,7183.132,8482.316
2010-01-20 08:00:00,6766.3735,7673.828,9961.955,7183.132,8482.316
2010-01-20 09:00:00,6766.3735,7673.828,9961.955,7183.132,8482.316
2010-01-20 10:00:00,6766.3735,7673.828,9961.955,7183.132,8482.316
2010-01-20 11:00:00,6766.3735,7673.828,9961.955,7183.132,8482.316
2010-01-20 12:00:00,6766.3735,7673.828,9961.955,7183.132,8482.316
2010-01-20 13:00:00,6766.3735,7673.828,9961.955,7183.132,8482.316
2010-01-20 14:00:00,6766.3735,7673.828,9961.955,7183.132,8482.316
2010-01-20 15:00:00,6766.3735,7673.828,9961.955,7183.132,8482.316
2010-01-20 16:00:00,6766.3735,7673.828,9961.955,7183.132,8482.316
2010-01-20 17:00:00,6766.3735,7673.828,9961.955,7183.132,8482.316
2010-01-20 18:00:00,6766.3735,7673.828,9961.955,7183.132,8482.316
2010-01-20 19:00:00,6766.3735,7673.828,9961.955,7183.132,8482.316
2010-01-20 20:00:00,6766.3735,7673.828,9961.955,7183.132,8482.316
2010-01-20 21:00:00,6766.3735,7673.828,9961.955,7183.132,8482.316
2010-01-20 22:00:00,6766.3735,7673.828,9961.955,7183.132,8482.316
2010-01-20 23:00:00,6766.3735,7673.828,9961.955,7183.132,8482.316
2010-01-21 00:00:00,6766.3735,7673.828,9961.955,7183.132,8482.316
2010-01-21 01:00:00,6766.3735,7673.828,9961.955,7183.132,8482.316
2010-01-21 02:00:00,6766.3735,7673.828,9961.955,7183.132,8482.316
2010-01-21 03:00:00,6766.3735,7673.828,9961.955,7183.132,8482.316
2010-01-21 04:00:00,6766.3735,7673.828,9961.955,7183.132,8482.316
2010-01-21 05:00:00,6766.3735,7673.828,9961.955,7183.132,8482.316
2010-01-21 06:00:00,6766.3735,7673.828,9961.955,7183.132,8482.316
2010-01-21 07:00:00,6766.3735,7673.828,9961.955,7183.132,8482.316
2010-01-21 08:00:00,6766.3735,7673.828,9961.955,7183.132,8482.316
2010-01-21 09:00:00,6766.3735,7673.828,9961.955,7183.132,8482.316
2010-01-21 10:00:00,6766.3735,7673.828,9961.955,7183.132,8482.316
2010-01-21 11:00:00,6766.3735,7673.828,9961.955,7183.132,8482.316
2010-01-21 12:00:00,6766.3735,7673.828,9961.955,7183.132,8482.316
2010-01-21 13:00:00,6766.3735,7673.828,9961.955,7183.132,8482.316
2010-01-21 14:00:00,6766.3735,7673.828,9961.955,7183.132,8482.316
2010-01-21 15:00:00,6766.3735,7673.828,9961.955,7183.132,8482.316
2010-01-21 16:00:00,6766.3735,7673.828,9961.955,7183.132,8482.316
2010-01-21 17:00:00,6766.3735,7673.828,9961.955,7183.132,8482.316
2010-01-21 18:00:00,6766.3735,7673.828,9961.955,7183.132,8482.316
2010-01-21 19:00:00,6766.3735,7673.828,9961.955,7183.132,8482.316
2010-01-21 20:00:00,6766.3735,7673.828,9961.955,7183.132,8482.316
2010-01-21 21:00:00,6766.3735,7673.828,9961.955,7183.132,8482.316
2010-01-21 22:00:00,6766.3735,7673.828,9961.955,7183.132,8482.316
2010-01-21 23:00:00,6766.3735,7673.828,9961.955,7183.132,8482.316
2010-01-22 00:00:00,6766.3735,7673.828,9961.955,7183.132,8482.316
2010-01-22 01:00:00,6766.3735,7673.828,9961.955,7183.132,8482.316
2010-01-22 02:00:00,6766.3735,7673.828,9961.955,7183.132,8482.316
2010-01-22 03:00:00,6766.3735,7673.828,9961.955,7183.132,8482.316
2010-01-22 04:00:00,6766.3735,7673.828,9961.955,7183.132,8482.316
2010-01-22 05:00:00,6766.3735,7673.828,9961.955,7183.132,8482.316
2010-01-22 06:00:00,6766.3735,7673.828,9961.955,7183.132,8482.316
2010-01-22 07:00:00,6766.3735,7673.828,9961.955,7183.132,8482.316
2010-01-22 08:00:00,6766.3735,7673.828,9961.955,7183.132,8482.316
2010-01-22 09:00:00,6766.3735,7673.828,9961.955,7183.132,8482.316
2010-01-22 10:00:00,6766.3735,7673.828,9961.955,7183.132,8482.316
2010-01-22 11:00:00,6766.3735,7673.828,9961.955,7183.132,8482.316
2010-01-22 12:00:00,6766.3735,7673.828,9961.955,7183.132,8482.316
2010-01-22 13:00:00,6766.3735,7673.828,9961.955,7183.132,8482.316
2010-01-22 14:00:00,6766.3735,7673.828,9961.955,7183.132,8482.316
2010-01-22 15:00:00,6766.3735,7673.828,9961.955,7183.132,8482.316
2010-01-22 16:00:00,6766.3735,7673.828,9961.955,7183.132,8482.316
2010-01-22 17:00:00,6766.3735,7673.828,9961.955,7183.132,8482.316
2010-01-22 18:00:00,6766.3735,7673.828,9961.955,7183.132,8482.316
2010-01-22 19:00:00,6766.3735,7673.828,9961.955,7183.132,8482.316
2010-01-22 20:00:00,6766.3735,7673.828,9961.955,7183.132,8482.316
2010-01-22 21:00:00,6766.3735,7673.828,9961.955,7183.132,8482.316
2010-01-22 22:00:00,6766.3735,7673.828,9961.955,7183.132,8482.316
2010-01-22 23:00:00,6766.3735,7673.828,9961.955,7183.132,8482.316
2010-01-23 00:00:00,6766.3735,7673.828,9961.955,7183.132,8482.316
2010-01-23 01:00:00,6766.3735,7673.828,9961.955,7183.132,8482.316
2010-01-23 02:00:00,6766.3735,7673.828,9961.955,7183.132,8482.316
2010-01-23 03:00:00,6766.3735,7673.828,9961.955,7183.132,8482.316
2010-01-23 04:00:00,6766.3735,7673.828,9961.955,7183.132,8482.316
2010-01-23 05:00:00,6766.3735,7673.828,9961.955,7183.132,8482.316
2010-01-23 06:00:00,6766.3735,7673.828,9961.955,7183.132,8482.316
2010-01-23 07:00:00,6766.3735,7673.828,9961.955,7183.132,8482.316
2010-01-23 08:00:00,6766.3735,7673.828,9961.955,7183.132,8482.316
2010-01-23 09:00:00,6766.3735,7673.828,9961.955,7183.132,8482.316
2010-01-23 10:00:00,6766.3735,7673.828,9961.955,7183.164,8482.316
2010-01-23 11:00:00,6766.3735,7673.828,9961.955,7183.3887,8482.316
2010-01-23 12:00:00,6766.3735,7673.828,9961.955,7183.3887,8482.316
2010-01-23 13:00:00,6766.3735,7673.828,9961.955,7183.132,8482.316
2010-01-23 14:00:00,6766.3735,7673.828,9961.955,7183.132,8482.316
2010-01-23 15:00:00,6766.3735,7673.828,9961.955,7183.132,8482.316
2010-01-23 16:00:00,6766.3735,7673.828,9961.955,7183.132,8482.316
2010-01-23 17:00:00,6766.3735,7673.828,9961.955,7183.132,8482.316
2010-01-23 18:00:00,6766.3735,7673.828,9961.955,7183.132,8482.316
2010-01-23 19:00:00,6766.3735,7673.828,9961.955,7183.132,8482.316
2010-01-23 20:00:00,6766.3735,7673.828,9961.955,7183.132,8482.316
2010-01-23 21:00:00,6766.3735,7673.828,9961.955,7183.132,8482.316
2010-01-23 22:00:00,6766.3735,7673.828,9961.955,7183.132,8482.316
2010-01-23 23:00:00,6766.3735,7673.828,9961.955,7183.132,8482.316
2010-01-24 00:00:00,6766.3735,7673.828,9961.955,7183.3887,8482.316
2010-01-24 01:00:00,6766.3735,7673.828,9961.955,7183.3887,8482.316
2010-01-24 02:00:00,6766.3735,7673.828,9961.955,7183.3887,8482.316
2010-01-24 03:00:00,6766.3735,7673.828,9961.955,7183.3887,8482.316
2010-01-24 04:00:00,6766.3735,7673.828,9961.955,7183.3887,8482.316
2010-01-24 05:00:00,6766.3735,7673.828,9961.955,7183.3887,8482.316
2010-01-24 06:00:00,6766.3735,7673.828,9961.955,7183.3887,8482.316
2010-01-24 07:00:00,6766.3735,7673.828,9961.955,7183.3887,8482.316
2010-01-24 08:00:00,6766.3735,7673.828,9961.955,7183.3887,8482.316
2010-01-24 09:00:00,6766.3735,7673.828,9961.955,7183.3887,8482.316
2010-01-24 10:00:00,6766.3735,7673.828,9961.955,7183.3887,8482.316
2010-01-24 11:00:00,6766.3735,7673.828,9961.955,7183.3887,8482.316
2010-01-24 12:00:00,6766.3735,7673.828,9961.955,7183.3887,8482.316
2010-01-24 13:00:00,6766.3735,7673.828,9961.955,7183.3887,8482.316
2010-01-24 14:00:00,6766.3735,7673.828,9961.955,7183.3887,8482.316
2010-01-24 15:00:00,6766.3735,7673.828,9961.955,7183.3887,8482.316
2010-01-24 16:00:00,6766.3735,7673.828,9961.955,7183.3887,8482.316
2010-01-24 17:00:00,6766.3735,7673.828,9961.955,7183.3887,8482.316
2010-01-24 18:00:00,6766.3735,7673.828,9961.955,7183.3887,8482.316
2010-01-24 19:00:00,6766.3735,7673.828,9961.955,7183.3887,8482.316
2010-01-24 20:00:00,6766.3735,7673.828,9961.955,7183.3887,8482.316
2010-01-24 21:00:00,6766.3735,7673.828,9961.955,7183.3887,8482.316
2010-01-24 22:00:00,6766.3735,7673.828,9961.955,7183.3887,8482.316
2010-01-24 23:00:00,6766.3735,7673.828,9961.955,7183.3887,8482.316
2010-01-25 00:00:00,6766.3735,7673.828,9961.955,7183.3887,8482.316
2010-01-25 01:00:00,6766.3735,7673.828,9961.955,7183.3887,8482.316
2010-01-25 02:00:00,6766.3735,7673.828,9961.955,7183.3887,8482.316
2010-01-25 03:00:00,6766.3735,7673.828,9961.955,7183.3887,8482.316
2010-01-25 04:00:00,6766.3735,7673.828,9961.955,7183.3887,8482.316
2010-01-25 05:00:00,6766.3735,7673.828,9961.955,7183.3887,8482.316
2010-01-25 06:00:00,6766.3735,7673.828,9961.955,7183.3887,8482.316
2010-01-25 07:00:00,6766.3735,7673.828,9961.955,7183.3887,8482.316
2010-01-25 08:00:00,6766.3735,7673.828,9961.955,7183.3887,8482.316
2010-01-25 09:00:00,6766.3735,7673.828,9961.955,7183.3887,8482.316
2010-01-25 10:00:00,6766.3735,7673.828,9961.955,7183.3887,8482.316
2010-01-25 11:00:00,6766.3735,7673.828,9961.955,7183.3887,8482.316
2010-01-25 12:00:00,6766.3735,7673.828,9961.955,7183.3887,8482.316
2010-01-25 13:00:00,6766.3735,7673.828,9961.955,7183.3887,8482.316
2010-01-25 14:00:00,6766.3735,7673.828,9961.955,7183.3887,8482.316
2010-01-25 15:00:00,6766.3735,7673.828,9961.955,7183.3887,8482.316
2010-01-25 16:00:00,6766.3735,7673.828,9961.955,7183.3887,8482.316
2010-01-25 17:00:00,6766.3735,7673.828,9961.955,7183.3887,8482.316
2010-01-25 18:00:00,6766.3735,7673.828,9961.955,7183.3887,8482.316
2010-01-25 19:00:00,6766.3735,7673.828,9961.955,7183.3887,8482.316
2010-01-25 20:00:00,6766.3735,7673.828,9961.955,7183.3887,8482.316
2010-01-25 21:00:00,6766.3735,7673.828,9961.955,7183.3887,8482.316
2010-01-25 22:00:00,6766.3735,7673.828,9961.955,7183.3887,8482.316
2010-01-25 23:00:00,6766.3735,7673.828,9961.955,7183.3887,8482.316
2010-01-26 00:00:00,6770.35,7679.447,9964.986,7188.487,8488.685
2010-01-26 01:00:00,6770.6504,7679.447,9964.986,7188.487,8488.685
2010-01-26 02:00:00,6770.6504,7679.447,9964.986,7188.487,8488.685
2010-01-26 03:00:00,6766.3735,7673.828,9961.955,7183.3887,8482.316
2010-01-26 04:00:00,6766.3735,7673.828,9961.955,7183.3887,8482.316
2010-01-26 05:00:00,6766.3735,7673.828,9961.955,7183.3887,8482.316
2010-01-26 06:00:00,6766.3735,7673.828,9961.955,7183.3887,8482.316
2010-01-26 07:00:00,6766.3735,7673.828,9961.955,7183.3887,8482.316
2010-01-26 08:00:00,6766.3735,7673.828,9961.955,7183.3887,8482.316
2010-01-26 09:00:00,6766.3735,7673.828,9961.955,7183.3887,8482.316
2010-01-26 10:00:00,6766.3735,7673.828,9961.955,7183.3887,8482.316
2010-01-26 11:00:00,6766.3735,7673.828,9961.955,7183.3887,8482.316
2010-01-26 12:00:00,6766.3735,7673.828,9961.955,7183.3887,8482.316
2010-01-26 13:00:00,6766.3735,7673.828,9961.955,7183.3887,8482.316
2010-01-26 14:00:00,6766.3735,7673.828,9962.146,7183.3887,8482.464
2010-01-26 15:00:00,6766.6846,7674.2485,9962.609,7183.985,8483.308
2010-01-26 16:00:00,6767.4873,7674.65,9962.805,7184.7876,8484.11
2010-01-26 17:00:00,6768.2383,7675.0615,9962.805,7185.5586,8484.934
2010-01-26 18:00:00,6768.615,7675.4385,9962.805,7185.9355,8484.993
2010-01-26 19:00:00,6768.684,7675.846,9962.805,7186.2295,8484.993
2010-01-26 20:00:00,6769.119,7676.2812,9963.302,7186.6646,8486.008
2010-01-26 21:00:00,6769.421,7677.5376,9964.502,7187.275,8487.611
2010-01-26 22:00:00,6770.0537,7679.1333,9964.986,7187.954,8488.685
2010-01-26 23:00:00,6770.26,7679.447,9964.986,7188.3584,8488.685
2010-01-27 00:00:00,6770.6504,7679.447,9964.986,7188.487,8488.685
2010-01-27 01:00:00,6770.687,7679.491,9964.986,7188.5894,8488.9795
2010-01-27 02:00:00,6771.353,7680.0454,9965.266,7188.992,8489.72
2010-01-27 03:00:00,6772.5034,7682.3804,9967.22,7190.3384,8492.248
2010-01-27 04:00:00,6773.4487,7683.4106,9968.561,7191.894,8493.794
2010-01-27 05:00:00,6773.9043,7683.7344,9968.561,7191.9775,8494.53
2010-01-27 06:00:00,6774.313,7684.1167,9968.561,7191.9775,8495.104
2010-01-27 07:00:00,6774.3613,7685.056,9968.817,7192.047,8496.172
2010-01-27 08:00:00,6774.6455,7686.012,9972.916,7193.5854,8498.081
2010-01-27 09:00:00,6775.7417,7686.8203,9977.009,7195.09,8498.671
2010-01-27 10:00:00,6777.0425,7687.4707,9979.674,7195.9126,8499.712
2010-01-27 11:00:00,6779.327,7688.123,9980.488,7196.7993,8500.106
2010-01-27 12:00:00,6780.68,7688.662,9980.594,7197.1714,8500.797
2010-01-27 13:00:00,6781.4136,7689.401,9981.052,7198.15,8503.406
2010-01-27 14:00:00,6782.4663,7690.396,9981.516,7198.7656,8504.651
2010-01-27 15:00:00,6783.6094,7690.8994,9982.74,7199.331,8506.926
2010-01-27 16:00:00,6784.783,7692.0366,9983.15,7200.0347,8508.536
2010-01-27 17:00:00,6785.336,7693.831,9983.219,7200.501,8508.74
2010-01-27 18:00:00,6786.32,7694.09,9984.176,7202.1406,8508.988
2010-01-27 19:00:00,6786.7896,7695.185,9984.693,7202.239,8509.713
2010-01-27 20:00:00,6788.428,7695.572,9986.481,7202.5327,8510.506
2010-01-27 21:00:00,6789.1333,7696.2446,9988.173,7203.306,8510.51
2010-01-27 22:00:00,6789.684,7697.217,9989.459,7203.583,8511.495
2010-01-27 23:00:00,6789.8633,7698.0586,9989.696,7204.242,8513.292
2010-01-28 00:00:00,6790.8086,7698.8647,9989.78,7204.4595,8513.758
2010-01-28 01:00:00,6791.3765,7699.342,9990.208,7204.769,8514.631
2010-01-28 02:00:00,6791.776,7700.791,9991.99,7205.2954,8515.323
2010-01-28 03:00:00,6792.352,7701.0244,9992.833,7205.951,8516.539
2010-01-28 04:00:00,6793.195,7701.3965,9993.872,7206.513,8516.681
2010-01-28 05:00:00,6794.2437,7702.5254,9995.911,7207.1904,8517.194
2010-01-28 06:00:00,6794.3984,7702.827,9995.942,7208.198,8518.548
2010-01-28 07:00:00,6794.7207,7704.1235,9996.431,7208.6987,8518.722
2010-01-28 08:00:00,6794.722,7705.399,9997.727,7209.023,8519.369
2010-01-28 09:00:00,6794.806,7705.819,9997.869,7209.934,8520.354
2010-01-28 10:00:00,6795.892,7706.6177,9998.081,7210.3296,8523.795
2010-01-28 11:00:00,6796.5864,7706.7207,9998.179,7210.357,8525.413
2010-01-28 12:00:00,6797.773,7707.21,9998.541,7210.5947,8525.413
2010-01-28 13:00:00,6798.2637,7707.21,10000.191,7211.0825,8525.527
2010-01-28 14:00:00,6798.5596,7707.985,10000.803,7212.143,8525.88
2010-01-28 15:00:00,6799.609,7708.475,10001.349,7212.2983,8526.084
2010-01-28 16:00:00,6799.609,7708.656,10001.544,7212.5664,8526.084
2010-01-28 17:00:00,6799.609,7708.656,10001.825,7212.5664,8526.241
2010-01-28 18:00:00,6799.614,7708.656,10002.271,7212.5664,8526.32
2010-01-28 19:00:00,6800.176,7708.656,10002.747,7212.5664,8526.58
2010-01-28 20:00:00,6800.3325,7708.656,10002.747,7212.5664,8526.941
2010-01-28 21:00:00,6800.3325,7708.656,10003.165,7212.5664,8527.623
2010-01-28 22:00:00,6800.3325,7708.656,10003.175,7212.5664,8527.623
2010-01-28 23:00:00,6800.3325,7708.656,10003.175,7212.5664,8527.623
2010-01-29 00:00:00,6800.3325,7708.656,10003.601,7212.5664,8527.623
2010-01-29 01:00:00,6800.3325,7708.656,10003.64,7212.5664,8527.623
2010-01-29 02:00:00,6800.3325,7708.656,10003.64,7212.5664,8527.623
2010-01-29 03:00:00,6800.3325,7708.656,10003.64,7212.5664,8527.623
2010-01-29 04:00:00,6800.3325,7708.656,10003.64,7212.5664,8527.623
2010-01-29 05:00:00,6800.3325,7708.656,10003.64,7212.5664,8527.623
2010-01-29 06:00:00,6800.3325,7708.656,10003.64,7212.5664,8527.623
2010-01-29 07:00:00,6800.3325,7708.656,10003.64,7212.5664,8527.623
2010-01-29 08:00:00,6800.3325,7708.656,10003.64,7212.5664,8527.623
2010-01-29 09:00:00,6800.3325,7708.656,10003.64,7212.5664,8527.623
2010-01-29 10:00:00,6800.3325,7708.656,10003.64,7212.5664,8527.623
2010-01-29 11:00:00,6800.3325,7708.656,10003.64,7212.5664,8527.623
2010-01-29 12:00:00,6800.3325,7708.656,10003.64,7212.5664,8527.623
2010-01-29 13:00:00,6800.3325,7708.656,10003.64,7212.5664,8527.623
2010-01-29 14:00:00,6800.3325,7708.656,10003.64,7212.5664,8527.623
2010-01-29 15:00:00,6800.3325,7708.656,10003.64,7212.5664,8527.623
2010-01-29 16:00:00,6800.3325,7708.656,10003.64,7212.5664,8527.623
2010-01-29 17:00:00,6800.3325,7708.656,10003.64,7212.5664,8527.623
2010-01-29 18:00:00,6800.3325,7708.656,10003.64,7212.5664,8527.623
2010-01-29 19:00:00,6800.3325,7708.656,10003.64,7212.5664,8527.623
2010-01-29 20:00:00,6800.3325,7708.656,10003.64,7212.5664,8527.623
2010-01-29 21:00:00,6800.3325,7708.656,10003.64,7212.5664,8527.623
2010-01-29 22:00:00,6800.3325,7708.656,10003.64,7212.5664,8527.752
2010-01-29 23:00:00,6800.3325,7708.7617,10003.64,7212.665,8527.752
2010-01-30 00:00:00,6805.0767,7712.959,10009.7,7217.025,8535.998
2010-01-30 01:00:00,6805.6167,7713.8247,10009.98,7217.462,8536.046
2010-01-30 02:00:00,6806.701,7713.916,10009.983,7217.7056,8536.404
2010-01-30 03:00:00,6806.985,7714.0103,10010.197,7217.802,8536.404
2010-01-30 04:00:00,6807.1885,7714.0103,10012.064,7217.8477,8536.485
2010-01-30 05:00:00,6807.4043,7714.0103,10012.064,7217.9307,8536.669
2010-01-30 06:00:00,6807.4043,7714.0684,10012.244,7217.9307,8537.865
2010-01-30 07:00:00,6807.483,7714.2363,10012.244,7218.1753,8538.366
2010-01-30 08:00:00,6807.483,7714.4033,10012.244,7218.9126,8539.199
2010-01-30 09:00:00,6807.483,7714.603,10012.244,7218.9126,8539.748
2010-01-30 10:00:00,6807.483,7714.622,10012.244,7218.9126,8539.918
2010-01-30 11:00:00,6807.483,7714.622,10012.244,7218.9126,8539.918
2010-01-30 12:00:00,6807.483,7714.622,10012.244,7218.9126,8539.918
2010-01-30 13:00:00,6807.589,7714.622,10012.244,7219.114,8539.918
2010-01-30 14:00:00,6807.9795,7714.6265,10012.244,7219.3687,8540.055
2010-01-30 15:00:00,6808.474,7714.906,10012.244,7220.107,8540.055
2010-01-30 16:00:00,6800.3325,7708.7617,10003.64,7212.665,8527.752
2010-01-30 17:00:00,6800.4077,7708.7617,10003.64,7212.695,8527.975
2010-01-30 18:00:00,6800.847,7709.1343,10003.914,7213.2563,8528.375
2010-01-30 19:00:00,6801.2744,7709.38,10004.387,7213.871,8528.432
2010-01-30 20:00:00,6801.6885,7709.848,10005.417,7214.4976,8530.093
2010-01-30 21:00:00,6802.622,7710.885,10006.623,7215.5815,8531.76
2010-01-30 22:00:00,6803.246,7711.8633,10007.467,7216.2925,8532.319
2010-01-30 23:00:00,6804.0986,7712.2554,10008.626,7216.5977,8533.298
2010-01-31 00:00:00,6809.1333,7715.1934,10012.244,7220.3643,8540.429
2010-01-31 01:00:00,6809.631,7715.558,10012.244,7220.498,8541.069
2010-01-31 02:00:00,6809.9727,7715.5776,10012.244,7220.759,8541.069
2010-01-31 03:00:00,6810.0444,7715.5776,10012.244,7220.879,8541.069
2010-01-31 04:00:00,6810.0444,7715.5776,10012.244,7221.057,8541.069
2010-01-31 05:00:00,6810.0444,7715.5776,10012.244,7221.057,8541.069
2010-01-31 06:00:00,6810.0444,7715.5776,10012.244,7221.1626,8541.069
2010-01-31 07:00:00,6810.0444,7715.5776,10012.244,7221.1626,8541.069
2010-01-31 08:00:00,6810.0444,7715.5776,10012.244,7221.1626,8541.069
2010-01-31 09:00:00,6810.0444,7715.5776,10012.244,7221.1626,8541.069
2010-01-31 10:00:00,6810.0444,7715.5776,10012.244,7221.1626,8541.069
2010-01-31 11:00:00,6810.0444,7715.5776,10012.244,7221.1626,8541.069
2010-01-31 12:00:00,6810.0444,7715.5776,10012.244,7221.1626,8541.069
2010-01-31 13:00:00,6810.0444,7715.5776,10012.244,7221.1626,8541.069
2010-01-31 14:00:00,6810.0444,7715.5776,10012.244,7221.1626,8541.069
2010-01-31 15:00:00,6810.0444,7715.5776,10012.244,7221.1626,8541.069
2010-01-31 16:00:00,6810.0444,7715.5776,10012.244,7221.1626,8541.069
2010-01-31 17:00:00,6810.0444,7715.5776,10012.244,7221.1626,8541.069
2010-01-31 18:00:00,6810.0444,7715.5776,10012.244,7221.1626,8541.069
2010-01-31 19:00:00,6810.0444,7715.5776,10012.244,7221.1626,8541.069
2010-01-31 20:00:00,6810.0444,7715.5776,10012.244,7221.1626,8541.069
2010-01-31 21:00:00,6810.0444,7715.5776,10012.244,7221.1626,8541.069
2010-01-31 22:00:00,6810.0444,7715.5776,10012.244,7221.1626,8541.069
2010-01-31 23:00:00,6810.0444,7715.5776,10012.244,7221.1626,8541.069
2010-02-01 00:00:00,6810.0444,7715.5776,10012.244,7221.1626,8541.069
2010-02-01 01:00:00,6810.0444,7715.5776,10012.244,7221.1626,8541.373
2010-02-01 02:00:00,6810.0444,7715.5776,10012.244,7221.1626,8541.373
2010-02-01 03:00:00,6810.0444,7715.5776,10012.244,7221.1626,8541.373
2010-02-01 04:00:00,6810.0444,7715.5776,10012.244,7221.1626,8541.373
2010-02-01 05:00:00,6810.0444,7715.5776,10012.244,7221.1626,8541.373
2010-02-01 06:00:00,6810.0444,7715.5776,10012.244,7221.1626,8541.373
2010-02-01 07:00:00,6810.0444,7715.5776,10012.244,7221.1626,8541.373
2010-02-01 08:00:00,6810.0444,7715.5776,10012.244,7221.1626,8541.373
2010-02-01 09:00:00,6810.0444,7715.5776,10012.244,7221.1626,8541.373
2010-02-01 10:00:00,6810.0444,7715.5776,10012.244,7221.1626,8541.373
2010-02-01 11:00:00,6810.0444,7715.5776,10012.244,7221.1626,8541.373
2010-02-01 12:00:00,6810.0444,7715.7764,10012.244,7221.394,8541.373
2010-02-01 13:00:00,6810.0444,7715.7905,10012.244,7221.5864,8541.373
2010-02-01 14:00:00,6810.0444,7715.7905,10012.244,7221.5864,8541.373
2010-02-01 15:00:00,6810.0444,7715.8496,10012.244,7221.5864,8541.373
2010-02-01 16:00:00,6810.061,7715.9414,10012.244,7221.881,8541.373
2010-02-01 17:00:00,6810.061,7715.9414,10012.244,7222.036,8541.373
2010-02-01 18:00:00,6810.061,7715.9414,10012.244,7222.0864,8541.373
2010-02-01 19:00:00,6810.061,7715.9785,10012.244,7222.0864,8541.497
2010-02-01 20:00:00,6810.2256,7716.483,10012.244,7222.4346,8541.497
2010-02-01 21:00:00,6810.2256,7716.728,10012.244,7222.7764,8541.497
2010-02-01 22:00:00,6810.2256,7716.807,10012.244,7223.118,8541.497
2010-02-01 23:00:00,6810.2256,7716.8315,10012.244,7223.272,8541.497
2010-02-02 00:00:00,6810.2256,7716.8315,10012.244,7223.9795,8541.497
2010-02-02 01:00:00,6810.2256,7716.8315,10012.244,7223.9795,8541.497
2010-02-02 02:00:00,6810.2256,7716.8315,10012.244,7223.9795,8541.497
2010-02-02 03:00:00,6810.2256,7716.8315,10012.244,7223.9795,8541.497
2010-02-02 04:00:00,6810.2256,7716.8315,10012.244,7223.9795,8541.497
2010-02-02 05:00:00,6810.2256,7716.8315,10012.244,7223.9795,8541.497
2010-02-02 06:00:00,6810.2256,7716.8315,10012.244,7223.3403,8541.497
2010-02-02 07:00:00,6810.2256,7716.8315,10012.244,7223.3403,8541.497
2010-02-02 08:00:00,6810.2256,7716.8315,10012.244,7223.3403,8541.497
2010-02-02 09:00:00,6810.2256,7716.8315,10012.244,7223.3403,8541.497
2010-02-02 10:00:00,6810.2256,7716.8315,10012.244,7223.3403,8541.497
2010-02-02 11:00:00,6810.2256,7716.8315,10012.244,7223.3403,8541.497
2010-02-02 12:00:00,6810.2256,7716.8315,10012.244,7223.3403,8541.497
2010-02-02 13:00:00,6810.2256,7716.8315,10012.244,7223.3403,8541.497
2010-02-02 14:00:00,6810.2256,7716.8315,10012.244,7223.3403,8541.497
2010-02-02 15:00:00,6810.2256,7716.8315,10012.244,7223.537,8541.497
2010-02-02 16:00:00,6810.2256,7716.8315,10012.244,7223.537,8541.497
2010-02-02 17:00:00,6810.2256,7716.8315,10012.244,7223.542,8541.497
2010-02-02 18:00:00,6810.2256,7716.8315,10012.244,7223.6274,8541.497
2010-02-02 19:00:00,6810.2256,7716.8315,10012.244,7223.9795,8541.497
2010-02-02 20:00:00,6810.2256,7716.8315,10012.244,7223.9795,8541.497
2010-02-02 21:00:00,6810.2256,7716.8315,10012.244,7223.9795,8541.497
2010-02-02 22:00:00,6810.2256,7716.8315,10012.244,7223.9795,8541.497
2010-02-02 23:00:00,6810.2256,7716.8315,10012.244,7223.9795,8541.497
2010-02-03 00:00:00,6810.2256,7716.8315,10012.244,7223.9795,8541.497
2010-02-03 01:00:00,6810.2256,7716.8315,10012.244,7223.9795,8541.497
2010-02-03 02:00:00,6810.2256,7716.8315,10012.244,7223.9795,8541.497
2010-02-03 03:00:00,6810.2256,7716.8315,10012.244,7223.9795,8541.497
2010-02-03 04:00:00,6810.2256,7716.8315,10012.244,7223.9795,8541.497
2010-02-03 05:00:00,6810.2256,7716.8315,10012.244,7223.9795,8541.497
2010-02-03 06:00:00,6810.2256,7716.8315,10012.244,7223.9795,8541.497
2010-02-03 07:00:00,6810.2256,7716.8315,10012.244,7223.9795,8541.497
2010-02-03 08:00:00,6810.2256,7716.8315,10012.244,7223.9795,8541.497
2010-02-03 09:00:00,6810.2256,7716.8315,10012.244,7223.9795,8541.497
2010-02-03 10:00:00,6810.2256,7716.8315,10012.244,7223.9795,8541.497
2010-02-03 11:00:00,6810.2256,7716.8315,10012.244,7223.9795,8541.497
2010-02-03 12:00:00,6810.2256,7716.8315,10012.244,7223.9795,8541.497
2010-02-03 13:00:00,6810.2256,7716.8315,10012.244,7223.9795,8541.497
2010-02-03 14:00:00,6810.2256,7716.8315,10012.244,7223.9795,8541.497
2010-02-03 15:00:00,6810.2256,7716.8315,10012.244,7223.9795,8541.497
2010-02-03 16:00:00,6810.2256,7716.8315,10012.244,7223.9795,8541.497
2010-02-03 17:00:00,6810.2256,7716.8315,10012.244,7223.9795,8541.497
2010-02-03 18:00:00,6810.2256,7716.8315,10012.244,7223.9795,8541.497
2010-02-03 19:00:00,6810.2256,7716.8315,10012.244,7223.9795,8541.497
2010-02-03 20:00:00,6810.2256,7716.8315,10012.244,7223.9795,8541.497
2010-02-03 21:00:00,6810.2256,7716.8315,10012.244,7223.9795,8541.497
2010-02-03 22:00:00,6810.2256,7716.8315,10012.244,7223.9795,8541.497
2010-02-03 23:00:00,6810.2256,7716.8315,10012.244,7223.9795,8541.497
2010-02-04 00:00:00,6810.2256,7716.8315,10012.244,7223.9795,8541.497
2010-02-04 01:00:00,6810.2256,7716.8315,10012.244,7223.9795,8541.497
2010-02-04 02:00:00,6810.2256,7716.8315,10012.244,7223.9795,8541.497
2010-02-04 03:00:00,6810.2256,7716.8315,10012.244,7223.9795,8541.497
2010-02-04 04:00:00,6810.2256,7716.8315,10012.244,7223.9795,8541.497
2010-02-04 05:00:00,6810.2256,7716.8315,10012.244,7223.9795,8541.497
2010-02-04 06:00:00,6810.2256,7716.8315,10012.244,7223.9795,8541.497
2010-02-04 07:00:00,6810.2256,7716.8315,10012.244,7223.9795,8541.497
2010-02-04 08:00:00,6810.2256,7716.8315,10012.244,7223.9795,8541.497
2010-02-04 09:00:00,6810.2256,7716.8315,10012.244,7223.9795,8541.497
2010-02-04 10:00:00,6810.2256,7716.8315,10012.244,7223.9795,8541.497
2010-02-04 11:00:00,6810.2256,7716.8315,10012.244,7223.9795,8541.497
2010-02-04 12:00:00,6810.2256,7716.8315,10012.244,7223.9795,8541.497
2010-02-04 13:00:00,6810.2256,7716.8315,10012.244,7223.9795,8541.497
2010-02-04 14:00:00,6810.2256,7716.8315,10012.244,7223.9795,8541.497
2010-02-04 15:00:00,6810.2256,7716.8315,10012.244,7223.9795,8541.497
2010-02-04 16:00:00,6810.2256,7716.8315,10012.244,7223.9795,8541.497
2010-02-04 17:00:00,6810.2256,7716.8315,10012.244,7223.9795,8541.497
2010-02-04 18:00:00,6810.2256,7716.8315,10012.244,7223.9795,8541.497
2010-02-04 19:00:00,6810.2256,7716.8315,10012.244,7223.9795,8541.497
2010-02-04 20:00:00,6810.2256,7716.8315,10012.244,7223.9795,8541.497
2010-02-04 21:00:00,6810.2256,7716.8315,10012.244,7223.9795,8541.497
2010-02-04 22:00:00,6810.2256,7716.9,10012.244,7223.9795,8541.497
2010-02-04 23:00:00,6810.2256,7716.9,10012.244,7224.2817,8541.497
2010-02-05 00:00:00,6810.304,7716.9,10012.244,7224.6997,8541.497
2010-02-05 01:00:00,6810.756,7716.9,10012.244,7225.4854,8541.497
2010-02-05 02:00:00,6811.527,7716.9,10012.244,7226.066,8541.497
2010-02-05 03:00:00,6811.6743,7716.9,10012.244,7226.066,8541.497
2010-02-05 04:00:00,6811.6743,7716.9,10012.244,7226.066,8541.497
2010-02-05 05:00:00,6811.6743,7716.9,10012.244,7226.066,8541.497
2010-02-05 06:00:00,6811.6743,7716.9,10012.244,7226.066,8541.497
2010-02-05 07:00:00,6811.6743,7716.9,10012.244,7226.066,8541.497
2010-02-05 08:00:00,6811.6743,7716.9,10012.244,7226.066,8541.497
2010-02-05 09:00:00,6811.6743,7716.9,10012.244,7226.066,8541.497
2010-02-05 10:00:00,6811.6743,7716.9,10012.244,7226.066,8541.497
2010-02-05 11:00:00,6811.6743,7716.9,10012.244,7226.066,8541.497
2010-02-05 12:00:00,6811.6743,7716.9,10012.244,7226.066,8541.497
2010-02-05 13:00:00,6811.6743,7716.9,10012.244,7226.066,8541.497
2010-02-05 14:00:00,6811.6743,7716.9,10012.244,7226.066,8541.497
2010-02-05 15:00:00,6811.6743,7716.9,10012.244,7226.066,8541.497
2010-02-05 16:00:00,6811.6743,7716.9,10012.244,7226.066,8541.497
2010-02-05 17:00:00,6811.6743,7716.9,10012.244,7226.066,8541.497
2010-02-05 18:00:00,6811.6743,7716.9,10012.244,7226.066,8541.497
2010-02-05 19:00:00,6811.6743,7716.9,10012.244,7226.066,8541.497
2010-02-05 20:00:00,6811.6743,7716.9,10012.244,7226.066,8541.497
2010-02-05 21:00:00,6811.6743,7716.9,10012.244,7226.066,8541.497
2010-02-05 22:00:00,6811.6743,7716.9,10012.244,7226.066,8541.497
2010-02-05 23:00:00,6811.6743,7716.9,10012.244,7226.066,8541.497
2010-02-06 00:00:00,6811.6743,7716.9,10012.244,7226.066,8541.497
2010-02-06 01:00:00,6811.9033,7716.9,10012.244,7226.066,8541.497
2010-02-06 02:00:00,6812.294,7716.9,10012.649,7226.066,8541.497
2010-02-06 03:00:00,6812.6846,7716.9,10013.431,7226.085,8541.497
2010-02-06 04:00:00,6813.075,7717.0845,10013.695,7226.4756,8541.497
2010-02-06 05:00:00,6813.466,7717.475,10013.695,7226.866,8541.497
2010-02-06 06:00:00,6813.8564,7717.8657,10013.695,7227.0156,8541.497
2010-02-06 07:00:00,6814.247,7718.2563,10013.695,7227.4062,8541.497
2010-02-06 08:00:00,6814.6377,7718.647,10013.695,7227.4585,8541.497
2010-02-06 09:00:00,6814.773,7719.0376,10013.695,7227.665,8541.497
2010-02-06 10:00:00,6814.773,7719.316,10013.695,7227.786,8541.497
2010-02-06 11:00:00,6814.773,7719.316,10013.695,7227.786,8541.497
2010-02-06 12:00:00,6814.773,7719.316,10013.695,7227.786,8541.497
2010-02-06 13:00:00,6814.773,7719.316,10013.695,7227.786,8541.497
2010-02-06 14:00:00,6814.773,7719.316,10013.695,7227.786,8541.497
2010-02-06 15:00:00,6814.773,7719.316,10013.695,7227.786,8541.497
2010-02-06 16:00:00,6814.773,7719.316,10013.695,7227.786,8541.497
2010-02-06 17:00:00,6814.773,7719.316,10013.695,7227.786,8541.497
2010-02-06 18:00:00,6814.773,7719.316,10013.695,7227.786,8541.497
2010-02-06 19:00:00,6814.773,7719.316,10013.695,7227.786,8541.497
2010-02-06 20:00:00,6814.773,7719.316,10013.695,7227.786,8541.497
2010-02-06 21:00:00,6814.773,7719.316,10013.695,7227.786,8541.497
2010-02-06 22:00:00,6811.6743,7716.9,10012.244,7226.066,8541.497
2010-02-06 23:00:00,6811.6743,7716.9,10012.244,7226.066,8541.497
2010-02-07 00:00:00,6814.773,7719.316,10013.695,7227.786,8541.497
2010-02-07 01:00:00,6814.773,7719.316,10013.695,7227.786,8541.497
2010-02-07 02:00:00,6814.773,7719.316,10013.695,7227.786,8541.497
2010-02-07 03:00:00,6814.773,7719.316,10013.695,7227.786,8541.497
2010-02-07 04:00:00,6814.773,7719.316,10013.695,7227.786,8541.497
2010-02-07 05:00:00,6814.773,7719.316,10013.695,7227.786,8541.497
2010-02-07 06:00:00,6814.773,7719.316,10013.695,7227.786,8541.497
2010-02-07 07:00:00,6814.773,7719.316,10013.695,7227.786,8541.497
2010-02-07 08:00:00,6814.773,7719.316,10013.695,7227.786,8541.497
2010-02-07 09:00:00,6814.773,7719.316,10013.695,7227.786,8541.497
2010-02-07 10:00:00,6814.773,7719.316,10013.695,7227.786,8541.497
2010-02-07 11:00:00,6814.773,7719.316,10013.695,7227.786,8541.497
2010-02-07 12:00:00,6814.773,7719.316,10013.695,7227.786,8541.497
2010-02-07 13:00:00,6814.773,7719.316,10013.695,7227.786,8541.497
2010-02-07 14:00:00,6814.773,7719.316,10013.875,7227.786,8541.497
2010-02-07 15:00:00,6814.773,7719.316,10013.875,7227.786,8541.78
2010-02-07 16:00:00,6814.773,7719.316,10013.945,7227.786,8542.233
2010-02-07 17:00:00,6814.773,7719.316,10013.945,7227.786,8543.256
2010-02-07 18:00:00,6814.773,7719.316,10014.047,7227.835,8543.587
2010-02-07 19:00:00,6814.773,7719.402,10014.047,7227.85,8543.587
2010-02-07 20:00:00,6814.773,7719.402,10014.047,7227.85,8544.131
2010-02-07 21:00:00,6814.773,7719.402,10014.33,7227.85,8544.178
2010-02-07 22:00:00,6814.773,7719.424,10015.377,7228.2285,8544.639
2010-02-07 23:00:00,6814.773,7719.5767,10016.124,7228.967,8545.096
2010-02-08 00:00:00,6814.773,7719.7183,10016.239,7229.241,8545.719
2010-02-08 01:00:00,6814.9014,7719.898,10016.346,7229.4624,8545.782
2010-02-08 02:00:00,6815.0,7719.928,10016.507,7230.0405,8545.98
2010-02-08 03:00:00,6815.0127,7719.928,10016.578,7230.403,8546.129
2010-02-08 04:00:00,6815.24,7719.928,10016.61,7230.638,8546.334
2010-02-08 05:00:00,6815.419,7719.928,10016.727,7230.77,8546.334
2010-02-08 06:00:00,6815.533,7720.008,10016.864,7231.6235,8547.978
2010-02-08 07:00:00,6816.1772,7720.654,10016.977,7231.729,8549.165
2010-02-08 08:00:00,6816.6562,7721.468,10018.008,7232.193,8550.753
2010-02-08 09:00:00,6817.2075,7722.1064,10018.332,7232.4536,8551.506
2010-02-08 10:00:00,6817.2075,7723.451,10018.864,7232.4756,8553.371
2010-02-08 11:00:00,6817.2075,7723.5254,10020.059,7232.4756,8554.772
2010-02-08 12:00:00,6817.2075,7723.7144,10020.059,7232.4756,8555.674
2010-02-08 13:00:00,6817.2075,7723.7144,10020.059,7232.4756,8555.674
2010-02-08 14:00:00,6817.2075,7723.7144,10020.107,7232.4756,8556.85
2010-02-08 15:00:00,6817.2075,7723.7144,10020.272,7232.4756,8556.85
2010-02-08 16:00:00,6817.2075,7723.7144,10020.972,7232.4756,8556.85
2010-02-08 17:00:00,6818.0615,7723.7427,10022.553,7232.939,8558.034
2010-02-08 18:00:00,6818.143,7724.425,10023.154,7233.2563,8559.473
2010-02-08 19:00:00,6818.9595,7724.5464,10023.95,7233.458,8559.473
2010-02-08 20:00:00,6819.4087,7725.3394,10024.741,7233.788,8560.886
2010-02-08 21:00:00,6820.4683,7725.448,10024.964,7234.219,8560.997
2010-02-08 22:00:00,6821.3193,7725.462,10026.179,7235.1445,8561.253
2010-02-08 23:00:00,6821.6445,7725.958,10028.058,7236.0366,8563.869
2010-02-09 00:00:00,6822.0405,7726.9707,10030.765,7237.413,8567.559
2010-02-09 01:00:00,6822.0405,7726.9707,10030.765,7237.413,8567.559
2010-02-09 02:00:00,6822.0405,7726.9707,10030.765,7237.413,8567.559
2010-02-09 03:00:00,6822.0405,7726.9707,10030.765,7237.413,8567.559
2010-02-09 04:00:00,6822.0405,7726.9707,10030.765,7237.413,8567.559
2010-02-09 05:00:00,6822.0405,7726.9707,10030.765,7237.413,8567.559
2010-02-09 06:00:00,6822.0405,7726.9707,10030.765,7237.413,8567.559
2010-02-09 07:00:00,6822.0405,7726.9707,10030.765,7237.413,8567.559
2010-02-09 08:00:00,6822.0405,7726.9707,10030.765,7237.413,8567.559
2010-02-09 09:00:00,6822.0405,7726.9707,10030.765,7237.413,8567.559
2010-02-09 10:00:00,6822.0405,7726.9707,10030.765,7237.413,8567.559
2010-02-09 11:00:00,6822.0405,7726.9707,10030.765,7237.413,8567.559
2010-02-09 12:00:00,6821.886,7726.0957,10029.298,7236.5654,8564.597
2010-02-09 13:00:00,6821.886,7726.3237,10029.785,7236.767,8564.679
2010-02-09 14:00:00,6822.0405,7726.3237,10029.82,7236.767,8565.542
2010-02-09 15:00:00,6822.0405,7726.5137,10030.145,7237.084,8567.212
2010-02-09 16:00:00,6822.0405,7726.894,10030.649,7237.377,8567.5
2010-02-09 17:00:00,6822.0405,7726.944,10030.765,7237.413,8567.559
2010-02-09 18:00:00,6822.0405,7726.9707,10030.765,7237.413,8567.559
2010-02-09 19:00:00,6822.0405,7726.9707,10030.765,7237.413,8567.559
2010-02-09 20:00:00,6822.0405,7726.9707,10030.765,7237.413,8567.559
2010-02-09 21:00:00,6822.0405,7726.9707,10030.765,7237.413,8567.559
2010-02-09 22:00:00,6822.0405,7726.9707,10030.765,7237.413,8567.559
2010-02-09 23:00:00,6822.0405,7726.9707,10030.765,7237.413,8567.559
2010-02-10 00:00:00,6822.0405,7726.9707,10030.765,7237.413,8567.559
2010-02-10 01:00:00,6822.0405,7726.9707,10030.765,7237.413,8567.559
2010-02-10 02:00:00,6822.0405,7726.9707,10030.765,7237.413,8567.559
2010-02-10 03:00:00,6822.0405,7726.9707,10030.765,7237.413,8567.559
2010-02-10 04:00:00,6822.0405,7726.9707,10030.765,7237.413,8567.559
2010-02-10 05:00:00,6822.0405,7726.9707,10030.765,7237.413,8567.559
2010-02-10 06:00:00,6822.0405,7726.9707,10030.765,7237.413,8567.559
2010-02-10 07:00:00,6822.0405,7726.9707,10030.765,7237.413,8567.559
2010-02-10 08:00:00,6822.0405,7726.9707,10030.765,7237.413,8567.559
2010-02-10 09:00:00,6822.0405,7726.9707,10030.765,7237.413,8567.559
2010-02-10 10:00:00,6822.0405,7726.9707,10030.765,7237.413,8567.559
2010-02-10 11:00:00,6822.0405,7726.9707,10030.765,7237.413,8567.806
2010-02-10 12:00:00,6822.0405,7726.9707,10030.765,7237.4624,8568.157
2010-02-10 13:00:00,6822.0405,7726.9707,10030.765,7237.5444,8568.327
2010-02-10 14:00:00,6822.2124,7727.0044,10030.765,7237.5444,8568.327
2010-02-10 15:00:00,6822.554,7727.346,10030.765,7237.604,8568.998
2010-02-10 16:00:00,6822.896,7727.688,10030.765,7237.8853,8569.682
2010-02-10 17:00:00,6823.238,7728.03,10030.765,7238.153,8570.365
2010-02-10 18:00:00,6823.5796,7728.3716,10030.765,7238.3413,8570.996
2010-02-10 19:00:00,6823.9214,7728.7134,10030.765,7238.683,8571.424
2010-02-10 20:00:00,6824.263,7729.055,10030.765,7239.025,8571.897
2010-02-10 21:00:00,6824.524,7729.397,10030.765,7239.3667,8572.13
2010-02-10 22:00:00,6824.626,7729.739,10030.765,7239.666,8572.666
2010-02-10 23:00:00,6824.686,7730.0806,10030.765,7239.666,8573.35
2010-02-11 00:00:00,6824.825,7730.4224,10030.765,7239.666,8574.033
2010-02-11 01:00:00,6824.825,7730.764,10030.765,7239.723,8574.717
2010-02-11 02:00:00,6824.985,7731.106,10030.765,7239.723,8575.4
2010-02-11 03:00:00,6825.3267,7731.4478,10030.765,7239.8525,8576.084
2010-02-11 04:00:00,6825.6685,7731.7896,10030.765,7240.1943,8576.768
2010-02-11 05:00:00,6826.0103,7732.1313,10030.765,7240.2983,8577.152
2010-02-11 06:00:00,6826.352,7732.473,10030.765,7240.3496,8577.332
2010-02-11 07:00:00,6826.585,7732.653,10030.765,7240.564,8577.332
2010-02-11 08:00:00,6826.6733,7732.653,10030.895,7240.564,8577.332
2010-02-11 09:00:00,6826.716,7732.653,10030.932,7240.564,8577.763
2010-02-11 10:00:00,6826.716,7732.653,10030.932,7240.564,8577.763
2010-02-11 11:00:00,6826.716,7732.653,10030.979,7240.564,8577.763
2010-02-11 12:00:00,6826.716,7732.653,10031.095,7240.564,8577.809
2010-02-11 13:00:00,6826.716,7732.653,10031.095,7240.564,8577.809
2010-02-11 14:00:00,6826.716,7732.653,10031.095,7240.564,8577.809
2010-02-11 15:00:00,6826.716,7732.653,10031.095,7240.564,8577.809
2010-02-11 16:00:00,6826.716,7732.653,10031.095,7240.564,8577.809
2010-02-11 17:00:00,6826.716,7732.653,10031.095,7240.564,8577.809
2010-02-11 18:00:00,6826.716,7732.653,10031.095,7240.564,8577.809
2010-02-11 19:00:00,6826.716,7732.653,10031.095,7240.564,8577.809
2010-02-11 20:00:00,6826.716,7732.653,10031.095,7240.564,8577.809
2010-02-11 21:00:00,6826.716,7732.653,10031.095,7240.564,8577.809
2010-02-11 22:00:00,6826.716,7732.653,10031.095,7240.564,8577.809
2010-02-11 23:00:00,6826.716,7732.653,10031.095,7240.564,8577.809
2010-02-12 00:00:00,6826.716,7732.653,10031.095,7240.649,8577.809
2010-02-12 01:00:00,6826.716,7732.653,10031.095,7240.564,8577.809
2010-02-12 02:00:00,6826.716,7732.653,10031.095,7240.564,8577.809
2010-02-12 03:00:00,6826.716,7732.653,10031.095,7240.564,8577.809
2010-02-12 04:00:00,6826.716,7732.653,10031.095,7240.564,8577.809
2010-02-12 05:00:00,6826.716,7732.653,10031.095,7240.564,8577.809
2010-02-12 06:00:00,6826.716,7732.653,10031.095,7240.564,8577.809
2010-02-12 07:00:00,6826.716,7732.653,10031.095,7240.564,8577.809
2010-02-12 08:00:00,6826.716,7732.653,10031.095,7240.564,8577.809
2010-02-12 09:00:00,6826.716,7732.653,10031.095,7240.564,8577.809
2010-02-12 10:00:00,6826.716,7732.653,10031.095,7240.564,8577.809
2010-02-12 11:00:00,6826.716,7732.653,10031.095,7240.564,8577.809
2010-02-12 12:00:00,6826.716,7732.653,10031.095,7240.564,8577.809
2010-02-12 13:00:00,6826.716,7732.653,10031.095,7240.564,8577.809
2010-02-12 14:00:00,6826.716,7732.653,10031.095,7240.564,8577.809
2010-02-12 15:00:00,6826.716,7732.653,10031.095,7240.564,8577.809
2010-02-12 16:00:00,6826.716,7732.653,10031.095,7240.564,8577.809
2010-02-12 17:00:00,6826.716,7732.653,10031.095,7240.564,8577.809
2010-02-12 18:00:00,6826.716,7732.653,10031.095,7240.564,8577.809
2010-02-12 19:00:00,6826.716,7732.653,10031.095,7240.564,8577.809
2010-02-12 20:00:00,6826.716,7732.653,10031.095,7240.564,8577.809
2010-02-12 21:00:00,6826.716,7732.653,10031.095,7240.564,8577.809
2010-02-12 22:00:00,6826.716,7732.653,10031.095,7240.631,8577.809
2010-02-12 23:00:00,6826.716,7732.653,10031.095,7240.649,8577.809
2010-02-13 00:00:00,6826.716,7732.653,10031.095,7240.649,8577.809
2010-02-13 01:00:00,6826.716,7732.653,10031.095,7240.649,8577.809
2010-02-13 02:00:00,6826.716,7732.653,10031.095,7240.649,8577.809
2010-02-13 03:00:00,6826.716,7732.653,10031.095,7240.649,8577.809
2010-02-13 04:00:00,6826.716,7732.653,10031.095,7240.649,8577.809
2010-02-13 05:00:00,6826.716,7732.653,10031.095,7240.649,8577.809
2010-02-13 06:00:00,6826.716,7732.653,10031.095,7240.649,8577.809
2010-02-13 07:00:00,6826.716,7732.653,10031.095,7240.649,8577.809
2010-02-13 08:00:00,6826.716,7732.653,10031.095,7240.649,8577.809
2010-02-13 09:00:00,6826.716,7732.653,10031.095,7240.649,8577.809
2010-02-13 10:00:00,6826.716,7732.653,10031.095,7240.649,8577.809
2010-02-13 11:00:00,6826.716,7732.653,10031.095,7240.649,8577.809
2010-02-13 12:00:00,6826.716,7732.653,10031.095,7240.649,8577.809
2010-02-13 13:00:00,6826.716,7732.653,10031.095,7240.649,8577.809
2010-02-13 14:00:00,6826.716,7732.653,10031.095,7240.649,8577.809
2010-02-13 15:00:00,6826.716,7732.653,10031.095,7240.649,8577.809
2010-02-13 16:00:00,6826.716,7732.653,10031.095,7240.649,8577.809
2010-02-13 17:00:00,6826.716,7732.653,10031.095,7240.649,8577.809
2010-02-13 18:00:00,6826.716,7732.653,10031.095,7240.649,8577.809
2010-02-13 19:00:00,6826.716,7732.653,10031.095,7240.649,8577.809
2010-02-13 20:00:00,6826.716,7732.653,10031.095,7240.649,8577.809
2010-02-13 21:00:00,6826.716,7732.653,10031.095,7240.649,8577.809
2010-02-13 22:00:00,6826.716,7732.653,10031.095,7240.649,8577.809
2010-02-13 23:00:00,6826.716,7732.653,10031.095,7240.649,8577.809
2010-02-14 00:00:00,6826.716,7732.653,10031.095,7240.649,8577.809
2010-02-14 01:00:00,6826.716,7732.653,10031.095,7240.649,8577.809
2010-02-14 02:00:00,6826.716,7732.653,10031.095,7240.649,8577.809
2010-02-14 03:00:00,6826.716,7732.653,10031.095,7240.649,8577.809
2010-02-14 04:00:00,6826.716,7732.653,10031.095,7240.649,8577.809
2010-02-14 05:00:00,6826.716,7732.653,10031.095,7240.649,8577.809
2010-02-14 06:00:00,6826.716,7732.653,10031.095,7240.649,8577.809
2010-02-14 07:00:00,6826.716,7732.653,10031.095,7240.649,8577.809
2010-02-14 08:00:00,6826.716,7732.653,10031.095,7240.649,8577.809
2010-02-14 09:00:00,6826.716,7732.653,10031.095,7240.649,8577.809
2010-02-14 10:00:00,6826.716,7732.653,10031.095,7240.649,8577.809
2010-02-14 11:00:00,6826.716,7732.653,10031.095,7240.649,8577.809
2010-02-14 12:00:00,6826.716,7732.653,10031.095,7240.649,8577.809
2010-02-14 13:00:00,6826.716,7732.653,10031.095,7240.649,8577.809
2010-02-14 14:00:00,6826.716,7732.653,10031.095,7240.649,8577.809
2010-02-14 15:00:00,6826.716,7732.653,10031.095,7240.649,8577.809
2010-02-14 16:00:00,6826.716,7732.653,10031.095,7240.649,8577.809
2010-02-14 17:00:00,6826.716,7732.653,10031.095,7240.649,8577.809
2010-02-14 18:00:00,6826.716,7732.653,10031.095,7240.649,8577.809
2010-02-14 19:00:00,6826.716,7732.653,10031.095,7240.649,8577.809
2010-02-14 20:00:00,6826.716,7732.653,10031.095,7240.649,8577.809
2010-02-14 21:00:00,6826.716,7732.653,10031.095,7240.649,8577.809
2010-02-14 22:00:00,6826.716,7732.653,10031.095,7240.649,8577.809
2010-02-14 23:00:00,6826.716,7732.653,10031.095,7240.649,8577.809
2010-02-15 00:00:00,6826.716,7732.653,10031.095,7240.649,8577.809
2010-02-15 01:00:00,6826.716,7732.653,10031.095,7240.649,8577.809
2010-02-15 02:00:00,6826.716,7732.653,10031.095,7240.649,8577.809
2010-02-15 03:00:00,6826.716,7732.653,10031.095,7240.649,8577.809
2010-02-15 04:00:00,6826.716,7732.653,10031.095,7240.649,8577.809
2010-02-15 05:00:00,6826.716,7732.653,10031.095,7240.649,8577.809
2010-02-15 06:00:00,6826.716,7732.653,10031.095,7240.649,8577.809
2010-02-15 07:00:00,6826.716,7732.653,10031.095,7240.649,8577.809
2010-02-15 08:00:00,6826.716,7732.653,10031.095,7240.649,8577.809
2010-02-15 09:00:00,6826.716,7732.653,10031.095,7240.649,8577.809
2010-02-15 10:00:00,6826.716,7732.653,10031.095,7240.649,8577.809
2010-02-15 11:00:00,6826.716,7732.653,10031.095,7240.649,8577.809
2010-02-15 12:00:00,6826.716,7732.653,10031.095,7240.649,8577.809
2010-02-15 13:00:00,6826.716,7732.653,10031.095,7240.649,8577.809
2010-02-15 14:00:00,6826.716,7732.653,10031.095,7240.649,8577.809
2010-02-15 15:00:00,6826.716,7732.653,10031.095,7240.649,8577.809
2010-02-15 16:00:00,6826.716,7732.653,10031.095,7240.649,8577.809
2010-02-15 17:00:00,6826.716,7732.653,10031.095,7240.649,8577.809
2010-02-15 18:00:00,6826.716,7732.653,10031.095,7240.649,8577.809
2010-02-15 19:00:00,6826.716,7732.653,10031.095,7240.649,8577.809
2010-02-15 20:00:00,6826.716,7732.653,10031.095,7240.649,8577.809
2010-02-15 21:00:00,6826.716,7732.653,10031.095,7240.649,8577.809
2010-02-15 22:00:00,6826.716,7732.653,10031.095,7240.649,8577.809
2010-02-15 23:00:00,6826.716,7732.653,10031.095,7240.649,8577.809
2010-02-16 00:00:00,6826.716,7732.653,10031.095,7240.649,8577.809
2010-02-16 01:00:00,6826.716,7732.653,10031.095,7240.649,8577.809
2010-02-16 02:00:00,6826.716,7732.653,10031.095,7240.649,8577.809
2010-02-16 03:00:00,6826.716,7732.653,10031.095,7240.649,8577.809
2010-02-16 04:00:00,6826.716,7732.653,10031.095,7240.649,8577.809
2010-02-16 05:00:00,6826.716,7732.653,10031.095,7240.649,8577.809
2010-02-16 06:00:00,6826.716,7732.653,10031.095,7240.649,8577.809
2010-02-16 07:00:00,6826.716,7732.653,10031.095,7240.649,8577.809
2010-02-16 08:00:00,6826.716,7732.653,10031.095,7240.649,8577.809
2010-02-16 09:00:00,6826.716,7732.653,10031.095,7240.649,8577.809
2010-02-16 10:00:00,6826.716,7732.653,10031.095,7240.649,8577.809
2010-02-16 11:00:00,6826.716,7732.653,10031.095,7240.649,8577.809
2010-02-16 12:00:00,6826.716,7732.653,10031.095,7240.649,8577.809
2010-02-16 13:00:00,6826.716,7732.653,10031.095,7240.649,8577.809
2010-02-16 14:00:00,6826.716,7732.653,10031.095,7240.649,8577.809
2010-02-16 15:00:00,6826.716,7732.653,10031.095,7240.649,8577.809
2010-02-16 16:00:00,6826.716,7732.653,10031.095,7240.649,8577.809
2010-02-16 17:00:00,6826.716,7732.653,10031.095,7240.649,8577.809
2010-02-16 18:00:00,6826.716,7732.653,10031.095,7240.649,8577.809
2010-02-16 19:00:00,6826.716,7732.653,10031.095,7240.649,8577.809
2010-02-16 20:00:00,6826.716,7732.653,10031.095,7240.649,8577.809
2010-02-16 21:00:00,6826.716,7732.653,10031.095,7240.649,8577.809
2010-02-16 22:00:00,6826.716,7732.653,10031.095,7240.649,8577.809
2010-02-16 23:00:00,6826.716,7732.653,10031.095,7240.649,8577.809
2010-02-17 00:00:00,6826.716,7732.653,10031.095,7240.649,8577.809
2010-02-17 01:00:00,6826.716,7732.653,10031.095,7240.649,8577.809
2010-02-17 02:00:00,6826.716,7732.653,10031.095,7240.649,8577.809
2010-02-17 03:00:00,6826.716,7732.653,10031.095,7240.649,8577.809
2010-02-17 04:00:00,6826.716,7732.653,10031.095,7240.649,8577.809
2010-02-17 05:00:00,6826.716,7732.653,10031.095,7240.649,8577.809
2010-02-17 06:00:00,6826.716,7732.653,10031.095,7240.649,8577.809
2010-02-17 07:00:00,6826.716,7732.653,10031.095,7240.649,8577.809
2010-02-17 08:00:00,6826.716,7732.653,10031.095,7240.649,8577.809
2010-02-17 09:00:00,6826.716,7732.653,10031.095,7240.649,8577.809
2010-02-17 10:00:00,6826.716,7732.653,10031.095,7240.649,8577.809
2010-02-17 11:00:00,6826.716,7732.653,10031.095,7240.649,8577.809
2010-02-17 12:00:00,6826.716,7732.653,10031.095,7240.649,8577.809
2010-02-17 13:00:00,6826.716,7732.653,10031.095,7240.649,8577.809
2010-02-17 14:00:00,6826.716,7732.653,10031.095,7240.649,8577.809
2010-02-17 15:00:00,6826.716,7732.653,10031.095,7240.649,8577.809
2010-02-17 16:00:00,6826.716,7732.653,10031.095,7240.8467,8577.809
2010-02-17 17:00:00,6826.716,7732.653,10031.095,7240.8467,8577.809
2010-02-17 18:00:00,6826.716,7732.653,10031.095,7241.0986,8577.809
2010-02-17 19:00:00,6826.716,7732.653,10031.095,7241.173,8577.809
2010-02-17 20:00:00,6826.716,7732.653,10031.095,7241.173,8577.809
2010-02-17 21:00:00,6826.716,7732.653,10031.095,7241.173,8577.809
2010-02-17 22:00:00,6826.716,7732.653,10031.095,7241.173,8577.809
2010-02-17 23:00:00,6826.716,7732.653,10031.095,7241.173,8577.809
2010-02-18 00:00:00,6826.716,7732.653,10031.095,7241.173,8577.809
2010-02-18 01:00:00,6826.716,7732.653,10031.095,7241.173,8577.809
2010-02-18 02:00:00,6826.716,7732.653,10031.095,7241.173,8577.809
2010-02-18 03:00:00,6826.716,7732.653,10031.095,7241.173,8577.809
2010-02-18 04:00:00,6826.716,7732.653,10031.095,7241.173,8577.809
2010-02-18 05:00:00,6826.716,7732.653,10031.095,7241.173,8577.809
2010-02-18 06:00:00,6826.716,7732.653,10031.095,7241.173,8577.809
2010-02-18 07:00:00,6826.716,7732.653,10031.095,7241.173,8577.809
2010-02-18 08:00:00,6826.716,7732.653,10031.095,7241.173,8577.809
2010-02-18 09:00:00,6826.716,7732.653,10031.095,7241.173,8577.809
2010-02-18 10:00:00,6826.716,7732.653,10031.095,7241.173,8577.809
2010-02-18 11:00:00,6826.716,7732.653,10031.095,7241.173,8577.809
2010-02-18 12:00:00,6826.716,7732.653,10031.095,7241.173,8577.809
2010-02-18 13:00:00,6826.716,7732.653,10031.095,7241.173,8577.809
2010-02-18 14:00:00,6826.716,7732.653,10031.095,7241.173,8577.809
2010-02-18 15:00:00,6826.716,7732.653,10031.095,7241.173,8577.809
2010-02-18 16:00:00,6826.716,7732.653,10031.095,7241.173,8577.809
2010-02-18 17:00:00,6826.716,7732.653,10031.095,7241.173,8577.809
2010-02-18 18:00:00,6826.716,7732.653,10031.095,7241.173,8577.809
2010-02-18 19:00:00,6826.716,7732.653,10031.095,7241.173,8577.809
2010-02-18 20:00:00,6826.716,7732.653,10031.095,7241.173,8577.809
2010-02-18 21:00:00,6826.716,7732.653,10031.095,7241.173,8577.809
2010-02-18 22:00:00,6826.716,7732.653,10031.095,7241.173,8577.809
2010-02-18 23:00:00,6826.716,7732.653,10031.095,7241.173,8577.809
2010-02-19 00:00:00,6826.716,7732.653,10031.095,7241.173,8577.809
2010-02-19 01:00:00,6826.716,7732.653,10031.095,7241.173,8577.809
2010-02-19 02:00:00,6826.716,7732.653,10031.095,7241.173,8577.809
2010-02-19 03:00:00,6826.716,7732.653,10031.095,7241.173,8577.809
2010-02-19 04:00:00,6826.716,7732.653,10031.095,7241.173,8577.809
2010-02-19 05:00:00,6826.716,7732.653,10031.095,7241.173,8577.809
2010-02-19 06:00:00,6826.716,7732.653,10031.095,7241.173,8577.809
2010-02-19 07:00:00,6826.716,7732.653,10031.095,7241.173,8577.809
2010-02-19 08:00:00,6826.716,7732.653,10031.095,7241.173,8577.809
2010-02-19 09:00:00,6826.716,7732.653,10031.095,7241.173,8577.809
2010-02-19 10:00:00,6826.716,7732.653,10031.095,7241.173,8577.809
2010-02-19 11:00:00,6826.716,7732.653,10031.095,7241.173,8577.809
2010-02-19 12:00:00,6826.716,7732.653,10031.095,7241.173,8577.809
2010-02-19 13:00:00,6826.716,7732.653,10031.095,7241.173,8577.809
2010-02-19 14:00:00,6826.716,7732.653,10031.095,7241.173,8577.809
2010-02-19 15:00:00,6826.716,7732.653,10031.095,7241.173,8577.809
2010-02-19 16:00:00,6826.716,7732.653,10031.095,7241.173,8577.809
2010-02-19 17:00:00,6826.716,7732.653,10031.095,7241.173,8577.809
2010-02-19 18:00:00,6826.716,7732.653,10031.095,7241.173,8577.809
2010-02-19 19:00:00,6826.716,7732.653,10031.095,7241.173,8577.809
2010-02-19 20:00:00,6826.716,7732.653,10031.095,7241.173,8577.809
2010-02-19 21:00:00,6826.716,7732.653,10031.095,7241.173,8577.809
2010-02-19 22:00:00,6826.716,7732.653,10031.095,7241.173,8577.809
2010-02-19 23:00:00,6826.716,7732.653,10031.095,7241.173,8577.809
2010-02-20 00:00:00,6826.716,7732.653,10031.095,7241.173,8577.809
2010-02-20 01:00:00,6826.716,7732.653,10031.095,7241.173,8577.809
2010-02-20 02:00:00,6826.716,7732.653,10031.095,7241.173,8577.809
2010-02-20 03:00:00,6826.716,7732.653,10031.095,7241.173,8577.809
2010-02-20 04:00:00,6826.716,7732.653,10031.095,7241.173,8577.809
2010-02-20 05:00:00,6826.716,7732.653,10031.095,7241.173,8577.809
2010-02-20 06:00:00,6826.716,7732.653,10031.095,7241.173,8577.809
2010-02-20 07:00:00,6826.716,7732.653,10031.095,7241.173,8577.809
2010-02-20 08:00:00,6826.716,7732.653,10031.095,7241.173,8577.809
2010-02-20 09:00:00,6826.716,7732.653,10031.095,7241.173,8577.809
2010-02-20 10:00:00,6826.716,7732.653,10031.095,7241.173,8577.809
2010-02-20 11:00:00,6826.716,7732.653,10031.095,7241.173,8577.809
2010-02-20 12:00:00,6826.716,7732.653,10031.095,7241.173,8577.809
2010-02-20 13:00:00,6826.716,7732.653,10031.095,7241.173,8577.809
2010-02-20 14:00:00,6826.716,7732.653,10031.095,7241.173,8577.809
2010-02-20 15:00:00,6826.716,7732.653,10031.095,7241.173,8577.809
2010-02-20 16:00:00,6826.716,7732.653,10031.095,7241.173,8577.809
2010-02-20 17:00:00,6826.716,7732.653,10031.095,7241.173,8577.809
2010-02-20 18:00:00,6826.716,7732.653,10031.095,7241.173,8577.809
2010-02-20 19:00:00,6826.716,7732.653,10031.095,7241.173,8577.809
2010-02-20 20:00:00,6826.716,7732.653,10031.095,7241.173,8577.809
2010-02-20 21:00:00,6826.716,7732.653,10031.095,7241.173,8577.809
2010-02-20 22:00:00,6826.716,7732.653,10031.095,7241.173,8577.809
2010-02-20 23:00:00,6826.716,7732.653,10031.095,7241.173,8577.809
2010-02-21 00:00:00,6826.716,7732.653,10031.095,7241.173,8577.809
2010-02-21 01:00:00,6826.716,7732.653,10031.095,7241.173,8577.809
2010-02-21 02:00:00,6826.716,7732.653,10031.095,7241.173,8577.809
2010-02-21 03:00:00,6826.716,7732.653,10031.095,7241.173,8577.809
2010-02-21 04:00:00,6826.716,7732.653,10031.095,7241.173,8577.809
2010-02-21 05:00:00,6826.716,7732.653,10031.095,7241.173,8577.809
2010-02-21 06:00:00,6826.716,7732.653,10031.095,7241.173,8577.809
2010-02-21 07:00:00,6826.716,7732.653,10031.095,7241.173,8577.809
2010-02-21 08:00:00,6826.716,7732.653,10031.095,7241.173,8577.809
2010-02-21 09:00:00,6826.716,7732.653,10031.095,7241.173,8577.809
2010-02-21 10:00:00,6826.716,7732.653,10031.095,7241.173,8577.809
2010-02-21 11:00:00,6826.716,7732.653,10031.095,7241.173,8577.809
2010-02-21 12:00:00,6826.716,7732.653,10031.095,7241.173,8577.809
2010-02-21 13:00:00,6826.716,7732.653,10031.095,7241.173,8577.809
2010-02-21 14:00:00,6826.716,7732.653,10031.095,7241.173,8577.809
2010-02-21 15:00:00,6826.716,7732.653,10031.095,7241.173,8577.809
2010-02-21 16:00:00,6826.716,7732.653,10031.095,7241.173,8577.809
2010-02-21 17:00:00,6826.716,7732.653,10031.095,7241.173,8577.809
2010-02-21 18:00:00,6826.716,7732.653,10031.095,7241.173,8577.809
2010-02-21 19:00:00,6826.716,7732.653,10031.095,7241.173,8577.809
2010-02-21 20:00:00,6826.716,7732.653,10031.095,7241.173,8577.809
2010-02-21 21:00:00,6826.716,7732.653,10031.095,7241.173,8577.809
2010-02-21 22:00:00,6826.716,7732.653,10031.095,7241.173,8577.809
2010-02-21 23:00:00,6826.716,7732.653,10031.095,7241.173,8577.809
2010-02-22 00:00:00,6826.716,7732.653,10031.095,7241.173,8577.809
2010-02-22 01:00:00,6826.716,7732.653,10031.095,7241.173,8577.809
2010-02-22 02:00:00,6826.716,7732.653,10031.095,7241.173,8577.809
2010-02-22 03:00:00,6826.716,7732.653,10031.095,7241.173,8577.809
2010-02-22 04:00:00,6826.716,7732.653,10031.095,7241.173,8577.809
2010-02-22 05:00:00,6826.716,7732.653,10031.095,7241.173,8577.809
2010-02-22 06:00:00,6826.716,7732.653,10031.095,7241.173,8577.809
2010-02-22 07:00:00,6826.716,7732.653,10031.095,7241.173,8577.809
2010-02-22 08:00:00,6826.716,7732.653,10031.095,7241.173,8577.809
2010-02-22 09:00:00,6826.716,7732.653,10031.095,7241.173,8577.809
2010-02-22 10:00:00,6826.716,7732.653,10031.095,7241.173,8577.809
2010-02-22 11:00:00,6826.716,7732.653,10031.095,7241.173,8577.809
2010-02-22 12:00:00,6826.716,7732.653,10031.095,7241.173,8577.809
2010-02-22 13:00:00,6826.716,7732.653,10031.095,7241.173,8577.809
2010-02-22 14:00:00,6826.716,7732.653,10031.095,7241.173,8577.809
2010-02-22 15:00:00,6826.716,7732.653,10031.095,7241.173,8577.809
2010-02-22 16:00:00,6826.716,7732.653,10031.095,7241.173,8577.809
2010-02-22 17:00:00,6826.716,7732.653,10031.095,7241.173,8577.809
2010-02-22 18:00:00,6826.716,7732.653,10031.095,7241.173,8577.809
2010-02-22 19:00:00,6826.716,7732.653,10031.095,7241.173,8577.809
2010-02-22 20:00:00,6826.716,7732.653,10031.095,7241.173,8577.809
2010-02-22 21:00:00,6826.716,7732.653,10031.095,7241.173,8577.809
2010-02-22 22:00:00,6826.716,7732.653,10031.095,7241.173,8577.809
2010-02-22 23:00:00,6826.716,7732.653,10031.095,7241.173,8577.809
2010-02-23 00:00:00,6826.716,7732.653,10031.095,7241.173,8577.809
2010-02-23 01:00:00,6826.716,7732.653,10031.095,7241.173,8577.809
2010-02-23 02:00:00,6826.716,7732.653,10031.095,7241.173,8577.809
2010-02-23 03:00:00,6826.716,7732.653,10031.095,7241.173,8577.809
2010-02-23 04:00:00,6826.716,7732.653,10031.095,7241.173,8577.809
2010-02-23 05:00:00,6826.716,7732.653,10031.095,7241.173,8577.809
2010-02-23 06:00:00,6826.716,7732.653,10031.095,7241.173,8577.809
2010-02-23 07:00:00,6826.716,7732.653,10031.095,7241.173,8577.809
2010-02-23 08:00:00,6826.716,7732.653,10031.095,7241.173,8577.809
2010-02-23 09:00:00,6826.716,7732.653,10031.095,7241.173,8577.809
2010-02-23 10:00:00,6826.716,7732.653,10031.095,7241.173,8577.809
2010-02-23 11:00:00,6826.716,7732.653,10031.095,7241.173,8577.809
2010-02-23 12:00:00,6826.716,7732.653,10031.095,7241.173,8577.809
2010-02-23 13:00:00,6826.716,7732.653,10031.095,7241.173,8577.809
2010-02-23 14:00:00,6826.716,7732.653,10031.095,7241.173,8577.809
2010-02-23 15:00:00,6826.716,7732.653,10031.095,7241.173,8577.809
2010-02-23 16:00:00,6826.716,7732.7563,10031.095,7241.173,8577.89
2010-02-23 17:00:00,6826.7285,7732.8584,10031.095,7241.537,8577.909
2010-02-23 18:00:00,6826.716,7732.653,10031.095,7241.173,8577.809
2010-02-23 19:00:00,6826.716,7732.653,10031.095,7241.173,8577.809
2010-02-23 20:00:00,6826.716,7732.653,10031.095,7241.173,8577.809
2010-02-23 21:00:00,6826.716,7732.653,10031.095,7241.173,8577.809
2010-02-23 22:00:00,6826.716,7732.653,10031.095,7241.173,8577.809
2010-02-23 23:00:00,6826.716,7732.653,10031.095,7241.173,8577.809
2010-02-24 00:00:00,6826.826,7733.2417,10031.095,7241.922,8577.909
2010-02-24 01:00:00,6827.051,7733.8027,10031.095,7242.324,8578.341
2010-02-24 02:00:00,6827.78,7733.9307,10031.095,7242.3657,8579.131
2010-02-24 03:00:00,6828.2446,7734.7554,10031.095,7243.3853,8579.519
2010-02-24 04:00:00,6828.6187,7735.898,10031.095,7245.0283,8579.519
2010-02-24 05:00:00,6828.6187,7735.9595,10031.095,7245.1523,8579.519
2010-02-24 06:00:00,6828.6187,7735.9595,10031.095,7245.1523,8579.519
2010-02-24 07:00:00,6828.6187,7735.9595,10031.095,7245.1523,8579.519
2010-02-24 08:00:00,6828.6187,7735.9595,10031.095,7245.1523,8579.519
2010-02-24 09:00:00,6828.6187,7735.9595,10031.095,7245.1523,8579.519
2010-02-24 10:00:00,6828.6187,7735.9595,10031.095,7245.1523,8579.519
2010-02-24 11:00:00,6828.6187,7735.9595,10031.095,7245.1523,8579.519
2010-02-24 12:00:00,6828.6187,7735.9595,10031.095,7245.1523,8579.519
2010-02-24 13:00:00,6828.6187,7735.9595,10031.095,7245.1523,8579.519
2010-02-24 14:00:00,6828.6187,7735.9595,10031.095,7245.1523,8579.519
2010-02-24 15:00:00,6828.6187,7735.9595,10031.095,7245.1523,8579.519
2010-02-24 16:00:00,6828.6187,7735.9595,10031.095,7245.1523,8579.519
2010-02-24 17:00:00,6828.6187,7735.9595,10031.095,7245.1523,8579.519
2010-02-24 18:00:00,6828.6187,7735.9595,10031.095,7245.1523,8579.519
2010-02-24 19:00:00,6828.6187,7735.9595,10031.095,7245.1523,8579.519
2010-02-24 20:00:00,6828.6187,7735.9595,10031.095,7245.1523,8579.519
2010-02-24 21:00:00,6828.6187,7735.9595,10031.095,7245.1523,8579.519
2010-02-24 22:00:00,6828.6187,7735.9595,10031.095,7245.1523,8579.519
2010-02-24 23:00:00,6828.6187,7735.9595,10031.095,7245.1523,8579.519
2010-02-25 00:00:00,6828.6187,7735.9595,10031.095,7245.1523,8579.519
2010-02-25 01:00:00,6828.6187,7735.9595,10031.095,7245.1523,8579.519
2010-02-25 02:00:00,6828.6187,7735.9595,10031.095,7245.1523,8579.519
2010-02-25 03:00:00,6828.6187,7735.9595,10031.095,7245.1523,8579.519
2010-02-25 04:00:00,6828.6187,7735.9595,10031.095,7245.1523,8579.519
2010-02-25 05:00:00,6828.726,7735.9595,10031.095,7245.1523,8579.519
2010-02-25 06:00:00,6828.8726,7735.9595,10031.095,7245.1523,8579.519
2010-02-25 07:00:00,6828.8726,7735.9595,10031.095,7245.1523,8579.519
2010-02-25 08:00:00,6828.8726,7735.9595,10031.095,7245.1523,8579.519
2010-02-25 09:00:00,6828.8726,7735.9595,10031.095,7245.1523,8579.519
2010-02-25 10:00:00,6828.8726,7735.9595,10031.095,7245.1523,8579.519
2010-02-25 11:00:00,6828.8726,7735.9595,10031.095,7245.1523,8579.519
2010-02-25 12:00:00,6828.8726,7735.9595,10031.095,7245.1523,8579.519
2010-02-25 13:00:00,6828.8726,7735.9595,10031.095,7245.1523,8579.519
2010-02-25 14:00:00,6828.8726,7735.9595,10031.095,7245.1523,8579.519
2010-02-25 15:00:00,6828.8726,7735.9595,10031.095,7245.1523,8579.519
2010-02-25 16:00:00,6828.8726,7735.9595,10031.095,7245.1523,8579.519
2010-02-25 17:00:00,6828.8726,7735.9595,10031.095,7245.1523,8579.519
2010-02-25 18:00:00,6828.8726,7735.9595,10031.095,7245.1523,8579.519
2010-02-25 19:00:00,6828.8726,7735.9595,10031.095,7245.1523,8579.519
2010-02-25 20:00:00,6828.8726,7735.9595,10031.095,7245.1523,8579.519
2010-02-25 21:00:00,6828.8726,7735.9595,10031.095,7245.1523,8579.519
2010-02-25 22:00:00,6828.8726,7735.9595,10031.095,7245.1523,8579.519
2010-02-25 23:00:00,6828.8726,7735.9595,10031.095,7245.1523,8579.519
2010-02-26 00:00:00,6828.8726,7735.9595,10031.095,7245.1523,8579.519
2010-02-26 01:00:00,6828.8726,7735.9595,10031.095,7245.1523,8579.519
2010-02-26 02:00:00,6828.8726,7735.9595,10031.095,7245.1523,8579.519
2010-02-26 03:00:00,6828.8726,7735.9595,10031.095,7245.1523,8579.519
2010-02-26 04:00:00,6828.8726,7735.9595,10031.095,7245.1523,8579.519
2010-02-26 05:00:00,6828.8726,7735.9595,10031.095,7245.1523,8579.519
2010-02-26 06:00:00,6828.8726,7735.9595,10031.095,7245.1523,8579.519
2010-02-26 07:00:00,6828.8726,7735.9595,10031.095,7245.1523,8579.519
2010-02-26 08:00:00,6828.8726,7735.9595,10031.095,7245.1523,8579.519
2010-02-26 09:00:00,6828.8726,7735.9595,10031.095,7245.1523,8579.519
2010-02-26 10:00:00,6828.8726,7735.9595,10031.095,7245.1523,8579.519
2010-02-26 11:00:00,6828.8726,7735.9595,10031.095,7245.1523,8579.519
2010-02-26 12:00:00,6828.8726,7735.9595,10031.095,7245.1523,8579.519
2010-02-26 13:00:00,6828.8726,7735.9595,10031.095,7245.1523,8579.519
2010-02-26 14:00:00,6828.8726,7735.9595,10031.095,7245.1523,8579.519
2010-02-26 15:00:00,6828.8726,7735.9595,10031.095,7245.1523,8579.519
2010-02-26 16:00:00,6828.8726,7735.9595,10031.095,7245.1523,8579.519
2010-02-26 17:00:00,6828.8726,7735.9595,10031.095,7245.1523,8579.519
2010-02-26 18:00:00,6828.8726,7735.9595,10031.095,7245.1523,8579.519
2010-02-26 19:00:00,6828.8726,7735.9595,10031.095,7245.1523,8579.519
2010-02-26 20:00:00,6828.8726,7735.9595,10031.095,7245.1523,8579.519
2010-02-26 21:00:00,6828.8726,7735.9595,10031.095,7245.1523,8579.519
2010-02-26 22:00:00,6828.8726,7735.9595,10031.095,7245.1523,8579.519
2010-02-26 23:00:00,6828.8726,7735.9595,10031.095,7245.1523,8579.519
2010-02-27 00:00:00,6828.8726,7735.9595,10031.095,7245.1523,8579.519
2010-02-27 01:00:00,6828.8726,7735.9595,10031.095,7245.1523,8579.519
2010-02-27 02:00:00,6828.8726,7735.9595,10031.095,7245.1523,8579.519
2010-02-27 03:00:00,6828.8726,7735.9595,10031.095,7245.1523,8579.519
2010-02-27 04:00:00,6828.8726,7735.9595,10031.095,7245.1523,8579.519
2010-02-27 05:00:00,6828.8726,7735.9595,10031.095,7245.1523,8579.519
2010-02-27 06:00:00,6828.8726,7735.9595,10031.095,7245.1523,8579.519
2010-02-27 07:00:00,6828.8726,7735.9595,10031.095,7245.1523,8579.519
2010-02-27 08:00:00,6828.8726,7735.9595,10031.095,7245.1523,8579.519
2010-02-27 09:00:00,6828.8726,7735.9595,10031.095,7245.1523,8579.519
2010-02-27 10:00:00,6828.8726,7735.9595,10031.095,7245.1523,8579.519
2010-02-27 11:00:00,6828.8726,7735.9595,10031.095,7245.1523,8579.519
2010-02-27 12:00:00,6828.8726,7735.9595,10031.095,7245.1523,8579.519
2010-02-27 13:00:00,6828.8726,7735.9595,10031.095,7245.1523,8579.519
2010-02-27 14:00:00,6828.8726,7735.9595,10031.095,7245.1523,8579.519
2010-02-27 15:00:00,6828.8726,7735.9595,10031.095,7245.1523,8579.519
2010-02-27 16:00:00,6828.8726,7735.9595,10031.095,7245.1523,8579.519
2010-02-27 17:00:00,6828.8726,7735.9595,10031.095,7245.1523,8579.519
2010-02-27 18:00:00,6828.8726,7735.9595,10031.095,7245.1523,8579.519
2010-02-27 19:00:00,6828.8726,7735.9595,10031.095,7245.1523,8579.519
2010-02-27 20:00:00,6828.8726,7735.9595,10031.095,7245.1523,8579.519
2010-02-27 21:00:00,6828.8726,7735.9595,10031.095,7245.1523,8579.519
2010-02-27 22:00:00,6828.8726,7735.9595,10031.095,7245.1523,8579.519
2010-02-27 23:00:00,6828.8726,7735.9595,10031.095,7245.1523,8579.519
2010-02-28 00:00:00,6828.8726,7735.9595,10031.095,7245.1523,8579.519
2010-02-28 01:00:00,6828.8726,7735.9595,10031.095,7245.1523,8579.519
2010-02-28 02:00:00,6828.8726,7735.9595,10031.095,7245.1523,8579.519
2010-02-28 03:00:00,6828.8726,7735.9595,10031.095,7245.1523,8579.519
2010-02-28 04:00:00,6828.8726,7735.9595,10031.095,7245.1523,8579.519
2010-02-28 05:00:00,6828.8726,7735.9595,10031.095,7245.1523,8579.519
2010-02-28 06:00:00,6828.8726,7735.9595,10031.095,7245.1523,8579.519
2010-02-28 07:00:00,6828.8726,7735.9595,10031.095,7245.1523,8579.519
2010-02-28 08:00:00,6828.8726,7735.9595,10031.095,7245.1523,8579.519
2010-02-28 09:00:00,6828.8726,7735.9595,10031.095,7245.1523,8579.519
2010-02-28 10:00:00,6828.8726,7735.9595,10031.095,7245.1523,8579.519
2010-02-28 11:00:00,6828.8726,7735.9595,10031.095,7245.1523,8579.519
2010-02-28 12:00:00,6828.8726,7735.9595,10031.095,7245.1523,8579.519
2010-02-28 13:00:00,6828.8726,7735.9595,10031.095,7245.1523,8579.519
2010-02-28 14:00:00,6828.8726,7735.9595,10031.095,7245.1523,8579.519
2010-02-28 15:00:00,6828.8726,7735.9595,10031.095,7245.1523,8579.519
2010-02-28 16:00:00,6828.8726,7735.9595,10031.095,7245.1523,8579.519
2010-02-28 17:00:00,6828.8726,7735.9595,10031.095,7245.1523,8579.519
2010-02-28 18:00:00,6828.8726,7735.9595,10031.095,7245.1523,8579.519
2010-02-28 19:00:00,6828.8726,7735.9595,10031.095,7245.1523,8579.519
2010-02-28 20:00:00,6828.8726,7735.9595,10031.095,7245.1523,8579.519
2010-02-28 21:00:00,6828.8726,7735.9595,10031.095,7245.1523,8579.519
2010-02-28 22:00:00,6828.8726,7735.9595,10031.095,7245.1523,8579.519
2010-02-28 23:00:00,6828.8726,7735.9595,10031.095,7245.1523,8579.519
2010-03-01 00:00:00,6828.8726,7735.9595,10031.095,7245.1523,8579.519
2010-03-01 01:00:00,6828.8726,7735.9595,10031.095,7245.1523,8579.519
2010-03-01 02:00:00,6828.8726,7735.9595,10031.095,7245.1523,8579.519
2010-03-01 03:00:00,6828.8726,7735.9595,10031.095,7245.1523,8579.519
2010-03-01 04:00:00,6828.8726,7735.9595,10031.095,7245.1523,8579.519
2010-03-01 05:00:00,6828.8726,7735.9595,10031.095,7245.1523,8579.519
2010-03-01 06:00:00,6828.8726,7735.9595,10031.095,7245.1523,8579.519
2010-03-01 07:00:00,6828.8726,7735.9595,10031.095,7245.1523,8579.519
2010-03-01 08:00:00,6828.8726,7735.9595,10031.095,7245.1523,8579.519
2010-03-01 09:00:00,6828.8726,7735.9595,10031.095,7245.1523,8579.519
2010-03-01 10:00:00,6828.8726,7735.9595,10031.095,7245.1523,8579.519
2010-03-01 11:00:00,6828.8726,7735.9595,10031.095,7245.1523,8579.519
2010-03-01 12:00:00,6828.8726,7735.9595,10031.095,7245.1523,8579.519
2010-03-01 13:00:00,6828.8726,7735.9595,10031.095,7245.1523,8579.519
2010-03-01 14:00:00,6828.8726,7735.9595,10031.095,7245.1523,8579.519
2010-03-01 15:00:00,6828.8726,7735.9595,10031.095,7245.1523,8579.519
2010-03-01 16:00:00,6828.8726,7735.9595,10031.095,7245.1523,8579.519
2010-03-01 17:00:00,6828.8726,7735.9595,10031.095,7245.1523,8579.788
2010-03-01 18:00:00,6829.0015,7735.9595,10031.095,7245.1523,8579.976
2010-03-01 19:00:00,6829.0015,7735.9595,10031.148,7245.347,8579.976
2010-03-01 20:00:00,6829.0015,7735.9595,10031.352,7245.347,8580.237
2010-03-01 21:00:00,6829.0015,7735.9595,10031.352,7245.347,8580.361
2010-03-01 22:00:00,6829.0015,7735.9595,10031.352,7245.347,8580.361
2010-03-01 23:00:00,6829.0015,7735.9595,10031.352,7245.347,8580.361
2010-03-02 00:00:00,6829.0015,7735.9595,10031.62,7245.347,8580.598
2010-03-02 01:00:00,6829.0015,7735.9595,10031.795,7245.347,8581.138
2010-03-02 02:00:00,6829.0015,7735.9595,10031.936,7245.347,8581.138
2010-03-02 03:00:00,6829.0015,7735.9966,10034.346,7245.6387,8581.224
2010-03-02 04:00:00,6829.0015,7736.1074,10034.346,7245.9604,8581.224
2010-03-02 05:00:00,6829.0015,7736.1074,10034.346,7245.9604,8581.224
2010-03-02 06:00:00,6829.0015,7736.1074,10034.346,7245.9604,8581.224
2010-03-02 07:00:00,6829.0015,7736.1074,10034.346,7245.9604,8581.454
2010-03-02 08:00:00,6829.0015,7736.1074,10034.346,7245.9604,8581.512
2010-03-02 09:00:00,6829.0015,7736.1074,10034.346,7245.9604,8581.738
2010-03-02 10:00:00,6829.0015,7736.358,10034.346,7245.9604,8582.897
2010-03-02 11:00:00,6829.0015,7737.718,10034.768,7246.7637,8583.597
2010-03-02 12:00:00,6829.4165,7738.8745,10034.768,7247.243,8584.85
2010-03-02 13:00:00,6829.671,7740.035,10034.995,7248.444,8585.081
2010-03-02 14:00:00,6829.671,7740.247,10034.995,7248.5103,8585.202
2010-03-02 15:00:00,6829.671,7740.247,10034.995,7248.5103,8585.202
2010-03-02 16:00:00,6829.671,7740.247,10034.995,7248.5103,8585.202
2010-03-02 17:00:00,6829.671,7740.247,10034.995,7248.5103,8585.202
2010-03-02 18:00:00,6829.671,7740.247,10035.417,7248.5103,8585.273
2010-03-02 19:00:00,6829.671,7740.247,10036.084,7248.5103,8587.802
2010-03-02 20:00:00,6829.671,7740.247,10036.552,7248.5103,8588.579
2010-03-02 21:00:00,6829.0015,7735.9595,10031.352,7245.347,8580.361
2010-03-02 22:00:00,6829.0015,7735.9595,10031.352,7245.347,8580.361
2010-03-02 23:00:00,6829.0015,7735.9595,10031.4375,7245.347,8580.361
2010-03-03 00:00:00,6829.671,7740.247,10036.696,7248.5103,8589.277
2010-03-03 01:00:00,6829.671,7740.247,10036.696,7248.5103,8589.288
2010-03-03 02:00:00,6829.671,7740.247,10037.483,7248.5103,8589.288
2010-03-03 03:00:00,6829.671,7740.291,10037.656,7248.5103,8589.288
2010-03-03 04:00:00,6829.671,7740.291,10037.656,7248.5103,8589.439
2010-03-03 05:00:00,6829.671,7740.291,10037.656,7248.5103,8589.521
2010-03-03 06:00:00,6829.671,7740.291,10037.656,7248.5103,8589.521
2010-03-03 07:00:00,6829.671,7740.291,10037.656,7248.5103,8589.654
2010-03-03 08:00:00,6829.671,7740.291,10037.656,7248.5103,8589.909
2010-03-03 09:00:00,6829.671,7740.291,10037.656,7248.5103,8589.909
2010-03-03 10:00:00,6829.671,7740.291,10037.656,7248.5103,8589.909
2010-03-03 11:00:00,6829.671,7740.291,10037.656,7248.5103,8589.909
2010-03-03 12:00:00,6829.671,7740.291,10037.656,7248.5103,8589.909
2010-03-03 13:00:00,6829.671,7740.291,10037.656,7248.5103,8589.909
2010-03-03 14:00:00,6829.671,7740.291,10037.656,7248.5103,8589.909
2010-03-03 15:00:00,6829.671,7740.291,10037.656,7248.5103,8589.909
2010-03-03 16:00:00,6829.778,7740.291,10037.656,7248.5103,8589.909
2010-03-03 17:00:00,6830.17,7740.3057,10037.848,7248.6914,8590.359
2010-03-03 18:00:00,6830.4185,7740.3057,10037.848,7248.835,8590.359
2010-03-03 19:00:00,6830.46,7740.3057,10037.891,7248.835,8590.976
2010-03-03 20:00:00,6830.6577,7740.3057,10038.242,7248.8594,8591.439
2010-03-03 21:00:00,6830.6577,7740.3057,10038.242,7248.8877,8591.541
2010-03-03 22:00:00,6830.6577,7740.3057,10038.249,7248.8877,8591.541
2010-03-03 23:00:00,6830.6577,7740.3057,10038.249,7248.8877,8591.996
2010-03-04 00:00:00,6830.6577,7740.3057,10038.249,7248.8877,8592.01
2010-03-04 01:00:00,6830.6577,7740.3057,10038.249,7248.8877,8592.092
2010-03-04 02:00:00,6830.6577,7740.3057,10038.249,7248.8877,8592.352
2010-03-04 03:00:00,6830.6577,7740.3057,10038.249,7248.8877,8592.516
2010-03-04 04:00:00,6830.6577,7740.3057,10038.249,7248.8877,8592.864
2010-03-04 05:00:00,6830.6577,7740.3057,10038.249,7248.8877,8592.864
2010-03-04 06:00:00,6830.6577,7740.3057,10038.249,7248.8877,8592.864
2010-03-04 07:00:00,6830.6577,7740.3057,10038.249,7248.8877,8592.864
2010-03-04 08:00:00,6830.6577,7740.3057,10038.249,7248.8877,8592.864
2010-03-04 09:00:00,6830.6577,7740.3057,10038.249,7248.8877,8592.864
2010-03-04 10:00:00,6830.6577,7740.3057,10038.249,7248.8877,8592.864
2010-03-04 11:00:00,6830.6577,7740.3057,10038.414,7248.8877,8592.884
2010-03-04 12:00:00,6830.6875,7740.3057,10038.539,7248.8877,8592.884
2010-03-04 13:00:00,6830.6934,7740.3057,10038.539,7248.8877,8592.884
2010-03-04 14:00:00,6830.6934,7740.3057,10038.539,7248.8877,8593.131
2010-03-04 15:00:00,6830.6934,7740.3057,10038.539,7248.8877,8593.482
2010-03-04 16:00:00,6830.6934,7740.3057,10038.539,7248.8877,8593.906
2010-03-04 17:00:00,6830.6934,7740.3057,10038.539,7248.8877,8593.917
2010-03-04 18:00:00,6830.6934,7740.3057,10038.539,7248.8877,8593.917
2010-03-04 19:00:00,6830.6934,7740.3057,10038.539,7248.8877,8593.917
2010-03-04 20:00:00,6830.6934,7740.3057,10038.539,7248.8877,8593.917
2010-03-04 21:00:00,6830.6934,7740.3057,10038.539,7248.8877,8593.917
2010-03-04 22:00:00,6830.6934,7740.3057,10038.539,7248.8877,8593.917
2010-03-04 23:00:00,6830.6934,7740.3057,10038.539,7248.8877,8593.917
2010-03-05 00:00:00,6833.6724,7745.8877,10040.833,7251.655,8595.508
2010-03-05 01:00:00,6835.024,7747.718,10041.117,7253.0737,8597.127
2010-03-05 02:00:00,6835.798,7749.0566,10041.343,7253.908,8598.091
2010-03-05 03:00:00,6835.966,7749.745,10041.537,7254.632,8598.167
2010-03-05 04:00:00,6835.966,7749.8115,10041.713,7254.9336,8598.416
2010-03-05 05:00:00,6835.966,7749.8115,10042.398,7254.9336,8598.811
2010-03-05 06:00:00,6835.966,7749.8354,10043.132,7255.158,8598.889
2010-03-05 07:00:00,6835.966,7749.8354,10043.132,7255.501,8599.187
2010-03-05 08:00:00,6835.966,7749.8354,10043.132,7255.501,8599.187
2010-03-05 09:00:00,6835.966,7749.8354,10043.132,7255.501,8599.187
2010-03-05 10:00:00,6835.966,7749.8354,10043.132,7255.501,8599.187
2010-03-05 11:00:00,6835.966,7749.8354,10043.132,7255.501,8599.187
2010-03-05 12:00:00,6835.966,7749.8354,10043.132,7255.501,8599.187
2010-03-05 13:00:00,6835.966,7749.8354,10043.132,7255.501,8599.187
2010-03-05 14:00:00,6835.966,7749.8354,10043.132,7255.501,8599.187
2010-03-05 15:00:00,6835.966,7749.8354,10043.132,7255.501,8599.187
2010-03-05 16:00:00,6835.966,7749.8354,10043.132,7255.501,8599.187
2010-03-05 17:00:00,6830.6934,7740.3057,10038.539,7248.8877,8593.917
2010-03-05 18:00:00,6830.6934,7740.3057,10038.539,7248.8877,8593.934
2010-03-05 19:00:00,6830.818,7740.6406,10038.539,7248.8877,8594.141
2010-03-05 20:00:00,6831.1714,7741.0796,10038.539,7248.9624,8594.141
2010-03-05 21:00:00,6831.1714,7741.1514,10038.539,7248.9624,8594.141
2010-03-05 22:00:00,6831.2676,7741.861,10038.768,7249.2046,8594.347
2010-03-05 23:00:00,6832.089,7743.557,10039.859,7249.9253,8595.279
2010-03-06 00:00:00,6835.966,7749.8354,10043.132,7255.501,8599.187
2010-03-06 01:00:00,6835.966,7749.8354,10043.132,7255.501,8599.187
2010-03-06 02:00:00,6835.966,7749.8354,10043.132,7255.501,8599.187
2010-03-06 03:00:00,6835.966,7749.8354,10043.132,7255.501,8599.187
2010-03-06 04:00:00,6835.966,7749.8354,10043.132,7255.501,8599.187
2010-03-06 05:00:00,6835.966,7749.8354,10043.132,7255.501,8599.187
2010-03-06 06:00:00,6835.966,7749.8354,10043.132,7255.501,8599.187
2010-03-06 07:00:00,6835.966,7749.8354,10043.132,7255.501,8599.187
2010-03-06 08:00:00,6835.966,7749.8354,10043.132,7255.501,8599.187
2010-03-06 09:00:00,6835.966,7749.8354,10043.132,7255.501,8599.187
2010-03-06 10:00:00,6835.966,7749.8354,10043.132,7255.501,8599.187
2010-03-06 11:00:00,6835.966,7749.8354,10043.132,7255.501,8599.187
2010-03-06 12:00:00,6835.966,7749.8354,10043.132,7255.501,8599.187
2010-03-06 13:00:00,6835.966,7749.8354,10043.132,7255.501,8599.187
2010-03-06 14:00:00,6835.966,7749.8354,10043.132,7255.501,8599.187
2010-03-06 15:00:00,6835.966,7749.8354,10043.132,7255.501,8599.187
2010-03-06 16:00:00,6835.966,7749.8354,10043.132,7255.501,8599.187
2010-03-06 17:00:00,6835.966,7749.8354,10043.132,7255.501,8599.187
2010-03-06 18:00:00,6835.966,7749.8354,10043.132,7255.501,8599.187
2010-03-06 19:00:00,6835.966,7749.8354,10043.132,7255.501,8599.187
2010-03-06 20:00:00,6835.966,7749.8354,10043.132,7255.501,8599.187
2010-03-06 21:00:00,6835.966,7749.8354,10043.132,7255.501,8599.187
2010-03-06 22:00:00,6835.966,7749.8354,10043.132,7255.5117,8599.187
2010-03-06 23:00:00,6835.966,7749.9746,10043.132,7255.607,8599.187
2010-03-07 00:00:00,6835.966,7749.9746,10043.132,7255.607,8599.187
2010-03-07 01:00:00,6835.966,7749.9746,10043.132,7255.607,8599.187
2010-03-07 02:00:00,6835.966,7750.179,10043.132,7255.727,8599.187
2010-03-07 03:00:00,6835.966,7750.331,10043.132,7255.727,8599.506
2010-03-07 04:00:00,6836.015,7750.573,10043.132,7255.727,8599.506
2010-03-07 05:00:00,6836.021,7750.9297,10043.132,7255.8184,8599.506
2010-03-07 06:00:00,6836.039,7750.9297,10043.132,7255.8184,8599.506
2010-03-07 07:00:00,6836.039,7750.9556,10043.132,7255.8184,8599.661
2010-03-07 08:00:00,6836.039,7751.1343,10043.132,7255.885,8599.675
2010-03-07 09:00:00,6836.039,7751.3193,10043.132,7255.8945,8599.796
2010-03-07 10:00:00,6836.039,7751.5933,10043.132,7256.131,8599.796
2010-03-07 11:00:00,6836.067,7751.6685,10043.132,7256.131,8600.169
2010-03-07 12:00:00,6836.5273,7751.7227,10043.132,7256.2603,8600.208
2010-03-07 13:00:00,6836.536,7751.7227,10043.132,7256.2603,8600.258
2010-03-07 14:00:00,6836.609,7751.7227,10043.132,7256.2603,8600.407
2010-03-07 15:00:00,6836.609,7751.7227,10043.132,7256.2603,8600.592
2010-03-07 16:00:00,6836.609,7751.7227,10043.132,7256.2603,8600.672
2010-03-07 17:00:00,6836.609,7751.7227,10043.132,7256.2603,8600.672
2010-03-07 18:00:00,6836.609,7751.7227,10043.132,7256.2603,8600.867
2010-03-07 19:00:00,6836.609,7751.772,10043.132,7256.2603,8600.893
2010-03-07 20:00:00,6836.609,7751.772,10043.132,7256.2603,8600.893
2010-03-07 21:00:00,6836.609,7751.772,10043.132,7256.2603,8600.893
2010-03-07 22:00:00,6836.609,7751.772,10043.132,7256.2603,8600.893
2010-03-07 23:00:00,6836.609,7751.772,10043.132,7256.2603,8601.244
2010-03-08 00:00:00,6838.0356,7752.914,10045.223,7256.639,8604.193
2010-03-08 01:00:00,6838.0356,7752.914,10045.223,7256.639,8604.193
2010-03-08 02:00:00,6838.0356,7752.914,10045.223,7256.639,8604.193
2010-03-08 03:00:00,6838.0356,7752.914,10045.223,7256.639,8604.193
2010-03-08 04:00:00,6838.0356,7752.914,10045.223,7256.639,8604.193
2010-03-08 05:00:00,6838.0356,7752.914,10045.223,7256.639,8604.193
2010-03-08 06:00:00,6838.0356,7752.914,10045.223,7256.639,8604.193
2010-03-08 07:00:00,6836.609,7751.772,10043.132,7256.2603,8601.5205
2010-03-08 08:00:00,6836.609,7751.772,10043.132,7256.2603,8601.5205
2010-03-08 09:00:00,6836.609,7751.8003,10043.132,7256.2603,8601.668
2010-03-08 10:00:00,6836.609,7751.859,10043.132,7256.2603,8601.68
2010-03-08 11:00:00,6836.609,7751.894,10043.156,7256.2603,8601.786
2010-03-08 12:00:00,6836.609,7751.9263,10043.156,7256.2603,8601.786
2010-03-08 13:00:00,6836.609,7751.9263,10043.156,7256.2603,8601.877
2010-03-08 14:00:00,6836.609,7751.9346,10043.292,7256.2603,8602.377
2010-03-08 15:00:00,6836.609,7751.974,10044.0,7256.274,8602.569
2010-03-08 16:00:00,6836.609,7752.2114,10044.056,7256.274,8603.256
2010-03-08 17:00:00,6836.609,7752.628,10044.056,7256.2925,8603.345
2010-03-08 18:00:00,6836.658,7752.628,10044.072,7256.2925,8603.345
2010-03-08 19:00:00,6836.851,7752.72,10044.655,7256.331,8603.345
2010-03-08 20:00:00,6837.7114,7752.73,10044.875,7256.512,8603.3955
2010-03-08 21:00:00,6838.02,7752.906,10045.088,7256.639,8604.005
2010-03-08 22:00:00,6838.0356,7752.914,10045.223,7256.639,8604.022
2010-03-08 23:00:00,6838.0356,7752.914,10045.223,7256.639,8604.193
2010-03-09 00:00:00,6838.0356,7752.914,10045.223,7256.639,8604.193
2010-03-09 01:00:00,6838.0356,7752.914,10045.223,7256.639,8604.193
2010-03-09 02:00:00,6838.0356,7752.914,10045.223,7256.639,8604.193
2010-03-09 03:00:00,6838.0356,7752.914,10045.223,7256.639,8604.193
2010-03-09 04:00:00,6838.0356,7752.914,10045.223,7256.639,8604.193
2010-03-09 05:00:00,6838.0356,7752.914,10045.223,7256.639,8604.193
2010-03-09 06:00:00,6838.0356,7752.914,10045.223,7256.639,8604.193
2010-03-09 07:00:00,6838.0356,7752.914,10045.223,7256.639,8604.193
2010-03-09 08:00:00,6838.0356,7752.914,10045.223,7256.639,8604.193
2010-03-09 09:00:00,6838.0356,7752.914,10045.223,7256.639,8604.193
2010-03-09 10:00:00,6838.0356,7752.914,10045.223,7256.639,8604.193
2010-03-09 11:00:00,6838.0356,7752.914,10045.223,7256.639,8604.193
2010-03-09 12:00:00,6838.0356,7752.914,10045.223,7256.639,8604.193
2010-03-09 13:00:00,6838.0356,7752.914,10045.223,7256.639,8604.193
2010-03-09 14:00:00,6838.0356,7752.914,10045.223,7256.639,8604.193
2010-03-09 15:00:00,6838.0356,7752.914,10045.371,7256.8477,8604.193
2010-03-09 16:00:00,6838.348,7753.0376,10045.993,7257.0312,8605.305
2010-03-09 17:00:00,6838.6484,7753.47,10046.565,7257.999,8605.398
2010-03-09 18:00:00,6838.8286,7753.47,10046.565,7258.0186,8605.548
2010-03-09 19:00:00,6838.8286,7753.7065,10046.565,7258.106,8605.761
2010-03-09 20:00:00,6838.8867,7753.7476,10046.565,7258.106,8605.91
2010-03-09 21:00:00,6838.8867,7753.7476,10046.565,7258.106,8605.91
2010-03-09 22:00:00,6838.904,7753.7476,10046.844,7258.145,8605.91
2010-03-09 23:00:00,6838.904,7753.7705,10046.844,7258.288,8606.017
2010-03-10 00:00:00,6838.904,7753.943,10046.844,7258.4443,8606.503
2010-03-10 01:00:00,6838.904,7754.115,10046.844,7258.4443,8606.503
2010-03-10 02:00:00,6838.904,7754.1226,10046.844,7258.566,8607.031
2010-03-10 03:00:00,6838.904,7754.4365,10047.362,7259.053,8608.102
2010-03-10 04:00:00,6838.904,7754.9487,10047.502,7259.571,8609.856
2010-03-10 05:00:00,6838.904,7755.6436,10047.502,7260.1587,8611.685
2010-03-10 06:00:00,6838.904,7755.7275,10047.502,7260.6255,8612.857
2010-03-10 07:00:00,6839.1426,7755.7275,10047.502,7260.6255,8613.482
2010-03-10 08:00:00,6839.3286,7755.7275,10047.502,7260.635,8613.817
2010-03-10 09:00:00,6839.3286,7755.7275,10047.502,7260.635,8614.585
2010-03-10 10:00:00,6839.3286,7755.7275,10047.502,7260.635,8614.952
2010-03-10 11:00:00,6839.3286,7755.8784,10047.502,7260.635,8615.391
2010-03-10 12:00:00,6839.3286,7755.986,10047.502,7260.6353,8615.8545
2010-03-10 13:00:00,6839.3286,7756.137,10047.502,7260.7134,8617.524
2010-03-10 14:00:00,6839.3286,7756.4043,10047.784,7261.0146,8618.47
2010-03-10 15:00:00,6839.3286,7756.6123,10048.001,7261.1543,8618.552
2010-03-10 16:00:00,6839.3286,7757.0586,10048.451,7261.254,8618.65
2010-03-10 17:00:00,6839.3286,7757.1763,10048.718,7261.458,8619.639
2010-03-10 18:00:00,6839.3286,7757.3115,10049.18,7261.8716,8620.221
2010-03-10 19:00:00,6839.3286,7757.6387,10049.545,7261.907,8620.866
2010-03-10 20:00:00,6839.3286,7757.6387,10049.545,7261.968,8621.361
2010-03-10 21:00:00,6839.3286,7757.6387,10049.595,7262.0254,8621.686
2010-03-10 22:00:00,6839.3286,7757.6387,10049.673,7262.0254,8621.766
2010-03-10 23:00:00,6839.3286,7757.6387,10050.085,7262.0254,8621.969
2010-03-11 00:00:00,6839.3286,7757.8076,10051.114,7262.195,8621.969
2010-03-11 01:00:00,6839.3286,7758.217,10054.015,7262.6543,8622.339
2010-03-11 02:00:00,6839.3286,7758.628,10058.437,7263.0654,8623.093
2010-03-11 03:00:00,6839.3286,7759.038,10062.703,7263.4756,8624.118
2010-03-11 04:00:00,6840.0083,7759.61,10066.9,7263.8916,8624.904
2010-03-11 05:00:00,6840.7627,7760.2925,10068.704,7264.0664,8626.113
2010-03-11 06:00:00,6841.121,7761.2,10069.437,7264.274,8627.416
2010-03-11 07:00:00,6841.442,7762.622,10069.535,7264.9673,8628.228
2010-03-11 08:00:00,6841.7563,7763.5073,10069.535,7265.3184,8628.318
2010-03-11 09:00:00,6842.1587,7763.94,10069.535,7265.353,8628.781
2010-03-11 10:00:00,6842.539,7764.554,10070.195,7265.7656,8629.542
2010-03-11 11:00:00,6843.0464,7765.13,10071.144,7266.2812,8630.275
2010-03-11 12:00:00,6843.619,7765.681,10071.797,7266.8213,8631.376
2010-03-11 13:00:00,6844.032,7766.031,10072.209,7267.2227,8631.849
2010-03-11 14:00:00,6844.335,7766.031,10072.209,7267.2227,8631.849
2010-03-11 15:00:00,6844.3613,7766.031,10072.427,7267.2227,8631.849
2010-03-11 16:00:00,6844.3613,7766.031,10072.427,7267.2227,8631.849
2010-03-11 17:00:00,6844.3613,7766.031,10072.427,7267.2227,8631.849
2010-03-11 18:00:00,6844.3613,7766.031,10072.427,7267.2227,8631.849
2010-03-11 19:00:00,6844.3613,7766.031,10072.427,7267.2227,8631.984
2010-03-11 20:00:00,6844.3613,7766.031,10072.427,7267.2227,8631.984
2010-03-11 21:00:00,6844.3613,7766.031,10072.427,7267.2227,8631.984
2010-03-11 22:00:00,6844.3613,7766.031,10072.768,7267.2227,8632.013
2010-03-11 23:00:00,6844.3613,7766.031,10072.768,7267.2227,8632.129
2010-03-12 00:00:00,6844.3613,7766.031,10072.768,7267.2227,8632.129
2010-03-12 01:00:00,6844.3613,7766.031,10072.768,7267.2227,8632.129
2010-03-12 02:00:00,6844.3613,7766.031,10072.85,7267.2227,8632.129
2010-03-12 03:00:00,6844.3613,7766.031,10072.85,7267.2227,8632.129
2010-03-12 04:00:00,6844.3613,7766.031,10072.85,7267.2227,8632.129
2010-03-12 05:00:00,6844.3613,7766.031,10072.85,7267.2227,8632.129
2010-03-12 06:00:00,6844.3613,7766.031,10072.893,7267.2227,8632.129
2010-03-12 07:00:00,6844.3613,7766.031,10073.1045,7267.2227,8632.129
2010-03-12 08:00:00,6844.3613,7766.05,10073.63,7267.2227,8632.129
2010-03-12 09:00:00,6844.3877,7766.05,10073.63,7267.2227,8632.129
2010-03-12 10:00:00,6844.3877,7766.1245,10073.831,7267.2227,8632.135
2010-03-12 11:00:00,6844.8184,7766.144,10074.628,7267.363,8632.3955
2010-03-12 12:00:00,6845.125,7766.2524,10075.733,7267.642,8633.246
2010-03-12 13:00:00,6845.729,7766.695,10076.26,7267.821,8633.246
2010-03-12 14:00:00,6846.4805,7766.8438,10076.892,7267.9185,8633.645
2010-03-12 15:00:00,6847.22,7766.8916,10077.276,7268.1055,8634.042
2010-03-12 16:00:00,6847.6074,7767.0044,10077.796,7268.1055,8634.645
2010-03-12 17:00:00,6848.0034,7767.0044,10077.825,7268.1055,8634.876
2010-03-12 18:00:00,6848.397,7767.0044,10078.117,7268.1055,8635.369
2010-03-12 19:00:00,6848.786,7767.0356,10078.778,7268.2974,8636.403
2010-03-12 20:00:00,6844.3613,7766.031,10072.768,7267.2227,8632.129
2010-03-12 21:00:00,6844.3613,7766.031,10072.768,7267.2227,8632.129
2010-03-12 22:00:00,6844.3613,7766.031,10072.768,7267.2227,8632.129
2010-03-12 23:00:00,6844.3613,7766.031,10072.768,7267.2227,8632.129
2010-03-13 00:00:00,6849.2085,7767.3594,10078.886,7268.2974,8636.68
2010-03-13 01:00:00,6849.6006,7767.39,10079.194,7268.4814,8637.938
2010-03-13 02:00:00,6850.2217,7767.485,10080.28,7268.593,8638.46
2010-03-13 03:00:00,6850.6167,7767.485,10080.804,7268.727,8639.151
2010-03-13 04:00:00,6851.0776,7767.5054,10082.138,7268.9194,8639.151
2010-03-13 05:00:00,6852.1313,7767.5054,10082.138,7269.132,8639.151
2010-03-13 06:00:00,6852.5527,7767.5054,10082.892,7269.328,8639.151
2010-03-13 07:00:00,6852.5884,7768.0884,10083.089,7269.93,8640.187
2010-03-13 08:00:00,6852.941,7768.331,10083.249,7270.1265,8640.96
2010-03-13 09:00:00,6853.1753,7768.5615,10083.249,7270.3726,8642.07
2010-03-13 10:00:00,6853.1753,7769.333,10083.392,7270.6064,8643.194
2010-03-13 11:00:00,6853.383,7770.6123,10083.787,7270.776,8645.883
2010-03-13 12:00:00,6854.419,7770.938,10083.882,7271.013,8645.931
2010-03-13 13:00:00,6854.743,7771.5005,10083.902,7271.668,8646.535
2010-03-13 14:00:00,6855.9688,7771.996,10084.16,7272.9814,8646.69
2010-03-13 15:00:00,6857.04,7773.289,10084.445,7273.4243,8647.605
2010-03-13 16:00:00,6858.3306,7774.3516,10084.445,7274.0283,8648.212
2010-03-13 17:00:00,6859.7637,7775.038,10084.559,7274.437,8650.163
2010-03-13 18:00:00,6861.072,7776.3994,10084.912,7274.729,8651.334
2010-03-13 19:00:00,6862.6724,7776.509,10086.206,7274.8794,8651.692
2010-03-13 20:00:00,6863.0884,7776.6777,10087.837,7275.625,8652.095
2010-03-13 21:00:00,6863.3213,7776.9443,10088.271,7276.2607,8652.199
2010-03-13 22:00:00,6863.3213,7777.107,10089.07,7276.2607,8653.079
2010-03-13 23:00:00,6863.7666,7777.369,10089.298,7276.3,8653.134
2010-03-14 00:00:00,6864.208,7777.369,10090.419,7276.3633,8653.134
2010-03-14 01:00:00,6864.773,7777.543,10092.369,7276.8164,8653.202
2010-03-14 02:00:00,6865.118,7777.712,10093.391,7277.246,8653.202
2010-03-14 03:00:00,6865.347,7777.712,10093.705,7277.5938,8653.202
2010-03-14 04:00:00,6865.8687,7777.712,10094.694,7277.6416,8653.202
2010-03-14 05:00:00,6866.9707,7777.712,10095.633,7277.966,8653.263
2010-03-14 06:00:00,6868.0845,7777.866,10098.041,7278.2876,8654.802
2010-03-14 07:00:00,6868.178,7779.193,10098.176,7279.2617,8655.315
2010-03-14 08:00:00,6868.178,7779.436,10098.176,7279.281,8655.497
2010-03-14 09:00:00,6868.36,7779.5254,10098.207,7279.281,8656.391
2010-03-14 10:00:00,6868.36,7779.5674,10098.729,7279.3794,8657.582
2010-03-14 11:00:00,6868.36,7780.2246,10099.05,7279.3794,8657.582
2010-03-14 12:00:00,6868.53,7780.3726,10099.05,7279.3794,8658.223
2010-03-14 13:00:00,6868.53,7780.546,10100.506,7279.3794,8659.232
2010-03-14 14:00:00,6868.615,7780.723,10100.506,7280.617,8659.733
2010-03-14 15:00:00,6868.681,7780.764,10101.213,7281.055,8660.779
2010-03-14 16:00:00,6869.2744,7781.6,10101.999,7281.6274,8662.851
2010-03-14 17:00:00,6869.7437,7782.3564,10102.226,7281.64,8663.619
2010-03-14 18:00:00,6869.941,7782.5127,10103.576,7281.8774,8663.889
2010-03-14 19:00:00,6870.6426,7782.903,10105.195,7283.6763,8664.027
2010-03-14 20:00:00,6871.697,7783.0933,10105.339,7284.2183,8664.027
2010-03-14 21:00:00,6872.573,7783.169,10105.917,7284.3315,8664.393
2010-03-14 22:00:00,6873.0464,7783.3213,10106.503,7285.1104,8664.437
2010-03-14 23:00:00,6873.6577,7783.658,10109.961,7285.7637,8664.71
2010-03-15 00:00:00,6876.428,7786.8125,10114.537,7288.1655,8668.147
2010-03-15 01:00:00,6876.437,7786.8125,10116.73,7288.238,8668.147
2010-03-15 02:00:00,6876.572,7786.8125,10116.762,7288.2695,8668.147
2010-03-15 03:00:00,6876.944,7786.911,10117.689,7288.2695,8668.147
2010-03-15 04:00:00,6877.492,7786.911,10118.741,7288.5244,8668.192
2010-03-15 05:00:00,6877.6997,7786.9126,10118.799,7288.5244,8668.355
2010-03-15 06:00:00,6877.9683,7786.9126,10118.94,7288.6196,8668.463
2010-03-15 07:00:00,6877.9683,7787.124,10118.94,7288.6196,8669.344
2010-03-15 08:00:00,6878.0957,7787.5137,10119.554,7288.6436,8670.171
2010-03-15 09:00:00,6878.0957,7787.801,10119.941,7288.7705,8671.357
2010-03-15 10:00:00,6874.574,7784.6,10110.846,7286.2354,8664.71
2010-03-15 11:00:00,6874.8594,7784.6,10111.667,7286.608,8664.71
2010-03-15 12:00:00,6875.1035,7784.6,10112.096,7286.8237,8664.739
2010-03-15 13:00:00,6875.1035,7785.4014,10112.096,7287.0693,8666.945
2010-03-15 14:00:00,6875.1187,7785.512,10112.096,7287.0693,8667.177
2010-03-15 15:00:00,6875.462,7785.547,10112.561,7287.0693,8667.177
2010-03-15 16:00:00,6876.1,7785.547,10112.997,7287.4614,8667.335
2010-03-15 17:00:00,6876.143,7785.6196,10113.543,7287.7505,8667.351
2010-03-15 18:00:00,6876.1636,7786.402,10113.585,7287.8555,8667.778
2010-03-15 19:00:00,6876.1636,7786.437,10114.047,7287.9883,8667.982
2010-03-15 20:00:00,6876.192,7786.542,10114.047,7288.069,8668.057
2010-03-15 21:00:00,6876.192,7786.651,10114.047,7288.1333,8668.147
2010-03-15 22:00:00,6876.192,7786.8125,10114.047,7288.1333,8668.147
2010-03-15 23:00:00,6876.239,7786.8125,10114.36,7288.1655,8668.147
2010-03-16 00:00:00,6878.0957,7788.031,10120.072,7288.7705,8671.536
2010-03-16 01:00:00,6878.435,7788.0503,10120.622,7288.7705,8671.536
2010-03-16 02:00:00,6878.64,7788.0503,10121.25,7288.7705,8671.62
2010-03-16 03:00:00,6878.945,7788.0503,10121.25,7288.7705,8671.717
2010-03-16 04:00:00,6879.34,7788.0503,10121.821,7288.7705,8671.717
2010-03-16 05:00:00,6879.679,7788.0503,10122.434,7288.7817,8671.717
2010-03-16 06:00:00,6879.679,7788.0503,10122.713,7288.792,8671.717
2010-03-16 07:00:00,6880.0474,7788.0503,10123.642,7288.792,8671.717
2010-03-16 08:00:00,6880.2104,7788.0503,10123.643,7288.792,8671.717
2010-03-16 09:00:00,6880.2104,7788.0503,10123.643,7288.792,8672.065
2010-03-16 10:00:00,6880.2104,7788.0503,10123.643,7288.792,8672.905
2010-03-16 11:00:00,6880.2104,7788.331,10123.643,7288.792,8673.687
2010-03-16 12:00:00,6880.2104,7788.332,10123.643,7288.792,8673.859
2010-03-16 13:00:00,6880.2104,7788.7227,10123.643,7288.929,8674.146
2010-03-16 14:00:00,6880.2104,7789.1133,10123.837,7289.32,8674.928
2010-03-16 15:00:00,6880.4297,7789.2695,10123.837,7289.3687,8675.845
2010-03-16 16:00:00,6880.7144,7789.2695,10124.449,7289.7397,8676.846
2010-03-16 17:00:00,6881.4956,7789.2695,10124.619,7290.4966,8677.555
2010-03-16 18:00:00,6882.062,7789.2695,10125.412,7290.806,8678.151
2010-03-16 19:00:00,6882.458,7789.599,10126.204,7291.1675,8679.107
2010-03-16 20:00:00,6882.6597,7790.0537,10126.999,7291.598,8680.456
2010-03-16 21:00:00,6883.1343,7790.562,10127.532,7292.3057,8681.7295
2010-03-16 22:00:00,6883.678,7791.274,10127.775,7292.6694,8682.525
2010-03-16 23:00:00,6883.679,7791.4595,10127.775,7292.951,8683.182
2010-03-17 00:00:00,6883.679,7791.4595,10127.775,7293.001,8683.819
2010-03-17 01:00:00,6883.679,7791.4595,10127.775,7293.001,8684.414
2010-03-17 02:00:00,6883.679,7791.497,10128.006,7293.001,8684.414
2010-03-17 03:00:00,6883.679,7791.497,10128.006,7293.001,8684.414
2010-03-17 04:00:00,6883.689,7791.497,10128.006,7293.001,8684.414
2010-03-17 05:00:00,6883.7227,7791.497,10128.006,7293.001,8684.414
2010-03-17 06:00:00,6883.7227,7791.497,10128.006,7293.001,8684.414
2010-03-17 07:00:00,6883.7227,7791.497,10128.006,7293.001,8684.414
2010-03-17 08:00:00,6883.7227,7791.497,10128.006,7293.001,8684.638
2010-03-17 09:00:00,6883.7227,7791.497,10128.006,7293.001,8684.638
2010-03-17 10:00:00,6883.7227,7791.79,10128.006,7293.1206,8686.053
2010-03-17 11:00:00,6883.7227,7791.803,10128.006,7293.244,8687.551
2010-03-17 12:00:00,6883.7227,7792.0737,10128.366,7293.3384,8688.185
2010-03-17 13:00:00,6883.7227,7792.0737,10128.387,7293.3384,8688.49
2010-03-17 14:00:00,6883.764,7792.2544,10129.305,7293.4326,8688.84
2010-03-17 15:00:00,6883.764,7792.6987,10129.658,7293.7817,8688.981
2010-03-17 16:00:00,6883.764,7792.7197,10129.808,7293.7817,8688.981
2010-03-17 17:00:00,6883.764,7792.7197,10129.808,7293.7817,8688.981
2010-03-17 18:00:00,6883.764,7792.7197,10129.808,7293.7817,8688.981
2010-03-17 19:00:00,6883.764,7792.884,10129.808,7293.7817,8688.981
2010-03-17 20:00:00,6883.764,7792.884,10129.96,7293.7817,8688.981
2010-03-17 21:00:00,6883.764,7792.884,10129.96,7293.7817,8689.007
2010-03-17 22:00:00,6883.764,7793.27,10130.005,7293.8193,8689.22
2010-03-17 23:00:00,6884.0405,7793.7007,10130.385,7294.2153,8689.222
2010-03-18 00:00:00,6884.293,7794.141,10130.385,7294.2153,8689.289
2010-03-18 01:00:00,6884.359,7794.7563,10130.385,7294.2153,8689.526
2010-03-18 02:00:00,6884.806,7796.2764,10132.743,7294.679,8690.332
2010-03-18 03:00:00,6886.0063,7799.505,10137.56,7295.6943,8690.991
2010-03-18 04:00:00,6887.3174,7803.7036,10140.613,7297.0933,8692.069
2010-03-18 05:00:00,6888.81,7806.971,10145.178,7298.4014,8694.143
2010-03-18 06:00:00,6889.978,7807.6147,10149.067,7302.1904,8696.216
2010-03-18 07:00:00,6891.7065,7808.4575,10153.192,7306.41,8697.421
2010-03-18 08:00:00,6892.5845,7809.9995,10157.585,7311.912,8698.834
2010-03-18 09:00:00,6893.022,7811.3994,10162.262,7316.2236,8699.951
2010-03-18 10:00:00,6893.38,7812.489,10166.703,7318.726,8700.31
2010-03-18 11:00:00,6893.4043,7812.756,10169.199,7319.995,8700.31
2010-03-18 12:00:00,6893.4043,7813.087,10170.348,7320.661,8700.31
2010-03-18 13:00:00,6893.4683,7813.1714,10171.116,7320.726,8700.31
2010-03-18 14:00:00,6893.772,7813.2407,10171.275,7320.726,8700.445
2010-03-18 15:00:00,6893.986,7813.2407,10171.296,7320.7495,8700.529
2010-03-18 16:00:00,6893.986,7813.2407,10171.296,7320.7495,8700.529
2010-03-18 17:00:00,6894.077,7813.2407,10171.296,7320.7495,8700.529
2010-03-18 18:00:00,6894.3467,7813.2407,10171.296,7320.7495,8700.529
2010-03-18 19:00:00,6894.3467,7813.2407,10171.296,7320.7495,8700.529
2010-03-18 20:00:00,6894.3467,7813.2407,10171.296,7320.7495,8700.529
2010-03-18 21:00:00,6894.3467,7813.2407,10171.296,7320.7495,8700.529
2010-03-18 22:00:00,6894.3467,7813.3213,10171.296,7320.7495,8700.529
2010-03-18 23:00:00,6894.3467,7813.3926,10171.296,7320.7495,8700.529
2010-03-19 00:00:00,6894.416,7813.3926,10171.296,7320.7495,8700.529
2010-03-19 01:00:00,6894.59,7813.3926,10171.296,7320.7495,8700.529
2010-03-19 02:00:00,6894.59,7813.4316,10171.296,7320.7495,8700.529
2010-03-19 03:00:00,6894.59,7813.7715,10171.296,7320.7495,8700.529
2010-03-19 04:00:00,6894.59,7814.2676,10171.296,7320.996,8700.529
2010-03-19 05:00:00,6894.9536,7815.743,10171.792,7321.789,8701.189
2010-03-19 06:00:00,6895.7266,7816.878,10172.562,7322.8604,8702.0
2010-03-19 07:00:00,6896.541,7818.116,10172.562,7323.963,8702.14
2010-03-19 08:00:00,6897.0186,7819.0674,10172.663,7324.9575,8702.14
2010-03-19 09:00:00,6897.4917,7819.1143,10172.663,7325.297,8702.14
2010-03-19 10:00:00,6898.042,7819.657,10173.155,7325.689,8702.18
2010-03-19 11:00:00,6898.115,7819.657,10173.299,7325.78,8702.393
2010-03-19 12:00:00,6898.115,7819.711,10173.551,7325.78,8702.393
2010-03-19 13:00:00,6898.2773,7819.8057,10173.551,7325.816,8702.534
2010-03-19 14:00:00,6898.3794,7819.874,10173.669,7325.903,8702.708
2010-03-19 15:00:00,6898.6553,7820.957,10174.386,7326.229,8702.771
2010-03-19 16:00:00,6899.133,7822.41,10175.294,7326.796,8702.771
2010-03-19 17:00:00,6899.6226,7824.454,10176.607,7328.0156,8703.435
2010-03-19 18:00:00,6900.8696,7826.622,10181.611,7329.2227,8705.363
2010-03-19 19:00:00,6901.549,7827.83,10187.291,7330.25,8706.753
2010-03-19 20:00:00,6902.146,7829.911,10193.289,7332.206,8708.545
2010-03-19 21:00:00,6902.5186,7831.3843,10195.815,7336.5566,8708.748
2010-03-19 22:00:00,6902.5186,7831.7163,10196.532,7339.3643,8709.886
2010-03-19 23:00:00,6894.3467,7813.3926,10171.296,7320.7495,8700.529
2010-03-20 00:00:00,6902.793,7832.253,10198.741,7341.1743,8710.008
2010-03-20 01:00:00,6903.353,7832.955,10199.251,7343.2236,8711.638
2010-03-20 02:00:00,6903.891,7833.0063,10201.388,7343.301,8712.614
2010-03-20 03:00:00,6903.97,7833.1934,10203.542,7343.749,8714.283
2010-03-20 04:00:00,6905.958,7833.525,10212.266,7344.068,8715.202
2010-03-20 05:00:00,6906.626,7833.785,10215.688,7344.417,8715.993
2010-03-20 06:00:00,6906.641,7833.8516,10218.015,7344.5093,8717.006
2010-03-20 07:00:00,6906.662,7833.8516,10219.33,7344.532,8717.659
2010-03-20 08:00:00,6907.1704,7833.882,10221.249,7344.532,8717.95
2010-03-20 09:00:00,6908.6357,7834.1094,10222.078,7344.532,8718.147
2010-03-20 10:00:00,6908.938,7834.1094,10222.086,7344.575,8719.018
2010-03-20 11:00:00,6909.053,7834.2544,10222.086,7344.6396,8719.309
2010-03-20 12:00:00,6909.053,7834.3784,10222.086,7344.8325,8720.439
2010-03-20 13:00:00,6909.053,7834.3784,10222.232,7345.0117,8720.439
2010-03-20 14:00:00,6909.053,7834.5864,10222.818,7345.4326,8720.774
2010-03-20 15:00:00,6909.252,7834.8794,10223.683,7346.2983,8721.513
2010-03-20 16:00:00,6910.123,7835.144,10224.489,7346.9116,8722.46
2010-03-20 17:00:00,6910.6045,7835.814,10225.096,7347.172,8723.987
2010-03-20 18:00:00,6911.0273,7837.0933,10226.247,7347.2114,8724.594
2010-03-20 19:00:00,6911.0273,7838.255,10227.471,7347.2114,8724.594
2010-03-20 20:00:00,6911.0273,7838.255,10227.686,7347.2114,8724.594
2010-03-20 21:00:00,6911.0273,7838.255,10227.686,7347.2114,8724.853
2010-03-20 22:00:00,6911.0273,7838.2715,10227.686,7347.2114,8724.998
2010-03-20 23:00:00,6911.0273,7838.431,10227.686,7347.2114,8725.198
2010-03-21 00:00:00,6911.0635,7838.431,10227.686,7347.2114,8725.223
2010-03-21 01:00:00,6911.0635,7838.431,10227.686,7347.2744,8725.223
2010-03-21 02:00:00,6911.0635,7838.431,10227.686,7347.2744,8725.223
2010-03-21 03:00:00,6911.0635,7838.431,10227.686,7347.2744,8725.223
2010-03-21 04:00:00,6911.0635,7838.431,10227.686,7347.2744,8725.223
2010-03-21 05:00:00,6911.0635,7838.431,10227.686,7347.2744,8725.223
2010-03-21 06:00:00,6911.0635,7838.431,10227.686,7347.4336,8725.397
2010-03-21 07:00:00,6911.0635,7838.568,10227.686,7347.6006,8725.397
2010-03-21 08:00:00,6911.1157,7838.818,10227.871,7347.6006,8725.397
2010-03-21 09:00:00,6911.194,7838.818,10227.871,7347.6006,8725.397
2010-03-21 10:00:00,6911.194,7838.818,10227.871,7347.6006,8725.397
2010-03-21 11:00:00,6911.194,7838.818,10227.871,7347.6006,8725.397
2010-03-21 12:00:00,6911.194,7838.818,10227.871,7347.6006,8725.397
2010-03-21 13:00:00,6911.194,7838.818,10227.871,7347.6006,8725.397
2010-03-21 14:00:00,6911.194,7838.818,10227.871,7347.6006,8725.397
2010-03-21 15:00:00,6911.194,7838.818,10227.871,7347.6006,8725.397
2010-03-21 16:00:00,6911.194,7838.818,10227.871,7347.6006,8725.397
2010-03-21 17:00:00,6911.194,7838.818,10227.871,7347.6006,8725.397
2010-03-21 18:00:00,6911.194,7838.818,10227.871,7347.6006,8725.397
2010-03-21 19:00:00,6911.194,7838.818,10227.871,7347.6006,8725.397
2010-03-21 20:00:00,6911.194,7838.818,10227.871,7347.6006,8725.397
2010-03-21 21:00:00,6911.194,7839.056,10227.871,7347.6006,8725.397
2010-03-21 22:00:00,6911.194,7839.911,10227.871,7347.6006,8725.397
2010-03-21 23:00:00,6911.194,7840.281,10227.871,7347.608,8725.397
2010-03-22 00:00:00,6911.194,7840.4077,10227.871,7347.6743,8725.638
2010-03-22 01:00:00,6911.194,7840.4077,10227.871,7347.6743,8725.638
2010-03-22 02:00:00,6911.194,7840.4077,10227.871,7347.6743,8725.638
2010-03-22 03:00:00,6911.194,7840.4077,10227.871,7347.6743,8725.638
2010-03-22 04:00:00,6911.194,7840.4077,10227.871,7347.6743,8725.638
2010-03-22 05:00:00,6911.194,7840.4077,10227.871,7347.6743,8725.638
2010-03-22 06:00:00,6911.194,7840.4077,10227.871,7347.6743,8725.638
2010-03-22 07:00:00,6911.194,7840.4077,10227.871,7347.6743,8725.638
2010-03-22 08:00:00,6911.194,7840.4077,10227.871,7347.6743,8725.638
2010-03-22 09:00:00,6911.194,7840.4077,10227.871,7347.6743,8725.638
2010-03-22 10:00:00,6911.194,7840.4077,10227.871,7347.6743,8725.638
2010-03-22 11:00:00,6911.194,7840.4077,10227.871,7347.6743,8725.638
2010-03-22 12:00:00,6911.194,7840.4077,10227.871,7347.8174,8725.638
2010-03-22 13:00:00,6911.194,7840.281,10227.871,7347.6743,8725.397
2010-03-22 14:00:00,6911.194,7840.281,10227.871,7347.6743,8725.397
2010-03-22 15:00:00,6911.194,7840.281,10227.871,7347.6743,8725.397
2010-03-22 16:00:00,6911.194,7840.281,10227.871,7347.6743,8725.446
2010-03-22 17:00:00,6911.194,7840.281,10227.871,7347.6743,8725.446
2010-03-22 18:00:00,6911.194,7840.281,10227.871,7347.6743,8725.446
2010-03-22 19:00:00,6911.194,7840.281,10227.871,7347.6743,8725.446
2010-03-22 20:00:00,6911.194,7840.281,10227.871,7347.6743,8725.557
2010-03-22 21:00:00,6911.194,7840.281,10227.871,7347.6743,8725.638
2010-03-22 22:00:00,6911.194,7840.3516,10227.871,7347.6743,8725.638
2010-03-22 23:00:00,6911.194,7840.4077,10227.871,7347.6743,8725.638
2010-03-23 00:00:00,6911.194,7840.4077,10227.871,7347.916,8725.638
2010-03-23 01:00:00,6911.3003,7840.636,10227.871,7348.258,8725.638
2010-03-23 02:00:00,6911.642,7840.8765,10227.871,7348.7705,8725.638
2010-03-23 03:00:00,6911.984,7840.9756,10227.871,7349.212,8725.638
2010-03-23 04:00:00,6912.292,7840.9756,10227.871,7349.2563,8725.638
2010-03-23 05:00:00,6912.292,7840.9756,10227.871,7349.2563,8725.638
2010-03-23 06:00:00,6912.292,7840.9756,10227.871,7349.2563,8725.638
2010-03-23 07:00:00,6912.292,7841.0015,10227.871,7349.4263,8725.638
2010-03-23 08:00:00,6912.5073,7841.21,10227.871,7349.768,8725.638
2010-03-23 09:00:00,6912.668,7841.21,10227.871,7350.11,8725.638
2010-03-23 10:00:00,6912.8975,7841.21,10227.871,7350.307,8725.638
2010-03-23 11:00:00,6912.8975,7841.4336,10227.871,7350.307,8725.638
2010-03-23 12:00:00,6912.8975,7841.604,10227.871,7350.307,8725.638
2010-03-23 13:00:00,6912.8975,7841.7705,10227.871,7350.307,8725.776
2010-03-23 14:00:00,6912.8975,7841.7705,10227.871,7350.307,8725.897
2010-03-23 15:00:00,6912.8975,7841.8887,10227.871,7350.365,8726.924
2010-03-23 16:00:00,6913.0205,7842.6245,10228.061,7350.668,8727.156
2010-03-23 17:00:00,6913.0205,7843.0083,10228.179,7350.779,8727.156
2010-03-23 18:00:00,6913.1006,7843.4126,10228.179,7351.183,8727.211
2010-03-23 19:00:00,6913.4233,7843.6777,10228.179,7351.6963,8727.456
2010-03-23 20:00:00,6913.729,7843.6777,10228.179,7351.9937,8727.456
2010-03-23 21:00:00,6913.729,7843.6777,10228.179,7351.9937,8727.612
2010-03-23 22:00:00,6913.729,7843.6777,10228.179,7351.9937,8727.794
2010-03-23 23:00:00,6913.729,7843.6777,10228.179,7351.9937,8727.794
2010-03-24 00:00:00,6913.729,7843.6777,10228.179,7351.9937,8727.794
2010-03-24 01:00:00,6913.729,7843.6777,10228.179,7351.9937,8727.794
2010-03-24 02:00:00,6913.729,7843.6777,10228.179,7351.9937,8727.794
2010-03-24 03:00:00,6913.729,7843.6777,10228.179,7351.9937,8727.794
2010-03-24 04:00:00,6913.729,7843.6777,10228.179,7351.9937,8727.794
2010-03-24 05:00:00,6913.729,7843.6777,10228.179,7351.9937,8727.794
2010-03-24 06:00:00,6913.729,7843.71,10228.179,7351.9937,8727.794
2010-03-24 07:00:00,6913.729,7843.71,10228.179,7351.9937,8727.794
2010-03-24 08:00:00,6913.729,7843.71,10228.179,7351.9937,8727.794
2010-03-24 09:00:00,6913.729,7843.71,10228.179,7351.9937,8727.794
2010-03-24 10:00:00,6913.729,7843.71,10228.179,7351.9937,8727.794
2010-03-24 11:00:00,6913.729,7843.71,10228.179,7351.9937,8727.794
2010-03-24 12:00:00,6913.729,7843.71,10228.179,7351.9937,8727.794
2010-03-24 13:00:00,6913.729,7843.71,10228.179,7351.9937,8727.794
2010-03-24 14:00:00,6913.729,7843.71,10228.179,7351.9937,8727.794
2010-03-24 15:00:00,6913.729,7843.71,10228.179,7351.9937,8727.794
2010-03-24 16:00:00,6913.729,7843.862,10228.179,7352.1836,8727.863
2010-03-24 17:00:00,6914.1196,7844.494,10228.179,7353.132,8728.478
2010-03-24 18:00:00,6914.596,7844.917,10228.179,7353.9873,8728.935
2010-03-24 19:00:00,6915.0366,7845.3574,10228.179,7354.868,8728.988
2010-03-24 20:00:00,6915.6313,7845.6895,10228.179,7355.71,8729.697
2010-03-24 21:00:00,6916.0356,7845.6895,10228.179,7356.4375,8730.358
2010-03-24 22:00:00,6916.4463,7845.6895,10228.179,7356.79,8730.358
2010-03-24 23:00:00,6916.675,7845.6895,10228.179,7356.79,8730.358
2010-03-25 00:00:00,6927.5977,7854.3545,10237.092,7372.341,8734.663
2010-03-25 01:00:00,6927.9346,7854.3545,10237.263,7372.6587,8734.663
2010-03-25 02:00:00,6927.9346,7854.3545,10237.263,7372.6587,8734.663
2010-03-25 03:00:00,6927.9346,7854.3545,10237.263,7372.864,8734.663
2010-03-25 04:00:00,6927.2534,7854.0913,10236.403,7371.9966,8734.663
2010-03-25 05:00:00,6916.941,7845.9404,10228.505,7356.9497,8730.358
2010-03-25 06:00:00,6917.328,7846.346,10229.345,7357.603,8730.358
2010-03-25 07:00:00,6917.698,7846.7617,10229.791,7358.3433,8730.358
2010-03-25 08:00:00,6918.0815,7847.021,10229.98,7359.11,8730.782
2010-03-25 09:00:00,6918.498,7847.336,10229.98,7359.943,8731.203
2010-03-25 10:00:00,6919.012,7847.773,10229.98,7361.154,8731.759
2010-03-25 11:00:00,6919.8267,7848.368,10229.98,7362.3755,8732.573
2010-03-25 12:00:00,6920.5757,7849.249,10230.742,7363.857,8733.357
2010-03-25 13:00:00,6921.7153,7850.1885,10231.576,7365.403,8733.415
2010-03-25 14:00:00,6922.636,7850.935,10232.386,7366.77,8733.415
2010-03-25 15:00:00,6923.2056,7851.0728,10233.996,7367.827,8733.415
2010-03-25 16:00:00,6923.407,7851.1714,10234.68,7368.0796,8733.716
2010-03-25 17:00:00,6923.7295,7851.1973,10235.884,7368.7314,8733.829
2010-03-25 18:00:00,6924.549,7851.1973,10235.884,7369.5728,8733.829
2010-03-25 19:00:00,6925.2744,7851.3037,10235.884,7369.5728,8733.829
2010-03-25 20:00:00,6925.2744,7851.304,10235.884,7369.5728,8733.829
2010-03-25 21:00:00,6925.4917,7851.7695,10235.884,7370.081,8733.829
2010-03-25 22:00:00,6925.949,7852.3306,10236.14,7370.689,8733.978
2010-03-25 23:00:00,6926.4385,7853.35,10236.14,7371.4517,8734.564
2010-03-26 00:00:00,6927.9346,7854.3545,10237.263,7372.932,8734.663
2010-03-26 01:00:00,6927.9346,7854.3545,10237.263,7372.932,8734.663
2010-03-26 02:00:00,6927.9346,7854.3545,10237.263,7372.932,8734.663
2010-03-26 03:00:00,6927.9346,7854.3545,10237.263,7372.932,8734.663
2010-03-26 04:00:00,6927.9346,7854.3545,10237.263,7372.932,8734.663
2010-03-26 05:00:00,6927.9346,7854.3545,10237.263,7372.932,8734.663
2010-03-26 06:00:00,6927.9346,7854.3545,10237.263,7372.932,8734.663
2010-03-26 07:00:00,6927.9346,7854.596,10237.263,7372.932,8734.663
2010-03-26 08:00:00,6927.9346,7854.7544,10237.263,7372.932,8735.057
2010-03-26 09:00:00,6927.9346,7855.187,10237.263,7372.9575,8735.057
2010-03-26 10:00:00,6927.9346,7855.229,10237.263,7373.4453,8735.553
2010-03-26 11:00:00,6928.064,7855.246,10237.263,7373.475,8735.898
2010-03-26 12:00:00,6928.6074,7855.979,10238.33,7375.431,8736.0625
2010-03-26 13:00:00,6929.669,7855.979,10238.33,7376.372,8736.0625
2010-03-26 14:00:00,6929.9863,7855.979,10238.33,7376.3877,8736.0625
2010-03-26 15:00:00,6929.9863,7855.979,10238.33,7376.3877,8736.0625
2010-03-26 16:00:00,6929.9863,7855.979,10238.33,7376.3877,8736.0625
2010-03-26 17:00:00,6929.9863,7855.979,10238.33,7376.3877,8736.0625
2010-03-26 18:00:00,6929.9863,7855.979,10238.33,7376.3877,8736.0625
2010-03-26 19:00:00,6929.9863,7855.9985,10238.33,7376.3877,8736.0625
2010-03-26 20:00:00,6929.9863,7855.9985,10238.33,7376.3877,8736.0625
2010-03-26 21:00:00,6929.9863,7855.9985,10238.33,7376.3877,8736.0625
2010-03-26 22:00:00,6929.9863,7855.9985,10238.33,7376.3877,8736.0625
2010-03-26 23:00:00,6929.9863,7855.9985,10238.33,7376.3877,8736.0625
2010-03-27 00:00:00,6929.9863,7855.9985,10238.33,7376.3877,8736.0625
2010-03-27 01:00:00,6929.9863,7855.9985,10238.33,7376.3877,8736.0625
2010-03-27 02:00:00,6929.9863,7855.9985,10238.33,7376.3877,8736.0625
2010-03-27 03:00:00,6929.9863,7855.9985,10238.33,7376.3877,8736.0625
2010-03-27 04:00:00,6929.9863,7855.9985,10238.33,7376.3877,8736.0625
2010-03-27 05:00:00,6929.9863,7855.9985,10238.33,7376.3877,8736.0625
2010-03-27 06:00:00,6929.9863,7855.9985,10238.33,7376.3877,8736.0625
2010-03-27 07:00:00,6929.9863,7855.9985,10238.33,7376.3877,8736.0625
2010-03-27 08:00:00,6929.9863,7855.9985,10238.33,7376.3877,8736.0625
2010-03-27 09:00:00,6929.9863,7855.9985,10238.33,7376.3877,8736.0625
2010-03-27 10:00:00,6929.9863,7855.9985,10238.33,7376.3877,8736.0625
2010-03-27 11:00:00,6929.9863,7855.9985,10238.33,7376.3877,8736.0625
2010-03-27 12:00:00,6929.9863,7855.9985,10238.33,7376.3877,8736.0625
2010-03-27 13:00:00,6929.9863,7855.9985,10238.33,7376.3877,8736.0625
2010-03-27 14:00:00,6929.9863,7855.9985,10238.33,7376.3877,8736.0625
2010-03-27 15:00:00,6929.9863,7855.9985,10238.33,7376.3877,8736.0625
2010-03-27 16:00:00,6929.9863,7855.9985,10238.33,7376.3877,8736.0625
2010-03-27 17:00:00,6929.9863,7855.9985,10238.33,7376.3877,8736.0625
2010-03-27 18:00:00,6929.9863,7855.9985,10238.33,7376.3877,8736.0625
2010-03-27 19:00:00,6929.9863,7855.9985,10238.33,7376.3877,8736.0625
2010-03-27 20:00:00,6929.9863,7855.9985,10238.33,7376.3877,8736.0625
2010-03-27 21:00:00,6929.9863,7855.9985,10238.33,7376.3877,8736.0625
2010-03-27 22:00:00,6929.9863,7855.9985,10238.33,7376.3877,8736.0625
2010-03-27 23:00:00,6929.9863,7855.9985,10238.33,7376.3877,8736.0625
2010-03-28 00:00:00,6929.9863,7855.9985,10238.33,7376.3877,8736.0625
2010-03-28 01:00:00,6929.9863,7855.9985,10238.33,7376.3877,8736.0625
2010-03-28 02:00:00,6929.9863,7855.9985,10238.33,7376.3877,8736.0625
2010-03-28 03:00:00,6929.9863,7855.9985,10238.33,7376.3877,8736.0625
2010-03-28 04:00:00,6929.9863,7855.9985,10238.33,7376.3877,8736.0625
2010-03-28 05:00:00,6929.9863,7855.9985,10238.33,7376.3877,8736.0625
2010-03-28 06:00:00,6929.9863,7856.1626,10238.33,7376.3877,8736.0625
2010-03-28 07:00:00,6929.9863,7857.3984,10238.33,7376.3877,8736.676
2010-03-28 08:00:00,6929.9863,7857.5767,10238.33,7376.629,8737.516
2010-03-28 09:00:00,6929.9863,7857.912,10238.526,7376.8237,8737.516
2010-03-28 10:00:00,6929.9863,7858.1587,10239.505,7376.876,8737.516
2010-03-28 11:00:00,6929.9863,7858.1587,10240.355,7377.171,8737.516
2010-03-28 12:00:00,6930.2285,7858.1587,10240.449,7377.171,8737.516
2010-03-28 13:00:00,6930.2354,7858.1587,10240.449,7377.171,8737.516
2010-03-28 14:00:00,6930.2354,7858.1587,10240.449,7377.171,8737.516
2010-03-28 15:00:00,6930.2354,7858.1587,10240.449,7377.171,8737.516
2010-03-28 16:00:00,6930.2354,7858.1587,10240.449,7377.171,8737.516
2010-03-28 17:00:00,6930.2354,7858.1587,10240.46,7377.171,8737.759
2010-03-28 18:00:00,6930.3857,7858.1587,10241.153,7377.368,8738.169
2010-03-28 19:00:00,6930.3857,7858.1587,10241.917,7377.368,8738.91
2010-03-28 20:00:00,6930.3857,7858.1587,10242.23,7377.368,8738.91
2010-03-28 21:00:00,6930.3857,7858.1587,10242.23,7377.368,8738.91
2010-03-28 22:00:00,6930.3857,7858.1587,10242.23,7377.368,8738.91
2010-03-28 23:00:00,6930.3857,7858.1587,10242.23,7377.368,8738.91
2010-03-29 00:00:00,6930.3857,7858.1587,10242.757,7378.1597,8739.312
2010-03-29 01:00:00,6930.3857,7858.1587,10242.757,7378.5044,8739.312
2010-03-29 02:00:00,6930.3857,7858.1587,10242.757,7378.622,8739.312
2010-03-29 03:00:00,6930.3857,7858.1587,10242.757,7378.622,8739.312
2010-03-29 04:00:00,6930.3857,7858.1587,10242.757,7378.757,8739.312
2010-03-29 05:00:00,6930.3857,7858.1953,10243.221,7379.154,8739.312
2010-03-29 06:00:00,6930.495,7858.4766,10244.004,7379.5356,8739.785
2010-03-29 07:00:00,6930.869,7858.4766,10244.752,7379.5513,8740.533
2010-03-29 08:00:00,6931.327,7858.4766,10245.193,7379.6387,8741.09
2010-03-29 09:00:00,6931.562,7858.4766,10245.193,7379.7437,8741.617
2010-03-29 10:00:00,6931.562,7858.4766,10245.193,7379.7437,8742.35
2010-03-29 11:00:00,6931.562,7858.4766,10245.193,7379.7437,8743.043
2010-03-29 12:00:00,6931.562,7858.4766,10245.193,7379.7437,8743.377
2010-03-29 13:00:00,6931.562,7858.4766,10245.193,7379.7437,8743.523
2010-03-29 14:00:00,6931.562,7858.4766,10245.193,7379.7437,8743.523
2010-03-29 15:00:00,6931.562,7858.4766,10245.193,7379.7437,8743.523
2010-03-29 16:00:00,6931.562,7858.4766,10245.193,7379.7437,8743.523
2010-03-29 17:00:00,6931.562,7858.4766,10245.193,7379.7437,8743.523
2010-03-29 18:00:00,6930.3857,7858.1587,10242.23,7377.368,8738.91
2010-03-29 19:00:00,6930.3857,7858.1587,10242.23,7377.368,8738.91
2010-03-29 20:00:00,6930.3857,7858.1587,10242.23,7377.368,8738.91
2010-03-29 21:00:00,6930.3857,7858.1587,10242.23,7377.582,8738.91
2010-03-29 22:00:00,6930.3857,7858.1587,10242.23,7377.7466,8738.91
2010-03-29 23:00:00,6930.3857,7858.1587,10242.7295,7377.9204,8739.312
2010-03-30 00:00:00,6931.562,7858.4766,10245.193,7379.7437,8743.523
2010-03-30 01:00:00,6931.562,7858.4766,10245.193,7379.7437,8743.523
2010-03-30 02:00:00,6931.562,7858.4766,10245.193,7379.7437,8743.523
2010-03-30 03:00:00,6931.562,7858.4766,10245.193,7379.7437,8743.523
2010-03-30 04:00:00,6931.562,7858.4766,10245.193,7379.7437,8743.523
2010-03-30 05:00:00,6931.562,7858.4766,10245.193,7379.7437,8743.523
2010-03-30 06:00:00,6931.562,7858.4766,10245.193,7379.7437,8743.523
2010-03-30 07:00:00,6931.562,7858.4766,10245.193,7379.7437,8743.523
2010-03-30 08:00:00,6931.562,7858.4766,10245.193,7379.7437,8743.523
2010-03-30 09:00:00,6931.562,7858.4766,10245.193,7379.7437,8743.523
2010-03-30 10:00:00,6931.562,7858.4766,10245.193,7379.7437,8743.523
2010-03-30 11:00:00,6931.562,7858.4766,10245.193,7379.7437,8743.523
2010-03-30 12:00:00,6931.562,7858.4766,10245.193,7379.7437,8743.523
2010-03-30 13:00:00,6931.562,7858.4766,10245.193,7379.7437,8743.523
2010-03-30 14:00:00,6931.562,7858.4766,10245.193,7379.7437,8743.523
2010-03-30 15:00:00,6931.562,7858.4766,10245.193,7379.7437,8743.523
2010-03-30 16:00:00,6931.562,7858.4766,10245.193,7379.7563,8743.523
2010-03-30 17:00:00,6931.7036,7858.534,10245.193,7380.3813,8743.523
2010-03-30 18:00:00,6932.163,7858.6616,10245.193,7381.6255,8743.568
2010-03-30 19:00:00,6932.923,7859.0444,10245.193,7382.7085,8744.322
2010-03-30 20:00:00,6933.658,7859.1113,10245.193,7383.6226,8744.923
2010-03-30 21:00:00,6934.222,7859.1113,10245.193,7384.46,8745.023
2010-03-30 22:00:00,6935.034,7859.138,10245.193,7385.87,8745.023
2010-03-30 23:00:00,6935.8965,7859.495,10245.193,7387.1636,8745.023
2010-03-31 00:00:00,6936.943,7860.201,10245.193,7387.754,8745.023
2010-03-31 01:00:00,6937.254,7860.203,10245.193,7387.754,8745.023
2010-03-31 02:00:00,6937.3096,7860.203,10245.193,7387.7573,8745.023
2010-03-31 03:00:00,6937.5527,7860.203,10245.193,7387.782,8745.023
2010-03-31 04:00:00,6938.1743,7860.352,10245.193,7388.143,8745.023
2010-03-31 05:00:00,6938.397,7860.352,10245.193,7388.143,8745.783
2010-03-31 06:00:00,6938.397,7860.352,10245.193,7388.143,8745.866
2010-03-31 07:00:00,6938.397,7860.352,10245.276,7388.255,8746.065
2010-03-31 08:00:00,6938.4688,7860.352,10245.276,7388.255,8746.065
2010-03-31 09:00:00,6938.859,7860.416,10245.795,7388.524,8746.431
2010-03-31 10:00:00,6939.412,7860.459,10246.589,7388.7925,8746.489
2010-03-31 11:00:00,6939.412,7860.884,10247.783,7389.125,8746.925
2010-03-31 12:00:00,6939.504,7861.3564,10249.347,7389.281,8747.76
2010-03-31 13:00:00,6939.9956,7861.9536,10250.287,7389.5205,8749.05
2010-03-31 14:00:00,6940.1426,7863.411,10251.126,7390.2266,8751.508
2010-03-31 15:00:00,6940.1426,7865.158,10251.334,7390.853,8753.291
2010-03-31 16:00:00,6940.425,7866.5356,10251.334,7391.1567,8754.122
2010-03-31 17:00:00,6941.1235,7867.096,10251.334,7391.456,8754.562
2010-03-31 18:00:00,6941.463,7867.3354,10251.334,7391.456,8754.562
2010-03-31 19:00:00,6941.463,7867.3354,10251.334,7391.456,8754.562
2010-03-31 20:00:00,6941.463,7867.3354,10251.334,7391.456,8754.562
2010-03-31 21:00:00,6941.463,7867.3354,10251.334,7391.456,8754.562
2010-03-31 22:00:00,6941.463,7867.3354,10251.334,7391.456,8754.562
2010-03-31 23:00:00,6941.463,7867.3354,10251.334,7391.456,8754.562
2010-04-01 00:00:00,6941.463,7867.3354,10251.334,7391.456,8754.562
2010-04-01 01:00:00,6941.463,7867.3354,10251.334,7391.456,8754.562
2010-04-01 02:00:00,6941.463,7867.3354,10251.334,7391.456,8754.562
2010-04-01 03:00:00,6941.463,7867.3354,10251.334,7391.456,8754.562
2010-04-01 04:00:00,6941.463,7867.6772,10251.334,7391.456,8754.748
2010-04-01 05:00:00,6941.463,7867.7114,10251.334,7391.456,8754.748
2010-04-01 06:00:00,6941.463,7867.7114,10251.334,7391.456,8754.748
2010-04-01 07:00:00,6941.463,7867.7114,10251.334,7391.456,8754.748
2010-04-01 08:00:00,6941.463,7867.7114,10251.334,7391.5103,8755.204
2010-04-01 09:00:00,6941.585,7867.7114,10251.334,7391.739,8755.856
2010-04-01 10:00:00,6942.3657,7867.7114,10251.334,7392.3306,8756.51
2010-04-01 11:00:00,6941.463,7867.3354,10251.334,7391.456,8754.562
2010-04-01 12:00:00,6941.463,7867.3354,10251.334,7391.456,8754.562
2010-04-01 13:00:00,6941.463,7867.3354,10251.334,7391.456,8754.562
2010-04-01 14:00:00,6941.463,7867.3354,10251.334,7391.456,8754.562
2010-04-01 15:00:00,6941.463,7867.3354,10251.334,7391.456,8754.562
2010-04-01 16:00:00,6941.463,7867.3354,10251.334,7391.456,8754.562
2010-04-01 17:00:00,6941.463,7867.3354,10251.334,7391.456,8754.562
2010-04-01 18:00:00,6941.463,7867.3354,10251.334,7391.456,8754.562
2010-04-01 19:00:00,6941.463,7867.3354,10251.334,7391.456,8754.562
2010-04-01 20:00:00,6941.463,7867.3354,10251.334,7391.456,8754.562
2010-04-01 21:00:00,6941.463,7867.3354,10251.334,7391.456,8754.562
2010-04-01 22:00:00,6941.463,7867.3354,10251.334,7391.456,8754.562
2010-04-01 23:00:00,6941.463,7867.3354,10251.334,7391.456,8754.562
2010-04-02 00:00:00,6942.973,7867.7114,10251.334,7392.663,8756.864
2010-04-02 01:00:00,6943.8164,7867.7114,10251.334,7392.663,8756.864
2010-04-02 02:00:00,6944.7144,7867.7573,10251.334,7393.151,8756.864
2010-04-02 03:00:00,6945.523,7867.7573,10251.334,7394.0347,8756.864
2010-04-02 04:00:00,6945.9443,7867.88,10251.334,7394.4204,8756.864
2010-04-02 05:00:00,6946.272,7867.88,10251.334,7394.467,8756.864
2010-04-02 06:00:00,6946.428,7867.9077,10251.334,7394.7803,8756.911
2010-04-02 07:00:00,6947.608,7868.0835,10251.334,7395.2505,8757.286
2010-04-02 08:00:00,6947.7925,7868.0835,10251.334,7395.42,8757.543
2010-04-02 09:00:00,6947.7925,7868.0835,10251.419,7395.42,8757.543
2010-04-02 10:00:00,6947.7925,7868.0835,10251.419,7395.42,8757.543
2010-04-02 11:00:00,6947.9507,7868.153,10251.419,7395.42,8757.543
2010-04-02 12:00:00,6947.9756,7868.153,10251.419,7395.42,8757.5625
2010-04-02 13:00:00,6947.9756,7868.153,10251.419,7395.42,8757.574
2010-04-02 14:00:00,6948.016,7868.153,10251.419,7395.42,8757.574
2010-04-02 15:00:00,6948.1274,7868.465,10251.419,7395.6343,8757.574
2010-04-02 16:00:00,6948.5894,7868.465,10251.419,7395.869,8758.286
2010-04-02 17:00:00,6948.98,7868.465,10251.419,7396.1943,8758.286
2010-04-02 18:00:00,6949.0156,7868.465,10251.419,7396.2773,8758.286
2010-04-02 19:00:00,6949.3457,7868.465,10251.419,7396.4834,8758.286
2010-04-02 20:00:00,6949.447,7868.5312,10251.45,7396.4834,8758.286
2010-04-02 21:00:00,6949.447,7869.3496,10251.491,7396.4834,8758.286
2010-04-02 22:00:00,6949.447,7869.3745,10251.491,7396.4834,8758.286
2010-04-02 23:00:00,6949.447,7869.3745,10251.491,7396.4834,8758.286
2010-04-03 00:00:00,6949.447,7869.3745,10251.491,7396.4834,8758.286
2010-04-03 01:00:00,6949.4883,7869.3745,10251.491,7396.4834,8758.286
2010-04-03 02:00:00,6949.4883,7869.3745,10251.491,7396.4834,8758.286
2010-04-03 03:00:00,6949.4883,7869.3745,10251.491,7396.4834,8758.286
2010-04-03 04:00:00,6949.4883,7869.3745,10251.491,7396.4834,8758.286
2010-04-03 05:00:00,6949.4883,7869.3745,10251.491,7396.4834,8758.286
2010-04-03 06:00:00,6949.4883,7869.3745,10251.491,7396.4834,8758.286
2010-04-03 07:00:00,6949.4883,7869.3745,10251.491,7396.4834,8758.286
2010-04-03 08:00:00,6949.4883,7869.3745,10251.491,7396.4834,8758.286
2010-04-03 09:00:00,6949.4883,7869.3745,10251.491,7396.4834,8758.286
2010-04-03 10:00:00,6949.4883,7869.3745,10251.491,7396.647,8758.286
2010-04-03 11:00:00,6949.6025,7869.3745,10251.491,7396.7104,8758.286
2010-04-03 12:00:00,6949.6025,7869.3745,10251.491,7396.7104,8758.286
2010-04-03 13:00:00,6949.6025,7869.3745,10251.491,7396.7104,8758.286
2010-04-03 14:00:00,6949.6025,7869.3745,10251.491,7396.7104,8758.286
2010-04-03 15:00:00,6949.6025,7869.3745,10251.491,7396.7104,8758.286
2010-04-03 16:00:00,6949.6025,7869.3745,10251.491,7396.7104,8758.286
2010-04-03 17:00:00,6949.6025,7869.3745,10251.491,7396.7104,8758.286
2010-04-03 18:00:00,6949.6025,7869.3745,10251.491,7396.7104,8758.286
2010-04-03 19:00:00,6949.6025,7869.3745,10251.491,7396.7104,8758.286
2010-04-03 20:00:00,6949.6025,7869.3745,10251.491,7396.7104,8758.286
2010-04-03 21:00:00,6949.6025,7869.3745,10251.491,7396.7104,8758.286
2010-04-03 22:00:00,6949.6025,7869.3745,10251.491,7396.7104,8758.286
2010-04-03 23:00:00,6949.6025,7869.3745,10251.491,7396.7104,8758.286
2010-04-04 00:00:00,6949.6025,7869.3745,10251.491,7396.7104,8758.286
2010-04-04 01:00:00,6949.6025,7869.3745,10251.491,7396.7104,8758.286
2010-04-04 02:00:00,6949.6025,7869.3745,10251.491,7396.7104,8758.286
2010-04-04 03:00:00,6949.6025,7869.3745,10251.491,7396.7104,8758.286
2010-04-04 04:00:00,6949.6025,7869.3745,10251.491,7396.7104,8758.286
2010-04-04 05:00:00,6949.6025,7869.3745,10251.491,7396.7104,8758.286
2010-04-04 06:00:00,6949.6025,7869.3745,10251.491,7396.7104,8758.286
2010-04-04 07:00:00,6949.6025,7869.3745,10251.491,7396.7104,8758.286
2010-04-04 08:00:00,6949.6025,7869.3745,10251.491,7396.7104,8758.286
2010-04-04 09:00:00,6949.6025,7869.3745,10251.491,7396.7104,8758.286
2010-04-04 10:00:00,6949.6025,7869.3745,10251.491,7396.7104,8758.286
2010-04-04 11:00:00,6949.6025,7869.3745,10251.491,7396.7104,8758.286
2010-04-04 12:00:00,6949.6025,7869.3745,10251.491,7396.7104,8758.286
2010-04-04 13:00:00,6949.6025,7869.3745,10251.491,7396.7104,8758.286
2010-04-04 14:00:00,6949.6025,7869.3745,10251.491,7396.7104,8758.286
2010-04-04 15:00:00,6949.6025,7869.3745,10251.491,7396.7104,8758.286
2010-04-04 16:00:00,6949.6025,7869.3745,10251.491,7396.7104,8758.286
2010-04-04 17:00:00,6949.6924,7869.3745,10251.491,7396.7104,8758.286
2010-04-04 18:00:00,6949.6924,7869.3745,10251.491,7396.7104,8758.286
2010-04-04 19:00:00,6949.6924,7869.3745,10251.491,7396.7104,8758.286
2010-04-04 20:00:00,6949.6924,7869.3745,10251.491,7396.7104,8758.286
2010-04-04 21:00:00,6949.6924,7869.3745,10251.491,7396.7104,8758.286
2010-04-04 22:00:00,6949.6924,7869.3745,10251.491,7396.7104,8758.286
2010-04-04 23:00:00,6949.6924,7869.3745,10251.491,7396.7104,8758.286
2010-04-05 00:00:00,6949.6924,7869.3745,10251.491,7396.7104,8758.286
2010-04-05 01:00:00,6949.6924,7869.3745,10251.491,7396.7104,8758.286
2010-04-05 02:00:00,6949.6924,7869.3745,10251.491,7396.7104,8758.286
2010-04-05 03:00:00,6949.6924,7869.3745,10251.491,7396.7104,8758.286
2010-04-05 04:00:00,6949.6924,7869.3745,10251.491,7396.7104,8758.286
2010-04-05 05:00:00,6949.6924,7869.3745,10251.491,7396.7104,8758.286
2010-04-05 06:00:00,6949.6924,7869.3745,10251.491,7396.7104,8758.286
2010-04-05 07:00:00,6949.6924,7869.3745,10251.491,7396.7104,8758.286
2010-04-05 08:00:00,6949.6924,7869.3745,10251.491,7396.7104,8758.286
2010-04-05 09:00:00,6949.6924,7869.3745,10251.491,7396.7104,8758.286
2010-04-05 10:00:00,6949.6924,7869.3745,10251.491,7396.7104,8758.286
2010-04-05 11:00:00,6949.6924,7869.3745,10251.491,7396.7104,8758.286
2010-04-05 12:00:00,6949.6924,7869.3745,10251.491,7396.7104,8758.286
2010-04-05 13:00:00,6949.6924,7869.3745,10251.491,7396.7104,8758.286
2010-04-05 14:00:00,6949.6924,7869.3745,10251.491,7396.7104,8758.286
2010-04-05 15:00:00,6949.6924,7869.3745,10251.491,7396.7104,8758.286
2010-04-05 16:00:00,6949.6924,7869.3745,10251.491,7396.7104,8758.286
2010-04-05 17:00:00,6949.6924,7869.3745,10251.491,7396.7104,8758.286
2010-04-05 18:00:00,6949.6924,7869.3745,10251.491,7396.7104,8758.286
2010-04-05 19:00:00,6949.6924,7869.3745,10251.491,7396.7104,8758.286
2010-04-05 20:00:00,6949.6924,7869.3745,10251.491,7396.7104,8758.286
2010-04-05 21:00:00,6949.6924,7869.3745,10251.491,7396.7104,8758.286
2010-04-05 22:00:00,6949.6924,7869.3745,10251.491,7396.7104,8758.286
2010-04-05 23:00:00,6949.6924,7869.3745,10251.491,7396.7104,8758.286
2010-04-06 00:00:00,6949.6924,7869.3745,10251.491,7396.7104,8758.286
2010-04-06 01:00:00,6949.6924,7869.3745,10251.491,7396.7104,8758.286
2010-04-06 02:00:00,6949.6924,7869.3745,10251.491,7396.7104,8758.286
2010-04-06 03:00:00,6949.6924,7869.3745,10251.491,7396.7104,8758.286
2010-04-06 04:00:00,6949.6924,7869.3745,10251.491,7396.7104,8758.286
2010-04-06 05:00:00,6949.6924,7869.3745,10251.491,7396.7104,8758.286
2010-04-06 06:00:00,6949.6924,7869.3745,10251.491,7396.729,8758.286
2010-04-06 07:00:00,6949.6924,7869.3745,10251.491,7396.729,8758.286
2010-04-06 08:00:00,6949.6924,7869.3745,10251.491,7396.729,8758.286
2010-04-06 09:00:00,6949.6924,7869.3745,10251.491,7396.729,8758.286
2010-04-06 10:00:00,6949.6924,7869.3745,10251.491,7396.729,8758.286
2010-04-06 11:00:00,6949.6924,7869.3745,10251.491,7396.729,8758.286
2010-04-06 12:00:00,6949.6924,7869.3745,10251.491,7396.729,8758.286
2010-04-06 13:00:00,6949.6924,7869.3745,10251.491,7396.729,8758.286
2010-04-06 14:00:00,6949.6924,7869.3745,10251.491,7396.729,8758.286
2010-04-06 15:00:00,6949.6924,7869.3745,10251.491,7396.729,8758.286
2010-04-06 16:00:00,6949.6924,7869.3745,10251.491,7396.729,8758.286
2010-04-06 17:00:00,6949.6924,7869.3745,10251.491,7396.729,8758.286
2010-04-06 18:00:00,6949.6924,7869.3745,10251.491,7396.729,8758.286
2010-04-06 19:00:00,6949.6924,7869.3745,10251.491,7396.729,8758.286
2010-04-06 20:00:00,6949.6924,7869.3745,10251.491,7396.729,8758.286
2010-04-06 21:00:00,6949.6924,7869.3745,10251.491,7396.729,8758.286
2010-04-06 22:00:00,6949.6924,7869.3745,10251.491,7396.729,8758.286
2010-04-06 23:00:00,6949.6924,7869.3745,10251.491,7396.729,8758.286
2010-04-07 00:00:00,6949.6924,7869.3745,10251.491,7396.729,8758.286
2010-04-07 01:00:00,6949.6924,7869.3745,10251.491,7396.729,8758.286
2010-04-07 02:00:00,6949.6924,7869.3745,10251.491,7396.729,8758.286
2010-04-07 03:00:00,6949.6924,7869.3745,10251.491,7396.729,8758.286
2010-04-07 04:00:00,6949.6924,7869.3745,10251.491,7396.729,8758.286
2010-04-07 05:00:00,6949.6924,7869.3745,10251.491,7396.729,8758.286
2010-04-07 06:00:00,6949.6924,7869.3745,10251.491,7396.729,8758.286
2010-04-07 07:00:00,6949.6924,7869.3745,10251.491,7396.729,8758.286
2010-04-07 08:00:00,6949.6924,7869.3745,10251.491,7396.729,8758.286
2010-04-07 09:00:00,6949.6924,7869.3745,10251.491,7396.729,8758.286
2010-04-07 10:00:00,6949.6924,7869.3745,10251.491,7396.729,8758.286
2010-04-07 11:00:00,6949.6924,7869.3745,10251.491,7396.729,8758.286
2010-04-07 12:00:00,6949.6924,7869.3745,10251.491,7396.729,8758.286
2010-04-07 13:00:00,6949.6924,7869.3745,10251.491,7396.729,8758.286
2010-04-07 14:00:00,6949.6924,7869.3745,10251.491,7396.729,8758.772
2010-04-07 15:00:00,6949.6924,7869.4067,10251.726,7396.729,8760.216
2010-04-07 16:00:00,6949.6924,7869.8135,10252.641,7396.729,8760.784
2010-04-07 17:00:00,6949.6924,7869.8315,10253.7,7396.729,8761.674
2010-04-07 18:00:00,6949.6924,7869.841,10254.303,7396.729,8762.53
2010-04-07 19:00:00,6949.6924,7869.841,10255.7,7396.729,8763.193
2010-04-07 20:00:00,6949.6924,7869.841,10257.057,7396.729,8763.744
2010-04-07 21:00:00,6949.6924,7870.0415,10258.956,7396.729,8764.106
2010-04-07 22:00:00,6949.6924,7870.0415,10260.224,7396.729,8764.872
2010-04-07 23:00:00,6949.6924,7870.1235,10262.452,7396.729,8764.9795
2010-04-08 00:00:00,6954.888,7874.658,10264.554,7400.116,8766.899
2010-04-08 01:00:00,6954.888,7874.658,10264.554,7400.116,8766.899
2010-04-08 02:00:00,6954.888,7874.658,10264.554,7400.116,8766.899
2010-04-08 03:00:00,6954.888,7874.658,10264.554,7400.116,8766.899
2010-04-08 04:00:00,6954.888,7874.658,10264.554,7400.116,8766.899
2010-04-08 05:00:00,6954.888,7874.658,10264.554,7400.116,8766.899
2010-04-08 06:00:00,6954.888,7874.658,10264.554,7400.116,8766.899
2010-04-08 07:00:00,6954.888,7874.658,10264.554,7400.116,8766.899
2010-04-08 08:00:00,6954.888,7874.8364,10264.554,7400.116,8766.899
2010-04-08 09:00:00,6954.888,7875.159,10264.554,7400.116,8766.899
2010-04-08 10:00:00,6954.888,7875.3774,10264.554,7400.116,8766.899
2010-04-08 11:00:00,6955.103,7875.5054,10264.554,7400.116,8766.899
2010-04-08 12:00:00,6955.103,7876.0356,10264.602,7400.1587,8767.83
2010-04-08 13:00:00,6955.103,7876.1387,10264.602,7400.3022,8767.963
2010-04-08 14:00:00,6949.795,7870.416,10263.072,7396.729,8765.325
2010-04-08 15:00:00,6950.1597,7870.818,10263.072,7397.5244,8765.325
2010-04-08 16:00:00,6951.0,7871.6597,10263.371,7397.998,8765.589
2010-04-08 17:00:00,6952.6895,7872.0156,10263.805,7399.2217,8765.888
2010-04-08 18:00:00,6953.612,7872.458,10263.805,7399.5146,8766.223
2010-04-08 19:00:00,6953.821,7873.382,10264.307,7399.617,8766.809
2010-04-08 20:00:00,6954.3867,7874.3203,10264.554,7399.91,8766.899
2010-04-08 21:00:00,6954.859,7874.6133,10264.554,7400.116,8766.899
2010-04-08 22:00:00,6954.888,7874.658,10264.554,7400.116,8766.899
2010-04-08 23:00:00,6954.888,7874.658,10264.554,7400.116,8766.899
2010-04-09 00:00:00,6955.103,7876.489,10264.602,7400.3213,8768.206
2010-04-09 01:00:00,6955.174,7876.489,10264.656,7400.422,8769.278
2010-04-09 02:00:00,6955.467,7876.489,10264.746,7400.5137,8769.278
2010-04-09 03:00:00,6955.4834,7876.489,10264.936,7400.58,8769.278
2010-04-09 04:00:00,6955.4834,7876.489,10264.936,7400.58,8769.278
2010-04-09 05:00:00,6955.509,7876.489,10264.936,7400.909,8769.646
2010-04-09 06:00:00,6955.509,7876.721,10265.006,7400.909,8770.381
2010-04-09 07:00:00,6955.776,7876.9243,10265.377,7401.087,8770.498
2010-04-09 08:00:00,6955.8833,7877.354,10265.434,7401.1245,8770.498
2010-04-09 09:00:00,6955.8833,7877.427,10265.434,7401.1245,8770.498
2010-04-09 10:00:00,6955.8833,7877.427,10265.476,7401.1245,8770.498
2010-04-09 11:00:00,6955.8833,7877.427,10265.476,7401.1245,8770.607
2010-04-09 12:00:00,6955.8833,7877.427,10265.476,7401.197,8770.607
2010-04-09 13:00:00,6955.8833,7877.427,10265.476,7401.197,8770.718
2010-04-09 14:00:00,6955.8833,7877.427,10265.476,7401.197,8770.718
2010-04-09 15:00:00,6955.8833,7877.427,10265.476,7401.197,8770.718
2010-04-09 16:00:00,6955.8833,7877.427,10265.565,7401.197,8770.718
2010-04-09 17:00:00,6955.8833,7877.427,10265.565,7401.197,8770.718
2010-04-09 18:00:00,6955.8833,7877.427,10265.565,7401.197,8770.718
2010-04-09 19:00:00,6955.8833,7877.427,10265.565,7401.197,8770.718
2010-04-09 20:00:00,6955.8833,7877.427,10265.565,7401.197,8770.752
2010-04-09 21:00:00,6955.8833,7877.427,10265.565,7401.197,8771.217
2010-04-09 22:00:00,6955.8833,7877.427,10265.565,7401.197,8771.238
2010-04-09 23:00:00,6955.8833,7877.427,10265.565,7401.197,8771.238
2010-04-10 00:00:00,6955.8833,7877.427,10265.565,7401.197,8771.238
2010-04-10 01:00:00,6955.8833,7877.427,10265.862,7401.197,8771.238
2010-04-10 02:00:00,6955.8833,7877.427,10265.862,7401.197,8771.238
2010-04-10 03:00:00,6955.8833,7877.427,10265.862,7401.197,8771.238
2010-04-10 04:00:00,6955.8833,7877.427,10265.862,7401.197,8771.238
2010-04-10 05:00:00,6955.8833,7877.427,10265.862,7401.197,8771.238
2010-04-10 06:00:00,6955.8833,7877.427,10265.862,7401.197,8771.238
2010-04-10 07:00:00,6955.8833,7877.427,10265.862,7401.197,8771.238
2010-04-10 08:00:00,6955.8833,7877.427,10265.862,7401.197,8771.238
2010-04-10 09:00:00,6955.8833,7877.427,10265.862,7401.197,8771.238
2010-04-10 10:00:00,6955.8833,7877.427,10265.862,7401.197,8771.238
2010-04-10 11:00:00,6955.8833,7877.427,10265.862,7401.197,8771.238
2010-04-10 12:00:00,6955.8833,7877.427,10265.862,7401.197,8771.238
2010-04-10 13:00:00,6955.8833,7877.427,10265.862,7401.197,8771.238
2010-04-10 14:00:00,6955.8833,7877.427,10265.862,7401.197,8771.238
2010-04-10 15:00:00,6955.8833,7877.427,10265.862,7401.197,8771.238
2010-04-10 16:00:00,6955.8833,7877.427,10265.862,7401.197,8771.238
2010-04-10 17:00:00,6955.8833,7877.427,10265.862,7401.197,8771.238
2010-04-10 18:00:00,6955.8833,7877.427,10265.862,7401.197,8771.238
2010-04-10 19:00:00,6955.8833,7877.427,10265.862,7401.197,8771.238
2010-04-10 20:00:00,6955.8833,7877.427,10265.862,7401.197,8771.238
2010-04-10 21:00:00,6955.8833,7877.427,10265.862,7401.197,8771.238
2010-04-10 22:00:00,6955.8833,7877.427,10265.862,7401.197,8771.238
2010-04-10 23:00:00,6955.8833,7877.427,10265.862,7401.197,8771.238
2010-04-11 00:00:00,6955.8833,7877.427,10265.862,7401.197,8771.238
2010-04-11 01:00:00,6955.8833,7877.427,10265.862,7401.197,8771.238
2010-04-11 02:00:00,6955.8833,7877.427,10265.862,7401.197,8771.238
2010-04-11 03:00:00,6955.8833,7877.427,10265.862,7401.197,8771.238
2010-04-11 04:00:00,6955.8833,7877.427,10265.862,7401.197,8771.238
2010-04-11 05:00:00,6955.8833,7877.427,10265.862,7401.197,8771.238
2010-04-11 06:00:00,6955.8833,7877.427,10265.862,7401.197,8771.238
2010-04-11 07:00:00,6955.8833,7877.427,10265.862,7401.197,8771.238
2010-04-11 08:00:00,6955.8833,7877.427,10265.862,7401.197,8771.238
2010-04-11 09:00:00,6955.8833,7877.427,10265.862,7401.197,8771.238
2010-04-11 10:00:00,6955.8833,7877.427,10265.862,7401.197,8771.238
2010-04-11 11:00:00,6955.8833,7877.427,10265.862,7401.197,8771.238
2010-04-11 12:00:00,6955.8833,7877.427,10265.862,7401.197,8771.238
2010-04-11 13:00:00,6955.8833,7877.427,10265.862,7401.197,8771.238
2010-04-11 14:00:00,6955.8833,7877.427,10265.862,7401.197,8771.238
2010-04-11 15:00:00,6955.8833,7877.427,10265.862,7401.197,8771.238
2010-04-11 16:00:00,6955.8833,7877.427,10265.862,7401.197,8771.238
2010-04-11 17:00:00,6955.8833,7877.427,10265.862,7401.197,8771.238
2010-04-11 18:00:00,6955.8833,7877.427,10265.862,7401.197,8771.238
2010-04-11 19:00:00,6955.8833,7877.427,10265.862,7401.197,8771.238
2010-04-11 20:00:00,6955.8833,7877.427,10265.862,7401.197,8771.238
2010-04-11 21:00:00,6955.8833,7877.427,10265.862,7401.197,8771.238
2010-04-11 22:00:00,6955.8833,7877.427,10265.862,7401.197,8771.238
2010-04-11 23:00:00,6955.8833,7877.427,10265.862,7401.197,8771.238
2010-04-12 00:00:00,6955.8833,7877.427,10265.862,7401.197,8771.238
2010-04-12 01:00:00,6955.8833,7877.427,10265.862,7401.197,8771.238
2010-04-12 02:00:00,6955.8833,7877.427,10265.862,7401.197,8771.238
2010-04-12 03:00:00,6955.8833,7877.427,10265.862,7401.197,8771.238
2010-04-12 04:00:00,6955.8833,7877.427,10265.862,7401.197,8771.238
2010-04-12 05:00:00,6955.8833,7877.427,10265.862,7401.197,8771.238
2010-04-12 06:00:00,6955.8833,7877.427,10265.862,7401.197,8771.238
2010-04-12 07:00:00,6955.8833,7877.427,10265.862,7401.197,8771.238
2010-04-12 08:00:00,6955.8833,7877.427,10265.862,7401.197,8771.238
2010-04-12 09:00:00,6955.8833,7877.427,10265.862,7401.197,8771.238
2010-04-12 10:00:00,6955.8833,7877.427,10265.862,7401.197,8771.238
2010-04-12 11:00:00,6955.8833,7877.427,10265.862,7401.197,8771.238
2010-04-12 12:00:00,6955.8833,7877.427,10265.862,7401.197,8771.238
2010-04-12 13:00:00,6955.8833,7877.427,10265.862,7401.197,8771.238
2010-04-12 14:00:00,6955.8833,7877.427,10265.862,7401.197,8771.238
2010-04-12 15:00:00,6955.8833,7877.427,10265.862,7401.197,8771.238
2010-04-12 16:00:00,6955.8833,7877.427,10265.862,7401.197,8771.238
2010-04-12 17:00:00,6955.8833,7877.427,10265.862,7401.197,8771.238
2010-04-12 18:00:00,6955.8833,7877.427,10265.862,7401.197,8771.337
2010-04-12 19:00:00,6955.8833,7877.427,10265.862,7401.197,8771.337
2010-04-12 20:00:00,6955.8833,7877.427,10265.862,7401.197,8771.337
2010-04-12 21:00:00,6955.8833,7877.427,10265.862,7401.197,8771.337
2010-04-12 22:00:00,6955.8833,7877.427,10265.988,7401.197,8771.337
2010-04-12 23:00:00,6955.8833,7877.427,10265.988,7401.197,8771.337
2010-04-13 00:00:00,6955.8833,7877.427,10265.988,7401.197,8771.337
2010-04-13 01:00:00,6955.8833,7877.427,10265.988,7401.197,8771.337
2010-04-13 02:00:00,6955.8833,7877.427,10265.988,7401.197,8771.337
2010-04-13 03:00:00,6955.8833,7877.427,10265.988,7401.197,8771.337
2010-04-13 04:00:00,6955.8833,7877.427,10265.988,7401.197,8771.337
2010-04-13 05:00:00,6955.8833,7877.427,10265.988,7401.197,8771.337
2010-04-13 06:00:00,6955.8833,7877.427,10265.988,7401.197,8771.337
2010-04-13 07:00:00,6955.8833,7877.427,10265.988,7401.197,8771.337
2010-04-13 08:00:00,6955.8833,7877.427,10265.988,7401.197,8771.337
2010-04-13 09:00:00,6955.8833,7877.427,10265.988,7401.197,8771.337
2010-04-13 10:00:00,6955.8833,7877.427,10265.988,7401.197,8771.337
2010-04-13 11:00:00,6955.8833,7877.427,10265.988,7401.197,8771.337
2010-04-13 12:00:00,6955.8833,7877.427,10265.988,7401.197,8771.337
2010-04-13 13:00:00,6955.8833,7877.427,10265.988,7401.197,8771.337
2010-04-13 14:00:00,6955.8833,7877.427,10265.988,7401.197,8771.337
2010-04-13 15:00:00,6955.8833,7877.427,10265.988,7401.197,8771.337
2010-04-13 16:00:00,6955.8833,7877.427,10265.988,7401.197,8771.337
2010-04-13 17:00:00,6955.8833,7877.427,10265.988,7401.197,8771.337
2010-04-13 18:00:00,6955.8833,7877.427,10265.988,7401.197,8771.337
2010-04-13 19:00:00,6955.8833,7877.427,10265.988,7401.197,8771.337
2010-04-13 20:00:00,6955.8833,7877.427,10265.988,7401.197,8771.337
2010-04-13 21:00:00,6955.8833,7877.427,10265.988,7401.197,8771.337
2010-04-13 22:00:00,6955.8833,7877.427,10265.988,7401.197,8771.337
2010-04-13 23:00:00,6955.8833,7877.427,10265.988,7401.197,8771.337
2010-04-14 00:00:00,6955.8833,7877.427,10265.988,7401.197,8771.337
2010-04-14 01:00:00,6955.8833,7877.427,10265.988,7401.197,8771.337
2010-04-14 02:00:00,6955.8833,7877.427,10265.988,7401.197,8771.337
2010-04-14 03:00:00,6955.8833,7877.427,10265.988,7401.197,8771.337
2010-04-14 04:00:00,6955.8833,7877.427,10265.988,7401.197,8771.337
2010-04-14 05:00:00,6955.8833,7877.427,10265.988,7401.197,8771.337
2010-04-14 06:00:00,6955.8833,7877.427,10265.988,7401.197,8771.337
2010-04-14 07:00:00,6955.8833,7877.427,10265.988,7401.197,8771.337
2010-04-14 08:00:00,6955.8833,7877.427,10265.988,7401.197,8771.337
2010-04-14 09:00:00,6955.8833,7877.427,10265.988,7401.197,8771.337
2010-04-14 10:00:00,6955.8833,7877.427,10265.988,7401.197,8771.337
2010-04-14 11:00:00,6955.8833,7877.427,10265.988,7401.197,8771.337
2010-04-14 12:00:00,6955.8833,7877.427,10265.988,7401.197,8771.337
2010-04-14 13:00:00,6955.8833,7877.427,10265.988,7401.197,8771.337
2010-04-14 14:00:00,6955.8833,7877.427,10265.988,7401.197,8771.337
2010-04-14 15:00:00,6955.8833,7877.427,10265.988,7401.197,8771.337
2010-04-14 16:00:00,6955.8833,7877.427,10265.988,7401.197,8771.337
2010-04-14 17:00:00,6955.8833,7877.427,10265.988,7401.197,8771.337
2010-04-14 18:00:00,6955.8833,7877.427,10265.988,7401.197,8771.337
2010-04-14 19:00:00,6955.8833,7877.427,10265.988,7401.197,8771.337
2010-04-14 20:00:00,6955.8833,7877.427,10265.988,7401.197,8771.337
2010-04-14 21:00:00,6955.8833,7877.427,10265.988,7401.197,8771.337
2010-04-14 22:00:00,6955.8833,7877.427,10265.988,7401.197,8771.337
2010-04-14 23:00:00,6955.8833,7877.427,10265.988,7401.197,8771.337
2010-04-15 00:00:00,6956.357,7878.3457,10266.539,7401.197,8772.238
2010-04-15 01:00:00,6956.357,7878.3457,10266.738,7401.197,8772.901
2010-04-15 02:00:00,6956.4253,7878.4863,10266.975,7401.2075,8773.231
2010-04-15 03:00:00,6956.4253,7878.4863,10266.975,7401.3584,8773.334
2010-04-15 04:00:00,6956.4253,7878.573,10266.975,7401.3887,8773.742
2010-04-15 05:00:00,6956.4336,7879.217,10266.975,7401.5615,8773.85
2010-04-15 06:00:00,6956.4336,7879.6807,10267.012,7401.5645,8773.856
2010-04-15 07:00:00,6956.639,7880.515,10268.415,7401.7407,8774.529
2010-04-15 08:00:00,6956.647,7880.549,10268.415,7401.7407,8774.57
2010-04-15 09:00:00,6956.6646,7882.234,10269.92,7402.0205,8778.2
2010-04-15 10:00:00,6957.693,7882.4883,10272.7,7403.3066,8779.985
2010-04-15 11:00:00,6958.867,7883.344,10273.04,7405.682,8780.123
2010-04-15 12:00:00,6959.288,7883.3877,10273.168,7405.7847,8780.123
2010-04-15 13:00:00,6959.962,7883.3877,10273.168,7405.7847,8780.123
2010-04-15 14:00:00,6959.962,7883.777,10273.254,7405.7847,8781.607
2010-04-15 15:00:00,6961.0137,7885.2285,10276.058,7406.7227,8782.589
2010-04-15 16:00:00,6961.5146,7885.9297,10276.389,7406.824,8782.692
2010-04-15 17:00:00,6955.8833,7877.427,10265.988,7401.197,8771.337
2010-04-15 18:00:00,6955.8833,7877.427,10265.988,7401.197,8771.337
2010-04-15 19:00:00,6955.8833,7877.532,10265.988,7401.197,8771.337
2010-04-15 20:00:00,6955.8833,7877.923,10265.988,7401.197,8771.337
2010-04-15 21:00:00,6955.8833,7877.9736,10265.988,7401.197,8771.482
2010-04-15 22:00:00,6956.117,7878.1865,10266.392,7401.197,8772.238
2010-04-15 23:00:00,6956.357,7878.285,10266.392,7401.197,8772.238
2010-04-16 00:00:00,6962.2266,7886.8193,10276.796,7407.123,8784.464
2010-04-16 01:00:00,6963.2866,7886.8296,10277.3125,7407.4146,8785.261
2010-04-16 02:00:00,6966.1177,7887.1177,10279.606,7407.607,8786.173
2010-04-16 03:00:00,6967.2515,7887.214,10281.854,7409.716,8786.359
2010-04-16 04:00:00,6968.9185,7887.7363,10282.797,7410.7563,8787.515
2010-04-16 05:00:00,6969.4707,7887.7363,10283.398,7410.9736,8787.515
2010-04-16 06:00:00,6971.119,7887.769,10284.528,7411.352,8788.073
2010-04-16 07:00:00,6972.918,7888.185,10285.85,7411.352,8788.194
2010-04-16 08:00:00,6973.8745,7888.185,10288.548,7411.3794,8788.395
2010-04-16 09:00:00,6974.112,7888.185,10288.793,7411.419,8788.395
2010-04-16 10:00:00,6974.1455,7888.185,10288.88,7411.4478,8788.395
2010-04-16 11:00:00,6974.193,7888.185,10288.922,7411.4478,8788.395
2010-04-16 12:00:00,6974.2676,7888.185,10288.922,7411.4478,8788.395
2010-04-16 13:00:00,6974.3457,7888.185,10288.922,7411.4478,8788.399
2010-04-16 14:00:00,6974.3457,7888.185,10289.336,7411.4478,8788.638
2010-04-16 15:00:00,6974.349,7888.6836,10289.464,7411.4478,8789.3
2010-04-16 16:00:00,6974.8,7889.974,10290.268,7411.9536,8790.171
2010-04-16 17:00:00,6975.692,7891.7583,10291.045,7413.1733,8791.836
2010-04-16 18:00:00,6976.751,7894.4336,10291.45,7414.0083,8792.544
2010-04-16 19:00:00,6977.638,7897.5874,10292.621,7414.592,8794.452
2010-04-16 20:00:00,6978.551,7899.8877,10294.437,7415.4995,8797.377
2010-04-16 21:00:00,6979.458,7901.679,10296.197,7416.8364,8798.978
2010-04-16 22:00:00,6980.208,7902.728,10297.831,7417.2993,8800.25
2010-04-16 23:00:00,6980.6714,7904.2773,10298.46,7417.488,8801.709
2010-04-17 00:00:00,6981.6616,7906.228,10300.523,7418.2524,8806.722
2010-04-17 01:00:00,6983.1953,7909.0317,10302.57,7419.069,8809.368
2010-04-17 02:00:00,6984.47,7910.836,10304.1,7419.6504,8810.141
2010-04-17 03:00:00,6984.7505,7912.006,10304.848,7420.1953,8811.569
2010-04-17 04:00:00,6984.77,7913.076,10304.848,7420.6,8812.914
2010-04-17 05:00:00,6984.7856,7913.7236,10304.913,7420.724,8813.117
2010-04-17 06:00:00,6984.964,7914.4126,10304.913,7420.8306,8813.189
2010-04-17 07:00:00,6984.9863,7915.0273,10304.941,7420.8306,8813.189
2010-04-17 08:00:00,6985.002,7915.155,10305.449,7420.8696,8814.655
2010-04-17 09:00:00,6987.9624,7915.2617,10308.136,7420.8716,8815.765
2010-04-17 10:00:00,6988.3438,7915.324,10308.281,7420.951,8816.062
2010-04-17 11:00:00,6988.3438,7916.5435,10308.281,7421.2,8817.362
2010-04-17 12:00:00,6988.346,7916.8296,10308.281,7422.4053,8817.445
2010-04-17 13:00:00,6988.346,7917.26,10308.281,7422.998,8817.445
2010-04-17 14:00:00,6988.3765,7917.3584,10308.281,7422.998,8817.445
2010-04-17 15:00:00,6988.811,7918.477,10308.35,7422.998,8817.445
2010-04-17 16:00:00,6990.9893,7918.581,10310.373,7423.01,8818.501
2010-04-17 17:00:00,6991.231,7920.0264,10312.502,7423.9424,8820.308
2010-04-17 18:00:00,6992.5166,7921.6763,10314.719,7424.097,8820.308
2010-04-17 19:00:00,6993.9253,7921.8193,10317.752,7424.1216,8820.705
2010-04-17 20:00:00,6995.494,7921.956,10319.975,7424.4546,8820.705
2010-04-17 21:00:00,6995.503,7922.6265,10321.434,7424.6978,8821.022
2010-04-17 22:00:00,6995.8765,7922.6265,10321.608,7424.728,8821.426
2010-04-17 23:00:00,6995.8765,7922.705,10321.608,7424.728,8822.038
2010-04-18 00:00:00,6996.7856,7926.5537,10326.747,7426.646,8832.391
2010-04-18 01:00:00,6996.7856,7926.5806,10326.791,7426.6753,8832.911
2010-04-18 02:00:00,6996.891,7926.5806,10326.791,7426.751,8832.976
2010-04-18 03:00:00,6996.897,7926.5806,10326.791,7426.751,8833.302
2010-04-18 04:00:00,6996.897,7926.5806,10326.791,7426.751,8833.302
2010-04-18 05:00:00,6996.897,7926.5806,10326.791,7426.751,8833.302
2010-04-18 06:00:00,6996.897,7926.5806,10326.791,7426.751,8833.302
2010-04-18 07:00:00,6996.0005,7923.1636,10321.823,7424.845,8823.033
2010-04-18 08:00:00,6996.0386,7923.2563,10321.823,7425.0293,8823.984
2010-04-18 09:00:00,6996.0386,7923.708,10321.823,7425.3804,8826.264
2010-04-18 10:00:00,6996.331,7924.122,10322.188,7425.5,8826.264
2010-04-18 11:00:00,6996.5454,7924.6147,10322.188,7425.5,8826.264
2010-04-18 12:00:00,6996.5454,7924.7466,10322.188,7425.5,8826.709
2010-04-18 13:00:00,6996.578,7925.1724,10322.228,7425.5,8826.994
2010-04-18 14:00:00,6996.578,7925.2217,10322.228,7425.5,8826.994
2010-04-18 15:00:00,6996.578,7925.2217,10322.228,7425.5,8827.476
2010-04-18 16:00:00,6996.578,7925.2217,10322.228,7425.5,8827.95
2010-04-18 17:00:00,6996.618,7925.7856,10322.665,7425.539,8828.48
2010-04-18 18:00:00,6996.622,7925.792,10322.874,7425.539,8828.643
2010-04-18 19:00:00,6996.622,7925.9253,10323.86,7425.968,8830.448
2010-04-18 20:00:00,6996.7686,7926.004,10323.86,7426.215,8831.156
2010-04-18 21:00:00,6996.7686,7926.0674,10324.732,7426.215,8831.156
2010-04-18 22:00:00,6996.7686,7926.0674,10324.892,7426.25,8831.212
2010-04-18 23:00:00,6996.7686,7926.1436,10326.747,7426.3735,8832.337
2010-04-19 00:00:00,6996.897,7926.5806,10326.791,7426.751,8833.302
2010-04-19 01:00:00,6996.897,7926.5806,10326.791,7426.751,8833.302
2010-04-19 02:00:00,6996.897,7926.5806,10326.791,7426.751,8833.302
2010-04-19 03:00:00,6996.897,7926.5806,10326.791,7426.751,8833.302
2010-04-19 04:00:00,6996.897,7926.5806,10326.791,7426.751,8833.302
2010-04-19 05:00:00,6996.897,7926.5806,10326.791,7426.751,8833.302
2010-04-19 06:00:00,6996.897,7926.5806,10326.791,7426.751,8833.302
2010-04-19 07:00:00,6996.897,7926.5806,10326.791,7426.751,8833.595
2010-04-19 08:00:00,6996.897,7926.5806,10326.791,7426.751,8833.595
2010-04-19 09:00:00,6996.897,7926.5806,10326.791,7426.751,8833.595
2010-04-19 10:00:00,6996.897,7926.5806,10326.791,7426.751,8833.595
2010-04-19 11:00:00,6996.897,7926.5806,10326.791,7426.751,8833.93
2010-04-19 12:00:00,6996.897,7926.6235,10326.791,7426.751,8836.115
2010-04-19 13:00:00,6996.897,7926.6235,10327.668,7426.751,8836.537
2010-04-19 14:00:00,6997.04,7926.6235,10328.264,7426.834,8836.537
2010-04-19 15:00:00,6997.095,7926.6235,10328.537,7426.834,8836.81
2010-04-19 16:00:00,6997.1143,7926.659,10328.589,7426.834,8836.822
2010-04-19 17:00:00,6997.1143,7926.659,10328.589,7426.834,8836.822
2010-04-19 18:00:00,6997.1143,7926.659,10328.589,7426.834,8836.822
2010-04-19 19:00:00,6997.1143,7926.77,10328.589,7426.834,8836.822
2010-04-19 20:00:00,6997.1143,7927.1763,10328.589,7426.834,8836.822
2010-04-19 21:00:00,6997.1143,7927.5547,10328.589,7426.834,8836.822
2010-04-19 22:00:00,6997.161,7927.5547,10328.589,7426.834,8836.822
2010-04-19 23:00:00,6997.161,7927.5547,10328.589,7426.834,8836.822
2010-04-20 00:00:00,6997.161,7927.5547,10328.589,7426.834,8836.822
2010-04-20 01:00:00,6997.161,7927.5547,10328.589,7426.834,8836.822
2010-04-20 02:00:00,6997.161,7927.5547,10328.589,7426.834,8836.822
2010-04-20 03:00:00,6997.161,7927.5547,10328.589,7426.834,8836.822
2010-04-20 04:00:00,6997.161,7927.5547,10328.589,7426.834,8836.822
2010-04-20 05:00:00,6997.161,7927.5547,10328.589,7426.834,8836.822
2010-04-20 06:00:00,6997.161,7927.5547,10328.589,7426.834,8836.822
2010-04-20 07:00:00,6997.161,7927.5547,10328.589,7426.834,8836.822
2010-04-20 08:00:00,6997.161,7927.5547,10328.589,7426.834,8836.822
2010-04-20 09:00:00,6997.161,7927.5547,10328.589,7426.834,8836.822
2010-04-20 10:00:00,6997.161,7927.5547,10328.589,7426.834,8836.822
2010-04-20 11:00:00,6997.161,7927.5547,10328.589,7426.834,8836.822
2010-04-20 12:00:00,6997.161,7927.5547,10328.589,7426.834,8836.822
2010-04-20 13:00:00,6997.161,7927.5547,10328.589,7426.834,8836.822
2010-04-20 14:00:00,6997.161,7927.5547,10328.589,7426.834,8836.822
2010-04-20 15:00:00,6997.161,7927.5547,10328.589,7426.834,8836.822
2010-04-20 16:00:00,6997.161,7927.5547,10328.589,7426.834,8836.822
2010-04-20 17:00:00,6997.161,7927.5547,10328.589,7426.919,8836.822
2010-04-20 18:00:00,6997.161,7927.5547,10328.589,7427.1626,8836.822
2010-04-20 19:00:00,6997.161,7927.5547,10328.589,7427.1626,8836.822
2010-04-20 20:00:00,6997.161,7927.5547,10328.589,7427.1626,8836.822
2010-04-20 21:00:00,6997.161,7927.5547,10328.589,7427.1626,8836.822
2010-04-20 22:00:00,6997.161,7927.5547,10328.589,7427.1626,8836.822
2010-04-20 23:00:00,6997.161,7927.5547,10328.589,7427.1626,8836.822
2010-04-21 00:00:00,6997.161,7927.5547,10328.589,7427.1626,8836.822
2010-04-21 01:00:00,6997.161,7927.5547,10328.589,7427.1626,8836.822
2010-04-21 02:00:00,6997.161,7927.5547,10328.589,7427.1626,8836.822
2010-04-21 03:00:00,6997.161,7927.5547,10328.589,7427.1626,8836.822
2010-04-21 04:00:00,6997.161,7927.5547,10328.589,7427.1626,8836.822
2010-04-21 05:00:00,6997.161,7927.5547,10328.589,7427.1626,8836.822
2010-04-21 06:00:00,6997.161,7927.5547,10328.589,7427.1626,8836.822
2010-04-21 07:00:00,6997.161,7927.5547,10328.589,7427.1626,8836.822
2010-04-21 08:00:00,6997.161,7927.5547,10328.589,7427.1626,8836.822
2010-04-21 09:00:00,6997.161,7927.5547,10328.589,7427.1626,8836.822
2010-04-21 10:00:00,6997.161,7927.5547,10328.589,7427.1626,8836.822
2010-04-21 11:00:00,6997.161,7927.5547,10328.589,7427.1626,8836.822
2010-04-21 12:00:00,6997.161,7927.5547,10328.589,7427.1626,8836.822
2010-04-21 13:00:00,6997.161,7927.5547,10328.589,7427.1626,8836.822
2010-04-21 14:00:00,6997.161,7927.5547,10328.589,7427.1626,8836.822
2010-04-21 15:00:00,6997.161,7927.5547,10328.589,7427.1626,8836.822
2010-04-21 16:00:00,6997.161,7927.5547,10328.589,7427.1626,8836.822
2010-04-21 17:00:00,6997.161,7927.5547,10328.589,7427.1626,8836.822
2010-04-21 18:00:00,6997.161,7927.5547,10329.271,7427.1626,8836.822
2010-04-21 19:00:00,6997.161,7927.5547,10329.75,7427.1626,8836.822
2010-04-21 20:00:00,6997.161,7927.5547,10330.248,7427.1626,8836.822
2010-04-21 21:00:00,6997.161,7927.5547,10330.803,7427.1626,8836.822
2010-04-21 22:00:00,6997.161,7927.5547,10332.067,7427.1626,8836.999
2010-04-21 23:00:00,6997.418,7927.5547,10332.213,7427.1626,8837.496
2010-04-22 00:00:00,6997.787,7927.5547,10332.712,7427.1626,8838.015
2010-04-22 01:00:00,6997.787,7927.5547,10332.712,7427.1626,8838.015
2010-04-22 02:00:00,6997.787,7927.5547,10332.712,7427.1626,8838.015
2010-04-22 03:00:00,6997.787,7927.5547,10332.712,7427.1626,8838.015
2010-04-22 04:00:00,6997.787,7927.5547,10332.712,7427.1626,8838.015
2010-04-22 05:00:00,6997.787,7927.5547,10332.712,7427.1626,8838.015
2010-04-22 06:00:00,6997.787,7927.5547,10332.712,7427.1626,8838.015
2010-04-22 07:00:00,6997.787,7927.5547,10332.712,7427.1626,8838.015
2010-04-22 08:00:00,6997.787,7927.5547,10332.712,7427.1626,8838.015
2010-04-22 09:00:00,6997.787,7927.5547,10332.712,7427.1626,8838.015
2010-04-22 10:00:00,6997.787,7927.5547,10332.712,7427.1626,8838.015
2010-04-22 11:00:00,6997.787,7927.5547,10332.712,7427.1626,8838.015
2010-04-22 12:00:00,6997.787,7927.5547,10332.712,7427.1626,8838.015
2010-04-22 13:00:00,6997.932,7927.5547,10332.712,7427.1626,8838.015
2010-04-22 14:00:00,6998.089,7927.5547,10332.712,7427.1626,8838.015
2010-04-22 15:00:00,6998.089,7927.5547,10332.712,7427.1626,8838.015
2010-04-22 16:00:00,6998.089,7927.5547,10332.712,7427.1626,8838.015
2010-04-22 17:00:00,6998.089,7927.626,10332.712,7427.1626,8838.015
2010-04-22 18:00:00,6998.089,7927.867,10332.712,7427.3296,8838.015
2010-04-22 19:00:00,6998.089,7928.038,10332.712,7428.178,8838.131
2010-04-22 20:00:00,6997.787,7927.5547,10332.213,7427.1626,8838.015
2010-04-22 21:00:00,6997.787,7927.5547,10332.712,7427.1626,8838.015
2010-04-22 22:00:00,6997.787,7927.5547,10332.712,7427.1626,8838.015
2010-04-22 23:00:00,6997.787,7927.5547,10332.712,7427.1626,8838.015
2010-04-23 00:00:00,6998.4526,7928.392,10332.712,7428.6763,8838.235
2010-04-23 01:00:00,6998.853,7928.392,10332.712,7429.063,8838.42
2010-04-23 02:00:00,6999.132,7928.4937,10332.712,7429.2637,8838.642
2010-04-23 03:00:00,6999.132,7928.4937,10332.712,7429.3423,8839.002
2010-04-23 04:00:00,6999.2583,7929.1035,10332.712,7429.747,8839.387
2010-04-23 05:00:00,6999.6035,7929.75,10333.268,7430.314,8840.612
2010-04-23 06:00:00,7000.3687,7931.194,10333.724,7431.1035,8841.325
2010-04-23 07:00:00,7000.8325,7931.803,10333.724,7431.3276,8842.973
2010-04-23 08:00:00,7000.8926,7936.1553,10334.3955,7433.579,8843.957
2010-04-23 09:00:00,7002.95,7937.0264,10336.184,7437.0967,8844.826
2010-04-23 10:00:00,7005.79,7938.0137,10336.896,7438.8477,8847.621
2010-04-23 11:00:00,7006.3955,7938.198,10337.701,7439.579,8847.762
2010-04-23 12:00:00,7006.4956,7938.6636,10337.701,7439.6406,8848.536
2010-04-23 13:00:00,7006.4956,7939.9087,10337.701,7439.652,8850.844
2010-04-23 14:00:00,7006.5137,7939.9087,10337.802,7439.7227,8850.922
2010-04-23 15:00:00,7006.5405,7939.9087,10337.802,7439.7227,8850.922
2010-04-23 16:00:00,7006.5405,7939.9087,10337.802,7439.7227,8850.922
2010-04-23 17:00:00,7006.5405,7939.9087,10337.802,7439.7227,8850.922
2010-04-23 18:00:00,7006.5405,7939.9087,10337.802,7439.7227,8850.922
2010-04-23 19:00:00,7006.5405,7939.9087,10337.802,7439.7227,8850.922
2010-04-23 20:00:00,7006.5405,7939.9087,10337.802,7439.7227,8850.922
2010-04-23 21:00:00,7006.5405,7939.9087,10337.802,7439.7227,8850.922
2010-04-23 22:00:00,7006.5405,7939.9087,10337.802,7439.7227,8850.922
2010-04-23 23:00:00,7006.5405,7939.9087,10337.802,7439.7227,8850.922
2010-04-24 00:00:00,7006.5405,7939.9087,10337.802,7439.7227,8850.922
2010-04-24 01:00:00,7006.5405,7939.9087,10337.802,7439.7227,8850.922
2010-04-24 02:00:00,7006.5405,7939.9087,10337.802,7439.7227,8850.922
2010-04-24 03:00:00,7006.5405,7939.9087,10337.802,7439.7227,8850.922
2010-04-24 04:00:00,7006.5405,7939.9087,10337.802,7439.7227,8850.922
2010-04-24 05:00:00,7006.5405,7939.9087,10337.802,7439.7227,8850.922
2010-04-24 06:00:00,7006.5405,7939.9087,10337.802,7439.7227,8850.922
2010-04-24 07:00:00,7006.5405,7939.9087,10337.802,7439.7227,8850.922
2010-04-24 08:00:00,7006.5405,7939.9087,10337.802,7439.7227,8850.922
2010-04-24 09:00:00,7006.5405,7939.9087,10337.802,7439.7227,8850.922
2010-04-24 10:00:00,7006.5405,7939.9087,10337.802,7439.7227,8850.922
2010-04-24 11:00:00,7006.5405,7939.9087,10337.802,7439.7227,8850.922
2010-04-24 12:00:00,7006.5405,7939.9087,10337.802,7439.7227,8850.922
2010-04-24 13:00:00,7006.5405,7939.9087,10337.802,7439.7227,8850.922
2010-04-24 14:00:00,7006.5405,7939.9087,10337.802,7439.7227,8850.922
2010-04-24 15:00:00,7006.5405,7939.9087,10337.802,7439.7227,8850.922
2010-04-24 16:00:00,7006.5405,7939.9087,10337.802,7439.7227,8850.922
2010-04-24 17:00:00,7006.5405,7939.9087,10337.802,7439.7227,8850.922
2010-04-24 18:00:00,7006.5405,7939.9087,10337.802,7439.7227,8850.922
2010-04-24 19:00:00,7006.5405,7939.9087,10337.802,7439.7227,8850.922
2010-04-24 20:00:00,7006.5405,7939.9087,10337.802,7439.7227,8850.922
2010-04-24 21:00:00,7006.5405,7939.9087,10337.802,7439.7227,8850.922
2010-04-24 22:00:00,7006.5405,7939.9087,10337.802,7439.7227,8850.922
2010-04-24 23:00:00,7006.5405,7939.9087,10337.802,7439.7227,8850.922
2010-04-25 00:00:00,7010.061,7942.586,10337.802,7442.6675,8850.922
2010-04-25 01:00:00,7010.061,7942.586,10337.802,7442.6675,8850.922
2010-04-25 02:00:00,7010.061,7942.586,10337.802,7442.6675,8850.922
2010-04-25 03:00:00,7010.061,7942.586,10337.802,7442.6675,8850.922
2010-04-25 04:00:00,7010.061,7942.586,10337.802,7442.6675,8850.922
2010-04-25 05:00:00,7010.061,7942.586,10337.802,7442.6675,8850.922
2010-04-25 06:00:00,7010.061,7942.586,10337.802,7442.6675,8850.922
2010-04-25 07:00:00,7010.061,7942.586,10337.802,7442.6675,8850.922
2010-04-25 08:00:00,7010.061,7942.586,10337.802,7442.6675,8850.922
2010-04-25 09:00:00,7010.061,7942.586,10337.802,7442.6675,8850.922
2010-04-25 10:00:00,7006.5405,7939.9087,10337.802,7439.7227,8850.922
2010-04-25 11:00:00,7006.5405,7939.9087,10337.802,7439.7227,8850.922
2010-04-25 12:00:00,7006.5405,7939.9087,10337.802,7439.7227,8850.922
2010-04-25 13:00:00,7006.8457,7940.16,10337.802,7439.7227,8850.922
2010-04-25 14:00:00,7007.258,7940.5723,10337.802,7439.906,8850.922
2010-04-25 15:00:00,7007.6577,7940.972,10337.802,7440.3057,8850.922
2010-04-25 16:00:00,7008.0513,7941.3657,10337.802,7440.699,8850.922
2010-04-25 17:00:00,7008.454,7941.7686,10337.802,7441.102,8850.922
2010-04-25 18:00:00,7008.8516,7941.8667,10337.802,7441.4995,8850.922
2010-04-25 19:00:00,7008.946,7941.8667,10337.802,7441.902,8850.922
2010-04-25 20:00:00,7009.2603,7942.235,10337.802,7442.299,8850.922
2010-04-25 21:00:00,7009.651,7942.336,10337.802,7442.6675,8850.922
2010-04-25 22:00:00,7010.0415,7942.336,10337.802,7442.6675,8850.922
2010-04-25 23:00:00,7010.061,7942.578,10337.802,7442.6675,8850.922
2010-04-26 00:00:00,7010.061,7942.586,10337.802,7442.6675,8850.922
2010-04-26 01:00:00,7010.061,7942.586,10337.802,7442.6675,8850.922
2010-04-26 02:00:00,7010.061,7942.586,10337.802,7442.6675,8850.922
2010-04-26 03:00:00,7010.061,7942.586,10337.802,7442.6675,8850.922
2010-04-26 04:00:00,7010.061,7942.586,10337.802,7442.6675,8850.922
2010-04-26 05:00:00,7010.061,7942.586,10337.802,7442.6675,8850.922
2010-04-26 06:00:00,7010.061,7942.586,10337.802,7442.6675,8850.922
2010-04-26 07:00:00,7010.061,7942.586,10337.802,7442.6675,8850.922
2010-04-26 08:00:00,7010.1094,7942.586,10337.802,7442.6675,8850.922
2010-04-26 09:00:00,7010.1963,7942.586,10337.802,7442.6675,8850.922
2010-04-26 10:00:00,7010.1963,7942.586,10337.822,7442.6675,8850.922
2010-04-26 11:00:00,7010.3896,7942.586,10337.822,7442.6675,8850.922
2010-04-26 12:00:00,7010.6196,7942.586,10337.822,7442.6675,8850.922
2010-04-26 13:00:00,7010.6196,7942.586,10338.005,7442.6675,8850.922
2010-04-26 14:00:00,7010.6196,7942.7993,10339.438,7442.6675,8850.922
2010-04-26 15:00:00,7010.721,7943.3154,10340.184,7442.89,8851.095
2010-04-26 16:00:00,7010.7593,7943.4307,10340.214,7442.89,8851.504
2010-04-26 17:00:00,7010.931,7944.3794,10341.835,7443.401,8852.382
2010-04-26 18:00:00,7011.833,7944.8467,10342.187,7443.4424,8852.656
2010-04-26 19:00:00,7012.1543,7944.9883,10342.948,7443.4976,8852.884
2010-04-26 20:00:00,7012.216,7945.151,10342.948,7443.4976,8853.164
2010-04-26 21:00:00,7012.28,7945.254,10342.948,7443.603,8853.379
2010-04-26 22:00:00,7012.28,7945.254,10342.948,7443.603,8854.745
2010-04-26 23:00:00,7012.375,7945.254,10342.948,7443.603,8854.973
2010-04-27 00:00:00,7012.375,7945.254,10343.114,7443.603,8855.25
2010-04-27 01:00:00,7012.495,7945.254,10344.747,7443.603,8855.25
2010-04-27 02:00:00,7013.367,7945.2954,10345.118,7443.607,8855.541
2010-04-27 03:00:00,7013.44,7945.2954,10345.118,7443.7095,8856.599
2010-04-27 04:00:00,7013.44,7945.2954,10345.416,7443.7476,8857.494
2010-04-27 05:00:00,7013.518,7945.2954,10345.416,7443.7476,8858.733
2010-04-27 06:00:00,7013.518,7945.6875,10346.179,7444.417,8860.368
2010-04-27 07:00:00,7013.518,7945.722,10346.192,7444.417,8861.024
2010-04-27 08:00:00,7013.518,7946.0933,10346.442,7445.449,8861.304
2010-04-27 09:00:00,7013.518,7946.0933,10346.442,7445.469,8861.304
2010-04-27 10:00:00,7013.518,7946.0933,10346.442,7445.469,8861.304
2010-04-27 11:00:00,7013.518,7946.0933,10346.442,7445.469,8861.304
2010-04-27 12:00:00,7013.518,7946.0933,10346.442,7445.469,8861.304
2010-04-27 13:00:00,7013.518,7946.0933,10346.442,7445.469,8861.304
2010-04-27 14:00:00,7013.518,7946.0933,10346.442,7445.469,8861.304
2010-04-27 15:00:00,7013.518,7946.0933,10346.442,7445.469,8861.304
2010-04-27 16:00:00,7013.518,7946.0933,10346.442,7445.469,8861.304
2010-04-27 17:00:00,7013.518,7946.0933,10346.442,7445.469,8861.304
2010-04-27 18:00:00,7013.518,7946.0933,10346.442,7445.469,8861.304
2010-04-27 19:00:00,7013.518,7946.0933,10346.442,7445.469,8861.304
2010-04-27 20:00:00,7013.518,7946.0933,10346.442,7445.469,8861.304
2010-04-27 21:00:00,7013.518,7946.0933,10346.442,7445.469,8861.304
2010-04-27 22:00:00,7013.518,7946.0933,10346.442,7445.469,8861.304
2010-04-27 23:00:00,7013.518,7946.0933,10346.442,7445.469,8861.304
2010-04-28 00:00:00,7025.5747,7959.2686,10359.802,7457.2593,8872.75
2010-04-28 01:00:00,7028.3086,7960.016,10360.981,7458.2446,8874.994
2010-04-28 02:00:00,7029.638,7960.1855,10362.113,7458.2446,8878.295
2010-04-28 03:00:00,7031.343,7960.5864,10363.401,7458.4717,8882.445
2010-04-28 04:00:00,7033.04,7960.831,10363.401,7458.855,8883.276
2010-04-28 05:00:00,7033.3125,7961.621,10363.401,7459.131,8883.396
2010-04-28 06:00:00,7017.789,7950.737,10348.781,7449.445,8862.2
2010-04-28 07:00:00,7018.161,7951.148,10348.9,7449.856,8862.545
2010-04-28 08:00:00,7018.5884,7952.1426,10349.505,7450.283,8863.368
2010-04-28 09:00:00,7019.208,7953.2217,10350.968,7451.3086,8864.258
2010-04-28 10:00:00,7019.8647,7954.198,10353.044,7452.4634,8865.826
2010-04-28 11:00:00,7021.204,7955.1787,10356.007,7453.9253,8867.252
2010-04-28 12:00:00,7013.518,7946.0933,10346.442,7445.469,8861.304
2010-04-28 13:00:00,7013.518,7946.0933,10346.442,7445.469,8861.304
2010-04-28 14:00:00,7013.518,7946.0933,10346.442,7445.469,8861.304
2010-04-28 15:00:00,7013.518,7946.0933,10346.442,7445.469,8861.304
2010-04-28 16:00:00,7013.518,7946.2593,10346.442,7445.548,8861.304
2010-04-28 17:00:00,7013.764,7946.601,10346.442,7445.9683,8861.304
2010-04-28 18:00:00,7014.422,7946.943,10346.588,7446.652,8861.304
2010-04-28 19:00:00,7015.164,7947.6724,10347.33,7447.394,8861.304
2010-04-28 20:00:00,7015.953,7948.795,10347.947,7447.9497,8861.419
2010-04-28 21:00:00,7016.799,7949.728,10347.992,7448.6167,8861.5
2010-04-28 22:00:00,7017.395,7950.343,10348.059,7449.051,8861.5
2010-04-28 23:00:00,7022.8633,7955.635,10357.442,7454.662,8870.124
2010-04-29 00:00:00,7033.326,7961.7314,10363.647,7459.3047,8885.267
2010-04-29 01:00:00,7033.4814,7961.7466,10365.609,7459.7144,8887.541
2010-04-29 02:00:00,7033.6367,7961.923,10368.06,7460.52,8889.466
2010-04-29 03:00:00,7033.7646,7961.923,10368.594,7460.9453,8890.011
2010-04-29 04:00:00,7033.802,7961.923,10369.035,7461.433,8891.081
2010-04-29 05:00:00,7033.9365,7962.966,10370.34,7463.033,8894.0205
2010-04-29 06:00:00,7034.1426,7963.561,10373.036,7464.3833,8895.769
2010-04-29 07:00:00,7034.4204,7964.307,10374.343,7465.487,8898.9795
2010-04-29 08:00:00,7034.82,7964.5176,10375.1,7466.0303,8899.361
2010-04-29 09:00:00,7034.82,7965.688,10375.255,7466.037,8899.933
2010-04-29 10:00:00,7035.7583,7966.148,10375.962,7466.8594,8901.175
2010-04-29 11:00:00,7035.9546,7966.438,10376.237,7466.906,8901.279
2010-04-29 12:00:00,7035.9546,7966.465,10376.509,7467.0674,8901.391
2010-04-29 13:00:00,7036.181,7967.011,10377.057,7467.8804,8902.299
2010-04-29 14:00:00,7036.6294,7968.601,10378.132,7468.5005,8903.694
2010-04-29 15:00:00,7036.9004,7968.712,10378.795,7469.4204,8904.371
2010-04-29 16:00:00,7036.956,7968.7437,10378.85,7469.4775,8904.859
2010-04-29 17:00:00,7037.0244,7968.7437,10379.559,7469.5674,8906.157
2010-04-29 18:00:00,7037.4004,7968.914,10380.241,7469.746,8906.771
2010-04-29 19:00:00,7038.0,7968.943,10380.241,7469.9146,8906.771
2010-04-29 20:00:00,7038.0737,7968.943,10380.241,7469.9146,8907.299
2010-04-29 21:00:00,7038.1206,7968.943,10380.241,7469.9146,8907.596
2010-04-29 22:00:00,7038.1206,7968.9917,10380.38,7469.9814,8908.085
2010-04-29 23:00:00,7038.1206,7969.113,10380.38,7470.2188,8908.995
2010-04-30 00:00:00,7038.1206,7969.295,10380.521,7470.3843,8909.278
2010-04-30 01:00:00,7038.1206,7969.7876,10380.734,7470.3843,8909.326
2010-04-30 02:00:00,7038.1904,7970.1333,10381.541,7470.4585,8909.924
2010-04-30 03:00:00,7038.292,7970.28,10382.096,7471.551,8910.723
2010-04-30 04:00:00,7038.292,7970.4707,10382.096,7471.777,8911.43
2010-04-30 05:00:00,7038.292,7970.473,10382.096,7471.864,8911.43
2010-04-30 06:00:00,7038.292,7970.473,10382.096,7472.0806,8911.43
2010-04-30 07:00:00,7038.292,7970.473,10382.096,7472.0806,8911.552
2010-04-30 08:00:00,7038.3516,7970.7065,10382.096,7472.0806,8911.878
2010-04-30 09:00:00,7038.3516,7971.224,10382.096,7472.0806,8911.878
2010-04-30 10:00:00,7038.3516,7971.224,10382.096,7472.0806,8911.878
2010-04-30 11:00:00,7038.3516,7971.224,10382.096,7472.0806,8911.878
2010-04-30 12:00:00,7038.3516,7971.224,10382.096,7472.0806,8912.056
2010-04-30 13:00:00,7038.3516,7971.224,10382.096,7472.0806,8912.056
2010-04-30 14:00:00,7038.3516,7971.2646,10382.096,7472.0806,8912.501
2010-04-30 15:00:00,7038.3516,7971.2646,10382.096,7472.0806,8912.635
2010-04-30 16:00:00,7038.3516,7971.2646,10382.096,7472.0806,8912.635
2010-04-30 17:00:00,7038.3516,7971.2646,10382.096,7472.0806,8912.635
2010-04-30 18:00:00,7038.3516,7971.2646,10382.296,7472.0806,8912.74
2010-04-30 19:00:00,7038.3516,7971.302,10382.503,7472.0806,8912.74
2010-04-30 20:00:00,7038.3516,7971.302,10382.503,7472.0806,8912.74
2010-04-30 21:00:00,7038.3516,7971.321,10383.037,7472.0806,8912.968
2010-04-30 22:00:00,7038.419,7971.4165,10384.314,7472.0806,8913.356
2010-04-30 23:00:00,7038.946,7972.9453,10385.275,7472.131,8914.087
2010-05-01 00:00:00,7039.378,7974.0625,10386.524,7472.492,8916.994
2010-05-01 01:00:00,7041.0938,7976.602,10387.34,7473.7656,8918.83
2010-05-01 02:00:00,7041.4854,7976.861,10388.1045,7473.933,8919.735
2010-05-01 03:00:00,7041.771,7976.861,10388.393,7473.933,8919.915
2010-05-01 04:00:00,7041.771,7976.861,10388.393,7473.933,8919.915
2010-05-01 05:00:00,7041.771,7976.861,10388.393,7473.933,8919.915
2010-05-01 06:00:00,7041.771,7976.861,10388.572,7473.933,8919.915
2010-05-01 07:00:00,7041.771,7976.861,10388.572,7473.933,8919.915
2010-05-01 08:00:00,7041.771,7976.861,10388.572,7473.933,8919.915
2010-05-01 09:00:00,7041.771,7976.861,10388.572,7473.933,8919.915
2010-05-01 10:00:00,7041.771,7976.861,10388.769,7473.933,8919.915
2010-05-01 11:00:00,7041.771,7976.861,10388.901,7473.933,8919.915
2010-05-01 12:00:00,7041.906,7976.861,10389.235,7473.933,8919.915
2010-05-01 13:00:00,7041.906,7976.861,10389.235,7473.9663,8919.915
2010-05-01 14:00:00,7041.9707,7977.02,10389.254,7473.9663,8921.8
2010-05-01 15:00:00,7041.9707,7977.02,10389.254,7473.9663,8921.8
2010-05-01 16:00:00,7041.9707,7977.02,10389.319,7473.9663,8923.194
2010-05-01 17:00:00,7041.9707,7977.02,10389.319,7473.9663,8923.194
2010-05-01 18:00:00,7041.9707,7977.02,10389.359,7473.9663,8924.987
2010-05-01 19:00:00,7041.993,7977.02,10389.359,7473.9663,8925.047
2010-05-01 20:00:00,7041.993,7977.02,10389.359,7473.9663,8925.047
2010-05-01 21:00:00,7041.993,7977.02,10389.402,7473.9663,8925.446
2010-05-01 22:00:00,7041.993,7977.02,10389.402,7473.9663,8925.587
2010-05-01 23:00:00,7041.993,7977.02,10389.526,7473.9663,8925.866
2010-05-02 00:00:00,7041.993,7977.02,10389.526,7473.9663,8925.866
2010-05-02 01:00:00,7041.993,7977.02,10389.526,7473.9663,8925.866
2010-05-02 02:00:00,7041.993,7977.02,10389.526,7473.9663,8925.866
2010-05-02 03:00:00,7041.993,7977.02,10389.526,7473.9663,8925.866
2010-05-02 04:00:00,7041.993,7977.02,10389.526,7473.9663,8925.866
2010-05-02 05:00:00,7041.993,7977.02,10389.526,7473.9663,8925.866
2010-05-02 06:00:00,7041.993,7977.02,10389.526,7473.9663,8925.866
2010-05-02 07:00:00,7041.993,7977.02,10389.526,7473.9663,8925.866
2010-05-02 08:00:00,7041.993,7977.02,10389.526,7473.9663,8925.866
2010-05-02 09:00:00,7041.993,7977.02,10389.526,7473.9663,8925.866
2010-05-02 10:00:00,7041.993,7977.02,10389.526,7473.9663,8925.866
2010-05-02 11:00:00,7042.053,7977.02,10390.121,7473.9663,8925.866
2010-05-02 12:00:00,7042.125,7977.02,10390.714,7473.9663,8926.006
2010-05-02 13:00:00,7042.125,7977.02,10390.965,7473.9663,8926.912
2010-05-02 14:00:00,7042.125,7977.02,10391.111,7473.9663,8926.912
2010-05-02 15:00:00,7042.125,7977.02,10391.111,7473.9663,8927.363
2010-05-02 16:00:00,7042.125,7977.02,10391.305,7473.9663,8927.937
2010-05-02 17:00:00,7042.125,7977.02,10391.305,7473.9663,8927.937
2010-05-02 18:00:00,7042.125,7977.02,10391.305,7473.9663,8927.937
2010-05-02 19:00:00,7042.125,7977.02,10391.305,7473.9663,8927.937
2010-05-02 20:00:00,7041.993,7977.02,10389.526,7473.9663,8925.866
2010-05-02 21:00:00,7041.993,7977.02,10389.526,7473.9663,8925.866
2010-05-02 22:00:00,7041.993,7977.02,10389.526,7473.9663,8925.866
2010-05-02 23:00:00,7041.993,7977.02,10389.526,7473.9663,8925.866
2010-05-03 00:00:00,7042.125,7977.02,10391.305,7473.9663,8927.937
2010-05-03 01:00:00,7042.125,7977.02,10391.305,7473.9663,8927.937
2010-05-03 02:00:00,7042.125,7977.02,10391.305,7473.9663,8927.937
2010-05-03 03:00:00,7042.125,7977.02,10391.305,7473.9663,8927.937
2010-05-03 04:00:00,7042.125,7977.02,10391.305,7473.9663,8927.937
2010-05-03 05:00:00,7042.125,7977.02,10391.305,7473.9663,8927.937
2010-05-03 06:00:00,7042.125,7977.02,10391.305,7473.9663,8927.937
2010-05-03 07:00:00,7042.125,7977.02,10391.305,7473.9663,8927.937
2010-05-03 08:00:00,7042.125,7977.02,10391.305,7473.9663,8927.937
2010-05-03 09:00:00,7042.289,7977.02,10391.305,7473.9663,8927.937
2010-05-03 10:00:00,7042.3965,7977.02,10391.305,7473.9663,8927.937
2010-05-03 11:00:00,7042.3965,7977.02,10392.093,7473.9663,8928.065
2010-05-03 12:00:00,7042.431,7977.02,10392.307,7474.102,8928.327
2010-05-03 13:00:00,7042.431,7977.02,10392.803,7474.142,8928.805
2010-05-03 14:00:00,7042.9336,7977.267,10393.408,7474.5903,8929.333
2010-05-03 15:00:00,7043.15,7977.5903,10393.408,7475.1646,8929.362
2010-05-03 16:00:00,7043.486,7977.5903,10394.243,7475.4854,8929.929
2010-05-03 17:00:00,7043.6343,7977.5903,10394.421,7475.6597,8930.104
2010-05-03 18:00:00,7043.835,7977.5903,10394.563,7475.761,8930.104
2010-05-03 19:00:00,7044.3726,7977.6177,10395.266,7475.761,8930.583
2010-05-03 20:00:00,7044.3726,7977.7744,10396.486,7475.761,8930.607
2010-05-03 21:00:00,7044.3726,7977.8794,10396.486,7475.761,8930.689
2010-05-03 22:00:00,7044.3726,7977.8794,10396.651,7475.761,8930.855
2010-05-03 23:00:00,7044.3726,7977.8794,10396.651,7475.761,8930.855
2010-05-04 00:00:00,7044.3726,7977.8794,10396.651,7475.761,8930.855
2010-05-04 01:00:00,7044.3726,7977.8794,10396.651,7475.761,8930.855
2010-05-04 02:00:00,7044.3726,7977.8794,10396.651,7475.761,8930.855
2010-05-04 03:00:00,7044.3726,7977.8794,10396.651,7475.761,8930.855
2010-05-04 04:00:00,7044.3726,7977.8794,10396.651,7475.761,8930.855
2010-05-04 05:00:00,7044.3726,7977.8794,10396.651,7475.761,8930.855
2010-05-04 06:00:00,7044.3726,7977.8794,10396.651,7475.761,8930.855
2010-05-04 07:00:00,7044.3726,7977.8794,10396.651,7475.761,8930.855
2010-05-04 08:00:00,7044.3726,7977.8794,10396.651,7475.761,8930.855
2010-05-04 09:00:00,7044.3726,7977.8794,10396.651,7475.761,8930.855
2010-05-04 10:00:00,7044.3726,7977.8794,10396.651,7475.761,8930.855
2010-05-04 11:00:00,7044.3726,7977.8794,10396.651,7475.761,8930.855
2010-05-04 12:00:00,7044.3726,7977.8794,10396.651,7475.761,8930.855
2010-05-04 13:00:00,7044.3726,7977.8794,10396.651,7475.761,8930.855
2010-05-04 14:00:00,7044.3726,7977.8794,10396.651,7475.761,8930.855
2010-05-04 15:00:00,7044.3726,7977.8794,10396.651,7475.761,8930.855
2010-05-04 16:00:00,7044.3726,7977.8794,10396.651,7475.761,8930.855
2010-05-04 17:00:00,7044.3726,7977.8794,10396.651,7475.761,8930.855
2010-05-04 18:00:00,7044.3726,7977.8794,10396.651,7475.761,8930.855
2010-05-04 19:00:00,7044.3726,7977.8794,10396.651,7475.761,8930.855
2010-05-04 20:00:00,7044.3726,7977.8794,10396.651,7475.761,8930.855
2010-05-04 21:00:00,7044.3726,7977.8794,10396.651,7475.761,8930.855
2010-05-04 22:00:00,7044.3726,7977.8794,10396.651,7475.761,8930.855
2010-05-04 23:00:00,7044.3726,7977.8794,10396.651,7475.761,8930.855
2010-05-05 00:00:00,7044.3726,7977.8794,10396.651,7475.761,8930.855
2010-05-05 01:00:00,7044.3726,7977.8794,10396.651,7475.761,8930.855
2010-05-05 02:00:00,7044.3726,7977.8794,10396.651,7475.761,8930.855
2010-05-05 03:00:00,7044.3726,7977.8794,10396.651,7475.761,8930.855
2010-05-05 04:00:00,7044.3726,7977.8794,10396.651,7475.761,8930.855
2010-05-05 05:00:00,7044.3726,7977.8794,10396.651,7475.761,8930.855
2010-05-05 06:00:00,7044.3726,7977.8794,10396.651,7475.761,8930.855
2010-05-05 07:00:00,7044.3726,7977.8794,10396.651,7475.761,8930.855
2010-05-05 08:00:00,7044.3726,7977.8794,10396.651,7475.761,8931.101
2010-05-05 09:00:00,7044.388,7978.234,10396.651,7476.116,8931.882
2010-05-05 10:00:00,7044.3726,7977.8794,10396.651,7475.761,8930.855
2010-05-05 11:00:00,7044.3726,7977.8794,10396.651,7475.761,8930.855
2010-05-05 12:00:00,7044.3726,7977.8794,10396.651,7475.761,8930.855
2010-05-05 13:00:00,7044.3726,7977.8794,10396.651,7475.761,8930.855
2010-05-05 14:00:00,7044.3726,7977.8794,10396.651,7475.761,8930.855
2010-05-05 15:00:00,7044.3726,7977.8794,10396.651,7475.761,8930.855
2010-05-05 16:00:00,7044.3726,7977.8794,10396.651,7475.761,8930.855
2010-05-05 17:00:00,7044.3726,7977.8794,10396.651,7475.761,8930.855
2010-05-05 18:00:00,7044.3726,7977.8794,10396.651,7475.761,8930.855
2010-05-05 19:00:00,7044.3726,7977.8794,10396.651,7475.761,8930.855
2010-05-05 20:00:00,7044.3726,7977.8794,10396.651,7475.761,8930.855
2010-05-05 21:00:00,7044.3726,7977.8794,10396.651,7475.761,8930.855
2010-05-05 22:00:00,7044.3726,7977.8794,10396.651,7475.761,8930.855
2010-05-05 23:00:00,7044.3726,7977.8794,10396.651,7475.761,8930.855
2010-05-06 00:00:00,7044.779,7978.9297,10396.651,7476.507,8932.663
2010-05-06 01:00:00,7045.1694,7979.711,10396.651,7476.8975,8932.984
2010-05-06 02:00:00,7045.56,7980.492,10396.651,7477.288,8933.545
2010-05-06 03:00:00,7045.9507,7980.966,10396.651,7477.6787,8934.326
2010-05-06 04:00:00,7046.082,7981.3564,10396.651,7478.0693,8935.107
2010-05-06 05:00:00,7046.082,7982.0415,10396.651,7478.6196,8935.397
2010-05-06 06:00:00,7046.082,7982.432,10396.651,7478.8203,8935.397
2010-05-06 07:00:00,7046.082,7982.4976,10396.651,7478.8203,8935.397
2010-05-06 08:00:00,7046.082,7982.4976,10396.651,7478.8203,8935.397
2010-05-06 09:00:00,7046.082,7982.4976,10396.651,7478.8203,8935.397
2010-05-06 10:00:00,7046.082,7982.4976,10396.651,7478.8203,8935.397
2010-05-06 11:00:00,7046.082,7982.4976,10396.651,7478.8203,8935.397
2010-05-06 12:00:00,7046.082,7982.4976,10396.651,7478.8203,8935.397
2010-05-06 13:00:00,7046.082,7982.4976,10396.651,7478.8203,8935.397
2010-05-06 14:00:00,7046.082,7982.4976,10396.651,7478.8203,8935.397
2010-05-06 15:00:00,7046.082,7982.4976,10396.651,7478.8203,8935.397
2010-05-06 16:00:00,7046.082,7982.4976,10396.651,7478.8203,8935.397
2010-05-06 17:00:00,7046.082,7982.4976,10396.651,7478.8203,8935.397
2010-05-06 18:00:00,7046.082,7982.4976,10396.651,7478.8203,8935.397
2010-05-06 19:00:00,7046.082,7982.4976,10396.651,7478.8203,8935.397
2010-05-06 20:00:00,7046.082,7982.4976,10396.651,7478.8203,8935.397
2010-05-06 21:00:00,7046.082,7982.4976,10396.651,7478.8203,8935.397
2010-05-06 22:00:00,7046.082,7982.4976,10396.651,7478.8203,8935.397
2010-05-06 23:00:00,7046.082,7982.4976,10396.651,7478.8203,8935.397
2010-05-07 00:00:00,7046.082,7982.4976,10396.651,7478.8203,8935.397
2010-05-07 01:00:00,7046.082,7982.4976,10396.651,7478.8203,8935.397
2010-05-07 02:00:00,7046.082,7982.4976,10396.651,7478.8203,8935.397
2010-05-07 03:00:00,7046.082,7982.4976,10396.651,7478.8203,8935.397
2010-05-07 04:00:00,7046.082,7982.4976,10396.651,7478.8203,8935.397
2010-05-07 05:00:00,7046.082,7982.4976,10396.651,7478.8203,8935.397
2010-05-07 06:00:00,7046.082,7982.4976,10396.651,7478.8203,8935.397
2010-05-07 07:00:00,7046.082,7982.4976,10396.651,7478.8203,8935.397
2010-05-07 08:00:00,7046.082,7982.4976,10396.651,7478.8203,8935.397
2010-05-07 09:00:00,7046.082,7982.4976,10396.651,7478.8203,8935.397
2010-05-07 10:00:00,7046.082,7982.4976,10396.651,7478.8203,8935.397
2010-05-07 11:00:00,7046.082,7982.4976,10396.651,7478.8203,8935.397
2010-05-07 12:00:00,7046.082,7982.4976,10396.651,7478.8203,8935.397
2010-05-07 13:00:00,7046.082,7982.4976,10396.651,7478.8203,8935.397
2010-05-07 14:00:00,7046.082,7982.4976,10396.651,7478.8203,8935.397
2010-05-07 15:00:00,7046.082,7982.4976,10396.651,7478.8203,8935.397
2010-05-07 16:00:00,7046.082,7982.4976,10396.651,7478.8203,8935.397
2010-05-07 17:00:00,7046.082,7982.4976,10396.651,7478.8203,8935.397
2010-05-07 18:00:00,7046.082,7982.4976,10396.651,7478.8203,8935.397
2010-05-07 19:00:00,7046.082,7982.4976,10396.651,7478.8203,8935.397
2010-05-07 20:00:00,7046.082,7982.4976,10396.651,7478.8203,8935.397
2010-05-07 21:00:00,7046.082,7982.4976,10396.651,7478.8203,8935.397
2010-05-07 22:00:00,7046.082,7982.4976,10396.651,7478.8203,8935.397
2010-05-07 23:00:00,7046.082,7982.4976,10396.651,7478.8203,8935.397
2010-05-08 00:00:00,7046.082,7982.4976,10396.651,7478.8203,8935.397
2010-05-08 01:00:00,7046.082,7982.4976,10396.651,7478.8203,8935.397
2010-05-08 02:00:00,7046.082,7982.4976,10396.651,7478.8203,8935.397
2010-05-08 03:00:00,7046.082,7982.4976,10396.651,7478.8203,8935.397
2010-05-08 04:00:00,7046.082,7982.4976,10396.651,7478.8203,8935.397
2010-05-08 05:00:00,7046.082,7982.4976,10396.651,7478.8203,8935.397
2010-05-08 06:00:00,7046.082,7982.4976,10396.651,7478.8203,8935.397
2010-05-08 07:00:00,7046.082,7982.4976,10396.651,7478.8203,8935.397
2010-05-08 08:00:00,7046.082,7982.4976,10396.651,7478.8203,8935.397
2010-05-08 09:00:00,7046.082,7982.4976,10396.651,7478.8203,8935.397
2010-05-08 10:00:00,7046.082,7982.4976,10396.651,7478.8203,8935.397
2010-05-08 11:00:00,7046.082,7982.4976,10396.651,7478.8203,8935.397
2010-05-08 12:00:00,7046.082,7982.4976,10396.651,7478.8203,8935.397
2010-05-08 13:00:00,7046.082,7982.4976,10396.651,7478.8203,8935.397
2010-05-08 14:00:00,7046.082,7982.4976,10396.651,7478.8203,8935.397
2010-05-08 15:00:00,7046.082,7982.4976,10396.651,7478.8203,8935.397
2010-05-08 16:00:00,7046.082,7982.4976,10396.651,7478.8203,8935.397
2010-05-08 17:00:00,7046.082,7982.4976,10396.651,7478.8203,8935.397
2010-05-08 18:00:00,7046.082,7982.4976,10396.651,7478.8203,8935.397
2010-05-08 19:00:00,7046.082,7982.4976,10396.651,7478.8203,8935.397
2010-05-08 20:00:00,7046.082,7982.4976,10396.651,7478.8203,8935.397
2010-05-08 21:00:00,7046.082,7982.4976,10396.651,7478.8203,8935.397
2010-05-08 22:00:00,7046.082,7982.4976,10396.651,7478.8203,8935.397
2010-05-08 23:00:00,7046.082,7982.4976,10396.651,7478.8203,8935.397
2010-05-09 00:00:00,7046.082,7982.4976,10396.651,7478.8203,8935.397
2010-05-09 01:00:00,7046.082,7982.4976,10396.651,7478.8203,8935.397
2010-05-09 02:00:00,7046.082,7982.4976,10396.651,7478.8203,8935.397
2010-05-09 03:00:00,7046.082,7982.4976,10396.651,7478.8203,8935.397
2010-05-09 04:00:00,7046.082,7982.4976,10396.651,7478.8203,8935.397
2010-05-09 05:00:00,7046.082,7982.4976,10396.651,7478.8203,8935.397
2010-05-09 06:00:00,7046.082,7982.4976,10396.651,7478.8203,8935.397
2010-05-09 07:00:00,7046.082,7982.4976,10396.651,7478.8203,8935.397
2010-05-09 08:00:00,7046.082,7982.4976,10396.651,7478.8203,8935.397
2010-05-09 09:00:00,7046.082,7982.4976,10396.651,7478.8203,8935.397
2010-05-09 10:00:00,7046.082,7982.4976,10396.651,7478.8203,8935.397
2010-05-09 11:00:00,7046.082,7982.4976,10396.651,7478.8203,8935.397
2010-05-09 12:00:00,7046.082,7982.4976,10396.651,7478.8203,8935.397
2010-05-09 13:00:00,7046.082,7982.4976,10396.651,7478.8203,8935.547
2010-05-09 14:00:00,7046.082,7982.4976,10396.651,7478.8203,8936.202
2010-05-09 15:00:00,7046.082,7982.4976,10396.936,7478.8203,8937.168
2010-05-09 16:00:00,7046.125,7982.501,10397.058,7478.9766,8939.125
2010-05-09 17:00:00,7046.125,7982.523,10397.329,7478.989,8939.125
2010-05-09 18:00:00,7046.125,7982.523,10397.671,7479.208,8939.198
2010-05-09 19:00:00,7046.125,7982.523,10397.671,7479.208,8939.484
2010-05-09 20:00:00,7046.125,7982.523,10398.096,7479.208,8939.997
2010-05-09 21:00:00,7046.125,7982.523,10398.096,7479.208,8940.079
2010-05-09 22:00:00,7046.125,7982.523,10398.096,7479.208,8941.093
2010-05-09 23:00:00,7046.082,7982.4976,10396.651,7478.8203,8935.397
2010-05-10 00:00:00,7046.125,7982.523,10398.096,7479.208,8942.758
2010-05-10 01:00:00,7046.125,7982.523,10398.096,7479.208,8942.758
2010-05-10 02:00:00,7046.125,7982.523,10398.096,7479.208,8942.758
2010-05-10 03:00:00,7046.125,7982.523,10398.096,7479.208,8942.758
2010-05-10 04:00:00,7046.125,7982.523,10398.096,7479.208,8942.758
2010-05-10 05:00:00,7046.125,7982.523,10398.096,7479.208,8942.758
2010-05-10 06:00:00,7046.125,7982.523,10398.096,7479.208,8942.758
2010-05-10 07:00:00,7046.125,7982.523,10398.096,7479.208,8942.758
2010-05-10 08:00:00,7046.125,7982.523,10398.096,7479.208,8942.758
2010-05-10 09:00:00,7046.125,7982.523,10398.096,7479.208,8942.758
2010-05-10 10:00:00,7046.125,7982.523,10398.096,7479.208,8943.032
2010-05-10 11:00:00,7046.125,7982.523,10398.096,7479.208,8943.036
2010-05-10 12:00:00,7046.125,7982.523,10398.096,7479.208,8943.036
2010-05-10 13:00:00,7046.125,7982.523,10398.096,7479.208,8943.036
2010-05-10 14:00:00,7046.125,7982.523,10398.916,7479.208,8943.036
2010-05-10 15:00:00,7046.2725,7982.523,10398.916,7479.208,8943.036
2010-05-10 16:00:00,7046.2725,7982.523,10399.305,7479.208,8943.392
2010-05-10 17:00:00,7046.2725,7982.523,10399.443,7479.208,8943.392
2010-05-10 18:00:00,7046.2725,7982.523,10399.443,7479.208,8943.392
2010-05-10 19:00:00,7046.2725,7982.523,10399.443,7479.208,8943.392
2010-05-10 20:00:00,7046.2725,7982.523,10399.443,7479.208,8943.392
2010-05-10 21:00:00,7046.2725,7982.523,10399.443,7479.208,8943.392
2010-05-10 22:00:00,7046.2725,7982.523,10399.443,7479.208,8943.392
2010-05-10 23:00:00,7046.2725,7982.523,10399.443,7479.208,8943.392
2010-05-11 00:00:00,7046.2725,7982.523,10399.443,7479.208,8945.084
2010-05-11 01:00:00,7046.2725,7982.6304,10399.443,7479.3086,8945.767
2010-05-11 02:00:00,7046.2725,7983.6426,10399.443,7479.347,8945.767
2010-05-11 03:00:00,7046.2725,7984.223,10399.499,7479.347,8947.404
2010-05-11 04:00:00,7046.3286,7985.894,10399.499,7479.721,8950.326
2010-05-11 05:00:00,7046.3735,7986.1235,10399.499,7481.025,8950.641
2010-05-11 06:00:00,7046.3735,7986.345,10400.993,7481.2026,8952.989
2010-05-11 07:00:00,7047.133,7986.5664,10401.93,7481.5835,8953.677
2010-05-11 08:00:00,7047.8223,7986.5664,10402.485,7481.8174,8953.677
2010-05-11 09:00:00,7048.2773,7986.5664,10402.555,7481.8174,8953.677
2010-05-11 10:00:00,7048.2773,7986.8223,10402.614,7481.8174,8953.677
2010-05-11 11:00:00,7048.2773,7986.8223,10402.614,7481.914,8953.677
2010-05-11 12:00:00,7048.2773,7986.922,10402.758,7482.0264,8954.388
2010-05-11 13:00:00,7048.2773,7987.0664,10403.35,7482.0264,8954.388
2010-05-11 14:00:00,7048.295,7987.0664,10403.85,7482.0264,8954.388
2010-05-11 15:00:00,7048.295,7987.0664,10403.85,7482.042,8954.388
2010-05-11 16:00:00,7048.295,7987.0664,10403.987,7482.042,8955.065
2010-05-11 17:00:00,7048.311,7987.3306,10404.149,7482.042,8955.065
2010-05-11 18:00:00,7048.311,7987.352,10404.405,7482.042,8955.065
2010-05-11 19:00:00,7048.311,7987.352,10404.405,7482.042,8955.344
2010-05-11 20:00:00,7048.311,7987.352,10404.405,7482.042,8955.544
2010-05-11 21:00:00,7048.311,7987.352,10404.472,7482.29,8955.86
2010-05-11 22:00:00,7049.169,7987.352,10404.472,7482.473,8955.86
2010-05-11 23:00:00,7049.288,7987.4224,10404.472,7482.473,8955.86
2010-05-12 00:00:00,7049.288,7987.835,10405.232,7482.508,8958.499
2010-05-12 01:00:00,7049.288,7987.953,10405.279,7482.588,8958.499
2010-05-12 02:00:00,7049.288,7987.953,10405.544,7482.588,8958.499
2010-05-12 03:00:00,7049.288,7987.953,10405.544,7482.588,8958.499
2010-05-12 04:00:00,7049.288,7987.953,10405.544,7482.588,8958.499
2010-05-12 05:00:00,7049.288,7987.953,10405.544,7482.588,8958.499
2010-05-12 06:00:00,7049.288,7987.953,10405.544,7482.588,8958.499
2010-05-12 07:00:00,7049.288,7987.953,10405.544,7482.588,8958.499
2010-05-12 08:00:00,7049.288,7987.953,10405.544,7482.588,8958.499
2010-05-12 09:00:00,7049.288,7987.953,10405.544,7482.588,8958.499
2010-05-12 10:00:00,7049.288,7987.953,10405.544,7482.588,8958.499
2010-05-12 11:00:00,7049.288,7987.953,10405.544,7482.588,8958.499
2010-05-12 12:00:00,7049.288,7987.953,10405.544,7482.588,8958.499
2010-05-12 13:00:00,7049.288,7987.4224,10404.472,7482.473,8955.86
2010-05-12 14:00:00,7049.288,7987.4224,10404.472,7482.473,8955.86
2010-05-12 15:00:00,7049.288,7987.4224,10404.472,7482.473,8955.86
2010-05-12 16:00:00,7049.288,7987.4224,10404.472,7482.473,8955.86
2010-05-12 17:00:00,7049.288,7987.4224,10404.472,7482.473,8955.86
2010-05-12 18:00:00,7049.288,7987.4224,10404.472,7482.473,8955.86
2010-05-12 19:00:00,7049.288,7987.4224,10404.472,7482.473,8955.86
2010-05-12 20:00:00,7049.288,7987.4224,10404.472,7482.473,8955.86
2010-05-12 21:00:00,7049.288,7987.4224,10404.472,7482.473,8956.074
2010-05-12 22:00:00,7049.288,7987.499,10404.5205,7482.473,8956.601
2010-05-12 23:00:00,7049.288,7987.6255,10404.893,7482.473,8957.992
2010-05-13 00:00:00,7049.288,7987.953,10405.544,7482.588,8958.499
2010-05-13 01:00:00,7049.288,7987.953,10405.544,7482.588,8958.499
2010-05-13 02:00:00,7049.288,7987.953,10405.544,7482.588,8958.499
2010-05-13 03:00:00,7049.288,7987.953,10405.544,7482.588,8958.499
2010-05-13 04:00:00,7049.288,7987.953,10405.544,7482.588,8958.499
2010-05-13 05:00:00,7049.288,7987.953,10405.544,7482.588,8958.499
2010-05-13 06:00:00,7049.288,7987.953,10405.544,7482.588,8958.499
2010-05-13 07:00:00,7049.288,7987.953,10405.544,7482.588,8958.499
2010-05-13 08:00:00,7049.288,7987.953,10405.544,7482.588,8958.499
2010-05-13 09:00:00,7049.288,7987.953,10405.544,7482.588,8958.499
2010-05-13 10:00:00,7049.288,7987.953,10405.544,7482.588,8958.499
2010-05-13 11:00:00,7049.288,7987.953,10405.544,7482.588,8958.499
2010-05-13 12:00:00,7049.288,7987.953,10405.544,7482.588,8958.499
2010-05-13 13:00:00,7049.288,7987.953,10405.544,7482.588,8958.499
2010-05-13 14:00:00,7049.288,7987.953,10405.544,7482.588,8958.499
2010-05-13 15:00:00,7049.288,7987.953,10405.544,7482.588,8958.499
2010-05-13 16:00:00,7049.288,7987.953,10405.544,7482.588,8958.499
2010-05-13 17:00:00,7049.288,7987.953,10405.544,7482.588,8958.499
2010-05-13 18:00:00,7049.288,7987.953,10405.544,7482.588,8958.499
2010-05-13 19:00:00,7049.288,7987.953,10405.544,7482.588,8958.499
2010-05-13 20:00:00,7049.288,7987.953,10405.544,7482.588,8958.499
2010-05-13 21:00:00,7049.288,7987.953,10405.544,7482.588,8958.499
2010-05-13 22:00:00,7049.288,7987.953,10405.544,7482.588,8958.499
2010-05-13 23:00:00,7049.288,7987.953,10405.544,7482.588,8958.499
2010-05-14 00:00:00,7049.288,7987.953,10405.544,7482.588,8958.499
2010-05-14 01:00:00,7049.288,7987.953,10405.544,7482.588,8958.499
2010-05-14 02:00:00,7049.288,7987.953,10405.544,7482.588,8958.499
2010-05-14 03:00:00,7049.288,7987.953,10405.544,7482.588,8958.499
2010-05-14 04:00:00,7049.288,7987.953,10405.544,7482.588,8958.499
2010-05-14 05:00:00,7049.288,7987.953,10405.544,7482.588,8958.499
2010-05-14 06:00:00,7049.288,7987.953,10405.544,7482.588,8958.499
2010-05-14 07:00:00,7049.288,7987.953,10405.544,7482.588,8958.499
2010-05-14 08:00:00,7049.288,7987.953,10405.544,7482.588,8958.499
2010-05-14 09:00:00,7049.288,7987.953,10405.544,7482.588,8958.499
2010-05-14 10:00:00,7049.288,7987.953,10405.544,7482.588,8958.499
2010-05-14 11:00:00,7049.288,7987.953,10405.544,7482.588,8958.499
2010-05-14 12:00:00,7049.288,7987.953,10405.544,7482.588,8958.499
2010-05-14 13:00:00,7049.288,7987.953,10405.544,7482.588,8958.499
2010-05-14 14:00:00,7049.288,7987.953,10405.544,7482.588,8958.499
2010-05-14 15:00:00,7049.288,7987.953,10405.544,7482.588,8958.499
2010-05-14 16:00:00,7049.288,7987.953,10405.544,7482.588,8958.499
2010-05-14 17:00:00,7049.288,7987.953,10405.544,7482.588,8958.499
2010-05-14 18:00:00,7049.288,7987.953,10405.544,7482.588,8958.499
2010-05-14 19:00:00,7049.288,7987.953,10405.544,7482.588,8958.499
2010-05-14 20:00:00,7049.288,7987.953,10405.544,7482.588,8958.499
2010-05-14 21:00:00,7049.288,7987.953,10405.544,7482.588,8958.499
2010-05-14 22:00:00,7049.288,7987.953,10405.544,7482.588,8958.499
2010-05-14 23:00:00,7049.288,7987.953,10405.544,7482.588,8958.499
2010-05-15 00:00:00,7055.9893,7994.6826,10413.199,7490.4688,8965.312
2010-05-15 01:00:00,7056.016,7996.501,10413.989,7490.9487,8967.324
2010-05-15 02:00:00,7049.288,7987.953,10405.544,7482.588,8958.499
2010-05-15 03:00:00,7049.288,7987.953,10405.544,7482.588,8958.499
2010-05-15 04:00:00,7049.288,7987.953,10405.544,7482.588,8958.499
2010-05-15 05:00:00,7049.288,7987.953,10405.544,7482.588,8958.499
2010-05-15 06:00:00,7049.288,7987.953,10405.544,7482.588,8958.499
2010-05-15 07:00:00,7049.288,7987.953,10405.544,7482.588,8958.499
2010-05-15 08:00:00,7049.288,7987.953,10405.544,7482.588,8958.499
2010-05-15 09:00:00,7049.288,7987.953,10405.544,7482.588,8958.499
2010-05-15 10:00:00,7049.288,7987.953,10405.544,7482.588,8958.499
2010-05-15 11:00:00,7049.288,7987.953,10405.544,7482.588,8958.499
2010-05-15 12:00:00,7049.288,7987.953,10405.544,7482.588,8958.499
2010-05-15 13:00:00,7049.288,7987.953,10405.544,7482.588,8958.499
2010-05-15 14:00:00,7049.288,7987.953,10405.544,7482.588,8958.499
2010-05-15 15:00:00,7049.288,7987.953,10405.544,7482.588,8958.499
2010-05-15 16:00:00,7049.288,7987.953,10405.544,7482.588,8958.499
2010-05-15 17:00:00,7049.288,7987.953,10405.544,7482.588,8958.499
2010-05-15 18:00:00,7049.3,7987.953,10405.544,7482.646,8958.499
2010-05-15 19:00:00,7049.8364,7988.219,10405.544,7482.938,8958.499
2010-05-15 20:00:00,7051.284,7988.612,10406.261,7483.474,8958.672
2010-05-15 21:00:00,7052.4155,7989.894,10407.474,7484.6445,8959.52
2010-05-15 22:00:00,7054.449,7992.1733,10409.198,7486.0806,8961.875
2010-05-15 23:00:00,7055.8447,7993.9004,10411.224,7487.9736,8964.273
2010-05-16 00:00:00,7056.068,7996.9463,10414.114,7491.2275,8968.092
2010-05-16 01:00:00,7056.068,7996.9463,10416.752,7491.8164,8968.092
2010-05-16 02:00:00,7056.068,7996.9463,10416.788,7491.8164,8968.092
2010-05-16 03:00:00,7056.068,7996.9463,10416.788,7491.8164,8968.092
2010-05-16 04:00:00,7056.068,7996.9463,10416.788,7491.8164,8968.092
2010-05-16 05:00:00,7056.068,7996.9463,10416.788,7491.8164,8968.092
2010-05-16 06:00:00,7056.068,7996.9463,10416.788,7491.8164,8968.092
2010-05-16 07:00:00,7056.068,7996.9463,10416.788,7491.8164,8968.092
2010-05-16 08:00:00,7056.068,7996.9463,10416.788,7491.8164,8968.092
2010-05-16 09:00:00,7056.068,7996.9463,10416.788,7491.8164,8968.092
2010-05-16 10:00:00,7056.068,7996.9463,10416.788,7491.8164,8968.092
2010-05-16 11:00:00,7056.071,7996.9497,10416.788,7492.0625,8968.092
2010-05-16 12:00:00,7056.7236,7997.354,10416.788,7494.1665,8968.092
2010-05-16 13:00:00,7058.0073,7998.0103,10417.151,7495.8633,8968.092
2010-05-16 14:00:00,7059.111,7998.8306,10417.537,7496.7476,8968.666
2010-05-16 15:00:00,7060.039,8000.2534,10418.895,7497.309,8970.327
2010-05-16 16:00:00,7060.1675,8000.347,10420.515,7497.578,8971.447
2010-05-16 17:00:00,7060.5894,8000.347,10420.515,7497.578,8974.049
2010-05-16 18:00:00,7060.5894,8000.347,10420.515,7497.5796,8974.228
2010-05-16 19:00:00,7061.169,8000.347,10420.515,7497.743,8974.228
2010-05-16 20:00:00,7061.262,8000.3823,10422.481,7497.921,8974.228
2010-05-16 21:00:00,7062.8184,8001.2026,10422.803,7498.267,8974.456
2010-05-16 22:00:00,7062.8184,8002.9224,10422.989,7498.526,8975.99
2010-05-16 23:00:00,7062.8184,8003.3804,10422.989,7498.7,8978.763
2010-05-17 00:00:00,7062.9873,8004.338,10424.004,7499.117,8978.924
2010-05-17 01:00:00,7064.4907,8004.839,10424.3955,7499.872,8979.622
2010-05-17 02:00:00,7066.2183,8005.4546,10424.825,7500.731,8979.992
2010-05-17 03:00:00,7067.018,8005.4546,10425.382,7500.731,8980.487
2010-05-17 04:00:00,7067.0874,8005.4546,10425.382,7500.785,8980.79
2010-05-17 05:00:00,7067.0874,8005.4546,10425.382,7500.866,8980.79
2010-05-17 06:00:00,7067.0874,8005.4546,10425.382,7500.942,8980.79
2010-05-17 07:00:00,7067.0874,8005.4546,10425.382,7501.0225,8980.79
2010-05-17 08:00:00,7067.0874,8005.4546,10425.382,7501.0225,8980.79
2010-05-17 09:00:00,7067.0874,8005.4546,10425.382,7501.0225,8980.79
2010-05-17 10:00:00,7067.0874,8005.4546,10425.382,7501.0225,8980.79
2010-05-17 11:00:00,7067.0874,8005.4546,10425.382,7501.0225,8980.79
2010-05-17 12:00:00,7067.0874,8005.482,10425.382,7501.2837,8980.79
2010-05-17 13:00:00,7067.0874,8005.7383,10425.382,7501.539,8980.837
2010-05-17 14:00:00,7067.2456,8005.7383,10425.382,7501.881,8980.999
2010-05-17 15:00:00,7067.2456,8005.7383,10425.382,7502.056,8980.999
2010-05-17 16:00:00,7067.2456,8005.7383,10425.382,7502.056,8980.999
2010-05-17 17:00:00,7067.2456,8005.7383,10425.382,7502.056,8980.999
2010-05-17 18:00:00,7067.2456,8005.7383,10425.382,7502.056,8980.999
2010-05-17 19:00:00,7067.2456,8005.7383,10425.382,7502.056,8980.999
2010-05-17 20:00:00,7067.2456,8005.7383,10425.382,7502.056,8980.999
2010-05-17 21:00:00,7067.2456,8005.7383,10425.382,7502.056,8980.999
2010-05-17 22:00:00,7067.2456,8005.7383,10425.382,7502.056,8980.999
2010-05-17 23:00:00,7067.2456,8005.7383,10425.382,7502.056,8980.999
2010-05-18 00:00:00,7067.2456,8005.7383,10425.382,7502.056,8980.999
2010-05-18 01:00:00,7067.2456,8005.7383,10425.382,7502.056,8980.999
2010-05-18 02:00:00,7067.2456,8005.7383,10425.382,7502.056,8980.999
2010-05-18 03:00:00,7067.2456,8005.7383,10425.382,7502.056,8980.999
2010-05-18 04:00:00,7067.2456,8005.7383,10425.382,7502.056,8980.999
2010-05-18 05:00:00,7067.2456,8005.7383,10425.382,7502.056,8980.999
2010-05-18 06:00:00,7067.2456,8005.7383,10425.382,7502.056,8980.999
2010-05-18 07:00:00,7067.2456,8005.7383,10425.382,7502.056,8980.999
2010-05-18 08:00:00,7067.2456,8005.7383,10425.382,7502.056,8980.999
2010-05-18 09:00:00,7067.2456,8005.7383,10425.382,7502.056,8980.999
2010-05-18 10:00:00,7067.2456,8005.7383,10425.382,7502.056,8980.999
2010-05-18 11:00:00,7067.2456,8005.7383,10425.382,7502.056,8980.999
2010-05-18 12:00:00,7067.2456,8005.7383,10425.382,7502.056,8980.999
2010-05-18 13:00:00,7067.2456,8005.7383,10425.382,7502.056,8980.999
2010-05-18 14:00:00,7067.2456,8005.7383,10425.382,7502.056,8980.999
2010-05-18 15:00:00,7067.2456,8005.7383,10425.382,7502.056,8980.999
2010-05-18 16:00:00,7067.2456,8005.7383,10425.382,7502.056,8980.999
2010-05-18 17:00:00,7067.2456,8005.7383,10425.382,7502.056,8980.999
2010-05-18 18:00:00,7067.2456,8005.7383,10425.382,7502.056,8980.999
2010-05-18 19:00:00,7067.2456,8005.7383,10425.382,7502.056,8980.999
2010-05-18 20:00:00,7067.2456,8005.7383,10425.382,7502.056,8980.999
2010-05-18 21:00:00,7067.2456,8005.7383,10425.382,7502.056,8980.999
2010-05-18 22:00:00,7067.2456,8005.7383,10425.382,7502.056,8980.999
2010-05-18 23:00:00,7067.2456,8005.7383,10425.382,7502.056,8980.999
2010-05-19 00:00:00,7067.2456,8005.7383,10425.382,7502.056,8980.999
2010-05-19 01:00:00,7067.2456,8005.7383,10425.382,7502.056,8980.999
2010-05-19 02:00:00,7067.2456,8005.7383,10425.382,7502.056,8980.999
2010-05-19 03:00:00,7067.2456,8005.7383,10425.382,7502.056,8980.999
2010-05-19 04:00:00,7067.2456,8005.7383,10425.382,7502.056,8980.999
2010-05-19 05:00:00,7067.2456,8005.7383,10425.382,7502.056,8980.999
2010-05-19 06:00:00,7067.2456,8005.7383,10425.382,7502.056,8980.999
2010-05-19 07:00:00,7067.2456,8005.7383,10425.382,7502.056,8980.999
2010-05-19 08:00:00,7067.2456,8005.7383,10425.382,7502.056,8980.999
2010-05-19 09:00:00,7067.2456,8005.7383,10425.382,7502.056,8980.999
2010-05-19 10:00:00,7067.2456,8005.7383,10425.382,7502.056,8980.999
2010-05-19 11:00:00,7067.2456,8005.7383,10425.382,7502.056,8980.999
2010-05-19 12:00:00,7067.2456,8005.7383,10425.382,7502.056,8980.999
2010-05-19 13:00:00,7067.2456,8005.7383,10425.382,7502.056,8980.999
2010-05-19 14:00:00,7067.2456,8005.7383,10425.382,7502.056,8980.999
2010-05-19 15:00:00,7067.2456,8005.7383,10425.382,7502.056,8980.999
2010-05-19 16:00:00,7067.2456,8005.7383,10425.382,7502.056,8980.999
2010-05-19 17:00:00,7067.2456,8005.7383,10425.382,7502.056,8980.999
2010-05-19 18:00:00,7067.2456,8005.7383,10425.382,7502.056,8980.999
2010-05-19 19:00:00,7067.2456,8005.7383,10425.382,7502.056,8980.999
2010-05-19 20:00:00,7067.2456,8005.7383,10425.382,7502.056,8980.999
2010-05-19 21:00:00,7067.2456,8005.7383,10425.382,7502.056,8980.999
2010-05-19 22:00:00,7067.2456,8005.7383,10425.382,7502.056,8980.999
2010-05-19 23:00:00,7067.2456,8005.7383,10425.382,7502.056,8980.999
2010-05-20 00:00:00,7067.2456,8005.7383,10425.382,7502.056,8980.999
2010-05-20 01:00:00,7067.2456,8005.7383,10425.382,7502.056,8980.999
2010-05-20 02:00:00,7067.2456,8005.7383,10425.382,7502.056,8980.999
2010-05-20 03:00:00,7067.2456,8005.7383,10425.382,7502.056,8980.999
2010-05-20 04:00:00,7067.2456,8005.7383,10425.382,7502.056,8980.999
2010-05-20 05:00:00,7067.2456,8005.7383,10425.382,7502.056,8980.999
2010-05-20 06:00:00,7067.2456,8005.7383,10425.382,7502.056,8980.999
2010-05-20 07:00:00,7067.2456,8005.7383,10425.382,7502.056,8980.999
2010-05-20 08:00:00,7067.2456,8005.7383,10425.382,7502.056,8980.999
2010-05-20 09:00:00,7067.2456,8005.7383,10425.382,7502.056,8980.999
2010-05-20 10:00:00,7067.2456,8005.7383,10425.382,7502.056,8980.999
2010-05-20 11:00:00,7067.2456,8005.7383,10425.382,7502.056,8980.999
2010-05-20 12:00:00,7067.2456,8005.7383,10425.382,7502.056,8980.999
2010-05-20 13:00:00,7067.2456,8005.7383,10425.382,7502.056,8980.999
2010-05-20 14:00:00,7067.2456,8005.7383,10425.382,7502.056,8980.999
2010-05-20 15:00:00,7067.2456,8005.7383,10425.382,7502.056,8980.999
2010-05-20 16:00:00,7067.2456,8005.7383,10425.382,7502.056,8980.999
2010-05-20 17:00:00,7067.2456,8005.7383,10425.382,7502.056,8980.999
2010-05-20 18:00:00,7067.2456,8005.7383,10425.382,7502.056,8980.999
2010-05-20 19:00:00,7067.2456,8005.7383,10425.382,7502.056,8980.999
2010-05-20 20:00:00,7067.2456,8005.7383,10425.382,7502.056,8980.999
2010-05-20 21:00:00,7067.2456,8005.7383,10425.382,7502.056,8980.999
2010-05-20 22:00:00,7067.2456,8005.7383,10425.382,7502.056,8980.999
2010-05-20 23:00:00,7067.2456,8005.7383,10425.382,7502.056,8980.999
2010-05-21 00:00:00,7067.2456,8005.7383,10425.382,7502.056,8980.999
2010-05-21 01:00:00,7067.2456,8005.7383,10425.382,7502.056,8980.999
2010-05-21 02:00:00,7067.2456,8005.7383,10425.382,7502.056,8980.999
2010-05-21 03:00:00,7067.2456,8005.7383,10425.382,7502.056,8980.999
2010-05-21 04:00:00,7067.2456,8005.7383,10425.382,7502.056,8980.999
2010-05-21 05:00:00,7067.2456,8005.7383,10425.382,7502.056,8980.999
2010-05-21 06:00:00,7067.2456,8005.7383,10425.382,7502.056,8980.999
2010-05-21 07:00:00,7067.2456,8005.7383,10425.382,7502.056,8980.999
2010-05-21 08:00:00,7067.2456,8005.7383,10425.382,7502.056,8980.999
2010-05-21 09:00:00,7067.2456,8005.7383,10425.382,7502.056,8980.999
2010-05-21 10:00:00,7067.2456,8005.7383,10425.382,7502.056,8980.999
2010-05-21 11:00:00,7067.2456,8005.7383,10425.382,7502.056,8980.999
2010-05-21 12:00:00,7067.2456,8005.7383,10425.382,7502.056,8980.999
2010-05-21 13:00:00,7067.2456,8005.7383,10425.382,7502.056,8980.999
2010-05-21 14:00:00,7067.2456,8005.7383,10425.382,7502.056,8980.999
2010-05-21 15:00:00,7067.2456,8005.7383,10425.382,7502.056,8980.999
2010-05-21 16:00:00,7067.2456,8005.7383,10425.382,7502.056,8980.999
2010-05-21 17:00:00,7067.2456,8005.7383,10425.382,7502.056,8980.999
2010-05-21 18:00:00,7067.2456,8005.7383,10425.382,7502.056,8980.999
2010-05-21 19:00:00,7067.2456,8005.7383,10425.382,7502.056,8980.999
2010-05-21 20:00:00,7067.2456,8005.7383,10425.382,7502.056,8980.999
2010-05-21 21:00:00,7067.2456,8005.7383,10425.382,7502.056,8980.999
2010-05-21 22:00:00,7067.2456,8005.7383,10425.382,7502.056,8980.999
2010-05-21 23:00:00,7067.2456,8005.7383,10425.382,7502.056,8980.999
2010-05-22 00:00:00,7070.615,8010.326,10429.961,7506.0967,8988.092
2010-05-22 01:00:00,7070.615,8010.326,10429.961,7506.0967,8988.092
2010-05-22 02:00:00,7070.615,8010.326,10429.961,7506.0967,8988.092
2010-05-22 03:00:00,7070.615,8010.326,10429.961,7506.0967,8988.092
2010-05-22 04:00:00,7070.615,8010.326,10429.961,7506.0967,8988.092
2010-05-22 05:00:00,7067.2456,8005.7383,10425.382,7502.056,8980.999
2010-05-22 06:00:00,7067.2456,8005.7383,10425.382,7502.056,8980.999
2010-05-22 07:00:00,7067.2456,8005.7383,10425.382,7502.056,8980.999
2010-05-22 08:00:00,7067.2456,8005.7383,10425.382,7502.056,8980.999
2010-05-22 09:00:00,7067.2456,8005.7383,10425.382,7502.056,8981.219
2010-05-22 10:00:00,7067.2456,8005.7515,10425.382,7502.1797,8981.219
2010-05-22 11:00:00,7067.2456,8005.7515,10426.381,7502.1797,8981.596
2010-05-22 12:00:00,7068.009,8005.9854,10426.864,7502.229,8981.596
2010-05-22 13:00:00,7068.152,8006.215,10426.864,7502.2583,8981.951
2010-05-22 14:00:00,7068.3574,8006.215,10427.062,7502.3745,8981.955
2010-05-22 15:00:00,7068.4966,8006.2515,10427.11,7502.4062,8982.5205
2010-05-22 16:00:00,7068.6655,8007.486,10428.054,7503.357,8985.117
2010-05-22 17:00:00,7069.57,8008.601,10429.346,7504.4385,8986.723
2010-05-22 18:00:00,7070.3433,8009.472,10429.961,7505.2197,8987.933
2010-05-22 19:00:00,7070.615,8010.229,10429.961,7505.976,8988.092
2010-05-22 20:00:00,7070.615,8010.326,10429.961,7506.0967,8988.092
2010-05-22 21:00:00,7070.615,8010.326,10429.961,7506.0967,8988.092
2010-05-22 22:00:00,7070.615,8010.326,10429.961,7506.0967,8988.092
2010-05-22 23:00:00,7070.615,8010.326,10429.961,7506.0967,8988.092
2010-05-23 00:00:00,7070.615,8010.326,10429.961,7506.0967,8988.092
2010-05-23 01:00:00,7070.615,8010.326,10429.961,7506.0967,8988.092
2010-05-23 02:00:00,7070.615,8010.326,10429.961,7506.0967,8988.092
2010-05-23 03:00:00,7070.615,8010.326,10429.961,7506.0967,8988.092
2010-05-23 04:00:00,7070.615,8010.326,10429.961,7506.0967,8988.092
2010-05-23 05:00:00,7070.615,8010.326,10430.099,7506.0967,8988.092
2010-05-23 06:00:00,7070.615,8010.326,10430.099,7506.0967,8988.092
2010-05-23 07:00:00,7070.615,8010.326,10430.099,7506.0967,8988.092
2010-05-23 08:00:00,7070.615,8010.482,10430.099,7506.0967,8988.092
2010-05-23 09:00:00,7070.615,8010.482,10430.099,7506.0967,8988.092
2010-05-23 10:00:00,7070.6616,8010.482,10430.099,7506.0967,8988.092
2010-05-23 11:00:00,7070.6616,8010.482,10430.099,7506.0967,8988.092
2010-05-23 12:00:00,7070.6616,8010.482,10430.194,7506.0967,8988.092
2010-05-23 13:00:00,7070.69,8010.482,10430.194,7506.0967,8988.092
2010-05-23 14:00:00,7070.932,8010.482,10430.194,7506.0967,8988.092
2010-05-23 15:00:00,7071.412,8010.482,10430.194,7506.0967,8988.092
2010-05-23 16:00:00,7071.5107,8010.482,10430.194,7506.0967,8988.092
2010-05-23 17:00:00,7071.5796,8010.482,10430.194,7506.0967,8988.092
2010-05-23 18:00:00,7071.64,8010.482,10430.194,7506.0967,8988.092
2010-05-23 19:00:00,7071.64,8010.482,10430.194,7506.0967,8988.092
2010-05-23 20:00:00,7071.64,8010.482,10430.288,7506.0967,8988.092
2010-05-23 21:00:00,7071.64,8010.482,10430.288,7506.0967,8988.092
2010-05-23 22:00:00,7071.64,8010.482,10430.288,7506.0967,8988.092
2010-05-23 23:00:00,7071.64,8010.482,10430.288,7506.0967,8988.092
2010-05-24 00:00:00,7071.64,8010.482,10430.288,7506.0967,8988.092
2010-05-24 01:00:00,7071.64,8010.482,10430.288,7506.0967,8988.092
2010-05-24 02:00:00,7071.64,8010.482,10430.288,7506.0967,8988.092
2010-05-24 03:00:00,7071.64,8010.482,10430.288,7506.0967,8988.092
2010-05-24 04:00:00,7071.64,8010.482,10430.288,7506.0967,8988.092
2010-05-24 05:00:00,7071.64,8010.482,10430.288,7506.0967,8988.092
2010-05-24 06:00:00,7071.64,8010.482,10430.288,7506.0967,8988.092
2010-05-24 07:00:00,7071.64,8010.482,10430.288,7506.0967,8988.092
2010-05-24 08:00:00,7071.64,8010.482,10430.288,7506.0967,8988.092
2010-05-24 09:00:00,7071.64,8010.482,10430.288,7506.0967,8988.092
2010-05-24 10:00:00,7071.64,8010.482,10430.288,7506.0967,8988.092
2010-05-24 11:00:00,7071.64,8010.482,10430.288,7506.0967,8988.092
2010-05-24 12:00:00,7071.64,8010.482,10430.288,7506.0967,8988.136
2010-05-24 13:00:00,7071.64,8010.482,10430.288,7506.0967,8988.898
2010-05-24 14:00:00,7071.64,8010.482,10430.288,7506.0967,8988.974
2010-05-24 15:00:00,7071.64,8010.482,10430.288,7506.0967,8988.974
2010-05-24 16:00:00,7071.64,8010.482,10430.3545,7506.0967,8989.664
2010-05-24 17:00:00,7071.64,8010.482,10430.3545,7506.0967,8990.679
2010-05-24 18:00:00,7071.64,8010.482,10430.3545,7506.0967,8991.089
2010-05-24 19:00:00,7071.64,8010.482,10430.429,7506.0967,8991.089
2010-05-24 20:00:00,7071.64,8010.482,10430.429,7506.0967,8991.089
2010-05-24 21:00:00,7071.64,8010.482,10430.429,7506.0967,8991.089
2010-05-24 22:00:00,7071.64,8010.482,10430.429,7506.0967,8991.271
2010-05-24 23:00:00,7071.64,8010.482,10430.429,7506.0967,8991.692
2010-05-25 00:00:00,7071.64,8010.482,10430.499,7506.0967,8992.033
2010-05-25 01:00:00,7071.64,8010.482,10431.168,7506.0967,8992.235
2010-05-25 02:00:00,7071.64,8010.482,10431.359,7506.0967,8992.235
2010-05-25 03:00:00,7071.64,8010.482,10431.359,7506.0967,8992.235
2010-05-25 04:00:00,7071.64,8010.482,10431.359,7506.0967,8992.235
2010-05-25 05:00:00,7071.64,8010.482,10431.359,7506.0967,8992.235
2010-05-25 06:00:00,7071.64,8010.482,10431.359,7506.0967,8992.44
2010-05-25 07:00:00,7071.64,8010.482,10431.359,7506.0967,8992.44
2010-05-25 08:00:00,7071.64,8010.482,10431.359,7506.0967,8992.44
2010-05-25 09:00:00,7071.64,8010.482,10431.359,7506.0967,8992.44
2010-05-25 10:00:00,7071.64,8010.482,10431.359,7506.0967,8992.44
2010-05-25 11:00:00,7071.64,8010.482,10431.359,7506.0967,8992.44
2010-05-25 12:00:00,7071.64,8010.482,10431.359,7506.0967,8992.749
2010-05-25 13:00:00,7071.64,8010.482,10431.622,7506.0967,8992.937
2010-05-25 14:00:00,7071.64,8010.482,10431.622,7506.0967,8992.937
2010-05-25 15:00:00,7071.64,8010.482,10431.622,7506.0967,8992.937
2010-05-25 16:00:00,7071.64,8010.482,10431.622,7506.0967,8993.015
2010-05-25 17:00:00,7071.64,8010.482,10431.652,7506.0967,8993.297
2010-05-25 18:00:00,7071.64,8010.482,10431.846,7506.0967,8993.297
2010-05-25 19:00:00,7071.64,8010.482,10431.989,7506.0967,8993.581
2010-05-25 20:00:00,7071.64,8010.5796,10432.809,7506.0967,8993.581
2010-05-25 21:00:00,7071.64,8010.5796,10432.809,7506.0967,8993.581
2010-05-25 22:00:00,7071.64,8010.5796,10432.809,7506.0967,8993.581
2010-05-25 23:00:00,7071.64,8010.5796,10432.809,7506.0967,8993.581
2010-05-26 00:00:00,7071.64,8010.5796,10432.809,7506.0967,8993.581
2010-05-26 01:00:00,7071.64,8010.5796,10432.809,7506.0967,8993.581
2010-05-26 02:00:00,7071.64,8010.5796,10432.809,7506.0967,8993.581
2010-05-26 03:00:00,7071.64,8010.5796,10432.809,7506.0967,8993.581
2010-05-26 04:00:00,7071.64,8010.5796,10432.809,7506.0967,8993.581
2010-05-26 05:00:00,7071.64,8010.5796,10432.809,7506.0967,8993.581
2010-05-26 06:00:00,7071.64,8010.5796,10432.809,7506.0967,8993.581
2010-05-26 07:00:00,7071.64,8010.5796,10432.809,7506.0967,8993.581
2010-05-26 08:00:00,7071.64,8010.5796,10432.809,7506.0967,8993.581
2010-05-26 09:00:00,7071.64,8010.5796,10432.809,7506.0967,8993.581
2010-05-26 10:00:00,7071.64,8010.5796,10432.809,7506.0967,8993.581
2010-05-26 11:00:00,7071.64,8010.5796,10432.809,7506.0967,8993.581
2010-05-26 12:00:00,7071.64,8010.5796,10432.809,7506.0967,8993.581
2010-05-26 13:00:00,7071.64,8010.62,10432.809,7506.0967,8993.581
2010-05-26 14:00:00,7071.64,8010.7764,10432.809,7506.0967,8993.581
2010-05-26 15:00:00,7071.64,8010.7764,10432.809,7506.0967,8993.581
2010-05-26 16:00:00,7071.64,8010.7764,10432.809,7506.0967,8993.581
2010-05-26 17:00:00,7071.64,8010.7764,10432.809,7506.0967,8993.581
2010-05-26 18:00:00,7071.64,8010.7764,10432.809,7506.0967,8993.581
2010-05-26 19:00:00,7071.64,8010.7764,10432.809,7506.0967,8993.581
2010-05-26 20:00:00,7071.64,8010.7764,10432.809,7506.0967,8993.581
2010-05-26 21:00:00,7071.64,8010.7764,10432.809,7506.0967,8993.581
2010-05-26 22:00:00,7071.64,8010.5796,10432.809,7506.0967,8993.581
2010-05-26 23:00:00,7071.64,8010.5796,10432.809,7506.0967,8993.581
2010-05-27 00:00:00,7071.64,8010.7764,10432.809,7506.0967,8993.581
2010-05-27 01:00:00,7071.64,8010.7764,10432.809,7506.0967,8993.581
2010-05-27 02:00:00,7071.64,8010.7764,10432.809,7506.0967,8993.581
2010-05-27 03:00:00,7071.64,8010.7764,10432.809,7506.0967,8993.581
2010-05-27 04:00:00,7071.64,8010.7764,10432.809,7506.0967,8993.581
2010-05-27 05:00:00,7071.64,8010.7764,10432.809,7506.0967,8993.581
2010-05-27 06:00:00,7071.64,8010.7764,10432.809,7506.0967,8993.581
2010-05-27 07:00:00,7071.64,8010.7764,10432.809,7506.0967,8993.581
2010-05-27 08:00:00,7071.64,8010.7764,10432.809,7506.0967,8993.581
2010-05-27 09:00:00,7071.64,8010.7764,10432.809,7506.0967,8993.581
2010-05-27 10:00:00,7071.64,8010.7764,10432.809,7506.0967,8993.581
2010-05-27 11:00:00,7071.64,8010.7764,10432.809,7506.0967,8993.581
2010-05-27 12:00:00,7071.64,8010.7764,10432.809,7506.158,8993.581
2010-05-27 13:00:00,7071.64,8010.791,10432.809,7506.2373,8993.581
2010-05-27 14:00:00,7071.64,8013.059,10432.809,7507.2026,8993.581
2010-05-27 15:00:00,7071.64,8015.136,10432.809,7507.6104,8993.581
2010-05-27 16:00:00,7071.64,8015.2275,10432.809,7508.6704,8993.581
2010-05-27 17:00:00,7071.64,8015.2275,10432.809,7508.6704,8994.137
2010-05-27 18:00:00,7071.64,8015.2275,10432.809,7508.6704,8994.402
2010-05-27 19:00:00,7071.64,8015.2275,10432.809,7508.6704,8994.402
2010-05-27 20:00:00,7071.64,8015.2275,10432.809,7508.6704,8994.402
2010-05-27 21:00:00,7071.64,8015.2275,10432.809,7508.6704,8994.402
2010-05-27 22:00:00,7071.64,8015.2275,10432.809,7508.6704,8994.402
2010-05-27 23:00:00,7071.64,8015.2275,10432.809,7508.6704,8994.402
2010-05-28 00:00:00,7071.64,8015.2275,10432.809,7508.6704,8994.402
2010-05-28 01:00:00,7071.64,8015.2275,10432.809,7508.6704,8994.402
2010-05-28 02:00:00,7071.64,8015.2275,10432.809,7508.6704,8994.402
2010-05-28 03:00:00,7071.64,8015.2275,10432.809,7508.6704,8994.402
2010-05-28 04:00:00,7071.64,8015.2275,10432.809,7508.6704,8994.402
2010-05-28 05:00:00,7071.64,8015.2275,10432.809,7508.6704,8994.402
2010-05-28 06:00:00,7071.64,8015.2275,10432.809,7508.6704,8994.402
2010-05-28 07:00:00,7071.64,8015.2275,10432.809,7508.6704,8994.402
2010-05-28 08:00:00,7071.64,8015.2275,10432.809,7508.6704,8994.402
2010-05-28 09:00:00,7071.64,8015.2275,10432.809,7508.6704,8994.402
2010-05-28 10:00:00,7071.64,8015.2275,10432.809,7508.6704,8994.402
2010-05-28 11:00:00,7071.64,8015.2275,10432.809,7508.6704,8994.402
2010-05-28 12:00:00,7071.64,8015.2275,10432.809,7508.6704,8994.402
2010-05-28 13:00:00,7071.64,8015.2275,10432.809,7508.6704,8994.402
2010-05-28 14:00:00,7071.64,8015.2275,10432.809,7508.6704,8994.402
2010-05-28 15:00:00,7071.64,8015.2275,10432.809,7508.6704,8994.402
2010-05-28 16:00:00,7071.64,8015.2275,10432.809,7508.6704,8994.402
2010-05-28 17:00:00,7071.64,8015.2275,10432.809,7508.6704,8994.402
2010-05-28 18:00:00,7071.64,8015.2275,10432.809,7508.6704,8994.402
2010-05-28 19:00:00,7071.64,8015.2275,10432.809,7508.6704,8994.402
2010-05-28 20:00:00,7071.64,8015.2275,10432.809,7508.6704,8994.402
2010-05-28 21:00:00,7071.64,8015.2275,10432.809,7508.6704,8994.402
2010-05-28 22:00:00,7071.64,8015.2275,10432.809,7508.6704,8994.402
2010-05-28 23:00:00,7071.64,8015.2275,10432.809,7508.6704,8994.402
2010-05-29 00:00:00,7071.64,8015.9116,10433.685,7510.0737,8999.338
2010-05-29 01:00:00,7071.64,8015.9116,10433.685,7511.041,8999.338
2010-05-29 02:00:00,7071.64,8015.9116,10433.685,7511.041,8999.338
2010-05-29 03:00:00,7071.64,8015.9717,10433.685,7511.056,8999.338
2010-05-29 04:00:00,7071.64,8016.3047,10433.685,7511.0767,8999.338
2010-05-29 05:00:00,7071.64,8017.3213,10433.685,7511.0767,8999.338
2010-05-29 06:00:00,7071.64,8018.881,10433.685,7511.0767,8999.338
2010-05-29 07:00:00,7071.64,8020.416,10433.685,7511.406,8999.338
2010-05-29 08:00:00,7071.64,8021.518,10433.685,7511.406,8999.338
2010-05-29 09:00:00,7071.64,8021.961,10433.685,7511.406,8999.344
2010-05-29 10:00:00,7071.64,8022.4653,10433.685,7511.406,8999.344
2010-05-29 11:00:00,7071.64,8022.4756,10433.685,7511.406,8999.344
2010-05-29 12:00:00,7071.64,8015.2275,10432.809,7508.6704,8994.402
2010-05-29 13:00:00,7071.64,8015.2275,10432.809,7508.6704,8994.402
2010-05-29 14:00:00,7071.64,8015.2275,10432.809,7508.6704,8994.402
2010-05-29 15:00:00,7071.64,8015.2275,10432.809,7508.6704,8994.402
2010-05-29 16:00:00,7071.64,8015.2275,10432.809,7508.6704,8994.402
2010-05-29 17:00:00,7071.64,8015.2275,10432.809,7508.6704,8994.402
2010-05-29 18:00:00,7071.64,8015.2275,10432.809,7508.6704,8994.402
2010-05-29 19:00:00,7071.64,8015.2275,10432.809,7508.6704,8994.402
2010-05-29 20:00:00,7071.64,8015.2275,10432.809,7508.6704,8994.402
2010-05-29 21:00:00,7071.64,8015.2275,10432.809,7508.6704,8994.402
2010-05-29 22:00:00,7071.64,8015.2275,10432.809,7508.6704,8997.875
2010-05-29 23:00:00,7071.64,8015.395,10432.913,7509.312,8999.338
2010-05-30 00:00:00,7071.64,8022.4756,10433.685,7511.406,8999.344
2010-05-30 01:00:00,7071.64,8022.4756,10433.685,7511.406,8999.344
2010-05-30 02:00:00,7071.64,8022.4756,10433.685,7511.406,8999.344
2010-05-30 03:00:00,7071.64,8022.4756,10433.685,7511.406,8999.344
2010-05-30 04:00:00,7071.64,8022.4756,10433.685,7511.406,8999.344
2010-05-30 05:00:00,7071.64,8022.4756,10433.685,7511.406,8999.344
2010-05-30 06:00:00,7071.64,8022.4756,10433.685,7511.406,8999.344
2010-05-30 07:00:00,7071.64,8022.4756,10433.685,7511.406,8999.344
2010-05-30 08:00:00,7071.64,8022.4756,10433.685,7511.406,8999.344
2010-05-30 09:00:00,7071.64,8022.4756,10433.685,7511.406,8999.344
2010-05-30 10:00:00,7071.64,8022.4756,10433.685,7511.406,8999.344
2010-05-30 11:00:00,7071.64,8022.4756,10433.685,7511.406,8999.344
2010-05-30 12:00:00,7071.64,8022.4756,10433.685,7511.406,8999.344
2010-05-30 13:00:00,7071.64,8022.4756,10433.685,7511.406,8999.344
2010-05-30 14:00:00,7071.64,8022.4756,10433.685,7511.406,8999.344
2010-05-30 15:00:00,7071.64,8022.4756,10433.685,7511.406,8999.344
2010-05-30 16:00:00,7071.64,8022.4756,10433.685,7511.406,8999.344
2010-05-30 17:00:00,7071.64,8022.4756,10433.685,7511.406,8999.344
2010-05-30 18:00:00,7071.64,8022.4756,10433.685,7511.406,8999.344
2010-05-30 19:00:00,7071.64,8022.4756,10433.685,7511.406,8999.344
2010-05-30 20:00:00,7071.64,8022.4756,10433.685,7511.406,8999.344
2010-05-30 21:00:00,7071.64,8022.4756,10433.685,7511.406,8999.344
2010-05-30 22:00:00,7071.64,8022.4756,10433.685,7511.406,8999.344
2010-05-30 23:00:00,7071.64,8022.4756,10433.685,7511.406,8999.344
2010-05-31 00:00:00,7071.64,8022.4756,10433.685,7511.406,8999.344
2010-05-31 01:00:00,7071.64,8022.4756,10433.685,7511.406,8999.344
2010-05-31 02:00:00,7071.64,8022.4756,10433.685,7511.406,8999.344
2010-05-31 03:00:00,7071.64,8022.4756,10433.685,7511.406,8999.344
2010-05-31 04:00:00,7071.64,8022.4756,10433.685,7511.406,8999.344
2010-05-31 05:00:00,7071.64,8022.4756,10433.685,7511.406,8999.344
2010-05-31 06:00:00,7071.64,8022.4756,10433.685,7511.406,8999.344
2010-05-31 07:00:00,7071.64,8022.4756,10433.685,7511.406,8999.344
2010-05-31 08:00:00,7071.64,8022.4756,10433.685,7511.406,8999.344
2010-05-31 09:00:00,7071.64,8022.4756,10433.685,7511.406,8999.344
2010-05-31 10:00:00,7071.64,8022.4756,10433.685,7511.406,8999.344
2010-05-31 11:00:00,7071.64,8022.4756,10433.685,7511.406,8999.344
2010-05-31 12:00:00,7071.64,8022.4756,10433.685,7511.406,8999.344
2010-05-31 13:00:00,7071.64,8022.4756,10433.685,7511.406,8999.344
2010-05-31 14:00:00,7071.64,8022.4756,10433.685,7511.406,8999.344
2010-05-31 15:00:00,7071.64,8022.4756,10433.685,7511.406,8999.344
2010-05-31 16:00:00,7071.64,8022.4756,10433.685,7511.406,8999.344
2010-05-31 17:00:00,7071.64,8022.4756,10433.685,7511.406,8999.344
2010-05-31 18:00:00,7071.64,8022.4756,10433.685,7511.406,8999.344
2010-05-31 19:00:00,7071.64,8022.4756,10433.685,7511.406,8999.344
2010-05-31 20:00:00,7071.64,8022.4756,10433.685,7511.406,8999.344
2010-05-31 21:00:00,7071.64,8022.4756,10433.685,7511.406,8999.344
2010-05-31 22:00:00,7071.64,8022.4756,10433.685,7511.406,8999.344
2010-05-31 23:00:00,7071.64,8022.4756,10433.685,7511.406,8999.344
2010-06-01 00:00:00,7071.64,8022.4756,10433.685,7511.474,8999.344
2010-06-01 01:00:00,7071.64,8022.4756,10433.685,7511.406,8999.344
2010-06-01 02:00:00,7071.64,8022.4756,10433.685,7511.406,8999.344
2010-06-01 03:00:00,7071.64,8022.4756,10433.685,7511.406,8999.344
2010-06-01 04:00:00,7071.64,8022.4756,10433.685,7511.406,8999.344
2010-06-01 05:00:00,7071.64,8022.4756,10433.685,7511.406,8999.344
2010-06-01 06:00:00,7071.64,8022.4756,10433.685,7511.406,8999.344
2010-06-01 07:00:00,7071.64,8022.4756,10433.685,7511.406,8999.344
2010-06-01 08:00:00,7071.64,8022.4756,10433.685,7511.406,8999.344
2010-06-01 09:00:00,7071.64,8022.4756,10433.685,7511.406,8999.344
2010-06-01 10:00:00,7071.64,8022.4756,10433.685,7511.406,8999.344
2010-06-01 11:00:00,7071.64,8022.4756,10433.685,7511.406,8999.344
2010-06-01 12:00:00,7071.64,8022.4756,10433.685,7511.406,8999.344
2010-06-01 13:00:00,7071.64,8022.4756,10433.685,7511.406,8999.344
2010-06-01 14:00:00,7071.64,8022.4756,10433.685,7511.406,8999.344
2010-06-01 15:00:00,7071.64,8022.4756,10433.685,7511.406,8999.344
2010-06-01 16:00:00,7071.64,8022.4756,10433.685,7511.449,8999.344
2010-06-01 17:00:00,7071.64,8022.4756,10433.685,7511.474,8999.344
2010-06-01 18:00:00,7071.64,8022.4756,10433.685,7511.474,8999.344
2010-06-01 19:00:00,7071.64,8022.4756,10433.685,7511.474,8999.344
2010-06-01 20:00:00,7071.64,8022.4756,10433.685,7511.474,8999.344
2010-06-01 21:00:00,7071.64,8022.4756,10433.685,7511.474,8999.344
2010-06-01 22:00:00,7071.64,8022.4756,10433.685,7511.474,8999.344
2010-06-01 23:00:00,7071.64,8022.4756,10433.685,7511.474,8999.344
2010-06-02 00:00:00,7071.64,8022.4756,10433.685,7511.474,8999.344
2010-06-02 01:00:00,7071.64,8022.4756,10433.685,7511.474,8999.344
2010-06-02 02:00:00,7071.64,8022.4756,10433.685,7511.474,8999.344
2010-06-02 03:00:00,7071.64,8022.4756,10433.685,7511.474,8999.344
2010-06-02 04:00:00,7071.64,8022.4756,10433.685,7511.474,8999.344
2010-06-02 05:00:00,7071.64,8022.4756,10433.685,7511.474,8999.344
2010-06-02 06:00:00,7071.64,8022.4756,10433.685,7511.474,8999.344
2010-06-02 07:00:00,7071.64,8022.4756,10433.685,7511.474,8999.344
2010-06-02 08:00:00,7071.64,8022.4756,10433.685,7511.474,8999.344
2010-06-02 09:00:00,7071.64,8022.4756,10433.685,7511.474,8999.344
2010-06-02 10:00:00,7071.64,8022.4756,10433.685,7511.474,8999.344
2010-06-02 11:00:00,7071.64,8022.4907,10433.96,7511.474,8999.344
2010-06-02 12:00:00,7071.64,8022.6846,10434.016,7511.474,8999.344
2010-06-02 13:00:00,7071.64,8022.6846,10434.016,7511.474,8999.344
2010-06-02 14:00:00,7071.781,8023.1436,10434.351,7511.4844,8999.769
2010-06-02 15:00:00,7072.915,8024.975,10436.123,7513.181,9000.56
2010-06-02 16:00:00,7073.698,8025.6807,10437.639,7514.1304,9001.438
2010-06-02 17:00:00,7074.26,8026.2104,10437.926,7516.8706,9001.719
2010-06-02 18:00:00,7074.2773,8026.432,10438.876,7517.0073,9002.286
2010-06-02 19:00:00,7074.2773,8026.699,10440.303,7517.164,9003.92
2010-06-02 20:00:00,7074.514,8027.9365,10443.08,7519.4766,9005.08
2010-06-02 21:00:00,7074.649,8028.492,10446.087,7521.069,9005.147
2010-06-02 22:00:00,7074.722,8028.759,10448.512,7521.6577,9005.995
2010-06-02 23:00:00,7074.9575,8029.0854,10449.566,7522.047,9006.968
2010-06-03 00:00:00,7075.061,8029.1445,10449.614,7522.087,9008.7
2010-06-03 01:00:00,7075.1577,8029.1445,10449.614,7522.1167,9008.852
2010-06-03 02:00:00,7075.1577,8029.1445,10449.614,7522.1167,9008.8955
2010-06-03 03:00:00,7075.1577,8029.1694,10449.614,7522.1167,9008.8955
2010-06-03 04:00:00,7075.253,8029.6724,10449.614,7522.1167,9009.302
2010-06-03 05:00:00,7075.275,8029.952,10449.614,7522.1167,9009.589
2010-06-03 06:00:00,7075.275,8029.9824,10449.614,7522.1167,9009.589
2010-06-03 07:00:00,7075.275,8029.9824,10449.614,7522.1167,9009.677
2010-06-03 08:00:00,7075.275,8030.1553,10449.614,7522.1167,9009.686
2010-06-03 09:00:00,7075.275,8030.4766,10449.614,7522.1167,9009.797
2010-06-03 10:00:00,7075.275,8030.6074,10449.614,7522.1167,9009.797
2010-06-03 11:00:00,7075.275,8030.613,10449.614,7522.1167,9009.797
2010-06-03 12:00:00,7075.275,8030.613,10449.715,7522.1167,9009.797
2010-06-03 13:00:00,7075.275,8030.613,10449.749,7522.1167,9009.797
2010-06-03 14:00:00,7075.275,8030.613,10450.032,7522.1167,9009.797
2010-06-03 15:00:00,7075.275,8030.613,10450.053,7522.1167,9009.797
2010-06-03 16:00:00,7075.275,8030.613,10450.053,7522.1167,9009.797
2010-06-03 17:00:00,7075.275,8030.613,10450.053,7522.1167,9009.797
2010-06-03 18:00:00,7075.275,8030.613,10450.053,7522.1167,9009.797
2010-06-03 19:00:00,7075.275,8030.613,10450.053,7522.1167,9009.797
2010-06-03 20:00:00,7075.275,8030.613,10450.053,7522.1167,9009.797
2010-06-03 21:00:00,7075.275,8030.613,10450.053,7522.1167,9009.797
2010-06-03 22:00:00,7075.275,8030.613,10450.053,7522.1167,9009.797
2010-06-03 23:00:00,7075.275,8030.613,10450.053,7522.1167,9009.797
2010-06-04 00:00:00,7075.275,8030.613,10450.053,7522.1167,9009.797
2010-06-04 01:00:00,7075.275,8030.613,10450.053,7522.1167,9009.797
2010-06-04 02:00:00,7075.275,8030.613,10450.053,7522.1167,9009.797
2010-06-04 03:00:00,7075.275,8030.613,10450.053,7522.1167,9009.797
2010-06-04 04:00:00,7075.275,8030.613,10450.053,7522.1167,9009.797
2010-06-04 05:00:00,7075.275,8030.613,10450.053,7522.1167,9009.797
2010-06-04 06:00:00,7075.275,8030.613,10450.245,7522.1167,9009.797
2010-06-04 07:00:00,7075.275,8030.613,10450.316,7522.1167,9009.797
2010-06-04 08:00:00,7075.275,8030.613,10450.316,7522.1167,9009.797
2010-06-04 09:00:00,7075.275,8030.613,10450.316,7522.1167,9009.797
2010-06-04 10:00:00,7075.275,8030.613,10450.316,7522.1167,9009.797
2010-06-04 11:00:00,7075.275,8030.613,10450.316,7522.1167,9009.797
2010-06-04 12:00:00,7075.275,8030.613,10450.316,7522.1167,9009.797
2010-06-04 13:00:00,7075.275,8030.613,10450.316,7522.1167,9009.797
2010-06-04 14:00:00,7075.275,8030.613,10450.316,7522.1167,9009.797
2010-06-04 15:00:00,7075.275,8030.613,10450.316,7522.1167,9009.797
2010-06-04 16:00:00,7075.275,8030.613,10450.316,7522.1167,9009.797
2010-06-04 17:00:00,7075.275,8030.613,10450.316,7522.1167,9009.797
2010-06-04 18:00:00,7075.275,8030.613,10450.316,7522.1167,9009.797
2010-06-04 19:00:00,7075.275,8030.613,10450.316,7522.1167,9009.797
2010-06-04 20:00:00,7075.275,8030.613,10450.316,7522.1167,9009.797
2010-06-04 21:00:00,7075.275,8030.613,10450.316,7522.1167,9009.797
2010-06-04 22:00:00,7075.275,8030.613,10450.316,7522.1167,9009.797
2010-06-04 23:00:00,7075.275,8030.613,10450.316,7522.1167,9009.797
2010-06-05 00:00:00,7075.275,8030.613,10450.316,7522.1167,9009.797
2010-06-05 01:00:00,7075.275,8030.613,10450.316,7522.1167,9009.797
2010-06-05 02:00:00,7075.275,8030.613,10450.316,7522.1167,9009.797
2010-06-05 03:00:00,7075.275,8030.613,10450.316,7522.1167,9009.797
2010-06-05 04:00:00,7075.275,8030.613,10450.316,7522.1167,9009.797
2010-06-05 05:00:00,7075.275,8030.613,10450.316,7522.1167,9009.797
2010-06-05 06:00:00,7075.275,8030.613,10450.316,7522.1167,9009.797
2010-06-05 07:00:00,7075.275,8030.613,10450.316,7522.1167,9009.797
2010-06-05 08:00:00,7075.275,8030.613,10450.316,7522.1167,9009.797
2010-06-05 09:00:00,7075.275,8030.613,10450.316,7522.1167,9009.797
2010-06-05 10:00:00,7075.275,8030.613,10450.316,7522.1167,9009.797
2010-06-05 11:00:00,7075.275,8030.613,10450.316,7522.1167,9009.797
2010-06-05 12:00:00,7075.275,8030.613,10450.316,7522.1167,9009.797
2010-06-05 13:00:00,7075.275,8030.613,10450.316,7522.1167,9009.797
2010-06-05 14:00:00,7075.275,8030.613,10450.316,7522.1167,9009.797
2010-06-05 15:00:00,7075.275,8030.613,10450.316,7522.1167,9009.797
2010-06-05 16:00:00,7075.275,8030.613,10450.316,7522.1167,9009.797
2010-06-05 17:00:00,7075.275,8030.613,10450.316,7522.1167,9009.797
2010-06-05 18:00:00,7075.275,8030.613,10450.316,7522.1167,9009.797
2010-06-05 19:00:00,7075.275,8030.613,10450.316,7522.1167,9009.797
2010-06-05 20:00:00,7075.275,8030.613,10450.316,7522.1167,9009.797
2010-06-05 21:00:00,7075.275,8030.613,10450.316,7522.1167,9009.797
2010-06-05 22:00:00,7075.275,8030.613,10450.316,7522.1167,9009.797
2010-06-05 23:00:00,7075.275,8030.613,10450.316,7522.1167,9009.797
2010-06-06 00:00:00,7075.275,8030.613,10450.316,7522.1167,9009.797
2010-06-06 01:00:00,7075.275,8030.613,10450.316,7522.1167,9009.797
2010-06-06 02:00:00,7075.275,8030.613,10450.316,7522.1167,9009.797
2010-06-06 03:00:00,7075.275,8030.613,10450.316,7522.1167,9009.797
2010-06-06 04:00:00,7075.275,8030.613,10450.316,7522.1167,9009.797
2010-06-06 05:00:00,7075.275,8030.613,10450.316,7522.1167,9009.797
2010-06-06 06:00:00,7075.275,8030.613,10450.316,7522.1167,9009.797
2010-06-06 07:00:00,7075.275,8030.613,10450.316,7522.1167,9009.797
2010-06-06 08:00:00,7075.275,8030.613,10450.316,7522.1167,9009.797
2010-06-06 09:00:00,7075.275,8030.613,10450.316,7522.1167,9009.797
2010-06-06 10:00:00,7075.275,8030.613,10450.316,7522.1167,9009.797
2010-06-06 11:00:00,7075.275,8030.613,10450.316,7522.1167,9009.797
2010-06-06 12:00:00,7075.275,8030.613,10450.316,7522.1167,9009.797
2010-06-06 13:00:00,7075.275,8030.613,10450.316,7522.1167,9009.797
2010-06-06 14:00:00,7075.275,8030.613,10450.316,7522.1167,9009.797
2010-06-06 15:00:00,7075.275,8030.613,10450.316,7522.1167,9009.797
2010-06-06 16:00:00,7075.275,8030.613,10450.316,7522.1167,9009.797
2010-06-06 17:00:00,7075.275,8030.619,10450.316,7522.1167,9009.797
2010-06-06 18:00:00,7075.275,8030.6904,10450.316,7522.1167,9009.797
2010-06-06 19:00:00,7075.275,8030.6904,10450.316,7522.1167,9009.797
2010-06-06 20:00:00,7075.275,8030.6904,10450.316,7522.1167,9009.797
2010-06-06 21:00:00,7075.275,8030.6904,10450.316,7522.1167,9009.797
2010-06-06 22:00:00,7075.275,8030.6904,10450.316,7522.1167,9009.797
2010-06-06 23:00:00,7075.275,8030.6904,10450.316,7522.1167,9009.797
2010-06-07 00:00:00,7075.275,8030.6904,10450.316,7522.1167,9009.797
2010-06-07 01:00:00,7075.275,8030.6904,10450.316,7522.1167,9009.797
2010-06-07 02:00:00,7075.275,8030.6904,10450.316,7522.1167,9009.797
2010-06-07 03:00:00,7075.275,8030.6904,10450.316,7522.1167,9009.797
2010-06-07 04:00:00,7075.275,8030.6904,10450.316,7522.1167,9009.797
2010-06-07 05:00:00,7075.517,8030.6904,10450.316,7522.1167,9009.797
2010-06-07 06:00:00,7075.753,8030.6904,10450.316,7522.1167,9009.797
2010-06-07 07:00:00,7075.753,8030.6904,10450.316,7522.1167,9009.797
2010-06-07 08:00:00,7075.753,8030.6904,10450.316,7522.1167,9009.797
2010-06-07 09:00:00,7075.753,8030.6904,10450.316,7522.1167,9009.797
2010-06-07 10:00:00,7075.753,8030.6904,10450.316,7522.1167,9009.797
2010-06-07 11:00:00,7075.753,8030.6904,10450.316,7522.1167,9009.797
2010-06-07 12:00:00,7075.753,8030.6904,10450.316,7522.1167,9009.797
2010-06-07 13:00:00,7075.753,8030.6904,10450.316,7522.1167,9009.797
2010-06-07 14:00:00,7075.753,8030.6904,10450.316,7522.1167,9009.797
2010-06-07 15:00:00,7075.753,8030.6904,10450.316,7522.1167,9009.797
2010-06-07 16:00:00,7075.753,8030.6904,10450.316,7522.1167,9009.797
2010-06-07 17:00:00,7075.753,8030.6904,10450.316,7522.1167,9009.797
2010-06-07 18:00:00,7075.753,8030.6904,10450.316,7522.1167,9009.797
2010-06-07 19:00:00,7075.753,8030.6904,10450.316,7522.1167,9009.87
2010-06-07 20:00:00,7075.753,8030.6904,10450.316,7522.1167,9009.87
2010-06-07 21:00:00,7075.753,8030.6904,10450.316,7522.1167,9009.87
2010-06-07 22:00:00,7075.753,8030.6904,10450.316,7522.1167,9009.87
2010-06-07 23:00:00,7075.753,8030.6904,10450.316,7522.1167,9009.96
2010-06-08 00:00:00,7078.3237,8031.787,10450.316,7522.473,9009.96
2010-06-08 01:00:00,7078.3237,8031.924,10450.316,7522.473,9010.308
2010-06-08 02:00:00,7078.3237,8031.924,10450.316,7522.473,9010.411
2010-06-08 03:00:00,7078.3237,8031.924,10450.316,7522.473,9010.411
2010-06-08 04:00:00,7075.753,8030.6904,10450.316,7522.1167,9009.96
2010-06-08 05:00:00,7075.753,8030.6904,10450.316,7522.1167,9009.96
2010-06-08 06:00:00,7076.0835,8030.776,10450.316,7522.1167,9009.96
2010-06-08 07:00:00,7077.4277,8030.776,10450.316,7522.1167,9009.96
2010-06-08 08:00:00,7077.4277,8030.776,10450.316,7522.135,9009.96
2010-06-08 09:00:00,7077.4277,8030.776,10450.316,7522.135,9009.96
2010-06-08 10:00:00,7077.4277,8030.776,10450.316,7522.135,9009.96
2010-06-08 11:00:00,7077.4277,8030.776,10450.316,7522.135,9009.96
2010-06-08 12:00:00,7077.4277,8030.776,10450.316,7522.135,9009.96
2010-06-08 13:00:00,7077.4277,8030.776,10450.316,7522.135,9009.96
2010-06-08 14:00:00,7077.74,8030.776,10450.316,7522.135,9009.96
2010-06-08 15:00:00,7077.74,8030.776,10450.316,7522.135,9009.96
2010-06-08 16:00:00,7077.74,8030.776,10450.316,7522.135,9009.96
2010-06-08 17:00:00,7077.74,8030.776,10450.316,7522.135,9009.96
2010-06-08 18:00:00,7077.74,8030.776,10450.316,7522.2124,9009.96
2010-06-08 19:00:00,7077.848,8030.776,10450.316,7522.2183,9009.96
2010-06-08 20:00:00,7078.1973,8030.776,10450.316,7522.2183,9009.96
2010-06-08 21:00:00,7078.1973,8030.776,10450.316,7522.2695,9009.96
2010-06-08 22:00:00,7078.3237,8030.776,10450.316,7522.3564,9009.96
2010-06-08 23:00:00,7078.3237,8030.835,10450.316,7522.3564,9009.96
2010-06-09 00:00:00,7078.3237,8031.924,10450.316,7522.473,9010.411
2010-06-09 01:00:00,7078.3237,8031.924,10450.316,7522.473,9010.411
2010-06-09 02:00:00,7078.3237,8031.924,10450.316,7522.473,9010.411
2010-06-09 03:00:00,7078.3237,8031.924,10450.316,7522.473,9010.411
2010-06-09 04:00:00,7078.3237,8031.924,10450.316,7522.473,9010.411
2010-06-09 05:00:00,7078.3237,8031.924,10450.316,7522.473,9010.411
2010-06-09 06:00:00,7078.3237,8031.924,10450.316,7522.473,9010.411
2010-06-09 07:00:00,7078.3237,8031.924,10450.316,7522.473,9010.411
2010-06-09 08:00:00,7078.3237,8031.924,10450.316,7522.473,9010.411
2010-06-09 09:00:00,7078.3237,8031.924,10450.316,7522.473,9010.411
2010-06-09 10:00:00,7078.3237,8031.924,10450.316,7522.473,9010.411
2010-06-09 11:00:00,7078.3237,8031.924,10450.316,7522.574,9010.411
2010-06-09 12:00:00,7078.3237,8031.924,10450.316,7523.247,9010.411
2010-06-09 13:00:00,7078.3237,8031.924,10450.316,7523.247,9010.411
2010-06-09 14:00:00,7078.3237,8031.924,10450.316,7523.247,9010.411
2010-06-09 15:00:00,7078.3237,8031.924,10450.316,7523.247,9010.411
2010-06-09 16:00:00,7078.3237,8031.924,10450.316,7523.247,9010.411
2010-06-09 17:00:00,7078.3237,8031.924,10450.316,7523.247,9010.411
2010-06-09 18:00:00,7078.3237,8031.924,10450.316,7523.247,9010.411
2010-06-09 19:00:00,7078.3237,8031.924,10450.316,7523.247,9010.411
2010-06-09 20:00:00,7078.3237,8031.924,10450.316,7523.247,9010.411
2010-06-09 21:00:00,7078.3237,8031.924,10450.316,7523.247,9010.411
2010-06-09 22:00:00,7078.3237,8031.924,10450.316,7523.247,9010.411
2010-06-09 23:00:00,7078.3237,8031.924,10450.316,7523.247,9010.411
2010-06-10 00:00:00,7078.3237,8031.924,10450.316,7523.247,9010.411
2010-06-10 01:00:00,7078.3237,8031.924,10450.316,7523.247,9010.411
2010-06-10 02:00:00,7078.3237,8031.924,10450.316,7523.247,9010.411
2010-06-10 03:00:00,7078.3237,8031.924,10450.316,7523.247,9010.411
2010-06-10 04:00:00,7078.3237,8031.924,10450.316,7523.247,9010.411
2010-06-10 05:00:00,7078.3237,8031.924,10450.316,7523.247,9010.411
2010-06-10 06:00:00,7078.3237,8031.924,10450.316,7523.247,9010.411
2010-06-10 07:00:00,7078.3237,8031.924,10450.316,7523.247,9010.411
2010-06-10 08:00:00,7078.3237,8031.924,10450.316,7523.247,9010.411
2010-06-10 09:00:00,7078.3237,8031.924,10450.316,7523.247,9010.411
2010-06-10 10:00:00,7078.3237,8031.924,10450.316,7523.247,9010.411
2010-06-10 11:00:00,7078.3237,8031.924,10450.316,7523.247,9010.411
2010-06-10 12:00:00,7078.3237,8031.924,10450.316,7523.247,9010.411
2010-06-10 13:00:00,7078.3237,8031.924,10450.316,7523.399,9010.411
2010-06-10 14:00:00,7078.3237,8031.924,10450.316,7523.4624,9010.411
2010-06-10 15:00:00,7078.3237,8031.924,10450.316,7523.5537,9010.411
2010-06-10 16:00:00,7078.6606,8031.924,10450.316,7523.5537,9010.411
2010-06-10 17:00:00,7078.6606,8031.924,10450.316,7523.6772,9010.411
2010-06-10 18:00:00,7078.6606,8031.924,10450.316,7523.6772,9010.411
2010-06-10 19:00:00,7078.6606,8031.924,10450.316,7523.6772,9010.411
2010-06-10 20:00:00,7078.6606,8031.924,10450.316,7523.6772,9010.411
2010-06-10 21:00:00,7078.6606,8031.924,10450.316,7523.6772,9010.411
2010-06-10 22:00:00,7078.6606,8031.924,10450.316,7523.6772,9010.411
2010-06-10 23:00:00,7078.6606,8031.924,10450.316,7523.6772,9010.411
2010-06-11 00:00:00,7078.6606,8031.924,10450.316,7523.6772,9010.705
2010-06-11 01:00:00,7078.6606,8031.924,10450.989,7523.6772,9010.705
2010-06-11 02:00:00,7078.6606,8031.9326,10450.989,7523.6772,9010.813
2010-06-11 03:00:00,7078.6606,8034.1865,10451.388,7524.4126,9011.023
2010-06-11 04:00:00,7079.2837,8034.1865,10452.07,7524.57,9011.023
2010-06-11 05:00:00,7079.2837,8034.1865,10452.07,7524.58,9011.023
2010-06-11 06:00:00,7079.64,8034.9204,10452.07,7525.7783,9011.068
2010-06-11 07:00:00,7080.3564,8035.6387,10452.728,7526.1133,9011.072
2010-06-11 08:00:00,7080.871,8036.42,10452.816,7527.778,9011.329
2010-06-11 09:00:00,7081.913,8036.518,10452.816,7529.504,9011.464
2010-06-11 10:00:00,7082.083,8036.518,10452.816,7530.6943,9011.464
2010-06-11 11:00:00,7082.302,8036.518,10452.816,7530.7344,9011.464
2010-06-11 12:00:00,7082.9863,8036.518,10452.816,7530.7344,9012.486
2010-06-11 13:00:00,7082.9863,8037.4805,10452.816,7531.03,9013.268
2010-06-11 14:00:00,7083.5923,8039.389,10453.411,7532.038,9015.006
2010-06-11 15:00:00,7085.2217,8040.532,10454.224,7532.884,9018.09
2010-06-11 16:00:00,7086.197,8042.309,10456.003,7534.4517,9020.379
2010-06-11 17:00:00,7086.802,8044.023,10457.594,7535.255,9022.108
2010-06-11 18:00:00,7087.1924,8045.3145,10459.068,7536.0767,9023.671
2010-06-11 19:00:00,7087.665,8046.58,10460.533,7536.646,9025.119
2010-06-11 20:00:00,7088.297,8047.66,10461.899,7538.0054,9026.318
2010-06-11 21:00:00,7088.933,8049.4185,10463.386,7538.923,9027.536
2010-06-11 22:00:00,7089.3657,8050.6963,10464.167,7539.642,9028.982
2010-06-11 23:00:00,7089.413,8051.4775,10464.948,7540.2437,9029.764
2010-06-12 00:00:00,7091.725,8054.573,10469.916,7543.922,9033.724
2010-06-12 01:00:00,7091.725,8054.573,10470.676,7544.5454,9034.483
2010-06-12 02:00:00,7091.725,8054.573,10472.176,7544.931,9035.255
2010-06-12 03:00:00,7091.725,8054.573,10473.682,7545.2153,9036.008
2010-06-12 04:00:00,7091.725,8054.573,10474.417,7545.2153,9036.744
2010-06-12 05:00:00,7091.725,8054.573,10474.417,7545.2153,9037.021
2010-06-12 06:00:00,7091.725,8054.573,10474.417,7545.2153,9037.021
2010-06-12 07:00:00,7091.725,8054.573,10474.417,7545.2153,9037.021
2010-06-12 08:00:00,7091.725,8054.573,10474.417,7545.2153,9037.021
2010-06-12 09:00:00,7091.725,8054.573,10474.417,7545.2153,9037.021
2010-06-12 10:00:00,7091.725,8054.573,10474.618,7545.2153,9037.021
2010-06-12 11:00:00,7091.725,8054.613,10474.618,7545.2153,9037.021
2010-06-12 12:00:00,7091.725,8055.1616,10474.618,7545.2153,9037.021
2010-06-12 13:00:00,7091.725,8055.1616,10475.141,7545.2153,9037.021
2010-06-12 14:00:00,7091.725,8055.1616,10475.526,7545.2153,9037.021
2010-06-12 15:00:00,7091.725,8055.1616,10475.585,7545.2153,9037.14
2010-06-12 16:00:00,7091.725,8055.1616,10475.721,7545.2153,9037.14
2010-06-12 17:00:00,7091.725,8055.1616,10475.721,7545.2153,9037.14
2010-06-12 18:00:00,7089.976,8052.1636,10465.533,7540.7173,9030.545
2010-06-12 19:00:00,7090.298,8052.679,10465.568,7541.4985,9031.326
2010-06-12 20:00:00,7090.512,8053.4526,10465.992,7542.1387,9032.107
2010-06-12 21:00:00,7091.4355,8054.267,10466.898,7543.241,9032.367
2010-06-12 22:00:00,7091.725,8054.573,10467.857,7543.3403,9032.979
2010-06-12 23:00:00,7091.725,8054.573,10468.909,7543.532,9032.979
2010-06-13 00:00:00,7091.725,8055.1616,10475.988,7545.2153,9037.14
2010-06-13 01:00:00,7091.725,8055.1616,10476.946,7545.2153,9037.14
2010-06-13 02:00:00,7091.725,8055.1616,10477.837,7545.2153,9037.14
2010-06-13 03:00:00,7091.725,8055.1616,10478.371,7545.2153,9037.372
2010-06-13 04:00:00,7091.725,8055.1616,10478.555,7545.2153,9037.64
2010-06-13 05:00:00,7091.725,8055.1616,10478.649,7545.2153,9037.64
2010-06-13 06:00:00,7091.725,8055.1616,10479.047,7545.2153,9037.64
2010-06-13 07:00:00,7091.725,8055.1616,10479.047,7545.2153,9037.64
2010-06-13 08:00:00,7091.725,8055.1616,10479.047,7545.2153,9037.64
2010-06-13 09:00:00,7091.725,8055.1616,10479.241,7545.2153,9037.64
2010-06-13 10:00:00,7091.725,8055.1616,10479.241,7545.2153,9037.64
2010-06-13 11:00:00,7091.725,8055.1616,10479.671,7545.2153,9037.8
2010-06-13 12:00:00,7091.725,8055.1616,10479.682,7545.2153,9039.135
2010-06-13 13:00:00,7091.725,8055.2764,10479.682,7545.2153,9039.216
2010-06-13 14:00:00,7091.725,8055.2764,10480.299,7545.2153,9040.271
2010-06-13 15:00:00,7091.7876,8055.3213,10480.779,7545.2153,9041.188
2010-06-13 16:00:00,7091.7876,8055.3735,10481.26,7545.2324,9041.188
2010-06-13 17:00:00,7091.7876,8055.3735,10481.26,7545.2324,9041.188
2010-06-13 18:00:00,7091.7876,8055.3735,10481.26,7545.2324,9041.188
2010-06-13 19:00:00,7091.7876,8055.3735,10481.278,7545.2324,9041.188
2010-06-13 20:00:00,7091.7876,8055.3735,10481.278,7545.2324,9041.188
2010-06-13 21:00:00,7091.7876,8055.3735,10481.278,7545.2324,9041.188
2010-06-13 22:00:00,7091.7876,8055.3735,10481.278,7545.2324,9041.188
2010-06-13 23:00:00,7091.7876,8055.3735,10481.278,7545.2324,9041.188
2010-06-14 00:00:00,7091.7876,8055.3735,10481.278,7545.2324,9041.188
2010-06-14 01:00:00,7091.7876,8055.3735,10481.278,7545.2324,9041.188
2010-06-14 02:00:00,7091.7876,8055.3735,10481.278,7545.2324,9041.188
2010-06-14 03:00:00,7091.7876,8055.3735,10481.278,7545.2324,9041.188
2010-06-14 04:00:00,7091.7876,8055.3735,10481.278,7545.2324,9041.188
2010-06-14 05:00:00,7091.7876,8055.3735,10481.278,7545.2324,9041.188
2010-06-14 06:00:00,7091.7876,8055.3735,10481.278,7545.2324,9041.188
2010-06-14 07:00:00,7091.7876,8055.3735,10481.278,7545.2324,9041.188
2010-06-14 08:00:00,7091.7876,8055.3735,10481.278,7545.2324,9041.188
2010-06-14 09:00:00,7091.7876,8055.3735,10481.899,7545.2324,9041.256
2010-06-14 10:00:00,7091.7876,8055.3735,10481.899,7545.2324,9041.256
2010-06-14 11:00:00,7091.7876,8055.3735,10482.136,7545.2324,9041.256
2010-06-14 12:00:00,7091.7876,8055.3735,10482.136,7545.2324,9041.358
2010-06-14 13:00:00,7091.7876,8055.3735,10482.136,7545.2324,9041.358
2010-06-14 14:00:00,7091.7876,8055.3735,10482.136,7545.2324,9041.358
2010-06-14 15:00:00,7091.7876,8055.3735,10482.136,7545.2324,9041.358
2010-06-14 16:00:00,7091.7876,8055.3735,10482.219,7545.2324,9041.469
2010-06-14 17:00:00,7091.7876,8055.3735,10482.468,7545.2324,9041.694
2010-06-14 18:00:00,7091.7876,8055.3735,10482.468,7545.2324,9041.694
2010-06-14 19:00:00,7091.7876,8055.3735,10482.468,7545.2324,9041.694
2010-06-14 20:00:00,7091.7876,8055.3735,10482.468,7545.2324,9041.694
2010-06-14 21:00:00,7091.7876,8055.3735,10482.468,7545.2324,9041.694
2010-06-14 22:00:00,7091.7876,8055.3735,10482.468,7545.2324,9041.694
2010-06-14 23:00:00,7091.7876,8055.3735,10482.468,7545.2324,9041.694
2010-06-15 00:00:00,7091.7876,8055.3735,10482.468,7545.2324,9041.694
2010-06-15 01:00:00,7091.7876,8055.3735,10482.468,7545.2324,9041.694
2010-06-15 02:00:00,7091.7876,8055.3735,10482.468,7545.2324,9041.694
2010-06-15 03:00:00,7091.7876,8055.3735,10482.468,7545.2324,9041.694
2010-06-15 04:00:00,7091.7876,8055.3735,10482.468,7545.2324,9041.694
2010-06-15 05:00:00,7091.7876,8055.3735,10482.468,7545.2324,9041.694
2010-06-15 06:00:00,7091.7876,8055.3735,10482.468,7545.2324,9041.694
2010-06-15 07:00:00,7091.7876,8055.3735,10482.468,7545.2324,9041.694
2010-06-15 08:00:00,7091.7876,8055.3735,10482.468,7545.2324,9041.694
2010-06-15 09:00:00,7091.7876,8055.3735,10482.468,7545.2324,9041.694
2010-06-15 10:00:00,7091.7876,8055.3735,10482.468,7545.2324,9041.694
2010-06-15 11:00:00,7091.7876,8055.3735,10482.468,7545.2324,9041.694
2010-06-15 12:00:00,7091.7876,8055.3735,10482.468,7545.2324,9041.694
2010-06-15 13:00:00,7091.7876,8055.3735,10482.468,7545.2324,9041.694
2010-06-15 14:00:00,7091.7876,8055.3735,10482.468,7545.2324,9041.694
2010-06-15 15:00:00,7091.7876,8055.3735,10482.468,7545.2324,9041.694
2010-06-15 16:00:00,7091.7876,8055.3735,10482.468,7545.2324,9041.694
2010-06-15 17:00:00,7091.7876,8055.3735,10482.468,7545.2324,9041.694
2010-06-15 18:00:00,7091.7876,8055.3735,10482.468,7545.2324,9041.694
2010-06-15 19:00:00,7091.7876,8055.3735,10482.468,7545.2324,9041.694
2010-06-15 20:00:00,7091.7876,8055.3735,10482.468,7545.2324,9041.694
2010-06-15 21:00:00,7091.7876,8055.3735,10482.468,7545.2324,9041.694
2010-06-15 22:00:00,7091.7876,8055.3735,10482.468,7545.2324,9041.694
2010-06-15 23:00:00,7091.7876,8055.3735,10482.468,7545.2324,9041.694
2010-06-16 00:00:00,7091.7876,8055.3735,10482.468,7545.2324,9041.694
2010-06-16 01:00:00,7091.7876,8055.3735,10482.468,7545.2324,9041.694
2010-06-16 02:00:00,7091.7876,8055.3735,10482.468,7545.2324,9041.694
2010-06-16 03:00:00,7091.7876,8055.3735,10482.468,7545.2324,9041.694
2010-06-16 04:00:00,7091.7876,8055.3735,10482.468,7545.2324,9041.694
2010-06-16 05:00:00,7091.7876,8055.3735,10482.468,7545.2324,9041.694
2010-06-16 06:00:00,7091.7876,8055.3735,10482.468,7545.2324,9041.694
2010-06-16 07:00:00,7091.7876,8055.3735,10482.468,7545.2324,9041.694
2010-06-16 08:00:00,7091.7876,8055.3735,10482.468,7545.2324,9041.694
2010-06-16 09:00:00,7091.7876,8055.3735,10482.468,7545.2324,9041.694
2010-06-16 10:00:00,7091.7876,8055.3735,10482.468,7545.2324,9041.694
2010-06-16 11:00:00,7091.7876,8055.3735,10482.468,7545.2324,9041.694
2010-06-16 12:00:00,7091.7876,8055.3735,10482.468,7545.2324,9041.694
2010-06-16 13:00:00,7091.7876,8055.3735,10482.468,7545.2324,9041.694
2010-06-16 14:00:00,7091.7876,8055.3735,10482.468,7545.2324,9041.694
2010-06-16 15:00:00,7091.7876,8055.3735,10482.468,7545.2324,9041.694
2010-06-16 16:00:00,7091.7876,8055.3735,10482.468,7545.2324,9041.694
2010-06-16 17:00:00,7091.7876,8055.3735,10482.468,7545.2324,9041.694
2010-06-16 18:00:00,7091.7876,8055.3735,10482.468,7545.2324,9041.694
2010-06-16 19:00:00,7091.7876,8055.3735,10482.468,7545.2324,9041.694
2010-06-16 20:00:00,7091.7876,8055.3735,10482.468,7545.2324,9041.694
2010-06-16 21:00:00,7091.7876,8055.3735,10482.468,7545.2324,9041.694
2010-06-16 22:00:00,7091.7876,8055.3735,10482.468,7545.2324,9041.694
2010-06-16 23:00:00,7091.7876,8055.3735,10482.468,7545.2324,9041.694
2010-06-17 00:00:00,7091.7876,8055.3735,10482.468,7545.2324,9041.694
2010-06-17 01:00:00,7091.7876,8055.3735,10482.468,7545.2324,9041.694
2010-06-17 02:00:00,7091.7876,8055.3735,10482.468,7545.2324,9041.694
2010-06-17 03:00:00,7091.7876,8055.3735,10482.468,7545.2324,9041.694
2010-06-17 04:00:00,7091.7876,8055.3735,10482.468,7545.2324,9041.694
2010-06-17 05:00:00,7091.7876,8055.3735,10482.468,7545.2324,9041.694
2010-06-17 06:00:00,7091.7876,8055.3735,10482.468,7545.2324,9041.694
2010-06-17 07:00:00,7091.7876,8055.3735,10482.468,7545.2324,9041.694
2010-06-17 08:00:00,7091.7876,8055.3735,10482.468,7545.2324,9041.694
2010-06-17 09:00:00,7091.7876,8055.3735,10482.468,7545.2324,9041.694
2010-06-17 10:00:00,7091.7876,8055.3735,10482.468,7545.2324,9041.694
2010-06-17 11:00:00,7091.7876,8055.3735,10482.468,7545.2324,9041.694
2010-06-17 12:00:00,7091.7876,8055.3735,10482.468,7545.2324,9041.694
2010-06-17 13:00:00,7091.7876,8055.3735,10482.468,7545.2324,9041.694
2010-06-17 14:00:00,7091.8184,8055.3735,10482.468,7545.2324,9041.834
2010-06-17 15:00:00,7091.869,8055.3735,10482.468,7545.2324,9042.482
2010-06-17 16:00:00,7091.869,8055.43,10482.468,7545.2324,9043.603
2010-06-17 17:00:00,7091.869,8055.706,10482.468,7545.2324,9044.653
2010-06-17 18:00:00,7091.869,8055.8647,10482.468,7545.6245,9044.975
2010-06-17 19:00:00,7092.1665,8056.183,10482.986,7545.8403,9045.991
2010-06-17 20:00:00,7092.1665,8056.183,10483.203,7545.8936,9046.118
2010-06-17 21:00:00,7092.1665,8056.183,10483.203,7545.8936,9046.656
2010-06-17 22:00:00,7092.226,8056.316,10483.265,7546.5317,9048.164
2010-06-17 23:00:00,7092.575,8056.316,10486.603,7546.8105,9048.209
2010-06-18 00:00:00,7093.094,8056.984,10486.738,7547.5444,9048.454
2010-06-18 01:00:00,7093.154,8057.0654,10486.738,7547.5444,9048.454
2010-06-18 02:00:00,7093.167,8057.114,10486.858,7547.5737,9048.491
2010-06-18 03:00:00,7093.167,8057.114,10486.858,7547.5737,9048.491
2010-06-18 04:00:00,7093.4478,8057.1255,10486.858,7547.5737,9048.766
2010-06-18 05:00:00,7093.7065,8057.1255,10486.858,7547.5737,9048.766
2010-06-18 06:00:00,7094.992,8057.146,10486.858,7547.5737,9048.968
2010-06-18 07:00:00,7095.3496,8057.1504,10486.858,7547.587,9048.991
2010-06-18 08:00:00,7096.354,8057.151,10487.095,7547.7666,9049.546
2010-06-18 09:00:00,7096.5913,8057.3965,10487.095,7548.0005,9050.464
2010-06-18 10:00:00,7098.442,8057.4795,10488.124,7548.237,9050.766
2010-06-18 11:00:00,7098.566,8057.564,10488.324,7548.263,9051.224
2010-06-18 12:00:00,7098.729,8057.564,10488.564,7548.325,9051.787
2010-06-18 13:00:00,7099.6694,8057.6045,10488.884,7548.325,9052.316
2010-06-18 14:00:00,7100.785,8057.83,10489.487,7548.3965,9053.91
2010-06-18 15:00:00,7102.89,8058.372,10490.166,7549.176,9054.967
2010-06-18 16:00:00,7104.6753,8060.105,10491.578,7551.5234,9056.931
2010-06-18 17:00:00,7105.0547,8061.29,10492.973,7552.434,9059.1875
2010-06-18 18:00:00,7105.0547,8061.461,10493.317,7552.434,9060.996
2010-06-18 19:00:00,7105.0547,8061.461,10493.549,7552.434,9060.996
2010-06-18 20:00:00,7105.0693,8061.461,10493.666,7552.434,9060.996
2010-06-18 21:00:00,7105.0693,8061.461,10493.666,7552.543,9060.996
2010-06-18 22:00:00,7105.0693,8061.461,10493.666,7552.543,9060.996
2010-06-18 23:00:00,7105.0693,8061.461,10493.666,7552.543,9060.996
2010-06-19 00:00:00,7105.0693,8061.6406,10493.666,7552.543,9060.996
2010-06-19 01:00:00,7105.0693,8061.6406,10493.666,7552.543,9060.996
2010-06-19 02:00:00,7105.0693,8061.6406,10493.666,7552.543,9060.996
2010-06-19 03:00:00,7105.075,8061.6406,10493.666,7552.543,9060.996
2010-06-19 04:00:00,7105.075,8061.6406,10493.666,7552.543,9060.996
2010-06-19 05:00:00,7105.075,8061.6406,10493.666,7552.543,9060.996
2010-06-19 06:00:00,7105.075,8061.6406,10493.666,7552.543,9060.996
2010-06-19 07:00:00,7105.075,8061.6406,10493.666,7552.543,9060.996
2010-06-19 08:00:00,7105.075,8061.6406,10493.666,7552.543,9060.996
2010-06-19 09:00:00,7105.075,8061.6406,10493.666,7552.543,9060.996
2010-06-19 10:00:00,7105.075,8061.6406,10493.666,7552.543,9060.996
2010-06-19 11:00:00,7105.075,8061.6406,10493.666,7552.543,9060.996
2010-06-19 12:00:00,7105.075,8061.6406,10493.666,7552.543,9060.996
2010-06-19 13:00:00,7105.075,8061.6406,10493.666,7552.543,9060.996
2010-06-19 14:00:00,7105.075,8061.6406,10493.666,7552.543,9060.996
2010-06-19 15:00:00,7105.075,8061.6406,10493.666,7552.543,9060.996
2010-06-19 16:00:00,7105.075,8061.6406,10493.666,7552.543,9060.996
2010-06-19 17:00:00,7105.075,8061.6406,10493.666,7552.543,9060.996
2010-06-19 18:00:00,7105.075,8061.6406,10493.666,7552.543,9060.996
2010-06-19 19:00:00,7105.075,8061.6406,10493.666,7552.543,9060.996
2010-06-19 20:00:00,7105.075,8061.6406,10493.666,7552.543,9060.996
2010-06-19 21:00:00,7105.0693,8061.461,10493.666,7552.543,9060.996
2010-06-19 22:00:00,7105.0693,8061.6104,10493.666,7552.543,9060.996
2010-06-19 23:00:00,7105.0693,8061.6406,10493.666,7552.543,9060.996
2010-06-20 00:00:00,7105.075,8061.6406,10493.666,7552.543,9060.996
2010-06-20 01:00:00,7105.075,8061.6406,10493.666,7552.543,9060.996
2010-06-20 02:00:00,7105.075,8061.6406,10493.698,7552.543,9061.441
2010-06-20 03:00:00,7105.075,8061.6406,10493.698,7552.543,9061.441
2010-06-20 04:00:00,7105.075,8061.6406,10493.698,7552.543,9061.461
2010-06-20 05:00:00,7105.075,8061.6406,10493.698,7552.543,9061.461
2010-06-20 06:00:00,7105.075,8061.6406,10493.698,7552.543,9061.461
2010-06-20 07:00:00,7105.075,8061.6406,10493.698,7552.543,9061.461
2010-06-20 08:00:00,7105.075,8061.6406,10493.725,7552.543,9061.461
2010-06-20 09:00:00,7105.075,8061.6406,10493.725,7552.543,9061.461
2010-06-20 10:00:00,7105.075,8061.6406,10493.725,7552.543,9061.461
2010-06-20 11:00:00,7105.075,8061.6406,10493.725,7552.543,9061.461
2010-06-20 12:00:00,7105.075,8061.6406,10493.725,7552.543,9061.461
2010-06-20 13:00:00,7105.075,8061.6406,10493.725,7552.543,9061.461
2010-06-20 14:00:00,7105.075,8061.6406,10493.725,7552.543,9061.461
2010-06-20 15:00:00,7105.075,8061.6406,10493.725,7552.543,9061.461
2010-06-20 16:00:00,7105.075,8061.6406,10493.725,7552.543,9061.461
2010-06-20 17:00:00,7105.075,8061.6406,10493.725,7552.543,9061.461
2010-06-20 18:00:00,7105.075,8061.6406,10493.725,7552.543,9061.461
2010-06-20 19:00:00,7105.075,8061.6406,10493.725,7552.543,9061.461
2010-06-20 20:00:00,7105.075,8061.6406,10493.725,7552.543,9061.461
2010-06-20 21:00:00,7105.075,8061.6406,10493.725,7552.543,9061.461
2010-06-20 22:00:00,7105.075,8061.6406,10493.725,7552.543,9061.461
2010-06-20 23:00:00,7105.075,8061.6406,10493.725,7552.543,9061.461
2010-06-21 00:00:00,7105.075,8061.6406,10493.725,7552.543,9062.011
2010-06-21 01:00:00,7105.075,8061.6406,10493.725,7552.543,9061.461
2010-06-21 02:00:00,7105.075,8061.6406,10493.725,7552.543,9061.461
2010-06-21 03:00:00,7105.075,8061.6406,10493.725,7552.543,9061.461
2010-06-21 04:00:00,7105.075,8061.6406,10493.725,7552.543,9061.461
2010-06-21 05:00:00,7105.075,8061.6406,10493.725,7552.543,9061.461
2010-06-21 06:00:00,7105.075,8061.6406,10493.725,7552.543,9061.461
2010-06-21 07:00:00,7105.075,8061.6406,10493.725,7552.543,9061.461
2010-06-21 08:00:00,7105.075,8061.6406,10493.725,7552.543,9061.461
2010-06-21 09:00:00,7105.075,8061.6406,10493.725,7552.543,9061.461
2010-06-21 10:00:00,7105.075,8061.6406,10493.725,7552.543,9061.461
2010-06-21 11:00:00,7105.075,8061.6406,10493.725,7552.543,9061.461
2010-06-21 12:00:00,7105.075,8061.6406,10493.725,7552.543,9061.461
2010-06-21 13:00:00,7105.075,8061.6406,10493.725,7552.543,9061.461
2010-06-21 14:00:00,7105.075,8061.6406,10493.725,7552.543,9061.461
2010-06-21 15:00:00,7105.075,8061.6406,10493.725,7552.543,9061.461
2010-06-21 16:00:00,7105.075,8061.6406,10493.725,7552.543,9061.461
2010-06-21 17:00:00,7105.075,8061.6406,10493.725,7552.543,9061.461
2010-06-21 18:00:00,7105.075,8061.6406,10493.725,7552.543,9061.461
2010-06-21 19:00:00,7105.075,8061.6406,10493.725,7552.543,9061.461
2010-06-21 20:00:00,7105.075,8061.6406,10493.725,7552.543,9062.011
2010-06-21 21:00:00,7105.075,8061.6406,10493.725,7552.543,9062.011
2010-06-21 22:00:00,7105.075,8061.6406,10493.725,7552.543,9062.011
2010-06-21 23:00:00,7105.075,8061.6406,10493.725,7552.543,9062.011
2010-06-22 00:00:00,7105.075,8061.6406,10493.725,7552.543,9062.011
2010-06-22 01:00:00,7105.075,8061.6406,10493.725,7552.543,9062.011
2010-06-22 02:00:00,7105.075,8061.6406,10493.725,7552.543,9062.011
2010-06-22 03:00:00,7105.075,8061.6533,10493.725,7552.543,9062.034
2010-06-22 04:00:00,7105.075,8061.6533,10493.725,7552.543,9062.088
2010-06-22 05:00:00,7105.075,8061.6533,10493.725,7552.543,9062.17
2010-06-22 06:00:00,7105.075,8061.7065,10493.725,7552.543,9062.224
2010-06-22 07:00:00,7105.075,8061.7065,10493.725,7552.543,9062.224
2010-06-22 08:00:00,7105.075,8061.7065,10493.725,7552.543,9062.224
2010-06-22 09:00:00,7105.075,8061.7065,10493.725,7552.543,9062.224
2010-06-22 10:00:00,7105.075,8061.7065,10493.725,7552.543,9062.224
2010-06-22 11:00:00,7105.075,8061.7065,10493.725,7552.543,9062.268
2010-06-22 12:00:00,7105.075,8061.7065,10493.725,7552.543,9062.268
2010-06-22 13:00:00,7105.075,8061.7065,10493.725,7552.543,9062.268
2010-06-22 14:00:00,7105.075,8061.7065,10493.725,7552.543,9062.268
2010-06-22 15:00:00,7105.075,8061.7065,10493.725,7552.543,9062.268
2010-06-22 16:00:00,7105.075,8061.7065,10493.725,7552.543,9062.268
2010-06-22 17:00:00,7105.075,8061.7065,10493.725,7552.543,9062.268
2010-06-22 18:00:00,7105.075,8061.6406,10493.725,7552.543,9062.011
2010-06-22 19:00:00,7105.075,8061.6406,10493.725,7552.543,9062.011
2010-06-22 20:00:00,7105.075,8061.6406,10493.725,7552.543,9062.011
2010-06-22 21:00:00,7105.075,8061.6406,10493.725,7552.543,9062.011
2010-06-22 22:00:00,7105.075,8061.6406,10493.725,7552.543,9062.011
2010-06-22 23:00:00,7105.075,8061.6406,10493.725,7552.543,9062.011
2010-06-23 00:00:00,7105.075,8061.7065,10493.725,7552.543,9062.268
2010-06-23 01:00:00,7105.075,8061.7065,10493.725,7552.543,9062.268
2010-06-23 02:00:00,7105.075,8061.7065,10493.725,7552.543,9062.268
2010-06-23 03:00:00,7105.075,8061.7065,10493.725,7552.543,9062.268
2010-06-23 04:00:00,7105.075,8061.7065,10493.725,7552.543,9062.268
2010-06-23 05:00:00,7105.075,8061.7065,10493.725,7552.543,9062.268
2010-06-23 06:00:00,7105.075,8061.7065,10493.725,7552.543,9062.268
2010-06-23 07:00:00,7105.075,8061.7065,10493.725,7552.543,9062.268
2010-06-23 08:00:00,7105.075,8061.7065,10493.725,7552.543,9062.268
2010-06-23 09:00:00,7105.075,8061.7065,10493.725,7552.543,9062.268
2010-06-23 10:00:00,7105.075,8061.7065,10493.725,7552.543,9062.268
2010-06-23 11:00:00,7105.075,8061.7065,10493.725,7552.543,9062.268
2010-06-23 12:00:00,7105.075,8061.7065,10493.725,7552.543,9062.268
2010-06-23 13:00:00,7105.075,8061.7065,10493.725,7552.543,9062.268
2010-06-23 14:00:00,7105.075,8061.7065,10493.725,7552.543,9062.268
2010-06-23 15:00:00,7105.075,8061.7065,10493.725,7552.543,9062.268
2010-06-23 16:00:00,7105.075,8061.7065,10493.725,7552.543,9062.268
2010-06-23 17:00:00,7105.075,8061.7065,10493.725,7552.543,9062.268
2010-06-23 18:00:00,7105.075,8061.7065,10493.725,7552.543,9062.268
2010-06-23 19:00:00,7105.075,8061.7065,10493.725,7552.543,9062.268
2010-06-23 20:00:00,7105.075,8061.7065,10493.725,7552.543,9062.268
2010-06-23 21:00:00,7105.075,8061.7065,10493.725,7552.543,9062.268
2010-06-23 22:00:00,7105.075,8061.7065,10493.725,7552.543,9062.268
2010-06-23 23:00:00,7105.075,8061.7065,10493.725,7552.543,9062.268
2010-06-24 00:00:00,7105.075,8061.7065,10493.725,7552.543,9062.268
2010-06-24 01:00:00,7105.075,8061.7065,10493.725,7552.543,9062.268
2010-06-24 02:00:00,7105.075,8061.7065,10493.725,7552.543,9062.268
2010-06-24 03:00:00,7105.075,8061.7065,10493.725,7552.543,9062.268
2010-06-24 04:00:00,7105.075,8061.7065,10493.725,7552.543,9062.268
2010-06-24 05:00:00,7105.075,8061.7065,10493.725,7552.543,9062.268
2010-06-24 06:00:00,7105.075,8061.7065,10493.725,7552.543,9062.712
2010-06-24 07:00:00,7105.075,8061.7065,10493.968,7552.543,9063.551
2010-06-24 08:00:00,7105.075,8062.0273,10494.034,7552.68,9063.56
2010-06-24 09:00:00,7105.425,8062.271,10494.76,7553.0605,9063.727
2010-06-24 10:00:00,7105.873,8062.271,10494.76,7553.2173,9063.727
2010-06-24 11:00:00,7106.166,8062.271,10494.76,7553.2173,9063.727
2010-06-24 12:00:00,7106.183,8062.4077,10494.76,7553.2173,9063.727
2010-06-24 13:00:00,7106.183,8062.4077,10494.76,7553.2363,9063.727
2010-06-24 14:00:00,7106.183,8062.4077,10494.76,7553.6016,9063.727
2010-06-24 15:00:00,7106.23,8062.4077,10494.786,7553.6924,9063.727
2010-06-24 16:00:00,7107.3584,8062.618,10494.972,7554.115,9063.727
2010-06-24 17:00:00,7107.548,8062.618,10495.339,7555.0317,9064.008
2010-06-24 18:00:00,7107.9844,8062.7754,10495.339,7555.412,9064.246
2010-06-24 19:00:00,7108.4385,8065.058,10495.805,7555.922,9066.766
2010-06-24 20:00:00,7109.8594,8065.7695,10497.279,7557.0386,9067.446
2010-06-24 21:00:00,7111.045,8068.2305,10497.367,7559.28,9068.389
2010-06-24 22:00:00,7113.4355,8068.9663,10498.149,7561.8257,9069.04
2010-06-24 23:00:00,7115.072,8069.021,10499.417,7562.1357,9069.951
2010-06-25 00:00:00,7118.156,8075.702,10503.774,7566.902,9077.684
2010-06-25 01:00:00,7118.8047,8076.0674,10503.933,7567.3477,9080.992
2010-06-25 02:00:00,7118.939,8076.9106,10504.702,7567.4785,9081.415
2010-06-25 03:00:00,7119.734,8079.1562,10505.731,7568.797,9083.1045
2010-06-25 04:00:00,7120.059,8079.557,10507.134,7570.9727,9087.59
2010-06-25 05:00:00,7120.6367,8079.9194,10507.577,7571.17,9092.398
2010-06-25 06:00:00,7120.6367,8080.0366,10507.746,7571.488,9092.687
2010-06-25 07:00:00,7115.0728,8069.6904,10500.136,7562.1357,9070.498
2010-06-25 08:00:00,7115.155,8069.9697,10500.514,7562.487,9070.54
2010-06-25 09:00:00,7115.1763,8071.193,10500.619,7563.0273,9070.794
2010-06-25 10:00:00,7115.2764,8071.364,10500.916,7563.3066,9070.794
2010-06-25 11:00:00,7115.9146,8071.364,10501.6,7563.3066,9070.794
2010-06-25 12:00:00,7117.1343,8071.364,10502.384,7563.3496,9070.794
2010-06-25 13:00:00,7117.1343,8071.364,10502.479,7563.3496,9070.794
2010-06-25 14:00:00,7117.1343,8071.439,10502.479,7563.3496,9071.651
2010-06-25 15:00:00,7117.1343,8071.6304,10502.479,7563.453,9071.904
2010-06-25 16:00:00,7117.1797,8071.6304,10502.675,7563.5103,9071.921
2010-06-25 17:00:00,7117.293,8071.6304,10502.675,7563.77,9072.117
2010-06-25 18:00:00,7117.4224,8071.6304,10502.675,7563.77,9072.117
2010-06-25 19:00:00,7117.4224,8071.6304,10502.675,7563.77,9072.306
2010-06-25 20:00:00,7117.4224,8071.873,10502.675,7563.77,9072.697
2010-06-25 21:00:00,7117.4224,8071.9653,10502.675,7563.77,9073.215
2010-06-25 22:00:00,7117.4224,8072.8687,10502.675,7563.77,9075.169
2010-06-25 23:00:00,7117.4224,8074.73,10502.954,7564.453,9077.626
2010-06-26 00:00:00,7120.6367,8080.0366,10507.823,7571.67,9092.687
2010-06-26 01:00:00,7120.6367,8080.0366,10507.823,7571.67,9092.687
2010-06-26 02:00:00,7120.6367,8080.0366,10507.823,7571.67,9092.687
2010-06-26 03:00:00,7120.6367,8080.0366,10507.823,7571.67,9092.847
2010-06-26 04:00:00,7120.6367,8080.0366,10507.823,7571.67,9092.886
2010-06-26 05:00:00,7120.6367,8080.083,10507.823,7571.67,9092.965
2010-06-26 06:00:00,7120.6367,8080.087,10507.823,7571.67,9093.035
2010-06-26 07:00:00,7120.6367,8080.087,10507.823,7571.67,9093.035
2010-06-26 08:00:00,7120.6367,8080.087,10507.823,7571.67,9093.035
2010-06-26 09:00:00,7120.6367,8080.087,10507.823,7571.67,9093.035
2010-06-26 10:00:00,7120.6367,8080.087,10507.823,7571.67,9093.035
2010-06-26 11:00:00,7120.6367,8080.087,10507.823,7571.67,9093.035
2010-06-26 12:00:00,7120.6367,8080.087,10507.823,7571.67,9093.035
2010-06-26 13:00:00,7120.6367,8080.087,10507.823,7571.67,9093.035
2010-06-26 14:00:00,7120.6367,8080.087,10507.823,7571.67,9093.035
2010-06-26 15:00:00,7120.6367,8080.087,10507.823,7571.67,9093.035
2010-06-26 16:00:00,7120.6367,8080.087,10507.823,7571.67,9093.035
2010-06-26 17:00:00,7120.6367,8080.087,10507.823,7571.67,9093.035
2010-06-26 18:00:00,7120.6367,8080.087,10507.823,7571.67,9093.035
2010-06-26 19:00:00,7120.6367,8080.087,10507.823,7571.67,9093.182
2010-06-26 20:00:00,7120.6367,8080.087,10507.823,7571.67,9093.182
2010-06-26 21:00:00,7120.6367,8080.087,10507.823,7571.67,9093.182
2010-06-26 22:00:00,7120.6367,8080.087,10507.823,7571.67,9093.182
2010-06-26 23:00:00,7120.6367,8080.087,10507.823,7571.67,9093.182
2010-06-27 00:00:00,7120.6367,8080.087,10507.823,7571.67,9093.182
2010-06-27 01:00:00,7120.6367,8080.087,10507.823,7571.67,9093.182
2010-06-27 02:00:00,7120.6367,8080.087,10507.823,7571.67,9093.182
2010-06-27 03:00:00,7120.6367,8080.087,10507.823,7571.67,9093.182
2010-06-27 04:00:00,7120.6367,8080.087,10507.823,7571.67,9093.182
2010-06-27 05:00:00,7120.6367,8080.087,10507.823,7571.67,9093.182
2010-06-27 06:00:00,7120.6367,8080.087,10507.823,7571.67,9093.182
2010-06-27 07:00:00,7120.6367,8080.087,10507.823,7571.67,9093.182
2010-06-27 08:00:00,7120.6367,8080.087,10507.823,7571.67,9093.182
2010-06-27 09:00:00,7120.6367,8080.087,10507.823,7571.67,9093.182
2010-06-27 10:00:00,7120.7407,8080.087,10507.823,7571.67,9093.182
2010-06-27 11:00:00,7120.7407,8080.087,10507.823,7571.67,9093.182
2010-06-27 12:00:00,7120.7407,8080.087,10507.823,7571.67,9093.182
2010-06-27 13:00:00,7120.7407,8080.087,10507.823,7571.67,9093.182
2010-06-27 14:00:00,7120.7407,8080.087,10507.823,7571.67,9093.182
2010-06-27 15:00:00,7120.7407,8080.087,10507.823,7571.67,9093.182
2010-06-27 16:00:00,7120.7407,8080.087,10507.823,7571.67,9093.182
2010-06-27 17:00:00,7120.7407,8080.087,10507.823,7571.67,9093.182
2010-06-27 18:00:00,7120.7407,8080.087,10507.823,7571.67,9093.182
2010-06-27 19:00:00,7120.7407,8080.087,10507.823,7571.67,9093.182
2010-06-27 20:00:00,7120.7407,8080.087,10507.823,7571.67,9093.182
2010-06-27 21:00:00,7120.7407,8080.087,10507.823,7571.67,9093.182
2010-06-27 22:00:00,7120.7407,8080.087,10507.823,7571.67,9093.182
2010-06-27 23:00:00,7120.7407,8080.087,10507.823,7571.67,9093.182
2010-06-28 00:00:00,7120.7407,8080.087,10507.823,7571.67,9093.182
2010-06-28 01:00:00,7120.7407,8080.087,10507.823,7571.67,9093.182
2010-06-28 02:00:00,7120.7407,8080.087,10507.823,7571.67,9093.182
2010-06-28 03:00:00,7120.7407,8080.087,10507.823,7571.67,9093.182
2010-06-28 04:00:00,7120.7407,8080.087,10507.823,7571.67,9093.182
2010-06-28 05:00:00,7120.7407,8080.087,10507.823,7571.67,9093.182
2010-06-28 06:00:00,7120.7407,8080.087,10507.823,7571.67,9093.182
2010-06-28 07:00:00,7120.7407,8080.087,10507.823,7571.67,9093.182
2010-06-28 08:00:00,7120.7407,8080.087,10507.823,7571.67,9093.182
2010-06-28 09:00:00,7120.7407,8080.087,10507.823,7571.67,9093.182
2010-06-28 10:00:00,7120.7407,8080.087,10507.823,7571.67,9093.182
2010-06-28 11:00:00,7120.7407,8080.087,10507.823,7571.67,9093.182
2010-06-28 12:00:00,7120.7407,8080.3345,10507.823,7572.2803,9093.182
2010-06-28 13:00:00,7122.8115,8080.3345,10507.823,7572.2803,9093.182
2010-06-28 14:00:00,7122.8384,8080.3345,10507.823,7572.2803,9093.182
2010-06-28 15:00:00,7122.874,8080.3345,10507.823,7572.2803,9093.991
2010-06-28 16:00:00,7122.874,8080.3755,10508.05,7572.2803,9094.32
2010-06-28 17:00:00,7122.874,8080.3755,10508.05,7572.2803,9094.417
2010-06-28 18:00:00,7122.874,8080.476,10508.05,7572.2803,9094.417
2010-06-28 19:00:00,7122.874,8080.915,10508.05,7572.2803,9094.531
2010-06-28 20:00:00,7122.8877,8080.915,10508.05,7572.2803,9094.531
2010-06-28 21:00:00,7122.8877,8080.915,10508.05,7572.2803,9094.531
2010-06-28 22:00:00,7122.8877,8080.915,10508.05,7572.2803,9094.531
2010-06-28 23:00:00,7122.8877,8080.915,10508.05,7572.2803,9094.531
2010-06-29 00:00:00,7122.8877,8080.915,10508.05,7572.2803,9094.531
2010-06-29 01:00:00,7122.8877,8080.915,10508.05,7572.2803,9094.531
2010-06-29 02:00:00,7122.8877,8080.915,10508.05,7572.2803,9094.531
2010-06-29 03:00:00,7122.8877,8080.915,10508.05,7572.2803,9094.531
2010-06-29 04:00:00,7122.8877,8080.915,10508.05,7572.2803,9094.531
2010-06-29 05:00:00,7122.8877,8080.915,10508.05,7572.2803,9094.531
2010-06-29 06:00:00,7122.9536,8080.915,10508.05,7572.2803,9094.531
2010-06-29 07:00:00,7122.9536,8080.915,10508.05,7572.2803,9094.531
2010-06-29 08:00:00,7122.9536,8080.915,10508.05,7572.2803,9094.531
2010-06-29 09:00:00,7122.9536,8080.915,10508.05,7572.2803,9094.531
2010-06-29 10:00:00,7122.9536,8080.915,10508.05,7572.2803,9094.531
2010-06-29 11:00:00,7122.9536,8080.915,10508.05,7572.2803,9094.531
2010-06-29 12:00:00,7122.9536,8081.805,10508.05,7572.3184,9095.966
2010-06-29 13:00:00,7122.9536,8082.2124,10508.262,7575.1636,9098.6455
2010-06-29 14:00:00,7123.4653,8082.461,10509.026,7575.728,9099.55
2010-06-29 15:00:00,7123.63,8082.461,10509.026,7575.9595,9099.997
2010-06-29 16:00:00,7123.63,8082.4873,10509.026,7575.9883,9101.036
2010-06-29 17:00:00,7123.63,8082.838,10509.026,7576.4385,9101.036
2010-06-29 18:00:00,7123.63,8082.838,10509.026,7576.4385,9101.036
2010-06-29 19:00:00,7123.63,8083.3994,10509.026,7576.4385,9101.036
2010-06-29 20:00:00,7123.63,8083.5674,10509.296,7576.4956,9101.1455
2010-06-29 21:00:00,7122.8877,8080.915,10508.05,7572.2803,9094.531
2010-06-29 22:00:00,7122.8877,8080.915,10508.05,7572.2803,9094.531
2010-06-29 23:00:00,7122.8877,8080.915,10508.05,7572.2803,9094.531
2010-06-30 00:00:00,7123.7295,8083.5674,10509.296,7576.4956,9101.931
2010-06-30 01:00:00,7124.095,8083.742,10509.296,7576.4956,9102.6875
2010-06-30 02:00:00,7124.095,8083.7764,10509.296,7576.773,9102.866
2010-06-30 03:00:00,7124.143,8083.7764,10509.296,7576.899,9102.866
2010-06-30 04:00:00,7124.198,8083.7764,10509.296,7576.899,9102.866
2010-06-30 05:00:00,7124.198,8083.7764,10509.296,7576.899,9102.866
2010-06-30 06:00:00,7124.198,8083.7764,10509.296,7576.899,9102.866
2010-06-30 07:00:00,7124.198,8083.7764,10509.296,7576.899,9102.866
2010-06-30 08:00:00,7124.198,8083.7764,10509.296,7576.899,9103.078
2010-06-30 09:00:00,7124.198,8083.966,10509.296,7576.899,9103.078
2010-06-30 10:00:00,7124.198,8083.966,10509.296,7576.899,9103.195
2010-06-30 11:00:00,7124.198,8083.966,10509.296,7576.899,9103.34
2010-06-30 12:00:00,7124.198,8083.966,10509.296,7576.899,9103.34
2010-06-30 13:00:00,7124.198,8084.02,10509.296,7576.899,9103.34
2010-06-30 14:00:00,7124.198,8084.02,10509.296,7576.899,9103.34
2010-06-30 15:00:00,7124.198,8084.02,10509.296,7576.899,9103.34
2010-06-30 16:00:00,7124.198,8084.02,10509.409,7576.899,9103.34
2010-06-30 17:00:00,7124.198,8084.02,10509.409,7576.899,9103.34
2010-06-30 18:00:00,7124.198,8084.02,10509.409,7576.899,9103.34
2010-06-30 19:00:00,7124.198,8084.02,10509.409,7576.899,9103.34
2010-06-30 20:00:00,7124.198,8084.02,10509.409,7576.899,9103.34
2010-06-30 21:00:00,7124.198,8084.02,10509.409,7576.899,9103.34
2010-06-30 22:00:00,7124.198,8084.02,10509.409,7576.899,9103.34
2010-06-30 23:00:00,7124.198,8084.02,10509.409,7576.899,9103.34
2010-07-01 00:00:00,7124.198,8084.02,10509.409,7576.899,9103.34
2010-07-01 01:00:00,7124.198,8084.02,10509.409,7576.899,9103.34
2010-07-01 02:00:00,7124.198,8084.02,10509.409,7576.899,9103.34
2010-07-01 03:00:00,7124.198,8084.02,10509.409,7576.899,9103.34
2010-07-01 04:00:00,7124.198,8084.02,10509.409,7576.899,9103.34
2010-07-01 05:00:00,7124.198,8084.02,10509.409,7576.899,9103.34
2010-07-01 06:00:00,7124.198,8084.02,10509.409,7576.899,9103.34
2010-07-01 07:00:00,7124.198,8084.02,10509.409,7576.899,9103.34
2010-07-01 08:00:00,7124.198,8084.02,10509.409,7576.899,9103.34
2010-07-01 09:00:00,7124.198,8084.02,10509.409,7576.899,9103.34
2010-07-01 10:00:00,7124.198,8084.02,10509.409,7576.899,9103.34
2010-07-01 11:00:00,7124.198,8084.02,10509.409,7576.899,9103.34
2010-07-01 12:00:00,7124.198,8084.02,10509.409,7576.899,9103.34
2010-07-01 13:00:00,7124.198,8084.02,10509.409,7576.899,9103.34
2010-07-01 14:00:00,7124.198,8084.02,10509.409,7576.899,9103.34
2010-07-01 15:00:00,7124.198,8084.02,10509.409,7576.899,9103.34
2010-07-01 16:00:00,7124.198,8084.02,10509.409,7576.899,9103.34
2010-07-01 17:00:00,7124.198,8084.02,10509.409,7576.899,9103.34
2010-07-01 18:00:00,7124.198,8084.02,10509.409,7576.899,9103.34
2010-07-01 19:00:00,7124.198,8084.02,10509.409,7576.899,9103.34
2010-07-01 20:00:00,7124.198,8084.02,10509.409,7576.899,9103.34
2010-07-01 21:00:00,7124.198,8084.02,10509.409,7576.899,9103.34
2010-07-01 22:00:00,7124.198,8084.02,10509.409,7576.899,9103.34
2010-07-01 23:00:00,7124.198,8084.02,10509.409,7576.899,9103.34
2010-07-02 00:00:00,7124.198,8084.02,10509.409,7576.899,9103.34
2010-07-02 01:00:00,7124.198,8084.02,10509.409,7576.899,9103.34
2010-07-02 02:00:00,7124.198,8084.02,10509.409,7576.899,9103.34
2010-07-02 03:00:00,7124.198,8084.02,10509.409,7576.899,9103.34
2010-07-02 04:00:00,7124.198,8084.02,10509.409,7576.899,9103.34
2010-07-02 05:00:00,7124.198,8084.02,10509.409,7576.899,9103.34
2010-07-02 06:00:00,7124.198,8084.02,10509.409,7576.899,9103.34
2010-07-02 07:00:00,7124.198,8084.02,10509.409,7576.899,9103.34
2010-07-02 08:00:00,7124.198,8084.02,10509.409,7576.899,9103.34
2010-07-02 09:00:00,7124.198,8084.226,10509.409,7576.899,9103.34
2010-07-02 10:00:00,7124.198,8084.4863,10509.409,7576.899,9103.34
2010-07-02 11:00:00,7124.198,8084.02,10509.409,7576.899,9103.34
2010-07-02 12:00:00,7124.198,8084.02,10509.409,7576.899,9103.34
2010-07-02 13:00:00,7124.198,8084.02,10509.409,7576.899,9103.34
2010-07-02 14:00:00,7124.198,8084.02,10509.409,7576.899,9103.34
2010-07-02 15:00:00,7124.198,8084.02,10509.409,7576.899,9103.34
2010-07-02 16:00:00,7124.198,8084.02,10509.409,7576.899,9103.34
2010-07-02 17:00:00,7124.198,8084.02,10509.409,7576.899,9103.34
2010-07-02 18:00:00,7124.198,8084.02,10509.409,7576.899,9103.34
2010-07-02 19:00:00,7124.198,8084.02,10509.409,7576.899,9103.34
2010-07-02 20:00:00,7124.198,8084.02,10509.409,7576.899,9103.34
2010-07-02 21:00:00,7124.198,8084.02,10509.409,7576.899,9103.34
2010-07-02 22:00:00,7124.198,8084.02,10509.409,7576.899,9103.34
2010-07-02 23:00:00,7124.198,8084.02,10509.409,7576.899,9103.34
2010-07-03 00:00:00,7124.198,8084.4863,10509.409,7576.899,9103.34
2010-07-03 01:00:00,7124.198,8084.5605,10509.409,7576.899,9103.34
2010-07-03 02:00:00,7124.2407,8085.0366,10509.449,7576.899,9103.34
2010-07-03 03:00:00,7124.2407,8085.837,10509.449,7576.899,9103.34
2010-07-03 04:00:00,7124.2407,8085.961,10509.449,7576.899,9103.34
2010-07-03 05:00:00,7124.2407,8086.0093,10509.449,7576.899,9103.34
2010-07-03 06:00:00,7124.2407,8086.0093,10509.449,7576.899,9103.734
2010-07-03 07:00:00,7124.2495,8086.0093,10509.449,7576.899,9103.746
2010-07-03 08:00:00,7124.2495,8086.124,10509.449,7576.899,9103.746
2010-07-03 09:00:00,7124.2495,8086.124,10509.449,7576.899,9103.746
2010-07-03 10:00:00,7124.2686,8086.124,10509.449,7576.899,9103.746
2010-07-03 11:00:00,7124.2686,8086.124,10509.449,7576.899,9103.746
2010-07-03 12:00:00,7124.2686,8086.124,10509.449,7576.899,9103.746
2010-07-03 13:00:00,7124.2686,8086.124,10509.449,7576.899,9103.746
2010-07-03 14:00:00,7124.2686,8086.124,10509.449,7576.899,9103.746
2010-07-03 15:00:00,7124.2686,8086.124,10509.449,7576.899,9103.746
2010-07-03 16:00:00,7124.2686,8086.124,10509.449,7576.899,9103.746
2010-07-03 17:00:00,7124.2686,8086.124,10509.449,7576.899,9103.746
2010-07-03 18:00:00,7124.2686,8086.135,10509.493,7576.899,9103.746
2010-07-03 19:00:00,7124.2686,8086.135,10509.493,7576.899,9103.746
2010-07-03 20:00:00,7124.2686,8086.135,10509.493,7576.899,9103.746
2010-07-03 21:00:00,7124.2686,8086.135,10509.493,7576.899,9103.746
2010-07-03 22:00:00,7124.2686,8086.135,10509.493,7576.899,9103.746
2010-07-03 23:00:00,7124.2686,8086.135,10509.493,7576.899,9103.746
2010-07-04 00:00:00,7124.2686,8086.135,10509.493,7576.899,9103.746
2010-07-04 01:00:00,7124.2686,8086.135,10509.493,7576.899,9103.81
2010-07-04 02:00:00,7124.2686,8086.221,10509.493,7576.899,9103.81
2010-07-04 03:00:00,7124.2686,8086.221,10509.493,7576.899,9103.81
2010-07-04 04:00:00,7124.2686,8086.221,10509.493,7576.899,9103.81
2010-07-04 05:00:00,7124.2686,8086.221,10509.493,7576.899,9103.81
2010-07-04 06:00:00,7124.2686,8086.221,10509.493,7576.899,9103.81
2010-07-04 07:00:00,7124.2686,8086.221,10509.493,7576.899,9103.81
2010-07-04 08:00:00,7124.2686,8086.221,10509.493,7576.899,9103.81
2010-07-04 09:00:00,7124.2686,8086.221,10509.493,7576.899,9103.81
2010-07-04 10:00:00,7124.2686,8086.221,10509.493,7576.899,9103.81
2010-07-04 11:00:00,7124.2686,8086.221,10509.493,7576.899,9103.81
2010-07-04 12:00:00,7124.2686,8086.221,10509.493,7576.899,9103.81
2010-07-04 13:00:00,7124.2686,8086.221,10509.493,7576.899,9103.81
2010-07-04 14:00:00,7124.2686,8086.221,10509.493,7576.899,9103.81
2010-07-04 15:00:00,7124.2686,8086.221,10509.493,7576.899,9103.81
2010-07-04 16:00:00,7124.2686,8086.221,10509.493,7576.899,9103.81
2010-07-04 17:00:00,7124.2686,8086.221,10509.493,7576.899,9103.81
2010-07-04 18:00:00,7124.2686,8086.221,10509.493,7576.899,9103.81
2010-07-04 19:00:00,7124.2686,8086.221,10509.493,7576.899,9103.81
2010-07-04 20:00:00,7124.2686,8086.221,10509.493,7576.899,9104.164
2010-07-04 21:00:00,7124.2686,8087.103,10512.245,7577.2793,9110.227
2010-07-04 22:00:00,7124.31,8087.1187,10512.882,7577.365,9111.309
2010-07-04 23:00:00,7124.525,8087.309,10512.882,7577.389,9111.309
2010-07-05 00:00:00,7124.525,8087.91,10512.882,7577.822,9111.506
2010-07-05 01:00:00,7124.676,8087.968,10512.882,7577.9688,9115.329
2010-07-05 02:00:00,7124.676,8087.9824,10512.882,7578.179,9117.436
2010-07-05 03:00:00,7124.8545,8089.311,10513.35,7578.8926,9119.041
2010-07-05 04:00:00,7125.8286,8089.695,10513.66,7579.379,9119.041
2010-07-05 05:00:00,7125.856,8089.8096,10513.662,7579.379,9119.041
2010-07-05 06:00:00,7125.856,8089.9146,10513.818,7579.8896,9119.041
2010-07-05 07:00:00,7125.8813,8090.3477,10513.946,7579.9985,9119.041
2010-07-05 08:00:00,7126.099,8090.369,10513.946,7580.372,9119.041
2010-07-05 09:00:00,7126.099,8090.369,10514.283,7580.372,9119.041
2010-07-05 10:00:00,7126.099,8090.369,10514.326,7580.4907,9119.15
2010-07-05 11:00:00,7126.1045,8090.6353,10514.485,7580.7676,9119.15
2010-07-05 12:00:00,7126.473,8090.6353,10514.485,7580.8667,9119.217
2010-07-05 13:00:00,7126.641,8090.8164,10514.893,7580.9004,9119.676
2010-07-05 14:00:00,7126.707,8090.8164,10514.893,7580.9004,9119.684
2010-07-05 15:00:00,7126.707,8090.8164,10515.25,7580.9004,9120.05
2010-07-05 16:00:00,7126.707,8090.8164,10515.258,7581.119,9120.081
2010-07-05 17:00:00,7126.707,8090.8296,10515.422,7581.2456,9120.403
2010-07-05 18:00:00,7126.707,8090.9385,10515.422,7581.2456,9120.403
2010-07-05 19:00:00,7126.707,8090.9385,10515.422,7581.2456,9120.403
2010-07-05 20:00:00,7126.707,8090.9727,10515.422,7581.2515,9120.403
2010-07-05 21:00:00,7126.7554,8091.0684,10515.422,7581.3706,9120.403
2010-07-05 22:00:00,7126.9126,8091.0684,10515.422,7581.3706,9120.427
2010-07-05 23:00:00,7126.9565,8091.088,10515.422,7581.3706,9122.452
2010-07-06 00:00:00,7127.3267,8091.2812,10515.422,7581.408,9124.553
2010-07-06 01:00:00,7127.448,8091.7847,10515.422,7581.4766,9125.508
2010-07-06 02:00:00,7127.5156,8092.082,10515.422,7581.562,9125.792
2010-07-06 03:00:00,7127.5156,8092.1045,10515.422,7581.562,9125.792
2010-07-06 04:00:00,7127.5156,8092.1587,10515.422,7581.562,9126.229
2010-07-06 05:00:00,7127.5156,8092.5054,10515.422,7581.562,9127.083
2010-07-06 06:00:00,7127.5454,8092.571,10515.422,7581.562,9127.091
2010-07-06 07:00:00,7127.571,8092.571,10515.422,7581.562,9127.091
2010-07-06 08:00:00,7127.571,8092.571,10515.422,7581.562,9127.325
2010-07-06 09:00:00,7127.571,8092.8115,10515.422,7581.562,9127.463
2010-07-06 10:00:00,7127.571,8092.8115,10515.422,7581.562,9127.496
2010-07-06 11:00:00,7127.571,8092.8115,10515.422,7581.562,9127.496
2010-07-06 12:00:00,7127.571,8092.8115,10515.422,7581.562,9127.496
2010-07-06 13:00:00,7127.571,8092.8115,10515.422,7581.562,9127.496
2010-07-06 14:00:00,7127.571,8092.8115,10515.497,7581.562,9127.496
2010-07-06 15:00:00,7127.571,8092.8115,10515.497,7581.562,9127.54
2010-07-06 16:00:00,7127.571,8092.8115,10515.497,7581.562,9128.352
2010-07-06 17:00:00,7127.571,8092.8115,10515.739,7581.562,9128.352
2010-07-06 18:00:00,7127.571,8092.8115,10515.767,7581.562,9128.352
2010-07-06 19:00:00,7127.571,8092.8115,10515.767,7581.562,9128.478
2010-07-06 20:00:00,7127.571,8092.8115,10515.767,7581.562,9128.478
2010-07-06 21:00:00,7127.571,8092.8115,10515.767,7581.562,9128.478
2010-07-06 22:00:00,7127.571,8092.8115,10515.767,7581.562,9128.478
2010-07-06 23:00:00,7127.571,8092.8115,10515.767,7581.562,9128.478
2010-07-07 00:00:00,7127.571,8092.8115,10515.767,7581.562,9128.478
2010-07-07 01:00:00,7127.571,8092.8115,10515.767,7581.562,9128.478
2010-07-07 02:00:00,7127.571,8092.8115,10515.767,7581.562,9128.478
2010-07-07 03:00:00,7127.571,8092.8115,10515.767,7581.562,9128.478
2010-07-07 04:00:00,7127.571,8092.8115,10515.767,7581.562,9128.478
2010-07-07 05:00:00,7127.571,8092.8115,10515.767,7581.562,9128.478
2010-07-07 06:00:00,7127.571,8092.8115,10515.767,7581.562,9128.478
2010-07-07 07:00:00,7127.571,8092.8115,10515.767,7581.562,9128.478
2010-07-07 08:00:00,7127.571,8092.8115,10515.767,7581.562,9128.478
2010-07-07 09:00:00,7127.571,8092.8926,10515.767,7581.635,9128.564
2010-07-07 10:00:00,7127.619,8092.8926,10515.767,7581.635,9128.564
2010-07-07 11:00:00,7127.619,8092.8926,10515.767,7581.635,9128.564
2010-07-07 12:00:00,7127.619,8092.977,10515.767,7581.635,9128.564
2010-07-07 13:00:00,7127.619,8092.977,10515.767,7581.635,9128.564
2010-07-07 14:00:00,7127.814,8093.8643,10517.092,7581.635,9130.729
2010-07-07 15:00:00,7127.8813,8093.8643,10517.187,7581.635,9130.729
2010-07-07 16:00:00,7128.0127,8093.8643,10517.225,7581.635,9130.729
2010-07-07 17:00:00,7128.0757,8094.0474,10517.225,7581.832,9130.729
2010-07-07 18:00:00,7128.184,8094.1675,10517.225,7582.0254,9130.749
2010-07-07 19:00:00,7128.229,8094.357,10517.225,7582.816,9130.749
2010-07-07 20:00:00,7129.015,8094.3643,10517.225,7583.0977,9130.749
2010-07-07 21:00:00,7129.072,8094.3643,10517.225,7583.3374,9130.763
2010-07-07 22:00:00,7129.072,8094.4175,10517.225,7583.4644,9130.768
2010-07-07 23:00:00,7129.072,8094.924,10517.312,7583.4644,9130.768
2010-07-08 00:00:00,7129.0835,8095.192,10517.312,7583.4644,9130.768
2010-07-08 01:00:00,7129.1475,8095.192,10517.312,7583.4644,9130.768
2010-07-08 02:00:00,7129.3076,8095.192,10517.312,7583.4644,9130.768
2010-07-08 03:00:00,7129.367,8095.192,10517.312,7583.4644,9130.768
2010-07-08 04:00:00,7129.4155,8095.192,10517.312,7583.4644,9130.768
2010-07-08 05:00:00,7129.4155,8095.192,10517.312,7583.4644,9130.768
2010-07-08 06:00:00,7129.4434,8095.192,10517.312,7583.4644,9130.768
2010-07-08 07:00:00,7129.745,8095.192,10517.312,7583.4644,9130.768
2010-07-08 08:00:00,7129.745,8095.192,10517.312,7583.4644,9130.768
2010-07-08 09:00:00,7129.745,8095.192,10517.312,7583.4644,9130.768
2010-07-08 10:00:00,7129.84,8095.192,10517.312,7583.4644,9130.768
2010-07-08 11:00:00,7129.84,8095.192,10517.312,7583.4644,9130.768
2010-07-08 12:00:00,7129.84,8095.192,10517.312,7583.4644,9130.768
2010-07-08 13:00:00,7129.84,8095.192,10517.312,7583.4644,9130.768
2010-07-08 14:00:00,7129.84,8095.192,10517.312,7583.4644,9130.768
2010-07-08 15:00:00,7129.84,8095.192,10517.312,7583.4644,9130.768
2010-07-08 16:00:00,7129.84,8095.192,10517.312,7583.4644,9130.768
2010-07-08 17:00:00,7129.84,8095.192,10517.312,7583.4644,9130.768
2010-07-08 18:00:00,7129.84,8095.192,10517.334,7583.4644,9130.768
2010-07-08 19:00:00,7129.84,8095.192,10517.334,7583.4644,9130.768
2010-07-08 20:00:00,7129.84,8095.192,10517.334,7583.4644,9130.768
2010-07-08 21:00:00,7129.84,8095.192,10517.334,7583.4644,9130.768
2010-07-08 22:00:00,7129.84,8095.192,10517.334,7583.4644,9130.768
2010-07-08 23:00:00,7129.84,8095.192,10517.334,7583.4644,9130.768
2010-07-09 00:00:00,7129.84,8095.268,10517.334,7583.4644,9130.768
2010-07-09 01:00:00,7129.84,8095.268,10517.334,7583.4644,9130.768
2010-07-09 02:00:00,7129.84,8095.268,10517.334,7583.4644,9130.768
2010-07-09 03:00:00,7129.84,8095.268,10517.334,7583.4644,9130.768
2010-07-09 04:00:00,7129.84,8095.268,10517.334,7583.4644,9130.768
2010-07-09 05:00:00,7129.84,8095.268,10517.334,7583.4644,9130.768
2010-07-09 06:00:00,7129.84,8095.268,10517.334,7583.4644,9130.768
2010-07-09 07:00:00,7129.84,8095.268,10517.334,7583.4644,9130.768
2010-07-09 08:00:00,7129.84,8095.268,10517.334,7583.4644,9130.768
2010-07-09 09:00:00,7129.84,8095.268,10517.412,7583.4644,9130.768
2010-07-09 10:00:00,7129.979,8096.162,10518.49,7583.9863,9131.898
2010-07-09 11:00:00,7130.944,8097.684,10518.561,7585.2515,9133.553
2010-07-09 12:00:00,7132.721,8100.047,10518.561,7587.2603,9135.763
2010-07-09 13:00:00,7135.3726,8103.6455,10519.081,7589.579,9138.726
2010-07-09 14:00:00,7129.84,8095.192,10517.334,7583.4644,9130.768
2010-07-09 15:00:00,7129.84,8095.192,10517.334,7583.4644,9130.768
2010-07-09 16:00:00,7129.84,8095.192,10517.334,7583.4644,9130.768
2010-07-09 17:00:00,7129.84,8095.268,10517.334,7583.4644,9130.768
2010-07-09 18:00:00,7129.84,8095.268,10517.334,7583.4644,9130.768
2010-07-09 19:00:00,7129.84,8095.268,10517.334,7583.4644,9130.768
2010-07-09 20:00:00,7129.84,8095.268,10517.334,7583.4644,9130.768
2010-07-09 21:00:00,7129.84,8095.268,10517.334,7583.4644,9130.768
2010-07-09 22:00:00,7129.84,8095.268,10517.334,7583.4644,9130.768
2010-07-09 23:00:00,7129.84,8095.268,10517.334,7583.4644,9130.768
2010-07-10 00:00:00,7138.2095,8107.513,10519.991,7592.532,9141.014
2010-07-10 01:00:00,7140.832,8110.7266,10521.365,7594.963,9141.969
2010-07-10 02:00:00,7142.9956,8113.4287,10522.759,7596.601,9142.666
2010-07-10 03:00:00,7144.1646,8115.741,10524.856,7598.203,9143.524
2010-07-10 04:00:00,7145.26,8117.409,10526.713,7599.5493,9143.598
2010-07-10 05:00:00,7145.317,8118.424,10527.562,7600.5396,9143.743
2010-07-10 06:00:00,7145.409,8119.0215,10527.679,7601.599,9143.807
2010-07-10 07:00:00,7145.766,8119.2456,10527.679,7602.0366,9143.865
2010-07-10 08:00:00,7146.096,8119.5063,10527.797,7602.2007,9144.168
2010-07-10 09:00:00,7147.1855,8119.9004,10527.887,7602.237,9144.168
2010-07-10 10:00:00,7147.1855,8119.947,10527.887,7602.237,9144.572
2010-07-10 11:00:00,7147.1855,8119.9497,10527.931,7602.237,9145.174
2010-07-10 12:00:00,7147.1855,8119.964,10527.931,7602.237,9145.181
2010-07-10 13:00:00,7147.1855,8119.964,10527.931,7602.237,9145.181
2010-07-10 14:00:00,7147.1855,8119.964,10527.931,7602.237,9145.181
2010-07-10 15:00:00,7147.1855,8119.964,10527.931,7602.237,9145.181
2010-07-10 16:00:00,7147.1855,8119.964,10527.931,7602.237,9145.181
2010-07-10 17:00:00,7147.1855,8119.964,10527.931,7602.237,9145.181
2010-07-10 18:00:00,7147.1855,8119.964,10527.931,7602.237,9145.181
2010-07-10 19:00:00,7147.1855,8119.964,10527.931,7602.237,9145.181
2010-07-10 20:00:00,7147.1855,8119.964,10527.931,7602.237,9145.181
2010-07-10 21:00:00,7147.1855,8119.964,10527.931,7602.237,9145.181
2010-07-10 22:00:00,7147.1855,8119.964,10527.931,7602.237,9145.181
2010-07-10 23:00:00,7147.1855,8119.964,10527.931,7602.237,9145.181
2010-07-11 00:00:00,7147.1855,8119.964,10527.931,7602.237,9145.181
2010-07-11 01:00:00,7147.1855,8119.964,10527.931,7602.237,9145.181
2010-07-11 02:00:00,7147.1855,8119.964,10527.931,7602.237,9145.181
2010-07-11 03:00:00,7147.1855,8119.964,10527.931,7602.237,9145.181
2010-07-11 04:00:00,7147.1855,8119.964,10527.931,7602.237,9145.181
2010-07-11 05:00:00,7147.1855,8119.964,10527.931,7602.237,9145.181
2010-07-11 06:00:00,7147.1855,8119.964,10527.931,7602.237,9145.181
2010-07-11 07:00:00,7147.1855,8119.964,10527.931,7602.237,9145.181
2010-07-11 08:00:00,7147.1855,8119.964,10527.931,7602.237,9145.181
2010-07-11 09:00:00,7147.1855,8119.964,10527.931,7602.237,9145.181
2010-07-11 10:00:00,7147.1855,8119.964,10527.931,7602.237,9145.181
2010-07-11 11:00:00,7147.2285,8119.964,10527.931,7602.237,9145.181
2010-07-11 12:00:00,7147.476,8119.964,10527.931,7602.237,9145.181
2010-07-11 13:00:00,7147.476,8119.964,10527.931,7603.368,9145.181
2010-07-11 14:00:00,7147.476,8119.964,10527.931,7603.442,9145.181
2010-07-11 15:00:00,7147.476,8119.964,10527.931,7603.533,9145.181
2010-07-11 16:00:00,7147.476,8119.964,10527.931,7603.8086,9145.181
2010-07-11 17:00:00,7147.476,8119.964,10527.931,7603.8086,9145.181
2010-07-11 18:00:00,7147.476,8119.964,10527.931,7603.8086,9145.181
2010-07-11 19:00:00,7147.476,8119.964,10527.931,7603.8086,9145.181
2010-07-11 20:00:00,7147.476,8119.964,10527.931,7603.8086,9145.181
2010-07-11 21:00:00,7147.476,8119.964,10527.931,7603.8086,9145.181
2010-07-11 22:00:00,7147.476,8119.964,10528.083,7603.8086,9145.181
2010-07-11 23:00:00,7147.476,8119.964,10528.083,7603.8086,9145.181
2010-07-12 00:00:00,7147.6567,8120.387,10528.083,7605.0225,9145.532
2010-07-12 01:00:00,7147.767,8120.8184,10528.564,7605.323,9146.339
2010-07-12 02:00:00,7148.881,8121.753,10529.708,7606.4126,9148.168
2010-07-12 03:00:00,7147.476,8119.964,10528.083,7603.8086,9145.181
2010-07-12 04:00:00,7147.476,8120.0234,10528.083,7603.8086,9145.181
2010-07-12 05:00:00,7147.476,8120.2295,10528.083,7603.8086,9145.181
2010-07-12 06:00:00,7147.545,8120.2295,10528.083,7603.8086,9145.224
2010-07-12 07:00:00,7147.545,8120.2295,10528.083,7603.8086,9145.261
2010-07-12 08:00:00,7147.545,8120.2295,10528.083,7603.9697,9145.261
2010-07-12 09:00:00,7147.5806,8120.2295,10528.083,7604.613,9145.261
2010-07-12 10:00:00,7147.6567,8120.2295,10528.083,7604.8687,9145.261
2010-07-12 11:00:00,7147.6567,8120.2295,10528.083,7605.0225,9145.261
2010-07-12 12:00:00,7147.6567,8120.2793,10528.083,7605.0225,9145.386
2010-07-12 13:00:00,7147.6567,8120.3384,10528.083,7605.0225,9145.386
2010-07-12 14:00:00,7147.6567,8120.3384,10528.083,7605.0225,9145.386
2010-07-12 15:00:00,7147.6567,8120.3384,10528.083,7605.0225,9145.49
2010-07-12 16:00:00,7147.6567,8120.3384,10528.083,7605.0225,9145.532
2010-07-12 17:00:00,7147.6567,8120.3384,10528.083,7605.0225,9145.532
2010-07-12 18:00:00,7147.6567,8120.3384,10528.083,7605.0225,9145.532
2010-07-12 19:00:00,7147.6567,8120.3384,10528.083,7605.0225,9145.532
2010-07-12 20:00:00,7147.6567,8120.3384,10528.083,7605.0225,9145.532
2010-07-12 21:00:00,7147.6567,8120.3384,10528.083,7605.0225,9145.532
2010-07-12 22:00:00,7147.6567,8120.3384,10528.083,7605.0225,9145.532
2010-07-12 23:00:00,7147.6567,8120.3384,10528.083,7605.0225,9145.532
2010-07-13 00:00:00,7150.8657,8123.757,10531.059,7608.506,9149.572
2010-07-13 01:00:00,7153.2695,8127.43,10533.163,7610.725,9152.383
2010-07-13 02:00:00,7157.153,8132.645,10536.631,7614.3564,9156.144
2010-07-13 03:00:00,7165.6255,8138.0693,10539.173,7619.443,9159.263
2010-07-13 04:00:00,7171.5693,8143.559,10542.295,7622.623,9162.399
2010-07-13 05:00:00,7173.447,8149.8604,10548.597,7624.2417,9166.046
2010-07-13 06:00:00,7174.275,8153.172,10552.467,7626.034,9167.345
2010-07-13 07:00:00,7174.662,8154.036,10553.294,7628.708,9168.067
2010-07-13 08:00:00,7175.326,8156.4497,10555.874,7629.505,9169.15
2010-07-13 09:00:00,7175.8457,8156.4497,10556.189,7629.5615,9169.15
2010-07-13 10:00:00,7175.8457,8156.4497,10556.189,7629.5615,9169.15
2010-07-13 11:00:00,7175.8457,8156.4497,10556.189,7629.5615,9169.15
2010-07-13 12:00:00,7175.8457,8156.4497,10556.189,7629.5615,9169.15
2010-07-13 13:00:00,7175.8457,8156.4497,10556.189,7629.5615,9169.15
2010-07-13 14:00:00,7175.8457,8156.4497,10556.189,7629.5615,9169.15
2010-07-13 15:00:00,7175.8457,8156.4497,10556.189,7629.5615,9169.15
2010-07-13 16:00:00,7175.8457,8156.4497,10556.189,7629.5615,9169.15
2010-07-13 17:00:00,7175.8457,8156.4497,10556.189,7629.5615,9169.15
2010-07-13 18:00:00,7175.8457,8156.4497,10556.189,7629.5615,9169.15
2010-07-13 19:00:00,7175.8457,8156.4497,10556.189,7629.5615,9169.15
2010-07-13 20:00:00,7175.8457,8156.4497,10556.189,7629.5615,9169.15
2010-07-13 21:00:00,7175.8457,8156.4497,10556.189,7629.5615,9169.15
2010-07-13 22:00:00,7175.8457,8156.5044,10556.189,7629.5615,9169.15
2010-07-13 23:00:00,7175.8457,8156.5566,10556.189,7629.5615,9169.15
2010-07-14 00:00:00,7175.8457,8156.5566,10556.189,7629.5615,9169.15
2010-07-14 01:00:00,7175.8457,8156.5566,10556.189,7629.5615,9169.15
2010-07-14 02:00:00,7175.8457,8156.5566,10556.189,7629.5615,9169.15
2010-07-14 03:00:00,7175.8457,8156.5566,10556.189,7629.5615,9169.15
2010-07-14 04:00:00,7175.8457,8156.5566,10556.189,7629.5615,9169.15
2010-07-14 05:00:00,7175.8457,8156.5566,10556.189,7629.5615,9169.15
2010-07-14 06:00:00,7175.8457,8156.5566,10556.189,7629.5615,9169.15
2010-07-14 07:00:00,7175.8457,8156.5566,10556.189,7629.5615,9169.15
2010-07-14 08:00:00,7175.8457,8156.5566,10556.189,7629.5615,9169.15
2010-07-14 09:00:00,7175.8457,8156.5566,10556.189,7629.5615,9169.15
2010-07-14 10:00:00,7175.8457,8156.5566,10556.189,7629.5615,9169.15
2010-07-14 11:00:00,7175.8457,8156.5566,10556.189,7629.5615,9169.15
2010-07-14 12:00:00,7175.9326,8156.5566,10556.189,7629.5615,9169.15
2010-07-14 13:00:00,7175.9326,8156.5566,10556.189,7629.5615,9169.15
2010-07-14 14:00:00,7175.9326,8156.5566,10556.189,7629.5615,9169.15
2010-07-14 15:00:00,7175.9326,8156.5566,10556.189,7629.5615,9169.15
2010-07-14 16:00:00,7175.9326,8156.5566,10556.189,7629.5615,9169.15
2010-07-14 17:00:00,7175.9326,8156.5566,10556.189,7629.5615,9169.15
2010-07-14 18:00:00,7175.9326,8156.5566,10556.189,7629.5615,9169.15
2010-07-14 19:00:00,7175.9326,8156.5566,10556.189,7629.5615,9169.15
2010-07-14 20:00:00,7175.9326,8156.5566,10556.189,7629.5615,9169.15
2010-07-14 21:00:00,7175.9326,8156.5566,10556.189,7629.5615,9169.15
2010-07-14 22:00:00,7175.9326,8156.5566,10556.189,7629.5615,9169.15
2010-07-14 23:00:00,7175.9326,8156.5566,10556.189,7629.5615,9169.15
2010-07-15 00:00:00,7175.9326,8156.5566,10556.189,7629.5615,9169.15
2010-07-15 01:00:00,7175.9326,8156.5566,10556.189,7629.5615,9169.15
2010-07-15 02:00:00,7175.9326,8156.5566,10556.189,7629.5615,9169.15
2010-07-15 03:00:00,7175.9326,8156.5566,10556.189,7629.5615,9169.15
2010-07-15 04:00:00,7176.0005,8157.1187,10556.189,7631.5176,9169.15
2010-07-15 05:00:00,7178.6885,8158.419,10556.457,7634.2285,9170.929
2010-07-15 06:00:00,7179.7783,8159.336,10556.523,7637.2026,9171.804
2010-07-15 07:00:00,7180.6426,8160.6284,10556.932,7638.7085,9172.851
2010-07-15 08:00:00,7182.9897,8162.591,10557.863,7640.82,9176.209
2010-07-15 09:00:00,7185.2554,8163.07,10559.458,7641.903,9178.249
2010-07-15 10:00:00,7185.3633,8163.07,10559.458,7641.903,9178.249
2010-07-15 11:00:00,7185.3633,8163.611,10559.458,7641.903,9178.249
2010-07-15 12:00:00,7185.4014,8165.33,10562.553,7641.957,9178.76
2010-07-15 13:00:00,7190.485,8165.7886,10570.933,7641.9585,9178.822
2010-07-15 14:00:00,7197.438,8165.7886,10575.935,7642.3223,9178.822
2010-07-15 15:00:00,7197.465,8166.196,10575.935,7642.3223,9178.822
2010-07-15 16:00:00,7197.465,8167.06,10575.935,7642.3223,9178.822
2010-07-15 17:00:00,7197.5166,8167.06,10575.935,7642.3223,9178.822
2010-07-15 18:00:00,7197.5166,8167.06,10575.935,7642.3223,9178.822
2010-07-15 19:00:00,7197.5166,8167.06,10575.935,7642.3223,9178.822
2010-07-15 20:00:00,7197.5166,8167.06,10575.935,7642.3223,9178.822
2010-07-15 21:00:00,7197.5166,8167.06,10575.935,7642.3223,9178.822
2010-07-15 22:00:00,7197.5166,8167.06,10575.935,7642.3223,9178.822
2010-07-15 23:00:00,7197.5166,8167.06,10575.935,7642.3223,9178.822
2010-07-16 00:00:00,7197.5166,8167.06,10575.935,7642.3223,9178.822
2010-07-16 01:00:00,7197.5166,8167.06,10575.935,7642.3223,9178.822
2010-07-16 02:00:00,7197.5166,8167.06,10575.935,7642.3223,9178.822
2010-07-16 03:00:00,7197.5166,8167.06,10575.935,7642.3223,9178.822
2010-07-16 04:00:00,7197.5166,8167.06,10575.935,7642.3223,9178.822
2010-07-16 05:00:00,7197.5225,8167.06,10575.935,7642.3223,9178.822
2010-07-16 06:00:00,7197.5225,8167.06,10575.935,7642.3223,9178.822
2010-07-16 07:00:00,7197.6074,8167.06,10575.935,7642.3223,9178.822
2010-07-16 08:00:00,7197.661,8167.06,10575.935,7642.3223,9178.822
2010-07-16 09:00:00,7197.661,8167.06,10575.935,7642.3223,9178.822
2010-07-16 10:00:00,7197.661,8167.29,10575.999,7642.368,9178.963
2010-07-16 11:00:00,7198.354,8169.322,10577.88,7644.21,9180.44
2010-07-16 12:00:00,7200.2524,8172.1997,10582.165,7647.8677,9183.8
2010-07-16 13:00:00,7202.4575,8174.426,10586.572,7651.3774,9186.575
2010-07-16 14:00:00,7204.174,8174.432,10588.464,7651.726,9187.067
2010-07-16 15:00:00,7204.252,8174.669,10588.802,7651.7427,9187.067
2010-07-16 16:00:00,7204.252,8174.669,10589.1875,7651.7427,9187.067
2010-07-16 17:00:00,7197.5166,8167.06,10575.935,7642.3223,9178.822
2010-07-16 18:00:00,7197.5166,8167.06,10575.935,7642.3223,9178.822
2010-07-16 19:00:00,7197.5166,8167.06,10575.935,7642.3223,9178.822
2010-07-16 20:00:00,7197.5166,8167.06,10575.935,7642.3223,9178.822
2010-07-16 21:00:00,7197.5166,8167.06,10575.935,7642.3223,9178.822
2010-07-16 22:00:00,7197.5166,8167.06,10575.935,7642.3223,9178.822
2010-07-16 23:00:00,7197.5166,8167.06,10575.935,7642.3223,9178.822
2010-07-17 00:00:00,7204.252,8174.669,10589.255,7651.7427,9187.067
2010-07-17 01:00:00,7204.252,8174.669,10589.255,7651.7427,9187.067
2010-07-17 02:00:00,7204.252,8174.669,10589.255,7651.7427,9187.067
2010-07-17 03:00:00,7204.252,8174.669,10589.255,7651.7427,9187.067
2010-07-17 04:00:00,7204.252,8174.669,10589.255,7651.7427,9187.067
2010-07-17 05:00:00,7204.252,8174.669,10589.255,7651.7427,9187.067
2010-07-17 06:00:00,7204.252,8174.669,10589.255,7651.7427,9187.067
2010-07-17 07:00:00,7204.252,8174.669,10589.255,7651.7427,9187.067
2010-07-17 08:00:00,7204.252,8174.669,10589.255,7651.7427,9187.067
2010-07-17 09:00:00,7204.252,8174.669,10589.255,7651.7427,9187.067
2010-07-17 10:00:00,7204.252,8174.669,10589.255,7651.7427,9187.067
2010-07-17 11:00:00,7204.252,8174.669,10589.255,7651.7427,9187.067
2010-07-17 12:00:00,7204.252,8174.669,10589.255,7651.7427,9187.067
2010-07-17 13:00:00,7204.252,8174.669,10589.255,7651.7427,9187.067
2010-07-17 14:00:00,7204.252,8174.669,10589.255,7651.7427,9187.285
2010-07-17 15:00:00,7204.252,8174.669,10589.255,7651.7427,9188.039
2010-07-17 16:00:00,7204.252,8174.669,10589.294,7651.7427,9188.039
2010-07-17 17:00:00,7204.27,8174.669,10589.294,7651.7427,9188.039
2010-07-17 18:00:00,7204.2856,8174.669,10589.294,7651.7427,9188.039
2010-07-17 19:00:00,7204.2856,8174.669,10589.294,7651.752,9188.039
2010-07-17 20:00:00,7204.2856,8175.067,10589.671,7652.8164,9188.039
2010-07-17 21:00:00,7204.317,8175.2563,10590.549,7653.3647,9188.039
2010-07-17 22:00:00,7204.549,8175.4277,10590.657,7653.366,9188.039
2010-07-17 23:00:00,7204.549,8175.4277,10590.657,7653.398,9188.039
2010-07-18 00:00:00,7205.805,8175.4277,10590.657,7653.398,9188.039
2010-07-18 01:00:00,7207.4946,8175.4277,10590.657,7653.398,9188.039
2010-07-18 02:00:00,7209.8384,8175.4277,10590.657,7653.398,9188.039
2010-07-18 03:00:00,7209.8384,8175.4277,10590.657,7653.398,9188.039
2010-07-18 04:00:00,7209.8384,8175.4277,10590.657,7653.426,9188.039
2010-07-18 05:00:00,7209.8384,8175.4277,10590.657,7653.426,9188.039
2010-07-18 06:00:00,7209.8384,8175.58,10591.076,7653.426,9188.039
2010-07-18 07:00:00,7210.0063,8176.76,10592.826,7653.6875,9190.004
2010-07-18 08:00:00,7210.269,8176.9995,10595.583,7654.348,9191.605
2010-07-18 09:00:00,7210.5503,8177.1616,10596.559,7654.847,9192.009
2010-07-18 10:00:00,7210.567,8177.4233,10597.162,7654.9595,9192.163
2010-07-18 11:00:00,7210.7876,8177.7437,10597.287,7655.236,9192.163
2010-07-18 12:00:00,7210.7876,8177.7437,10597.344,7655.3906,9192.163
2010-07-18 13:00:00,7210.7876,8177.7437,10597.4375,7655.3906,9192.163
2010-07-18 14:00:00,7210.7876,8177.7437,10597.4375,7655.3906,9192.163
2010-07-18 15:00:00,7210.7876,8177.7437,10597.4375,7655.3906,9192.163
2010-07-18 16:00:00,7210.7876,8177.7437,10597.4375,7655.3906,9192.163
2010-07-18 17:00:00,7210.7876,8177.7437,10597.716,7655.4966,9192.163
2010-07-18 18:00:00,7210.7876,8177.7715,10598.06,7655.4966,9192.163
2010-07-18 19:00:00,7210.849,8177.9204,10599.013,7655.4966,9192.283
2010-07-18 20:00:00,7210.849,8177.9204,10599.936,7655.4966,9192.836
2010-07-18 21:00:00,7210.849,8177.9204,10600.301,7655.4966,9192.836
2010-07-18 22:00:00,7210.849,8177.9204,10600.301,7655.4966,9192.836
2010-07-18 23:00:00,7210.849,8177.9204,10600.398,7655.4966,9192.836
2010-07-19 00:00:00,7211.145,8182.2314,10602.4,7656.365,9193.868
2010-07-19 01:00:00,7211.145,8182.2314,10602.4,7656.365,9193.868
2010-07-19 02:00:00,7211.145,8182.2314,10602.4,7656.365,9193.868
2010-07-19 03:00:00,7211.145,8182.2314,10602.4,7656.365,9193.868
2010-07-19 04:00:00,7211.145,8182.2314,10602.4,7656.365,9193.868
2010-07-19 05:00:00,7211.145,8182.2314,10602.4,7656.365,9193.868
2010-07-19 06:00:00,7211.145,8182.2314,10602.4,7656.365,9193.868
2010-07-19 07:00:00,7211.145,8182.2314,10602.4,7656.365,9193.868
2010-07-19 08:00:00,7211.145,8182.2314,10602.4,7656.365,9193.868
2010-07-19 09:00:00,7211.145,8182.2314,10602.345,7656.365,9193.779
2010-07-19 10:00:00,7211.145,8182.2314,10602.345,7656.365,9193.868
2010-07-19 11:00:00,7210.849,8178.208,10600.589,7655.7993,9192.836
2010-07-19 12:00:00,7210.849,8178.3584,10601.659,7656.095,9192.854
2010-07-19 13:00:00,7211.056,8179.358,10601.659,7656.202,9192.854
2010-07-19 14:00:00,7211.056,8179.837,10601.659,7656.286,9192.964
2010-07-19 15:00:00,7211.0684,8179.837,10602.002,7656.2954,9193.173
2010-07-19 16:00:00,7211.0684,8180.888,10602.08,7656.3174,9193.3545
2010-07-19 17:00:00,7211.0684,8181.747,10602.08,7656.3394,9193.3545
2010-07-19 18:00:00,7211.0684,8182.012,10602.08,7656.3394,9193.3545
2010-07-19 19:00:00,7211.1143,8182.012,10602.271,7656.3394,9193.3545
2010-07-19 20:00:00,7211.1143,8182.0957,10602.345,7656.3394,9193.745
2010-07-19 21:00:00,7211.145,8182.2314,10602.345,7656.3394,9193.779
2010-07-19 22:00:00,7211.145,8182.2314,10602.345,7656.365,9193.779
2010-07-19 23:00:00,7211.145,8182.2314,10602.345,7656.365,9193.779
2010-07-20 00:00:00,7211.145,8182.2314,10602.4,7656.365,9193.868
2010-07-20 01:00:00,7211.145,8182.2314,10602.4,7656.365,9193.868
2010-07-20 02:00:00,7211.145,8182.2314,10602.4,7656.365,9193.868
2010-07-20 03:00:00,7211.145,8182.2314,10602.4,7656.365,9193.868
2010-07-20 04:00:00,7211.145,8182.2314,10602.4,7656.365,9193.868
2010-07-20 05:00:00,7211.145,8182.5137,10602.4,7656.63,9193.868
2010-07-20 06:00:00,7211.32,8183.059,10602.4,7656.807,9195.005
2010-07-20 07:00:00,7211.714,8183.8706,10602.665,7657.9487,9196.007
2010-07-20 08:00:00,7212.252,8184.44,10603.247,7658.4146,9196.992
2010-07-20 09:00:00,7212.9194,8185.292,10603.809,7659.0405,9197.454
2010-07-20 10:00:00,7213.2275,8186.1636,10605.597,7659.5747,9198.713
2010-07-20 11:00:00,7214.4214,8186.5327,10607.308,7660.221,9199.33
2010-07-20 12:00:00,7214.4873,8186.5513,10608.47,7660.221,9199.577
2010-07-20 13:00:00,7214.9053,8186.969,10610.621,7660.603,9199.577
2010-07-20 14:00:00,7215.3384,8187.28,10612.141,7660.8955,9199.577
2010-07-20 15:00:00,7215.8604,8187.5195,10614.881,7661.0054,9199.577
2010-07-20 16:00:00,7216.357,8187.966,10619.117,7661.344,9199.908
2010-07-20 17:00:00,7217.12,8188.8135,10619.957,7661.8125,9199.972
2010-07-20 18:00:00,7217.6177,8189.321,10621.028,7661.945,9201.598
2010-07-20 19:00:00,7217.7007,8189.339,10621.131,7661.945,9201.721
2010-07-20 20:00:00,7217.7373,8189.339,10621.21,7661.945,9201.999
2010-07-20 21:00:00,7217.7373,8189.3613,10621.21,7661.945,9201.999
2010-07-20 22:00:00,7217.8906,8189.3613,10621.21,7661.9897,9201.999
2010-07-20 23:00:00,7218.288,8189.3613,10621.21,7662.2827,9202.049
2010-07-21 00:00:00,7218.5303,8189.744,10621.21,7662.5156,9202.182
2010-07-21 01:00:00,7219.7866,8189.7974,10621.21,7662.7603,9202.606
2010-07-21 02:00:00,7219.9834,8189.8022,10621.21,7662.84,9202.969
2010-07-21 03:00:00,7220.0693,8189.8022,10621.21,7662.928,9203.422
2010-07-21 04:00:00,7220.0693,8189.985,10621.21,7663.2026,9203.661
2010-07-21 05:00:00,7220.3433,8192.714,10621.246,7664.266,9203.922
2010-07-21 06:00:00,7221.5894,8194.997,10621.246,7665.903,9204.435
2010-07-21 07:00:00,7223.798,8198.174,10621.267,7670.309,9205.505
2010-07-21 08:00:00,7225.3115,8202.476,10622.218,7672.7363,9206.051
2010-07-21 09:00:00,7229.7397,8203.814,10624.128,7673.666,9210.034
2010-07-21 10:00:00,7231.831,8205.158,10625.6875,7674.9727,9211.252
2010-07-21 11:00:00,7232.6777,8207.094,10626.343,7675.471,9212.4795
2010-07-21 12:00:00,7233.327,8207.858,10627.412,7675.7856,9213.652
2010-07-21 13:00:00,7234.5234,8209.349,10628.709,7677.0747,9214.845
2010-07-21 14:00:00,7235.9683,8211.734,10630.281,7678.586,9215.853
2010-07-21 15:00:00,7238.031,8213.823,10631.459,7681.576,9217.443
2010-07-21 16:00:00,7239.9756,8217.925,10633.963,7682.1865,9218.201
2010-07-21 17:00:00,7241.5273,8218.419,10636.15,7683.5444,9218.814
2010-07-21 18:00:00,7243.138,8220.98,10638.5205,7685.045,9220.449
2010-07-21 19:00:00,7243.303,8222.983,10640.483,7685.045,9224.703
2010-07-21 20:00:00,7243.8403,8223.769,10645.319,7685.206,9227.19
2010-07-21 21:00:00,7244.085,8224.038,10651.024,7685.461,9227.19
2010-07-21 22:00:00,7244.085,8224.068,10651.806,7685.461,9227.276
2010-07-21 23:00:00,7244.0996,8225.205,10653.986,7685.6074,9227.286
2010-07-22 00:00:00,7244.1675,8225.458,10653.986,7685.608,9227.286
2010-07-22 01:00:00,7244.1675,8225.458,10655.996,7685.69,9227.571
2010-07-22 02:00:00,7244.239,8225.458,10657.81,7686.7407,9227.703
2010-07-22 03:00:00,7244.284,8225.553,10660.21,7687.236,9230.761
2010-07-22 04:00:00,7244.463,8225.759,10660.37,7688.7373,9233.876
2010-07-22 05:00:00,7249.5054,8225.767,10664.881,7688.9326,9237.953
2010-07-22 06:00:00,7250.4346,8229.502,10667.708,7689.4746,9238.878
2010-07-22 07:00:00,7251.872,8231.015,10667.708,7690.0527,9240.496
2010-07-22 08:00:00,7251.8984,8231.015,10667.925,7690.071,9240.754
2010-07-22 09:00:00,7251.8984,8231.015,10667.925,7690.139,9240.754
2010-07-22 10:00:00,7251.8984,8231.015,10667.925,7690.139,9240.803
2010-07-22 11:00:00,7251.8984,8231.015,10668.007,7690.146,9240.803
2010-07-22 12:00:00,7251.8984,8231.015,10668.222,7690.2397,9240.803
2010-07-22 13:00:00,7251.8984,8231.015,10668.222,7690.2397,9240.803
2010-07-22 14:00:00,7251.8984,8231.015,10668.222,7690.2397,9240.803
2010-07-22 15:00:00,7251.8984,8231.152,10668.222,7690.2397,9240.803
2010-07-22 16:00:00,7251.8984,8231.152,10668.222,7690.2397,9240.803
2010-07-22 17:00:00,7251.8984,8231.152,10668.222,7690.2397,9240.803
2010-07-22 18:00:00,7251.8984,8231.152,10668.36,7690.2397,9240.803
2010-07-22 19:00:00,7251.8984,8231.152,10668.36,7690.2397,9240.803
2010-07-22 20:00:00,7251.8984,8231.152,10668.36,7690.2397,9240.803
2010-07-22 21:00:00,7251.8984,8231.152,10668.36,7690.2397,9240.803
2010-07-22 22:00:00,7251.8984,8231.152,10668.36,7690.2397,9240.803
2010-07-22 23:00:00,7251.8984,8231.152,10668.36,7690.2397,9240.803
2010-07-23 00:00:00,7251.8984,8231.152,10668.36,7690.2397,9240.803
2010-07-23 01:00:00,7251.8984,8231.152,10668.36,7690.2397,9240.803
2010-07-23 02:00:00,7251.8984,8231.152,10668.36,7690.2397,9240.803
2010-07-23 03:00:00,7251.8984,8231.152,10668.36,7690.2397,9240.803
2010-07-23 04:00:00,7251.8984,8231.152,10668.36,7690.2397,9240.803
2010-07-23 05:00:00,7251.8984,8231.152,10668.36,7690.2397,9240.803
2010-07-23 06:00:00,7251.8984,8231.152,10668.36,7690.2397,9240.803
2010-07-23 07:00:00,7251.8984,8231.152,10668.36,7690.2397,9240.803
2010-07-23 08:00:00,7251.8984,8231.152,10668.36,7690.2397,9240.803
2010-07-23 09:00:00,7251.8984,8231.152,10668.36,7690.2397,9240.803
2010-07-23 10:00:00,7251.8984,8231.152,10668.36,7690.2397,9240.803
2010-07-23 11:00:00,7251.8984,8231.152,10668.36,7690.2397,9240.803
2010-07-23 12:00:00,7251.8984,8231.152,10668.36,7690.2397,9240.803
2010-07-23 13:00:00,7251.8984,8231.152,10668.36,7690.2397,9240.803
2010-07-23 14:00:00,7251.8984,8231.152,10668.36,7690.2397,9240.803
2010-07-23 15:00:00,7251.8984,8231.152,10668.36,7690.2397,9240.803
2010-07-23 16:00:00,7251.8984,8231.152,10668.36,7690.2397,9240.803
2010-07-23 17:00:00,7251.8984,8231.152,10668.36,7690.2397,9240.803
2010-07-23 18:00:00,7251.8984,8231.152,10668.36,7690.2397,9240.803
2010-07-23 19:00:00,7251.8984,8231.152,10668.36,7690.2397,9240.803
2010-07-23 20:00:00,7251.8984,8231.152,10668.36,7690.2397,9240.803
2010-07-23 21:00:00,7251.8984,8231.152,10668.36,7690.2397,9240.803
2010-07-23 22:00:00,7251.8984,8231.152,10668.36,7690.2397,9240.803
2010-07-23 23:00:00,7251.8984,8231.152,10668.36,7690.2397,9240.803
2010-07-24 00:00:00,7251.8984,8231.152,10668.36,7690.2397,9240.803
2010-07-24 01:00:00,7251.8984,8231.152,10668.36,7690.2397,9240.803
2010-07-24 02:00:00,7251.8984,8231.152,10668.36,7690.2397,9240.803
2010-07-24 03:00:00,7251.8984,8231.152,10668.36,7690.2397,9240.803
2010-07-24 04:00:00,7251.8984,8231.152,10668.36,7690.2397,9240.803
2010-07-24 05:00:00,7251.8984,8231.152,10668.36,7690.2397,9240.803
2010-07-24 06:00:00,7251.8984,8231.152,10668.36,7690.2397,9240.803
2010-07-24 07:00:00,7251.8984,8231.152,10668.36,7690.2397,9240.803
2010-07-24 08:00:00,7251.8984,8231.152,10668.36,7690.2397,9240.803
2010-07-24 09:00:00,7251.8984,8231.152,10668.36,7690.2397,9240.803
2010-07-24 10:00:00,7251.8984,8231.152,10668.36,7690.2397,9240.803
2010-07-24 11:00:00,7251.8984,8231.152,10668.36,7690.2397,9240.803
2010-07-24 12:00:00,7251.8984,8231.152,10668.36,7690.2397,9240.803
2010-07-24 13:00:00,7251.8984,8231.152,10668.36,7690.281,9240.803
2010-07-24 14:00:00,7251.8984,8231.152,10668.36,7690.281,9240.803
2010-07-24 15:00:00,7251.8984,8231.152,10668.36,7690.281,9240.803
2010-07-24 16:00:00,7251.8984,8231.152,10668.36,7690.281,9240.803
2010-07-24 17:00:00,7251.8984,8231.152,10668.36,7690.281,9240.803
2010-07-24 18:00:00,7251.8984,8231.152,10668.36,7690.281,9240.803
2010-07-24 19:00:00,7251.8984,8231.152,10668.36,7690.281,9240.803
2010-07-24 20:00:00,7251.8984,8231.152,10668.36,7690.281,9240.803
2010-07-24 21:00:00,7251.8984,8231.152,10668.36,7690.281,9240.803
2010-07-24 22:00:00,7251.8984,8231.152,10668.36,7690.281,9240.803
2010-07-24 23:00:00,7251.8984,8231.152,10668.36,7690.281,9240.803
2010-07-25 00:00:00,7251.8984,8231.152,10668.36,7690.281,9240.803
2010-07-25 01:00:00,7251.8984,8231.152,10668.36,7690.281,9240.803
2010-07-25 02:00:00,7251.8984,8231.152,10668.36,7690.281,9240.803
2010-07-25 03:00:00,7251.8984,8231.152,10668.36,7690.281,9240.803
2010-07-25 04:00:00,7251.8984,8231.152,10668.36,7690.281,9240.803
2010-07-25 05:00:00,7251.8984,8231.152,10668.36,7690.281,9240.803
2010-07-25 06:00:00,7251.8984,8231.152,10668.36,7690.281,9240.803
2010-07-25 07:00:00,7251.8984,8231.152,10668.36,7690.281,9240.803
2010-07-25 08:00:00,7251.8984,8231.152,10668.36,7690.281,9240.803
2010-07-25 09:00:00,7251.8984,8231.152,10668.36,7690.281,9240.803
2010-07-25 10:00:00,7251.8984,8231.152,10668.36,7690.281,9240.803
2010-07-25 11:00:00,7251.8984,8231.152,10668.36,7690.281,9240.803
2010-07-25 12:00:00,7251.8984,8231.152,10668.36,7690.281,9240.803
2010-07-25 13:00:00,7251.8984,8231.152,10668.36,7690.281,9240.803
2010-07-25 14:00:00,7251.8984,8231.152,10668.36,7690.281,9240.803
2010-07-25 15:00:00,7251.8984,8231.152,10668.36,7690.281,9240.803
2010-07-25 16:00:00,7251.8984,8231.152,10668.36,7690.281,9240.803
2010-07-25 17:00:00,7251.8984,8231.152,10668.36,7690.281,9240.803
2010-07-25 18:00:00,7251.8984,8231.152,10668.36,7690.281,9240.803
2010-07-25 19:00:00,7251.8984,8231.152,10668.36,7690.281,9240.803
2010-07-25 20:00:00,7251.8984,8231.152,10668.36,7690.281,9240.803
2010-07-25 21:00:00,7251.8984,8231.152,10668.36,7690.281,9240.803
2010-07-25 22:00:00,7251.8984,8231.152,10668.36,7690.281,9240.803
2010-07-25 23:00:00,7252.3013,8231.152,10668.36,7690.281,9240.803
2010-07-26 00:00:00,7254.7773,8233.163,10670.191,7692.3735,9241.383
2010-07-26 01:00:00,7254.7773,8233.163,10670.191,7692.3735,9241.383
2010-07-26 02:00:00,7254.7773,8233.163,10670.191,7692.3735,9241.383
2010-07-26 03:00:00,7254.7773,8233.163,10670.191,7692.3735,9241.383
2010-07-26 04:00:00,7254.7773,8233.163,10670.191,7692.3735,9241.383
2010-07-26 05:00:00,7254.7773,8233.163,10670.191,7692.3735,9241.383
2010-07-26 06:00:00,7254.7773,8233.163,10670.191,7692.3735,9241.383
2010-07-26 07:00:00,7254.7773,8233.163,10670.191,7692.3735,9241.383
2010-07-26 08:00:00,7254.7773,8233.163,10670.191,7692.5254,9241.383
2010-07-26 09:00:00,7254.8535,8233.163,10670.191,7692.5254,9241.559
2010-07-26 10:00:00,7254.8535,8233.375,10670.191,7692.5547,9241.559
2010-07-26 11:00:00,7254.8535,8233.375,10670.191,7692.5547,9241.559
2010-07-26 12:00:00,7253.2847,8231.341,10668.897,7691.122,9240.803
2010-07-26 13:00:00,7253.4067,8231.866,10669.424,7691.4897,9240.803
2010-07-26 14:00:00,7253.9565,8232.464,10669.828,7691.917,9240.803
2010-07-26 15:00:00,7254.1064,8233.064,10670.191,7692.3735,9241.14
2010-07-26 16:00:00,7254.1064,8233.163,10670.191,7692.3735,9241.383
2010-07-26 17:00:00,7254.125,8233.163,10670.191,7692.3735,9241.383
2010-07-26 18:00:00,7254.7773,8233.163,10670.191,7692.3735,9241.383
2010-07-26 19:00:00,7254.7773,8233.163,10670.191,7692.3735,9241.383
2010-07-26 20:00:00,7254.7773,8233.163,10670.191,7692.3735,9241.383
2010-07-26 21:00:00,7254.7773,8233.163,10670.191,7692.3735,9241.383
2010-07-26 22:00:00,7254.7773,8233.163,10670.191,7692.3735,9241.383
2010-07-26 23:00:00,7254.7773,8233.163,10670.191,7692.3735,9241.383
2010-07-27 00:00:00,7254.8774,8233.375,10670.191,7692.775,9241.559
2010-07-27 01:00:00,7255.0264,8233.375,10670.191,7692.775,9241.559
2010-07-27 02:00:00,7255.1113,8233.375,10670.191,7692.775,9241.559
2010-07-27 03:00:00,7255.2734,8233.375,10670.191,7692.775,9241.687
2010-07-27 04:00:00,7255.2734,8233.375,10670.191,7692.775,9241.946
2010-07-27 05:00:00,7255.2734,8233.375,10670.191,7693.003,9242.121
2010-07-27 06:00:00,7255.2734,8233.47,10670.421,7693.3784,9242.121
2010-07-27 07:00:00,7255.2734,8233.47,10670.421,7693.433,9242.26
2010-07-27 08:00:00,7255.2734,8233.47,10670.421,7693.433,9242.26
2010-07-27 09:00:00,7255.2734,8233.47,10670.421,7693.433,9242.26
2010-07-27 10:00:00,7255.2734,8233.47,10670.421,7693.433,9242.26
2010-07-27 11:00:00,7255.2734,8233.47,10670.421,7693.433,9242.26
2010-07-27 12:00:00,7255.2734,8233.47,10670.421,7693.433,9242.26
2010-07-27 13:00:00,7255.2734,8233.47,10670.421,7693.433,9242.26
2010-07-27 14:00:00,7255.2734,8233.47,10670.421,7693.433,9242.26
2010-07-27 15:00:00,7255.2734,8233.47,10670.421,7693.433,9242.26
2010-07-27 16:00:00,7255.2734,8233.47,10670.421,7693.433,9242.26
2010-07-27 17:00:00,7255.2734,8233.47,10670.421,7693.433,9242.26
2010-07-27 18:00:00,7255.2734,8233.47,10670.421,7693.433,9242.26
2010-07-27 19:00:00,7255.2734,8233.55,10670.421,7693.433,9242.26
2010-07-27 20:00:00,7255.2734,8233.566,10670.421,7693.497,9242.26
2010-07-27 21:00:00,7255.2734,8233.566,10670.421,7693.497,9242.26
2010-07-27 22:00:00,7255.2734,8233.566,10670.421,7693.497,9242.26
2010-07-27 23:00:00,7255.2734,8233.566,10670.421,7693.497,9242.26
2010-07-28 00:00:00,7255.2734,8233.566,10670.421,7693.497,9242.26
2010-07-28 01:00:00,7255.2734,8233.566,10670.421,7693.497,9242.26
2010-07-28 02:00:00,7255.2734,8233.566,10670.421,7693.623,9242.26
2010-07-28 03:00:00,7255.2734,8233.696,10670.421,7693.6772,9242.26
2010-07-28 04:00:00,7255.2734,8233.696,10670.421,7693.6772,9243.297
2010-07-28 05:00:00,7255.2734,8233.696,10670.421,7693.6772,9243.365
2010-07-28 06:00:00,7255.3804,8233.696,10670.421,7693.7236,9243.365
2010-07-28 07:00:00,7255.457,8233.696,10670.421,7693.9272,9243.365
2010-07-28 08:00:00,7255.457,8233.696,10670.421,7693.963,9243.365
2010-07-28 09:00:00,7255.457,8233.755,10670.421,7693.963,9243.365
2010-07-28 10:00:00,7255.457,8233.755,10670.421,7693.963,9243.365
2010-07-28 11:00:00,7255.457,8233.755,10670.421,7693.963,9243.508
2010-07-28 12:00:00,7255.457,8234.017,10670.421,7694.0176,9243.508
2010-07-28 13:00:00,7255.6636,8234.1,10670.421,7694.0176,9243.508
2010-07-28 14:00:00,7255.8555,8234.1,10670.421,7694.0176,9243.508
2010-07-28 15:00:00,7256.782,8234.1,10670.421,7694.0176,9243.508
2010-07-28 16:00:00,7257.639,8234.1,10670.421,7694.0176,9243.508
2010-07-28 17:00:00,7257.639,8234.1,10670.421,7694.0176,9243.508
2010-07-28 18:00:00,7257.639,8234.1,10670.421,7694.1426,9243.508
2010-07-28 19:00:00,7257.639,8234.1,10670.421,7694.1426,9243.508
2010-07-28 20:00:00,7257.639,8234.1,10670.421,7694.1426,9243.508
2010-07-28 21:00:00,7257.639,8234.1,10670.421,7694.1426,9243.508
2010-07-28 22:00:00,7257.639,8234.1,10670.421,7694.1426,9243.508
2010-07-28 23:00:00,7257.639,8234.1,10670.421,7694.191,9243.508
2010-07-29 00:00:00,7258.1724,8234.1,10670.421,7694.219,9243.508
2010-07-29 01:00:00,7257.639,8234.1,10670.421,7694.191,9243.508
2010-07-29 02:00:00,7257.639,8234.1,10670.421,7694.191,9243.508
2010-07-29 03:00:00,7257.639,8234.1,10670.421,7694.191,9243.508
2010-07-29 04:00:00,7257.639,8234.1,10670.421,7694.191,9243.508
2010-07-29 05:00:00,7257.639,8234.1,10670.421,7694.191,9243.508
2010-07-29 06:00:00,7257.639,8234.1,10670.421,7694.191,9243.508
2010-07-29 07:00:00,7257.639,8234.1,10670.421,7694.191,9243.508
2010-07-29 08:00:00,7257.639,8234.1,10670.421,7694.191,9243.508
2010-07-29 09:00:00,7257.639,8234.1,10670.421,7694.191,9243.508
2010-07-29 10:00:00,7257.639,8234.1,10670.421,7694.191,9243.508
2010-07-29 11:00:00,7257.639,8234.1,10670.421,7694.191,9243.508
2010-07-29 12:00:00,7257.639,8234.1,10670.421,7694.191,9243.508
2010-07-29 13:00:00,7257.639,8234.1,10670.421,7694.191,9243.508
2010-07-29 14:00:00,7257.639,8234.1,10670.421,7694.191,9243.508
2010-07-29 15:00:00,7257.639,8234.1,10670.421,7694.191,9243.508
2010-07-29 16:00:00,7257.639,8234.1,10670.421,7694.191,9243.508
2010-07-29 17:00:00,7257.639,8234.1,10670.421,7694.191,9243.508
2010-07-29 18:00:00,7257.639,8234.1,10670.421,7694.191,9243.508
2010-07-29 19:00:00,7257.639,8234.1,10670.421,7694.191,9243.508
2010-07-29 20:00:00,7257.6763,8234.1,10670.421,7694.191,9243.508
2010-07-29 21:00:00,7258.012,8234.1,10670.421,7694.191,9243.508
2010-07-29 22:00:00,7258.012,8234.1,10670.421,7694.219,9243.508
2010-07-29 23:00:00,7258.012,8234.1,10670.421,7694.219,9243.508
2010-07-30 00:00:00,7258.8267,8234.1,10670.421,7695.524,9243.723
2010-07-30 01:00:00,7258.8267,8234.1,10670.421,7695.712,9243.723
2010-07-30 02:00:00,7258.8384,8234.1,10670.421,7695.712,9243.723
2010-07-30 03:00:00,7259.3613,8234.1,10670.421,7695.712,9243.723
2010-07-30 04:00:00,7259.3613,8234.1,10670.421,7695.712,9243.723
2010-07-30 05:00:00,7259.3613,8234.1,10670.421,7695.712,9243.723
2010-07-30 06:00:00,7259.3613,8234.1,10670.421,7695.712,9243.723
2010-07-30 07:00:00,7259.3613,8234.1,10670.421,7695.712,9243.723
2010-07-30 08:00:00,7259.3613,8234.1,10670.421,7695.712,9243.723
2010-07-30 09:00:00,7259.3613,8234.1,10670.421,7695.712,9243.723
2010-07-30 10:00:00,7259.469,8234.1,10670.421,7695.712,9243.799
2010-07-30 11:00:00,7259.469,8234.1,10670.938,7695.712,9243.799
2010-07-30 12:00:00,7259.469,8234.1,10670.938,7695.712,9244.316
2010-07-30 13:00:00,7259.469,8234.1,10670.938,7695.712,9244.316
2010-07-30 14:00:00,7259.469,8234.1,10671.026,7695.712,9244.316
2010-07-30 15:00:00,7259.469,8234.1,10671.026,7695.712,9244.316
2010-07-30 16:00:00,7259.469,8234.1,10671.026,7695.712,9244.316
2010-07-30 17:00:00,7259.469,8234.1,10671.026,7695.7646,9244.316
2010-07-30 18:00:00,7259.469,8234.202,10671.026,7695.7646,9244.316
2010-07-30 19:00:00,7259.513,8234.202,10671.026,7695.7646,9244.483
2010-07-30 20:00:00,7259.513,8234.357,10671.109,7695.7646,9244.874
2010-07-30 21:00:00,7259.535,8234.374,10671.2295,7695.7646,9246.073
2010-07-30 22:00:00,7259.535,8235.081,10672.331,7695.7646,9248.946
2010-07-30 23:00:00,7260.374,8237.579,10673.778,7696.195,9249.756
2010-07-31 00:00:00,7261.002,8238.152,10674.371,7697.2656,9250.823
2010-07-31 01:00:00,7261.2026,8238.705,10674.814,7698.044,9251.62
2010-07-31 02:00:00,7261.2397,8240.074,10674.814,7698.097,9252.248
2010-07-31 03:00:00,7261.4985,8243.367,10674.814,7698.4365,9252.248
2010-07-31 04:00:00,7261.7935,8244.648,10674.814,7698.4434,9252.248
2010-07-31 05:00:00,7261.7935,8244.648,10674.814,7698.4434,9252.248
2010-07-31 06:00:00,7261.7935,8244.648,10674.814,7698.4434,9252.248
2010-07-31 07:00:00,7261.7935,8244.648,10674.814,7698.4434,9252.248
2010-07-31 08:00:00,7261.7935,8244.648,10674.814,7698.4434,9252.248
2010-07-31 09:00:00,7261.7935,8244.648,10674.814,7698.4434,9252.398
2010-07-31 10:00:00,7261.883,8244.648,10674.814,7698.4434,9252.398
2010-07-31 11:00:00,7261.883,8244.648,10674.814,7698.4434,9252.398
2010-07-31 12:00:00,7261.883,8244.648,10674.814,7698.4434,9252.398
2010-07-31 13:00:00,7261.883,8244.648,10674.814,7698.4434,9252.398
2010-07-31 14:00:00,7261.883,8244.648,10674.814,7698.4434,9252.398
2010-07-31 15:00:00,7261.883,8244.648,10674.814,7698.4434,9252.398
2010-07-31 16:00:00,7261.883,8244.648,10674.814,7698.4434,9252.398
2010-07-31 17:00:00,7261.883,8244.648,10674.814,7698.4434,9252.398
2010-07-31 18:00:00,7261.883,8244.648,10674.814,7698.4434,9252.398
2010-07-31 19:00:00,7261.883,8244.648,10674.814,7698.4893,9252.398
2010-07-31 20:00:00,7261.883,8244.648,10674.814,7698.4893,9252.398
2010-07-31 21:00:00,7261.883,8245.635,10674.814,7699.423,9252.816
2010-07-31 22:00:00,7263.445,8246.729,10675.857,7699.911,9253.444
2010-07-31 23:00:00,7263.5938,8246.729,10679.509,7700.013,9256.353
2010-08-01 00:00:00,7263.5938,8248.625,10679.509,7700.289,9256.353
2010-08-01 01:00:00,7264.2275,8249.166,10682.686,7702.2,9256.353
2010-08-01 02:00:00,7266.1216,8249.166,10682.732,7702.2,9256.353
2010-08-01 03:00:00,7266.1216,8249.166,10682.732,7702.2,9256.353
2010-08-01 04:00:00,7266.1216,8249.166,10682.732,7702.2,9256.353
2010-08-01 05:00:00,7266.172,8249.166,10682.732,7702.2,9256.353
2010-08-01 06:00:00,7266.172,8249.166,10682.732,7702.2,9256.353
2010-08-01 07:00:00,7266.172,8249.166,10682.732,7702.2,9256.353
2010-08-01 08:00:00,7266.172,8249.166,10682.732,7702.2,9256.353
2010-08-01 09:00:00,7266.325,8249.504,10682.806,7702.2,9256.434
2010-08-01 10:00:00,7266.3906,8249.504,10683.6875,7702.2,9256.469
2010-08-01 11:00:00,7266.3945,8249.504,10684.089,7702.2,9256.536
2010-08-01 12:00:00,7266.3945,8249.581,10684.259,7702.2,9256.536
2010-08-01 13:00:00,7266.4893,8250.134,10684.259,7702.538,9256.55
2010-08-01 14:00:00,7267.1553,8250.252,10684.259,7703.142,9258.335
2010-08-01 15:00:00,7267.6816,8250.352,10684.259,7703.5654,9258.616
2010-08-01 16:00:00,7269.239,8250.537,10684.259,7703.756,9258.673
2010-08-01 17:00:00,7269.387,8250.792,10684.259,7703.756,9258.914
2010-08-01 18:00:00,7269.387,8251.253,10684.259,7703.756,9258.914
2010-08-01 19:00:00,7269.395,8251.253,10684.259,7703.756,9258.914
2010-08-01 20:00:00,7269.395,8251.253,10684.259,7703.756,9258.914
2010-08-01 21:00:00,7269.395,8251.253,10684.259,7703.756,9258.914
2010-08-01 22:00:00,7269.395,8252.012,10684.259,7703.756,9258.914
2010-08-01 23:00:00,7269.395,8252.019,10684.259,7703.756,9258.914
2010-08-02 00:00:00,7269.453,8252.019,10684.259,7704.071,9258.914
2010-08-02 01:00:00,7269.453,8252.019,10684.259,7704.071,9258.914
2010-08-02 02:00:00,7269.453,8252.019,10684.259,7704.071,9258.914
2010-08-02 03:00:00,7269.453,8252.019,10684.259,7704.071,9258.914
2010-08-02 04:00:00,7269.453,8252.019,10684.259,7704.071,9258.914
2010-08-02 05:00:00,7269.453,8252.019,10684.259,7704.071,9258.914
2010-08-02 06:00:00,7269.453,8252.019,10684.259,7704.071,9258.914
2010-08-02 07:00:00,7269.453,8252.019,10684.259,7704.071,9258.914
2010-08-02 08:00:00,7269.453,8252.019,10684.259,7704.071,9258.914
2010-08-02 09:00:00,7269.453,8252.019,10684.259,7704.071,9258.914
2010-08-02 10:00:00,7269.453,8252.019,10684.259,7704.071,9258.914
2010-08-02 11:00:00,7269.453,8252.019,10684.259,7704.071,9258.914
2010-08-02 12:00:00,7269.453,8252.019,10684.259,7704.071,9258.914
2010-08-02 13:00:00,7269.453,8252.019,10684.259,7704.071,9258.914
2010-08-02 14:00:00,7269.453,8252.019,10684.259,7704.071,9258.914
2010-08-02 15:00:00,7269.395,8252.019,10684.259,7704.071,9258.914
2010-08-02 16:00:00,7269.453,8252.019,10684.259,7704.071,9258.914
2010-08-02 17:00:00,7269.453,8252.019,10684.259,7704.071,9258.914
2010-08-02 18:00:00,7269.453,8252.019,10684.259,7704.071,9258.914
2010-08-02 19:00:00,7269.453,8252.019,10684.259,7704.071,9258.914
2010-08-02 20:00:00,7269.453,8252.019,10684.259,7704.071,9258.914
2010-08-02 21:00:00,7269.453,8252.019,10684.259,7704.071,9258.914
2010-08-02 22:00:00,7269.453,8252.019,10684.259,7704.071,9258.914
2010-08-02 23:00:00,7269.453,8252.019,10684.259,7704.071,9258.914
2010-08-03 00:00:00,7269.453,8252.019,10684.259,7704.071,9258.914
2010-08-03 01:00:00,7269.568,8252.019,10684.451,7704.071,9258.914
2010-08-03 02:00:00,7269.7163,8252.019,10684.451,7704.071,9258.914
2010-08-03 03:00:00,7269.7163,8252.019,10684.451,7704.071,9258.914
2010-08-03 04:00:00,7269.7163,8252.019,10684.451,7704.071,9258.984
2010-08-03 05:00:00,7269.7163,8252.019,10684.451,7704.071,9258.984
2010-08-03 06:00:00,7269.7163,8252.019,10684.451,7704.071,9258.984
2010-08-03 07:00:00,7269.7163,8252.019,10684.451,7704.071,9258.984
2010-08-03 08:00:00,7269.7163,8252.019,10684.451,7704.071,9258.984
2010-08-03 09:00:00,7269.7163,8252.019,10684.451,7704.071,9258.984
2010-08-03 10:00:00,7269.7407,8252.019,10684.451,7704.1025,9258.984
2010-08-03 11:00:00,7269.7915,8252.019,10684.451,7704.1025,9258.984
2010-08-03 12:00:00,7269.842,8252.019,10684.451,7704.1025,9258.984
2010-08-03 13:00:00,7269.842,8252.019,10684.451,7704.1025,9258.984
2010-08-03 14:00:00,7269.906,8252.019,10684.451,7704.1025,9258.984
2010-08-03 15:00:00,7269.906,8252.019,10684.451,7704.1025,9258.984
2010-08-03 16:00:00,7269.906,8252.019,10684.451,7704.1025,9258.984
2010-08-03 17:00:00,7269.906,8252.019,10684.451,7704.1025,9258.984
2010-08-03 18:00:00,7269.906,8252.019,10684.451,7704.1025,9258.984
2010-08-03 19:00:00,7269.906,8252.019,10684.451,7704.1025,9258.984
2010-08-03 20:00:00,7269.906,8252.019,10684.451,7704.1025,9258.984
2010-08-03 21:00:00,7269.906,8252.019,10684.451,7704.1025,9258.984
2010-08-03 22:00:00,7269.906,8252.019,10684.451,7704.1025,9258.984
2010-08-03 23:00:00,7269.906,8252.019,10684.451,7704.1025,9258.984
2010-08-04 00:00:00,7269.906,8252.019,10684.451,7704.1025,9258.984
2010-08-04 01:00:00,7269.906,8252.019,10684.451,7704.1025,9258.984
2010-08-04 02:00:00,7269.906,8252.019,10684.451,7704.1025,9258.984
2010-08-04 03:00:00,7269.906,8252.019,10684.451,7704.1025,9258.984
2010-08-04 04:00:00,7269.906,8252.019,10684.451,7704.1025,9258.984
2010-08-04 05:00:00,7269.906,8252.019,10684.451,7704.1025,9258.984
2010-08-04 06:00:00,7269.906,8252.019,10684.451,7704.1025,9258.984
2010-08-04 07:00:00,7269.906,8252.019,10684.451,7704.1025,9258.984
2010-08-04 08:00:00,7269.906,8252.019,10684.451,7704.1025,9258.984
2010-08-04 09:00:00,7269.906,8252.019,10684.451,7704.1025,9258.984
2010-08-04 10:00:00,7269.906,8252.019,10684.451,7704.1025,9258.984
2010-08-04 11:00:00,7269.906,8252.019,10684.451,7704.1025,9258.984
2010-08-04 12:00:00,7269.906,8252.019,10684.451,7704.1025,9258.984
2010-08-04 13:00:00,7269.906,8252.019,10684.451,7704.1025,9258.984
2010-08-04 14:00:00,7269.906,8252.019,10684.451,7704.1025,9258.984
2010-08-04 15:00:00,7269.906,8252.019,10684.451,7704.1025,9258.984
2010-08-04 16:00:00,7269.906,8252.019,10684.451,7704.1025,9258.984
2010-08-04 17:00:00,7269.906,8252.019,10684.451,7704.1025,9258.984
2010-08-04 18:00:00,7269.906,8252.019,10684.451,7704.1025,9258.984
2010-08-04 19:00:00,7269.906,8252.019,10684.451,7704.1025,9258.984
2010-08-04 20:00:00,7269.906,8252.019,10684.451,7704.1025,9258.984
2010-08-04 21:00:00,7269.906,8252.019,10684.451,7705.269,9258.984
2010-08-04 22:00:00,7269.906,8252.019,10684.451,7705.269,9258.984
2010-08-04 23:00:00,7269.906,8252.019,10684.451,7705.269,9258.984
2010-08-05 00:00:00,7270.027,8252.418,10684.451,7706.3438,9258.984
2010-08-05 01:00:00,7270.027,8252.418,10684.451,7706.3438,9258.984
2010-08-05 02:00:00,7270.027,8252.418,10684.451,7706.3438,9258.984
2010-08-05 03:00:00,7270.0386,8252.418,10684.451,7706.3438,9258.984
2010-08-05 04:00:00,7269.906,8252.019,10684.451,7705.269,9258.984
2010-08-05 05:00:00,7269.906,8252.019,10684.451,7705.269,9258.984
2010-08-05 06:00:00,7269.906,8252.019,10684.451,7705.269,9258.984
2010-08-05 07:00:00,7269.906,8252.019,10684.451,7705.269,9258.984
2010-08-05 08:00:00,7269.906,8252.019,10684.451,7705.269,9258.984
2010-08-05 09:00:00,7269.906,8252.019,10684.451,7705.269,9258.984
2010-08-05 10:00:00,7269.906,8252.019,10684.451,7705.269,9258.984
2010-08-05 11:00:00,7269.906,8252.019,10684.451,7705.269,9258.984
2010-08-05 12:00:00,7269.906,8252.019,10684.451,7705.269,9258.984
2010-08-05 13:00:00,7269.906,8252.019,10684.451,7705.269,9258.984
2010-08-05 14:00:00,7269.906,8252.019,10684.451,7705.269,9258.984
2010-08-05 15:00:00,7269.906,8252.019,10684.451,7705.269,9258.984
2010-08-05 16:00:00,7269.906,8252.019,10684.451,7705.269,9258.984
2010-08-05 17:00:00,7269.906,8252.019,10684.451,7705.3555,9258.984
2010-08-05 18:00:00,7269.906,8252.375,10684.451,7706.2695,9258.984
2010-08-05 19:00:00,7270.027,8252.418,10684.451,7706.3438,9258.984
2010-08-05 20:00:00,7270.027,8252.418,10684.451,7706.3438,9258.984
2010-08-05 21:00:00,7270.027,8252.418,10684.451,7706.3438,9258.984
2010-08-05 22:00:00,7270.027,8252.418,10684.451,7706.3438,9258.984
2010-08-05 23:00:00,7270.027,8252.418,10684.451,7706.3438,9258.984
2010-08-06 00:00:00,7270.043,8252.418,10684.451,7706.3438,9258.984
2010-08-06 01:00:00,7270.043,8252.418,10684.451,7706.539,9258.984
2010-08-06 02:00:00,7270.12,8252.469,10684.451,7706.7183,9258.984
2010-08-06 03:00:00,7270.3228,8252.469,10684.485,7706.73,9258.984
2010-08-06 04:00:00,7270.479,8252.469,10684.485,7706.73,9258.984
2010-08-06 05:00:00,7270.479,8252.469,10684.485,7706.73,9258.984
2010-08-06 06:00:00,7270.479,8252.469,10684.485,7706.73,9258.984
2010-08-06 07:00:00,7270.5376,8252.469,10684.485,7706.73,9258.984
2010-08-06 08:00:00,7270.5376,8252.469,10684.485,7706.73,9258.984
2010-08-06 09:00:00,7270.8413,8252.469,10684.516,7706.73,9258.984
2010-08-06 10:00:00,7270.9326,8252.469,10684.516,7706.73,9258.984
2010-08-06 11:00:00,7270.964,8252.469,10684.516,7706.8833,9259.131
2010-08-06 12:00:00,7270.964,8252.469,10684.516,7706.8833,9259.137
2010-08-06 13:00:00,7271.0845,8252.469,10684.516,7706.8833,9259.137
2010-08-06 14:00:00,7271.0845,8252.469,10684.516,7706.8833,9259.137
2010-08-06 15:00:00,7271.0845,8252.469,10684.516,7706.8833,9259.137
2010-08-06 16:00:00,7271.0845,8252.469,10684.516,7706.8833,9259.137
2010-08-06 17:00:00,7271.0845,8252.469,10684.516,7706.8833,9259.223
2010-08-06 18:00:00,7271.0845,8252.469,10684.516,7706.8833,9259.223
2010-08-06 19:00:00,7271.0845,8252.469,10684.516,7706.8833,9259.223
2010-08-06 20:00:00,7271.0845,8252.469,10684.516,7706.8833,9259.223
2010-08-06 21:00:00,7271.0845,8252.469,10684.516,7706.8833,9259.223
2010-08-06 22:00:00,7271.0845,8252.469,10684.516,7706.8833,9259.223
2010-08-06 23:00:00,7271.0845,8252.469,10684.516,7706.8833,9259.223
2010-08-07 00:00:00,7271.0845,8252.469,10684.516,7706.8833,9259.223
2010-08-07 01:00:00,7271.0845,8252.469,10684.516,7706.8833,9259.223
2010-08-07 02:00:00,7271.0845,8252.469,10684.516,7706.8833,9259.223
2010-08-07 03:00:00,7271.0845,8252.469,10684.516,7706.8833,9259.223
2010-08-07 04:00:00,7271.0845,8252.469,10684.516,7706.8833,9259.223
2010-08-07 05:00:00,7271.0845,8252.469,10684.516,7706.8833,9259.223
2010-08-07 06:00:00,7271.0845,8252.469,10684.516,7706.8833,9259.223
2010-08-07 07:00:00,7271.0845,8252.469,10684.516,7706.8833,9259.223
2010-08-07 08:00:00,7271.0845,8252.469,10684.516,7706.8833,9259.223
2010-08-07 09:00:00,7271.0845,8252.469,10684.516,7706.8833,9259.223
2010-08-07 10:00:00,7271.0845,8252.469,10684.516,7706.8833,9259.223
2010-08-07 11:00:00,7271.0845,8252.469,10684.516,7706.8833,9259.223
2010-08-07 12:00:00,7271.0845,8252.469,10684.516,7706.8833,9259.223
2010-08-07 13:00:00,7271.0845,8252.469,10684.516,7706.8833,9259.223
2010-08-07 14:00:00,7271.0845,8252.469,10684.516,7706.8833,9259.223
2010-08-07 15:00:00,7271.0845,8252.469,10684.516,7706.8833,9259.223
2010-08-07 16:00:00,7271.0845,8252.469,10684.516,7706.8833,9259.223
2010-08-07 17:00:00,7271.0845,8252.469,10684.516,7706.8833,9259.223
2010-08-07 18:00:00,7271.0845,8252.469,10684.516,7706.8833,9259.223
2010-08-07 19:00:00,7271.0845,8252.469,10684.516,7706.8833,9259.223
2010-08-07 20:00:00,7271.0845,8252.469,10684.516,7706.8833,9259.223
2010-08-07 21:00:00,7271.0845,8252.469,10684.516,7706.8833,9259.223
2010-08-07 22:00:00,7271.0845,8252.469,10684.516,7706.8833,9259.223
2010-08-07 23:00:00,7271.0845,8252.469,10684.516,7706.8833,9259.223
2010-08-08 00:00:00,7271.0845,8252.469,10684.516,7706.8833,9259.223
2010-08-08 01:00:00,7271.0845,8252.469,10684.516,7706.8833,9259.223
2010-08-08 02:00:00,7271.0845,8252.469,10684.516,7706.8833,9259.223
2010-08-08 03:00:00,7271.0845,8252.469,10684.516,7706.8833,9259.223
2010-08-08 04:00:00,7271.0845,8252.469,10684.516,7706.8833,9259.223
2010-08-08 05:00:00,7271.0845,8252.469,10684.516,7706.8833,9259.223
2010-08-08 06:00:00,7271.0845,8252.469,10684.516,7706.8833,9259.223
2010-08-08 07:00:00,7271.0845,8252.469,10684.516,7706.8833,9259.223
2010-08-08 08:00:00,7271.0845,8252.469,10684.516,7706.8833,9259.223
2010-08-08 09:00:00,7271.0845,8252.469,10684.516,7706.8833,9259.223
2010-08-08 10:00:00,7271.0845,8252.469,10684.516,7706.8833,9259.223
2010-08-08 11:00:00,7271.0845,8252.469,10684.516,7706.8833,9259.223
2010-08-08 12:00:00,7271.0845,8252.469,10684.516,7706.8833,9259.223
2010-08-08 13:00:00,7271.0845,8252.469,10684.516,7706.8833,9259.223
2010-08-08 14:00:00,7271.0845,8252.469,10684.516,7706.8833,9259.223
2010-08-08 15:00:00,7271.0845,8252.469,10684.516,7706.8833,9259.223
2010-08-08 16:00:00,7271.0845,8252.469,10684.516,7706.8833,9259.223
2010-08-08 17:00:00,7271.0845,8252.469,10684.516,7706.8833,9259.223
2010-08-08 18:00:00,7271.0845,8252.469,10684.516,7706.8833,9259.223
2010-08-08 19:00:00,7271.0845,8252.469,10684.516,7706.8833,9259.223
2010-08-08 20:00:00,7271.0845,8252.469,10684.516,7706.8833,9259.223
2010-08-08 21:00:00,7271.0845,8252.469,10684.516,7706.8833,9259.223
2010-08-08 22:00:00,7271.0845,8252.469,10684.516,7706.8833,9259.223
2010-08-08 23:00:00,7271.0845,8252.469,10684.516,7706.8833,9259.223
2010-08-09 00:00:00,7271.0845,8252.469,10684.516,7706.8833,9259.223
2010-08-09 01:00:00,7271.0845,8252.469,10684.516,7706.8833,9259.223
2010-08-09 02:00:00,7271.0845,8252.469,10684.516,7706.8833,9259.223
2010-08-09 03:00:00,7271.0845,8252.469,10684.516,7706.8833,9259.223
2010-08-09 04:00:00,7271.0845,8252.469,10684.516,7706.8833,9259.223
2010-08-09 05:00:00,7271.0845,8252.469,10684.516,7706.8833,9259.223
2010-08-09 06:00:00,7271.0845,8252.469,10684.516,7706.8833,9259.223
2010-08-09 07:00:00,7271.0845,8252.469,10684.516,7706.8833,9259.223
2010-08-09 08:00:00,7271.0845,8252.469,10684.516,7706.8833,9259.223
2010-08-09 09:00:00,7271.0845,8252.469,10684.516,7706.8833,9259.223
2010-08-09 10:00:00,7271.0845,8252.469,10684.516,7706.8833,9259.223
2010-08-09 11:00:00,7271.0845,8252.469,10684.516,7706.8833,9259.223
2010-08-09 12:00:00,7271.0845,8252.578,10684.568,7706.8833,9259.223
2010-08-09 13:00:00,7271.0845,8252.578,10690.649,7706.8833,9259.223
2010-08-09 14:00:00,7271.0845,8252.578,10693.325,7706.8833,9259.223
2010-08-09 15:00:00,7271.0845,8252.578,10694.176,7706.8833,9259.223
2010-08-09 16:00:00,7271.0845,8252.578,10694.664,7706.8833,9259.381
2010-08-09 17:00:00,7271.0845,8252.578,10694.728,7706.8833,9259.381
2010-08-09 18:00:00,7271.0845,8252.469,10684.516,7706.8833,9259.223
2010-08-09 19:00:00,7271.0845,8252.469,10684.516,7706.8833,9259.223
2010-08-09 20:00:00,7271.0845,8252.469,10684.516,7706.8833,9259.223
2010-08-09 21:00:00,7271.0845,8252.469,10684.516,7706.8833,9259.223
2010-08-09 22:00:00,7271.0845,8252.469,10684.516,7706.8833,9259.223
2010-08-09 23:00:00,7271.0845,8252.469,10684.516,7706.8833,9259.223
2010-08-10 00:00:00,7271.0845,8252.578,10694.728,7706.8833,9259.381
2010-08-10 01:00:00,7271.1484,8252.578,10694.728,7706.9824,9259.381
2010-08-10 02:00:00,7271.3105,8252.578,10694.728,7706.9824,9259.381
2010-08-10 03:00:00,7271.4595,8252.578,10694.728,7706.9824,9259.381
2010-08-10 04:00:00,7271.602,8252.578,10694.728,7706.9824,9259.381
2010-08-10 05:00:00,7271.6465,8252.578,10694.728,7706.9824,9259.381
2010-08-10 06:00:00,7271.6465,8252.578,10694.728,7706.9824,9259.381
2010-08-10 07:00:00,7271.6465,8252.578,10694.728,7706.9824,9259.381
2010-08-10 08:00:00,7271.6465,8252.603,10694.728,7706.9824,9259.381
2010-08-10 09:00:00,7271.691,8252.603,10694.728,7706.9824,9259.381
2010-08-10 10:00:00,7271.691,8252.603,10694.728,7706.9824,9259.381
2010-08-10 11:00:00,7271.691,8252.603,10694.728,7706.9824,9259.381
2010-08-10 12:00:00,7271.691,8252.603,10694.728,7706.9824,9259.381
2010-08-10 13:00:00,7271.691,8252.603,10694.728,7706.9824,9259.381
2010-08-10 14:00:00,7271.691,8252.603,10694.728,7706.9824,9259.381
2010-08-10 15:00:00,7271.691,8252.603,10694.728,7706.9824,9259.381
2010-08-10 16:00:00,7271.691,8252.603,10694.728,7706.9824,9259.381
2010-08-10 17:00:00,7271.691,8252.603,10694.728,7706.9824,9259.381
2010-08-10 18:00:00,7271.691,8252.603,10694.728,7706.9824,9259.381
2010-08-10 19:00:00,7271.691,8252.603,10694.728,7706.9824,9259.381
2010-08-10 20:00:00,7271.691,8252.603,10694.728,7706.9824,9259.381
2010-08-10 21:00:00,7271.691,8252.603,10694.728,7707.1523,9259.381
2010-08-10 22:00:00,7271.691,8252.603,10694.728,7707.4136,9259.381
2010-08-10 23:00:00,7271.691,8252.603,10694.728,7707.4136,9259.381
2010-08-11 00:00:00,7271.691,8252.603,10694.728,7707.4136,9259.381
2010-08-11 01:00:00,7271.691,8252.603,10694.728,7707.4136,9259.381
2010-08-11 02:00:00,7271.691,8252.603,10694.728,7707.4136,9259.381
2010-08-11 03:00:00,7271.691,8252.618,10694.728,7707.4136,9259.381
2010-08-11 04:00:00,7271.715,8252.744,10694.728,7707.933,9259.381
2010-08-11 05:00:00,7271.979,8253.203,10694.728,7708.752,9259.919
2010-08-11 06:00:00,7272.129,8253.293,10694.728,7710.674,9260.172
2010-08-11 07:00:00,7272.3335,8253.388,10694.728,7711.194,9260.284
2010-08-11 08:00:00,7273.9336,8255.096,10694.728,7712.2427,9260.61
2010-08-11 09:00:00,7275.6826,8256.211,10694.728,7714.2,9261.056
2010-08-11 10:00:00,7277.3096,8257.395,10695.391,7715.4336,9261.564
2010-08-11 11:00:00,7278.0186,8257.395,10695.642,7715.7803,9261.795
2010-08-11 12:00:00,7278.3735,8257.522,10695.642,7715.7803,9261.795
2010-08-11 13:00:00,7278.3735,8257.614,10695.642,7715.7803,9261.948
2010-08-11 14:00:00,7278.3735,8257.614,10695.642,7715.7803,9261.948
2010-08-11 15:00:00,7278.3735,8257.614,10695.642,7715.7803,9261.948
2010-08-11 16:00:00,7278.3735,8257.614,10695.642,7715.7803,9261.948
2010-08-11 17:00:00,7278.404,8257.614,10695.642,7715.7803,9262.297
2010-08-11 18:00:00,7278.404,8257.614,10695.642,7715.7803,9262.315
2010-08-11 19:00:00,7278.404,8257.614,10695.642,7715.7803,9262.315
2010-08-11 20:00:00,7278.404,8257.614,10695.642,7715.7803,9262.315
2010-08-11 21:00:00,7278.404,8257.614,10695.642,7715.7803,9262.315
2010-08-11 22:00:00,7278.404,8257.614,10695.642,7715.7803,9262.315
2010-08-11 23:00:00,7278.404,8257.614,10695.642,7715.7803,9262.315
2010-08-12 00:00:00,7278.404,8257.614,10695.642,7715.7803,9262.315
2010-08-12 01:00:00,7278.404,8257.614,10695.642,7715.7803,9262.315
2010-08-12 02:00:00,7278.404,8257.614,10695.642,7715.7803,9262.315
2010-08-12 03:00:00,7278.404,8257.614,10695.642,7715.7803,9262.315
2010-08-12 04:00:00,7278.404,8257.614,10695.642,7715.7803,9262.315
2010-08-12 05:00:00,7278.404,8257.614,10695.642,7715.7803,9262.315
2010-08-12 06:00:00,7278.404,8257.614,10695.642,7715.7803,9262.315
2010-08-12 07:00:00,7278.404,8257.614,10695.642,7715.7803,9262.315
2010-08-12 08:00:00,7278.404,8257.614,10695.642,7715.7803,9262.315
2010-08-12 09:00:00,7278.404,8257.614,10695.642,7715.7803,9262.315
2010-08-12 10:00:00,7278.404,8257.614,10695.642,7715.7803,9262.315
2010-08-12 11:00:00,7278.404,8257.614,10695.642,7715.7803,9262.315
2010-08-12 12:00:00,7278.404,8257.614,10695.642,7715.7803,9262.315
2010-08-12 13:00:00,7278.404,8257.614,10695.642,7715.7803,9262.315
2010-08-12 14:00:00,7278.404,8257.614,10695.642,7715.7803,9262.315
2010-08-12 15:00:00,7278.404,8257.614,10695.642,7715.7803,9262.315
2010-08-12 16:00:00,7278.404,8257.614,10695.642,7715.7803,9262.315
2010-08-12 17:00:00,7278.404,8257.614,10695.642,7715.7803,9262.315
2010-08-12 18:00:00,7278.404,8257.614,10695.642,7715.7803,9262.315
2010-08-12 19:00:00,7278.404,8257.614,10695.642,7715.7803,9262.315
2010-08-12 20:00:00,7278.404,8257.614,10695.642,7715.7803,9262.315
2010-08-12 21:00:00,7278.404,8257.614,10695.642,7715.7803,9262.315
2010-08-12 22:00:00,7278.404,8257.614,10695.642,7715.7803,9262.315
2010-08-12 23:00:00,7278.404,8257.614,10695.642,7715.7803,9262.315
2010-08-13 00:00:00,7278.404,8257.614,10695.642,7715.7803,9262.315
2010-08-13 01:00:00,7278.404,8257.614,10695.642,7715.7803,9262.315
2010-08-13 02:00:00,7278.404,8257.614,10695.642,7715.7803,9262.315
2010-08-13 03:00:00,7278.404,8257.614,10695.642,7715.7803,9262.315
2010-08-13 04:00:00,7278.404,8257.614,10695.642,7715.7803,9262.315
2010-08-13 05:00:00,7278.404,8257.614,10695.642,7715.7803,9262.315
2010-08-13 06:00:00,7278.404,8257.614,10695.642,7715.7803,9262.315
2010-08-13 07:00:00,7278.404,8257.614,10695.642,7715.7803,9262.315
2010-08-13 08:00:00,7278.404,8257.614,10695.642,7715.7803,9262.315
2010-08-13 09:00:00,7278.404,8257.614,10695.642,7715.7803,9262.315
2010-08-13 10:00:00,7278.404,8257.614,10695.642,7715.7803,9262.315
2010-08-13 11:00:00,7278.404,8257.614,10695.642,7715.792,9262.315
2010-08-13 12:00:00,7278.404,8257.628,10695.642,7716.2246,9262.315
2010-08-13 13:00:00,7278.791,8258.575,10695.642,7717.3726,9262.765
2010-08-13 14:00:00,7280.2676,8258.753,10695.799,7717.504,9263.781
2010-08-13 15:00:00,7280.4863,8258.753,10695.799,7717.6064,9263.781
2010-08-13 16:00:00,7280.4863,8258.753,10695.799,7717.7075,9263.781
2010-08-13 17:00:00,7280.4863,8258.753,10695.972,7717.7075,9263.838
2010-08-13 18:00:00,7280.494,8258.753,10696.073,7717.7075,9263.838
2010-08-13 19:00:00,7280.5757,8258.753,10696.073,7717.7075,9263.838
2010-08-13 20:00:00,7280.5757,8258.753,10696.073,7717.7075,9263.838
2010-08-13 21:00:00,7280.5757,8258.753,10696.073,7717.7075,9263.838
2010-08-13 22:00:00,7280.5757,8258.753,10696.073,7717.7075,9263.874
2010-08-13 23:00:00,7280.5757,8258.753,10696.073,7717.7075,9263.874
2010-08-14 00:00:00,7280.5757,8258.753,10696.073,7717.7075,9263.874
2010-08-14 01:00:00,7280.5757,8258.753,10696.073,7717.7075,9263.874
2010-08-14 02:00:00,7280.5757,8258.753,10696.073,7717.7075,9263.874
2010-08-14 03:00:00,7280.5757,8258.753,10696.073,7717.7075,9264.306
2010-08-14 04:00:00,7280.5757,8258.821,10696.073,7717.7075,9264.37
2010-08-14 05:00:00,7280.5757,8258.821,10696.073,7717.7075,9264.37
2010-08-14 06:00:00,7280.5757,8258.821,10696.073,7717.7075,9264.37
2010-08-14 07:00:00,7280.5757,8258.821,10696.073,7717.7075,9264.37
2010-08-14 08:00:00,7280.644,8258.821,10696.073,7717.7075,9264.37
2010-08-14 09:00:00,7280.644,8258.821,10696.073,7717.7075,9264.37
2010-08-14 10:00:00,7280.6914,8259.039,10696.073,7717.7075,9264.37
2010-08-14 11:00:00,7280.8374,8259.067,10696.073,7717.7075,9264.37
2010-08-14 12:00:00,7280.8374,8259.322,10696.073,7717.7075,9264.428
2010-08-14 13:00:00,7280.8374,8259.647,10696.073,7717.7075,9264.848
2010-08-14 14:00:00,7280.8374,8259.846,10696.073,7717.7075,9265.302
2010-08-14 15:00:00,7280.8374,8259.846,10696.073,7717.744,9265.302
2010-08-14 16:00:00,7280.8804,8260.052,10696.073,7717.744,9265.403
2010-08-14 17:00:00,7281.0366,8260.052,10696.073,7717.744,9266.092
2010-08-14 18:00:00,7281.0366,8260.052,10696.436,7717.744,9266.765
2010-08-14 19:00:00,7281.0366,8260.052,10696.67,7717.744,9266.941
2010-08-14 20:00:00,7281.0366,8260.052,10696.67,7717.744,9266.941
2010-08-14 21:00:00,7281.0366,8260.052,10696.67,7717.744,9266.941
2010-08-14 22:00:00,7281.0366,8260.052,10696.67,7717.744,9266.941
2010-08-14 23:00:00,7281.0366,8260.052,10696.67,7717.744,9266.941
2010-08-15 00:00:00,7281.0366,8260.052,10697.797,7717.744,9266.941
2010-08-15 01:00:00,7281.0366,8260.052,10697.797,7717.744,9266.941
2010-08-15 02:00:00,7281.0366,8260.052,10697.797,7717.744,9266.941
2010-08-15 03:00:00,7281.0366,8260.052,10697.797,7717.744,9266.941
2010-08-15 04:00:00,7281.0366,8260.052,10697.797,7717.744,9266.941
2010-08-15 05:00:00,7281.0366,8260.052,10697.797,7717.744,9266.941
2010-08-15 06:00:00,7281.0366,8260.052,10697.797,7717.744,9266.941
2010-08-15 07:00:00,7281.0366,8260.052,10697.797,7717.744,9266.941
2010-08-15 08:00:00,7281.0366,8260.052,10697.797,7717.744,9266.941
2010-08-15 09:00:00,7281.0366,8260.052,10697.797,7717.744,9266.941
2010-08-15 10:00:00,7281.0366,8260.052,10696.67,7717.744,9266.941
2010-08-15 11:00:00,7281.0366,8260.052,10696.842,7717.744,9266.941
2010-08-15 12:00:00,7281.0366,8260.052,10697.428,7717.744,9266.941
2010-08-15 13:00:00,7281.0366,8260.052,10697.797,7717.744,9266.941
2010-08-15 14:00:00,7281.0366,8260.052,10697.797,7717.744,9266.941
2010-08-15 15:00:00,7281.0366,8260.052,10697.797,7717.744,9266.941
2010-08-15 16:00:00,7281.0366,8260.052,10697.797,7717.744,9266.941
2010-08-15 17:00:00,7281.0366,8260.052,10697.797,7717.744,9266.941
2010-08-15 18:00:00,7281.0366,8260.052,10697.797,7717.744,9266.941
2010-08-15 19:00:00,7281.0366,8260.052,10697.797,7717.744,9266.941
2010-08-15 20:00:00,7281.0366,8260.052,10697.797,7717.744,9266.941
2010-08-15 21:00:00,7281.0366,8260.052,10697.797,7717.744,9266.941
2010-08-15 22:00:00,7281.0366,8260.052,10697.797,7717.744,9266.941
2010-08-15 23:00:00,7281.0366,8260.052,10697.797,7717.744,9266.941
2010-08-16 00:00:00,7281.0366,8260.052,10697.797,7717.744,9266.941
2010-08-16 01:00:00,7281.0366,8260.052,10697.797,7717.744,9266.941
2010-08-16 02:00:00,7281.0366,8260.052,10697.797,7717.744,9266.941
2010-08-16 03:00:00,7281.0366,8260.052,10697.797,7717.744,9266.941
2010-08-16 04:00:00,7281.0366,8260.052,10697.797,7717.744,9266.941
2010-08-16 05:00:00,7281.0366,8260.052,10697.797,7717.744,9266.941
2010-08-16 06:00:00,7281.0366,8260.052,10697.797,7717.744,9266.941
2010-08-16 07:00:00,7281.0366,8260.052,10697.797,7717.744,9266.941
2010-08-16 08:00:00,7281.0366,8260.052,10697.797,7717.744,9266.941
2010-08-16 09:00:00,7281.0366,8260.052,10697.797,7717.744,9266.941
2010-08-16 10:00:00,7281.0366,8260.052,10697.797,7717.744,9266.941
2010-08-16 11:00:00,7281.0366,8260.052,10697.797,7717.744,9266.941
2010-08-16 12:00:00,7281.0366,8260.052,10697.797,7717.744,9266.941
2010-08-16 13:00:00,7281.0366,8260.052,10697.797,7717.744,9266.941
2010-08-16 14:00:00,7281.0366,8260.052,10697.797,7717.744,9266.941
2010-08-16 15:00:00,7281.0366,8260.052,10697.797,7717.744,9266.941
2010-08-16 16:00:00,7281.0366,8260.052,10697.797,7717.744,9266.941
2010-08-16 17:00:00,7281.0366,8260.052,10697.797,7717.744,9266.941
2010-08-16 18:00:00,7281.0366,8260.052,10697.797,7717.744,9266.941
2010-08-16 19:00:00,7281.0366,8260.052,10697.797,7717.744,9266.941
2010-08-16 20:00:00,7281.0366,8260.052,10697.797,7717.744,9266.941
2010-08-16 21:00:00,7281.0366,8260.052,10697.797,7717.744,9266.941
2010-08-16 22:00:00,7281.0366,8260.052,10697.797,7717.744,9266.941
2010-08-16 23:00:00,7281.0366,8260.052,10697.797,7717.744,9266.941
2010-08-17 00:00:00,7281.0366,8260.052,10697.797,7717.744,9266.941
2010-08-17 01:00:00,7281.0366,8260.052,10697.797,7717.744,9266.941
2010-08-17 02:00:00,7281.0366,8260.052,10697.797,7717.744,9266.941
2010-08-17 03:00:00,7281.0366,8260.052,10697.797,7717.744,9266.941
2010-08-17 04:00:00,7281.0366,8260.052,10697.797,7717.744,9266.941
2010-08-17 05:00:00,7281.0366,8260.574,10697.922,7717.744,9266.941
2010-08-17 06:00:00,7281.0366,8263.503,10700.851,7718.817,9266.941
2010-08-17 07:00:00,7281.0366,8274.517,10705.869,7719.7812,9268.056
2010-08-17 08:00:00,7281.29,8275.565,10711.038,7720.2188,9268.28
2010-08-17 09:00:00,7281.29,8275.825,10712.008,7720.2627,9268.42
2010-08-17 10:00:00,7281.29,8275.825,10712.008,7720.2627,9268.522
2010-08-17 11:00:00,7281.29,8275.825,10712.008,7720.2627,9268.522
2010-08-17 12:00:00,7281.29,8275.825,10712.008,7720.2627,9268.522
2010-08-17 13:00:00,7281.29,8275.825,10712.008,7720.2627,9268.522
2010-08-17 14:00:00,7281.29,8275.825,10712.008,7720.2627,9268.522
2010-08-17 15:00:00,7281.29,8275.825,10712.008,7720.2627,9268.522
2010-08-17 16:00:00,7281.29,8275.825,10712.008,7720.2627,9268.522
2010-08-17 17:00:00,7281.29,8275.825,10712.008,7720.2627,9268.522
2010-08-17 18:00:00,7281.29,8275.825,10712.008,7720.2627,9268.522
2010-08-17 19:00:00,7281.29,8275.825,10712.008,7720.2627,9268.522
2010-08-17 20:00:00,7281.29,8275.825,10712.008,7720.2627,9268.522
2010-08-17 21:00:00,7281.29,8275.825,10712.008,7720.2627,9268.522
2010-08-17 22:00:00,7281.29,8275.825,10712.008,7720.2627,9268.522
2010-08-17 23:00:00,7281.29,8275.825,10712.008,7720.2627,9268.522
2010-08-18 00:00:00,7281.29,8275.825,10712.008,7720.2627,9268.522
2010-08-18 01:00:00,7281.29,8275.825,10712.008,7720.2627,9268.522
2010-08-18 02:00:00,7281.29,8275.825,10712.008,7720.2627,9268.522
2010-08-18 03:00:00,7281.29,8275.825,10712.008,7720.2627,9268.522
2010-08-18 04:00:00,7281.29,8275.825,10712.008,7720.2627,9268.522
2010-08-18 05:00:00,7281.29,8275.825,10712.008,7720.2627,9268.522
2010-08-18 06:00:00,7281.29,8275.825,10712.008,7720.2627,9268.522
2010-08-18 07:00:00,7281.29,8275.825,10712.008,7720.3003,9268.522
2010-08-18 08:00:00,7281.4062,8275.825,10712.008,7720.466,9268.705
2010-08-18 09:00:00,7281.541,8275.825,10712.008,7721.3213,9268.722
2010-08-18 10:00:00,7281.541,8275.825,10712.008,7721.56,9268.946
2010-08-18 11:00:00,7281.541,8275.825,10712.008,7721.56,9268.946
2010-08-18 12:00:00,7281.541,8275.825,10712.008,7721.56,9268.946
2010-08-18 13:00:00,7281.541,8275.825,10712.008,7721.56,9268.946
2010-08-18 14:00:00,7281.541,8275.825,10712.008,7721.56,9268.946
2010-08-18 15:00:00,7281.541,8275.825,10712.008,7721.56,9268.946
2010-08-18 16:00:00,7281.541,8275.825,10712.008,7721.56,9268.946
2010-08-18 17:00:00,7281.541,8275.825,10712.008,7721.56,9268.946
2010-08-18 18:00:00,7281.541,8275.825,10712.008,7721.56,9268.946
2010-08-18 19:00:00,7281.541,8275.825,10712.008,7721.56,9268.946
2010-08-18 20:00:00,7281.541,8275.825,10712.008,7721.56,9268.946
2010-08-18 21:00:00,7282.132,8275.825,10712.008,7721.56,9268.946
2010-08-18 22:00:00,7282.964,8275.825,10712.008,7721.56,9268.946
2010-08-18 23:00:00,7283.069,8275.825,10712.008,7721.56,9268.946
2010-08-19 00:00:00,7283.069,8275.825,10713.075,7721.56,9269.588
2010-08-19 01:00:00,7283.069,8275.825,10713.543,7721.56,9270.021
2010-08-19 02:00:00,7283.069,8275.825,10713.908,7721.56,9270.021
2010-08-19 03:00:00,7283.069,8275.825,10713.908,7721.56,9270.021
2010-08-19 04:00:00,7283.069,8275.825,10713.908,7721.56,9270.021
2010-08-19 05:00:00,7283.069,8275.825,10713.908,7721.56,9270.021
2010-08-19 06:00:00,7283.069,8275.825,10713.908,7721.56,9270.021
2010-08-19 07:00:00,7283.069,8275.825,10713.908,7721.56,9270.021
2010-08-19 08:00:00,7283.069,8275.825,10713.908,7721.56,9270.021
2010-08-19 09:00:00,7283.069,8275.825,10713.908,7721.56,9270.021
2010-08-19 10:00:00,7283.069,8275.825,10713.908,7721.56,9270.021
2010-08-19 11:00:00,7283.069,8275.825,10713.908,7721.56,9270.021
2010-08-19 12:00:00,7283.069,8275.825,10713.908,7721.56,9270.021
2010-08-19 13:00:00,7283.069,8275.825,10713.908,7721.56,9270.021
2010-08-19 14:00:00,7283.069,8275.825,10713.908,7721.56,9270.021
2010-08-19 15:00:00,7283.069,8275.825,10713.908,7721.56,9270.021
2010-08-19 16:00:00,7283.069,8275.825,10713.908,7721.56,9270.021
2010-08-19 17:00:00,7283.069,8275.825,10712.008,7721.56,9268.946
2010-08-19 18:00:00,7283.069,8275.825,10712.008,7721.56,9268.946
2010-08-19 19:00:00,7283.069,8275.825,10712.008,7721.56,9268.946
2010-08-19 20:00:00,7283.069,8275.825,10712.008,7721.56,9268.946
2010-08-19 21:00:00,7283.069,8275.825,10712.008,7721.56,9268.946
2010-08-19 22:00:00,7283.069,8275.825,10712.167,7721.56,9268.946
2010-08-19 23:00:00,7283.069,8275.825,10712.574,7721.56,9268.946
2010-08-20 00:00:00,7283.069,8275.825,10713.908,7721.56,9270.021
2010-08-20 01:00:00,7283.069,8275.825,10713.908,7721.56,9270.021
2010-08-20 02:00:00,7283.069,8275.825,10713.908,7721.56,9270.021
2010-08-20 03:00:00,7283.069,8275.825,10713.908,7721.56,9270.021
2010-08-20 04:00:00,7283.069,8275.825,10713.908,7721.56,9270.021
2010-08-20 05:00:00,7283.069,8275.825,10713.908,7721.56,9270.021
2010-08-20 06:00:00,7283.069,8275.965,10713.908,7721.9165,9270.656
2010-08-20 07:00:00,7283.069,8278.796,10714.131,7723.214,9275.16
2010-08-20 08:00:00,7284.23,8279.692,10714.639,7723.8535,9275.327
2010-08-20 09:00:00,7285.7026,8279.703,10714.639,7724.256,9275.327
2010-08-20 10:00:00,7286.6924,8279.703,10714.639,7724.4556,9275.327
2010-08-20 11:00:00,7286.6924,8279.703,10714.639,7724.4556,9275.327
2010-08-20 12:00:00,7286.6924,8279.703,10714.639,7724.4556,9275.327
2010-08-20 13:00:00,7286.6924,8279.703,10714.639,7724.4556,9275.327
2010-08-20 14:00:00,7286.6924,8279.703,10714.639,7724.4556,9275.327
2010-08-20 15:00:00,7286.6924,8279.703,10714.639,7724.4556,9275.327
2010-08-20 16:00:00,7286.6924,8279.703,10714.639,7724.4556,9275.327
2010-08-20 17:00:00,7286.6924,8279.703,10714.639,7724.4556,9275.327
2010-08-20 18:00:00,7286.6924,8279.703,10714.639,7724.4556,9275.327
2010-08-20 19:00:00,7286.6924,8279.703,10714.639,7724.4556,9275.327
2010-08-20 20:00:00,7286.6924,8279.703,10714.639,7724.4556,9275.327
2010-08-20 21:00:00,7286.6924,8279.703,10714.639,7724.4556,9275.327
2010-08-20 22:00:00,7286.6924,8279.703,10714.639,7724.4556,9275.327
2010-08-20 23:00:00,7286.6924,8279.992,10714.639,7724.557,9275.327
2010-08-21 00:00:00,7286.935,8280.759,10714.639,7725.2437,9275.455
2010-08-21 01:00:00,7287.648,8280.969,10714.639,7725.911,9275.467
2010-08-21 02:00:00,7287.715,8281.002,10714.639,7726.173,9275.467
2010-08-21 03:00:00,7289.127,8281.002,10714.639,7726.2925,9275.467
2010-08-21 04:00:00,7290.0015,8281.002,10714.639,7726.2925,9275.467
2010-08-21 05:00:00,7290.0015,8281.002,10714.639,7726.2925,9275.467
2010-08-21 06:00:00,7290.0415,8281.002,10714.639,7726.2925,9276.483
2010-08-21 07:00:00,7290.171,8281.298,10716.328,7726.2925,9276.812
2010-08-21 08:00:00,7290.235,8281.298,10716.354,7726.2925,9276.812
2010-08-21 09:00:00,7290.235,8281.619,10716.354,7726.2925,9276.843
2010-08-21 10:00:00,7290.2437,8281.636,10716.427,7726.3345,9276.843
2010-08-21 11:00:00,7290.77,8281.636,10716.85,7726.3345,9276.978
2010-08-21 12:00:00,7290.77,8281.636,10717.919,7726.3345,9277.103
2010-08-21 13:00:00,7290.8,8281.636,10717.919,7726.3345,9277.103
2010-08-21 14:00:00,7290.8,8281.636,10717.919,7726.3345,9277.103
2010-08-21 15:00:00,7290.8,8281.636,10717.919,7726.3345,9277.103
2010-08-21 16:00:00,7290.8,8281.636,10717.919,7726.3345,9277.103
2010-08-21 17:00:00,7290.8,8281.636,10717.919,7726.3345,9277.103
2010-08-21 18:00:00,7290.8,8281.636,10717.919,7726.3345,9277.103
2010-08-21 19:00:00,7290.8,8281.636,10717.919,7726.3345,9277.28
2010-08-21 20:00:00,7290.8,8282.542,10717.919,7726.4556,9278.154
2010-08-21 21:00:00,7290.823,8284.504,10717.919,7727.9395,9279.386
2010-08-21 22:00:00,7291.4497,8286.698,10717.919,7729.82,9281.369
2010-08-21 23:00:00,7292.5864,8289.887,10718.691,7731.4644,9283.102
2010-08-22 00:00:00,7301.907,8301.184,10732.627,7750.431,9292.543
2010-08-22 01:00:00,7301.968,8301.184,10732.791,7750.431,9292.543
2010-08-22 02:00:00,7301.968,8301.184,10732.791,7750.431,9292.543
2010-08-22 03:00:00,7301.968,8301.579,10732.791,7750.431,9292.652
2010-08-22 04:00:00,7301.968,8301.964,10732.791,7750.5547,9292.652
2010-08-22 05:00:00,7301.968,8301.964,10732.791,7750.5786,9293.186
2010-08-22 06:00:00,7301.968,8301.964,10732.791,7750.5786,9293.186
2010-08-22 07:00:00,7295.943,8293.77,10725.38,7734.5767,9284.778
2010-08-22 08:00:00,7298.0063,8294.326,10726.8125,7735.1836,9284.778
2010-08-22 09:00:00,7298.3574,8294.346,10727.437,7735.84,9284.778
2010-08-22 10:00:00,7298.85,8294.428,10727.552,7735.869,9284.778
2010-08-22 11:00:00,7298.9,8294.681,10729.485,7735.9644,9284.778
2010-08-22 12:00:00,7298.9,8294.731,10729.489,7737.021,9284.778
2010-08-22 13:00:00,7298.9,8295.545,10729.507,7737.615,9284.778
2010-08-22 14:00:00,7299.016,8296.161,10729.507,7740.361,9284.965
2010-08-22 15:00:00,7299.611,8296.492,10729.963,7743.12,9285.372
2010-08-22 16:00:00,7300.825,8297.699,10730.7295,7745.601,9285.684
2010-08-22 17:00:00,7301.1313,8299.818,10731.305,7747.0425,9287.359
2010-08-22 18:00:00,7301.216,8300.617,10731.512,7748.332,9289.474
2010-08-22 19:00:00,7301.5815,8301.006,10731.986,7749.9756,9289.724
2010-08-22 20:00:00,7301.667,8301.056,10732.112,7750.431,9290.001
2010-08-22 21:00:00,7301.714,8301.056,10732.355,7750.431,9290.187
2010-08-22 22:00:00,7301.7607,8301.184,10732.355,7750.431,9290.411
2010-08-22 23:00:00,7301.7607,8301.184,10732.355,7750.431,9292.01
2010-08-23 00:00:00,7301.968,8301.964,10732.791,7750.5996,9293.277
2010-08-23 01:00:00,7301.968,8301.964,10732.791,7750.5996,9293.277
2010-08-23 02:00:00,7301.968,8301.964,10732.791,7750.5996,9293.277
2010-08-23 03:00:00,7301.968,8301.964,10732.791,7750.5996,9293.277
2010-08-23 04:00:00,7301.968,8301.964,10732.791,7750.5996,9293.277
2010-08-23 05:00:00,7301.968,8301.964,10732.791,7750.5996,9293.277
2010-08-23 06:00:00,7301.968,8301.964,10732.791,7750.5996,9293.277
2010-08-23 07:00:00,7301.968,8301.964,10732.791,7750.5996,9293.277
2010-08-23 08:00:00,7301.968,8301.964,10732.791,7750.5996,9293.462
2010-08-23 09:00:00,7301.968,8301.964,10732.791,7750.5996,9293.462
2010-08-23 10:00:00,7301.968,8301.964,10732.791,7750.5996,9293.462
2010-08-23 11:00:00,7301.968,8301.964,10732.791,7750.5996,9293.462
2010-08-23 12:00:00,7301.968,8301.964,10732.791,7750.5996,9293.462
2010-08-23 13:00:00,7301.968,8301.964,10732.791,7750.5996,9293.462
2010-08-23 14:00:00,7301.968,8301.964,10732.791,7750.5996,9293.462
2010-08-23 15:00:00,7301.968,8301.964,10732.791,7750.5996,9293.462
2010-08-23 16:00:00,7301.968,8301.964,10732.791,7750.5996,9293.462
2010-08-23 17:00:00,7301.968,8301.964,10732.791,7750.5996,9293.462
2010-08-23 18:00:00,7301.968,8301.964,10732.791,7750.5996,9293.462
2010-08-23 19:00:00,7301.968,8301.964,10732.791,7750.5996,9293.462
2010-08-23 20:00:00,7301.968,8301.964,10732.791,7750.5996,9293.462
2010-08-23 21:00:00,7301.968,8301.964,10732.791,7750.5996,9293.462
2010-08-23 22:00:00,7301.968,8301.964,10732.791,7750.5996,9293.462
2010-08-23 23:00:00,7301.968,8301.964,10732.791,7750.5996,9293.462
2010-08-24 00:00:00,7301.968,8301.964,10732.791,7750.5996,9293.462
2010-08-24 01:00:00,7301.968,8301.964,10732.791,7750.5996,9293.462
2010-08-24 02:00:00,7301.968,8301.964,10732.791,7750.5996,9293.462
2010-08-24 03:00:00,7301.968,8301.964,10732.791,7750.5996,9293.462
2010-08-24 04:00:00,7301.968,8301.964,10732.791,7750.6294,9293.462
2010-08-24 05:00:00,7302.0347,8301.964,10732.791,7750.886,9293.462
2010-08-24 06:00:00,7302.2036,8301.964,10732.791,7751.1733,9293.462
2010-08-24 07:00:00,7302.541,8302.21,10732.791,7752.427,9293.462
2010-08-24 08:00:00,7302.541,8304.094,10732.791,7754.2803,9293.643
2010-08-24 09:00:00,7302.589,8305.513,10732.791,7756.6074,9295.242
2010-08-24 10:00:00,7302.7603,8305.955,10732.791,7757.8374,9296.028
2010-08-24 11:00:00,7303.016,8305.955,10732.791,7758.6377,9296.028
2010-08-24 12:00:00,7303.1377,8306.064,10732.791,7759.142,9296.028
2010-08-24 13:00:00,7303.7446,8306.358,10732.791,7759.4126,9296.028
2010-08-24 14:00:00,7304.0757,8306.571,10732.812,7759.7656,9296.028
2010-08-24 15:00:00,7304.0757,8306.571,10733.515,7760.051,9296.028
2010-08-24 16:00:00,7304.0757,8306.571,10733.731,7760.1846,9296.028
2010-08-24 17:00:00,7304.0757,8306.571,10733.731,7760.361,9296.028
2010-08-24 18:00:00,7304.136,8306.571,10733.731,7760.3765,9296.028
2010-08-24 19:00:00,7304.136,8306.571,10733.731,7760.3765,9296.028
2010-08-24 20:00:00,7304.136,8306.571,10733.731,7760.3765,9296.028
2010-08-24 21:00:00,7304.136,8306.571,10733.731,7760.3765,9296.028
2010-08-24 22:00:00,7304.136,8306.571,10733.731,7760.3765,9296.028
2010-08-24 23:00:00,7304.136,8306.571,10733.731,7760.3765,9296.028
2010-08-25 00:00:00,7304.136,8306.571,10733.731,7760.3765,9296.028
2010-08-25 01:00:00,7304.136,8306.571,10733.731,7760.3765,9296.028
2010-08-25 02:00:00,7304.136,8306.571,10733.731,7760.3765,9296.028
2010-08-25 03:00:00,7304.136,8306.571,10733.731,7760.3765,9296.028
2010-08-25 04:00:00,7304.136,8306.584,10733.731,7760.3765,9296.028
2010-08-25 05:00:00,7304.136,8306.597,10733.731,7760.3765,9296.028
2010-08-25 06:00:00,7304.136,8306.597,10733.731,7760.3765,9296.028
2010-08-25 07:00:00,7304.136,8306.597,10733.731,7760.3765,9296.291
2010-08-25 08:00:00,7304.136,8306.597,10733.731,7760.3765,9296.291
2010-08-25 09:00:00,7304.136,8306.597,10733.731,7760.3765,9296.291
2010-08-25 10:00:00,7304.136,8306.597,10733.731,7760.3765,9296.291
2010-08-25 11:00:00,7304.136,8306.597,10733.731,7760.3765,9296.291
2010-08-25 12:00:00,7304.136,8306.597,10733.731,7760.3765,9296.291
2010-08-25 13:00:00,7304.136,8306.597,10733.731,7760.3765,9296.291
2010-08-25 14:00:00,7304.136,8306.597,10734.155,7760.3765,9296.291
2010-08-25 15:00:00,7304.136,8306.597,10734.599,7760.4434,9296.291
2010-08-25 16:00:00,7304.136,8306.597,10734.673,7760.7583,9296.291
2010-08-25 17:00:00,7304.136,8306.992,10734.929,7760.896,9296.291
2010-08-25 18:00:00,7304.136,8306.992,10735.407,7760.896,9296.291
2010-08-25 19:00:00,7304.4565,8306.992,10736.188,7760.896,9296.291
2010-08-25 20:00:00,7305.2876,8306.992,10736.624,7760.896,9296.291
2010-08-25 21:00:00,7306.1084,8306.992,10736.624,7760.896,9296.291
2010-08-25 22:00:00,7307.29,8306.992,10736.624,7760.896,9296.49
2010-08-25 23:00:00,7309.0083,8306.992,10736.624,7760.896,9298.21
2010-08-26 00:00:00,7312.024,8307.424,10742.918,7761.606,9302.379
2010-08-26 01:00:00,7312.4126,8307.424,10743.293,7761.902,9302.427
2010-08-26 02:00:00,7312.803,8307.424,10743.293,7762.196,9302.427
2010-08-26 03:00:00,7313.194,8307.424,10743.293,7762.196,9302.427
2010-08-26 04:00:00,7313.2856,8307.424,10743.293,7762.196,9302.427
2010-08-26 05:00:00,7313.2856,8307.424,10743.293,7762.196,9302.427
2010-08-26 06:00:00,7313.2856,8307.424,10743.293,7762.196,9302.427
2010-08-26 07:00:00,7313.2856,8307.424,10743.293,7762.196,9302.427
2010-08-26 08:00:00,7313.2856,8307.424,10743.293,7762.196,9302.988
2010-08-26 09:00:00,7313.2856,8307.573,10743.293,7762.196,9303.79
2010-08-26 10:00:00,7313.2856,8307.892,10743.293,7762.5137,9305.292
2010-08-26 11:00:00,7313.2856,8308.444,10743.663,7762.5317,9305.482
2010-08-26 12:00:00,7313.2856,8308.763,10743.91,7762.5317,9306.647
2010-08-26 13:00:00,7313.6587,8308.763,10743.988,7762.5913,9309.406
2010-08-26 14:00:00,7313.675,8308.763,10744.402,7762.7363,9310.178
2010-08-26 15:00:00,7314.064,8309.44,10745.062,7763.2275,9310.935
2010-08-26 16:00:00,7314.59,8309.6,10745.713,7763.3433,9311.603
2010-08-26 17:00:00,7314.8423,8309.6,10745.713,7763.3433,9311.603
2010-08-26 18:00:00,7314.8423,8309.6,10745.713,7763.6553,9313.654
2010-08-26 19:00:00,7314.8423,8309.6,10746.113,7763.906,9313.891
2010-08-26 20:00:00,7310.306,8306.992,10736.624,7760.96,9299.91
2010-08-26 21:00:00,7311.1357,8307.265,10736.953,7761.158,9300.107
2010-08-26 22:00:00,7311.78,8307.312,10738.303,7761.251,9300.839
2010-08-26 23:00:00,7312.024,8307.392,10740.037,7761.43,9301.819
2010-08-27 00:00:00,7314.8423,8309.6,10746.452,7764.222,9314.302
2010-08-27 01:00:00,7314.8423,8309.6,10746.996,7764.3384,9317.243
2010-08-27 02:00:00,7314.8423,8310.009,10746.996,7764.3384,9319.982
2010-08-27 03:00:00,7314.8423,8310.552,10747.1045,7764.443,9320.326
2010-08-27 04:00:00,7314.8423,8310.552,10747.1045,7764.845,9320.566
2010-08-27 05:00:00,7314.8423,8310.552,10747.1045,7765.789,9321.135
2010-08-27 06:00:00,7315.4053,8310.552,10747.1045,7765.8022,9321.135
2010-08-27 07:00:00,7316.9575,8310.552,10747.1045,7765.8022,9321.135
2010-08-27 08:00:00,7318.7217,8310.552,10747.1045,7765.8022,9321.135
2010-08-27 09:00:00,7318.7944,8310.552,10747.1045,7765.8022,9321.135
2010-08-27 10:00:00,7318.7944,8310.552,10747.1045,7765.8022,9321.135
2010-08-27 11:00:00,7318.7944,8310.552,10747.1045,7765.8022,9321.135
2010-08-27 12:00:00,7318.7944,8310.552,10747.1045,7765.8022,9321.135
2010-08-27 13:00:00,7318.7944,8310.552,10747.1045,7765.8022,9321.135
2010-08-27 14:00:00,7318.7944,8310.552,10747.1045,7765.8022,9321.135
2010-08-27 15:00:00,7318.7944,8310.552,10747.1045,7765.8022,9321.135
2010-08-27 16:00:00,7318.7944,8310.552,10747.1045,7765.8022,9321.135
2010-08-27 17:00:00,7318.7944,8310.552,10747.1045,7765.8022,9321.135
2010-08-27 18:00:00,7318.7944,8311.3125,10747.428,7765.8022,9321.135
2010-08-27 19:00:00,7318.7944,8312.3125,10747.428,7765.8022,9321.135
2010-08-27 20:00:00,7318.7944,8312.3125,10747.561,7766.1426,9321.135
2010-08-27 21:00:00,7318.7944,8312.3125,10747.755,7766.3535,9321.135
2010-08-27 22:00:00,7318.9243,8312.3125,10747.755,7766.3535,9321.135
2010-08-27 23:00:00,7318.9243,8312.3125,10747.755,7766.3535,9321.135
2010-08-28 00:00:00,7318.9243,8312.3125,10747.755,7766.3535,9321.135
2010-08-28 01:00:00,7318.9243,8312.3125,10747.755,7766.3535,9321.135
2010-08-28 02:00:00,7318.9243,8312.3125,10747.755,7766.3535,9321.135
2010-08-28 03:00:00,7318.9243,8312.3125,10747.755,7766.3535,9321.135
2010-08-28 04:00:00,7318.9243,8312.3125,10747.755,7766.3535,9321.135
2010-08-28 05:00:00,7318.9243,8312.3125,10747.755,7766.3535,9321.135
2010-08-28 06:00:00,7318.9243,8312.3125,10747.755,7766.3535,9321.135
2010-08-28 07:00:00,7318.9243,8312.3125,10747.755,7766.3535,9321.135
2010-08-28 08:00:00,7318.9243,8312.3125,10747.755,7766.3535,9321.135
2010-08-28 09:00:00,7318.9243,8312.3125,10747.755,7766.3535,9321.135
2010-08-28 10:00:00,7318.9243,8312.3125,10747.755,7766.3535,9321.135
2010-08-28 11:00:00,7318.9243,8312.4375,10747.755,7766.3535,9321.135
2010-08-28 12:00:00,7319.145,8313.051,10747.755,7766.3535,9321.135
2010-08-28 13:00:00,7319.145,8313.282,10747.755,7766.3535,9322.739
2010-08-28 14:00:00,7319.145,8313.339,10747.755,7766.3545,9322.887
2010-08-28 15:00:00,7319.145,8313.739,10748.544,7766.622,9323.227
2010-08-28 16:00:00,7319.424,8313.739,10748.544,7768.164,9323.245
2010-08-28 17:00:00,7319.424,8313.739,10748.544,7769.0015,9323.245
2010-08-28 18:00:00,7319.526,8313.739,10748.843,7770.251,9323.963
2010-08-28 19:00:00,7319.526,8313.739,10748.91,7770.2563,9324.238
2010-08-28 20:00:00,7319.526,8313.739,10748.91,7770.2563,9324.814
2010-08-28 21:00:00,7319.526,8313.739,10748.91,7770.2563,9324.814
2010-08-28 22:00:00,7319.526,8313.739,10748.91,7770.2563,9324.814
2010-08-28 23:00:00,7319.59,8313.739,10748.91,7770.2563,9324.814
2010-08-29 00:00:00,7320.268,8315.304,10749.627,7776.0376,9327.178
2010-08-29 01:00:00,7320.268,8315.304,10749.627,7776.0376,9327.178
2010-08-29 02:00:00,7320.268,8315.304,10749.627,7776.0376,9327.178
2010-08-29 03:00:00,7320.268,8315.304,10749.627,7776.0376,9327.178
2010-08-29 04:00:00,7320.268,8315.304,10749.627,7776.0376,9327.178
2010-08-29 05:00:00,7320.268,8315.304,10749.627,7776.0376,9327.178
2010-08-29 06:00:00,7320.268,8315.304,10749.627,7776.0376,9327.178
2010-08-29 07:00:00,7320.268,8315.304,10749.627,7776.0376,9327.178
2010-08-29 08:00:00,7320.268,8315.304,10749.627,7776.0376,9327.178
2010-08-29 09:00:00,7320.268,8315.304,10749.627,7776.0376,9327.178
2010-08-29 10:00:00,7319.9805,8313.739,10749.017,7770.638,9324.814
2010-08-29 11:00:00,7320.094,8314.3955,10749.627,7770.8203,9326.037
2010-08-29 12:00:00,7320.094,8314.514,10749.627,7771.2915,9326.259
2010-08-29 13:00:00,7320.094,8315.295,10749.627,7771.7236,9326.882
2010-08-29 14:00:00,7320.094,8315.304,10749.627,7772.0786,9327.178
2010-08-29 15:00:00,7320.257,8315.304,10749.627,7772.6553,9327.178
2010-08-29 16:00:00,7320.268,8315.304,10749.627,7773.716,9327.178
2010-08-29 17:00:00,7320.268,8315.304,10749.627,7774.2803,9327.178
2010-08-29 18:00:00,7320.268,8315.304,10749.627,7774.6104,9327.178
2010-08-29 19:00:00,7320.268,8315.304,10749.627,7775.2397,9327.178
2010-08-29 20:00:00,7320.268,8315.304,10749.627,7775.8574,9327.178
2010-08-29 21:00:00,7320.268,8315.304,10749.627,7775.9966,9327.178
2010-08-29 22:00:00,7320.268,8315.304,10749.627,7775.9966,9327.178
2010-08-29 23:00:00,7320.268,8315.304,10749.627,7776.0376,9327.178
2010-08-30 00:00:00,7320.268,8315.304,10749.627,7776.0376,9327.178
2010-08-30 01:00:00,7320.268,8315.304,10749.627,7776.0376,9327.178
2010-08-30 02:00:00,7320.268,8315.304,10749.627,7776.0376,9327.178
2010-08-30 03:00:00,7320.268,8315.304,10749.627,7776.0376,9327.178
2010-08-30 04:00:00,7320.268,8315.304,10750.097,7776.0376,9327.178
2010-08-30 05:00:00,7320.268,8315.304,10750.228,7776.0376,9327.178
2010-08-30 06:00:00,7320.268,8315.304,10750.228,7776.0376,9327.178
2010-08-30 07:00:00,7320.268,8315.304,10750.228,7776.0376,9327.178
2010-08-30 08:00:00,7320.268,8315.304,10750.228,7776.0376,9327.178
2010-08-30 09:00:00,7320.268,8315.304,10750.228,7776.0376,9327.178
2010-08-30 10:00:00,7320.268,8315.304,10750.228,7776.0376,9327.34
2010-08-30 11:00:00,7320.268,8315.304,10750.672,7776.0376,9328.137
2010-08-30 12:00:00,7320.3193,8315.766,10750.694,7776.0376,9328.346
2010-08-30 13:00:00,7320.715,8316.109,10750.694,7776.0376,9329.051
2010-08-30 14:00:00,7320.715,8316.109,10750.694,7776.1187,9329.606
2010-08-30 15:00:00,7320.715,8316.109,10750.694,7776.1187,9329.736
2010-08-30 16:00:00,7320.715,8316.109,10750.694,7776.1187,9329.736
2010-08-30 17:00:00,7320.924,8316.109,10751.266,7776.1187,9329.736
2010-08-30 18:00:00,7320.924,8316.109,10751.297,7776.1187,9329.736
2010-08-30 19:00:00,7320.924,8316.109,10751.653,7776.1187,9330.103
2010-08-30 20:00:00,7320.924,8316.155,10751.8,7776.1187,9330.232
2010-08-30 21:00:00,7321.1357,8316.246,10751.8,7776.1187,9330.531
2010-08-30 22:00:00,7321.241,8316.246,10751.8,7776.1187,9331.153
2010-08-30 23:00:00,7321.241,8316.246,10751.8,7776.1187,9331.192
2010-08-31 00:00:00,7321.241,8316.246,10751.8,7776.1187,9331.261
2010-08-31 01:00:00,7321.241,8316.893,10751.8,7776.1187,9331.261
2010-08-31 02:00:00,7321.3247,8317.381,10751.8,7776.1187,9331.514
2010-08-31 03:00:00,7321.3247,8318.0,10751.8,7776.125,9332.131
2010-08-31 04:00:00,7321.637,8318.389,10752.262,7776.3906,9333.043
2010-08-31 05:00:00,7322.0103,8319.203,10753.076,7776.701,9333.819
2010-08-31 06:00:00,7322.4136,8319.992,10753.765,7776.766,9334.549
2010-08-31 07:00:00,7323.147,8320.578,10753.765,7777.1904,9335.509
2010-08-31 08:00:00,7323.521,8321.236,10754.071,7777.5586,9335.986
2010-08-31 09:00:00,7323.521,8321.236,10754.749,7777.6445,9336.219
2010-08-31 10:00:00,7323.521,8321.236,10755.164,7777.6445,9336.386
2010-08-31 11:00:00,7323.521,8321.236,10755.164,7777.6445,9336.386
2010-08-31 12:00:00,7323.521,8321.236,10755.164,7777.6445,9336.533
2010-08-31 13:00:00,7323.521,8321.236,10755.164,7777.6445,9336.722
2010-08-31 14:00:00,7323.521,8321.236,10755.164,7777.6445,9336.722
2010-08-31 15:00:00,7323.521,8321.236,10755.164,7777.6445,9336.722
2010-08-31 16:00:00,7323.521,8321.236,10755.479,7777.6445,9336.867
2010-08-31 17:00:00,7323.6035,8321.236,10755.885,7777.6445,9336.867
2010-08-31 18:00:00,7324.2915,8321.236,10756.426,7777.671,9336.926
2010-08-31 19:00:00,7324.407,8321.685,10756.444,7777.671,9337.037
2010-08-31 20:00:00,7324.534,8322.337,10756.444,7777.7407,9338.165
2010-08-31 21:00:00,7324.8687,8323.342,10756.444,7777.836,9338.345
2010-08-31 22:00:00,7324.9106,8323.342,10756.444,7777.836,9338.345
2010-08-31 23:00:00,7324.9106,8323.342,10756.444,7777.836,9338.345
2010-09-01 00:00:00,7325.0747,8323.342,10756.444,7777.836,9338.345
2010-09-01 01:00:00,7325.332,8323.342,10756.514,7777.836,9338.782
2010-09-01 02:00:00,7325.6533,8323.342,10756.932,7777.856,9339.41
2010-09-01 03:00:00,7325.686,8323.622,10757.114,7778.083,9339.585
2010-09-01 04:00:00,7325.686,8323.622,10757.114,7778.083,9339.746
2010-09-01 05:00:00,7325.686,8323.622,10757.114,7778.083,9339.746
2010-09-01 06:00:00,7325.686,8323.622,10757.114,7778.083,9339.746
2010-09-01 07:00:00,7325.686,8323.622,10757.114,7778.083,9339.746
2010-09-01 08:00:00,7325.686,8323.622,10757.114,7778.083,9339.746
2010-09-01 09:00:00,7325.686,8323.622,10757.114,7778.083,9339.746
2010-09-01 10:00:00,7325.686,8323.622,10757.114,7778.083,9339.746
2010-09-01 11:00:00,7325.686,8323.622,10757.114,7778.083,9339.746
2010-09-01 12:00:00,7325.686,8323.622,10757.114,7778.083,9339.746
2010-09-01 13:00:00,7325.686,8323.622,10757.114,7778.083,9339.746
2010-09-01 14:00:00,7325.686,8323.622,10757.114,7778.083,9339.746
2010-09-01 15:00:00,7325.686,8323.622,10757.114,7778.083,9339.746
2010-09-01 16:00:00,7325.686,8323.622,10757.114,7778.083,9339.746
2010-09-01 17:00:00,7325.686,8323.622,10757.114,7778.083,9339.746
2010-09-01 18:00:00,7325.686,8323.622,10757.114,7778.083,9339.746
2010-09-01 19:00:00,7325.686,8323.622,10757.114,7778.083,9339.746
2010-09-01 20:00:00,7325.686,8323.622,10757.31,7778.083,9339.746
2010-09-01 21:00:00,7325.686,8323.622,10757.31,7778.083,9339.746
2010-09-01 22:00:00,7325.686,8323.622,10757.31,7778.083,9339.746
2010-09-01 23:00:00,7325.686,8323.622,10757.31,7778.083,9339.746
2010-09-02 00:00:00,7325.686,8323.622,10757.31,7778.083,9339.746
2010-09-02 01:00:00,7325.686,8323.622,10757.31,7778.083,9339.746
2010-09-02 02:00:00,7325.686,8323.622,10757.31,7778.083,9339.746
2010-09-02 03:00:00,7325.686,8323.622,10757.31,7778.083,9339.746
2010-09-02 04:00:00,7325.686,8323.622,10757.31,7778.083,9339.746
2010-09-02 05:00:00,7325.686,8323.622,10757.31,7778.083,9339.746
2010-09-02 06:00:00,7325.686,8323.622,10757.31,7778.083,9339.746
2010-09-02 07:00:00,7325.686,8323.622,10757.31,7778.083,9339.746
2010-09-02 08:00:00,7325.686,8323.622,10757.31,7778.083,9339.746
2010-09-02 09:00:00,7325.686,8323.622,10757.31,7778.083,9339.746
2010-09-02 10:00:00,7325.686,8323.622,10757.31,7778.083,9339.746
2010-09-02 11:00:00,7325.686,8323.622,10757.31,7778.083,9339.746
2010-09-02 12:00:00,7325.686,8323.622,10757.31,7778.083,9339.746
2010-09-02 13:00:00,7325.686,8323.622,10757.31,7778.083,9339.746
2010-09-02 14:00:00,7325.686,8323.622,10757.31,7778.083,9339.746
2010-09-02 15:00:00,7325.686,8323.622,10757.31,7778.083,9339.746
2010-09-02 16:00:00,7325.686,8323.622,10757.31,7778.083,9339.746
2010-09-02 17:00:00,7325.686,8323.622,10757.31,7778.083,9339.746
2010-09-02 18:00:00,7325.686,8323.622,10757.31,7778.083,9339.746
2010-09-02 19:00:00,7325.686,8323.622,10757.31,7778.083,9339.746
2010-09-02 20:00:00,7325.686,8323.622,10757.31,7778.083,9339.746
2010-09-02 21:00:00,7325.686,8323.622,10757.31,7778.083,9339.746
2010-09-02 22:00:00,7325.686,8323.622,10757.31,7778.083,9339.746
2010-09-02 23:00:00,7325.686,8323.622,10757.31,7778.083,9339.746
2010-09-03 00:00:00,7325.686,8323.622,10757.31,7778.083,9339.746
2010-09-03 01:00:00,7325.686,8323.622,10757.31,7778.083,9339.746
2010-09-03 02:00:00,7325.686,8323.622,10757.31,7778.083,9339.746
2010-09-03 03:00:00,7325.686,8323.622,10757.31,7778.083,9339.746
2010-09-03 04:00:00,7325.686,8323.622,10757.31,7778.083,9339.746
2010-09-03 05:00:00,7325.686,8323.622,10757.31,7778.083,9339.746
2010-09-03 06:00:00,7325.686,8323.622,10757.31,7778.083,9339.746
2010-09-03 07:00:00,7325.686,8323.622,10757.31,7778.083,9339.746
2010-09-03 08:00:00,7325.686,8323.622,10757.31,7778.083,9339.746
2010-09-03 09:00:00,7325.686,8323.622,10757.31,7778.083,9339.746
2010-09-03 10:00:00,7325.686,8323.622,10757.31,7778.083,9339.746
2010-09-03 11:00:00,7325.686,8323.622,10757.31,7778.083,9339.746
2010-09-03 12:00:00,7325.686,8323.622,10757.31,7778.083,9339.746
2010-09-03 13:00:00,7325.686,8323.622,10757.31,7778.083,9339.746
2010-09-03 14:00:00,7325.686,8323.622,10757.31,7778.083,9339.746
2010-09-03 15:00:00,7325.686,8323.622,10757.31,7778.083,9339.746
2010-09-03 16:00:00,7325.686,8323.622,10757.31,7778.083,9339.746
2010-09-03 17:00:00,7325.686,8323.622,10757.31,7778.083,9339.746
2010-09-03 18:00:00,7325.686,8323.622,10757.31,7778.083,9339.746
2010-09-03 19:00:00,7325.686,8323.622,10757.31,7778.083,9339.746
2010-09-03 20:00:00,7325.686,8323.622,10757.31,7778.083,9339.746
2010-09-03 21:00:00,7325.686,8323.622,10757.31,7778.083,9339.746
2010-09-03 22:00:00,7325.686,8323.622,10757.31,7778.083,9339.746
2010-09-03 23:00:00,7325.686,8323.622,10757.31,7778.083,9339.746
2010-09-04 00:00:00,7325.686,8323.622,10757.31,7778.083,9339.746
2010-09-04 01:00:00,7325.686,8323.622,10757.31,7778.083,9339.746
2010-09-04 02:00:00,7325.686,8323.622,10757.31,7778.083,9339.746
2010-09-04 03:00:00,7325.686,8323.622,10757.31,7778.083,9339.746
2010-09-04 04:00:00,7325.686,8323.622,10757.31,7778.083,9339.746
2010-09-04 05:00:00,7325.686,8323.622,10757.31,7778.083,9339.746
2010-09-04 06:00:00,7325.686,8323.622,10757.31,7778.083,9339.746
2010-09-04 07:00:00,7325.686,8323.622,10757.31,7778.083,9339.746
2010-09-04 08:00:00,7325.686,8323.622,10757.31,7778.083,9339.746
2010-09-04 09:00:00,7325.686,8323.622,10757.31,7778.083,9339.746
2010-09-04 10:00:00,7325.686,8323.622,10757.31,7778.083,9339.746
2010-09-04 11:00:00,7325.686,8323.622,10757.31,7778.083,9339.746
2010-09-04 12:00:00,7325.686,8323.622,10757.31,7778.083,9339.746
2010-09-04 13:00:00,7325.686,8323.622,10757.31,7778.083,9339.746
2010-09-04 14:00:00,7325.686,8323.622,10757.31,7778.083,9339.746
2010-09-04 15:00:00,7325.686,8323.622,10757.31,7778.083,9339.746
2010-09-04 16:00:00,7325.686,8323.622,10757.31,7778.083,9339.746
2010-09-04 17:00:00,7325.686,8323.622,10757.31,7778.083,9339.746
2010-09-04 18:00:00,7325.686,8323.622,10757.31,7778.083,9339.746
2010-09-04 19:00:00,7325.686,8323.622,10757.31,7778.083,9339.746
2010-09-04 20:00:00,7325.686,8323.622,10757.31,7778.083,9339.746
2010-09-04 21:00:00,7325.686,8323.622,10757.31,7778.083,9339.746
2010-09-04 22:00:00,7325.686,8323.622,10757.31,7778.083,9339.746
2010-09-04 23:00:00,7325.686,8323.622,10757.31,7778.083,9339.746
2010-09-05 00:00:00,7325.686,8323.622,10757.31,7778.083,9339.746
2010-09-05 01:00:00,7325.686,8323.622,10757.31,7778.083,9339.746
2010-09-05 02:00:00,7325.686,8323.622,10757.31,7778.083,9339.746
2010-09-05 03:00:00,7325.686,8323.622,10757.31,7778.083,9339.746
2010-09-05 04:00:00,7325.686,8323.622,10757.31,7778.083,9339.746
2010-09-05 05:00:00,7325.686,8323.622,10757.31,7778.083,9339.746
2010-09-05 06:00:00,7325.686,8323.622,10757.31,7778.083,9339.746
2010-09-05 07:00:00,7325.686,8323.622,10757.31,7778.083,9339.746
2010-09-05 08:00:00,7325.686,8323.622,10757.31,7778.083,9339.746
2010-09-05 09:00:00,7325.686,8323.622,10757.31,7778.083,9339.746
2010-09-05 10:00:00,7325.686,8323.622,10757.31,7778.083,9339.746
2010-09-05 11:00:00,7325.686,8323.622,10757.31,7778.083,9339.746
2010-09-05 12:00:00,7325.686,8323.622,10757.31,7778.083,9339.746
2010-09-05 13:00:00,7325.686,8323.622,10757.31,7778.083,9339.746
2010-09-05 14:00:00,7325.686,8323.622,10757.31,7778.083,9339.746
2010-09-05 15:00:00,7325.686,8323.622,10757.31,7778.083,9339.746
2010-09-05 16:00:00,7325.686,8323.622,10757.31,7778.083,9339.746
2010-09-05 17:00:00,7325.686,8323.622,10757.31,7778.083,9339.746
2010-09-05 18:00:00,7325.686,8323.622,10757.31,7778.083,9339.746
2010-09-05 19:00:00,7325.686,8323.622,10757.31,7778.083,9339.746
2010-09-05 20:00:00,7325.686,8323.622,10757.31,7778.083,9339.746
2010-09-05 21:00:00,7325.686,8323.622,10757.31,7778.083,9339.746
2010-09-05 22:00:00,7325.686,8323.622,10757.31,7778.083,9339.746
2010-09-05 23:00:00,7325.686,8323.622,10757.31,7778.083,9339.746
2010-09-06 00:00:00,7325.686,8323.622,10757.31,7778.083,9339.746
2010-09-06 01:00:00,7325.686,8323.622,10757.31,7778.083,9339.746
2010-09-06 02:00:00,7325.686,8323.622,10757.31,7778.083,9339.746
2010-09-06 03:00:00,7325.686,8323.622,10757.31,7778.083,9339.746
2010-09-06 04:00:00,7325.686,8323.622,10757.31,7778.083,9339.746
2010-09-06 05:00:00,7325.686,8323.622,10757.31,7778.083,9339.746
2010-09-06 06:00:00,7325.686,8323.622,10757.31,7778.083,9339.746
2010-09-06 07:00:00,7325.686,8323.622,10757.31,7778.083,9339.746
2010-09-06 08:00:00,7325.686,8323.622,10757.31,7778.083,9339.746
2010-09-06 09:00:00,7325.686,8323.622,10757.31,7778.083,9339.746
2010-09-06 10:00:00,7325.686,8323.622,10757.31,7778.083,9339.746
2010-09-06 11:00:00,7325.686,8323.622,10757.31,7778.083,9339.746
2010-09-06 12:00:00,7325.686,8323.622,10757.31,7778.083,9339.746
2010-09-06 13:00:00,7325.686,8323.622,10757.31,7778.083,9339.746
2010-09-06 14:00:00,7325.686,8323.622,10757.31,7778.083,9339.746
2010-09-06 15:00:00,7325.686,8323.622,10757.31,7778.083,9339.746
2010-09-06 16:00:00,7325.686,8323.622,10757.31,7778.083,9339.746
2010-09-06 17:00:00,7325.686,8323.622,10757.31,7778.083,9339.746
2010-09-06 18:00:00,7325.686,8323.622,10757.31,7778.083,9339.746
2010-09-06 19:00:00,7325.686,8323.622,10757.31,7778.083,9339.746
2010-09-06 20:00:00,7325.686,8323.622,10757.31,7778.083,9339.746
2010-09-06 21:00:00,7325.686,8323.622,10757.31,7778.083,9339.746
2010-09-06 22:00:00,7325.686,8323.622,10757.31,7778.083,9339.746
2010-09-06 23:00:00,7325.686,8323.622,10757.31,7778.083,9339.746
2010-09-07 00:00:00,7325.686,8323.622,10757.31,7778.083,9339.746
2010-09-07 01:00:00,7325.686,8323.622,10757.31,7778.083,9339.746
2010-09-07 02:00:00,7325.686,8323.622,10757.31,7778.083,9339.746
2010-09-07 03:00:00,7325.686,8323.622,10757.31,7778.083,9339.746
2010-09-07 04:00:00,7325.686,8323.622,10757.31,7778.083,9339.746
2010-09-07 05:00:00,7325.686,8323.622,10757.31,7778.083,9339.746
2010-09-07 06:00:00,7325.686,8323.622,10757.31,7778.083,9339.746
2010-09-07 07:00:00,7325.686,8323.622,10757.31,7778.083,9339.746
2010-09-07 08:00:00,7325.686,8323.622,10757.31,7778.083,9339.746
2010-09-07 09:00:00,7325.686,8323.622,10757.31,7778.083,9339.746
2010-09-07 10:00:00,7325.686,8323.622,10757.31,7778.083,9339.746
2010-09-07 11:00:00,7325.686,8323.622,10757.31,7778.083,9339.746
2010-09-07 12:00:00,7325.686,8323.622,10757.31,7778.083,9339.746
2010-09-07 13:00:00,7325.686,8323.622,10757.31,7778.083,9339.746
2010-09-07 14:00:00,7325.686,8323.622,10757.31,7778.083,9339.746
2010-09-07 15:00:00,7325.686,8323.622,10757.31,7778.083,9339.746
2010-09-07 16:00:00,7325.686,8323.622,10757.31,7778.083,9339.746
2010-09-07 17:00:00,7325.686,8323.622,10757.31,7778.083,9339.746
2010-09-07 18:00:00,7325.686,8323.622,10757.31,7778.083,9339.746
2010-09-07 19:00:00,7325.686,8323.622,10757.31,7778.083,9339.746
2010-09-07 20:00:00,7325.686,8323.622,10757.31,7778.083,9339.746
2010-09-07 21:00:00,7325.686,8323.622,10757.31,7778.083,9339.746
2010-09-07 22:00:00,7325.686,8323.622,10757.31,7778.083,9339.746
2010-09-07 23:00:00,7325.686,8323.622,10757.31,7778.083,9339.746
2010-09-08 00:00:00,7325.686,8323.622,10757.31,7778.083,9339.746
2010-09-08 01:00:00,7325.686,8323.622,10757.31,7778.083,9339.746
2010-09-08 02:00:00,7325.686,8323.622,10757.31,7778.083,9339.746
2010-09-08 03:00:00,7325.686,8323.622,10757.31,7778.083,9339.746
2010-09-08 04:00:00,7325.686,8323.622,10757.31,7778.083,9339.746
2010-09-08 05:00:00,7325.686,8323.622,10757.31,7778.083,9339.746
2010-09-08 06:00:00,7325.686,8323.622,10757.31,7778.083,9339.746
2010-09-08 07:00:00,7325.686,8323.622,10757.31,7778.083,9339.746
2010-09-08 08:00:00,7325.686,8323.622,10757.31,7778.083,9339.746
2010-09-08 09:00:00,7325.686,8323.622,10757.31,7778.083,9339.746
2010-09-08 10:00:00,7325.686,8323.622,10757.31,7778.083,9339.746
2010-09-08 11:00:00,7325.686,8323.622,10757.31,7778.083,9339.746
2010-09-08 12:00:00,7325.686,8323.622,10757.31,7778.083,9339.746
2010-09-08 13:00:00,7325.686,8323.622,10757.31,7778.083,9339.746
2010-09-08 14:00:00,7325.686,8323.622,10757.31,7778.083,9339.746
2010-09-08 15:00:00,7325.686,8323.622,10757.31,7778.083,9339.746
2010-09-08 16:00:00,7325.686,8323.622,10757.31,7778.083,9339.746
2010-09-08 17:00:00,7325.686,8323.622,10757.31,7778.083,9339.746
2010-09-08 18:00:00,7325.686,8323.622,10757.31,7778.083,9339.746
2010-09-08 19:00:00,7325.686,8323.622,10757.31,7778.083,9339.746
2010-09-08 20:00:00,7325.686,8323.622,10757.31,7778.083,9339.746
2010-09-08 21:00:00,7325.686,8323.622,10757.31,7778.083,9339.746
2010-09-08 22:00:00,7325.686,8323.622,10757.31,7778.083,9339.746
2010-09-08 23:00:00,7325.686,8323.622,10757.31,7778.083,9339.746
2010-09-09 00:00:00,7325.686,8323.622,10757.31,7778.083,9339.746
2010-09-09 01:00:00,7325.686,8323.622,10757.31,7778.083,9339.746
2010-09-09 02:00:00,7325.686,8323.622,10757.31,7778.083,9339.746
2010-09-09 03:00:00,7325.686,8323.622,10757.31,7778.083,9339.746
2010-09-09 04:00:00,7325.686,8323.622,10757.31,7778.083,9339.746
2010-09-09 05:00:00,7325.686,8323.622,10757.31,7778.083,9339.746
2010-09-09 06:00:00,7325.686,8323.622,10757.31,7778.083,9339.746
2010-09-09 07:00:00,7325.686,8323.622,10757.31,7778.083,9339.746
2010-09-09 08:00:00,7325.686,8323.622,10757.31,7778.083,9339.746
2010-09-09 09:00:00,7325.686,8323.622,10757.31,7778.083,9339.746
2010-09-09 10:00:00,7325.686,8323.622,10757.31,7778.083,9339.746
2010-09-09 11:00:00,7325.686,8323.622,10757.31,7778.083,9339.746
2010-09-09 12:00:00,7325.686,8323.622,10757.31,7778.083,9339.746
2010-09-09 13:00:00,7325.686,8323.622,10757.31,7778.083,9339.746
2010-09-09 14:00:00,7325.686,8323.622,10757.31,7778.083,9339.746
2010-09-09 15:00:00,7325.686,8323.622,10757.31,7778.083,9339.746
2010-09-09 16:00:00,7325.686,8323.622,10757.31,7778.083,9339.746
2010-09-09 17:00:00,7325.686,8323.622,10757.31,7778.083,9339.746
2010-09-09 18:00:00,7325.686,8323.622,10757.31,7778.083,9339.746
2010-09-09 19:00:00,7325.686,8323.622,10757.31,7778.083,9339.746
2010-09-09 20:00:00,7325.686,8323.622,10757.31,7778.083,9339.746
2010-09-09 21:00:00,7325.686,8323.622,10757.31,7778.083,9339.746
2010-09-09 22:00:00,7325.686,8323.622,10757.31,7778.083,9339.746
2010-09-09 23:00:00,7325.686,8323.622,10757.31,7778.083,9339.746
2010-09-10 00:00:00,7325.686,8323.622,10757.31,7778.083,9339.746
2010-09-10 01:00:00,7325.686,8323.622,10757.31,7778.083,9339.746
2010-09-10 02:00:00,7325.686,8323.622,10757.31,7778.083,9339.746
2010-09-10 03:00:00,7325.686,8323.622,10757.31,7778.083,9339.746
2010-09-10 04:00:00,7325.686,8323.622,10757.31,7778.083,9339.746
2010-09-10 05:00:00,7325.686,8323.622,10757.31,7778.083,9339.746
2010-09-10 06:00:00,7325.686,8323.622,10757.31,7778.083,9339.746
2010-09-10 07:00:00,7325.686,8323.622,10757.31,7778.083,9339.746
2010-09-10 08:00:00,7325.686,8323.622,10757.31,7778.083,9339.746
2010-09-10 09:00:00,7325.686,8323.622,10757.31,7778.083,9339.746
2010-09-10 10:00:00,7325.686,8323.622,10757.31,7778.083,9339.746
2010-09-10 11:00:00,7325.686,8323.622,10757.31,7778.083,9339.746
2010-09-10 12:00:00,7325.686,8323.622,10757.31,7778.083,9339.746
2010-09-10 13:00:00,7325.686,8323.622,10757.31,7778.083,9339.746
2010-09-10 14:00:00,7325.6973,8323.622,10757.31,7778.083,9339.746
2010-09-10 15:00:00,7325.6973,8323.622,10757.31,7778.083,9339.746
2010-09-10 16:00:00,7325.6973,8323.622,10757.31,7778.083,9339.746
2010-09-10 17:00:00,7325.6973,8323.622,10757.31,7778.083,9339.746
2010-09-10 18:00:00,7325.6973,8323.622,10757.31,7778.083,9339.746
2010-09-10 19:00:00,7325.6973,8323.622,10757.31,7778.083,9339.746
2010-09-10 20:00:00,7325.6973,8323.622,10757.31,7778.083,9339.746
2010-09-10 21:00:00,7325.6973,8323.622,10757.31,7778.083,9339.746
2010-09-10 22:00:00,7325.6973,8323.622,10757.31,7778.083,9339.746
2010-09-10 23:00:00,7325.6973,8323.622,10757.31,7778.083,9339.746
2010-09-11 00:00:00,7325.6973,8323.622,10757.31,7778.083,9339.746
2010-09-11 01:00:00,7325.6973,8323.622,10757.31,7778.083,9339.746
2010-09-11 02:00:00,7325.6973,8323.622,10757.31,7778.083,9339.746
2010-09-11 03:00:00,7325.6973,8323.622,10757.31,7778.083,9339.746
2010-09-11 04:00:00,7325.6973,8323.622,10757.31,7778.083,9339.746
2010-09-11 05:00:00,7325.6973,8323.622,10757.31,7778.083,9339.746
2010-09-11 06:00:00,7325.6973,8323.622,10757.31,7778.083,9339.746
2010-09-11 07:00:00,7325.6973,8323.622,10757.31,7778.083,9340.033
2010-09-11 08:00:00,7325.6973,8323.622,10758.256,7778.083,9341.399
2010-09-11 09:00:00,7325.6973,8323.622,10758.633,7778.083,9341.403
2010-09-11 10:00:00,7325.6973,8324.043,10758.633,7778.1333,9341.778
2010-09-11 11:00:00,7325.8022,8325.747,10758.633,7778.8623,9342.026
2010-09-11 12:00:00,7326.35,8327.217,10758.633,7779.748,9342.46
2010-09-11 13:00:00,7326.873,8329.852,10759.046,7780.2676,9342.66
2010-09-11 14:00:00,7328.3594,8331.887,10760.28,7781.683,9343.236
2010-09-11 15:00:00,7330.799,8333.11,10760.28,7783.7715,9343.279
2010-09-11 16:00:00,7333.073,8334.995,10760.745,7786.4736,9344.359
2010-09-11 17:00:00,7335.706,8336.674,10761.254,7788.313,9345.584
2010-09-11 18:00:00,7336.5493,8338.375,10762.69,7788.895,9346.3955
2010-09-11 19:00:00,7336.883,8339.372,10763.097,7789.4346,9346.867
2010-09-11 20:00:00,7337.4956,8339.372,10763.097,7789.7,9346.867
2010-09-11 21:00:00,7337.4956,8339.384,10763.097,7789.7,9346.872
2010-09-11 22:00:00,7337.4956,8340.051,10763.509,7790.1704,9347.935
2010-09-11 23:00:00,7338.274,8340.483,10765.16,7790.56,9347.976
2010-09-12 00:00:00,7339.309,8341.344,10765.504,7791.409,9350.321
2010-09-12 01:00:00,7339.3325,8341.744,10765.504,7791.409,9351.11
2010-09-12 02:00:00,7339.3325,8345.619,10765.861,7792.456,9356.681
2010-09-12 03:00:00,7343.072,8355.748,10768.401,7795.501,9362.266
2010-09-12 04:00:00,7350.1143,8360.18,10770.267,7800.0825,9362.393
2010-09-12 05:00:00,7352.7915,8360.394,10770.267,7800.176,9362.393
2010-09-12 06:00:00,7353.2715,8360.762,10770.267,7800.176,9362.393
2010-09-12 07:00:00,7353.2715,8361.98,10770.335,7801.3228,9362.393
2010-09-12 08:00:00,7353.5903,8363.915,10770.87,7802.022,9362.393
2010-09-12 09:00:00,7354.762,8364.008,10771.0,7802.5205,9362.548
2010-09-12 10:00:00,7355.119,8364.071,10771.288,7802.5205,9363.411
2010-09-12 11:00:00,7355.119,8364.071,10772.1875,7802.5205,9363.411
2010-09-12 12:00:00,7355.2964,8364.071,10772.1875,7802.5205,9363.411
2010-09-12 13:00:00,7355.2964,8364.071,10772.1875,7802.5205,9363.615
2010-09-12 14:00:00,7355.2964,8364.071,10772.1875,7802.5205,9363.615
2010-09-12 15:00:00,7355.2964,8364.227,10772.1875,7802.5205,9363.864
2010-09-12 16:00:00,7355.2964,8364.227,10772.1875,7802.5205,9363.864
2010-09-12 17:00:00,7355.2964,8364.227,10772.1875,7802.5205,9363.864
2010-09-12 18:00:00,7355.2964,8364.227,10772.1875,7802.5205,9364.094
2010-09-12 19:00:00,7339.278,8340.604,10765.459,7790.56,9347.976
2010-09-12 20:00:00,7339.278,8341.344,10765.504,7791.409,9350.0625
2010-09-12 21:00:00,7339.21,8340.483,10765.425,7790.56,9347.976
2010-09-12 22:00:00,7339.21,8340.483,10765.425,7790.56,9347.976
2010-09-12 23:00:00,7339.21,8340.483,10765.425,7790.56,9347.976
2010-09-13 00:00:00,7355.2964,8364.227,10772.1875,7802.5205,9364.377
2010-09-13 01:00:00,7355.2964,8364.227,10772.1875,7802.5205,9364.51
2010-09-13 02:00:00,7355.2964,8364.227,10772.1875,7802.5205,9364.776
2010-09-13 03:00:00,7355.3335,8364.227,10772.1875,7802.5205,9364.776
2010-09-13 04:00:00,7355.3335,8364.227,10772.1875,7802.5205,9364.776
2010-09-13 05:00:00,7355.3335,8364.227,10772.1875,7802.5205,9364.776
2010-09-13 06:00:00,7355.3345,8366.013,10772.1875,7802.767,9364.776
2010-09-13 07:00:00,7355.3867,8366.013,10772.1875,7802.767,9364.776
2010-09-13 08:00:00,7355.3867,8366.013,10772.1875,7802.791,9364.776
2010-09-13 09:00:00,7355.446,8366.013,10772.1875,7802.831,9364.776
2010-09-13 10:00:00,7355.6045,8366.013,10772.1875,7802.835,9364.776
2010-09-13 11:00:00,7355.645,8366.013,10772.1875,7802.835,9364.776
2010-09-13 12:00:00,7355.845,8366.013,10772.1875,7802.835,9364.776
2010-09-13 13:00:00,7355.946,8366.013,10772.27,7802.835,9364.776
2010-09-13 14:00:00,7355.9653,8366.328,10772.27,7802.8394,9364.776
2010-09-13 15:00:00,7356.2676,8366.745,10772.27,7803.2554,9364.776
2010-09-13 16:00:00,7356.67,8366.745,10772.635,7803.46,9364.776
2010-09-13 17:00:00,7356.777,8366.745,10773.264,7803.46,9364.897
2010-09-13 18:00:00,7357.1665,8366.988,10773.848,7803.692,9364.897
2010-09-13 19:00:00,7357.701,8367.821,10774.363,7803.7817,9365.326
2010-09-13 20:00:00,7358.061,8368.91,10775.94,7804.6,9366.863
2010-09-13 21:00:00,7359.4126,8370.432,10776.269,7807.1445,9368.637
2010-09-13 22:00:00,7360.3267,8373.252,10777.006,7809.7383,9371.77
2010-09-13 23:00:00,7361.9326,8374.64,10777.715,7813.661,9375.46
2010-09-14 00:00:00,7364.169,8376.423,10778.783,7818.1,9378.343
2010-09-14 01:00:00,7366.037,8378.126,10779.608,7822.2856,9380.556
2010-09-14 02:00:00,7368.403,8379.302,10779.719,7825.2676,9381.987
2010-09-14 03:00:00,7371.228,8381.063,10779.719,7827.5063,9384.092
2010-09-14 04:00:00,7374.055,8381.903,10780.026,7829.652,9384.563
2010-09-14 05:00:00,7374.996,8383.495,10780.403,7830.871,9387.414
2010-09-14 06:00:00,7375.947,8383.851,10781.992,7831.2065,9388.381
2010-09-14 07:00:00,7375.947,8383.851,10781.992,7831.2065,9388.3955
2010-09-14 08:00:00,7375.947,8383.851,10782.015,7831.2065,9388.3955
2010-09-14 09:00:00,7375.947,8383.851,10782.182,7831.2065,9388.692
2010-09-14 10:00:00,7376.126,8385.864,10783.281,7832.5234,9389.966
2010-09-14 11:00:00,7377.534,8386.207,10788.186,7833.1353,9391.048
2010-09-14 12:00:00,7378.2485,8387.777,10788.798,7833.317,9391.321
2010-09-14 13:00:00,7378.5737,8388.929,10792.94,7833.7427,9391.773
2010-09-14 14:00:00,7378.6304,8389.17,10795.193,7833.773,9393.3
2010-09-14 15:00:00,7379.325,8390.322,10798.563,7835.324,9394.117
2010-09-14 16:00:00,7379.8735,8390.488,10800.116,7836.232,9394.192
2010-09-14 17:00:00,7380.237,8391.391,10800.977,7836.495,9395.016
2010-09-14 18:00:00,7382.9023,8391.78,10803.455,7837.251,9396.723
2010-09-14 19:00:00,7385.759,8394.095,10803.709,7837.6084,9396.991
2010-09-14 20:00:00,7386.5254,8394.285,10803.732,7837.841,9398.413
2010-09-14 21:00:00,7386.5522,8395.062,10803.818,7839.633,9398.618
2010-09-14 22:00:00,7386.791,8395.312,10803.845,7839.714,9401.025
2010-09-14 23:00:00,7386.9033,8397.355,10804.816,7840.7754,9401.924
2010-09-15 00:00:00,7387.2026,8398.669,10805.471,7841.015,9403.825
2010-09-15 01:00:00,7387.2026,8398.669,10805.471,7841.015,9403.825
2010-09-15 02:00:00,7387.2026,8398.669,10805.471,7841.015,9403.825
2010-09-15 03:00:00,7387.2026,8398.669,10805.471,7841.015,9403.825
2010-09-15 04:00:00,7387.2026,8398.669,10805.471,7841.015,9403.825
2010-09-15 05:00:00,7387.2026,8398.669,10805.471,7841.015,9403.825
2010-09-15 06:00:00,7387.2026,8398.669,10805.471,7841.015,9403.825
2010-09-15 07:00:00,7387.2026,8398.669,10805.471,7841.015,9403.825
2010-09-15 08:00:00,7387.2026,8398.669,10805.471,7841.015,9403.825
2010-09-15 09:00:00,7387.2026,8397.355,10805.251,7840.7754,9402.279
2010-09-15 10:00:00,7387.2026,8397.355,10805.471,7840.7754,9402.329
2010-09-15 11:00:00,7387.2026,8397.355,10805.471,7840.7754,9403.703
2010-09-15 12:00:00,7387.2026,8397.588,10805.471,7840.7754,9403.703
2010-09-15 13:00:00,7387.2026,8397.696,10805.471,7840.7754,9403.703
2010-09-15 14:00:00,7387.2026,8398.669,10805.471,7840.7754,9403.825
2010-09-15 15:00:00,7387.2026,8398.669,10805.471,7841.015,9403.825
2010-09-15 16:00:00,7387.2026,8398.669,10805.471,7841.015,9403.825
2010-09-15 17:00:00,7387.2026,8398.669,10805.471,7841.015,9403.825
2010-09-15 18:00:00,7387.2026,8398.669,10805.471,7841.015,9403.825
2010-09-15 19:00:00,7387.2026,8398.669,10805.471,7841.015,9403.825
2010-09-15 20:00:00,7387.2026,8398.669,10805.471,7841.015,9403.825
2010-09-15 21:00:00,7387.2026,8398.669,10805.471,7841.015,9403.825
2010-09-15 22:00:00,7387.2026,8398.669,10805.471,7841.015,9403.825
2010-09-15 23:00:00,7387.2026,8398.669,10805.471,7841.015,9403.825
2010-09-16 00:00:00,7387.2026,8398.669,10805.71,7841.015,9404.361
2010-09-16 01:00:00,7387.309,8399.675,10808.507,7841.2803,9404.783
2010-09-16 02:00:00,7389.0537,8401.474,10812.889,7842.003,9406.211
2010-09-16 03:00:00,7391.755,8406.809,10816.18,7844.2563,9406.95
2010-09-16 04:00:00,7393.009,8410.927,10817.329,7846.1953,9408.547
2010-09-16 05:00:00,7393.963,8412.685,10817.908,7847.4087,9410.105
2010-09-16 06:00:00,7395.062,8413.86,10818.261,7848.6294,9411.07
2010-09-16 07:00:00,7395.3735,8414.458,10818.261,7849.2515,9411.07
2010-09-16 08:00:00,7395.3735,8414.458,10818.261,7849.2515,9411.07
2010-09-16 09:00:00,7395.3735,8414.458,10818.261,7849.2515,9411.07
2010-09-16 10:00:00,7395.3735,8414.458,10818.261,7849.2515,9411.098
2010-09-16 11:00:00,7395.3735,8414.458,10818.261,7849.2515,9411.098
2010-09-16 12:00:00,7395.3735,8414.577,10818.261,7849.2515,9411.098
2010-09-16 13:00:00,7395.3735,8414.646,10818.284,7849.2515,9411.098
2010-09-16 14:00:00,7395.3735,8416.15,10818.703,7849.2515,9411.843
2010-09-16 15:00:00,7395.419,8416.227,10819.741,7849.408,9412.836
2010-09-16 16:00:00,7395.651,8417.969,10820.73,7849.656,9413.253
2010-09-16 17:00:00,7396.1816,8418.278,10820.942,7849.9707,9413.716
2010-09-16 18:00:00,7396.3574,8421.043,10821.137,7850.9478,9415.446
2010-09-16 19:00:00,7396.839,8421.6045,10821.137,7851.6284,9416.06
2010-09-16 20:00:00,7396.839,8421.6045,10821.137,7851.761,9416.43
2010-09-16 21:00:00,7396.8394,8421.6045,10821.137,7851.8984,9416.43
2010-09-16 22:00:00,7396.9106,8421.6045,10821.137,7852.034,9416.43
2010-09-16 23:00:00,7396.9106,8421.6045,10821.137,7852.034,9416.43
2010-09-17 00:00:00,7396.9106,8421.6045,10821.137,7852.034,9416.43
2010-09-17 01:00:00,7396.9106,8421.6045,10821.137,7852.034,9416.43
2010-09-17 02:00:00,7396.9106,8421.6045,10821.137,7852.034,9416.43
2010-09-17 03:00:00,7396.9106,8421.6045,10821.137,7852.034,9416.43
2010-09-17 04:00:00,7396.9106,8421.6045,10821.137,7852.034,9416.43
2010-09-17 05:00:00,7396.9106,8421.6045,10821.137,7852.034,9416.43
2010-09-17 06:00:00,7396.9106,8421.6045,10821.137,7852.034,9416.43
2010-09-17 07:00:00,7396.9106,8421.6045,10821.137,7852.034,9416.43
2010-09-17 08:00:00,7396.9106,8421.6045,10821.137,7852.034,9416.779
2010-09-17 09:00:00,7396.9106,8421.6045,10821.137,7852.034,9417.178
2010-09-17 10:00:00,7396.9106,8421.6045,10821.177,7852.034,9417.668
2010-09-17 11:00:00,7396.9106,8421.6045,10821.723,7852.034,9418.997
2010-09-17 12:00:00,7396.9106,8421.668,10821.926,7852.1006,9419.308
2010-09-17 13:00:00,7396.9106,8421.835,10822.938,7852.141,9419.893
2010-09-17 14:00:00,7397.586,8422.032,10823.761,7852.39,9420.104
2010-09-17 15:00:00,7397.9897,8422.718,10825.362,7852.6113,9420.343
2010-09-17 16:00:00,7398.061,8422.791,10825.697,7852.893,9421.71
2010-09-17 17:00:00,7398.347,8423.249,10826.1875,7852.923,9422.54
2010-09-17 18:00:00,7399.0425,8423.249,10827.076,7853.4165,9422.702
2010-09-17 19:00:00,7399.3477,8423.298,10827.076,7853.6943,9423.91
2010-09-17 20:00:00,7399.3477,8423.653,10827.076,7854.513,9424.804
2010-09-17 21:00:00,7399.3867,8424.175,10827.084,7855.7144,9425.129
2010-09-17 22:00:00,7400.1104,8424.315,10828.925,7855.7144,9425.492
2010-09-17 23:00:00,7400.307,8424.597,10829.823,7855.7144,9426.741
2010-09-18 00:00:00,7400.7383,8424.597,10830.004,7855.861,9426.824
2010-09-18 01:00:00,7401.783,8424.678,10830.583,7855.865,9426.824
2010-09-18 02:00:00,7402.5522,8424.678,10830.583,7855.865,9427.023
2010-09-18 03:00:00,7402.844,8424.847,10830.771,7855.9854,9427.13
2010-09-18 04:00:00,7403.7183,8424.847,10831.518,7856.0093,9427.296
2010-09-18 05:00:00,7403.889,8424.847,10833.922,7856.0425,9427.551
2010-09-18 06:00:00,7404.151,8425.3955,10836.2295,7856.0483,9428.688
2010-09-18 07:00:00,7404.86,8425.4375,10837.649,7856.226,9429.653
2010-09-18 08:00:00,7405.621,8425.631,10838.541,7856.4004,9429.873
2010-09-18 09:00:00,7407.87,8425.743,10839.776,7856.4004,9430.845
2010-09-18 10:00:00,7409.0615,8425.984,10844.588,7856.7764,9432.783
2010-09-18 11:00:00,7409.1694,8426.185,10847.385,7858.3823,9436.463
2010-09-18 12:00:00,7409.7217,8427.173,10849.926,7859.2285,9440.258
2010-09-18 13:00:00,7410.4243,8427.555,10853.161,7860.1,9440.993
2010-09-18 14:00:00,7410.4517,8427.852,10854.303,7861.425,9442.074
2010-09-18 15:00:00,7410.683,8428.0,10855.856,7861.9336,9442.27
2010-09-18 16:00:00,7410.734,8428.217,10857.618,7862.7427,9442.27
2010-09-18 17:00:00,7410.8374,8428.255,10858.093,7863.083,9443.267
2010-09-18 18:00:00,7410.8374,8428.437,10859.61,7863.5625,9444.617
2010-09-18 19:00:00,7410.8374,8428.766,10859.61,7864.029,9445.323
2010-09-18 20:00:00,7410.8374,8428.878,10859.61,7864.029,9447.927
2010-09-18 21:00:00,7410.8374,8430.21,10859.61,7864.029,9448.693
2010-09-18 22:00:00,7410.8374,8430.462,10859.61,7864.029,9449.598
2010-09-18 23:00:00,7410.8374,8430.677,10859.61,7864.029,9449.598
2010-09-19 00:00:00,7410.8374,8430.677,10859.61,7864.029,9449.8
2010-09-19 01:00:00,7410.8374,8430.677,10859.61,7864.029,9449.8
2010-09-19 02:00:00,7410.8374,8430.677,10859.61,7864.029,9449.8
2010-09-19 03:00:00,7410.8374,8430.677,10859.61,7864.029,9449.8
2010-09-19 04:00:00,7410.8374,8430.677,10859.61,7864.029,9449.8
2010-09-19 05:00:00,7410.8374,8430.677,10859.61,7864.029,9449.8
2010-09-19 06:00:00,7410.8374,8430.677,10859.61,7864.029,9449.8
2010-09-19 07:00:00,7410.8374,8430.677,10859.61,7864.029,9449.8
2010-09-19 08:00:00,7410.8374,8430.677,10859.61,7864.029,9449.8
2010-09-19 09:00:00,7410.8374,8430.677,10859.61,7864.029,9449.8
2010-09-19 10:00:00,7410.8374,8430.677,10859.61,7864.029,9449.8
2010-09-19 11:00:00,7410.8374,8430.677,10859.61,7864.029,9449.8
2010-09-19 12:00:00,7410.8374,8430.677,10859.61,7864.029,9449.8
2010-09-19 13:00:00,7410.8374,8430.747,10859.61,7864.029,9450.737
2010-09-19 14:00:00,7410.8374,8431.528,10859.61,7864.029,9450.737
2010-09-19 15:00:00,7410.8374,8432.017,10859.61,7864.328,9450.737
2010-09-19 16:00:00,7410.844,8432.017,10859.61,7864.863,9451.889
2010-09-19 17:00:00,7410.886,8432.017,10859.61,7864.863,9452.059
2010-09-19 18:00:00,7410.886,8432.017,10859.61,7864.863,9452.131
2010-09-19 19:00:00,7410.886,8432.471,10859.61,7864.863,9452.728
2010-09-19 20:00:00,7410.886,8432.729,10859.61,7864.863,9452.728
2010-09-19 21:00:00,7410.886,8433.015,10859.61,7864.97,9453.331
2010-09-19 22:00:00,7410.8374,8430.677,10859.61,7864.029,9449.8
2010-09-19 23:00:00,7410.8374,8430.677,10859.61,7864.029,9449.8
2010-09-20 00:00:00,7410.886,8433.379,10859.61,7864.9897,9453.331
2010-09-20 01:00:00,7410.9424,8433.379,10859.61,7864.9897,9453.331
2010-09-20 02:00:00,7411.0176,8433.379,10859.61,7864.9897,9453.331
2010-09-20 03:00:00,7411.0176,8433.593,10859.61,7864.9897,9453.331
2010-09-20 04:00:00,7411.0176,8433.593,10859.61,7864.9897,9453.331
2010-09-20 05:00:00,7411.0176,8433.593,10859.61,7864.9897,9453.331
2010-09-20 06:00:00,7411.0176,8433.593,10859.61,7864.9897,9453.331
2010-09-20 07:00:00,7411.0176,8433.593,10859.61,7864.9897,9453.331
2010-09-20 08:00:00,7411.0776,8433.593,10859.61,7864.9897,9453.331
2010-09-20 09:00:00,7411.0776,8433.593,10859.61,7864.9897,9453.331
2010-09-20 10:00:00,7411.0776,8433.593,10859.61,7865.1685,9453.331
2010-09-20 11:00:00,7411.0776,8433.593,10859.61,7865.1685,9453.331
2010-09-20 12:00:00,7411.0776,8433.593,10859.61,7865.1685,9453.331
2010-09-20 13:00:00,7411.0776,8433.593,10859.61,7865.1685,9453.331
2010-09-20 14:00:00,7411.154,8433.593,10859.61,7865.1685,9453.331
2010-09-20 15:00:00,7411.2515,8433.593,10859.61,7865.1685,9453.331
2010-09-20 16:00:00,7411.2515,8433.593,10859.61,7865.1685,9453.472
2010-09-20 17:00:00,7411.2515,8433.593,10859.61,7865.1685,9453.472
2010-09-20 18:00:00,7411.2515,8433.593,10859.649,7865.1685,9453.472
2010-09-20 19:00:00,7411.2515,8433.593,10860.177,7865.1685,9453.619
2010-09-20 20:00:00,7411.2515,8433.593,10860.177,7865.1685,9453.619
2010-09-20 21:00:00,7411.2515,8433.593,10860.202,7865.1685,9453.686
2010-09-20 22:00:00,7411.379,8433.593,10861.097,7865.1685,9454.2
2010-09-20 23:00:00,7411.61,8433.593,10861.17,7865.1685,9454.2
2010-09-21 00:00:00,7411.61,8433.593,10861.17,7865.1685,9454.2
2010-09-21 01:00:00,7411.61,8433.593,10861.324,7865.1685,9454.2
2010-09-21 02:00:00,7411.61,8433.593,10862.536,7865.1685,9454.2
2010-09-21 03:00:00,7411.61,8433.593,10862.647,7865.1685,9454.2
2010-09-21 04:00:00,7411.61,8433.593,10862.647,7865.1685,9454.2
2010-09-21 05:00:00,7411.61,8433.593,10862.647,7865.1685,9454.2
2010-09-21 06:00:00,7411.61,8433.593,10862.647,7865.1685,9454.2
2010-09-21 07:00:00,7411.61,8433.593,10862.647,7865.1685,9454.2
2010-09-21 08:00:00,7411.61,8433.593,10862.647,7865.1685,9454.2
2010-09-21 09:00:00,7411.61,8433.593,10862.647,7865.1685,9454.2
2010-09-21 10:00:00,7411.61,8433.593,10862.647,7865.1685,9454.2
2010-09-21 11:00:00,7411.61,8433.593,10862.647,7865.1685,9454.2
2010-09-21 12:00:00,7411.61,8433.593,10862.677,7865.1685,9454.2
2010-09-21 13:00:00,7411.61,8433.593,10862.677,7865.1685,9454.2
2010-09-21 14:00:00,7411.61,8433.593,10862.677,7865.1685,9454.2
2010-09-21 15:00:00,7411.61,8433.593,10862.677,7865.1685,9454.2
2010-09-21 16:00:00,7411.61,8433.593,10862.677,7865.1685,9454.2
2010-09-21 17:00:00,7411.61,8433.593,10862.677,7865.1685,9454.2
2010-09-21 18:00:00,7411.61,8433.593,10862.677,7865.1685,9454.2
2010-09-21 19:00:00,7411.61,8433.593,10862.677,7865.1685,9454.2
2010-09-21 20:00:00,7411.61,8433.77,10862.677,7865.1685,9454.2
2010-09-21 21:00:00,7411.61,8433.77,10862.677,7865.1685,9454.2
2010-09-21 22:00:00,7411.61,8433.77,10862.677,7865.1685,9454.2
2010-09-21 23:00:00,7411.61,8433.77,10862.677,7865.1685,9454.2
2010-09-22 00:00:00,7418.974,8443.149,10874.895,7872.216,9463.355
2010-09-22 01:00:00,7419.2173,8444.651,10876.981,7872.758,9463.355
2010-09-22 02:00:00,7419.354,8445.881,10878.963,7873.562,9463.355
2010-09-22 03:00:00,7419.629,8447.352,10881.551,7874.7715,9463.635
2010-09-22 04:00:00,7419.9785,8448.292,10885.816,7875.487,9464.119
2010-09-22 05:00:00,7420.4297,8449.715,10889.143,7876.176,9464.796
2010-09-22 06:00:00,7421.2163,8452.084,10892.818,7877.1777,9465.498
2010-09-22 07:00:00,7422.3394,8454.75,10896.784,7878.138,9466.534
2010-09-22 08:00:00,7423.342,8457.478,10900.915,7879.54,9467.846
2010-09-22 09:00:00,7424.972,8460.12,10904.919,7881.255,9469.203
2010-09-22 10:00:00,7426.5396,8462.516,10911.384,7883.153,9475.53
2010-09-22 11:00:00,7428.8374,8467.03,10918.494,7886.122,9484.051
2010-09-22 12:00:00,7411.61,8433.77,10862.677,7865.1685,9454.2
2010-09-22 13:00:00,7411.61,8433.77,10862.677,7865.1685,9454.2
2010-09-22 14:00:00,7411.61,8433.77,10862.677,7865.1685,9454.201
2010-09-22 15:00:00,7412.058,8433.853,10862.677,7865.383,9454.751
2010-09-22 16:00:00,7412.967,8434.688,10863.412,7865.783,9455.733
2010-09-22 17:00:00,7413.8574,8436.388,10865.472,7866.982,9458.03
2010-09-22 18:00:00,7415.085,8437.849,10867.501,7868.131,9460.787
2010-09-22 19:00:00,7416.192,8438.711,10869.226,7869.4243,9462.787
2010-09-22 20:00:00,7417.5083,8439.308,10870.379,7870.4414,9463.132
2010-09-22 21:00:00,7418.208,8439.6045,10871.571,7870.668,9463.355
2010-09-22 22:00:00,7418.691,8440.388,10872.708,7871.0596,9463.355
2010-09-22 23:00:00,7418.7183,8441.67,10873.555,7871.552,9463.355
2010-09-23 00:00:00,7430.8477,8471.028,10923.893,7889.79,9485.652
2010-09-23 01:00:00,7432.0967,8472.748,10926.421,7892.7046,9487.666
2010-09-23 02:00:00,7432.844,8473.502,10928.433,7893.854,9489.541
2010-09-23 03:00:00,7433.886,8474.867,10930.708,7894.747,9491.82
2010-09-23 04:00:00,7435.7007,8476.211,10933.287,7895.2188,9494.232
2010-09-23 05:00:00,7437.484,8478.28,10934.916,7896.06,9495.848
2010-09-23 06:00:00,7439.0693,8480.3545,10936.012,7898.306,9498.056
2010-09-23 07:00:00,7441.36,8482.627,10937.473,7900.318,9499.702
2010-09-23 08:00:00,7441.961,8483.678,10938.511,7901.5806,9499.907
2010-09-23 09:00:00,7442.215,8484.15,10939.276,7902.0215,9499.907
2010-09-23 10:00:00,7442.4487,8484.46,10939.276,7902.2583,9499.907
2010-09-23 11:00:00,7442.606,8484.46,10939.276,7902.4404,9499.907
2010-09-23 12:00:00,7442.606,8484.879,10939.276,7902.565,9499.907
2010-09-23 13:00:00,7442.606,8484.879,10939.276,7902.762,9499.907
2010-09-23 14:00:00,7442.606,8484.879,10939.276,7902.762,9499.907
2010-09-23 15:00:00,7442.606,8484.879,10939.276,7902.762,9499.907
2010-09-23 16:00:00,7442.606,8485.073,10939.281,7902.963,9500.056
2010-09-23 17:00:00,7442.8906,8485.659,10940.22,7903.4272,9500.877
2010-09-23 18:00:00,7443.207,8486.248,10941.685,7904.0186,9502.089
2010-09-23 19:00:00,7443.7456,8486.932,10942.696,7904.702,9502.772
2010-09-23 20:00:00,7444.429,8487.615,10943.38,7905.162,9503.456
2010-09-23 21:00:00,7444.807,8488.129,10944.193,7905.504,9504.14
2010-09-23 22:00:00,7445.149,8488.735,10944.877,7905.8457,9504.823
2010-09-23 23:00:00,7445.292,8488.735,10945.581,7906.1875,9505.507
2010-09-24 00:00:00,7445.292,8488.735,10946.265,7906.5293,9505.925
2010-09-24 01:00:00,7445.292,8488.735,10946.338,7906.871,9505.925
2010-09-24 02:00:00,7445.292,8488.735,10946.338,7906.918,9505.925
2010-09-24 03:00:00,7445.292,8488.735,10946.338,7906.918,9505.925
2010-09-24 04:00:00,7445.366,8488.735,10946.338,7906.918,9505.925
2010-09-24 05:00:00,7445.6045,8488.735,10946.338,7906.951,9505.925
2010-09-24 06:00:00,7445.6045,8488.735,10946.338,7907.351,9505.925
2010-09-24 07:00:00,7445.9795,8488.735,10946.338,7907.754,9505.925
2010-09-24 08:00:00,7445.9795,8488.735,10946.338,7908.1665,9505.925
2010-09-24 09:00:00,7445.9795,8488.735,10946.338,7909.406,9505.925
2010-09-24 10:00:00,7445.9795,8488.735,10946.338,7909.5386,9505.925
2010-09-24 11:00:00,7445.9795,8488.735,10946.338,7909.677,9505.925
2010-09-24 12:00:00,7445.9795,8488.735,10946.338,7910.548,9505.925
2010-09-24 13:00:00,7445.9795,8488.735,10946.338,7910.667,9505.925
2010-09-24 14:00:00,7445.9795,8488.735,10946.338,7910.667,9505.925
2010-09-24 15:00:00,7445.9795,8488.735,10946.338,7910.667,9505.925
2010-09-24 16:00:00,7445.9795,8488.735,10946.338,7910.667,9505.925
2010-09-24 17:00:00,7445.9795,8488.735,10946.338,7910.667,9505.925
2010-09-24 18:00:00,7445.9795,8488.735,10946.338,7910.667,9505.925
2010-09-24 19:00:00,7445.9795,8488.735,10946.338,7910.667,9505.925
2010-09-24 20:00:00,7445.9795,8488.735,10946.338,7910.667,9505.925
2010-09-24 21:00:00,7445.9795,8488.735,10946.338,7910.667,9505.925
2010-09-24 22:00:00,7445.9795,8488.735,10946.338,7910.667,9505.925
2010-09-24 23:00:00,7445.9795,8488.735,10946.338,7910.667,9505.925
2010-09-25 00:00:00,7445.9795,8488.735,10946.338,7910.667,9505.925
2010-09-25 01:00:00,7445.9795,8488.735,10946.338,7910.667,9505.925
2010-09-25 02:00:00,7445.9795,8488.735,10946.338,7910.667,9505.925
2010-09-25 03:00:00,7445.9795,8488.735,10946.338,7910.667,9505.925
2010-09-25 04:00:00,7445.9795,8488.735,10946.338,7910.667,9505.925
2010-09-25 05:00:00,7445.9795,8488.735,10946.338,7910.667,9505.925
2010-09-25 06:00:00,7445.9795,8488.735,10946.338,7910.667,9505.925
2010-09-25 07:00:00,7445.9795,8488.735,10946.338,7910.667,9505.925
2010-09-25 08:00:00,7445.9795,8488.735,10946.338,7910.667,9505.925
2010-09-25 09:00:00,7445.9795,8488.735,10946.338,7910.667,9505.925
2010-09-25 10:00:00,7445.9795,8488.735,10946.338,7910.667,9505.925
2010-09-25 11:00:00,7445.9795,8488.735,10946.338,7910.667,9505.925
2010-09-25 12:00:00,7445.9795,8488.735,10946.338,7910.667,9505.925
2010-09-25 13:00:00,7445.9795,8488.735,10946.338,7910.667,9505.925
2010-09-25 14:00:00,7445.9795,8488.735,10946.338,7910.667,9505.925
2010-09-25 15:00:00,7445.9795,8488.735,10946.338,7910.667,9505.925
2010-09-25 16:00:00,7445.9795,8488.735,10946.338,7910.667,9505.925
2010-09-25 17:00:00,7445.9795,8488.735,10946.338,7910.667,9505.925
2010-09-25 18:00:00,7445.9795,8488.735,10946.338,7910.667,9505.925
2010-09-25 19:00:00,7445.9795,8488.735,10946.338,7910.667,9505.925
2010-09-25 20:00:00,7445.9795,8488.735,10946.338,7910.667,9505.925
2010-09-25 21:00:00,7445.9795,8488.735,10946.338,7910.667,9505.925
2010-09-25 22:00:00,7445.9795,8488.735,10946.338,7910.667,9505.925
2010-09-25 23:00:00,7445.9795,8488.735,10946.338,7910.667,9505.925
2010-09-26 00:00:00,7445.9795,8488.735,10946.338,7910.667,9505.925
2010-09-26 01:00:00,7445.9795,8488.735,10946.338,7910.667,9505.925
2010-09-26 02:00:00,7445.9795,8488.735,10946.338,7910.667,9505.925
2010-09-26 03:00:00,7445.9795,8488.735,10946.338,7910.667,9505.925
2010-09-26 04:00:00,7445.9795,8488.735,10946.338,7910.667,9505.925
2010-09-26 05:00:00,7445.9795,8488.735,10946.338,7910.667,9505.925
2010-09-26 06:00:00,7445.9795,8488.735,10946.338,7910.667,9505.925
2010-09-26 07:00:00,7445.9795,8488.735,10946.338,7910.667,9505.925
2010-09-26 08:00:00,7445.9795,8488.735,10946.338,7910.667,9505.925
2010-09-26 09:00:00,7445.9795,8488.735,10946.338,7910.667,9505.925
2010-09-26 10:00:00,7445.9795,8488.735,10946.338,7910.667,9505.925
2010-09-26 11:00:00,7445.9795,8488.735,10946.338,7910.667,9505.925
2010-09-26 12:00:00,7445.9795,8488.735,10946.338,7910.667,9505.925
2010-09-26 13:00:00,7445.9795,8488.735,10946.338,7910.667,9505.925
2010-09-26 14:00:00,7445.9795,8488.735,10946.338,7910.667,9505.925
2010-09-26 15:00:00,7445.9795,8488.735,10946.338,7910.667,9505.925
2010-09-26 16:00:00,7445.9795,8488.735,10946.338,7910.667,9505.925
2010-09-26 17:00:00,7445.9795,8488.735,10946.338,7910.667,9505.925
2010-09-26 18:00:00,7445.9795,8488.735,10946.338,7910.667,9505.925
2010-09-26 19:00:00,7445.9795,8488.735,10946.338,7910.667,9505.925
2010-09-26 20:00:00,7445.9795,8488.735,10946.338,7910.667,9505.925
2010-09-26 21:00:00,7445.9795,8488.735,10946.338,7910.667,9505.925
2010-09-26 22:00:00,7445.9795,8488.735,10946.338,7910.667,9505.925
2010-09-26 23:00:00,7445.9795,8488.735,10946.338,7910.667,9505.925
2010-09-27 00:00:00,7445.9795,8488.735,10946.338,7910.667,9505.925
2010-09-27 01:00:00,7445.9795,8488.735,10946.338,7910.667,9505.925
2010-09-27 02:00:00,7445.9795,8488.735,10946.338,7910.667,9505.925
2010-09-27 03:00:00,7445.9795,8488.735,10946.338,7910.667,9505.925
2010-09-27 04:00:00,7445.9795,8488.735,10946.338,7910.667,9505.925
2010-09-27 05:00:00,7445.9795,8488.735,10946.338,7910.667,9505.925
2010-09-27 06:00:00,7445.9795,8488.735,10946.338,7910.667,9505.925
2010-09-27 07:00:00,7445.9795,8488.735,10946.338,7910.667,9505.925
2010-09-27 08:00:00,7445.9795,8488.735,10946.338,7910.667,9505.925
2010-09-27 09:00:00,7445.9795,8488.735,10946.338,7910.667,9505.925
2010-09-27 10:00:00,7445.9795,8488.735,10946.338,7910.667,9505.925
2010-09-27 11:00:00,7445.9795,8488.735,10946.338,7910.667,9505.925
2010-09-27 12:00:00,7445.9795,8488.735,10946.338,7910.667,9505.925
2010-09-27 13:00:00,7445.9795,8488.735,10946.338,7910.667,9505.925
2010-09-27 14:00:00,7445.9795,8488.735,10946.338,7910.667,9505.925
2010-09-27 15:00:00,7445.9795,8488.735,10946.338,7910.667,9505.925
2010-09-27 16:00:00,7445.9795,8488.735,10946.338,7910.667,9505.925
2010-09-27 17:00:00,7445.9795,8488.735,10946.338,7910.667,9505.925
2010-09-27 18:00:00,7445.9795,8488.735,10946.338,7910.667,9505.925
2010-09-27 19:00:00,7445.9795,8488.735,10946.338,7910.667,9505.925
2010-09-27 20:00:00,7445.9795,8488.735,10946.338,7910.667,9505.925
2010-09-27 21:00:00,7445.9795,8488.735,10946.338,7910.667,9505.925
2010-09-27 22:00:00,7445.9795,8488.735,10946.338,7910.667,9505.925
2010-09-27 23:00:00,7445.9795,8488.735,10946.338,7910.667,9505.925
2010-09-28 00:00:00,7445.9795,8488.735,10946.338,7910.667,9505.925
2010-09-28 01:00:00,7445.9795,8488.735,10946.338,7910.667,9505.925
2010-09-28 02:00:00,7445.9795,8488.735,10946.338,7910.667,9505.925
2010-09-28 03:00:00,7445.9795,8488.735,10946.338,7910.667,9505.925
2010-09-28 04:00:00,7445.9795,8488.735,10946.338,7910.667,9505.925
2010-09-28 05:00:00,7445.9795,8488.735,10946.338,7910.667,9505.925
2010-09-28 06:00:00,7445.9795,8488.735,10946.338,7910.667,9505.925
2010-09-28 07:00:00,7445.9795,8488.735,10946.338,7910.667,9505.925
2010-09-28 08:00:00,7445.9795,8488.735,10946.338,7910.667,9505.925
2010-09-28 09:00:00,7445.9795,8488.735,10946.338,7910.667,9505.925
2010-09-28 10:00:00,7445.9795,8488.735,10946.338,7910.667,9505.925
2010-09-28 11:00:00,7445.9795,8488.735,10946.338,7910.667,9505.925
2010-09-28 12:00:00,7445.9795,8488.735,10946.338,7910.667,9505.925
2010-09-28 13:00:00,7445.9795,8488.735,10946.338,7910.667,9505.925
2010-09-28 14:00:00,7445.9795,8488.735,10946.338,7910.667,9505.925
2010-09-28 15:00:00,7445.9795,8488.735,10946.338,7910.667,9505.925
2010-09-28 16:00:00,7445.9795,8488.735,10946.338,7910.667,9505.925
2010-09-28 17:00:00,7445.9795,8488.735,10946.338,7910.667,9505.925
2010-09-28 18:00:00,7445.9795,8488.735,10946.338,7910.667,9505.925
2010-09-28 19:00:00,7445.9795,8488.735,10946.338,7910.667,9505.925
2010-09-28 20:00:00,7445.9795,8488.735,10946.338,7910.667,9505.925
2010-09-28 21:00:00,7445.9795,8488.735,10946.338,7910.667,9505.925
2010-09-28 22:00:00,7445.9795,8488.735,10946.338,7910.667,9505.925
2010-09-28 23:00:00,7445.9795,8488.735,10946.338,7910.667,9505.925
2010-09-29 00:00:00,7445.9795,8488.735,10946.338,7910.667,9505.925
2010-09-29 01:00:00,7445.9795,8488.735,10946.338,7910.667,9505.925
2010-09-29 02:00:00,7445.9795,8488.735,10946.338,7910.667,9505.925
2010-09-29 03:00:00,7445.9795,8488.735,10946.338,7910.667,9505.925
2010-09-29 04:00:00,7445.9795,8488.735,10946.338,7910.667,9505.925
2010-09-29 05:00:00,7445.9795,8488.735,10946.338,7910.667,9505.925
2010-09-29 06:00:00,7445.9795,8488.735,10946.338,7910.667,9505.925
2010-09-29 07:00:00,7445.9795,8488.735,10946.338,7910.667,9505.925
2010-09-29 08:00:00,7445.9795,8488.735,10946.338,7910.667,9505.925
2010-09-29 09:00:00,7445.9795,8488.735,10946.338,7910.667,9505.925
2010-09-29 10:00:00,7445.9795,8488.735,10946.338,7910.667,9505.925
2010-09-29 11:00:00,7445.9795,8488.735,10946.338,7910.667,9505.925
2010-09-29 12:00:00,7445.9795,8488.735,10946.338,7910.667,9505.925
2010-09-29 13:00:00,7445.9795,8488.735,10946.338,7910.667,9505.925
2010-09-29 14:00:00,7445.9795,8488.735,10946.338,7910.667,9505.925
2010-09-29 15:00:00,7445.9795,8488.735,10946.338,7910.667,9505.925
2010-09-29 16:00:00,7445.9795,8488.735,10946.338,7910.667,9505.925
2010-09-29 17:00:00,7445.9795,8488.735,10946.338,7910.667,9505.925
2010-09-29 18:00:00,7445.9795,8488.735,10946.338,7910.667,9505.925
2010-09-29 19:00:00,7445.9795,8488.735,10946.338,7910.667,9505.925
2010-09-29 20:00:00,7445.9795,8488.735,10946.338,7910.667,9505.925
2010-09-29 21:00:00,7445.9795,8488.735,10946.338,7910.667,9505.925
2010-09-29 22:00:00,7445.9795,8488.735,10946.338,7910.667,9505.925
2010-09-29 23:00:00,7445.9795,8488.735,10946.338,7910.667,9505.925
2010-09-30 00:00:00,7445.9795,8488.735,10946.338,7910.667,9505.925
2010-09-30 01:00:00,7445.9795,8488.735,10946.338,7910.667,9505.925
2010-09-30 02:00:00,7445.9795,8488.735,10946.338,7910.667,9505.925
2010-09-30 03:00:00,7445.9795,8488.735,10946.338,7910.667,9505.925
2010-09-30 04:00:00,7445.9795,8488.735,10946.338,7910.667,9505.925
2010-09-30 05:00:00,7445.9795,8488.735,10946.338,7910.667,9505.925
2010-09-30 06:00:00,7445.9795,8488.735,10946.338,7910.667,9505.925
2010-09-30 07:00:00,7445.9795,8488.735,10946.338,7910.667,9505.925
2010-09-30 08:00:00,7445.9795,8488.735,10946.338,7910.667,9505.925
2010-09-30 09:00:00,7445.9795,8488.735,10946.338,7910.667,9505.925
2010-09-30 10:00:00,7445.9795,8488.735,10946.338,7910.667,9505.925
2010-09-30 11:00:00,7445.9795,8488.735,10946.338,7910.667,9505.925
2010-09-30 12:00:00,7445.9795,8488.735,10946.338,7910.667,9505.925
2010-09-30 13:00:00,7445.9795,8488.735,10946.338,7910.667,9505.925
2010-09-30 14:00:00,7445.9795,8488.735,10946.338,7910.667,9505.925
2010-09-30 15:00:00,7445.9795,8488.735,10946.338,7910.667,9505.925
2010-09-30 16:00:00,7445.9795,8488.735,10946.338,7910.667,9505.925
2010-09-30 17:00:00,7445.9795,8488.735,10946.338,7910.667,9505.925
2010-09-30 18:00:00,7445.9795,8488.735,10946.338,7910.667,9505.925
2010-09-30 19:00:00,7445.9795,8488.735,10946.338,7910.667,9505.925
2010-09-30 20:00:00,7445.9795,8488.735,10946.338,7910.667,9505.925
2010-09-30 21:00:00,7445.9795,8488.735,10946.338,7910.667,9505.925
2010-09-30 22:00:00,7445.9795,8488.735,10946.338,7910.667,9505.925
2010-09-30 23:00:00,7445.9795,8488.735,10946.338,7910.667,9505.925
2010-10-01 00:00:00,7445.9795,8488.735,10946.338,7910.667,9505.925
2010-10-01 01:00:00,7445.9795,8488.735,10946.338,7910.667,9505.925
2010-10-01 02:00:00,7445.9795,8488.735,10946.338,7910.667,9505.925
2010-10-01 03:00:00,7445.9795,8488.735,10946.338,7910.667,9505.925
2010-10-01 04:00:00,7445.9795,8488.735,10946.338,7910.667,9505.925
2010-10-01 05:00:00,7445.9795,8488.735,10946.338,7910.667,9505.925
2010-10-01 06:00:00,7445.9795,8488.735,10946.338,7910.667,9505.925
2010-10-01 07:00:00,7445.9795,8488.735,10946.338,7910.667,9505.925
2010-10-01 08:00:00,7445.9795,8488.735,10946.338,7910.667,9505.925
2010-10-01 09:00:00,7445.9795,8488.735,10946.338,7910.667,9505.925
2010-10-01 10:00:00,7445.9795,8488.735,10946.338,7910.667,9505.925
2010-10-01 11:00:00,7445.9795,8488.735,10946.338,7910.667,9505.925
2010-10-01 12:00:00,7445.9795,8488.735,10946.338,7910.667,9505.925
2010-10-01 13:00:00,7445.9795,8488.735,10946.338,7910.667,9505.925
2010-10-01 14:00:00,7445.9795,8488.735,10946.338,7910.667,9505.925
2010-10-01 15:00:00,7445.9795,8488.735,10946.338,7910.667,9505.925
2010-10-01 16:00:00,7445.9795,8488.735,10946.338,7910.667,9505.925
2010-10-01 17:00:00,7445.9795,8488.735,10946.338,7910.667,9505.925
2010-10-01 18:00:00,7445.9795,8488.735,10946.338,7910.667,9505.925
2010-10-01 19:00:00,7445.9795,8488.735,10946.338,7910.667,9505.925
2010-10-01 20:00:00,7445.9795,8488.735,10946.338,7910.667,9505.925
2010-10-01 21:00:00,7445.9795,8488.735,10946.338,7910.667,9505.925
2010-10-01 22:00:00,7445.9795,8488.735,10946.338,7910.667,9505.925
2010-10-01 23:00:00,7445.9795,8488.735,10946.338,7910.667,9505.925
2010-10-02 00:00:00,7445.9795,8493.09,10946.338,7910.667,9505.925
2010-10-02 01:00:00,7445.9795,8494.633,10946.338,7910.667,9505.925
2010-10-02 02:00:00,7445.9795,8495.539,10946.338,7910.667,9505.925
2010-10-02 03:00:00,7445.9795,8496.267,10946.338,7910.667,9505.925
2010-10-02 04:00:00,7445.9795,8488.735,10946.338,7910.667,9505.925
2010-10-02 05:00:00,7445.9795,8488.735,10946.338,7910.667,9505.925
2010-10-02 06:00:00,7445.9795,8488.735,10946.338,7910.667,9505.925
2010-10-02 07:00:00,7445.9795,8488.735,10946.338,7910.667,9505.925
2010-10-02 08:00:00,7445.9795,8488.735,10946.338,7910.667,9505.925
2010-10-02 09:00:00,7445.9795,8488.735,10946.338,7910.667,9505.925
2010-10-02 10:00:00,7445.9795,8488.735,10946.338,7910.667,9505.925
2010-10-02 11:00:00,7445.9795,8488.735,10946.338,7910.667,9505.925
2010-10-02 12:00:00,7445.9795,8488.735,10946.338,7910.667,9505.925
2010-10-02 13:00:00,7445.9795,8488.735,10946.338,7910.667,9505.925
2010-10-02 14:00:00,7445.9795,8488.735,10946.338,7910.667,9505.925
2010-10-02 15:00:00,7445.9795,8488.735,10946.338,7910.667,9505.925
2010-10-02 16:00:00,7445.9795,8488.735,10946.338,7910.667,9505.925
2010-10-02 17:00:00,7445.9795,8488.735,10946.338,7910.667,9505.925
2010-10-02 18:00:00,7445.9795,8488.735,10946.338,7910.667,9505.925
2010-10-02 19:00:00,7445.9795,8488.735,10946.338,7910.667,9505.925
2010-10-02 20:00:00,7445.9795,8488.735,10946.338,7910.667,9505.925
2010-10-02 21:00:00,7445.9795,8489.456,10946.338,7910.667,9505.925
2010-10-02 22:00:00,7445.9795,8490.22,10946.338,7910.667,9505.925
2010-10-02 23:00:00,7445.9795,8491.562,10946.338,7910.667,9505.925
2010-10-03 00:00:00,7445.9795,8496.844,10946.521,7910.8594,9505.925
2010-10-03 01:00:00,7445.9795,8497.937,10946.956,7911.0903,9506.642
2010-10-03 02:00:00,7446.372,8499.215,10948.329,7911.4995,9507.46
2010-10-03 03:00:00,7447.703,8499.386,10950.8,7911.9126,9508.23
2010-10-03 04:00:00,7448.6465,8499.386,10951.862,7911.9214,9508.891
2010-10-03 05:00:00,7448.773,8499.482,10952.812,7911.9814,9509.884
2010-10-03 06:00:00,7449.489,8501.58,10955.071,7912.492,9511.986
2010-10-03 07:00:00,7451.5703,8505.216,10959.317,7913.4087,9514.421
2010-10-03 08:00:00,7453.491,8507.998,10965.084,7914.677,9516.996
2010-10-03 09:00:00,7455.5195,8510.613,10972.147,7915.7563,9521.791
2010-10-03 10:00:00,7457.022,8511.703,10976.77,7916.6387,9524.038
2010-10-03 11:00:00,7457.985,8512.427,10981.383,7917.8467,9525.019
2010-10-03 12:00:00,7458.985,8512.427,10985.723,7919.217,9525.083
2010-10-03 13:00:00,7459.929,8512.438,10989.656,7920.23,9525.083
2010-10-03 14:00:00,7461.1006,8512.438,10991.006,7920.558,9525.083
2010-10-03 15:00:00,7462.085,8512.438,10992.498,7920.558,9525.083
2010-10-03 16:00:00,7462.86,8512.438,10993.316,7920.558,9525.083
2010-10-03 17:00:00,7463.1245,8512.438,10993.316,7920.558,9525.083
2010-10-03 18:00:00,7463.1245,8512.438,10993.316,7920.558,9525.083
2010-10-03 19:00:00,7463.1245,8512.438,10993.316,7920.558,9525.083
2010-10-03 20:00:00,7463.1245,8512.438,10993.316,7920.558,9525.083
2010-10-03 21:00:00,7463.1245,8512.438,10993.316,7920.558,9525.083
2010-10-03 22:00:00,7463.1245,8512.438,10993.316,7920.558,9525.083
2010-10-03 23:00:00,7463.1245,8512.438,10993.316,7920.558,9525.083
2010-10-04 00:00:00,7463.1245,8512.438,10993.316,7920.558,9525.083
2010-10-04 01:00:00,7464.3257,8512.438,10993.316,7920.558,9525.083
2010-10-04 02:00:00,7464.3257,8512.438,10993.326,7920.558,9525.083
2010-10-04 03:00:00,7464.771,8512.438,10994.309,7920.558,9525.083
2010-10-04 04:00:00,7466.327,8512.724,10996.9795,7920.7397,9525.751
2010-10-04 05:00:00,7468.4243,8513.079,11000.039,7922.556,9526.66
2010-10-04 06:00:00,7476.449,8513.079,11001.446,7923.0425,9529.604
2010-10-04 07:00:00,7478.141,8515.387,11007.161,7923.509,9531.584
2010-10-04 08:00:00,7479.379,8519.644,11012.429,7925.1924,9533.352
2010-10-04 09:00:00,7482.8716,8520.808,11014.603,7928.2397,9535.878
2010-10-04 10:00:00,7485.164,8522.108,11016.24,7930.6987,9538.254
2010-10-04 11:00:00,7486.908,8523.013,11017.868,7933.8926,9540.962
2010-10-04 12:00:00,7489.3745,8523.962,11018.817,7939.1665,9543.81
2010-10-04 13:00:00,7491.5254,8525.136,11019.751,7943.5063,9545.769
2010-10-04 14:00:00,7493.1807,8526.096,11020.603,7947.051,9547.972
2010-10-04 15:00:00,7494.024,8526.8125,11021.319,7949.82,9549.244
2010-10-04 16:00:00,7494.8306,8527.513,11022.02,7952.022,9549.944
2010-10-04 17:00:00,7495.4844,8527.655,11022.713,7953.7207,9550.638
2010-10-04 18:00:00,7496.6494,8527.772,11023.163,7955.601,9551.354
2010-10-04 19:00:00,7497.5327,8528.609,11023.838,7957.886,9552.211
2010-10-04 20:00:00,7498.305,8529.538,11025.094,7958.7393,9552.516
2010-10-04 21:00:00,7498.9995,8530.869,11027.403,7959.191,9552.769
2010-10-04 22:00:00,7500.2886,8532.817,11029.516,7960.009,9553.988
2010-10-04 23:00:00,7501.4727,8533.781,11031.29,7961.588,9554.462
2010-10-05 00:00:00,7504.364,8534.802,11033.013,7963.4634,9554.855
2010-10-05 01:00:00,7507.162,8535.199,11034.377,7964.864,9555.669
2010-10-05 02:00:00,7509.5703,8535.231,11035.3955,7965.034,9555.679
2010-10-05 03:00:00,7512.47,8535.281,11035.795,7966.967,9555.679
2010-10-05 04:00:00,7514.557,8535.65,11036.6875,7967.9224,9555.679
2010-10-05 05:00:00,7515.365,8536.48,11038.864,7969.146,9555.679
2010-10-05 06:00:00,7515.3945,8537.761,11041.044,7969.6934,9555.679
2010-10-05 07:00:00,7515.49,8538.46,11043.149,7970.127,9555.679
2010-10-05 08:00:00,7515.59,8538.679,11045.146,7970.428,9555.679
2010-10-05 09:00:00,7515.59,8538.679,11047.123,7970.428,9555.679
2010-10-05 10:00:00,7515.59,8538.679,11048.826,7970.428,9555.679
2010-10-05 11:00:00,7515.59,8538.679,11048.878,7970.428,9555.679
2010-10-05 12:00:00,7515.59,8538.679,11048.878,7970.428,9555.679
2010-10-05 13:00:00,7515.59,8538.679,11048.878,7970.428,9555.679
2010-10-05 14:00:00,7515.59,8538.679,11049.009,7970.428,9555.679
2010-10-05 15:00:00,7515.7656,8539.107,11050.912,7970.428,9555.679
2010-10-05 16:00:00,7516.4014,8539.922,11054.324,7970.428,9555.679
2010-10-05 17:00:00,7516.9746,8540.729,11058.213,7970.428,9555.679
2010-10-05 18:00:00,7517.787,8541.505,11062.572,7970.428,9555.679
2010-10-05 19:00:00,7518.917,8542.263,11067.783,7970.428,9556.009
2010-10-05 20:00:00,7519.596,8542.445,11070.416,7970.428,9556.009
2010-10-05 21:00:00,7520.129,8542.445,11071.028,7970.428,9556.009
2010-10-05 22:00:00,7521.3633,8542.445,11071.028,7970.428,9556.009
2010-10-05 23:00:00,7522.04,8542.445,11071.028,7970.428,9556.009
2010-10-06 00:00:00,7524.624,8543.868,11072.66,7977.116,9561.453
2010-10-06 01:00:00,7526.4014,8545.0205,11073.281,7979.504,9564.668
2010-10-06 02:00:00,7528.502,8546.282,11073.982,7982.323,9566.298
2010-10-06 03:00:00,7531.851,8547.259,11075.252,7986.457,9566.921
2010-10-06 04:00:00,7534.551,8548.112,11077.596,7989.794,9566.921
2010-10-06 05:00:00,7537.1357,8548.992,11080.235,7992.1787,9567.571
2010-10-06 06:00:00,7540.0645,8550.7295,11083.243,7993.525,9568.476
2010-10-06 07:00:00,7543.5977,8551.928,11086.37,7994.6157,9569.355
2010-10-06 08:00:00,7546.35,8553.083,11089.334,7995.526,9570.568
2010-10-06 09:00:00,7548.505,8554.712,11092.909,7996.7754,9572.294
2010-10-06 10:00:00,7551.3413,8556.705,11098.058,8000.075,9575.186
2010-10-06 11:00:00,7556.262,8558.719,11103.513,8004.093,9578.647
2010-10-06 12:00:00,7561.4805,8560.405,11108.017,8007.2153,9582.171
2010-10-06 13:00:00,7564.685,8562.631,11110.617,8011.027,9586.015
2010-10-06 14:00:00,7567.2046,8564.307,11114.363,8013.9736,9588.678
2010-10-06 15:00:00,7567.757,8565.057,11115.96,8014.2065,9590.631
2010-10-06 16:00:00,7569.177,8567.621,11122.63,8015.656,9592.219
2010-10-06 17:00:00,7569.8887,8569.63,11129.558,8017.576,9592.616
2010-10-06 18:00:00,7522.04,8542.445,11071.028,7970.428,9556.009
2010-10-06 19:00:00,7522.04,8542.445,11071.028,7970.605,9556.009
2010-10-06 20:00:00,7522.04,8542.445,11071.028,7971.002,9556.009
2010-10-06 21:00:00,7522.446,8542.445,11071.191,7971.785,9556.009
2010-10-06 22:00:00,7523.6763,8542.526,11071.208,7974.168,9556.274
2010-10-06 23:00:00,7523.9497,8543.407,11071.842,7974.984,9557.352
2010-10-07 00:00:00,7570.053,8569.63,11131.201,8017.8887,9594.213
2010-10-07 01:00:00,7570.053,8569.63,11131.211,8017.9033,9594.26
2010-10-07 02:00:00,7570.053,8569.63,11131.354,8017.9033,9594.26
2010-10-07 03:00:00,7570.053,8569.63,11131.354,8017.9033,9594.26
2010-10-07 04:00:00,7570.053,8569.63,11131.354,8017.9033,9594.26
2010-10-07 05:00:00,7570.053,8569.63,11131.354,8017.9033,9594.26
2010-10-07 06:00:00,7570.053,8569.63,11131.354,8017.9033,9594.26
2010-10-07 07:00:00,7570.053,8569.63,11131.354,8017.9033,9594.26
2010-10-07 08:00:00,7570.053,8569.63,11131.354,8017.9033,9594.26
2010-10-07 09:00:00,7570.053,8569.63,11131.354,8017.9033,9594.26
2010-10-07 10:00:00,7570.053,8569.63,11131.354,8018.0093,9594.26
2010-10-07 11:00:00,7570.053,8570.774,11131.354,8018.0093,9594.26
2010-10-07 12:00:00,7570.053,8570.774,11131.354,8018.0093,9594.26
2010-10-07 13:00:00,7570.053,8570.774,11131.354,8018.0093,9594.26
2010-10-07 14:00:00,7570.053,8570.774,11131.354,8018.0093,9594.26
2010-10-07 15:00:00,7570.053,8570.774,11131.354,8018.0093,9594.26
2010-10-07 16:00:00,7570.053,8570.774,11131.354,8018.0093,9594.26
2010-10-07 17:00:00,7570.053,8570.774,11131.354,8018.0093,9594.26
2010-10-07 18:00:00,7570.053,8570.774,11131.354,8018.0093,9594.26
2010-10-07 19:00:00,7570.053,8570.774,11131.354,8018.0093,9594.26
2010-10-07 20:00:00,7570.053,8570.774,11131.354,8018.0093,9594.26
2010-10-07 21:00:00,7570.053,8570.774,11131.354,8018.0093,9594.26
2010-10-07 22:00:00,7570.053,8570.774,11131.354,8018.0093,9594.26
2010-10-07 23:00:00,7570.053,8570.774,11131.354,8018.0093,9594.26
2010-10-08 00:00:00,7570.053,8570.774,11131.354,8018.0093,9594.26
2010-10-08 01:00:00,7570.053,8570.774,11131.354,8018.0093,9594.26
2010-10-08 02:00:00,7570.053,8570.774,11131.354,8018.0093,9594.26
2010-10-08 03:00:00,7570.053,8570.774,11131.354,8018.0093,9594.26
2010-10-08 04:00:00,7570.053,8570.774,11131.354,8018.0093,9594.26
2010-10-08 05:00:00,7570.053,8570.774,11131.354,8018.0093,9594.26
2010-10-08 06:00:00,7570.053,8570.774,11131.354,8018.0093,9594.26
2010-10-08 07:00:00,7570.053,8570.774,11131.354,8018.0093,9594.26
2010-10-08 08:00:00,7570.053,8570.774,11131.354,8018.0093,9594.26
2010-10-08 09:00:00,7570.053,8570.774,11131.354,8018.0093,9594.26
2010-10-08 10:00:00,7570.053,8570.774,11131.354,8018.0093,9594.26
2010-10-08 11:00:00,7570.053,8570.774,11131.354,8018.0093,9594.26
2010-10-08 12:00:00,7570.053,8570.774,11131.354,8018.0093,9594.26
2010-10-08 13:00:00,7570.053,8570.774,11131.354,8018.0093,9594.26
2010-10-08 14:00:00,7570.053,8570.774,11131.354,8018.0093,9594.26
2010-10-08 15:00:00,7570.053,8570.774,11131.354,8018.0093,9594.26
2010-10-08 16:00:00,7570.053,8570.774,11131.354,8018.0093,9594.26
2010-10-08 17:00:00,7570.053,8570.774,11131.354,8018.0093,9594.26
2010-10-08 18:00:00,7570.053,8570.774,11131.354,8018.0093,9594.26
2010-10-08 19:00:00,7570.053,8570.774,11131.354,8018.0093,9594.26
2010-10-08 20:00:00,7570.053,8570.774,11131.354,8018.0093,9594.26
2010-10-08 21:00:00,7570.053,8570.774,11131.354,8018.0093,9594.26
2010-10-08 22:00:00,7570.053,8570.774,11131.354,8018.0093,9594.26
2010-10-08 23:00:00,7570.053,8570.774,11131.354,8018.0093,9594.26
2010-10-09 00:00:00,7570.053,8570.774,11131.354,8018.0093,9594.26
2010-10-09 01:00:00,7570.053,8570.774,11131.354,8018.0093,9594.26
2010-10-09 02:00:00,7570.053,8570.774,11131.354,8018.0093,9594.26
2010-10-09 03:00:00,7570.053,8570.774,11131.354,8018.0093,9594.26
2010-10-09 04:00:00,7570.053,8570.774,11131.354,8018.0093,9594.26
2010-10-09 05:00:00,7570.053,8570.774,11131.354,8018.0093,9594.26
2010-10-09 06:00:00,7570.053,8570.774,11131.354,8018.0093,9594.26
2010-10-09 07:00:00,7570.053,8570.774,11131.354,8018.0093,9594.26
2010-10-09 08:00:00,7570.053,8570.774,11131.354,8018.0093,9594.26
2010-10-09 09:00:00,7570.053,8570.774,11131.354,8018.0093,9594.26
2010-10-09 10:00:00,7570.053,8570.774,11131.354,8018.0093,9594.26
2010-10-09 11:00:00,7570.053,8570.774,11131.354,8018.0093,9594.26
2010-10-09 12:00:00,7570.053,8570.774,11131.354,8018.0093,9594.26
2010-10-09 13:00:00,7570.053,8570.774,11131.354,8018.0093,9594.26
2010-10-09 14:00:00,7570.053,8570.774,11131.354,8018.0093,9594.26
2010-10-09 15:00:00,7570.053,8570.774,11131.354,8018.0093,9594.26
2010-10-09 16:00:00,7570.053,8570.774,11131.354,8018.0093,9594.26
2010-10-09 17:00:00,7570.053,8570.774,11131.354,8018.0093,9594.26
2010-10-09 18:00:00,7570.053,8570.774,11131.354,8018.0093,9594.26
2010-10-09 19:00:00,7570.053,8570.774,11131.354,8018.0093,9594.26
2010-10-09 20:00:00,7570.053,8570.774,11131.354,8018.0093,9594.26
2010-10-09 21:00:00,7570.053,8570.774,11131.354,8018.0093,9594.26
2010-10-09 22:00:00,7570.053,8570.774,11131.354,8018.0093,9594.26
2010-10-09 23:00:00,7570.053,8570.774,11131.354,8018.0093,9594.26
2010-10-10 00:00:00,7570.053,8570.774,11131.354,8018.0093,9594.26
2010-10-10 01:00:00,7570.053,8570.774,11131.354,8018.0093,9594.26
2010-10-10 02:00:00,7570.053,8570.774,11131.354,8018.0093,9594.26
2010-10-10 03:00:00,7570.053,8570.774,11131.354,8018.0093,9594.26
2010-10-10 04:00:00,7570.053,8570.774,11131.354,8018.0093,9594.26
2010-10-10 05:00:00,7570.053,8570.774,11131.354,8018.0093,9594.26
2010-10-10 06:00:00,7570.053,8570.774,11131.354,8018.0093,9594.26
2010-10-10 07:00:00,7570.053,8570.774,11131.354,8018.0093,9594.26
2010-10-10 08:00:00,7570.053,8570.774,11131.354,8018.0093,9594.26
2010-10-10 09:00:00,7570.053,8570.774,11131.354,8018.0093,9594.26
2010-10-10 10:00:00,7570.053,8570.774,11131.354,8018.0093,9594.26
2010-10-10 11:00:00,7570.053,8570.774,11131.354,8018.0093,9594.26
2010-10-10 12:00:00,7570.053,8570.774,11131.354,8018.0093,9594.26
2010-10-10 13:00:00,7570.053,8570.774,11131.354,8018.0093,9594.26
2010-10-10 14:00:00,7570.053,8570.774,11131.354,8018.0093,9594.26
2010-10-10 15:00:00,7570.053,8570.774,11131.354,8018.0093,9594.26
2010-10-10 16:00:00,7570.053,8570.774,11131.354,8018.0093,9594.26
2010-10-10 17:00:00,7570.053,8570.774,11131.354,8018.0093,9594.26
2010-10-10 18:00:00,7570.053,8570.774,11131.354,8018.0093,9594.26
2010-10-10 19:00:00,7570.053,8570.774,11131.354,8018.0093,9594.26
2010-10-10 20:00:00,7570.053,8570.774,11131.354,8018.0093,9594.26
2010-10-10 21:00:00,7570.053,8570.774,11131.354,8018.0093,9594.26
2010-10-10 22:00:00,7570.053,8570.774,11131.354,8018.0093,9594.26
2010-10-10 23:00:00,7570.053,8570.774,11131.354,8018.0093,9594.26
2010-10-11 00:00:00,7570.053,8570.774,11131.354,8018.0093,9594.26
2010-10-11 01:00:00,7570.053,8570.774,11131.354,8018.0093,9594.26
2010-10-11 02:00:00,7570.053,8570.774,11131.354,8018.0093,9594.26
2010-10-11 03:00:00,7570.053,8570.774,11131.354,8018.0093,9594.26
2010-10-11 04:00:00,7570.053,8570.774,11131.354,8018.0093,9594.26
2010-10-11 05:00:00,7570.053,8570.774,11131.354,8018.0093,9594.26
2010-10-11 06:00:00,7570.053,8570.774,11131.354,8018.0093,9594.26
2010-10-11 07:00:00,7570.053,8570.774,11131.354,8018.0093,9594.26
2010-10-11 08:00:00,7570.053,8570.774,11131.354,8018.0093,9594.26
2010-10-11 09:00:00,7570.053,8570.774,11131.354,8018.0093,9594.26
2010-10-11 10:00:00,7570.053,8570.774,11131.354,8018.0093,9594.26
2010-10-11 11:00:00,7570.053,8570.774,11131.354,8018.0093,9594.26
2010-10-11 12:00:00,7570.053,8570.774,11131.354,8018.0093,9594.26
2010-10-11 13:00:00,7570.053,8570.774,11131.354,8018.0093,9594.26
2010-10-11 14:00:00,7570.053,8570.774,11131.354,8018.0093,9594.26
2010-10-11 15:00:00,7570.053,8570.774,11131.354,8018.0093,9594.26
2010-10-11 16:00:00,7570.053,8570.774,11131.354,8018.0093,9594.26
2010-10-11 17:00:00,7570.053,8570.774,11131.354,8018.0093,9594.26
2010-10-11 18:00:00,7570.053,8570.774,11131.354,8018.0093,9594.26
2010-10-11 19:00:00,7570.053,8570.774,11131.354,8018.0093,9594.26
2010-10-11 20:00:00,7570.053,8570.774,11131.354,8018.0093,9594.26
2010-10-11 21:00:00,7570.053,8570.774,11131.354,8018.0093,9594.26
2010-10-11 22:00:00,7570.053,8570.774,11131.354,8018.0093,9594.26
2010-10-11 23:00:00,7570.053,8570.774,11131.354,8018.0093,9594.26
2010-10-12 00:00:00,7570.053,8570.774,11131.677,8018.434,9594.532
2010-10-12 01:00:00,7570.053,8570.774,11131.677,8018.434,9594.532
2010-10-12 02:00:00,7570.053,8570.774,11131.677,8018.434,9594.532
2010-10-12 03:00:00,7570.053,8570.774,11131.677,8018.434,9594.532
2010-10-12 04:00:00,7570.053,8570.774,11131.354,8018.0093,9594.26
2010-10-12 05:00:00,7570.053,8570.774,11131.354,8018.0093,9594.26
2010-10-12 06:00:00,7570.053,8570.774,11131.354,8018.0093,9594.336
2010-10-12 07:00:00,7570.053,8570.774,11131.526,8018.099,9594.336
2010-10-12 08:00:00,7570.053,8570.774,11131.677,8018.434,9594.532
2010-10-12 09:00:00,7570.053,8570.774,11131.677,8018.434,9594.532
2010-10-12 10:00:00,7570.053,8570.774,11131.677,8018.434,9594.532
2010-10-12 11:00:00,7570.053,8570.774,11131.677,8018.434,9594.532
2010-10-12 12:00:00,7570.053,8570.774,11131.677,8018.434,9594.532
2010-10-12 13:00:00,7570.053,8570.774,11131.677,8018.434,9594.532
2010-10-12 14:00:00,7570.053,8570.774,11131.677,8018.434,9594.532
2010-10-12 15:00:00,7570.053,8570.774,11131.677,8018.434,9594.532
2010-10-12 16:00:00,7570.053,8570.774,11131.677,8018.434,9594.532
2010-10-12 17:00:00,7570.053,8570.774,11131.677,8018.434,9594.532
2010-10-12 18:00:00,7570.053,8570.774,11131.677,8018.434,9594.532
2010-10-12 19:00:00,7570.053,8570.774,11131.677,8018.434,9594.532
2010-10-12 20:00:00,7570.053,8570.774,11131.677,8018.434,9594.532
2010-10-12 21:00:00,7570.053,8570.774,11131.677,8018.434,9594.532
2010-10-12 22:00:00,7570.053,8570.774,11131.677,8018.434,9594.532
2010-10-12 23:00:00,7570.053,8570.774,11131.677,8018.434,9594.532
2010-10-13 00:00:00,7570.053,8570.774,11131.677,8018.434,9594.532
2010-10-13 01:00:00,7570.053,8570.774,11131.677,8018.434,9594.532
2010-10-13 02:00:00,7570.053,8570.774,11131.677,8018.434,9594.532
2010-10-13 03:00:00,7570.053,8570.774,11131.677,8018.434,9594.532
2010-10-13 04:00:00,7570.053,8570.774,11131.677,8018.434,9594.532
2010-10-13 05:00:00,7570.053,8570.774,11131.677,8018.434,9594.532
2010-10-13 06:00:00,7570.053,8570.774,11131.677,8018.434,9594.532
2010-10-13 07:00:00,7570.053,8570.774,11131.677,8018.434,9594.532
2010-10-13 08:00:00,7570.053,8570.774,11131.677,8018.434,9594.532
2010-10-13 09:00:00,7570.053,8570.774,11131.677,8018.434,9594.532
2010-10-13 10:00:00,7570.053,8570.774,11131.677,8018.434,9594.532
2010-10-13 11:00:00,7570.053,8570.774,11131.677,8018.434,9594.532
2010-10-13 12:00:00,7570.053,8570.774,11131.677,8018.434,9594.532
2010-10-13 13:00:00,7570.053,8570.774,11131.677,8018.434,9594.532
2010-10-13 14:00:00,7570.053,8570.774,11131.677,8018.434,9594.532
2010-10-13 15:00:00,7570.053,8570.774,11131.677,8018.434,9594.532
2010-10-13 16:00:00,7570.053,8570.774,11131.677,8018.434,9594.66
2010-10-13 17:00:00,7570.053,8570.774,11131.677,8018.434,9594.801
2010-10-13 18:00:00,7570.053,8570.774,11131.677,8018.434,9594.801
2010-10-13 19:00:00,7570.1777,8570.774,11131.677,8018.434,9594.801
2010-10-13 20:00:00,7570.771,8570.882,11131.866,8018.6333,9594.914
2010-10-13 21:00:00,7571.523,8571.422,11132.116,8019.127,9595.607
2010-10-13 22:00:00,7573.0493,8571.613,11133.158,8019.844,9596.323
2010-10-13 23:00:00,7574.104,8571.613,11134.946,8020.0933,9597.005
2010-10-14 00:00:00,7574.442,8571.613,11136.1875,8020.0933,9597.221
2010-10-14 01:00:00,7574.442,8571.703,11136.1875,8020.0933,9598.089
2010-10-14 02:00:00,7574.442,8571.703,11136.1875,8020.245,9598.854
2010-10-14 03:00:00,7574.442,8571.703,11136.326,8020.347,9600.312
2010-10-14 04:00:00,7574.442,8571.805,11136.326,8020.347,9600.914
2010-10-14 05:00:00,7574.442,8571.805,11136.371,8020.347,9601.426
2010-10-14 06:00:00,7574.442,8571.805,11136.371,8020.347,9601.872
2010-10-14 07:00:00,7574.4985,8571.805,11136.588,8020.347,9601.872
2010-10-14 08:00:00,7574.4985,8571.805,11136.588,8020.347,9602.156
2010-10-14 09:00:00,7574.4985,8571.805,11136.588,8020.347,9602.156
2010-10-14 10:00:00,7574.4985,8571.805,11136.588,8020.347,9602.156
2010-10-14 11:00:00,7574.4985,8571.805,11137.499,8020.347,9602.258
2010-10-14 12:00:00,7574.4985,8571.805,11137.499,8020.347,9602.306
2010-10-14 13:00:00,7574.5107,8571.805,11137.499,8020.347,9602.306
2010-10-14 14:00:00,7574.5107,8571.805,11137.575,8020.347,9603.469
2010-10-14 15:00:00,7574.5107,8571.805,11137.575,8020.347,9604.053
2010-10-14 16:00:00,7574.5107,8571.805,11137.575,8020.347,9604.053
2010-10-14 17:00:00,7574.5107,8571.805,11137.602,8020.347,9604.269
2010-10-14 18:00:00,7574.5107,8571.805,11138.219,8020.347,9604.285
2010-10-14 19:00:00,7574.5107,8572.015,11138.219,8020.347,9604.285
2010-10-14 20:00:00,7574.5107,8572.015,11138.219,8020.347,9604.285
2010-10-14 21:00:00,7574.5107,8572.015,11138.219,8020.347,9604.285
2010-10-14 22:00:00,7574.5107,8572.015,11138.219,8020.347,9604.285
2010-10-14 23:00:00,7574.5107,8572.015,11138.219,8020.347,9604.285
2010-10-15 00:00:00,7574.5107,8572.015,11138.219,8020.347,9604.285
2010-10-15 01:00:00,7574.5107,8572.015,11138.219,8020.347,9604.285
2010-10-15 02:00:00,7574.5107,8572.015,11138.219,8020.347,9604.285
2010-10-15 03:00:00,7574.5107,8572.015,11138.219,8020.347,9604.285
2010-10-15 04:00:00,7574.5107,8572.015,11138.219,8020.347,9604.285
2010-10-15 05:00:00,7574.5107,8572.015,11138.219,8020.347,9604.285
2010-10-15 06:00:00,7574.5107,8572.015,11138.219,8020.347,9604.285
2010-10-15 07:00:00,7574.5107,8572.015,11138.219,8020.347,9604.285
2010-10-15 08:00:00,7574.5107,8572.015,11138.219,8020.347,9604.285
2010-10-15 09:00:00,7574.5107,8572.015,11138.219,8020.347,9604.285
2010-10-15 10:00:00,7574.5107,8572.015,11138.219,8020.347,9604.285
2010-10-15 11:00:00,7574.5107,8572.015,11138.219,8020.347,9604.285
2010-10-15 12:00:00,7574.5107,8572.015,11138.219,8020.347,9604.285
2010-10-15 13:00:00,7574.5107,8572.015,11138.219,8020.347,9604.285
2010-10-15 14:00:00,7574.5107,8572.015,11138.219,8020.347,9604.285
2010-10-15 15:00:00,7574.5107,8572.015,11138.219,8020.347,9604.285
2010-10-15 16:00:00,7574.5107,8572.015,11138.219,8020.347,9604.285
2010-10-15 17:00:00,7574.5107,8572.015,11138.219,8020.347,9604.285
2010-10-15 18:00:00,7574.5107,8572.015,11138.219,8020.347,9604.285
2010-10-15 19:00:00,7574.5107,8572.015,11138.219,8020.347,9604.285
2010-10-15 20:00:00,7574.5107,8572.015,11138.219,8020.347,9604.285
2010-10-15 21:00:00,7574.5107,8572.015,11138.219,8020.347,9604.285
2010-10-15 22:00:00,7574.5107,8572.015,11138.219,8020.347,9604.285
2010-10-15 23:00:00,7574.5107,8572.015,11138.219,8020.347,9604.285
2010-10-16 00:00:00,7574.5107,8572.015,11138.219,8020.347,9604.285
2010-10-16 01:00:00,7574.5107,8572.015,11138.219,8020.347,9604.285
2010-10-16 02:00:00,7574.5107,8572.015,11138.219,8020.347,9604.285
2010-10-16 03:00:00,7574.5107,8572.015,11138.219,8020.347,9604.285
2010-10-16 04:00:00,7574.5107,8572.015,11138.219,8020.347,9604.285
2010-10-16 05:00:00,7574.5107,8572.015,11138.219,8020.347,9604.285
2010-10-16 06:00:00,7574.5107,8572.015,11138.219,8020.347,9604.285
2010-10-16 07:00:00,7574.5107,8572.015,11138.219,8020.347,9604.285
2010-10-16 08:00:00,7574.5107,8572.015,11138.219,8020.347,9604.285
2010-10-16 09:00:00,7574.5107,8572.015,11138.219,8020.347,9604.285
2010-10-16 10:00:00,7574.5107,8572.015,11138.219,8020.347,9604.285
2010-10-16 11:00:00,7574.5107,8572.015,11138.219,8020.347,9604.285
2010-10-16 12:00:00,7574.5107,8572.015,11138.219,8020.347,9604.285
2010-10-16 13:00:00,7574.5107,8572.015,11138.219,8020.347,9604.285
2010-10-16 14:00:00,7574.5107,8572.015,11138.219,8020.347,9604.285
2010-10-16 15:00:00,7574.5107,8572.015,11138.219,8020.347,9604.285
2010-10-16 16:00:00,7574.5107,8572.015,11138.219,8020.347,9604.285
2010-10-16 17:00:00,7574.5107,8572.015,11138.219,8020.347,9604.285
2010-10-16 18:00:00,7574.5107,8572.015,11138.219,8020.347,9604.285
2010-10-16 19:00:00,7574.5107,8572.015,11138.219,8020.347,9604.285
2010-10-16 20:00:00,7574.5107,8572.015,11138.219,8020.347,9604.285
2010-10-16 21:00:00,7574.5107,8572.015,11138.219,8020.347,9604.285
2010-10-16 22:00:00,7574.5107,8572.015,11138.219,8020.347,9604.285
2010-10-16 23:00:00,7574.5107,8572.015,11138.219,8020.347,9604.285
2010-10-17 00:00:00,7574.5107,8572.015,11138.219,8020.347,9604.285
2010-10-17 01:00:00,7574.572,8572.015,11138.219,8020.3584,9604.285
2010-10-17 02:00:00,7574.572,8572.015,11138.219,8020.374,9604.285
2010-10-17 03:00:00,7574.68,8572.015,11138.219,8020.374,9604.285
2010-10-17 04:00:00,7574.9023,8572.015,11138.219,8020.374,9604.285
2010-10-17 05:00:00,7575.127,8572.015,11138.2295,8020.374,9604.285
2010-10-17 06:00:00,7575.127,8572.015,11138.2295,8020.374,9604.285
2010-10-17 07:00:00,7575.127,8572.015,11138.2295,8020.374,9604.285
2010-10-17 08:00:00,7575.127,8572.015,11138.2295,8020.374,9604.285
2010-10-17 09:00:00,7575.127,8572.015,11138.2295,8020.374,9604.285
2010-10-17 10:00:00,7575.127,8572.015,11138.2295,8020.374,9604.285
2010-10-17 11:00:00,7575.127,8572.015,11138.2295,8020.374,9604.285
2010-10-17 12:00:00,7575.127,8572.015,11138.2295,8020.374,9604.285
2010-10-17 13:00:00,7575.127,8572.015,11138.2295,8020.374,9604.285
2010-10-17 14:00:00,7575.127,8572.015,11138.2295,8020.374,9604.285
2010-10-17 15:00:00,7575.127,8572.015,11138.2295,8020.374,9604.285
2010-10-17 16:00:00,7575.232,8572.526,11139.255,8020.666,9604.569
2010-10-17 17:00:00,7575.439,8573.446,11141.538,8021.114,9604.851
2010-10-17 18:00:00,7576.062,8574.341,11144.228,8021.3345,9605.745
2010-10-17 19:00:00,7576.88,8575.884,11145.589,8021.707,9606.005
2010-10-17 20:00:00,7577.281,8576.251,11146.988,8022.112,9606.223
2010-10-17 21:00:00,7577.4644,8576.897,11148.612,8022.7227,9606.495
2010-10-17 22:00:00,7577.5796,8577.703,11150.815,8023.46,9606.921
2010-10-17 23:00:00,7578.4854,8578.456,11153.096,8024.053,9607.543
2010-10-18 00:00:00,7580.4233,8579.316,11154.727,8024.449,9607.937
2010-10-18 01:00:00,7582.6035,8579.6875,11155.499,8024.7256,9608.061
2010-10-18 02:00:00,7583.1357,8580.595,11156.552,8025.533,9608.516
2010-10-18 03:00:00,7583.756,8582.375,11158.469,8027.0645,9608.695
2010-10-18 04:00:00,7584.433,8582.397,11160.633,8027.4546,9608.875
2010-10-18 05:00:00,7584.6045,8582.642,11162.136,8028.117,9608.875
2010-10-18 06:00:00,7584.635,8582.686,11163.726,8028.4014,9609.21
2010-10-18 07:00:00,7585.475,8583.428,11165.672,8029.3057,9609.43
2010-10-18 08:00:00,7585.827,8583.428,11166.071,8029.379,9609.43
2010-10-18 09:00:00,7585.9604,8583.63,11166.264,8029.726,9609.43
2010-10-18 10:00:00,7587.1636,8584.344,11167.989,8030.1787,9610.325
2010-10-18 11:00:00,7587.6533,8584.344,11169.838,8030.1787,9610.717
2010-10-18 12:00:00,7587.7817,8584.344,11170.256,8030.1787,9610.717
2010-10-18 13:00:00,7587.7817,8584.694,11171.1875,8030.3496,9611.128
2010-10-18 14:00:00,7588.4424,8584.694,11171.5625,8030.3496,9611.128
2010-10-18 15:00:00,7588.476,8584.694,11172.797,8030.3633,9611.807
2010-10-18 16:00:00,7588.5435,8584.853,11175.816,8030.3633,9614.056
2010-10-18 17:00:00,7589.4116,8586.795,11175.958,8031.46,9615.1455
2010-10-18 18:00:00,7590.068,8587.01,11176.46,8032.39,9615.571
2010-10-18 19:00:00,7590.537,8587.305,11176.769,8032.8047,9615.819
2010-10-18 20:00:00,7590.6694,8588.081,11176.879,8032.9434,9615.819
2010-10-18 21:00:00,7590.797,8588.206,11176.879,8032.9897,9616.069
2010-10-18 22:00:00,7590.8384,8589.275,11177.393,8032.9897,9616.488
2010-10-18 23:00:00,7590.904,8589.275,11178.076,8032.9897,9616.895
2010-10-19 00:00:00,7591.586,8589.493,11186.2,8033.592,9630.045
2010-10-19 01:00:00,7591.586,8589.493,11186.735,8033.592,9630.465
2010-10-19 02:00:00,7591.586,8589.493,11186.909,8033.592,9630.786
2010-10-19 03:00:00,7591.586,8589.493,11186.999,8033.592,9631.054
2010-10-19 04:00:00,7591.586,8589.493,11186.999,8033.592,9631.054
2010-10-19 05:00:00,7591.586,8589.493,11186.999,8033.592,9631.138
2010-10-19 06:00:00,7591.586,8589.493,11187.172,8033.592,9631.853
2010-10-19 07:00:00,7590.904,8589.42,11178.158,8033.066,9617.587
2010-10-19 08:00:00,7590.904,8589.493,11178.158,8033.18,9618.235
2010-10-19 09:00:00,7590.904,8589.493,11178.158,8033.315,9618.494
2010-10-19 10:00:00,7590.973,8589.493,11178.715,8033.4443,9618.946
2010-10-19 11:00:00,7591.0947,8589.493,11179.1045,8033.5527,9619.132
2010-10-19 12:00:00,7591.0947,8589.493,11179.324,8033.592,9620.162
2010-10-19 13:00:00,7591.269,8589.493,11181.589,8033.592,9622.916
2010-10-19 14:00:00,7591.545,8589.493,11182.282,8033.592,9624.615
2010-10-19 15:00:00,7591.545,8589.493,11183.246,8033.592,9625.0
2010-10-19 16:00:00,7591.586,8589.493,11183.365,8033.592,9625.427
2010-10-19 17:00:00,7591.586,8589.493,11183.365,8033.592,9625.427
2010-10-19 18:00:00,7591.586,8589.493,11184.05,8033.592,9625.766
2010-10-19 19:00:00,7591.586,8589.493,11184.771,8033.592,9627.093
2010-10-19 20:00:00,7591.586,8589.493,11185.904,8033.592,9627.967
2010-10-19 21:00:00,7591.586,8589.493,11185.929,8033.592,9627.997
2010-10-19 22:00:00,7591.586,8589.493,11185.929,8033.592,9628.184
2010-10-19 23:00:00,7591.586,8589.493,11186.194,8033.592,9629.131
2010-10-20 00:00:00,7591.586,8589.493,11187.172,8033.592,9632.732
2010-10-20 01:00:00,7591.586,8589.493,11187.551,8033.592,9633.054
2010-10-20 02:00:00,7591.586,8589.493,11188.142,8033.592,9635.845
2010-10-20 03:00:00,7591.586,8589.493,11189.148,8033.592,9635.849
2010-10-20 04:00:00,7591.586,8589.493,11189.457,8033.592,9636.643
2010-10-20 05:00:00,7591.586,8589.493,11189.513,8033.592,9636.974
2010-10-20 06:00:00,7591.586,8589.493,11190.421,8033.592,9638.19
2010-10-20 07:00:00,7591.586,8589.493,11190.847,8033.592,9638.384
2010-10-20 08:00:00,7591.586,8589.493,11190.982,8033.592,9638.862
2010-10-20 09:00:00,7591.586,8589.493,11190.982,8033.592,9638.862
2010-10-20 10:00:00,7591.586,8589.493,11190.982,8033.592,9638.862
2010-10-20 11:00:00,7591.586,8589.493,11191.084,8033.592,9638.862
2010-10-20 12:00:00,7591.586,8589.493,11191.269,8033.592,9638.862
2010-10-20 13:00:00,7591.586,8589.493,11191.608,8033.592,9639.244
2010-10-20 14:00:00,7591.586,8589.506,11191.608,8033.592,9639.244
2010-10-20 15:00:00,7591.586,8589.506,11191.608,8033.592,9639.244
2010-10-20 16:00:00,7591.586,8589.506,11191.608,8033.592,9640.13
2010-10-20 17:00:00,7591.586,8589.506,11191.731,8033.592,9640.564
2010-10-20 18:00:00,7591.586,8589.506,11191.731,8033.592,9640.564
2010-10-20 19:00:00,7591.586,8589.506,11191.731,8033.592,9640.564
2010-10-20 20:00:00,7591.586,8589.506,11191.731,8033.592,9640.564
2010-10-20 21:00:00,7591.586,8589.506,11191.731,8033.592,9640.564
2010-10-20 22:00:00,7591.586,8589.506,11191.731,8033.592,9640.814
2010-10-20 23:00:00,7591.586,8589.506,11191.731,8033.592,9640.839
2010-10-21 00:00:00,7591.586,8589.506,11191.731,8033.592,9640.839
2010-10-21 01:00:00,7591.586,8589.506,11191.731,8033.592,9640.839
2010-10-21 02:00:00,7591.586,8589.506,11191.731,8033.592,9641.025
2010-10-21 03:00:00,7591.586,8589.506,11191.731,8033.592,9641.074
2010-10-21 04:00:00,7591.586,8589.506,11191.731,8033.6816,9641.074
2010-10-21 05:00:00,7591.586,8589.506,11191.731,8033.6816,9641.074
2010-10-21 06:00:00,7591.586,8589.637,11191.731,8033.6816,9641.074
2010-10-21 07:00:00,7591.586,8591.069,11191.731,8033.6816,9641.074
2010-10-21 08:00:00,7591.7363,8592.128,11192.253,8033.796,9641.452
2010-10-21 09:00:00,7592.0757,8593.46,11193.698,8034.266,9644.742
2010-10-21 10:00:00,7592.847,8595.427,11195.007,8034.8423,9647.305
2010-10-21 11:00:00,7593.578,8596.71,11196.771,8035.905,9651.274
2010-10-21 12:00:00,7595.0947,8598.428,11197.817,8036.8945,9652.232
2010-10-21 13:00:00,7596.1875,8599.458,11199.162,8038.1377,9654.952
2010-10-21 14:00:00,7596.299,8600.372,11199.785,8038.323,9656.021
2010-10-21 15:00:00,7596.7676,8600.739,11199.785,8038.774,9656.021
2010-10-21 16:00:00,7596.928,8601.084,11199.785,8038.779,9657.624
2010-10-21 17:00:00,7596.928,8601.558,11199.913,8039.3125,9657.625
2010-10-21 18:00:00,7596.928,8601.558,11199.913,8039.3125,9657.625
2010-10-21 19:00:00,7596.928,8601.558,11199.913,8039.3125,9657.625
2010-10-21 20:00:00,7596.928,8601.777,11199.913,8039.3125,9657.625
2010-10-21 21:00:00,7596.928,8601.825,11199.913,8039.3125,9657.625
2010-10-21 22:00:00,7596.928,8601.825,11199.913,8039.3125,9657.625
2010-10-21 23:00:00,7596.928,8601.886,11199.913,8039.3125,9657.987
2010-10-22 00:00:00,7596.928,8602.365,11200.057,8039.539,9659.37
2010-10-22 01:00:00,7596.928,8602.714,11200.304,8039.983,9659.904
2010-10-22 02:00:00,7596.928,8602.714,11200.304,8040.3784,9659.904
2010-10-22 03:00:00,7596.928,8602.714,11200.304,8040.443,9660.116
2010-10-22 04:00:00,7596.928,8602.714,11200.304,8040.443,9660.116
2010-10-22 05:00:00,7596.928,8602.714,11200.304,8040.443,9660.116
2010-10-22 06:00:00,7596.928,8602.714,11200.304,8040.443,9660.116
2010-10-22 07:00:00,7596.928,8602.714,11200.668,8040.443,9660.359
2010-10-22 08:00:00,7596.928,8602.714,11201.265,8040.443,9660.44
2010-10-22 09:00:00,7596.928,8602.714,11201.362,8040.443,9660.44
2010-10-22 10:00:00,7596.928,8602.714,11201.362,8040.443,9660.44
2010-10-22 11:00:00,7596.928,8602.714,11201.362,8040.443,9660.44
2010-10-22 12:00:00,7596.928,8602.714,11201.362,8040.443,9660.44
2010-10-22 13:00:00,7596.928,8602.714,11201.362,8040.443,9660.44
2010-10-22 14:00:00,7596.928,8602.714,11201.362,8040.443,9660.44
2010-10-22 15:00:00,7596.928,8602.714,11201.362,8040.443,9660.44
2010-10-22 16:00:00,7596.928,8602.714,11201.362,8040.443,9660.44
2010-10-22 17:00:00,7596.928,8602.714,11201.362,8040.443,9660.44
2010-10-22 18:00:00,7596.928,8602.714,11201.362,8040.443,9660.44
2010-10-22 19:00:00,7596.928,8602.714,11201.362,8040.443,9660.44
2010-10-22 20:00:00,7596.928,8602.714,11201.362,8040.443,9660.44
2010-10-22 21:00:00,7596.928,8602.714,11201.362,8040.443,9660.44
2010-10-22 22:00:00,7596.928,8602.714,11201.362,8040.443,9660.44
2010-10-22 23:00:00,7596.928,8602.714,11201.362,8040.443,9660.44
2010-10-23 00:00:00,7596.928,8602.714,11201.362,8040.443,9660.44
2010-10-23 01:00:00,7596.928,8602.714,11201.362,8040.443,9660.44
2010-10-23 02:00:00,7596.928,8602.714,11201.362,8040.443,9660.44
2010-10-23 03:00:00,7596.928,8602.714,11201.362,8040.443,9660.44
2010-10-23 04:00:00,7596.928,8602.714,11201.362,8040.443,9660.44
2010-10-23 05:00:00,7596.928,8602.714,11201.362,8040.443,9660.44
2010-10-23 06:00:00,7596.928,8602.714,11201.362,8040.443,9660.44
2010-10-23 07:00:00,7596.928,8602.714,11201.362,8040.443,9660.44
2010-10-23 08:00:00,7596.928,8602.714,11201.362,8040.443,9660.44
2010-10-23 09:00:00,7596.928,8602.714,11201.362,8040.443,9660.44
2010-10-23 10:00:00,7596.928,8602.714,11201.362,8040.443,9660.44
2010-10-23 11:00:00,7596.928,8602.714,11201.362,8040.443,9660.44
2010-10-23 12:00:00,7596.928,8602.714,11201.362,8040.443,9660.44
2010-10-23 13:00:00,7596.928,8602.714,11201.427,8040.443,9660.44
2010-10-23 14:00:00,7596.928,8602.714,11202.634,8040.443,9660.44
2010-10-23 15:00:00,7596.928,8602.714,11202.993,8040.443,9660.44
2010-10-23 16:00:00,7596.928,8602.714,11202.993,8040.443,9660.44
2010-10-23 17:00:00,7596.928,8602.714,11202.993,8040.443,9660.44
2010-10-23 18:00:00,7596.928,8602.714,11202.993,8040.443,9660.44
2010-10-23 19:00:00,7596.928,8602.714,11203.076,8040.443,9660.44
2010-10-23 20:00:00,7596.928,8602.714,11201.362,8040.443,9660.44
2010-10-23 21:00:00,7596.928,8602.714,11201.362,8040.443,9660.44
2010-10-23 22:00:00,7596.928,8602.714,11201.362,8040.443,9660.44
2010-10-23 23:00:00,7596.928,8602.714,11201.362,8040.443,9660.44
2010-10-24 00:00:00,7596.928,8602.714,11203.076,8040.443,9660.44
2010-10-24 01:00:00,7596.928,8602.714,11203.076,8040.443,9660.44
2010-10-24 02:00:00,7596.928,8602.714,11203.076,8040.443,9660.44
2010-10-24 03:00:00,7596.928,8602.714,11203.076,8040.443,9660.44
2010-10-24 04:00:00,7596.928,8602.714,11203.076,8040.443,9660.517
2010-10-24 05:00:00,7596.928,8602.714,11203.076,8040.443,9660.982
2010-10-24 06:00:00,7596.928,8602.714,11203.076,8040.443,9660.982
2010-10-24 07:00:00,7596.928,8602.714,11203.076,8040.443,9660.982
2010-10-24 08:00:00,7596.928,8602.714,11203.076,8040.443,9660.982
2010-10-24 09:00:00,7596.928,8602.714,11203.076,8040.443,9661.074
2010-10-24 10:00:00,7596.928,8602.714,11203.076,8040.443,9661.074
2010-10-24 11:00:00,7596.928,8602.714,11203.182,8040.443,9661.503
2010-10-24 12:00:00,7597.0034,8602.714,11203.182,8040.443,9662.123
2010-10-24 13:00:00,7597.3223,8602.741,11203.182,8040.443,9662.123
2010-10-24 14:00:00,7597.3223,8602.908,11203.182,8040.443,9662.68
2010-10-24 15:00:00,7597.3223,8602.908,11203.182,8040.443,9664.135
2010-10-24 16:00:00,7597.471,8602.908,11203.182,8040.443,9664.493
2010-10-24 17:00:00,7597.838,8603.328,11203.182,8040.443,9664.674
2010-10-24 18:00:00,7597.838,8603.328,11204.006,8040.443,9665.403
2010-10-24 19:00:00,7598.049,8603.425,11205.09,8040.5493,9666.189
2010-10-24 20:00:00,7598.261,8603.486,11206.515,8040.5493,9666.324
2010-10-24 21:00:00,7598.322,8603.486,11206.515,8040.5493,9666.95
2010-10-24 22:00:00,7598.322,8603.486,11206.515,8040.5493,9668.183
2010-10-24 23:00:00,7598.477,8604.257,11208.48,8040.6997,9670.847
2010-10-25 00:00:00,7598.8745,8604.604,11209.64,8040.829,9670.849
2010-10-25 01:00:00,7599.7305,8604.604,11211.169,8040.829,9670.849
2010-10-25 02:00:00,7600.2603,8604.604,11211.956,8040.829,9670.849
2010-10-25 03:00:00,7600.4233,8604.604,11212.066,8040.829,9670.849
2010-10-25 04:00:00,7600.4233,8604.604,11212.066,8040.829,9670.849
2010-10-25 05:00:00,7600.4233,8604.604,11212.066,8040.829,9670.849
2010-10-25 06:00:00,7600.4233,8604.604,11212.066,8040.829,9670.849
2010-10-25 07:00:00,7600.4233,8604.604,11212.066,8040.829,9670.849
2010-10-25 08:00:00,7600.4233,8604.604,11212.066,8040.829,9670.849
2010-10-25 09:00:00,7600.4233,8604.604,11212.066,8040.829,9670.849
2010-10-25 10:00:00,7600.4233,8604.604,11212.066,8040.829,9671.211
2010-10-25 11:00:00,7600.4233,8604.604,11212.134,8040.829,9671.211
2010-10-25 12:00:00,7600.4233,8604.604,11212.134,8040.829,9671.211
2010-10-25 13:00:00,7600.4233,8604.604,11212.134,8040.829,9671.421
2010-10-25 14:00:00,7600.4233,8604.604,11212.134,8040.829,9671.494
2010-10-25 15:00:00,7600.669,8604.604,11213.024,8040.829,9671.646
2010-10-25 16:00:00,7600.9424,8604.738,11213.7705,8040.829,9672.977
2010-10-25 17:00:00,7600.978,8604.738,11213.7705,8040.829,9672.977
2010-10-25 18:00:00,7600.994,8604.738,11213.7705,8040.829,9672.977
2010-10-25 19:00:00,7600.994,8604.738,11213.7705,8040.829,9672.977
2010-10-25 20:00:00,7600.994,8604.738,11213.7705,8040.829,9672.977
2010-10-25 21:00:00,7600.994,8604.738,11213.7705,8040.829,9672.977
2010-10-25 22:00:00,7600.994,8604.738,11213.7705,8040.829,9672.977
2010-10-25 23:00:00,7600.994,8604.738,11213.7705,8040.829,9672.977
2010-10-26 00:00:00,7600.994,8604.738,11213.7705,8040.829,9672.977
2010-10-26 01:00:00,7600.994,8604.738,11213.7705,8040.829,9672.977
2010-10-26 02:00:00,7600.994,8604.738,11213.7705,8040.829,9672.977
2010-10-26 03:00:00,7600.994,8604.738,11213.7705,8040.829,9672.977
2010-10-26 04:00:00,7600.994,8604.738,11213.7705,8040.829,9672.977
2010-10-26 05:00:00,7600.994,8604.738,11213.7705,8040.829,9672.977
2010-10-26 06:00:00,7600.994,8604.738,11213.7705,8040.829,9672.977
2010-10-26 07:00:00,7600.994,8604.738,11213.7705,8040.829,9672.977
2010-10-26 08:00:00,7600.994,8604.738,11213.7705,8040.829,9672.977
2010-10-26 09:00:00,7600.994,8604.738,11213.7705,8040.829,9672.977
2010-10-26 10:00:00,7600.994,8604.738,11213.7705,8040.829,9672.977
2010-10-26 11:00:00,7600.994,8604.738,11213.7705,8040.829,9672.977
2010-10-26 12:00:00,7600.994,8604.738,11213.7705,8040.829,9672.977
2010-10-26 13:00:00,7600.994,8604.738,11213.7705,8040.829,9672.977
2010-10-26 14:00:00,7600.994,8604.738,11213.7705,8040.829,9672.977
2010-10-26 15:00:00,7600.994,8604.738,11213.7705,8040.829,9672.977
2010-10-26 16:00:00,7600.994,8604.738,11213.7705,8040.829,9672.977
2010-10-26 17:00:00,7600.994,8604.738,11213.7705,8040.829,9672.977
2010-10-26 18:00:00,7600.994,8604.738,11213.7705,8040.829,9672.977
2010-10-26 19:00:00,7600.994,8604.738,11213.7705,8040.829,9672.977
2010-10-26 20:00:00,7600.994,8604.738,11213.7705,8040.829,9672.977
2010-10-26 21:00:00,7600.994,8604.738,11213.7705,8040.829,9672.977
2010-10-26 22:00:00,7600.994,8604.738,11213.7705,8040.829,9672.977
2010-10-26 23:00:00,7600.994,8604.738,11213.7705,8040.829,9672.977
2010-10-27 00:00:00,7600.994,8604.738,11213.7705,8040.829,9672.977
2010-10-27 01:00:00,7600.994,8604.738,11213.7705,8040.829,9672.977
2010-10-27 02:00:00,7600.994,8604.738,11213.7705,8040.829,9673.058
2010-10-27 03:00:00,7601.0405,8605.157,11214.075,8041.329,9674.905
2010-10-27 04:00:00,7601.787,8606.436,11214.453,8043.9844,9678.86
2010-10-27 05:00:00,7604.719,8608.942,11217.003,8048.857,9684.583
2010-10-27 06:00:00,7609.3994,8611.742,11221.096,8054.037,9688.568
2010-10-27 07:00:00,7612.262,8613.599,11221.096,8056.4194,9689.777
2010-10-27 08:00:00,7613.349,8613.599,11221.096,8056.5537,9689.777
2010-10-27 09:00:00,7613.547,8613.599,11221.096,8056.5537,9689.777
2010-10-27 10:00:00,7613.59,8613.599,11221.096,8056.583,9689.777
2010-10-27 11:00:00,7614.147,8613.6045,11221.096,8056.977,9689.777
2010-10-27 12:00:00,7614.3896,8613.6045,11221.408,8057.265,9689.8125
2010-10-27 13:00:00,7614.516,8613.963,11221.553,8057.4854,9689.8125
2010-10-27 14:00:00,7614.561,8614.721,11221.553,8057.6816,9689.8125
2010-10-27 15:00:00,7615.1255,8614.831,11221.669,8057.847,9689.8125
2010-10-27 16:00:00,7615.8203,8616.623,11223.179,8058.9946,9691.367
2010-10-27 17:00:00,7617.688,8619.837,11225.414,8064.1064,9691.946
2010-10-27 18:00:00,7618.5327,8620.842,11229.654,8066.5557,9693.133
2010-10-27 19:00:00,7618.7812,8621.237,11232.199,8067.3975,9693.909
2010-10-27 20:00:00,7618.7812,8621.33,11234.634,8068.514,9694.712
2010-10-27 21:00:00,7619.024,8621.554,11236.651,8069.1714,9694.946
2010-10-27 22:00:00,7619.024,8621.751,11237.104,8069.8604,9695.844
2010-10-27 23:00:00,7619.26,8621.916,11238.042,8070.8716,9696.831
2010-10-28 00:00:00,7626.2925,8625.95,11258.774,8078.5693,9707.228
2010-10-28 01:00:00,7625.771,8625.869,11257.241,8078.5522,9705.624
2010-10-28 02:00:00,7627.111,8626.44,11260.137,8078.6226,9707.257
2010-10-28 03:00:00,7627.1978,8627.498,11261.285,8079.419,9707.618
2010-10-28 04:00:00,7627.3594,8627.498,11262.112,8079.6523,9707.921
2010-10-28 05:00:00,7627.495,8627.561,11262.1455,8079.683,9707.929
2010-10-28 06:00:00,7627.4966,8628.38,11262.1455,8079.683,9707.945
2010-10-28 07:00:00,7627.7505,8628.537,11262.1455,8079.683,9708.122
2010-10-28 08:00:00,7628.0156,8628.751,11262.1455,8079.6904,9708.336
2010-10-28 09:00:00,7619.335,8621.932,11238.829,8071.637,9697.213
2010-10-28 10:00:00,7619.335,8622.77,11241.68,8072.986,9699.023
2010-10-28 11:00:00,7619.761,8623.039,11245.64,8073.992,9700.195
2010-10-28 12:00:00,7619.9653,8623.832,11246.92,8074.438,9700.25
2010-10-28 13:00:00,7620.7676,8624.515,11248.262,8075.859,9701.291
2010-10-28 14:00:00,7621.072,8624.515,11251.336,8075.859,9701.527
2010-10-28 15:00:00,7621.688,8624.697,11251.687,8076.0474,9701.527
2010-10-28 16:00:00,7621.688,8624.697,11251.687,8076.0474,9701.527
2010-10-28 17:00:00,7622.049,8624.697,11251.687,8076.0723,9701.527
2010-10-28 18:00:00,7623.032,8624.8545,11251.687,8076.5176,9701.527
2010-10-28 19:00:00,7623.8623,8624.8545,11251.687,8076.756,9701.527
2010-10-28 20:00:00,7624.773,8624.967,11251.687,8077.03,9701.622
2010-10-28 21:00:00,7625.0986,8624.967,11252.621,8077.03,9702.743
2010-10-28 22:00:00,7625.2095,8625.238,11253.45,8077.079,9702.743
2010-10-28 23:00:00,7625.248,8625.323,11256.765,8077.185,9704.686
2010-10-29 00:00:00,7628.0156,8628.751,11262.1455,8079.6997,9708.385
2010-10-29 01:00:00,7628.0156,8628.751,11262.1455,8079.6997,9708.429
2010-10-29 02:00:00,7628.0156,8628.751,11262.1455,8079.6997,9708.429
2010-10-29 03:00:00,7628.0156,8628.751,11262.194,8079.8945,9708.534
2010-10-29 04:00:00,7628.0156,8628.751,11262.194,8079.8945,9708.534
2010-10-29 05:00:00,7628.0156,8628.751,11262.194,8079.8945,9708.534
2010-10-29 06:00:00,7628.0156,8628.918,11262.194,8080.0474,9708.534
2010-10-29 07:00:00,7628.6475,8629.606,11262.194,8080.6543,9708.534
2010-10-29 08:00:00,7629.431,8631.009,11262.406,8082.1567,9709.3125
2010-10-29 09:00:00,7631.296,8633.84,11263.368,8085.5376,9711.584
2010-10-29 10:00:00,7634.189,8635.867,11264.849,8089.237,9714.328
2010-10-29 11:00:00,7636.7827,8638.528,11268.026,8093.1123,9716.723
2010-10-29 12:00:00,7639.265,8641.879,11270.5625,8097.003,9718.412
2010-10-29 13:00:00,7642.5903,8644.207,11274.653,8099.8843,9719.727
2010-10-29 14:00:00,7645.592,8646.934,11276.421,8102.4683,9720.605
2010-10-29 15:00:00,7646.6055,8648.41,11276.421,8104.81,9721.393
2010-10-29 16:00:00,7648.49,8652.889,11277.038,8107.776,9722.072
2010-10-29 17:00:00,7650.131,8657.185,11277.564,8110.8467,9723.387
2010-10-29 18:00:00,7652.7944,8659.271,11277.95,8113.3984,9724.99
2010-10-29 19:00:00,7655.891,8660.129,11277.95,8114.3203,9724.99
2010-10-29 20:00:00,7657.906,8660.369,11277.95,8114.384,9724.99
2010-10-29 21:00:00,7658.474,8660.369,11277.95,8114.384,9724.99
2010-10-29 22:00:00,7658.474,8660.369,11277.95,8114.384,9724.99
2010-10-29 23:00:00,7658.474,8660.369,11277.95,8114.384,9724.99
2010-10-30 00:00:00,7658.474,8660.369,11277.95,8114.384,9724.99
2010-10-30 01:00:00,7658.474,8660.369,11277.95,8114.384,9724.99
2010-10-30 02:00:00,7658.474,8660.369,11277.95,8114.384,9724.99
2010-10-30 03:00:00,7658.474,8660.369,11277.95,8114.384,9724.99
2010-10-30 04:00:00,7658.474,8660.369,11277.95,8114.384,9724.99
2010-10-30 05:00:00,7658.474,8660.369,11277.95,8114.384,9724.99
2010-10-30 06:00:00,7658.6343,8660.369,11278.071,8114.5957,9724.99
2010-10-30 07:00:00,7659.1455,8660.369,11278.7,8115.3135,9724.99
2010-10-30 08:00:00,7660.256,8660.369,11278.7,8115.8604,9724.99
2010-10-30 09:00:00,7660.2935,8660.369,11278.998,8115.8604,9724.99
2010-10-30 10:00:00,7660.3564,8660.369,11278.998,8116.036,9724.99
2010-10-30 11:00:00,7660.3564,8660.655,11278.998,8116.036,9726.18
2010-10-30 12:00:00,7660.6074,8662.033,11281.333,8116.6724,9727.133
2010-10-30 13:00:00,7660.873,8664.894,11282.879,8116.948,9727.133
2010-10-30 14:00:00,7661.395,8666.25,11282.879,8117.1006,9727.322
2010-10-30 15:00:00,7661.474,8667.005,11282.879,8117.2983,9727.322
2010-10-30 16:00:00,7661.474,8667.005,11282.879,8117.2983,9727.322
2010-10-30 17:00:00,7661.474,8667.005,11282.879,8117.2983,9727.322
2010-10-30 18:00:00,7661.474,8667.005,11282.879,8117.2983,9727.322
2010-10-30 19:00:00,7661.474,8667.005,11282.879,8117.2983,9727.322
2010-10-30 20:00:00,7661.474,8667.005,11282.879,8117.2983,9727.322
2010-10-30 21:00:00,7661.474,8667.07,11282.879,8117.2983,9727.322
2010-10-30 22:00:00,7661.474,8667.07,11282.879,8117.2983,9727.322
2010-10-30 23:00:00,7661.474,8667.07,11282.879,8117.2983,9727.322
2010-10-31 00:00:00,7665.614,8672.438,11295.995,8125.052,9731.962
2010-10-31 01:00:00,7665.82,8672.538,11296.94,8125.931,9733.688
2010-10-31 02:00:00,7666.2827,8673.104,11298.534,8127.2026,9734.882
2010-10-31 03:00:00,7666.426,8674.611,11300.77,8128.1304,9736.9795
2010-10-31 04:00:00,7666.4995,8675.205,11302.032,8128.1304,9738.485
2010-10-31 05:00:00,7661.474,8667.07,11282.879,8117.2983,9727.322
2010-10-31 06:00:00,7661.474,8667.07,11282.879,8117.2983,9727.322
2010-10-31 07:00:00,7661.474,8667.07,11282.879,8117.2983,9727.322
2010-10-31 08:00:00,7661.474,8667.07,11282.879,8117.2983,9727.322
2010-10-31 09:00:00,7661.474,8667.114,11282.879,8117.2983,9727.322
2010-10-31 10:00:00,7661.474,8667.114,11282.879,8117.3467,9727.322
2010-10-31 11:00:00,7661.5312,8667.114,11282.879,8117.3535,9727.322
2010-10-31 12:00:00,7661.5312,8667.114,11282.879,8117.3535,9727.322
2010-10-31 13:00:00,7661.5312,8667.865,11283.148,8117.588,9727.724
2010-10-31 14:00:00,7661.8506,8668.267,11284.645,8118.319,9727.819
2010-10-31 15:00:00,7663.007,8669.007,11286.311,8118.481,9729.14
2010-10-31 16:00:00,7663.386,8669.517,11287.247,8119.9155,9729.368
2010-10-31 17:00:00,7664.1396,8671.047,11288.545,8122.1113,9729.401
2010-10-31 18:00:00,7664.684,8671.461,11289.693,8122.8394,9729.955
2010-10-31 19:00:00,7664.916,8671.513,11293.183,8122.8394,9731.016
2010-10-31 20:00:00,7665.15,8671.692,11293.741,8123.0894,9731.016
2010-10-31 21:00:00,7665.339,8671.811,11293.741,8123.3643,9731.016
2010-10-31 22:00:00,7665.339,8671.948,11294.3955,8123.7544,9731.213
2010-10-31 23:00:00,7665.339,8671.971,11294.894,8123.9824,9731.674
2010-11-01 00:00:00,7666.505,8675.51,11302.361,8128.325,9740.428
2010-11-01 01:00:00,7666.505,8675.62,11302.443,8128.4346,9740.679
2010-11-01 02:00:00,7666.505,8676.405,11302.501,8128.4346,9740.821
2010-11-01 03:00:00,7666.505,8676.508,11302.859,8128.4805,9740.821
2010-11-01 04:00:00,7666.515,8676.508,11303.0,8128.4805,9741.061
2010-11-01 05:00:00,7666.515,8676.68,11303.0,8128.4805,9741.086
2010-11-01 06:00:00,7666.515,8676.69,11303.678,8128.4805,9741.938
2010-11-01 07:00:00,7666.524,8676.997,11303.763,8128.4985,9743.038
2010-11-01 08:00:00,7666.524,8677.629,11304.098,8128.4985,9743.688
2010-11-01 09:00:00,7666.524,8677.629,11304.144,8128.4985,9743.688
2010-11-01 10:00:00,7666.524,8677.629,11304.156,8128.4985,9743.688
2010-11-01 11:00:00,7666.524,8677.629,11304.693,8128.4985,9743.688
2010-11-01 12:00:00,7666.524,8677.629,11304.693,8128.4985,9743.688
2010-11-01 13:00:00,7666.524,8677.629,11304.693,8128.4985,9743.688
2010-11-01 14:00:00,7666.524,8677.629,11304.693,8128.4985,9743.688
2010-11-01 15:00:00,7666.524,8677.629,11304.693,8128.4985,9743.688
2010-11-01 16:00:00,7666.524,8677.629,11304.693,8128.4985,9743.688
2010-11-01 17:00:00,7666.524,8677.629,11304.693,8128.4985,9743.688
2010-11-01 18:00:00,7666.524,8677.629,11304.693,8128.4985,9743.688
2010-11-01 19:00:00,7666.524,8677.629,11304.693,8128.4985,9743.688
2010-11-01 20:00:00,7666.524,8677.629,11304.693,8128.4985,9743.688
2010-11-01 21:00:00,7666.524,8677.629,11304.693,8128.4985,9743.688
2010-11-01 22:00:00,7666.524,8677.629,11304.693,8128.4985,9743.688
2010-11-01 23:00:00,7666.524,8677.629,11304.693,8128.4985,9743.688
2010-11-02 00:00:00,7673.833,8688.334,11311.609,8133.4976,9749.132
2010-11-02 01:00:00,7666.524,8677.629,11304.693,8128.4985,9743.688
2010-11-02 02:00:00,7666.524,8677.629,11304.693,8128.4985,9743.688
2010-11-02 03:00:00,7666.524,8677.629,11304.693,8128.4985,9743.688
2010-11-02 04:00:00,7666.524,8677.629,11304.693,8128.4985,9743.688
2010-11-02 05:00:00,7666.524,8677.629,11304.693,8128.4985,9743.688
2010-11-02 06:00:00,7666.524,8677.73,11304.693,8128.4985,9743.688
2010-11-02 07:00:00,7667.572,8680.229,11305.924,8129.0635,9744.514
2010-11-02 08:00:00,7671.067,8684.863,11309.189,8131.273,9745.976
2010-11-02 09:00:00,7676.335,8690.376,11312.636,8136.3237,9751.624
2010-11-02 10:00:00,7676.903,8692.554,11314.007,8138.5874,9753.959
2010-11-02 11:00:00,7678.047,8693.662,11314.615,8140.8975,9754.277
2010-11-02 12:00:00,7678.739,8693.868,11314.723,8141.199,9754.277
2010-11-02 13:00:00,7678.892,8693.868,11315.601,8141.2188,9754.647
2010-11-02 14:00:00,7678.9604,8694.313,11315.803,8141.2188,9755.12
2010-11-02 15:00:00,7678.9604,8694.44,11315.803,8141.2188,9755.159
2010-11-02 16:00:00,7678.9604,8694.44,11315.803,8141.2188,9755.159
2010-11-02 17:00:00,7678.9604,8694.613,11315.808,8141.2974,9755.208
2010-11-02 18:00:00,7679.3125,8694.618,11315.808,8141.45,9755.303
2010-11-02 19:00:00,7680.097,8695.013,11316.545,8142.1025,9755.732
2010-11-02 20:00:00,7681.137,8696.484,11317.065,8143.006,9755.926
2010-11-02 21:00:00,7681.8467,8697.149,11317.262,8143.517,9756.11
2010-11-02 22:00:00,7682.5356,8698.322,11318.03,8144.4683,9756.967
2010-11-02 23:00:00,7683.3276,8699.546,11319.783,8145.478,9757.312
2010-11-03 00:00:00,7683.951,8700.063,11320.058,8145.663,9757.479
2010-11-03 01:00:00,7684.4653,8701.828,11321.037,8147.326,9757.49
2010-11-03 02:00:00,7685.6797,8702.752,11322.274,8147.859,9758.968
2010-11-03 03:00:00,7686.5645,8702.752,11323.884,8149.1294,9759.912
2010-11-03 04:00:00,7686.9785,8703.504,11327.891,8149.4956,9760.305
2010-11-03 05:00:00,7687.4844,8704.692,11329.793,8150.684,9760.385
2010-11-03 06:00:00,7688.3325,8704.935,11331.532,8151.4077,9761.371
2010-11-03 07:00:00,7688.507,8705.41,11336.291,8151.837,9762.286
2010-11-03 08:00:00,7689.2266,8705.825,11337.236,8153.046,9762.357
2010-11-03 09:00:00,7689.3228,8707.475,11338.295,8153.562,9762.685
2010-11-03 10:00:00,7689.8276,8707.6,11338.351,8154.444,9762.878
2010-11-03 11:00:00,7690.147,8707.6,11339.795,8154.4585,9764.808
2010-11-03 12:00:00,7690.203,8709.141,11340.633,8154.8975,9765.341
2010-11-03 13:00:00,7690.33,8709.676,11343.261,8155.097,9767.344
2010-11-03 14:00:00,7691.6514,8710.256,11343.524,8155.462,9767.571
2010-11-03 15:00:00,7691.922,8712.01,11344.024,8156.0186,9768.704
2010-11-03 16:00:00,7692.027,8713.208,11344.852,8156.9346,9770.064
2010-11-03 17:00:00,7692.1772,8714.261,11346.441,8157.4985,9770.323
2010-11-03 18:00:00,7692.8506,8716.094,11347.126,8158.2427,9770.952
2010-11-03 19:00:00,7693.7056,8718.204,11350.619,8159.6763,9772.497
2010-11-03 20:00:00,7694.8716,8720.375,11355.812,8161.9443,9773.579
2010-11-03 21:00:00,7696.7266,8720.375,11359.657,8162.165,9773.579
2010-11-03 22:00:00,7697.172,8720.441,11363.179,8162.25,9774.147
2010-11-03 23:00:00,7697.7583,8721.266,11365.096,8162.3193,9774.648
2010-11-04 00:00:00,7697.7583,8723.069,11365.262,8162.5156,9775.709
2010-11-04 01:00:00,7697.7583,8722.277,11365.116,8162.458,9774.648
2010-11-04 02:00:00,7697.805,8723.434,11366.493,8162.7593,9778.058
2010-11-04 03:00:00,7698.171,8724.16,11369.173,8162.7944,9779.99
2010-11-04 04:00:00,7699.441,8725.247,11371.0,8163.5933,9783.239
2010-11-04 05:00:00,7699.8433,8726.876,11371.803,8163.5933,9783.375
2010-11-04 06:00:00,7700.36,8727.379,11372.576,8163.5933,9783.375
2010-11-04 07:00:00,7700.36,8728.631,11373.692,8163.6353,9785.38
2010-11-04 08:00:00,7700.7095,8729.574,11374.098,8164.3804,9786.156
2010-11-04 09:00:00,7700.7095,8729.574,11374.292,8165.3013,9787.1875
2010-11-04 10:00:00,7700.7095,8729.646,11374.8,8165.3013,9787.29
2010-11-04 11:00:00,7700.7095,8729.727,11374.8,8165.3013,9787.627
2010-11-04 12:00:00,7700.7344,8729.859,11375.175,8165.408,9787.65
2010-11-04 13:00:00,7701.12,8729.859,11375.223,8165.413,9787.65
2010-11-04 14:00:00,7701.2554,8729.859,11375.294,8165.413,9787.65
2010-11-04 15:00:00,7701.317,8730.438,11375.421,8165.413,9787.778
2010-11-04 16:00:00,7701.317,8730.438,11375.421,8165.413,9788.231
2010-11-04 17:00:00,7701.317,8730.438,11375.421,8165.413,9788.951
2010-11-04 18:00:00,7701.317,8730.526,11376.017,8165.6357,9788.951
2010-11-04 19:00:00,7701.317,8730.654,11376.017,8165.6357,9789.482
2010-11-04 20:00:00,7701.317,8730.996,11376.017,8165.893,9789.966
2010-11-04 21:00:00,7701.3706,8732.129,11376.557,8166.2896,9794.298
2010-11-04 22:00:00,7701.744,8732.256,11376.557,8167.1304,9798.095
2010-11-04 23:00:00,7701.7993,8732.256,11376.945,8167.1733,9799.352
2010-11-05 00:00:00,7702.0396,8734.702,11377.88,8167.4263,9805.039
2010-11-05 01:00:00,7702.038,8732.256,11377.303,8167.1733,9799.909
2010-11-05 02:00:00,7702.0396,8732.256,11377.424,8167.1733,9799.962
2010-11-05 03:00:00,7702.0396,8732.256,11377.424,8167.1733,9799.962
2010-11-05 04:00:00,7702.0396,8732.256,11377.424,8167.259,9800.295
2010-11-05 05:00:00,7702.0396,8732.256,11377.424,8167.259,9800.9375
2010-11-05 06:00:00,7702.0396,8732.256,11377.424,8167.259,9801.15
2010-11-05 07:00:00,7702.0396,8732.256,11377.424,8167.259,9801.295
2010-11-05 08:00:00,7702.0396,8732.256,11377.424,8167.259,9801.295
2010-11-05 09:00:00,7702.0396,8732.256,11377.424,8167.259,9801.295
2010-11-05 10:00:00,7702.0396,8732.619,11377.424,8167.259,9802.276
2010-11-05 11:00:00,7702.0396,8732.977,11377.481,8167.3433,9802.276
2010-11-05 12:00:00,7702.0396,8732.977,11377.481,8167.3433,9802.276
2010-11-05 13:00:00,7702.0396,8733.315,11377.481,8167.3433,9804.157
2010-11-05 14:00:00,7702.0396,8734.77,11377.88,8167.466,9805.051
2010-11-05 15:00:00,7702.0396,8734.77,11377.939,8167.466,9805.161
2010-11-05 16:00:00,7702.0396,8734.77,11378.109,8167.466,9805.912
2010-11-05 17:00:00,7702.0396,8734.77,11378.109,8167.466,9806.135
2010-11-05 18:00:00,7702.1704,8734.77,11378.109,8167.466,9806.135
2010-11-05 19:00:00,7702.1704,8734.77,11378.109,8167.489,9806.341
2010-11-05 20:00:00,7702.3765,8734.77,11378.109,8167.489,9806.341
2010-11-05 21:00:00,7702.3765,8734.77,11378.109,8167.489,9806.341
2010-11-05 22:00:00,7702.3843,8734.77,11378.109,8167.489,9806.341
2010-11-05 23:00:00,7702.855,8734.77,11378.298,8167.489,9806.512
2010-11-06 00:00:00,7709.9033,8737.642,11389.618,8169.9546,9816.259
2010-11-06 01:00:00,7709.722,8737.642,11389.565,8169.8,9816.259
2010-11-06 02:00:00,7710.0225,8737.717,11389.956,8170.2017,9816.928
2010-11-06 03:00:00,7709.918,8737.642,11389.66,8169.9937,9816.259
2010-11-06 04:00:00,7713.7173,8737.717,11394.226,8170.5225,9818.023
2010-11-06 05:00:00,7711.42,8737.717,11391.721,8170.3438,9817.514
2010-11-06 06:00:00,7703.2573,8734.77,11378.945,8167.541,9807.3125
2010-11-06 07:00:00,7703.433,8734.856,11379.809,8167.5903,9807.85
2010-11-06 08:00:00,7703.7075,8735.054,11380.42,8167.7827,9808.438
2010-11-06 09:00:00,7703.7446,8735.097,11380.507,8167.836,9808.892
2010-11-06 10:00:00,7703.7896,8735.097,11380.5625,8167.956,9809.664
2010-11-06 11:00:00,7703.7896,8735.584,11380.5625,8167.956,9810.879
2010-11-06 12:00:00,7703.9673,8735.688,11380.736,8167.956,9810.879
2010-11-06 13:00:00,7704.043,8735.688,11383.232,8168.1484,9811.524
2010-11-06 14:00:00,7704.1543,8735.688,11383.232,8168.328,9811.588
2010-11-06 15:00:00,7704.307,8735.688,11383.521,8168.5806,9812.414
2010-11-06 16:00:00,7704.3096,8735.718,11383.964,8168.5938,9812.859
2010-11-06 17:00:00,7704.6167,8735.927,11384.118,8168.6987,9814.283
2010-11-06 18:00:00,7705.14,8736.282,11384.744,8168.722,9814.283
2010-11-06 19:00:00,7706.1074,8736.577,11384.83,8168.722,9814.697
2010-11-06 20:00:00,7707.0864,8737.096,11386.259,8168.784,9815.555
2010-11-06 21:00:00,7707.6475,8737.475,11387.409,8169.1567,9815.894
2010-11-06 22:00:00,7708.232,8737.551,11388.686,8169.419,9816.227
2010-11-06 23:00:00,7708.854,8737.642,11389.131,8169.7803,9816.259
2010-11-07 00:00:00,7714.731,8737.717,11395.897,8171.1157,9818.217
2010-11-07 01:00:00,7713.959,8737.717,11394.242,8171.1157,9818.217
2010-11-07 02:00:00,7717.6714,8738.204,11399.874,8172.6396,9819.469
2010-11-07 03:00:00,7716.1587,8737.866,11398.9795,8171.5513,9819.248
2010-11-07 04:00:00,7719.288,8738.204,11401.803,8173.4214,9821.161
2010-11-07 05:00:00,7718.4336,8738.204,11400.084,8173.136,9819.574
2010-11-07 06:00:00,7719.288,8739.87,11401.813,8173.5083,9823.24
2010-11-07 07:00:00,7719.288,8739.6,11401.803,8173.5083,9822.97
2010-11-07 08:00:00,7719.573,8739.87,11401.813,8173.5083,9823.24
2010-11-07 09:00:00,7719.8013,8739.935,11401.969,8173.5083,9823.24
2010-11-07 10:00:00,7719.8013,8739.935,11401.969,8173.5083,9823.24
2010-11-07 11:00:00,7719.8013,8739.935,11401.969,8173.5083,9823.24
2010-11-07 12:00:00,7719.8013,8739.935,11401.969,8173.5083,9823.24
2010-11-07 13:00:00,7719.8013,8739.935,11401.969,8173.5083,9823.24
2010-11-07 14:00:00,7719.8013,8739.935,11401.969,8173.5083,9823.24
2010-11-07 15:00:00,7719.8013,8739.935,11401.969,8173.5083,9823.278
2010-11-07 16:00:00,7719.8013,8739.935,11401.969,8173.5083,9823.278
2010-11-07 17:00:00,7719.8013,8739.935,11401.969,8173.5083,9823.278
2010-11-07 18:00:00,7719.8013,8739.935,11401.969,8173.5083,9823.278
2010-11-07 19:00:00,7719.8013,8739.935,11401.969,8173.5083,9823.278
2010-11-07 20:00:00,7719.8013,8739.935,11401.969,8173.5083,9823.278
2010-11-07 21:00:00,7719.8013,8739.935,11401.969,8173.5083,9823.278
2010-11-07 22:00:00,7719.8013,8739.935,11401.969,8173.5083,9823.278
2010-11-07 23:00:00,7719.7095,8739.899,11401.864,8173.5083,9823.24
2010-11-08 00:00:00,7719.8013,8739.935,11401.969,8173.5083,9823.278
2010-11-08 01:00:00,7719.8013,8739.935,11401.969,8173.5083,9823.278
2010-11-08 02:00:00,7719.8013,8739.935,11401.969,8173.5083,9823.278
2010-11-08 03:00:00,7719.8013,8739.935,11401.969,8173.5083,9823.278
2010-11-08 04:00:00,7719.8013,8739.935,11401.969,8173.5083,9823.278
2010-11-08 05:00:00,7719.8013,8739.935,11401.969,8173.5083,9823.278
2010-11-08 06:00:00,7719.8013,8739.935,11401.969,8173.5083,9823.278
2010-11-08 07:00:00,7719.8013,8739.935,11401.969,8173.5083,9823.278
2010-11-08 08:00:00,7719.8013,8739.935,11401.969,8173.5083,9823.278
2010-11-08 09:00:00,7719.8013,8739.935,11401.969,8173.5083,9823.278
2010-11-08 10:00:00,7719.8013,8739.935,11401.969,8173.5083,9823.278
2010-11-08 11:00:00,7719.8013,8739.935,11401.969,8173.5083,9823.278
2010-11-08 12:00:00,7719.8013,8739.935,11401.969,8173.5083,9823.278
2010-11-08 13:00:00,7719.8013,8739.935,11401.969,8173.5083,9823.278
2010-11-08 14:00:00,7719.8013,8739.935,11401.969,8173.5083,9823.278
2010-11-08 15:00:00,7719.8013,8739.935,11401.969,8173.5083,9823.278
2010-11-08 16:00:00,7719.8013,8739.935,11401.969,8173.5083,9823.278
2010-11-08 17:00:00,7719.8013,8739.935,11401.969,8173.5083,9823.278
2010-11-08 18:00:00,7719.8013,8739.935,11401.969,8173.5083,9823.278
2010-11-08 19:00:00,7719.8013,8739.935,11401.969,8173.5083,9823.278
2010-11-08 20:00:00,7719.8013,8739.935,11401.969,8173.5083,9823.278
2010-11-08 21:00:00,7719.8013,8739.935,11401.969,8173.5083,9823.278
2010-11-08 22:00:00,7719.8013,8739.935,11401.969,8173.5083,9823.278
2010-11-08 23:00:00,7719.8013,8739.935,11401.969,8173.5083,9823.278
2010-11-09 00:00:00,7719.8013,8739.935,11401.969,8173.5083,9823.278
2010-11-09 01:00:00,7719.8013,8739.935,11401.969,8173.5083,9823.278
2010-11-09 02:00:00,7719.8013,8739.935,11401.969,8173.5083,9823.278
2010-11-09 03:00:00,7719.8013,8739.935,11401.969,8173.5083,9823.278
2010-11-09 04:00:00,7719.8013,8739.935,11401.969,8173.5083,9823.278
2010-11-09 05:00:00,7719.8013,8739.935,11401.969,8173.5083,9823.278
2010-11-09 06:00:00,7719.8013,8739.935,11401.969,8173.5083,9823.278
2010-11-09 07:00:00,7719.8013,8739.935,11401.969,8173.5083,9823.278
2010-11-09 08:00:00,7719.8013,8739.935,11401.969,8173.5083,9823.278
2010-11-09 09:00:00,7719.8013,8739.935,11401.969,8173.5083,9823.278
2010-11-09 10:00:00,7719.8013,8739.935,11401.969,8173.5083,9823.278
2010-11-09 11:00:00,7719.8013,8739.935,11401.969,8173.5083,9823.278
2010-11-09 12:00:00,7719.8013,8739.935,11401.969,8173.5083,9823.278
2010-11-09 13:00:00,7719.8013,8739.935,11401.969,8173.5083,9823.278
2010-11-09 14:00:00,7719.8013,8739.935,11401.969,8173.5083,9823.278
2010-11-09 15:00:00,7719.8013,8739.935,11401.969,8173.5083,9823.278
2010-11-09 16:00:00,7719.8013,8739.935,11401.969,8173.5083,9823.278
2010-11-09 17:00:00,7719.8013,8739.935,11401.969,8173.5083,9823.278
2010-11-09 18:00:00,7719.8013,8739.935,11401.969,8173.5083,9823.278
2010-11-09 19:00:00,7719.8013,8739.935,11401.969,8173.5083,9823.278
2010-11-09 20:00:00,7719.8013,8739.935,11401.969,8173.5083,9823.278
2010-11-09 21:00:00,7719.8013,8739.935,11401.969,8173.5083,9823.278
2010-11-09 22:00:00,7719.8013,8739.935,11401.969,8173.5083,9823.278
2010-11-09 23:00:00,7719.8013,8739.935,11401.969,8173.5083,9823.278
2010-11-10 00:00:00,7719.8013,8739.935,11401.969,8173.5083,9823.278
2010-11-10 01:00:00,7719.8013,8739.935,11401.969,8173.5083,9823.278
2010-11-10 02:00:00,7719.8013,8739.935,11401.969,8173.5083,9823.278
2010-11-10 03:00:00,7719.8013,8739.935,11401.969,8173.5083,9823.278
2010-11-10 04:00:00,7719.8013,8739.935,11401.969,8173.5083,9823.278
2010-11-10 05:00:00,7719.8013,8739.935,11401.969,8173.5083,9823.278
2010-11-10 06:00:00,7719.8013,8739.935,11401.969,8173.5083,9823.278
2010-11-10 07:00:00,7719.8013,8739.935,11401.969,8173.5083,9823.278
2010-11-10 08:00:00,7719.8013,8739.935,11401.969,8173.5083,9823.278
2010-11-10 09:00:00,7719.8013,8739.935,11401.969,8173.5083,9823.278
2010-11-10 10:00:00,7719.8013,8739.935,11401.969,8173.5083,9823.278
2010-11-10 11:00:00,7719.8013,8739.935,11401.969,8173.5083,9823.278
2010-11-10 12:00:00,7719.8013,8739.935,11401.969,8173.5083,9823.278
2010-11-10 13:00:00,7719.8013,8739.935,11401.969,8173.5083,9823.278
2010-11-10 14:00:00,7719.8013,8739.935,11401.969,8173.5083,9823.278
2010-11-10 15:00:00,7719.8013,8739.935,11401.969,8173.5083,9823.278
2010-11-10 16:00:00,7719.8013,8739.935,11401.969,8173.5083,9823.278
2010-11-10 17:00:00,7719.8013,8739.935,11401.969,8173.5083,9823.278
2010-11-10 18:00:00,7719.8013,8739.935,11401.969,8173.5083,9823.278
2010-11-10 19:00:00,7719.8013,8739.935,11401.969,8173.5083,9823.278
2010-11-10 20:00:00,7719.8013,8739.935,11401.969,8173.5083,9823.278
2010-11-10 21:00:00,7719.8013,8739.935,11401.969,8173.5083,9823.278
2010-11-10 22:00:00,7719.8013,8739.935,11401.969,8173.5083,9823.278
2010-11-10 23:00:00,7719.8013,8739.935,11401.969,8173.5083,9823.278
2010-11-11 00:00:00,7719.8013,8739.935,11401.969,8173.5083,9823.278
2010-11-11 01:00:00,7719.8013,8739.935,11401.969,8173.5083,9823.278
2010-11-11 02:00:00,7719.8013,8739.935,11401.969,8173.5083,9823.278
2010-11-11 03:00:00,7719.8013,8739.935,11401.969,8173.5083,9823.278
2010-11-11 04:00:00,7719.8013,8739.935,11401.969,8173.5083,9823.278
2010-11-11 05:00:00,7719.8013,8739.935,11401.969,8173.5083,9823.278
2010-11-11 06:00:00,7719.8013,8739.935,11401.969,8173.5083,9823.278
2010-11-11 07:00:00,7719.8013,8739.935,11401.969,8173.5083,9823.278
2010-11-11 08:00:00,7719.8013,8739.935,11401.969,8173.5083,9823.278
2010-11-11 09:00:00,7719.8013,8739.935,11401.969,8173.5083,9823.278
2010-11-11 10:00:00,7719.8013,8739.935,11401.969,8173.5083,9823.278
2010-11-11 11:00:00,7719.8013,8739.935,11401.969,8173.5083,9823.278
2010-11-11 12:00:00,7719.8013,8739.935,11401.969,8173.5083,9823.278
2010-11-11 13:00:00,7719.8013,8739.935,11401.969,8173.5083,9823.278
2010-11-11 14:00:00,7719.8013,8739.935,11401.969,8173.5083,9823.278
2010-11-11 15:00:00,7719.8013,8739.935,11401.969,8173.5083,9823.278
2010-11-11 16:00:00,7719.8013,8739.935,11401.969,8173.5083,9823.278
2010-11-11 17:00:00,7719.8013,8739.935,11401.969,8173.5083,9823.278
2010-11-11 18:00:00,7719.8013,8739.935,11401.969,8173.5083,9823.278
2010-11-11 19:00:00,7719.8013,8739.935,11401.969,8173.5083,9823.278
2010-11-11 20:00:00,7719.8013,8739.935,11401.969,8173.7134,9823.278
2010-11-11 21:00:00,7719.8013,8739.935,11401.969,8173.872,9823.278
2010-11-11 22:00:00,7719.8013,8739.935,11401.969,8173.872,9823.278
2010-11-11 23:00:00,7719.8013,8739.935,11401.969,8173.872,9823.278
2010-11-12 00:00:00,7721.0728,8739.935,11401.969,8174.455,9823.278
2010-11-12 01:00:00,7720.43,8739.935,11401.969,8174.0854,9823.278
2010-11-12 02:00:00,7721.435,8739.935,11401.969,8175.003,9823.278
2010-11-12 03:00:00,7721.5146,8739.935,11401.969,8175.733,9823.278
2010-11-12 04:00:00,7721.5146,8739.935,11401.969,8175.985,9823.278
2010-11-12 05:00:00,7721.5146,8739.935,11401.969,8175.985,9823.278
2010-11-12 06:00:00,7721.5146,8739.935,11401.969,8175.985,9823.278
2010-11-12 07:00:00,7721.5146,8739.935,11401.969,8175.985,9823.278
2010-11-12 08:00:00,7721.5146,8739.935,11401.969,8175.985,9823.278
2010-11-12 09:00:00,7721.5146,8739.935,11401.969,8175.985,9823.278
2010-11-12 10:00:00,7721.5146,8739.935,11401.969,8175.985,9823.278
2010-11-12 11:00:00,7721.5146,8739.935,11401.969,8175.985,9823.278
2010-11-12 12:00:00,7721.5146,8739.935,11401.969,8175.985,9823.278
2010-11-12 13:00:00,7721.5146,8739.935,11401.969,8175.985,9823.278
2010-11-12 14:00:00,7721.5146,8739.935,11401.969,8175.985,9823.278
2010-11-12 15:00:00,7721.5146,8739.935,11401.969,8175.985,9823.278
2010-11-12 16:00:00,7721.5146,8739.935,11401.969,8175.985,9823.278
2010-11-12 17:00:00,7721.5146,8739.935,11401.969,8175.985,9823.278
2010-11-12 18:00:00,7721.5146,8739.935,11401.969,8175.985,9823.278
2010-11-12 19:00:00,7721.5146,8739.935,11401.969,8175.985,9823.278
2010-11-12 20:00:00,7721.5146,8739.935,11401.969,8175.985,9823.278
2010-11-12 21:00:00,7721.5146,8739.935,11401.969,8175.985,9823.278
2010-11-12 22:00:00,7721.5146,8739.935,11401.969,8175.985,9823.278
2010-11-12 23:00:00,7719.8447,8739.935,11401.969,8173.872,9823.278
2010-11-13 00:00:00,7721.5146,8739.935,11401.969,8175.985,9823.278
2010-11-13 01:00:00,7721.5146,8739.935,11401.969,8175.985,9823.278
2010-11-13 02:00:00,7721.5146,8739.935,11401.969,8175.985,9823.278
2010-11-13 03:00:00,7721.5146,8739.935,11401.969,8175.985,9823.278
2010-11-13 04:00:00,7721.5146,8739.935,11401.969,8175.985,9823.278
2010-11-13 05:00:00,7721.5146,8739.935,11401.969,8175.985,9823.278
2010-11-13 06:00:00,7721.5146,8739.935,11401.969,8175.985,9823.278
2010-11-13 07:00:00,7721.5146,8739.935,11401.969,8175.985,9823.278
2010-11-13 08:00:00,7721.5146,8739.935,11401.969,8175.985,9823.278
2010-11-13 09:00:00,7721.5146,8739.935,11401.969,8175.985,9823.278
2010-11-13 10:00:00,7721.5146,8739.935,11401.969,8175.985,9823.278
2010-11-13 11:00:00,7721.5146,8739.935,11401.969,8175.985,9823.278
2010-11-13 12:00:00,7721.5146,8739.935,11401.969,8175.985,9823.278
2010-11-13 13:00:00,7721.5146,8739.935,11401.969,8175.985,9823.278
2010-11-13 14:00:00,7721.5146,8739.935,11401.969,8175.985,9823.278
2010-11-13 15:00:00,7721.5146,8739.935,11401.969,8175.985,9823.278
2010-11-13 16:00:00,7721.5146,8739.935,11401.969,8175.985,9823.278
2010-11-13 17:00:00,7721.5146,8739.935,11401.969,8175.985,9823.278
2010-11-13 18:00:00,7721.5146,8739.935,11401.969,8175.985,9823.278
2010-11-13 19:00:00,7721.5146,8739.935,11401.969,8175.985,9823.278
2010-11-13 20:00:00,7721.5146,8739.935,11401.969,8175.985,9823.278
2010-11-13 21:00:00,7721.5146,8739.935,11401.969,8175.985,9823.278
2010-11-13 22:00:00,7721.5146,8739.935,11401.969,8175.985,9823.278
2010-11-13 23:00:00,7721.5146,8740.054,11401.969,8176.3086,9823.278
2010-11-14 00:00:00,7721.585,8740.444,11401.969,8176.6504,9823.278
2010-11-14 01:00:00,7721.662,8740.444,11401.969,8176.741,9823.278
2010-11-14 02:00:00,7721.662,8740.444,11401.969,8176.741,9823.278
2010-11-14 03:00:00,7721.8345,8740.444,11401.969,8176.741,9823.278
2010-11-14 04:00:00,7721.9077,8740.444,11401.969,8177.0825,9823.278
2010-11-14 05:00:00,7721.9077,8740.444,11401.969,8177.1333,9823.278
2010-11-14 06:00:00,7721.9077,8740.444,11401.969,8177.1333,9823.278
2010-11-14 07:00:00,7721.9077,8740.444,11401.969,8177.1333,9823.278
2010-11-14 08:00:00,7721.9077,8740.444,11401.969,8177.1333,9823.278
2010-11-14 09:00:00,7721.9077,8740.444,11401.969,8177.1333,9823.278
2010-11-14 10:00:00,7721.9077,8740.444,11401.969,8177.1333,9823.278
2010-11-14 11:00:00,7721.9077,8740.444,11401.969,8177.1333,9823.278
2010-11-14 12:00:00,7721.9077,8740.444,11401.969,8177.1333,9823.278
2010-11-14 13:00:00,7721.9077,8740.444,11401.969,8177.1333,9823.278
2010-11-14 14:00:00,7721.9077,8740.444,11401.969,8177.1333,9823.278
2010-11-14 15:00:00,7721.9077,8740.444,11401.969,8177.1333,9823.278
2010-11-14 16:00:00,7721.9077,8740.444,11401.969,8177.1333,9823.278
2010-11-14 17:00:00,7721.9077,8740.444,11401.969,8177.1333,9823.278
2010-11-14 18:00:00,7721.9077,8740.444,11401.969,8177.1333,9823.278
2010-11-14 19:00:00,7721.9077,8740.444,11401.969,8177.1333,9823.278
2010-11-14 20:00:00,7721.9077,8740.444,11401.969,8177.1333,9823.278
2010-11-14 21:00:00,7721.9077,8740.444,11401.969,8177.1333,9823.278
2010-11-14 22:00:00,7721.9077,8740.444,11401.969,8177.1333,9823.278
2010-11-14 23:00:00,7721.9077,8740.444,11401.969,8177.1333,9823.278
2010-11-15 00:00:00,7721.9077,8740.444,11401.969,8177.1333,9823.278
2010-11-15 01:00:00,7721.9077,8740.444,11401.969,8177.1333,9823.278
2010-11-15 02:00:00,7721.9077,8740.444,11401.969,8177.1333,9823.278
2010-11-15 03:00:00,7721.9077,8740.444,11401.969,8177.1333,9823.278
2010-11-15 04:00:00,7721.9077,8740.444,11401.969,8177.1333,9823.278
2010-11-15 05:00:00,7721.9077,8740.444,11401.969,8177.1333,9823.278
2010-11-15 06:00:00,7721.9077,8740.444,11401.969,8177.1333,9823.278
2010-11-15 07:00:00,7721.9077,8740.527,11401.969,8177.1333,9823.57
2010-11-15 08:00:00,7721.991,8740.911,11402.098,8177.295,9823.999
2010-11-15 09:00:00,7722.1523,8741.88,11402.098,8177.295,9824.338
2010-11-15 10:00:00,7722.3438,8742.635,11402.098,8177.383,9824.338
2010-11-15 11:00:00,7722.4272,8742.704,11402.098,8177.383,9824.601
2010-11-15 12:00:00,7722.4272,8742.704,11402.098,8177.383,9825.303
2010-11-15 13:00:00,7722.4272,8742.704,11402.098,8177.383,9825.355
2010-11-15 14:00:00,7722.4272,8742.704,11402.098,8177.383,9826.25
2010-11-15 15:00:00,7722.4272,8742.704,11402.098,8177.407,9826.388
2010-11-15 16:00:00,7722.4272,8742.704,11402.098,8177.407,9826.388
2010-11-15 17:00:00,7721.9077,8740.444,11401.969,8177.1333,9823.278
2010-11-15 18:00:00,7721.9077,8740.444,11401.969,8177.1333,9823.278
2010-11-15 19:00:00,7721.9077,8740.444,11401.969,8177.1333,9823.278
2010-11-15 20:00:00,7721.9077,8740.444,11401.969,8177.1333,9823.278
2010-11-15 21:00:00,7721.9077,8740.444,11401.969,8177.1333,9823.278
2010-11-15 22:00:00,7721.9077,8740.444,11401.969,8177.1333,9823.278
2010-11-15 23:00:00,7721.9077,8740.444,11401.969,8177.1333,9823.278
2010-11-16 00:00:00,7734.791,8760.292,11407.887,8191.359,9842.184
2010-11-16 01:00:00,7734.791,8760.292,11407.887,8191.359,9842.184
2010-11-16 02:00:00,7734.791,8760.292,11407.887,8191.359,9842.184
2010-11-16 03:00:00,7734.791,8760.292,11407.887,8191.359,9842.184
2010-11-16 04:00:00,7722.4272,8742.704,11402.098,8177.407,9826.388
2010-11-16 05:00:00,7722.4272,8742.704,11402.098,8177.407,9826.388
2010-11-16 06:00:00,7722.4272,8742.704,11402.098,8177.407,9826.573
2010-11-16 07:00:00,7722.4873,8742.704,11402.098,8177.407,9826.573
2010-11-16 08:00:00,7722.6904,8742.933,11402.098,8177.4937,9826.813
2010-11-16 09:00:00,7723.022,8744.537,11402.212,8178.3374,9828.858
2010-11-16 10:00:00,7724.1924,8746.957,11403.2,8180.253,9830.182
2010-11-16 11:00:00,7726.4536,8750.091,11404.562,8182.699,9832.48
2010-11-16 12:00:00,7728.946,8755.349,11405.54,8185.97,9834.498
2010-11-16 13:00:00,7731.3,8759.172,11405.782,8189.4863,9837.607
2010-11-16 14:00:00,7732.6196,8760.185,11406.149,8190.8726,9840.337
2010-11-16 15:00:00,7733.652,8760.292,11407.032,8191.359,9842.102
2010-11-16 16:00:00,7734.5796,8760.292,11407.215,8191.359,9842.102
2010-11-16 17:00:00,7734.791,8760.292,11407.215,8191.359,9842.102
2010-11-16 18:00:00,7734.791,8760.292,11407.887,8191.359,9842.184
2010-11-16 19:00:00,7734.791,8760.292,11407.887,8191.359,9842.184
2010-11-16 20:00:00,7734.791,8760.292,11407.887,8191.359,9842.184
2010-11-16 21:00:00,7734.791,8760.292,11407.887,8191.359,9842.184
2010-11-16 22:00:00,7734.791,8760.292,11407.887,8191.359,9842.184
2010-11-16 23:00:00,7734.791,8760.292,11407.887,8191.359,9842.184
2010-11-17 00:00:00,7734.791,8760.292,11407.887,8191.359,9842.184
2010-11-17 01:00:00,7734.791,8760.292,11407.887,8191.359,9842.184
2010-11-17 02:00:00,7734.791,8760.292,11407.887,8191.359,9842.184
2010-11-17 03:00:00,7734.791,8760.292,11407.887,8191.359,9842.184
2010-11-17 04:00:00,7734.791,8760.292,11407.887,8191.359,9842.184
2010-11-17 05:00:00,7734.791,8760.292,11407.887,8191.359,9842.184
2010-11-17 06:00:00,7734.791,8760.292,11407.887,8191.359,9842.184
2010-11-17 07:00:00,7734.791,8760.292,11407.887,8191.359,9842.184
2010-11-17 08:00:00,7734.791,8760.292,11407.887,8191.359,9842.184
2010-11-17 09:00:00,7734.791,8760.292,11407.887,8191.359,9842.184
2010-11-17 10:00:00,7734.791,8760.292,11407.887,8191.359,9842.184
2010-11-17 11:00:00,7734.791,8760.292,11407.887,8191.359,9842.184
2010-11-17 12:00:00,7734.791,8760.292,11407.887,8191.359,9842.184
2010-11-17 13:00:00,7734.791,8760.292,11407.887,8191.359,9842.184
2010-11-17 14:00:00,7734.791,8760.292,11407.887,8191.359,9842.184
2010-11-17 15:00:00,7734.791,8760.292,11407.887,8191.359,9842.184
2010-11-17 16:00:00,7734.791,8760.292,11407.887,8191.359,9842.184
2010-11-17 17:00:00,7734.791,8760.292,11407.887,8191.359,9842.184
2010-11-17 18:00:00,7734.791,8760.292,11407.887,8191.359,9842.184
2010-11-17 19:00:00,7734.791,8760.292,11407.887,8191.359,9842.184
2010-11-17 20:00:00,7734.791,8760.292,11407.887,8191.359,9842.184
2010-11-17 21:00:00,7734.791,8760.292,11407.887,8191.359,9842.184
2010-11-17 22:00:00,7734.791,8760.292,11407.887,8191.359,9842.184
2010-11-17 23:00:00,7734.791,8760.292,11407.887,8191.359,9842.184
2010-11-18 00:00:00,7734.791,8760.292,11407.887,8191.359,9842.184
2010-11-18 01:00:00,7734.791,8760.292,11407.887,8191.359,9842.184
2010-11-18 02:00:00,7734.791,8760.292,11407.887,8191.359,9842.184
2010-11-18 03:00:00,7734.791,8760.292,11407.887,8191.359,9842.184
2010-11-18 04:00:00,7734.791,8760.292,11407.887,8191.359,9842.184
2010-11-18 05:00:00,7734.791,8760.292,11407.887,8191.359,9842.184
2010-11-18 06:00:00,7734.791,8760.292,11407.887,8191.359,9842.184
2010-11-18 07:00:00,7734.791,8760.292,11407.887,8191.359,9842.184
2010-11-18 08:00:00,7734.791,8760.292,11407.887,8191.359,9842.184
2010-11-18 09:00:00,7734.791,8760.292,11407.887,8191.359,9842.184
2010-11-18 10:00:00,7734.791,8760.292,11407.887,8191.359,9842.184
2010-11-18 11:00:00,7734.791,8760.292,11407.887,8191.359,9842.184
2010-11-18 12:00:00,7734.791,8760.292,11407.887,8191.359,9842.184
2010-11-18 13:00:00,7734.791,8760.292,11407.887,8191.359,9842.184
2010-11-18 14:00:00,7734.791,8760.292,11407.887,8191.359,9842.184
2010-11-18 15:00:00,7734.791,8760.292,11407.887,8191.359,9842.184
2010-11-18 16:00:00,7734.791,8760.292,11407.887,8191.359,9842.184
2010-11-18 17:00:00,7734.791,8760.292,11407.887,8191.359,9842.184
2010-11-18 18:00:00,7734.791,8760.292,11407.887,8191.359,9842.184
2010-11-18 19:00:00,7734.791,8760.292,11407.887,8191.359,9842.184
2010-11-18 20:00:00,7734.791,8760.292,11407.887,8191.359,9842.184
2010-11-18 21:00:00,7734.791,8760.292,11407.887,8191.359,9842.184
2010-11-18 22:00:00,7734.791,8760.292,11407.887,8191.359,9842.184
2010-11-18 23:00:00,7734.791,8760.292,11407.887,8191.359,9842.184
2010-11-19 00:00:00,7734.791,8760.292,11407.887,8191.359,9842.184
2010-11-19 01:00:00,7734.791,8760.292,11407.887,8191.359,9842.184
2010-11-19 02:00:00,7734.791,8760.292,11407.887,8191.359,9842.184
2010-11-19 03:00:00,7734.791,8760.292,11407.887,8191.359,9842.184
2010-11-19 04:00:00,7734.791,8760.292,11407.887,8191.359,9842.184
2010-11-19 05:00:00,7734.791,8760.292,11407.887,8191.359,9842.184
2010-11-19 06:00:00,7734.791,8760.292,11407.887,8191.359,9842.184
2010-11-19 07:00:00,7734.791,8760.292,11407.887,8191.359,9842.184
2010-11-19 08:00:00,7734.791,8760.292,11407.887,8191.359,9842.184
2010-11-19 09:00:00,7734.791,8760.292,11407.887,8191.359,9842.184
2010-11-19 10:00:00,7734.791,8760.292,11407.887,8191.359,9842.184
2010-11-19 11:00:00,7734.791,8760.292,11407.887,8191.359,9842.184
2010-11-19 12:00:00,7734.791,8760.292,11407.887,8191.359,9842.184
2010-11-19 13:00:00,7734.791,8760.292,11407.887,8191.359,9842.184
2010-11-19 14:00:00,7734.791,8760.292,11407.887,8191.359,9842.184
2010-11-19 15:00:00,7734.791,8760.292,11407.887,8191.359,9842.184
2010-11-19 16:00:00,7734.791,8760.292,11407.887,8191.359,9842.184
2010-11-19 17:00:00,7734.791,8760.292,11407.887,8191.359,9842.184
2010-11-19 18:00:00,7734.791,8760.292,11407.887,8191.359,9842.184
2010-11-19 19:00:00,7734.791,8760.292,11407.887,8191.359,9842.184
2010-11-19 20:00:00,7734.791,8760.292,11407.887,8191.359,9842.184
2010-11-19 21:00:00,7734.791,8760.292,11407.887,8191.359,9842.184
2010-11-19 22:00:00,7734.791,8760.292,11407.887,8191.359,9842.184
2010-11-19 23:00:00,7734.791,8760.292,11407.887,8191.359,9842.184
2010-11-20 00:00:00,7734.791,8760.292,11407.887,8191.359,9842.184
2010-11-20 01:00:00,7734.791,8760.292,11407.887,8191.359,9842.184
2010-11-20 02:00:00,7734.791,8760.292,11407.887,8191.359,9842.184
2010-11-20 03:00:00,7734.791,8760.292,11407.887,8191.359,9842.184
2010-11-20 04:00:00,7734.791,8760.292,11407.887,8191.359,9842.184
2010-11-20 05:00:00,7734.791,8760.292,11407.887,8191.359,9842.184
2010-11-20 06:00:00,7734.791,8760.292,11407.887,8191.359,9842.184
2010-11-20 07:00:00,7734.791,8760.292,11407.887,8191.359,9842.184
2010-11-20 08:00:00,7734.791,8760.292,11407.887,8191.359,9842.184
2010-11-20 09:00:00,7734.791,8760.292,11407.887,8191.359,9842.184
2010-11-20 10:00:00,7734.791,8760.292,11407.887,8191.359,9842.184
2010-11-20 11:00:00,7734.791,8760.292,11407.887,8191.359,9842.184
2010-11-20 12:00:00,7734.791,8760.292,11407.887,8191.359,9842.184
2010-11-20 13:00:00,7734.791,8760.292,11407.887,8191.359,9842.184
2010-11-20 14:00:00,7734.791,8760.292,11407.887,8191.359,9842.184
2010-11-20 15:00:00,7734.791,8760.292,11407.887,8191.359,9842.184
2010-11-20 16:00:00,7734.791,8760.292,11407.887,8191.359,9842.184
2010-11-20 17:00:00,7734.791,8760.292,11407.887,8191.359,9842.184
2010-11-20 18:00:00,7734.791,8760.292,11407.887,8191.359,9842.184
2010-11-20 19:00:00,7734.791,8760.292,11407.887,8191.359,9842.184
2010-11-20 20:00:00,7734.791,8760.292,11407.887,8191.359,9842.184
2010-11-20 21:00:00,7734.791,8760.292,11407.887,8191.359,9842.184
2010-11-20 22:00:00,7734.791,8760.292,11407.887,8191.359,9842.184
2010-11-20 23:00:00,7734.791,8760.292,11407.887,8191.359,9842.184
2010-11-21 00:00:00,7734.791,8760.292,11407.887,8191.359,9842.184
2010-11-21 01:00:00,7734.791,8760.292,11407.887,8191.359,9842.184
2010-11-21 02:00:00,7734.791,8760.292,11407.887,8191.359,9842.184
2010-11-21 03:00:00,7734.791,8760.292,11407.887,8191.359,9842.184
2010-11-21 04:00:00,7734.791,8760.292,11407.887,8191.359,9842.184
2010-11-21 05:00:00,7734.791,8760.292,11407.887,8191.359,9842.184
2010-11-21 06:00:00,7734.791,8760.292,11407.887,8191.359,9842.184
2010-11-21 07:00:00,7734.791,8760.292,11407.887,8191.359,9842.184
2010-11-21 08:00:00,7734.791,8760.292,11407.887,8191.359,9842.184
2010-11-21 09:00:00,7734.791,8760.292,11407.887,8191.359,9842.184
2010-11-21 10:00:00,7734.791,8760.292,11407.887,8191.359,9842.184
2010-11-21 11:00:00,7734.791,8760.292,11407.887,8191.359,9842.184
2010-11-21 12:00:00,7734.791,8760.292,11407.887,8191.359,9842.184
2010-11-21 13:00:00,7734.791,8760.292,11407.887,8191.359,9842.184
2010-11-21 14:00:00,7734.791,8760.292,11407.887,8191.359,9842.184
2010-11-21 15:00:00,7734.791,8760.292,11407.887,8191.359,9842.184
2010-11-21 16:00:00,7734.791,8760.292,11407.887,8191.359,9842.184
2010-11-21 17:00:00,7734.791,8760.292,11407.887,8191.359,9842.184
2010-11-21 18:00:00,7734.791,8760.292,11407.887,8191.359,9842.184
2010-11-21 19:00:00,7734.791,8760.292,11407.887,8191.359,9842.184
2010-11-21 20:00:00,7734.791,8760.292,11407.887,8191.359,9842.184
2010-11-21 21:00:00,7734.791,8760.292,11407.887,8191.359,9842.184
2010-11-21 22:00:00,7734.791,8760.292,11407.887,8191.359,9842.184
2010-11-21 23:00:00,7734.791,8760.292,11407.887,8191.359,9842.184
2010-11-22 00:00:00,7734.791,8760.292,11407.887,8191.359,9842.184
2010-11-22 01:00:00,7734.791,8760.292,11407.887,8191.359,9842.184
2010-11-22 02:00:00,7734.791,8760.292,11407.887,8191.359,9842.184
2010-11-22 03:00:00,7734.791,8760.292,11407.887,8191.359,9842.184
2010-11-22 04:00:00,7734.791,8760.292,11407.887,8191.359,9842.184
2010-11-22 05:00:00,7734.791,8760.292,11407.887,8191.359,9842.184
2010-11-22 06:00:00,7734.791,8760.292,11407.887,8191.359,9842.184
2010-11-22 07:00:00,7734.791,8760.292,11407.887,8191.359,9842.184
2010-11-22 08:00:00,7734.791,8760.292,11407.887,8191.359,9842.184
2010-11-22 09:00:00,7734.791,8760.292,11407.887,8191.359,9842.184
2010-11-22 10:00:00,7734.791,8760.292,11407.887,8191.359,9842.184
2010-11-22 11:00:00,7734.791,8760.292,11407.887,8191.359,9842.184
2010-11-22 12:00:00,7734.791,8760.292,11407.887,8191.359,9842.184
2010-11-22 13:00:00,7734.791,8760.292,11407.887,8191.359,9842.184
2010-11-22 14:00:00,7734.791,8760.292,11407.887,8191.359,9842.184
2010-11-22 15:00:00,7734.791,8760.292,11407.887,8191.359,9842.184
2010-11-22 16:00:00,7734.791,8760.292,11407.887,8191.359,9842.184
2010-11-22 17:00:00,7734.791,8760.292,11407.887,8191.359,9842.184
2010-11-22 18:00:00,7734.791,8760.292,11407.887,8191.359,9842.184
2010-11-22 19:00:00,7734.791,8760.292,11407.887,8191.359,9842.184
2010-11-22 20:00:00,7734.791,8760.292,11407.887,8191.359,9842.184
2010-11-22 21:00:00,7734.791,8760.292,11407.887,8191.359,9842.184
2010-11-22 22:00:00,7734.791,8760.292,11407.887,8191.359,9842.184
2010-11-22 23:00:00,7734.791,8760.292,11407.887,8191.359,9842.184
2010-11-23 00:00:00,7734.791,8760.292,11407.887,8191.359,9842.184
2010-11-23 01:00:00,7734.791,8760.292,11407.887,8191.359,9842.184
2010-11-23 02:00:00,7734.791,8760.292,11407.887,8191.359,9842.184
2010-11-23 03:00:00,7734.791,8760.292,11407.887,8191.359,9842.184
2010-11-23 04:00:00,7734.791,8760.292,11407.887,8191.359,9842.184
2010-11-23 05:00:00,7734.791,8760.292,11407.887,8191.359,9842.184
2010-11-23 06:00:00,7734.791,8760.292,11407.887,8191.359,9842.184
2010-11-23 07:00:00,7734.791,8760.292,11407.887,8191.359,9842.184
2010-11-23 08:00:00,7734.791,8760.292,11407.887,8191.359,9842.184
2010-11-23 09:00:00,7734.791,8760.292,11407.887,8191.359,9842.184
2010-11-23 10:00:00,7734.791,8760.292,11407.887,8191.359,9842.184
2010-11-23 11:00:00,7734.791,8760.292,11407.887,8191.359,9842.184
2010-11-23 12:00:00,7734.791,8760.292,11407.887,8191.359,9842.184
2010-11-23 13:00:00,7734.791,8760.292,11407.887,8191.359,9842.184
2010-11-23 14:00:00,7734.791,8760.292,11407.887,8191.359,9842.184
2010-11-23 15:00:00,7734.791,8760.292,11407.887,8191.359,9842.184
2010-11-23 16:00:00,7734.791,8760.292,11407.887,8191.359,9842.184
2010-11-23 17:00:00,7734.791,8760.292,11407.887,8191.359,9842.184
2010-11-23 18:00:00,7734.791,8760.292,11407.887,8191.359,9842.184
2010-11-23 19:00:00,7734.791,8760.292,11407.887,8191.359,9842.184
2010-11-23 20:00:00,7734.791,8760.292,11407.887,8191.359,9842.184
2010-11-23 21:00:00,7734.791,8760.292,11407.887,8191.359,9842.184
2010-11-23 22:00:00,7734.791,8760.292,11407.887,8191.359,9842.184
2010-11-23 23:00:00,7734.791,8760.292,11407.887,8191.359,9842.184
2010-11-24 00:00:00,7734.791,8760.292,11407.887,8191.359,9842.184
2010-11-24 01:00:00,7734.791,8760.292,11407.887,8191.359,9842.184
2010-11-24 02:00:00,7734.791,8760.292,11407.887,8191.359,9842.184
2010-11-24 03:00:00,7734.791,8760.292,11407.887,8191.359,9842.184
2010-11-24 04:00:00,7734.791,8760.292,11407.887,8191.359,9842.184
2010-11-24 05:00:00,7734.791,8760.292,11407.887,8191.359,9842.184
2010-11-24 06:00:00,7734.791,8760.292,11407.887,8191.359,9842.184
2010-11-24 07:00:00,7734.791,8760.292,11407.887,8191.359,9842.184
2010-11-24 08:00:00,7734.791,8760.292,11407.887,8191.359,9842.184
2010-11-24 09:00:00,7734.791,8760.292,11407.887,8191.359,9842.184
2010-11-24 10:00:00,7734.791,8760.292,11407.887,8191.359,9842.184
2010-11-24 11:00:00,7734.791,8760.292,11407.887,8191.359,9842.184
2010-11-24 12:00:00,7734.791,8760.292,11407.887,8191.359,9842.184
2010-11-24 13:00:00,7734.791,8760.292,11407.887,8191.359,9842.184
2010-11-24 14:00:00,7734.791,8760.292,11407.887,8191.359,9842.184
2010-11-24 15:00:00,7734.791,8760.292,11407.887,8191.359,9842.184
2010-11-24 16:00:00,7734.791,8760.292,11407.887,8191.359,9842.184
2010-11-24 17:00:00,7734.791,8760.292,11407.887,8191.359,9842.184
2010-11-24 18:00:00,7734.791,8760.292,11407.887,8191.359,9842.184
2010-11-24 19:00:00,7734.791,8760.292,11407.887,8191.359,9842.184
2010-11-24 20:00:00,7734.791,8760.292,11407.887,8191.359,9842.184
2010-11-24 21:00:00,7734.791,8760.292,11407.887,8191.359,9842.184
2010-11-24 22:00:00,7734.791,8760.292,11407.887,8191.359,9842.184
2010-11-24 23:00:00,7734.791,8760.292,11407.887,8191.359,9842.184
2010-11-25 00:00:00,7734.791,8760.292,11407.887,8191.359,9842.184
2010-11-25 01:00:00,7734.791,8760.292,11407.887,8191.359,9842.184
2010-11-25 02:00:00,7734.791,8760.292,11407.887,8191.359,9842.184
2010-11-25 03:00:00,7734.791,8760.292,11407.887,8191.359,9842.184
2010-11-25 04:00:00,7734.791,8760.292,11407.887,8191.359,9842.184
2010-11-25 05:00:00,7734.791,8760.292,11407.887,8191.359,9842.184
2010-11-25 06:00:00,7734.791,8760.292,11407.887,8191.359,9842.184
2010-11-25 07:00:00,7734.791,8760.292,11407.887,8191.359,9842.184
2010-11-25 08:00:00,7734.791,8760.292,11407.887,8191.359,9842.184
2010-11-25 09:00:00,7734.791,8760.292,11407.887,8191.359,9842.184
2010-11-25 10:00:00,7734.791,8760.292,11407.887,8191.359,9842.184
2010-11-25 11:00:00,7734.791,8760.292,11407.887,8191.359,9842.184
2010-11-25 12:00:00,7734.791,8760.292,11407.887,8191.359,9842.184
2010-11-25 13:00:00,7734.791,8760.292,11407.887,8191.359,9842.184
2010-11-25 14:00:00,7734.791,8760.292,11407.887,8191.359,9842.184
2010-11-25 15:00:00,7734.791,8760.292,11407.887,8191.359,9842.184
2010-11-25 16:00:00,7734.791,8760.292,11407.887,8191.359,9842.184
2010-11-25 17:00:00,7734.791,8760.292,11407.887,8191.359,9842.184
2010-11-25 18:00:00,7734.791,8760.292,11407.887,8191.359,9842.184
2010-11-25 19:00:00,7734.791,8760.292,11407.887,8191.359,9842.184
2010-11-25 20:00:00,7734.791,8760.292,11407.887,8191.359,9842.184
2010-11-25 21:00:00,7734.791,8760.292,11407.887,8191.359,9842.184
2010-11-25 22:00:00,7734.791,8760.292,11407.887,8191.359,9842.184
2010-11-25 23:00:00,7734.791,8760.292,11407.887,8191.359,9842.184
2010-11-26 00:00:00,7734.791,8760.292,11407.887,8191.359,9842.184
2010-11-26 01:00:00,7734.791,8760.292,11407.887,8191.359,9842.184
2010-11-26 02:00:00,7734.791,8760.292,11407.887,8191.359,9842.184
2010-11-26 03:00:00,7734.791,8760.292,11407.887,8191.359,9842.184
2010-11-26 04:00:00,7734.791,8760.292,11407.887,8191.359,9842.184
2010-11-26 05:00:00,7734.791,8760.292,11407.887,8191.359,9842.184
2010-11-26 06:00:00,7734.791,8760.292,11407.887,8191.359,9842.184
2010-11-26 07:00:00,7734.791,8760.292,11407.887,8191.359,9842.184
2010-11-26 08:00:00,7734.791,8760.292,11407.887,8191.359,9842.184
2010-11-26 09:00:00,7734.791,8760.292,11407.887,8191.359,9842.184
2010-11-26 10:00:00,7734.791,8760.292,11407.887,8191.359,9842.184
2010-11-26 11:00:00,7734.791,8760.292,11407.887,8191.359,9842.184
2010-11-26 12:00:00,7734.791,8760.292,11407.887,8191.359,9842.184
2010-11-26 13:00:00,7734.791,8760.292,11407.887,8191.359,9842.184
2010-11-26 14:00:00,7734.791,8760.292,11407.887,8191.359,9842.184
2010-11-26 15:00:00,7734.791,8760.292,11407.887,8191.359,9842.184
2010-11-26 16:00:00,7734.791,8760.292,11407.887,8191.359,9842.184
2010-11-26 17:00:00,7734.791,8760.292,11407.887,8191.359,9842.184
2010-11-26 18:00:00,7734.791,8760.292,11407.887,8191.359,9842.184
2010-11-26 19:00:00,7734.791,8760.292,11407.887,8191.359,9842.184
2010-11-26 20:00:00,7734.791,8760.292,11407.887,8191.359,9842.184
2010-11-26 21:00:00,7734.791,8760.292,11407.887,8191.359,9842.184
2010-11-26 22:00:00,7734.791,8760.292,11407.887,8191.359,9842.184
2010-11-26 23:00:00,7734.791,8760.292,11407.887,8191.359,9842.184
2010-11-27 00:00:00,7734.791,8760.292,11407.887,8191.359,9842.184
2010-11-27 01:00:00,7734.791,8760.292,11407.887,8191.359,9842.184
2010-11-27 02:00:00,7734.791,8760.292,11407.887,8191.359,9842.184
2010-11-27 03:00:00,7734.791,8760.292,11407.887,8191.359,9842.184
2010-11-27 04:00:00,7734.791,8760.292,11407.887,8191.359,9842.184
2010-11-27 05:00:00,7734.791,8760.292,11407.887,8191.359,9842.184
2010-11-27 06:00:00,7734.791,8760.292,11407.887,8191.359,9842.184
2010-11-27 07:00:00,7734.791,8760.292,11407.887,8191.359,9842.184
2010-11-27 08:00:00,7734.791,8760.292,11407.887,8191.359,9842.184
2010-11-27 09:00:00,7734.791,8760.292,11407.887,8191.359,9842.184
2010-11-27 10:00:00,7734.791,8760.292,11407.887,8191.359,9842.184
2010-11-27 11:00:00,7734.791,8760.292,11407.887,8191.359,9842.184
2010-11-27 12:00:00,7734.791,8760.292,11407.887,8191.359,9842.184
2010-11-27 13:00:00,7734.791,8760.292,11407.887,8191.359,9842.184
2010-11-27 14:00:00,7734.791,8760.292,11407.887,8191.359,9842.184
2010-11-27 15:00:00,7734.791,8760.292,11407.887,8191.359,9842.184
2010-11-27 16:00:00,7734.791,8760.292,11407.887,8191.359,9842.184
2010-11-27 17:00:00,7734.791,8760.292,11407.887,8191.359,9842.184
2010-11-27 18:00:00,7734.791,8760.292,11407.887,8191.359,9842.184
2010-11-27 19:00:00,7734.791,8760.292,11407.887,8191.359,9842.184
2010-11-27 20:00:00,7734.791,8760.292,11407.887,8191.359,9842.184
2010-11-27 21:00:00,7734.791,8760.292,11407.887,8191.359,9842.184
2010-11-27 22:00:00,7734.791,8760.292,11407.887,8191.359,9842.184
2010-11-27 23:00:00,7734.791,8760.292,11407.887,8191.359,9842.184
2010-11-28 00:00:00,7734.791,8760.292,11407.887,8191.359,9842.184
2010-11-28 01:00:00,7734.791,8760.292,11407.887,8191.359,9842.184
2010-11-28 02:00:00,7734.791,8760.292,11407.887,8191.359,9842.184
2010-11-28 03:00:00,7734.791,8760.292,11407.887,8191.359,9842.184
2010-11-28 04:00:00,7734.791,8760.292,11407.887,8191.359,9842.184
2010-11-28 05:00:00,7734.791,8760.292,11407.887,8191.359,9842.184
2010-11-28 06:00:00,7734.791,8760.292,11407.887,8191.359,9842.184
2010-11-28 07:00:00,7734.791,8760.292,11407.887,8191.359,9842.184
2010-11-28 08:00:00,7734.791,8760.292,11407.887,8191.359,9842.184
2010-11-28 09:00:00,7734.791,8760.292,11407.887,8191.359,9842.184
2010-11-28 10:00:00,7734.791,8760.292,11407.887,8191.359,9842.184
2010-11-28 11:00:00,7734.791,8760.292,11407.887,8191.359,9842.184
2010-11-28 12:00:00,7734.791,8760.292,11407.887,8191.359,9842.184
2010-11-28 13:00:00,7734.791,8760.292,11407.887,8191.359,9842.184
2010-11-28 14:00:00,7734.791,8760.292,11407.887,8191.359,9842.184
2010-11-28 15:00:00,7734.791,8760.292,11407.887,8191.359,9842.184
2010-11-28 16:00:00,7734.791,8760.292,11407.887,8191.359,9842.184
2010-11-28 17:00:00,7734.791,8760.292,11407.887,8191.359,9842.184
2010-11-28 18:00:00,7734.791,8760.292,11407.887,8191.359,9842.184
2010-11-28 19:00:00,7734.791,8760.292,11407.887,8191.359,9842.184
2010-11-28 20:00:00,7734.791,8760.292,11407.887,8191.359,9842.184
2010-11-28 21:00:00,7734.791,8760.292,11407.887,8191.359,9842.184
2010-11-28 22:00:00,7734.791,8760.292,11407.887,8191.359,9842.184
2010-11-28 23:00:00,7734.791,8760.292,11407.887,8191.359,9842.184
2010-11-29 00:00:00,7734.791,8760.292,11407.887,8191.359,9842.184
2010-11-29 01:00:00,7734.791,8760.292,11407.887,8191.359,9842.184
2010-11-29 02:00:00,7734.791,8760.292,11407.887,8191.359,9842.184
2010-11-29 03:00:00,7734.791,8760.292,11407.887,8191.359,9842.184
2010-11-29 04:00:00,7734.791,8760.292,11407.887,8191.359,9842.184
2010-11-29 05:00:00,7734.791,8760.292,11407.887,8191.359,9842.184
2010-11-29 06:00:00,7734.791,8760.292,11407.887,8191.359,9842.184
2010-11-29 07:00:00,7734.791,8760.292,11407.887,8191.359,9842.184
2010-11-29 08:00:00,7734.791,8760.292,11407.887,8191.359,9842.184
2010-11-29 09:00:00,7734.791,8760.292,11407.887,8191.359,9842.184
2010-11-29 10:00:00,7734.791,8760.292,11407.887,8191.359,9842.184
2010-11-29 11:00:00,7734.791,8760.292,11407.887,8191.359,9842.184
2010-11-29 12:00:00,7734.791,8760.292,11407.887,8191.359,9842.184
2010-11-29 13:00:00,7734.791,8760.292,11407.887,8191.359,9842.184
2010-11-29 14:00:00,7734.791,8760.292,11407.887,8191.359,9842.184
2010-11-29 15:00:00,7734.791,8760.292,11407.887,8191.359,9842.184
2010-11-29 16:00:00,7734.791,8760.292,11407.887,8191.359,9842.184
2010-11-29 17:00:00,7734.791,8760.292,11407.887,8191.359,9842.184
2010-11-29 18:00:00,7734.791,8760.292,11407.887,8191.359,9842.184
2010-11-29 19:00:00,7734.791,8760.292,11407.887,8191.359,9842.184
2010-11-29 20:00:00,7734.791,8760.292,11407.887,8191.359,9842.184
2010-11-29 21:00:00,7734.791,8760.292,11407.887,8191.359,9842.184
2010-11-29 22:00:00,7734.791,8760.292,11407.887,8191.359,9842.184
2010-11-29 23:00:00,7734.791,8760.292,11407.887,8191.359,9842.184
2010-11-30 00:00:00,7734.791,8760.292,11407.887,8191.359,9842.184
2010-11-30 01:00:00,7734.791,8760.292,11407.887,8191.359,9842.184
2010-11-30 02:00:00,7734.791,8760.292,11407.887,8191.359,9842.184
2010-11-30 03:00:00,7734.791,8760.292,11407.887,8191.359,9842.184
2010-11-30 04:00:00,7734.791,8760.292,11407.887,8191.359,9842.184
2010-11-30 05:00:00,7734.791,8760.292,11407.887,8191.359,9842.184
2010-11-30 06:00:00,7734.791,8760.292,11407.887,8191.359,9842.184
2010-11-30 07:00:00,7734.791,8760.292,11407.887,8191.359,9842.184
2010-11-30 08:00:00,7734.791,8760.292,11407.887,8191.359,9842.184
2010-11-30 09:00:00,7734.791,8760.292,11407.887,8191.359,9842.184
2010-11-30 10:00:00,7734.791,8760.292,11407.887,8191.359,9842.184
2010-11-30 11:00:00,7734.791,8760.292,11407.887,8191.359,9842.184
2010-11-30 12:00:00,7734.791,8760.292,11407.887,8191.359,9842.184
2010-11-30 13:00:00,7734.791,8760.292,11407.887,8191.359,9842.184
2010-11-30 14:00:00,7734.791,8760.292,11407.887,8191.359,9842.184
2010-11-30 15:00:00,7734.791,8760.292,11407.887,8191.359,9842.184
2010-11-30 16:00:00,7734.791,8760.292,11407.887,8191.359,9842.184
2010-11-30 17:00:00,7734.791,8760.292,11407.887,8191.359,9842.184
2010-11-30 18:00:00,7734.791,8760.292,11407.887,8191.359,9842.184
2010-11-30 19:00:00,7734.791,8760.292,11407.887,8191.359,9842.184
2010-11-30 20:00:00,7734.791,8760.292,11407.887,8191.359,9842.184
2010-11-30 21:00:00,7734.791,8760.292,11407.887,8191.359,9842.184
2010-11-30 22:00:00,7734.791,8760.292,11407.887,8191.359,9842.184
2010-11-30 23:00:00,7734.791,8760.292,11407.887,8191.359,9842.184
2010-12-01 00:00:00,7734.791,8760.292,11407.887,8191.359,9842.184
2010-12-01 01:00:00,7734.791,8760.292,11407.887,8191.359,9842.184
2010-12-01 02:00:00,7734.791,8760.292,11407.887,8191.359,9842.184
2010-12-01 03:00:00,7734.791,8760.292,11407.887,8191.359,9842.184
2010-12-01 04:00:00,7734.791,8760.292,11407.887,8191.359,9842.184
2010-12-01 05:00:00,7734.791,8760.292,11407.887,8191.359,9842.184
2010-12-01 06:00:00,7734.791,8760.292,11407.887,8191.359,9842.184
2010-12-01 07:00:00,7734.791,8760.292,11407.887,8191.359,9842.184
2010-12-01 08:00:00,7734.791,8760.292,11407.887,8191.359,9842.184
2010-12-01 09:00:00,7734.791,8760.292,11407.887,8191.359,9842.184
2010-12-01 10:00:00,7734.791,8760.292,11407.887,8191.359,9842.184
2010-12-01 11:00:00,7734.791,8760.292,11407.887,8191.359,9842.184
2010-12-01 12:00:00,7734.791,8760.292,11407.887,8191.359,9842.184
2010-12-01 13:00:00,7734.791,8760.292,11407.887,8191.359,9842.184
2010-12-01 14:00:00,7734.791,8760.292,11407.887,8191.359,9842.184
2010-12-01 15:00:00,7734.791,8760.292,11407.887,8191.359,9842.184
2010-12-01 16:00:00,7734.791,8760.292,11407.887,8191.359,9842.184
2010-12-01 17:00:00,7734.791,8760.292,11407.887,8191.359,9842.184
2010-12-01 18:00:00,7734.791,8760.292,11407.887,8191.359,9842.184
2010-12-01 19:00:00,7734.791,8760.292,11407.887,8191.359,9842.184
2010-12-01 20:00:00,7734.791,8760.292,11407.887,8191.359,9842.184
2010-12-01 21:00:00,7734.791,8760.292,11407.887,8191.359,9842.184
2010-12-01 22:00:00,7734.791,8760.292,11407.887,8191.359,9842.184
2010-12-01 23:00:00,7734.791,8760.292,11407.887,8191.359,9842.184
2010-12-02 00:00:00,7734.791,8760.292,11407.887,8191.359,9842.184
2010-12-02 01:00:00,7734.791,8760.292,11407.887,8191.359,9842.184
2010-12-02 02:00:00,7734.791,8760.292,11407.887,8191.359,9842.184
2010-12-02 03:00:00,7734.791,8760.292,11407.887,8191.359,9842.184
2010-12-02 04:00:00,7734.791,8760.292,11407.887,8191.359,9842.184
2010-12-02 05:00:00,7734.791,8760.292,11407.887,8191.359,9842.184
2010-12-02 06:00:00,7734.791,8760.292,11407.887,8191.359,9842.184
2010-12-02 07:00:00,7734.791,8760.292,11407.887,8191.359,9842.184
2010-12-02 08:00:00,7734.791,8760.292,11407.887,8191.359,9842.184
2010-12-02 09:00:00,7734.791,8760.292,11407.887,8191.359,9842.184
2010-12-02 10:00:00,7734.791,8760.292,11407.887,8191.359,9842.184
2010-12-02 11:00:00,7734.791,8760.292,11407.887,8191.359,9842.184
2010-12-02 12:00:00,7734.791,8760.292,11407.887,8191.359,9842.184
2010-12-02 13:00:00,7734.791,8760.292,11407.887,8191.359,9842.184
2010-12-02 14:00:00,7734.791,8760.292,11407.887,8191.359,9842.184
2010-12-02 15:00:00,7734.791,8760.292,11407.887,8191.359,9842.184
2010-12-02 16:00:00,7734.791,8760.292,11407.887,8191.359,9842.184
2010-12-02 17:00:00,7734.791,8760.292,11407.887,8191.359,9842.184
2010-12-02 18:00:00,7734.791,8760.292,11407.887,8191.359,9842.184
2010-12-02 19:00:00,7734.791,8760.292,11407.887,8191.359,9842.184
2010-12-02 20:00:00,7734.791,8760.292,11407.887,8191.359,9842.184
2010-12-02 21:00:00,7734.791,8760.292,11407.887,8191.359,9842.184
2010-12-02 22:00:00,7734.791,8760.292,11407.887,8191.359,9842.184
2010-12-02 23:00:00,7734.791,8760.292,11407.887,8191.359,9842.184
2010-12-03 00:00:00,7734.791,8760.292,11407.887,8191.359,9842.184
2010-12-03 01:00:00,7734.791,8760.292,11407.887,8191.359,9842.184
2010-12-03 02:00:00,7734.791,8760.292,11407.887,8191.359,9842.184
2010-12-03 03:00:00,7734.791,8760.292,11407.887,8191.359,9842.184
2010-12-03 04:00:00,7734.791,8760.292,11407.887,8191.359,9842.184
2010-12-03 05:00:00,7734.791,8760.292,11407.887,8191.359,9842.184
2010-12-03 06:00:00,7734.791,8760.292,11407.887,8191.359,9842.184
2010-12-03 07:00:00,7734.791,8760.292,11407.887,8191.359,9842.184
2010-12-03 08:00:00,7734.791,8760.292,11407.887,8191.359,9842.184
2010-12-03 09:00:00,7734.791,8760.292,11407.887,8191.359,9842.184
2010-12-03 10:00:00,7734.791,8760.292,11407.887,8191.359,9842.184
2010-12-03 11:00:00,7734.791,8760.292,11407.887,8191.359,9842.184
2010-12-03 12:00:00,7734.791,8760.292,11407.887,8191.359,9842.184
2010-12-03 13:00:00,7734.791,8760.292,11407.887,8191.359,9842.184
2010-12-03 14:00:00,7734.791,8760.292,11407.887,8191.359,9842.184
2010-12-03 15:00:00,7734.791,8760.292,11407.887,8191.359,9842.184
2010-12-03 16:00:00,7734.791,8760.292,11407.887,8191.359,9842.184
2010-12-03 17:00:00,7734.791,8760.292,11407.887,8191.359,9842.184
2010-12-03 18:00:00,7734.791,8760.292,11407.887,8191.359,9842.184
2010-12-03 19:00:00,7734.791,8760.292,11407.887,8191.359,9842.184
2010-12-03 20:00:00,7734.791,8760.292,11407.887,8191.359,9842.184
2010-12-03 21:00:00,7734.791,8760.292,11407.887,8191.359,9842.184
2010-12-03 22:00:00,7734.791,8760.292,11407.887,8191.359,9842.184
2010-12-03 23:00:00,7734.791,8760.292,11407.887,8191.359,9842.184
2010-12-04 00:00:00,7734.791,8760.292,11407.887,8191.359,9842.184
2010-12-04 01:00:00,7734.791,8760.292,11407.887,8191.359,9842.184
2010-12-04 02:00:00,7734.791,8760.292,11407.887,8191.359,9842.184
2010-12-04 03:00:00,7734.791,8760.292,11407.887,8191.359,9842.184
2010-12-04 04:00:00,7734.791,8760.292,11407.887,8191.359,9842.184
2010-12-04 05:00:00,7734.791,8760.292,11407.887,8191.359,9842.184
2010-12-04 06:00:00,7734.791,8760.292,11407.887,8191.359,9842.184
2010-12-04 07:00:00,7734.791,8760.292,11407.887,8191.359,9842.184
2010-12-04 08:00:00,7734.791,8760.292,11407.887,8191.359,9842.184
2010-12-04 09:00:00,7734.791,8760.292,11407.887,8191.359,9842.184
2010-12-04 10:00:00,7734.791,8760.292,11407.887,8191.359,9842.62
2010-12-04 11:00:00,7734.791,8760.698,11407.887,8191.715,9843.401
2010-12-04 12:00:00,7734.928,8760.698,11407.887,8192.0,9843.69
2010-12-04 13:00:00,7734.928,8760.698,11407.887,8192.21,9843.69
2010-12-04 14:00:00,7734.928,8760.698,11407.887,8192.21,9843.69
2010-12-04 15:00:00,7734.928,8760.698,11407.887,8192.21,9843.69
2010-12-04 16:00:00,7734.928,8760.698,11407.887,8192.21,9843.69
2010-12-04 17:00:00,7734.928,8760.698,11407.887,8192.21,9843.69
2010-12-04 18:00:00,7734.928,8760.698,11407.887,8192.21,9843.69
2010-12-04 19:00:00,7734.928,8760.698,11407.887,8192.21,9843.69
2010-12-04 20:00:00,7734.928,8760.698,11407.887,8192.21,9843.69
2010-12-04 21:00:00,7734.928,8760.698,11407.887,8192.21,9843.69
2010-12-04 22:00:00,7734.928,8760.698,11407.887,8192.21,9843.69
2010-12-04 23:00:00,7734.928,8760.698,11407.887,8192.21,9843.69
2010-12-05 00:00:00,7734.928,8760.698,11407.887,8192.21,9843.69
2010-12-05 01:00:00,7734.928,8760.698,11407.887,8192.21,9843.69
2010-12-05 02:00:00,7734.928,8760.698,11407.887,8192.21,9843.69
2010-12-05 03:00:00,7734.928,8760.698,11407.887,8192.21,9843.69
2010-12-05 04:00:00,7734.928,8760.698,11407.887,8192.21,9843.69
2010-12-05 05:00:00,7734.928,8760.698,11407.887,8192.21,9843.69
2010-12-05 06:00:00,7734.928,8760.698,11407.887,8192.21,9843.69
2010-12-05 07:00:00,7734.928,8760.698,11407.887,8192.21,9843.69
2010-12-05 08:00:00,7734.928,8760.698,11407.887,8192.21,9843.69
2010-12-05 09:00:00,7734.928,8760.698,11407.887,8192.21,9843.69
2010-12-05 10:00:00,7734.928,8760.698,11407.887,8192.21,9843.69
2010-12-05 11:00:00,7734.928,8760.698,11407.887,8192.21,9843.69
2010-12-05 12:00:00,7734.928,8760.698,11407.887,8192.21,9843.69
2010-12-05 13:00:00,7734.928,8760.698,11407.887,8192.21,9843.69
2010-12-05 14:00:00,7734.928,8760.698,11407.887,8192.21,9843.69
2010-12-05 15:00:00,7734.928,8760.698,11407.887,8192.21,9843.69
2010-12-05 16:00:00,7734.928,8760.698,11407.887,8192.21,9843.69
2010-12-05 17:00:00,7734.928,8760.698,11407.887,8192.21,9843.69
2010-12-05 18:00:00,7734.928,8760.698,11407.887,8192.21,9843.69
2010-12-05 19:00:00,7734.928,8760.698,11407.887,8192.21,9843.791
2010-12-05 20:00:00,7734.928,8760.698,11407.887,8192.21,9843.791
2010-12-05 21:00:00,7734.928,8760.698,11407.887,8192.21,9843.791
2010-12-05 22:00:00,7734.928,8760.698,11407.975,8192.21,9843.791
2010-12-05 23:00:00,7734.928,8760.698,11407.975,8192.21,9844.066
2010-12-06 00:00:00,7734.928,8760.698,11407.975,8192.21,9845.254
2010-12-06 01:00:00,7734.928,8760.698,11407.975,8192.21,9845.254
2010-12-06 02:00:00,7734.928,8760.698,11407.975,8192.21,9845.254
2010-12-06 03:00:00,7734.928,8760.698,11407.975,8192.21,9845.254
2010-12-06 04:00:00,7734.928,8760.698,11407.975,8192.21,9845.254
2010-12-06 05:00:00,7734.928,8760.698,11407.975,8192.21,9845.254
2010-12-06 06:00:00,7734.928,8760.698,11407.975,8192.21,9845.254
2010-12-06 07:00:00,7734.928,8760.698,11407.975,8192.21,9845.254
2010-12-06 08:00:00,7734.928,8760.698,11407.975,8192.21,9845.254
2010-12-06 09:00:00,7734.928,8760.698,11407.975,8192.21,9845.254
2010-12-06 10:00:00,7734.928,8760.698,11407.975,8192.21,9845.254
2010-12-06 11:00:00,7734.928,8760.698,11407.975,8192.21,9845.254
2010-12-06 12:00:00,7734.928,8760.698,11407.975,8192.21,9845.254
2010-12-06 13:00:00,7734.928,8760.698,11407.975,8192.21,9845.254
2010-12-06 14:00:00,7734.928,8760.698,11407.975,8192.21,9845.254
2010-12-06 15:00:00,7734.928,8760.698,11407.975,8192.21,9845.254
2010-12-06 16:00:00,7734.928,8760.698,11407.975,8192.21,9845.254
2010-12-06 17:00:00,7734.928,8760.698,11407.975,8192.21,9845.254
2010-12-06 18:00:00,7734.928,8760.698,11407.975,8192.21,9845.254
2010-12-06 19:00:00,7734.928,8760.698,11407.975,8192.21,9845.254
2010-12-06 20:00:00,7734.928,8760.698,11407.975,8192.21,9845.254
2010-12-06 21:00:00,7734.928,8760.698,11407.975,8192.21,9845.254
2010-12-06 22:00:00,7734.928,8760.698,11407.975,8192.21,9844.453
2010-12-06 23:00:00,7734.928,8760.698,11407.975,8192.21,9845.025
2010-12-07 00:00:00,7734.928,8760.698,11407.975,8192.21,9845.254
2010-12-07 01:00:00,7734.928,8760.698,11407.975,8192.21,9845.254
2010-12-07 02:00:00,7734.928,8760.698,11407.975,8192.21,9845.254
2010-12-07 03:00:00,7735.067,8760.698,11408.237,8192.21,9845.254
2010-12-07 04:00:00,7735.483,8760.698,11408.237,8192.269,9845.254
2010-12-07 05:00:00,7736.139,8760.7705,11408.237,8192.434,9845.254
2010-12-07 06:00:00,7736.8516,8760.7705,11408.237,8193.149,9845.254
2010-12-07 07:00:00,7736.9473,8760.7705,11408.237,8193.235,9845.254
2010-12-07 08:00:00,7736.9473,8760.7705,11408.237,8193.235,9845.254
2010-12-07 09:00:00,7736.9473,8760.7705,11408.237,8193.235,9845.254
2010-12-07 10:00:00,7736.9473,8760.7705,11408.237,8193.235,9845.423
2010-12-07 11:00:00,7736.9473,8761.246,11408.935,8193.235,9847.405
2010-12-07 12:00:00,7737.0146,8761.425,11409.691,8193.235,9847.933
2010-12-07 13:00:00,7737.0625,8761.425,11409.691,8193.235,9847.933
2010-12-07 14:00:00,7737.0625,8761.425,11409.691,8193.235,9847.933
2010-12-07 15:00:00,7737.0625,8761.425,11409.748,8193.235,9847.933
2010-12-07 16:00:00,7737.0625,8761.425,11409.748,8193.235,9848.071
2010-12-07 17:00:00,7737.0625,8761.425,11409.748,8193.235,9848.375
2010-12-07 18:00:00,7737.0625,8761.425,11409.748,8193.235,9848.375
2010-12-07 19:00:00,7737.0625,8761.425,11409.748,8193.235,9848.375
2010-12-07 20:00:00,7737.0625,8761.425,11409.748,8193.235,9848.375
2010-12-07 21:00:00,7737.0625,8761.425,11409.748,8193.235,9848.375
2010-12-07 22:00:00,7737.0625,8761.425,11409.748,8193.235,9848.841
2010-12-07 23:00:00,7737.0625,8761.425,11409.748,8193.235,9849.806
2010-12-08 00:00:00,7737.373,8761.425,11409.748,8193.235,9849.916
2010-12-08 01:00:00,7737.373,8761.425,11409.748,8193.235,9849.916
2010-12-08 02:00:00,7737.373,8761.425,11409.748,8193.235,9849.916
2010-12-08 03:00:00,7737.373,8761.425,11409.748,8193.235,9849.916
2010-12-08 04:00:00,7737.373,8761.425,11409.748,8193.235,9849.916
2010-12-08 05:00:00,7737.373,8761.425,11409.748,8193.235,9850.075
2010-12-08 06:00:00,7737.477,8761.425,11409.748,8193.235,9850.758
2010-12-08 07:00:00,7737.8135,8761.425,11409.748,8193.235,9850.856
2010-12-08 08:00:00,7738.0063,8761.543,11409.748,8193.235,9851.542
2010-12-08 09:00:00,7738.3486,8761.755,11409.748,8193.848,9852.147
2010-12-08 10:00:00,7738.4434,8761.755,11409.9,8193.971,9852.541
2010-12-08 11:00:00,7738.5044,8762.44,11410.616,8194.114,9854.389
2010-12-08 12:00:00,7738.925,8763.687,11411.989,8195.061,9855.475
2010-12-08 13:00:00,7739.05,8764.318,11412.783,8195.167,9857.117
2010-12-08 14:00:00,7739.1084,8764.795,11414.0625,8195.241,9858.247
2010-12-08 15:00:00,7739.165,8764.947,11414.0625,8195.241,9859.404
2010-12-08 16:00:00,7739.165,8764.947,11414.0625,8195.241,9859.584
2010-12-08 17:00:00,7739.165,8764.947,11414.0625,8195.241,9859.584
2010-12-08 18:00:00,7739.165,8764.947,11414.0625,8195.241,9859.584
2010-12-08 19:00:00,7739.165,8764.947,11414.312,8195.241,9860.125
2010-12-08 20:00:00,7739.165,8764.947,11414.901,8195.241,9860.726
2010-12-08 21:00:00,7739.4126,8764.947,11414.901,8195.241,9860.726
2010-12-08 22:00:00,7739.4126,8764.947,11414.901,8195.241,9860.726
2010-12-08 23:00:00,7739.4126,8764.947,11414.901,8195.241,9860.726
2010-12-09 00:00:00,7743.888,8768.062,11420.432,8197.537,9866.201
2010-12-09 01:00:00,7743.888,8768.062,11420.634,8197.537,9868.441
2010-12-09 02:00:00,7743.888,8768.062,11420.634,8197.537,9868.441
2010-12-09 03:00:00,7743.888,8768.062,11420.634,8197.537,9868.441
2010-12-09 04:00:00,7743.888,8768.062,11420.634,8197.537,9868.441
2010-12-09 05:00:00,7743.888,8768.062,11420.634,8197.537,9868.441
2010-12-09 06:00:00,7743.888,8768.062,11420.634,8197.537,9868.441
2010-12-09 07:00:00,7743.888,8768.062,11420.634,8197.537,9868.441
2010-12-09 08:00:00,7743.888,8768.062,11420.634,8197.537,9868.441
2010-12-09 09:00:00,7743.888,8768.062,11420.634,8197.537,9868.441
2010-12-09 10:00:00,7743.888,8768.062,11420.634,8197.537,9868.441
2010-12-09 11:00:00,7743.888,8768.062,11420.634,8197.537,9868.441
2010-12-09 12:00:00,7739.4126,8764.947,11414.901,8195.241,9860.726
2010-12-09 13:00:00,7739.4126,8764.947,11414.901,8195.241,9860.726
2010-12-09 14:00:00,7739.4126,8764.947,11414.901,8195.241,9860.726
2010-12-09 15:00:00,7739.4126,8764.947,11414.914,8195.241,9860.726
2010-12-09 16:00:00,7739.4126,8764.947,11414.914,8195.241,9861.227
2010-12-09 17:00:00,7739.4404,8764.947,11415.431,8195.241,9862.319
2010-12-09 18:00:00,7739.69,8765.15,11416.019,8195.341,9863.273
2010-12-09 19:00:00,7740.4365,8765.624,11416.019,8195.341,9863.401
2010-12-09 20:00:00,7740.997,8766.185,11416.593,8195.62,9864.723
2010-12-09 21:00:00,7742.7583,8766.824,11417.338,8195.942,9865.693
2010-12-09 22:00:00,7743.653,8766.984,11418.572,8196.912,9866.006
2010-12-09 23:00:00,7743.888,8767.701,11420.039,8197.511,9866.006
2010-12-10 00:00:00,7743.888,8768.062,11420.634,8197.537,9868.441
2010-12-10 01:00:00,7743.888,8768.062,11420.634,8197.537,9868.441
2010-12-10 02:00:00,7743.888,8768.062,11420.634,8197.537,9868.441
2010-12-10 03:00:00,7743.888,8768.062,11420.634,8197.537,9868.441
2010-12-10 04:00:00,7743.888,8768.062,11420.695,8197.537,9868.441
2010-12-10 05:00:00,7744.295,8768.546,11421.486,8197.994,9868.441
2010-12-10 06:00:00,7744.7827,8769.338,11422.325,8198.833,9869.187
2010-12-10 07:00:00,7745.2056,8770.184,11423.112,8199.679,9870.032
2010-12-10 08:00:00,7745.621,8771.153,11423.791,8200.564,9871.32
2010-12-10 09:00:00,7746.4585,8772.167,11425.109,8202.804,9872.001
2010-12-10 10:00:00,7747.129,8772.511,11425.144,8203.462,9872.1
2010-12-10 11:00:00,7747.947,8772.8125,11425.144,8203.83,9872.752
2010-12-10 12:00:00,7748.7266,8773.4795,11425.144,8204.457,9872.926
2010-12-10 13:00:00,7749.3022,8774.044,11425.202,8204.752,9873.818
2010-12-10 14:00:00,7749.583,8774.63,11425.202,8205.196,9874.393
2010-12-10 15:00:00,7749.583,8774.792,11425.202,8205.869,9874.656
2010-12-10 16:00:00,7749.583,8774.792,11425.202,8205.869,9874.838
2010-12-10 17:00:00,7749.7607,8774.792,11425.202,8205.869,9875.026
2010-12-10 18:00:00,7750.7554,8775.205,11425.642,8206.549,9875.883
2010-12-10 19:00:00,7751.513,8776.133,11426.433,8207.3955,9877.413
2010-12-10 20:00:00,7752.7812,8777.879,11427.527,8208.962,9879.485
2010-12-10 21:00:00,7754.359,8779.363,11429.276,8210.365,9881.406
2010-12-10 22:00:00,7755.5815,8780.827,11430.621,8211.928,9883.049
2010-12-10 23:00:00,7756.6343,8782.05,11431.066,8212.671,9883.192
2010-12-11 00:00:00,7757.321,8782.686,11431.821,8213.121,9883.937
2010-12-11 01:00:00,7757.6226,8784.224,11432.376,8213.745,9884.5
2010-12-11 02:00:00,7757.92,8784.964,11432.967,8213.944,9884.687
2010-12-11 03:00:00,7758.2544,8785.019,11433.227,8213.944,9884.687
2010-12-11 04:00:00,7758.9863,8785.019,11434.952,8214.074,9885.045
2010-12-11 05:00:00,7759.9185,8785.019,11435.76,8215.127,9886.555
2010-12-11 06:00:00,7760.656,8785.234,11436.594,8215.297,9887.879
2010-12-11 07:00:00,7761.2856,8785.243,11437.941,8215.297,9888.59
2010-12-11 08:00:00,7761.8994,8785.259,11438.127,8215.297,9889.112
2010-12-11 09:00:00,7762.392,8785.259,11438.335,8215.344,9889.431
2010-12-11 10:00:00,7762.4614,8785.85,11438.335,8215.344,9890.026
2010-12-11 11:00:00,7762.665,8786.593,11438.572,8215.8125,9890.643
2010-12-11 12:00:00,7763.6514,8787.3125,11439.111,8216.44,9891.098
2010-12-11 13:00:00,7763.673,8787.651,11439.111,8217.05,9891.399
2010-12-11 14:00:00,7763.673,8787.651,11439.111,8217.05,9891.553
2010-12-11 15:00:00,7763.673,8787.651,11439.111,8217.05,9891.553
2010-12-11 16:00:00,7763.673,8787.651,11439.111,8217.05,9891.553
2010-12-11 17:00:00,7763.673,8787.651,11439.111,8217.05,9891.553
2010-12-11 18:00:00,7763.673,8787.651,11439.111,8217.05,9891.553
2010-12-11 19:00:00,7763.673,8787.651,11439.111,8217.05,9891.553
2010-12-11 20:00:00,7763.673,8787.651,11439.111,8217.05,9891.553
2010-12-11 21:00:00,7763.673,8787.651,11439.111,8217.05,9891.553
2010-12-11 22:00:00,7763.673,8787.651,11439.111,8217.05,9891.553
2010-12-11 23:00:00,7763.673,8787.651,11439.111,8217.05,9891.553
2010-12-12 00:00:00,7766.0923,8791.294,11439.342,8217.892,9894.011
2010-12-12 01:00:00,7763.673,8787.651,11439.111,8217.05,9891.553
2010-12-12 02:00:00,7763.673,8787.651,11439.111,8217.05,9891.553
2010-12-12 03:00:00,7763.673,8787.651,11439.111,8217.05,9891.553
2010-12-12 04:00:00,7763.673,8787.651,11439.111,8217.05,9891.553
2010-12-12 05:00:00,7763.673,8787.651,11439.111,8217.05,9891.553
2010-12-12 06:00:00,7763.673,8787.651,11439.111,8217.05,9891.553
2010-12-12 07:00:00,7763.673,8787.651,11439.111,8217.05,9891.553
2010-12-12 08:00:00,7763.673,8787.651,11439.111,8217.05,9891.553
2010-12-12 09:00:00,7763.673,8787.651,11439.111,8217.05,9891.553
2010-12-12 10:00:00,7763.673,8787.651,11439.111,8217.05,9891.553
2010-12-12 11:00:00,7763.673,8787.651,11439.111,8217.05,9891.553
2010-12-12 12:00:00,7763.673,8787.651,11439.111,8217.05,9891.553
2010-12-12 13:00:00,7763.673,8787.651,11439.111,8217.05,9891.553
2010-12-12 14:00:00,7763.673,8787.651,11439.111,8217.05,9891.553
2010-12-12 15:00:00,7763.673,8787.651,11439.111,8217.05,9891.553
2010-12-12 16:00:00,7763.8203,8788.27,11439.111,8217.05,9892.236
2010-12-12 17:00:00,7764.111,8789.06,11439.111,8217.246,9892.344
2010-12-12 18:00:00,7764.489,8789.815,11439.111,8217.414,9892.863
2010-12-12 19:00:00,7764.93,8790.498,11439.111,8217.892,9893.165
2010-12-12 20:00:00,7765.2583,8791.183,11439.342,8217.892,9893.479
2010-12-12 21:00:00,7765.387,8791.294,11439.342,8217.892,9893.479
2010-12-12 22:00:00,7765.729,8791.294,11439.342,8217.892,9893.627
2010-12-12 23:00:00,7766.071,8791.294,11439.342,8217.892,9893.761
2010-12-13 00:00:00,7766.1377,8791.294,11439.342,8217.892,9894.44
2010-12-13 01:00:00,7766.1377,8791.294,11439.62,8217.892,9894.44
2010-12-13 02:00:00,7766.2217,8791.294,11439.724,8217.892,9894.44
2010-12-13 03:00:00,7766.2217,8791.294,11439.724,8217.892,9894.44
2010-12-13 04:00:00,7766.2217,8791.294,11439.724,8217.892,9894.44
2010-12-13 05:00:00,7766.2217,8791.294,11439.724,8217.892,9894.44
2010-12-13 06:00:00,7766.2217,8791.294,11439.724,8217.892,9894.44
2010-12-13 07:00:00,7766.2217,8791.294,11439.724,8217.892,9894.44
2010-12-13 08:00:00,7766.2217,8791.294,11439.724,8217.892,9894.44
2010-12-13 09:00:00,7766.2217,8791.294,11439.724,8217.892,9894.44
2010-12-13 10:00:00,7766.2217,8791.294,11439.724,8217.892,9894.44
2010-12-13 11:00:00,7766.2217,8791.294,11439.724,8217.892,9894.44
2010-12-13 12:00:00,7766.2217,8791.294,11439.724,8217.892,9894.44
2010-12-13 13:00:00,7766.2217,8791.294,11439.724,8217.892,9894.44
2010-12-13 14:00:00,7766.2217,8791.294,11439.724,8217.892,9894.44
2010-12-13 15:00:00,7766.2217,8791.294,11439.724,8217.892,9894.44
2010-12-13 16:00:00,7766.2217,8791.294,11439.724,8217.892,9894.44
2010-12-13 17:00:00,7766.2217,8791.294,11439.724,8217.892,9894.44
2010-12-13 18:00:00,7766.2217,8791.294,11439.724,8217.892,9894.44
2010-12-13 19:00:00,7766.2217,8791.294,11439.724,8217.892,9894.44
2010-12-13 20:00:00,7766.2217,8791.294,11439.724,8217.892,9894.44
2010-12-13 21:00:00,7766.2217,8791.294,11439.724,8217.892,9894.44
2010-12-13 22:00:00,7766.2217,8791.294,11439.724,8217.892,9894.44
2010-12-13 23:00:00,7766.2217,8791.294,11439.724,8217.892,9894.44
2010-12-14 00:00:00,7766.2217,8791.294,11439.724,8217.892,9894.44
2010-12-14 01:00:00,7766.2217,8791.294,11439.724,8217.892,9894.44
2010-12-14 02:00:00,7766.2217,8791.294,11439.724,8217.892,9894.44
2010-12-14 03:00:00,7766.2217,8791.294,11439.724,8217.892,9894.44
2010-12-14 04:00:00,7766.2217,8791.294,11439.724,8217.892,9894.44
2010-12-14 05:00:00,7766.2217,8791.294,11439.724,8217.892,9894.44
2010-12-14 06:00:00,7766.2217,8791.294,11439.724,8217.892,9894.44
2010-12-14 07:00:00,7766.2217,8791.294,11439.724,8217.892,9894.44
2010-12-14 08:00:00,7766.2217,8791.294,11439.724,8217.892,9894.44
2010-12-14 09:00:00,7766.2217,8791.294,11439.724,8217.892,9894.44
2010-12-14 10:00:00,7766.2217,8791.294,11439.724,8217.892,9894.44
2010-12-14 11:00:00,7766.2217,8791.294,11439.724,8217.892,9894.44
2010-12-14 12:00:00,7766.2217,8791.294,11439.724,8217.892,9894.44
2010-12-14 13:00:00,7766.2217,8791.294,11439.985,8217.892,9894.44
2010-12-14 14:00:00,7766.2217,8791.294,11439.997,8217.892,9894.508
2010-12-14 15:00:00,7766.2217,8791.294,11440.192,8217.892,9894.508
2010-12-14 16:00:00,7766.2217,8791.294,11440.192,8217.892,9894.508
2010-12-14 17:00:00,7766.2217,8791.294,11440.192,8217.892,9894.508
2010-12-14 18:00:00,7766.2217,8791.294,11440.192,8217.892,9894.508
2010-12-14 19:00:00,7766.2217,8791.294,11440.192,8217.892,9894.508
2010-12-14 20:00:00,7766.2217,8791.294,11440.192,8217.892,9894.508
2010-12-14 21:00:00,7766.2217,8791.294,11440.192,8217.892,9894.508
2010-12-14 22:00:00,7766.2217,8791.294,11440.192,8217.892,9894.508
2010-12-14 23:00:00,7766.2217,8791.294,11440.192,8217.892,9894.508
2010-12-15 00:00:00,7766.2217,8791.294,11440.192,8217.892,9894.508
2010-12-15 01:00:00,7766.2217,8791.294,11440.192,8217.892,9894.508
2010-12-15 02:00:00,7766.2217,8791.294,11440.192,8217.892,9894.508
2010-12-15 03:00:00,7766.2217,8791.294,11440.192,8217.892,9894.508
2010-12-15 04:00:00,7766.2217,8791.294,11440.192,8217.892,9894.508
2010-12-15 05:00:00,7766.2217,8791.294,11440.192,8217.892,9894.508
2010-12-15 06:00:00,7766.2217,8791.294,11440.192,8217.892,9894.508
2010-12-15 07:00:00,7766.2217,8791.294,11440.192,8217.892,9894.508
2010-12-15 08:00:00,7766.2217,8791.294,11440.192,8217.892,9894.508
2010-12-15 09:00:00,7766.2217,8791.294,11440.192,8217.892,9894.508
2010-12-15 10:00:00,7766.2217,8791.294,11440.192,8217.892,9894.508
2010-12-15 11:00:00,7766.2217,8791.294,11440.192,8217.892,9894.508
2010-12-15 12:00:00,7766.2217,8791.294,11440.192,8217.892,9894.508
2010-12-15 13:00:00,7766.2217,8791.294,11440.192,8217.892,9894.508
2010-12-15 14:00:00,7766.285,8791.294,11440.192,8217.892,9894.508
2010-12-15 15:00:00,7766.5815,8791.658,11440.192,8217.892,9894.508
2010-12-15 16:00:00,7766.797,8793.458,11440.192,8218.747,9895.196
2010-12-15 17:00:00,7767.3184,8794.931,11440.917,8219.729,9895.791
2010-12-15 18:00:00,7767.8853,8796.399,11441.883,8221.084,9896.795
2010-12-15 19:00:00,7768.82,8798.293,11443.353,8221.914,9898.361
2010-12-15 20:00:00,7770.6265,8799.284,11446.318,8222.595,9899.64
2010-12-15 21:00:00,7771.5264,8799.76,11448.074,8223.159,9900.717
2010-12-15 22:00:00,7771.89,8800.696,11450.281,8225.037,9902.903
2010-12-15 23:00:00,7772.8037,8802.309,11452.159,8227.404,9906.758
2010-12-16 00:00:00,7778.588,8809.182,11468.348,8233.914,9922.893
2010-12-16 01:00:00,7778.616,8809.696,11469.248,8234.408,9923.445
2010-12-16 02:00:00,7779.0063,8809.812,11469.458,8234.408,9923.5
2010-12-16 03:00:00,7779.0728,8809.874,11470.038,8234.408,9924.131
2010-12-16 04:00:00,7779.0728,8810.592,11471.365,8234.408,9925.25
2010-12-16 05:00:00,7779.0728,8811.1875,11472.42,8234.408,9926.18
2010-12-16 06:00:00,7779.0728,8811.262,11474.437,8234.637,9928.055
2010-12-16 07:00:00,7779.0728,8811.613,11474.437,8235.04,9928.249
2010-12-16 08:00:00,7779.0728,8811.613,11474.781,8235.04,9928.752
2010-12-16 09:00:00,7779.0728,8811.613,11474.781,8235.04,9929.944
2010-12-16 10:00:00,7779.0728,8811.886,11474.781,8235.04,9930.293
2010-12-16 11:00:00,7779.0728,8811.944,11474.781,8235.04,9930.293
2010-12-16 12:00:00,7779.0728,8811.944,11474.781,8235.04,9930.293
2010-12-16 13:00:00,7779.0728,8811.944,11474.781,8235.04,9930.293
2010-12-16 14:00:00,7779.0728,8811.944,11474.781,8235.04,9930.293
2010-12-16 15:00:00,7773.6826,8803.669,11454.608,8228.866,9909.5625
2010-12-16 16:00:00,7774.5693,8804.735,11456.388,8229.222,9912.308
2010-12-16 17:00:00,7775.6123,8805.368,11457.976,8229.912,9914.505
2010-12-16 18:00:00,7776.0894,8806.287,11459.405,8229.92,9916.703
2010-12-16 19:00:00,7777.216,8807.028,11460.396,8230.308,9917.892
2010-12-16 20:00:00,7777.5044,8807.726,11461.008,8230.308,9919.283
2010-12-16 21:00:00,7778.115,8808.425,11461.576,8230.361,9921.439
2010-12-16 22:00:00,7778.2607,8809.1,11462.861,8231.001,9921.569
2010-12-16 23:00:00,7778.4336,8809.1,11465.905,8232.139,9921.934
2010-12-17 00:00:00,7779.0728,8811.944,11474.781,8235.04,9930.293
2010-12-17 01:00:00,7779.0728,8811.944,11474.781,8235.04,9930.293
2010-12-17 02:00:00,7779.0728,8811.944,11474.781,8235.04,9930.293
2010-12-17 03:00:00,7779.0728,8811.944,11474.781,8235.04,9930.293
2010-12-17 04:00:00,7779.0728,8811.944,11474.781,8235.04,9930.293
2010-12-17 05:00:00,7779.0728,8811.944,11474.781,8235.04,9930.293
2010-12-17 06:00:00,7779.0728,8811.944,11474.781,8235.04,9930.293
2010-12-17 07:00:00,7779.0728,8811.944,11474.781,8235.04,9930.293
2010-12-17 08:00:00,7779.0728,8811.944,11474.781,8235.04,9930.293
2010-12-17 09:00:00,7779.0728,8811.944,11474.781,8235.04,9930.293
2010-12-17 10:00:00,7779.0728,8811.944,11474.781,8235.04,9930.293
2010-12-17 11:00:00,7779.0728,8811.944,11474.781,8235.04,9930.293
2010-12-17 12:00:00,7779.0728,8811.944,11474.781,8235.04,9930.293
2010-12-17 13:00:00,7779.0728,8811.944,11474.781,8235.04,9930.293
2010-12-17 14:00:00,7779.0728,8811.944,11474.781,8235.04,9930.293
2010-12-17 15:00:00,7779.0728,8811.944,11474.781,8235.04,9930.293
2010-12-17 16:00:00,7779.0728,8811.944,11474.781,8235.04,9930.293
2010-12-17 17:00:00,7779.0728,8811.944,11474.781,8235.04,9930.293
2010-12-17 18:00:00,7779.0728,8811.944,11474.781,8235.04,9930.293
2010-12-17 19:00:00,7779.0728,8811.944,11474.781,8235.04,9930.293
2010-12-17 20:00:00,7779.0728,8811.944,11474.781,8235.04,9930.293
2010-12-17 21:00:00,7779.0728,8811.944,11474.781,8235.04,9930.293
2010-12-17 22:00:00,7779.0728,8811.944,11474.781,8235.04,9930.293
2010-12-17 23:00:00,7779.0728,8811.944,11474.781,8235.04,9930.293
2010-12-18 00:00:00,7779.0728,8811.944,11474.781,8235.04,9930.293
2010-12-18 01:00:00,7779.0728,8811.944,11474.781,8235.04,9930.293
2010-12-18 02:00:00,7779.0728,8811.944,11474.781,8235.04,9930.293
2010-12-18 03:00:00,7779.0728,8811.944,11474.781,8235.04,9930.293
2010-12-18 04:00:00,7779.0728,8811.944,11474.781,8235.04,9930.293
2010-12-18 05:00:00,7779.0728,8811.944,11474.781,8235.04,9930.293
2010-12-18 06:00:00,7779.0728,8811.944,11474.781,8235.04,9930.293
2010-12-18 07:00:00,7779.0728,8811.944,11474.781,8235.04,9930.293
2010-12-18 08:00:00,7779.0728,8811.944,11474.781,8235.04,9930.293
2010-12-18 09:00:00,7779.0728,8811.944,11474.781,8235.04,9930.293
2010-12-18 10:00:00,7779.0728,8811.944,11474.781,8235.04,9930.293
2010-12-18 11:00:00,7779.0728,8811.944,11474.781,8235.04,9930.293
2010-12-18 12:00:00,7779.0728,8811.944,11474.781,8235.04,9930.293
2010-12-18 13:00:00,7779.0728,8811.944,11474.781,8235.04,9930.293
2010-12-18 14:00:00,7779.0728,8811.944,11474.781,8235.04,9930.293
2010-12-18 15:00:00,7779.0728,8811.944,11474.781,8235.04,9930.293
2010-12-18 16:00:00,7779.0728,8811.944,11474.781,8235.04,9930.293
2010-12-18 17:00:00,7779.0728,8811.944,11474.781,8235.04,9930.293
2010-12-18 18:00:00,7779.0728,8811.944,11474.781,8235.04,9930.293
2010-12-18 19:00:00,7779.0728,8811.944,11474.781,8235.04,9930.293
2010-12-18 20:00:00,7779.0728,8811.944,11474.781,8235.04,9930.293
2010-12-18 21:00:00,7779.0728,8811.944,11474.781,8235.04,9930.293
2010-12-18 22:00:00,7779.0728,8811.944,11474.781,8235.04,9930.293
2010-12-18 23:00:00,7779.0728,8811.944,11474.781,8235.04,9930.293
2010-12-19 00:00:00,7779.0728,8811.944,11474.781,8235.04,9930.293
2010-12-19 01:00:00,7779.0728,8811.944,11474.781,8235.04,9930.293
2010-12-19 02:00:00,7779.0728,8811.944,11474.781,8235.04,9930.293
2010-12-19 03:00:00,7779.0728,8811.944,11474.781,8235.04,9930.293
2010-12-19 04:00:00,7779.0728,8811.944,11474.781,8235.04,9930.293
2010-12-19 05:00:00,7779.0728,8811.944,11474.781,8235.04,9930.293
2010-12-19 06:00:00,7779.0728,8811.944,11474.781,8235.04,9930.293
2010-12-19 07:00:00,7779.0728,8811.944,11474.781,8235.04,9930.293
2010-12-19 08:00:00,7779.0728,8811.944,11474.781,8235.04,9930.293
2010-12-19 09:00:00,7779.0728,8811.944,11474.781,8235.04,9930.293
2010-12-19 10:00:00,7779.0728,8811.944,11474.781,8235.04,9930.293
2010-12-19 11:00:00,7779.0728,8811.944,11474.781,8235.04,9930.293
2010-12-19 12:00:00,7779.0728,8811.944,11474.781,8235.04,9930.293
2010-12-19 13:00:00,7779.0728,8811.944,11474.781,8235.04,9930.293
2010-12-19 14:00:00,7779.0728,8811.944,11474.781,8235.04,9930.293
2010-12-19 15:00:00,7779.0728,8811.944,11474.781,8235.04,9930.293
2010-12-19 16:00:00,7779.0728,8811.944,11474.781,8235.04,9930.293
2010-12-19 17:00:00,7779.0728,8811.944,11474.781,8235.04,9930.293
2010-12-19 18:00:00,7779.0728,8811.944,11474.781,8235.04,9930.293
2010-12-19 19:00:00,7779.0728,8811.944,11474.781,8235.04,9930.293
2010-12-19 20:00:00,7779.0728,8811.944,11474.781,8235.04,9930.293
2010-12-19 21:00:00,7779.0728,8811.944,11474.781,8235.04,9930.293
2010-12-19 22:00:00,7779.0728,8811.944,11474.781,8235.04,9930.293
2010-12-19 23:00:00,7779.0728,8811.944,11474.781,8235.04,9930.293
2010-12-20 00:00:00,7779.0728,8811.944,11474.781,8235.04,9930.293
2010-12-20 01:00:00,7779.0728,8811.944,11474.781,8235.04,9930.293
2010-12-20 02:00:00,7779.0728,8811.944,11474.781,8235.04,9930.293
2010-12-20 03:00:00,7779.0728,8811.944,11474.781,8235.04,9930.293
2010-12-20 04:00:00,7779.0728,8811.944,11474.781,8235.04,9930.293
2010-12-20 05:00:00,7779.0728,8811.944,11474.781,8235.04,9930.293
2010-12-20 06:00:00,7779.0728,8811.944,11474.781,8235.04,9930.293
2010-12-20 07:00:00,7779.0728,8811.944,11474.781,8235.04,9930.293
2010-12-20 08:00:00,7779.0728,8811.944,11474.781,8235.04,9930.293
2010-12-20 09:00:00,7779.0728,8811.944,11474.781,8235.04,9930.293
2010-12-20 10:00:00,7779.0728,8811.944,11474.781,8235.04,9930.293
2010-12-20 11:00:00,7779.0728,8811.944,11474.781,8235.04,9930.293
2010-12-20 12:00:00,7779.0728,8811.944,11474.781,8235.04,9930.293
2010-12-20 13:00:00,7779.0728,8811.944,11474.781,8235.04,9930.293
2010-12-20 14:00:00,7779.0728,8811.944,11474.781,8235.04,9930.293
2010-12-20 15:00:00,7779.0728,8811.944,11474.781,8235.04,9930.293
2010-12-20 16:00:00,7779.0728,8811.944,11474.781,8235.04,9930.293
2010-12-20 17:00:00,7779.0728,8811.944,11474.781,8235.04,9930.293
2010-12-20 18:00:00,7779.0728,8811.944,11474.781,8235.04,9930.293
2010-12-20 19:00:00,7779.0728,8811.944,11474.781,8235.04,9930.293
2010-12-20 20:00:00,7779.0728,8811.944,11474.781,8235.04,9930.293
2010-12-20 21:00:00,7779.0728,8811.944,11474.781,8235.04,9930.293
2010-12-20 22:00:00,7779.0728,8811.944,11474.781,8235.04,9930.293
2010-12-20 23:00:00,7779.0728,8811.944,11474.781,8235.04,9930.293
2010-12-21 00:00:00,7779.0728,8811.944,11474.781,8235.04,9930.293
2010-12-21 01:00:00,7779.0728,8811.944,11474.781,8235.04,9930.293
2010-12-21 02:00:00,7779.0728,8811.944,11474.781,8235.04,9930.293
2010-12-21 03:00:00,7779.0728,8811.944,11474.781,8235.04,9930.293
2010-12-21 04:00:00,7779.0728,8811.944,11474.781,8235.04,9930.293
2010-12-21 05:00:00,7779.0728,8811.944,11474.781,8235.04,9930.293
2010-12-21 06:00:00,7779.0728,8811.944,11474.781,8235.04,9930.293
2010-12-21 07:00:00,7779.0728,8811.944,11474.781,8235.04,9930.293
2010-12-21 08:00:00,7779.0728,8811.944,11474.781,8235.04,9930.293
2010-12-21 09:00:00,7779.0728,8811.944,11474.781,8235.04,9930.293
2010-12-21 10:00:00,7779.0728,8811.944,11474.781,8235.04,9930.293
2010-12-21 11:00:00,7779.0728,8811.944,11474.781,8235.04,9930.293
2010-12-21 12:00:00,7779.0728,8811.944,11474.781,8235.04,9930.293
2010-12-21 13:00:00,7779.0728,8811.944,11474.781,8235.04,9930.293
2010-12-21 14:00:00,7779.0728,8811.944,11474.781,8235.04,9930.293
2010-12-21 15:00:00,7779.0728,8811.944,11474.781,8235.04,9930.293
2010-12-21 16:00:00,7779.0728,8811.944,11474.781,8235.04,9930.293
2010-12-21 17:00:00,7779.2544,8811.944,11474.781,8235.04,9930.293
2010-12-21 18:00:00,7779.2544,8811.944,11474.781,8235.04,9931.059
2010-12-21 19:00:00,7779.5225,8811.944,11474.781,8235.04,9931.842
2010-12-21 20:00:00,7779.913,8811.944,11474.781,8235.04,9932.623
2010-12-21 21:00:00,7780.3037,8811.944,11474.781,8235.04,9932.643
2010-12-21 22:00:00,7780.6475,8811.944,11474.781,8235.04,9932.643
2010-12-21 23:00:00,7780.6475,8811.944,11474.781,8235.04,9932.819
2010-12-22 00:00:00,7782.61,8813.569,11476.337,8237.432,9936.849
2010-12-22 01:00:00,7781.0303,8812.225,11474.781,8235.22,9933.036
2010-12-22 02:00:00,7781.3896,8812.225,11474.781,8235.22,9933.186
2010-12-22 03:00:00,7781.3896,8812.478,11474.781,8235.22,9933.565
2010-12-22 04:00:00,7781.3896,8812.478,11474.781,8235.22,9933.571
2010-12-22 05:00:00,7781.6113,8812.675,11475.074,8235.352,9934.135
2010-12-22 06:00:00,7781.9536,8813.01,11475.669,8236.036,9934.337
2010-12-22 07:00:00,7782.0537,8813.32,11475.669,8236.68,9934.337
2010-12-22 08:00:00,7782.0537,8813.32,11475.669,8236.68,9934.337
2010-12-22 09:00:00,7782.0537,8813.32,11475.669,8236.68,9934.337
2010-12-22 10:00:00,7782.0537,8813.32,11475.669,8236.68,9934.337
2010-12-22 11:00:00,7782.0537,8813.32,11475.669,8236.68,9934.337
2010-12-22 12:00:00,7782.1313,8813.32,11476.279,8236.784,9934.337
2010-12-22 13:00:00,7782.473,8813.32,11476.337,8236.784,9934.824
2010-12-22 14:00:00,7782.61,8813.388,11476.337,8236.784,9935.231
2010-12-22 15:00:00,7782.61,8813.528,11476.337,8236.784,9935.231
2010-12-22 16:00:00,7782.61,8813.528,11476.337,8236.784,9935.269
2010-12-22 17:00:00,7782.61,8813.528,11476.337,8236.784,9935.372
2010-12-22 18:00:00,7782.61,8813.528,11476.337,8236.784,9935.411
2010-12-22 19:00:00,7782.61,8813.528,11476.337,8236.784,9935.411
2010-12-22 20:00:00,7782.61,8813.528,11476.337,8236.784,9935.411
2010-12-22 21:00:00,7782.61,8813.569,11476.337,8237.432,9935.411
2010-12-22 22:00:00,7782.61,8813.569,11476.337,8237.432,9935.918
2010-12-22 23:00:00,7782.61,8813.569,11476.337,8237.432,9936.586
2010-12-23 00:00:00,7782.61,8813.569,11476.337,8237.432,9936.849
2010-12-23 01:00:00,7782.61,8813.569,11476.337,8237.432,9936.849
2010-12-23 02:00:00,7782.61,8813.569,11476.337,8237.432,9936.849
2010-12-23 03:00:00,7782.61,8813.569,11476.337,8237.432,9936.849
2010-12-23 04:00:00,7782.61,8813.569,11476.337,8237.432,9936.849
2010-12-23 05:00:00,7782.61,8813.569,11476.337,8237.432,9936.849
2010-12-23 06:00:00,7782.61,8813.569,11476.337,8237.432,9936.849
2010-12-23 07:00:00,7782.61,8813.569,11476.337,8237.432,9936.849
2010-12-23 08:00:00,7782.61,8813.569,11476.337,8237.432,9936.849
2010-12-23 09:00:00,7782.61,8813.569,11476.337,8237.432,9936.849
2010-12-23 10:00:00,7782.61,8813.569,11476.337,8237.432,9936.849
2010-12-23 11:00:00,7782.61,8813.569,11476.337,8237.432,9936.849
2010-12-23 12:00:00,7782.61,8813.569,11476.337,8237.432,9936.849
2010-12-23 13:00:00,7782.61,8813.569,11476.337,8237.432,9936.849
2010-12-23 14:00:00,7782.61,8813.569,11476.337,8237.432,9936.849
2010-12-23 15:00:00,7782.61,8813.569,11476.337,8237.432,9936.849
2010-12-23 16:00:00,7782.61,8813.569,11476.337,8237.432,9936.849
2010-12-23 17:00:00,7782.61,8813.569,11476.337,8237.432,9936.849
2010-12-23 18:00:00,7782.61,8813.569,11476.337,8237.432,9936.849
2010-12-23 19:00:00,7782.61,8813.569,11476.337,8237.432,9936.849
2010-12-23 20:00:00,7782.61,8813.569,11476.337,8237.432,9936.849
2010-12-23 21:00:00,7782.61,8813.569,11476.337,8237.432,9936.849
2010-12-23 22:00:00,7782.61,8813.569,11476.337,8237.432,9936.849
2010-12-23 23:00:00,7782.61,8813.569,11476.337,8237.432,9936.849
2010-12-24 00:00:00,7782.61,8813.569,11476.337,8237.432,9936.849
2010-12-24 01:00:00,7782.61,8813.569,11476.337,8237.432,9936.849
2010-12-24 02:00:00,7782.61,8813.569,11476.337,8237.432,9936.849
2010-12-24 03:00:00,7782.61,8813.569,11476.337,8237.432,9936.849
2010-12-24 04:00:00,7782.61,8813.569,11476.337,8237.432,9936.849
2010-12-24 05:00:00,7782.61,8813.569,11476.337,8237.432,9936.849
2010-12-24 06:00:00,7782.61,8813.569,11476.337,8237.432,9936.849
2010-12-24 07:00:00,7782.61,8813.569,11476.337,8237.432,9936.849
2010-12-24 08:00:00,7782.61,8813.569,11476.337,8237.432,9936.849
2010-12-24 09:00:00,7782.61,8813.569,11476.337,8237.432,9936.849
2010-12-24 10:00:00,7782.61,8813.569,11476.337,8237.432,9936.849
2010-12-24 11:00:00,7782.61,8813.569,11476.337,8237.432,9936.849
2010-12-24 12:00:00,7782.61,8813.569,11476.337,8237.432,9936.849
2010-12-24 13:00:00,7782.61,8813.569,11476.337,8237.432,9936.849
2010-12-24 14:00:00,7782.61,8813.569,11476.337,8237.432,9936.849
2010-12-24 15:00:00,7782.61,8813.569,11476.337,8237.432,9936.849
2010-12-24 16:00:00,7782.61,8813.569,11476.337,8237.432,9936.849
2010-12-24 17:00:00,7782.61,8813.569,11476.337,8237.432,9936.849
2010-12-24 18:00:00,7782.61,8813.569,11476.337,8237.432,9936.849
2010-12-24 19:00:00,7782.61,8813.569,11476.337,8237.432,9936.849
2010-12-24 20:00:00,7782.61,8813.569,11476.337,8237.432,9936.849
2010-12-24 21:00:00,7782.61,8813.569,11476.337,8237.432,9936.849
2010-12-24 22:00:00,7782.61,8813.569,11476.337,8237.432,9936.849
2010-12-24 23:00:00,7782.61,8813.569,11476.337,8237.432,9936.849
2010-12-25 00:00:00,7782.61,8813.569,11476.337,8237.432,9936.849
2010-12-25 01:00:00,7782.61,8813.569,11476.337,8237.432,9936.849
2010-12-25 02:00:00,7782.61,8813.569,11476.337,8237.432,9936.849
2010-12-25 03:00:00,7782.61,8813.569,11476.337,8237.432,9936.942
2010-12-25 04:00:00,7782.61,8813.569,11476.337,8237.432,9937.217
2010-12-25 05:00:00,7782.61,8813.569,11476.337,8237.432,9937.217
2010-12-25 06:00:00,7782.61,8813.569,11476.337,8237.432,9937.217
2010-12-25 07:00:00,7782.61,8813.569,11476.337,8237.432,9937.217
2010-12-25 08:00:00,7782.61,8813.569,11476.337,8237.432,9937.217
2010-12-25 09:00:00,7782.61,8813.569,11476.337,8237.432,9937.217
2010-12-25 10:00:00,7782.61,8813.569,11476.337,8237.432,9937.217
2010-12-25 11:00:00,7782.61,8813.569,11476.337,8237.432,9937.217
2010-12-25 12:00:00,7782.61,8813.569,11476.337,8237.432,9937.217
2010-12-25 13:00:00,7782.61,8813.569,11476.337,8237.432,9937.217
2010-12-25 14:00:00,7782.61,8813.569,11476.337,8237.432,9937.217
2010-12-25 15:00:00,7782.61,8813.569,11476.337,8237.432,9937.217
2010-12-25 16:00:00,7782.61,8813.569,11476.337,8237.432,9937.217
2010-12-25 17:00:00,7782.61,8813.569,11476.337,8237.432,9937.217
2010-12-25 18:00:00,7782.61,8813.569,11476.337,8237.432,9937.217
2010-12-25 19:00:00,7782.61,8813.569,11476.337,8237.432,9937.217
2010-12-25 20:00:00,7782.61,8813.569,11476.337,8237.432,9937.217
2010-12-25 21:00:00,7782.61,8813.569,11476.337,8237.432,9937.217
2010-12-25 22:00:00,7782.61,8813.569,11476.337,8237.432,9937.217
2010-12-25 23:00:00,7782.61,8813.569,11476.337,8237.432,9937.217
2010-12-26 00:00:00,7782.61,8813.569,11476.337,8237.432,9937.217
2010-12-26 01:00:00,7782.61,8813.569,11476.337,8237.432,9937.217
2010-12-26 02:00:00,7782.61,8813.569,11476.337,8237.432,9937.217
2010-12-26 03:00:00,7782.61,8813.569,11476.337,8237.432,9937.217
2010-12-26 04:00:00,7782.61,8813.569,11476.337,8237.432,9937.217
2010-12-26 05:00:00,7782.61,8813.569,11476.337,8237.432,9937.217
2010-12-26 06:00:00,7782.61,8813.569,11476.337,8237.432,9937.217
2010-12-26 07:00:00,7782.61,8813.569,11476.337,8237.432,9937.217
2010-12-26 08:00:00,7782.61,8813.569,11476.337,8237.432,9937.217
2010-12-26 09:00:00,7782.61,8813.569,11476.337,8237.432,9937.217
2010-12-26 10:00:00,7782.61,8813.569,11476.337,8237.432,9937.217
2010-12-26 11:00:00,7782.61,8813.569,11476.337,8237.432,9937.217
2010-12-26 12:00:00,7782.61,8813.569,11476.337,8237.432,9937.217
2010-12-26 13:00:00,7782.61,8813.569,11476.337,8237.432,9937.217
2010-12-26 14:00:00,7782.61,8813.569,11476.337,8237.432,9937.217
2010-12-26 15:00:00,7782.61,8813.569,11476.337,8237.432,9937.217
2010-12-26 16:00:00,7782.61,8813.569,11476.337,8237.432,9937.217
2010-12-26 17:00:00,7782.61,8813.569,11476.337,8237.432,9937.217
2010-12-26 18:00:00,7782.61,8813.569,11476.337,8237.432,9937.217
2010-12-26 19:00:00,7782.61,8813.569,11476.337,8237.432,9937.217
2010-12-26 20:00:00,7782.61,8813.569,11476.337,8237.432,9937.217
2010-12-26 21:00:00,7782.61,8813.569,11476.337,8237.432,9937.217
2010-12-26 22:00:00,7782.61,8813.569,11476.337,8237.432,9937.217
2010-12-26 23:00:00,7782.61,8813.569,11476.337,8237.432,9937.217
2010-12-27 00:00:00,7782.61,8813.569,11476.337,8237.432,9937.217
2010-12-27 01:00:00,7782.61,8813.569,11476.337,8237.432,9937.217
2010-12-27 02:00:00,7782.61,8813.569,11476.337,8237.432,9937.217
2010-12-27 03:00:00,7782.61,8813.569,11476.337,8237.432,9937.217
2010-12-27 04:00:00,7782.61,8813.569,11476.337,8237.432,9937.217
2010-12-27 05:00:00,7782.61,8813.569,11476.337,8237.432,9937.217
2010-12-27 06:00:00,7782.61,8813.569,11476.337,8237.432,9937.217
2010-12-27 07:00:00,7782.61,8813.569,11476.337,8237.432,9937.217
2010-12-27 08:00:00,7782.61,8813.569,11476.337,8237.432,9937.217
2010-12-27 09:00:00,7782.61,8813.569,11476.337,8237.432,9937.217
2010-12-27 10:00:00,7782.61,8813.569,11476.337,8237.432,9937.217
2010-12-27 11:00:00,7782.61,8813.569,11476.337,8237.432,9937.217
2010-12-27 12:00:00,7782.61,8813.569,11476.337,8237.432,9937.217
2010-12-27 13:00:00,7782.61,8813.569,11476.337,8237.432,9937.217
2010-12-27 14:00:00,7782.61,8813.569,11476.337,8237.432,9937.217
2010-12-27 15:00:00,7782.61,8813.569,11476.337,8237.432,9937.217
2010-12-27 16:00:00,7782.61,8813.569,11476.337,8237.432,9937.217
2010-12-27 17:00:00,7782.61,8813.569,11476.337,8237.432,9937.217
2010-12-27 18:00:00,7782.61,8813.569,11476.337,8237.432,9937.217
2010-12-27 19:00:00,7782.61,8813.569,11476.337,8237.432,9937.217
2010-12-27 20:00:00,7782.61,8813.569,11476.337,8237.432,9937.217
2010-12-27 21:00:00,7782.61,8813.569,11476.337,8237.432,9937.217
2010-12-27 22:00:00,7782.61,8813.569,11476.337,8237.432,9937.217
2010-12-27 23:00:00,7782.61,8813.569,11476.337,8237.432,9937.217
2010-12-28 00:00:00,7782.61,8813.569,11476.337,8237.432,9937.217
2010-12-28 01:00:00,7782.61,8813.569,11476.337,8237.432,9937.217
2010-12-28 02:00:00,7782.61,8813.569,11476.337,8237.432,9937.217
2010-12-28 03:00:00,7782.61,8813.569,11476.337,8237.432,9937.217
2010-12-28 04:00:00,7782.61,8813.569,11476.337,8237.432,9937.217
2010-12-28 05:00:00,7782.61,8813.569,11476.337,8237.432,9937.217
2010-12-28 06:00:00,7782.61,8813.569,11476.337,8237.432,9937.217
2010-12-28 07:00:00,7782.61,8813.569,11476.337,8237.432,9937.217
2010-12-28 08:00:00,7782.61,8813.569,11476.337,8237.432,9937.217
2010-12-28 09:00:00,7782.61,8813.569,11476.337,8237.432,9937.217
2010-12-28 10:00:00,7782.61,8813.569,11476.337,8237.432,9937.217
2010-12-28 11:00:00,7782.61,8813.569,11476.337,8237.432,9937.217
2010-12-28 12:00:00,7782.61,8813.569,11476.337,8237.432,9937.217
2010-12-28 13:00:00,7782.61,8813.569,11476.337,8237.432,9937.217
2010-12-28 14:00:00,7782.61,8813.569,11476.337,8237.432,9937.217
2010-12-28 15:00:00,7782.61,8813.569,11476.337,8237.432,9937.217
2010-12-28 16:00:00,7782.61,8813.569,11476.337,8237.432,9937.217
2010-12-28 17:00:00,7782.61,8813.569,11476.337,8237.432,9937.217
2010-12-28 18:00:00,7782.61,8813.569,11476.337,8237.432,9937.217
2010-12-28 19:00:00,7782.61,8813.569,11476.337,8237.432,9937.217
2010-12-28 20:00:00,7782.61,8813.569,11476.337,8237.432,9937.217
2010-12-28 21:00:00,7782.61,8813.569,11476.337,8237.432,9937.217
2010-12-28 22:00:00,7782.61,8813.569,11476.337,8237.432,9937.217
2010-12-28 23:00:00,7782.61,8813.569,11476.337,8237.432,9937.217
2010-12-29 00:00:00,7782.61,8813.569,11476.337,8237.432,9937.217
2010-12-29 01:00:00,7782.61,8813.569,11476.337,8237.606,9937.217
2010-12-29 02:00:00,7782.61,8813.569,11476.337,8237.606,9937.217
2010-12-29 03:00:00,7782.61,8813.569,11476.337,8237.606,9937.217
2010-12-29 04:00:00,7782.61,8813.569,11476.337,8237.432,9937.217
2010-12-29 05:00:00,7782.61,8813.569,11476.337,8237.432,9937.217
2010-12-29 06:00:00,7782.61,8813.569,11476.337,8237.432,9937.217
2010-12-29 07:00:00,7782.61,8813.569,11476.337,8237.432,9937.217
2010-12-29 08:00:00,7782.61,8813.569,11476.337,8237.432,9937.217
2010-12-29 09:00:00,7782.61,8813.569,11476.337,8237.432,9937.217
2010-12-29 10:00:00,7782.61,8813.569,11476.337,8237.432,9937.217
2010-12-29 11:00:00,7782.61,8813.569,11476.337,8237.432,9937.217
2010-12-29 12:00:00,7782.61,8813.569,11476.337,8237.432,9937.217
2010-12-29 13:00:00,7782.61,8813.569,11476.337,8237.432,9937.217
2010-12-29 14:00:00,7782.61,8813.569,11476.337,8237.432,9937.217
2010-12-29 15:00:00,7782.61,8813.569,11476.337,8237.432,9937.217
2010-12-29 16:00:00,7782.61,8813.569,11476.337,8237.432,9937.217
2010-12-29 17:00:00,7782.61,8813.569,11476.337,8237.432,9937.217
2010-12-29 18:00:00,7782.61,8813.569,11476.337,8237.432,9937.217
2010-12-29 19:00:00,7782.61,8813.569,11476.337,8237.432,9937.217
2010-12-29 20:00:00,7782.61,8813.569,11476.337,8237.432,9937.217
2010-12-29 21:00:00,7782.61,8813.569,11476.337,8237.432,9937.217
2010-12-29 22:00:00,7782.61,8813.569,11476.337,8237.432,9937.217
2010-12-29 23:00:00,7782.61,8813.569,11476.337,8237.432,9937.217
2010-12-30 00:00:00,7782.61,8813.569,11476.337,8237.606,9937.217
2010-12-30 01:00:00,7782.61,8813.569,11476.337,8237.606,9937.511
2010-12-30 02:00:00,7782.61,8813.569,11476.337,8237.606,9938.301
2010-12-30 03:00:00,7782.8667,8813.879,11476.951,8238.247,9939.004
2010-12-30 04:00:00,7783.472,8814.206,11477.324,8238.958,9939.097
2010-12-30 05:00:00,7785.0293,8814.783,11477.445,8239.748,9939.783
2010-12-30 06:00:00,7786.922,8815.642,11477.541,8240.569,9940.6045
2010-12-30 07:00:00,7787.746,8816.328,11477.541,8240.864,9940.806
2010-12-30 08:00:00,7787.746,8816.328,11477.541,8240.864,9940.806
2010-12-30 09:00:00,7787.746,8816.328,11477.541,8240.864,9940.806
2010-12-30 10:00:00,7787.746,8816.328,11477.541,8240.864,9940.806
2010-12-30 11:00:00,7787.746,8816.588,11477.541,8240.864,9940.806
2010-12-30 12:00:00,7787.746,8816.588,11477.541,8240.864,9940.806
2010-12-30 13:00:00,7787.787,8816.588,11477.541,8240.864,9940.806
2010-12-30 14:00:00,7787.787,8816.588,11477.541,8240.864,9940.806
2010-12-30 15:00:00,7787.787,8816.588,11477.541,8240.864,9940.806
2010-12-30 16:00:00,7787.958,8816.588,11478.115,8240.864,9940.806
2010-12-30 17:00:00,7787.997,8816.814,11478.331,8240.864,9941.292
2010-12-30 18:00:00,7788.037,8816.826,11478.686,8240.864,9941.804
2010-12-30 19:00:00,7788.037,8816.922,11478.686,8240.864,9941.804
2010-12-30 20:00:00,7788.037,8816.922,11478.686,8240.864,9941.804
2010-12-30 21:00:00,7788.037,8816.922,11478.764,8240.864,9941.804
2010-12-30 22:00:00,7788.1245,8816.922,11479.178,8240.864,9942.333
2010-12-30 23:00:00,7788.1245,8816.922,11479.178,8240.864,9942.732
2010-12-31 00:00:00,7788.1436,8816.922,11479.178,8240.864,9943.487
2010-12-31 01:00:00,7788.4385,8816.924,11479.687,8240.864,9943.487
2010-12-31 02:00:00,7788.872,8816.924,11479.959,8240.864,9943.487
2010-12-31 03:00:00,7789.252,8816.924,11480.577,8240.864,9943.747
2010-12-31 04:00:00,7789.4727,8816.924,11480.6875,8240.864,9944.477
2010-12-31 05:00:00,7789.7217,8817.085,11480.957,8240.972,9945.451
2010-12-31 06:00:00,7790.1143,8817.698,11481.57,8241.494,9947.085
2010-12-31 07:00:00,7790.6284,8818.665,11482.51,8242.027,9948.577
2010-12-31 08:00:00,7791.5684,8820.082,11483.54,8242.817,9950.155
2010-12-31 09:00:00,7792.654,8821.427,11484.253,8243.99,9951.374
2010-12-31 10:00:00,7794.107,8823.088,11485.096,8245.524,9953.845
2010-12-31 11:00:00,7795.6123,8824.462,11487.378,8247.04,9956.845
2010-12-31 12:00:00,7796.2383,8826.168,11489.258,8247.971,9957.643
2010-12-31 13:00:00,7797.241,8828.545,11493.072,8249.427,9959.103
2010-12-31 14:00:00,7799.115,8831.03,11497.745,8251.213,9960.569
2010-12-31 15:00:00,7800.859,8833.164,11501.27,8252.221,9961.49
2010-12-31 16:00:00,7801.057,8833.347,11501.27,8252.412,9961.49
2010-12-31 17:00:00,7801.6226,8833.347,11501.882,8253.242,9961.72
2010-12-31 18:00:00,7802.0757,8833.493,11503.483,8255.085,9962.512
2010-12-31 19:00:00,7803.378,8834.097,11505.328,8256.711,9964.058
2010-12-31 20:00:00,7803.77,8834.502,11506.633,8257.507,9964.946
2010-12-31 21:00:00,7805.224,8835.358,11507.883,8258.805,9965.758
2010-12-31 22:00:00,7805.934,8835.527,11509.042,8259.167,9967.822
2010-12-31 23:00:00,7806.6333,8836.564,11511.511,8261.051,9968.412
