date,MG,FL,OD,VS,SJ
2007-01-01 00:00:00,1549.0931,1764.8663,2294.6514,1583.489,1876.4684
2007-01-01 01:00:00,1549.2809,1764.9486,2294.6514,1583.9685,1876.5461
2007-01-01 02:00:00,1549.287,1764.9718,2294.6514,1583.9763,1876.5461
2007-01-01 03:00:00,1549.3973,1765.0164,2294.6514,1584.0026,1876.5461
2007-01-01 04:00:00,1549.7076,1765.1477,2294.6514,1585.5525,1876.6039
2007-01-01 05:00:00,1550.1998,1765.1477,2294.6514,1585.7307,1876.6039
2007-01-01 06:00:00,1550.1998,1765.1477,2294.6514,1585.7307,1876.6039
2007-01-01 07:00:00,1550.1998,1765.1477,2294.6514,1585.7307,1876.6039
2007-01-01 08:00:00,1550.1998,1765.1477,2294.6514,1585.7307,1876.6039
2007-01-01 09:00:00,1550.1998,1765.1477,2294.6514,1585.7307,1876.6039
2007-01-01 10:00:00,1550.1998,1765.1477,2294.6514,1585.7307,1876.6039
2007-01-01 11:00:00,1550.1998,1765.1477,2294.6514,1585.7307,1876.6039
2007-01-01 12:00:00,1550.1998,1765.1477,2294.6514,1585.7307,1876.6039
2007-01-01 13:00:00,1550.1998,1765.1477,2294.6807,1585.7307,1877.2767
2007-01-01 14:00:00,1550.2745,1765.5276,2295.0686,1585.7322,1879.4496
2007-01-01 15:00:00,1550.3795,1767.2242,2295.371,1585.8385,1879.4954
2007-01-01 16:00:00,1550.3795,1767.2242,2295.371,1585.8385,1879.5364
2007-01-01 17:00:00,1550.6833,1767.2242,2295.371,1585.8385,1879.5364
2007-01-01 18:00:00,1550.6942,1767.2242,2295.371,1585.8385,1879.5364
2007-01-01 19:00:00,1550.6942,1767.2242,2295.4387,1585.8385,1879.5485
2007-01-01 20:00:00,1550.7,1767.6344,2295.6533,1586.1731,1881.0516
2007-01-01 21:00:00,1550.934,1767.9033,2296.1643,1586.2878,1881.0516
2007-01-01 22:00:00,1550.9623,1767.976,2297.3816,1586.2979,1882.6848
2007-01-01 23:00:00,1551.5988,1768.0685,2299.6812,1586.5085,1883.45
2007-01-02 00:00:00,1551.8158,1768.2477,2299.7512,1586.8583,1883.45
2007-01-02 01:00:00,1551.8158,1768.7257,2300.217,1587.1609,1884.3751
2007-01-02 02:00:00,1552.057,1769.1877,2302.0024,1588.3458,1886.8154
2007-01-02 03:00:00,1552.2795,1769.8643,2302.017,1589.0201,1887.3177
2007-01-02 04:00:00,1552.4061,1770.0654,2302.9622,1589.0309,1887.9403
2007-01-02 05:00:00,1553.7732,1773.0835,2306.0056,1590.377,1891.1229
2007-01-02 06:00:00,1553.9385,1773.2247,2306.3218,1590.4822,1891.3187
2007-01-02 07:00:00,1554.2527,1773.2892,2307.3987,1590.8065,1891.7732
2007-01-02 08:00:00,1554.625,1773.3451,2308.658,1591.1364,1892.4763
2007-01-02 09:00:00,1556.1371,1773.847,2312.5854,1592.1035,1893.9552
2007-01-02 10:00:00,1558.8436,1773.9375,2313.7263,1592.5757,1894.935
2007-01-02 11:00:00,1560.1907,1775.1903,2315.7903,1592.9634,1896.1289
2007-01-02 12:00:00,1561.5984,1775.8727,2317.1729,1593.6376,1897.3711
2007-01-02 13:00:00,1563.6204,1776.9741,2318.4204,1594.1134,1899.8182
2007-01-02 14:00:00,1564.5417,1778.5582,2319.0156,1594.6687,1901.763
2007-01-02 15:00:00,1565.5931,1779.6412,2319.2346,1595.2274,1903.5172
2007-01-02 16:00:00,1566.1553,1780.3268,2320.8926,1595.3828,1904.9517
2007-01-02 17:00:00,1566.7412,1780.4497,2322.7783,1595.7341,1905.6136
2007-01-02 18:00:00,1567.0962,1780.5697,2323.9248,1595.9343,1906.5156
2007-01-02 19:00:00,1568.5105,1780.5697,2325.8655,1596.0857,1906.7236
2007-01-02 20:00:00,1569.3712,1780.5697,2325.9019,1596.5399,1906.7238
2007-01-02 21:00:00,1569.453,1780.5697,2325.9019,1596.7734,1906.8115
2007-01-02 22:00:00,1569.9852,1780.5697,2325.9019,1596.7961,1907.053
2007-01-02 23:00:00,1570.6425,1780.5931,2326.0178,1597.2671,1907.0983
2007-01-03 00:00:00,1570.7196,1780.6938,2328.221,1597.3156,1907.2391
2007-01-03 01:00:00,1570.958,1780.6938,2328.5112,1597.337,1907.3645
2007-01-03 02:00:00,1570.958,1780.7344,2328.6838,1597.4551,1907.7317
2007-01-03 03:00:00,1571.174,1780.7344,2328.7417,1597.5468,1908.0969
2007-01-03 04:00:00,1571.3395,1780.8728,2329.0762,1597.574,1908.1708
2007-01-03 05:00:00,1571.3395,1780.8732,2329.1343,1597.6024,1908.2133
2007-01-03 06:00:00,1571.3395,1780.8732,2329.155,1597.6328,1908.2133
2007-01-03 07:00:00,1571.3395,1780.8732,2329.155,1597.6328,1908.2133
2007-01-03 08:00:00,1571.3395,1780.8732,2329.155,1597.6328,1908.2496
2007-01-03 09:00:00,1571.3395,1780.8732,2329.155,1597.6328,1908.2545
2007-01-03 10:00:00,1571.3395,1780.8732,2329.155,1597.6328,1908.2572
2007-01-03 11:00:00,1571.3395,1780.8757,2329.155,1597.6328,1908.2572
2007-01-03 12:00:00,1571.3542,1781.3055,2329.155,1597.6887,1908.319
2007-01-03 13:00:00,1572.0331,1782.7114,2329.155,1598.3256,1908.7369
2007-01-03 14:00:00,1573.3456,1784.5612,2329.4075,1599.7482,1909.4501
2007-01-03 15:00:00,1574.8303,1786.844,2330.2605,1601.1438,1910.012
2007-01-03 16:00:00,1576.7612,1789.695,2334.0059,1603.4015,1911.3313
2007-01-03 17:00:00,1578.9307,1792.2454,2337.8403,1604.8954,1912.4742
2007-01-03 18:00:00,1580.9895,1795.4917,2342.1248,1606.7286,1914.4918
2007-01-03 19:00:00,1583.1536,1798.6006,2344.4263,1609.3046,1915.7263
2007-01-03 20:00:00,1585.9976,1802.3708,2345.4004,1611.2865,1915.9586
2007-01-03 21:00:00,1587.2999,1805.812,2345.8762,1612.8407,1916.5383
2007-01-03 22:00:00,1588.164,1806.7837,2346.2283,1613.7048,1917.5519
2007-01-03 23:00:00,1588.7543,1808.1815,2346.926,1615.6709,1918.8529
2007-01-04 00:00:00,1590.0159,1810.045,2348.5825,1617.8755,1920.0442
2007-01-04 01:00:00,1592.7345,1814.7969,2350.1968,1621.2183,1921.2473
2007-01-04 02:00:00,1595.2029,1819.8705,2351.7185,1625.087,1921.8546
2007-01-04 03:00:00,1597.6421,1821.6444,2352.4417,1628.4615,1922.1422
2007-01-04 04:00:00,1598.7953,1822.36,2354.0803,1629.6406,1922.7809
2007-01-04 05:00:00,1599.3407,1822.6931,2355.6748,1630.3743,1923.4872
2007-01-04 06:00:00,1599.4149,1822.7452,2356.81,1630.6641,1924.4634
2007-01-04 07:00:00,1599.5269,1822.8582,2357.4067,1630.8282,1925.9242
2007-01-04 08:00:00,1599.7012,1822.9102,2357.7896,1631.3888,1926.7104
2007-01-04 09:00:00,1599.8323,1823.1342,2357.985,1631.5239,1927.48
2007-01-04 10:00:00,1599.9856,1823.9791,2358.1345,1631.8094,1927.9598
2007-01-04 11:00:00,1600.0642,1824.2998,2358.17,1631.9288,1928.6835
2007-01-04 12:00:00,1600.084,1824.3875,2358.259,1631.9506,1929.0651
2007-01-04 13:00:00,1600.189,1824.4546,2358.9097,1632.0337,1929.468
2007-01-04 14:00:00,1600.2922,1824.5438,2359.0452,1632.1455,1929.5881
2007-01-04 15:00:00,1600.3815,1824.6827,2359.2324,1632.2296,1929.7859
2007-01-04 16:00:00,1600.4856,1824.8247,2360.2427,1632.2313,1930.0485
2007-01-04 17:00:00,1600.6152,1824.893,2360.8728,1632.2682,1930.1469
2007-01-04 18:00:00,1600.7328,1824.893,2360.9724,1632.2888,1930.2141
2007-01-04 19:00:00,1600.808,1824.9698,2361.3706,1632.3506,1930.8716
2007-01-04 20:00:00,1601.2369,1825.1031,2361.6882,1632.3845,1932.5018
2007-01-04 21:00:00,1601.4758,1825.2527,2361.9956,1632.3845,1933.2649
2007-01-04 22:00:00,1601.6943,1825.2926,2362.0525,1632.3911,1933.5674
2007-01-04 23:00:00,1601.8064,1825.2991,2362.2183,1632.3911,1934.739
2007-01-05 00:00:00,1601.9244,1825.3064,2362.2356,1632.4231,1934.739
2007-01-05 01:00:00,1601.93,1825.3064,2362.2356,1632.4231,1934.739
2007-01-05 02:00:00,1601.93,1825.3064,2362.2632,1632.4231,1934.8699
2007-01-05 03:00:00,1601.93,1825.3064,2362.3171,1632.4231,1935.9525
2007-01-05 04:00:00,1601.93,1825.3064,2362.3171,1632.4231,1936.3339
2007-01-05 05:00:00,1601.93,1825.3064,2362.3171,1632.4231,1936.5305
2007-01-05 06:00:00,1601.93,1825.3064,2362.3171,1632.4231,1936.7268
2007-01-05 07:00:00,1601.93,1825.3064,2362.3171,1632.4231,1936.7354
2007-01-05 08:00:00,1601.93,1825.3064,2362.3171,1632.4231,1936.7354
2007-01-05 09:00:00,1601.93,1825.3064,2362.3171,1632.4231,1936.7354
2007-01-05 10:00:00,1601.93,1825.3064,2362.3171,1632.4231,1936.7594
2007-01-05 11:00:00,1601.93,1825.3064,2362.3171,1632.4231,1936.7594
2007-01-05 12:00:00,1601.93,1825.3467,2362.3171,1632.4231,1936.7594
2007-01-05 13:00:00,1602.1134,1826.2843,2362.3171,1632.6957,1936.7783
2007-01-05 14:00:00,1602.6344,1827.7903,2362.3171,1633.2474,1936.9512
2007-01-05 15:00:00,1603.1053,1828.8019,2362.4985,1633.5786,1937.1458
2007-01-05 16:00:00,1604.0453,1830.3314,2363.573,1634.1257,1937.5325
2007-01-05 17:00:00,1605.5084,1832.246,2364.7065,1634.739,1937.9302
2007-01-05 18:00:00,1606.9633,1834.4266,2366.4229,1636.5687,1939.4167
2007-01-05 19:00:00,1608.3167,1838.0575,2368.8882,1638.8544,1941.8033
2007-01-05 20:00:00,1610.4175,1840.1512,2371.675,1641.6208,1945.0166
2007-01-05 21:00:00,1611.6427,1840.3538,2372.659,1641.7288,1945.4137
2007-01-05 22:00:00,1611.6866,1840.9357,2373.7654,1641.7709,1946.2975
2007-01-05 23:00:00,1613.7535,1841.5054,2375.0115,1642.5935,1947.8107
2007-01-06 00:00:00,1615.0388,1841.7689,2376.6465,1643.6814,1948.3829
2007-01-06 01:00:00,1615.5668,1842.1085,2376.8245,1645.3198,1949.0964
2007-01-06 02:00:00,1615.5929,1842.1619,2377.6125,1646.6307,1949.8767
2007-01-06 03:00:00,1616.4778,1842.3846,2380.0066,1647.1545,1950.1473
2007-01-06 04:00:00,1616.9209,1842.4119,2380.5054,1648.2234,1951.1482
2007-01-06 05:00:00,1616.9773,1842.9354,2381.317,1649.97,1951.2847
2007-01-06 06:00:00,1617.06,1843.5017,2382.284,1651.0394,1951.4961
2007-01-06 07:00:00,1617.9294,1843.8048,2384.9495,1651.8594,1952.3359
2007-01-06 08:00:00,1618.879,1844.2863,2387.0503,1652.8207,1954.5378
2007-01-06 09:00:00,1620.5063,1844.3044,2391.9312,1653.4718,1955.8706
2007-01-06 10:00:00,1620.9534,1844.9292,2393.2886,1653.6132,1956.1688
2007-01-06 11:00:00,1621.2537,1845.8368,2394.1729,1653.8727,1956.9338
2007-01-06 12:00:00,1621.5345,1849.5122,2394.8777,1656.259,1958.1256
2007-01-06 13:00:00,1622.1346,1850.7046,2395.5251,1659.768,1958.2172
2007-01-06 14:00:00,1622.1935,1851.4095,2397.2793,1659.9623,1961.6729
2007-01-06 15:00:00,1623.66,1853.3861,2401.1626,1661.6226,1965.067
2007-01-06 16:00:00,1625.742,1854.86,2403.0583,1665.2651,1969.5469
2007-01-06 17:00:00,1625.9874,1856.9229,2405.789,1666.4252,1970.8345
2007-01-06 18:00:00,1626.7516,1860.7345,2406.337,1669.823,1972.3352
2007-01-06 19:00:00,1626.8816,1862.3513,2406.9028,1672.3827,1974.8984
2007-01-06 20:00:00,1627.4755,1862.5336,2407.859,1672.7769,1976.3842
2007-01-06 21:00:00,1628.1561,1863.1545,2408.9353,1673.2372,1976.6542
2007-01-06 22:00:00,1628.4778,1863.1576,2409.2515,1673.5731,1976.6542
2007-01-06 23:00:00,1628.4923,1863.1576,2409.4526,1673.5731,1976.8071
2007-01-07 00:00:00,1628.4923,1863.1729,2409.936,1673.6454,1976.904
2007-01-07 01:00:00,1628.5203,1863.2527,2409.9636,1673.6454,1976.9072
2007-01-07 02:00:00,1628.5753,1863.4772,2410.0488,1673.7712,1976.9565
2007-01-07 03:00:00,1628.6139,1863.6888,2410.0488,1673.8704,1976.9897
2007-01-07 04:00:00,1628.6582,1863.7034,2410.051,1673.9408,1976.9923
2007-01-07 05:00:00,1628.6819,1863.7034,2410.4888,1674.0005,1977.0521
2007-01-07 06:00:00,1628.9852,1863.9961,2410.5737,1674.8585,1977.3938
2007-01-07 07:00:00,1631.0471,1864.3801,2410.7126,1676.602,1977.6819
2007-01-07 08:00:00,1632.265,1864.5206,2410.7126,1677.0583,1977.8405
2007-01-07 09:00:00,1632.8136,1864.6586,2410.7927,1677.7051,1978.084
2007-01-07 10:00:00,1633.3865,1864.8032,2410.8918,1678.0532,1978.6719
2007-01-07 11:00:00,1634.1971,1865.4131,2411.2505,1678.5321,1979.4706
2007-01-07 12:00:00,1637.1475,1867.5526,2411.4846,1679.8134,1979.839
2007-01-07 13:00:00,1639.2438,1869.587,2412.9326,1680.8278,1980.8226
2007-01-07 14:00:00,1642.3936,1873.119,2417.836,1683.2993,1981.5859
2007-01-07 15:00:00,1646.2408,1874.5062,2419.3354,1683.6936,1982.9896
2007-01-07 16:00:00,1647.5297,1876.0045,2421.7336,1684.8142,1983.3455
2007-01-07 17:00:00,1647.731,1876.9031,2422.2722,1685.4594,1984.0896
2007-01-07 18:00:00,1648.3397,1877.2827,2422.2722,1686.6332,1984.0896
2007-01-07 19:00:00,1648.3397,1877.3293,2422.401,1686.6495,1984.1145
2007-01-07 20:00:00,1648.3453,1877.6309,2422.4187,1686.757,1984.1145
2007-01-07 21:00:00,1648.4236,1877.77,2422.4187,1686.7645,1984.1292
2007-01-07 22:00:00,1648.446,1877.77,2422.5334,1686.7645,1984.1464
2007-01-07 23:00:00,1648.446,1877.77,2422.6338,1686.7645,1984.1698
2007-01-08 00:00:00,1648.5818,1877.77,2422.6338,1686.8263,1984.1698
2007-01-08 01:00:00,1648.583,1878.7246,2422.6338,1687.2004,1984.1848
2007-01-08 02:00:00,1649.122,1880.7953,2422.6602,1688.17,1984.3881
2007-01-08 03:00:00,1649.7607,1881.456,2422.702,1688.9148,1984.7355
2007-01-08 04:00:00,1650.621,1882.8333,2422.7175,1689.7107,1985.1863
2007-01-08 05:00:00,1651.3275,1883.4113,2422.7175,1690.52,1985.7559
2007-01-08 06:00:00,1652.3638,1884.6372,2422.7236,1692.7256,1987.0397
2007-01-08 07:00:00,1654.3054,1885.7483,2423.4712,1695.439,1988.673
2007-01-08 08:00:00,1656.5046,1886.8348,2425.6067,1698.3232,1991.4403
2007-01-08 09:00:00,1659.0107,1887.8234,2429.7917,1700.551,1993.6848
2007-01-08 10:00:00,1660.9023,1889.0969,2432.7988,1701.9008,1996.8354
2007-01-08 11:00:00,1661.5503,1889.213,2434.0713,1702.1447,1998.9888
2007-01-08 12:00:00,1661.5503,1889.3276,2434.8828,1702.1447,1999.8182
2007-01-08 13:00:00,1661.5503,1889.5773,2435.095,1702.1477,2001.4827
2007-01-08 14:00:00,1661.5503,1889.6526,2435.095,1702.1505,2001.7897
2007-01-08 15:00:00,1661.5503,1889.6526,2435.1301,1702.1505,2002.0758
2007-01-08 16:00:00,1661.7026,1890.4344,2436.2078,1702.9645,2002.9094
2007-01-08 17:00:00,1661.7211,1890.4618,2438.2292,1702.999,2007.266
2007-01-08 18:00:00,1663.2639,1890.6051,2438.6794,1702.999,2007.5859
2007-01-08 19:00:00,1663.3934,1890.6051,2438.739,1702.999,2007.6708
2007-01-08 20:00:00,1663.3934,1890.7968,2438.739,1703.0533,2007.6708
2007-01-08 21:00:00,1663.3934,1891.5975,2439.3137,1703.207,2008.9205
2007-01-08 22:00:00,1663.5077,1891.7286,2439.512,1703.5731,2008.975
2007-01-08 23:00:00,1663.5413,1891.8397,2439.6145,1703.5823,2008.975
2007-01-09 00:00:00,1663.5413,1891.8397,2439.633,1703.5823,2008.9933
2007-01-09 01:00:00,1663.5627,1891.8397,2439.633,1703.5823,2009.0364
2007-01-09 02:00:00,1663.7904,1891.8397,2439.633,1703.6508,2009.0364
2007-01-09 03:00:00,1663.837,1891.8397,2439.633,1703.7031,2009.0428
2007-01-09 04:00:00,1664.1312,1892.0369,2439.633,1704.1118,2009.5262
2007-01-09 05:00:00,1665.5206,1892.6523,2439.633,1706.5458,2010.4012
2007-01-09 06:00:00,1668.1816,1893.2489,2439.7366,1709.0874,2011.7457
2007-01-09 07:00:00,1671.2098,1895.1245,2440.4038,1712.3824,2013.9506
2007-01-09 08:00:00,1673.879,1896.593,2440.811,1714.6362,2014.7598
2007-01-09 09:00:00,1676.0304,1898.5033,2441.8252,1716.9291,2015.3909
2007-01-09 10:00:00,1677.8485,1900.0157,2444.2292,1719.3857,2015.5875
2007-01-09 11:00:00,1680.5046,1900.3444,2445.1973,1720.8639,2015.6344
2007-01-09 12:00:00,1680.7211,1900.4381,2447.2444,1721.4393,2015.9929
2007-01-09 13:00:00,1681.6227,1900.5913,2450.576,1722.0876,2016.7385
2007-01-09 14:00:00,1681.8809,1901.274,2453.885,1723.0254,2017.5544
2007-01-09 15:00:00,1682.7616,1902.4207,2460.3718,1724.0051,2019.1415
2007-01-09 16:00:00,1683.6289,1904.4341,2462.8264,1726.1259,2019.8097
2007-01-09 17:00:00,1683.913,1904.7042,2463.4956,1726.8162,2019.8524
2007-01-09 18:00:00,1684.1957,1904.8192,2464.857,1727.1465,2019.8734
2007-01-09 19:00:00,1684.8351,1904.8529,2465.6882,1727.86,2020.2855
2007-01-09 20:00:00,1685.508,1907.0321,2468.3667,1730.3376,2022.3807
2007-01-09 21:00:00,1687.5953,1908.7168,2470.9373,1731.0471,2024.7781
2007-01-09 22:00:00,1690.0541,1910.4896,2472.7375,1732.2489,2026.1599
2007-01-09 23:00:00,1691.6702,1910.8765,2473.3872,1732.5264,2026.8507
2007-01-10 00:00:00,1693.6406,1911.1776,2474.1104,1733.2588,2028.3547
2007-01-10 01:00:00,1693.7498,1911.1776,2474.1104,1733.3011,2028.3547
2007-01-10 02:00:00,1693.7498,1911.1776,2474.2415,1733.3011,2028.3547
2007-01-10 03:00:00,1693.7941,1911.3992,2474.9802,1733.331,2028.8641
2007-01-10 04:00:00,1693.9014,1911.4216,2474.9802,1733.4502,2028.8641
2007-01-10 05:00:00,1693.9014,1911.4216,2474.9802,1733.4534,2029.0734
2007-01-10 06:00:00,1693.9014,1911.4216,2475.2358,1733.4745,2029.6437
2007-01-10 07:00:00,1694.0353,1912.0684,2476.5752,1733.6542,2030.5286
2007-01-10 08:00:00,1694.4983,1912.24,2477.1987,1733.8175,2030.83
2007-01-10 09:00:00,1694.9274,1912.2754,2477.241,1733.8778,2030.8754
2007-01-10 10:00:00,1694.9371,1912.2754,2477.2458,1733.8778,2031.2357
2007-01-10 11:00:00,1694.9692,1912.2867,2477.7305,1733.8844,2032.0967
2007-01-10 12:00:00,1695.0432,1912.4197,2478.023,1734.0125,2032.798
2007-01-10 13:00:00,1695.2535,1912.5397,2478.3342,1734.3053,2032.8007
2007-01-10 14:00:00,1695.3572,1912.5397,2478.6492,1734.3226,2032.8228
2007-01-10 15:00:00,1695.4362,1912.5427,2479.0056,1734.3447,2032.9794
2007-01-10 16:00:00,1695.4823,1912.5427,2479.0627,1734.3622,2032.9794
2007-01-10 17:00:00,1695.7175,1912.5427,2479.093,1734.3622,2032.9794
2007-01-10 18:00:00,1695.7627,1912.5427,2479.5835,1734.3623,2033.0787
2007-01-10 19:00:00,1696.5442,1912.6918,2480.0176,1734.393,2033.2351
2007-01-10 20:00:00,1696.8894,1912.6935,2480.0176,1734.393,2033.2351
2007-01-10 21:00:00,1696.8894,1912.6935,2480.0466,1734.393,2033.2351
2007-01-10 22:00:00,1696.8894,1912.6935,2480.0803,1734.393,2033.2351
2007-01-10 23:00:00,1696.8894,1912.6935,2480.0803,1734.393,2033.2351
2007-01-11 00:00:00,1696.8894,1912.6935,2480.0803,1734.393,2033.2351
2007-01-11 01:00:00,1696.8894,1912.6935,2480.0803,1734.393,2033.2351
2007-01-11 02:00:00,1696.8894,1912.6935,2480.0803,1734.393,2033.2351
2007-01-11 03:00:00,1696.8894,1912.6935,2480.0803,1734.393,2033.2351
2007-01-11 04:00:00,1696.8894,1912.6935,2480.0803,1734.393,2033.2351
2007-01-11 05:00:00,1696.8894,1912.6935,2480.0803,1734.393,2033.2351
2007-01-11 06:00:00,1696.8894,1912.6935,2480.0803,1734.393,2033.2351
2007-01-11 07:00:00,1696.8894,1912.6935,2480.0803,1734.393,2033.2351
2007-01-11 08:00:00,1696.8894,1912.6935,2480.0803,1734.393,2033.2351
2007-01-11 09:00:00,1696.8894,1912.6935,2480.0803,1734.393,2033.2351
2007-01-11 10:00:00,1696.8894,1912.8666,2480.249,1734.3938,2033.2914
2007-01-11 11:00:00,1696.9017,1914.9877,2482.0166,1735.5052,2034.97
2007-01-11 12:00:00,1699.0862,1916.4866,2484.0623,1737.9281,2036.509
2007-01-11 13:00:00,1701.791,1917.6351,2485.2158,1738.9641,2037.9784
2007-01-11 14:00:00,1703.7864,1918.3658,2486.0676,1740.3384,2038.9358
2007-01-11 15:00:00,1704.4971,1919.521,2486.6125,1741.2059,2039.6329
2007-01-11 16:00:00,1704.7565,1920.167,2486.87,1741.755,2039.9423
2007-01-11 17:00:00,1705.0159,1920.5411,2487.0542,1742.2577,2040.1254
2007-01-11 18:00:00,1705.2843,1920.8124,2487.101,1742.417,2040.2017
2007-01-11 19:00:00,1705.4425,1920.9009,2487.101,1742.6049,2040.2249
2007-01-11 20:00:00,1705.4932,1921.2103,2487.101,1742.7148,2040.3375
2007-01-11 21:00:00,1705.588,1921.9841,2487.101,1743.3457,2040.4413
2007-01-11 22:00:00,1705.8525,1922.5579,2487.101,1744.263,2040.49
2007-01-11 23:00:00,1706.0038,1922.5753,2487.1262,1744.4592,2041.045
2007-01-12 00:00:00,1706.347,1923.0778,2487.1768,1745.3071,2041.5424
2007-01-12 01:00:00,1706.6687,1923.211,2487.3088,1745.5063,2042.8602
2007-01-12 02:00:00,1707.3524,1924.2761,2488.1238,1746.4954,2044.0933
2007-01-12 03:00:00,1709.586,1926.9585,2491.3816,1748.3932,2046.9587
2007-01-12 04:00:00,1712.1033,1927.7928,2493.0054,1749.7372,2047.4172
2007-01-12 05:00:00,1713.9727,1927.8379,2493.0686,1749.8947,2047.434
2007-01-12 06:00:00,1714.0206,1928.2195,2493.1665,1749.9003,2048.9265
2007-01-12 07:00:00,1714.3872,1928.9974,2494.2817,1751.027,2049.2766
2007-01-12 08:00:00,1714.4402,1930.4878,2495.1262,1751.6969,2051.699
2007-01-12 09:00:00,1714.7416,1930.5552,2495.9924,1752.677,2051.756
2007-01-12 10:00:00,1715.0676,1931.047,2497.2039,1753.5574,2052.4275
2007-01-12 11:00:00,1715.3358,1932.0856,2497.3733,1753.6027,2052.5288
2007-01-12 12:00:00,1715.8062,1932.2493,2498.7063,1754.5209,2055.1177
2007-01-12 13:00:00,1715.9502,1932.4937,2499.0974,1754.5249,2055.2878
2007-01-12 14:00:00,1716.2512,1932.5508,2499.2078,1754.6562,2055.3098
2007-01-12 15:00:00,1716.3859,1932.6825,2499.2656,1754.8179,2055.5159
2007-01-12 16:00:00,1718.4668,1933.456,2500.635,1756.8473,2057.9763
2007-01-12 17:00:00,1723.5033,1937.8738,2503.131,1760.4429,2061.3513
2007-01-12 18:00:00,1728.7268,1941.8647,2507.9695,1763.335,2061.6707
2007-01-12 19:00:00,1731.9325,1942.438,2509.8574,1765.5337,2061.6707
2007-01-12 20:00:00,1732.3676,1942.438,2510.1401,1765.579,2061.7637
2007-01-12 21:00:00,1732.3883,1942.438,2510.9885,1765.5906,2061.7998
2007-01-12 22:00:00,1732.9855,1942.832,2512.3435,1765.6979,2062.1985
2007-01-12 23:00:00,1734.563,1943.0951,2513.3687,1765.9724,2062.8254
2007-01-13 00:00:00,1736.0072,1943.2404,2514.1682,1766.6173,2063.4443
2007-01-13 01:00:00,1736.6708,1943.4344,2514.1792,1766.7993,2063.471
2007-01-13 02:00:00,1736.9773,1943.4489,2515.8032,1766.8628,2063.471
2007-01-13 03:00:00,1737.4369,1943.6403,2516.0854,1767.2047,2065.0862
2007-01-13 04:00:00,1737.4369,1944.485,2516.0994,1767.2799,2066.2278
2007-01-13 05:00:00,1737.4369,1944.5269,2516.0994,1767.2799,2066.2278
2007-01-13 06:00:00,1737.4369,1944.5415,2516.1565,1767.2799,2066.311
2007-01-13 07:00:00,1737.4369,1944.5415,2516.1636,1767.2799,2066.311
2007-01-13 08:00:00,1737.4642,1944.5796,2516.672,1767.3766,2067.2295
2007-01-13 09:00:00,1737.7534,1945.0472,2517.2288,1767.7507,2068.0999
2007-01-13 10:00:00,1737.9685,1945.0522,2517.8738,1767.7725,2068.868
2007-01-13 11:00:00,1738.6937,1945.1715,2518.7205,1768.0498,2069.846
2007-01-13 12:00:00,1739.1796,1945.8772,2519.8293,1770.5493,2070.8557
2007-01-13 13:00:00,1739.2217,1945.8862,2519.8303,1770.6753,2070.8557
2007-01-13 14:00:00,1739.2252,1945.8906,2520.3267,1770.6753,2070.8557
2007-01-13 15:00:00,1739.2426,1945.917,2520.7239,1770.71,2071.432
2007-01-13 16:00:00,1739.4073,1945.917,2521.5508,1770.71,2071.4702
2007-01-13 17:00:00,1739.5345,1945.956,2521.735,1770.724,2071.5845
2007-01-13 18:00:00,1739.563,1946.1042,2521.735,1770.7471,2071.7483
2007-01-13 19:00:00,1739.588,1946.118,2521.735,1770.7471,2071.7483
2007-01-13 20:00:00,1739.7069,1946.1587,2521.735,1770.9816,2071.7766
2007-01-13 21:00:00,1740.1234,1946.2832,2521.8752,1771.6848,2072.0532
2007-01-13 22:00:00,1740.4703,1947.5422,2522.2144,1773.5956,2072.6287
2007-01-13 23:00:00,1741.303,1949.5745,2522.6943,1776.7676,2074.2268
2007-01-14 00:00:00,1742.9124,1951.9095,2523.7927,1779.841,2076.1653
2007-01-14 01:00:00,1744.6553,1954.7052,2524.747,1782.6494,2077.7437
2007-01-14 02:00:00,1747.3838,1956.9553,2525.4375,1784.334,2078.2537
2007-01-14 03:00:00,1749.3416,1960.2045,2525.6926,1785.4128,2079.325
2007-01-14 04:00:00,1749.9178,1960.9567,2527.2913,1786.2289,2081.5579
2007-01-14 05:00:00,1751.0101,1961.2953,2529.035,1786.9788,2083.2532
2007-01-14 06:00:00,1751.2518,1961.5299,2529.228,1787.0907,2083.3079
2007-01-14 07:00:00,1751.3551,1961.629,2529.228,1787.1185,2083.4644
2007-01-14 08:00:00,1751.4662,1961.7603,2529.228,1787.3464,2083.6934
2007-01-14 09:00:00,1751.5342,1961.7631,2529.6655,1787.5194,2083.6934
2007-01-14 10:00:00,1751.6555,1961.7677,2529.6655,1787.7372,2083.9895
2007-01-14 11:00:00,1751.6874,1962.3898,2529.7666,1787.7797,2085.3386
2007-01-14 12:00:00,1752.0264,1962.642,2530.492,1788.1985,2085.3787
2007-01-14 13:00:00,1752.6124,1963.1188,2532.2087,1788.6461,2086.8394
2007-01-14 14:00:00,1753.5605,1963.2313,2534.272,1789.3063,2086.8394
2007-01-14 15:00:00,1753.7733,1963.2313,2534.272,1789.3063,2086.8394
2007-01-14 16:00:00,1753.7733,1963.2313,2534.272,1789.3063,2086.8394
2007-01-14 17:00:00,1753.7733,1963.2313,2534.272,1789.3063,2086.8394
2007-01-14 18:00:00,1753.7733,1963.2595,2534.272,1789.3063,2086.9731
2007-01-14 19:00:00,1753.7733,1963.2821,2534.3716,1789.3063,2087.0593
2007-01-14 20:00:00,1753.7733,1963.6644,2534.4248,1789.3215,2087.1467
2007-01-14 21:00:00,1754.1943,1965.5583,2534.574,1790.1371,2087.7544
2007-01-14 22:00:00,1756.1031,1967.7765,2535.2095,1791.3756,2087.8416
2007-01-14 23:00:00,1757.7477,1970.8342,2535.6013,1793.4125,2088.412
2007-01-15 00:00:00,1761.2932,1972.6863,2536.4507,1795.5763,2088.789
2007-01-15 01:00:00,1763.9315,1975.2515,2536.7017,1797.3633,2089.4153
2007-01-15 02:00:00,1768.2256,1979.1993,2538.4543,1800.6959,2091.1797
2007-01-15 03:00:00,1772.3462,1981.902,2543.1306,1802.9811,2092.678
2007-01-15 04:00:00,1774.1381,1983.799,2547.182,1804.9966,2094.1692
2007-01-15 05:00:00,1775.8011,1986.5929,2552.0342,1806.1238,2096.49
2007-01-15 06:00:00,1777.1553,1989.2404,2557.133,1811.5948,2098.853
2007-01-15 07:00:00,1779.0123,1990.9868,2560.3042,1813.5962,2099.906
2007-01-15 08:00:00,1779.6486,1991.418,2560.4578,1813.6918,2100.3462
2007-01-15 09:00:00,1779.9459,1992.1146,2560.6921,1813.7134,2101.0095
2007-01-15 10:00:00,1780.4292,1992.1697,2564.0188,1813.7777,2101.966
2007-01-15 11:00:00,1781.9816,1993.3472,2564.735,1815.8235,2103.2292
2007-01-15 12:00:00,1782.1304,1994.3254,2564.9617,1819.7236,2103.743
2007-01-15 13:00:00,1782.222,1995.3127,2565.484,1821.224,2105.2876
2007-01-15 14:00:00,1782.3871,1995.7721,2566.4104,1822.903,2106.8418
2007-01-15 15:00:00,1782.8721,1996.9691,2567.97,1823.7194,2108.2302
2007-01-15 16:00:00,1784.5712,1999.1006,2570.5413,1825.0643,2111.9907
2007-01-15 17:00:00,1787.8201,2001.955,2577.3428,1829.3295,2114.0786
2007-01-15 18:00:00,1789.5089,2005.7057,2585.389,1833.7395,2117.063
2007-01-15 19:00:00,1791.7947,2008.8889,2593.129,1837.5735,2120.1624
2007-01-15 20:00:00,1793.5804,2011.4741,2599.0552,1841.0789,2122.3433
2007-01-15 21:00:00,1795.0472,2014.1932,2604.144,1844.2776,2124.3906
2007-01-15 22:00:00,1796.5492,2017.0715,2609.7395,1847.2705,2126.5845
2007-01-15 23:00:00,1798.5255,2019.5731,2615.5896,1850.2346,2127.923
2007-01-16 00:00:00,1799.6508,2020.5802,2617.4421,1852.4639,2128.3755
2007-01-16 01:00:00,1800.4318,2021.6051,2619.0547,1853.3063,2129.2446
2007-01-16 02:00:00,1800.6226,2021.6737,2619.8323,1853.4431,2129.523
2007-01-16 03:00:00,1801.1755,2021.8523,2620.1067,1853.5032,2129.7434
2007-01-16 04:00:00,1801.8743,2022.0543,2620.4302,1853.569,2129.9924
2007-01-16 05:00:00,1802.5192,2022.0969,2620.982,1853.8604,2130.436
2007-01-16 06:00:00,1802.6205,2022.0969,2620.982,1853.8636,2130.436
2007-01-16 07:00:00,1802.6205,2022.0969,2621.4055,1853.9244,2130.463
2007-01-16 08:00:00,1802.6718,2022.2678,2623.2334,1853.9888,2132.3936
2007-01-16 09:00:00,1802.9602,2023.7648,2624.8618,1856.2162,2135.2559
2007-01-16 10:00:00,1804.0812,2024.5616,2626.8796,1857.0187,2136.9167
2007-01-16 11:00:00,1804.8395,2025.1842,2627.452,1857.7274,2137.2935
2007-01-16 12:00:00,1805.659,2025.6893,2628.06,1858.6456,2137.6252
2007-01-16 13:00:00,1805.8978,2025.7639,2628.1633,1858.7358,2137.7202
2007-01-16 14:00:00,1805.9724,2025.7915,2628.217,1858.8784,2137.7202
2007-01-16 15:00:00,1806.2999,2025.8573,2628.843,1859.035,2137.7202
2007-01-16 16:00:00,1806.7164,2025.8608,2629.8071,1859.1428,2137.9053
2007-01-16 17:00:00,1807.065,2025.8964,2630.2834,1859.3683,2138.098
2007-01-16 18:00:00,1807.9048,2026.0585,2630.4873,1859.9863,2138.7942
2007-01-16 19:00:00,1808.239,2026.4678,2630.6418,1860.45,2139.5603
2007-01-16 20:00:00,1808.7571,2026.6614,2630.8398,1860.5222,2139.5789
2007-01-16 21:00:00,1809.7197,2026.9524,2631.982,1860.5352,2139.6152
2007-01-16 22:00:00,1810.5685,2026.9731,2632.374,1860.5432,2139.6152
2007-01-16 23:00:00,1810.5685,2026.9731,2632.374,1860.5432,2139.6152
2007-01-17 00:00:00,1810.5685,2026.9873,2632.4368,1860.5432,2140.0798
2007-01-17 01:00:00,1810.7201,2027.0005,2633.0444,1860.6091,2140.2532
2007-01-17 02:00:00,1810.8965,2027.008,2633.4565,1860.6091,2140.2532
2007-01-17 03:00:00,1810.9203,2027.0526,2633.6,1860.6091,2140.3054
2007-01-17 04:00:00,1810.9274,2027.0526,2634.0854,1860.6091,2140.3054
2007-01-17 05:00:00,1810.9459,2027.0526,2634.1448,1860.6091,2140.3054
2007-01-17 06:00:00,1810.9459,2027.0526,2634.1448,1860.6091,2140.3054
2007-01-17 07:00:00,1810.9459,2027.0793,2634.1448,1860.6091,2140.3054
2007-01-17 08:00:00,1810.9493,2027.0887,2634.1448,1860.6412,2140.3054
2007-01-17 09:00:00,1811.0596,2027.0887,2634.1448,1860.701,2140.3179
2007-01-17 10:00:00,1811.1008,2027.0887,2634.1448,1860.701,2140.3179
2007-01-17 11:00:00,1811.1008,2027.0887,2634.1448,1860.701,2140.3179
2007-01-17 12:00:00,1811.1008,2027.0887,2634.1448,1860.701,2140.3179
2007-01-17 13:00:00,1811.1023,2027.1011,2634.1448,1860.7091,2140.3179
2007-01-17 14:00:00,1811.2433,2027.2894,2634.1448,1860.921,2140.4595
2007-01-17 15:00:00,1811.4967,2027.5509,2634.1448,1861.8112,2140.6697
2007-01-17 16:00:00,1811.8278,2027.9014,2634.3586,1862.6766,2140.8904
2007-01-17 17:00:00,1812.3202,2028.2262,2634.5872,1863.5613,2141.119
2007-01-17 18:00:00,1813.2944,2029.0647,2634.9175,1864.2493,2141.6016
2007-01-17 19:00:00,1815.1163,2029.9788,2635.4114,1865.2523,2142.1667
2007-01-17 20:00:00,1816.8341,2030.7352,2635.9443,1866.2196,2143.2422
2007-01-17 21:00:00,1817.7972,2031.4066,2636.428,1867.467,2145.325
2007-01-17 22:00:00,1818.9178,2033.4584,2636.6597,1869.3989,2146.3315
2007-01-17 23:00:00,1819.8322,2035.1018,2637.1157,1870.5095,2147.1924
2007-01-18 00:00:00,1820.8754,2036.3752,2638.7275,1871.7352,2149.4893
2007-01-18 01:00:00,1822.7949,2036.8927,2640.4275,1872.3333,2151.688
2007-01-18 02:00:00,1823.0984,2037.5231,2640.97,1872.7869,2151.7607
2007-01-18 03:00:00,1823.3522,2038.8075,2640.97,1873.5896,2151.8062
2007-01-18 04:00:00,1824.0143,2039.251,2641.0764,1874.0823,2152.9648
2007-01-18 05:00:00,1824.9296,2041.2404,2643.0288,1875.5868,2153.3748
2007-01-18 06:00:00,1826.1422,2041.3765,2643.1606,1876.2535,2154.7827
2007-01-18 07:00:00,1826.3536,2042.0486,2643.599,1876.6027,2156.3962
2007-01-18 08:00:00,1827.1892,2042.6377,2644.6382,1877.0009,2156.809
2007-01-18 09:00:00,1827.6003,2043.3676,2644.7534,1877.572,2157.0774
2007-01-18 10:00:00,1827.9514,2043.878,2644.7656,1877.9119,2157.4016
2007-01-18 11:00:00,1828.0084,2044.0984,2644.7656,1878.2068,2157.523
2007-01-18 12:00:00,1828.0659,2044.1062,2644.7656,1878.2842,2157.626
2007-01-18 13:00:00,1828.174,2044.1096,2644.7656,1878.3423,2157.626
2007-01-18 14:00:00,1828.1874,2044.1096,2644.8032,1878.3439,2157.626
2007-01-18 15:00:00,1828.1874,2046.0781,2644.8044,1878.5417,2157.629
2007-01-18 16:00:00,1828.2401,2047.723,2644.8044,1880.8295,2160.6763
2007-01-18 17:00:00,1828.7786,2048.4585,2644.8867,1882.9102,2161.7957
2007-01-18 18:00:00,1829.2705,2048.5842,2645.2773,1883.5969,2162.5525
2007-01-18 19:00:00,1829.2723,2048.5842,2645.3003,1883.6375,2162.6912
2007-01-18 20:00:00,1829.2723,2048.5842,2645.3003,1883.6375,2162.6912
2007-01-18 21:00:00,1829.2723,2048.5842,2645.3003,1883.6375,2162.6912
2007-01-18 22:00:00,1829.2723,2048.5842,2645.3003,1883.6375,2162.6912
2007-01-18 23:00:00,1829.2723,2048.5842,2645.329,1883.6375,2162.6912
2007-01-19 00:00:00,1829.2723,2048.5842,2645.329,1883.6375,2162.6912
2007-01-19 01:00:00,1829.2723,2048.5842,2645.354,1883.6375,2162.6912
2007-01-19 02:00:00,1829.2723,2048.5842,2645.3723,1883.6375,2162.6912
2007-01-19 03:00:00,1829.2723,2048.5842,2645.3723,1883.6375,2162.6912
2007-01-19 04:00:00,1829.2723,2048.5842,2645.3723,1883.6375,2162.6912
2007-01-19 05:00:00,1829.2723,2048.5842,2645.3723,1883.6375,2162.6912
2007-01-19 06:00:00,1829.2723,2048.5842,2645.3723,1883.6375,2162.6912
2007-01-19 07:00:00,1829.2723,2048.5842,2645.3723,1883.6375,2162.6912
2007-01-19 08:00:00,1829.2723,2048.5842,2645.3723,1883.6375,2162.6912
2007-01-19 09:00:00,1829.2723,2048.5842,2645.3723,1883.6375,2162.6912
2007-01-19 10:00:00,1829.2723,2048.5842,2645.3723,1883.6375,2162.6912
2007-01-19 11:00:00,1829.2723,2048.5842,2645.4019,1883.6375,2162.8694
2007-01-19 12:00:00,1829.2723,2048.6172,2645.8052,1883.6589,2163.3018
2007-01-19 13:00:00,1829.2723,2048.6516,2645.8408,1883.6873,2163.397
2007-01-19 14:00:00,1829.2723,2048.6516,2645.8616,1883.6904,2163.7983
2007-01-19 15:00:00,1829.3232,2048.6516,2646.361,1883.7129,2165.1821
2007-01-19 16:00:00,1829.3398,2048.8623,2648.2366,1883.9277,2165.1843
2007-01-19 17:00:00,1829.3398,2048.8623,2648.3762,1883.9633,2165.6235
2007-01-19 18:00:00,1829.3398,2048.8623,2648.4204,1883.9633,2165.6235
2007-01-19 19:00:00,1829.3398,2048.8623,2648.4204,1883.9633,2165.6235
2007-01-19 20:00:00,1829.3398,2048.8623,2648.4204,1883.9633,2165.6235
2007-01-19 21:00:00,1829.3398,2048.8623,2648.4204,1883.9633,2165.6235
2007-01-19 22:00:00,1829.3398,2048.8623,2648.4204,1883.9633,2165.6235
2007-01-19 23:00:00,1829.3398,2048.8623,2648.4204,1883.9633,2165.6235
2007-01-20 00:00:00,1829.3398,2048.8623,2648.4204,1883.9633,2165.6235
2007-01-20 01:00:00,1829.3398,2048.8623,2648.4204,1883.9633,2165.6235
2007-01-20 02:00:00,1829.3398,2048.8623,2648.4204,1883.9633,2165.6235
2007-01-20 03:00:00,1829.3398,2048.8623,2648.4204,1883.9633,2165.6235
2007-01-20 04:00:00,1829.3398,2048.8623,2648.4204,1883.9633,2165.6235
2007-01-20 05:00:00,1829.3398,2048.8623,2648.4204,1883.9633,2165.6235
2007-01-20 06:00:00,1829.3398,2048.8623,2648.4204,1883.9633,2165.6235
2007-01-20 07:00:00,1829.3398,2048.8623,2648.4204,1883.9633,2165.6235
2007-01-20 08:00:00,1829.3398,2048.8623,2648.4204,1883.9633,2165.6235
2007-01-20 09:00:00,1829.3398,2048.8623,2648.4204,1883.9633,2165.6235
2007-01-20 10:00:00,1829.3488,2049.189,2648.598,1884.0925,2165.804
2007-01-20 11:00:00,1829.4468,2050.4587,2649.3416,1884.321,2166.5789
2007-01-20 12:00:00,1829.6868,2051.9954,2650.4424,1884.7065,2167.2158
2007-01-20 13:00:00,1830.034,2053.55,2651.636,1885.6753,2168.1804
2007-01-20 14:00:00,1830.5143,2055.0762,2652.575,1886.427,2169.1147
2007-01-20 15:00:00,1830.8295,2056.2908,2653.605,1887.514,2169.674
2007-01-20 16:00:00,1831.2257,2056.7942,2654.0698,1888.1184,2169.863
2007-01-20 17:00:00,1831.2988,2056.9373,2654.1797,1888.2579,2169.863
2007-01-20 18:00:00,1831.2988,2056.9807,2654.1797,1888.2649,2169.863
2007-01-20 19:00:00,1831.2988,2056.9807,2654.1797,1888.2649,2169.863
2007-01-20 20:00:00,1831.2988,2056.9807,2654.1797,1888.2649,2169.863
2007-01-20 21:00:00,1831.2988,2056.9807,2654.1797,1888.2649,2169.863
2007-01-20 22:00:00,1831.2988,2056.9807,2654.1797,1888.2649,2169.863
2007-01-20 23:00:00,1831.2988,2056.9807,2654.1797,1888.2649,2169.863
2007-01-21 00:00:00,1831.2988,2056.9807,2654.1797,1888.2649,2169.863
2007-01-21 01:00:00,1831.2988,2056.9807,2654.1797,1888.2649,2169.863
2007-01-21 02:00:00,1831.2988,2056.9807,2654.1797,1888.2649,2169.863
2007-01-21 03:00:00,1831.2988,2056.9807,2654.1797,1888.2649,2169.863
2007-01-21 04:00:00,1831.2988,2056.9807,2654.1797,1888.2649,2169.863
2007-01-21 05:00:00,1831.2988,2056.9807,2654.1797,1888.2649,2169.863
2007-01-21 06:00:00,1831.2988,2056.9807,2654.1797,1888.2649,2169.863
2007-01-21 07:00:00,1831.2988,2056.9807,2654.1797,1888.2649,2169.863
2007-01-21 08:00:00,1831.2988,2056.9807,2654.1797,1888.2649,2169.863
2007-01-21 09:00:00,1831.2988,2056.9807,2654.1797,1888.2649,2169.863
2007-01-21 10:00:00,1831.2988,2056.9807,2654.1797,1888.2649,2169.863
2007-01-21 11:00:00,1831.2988,2056.9807,2654.1797,1888.2649,2169.863
2007-01-21 12:00:00,1831.2988,2056.9807,2654.1797,1888.2649,2169.863
2007-01-21 13:00:00,1831.2988,2056.9807,2654.1797,1888.2649,2169.863
2007-01-21 14:00:00,1831.2988,2056.9807,2654.1797,1888.2649,2169.863
2007-01-21 15:00:00,1831.2988,2056.9807,2654.1797,1888.2649,2169.863
2007-01-21 16:00:00,1831.2988,2056.9807,2654.1797,1888.2649,2169.863
2007-01-21 17:00:00,1831.2988,2056.9807,2654.1797,1888.2649,2169.863
2007-01-21 18:00:00,1831.2988,2056.9807,2654.1797,1888.2649,2169.863
2007-01-21 19:00:00,1831.2988,2056.9807,2654.1797,1888.2649,2169.863
2007-01-21 20:00:00,1831.2988,2056.9807,2654.1797,1888.2649,2169.863
2007-01-21 21:00:00,1831.2988,2056.9807,2654.1797,1888.2649,2169.863
2007-01-21 22:00:00,1831.3085,2056.9807,2654.1797,1888.2649,2169.863
2007-01-21 23:00:00,1831.3085,2056.9807,2654.1797,1888.2649,2169.8962
2007-01-22 00:00:00,1831.3658,2056.9807,2654.5012,1888.2924,2170.0735
2007-01-22 01:00:00,1831.4714,2056.9807,2655.38,1888.3379,2170.4958
2007-01-22 02:00:00,1831.4884,2057.062,2657.0605,1888.3549,2171.0066
2007-01-22 03:00:00,1831.5273,2057.1218,2658.0996,1888.3549,2172.0623
2007-01-22 04:00:00,1831.6182,2057.2612,2659.0208,1888.3965,2172.823
2007-01-22 05:00:00,1831.6799,2057.3691,2659.3806,1888.401,2173.237
2007-01-22 06:00:00,1831.7346,2057.6045,2660.042,1888.417,2174.4417
2007-01-22 07:00:00,1831.9254,2058.0999,2661.0078,1888.424,2176.2725
2007-01-22 08:00:00,1832.4509,2059.3582,2662.355,1888.5388,2177.6653
2007-01-22 09:00:00,1833.2966,2060.2402,2663.9048,1888.8549,2179.7056
2007-01-22 10:00:00,1834.779,2061.962,2664.017,1889.3264,2180.328
2007-01-22 11:00:00,1836.2205,2062.3096,2664.6106,1889.5198,2182.9895
2007-01-22 12:00:00,1836.8539,2063.1023,2665.6855,1890.0093,2184.907
2007-01-22 13:00:00,1837.409,2064.9407,2666.5928,1890.2473,2186.1543
2007-01-22 14:00:00,1838.4274,2065.617,2668.2825,1890.6749,2186.1953
2007-01-22 15:00:00,1838.5358,2065.6829,2668.969,1891.8346,2186.6912
2007-01-22 16:00:00,1838.7942,2066.7144,2669.485,1893.7002,2188.4355
2007-01-22 17:00:00,1839.1774,2067.063,2669.7195,1893.8864,2189.4595
2007-01-22 18:00:00,1840.3752,2067.2668,2669.7932,1894.0486,2190.7925
2007-01-22 19:00:00,1840.76,2067.7778,2670.2524,1894.1278,2192.1155
2007-01-22 20:00:00,1841.0171,2067.8906,2670.5146,1894.1705,2193.6313
2007-01-22 21:00:00,1841.4031,2068.1636,2670.539,1894.1705,2195.397
2007-01-22 22:00:00,1841.6315,2068.605,2671.075,1894.1724,2195.7742
2007-01-22 23:00:00,1842.0681,2068.6348,2671.3127,1894.2637,2197.366
2007-01-23 00:00:00,1842.333,2068.6978,2671.3127,1894.4491,2197.961
2007-01-23 01:00:00,1842.4338,2068.741,2671.3523,1894.4625,2199.7468
2007-01-23 02:00:00,1842.5583,2068.8,2671.5896,1894.4672,2200.3389
2007-01-23 03:00:00,1843.2941,2069.2703,2672.5483,1894.5035,2201.2249
2007-01-23 04:00:00,1843.862,2069.2703,2673.5847,1894.6998,2201.5083
2007-01-23 05:00:00,1844.6409,2070.0515,2675.3193,1895.2466,2202.5928
2007-01-23 06:00:00,1845.4697,2070.211,2675.4788,1895.3617,2202.5928
2007-01-23 07:00:00,1845.4697,2070.211,2675.523,1895.4321,2203.2356
2007-01-23 08:00:00,1845.4697,2070.2688,2676.614,1895.4321,2204.6362
2007-01-23 09:00:00,1845.61,2070.2717,2678.4524,1895.6414,2205.0015
2007-01-23 10:00:00,1845.8854,2070.338,2678.6797,1895.8073,2205.347
2007-01-23 11:00:00,1846.2937,2070.5012,2679.0537,1895.9362,2205.8745
2007-01-23 12:00:00,1846.5679,2070.5303,2679.0537,1895.9896,2205.88
2007-01-23 13:00:00,1846.7423,2070.56,2679.0537,1895.9896,2205.968
2007-01-23 14:00:00,1847.3103,2070.56,2679.0537,1896.0499,2206.0518
2007-01-23 15:00:00,1847.6067,2070.6936,2679.1584,1896.1482,2206.8372
2007-01-23 16:00:00,1848.0168,2070.872,2679.1584,1896.2661,2207.3245
2007-01-23 17:00:00,1848.3226,2071.058,2679.1848,1896.3125,2207.5325
2007-01-23 18:00:00,1848.3535,2071.1924,2679.1848,1896.3125,2207.5996
2007-01-23 19:00:00,1848.3535,2071.1924,2679.1848,1896.3125,2207.6367
2007-01-23 20:00:00,1848.3535,2071.1924,2679.1848,1896.3125,2207.68
2007-01-23 21:00:00,1848.3535,2071.239,2679.1848,1896.3125,2207.846
2007-01-23 22:00:00,1848.3535,2071.2852,2679.1848,1896.3125,2207.846
2007-01-23 23:00:00,1848.3535,2071.2852,2679.1848,1896.3125,2207.846
2007-01-24 00:00:00,1848.7391,2071.2852,2679.417,1896.3125,2207.846
2007-01-24 01:00:00,1849.085,2071.3738,2680.6238,1896.4031,2208.1738
2007-01-24 02:00:00,1849.1038,2071.449,2680.876,1896.5808,2208.4282
2007-01-24 03:00:00,1849.1038,2071.449,2680.876,1896.5808,2208.4282
2007-01-24 04:00:00,1849.1038,2071.449,2680.876,1896.5808,2208.4282
2007-01-24 05:00:00,1849.1038,2071.449,2680.876,1896.5808,2208.4282
2007-01-24 06:00:00,1849.1038,2071.449,2680.876,1896.5808,2208.4282
2007-01-24 07:00:00,1849.1038,2071.449,2680.876,1896.5808,2208.4282
2007-01-24 08:00:00,1849.1038,2071.449,2680.876,1896.5808,2208.4282
2007-01-24 09:00:00,1849.1038,2071.449,2680.876,1896.5808,2208.4282
2007-01-24 10:00:00,1849.1038,2071.449,2680.876,1896.5808,2208.4282
2007-01-24 11:00:00,1849.1038,2071.449,2680.876,1896.5808,2208.4282
2007-01-24 12:00:00,1849.1038,2071.449,2680.876,1896.5808,2208.4282
2007-01-24 13:00:00,1849.1038,2071.449,2680.876,1896.5808,2208.4282
2007-01-24 14:00:00,1849.1038,2071.449,2680.876,1896.5808,2208.4282
2007-01-24 15:00:00,1849.1038,2071.449,2680.876,1896.5808,2208.4282
2007-01-24 16:00:00,1849.1038,2071.449,2680.876,1896.5808,2208.4282
2007-01-24 17:00:00,1849.1038,2071.449,2680.876,1896.5808,2208.4282
2007-01-24 18:00:00,1849.1038,2071.449,2680.876,1896.5808,2208.4282
2007-01-24 19:00:00,1849.1038,2071.449,2680.876,1896.5808,2208.4282
2007-01-24 20:00:00,1849.1038,2071.449,2680.876,1896.5808,2208.4282
2007-01-24 21:00:00,1849.1038,2071.449,2680.876,1896.5808,2208.4282
2007-01-24 22:00:00,1849.1038,2071.449,2680.876,1896.5808,2208.4282
2007-01-24 23:00:00,1849.1038,2071.449,2680.876,1896.5808,2208.4282
2007-01-25 00:00:00,1849.1038,2071.449,2680.876,1896.5808,2208.4282
2007-01-25 01:00:00,1849.1038,2071.449,2680.876,1896.5808,2208.4282
2007-01-25 02:00:00,1849.1038,2071.449,2680.876,1896.5808,2208.4282
2007-01-25 03:00:00,1849.1038,2071.449,2680.876,1896.5808,2208.4282
2007-01-25 04:00:00,1849.1038,2071.449,2680.876,1896.5808,2208.4282
2007-01-25 05:00:00,1849.1038,2071.449,2680.876,1896.5808,2208.4282
2007-01-25 06:00:00,1849.1038,2071.449,2680.885,1896.5808,2208.4282
2007-01-25 07:00:00,1849.1038,2071.449,2680.9377,1896.5929,2208.4282
2007-01-25 08:00:00,1849.1038,2071.449,2681.1672,1896.9421,2208.4282
2007-01-25 09:00:00,1849.1041,2071.449,2681.2874,1897.2924,2208.4634
2007-01-25 10:00:00,1849.2158,2071.524,2681.2874,1897.4159,2208.748
2007-01-25 11:00:00,1849.3162,2071.9644,2681.2874,1897.5162,2209.2659
2007-01-25 12:00:00,1849.4183,2072.3337,2681.2874,1897.7014,2209.9382
2007-01-25 13:00:00,1849.5149,2072.7986,2681.4746,1897.916,2210.765
2007-01-25 14:00:00,1849.5836,2072.8672,2681.8308,1898.0217,2211.0876
2007-01-25 15:00:00,1849.6776,2073.2007,2682.0256,1898.3658,2211.2266
2007-01-25 16:00:00,1849.7465,2073.4058,2682.0552,1898.5007,2211.2637
2007-01-25 17:00:00,1849.8115,2073.966,2682.264,1898.741,2211.4485
2007-01-25 18:00:00,1849.9036,2074.7917,2682.6924,1898.9847,2211.7017
2007-01-25 19:00:00,1850.0656,2076.2793,2683.9392,1899.5641,2212.541
2007-01-25 20:00:00,1850.3871,2077.1987,2685.864,1900.2991,2213.9375
2007-01-25 21:00:00,1851.0149,2077.8594,2687.7358,1900.8022,2214.592
2007-01-25 22:00:00,1851.2162,2077.8794,2687.9827,1900.976,2214.5935
2007-01-25 23:00:00,1852.4247,2078.4744,2688.8843,1902.1561,2215.449
2007-01-26 00:00:00,1852.4487,2078.4744,2688.9526,1902.1763,2215.449
2007-01-26 01:00:00,1853.2161,2078.6045,2691.3586,1902.6361,2217.2224
2007-01-26 02:00:00,1854.2268,2080.0056,2692.757,1904.5532,2218.178
2007-01-26 03:00:00,1855.6421,2081.0564,2697.5576,1905.5538,2219.2964
2007-01-26 04:00:00,1857.4388,2082.1545,2698.1738,1907.4845,2221.8599
2007-01-26 05:00:00,1858.9369,2083.3481,2699.7764,1909.311,2224.7014
2007-01-26 06:00:00,1860.4325,2084.1191,2700.9856,1910.2482,2225.449
2007-01-26 07:00:00,1862.2015,2084.635,2703.6143,1911.2445,2226.5598
2007-01-26 08:00:00,1863.3655,2085.518,2704.4973,1911.7896,2229.8354
2007-01-26 09:00:00,1864.0485,2086.9814,2704.8855,1912.5702,2229.907
2007-01-26 10:00:00,1864.6448,2087.6162,2705.6797,1913.2512,2230.8865
2007-01-26 11:00:00,1865.5138,2089.6506,2707.1357,1914.0085,2232.9304
2007-01-26 12:00:00,1866.1301,2090.934,2711.1094,1915.5803,2233.447
2007-01-26 13:00:00,1867.5574,2091.6194,2711.6782,1916.9664,2233.5227
2007-01-26 14:00:00,1868.1024,2092.657,2712.007,1917.4363,2234.2764
2007-01-26 15:00:00,1870.5006,2092.888,2713.0342,1918.215,2234.555
2007-01-26 16:00:00,1871.9484,2093.2627,2714.5,1919.231,2234.7437
2007-01-26 17:00:00,1873.2048,2093.5837,2715.1921,1919.537,2235.9326
2007-01-26 18:00:00,1874.5592,2094.6636,2717.0598,1920.0873,2236.661
2007-01-26 19:00:00,1875.041,2096.7495,2718.8093,1921.5048,2238.9768
2007-01-26 20:00:00,1875.667,2098.4841,2719.2844,1921.9741,2241.8777
2007-01-26 21:00:00,1877.3326,2098.9229,2719.836,1922.257,2242.5557
2007-01-26 22:00:00,1878.9106,2099.318,2722.2021,1923.5276,2243.4697
2007-01-26 23:00:00,1879.9698,2100.801,2723.6626,1924.7825,2244.4326
2007-01-27 00:00:00,1881.5391,2101.0457,2725.6045,1926.569,2244.495
2007-01-27 01:00:00,1881.8042,2103.2998,2726.5833,1928.2227,2245.3179
2007-01-27 02:00:00,1882.1816,2104.5686,2728.2053,1929.1915,2246.1372
2007-01-27 03:00:00,1883.1509,2105.2393,2729.0505,1929.624,2248.1685
2007-01-27 04:00:00,1883.7314,2105.9172,2729.8232,1930.1581,2249.2678
2007-01-27 05:00:00,1884.4641,2106.3938,2730.8965,1931.1072,2251.07
2007-01-27 06:00:00,1884.8661,2107.2546,2731.3398,1931.4348,2251.1914
2007-01-27 07:00:00,1885.7048,2108.2314,2731.8896,1931.5363,2252.7603
2007-01-27 08:00:00,1886.7501,2109.3044,2732.124,1931.803,2254.3787
2007-01-27 09:00:00,1887.4882,2109.7678,2732.6155,1931.8251,2254.497
2007-01-27 10:00:00,1887.9666,2109.8215,2734.1782,1931.9136,2254.5835
2007-01-27 11:00:00,1888.9985,2109.9087,2734.6064,1932.3762,2254.914
2007-01-27 12:00:00,1889.9458,2110.0776,2735.254,1932.4518,2255.2146
2007-01-27 13:00:00,1890.2794,2110.5552,2736.1294,1933.097,2256.362
2007-01-27 14:00:00,1890.8274,2110.9329,2736.4573,1933.3658,2257.0588
2007-01-27 15:00:00,1891.2637,2111.159,2737.0217,1933.5061,2257.402
2007-01-27 16:00:00,1891.5032,2111.3013,2737.471,1933.7557,2257.5332
2007-01-27 17:00:00,1891.6562,2111.505,2737.6746,1933.9529,2258.0403
2007-01-27 18:00:00,1891.8232,2111.5413,2737.8933,1934.1489,2258.4001
2007-01-27 19:00:00,1891.8782,2111.5981,2738.1833,1934.3239,2258.8577
2007-01-27 20:00:00,1891.9524,2111.873,2738.4324,1934.6382,2259.8083
2007-01-27 21:00:00,1892.2787,2112.204,2738.6753,1934.9165,2260.7073
2007-01-27 22:00:00,1892.7299,2112.8906,2739.0771,1935.3188,2261.6772
2007-01-27 23:00:00,1893.4053,2113.687,2739.7292,1935.879,2262.6956
2007-01-28 00:00:00,1894.386,2114.662,2740.8376,1936.7452,2263.6099
2007-01-28 01:00:00,1895.6445,2115.24,2741.557,1937.2249,2263.775
2007-01-28 02:00:00,1896.3242,2115.5168,2741.576,1937.3777,2264.139
2007-01-28 03:00:00,1896.3324,2115.6328,2741.6543,1937.63,2264.8503
2007-01-28 04:00:00,1896.7069,2116.0842,2741.8699,1938.8024,2266.0583
2007-01-28 05:00:00,1897.6692,2117.04,2742.5942,1939.5996,2266.5908
2007-01-28 06:00:00,1898.4142,2117.6704,2743.535,1940.2795,2267.2805
2007-01-28 07:00:00,1899.0302,2118.3804,2744.2808,1940.9021,2267.9524
2007-01-28 08:00:00,1899.4131,2119.0786,2744.5369,1941.0394,2268.4446
2007-01-28 09:00:00,1899.985,2119.294,2745.0361,1941.2493,2268.786
2007-01-28 10:00:00,1900.694,2119.4526,2745.6016,1941.8325,2269.6038
2007-01-28 11:00:00,1901.5846,2119.5007,2746.3633,1941.927,2269.6404
2007-01-28 12:00:00,1902.5555,2119.6042,2746.8718,1942.0375,2270.4644
2007-01-28 13:00:00,1903.4083,2120.1465,2747.4265,1942.42,2272.4758
2007-01-28 14:00:00,1904.083,2120.8118,2749.034,1943.893,2272.962
2007-01-28 15:00:00,1905.932,2121.683,2750.677,1945.9065,2273.4146
2007-01-28 16:00:00,1907.8065,2122.2993,2751.864,1946.3452,2274.1199
2007-01-28 17:00:00,1908.4496,2123.0652,2752.2124,1947.1062,2277.0488
2007-01-28 18:00:00,1912.1431,2123.3508,2753.87,1948.234,2278.2239
2007-01-28 19:00:00,1912.8376,2125.5974,2753.947,1949.7565,2279.2144
2007-01-28 20:00:00,1913.1427,2125.6047,2754.276,1949.8097,2279.7585
2007-01-28 21:00:00,1913.1427,2125.7593,2754.276,1949.8248,2280.008
2007-01-28 22:00:00,1913.1427,2125.7593,2754.276,1949.8248,2280.008
2007-01-28 23:00:00,1913.1427,2125.7593,2754.276,1949.8248,2280.008
2007-01-29 00:00:00,1913.1511,2125.7593,2754.276,1949.8248,2280.008
2007-01-29 01:00:00,1913.1511,2125.7593,2754.4124,1949.8248,2280.1252
2007-01-29 02:00:00,1913.1511,2125.774,2755.2144,1949.913,2280.7842
2007-01-29 03:00:00,1913.1716,2126.401,2755.9863,1950.0593,2281.129
2007-01-29 04:00:00,1913.4221,2127.3362,2756.6208,1950.1337,2282.2024
2007-01-29 05:00:00,1913.605,2127.5923,2756.6233,1950.1404,2282.2024
2007-01-29 06:00:00,1913.605,2127.605,2756.6233,1950.1418,2282.483
2007-01-29 07:00:00,1913.605,2127.605,2756.6233,1950.1418,2283.0588
2007-01-29 08:00:00,1913.6064,2127.605,2756.6233,1950.1663,2283.3196
2007-01-29 09:00:00,1913.6093,2127.605,2756.6233,1950.1818,2283.3975
2007-01-29 10:00:00,1913.6805,2127.605,2756.6377,1950.1818,2283.3975
2007-01-29 11:00:00,1913.8209,2127.605,2756.8196,1950.2032,2283.3975
2007-01-29 12:00:00,1914.0334,2127.7678,2757.1006,1950.2664,2283.584
2007-01-29 13:00:00,1914.256,2127.967,2757.4639,1950.3091,2283.8997
2007-01-29 14:00:00,1914.4788,2128.1797,2757.8025,1950.4587,2285.038
2007-01-29 15:00:00,1914.844,2128.4526,2758.077,1950.7251,2286.227
2007-01-29 16:00:00,1915.4471,2129.4233,2758.8047,1951.1808,2288.2834
2007-01-29 17:00:00,1916.7266,2131.1685,2759.9897,1952.1027,2290.988
2007-01-29 18:00:00,1918.1664,2133.1553,2761.28,1953.4518,2293.0054
2007-01-29 19:00:00,1919.71,2134.4126,2762.073,1954.7653,2293.6775
2007-01-29 20:00:00,1920.7151,2134.4233,2762.3127,1955.0691,2293.7861
2007-01-29 21:00:00,1920.9167,2134.4233,2762.3127,1955.2562,2293.7998
2007-01-29 22:00:00,1920.9167,2134.4233,2762.3127,1955.4176,2293.7998
2007-01-29 23:00:00,1921.0203,2134.4233,2762.3127,1955.4724,2293.7998
2007-01-30 00:00:00,1921.1342,2134.4233,2762.3127,1955.788,2293.7998
2007-01-30 01:00:00,1921.24,2134.4233,2762.4165,1956.2832,2293.7998
2007-01-30 02:00:00,1921.3936,2134.4233,2762.4285,1956.7415,2293.7998
2007-01-30 03:00:00,1921.5343,2134.4233,2762.432,1957.4385,2293.7998
2007-01-30 04:00:00,1921.9006,2134.4233,2762.53,1958.1964,2293.7998
2007-01-30 05:00:00,1923.619,2134.4233,2762.5918,1958.468,2293.8213
2007-01-30 06:00:00,1924.5281,2134.4233,2762.5918,1958.5679,2294.0334
2007-01-30 07:00:00,1925.4225,2134.501,2762.7007,1958.7854,2294.2202
2007-01-30 08:00:00,1926.0074,2134.5916,2762.7761,1958.856,2295.095
2007-01-30 09:00:00,1926.1128,2135.3252,2763.5457,1959.2574,2296.224
2007-01-30 10:00:00,1926.1704,2136.0964,2764.1711,1959.3925,2297.7908
2007-01-30 11:00:00,1926.2446,2136.7715,2764.6426,1959.8569,2299.1362
2007-01-30 12:00:00,1926.3436,2137.5369,2765.0261,1960.1996,2300.5518
2007-01-30 13:00:00,1926.5026,2137.9116,2766.7588,1960.6128,2301.4353
2007-01-30 14:00:00,1926.6876,2138.9866,2768.8494,1961.4678,2301.723
2007-01-30 15:00:00,1927.1887,2139.7517,2771.3926,1963.3705,2302.4993
2007-01-30 16:00:00,1927.863,2140.165,2775.0146,1965.0461,2302.8105
2007-01-30 17:00:00,1928.3145,2140.7048,2777.2632,1966.2037,2303.1743
2007-01-30 18:00:00,1929.4915,2142.7627,2779.9133,1967.7596,2303.6553
2007-01-30 19:00:00,1929.6863,2143.12,2782.3745,1968.6553,2303.8542
2007-01-30 20:00:00,1929.8811,2143.3923,2785.043,1969.8792,2304.8625
2007-01-30 21:00:00,1929.9792,2143.7905,2785.8975,1971.4594,2306.367
2007-01-30 22:00:00,1930.4539,2143.8188,2786.146,1971.6691,2308.0813
2007-01-30 23:00:00,1931.2605,2144.6675,2788.1792,1972.2914,2310.4836
2007-01-31 00:00:00,1931.7468,2145.5261,2789.608,1973.0598,2311.9438
2007-01-31 01:00:00,1932.0221,2145.58,2789.699,1973.1453,2311.9438
2007-01-31 02:00:00,1932.0647,2145.7117,2789.7212,1973.1453,2311.9438
2007-01-31 03:00:00,1932.0647,2145.7117,2789.9473,1973.1891,2312.3867
2007-01-31 04:00:00,1932.0663,2145.7683,2789.9563,1973.1891,2312.7534
2007-01-31 05:00:00,1932.0663,2146.3694,2790.0137,1973.2913,2313.585
2007-01-31 06:00:00,1932.4747,2147.6074,2790.719,1974.6101,2314.4907
2007-01-31 07:00:00,1933.3453,2149.1228,2791.8086,1976.2178,2315.8494
2007-01-31 08:00:00,1933.7091,2149.9097,2793.299,1977.0123,2316.7239
2007-01-31 09:00:00,1933.813,2149.9863,2794.5076,1977.2426,2317.0332
2007-01-31 10:00:00,1933.8519,2149.9875,2795.0557,1977.2446,2317.65
2007-01-31 11:00:00,1933.8906,2149.9875,2795.0637,1977.2446,2317.65
2007-01-31 12:00:00,1933.8906,2149.9976,2795.0637,1977.2446,2318.7505
2007-01-31 13:00:00,1934.2145,2150.1345,2795.699,1977.4323,2319.4807
2007-01-31 14:00:00,1934.2937,2152.443,2795.857,1977.7621,2322.4956
2007-01-31 15:00:00,1934.7712,2152.6187,2795.8862,1978.0823,2323.7314
2007-01-31 16:00:00,1934.8632,2154.497,2796.3467,1978.357,2325.4426
2007-01-31 17:00:00,1935.8998,2155.972,2796.7258,1978.5956,2327.4001
2007-01-31 18:00:00,1936.4673,2156.2693,2797.2163,1978.9312,2327.4001
2007-01-31 19:00:00,1936.4673,2156.2693,2797.5483,1978.9312,2327.6296
2007-01-31 20:00:00,1936.5,2156.3796,2797.5732,1978.942,2327.842
2007-01-31 21:00:00,1936.5822,2156.5408,2797.5732,1978.942,2327.842
2007-01-31 22:00:00,1936.5822,2156.5408,2797.5732,1978.942,2327.842
2007-01-31 23:00:00,1936.5822,2156.5408,2797.5732,1978.942,2327.842
2007-02-01 00:00:00,1936.5822,2156.5408,2797.5732,1978.942,2327.842
2007-02-01 01:00:00,1936.5822,2156.5408,2797.5732,1978.942,2327.842
2007-02-01 02:00:00,1936.5822,2156.5408,2797.5732,1978.942,2327.842
2007-02-01 03:00:00,1936.5822,2156.5408,2797.5732,1978.942,2327.842
2007-02-01 04:00:00,1936.5822,2156.5408,2797.5732,1978.942,2327.842
2007-02-01 05:00:00,1936.5822,2156.5408,2797.5732,1978.942,2327.842
2007-02-01 06:00:00,1936.5919,2156.7593,2797.6758,1978.9758,2327.8943
2007-02-01 07:00:00,1936.781,2157.4832,2797.7979,1979.2977,2328.2554
2007-02-01 08:00:00,1937.0461,2158.2256,2797.87,1979.8845,2328.4675
2007-02-01 09:00:00,1937.3837,2158.9744,2798.419,1980.6592,2328.7642
2007-02-01 10:00:00,1938.0571,2160.153,2798.7856,1981.9143,2329.4136
2007-02-01 11:00:00,1939.2014,2161.3118,2799.4207,1983.405,2330.294
2007-02-01 12:00:00,1940.4294,2162.5073,2800.3098,1984.8925,2331.1956
2007-02-01 13:00:00,1941.7611,2163.756,2801.555,1986.1567,2331.6904
2007-02-01 14:00:00,1942.9432,2164.6626,2802.9495,1987.2908,2332.1213
2007-02-01 15:00:00,1943.7482,2165.17,2805.0156,1987.8613,2332.694
2007-02-01 16:00:00,1944.2523,2165.2368,2805.797,1988.0228,2332.9048
2007-02-01 17:00:00,1944.2565,2165.6611,2805.797,1988.3025,2333.2422
2007-02-01 18:00:00,1944.3798,2165.9683,2805.797,1988.4463,2333.6575
2007-02-01 19:00:00,1944.4716,2166.2937,2805.797,1988.4463,2334.1516
2007-02-01 20:00:00,1944.5236,2166.3826,2805.797,1988.4501,2334.2769
2007-02-01 21:00:00,1944.53,2166.5732,2805.797,1988.4501,2334.3457
2007-02-01 22:00:00,1944.5417,2166.641,2805.797,1988.4501,2334.4963
2007-02-01 23:00:00,1944.5515,2166.7642,2805.9922,1988.485,2335.8125
2007-02-02 00:00:00,1944.576,2167.1384,2806.9534,1989.1512,2337.1475
2007-02-02 01:00:00,1944.6228,2167.6455,2808.9573,1989.9863,2339.008
2007-02-02 02:00:00,1944.7284,2168.1929,2811.6477,1991.3147,2341.0525
2007-02-02 03:00:00,1944.8352,2169.491,2817.5671,1994.8541,2343.9497
2007-02-02 04:00:00,1944.9745,2171.4993,2823.8992,1999.9935,2346.699
2007-02-02 05:00:00,1945.1698,2172.541,2825.7263,2001.904,2347.594
2007-02-02 06:00:00,1945.5967,2173.017,2826.5476,2003.7708,2349.5735
2007-02-02 07:00:00,1946.1056,2173.515,2828.677,2004.8926,2352.7314
2007-02-02 08:00:00,1946.3959,2175.568,2831.9465,2006.0516,2355.046
2007-02-02 09:00:00,1947.5559,2177.3096,2833.8113,2007.1248,2357.1094
2007-02-02 10:00:00,1948.1724,2179.1282,2834.2334,2008.654,2358.6182
2007-02-02 11:00:00,1948.2722,2179.7195,2834.9197,2009.1646,2359.0935
2007-02-02 12:00:00,1949.1014,2179.7683,2835.1538,2009.9307,2359.5889
2007-02-02 13:00:00,1950.5648,2180.0,2835.297,2011.115,2359.802
2007-02-02 14:00:00,1951.2212,2181.165,2835.3088,2013.0054,2359.8628
2007-02-02 15:00:00,1952.0159,2181.6118,2835.94,2013.612,2360.124
2007-02-02 16:00:00,1952.145,2182.0623,2837.9238,2013.8413,2360.154
2007-02-02 17:00:00,1953.2379,2182.9182,2838.5518,2014.1947,2360.346
2007-02-02 18:00:00,1953.4617,2183.0562,2838.6084,2014.3492,2360.346
2007-02-02 19:00:00,1953.8027,2183.456,2838.6084,2014.5981,2360.3958
2007-02-02 20:00:00,1953.8049,2183.6147,2838.6084,2014.7406,2360.4348
2007-02-02 21:00:00,1953.8495,2183.7466,2838.7148,2014.7596,2360.4827
2007-02-02 22:00:00,1953.8495,2184.0312,2838.7253,2014.765,2360.4827
2007-02-02 23:00:00,1953.8495,2184.0312,2838.7253,2014.765,2360.4827
2007-02-03 00:00:00,1953.8495,2184.0312,2838.7253,2014.765,2360.4827
2007-02-03 01:00:00,1953.8495,2184.0312,2838.7253,2014.765,2360.4827
2007-02-03 02:00:00,1953.8495,2184.0312,2838.7253,2014.765,2360.4827
2007-02-03 03:00:00,1953.8495,2184.0312,2838.7253,2014.765,2360.4827
2007-02-03 04:00:00,1953.8495,2184.0312,2838.7253,2014.765,2360.4883
2007-02-03 05:00:00,1953.8495,2184.0312,2838.7253,2014.8027,2360.766
2007-02-03 06:00:00,1953.8495,2184.1335,2838.7253,2014.8071,2361.3745
2007-02-03 07:00:00,1953.8738,2184.5254,2838.8083,2015.2466,2362.6292
2007-02-03 08:00:00,1954.0592,2184.7673,2839.418,2015.5522,2363.2915
2007-02-03 09:00:00,1954.2278,2184.7673,2839.8313,2015.6177,2363.5952
2007-02-03 10:00:00,1954.4073,2184.8262,2839.9163,2015.6533,2363.806
2007-02-03 11:00:00,1954.5236,2184.8262,2839.9429,2015.6533,2363.9397
2007-02-03 12:00:00,1954.582,2184.8262,2839.9429,2015.6533,2364.143
2007-02-03 13:00:00,1954.5896,2184.8262,2839.9429,2015.6533,2364.3423
2007-02-03 14:00:00,1954.5896,2184.8262,2839.9429,2015.6533,2364.577
2007-02-03 15:00:00,1954.5896,2184.8262,2840.0034,2015.7537,2364.8582
2007-02-03 16:00:00,1954.5896,2184.8262,2840.091,2015.8274,2365.2524
2007-02-03 17:00:00,1954.5896,2184.8262,2840.091,2015.8274,2365.807
2007-02-03 18:00:00,1954.696,2184.8335,2840.1614,2015.8416,2366.7708
2007-02-03 19:00:00,1954.7109,2184.8591,2840.7375,2015.9244,2368.4448
2007-02-03 20:00:00,1954.7109,2184.8762,2840.9038,2015.925,2369.0916
2007-02-03 21:00:00,1954.7109,2184.9133,2840.9478,2015.9688,2369.2075
2007-02-03 22:00:00,1954.7109,2185.0176,2841.5613,2015.9817,2369.4226
2007-02-03 23:00:00,1954.7109,2185.0679,2841.8115,2016.0203,2370.086
2007-02-04 00:00:00,1955.1383,2185.9456,2842.9478,2016.1539,2370.0972
2007-02-04 01:00:00,1955.3009,2185.968,2844.589,2016.1726,2370.8335
2007-02-04 02:00:00,1957.0872,2186.2163,2846.5525,2016.7156,2371.9023
2007-02-04 03:00:00,1957.5142,2186.7458,2847.6765,2017.5221,2372.1138
2007-02-04 04:00:00,1957.7258,2186.844,2847.907,2018.0479,2372.1138
2007-02-04 05:00:00,1957.7288,2186.844,2848.0305,2018.0479,2372.1138
2007-02-04 06:00:00,1958.0563,2186.882,2849.1223,2018.0912,2372.267
2007-02-04 07:00:00,1958.6455,2187.255,2851.3533,2018.2296,2372.7744
2007-02-04 08:00:00,1960.458,2187.424,2853.2659,2019.7013,2373.7964
2007-02-04 09:00:00,1961.4606,2188.7166,2854.8284,2022.3436,2376.8062
2007-02-04 10:00:00,1961.6201,2189.7324,2855.5176,2023.4144,2378.5173
2007-02-04 11:00:00,1963.7277,2189.9744,2859.1523,2024.3318,2379.0571
2007-02-04 12:00:00,1964.6202,2190.975,2860.6252,2026.4573,2384.2383
2007-02-04 13:00:00,1964.7327,2193.2456,2860.9573,2028.4756,2384.876
2007-02-04 14:00:00,1964.8774,2193.8218,2861.6619,2028.961,2387.8057
2007-02-04 15:00:00,1965.3505,2195.5425,2862.6062,2030.925,2389.087
2007-02-04 16:00:00,1966.501,2196.6921,2866.4285,2032.2891,2394.2964
2007-02-04 17:00:00,1966.9182,2197.5942,2866.7114,2034.1172,2394.4512
2007-02-04 18:00:00,1966.9291,2197.9233,2867.4158,2034.1886,2394.786
2007-02-04 19:00:00,1967.3258,2198.3904,2869.0195,2034.7686,2394.786
2007-02-04 20:00:00,1967.4126,2198.4546,2869.4905,2034.8092,2395.097
2007-02-04 21:00:00,1969.338,2199.8025,2871.8533,2035.1804,2396.774
2007-02-04 22:00:00,1970.5011,2200.6777,2872.9653,2035.7704,2397.7686
2007-02-04 23:00:00,1971.7439,2201.1118,2873.4014,2036.9622,2398.075
2007-02-05 00:00:00,1972.0157,2201.1418,2873.9175,2036.9741,2398.075
2007-02-05 01:00:00,1972.6111,2201.1418,2874.2434,2036.9741,2398.2532
2007-02-05 02:00:00,1972.612,2201.2107,2874.2854,2037.0907,2399.1135
2007-02-05 03:00:00,1972.612,2202.0083,2874.7913,2037.2245,2400.1833
2007-02-05 04:00:00,1973.5112,2203.5852,2877.482,2038.4712,2402.9583
2007-02-05 05:00:00,1975.5016,2206.1467,2879.2075,2040.6152,2404.479
2007-02-05 06:00:00,1976.7302,2207.704,2880.2236,2041.0148,2405.8184
2007-02-05 07:00:00,1978.0972,2210.2974,2881.2378,2042.654,2406.4583
2007-02-05 08:00:00,1978.8768,2210.5596,2882.0671,2045.1714,2406.912
2007-02-05 09:00:00,1979.4117,2211.4775,2883.1663,2046.05,2407.597
2007-02-05 10:00:00,1981.0122,2211.4775,2883.464,2046.0922,2408.129
2007-02-05 11:00:00,1982.5948,2211.7158,2884.8574,2046.9154,2409.0483
2007-02-05 12:00:00,1982.8461,2212.9429,2885.1592,2047.2379,2410.1658
2007-02-05 13:00:00,1983.4192,2213.0767,2886.0024,2047.3185,2411.149
2007-02-05 14:00:00,1983.802,2213.7766,2887.3428,2047.4545,2411.809
2007-02-05 15:00:00,1984.4531,2214.2642,2887.4248,2047.6753,2412.0298
2007-02-05 16:00:00,1984.9218,2214.36,2887.6787,2047.6804,2412.179
2007-02-05 17:00:00,1985.4183,2214.36,2888.3018,2047.6804,2412.3125
2007-02-05 18:00:00,1985.8403,2214.4028,2889.7349,2047.7297,2412.378
2007-02-05 19:00:00,1985.9694,2214.4858,2890.2927,2047.7485,2412.732
2007-02-05 20:00:00,1985.9751,2214.503,2890.2927,2047.7485,2412.9607
2007-02-05 21:00:00,1985.9751,2214.503,2890.2927,2047.7485,2412.9607
2007-02-05 22:00:00,1985.9751,2214.503,2890.2927,2047.7485,2412.9607
2007-02-05 23:00:00,1985.9751,2214.503,2890.2927,2047.7485,2412.9607
2007-02-06 00:00:00,1985.9751,2214.503,2890.2927,2047.7485,2412.9607
2007-02-06 01:00:00,1985.9751,2214.503,2890.2927,2047.7485,2412.9607
2007-02-06 02:00:00,1985.9751,2214.503,2890.2927,2047.7485,2412.9607
2007-02-06 03:00:00,1985.9751,2214.503,2890.2927,2047.7485,2412.9607
2007-02-06 04:00:00,1985.9751,2214.503,2890.2927,2047.7485,2412.9607
2007-02-06 05:00:00,1985.9751,2214.503,2890.2927,2047.7485,2412.9607
2007-02-06 06:00:00,1985.9751,2214.503,2890.2927,2047.7485,2412.9607
2007-02-06 07:00:00,1985.9751,2214.503,2890.2927,2047.7485,2412.9607
2007-02-06 08:00:00,1985.9751,2214.503,2890.2927,2047.7485,2412.9607
2007-02-06 09:00:00,1985.9751,2214.503,2890.2927,2047.7485,2412.9607
2007-02-06 10:00:00,1985.9751,2214.503,2890.2927,2047.7485,2412.9607
2007-02-06 11:00:00,1985.9751,2214.503,2890.2927,2047.7485,2412.9607
2007-02-06 12:00:00,1985.9751,2214.503,2890.2927,2047.7485,2412.9607
2007-02-06 13:00:00,1985.9751,2214.503,2890.2927,2047.7485,2412.9607
2007-02-06 14:00:00,1985.9751,2214.503,2890.2927,2047.7485,2412.9607
2007-02-06 15:00:00,1985.9751,2214.503,2890.2927,2047.7485,2412.9607
2007-02-06 16:00:00,1985.9751,2214.503,2890.2927,2047.7485,2412.9607
2007-02-06 17:00:00,1985.9751,2214.503,2890.2927,2047.7485,2412.9607
2007-02-06 18:00:00,1985.9751,2214.503,2890.2927,2047.7485,2412.9607
2007-02-06 19:00:00,1985.9751,2214.503,2890.2927,2047.7485,2412.9607
2007-02-06 20:00:00,1985.9751,2214.503,2890.2927,2047.7485,2412.9607
2007-02-06 21:00:00,1985.9751,2214.503,2890.2927,2047.7485,2412.9607
2007-02-06 22:00:00,1985.9751,2214.503,2890.2927,2047.7485,2412.9607
2007-02-06 23:00:00,1985.9751,2214.503,2890.2927,2047.7485,2412.9607
2007-02-07 00:00:00,1985.9751,2214.503,2890.2927,2047.7485,2412.9607
2007-02-07 01:00:00,1985.9751,2214.503,2890.2927,2047.7485,2412.9607
2007-02-07 02:00:00,1985.9751,2214.503,2890.2927,2047.7485,2412.9607
2007-02-07 03:00:00,1985.9751,2214.503,2890.2927,2047.7485,2412.9607
2007-02-07 04:00:00,1985.9751,2214.503,2890.2927,2047.7485,2412.9607
2007-02-07 05:00:00,1985.9751,2214.503,2890.2927,2047.7485,2412.9607
2007-02-07 06:00:00,1985.9751,2214.503,2890.2927,2047.7485,2412.9607
2007-02-07 07:00:00,1985.9751,2214.503,2890.2927,2047.7485,2412.9607
2007-02-07 08:00:00,1985.9751,2214.503,2890.2927,2047.7485,2412.9607
2007-02-07 09:00:00,1985.9751,2214.503,2890.2927,2047.7485,2412.9607
2007-02-07 10:00:00,1985.9751,2214.503,2890.2927,2047.7485,2412.9607
2007-02-07 11:00:00,1985.9751,2214.503,2890.2927,2047.7485,2412.9607
2007-02-07 12:00:00,1985.9751,2214.503,2890.2927,2047.7485,2412.9607
2007-02-07 13:00:00,1985.9751,2214.503,2890.2927,2047.7485,2412.9607
2007-02-07 14:00:00,1985.9751,2214.503,2890.2927,2047.7485,2412.9607
2007-02-07 15:00:00,1985.9751,2214.503,2890.2927,2047.7485,2412.9607
2007-02-07 16:00:00,1985.9751,2214.503,2890.2927,2047.7485,2412.9607
2007-02-07 17:00:00,1985.9751,2214.503,2890.2927,2047.7485,2412.9607
2007-02-07 18:00:00,1985.9751,2214.503,2890.2927,2047.7485,2412.9607
2007-02-07 19:00:00,1985.9751,2214.503,2890.2927,2047.7485,2412.9607
2007-02-07 20:00:00,1985.9751,2214.503,2890.2927,2047.7485,2412.9607
2007-02-07 21:00:00,1985.9751,2214.503,2890.2927,2047.7485,2412.9607
2007-02-07 22:00:00,1985.9751,2214.503,2890.2927,2047.7485,2412.9607
2007-02-07 23:00:00,1985.9751,2214.503,2890.2927,2047.7485,2412.9607
2007-02-08 00:00:00,1985.9751,2214.503,2890.2927,2047.7485,2412.9607
2007-02-08 01:00:00,1985.9751,2214.503,2890.2927,2047.7485,2412.9607
2007-02-08 02:00:00,1985.9751,2214.503,2890.2927,2047.7485,2412.9607
2007-02-08 03:00:00,1985.9751,2214.503,2890.2927,2047.7485,2412.9607
2007-02-08 04:00:00,1985.9751,2214.503,2890.2927,2047.7485,2412.9607
2007-02-08 05:00:00,1985.9751,2214.503,2890.2927,2047.7485,2412.9607
2007-02-08 06:00:00,1985.9751,2214.503,2890.2927,2047.7485,2412.9607
2007-02-08 07:00:00,1985.9751,2214.503,2890.2927,2047.7485,2412.9607
2007-02-08 08:00:00,1985.9751,2214.503,2890.2927,2047.7485,2412.9607
2007-02-08 09:00:00,1985.9751,2214.503,2890.2927,2047.7485,2412.9607
2007-02-08 10:00:00,1985.9751,2214.503,2890.2927,2047.7485,2412.9607
2007-02-08 11:00:00,1985.9751,2214.503,2890.2927,2047.7485,2412.9607
2007-02-08 12:00:00,1985.9751,2214.503,2890.2927,2047.7485,2412.9607
2007-02-08 13:00:00,1985.9751,2214.503,2890.2927,2047.7485,2412.9607
2007-02-08 14:00:00,1985.9751,2214.503,2890.2927,2047.7485,2412.9607
2007-02-08 15:00:00,1985.9751,2214.503,2890.2927,2047.7485,2412.9607
2007-02-08 16:00:00,1985.9751,2214.503,2890.2927,2047.7485,2412.9607
2007-02-08 17:00:00,1985.9751,2214.503,2890.2927,2047.7485,2412.9607
2007-02-08 18:00:00,1985.9751,2214.503,2890.2927,2047.7485,2412.9607
2007-02-08 19:00:00,1985.9751,2214.503,2890.2927,2047.7485,2412.9607
2007-02-08 20:00:00,1985.9751,2214.503,2890.2927,2047.7485,2412.9607
2007-02-08 21:00:00,1985.9751,2214.503,2890.2927,2047.7485,2412.9607
2007-02-08 22:00:00,1985.9751,2214.503,2890.2927,2047.7485,2412.9607
2007-02-08 23:00:00,1985.9751,2214.503,2890.2927,2047.7485,2412.9607
2007-02-09 00:00:00,1985.9751,2214.503,2890.2927,2047.7485,2412.9607
2007-02-09 01:00:00,1985.9751,2214.503,2890.2927,2047.7485,2412.9607
2007-02-09 02:00:00,1985.9751,2214.503,2890.2927,2047.7485,2412.9607
2007-02-09 03:00:00,1985.9751,2214.503,2890.2927,2047.7485,2412.9607
2007-02-09 04:00:00,1985.9751,2214.503,2890.2927,2047.7485,2412.9607
2007-02-09 05:00:00,1985.9751,2214.503,2890.2927,2047.7485,2412.9607
2007-02-09 06:00:00,1985.9751,2214.503,2890.2927,2047.7485,2412.9607
2007-02-09 07:00:00,1985.9751,2214.503,2890.2927,2047.7485,2412.9607
2007-02-09 08:00:00,1985.9751,2214.503,2890.2927,2047.7485,2412.9607
2007-02-09 09:00:00,1985.9751,2214.503,2890.2927,2047.7485,2412.9607
2007-02-09 10:00:00,1985.9751,2214.503,2890.2927,2047.7485,2412.9607
2007-02-09 11:00:00,1985.9751,2214.503,2890.2927,2047.7485,2412.9607
2007-02-09 12:00:00,1985.9751,2214.503,2890.2927,2047.7485,2412.9607
2007-02-09 13:00:00,1985.9751,2214.503,2890.2927,2047.7485,2412.9607
2007-02-09 14:00:00,1985.9751,2214.503,2890.2927,2047.7485,2412.9607
2007-02-09 15:00:00,1985.9751,2214.503,2890.2927,2047.7485,2412.9607
2007-02-09 16:00:00,1985.9751,2214.503,2890.2927,2047.7485,2412.9607
2007-02-09 17:00:00,1985.9751,2214.503,2890.2927,2047.7485,2412.9607
2007-02-09 18:00:00,1985.9751,2214.503,2890.2927,2047.7485,2412.9607
2007-02-09 19:00:00,1985.9751,2214.503,2890.2927,2047.7485,2412.9607
2007-02-09 20:00:00,1985.9751,2214.503,2890.2927,2047.7485,2412.9607
2007-02-09 21:00:00,1985.9751,2214.503,2890.2927,2047.7485,2412.9607
2007-02-09 22:00:00,1985.9751,2214.503,2890.2927,2047.7485,2412.9607
2007-02-09 23:00:00,1985.9751,2214.503,2890.2927,2047.7485,2412.9607
2007-02-10 00:00:00,1985.9751,2214.503,2890.2927,2047.7485,2412.9607
2007-02-10 01:00:00,1985.9751,2214.503,2890.2927,2047.7485,2412.9607
2007-02-10 02:00:00,1985.9751,2214.503,2890.2927,2047.7485,2412.9607
2007-02-10 03:00:00,1985.9751,2214.503,2890.2927,2047.7485,2412.9607
2007-02-10 04:00:00,1985.9751,2214.503,2890.2927,2047.7485,2412.9607
2007-02-10 05:00:00,1985.9751,2214.503,2890.2927,2047.7485,2412.9607
2007-02-10 06:00:00,1985.9751,2214.503,2890.2927,2047.7485,2412.9607
2007-02-10 07:00:00,1985.9751,2214.503,2890.2927,2047.7485,2412.9607
2007-02-10 08:00:00,1985.9751,2214.503,2890.2927,2047.7485,2412.9607
2007-02-10 09:00:00,1985.9751,2214.503,2890.2927,2047.7485,2412.9607
2007-02-10 10:00:00,1985.9751,2214.503,2890.2927,2047.7485,2412.9607
2007-02-10 11:00:00,1985.9751,2214.503,2890.2927,2047.7485,2412.9607
2007-02-10 12:00:00,1985.9751,2214.503,2890.2927,2047.7485,2412.9607
2007-02-10 13:00:00,1985.9751,2214.503,2890.2927,2047.7485,2412.9607
2007-02-10 14:00:00,1985.9751,2214.503,2890.2927,2047.7485,2412.9607
2007-02-10 15:00:00,1985.9751,2214.503,2890.2927,2047.7485,2412.9607
2007-02-10 16:00:00,1985.9751,2214.503,2890.2927,2047.7485,2412.9607
2007-02-10 17:00:00,1985.9751,2214.503,2890.2927,2047.7485,2412.9607
2007-02-10 18:00:00,1985.9751,2214.503,2890.2927,2047.7485,2412.9607
2007-02-10 19:00:00,1985.9751,2214.503,2890.2927,2047.7485,2412.9607
2007-02-10 20:00:00,1985.9751,2214.503,2890.2927,2047.7485,2412.9607
2007-02-10 21:00:00,1985.9751,2214.503,2890.2927,2047.7485,2412.9607
2007-02-10 22:00:00,1985.9751,2214.503,2890.2927,2047.7485,2412.9607
2007-02-10 23:00:00,1985.9751,2214.503,2890.2927,2047.7485,2412.9607
2007-02-11 00:00:00,1985.9751,2214.503,2890.2927,2047.7485,2412.9607
2007-02-11 01:00:00,1985.9751,2214.503,2890.2927,2047.7485,2412.9607
2007-02-11 02:00:00,1985.9751,2214.503,2890.2927,2047.7485,2412.9607
2007-02-11 03:00:00,1985.9751,2214.503,2890.2927,2047.7485,2412.9607
2007-02-11 04:00:00,1985.9751,2214.503,2890.2927,2047.7485,2412.9607
2007-02-11 05:00:00,1985.9751,2214.503,2890.2927,2047.7485,2412.9607
2007-02-11 06:00:00,1985.9751,2214.503,2890.2927,2047.7485,2412.9607
2007-02-11 07:00:00,1985.9751,2214.503,2890.2927,2047.7485,2412.9607
2007-02-11 08:00:00,1985.9751,2214.503,2890.2927,2047.7485,2412.9607
2007-02-11 09:00:00,1985.9751,2214.503,2890.2927,2047.7485,2412.9607
2007-02-11 10:00:00,1985.9751,2214.503,2890.2927,2047.7485,2412.9607
2007-02-11 11:00:00,1985.9751,2214.503,2890.2927,2047.7485,2412.9607
2007-02-11 12:00:00,1985.9751,2214.503,2890.2927,2047.7485,2412.9607
2007-02-11 13:00:00,1985.9751,2214.503,2890.2927,2047.7485,2412.9607
2007-02-11 14:00:00,1985.9751,2214.503,2890.2927,2047.7485,2412.9607
2007-02-11 15:00:00,1985.9751,2214.503,2890.2927,2047.7485,2412.9607
2007-02-11 16:00:00,1985.9751,2214.503,2890.2927,2047.7485,2412.9607
2007-02-11 17:00:00,1985.9751,2214.503,2890.2927,2047.7485,2412.9607
2007-02-11 18:00:00,1985.9751,2214.503,2890.2927,2047.7485,2412.9607
2007-02-11 19:00:00,1985.9751,2214.503,2890.2927,2047.7485,2412.9607
2007-02-11 20:00:00,1985.9751,2214.503,2890.2927,2047.7485,2412.9607
2007-02-11 21:00:00,1985.9751,2214.503,2890.2927,2047.7485,2412.9607
2007-02-11 22:00:00,1985.9751,2214.503,2890.2927,2047.7485,2412.9607
2007-02-11 23:00:00,1985.9751,2214.503,2890.2927,2047.7485,2412.9607
2007-02-12 00:00:00,1985.9751,2214.503,2890.2927,2047.7485,2412.9607
2007-02-12 01:00:00,1985.9751,2214.503,2890.2927,2047.7485,2412.9607
2007-02-12 02:00:00,1985.9751,2214.503,2890.2927,2047.7485,2412.9607
2007-02-12 03:00:00,1985.9751,2214.503,2890.2927,2047.7485,2412.9607
2007-02-12 04:00:00,1985.9751,2214.503,2890.2927,2047.7485,2412.9607
2007-02-12 05:00:00,1985.9751,2214.503,2890.2927,2047.7485,2412.9607
2007-02-12 06:00:00,1985.9751,2214.503,2890.2927,2047.7485,2412.9607
2007-02-12 07:00:00,1985.9751,2214.503,2890.2927,2047.7485,2412.9607
2007-02-12 08:00:00,1985.9751,2214.503,2890.2927,2047.7485,2412.9607
2007-02-12 09:00:00,1985.9751,2214.503,2890.2927,2047.7485,2412.9607
2007-02-12 10:00:00,1985.9751,2214.503,2890.2927,2047.7485,2412.9607
2007-02-12 11:00:00,1985.9751,2214.503,2890.2927,2047.7485,2412.9607
2007-02-12 12:00:00,1985.9751,2214.503,2890.2927,2047.7485,2412.9607
2007-02-12 13:00:00,1985.9751,2214.503,2890.2927,2047.7485,2412.9607
2007-02-12 14:00:00,1985.9751,2214.503,2890.2927,2047.7485,2412.9607
2007-02-12 15:00:00,1985.9751,2214.503,2890.2927,2047.7485,2412.9607
2007-02-12 16:00:00,1985.9751,2214.503,2890.2927,2047.7485,2412.9607
2007-02-12 17:00:00,1985.9751,2214.503,2890.2927,2047.7485,2412.9607
2007-02-12 18:00:00,1985.9751,2214.503,2890.2927,2047.7485,2412.9607
2007-02-12 19:00:00,1985.9751,2214.503,2890.2927,2047.7485,2412.9607
2007-02-12 20:00:00,1985.9751,2214.503,2890.2927,2047.7485,2412.9607
2007-02-12 21:00:00,1985.9751,2214.503,2890.2927,2047.7485,2412.9607
2007-02-12 22:00:00,1985.9751,2214.503,2890.2927,2047.7485,2412.9607
2007-02-12 23:00:00,1985.9751,2214.503,2890.2927,2047.7485,2412.9607
2007-02-13 00:00:00,1985.9751,2214.503,2890.2927,2047.7485,2412.9607
2007-02-13 01:00:00,1985.9751,2214.503,2890.2927,2047.7485,2412.9607
2007-02-13 02:00:00,1985.9751,2214.503,2890.2927,2047.7485,2412.9607
2007-02-13 03:00:00,1985.9751,2214.503,2890.2927,2047.7485,2412.9607
2007-02-13 04:00:00,1985.9751,2214.503,2890.2927,2047.7485,2412.9607
2007-02-13 05:00:00,1985.9751,2214.503,2890.2927,2047.7485,2412.9607
2007-02-13 06:00:00,1985.9751,2214.503,2890.2927,2047.7485,2412.9607
2007-02-13 07:00:00,1985.9751,2214.503,2890.2927,2047.7485,2412.9607
2007-02-13 08:00:00,1985.9751,2214.503,2890.2927,2047.7485,2412.9607
2007-02-13 09:00:00,1985.9751,2214.503,2890.2927,2047.7485,2412.9607
2007-02-13 10:00:00,1985.9751,2214.503,2890.2927,2047.7485,2412.9607
2007-02-13 11:00:00,1985.9751,2214.503,2890.2927,2047.7485,2412.9607
2007-02-13 12:00:00,1985.9751,2214.503,2890.2927,2047.7485,2412.9607
2007-02-13 13:00:00,1985.9751,2214.503,2890.2927,2047.7485,2412.9607
2007-02-13 14:00:00,1985.9751,2214.503,2890.2927,2047.7485,2412.9607
2007-02-13 15:00:00,1985.9751,2214.503,2890.2927,2047.7485,2412.9607
2007-02-13 16:00:00,1985.9751,2214.503,2890.2927,2047.7485,2412.9607
2007-02-13 17:00:00,1985.9751,2214.503,2890.2927,2047.7485,2412.9607
2007-02-13 18:00:00,1985.9751,2214.503,2890.2927,2047.7485,2412.9607
2007-02-13 19:00:00,1985.9751,2214.503,2890.2927,2047.7485,2412.9607
2007-02-13 20:00:00,1985.9751,2214.503,2890.2927,2047.7485,2412.9607
2007-02-13 21:00:00,1985.9751,2214.503,2890.2927,2047.7485,2412.9607
2007-02-13 22:00:00,1985.9751,2214.503,2890.2927,2047.7485,2412.9607
2007-02-13 23:00:00,1985.9751,2214.503,2890.2927,2047.7485,2412.9607
2007-02-14 00:00:00,1985.9751,2214.503,2890.2927,2047.7485,2412.9607
2007-02-14 01:00:00,1985.9751,2214.503,2890.2927,2047.7485,2412.9607
2007-02-14 02:00:00,1985.9751,2214.503,2890.2927,2047.7485,2412.9607
2007-02-14 03:00:00,1985.9751,2214.503,2890.2927,2047.7485,2412.9607
2007-02-14 04:00:00,1985.9751,2214.503,2890.2927,2047.7485,2412.9607
2007-02-14 05:00:00,1985.9751,2214.503,2890.2927,2047.8148,2412.9607
2007-02-14 06:00:00,1985.9751,2214.503,2890.2927,2047.8385,2412.9607
2007-02-14 07:00:00,1985.9751,2214.503,2890.2927,2047.8385,2412.9607
2007-02-14 08:00:00,1985.9751,2214.503,2890.2927,2047.8385,2412.9607
2007-02-14 09:00:00,1985.9751,2214.503,2890.2927,2047.8385,2412.9607
2007-02-14 10:00:00,1985.9751,2214.503,2890.2927,2047.8385,2412.9607
2007-02-14 11:00:00,1985.9751,2214.503,2890.2927,2047.8385,2412.9607
2007-02-14 12:00:00,1985.9751,2214.503,2890.2927,2047.8385,2412.9607
2007-02-14 13:00:00,1985.9751,2214.503,2890.2927,2047.8385,2412.9607
2007-02-14 14:00:00,1985.9751,2214.503,2890.2927,2047.8385,2412.9607
2007-02-14 15:00:00,1985.9751,2214.503,2890.2927,2047.8385,2412.9607
2007-02-14 16:00:00,1985.9751,2214.503,2890.2927,2047.8385,2412.9607
2007-02-14 17:00:00,1985.9751,2214.503,2890.2927,2047.8385,2412.9607
2007-02-14 18:00:00,1985.9751,2214.503,2890.2927,2047.8385,2412.9607
2007-02-14 19:00:00,1985.9751,2214.503,2890.2927,2047.8385,2412.9607
2007-02-14 20:00:00,1985.9751,2214.503,2890.2927,2047.8385,2412.9607
2007-02-14 21:00:00,1985.9751,2214.503,2890.2927,2047.8385,2412.9607
2007-02-14 22:00:00,1985.9751,2214.503,2890.2927,2047.8385,2412.9607
2007-02-14 23:00:00,1985.9751,2214.503,2890.2927,2047.8385,2412.9607
2007-02-15 00:00:00,1985.9751,2214.503,2890.2927,2047.8385,2412.9607
2007-02-15 01:00:00,1985.9751,2214.503,2890.2927,2047.9169,2412.9607
2007-02-15 02:00:00,1985.9751,2214.503,2890.2927,2047.9581,2412.9607
2007-02-15 03:00:00,1985.9751,2214.503,2890.2927,2047.9581,2412.9607
2007-02-15 04:00:00,1985.9751,2214.503,2890.2927,2047.9581,2412.9607
2007-02-15 05:00:00,1985.9751,2214.503,2890.2927,2047.9581,2412.9607
2007-02-15 06:00:00,1985.9751,2214.503,2890.2927,2047.9581,2412.9607
2007-02-15 07:00:00,1985.9751,2214.503,2890.2927,2047.9581,2412.9607
2007-02-15 08:00:00,1985.9751,2214.503,2890.2927,2047.9581,2412.9607
2007-02-15 09:00:00,1985.9751,2214.503,2890.2927,2047.9581,2412.9607
2007-02-15 10:00:00,1985.9751,2214.503,2890.2927,2047.9581,2412.9607
2007-02-15 11:00:00,1985.9751,2214.503,2890.2927,2047.9944,2412.9607
2007-02-15 12:00:00,1985.9751,2214.503,2890.2927,2047.9944,2412.9607
2007-02-15 13:00:00,1985.9751,2214.503,2890.2927,2047.9944,2412.9607
2007-02-15 14:00:00,1985.9751,2214.503,2890.2927,2048.0,2412.9607
2007-02-15 15:00:00,1985.9751,2214.503,2890.2927,2048.0,2412.9607
2007-02-15 16:00:00,1985.9751,2214.503,2890.2927,2048.0,2412.9607
2007-02-15 17:00:00,1985.9751,2214.503,2890.2927,2048.0,2412.9607
2007-02-15 18:00:00,1985.9751,2214.503,2890.2927,2048.0,2412.9607
2007-02-15 19:00:00,1985.9751,2214.503,2890.2927,2048.0,2412.9607
2007-02-15 20:00:00,1985.9751,2214.503,2890.2927,2048.0,2412.9607
2007-02-15 21:00:00,1985.9751,2214.503,2890.2927,2048.0,2412.9607
2007-02-15 22:00:00,1985.9751,2214.503,2890.2927,2048.0,2412.9607
2007-02-15 23:00:00,1985.9751,2214.503,2890.2927,2048.0,2412.9607
2007-02-16 00:00:00,1985.9751,2214.503,2890.2927,2048.0,2412.9607
2007-02-16 01:00:00,1985.9751,2214.503,2890.2927,2048.0,2412.9607
2007-02-16 02:00:00,1985.9751,2214.503,2890.2927,2048.0,2412.9607
2007-02-16 03:00:00,1985.9751,2214.503,2890.2927,2048.0,2412.9607
2007-02-16 04:00:00,1985.9751,2214.503,2890.2927,2048.0,2412.9607
2007-02-16 05:00:00,1985.9751,2214.503,2890.2927,2048.0,2412.9607
2007-02-16 06:00:00,1985.9751,2214.503,2890.2927,2048.0,2412.9607
2007-02-16 07:00:00,1985.9751,2214.503,2890.2927,2048.0,2412.9607
2007-02-16 08:00:00,1985.9751,2214.503,2890.2927,2048.0,2412.9607
2007-02-16 09:00:00,1985.9751,2214.503,2890.2927,2048.0,2412.9607
2007-02-16 10:00:00,1985.9751,2214.503,2890.2927,2048.0,2412.9607
2007-02-16 11:00:00,1985.9751,2214.503,2890.2927,2048.0,2412.9607
2007-02-16 12:00:00,1985.9751,2214.503,2890.2927,2048.0,2412.9607
2007-02-16 13:00:00,1985.9751,2214.503,2890.2927,2048.0,2413.005
2007-02-16 14:00:00,1985.9751,2214.503,2890.2927,2048.0,2413.197
2007-02-16 15:00:00,1985.9751,2214.503,2890.6443,2048.0,2413.3325
2007-02-16 16:00:00,1985.9751,2214.503,2891.0344,2048.0,2413.3325
2007-02-16 17:00:00,1985.9751,2214.503,2891.3767,2048.0,2413.3325
2007-02-16 18:00:00,1985.9751,2214.503,2891.7205,2048.0,2413.3325
2007-02-16 19:00:00,1985.9751,2214.503,2892.159,2048.0,2413.3325
2007-02-16 20:00:00,1985.9751,2214.503,2892.5613,2048.0,2413.4622
2007-02-16 21:00:00,1985.9751,2214.6323,2892.9514,2048.0,2413.7288
2007-02-16 22:00:00,1986.0084,2214.7983,2893.41,2048.0208,2414.2856
2007-02-16 23:00:00,1986.5752,2215.0146,2893.607,2048.6472,2414.9375
2007-02-17 00:00:00,1988.2793,2215.0752,2893.8484,2050.8042,2415.5051
2007-02-17 01:00:00,1989.997,2216.1572,2894.2463,2053.2432,2416.2612
2007-02-17 02:00:00,1991.7135,2218.639,2894.3247,2055.3184,2416.837
2007-02-17 03:00:00,1993.1318,2220.8115,2894.3247,2057.0493,2417.3633
2007-02-17 04:00:00,1994.3477,2222.1853,2894.3247,2058.5256,2417.8198
2007-02-17 05:00:00,1995.3113,2223.2607,2894.4392,2059.5967,2417.8372
2007-02-17 06:00:00,1996.266,2224.1926,2894.559,2060.3948,2417.9211
2007-02-17 07:00:00,1997.1665,2224.9172,2894.559,2061.1821,2417.9211
2007-02-17 08:00:00,1998.2048,2225.6545,2894.627,2061.7837,2417.9211
2007-02-17 09:00:00,1999.4064,2226.5615,2894.7734,2062.587,2418.1914
2007-02-17 10:00:00,2000.6263,2227.6409,2894.92,2063.595,2418.8389
2007-02-17 11:00:00,2001.8759,2228.82,2895.0608,2064.7878,2419.4873
2007-02-17 12:00:00,2002.8468,2229.8125,2895.0608,2065.8965,2420.0115
2007-02-17 13:00:00,2003.4391,2230.534,2895.0608,2066.718,2420.3904
2007-02-17 14:00:00,2003.7362,2230.8103,2895.0608,2066.9836,2420.5261
2007-02-17 15:00:00,2003.8107,2230.8103,2895.0608,2067.0376,2420.5261
2007-02-17 16:00:00,2003.8107,2230.8103,2895.0608,2067.0376,2420.5261
2007-02-17 17:00:00,2003.8107,2230.8103,2895.0608,2067.0376,2420.5261
2007-02-17 18:00:00,2003.8107,2230.8103,2895.0608,2067.0376,2420.5261
2007-02-17 19:00:00,2003.8107,2230.8103,2895.0608,2067.0376,2420.5261
2007-02-17 20:00:00,2003.8107,2230.8103,2895.0608,2067.0376,2420.5261
2007-02-17 21:00:00,2003.8107,2230.8103,2895.0608,2067.0376,2420.5261
2007-02-17 22:00:00,2003.8107,2230.8103,2895.0608,2067.0376,2420.8025
2007-02-17 23:00:00,2003.8107,2230.849,2895.0608,2067.0417,2421.5662
2007-02-18 00:00:00,2004.0186,2231.1162,2895.2217,2067.421,2421.9434
2007-02-18 01:00:00,2004.4865,2231.7346,2895.3318,2067.955,2422.0132
2007-02-18 02:00:00,2004.7467,2232.2673,2895.3318,2068.5972,2422.1843
2007-02-18 03:00:00,2004.7467,2232.48,2895.4375,2068.6147,2422.2935
2007-02-18 04:00:00,2004.7467,2232.8853,2895.4375,2068.9958,2422.3313
2007-02-18 05:00:00,2004.7467,2232.911,2895.4375,2069.0376,2422.8496
2007-02-18 06:00:00,2004.7467,2233.4976,2895.979,2069.0386,2423.349
2007-02-18 07:00:00,2004.7467,2233.5388,2896.529,2069.1863,2423.5483
2007-02-18 08:00:00,2004.789,2233.5388,2896.7869,2069.1863,2423.666
2007-02-18 09:00:00,2004.789,2233.5388,2897.3965,2069.1863,2423.6787
2007-02-18 10:00:00,2004.789,2233.5388,2897.6482,2069.1863,2423.6787
2007-02-18 11:00:00,2004.789,2233.5388,2897.6482,2069.1863,2423.72
2007-02-18 12:00:00,2004.8057,2233.5388,2897.6746,2069.1863,2423.7427
2007-02-18 13:00:00,2004.9344,2233.5388,2897.6746,2069.1863,2423.7427
2007-02-18 14:00:00,2005.0155,2233.5388,2897.6746,2069.1863,2423.7427
2007-02-18 15:00:00,2005.0155,2233.5388,2897.6746,2069.1863,2423.7427
2007-02-18 16:00:00,2005.0155,2233.5388,2897.6746,2069.1863,2423.7427
2007-02-18 17:00:00,2005.05,2233.5388,2897.6855,2069.1863,2423.893
2007-02-18 18:00:00,2005.0813,2233.5388,2897.9985,2069.1863,2424.5242
2007-02-18 19:00:00,2005.0813,2233.6536,2898.2124,2069.1863,2424.604
2007-02-18 20:00:00,2005.0813,2233.6536,2898.2124,2069.1863,2424.604
2007-02-18 21:00:00,2005.0813,2233.6536,2898.2124,2069.1863,2424.6516
2007-02-18 22:00:00,2005.0813,2233.6536,2898.2124,2069.1863,2424.787
2007-02-18 23:00:00,2005.0813,2233.6536,2898.2124,2069.1863,2425.4854
2007-02-19 00:00:00,2005.0813,2233.6536,2898.2397,2069.1863,2425.4854
2007-02-19 01:00:00,2005.0813,2233.6536,2898.2551,2069.1863,2425.4854
2007-02-19 02:00:00,2005.0813,2233.6536,2898.2551,2069.1863,2425.4854
2007-02-19 03:00:00,2005.0813,2233.6536,2898.2551,2069.1863,2425.4854
2007-02-19 04:00:00,2005.0813,2233.6536,2898.2551,2069.1863,2425.4854
2007-02-19 05:00:00,2005.0813,2233.6536,2898.2551,2069.1863,2425.4854
2007-02-19 06:00:00,2005.0813,2233.6536,2898.2551,2069.1863,2425.4954
2007-02-19 07:00:00,2005.0813,2233.6536,2898.2551,2069.1863,2425.5215
2007-02-19 08:00:00,2005.0813,2233.6536,2898.2551,2069.1863,2425.6755
2007-02-19 09:00:00,2005.1183,2233.731,2898.2551,2069.1863,2425.7231
2007-02-19 10:00:00,2005.3834,2233.7568,2898.2551,2069.1863,2425.7231
2007-02-19 11:00:00,2005.416,2233.8987,2898.2551,2069.1863,2425.7231
2007-02-19 12:00:00,2005.439,2233.8987,2898.2551,2069.1863,2425.7231
2007-02-19 13:00:00,2005.5364,2233.9016,2898.2551,2069.1863,2425.7231
2007-02-19 14:00:00,2005.6005,2233.9128,2898.2551,2069.2112,2425.7231
2007-02-19 15:00:00,2005.6687,2233.9128,2898.2551,2069.2112,2425.728
2007-02-19 16:00:00,2005.7126,2233.9167,2898.2551,2069.2112,2426.3616
2007-02-19 17:00:00,2005.7622,2234.3794,2898.3296,2069.2112,2426.3772
2007-02-19 18:00:00,2005.7854,2234.3914,2898.811,2069.2295,2426.4888
2007-02-19 19:00:00,2005.7854,2234.3914,2898.823,2069.2295,2426.612
2007-02-19 20:00:00,2005.7854,2234.3914,2898.823,2069.2295,2426.612
2007-02-19 21:00:00,2005.7854,2234.3914,2898.823,2069.2295,2426.612
2007-02-19 22:00:00,2005.7854,2234.3914,2898.823,2069.2295,2426.612
2007-02-19 23:00:00,2005.7854,2234.3914,2898.823,2069.2295,2426.612
2007-02-20 00:00:00,2005.7854,2234.3914,2898.823,2069.2295,2426.612
2007-02-20 01:00:00,2005.7854,2234.3914,2898.823,2069.2295,2426.612
2007-02-20 02:00:00,2005.7854,2234.3914,2898.823,2069.2295,2426.612
2007-02-20 03:00:00,2005.7854,2234.3914,2898.823,2069.2295,2426.612
2007-02-20 04:00:00,2005.7854,2234.3914,2898.823,2069.2295,2426.612
2007-02-20 05:00:00,2005.7854,2234.3914,2898.823,2069.2295,2426.612
2007-02-20 06:00:00,2005.7854,2234.3914,2898.823,2069.2295,2426.612
2007-02-20 07:00:00,2005.7854,2234.3914,2898.823,2069.2295,2426.612
2007-02-20 08:00:00,2005.7854,2234.3914,2898.823,2069.2295,2426.612
2007-02-20 09:00:00,2005.7854,2234.3914,2898.823,2069.2295,2426.612
2007-02-20 10:00:00,2005.7854,2234.3914,2898.823,2069.2295,2426.612
2007-02-20 11:00:00,2005.7854,2234.3914,2898.823,2069.2295,2426.612
2007-02-20 12:00:00,2005.7854,2234.3914,2898.823,2069.2295,2426.612
2007-02-20 13:00:00,2005.7854,2234.3914,2898.823,2069.2295,2426.612
2007-02-20 14:00:00,2005.7854,2234.3914,2898.823,2069.2295,2426.612
2007-02-20 15:00:00,2005.7854,2234.3914,2898.823,2069.2295,2426.612
2007-02-20 16:00:00,2005.7854,2234.3914,2898.823,2069.2295,2426.612
2007-02-20 17:00:00,2005.7854,2234.3914,2898.823,2069.2295,2426.612
2007-02-20 18:00:00,2005.7854,2234.3914,2898.823,2069.2295,2426.612
2007-02-20 19:00:00,2005.7854,2234.3914,2898.823,2069.2295,2426.612
2007-02-20 20:00:00,2005.7854,2234.3914,2898.823,2069.2295,2426.612
2007-02-20 21:00:00,2005.7854,2234.3914,2898.823,2069.2295,2426.612
2007-02-20 22:00:00,2005.7854,2234.3914,2898.823,2069.2295,2426.612
2007-02-20 23:00:00,2005.7854,2234.3914,2898.823,2069.2295,2426.612
2007-02-21 00:00:00,2005.7854,2234.3914,2898.823,2069.2295,2426.612
2007-02-21 01:00:00,2005.7854,2234.3914,2898.823,2069.2295,2426.612
2007-02-21 02:00:00,2005.7854,2234.3914,2898.823,2069.276,2426.612
2007-02-21 03:00:00,2005.8297,2234.3914,2898.823,2069.4878,2426.612
2007-02-21 04:00:00,2005.9557,2234.3914,2898.823,2069.6929,2426.612
2007-02-21 05:00:00,2006.0587,2234.3914,2898.823,2069.899,2426.612
2007-02-21 06:00:00,2006.165,2234.3914,2898.823,2070.066,2426.612
2007-02-21 07:00:00,2006.2726,2234.3914,2898.823,2070.2214,2426.612
2007-02-21 08:00:00,2006.3798,2234.3914,2898.823,2070.4358,2426.612
2007-02-21 09:00:00,2006.4878,2234.507,2898.823,2070.595,2426.612
2007-02-21 10:00:00,2006.5966,2234.507,2898.823,2070.595,2426.612
2007-02-21 11:00:00,2006.7041,2234.507,2898.823,2070.595,2426.612
2007-02-21 12:00:00,2006.7437,2234.507,2898.823,2070.595,2426.612
2007-02-21 13:00:00,2006.7437,2234.507,2898.823,2070.595,2426.612
2007-02-21 14:00:00,2006.7437,2234.507,2898.823,2070.595,2426.612
2007-02-21 15:00:00,2006.7437,2234.507,2898.823,2070.595,2426.612
2007-02-21 16:00:00,2006.7437,2234.507,2898.823,2070.595,2426.612
2007-02-21 17:00:00,2006.7437,2234.507,2898.823,2070.595,2426.612
2007-02-21 18:00:00,2006.7437,2234.507,2898.823,2070.595,2426.612
2007-02-21 19:00:00,2006.7437,2234.507,2898.823,2070.595,2426.612
2007-02-21 20:00:00,2006.7437,2234.507,2898.823,2070.595,2426.612
2007-02-21 21:00:00,2006.7437,2234.507,2898.823,2070.595,2426.612
2007-02-21 22:00:00,2006.7437,2234.507,2898.823,2070.595,2426.612
2007-02-21 23:00:00,2006.7437,2234.507,2898.823,2070.595,2426.612
2007-02-22 00:00:00,2006.7437,2234.507,2898.823,2070.595,2426.612
2007-02-22 01:00:00,2006.7437,2234.507,2898.823,2070.595,2426.612
2007-02-22 02:00:00,2006.7437,2234.507,2898.823,2070.595,2426.612
2007-02-22 03:00:00,2006.7437,2234.507,2898.823,2070.595,2426.612
2007-02-22 04:00:00,2006.7437,2234.507,2898.823,2070.595,2426.612
2007-02-22 05:00:00,2006.7437,2234.507,2898.823,2070.595,2426.612
2007-02-22 06:00:00,2006.7437,2234.507,2898.823,2070.595,2426.612
2007-02-22 07:00:00,2006.7437,2234.507,2898.823,2070.595,2426.612
2007-02-22 08:00:00,2006.7437,2234.507,2898.823,2070.595,2426.612
2007-02-22 09:00:00,2006.7437,2234.507,2898.823,2070.595,2426.612
2007-02-22 10:00:00,2006.7437,2234.507,2898.823,2070.595,2426.612
2007-02-22 11:00:00,2006.7437,2234.507,2898.823,2070.595,2426.612
2007-02-22 12:00:00,2006.7437,2234.507,2898.823,2070.595,2426.612
2007-02-22 13:00:00,2006.7437,2234.507,2898.823,2070.595,2426.612
2007-02-22 14:00:00,2006.7437,2234.507,2898.823,2070.595,2426.612
2007-02-22 15:00:00,2006.7437,2234.507,2898.823,2070.595,2426.612
2007-02-22 16:00:00,2006.7437,2234.507,2898.823,2070.595,2426.612
2007-02-22 17:00:00,2006.7437,2234.507,2898.823,2070.595,2426.612
2007-02-22 18:00:00,2006.7437,2234.507,2898.823,2070.595,2426.612
2007-02-22 19:00:00,2006.7437,2234.507,2898.823,2070.595,2426.612
2007-02-22 20:00:00,2006.7437,2234.507,2898.823,2070.595,2426.612
2007-02-22 21:00:00,2006.7437,2234.507,2898.823,2070.595,2426.612
2007-02-22 22:00:00,2006.7437,2234.507,2898.823,2070.595,2426.612
2007-02-22 23:00:00,2006.7437,2234.507,2898.823,2070.595,2426.612
2007-02-23 00:00:00,2006.7437,2234.507,2898.823,2070.595,2426.612
2007-02-23 01:00:00,2006.7437,2234.507,2898.823,2070.595,2426.612
2007-02-23 02:00:00,2006.7437,2234.507,2898.823,2070.595,2426.612
2007-02-23 03:00:00,2006.7437,2234.507,2898.823,2070.595,2426.612
2007-02-23 04:00:00,2006.7437,2234.5947,2898.823,2070.595,2426.612
2007-02-23 05:00:00,2006.7437,2234.7847,2899.0298,2070.7595,2426.612
2007-02-23 06:00:00,2006.7437,2234.934,2899.264,2070.9924,2426.612
2007-02-23 07:00:00,2006.7437,2235.1257,2899.4556,2071.184,2426.612
2007-02-23 08:00:00,2006.7437,2235.3203,2899.6501,2071.3787,2426.612
2007-02-23 09:00:00,2006.7992,2235.6558,2899.8486,2071.5771,2426.612
2007-02-23 10:00:00,2006.9515,2236.025,2900.0332,2071.8452,2426.7852
2007-02-23 11:00:00,2007.1687,2236.2744,2900.215,2072.0276,2426.964
2007-02-23 12:00:00,2007.4802,2236.4556,2900.3962,2072.2087,2426.964
2007-02-23 13:00:00,2007.7009,2236.7544,2900.6162,2072.4287,2426.964
2007-02-23 14:00:00,2007.9078,2237.3716,2900.8247,2072.6436,2426.964
2007-02-23 15:00:00,2008.0125,2238.005,2900.8252,2072.8528,2427.0469
2007-02-23 16:00:00,2008.1136,2238.7415,2901.0276,2073.1194,2427.406
2007-02-23 17:00:00,2008.2156,2239.1953,2901.2314,2073.527,2427.6877
2007-02-23 18:00:00,2008.3198,2239.6475,2901.44,2074.0142,2428.044
2007-02-23 19:00:00,2008.425,2240.1204,2901.6504,2074.4575,2428.5425
2007-02-23 20:00:00,2008.55,2240.3362,2901.8403,2074.8892,2428.9905
2007-02-23 21:00:00,2008.7412,2240.405,2901.8403,2075.2546,2429.669
2007-02-23 22:00:00,2008.797,2240.6084,2901.87,2075.4624,2430.1145
2007-02-23 23:00:00,2008.8994,2240.8132,2901.9436,2075.9412,2430.4448
2007-02-24 00:00:00,2009.0018,2240.9287,2901.963,2076.4272,2430.4448
2007-02-24 01:00:00,2009.1323,2240.9683,2901.963,2077.008,2430.4448
2007-02-24 02:00:00,2009.3794,2240.9683,2901.963,2077.6096,2430.4448
2007-02-24 03:00:00,2009.6575,2240.9683,2901.963,2078.0854,2430.4448
2007-02-24 04:00:00,2009.944,2240.9683,2901.963,2078.6023,2430.4448
2007-02-24 05:00:00,2010.2644,2241.049,2901.963,2079.0562,2430.4448
2007-02-24 06:00:00,2010.467,2241.2405,2901.963,2079.4258,2430.4448
2007-02-24 07:00:00,2010.6145,2241.2405,2901.963,2079.6255,2430.4448
2007-02-24 08:00:00,2010.8132,2241.2405,2901.963,2079.8242,2430.4448
2007-02-24 09:00:00,2011.066,2241.2405,2901.963,2080.1584,2430.4448
2007-02-24 10:00:00,2011.2834,2241.2405,2901.963,2080.3616,2430.4448
2007-02-24 11:00:00,2011.522,2241.2405,2901.963,2080.5566,2430.4448
2007-02-24 12:00:00,2011.6798,2241.2405,2901.963,2080.633,2430.4448
2007-02-24 13:00:00,2011.7899,2241.2405,2901.963,2080.633,2430.4448
2007-02-24 14:00:00,2011.8489,2241.2405,2901.963,2080.633,2430.4448
2007-02-24 15:00:00,2011.8489,2241.2405,2901.963,2080.633,2430.4448
2007-02-24 16:00:00,2011.8489,2241.2405,2901.963,2080.633,2430.4448
2007-02-24 17:00:00,2011.8489,2241.2405,2901.963,2080.633,2430.4448
2007-02-24 18:00:00,2011.8751,2241.2405,2901.963,2080.633,2430.4448
2007-02-24 19:00:00,2011.9819,2241.2405,2901.963,2080.633,2430.4448
2007-02-24 20:00:00,2012.0872,2241.2405,2901.963,2080.633,2430.4448
2007-02-24 21:00:00,2012.1285,2241.2405,2901.963,2080.633,2430.4448
2007-02-24 22:00:00,2012.1285,2241.2405,2901.963,2080.633,2430.4448
2007-02-24 23:00:00,2012.1285,2241.2405,2901.963,2080.633,2430.4448
2007-02-25 00:00:00,2012.1285,2241.2405,2901.963,2080.633,2430.4448
2007-02-25 01:00:00,2012.1285,2241.2405,2901.963,2080.633,2430.4448
2007-02-25 02:00:00,2012.1285,2241.2405,2901.963,2080.633,2430.4448
2007-02-25 03:00:00,2012.1285,2241.2405,2901.963,2080.633,2430.4448
2007-02-25 04:00:00,2012.1285,2241.2405,2901.963,2080.633,2430.4448
2007-02-25 05:00:00,2012.1285,2241.2405,2901.963,2080.633,2430.4448
2007-02-25 06:00:00,2012.1285,2241.2405,2901.963,2080.633,2430.4448
2007-02-25 07:00:00,2012.1285,2241.2405,2901.963,2080.633,2430.4448
2007-02-25 08:00:00,2012.1285,2241.2405,2901.963,2080.633,2430.4448
2007-02-25 09:00:00,2012.1285,2241.2405,2901.963,2080.633,2430.4448
2007-02-25 10:00:00,2012.1285,2241.2405,2901.963,2080.633,2430.4448
2007-02-25 11:00:00,2012.1285,2241.2405,2901.963,2080.633,2430.4448
2007-02-25 12:00:00,2012.1285,2241.2405,2901.963,2080.633,2430.4448
2007-02-25 13:00:00,2012.1285,2241.2405,2901.963,2080.633,2430.4448
2007-02-25 14:00:00,2012.1285,2241.2405,2901.963,2080.633,2430.4448
2007-02-25 15:00:00,2012.1285,2241.2405,2901.963,2080.633,2430.4448
2007-02-25 16:00:00,2012.1285,2241.2405,2901.963,2080.633,2430.4448
2007-02-25 17:00:00,2012.1285,2241.2405,2901.963,2080.633,2430.4448
2007-02-25 18:00:00,2012.1285,2241.2405,2901.963,2080.633,2430.4448
2007-02-25 19:00:00,2012.1285,2241.2405,2901.963,2080.633,2430.4448
2007-02-25 20:00:00,2012.1285,2241.2405,2901.963,2080.633,2430.4448
2007-02-25 21:00:00,2012.1285,2241.2405,2901.963,2080.633,2430.4448
2007-02-25 22:00:00,2012.1285,2241.2405,2901.963,2080.633,2430.4448
2007-02-25 23:00:00,2012.1285,2241.2405,2901.963,2080.633,2430.4448
2007-02-26 00:00:00,2012.1285,2241.2405,2901.963,2080.633,2430.4448
2007-02-26 01:00:00,2012.1285,2241.2405,2901.963,2080.633,2430.4448
2007-02-26 02:00:00,2012.1285,2241.2405,2901.963,2080.633,2430.4448
2007-02-26 03:00:00,2012.1285,2241.2405,2901.963,2080.633,2430.4448
2007-02-26 04:00:00,2012.1285,2241.2405,2901.963,2080.633,2430.4448
2007-02-26 05:00:00,2012.1285,2241.2405,2901.963,2080.633,2430.4448
2007-02-26 06:00:00,2012.1285,2241.2405,2901.963,2080.633,2430.4448
2007-02-26 07:00:00,2012.1285,2241.2405,2901.963,2080.633,2430.4448
2007-02-26 08:00:00,2012.1285,2241.2405,2901.963,2080.633,2430.4448
2007-02-26 09:00:00,2012.1285,2241.2405,2901.963,2080.633,2430.4448
2007-02-26 10:00:00,2012.1285,2241.2405,2901.963,2080.633,2430.4448
2007-02-26 11:00:00,2012.1285,2241.2405,2901.963,2080.633,2430.4448
2007-02-26 12:00:00,2012.1285,2241.2405,2901.963,2080.633,2430.4448
2007-02-26 13:00:00,2012.1285,2241.2405,2901.963,2080.633,2430.4448
2007-02-26 14:00:00,2012.1285,2241.2405,2901.963,2080.633,2430.4448
2007-02-26 15:00:00,2012.1285,2241.2405,2901.963,2080.633,2430.4448
2007-02-26 16:00:00,2012.1285,2241.2405,2901.963,2080.633,2430.4448
2007-02-26 17:00:00,2012.1285,2241.2405,2901.963,2080.633,2430.5762
2007-02-26 18:00:00,2012.1656,2241.2405,2902.0835,2080.633,2430.9172
2007-02-26 19:00:00,2012.3049,2241.472,2902.474,2080.6582,2431.4065
2007-02-26 20:00:00,2012.7594,2242.0393,2902.6726,2080.9858,2431.7864
2007-02-26 21:00:00,2013.1305,2242.463,2902.7683,2081.3765,2432.1284
2007-02-26 22:00:00,2013.3943,2242.7485,2902.7683,2081.578,2432.9036
2007-02-26 23:00:00,2013.6866,2243.099,2902.7683,2081.7834,2434.2727
2007-02-27 00:00:00,2013.9719,2243.371,2903.0957,2081.9624,2435.0876
2007-02-27 01:00:00,2014.1964,2243.714,2903.6484,2082.1401,2436.3384
2007-02-27 02:00:00,2014.3752,2244.0183,2904.093,2082.2952,2437.3606
2007-02-27 03:00:00,2014.6204,2244.195,2904.4722,2082.3557,2438.1018
2007-02-27 04:00:00,2015.2069,2244.3757,2906.4434,2082.4712,2438.9824
2007-02-27 05:00:00,2015.5648,2244.679,2908.7466,2082.695,2440.1177
2007-02-27 06:00:00,2015.8882,2244.9392,2909.3462,2082.7021,2441.6746
2007-02-27 07:00:00,2016.0695,2244.9487,2909.5674,2082.7021,2442.7444
2007-02-27 08:00:00,2016.0695,2244.9487,2910.2197,2082.7021,2443.3542
2007-02-27 09:00:00,2016.0695,2244.9487,2911.2454,2082.7021,2444.1414
2007-02-27 10:00:00,2016.0695,2244.9487,2912.1057,2082.7021,2444.3982
2007-02-27 11:00:00,2016.0695,2244.9487,2912.1492,2082.7021,2444.4153
2007-02-27 12:00:00,2016.0695,2244.9487,2912.1492,2082.7021,2444.4153
2007-02-27 13:00:00,2016.0695,2244.9487,2912.1492,2082.7021,2444.4153
2007-02-27 14:00:00,2016.0695,2244.9487,2912.1492,2082.7021,2444.4153
2007-02-27 15:00:00,2016.0695,2244.9487,2912.1492,2082.7021,2444.4153
2007-02-27 16:00:00,2016.0695,2244.9487,2912.1492,2082.7021,2444.4153
2007-02-27 17:00:00,2016.0695,2244.9487,2912.1492,2082.7021,2444.4153
2007-02-27 18:00:00,2016.0695,2244.9487,2912.1492,2082.7021,2444.4153
2007-02-27 19:00:00,2016.0695,2244.9487,2912.1492,2082.7021,2444.4153
2007-02-27 20:00:00,2016.0695,2244.9487,2912.1492,2082.7021,2444.4153
2007-02-27 21:00:00,2016.0695,2244.9487,2912.1492,2082.7021,2444.4153
2007-02-27 22:00:00,2016.0695,2244.9487,2912.1492,2082.7021,2444.4153
2007-02-27 23:00:00,2016.0695,2244.9487,2912.1492,2082.7021,2444.4153
2007-02-28 00:00:00,2016.0695,2244.9487,2912.1492,2082.7021,2444.4153
2007-02-28 01:00:00,2016.0695,2244.9487,2912.1492,2082.7021,2444.4153
2007-02-28 02:00:00,2016.0695,2244.9487,2912.1492,2082.7021,2444.4153
2007-02-28 03:00:00,2016.0695,2244.9597,2912.1492,2082.7021,2444.4153
2007-02-28 04:00:00,2016.0963,2245.0537,2912.1492,2082.7524,2444.4153
2007-02-28 05:00:00,2016.3533,2245.2712,2912.2498,2082.7524,2444.4517
2007-02-28 06:00:00,2016.7659,2245.474,2912.2898,2082.7954,2444.6545
2007-02-28 07:00:00,2017.1947,2245.6743,2912.2898,2082.9927,2444.8547
2007-02-28 08:00:00,2017.4668,2245.7173,2912.2898,2083.1738,2444.9763
2007-02-28 09:00:00,2017.6469,2245.7173,2912.2898,2083.1738,2444.9763
2007-02-28 10:00:00,2017.7384,2245.7173,2912.2898,2083.1738,2444.9763
2007-02-28 11:00:00,2017.7815,2245.7173,2912.2898,2083.1738,2445.0864
2007-02-28 12:00:00,2017.7815,2245.7173,2912.2898,2083.1738,2445.0864
2007-02-28 13:00:00,2017.7815,2245.7173,2912.2898,2083.2407,2445.0864
2007-02-28 14:00:00,2017.7815,2245.7173,2912.2898,2083.4722,2445.2773
2007-02-28 15:00:00,2017.7815,2245.8372,2912.2898,2083.7356,2445.4705
2007-02-28 16:00:00,2017.7815,2245.9456,2912.2898,2084.166,2445.6533
2007-02-28 17:00:00,2017.8335,2245.9456,2912.2898,2084.6582,2445.6736
2007-02-28 18:00:00,2017.9268,2245.9456,2912.2898,2085.006,2445.7454
2007-02-28 19:00:00,2018.0339,2245.9456,2912.2898,2085.7224,2445.7454
2007-02-28 20:00:00,2018.1929,2246.0608,2912.2898,2086.624,2445.7454
2007-02-28 21:00:00,2018.4482,2246.2683,2912.2898,2087.402,2445.7454
2007-02-28 22:00:00,2018.6519,2246.404,2912.2898,2088.0315,2445.7454
2007-02-28 23:00:00,2018.7601,2246.404,2912.2898,2088.408,2445.7454
2007-03-01 00:00:00,2018.7749,2246.404,2912.2898,2088.655,2445.7454
2007-03-01 01:00:00,2018.8241,2246.404,2912.2898,2088.915,2445.7454
2007-03-01 02:00:00,2018.834,2246.404,2912.2898,2088.9255,2445.7454
2007-03-01 03:00:00,2018.834,2246.404,2912.2898,2089.2217,2445.7454
2007-03-01 04:00:00,2018.834,2246.404,2912.2898,2089.2468,2445.7454
2007-03-01 05:00:00,2018.834,2246.404,2912.2898,2089.2468,2445.7454
2007-03-01 06:00:00,2018.834,2246.404,2912.2898,2089.2468,2445.7454
2007-03-01 07:00:00,2018.834,2246.404,2912.2898,2089.2468,2445.7454
2007-03-01 08:00:00,2018.834,2246.404,2912.2898,2089.2468,2445.7454
2007-03-01 09:00:00,2018.834,2246.404,2912.2898,2089.2468,2445.7454
2007-03-01 10:00:00,2018.834,2246.404,2912.2898,2089.2468,2445.7454
2007-03-01 11:00:00,2018.834,2246.404,2912.2898,2089.2468,2445.7454
2007-03-01 12:00:00,2018.834,2246.404,2912.2898,2089.2468,2445.7454
2007-03-01 13:00:00,2018.834,2246.404,2912.2898,2089.2468,2445.7454
2007-03-01 14:00:00,2018.834,2246.404,2912.2898,2089.2468,2445.7454
2007-03-01 15:00:00,2018.834,2246.404,2912.2898,2089.2468,2445.7454
2007-03-01 16:00:00,2018.834,2246.404,2912.2898,2089.2468,2445.7454
2007-03-01 17:00:00,2018.834,2246.404,2912.2898,2089.2468,2445.7454
2007-03-01 18:00:00,2018.834,2246.404,2912.2898,2089.2468,2445.7454
2007-03-01 19:00:00,2018.834,2246.404,2912.315,2089.2468,2445.7454
2007-03-01 20:00:00,2018.834,2246.404,2912.6636,2089.2468,2445.9133
2007-03-01 21:00:00,2018.834,2246.404,2912.9722,2089.2468,2446.179
2007-03-01 22:00:00,2018.834,2246.404,2913.5671,2089.2468,2446.36
2007-03-01 23:00:00,2018.834,2246.404,2913.7712,2089.2468,2446.36
2007-03-02 00:00:00,2018.834,2246.404,2913.7712,2089.2468,2446.36
2007-03-02 01:00:00,2018.834,2246.404,2913.7712,2089.2468,2446.3672
2007-03-02 02:00:00,2018.834,2246.404,2913.774,2089.2468,2446.508
2007-03-02 03:00:00,2018.834,2246.404,2913.9692,2089.2468,2446.6892
2007-03-02 04:00:00,2018.834,2246.404,2914.0984,2089.2468,2446.6892
2007-03-02 05:00:00,2018.834,2246.404,2914.145,2089.2468,2446.6892
2007-03-02 06:00:00,2018.834,2246.404,2914.145,2089.2468,2446.6892
2007-03-02 07:00:00,2018.834,2246.404,2914.145,2089.2468,2446.6892
2007-03-02 08:00:00,2018.834,2246.404,2914.145,2089.2468,2446.6892
2007-03-02 09:00:00,2018.834,2246.404,2914.145,2089.2468,2446.6892
2007-03-02 10:00:00,2018.834,2246.404,2914.145,2089.2468,2446.6892
2007-03-02 11:00:00,2018.834,2246.404,2914.145,2089.2468,2446.6892
2007-03-02 12:00:00,2018.834,2246.404,2914.145,2089.2468,2446.7417
2007-03-02 13:00:00,2018.834,2246.404,2914.145,2089.3396,2446.7417
2007-03-02 14:00:00,2018.834,2246.404,2914.145,2089.4585,2446.97
2007-03-02 15:00:00,2018.9164,2246.404,2914.145,2089.5781,2446.97
2007-03-02 16:00:00,2018.9991,2246.5715,2914.145,2089.6155,2446.9846
2007-03-02 17:00:00,2019.1118,2246.8008,2914.145,2090.0205,2447.072
2007-03-02 18:00:00,2020.0048,2246.9976,2914.325,2090.1199,2447.2537
2007-03-02 19:00:00,2020.0476,2246.9976,2914.7966,2090.256,2447.5159
2007-03-02 20:00:00,2020.6361,2246.9976,2914.9495,2091.302,2448.4287
2007-03-02 21:00:00,2021.1908,2247.291,2914.9495,2091.589,2449.0615
2007-03-02 22:00:00,2021.6743,2247.8684,2915.452,2092.1152,2449.3052
2007-03-02 23:00:00,2021.9716,2248.561,2915.9282,2092.5508,2449.389
2007-03-03 00:00:00,2023.2026,2249.5825,2916.1409,2093.447,2449.418
2007-03-03 01:00:00,2024.4191,2249.7393,2916.2,2093.669,2449.418
2007-03-03 02:00:00,2024.8689,2249.7393,2916.2283,2093.71,2449.418
2007-03-03 03:00:00,2025.1042,2249.7393,2916.2283,2093.71,2449.418
2007-03-03 04:00:00,2025.1042,2249.7393,2916.2283,2093.71,2449.418
2007-03-03 05:00:00,2025.1042,2249.7393,2916.2283,2093.71,2449.418
2007-03-03 06:00:00,2025.1042,2249.7393,2916.2283,2093.71,2449.418
2007-03-03 07:00:00,2025.1042,2249.7393,2916.2283,2093.71,2449.418
2007-03-03 08:00:00,2025.1042,2249.7393,2916.2283,2093.71,2449.418
2007-03-03 09:00:00,2025.1042,2249.7393,2916.2283,2093.71,2449.418
2007-03-03 10:00:00,2025.1042,2249.7393,2916.2283,2093.71,2449.418
2007-03-03 11:00:00,2025.1042,2249.7393,2916.2283,2093.71,2449.418
2007-03-03 12:00:00,2025.1042,2249.7393,2916.2283,2093.71,2449.418
2007-03-03 13:00:00,2025.1042,2249.7393,2916.2283,2093.71,2449.418
2007-03-03 14:00:00,2025.1042,2249.7393,2916.2283,2093.71,2449.418
2007-03-03 15:00:00,2025.1042,2249.7393,2916.2283,2093.71,2449.418
2007-03-03 16:00:00,2025.1042,2249.7393,2916.2283,2093.71,2449.418
2007-03-03 17:00:00,2025.1042,2249.7393,2916.2283,2093.71,2449.418
2007-03-03 18:00:00,2025.1042,2249.7393,2916.2283,2093.71,2449.418
2007-03-03 19:00:00,2025.1042,2249.7393,2916.2283,2093.71,2449.418
2007-03-03 20:00:00,2025.1042,2249.7393,2916.2283,2093.71,2449.418
2007-03-03 21:00:00,2025.1042,2249.7393,2916.2283,2093.71,2449.418
2007-03-03 22:00:00,2025.1042,2249.7393,2916.2283,2093.71,2449.418
2007-03-03 23:00:00,2025.1042,2249.7393,2916.2283,2093.71,2449.418
2007-03-04 00:00:00,2025.1042,2249.7393,2916.2283,2093.71,2449.418
2007-03-04 01:00:00,2025.1042,2249.7393,2916.2283,2093.71,2449.418
2007-03-04 02:00:00,2025.1042,2249.7393,2916.2283,2093.71,2449.418
2007-03-04 03:00:00,2025.1042,2249.7393,2916.2283,2093.71,2449.418
2007-03-04 04:00:00,2025.1042,2249.7393,2916.2283,2093.71,2449.418
2007-03-04 05:00:00,2025.1042,2249.7393,2916.2283,2093.7607,2449.418
2007-03-04 06:00:00,2025.1743,2249.7393,2916.2283,2093.866,2449.418
2007-03-04 07:00:00,2025.2726,2249.9832,2916.2283,2094.0059,2449.4946
2007-03-04 08:00:00,2025.466,2250.0586,2916.2283,2094.2336,2449.5166
2007-03-04 09:00:00,2025.6808,2250.0586,2916.2283,2094.2908,2449.5825
2007-03-04 10:00:00,2025.8052,2250.2275,2916.2283,2094.3965,2449.5825
2007-03-04 11:00:00,2025.8964,2250.4119,2916.2283,2094.5789,2449.5825
2007-03-04 12:00:00,2025.9736,2250.4119,2916.2283,2094.6055,2449.5825
2007-03-04 13:00:00,2026.0303,2250.47,2916.2283,2094.6306,2449.5825
2007-03-04 14:00:00,2026.0765,2250.47,2916.2283,2094.6306,2449.5825
2007-03-04 15:00:00,2026.1382,2250.47,2916.2283,2094.6306,2449.5825
2007-03-04 16:00:00,2026.1475,2250.5483,2916.2283,2094.633,2449.5825
2007-03-04 17:00:00,2026.1924,2250.5527,2916.2283,2094.788,2449.5825
2007-03-04 18:00:00,2026.2102,2250.5527,2916.2283,2094.7915,2449.5825
2007-03-04 19:00:00,2026.2102,2250.6157,2916.2283,2094.7915,2449.5825
2007-03-04 20:00:00,2026.2102,2250.624,2916.2283,2094.7915,2449.5825
2007-03-04 21:00:00,2026.2102,2250.624,2916.2283,2094.7915,2449.5825
2007-03-04 22:00:00,2026.2102,2250.624,2916.2283,2094.7915,2449.5825
2007-03-04 23:00:00,2026.2102,2250.624,2916.2283,2094.7915,2449.5825
2007-03-05 00:00:00,2026.2102,2250.624,2916.2283,2094.7915,2449.5825
2007-03-05 01:00:00,2026.2102,2250.624,2916.2283,2094.7915,2449.5825
2007-03-05 02:00:00,2026.2102,2250.624,2916.2283,2094.7915,2449.5825
2007-03-05 03:00:00,2026.2102,2250.624,2916.2283,2094.7915,2449.5825
2007-03-05 04:00:00,2026.2102,2250.624,2916.2283,2094.7915,2449.5825
2007-03-05 05:00:00,2026.2102,2250.624,2916.2283,2094.7915,2449.5825
2007-03-05 06:00:00,2026.2102,2250.7498,2916.2283,2094.8254,2449.5825
2007-03-05 07:00:00,2026.2102,2251.0347,2916.3728,2095.0305,2450.1294
2007-03-05 08:00:00,2026.3323,2251.3223,2916.5706,2095.2283,2451.262
2007-03-05 09:00:00,2026.5348,2251.4294,2916.7827,2095.4404,2452.039
2007-03-05 10:00:00,2026.7178,2251.4294,2916.8008,2095.5955,2452.0845
2007-03-05 11:00:00,2026.8944,2251.9194,2916.9875,2095.6519,2452.2668
2007-03-05 12:00:00,2028.1544,2253.0283,2917.564,2095.9172,2453.7627
2007-03-05 13:00:00,2029.4725,2253.7395,2918.4185,2095.9631,2454.8574
2007-03-05 14:00:00,2030.7787,2254.1514,2919.3086,2095.9631,2455.275
2007-03-05 15:00:00,2031.1198,2254.317,2919.7583,2095.9631,2455.275
2007-03-05 16:00:00,2031.2816,2254.317,2920.2063,2095.9631,2455.275
2007-03-05 17:00:00,2031.2816,2254.3345,2921.0107,2095.9631,2455.4485
2007-03-05 18:00:00,2031.2816,2254.4236,2922.1543,2095.9666,2456.0803
2007-03-05 19:00:00,2031.3347,2254.914,2923.2876,2096.0137,2457.0315
2007-03-05 20:00:00,2031.382,2255.1187,2923.707,2096.0137,2457.722
2007-03-05 21:00:00,2031.465,2255.1216,2923.7766,2096.0137,2457.979
2007-03-05 22:00:00,2031.5607,2255.1216,2923.7766,2096.0137,2458.1248
2007-03-05 23:00:00,2031.58,2255.1216,2923.7766,2096.0137,2458.1248
2007-03-06 00:00:00,2031.58,2255.1216,2923.7766,2096.0137,2458.1248
2007-03-06 01:00:00,2031.58,2255.1216,2923.7766,2096.0137,2458.1248
2007-03-06 02:00:00,2031.58,2255.1216,2923.7766,2096.0137,2458.1248
2007-03-06 03:00:00,2031.58,2255.1216,2923.7766,2096.0137,2458.1248
2007-03-06 04:00:00,2031.58,2255.1216,2923.7766,2096.0137,2458.1248
2007-03-06 05:00:00,2031.58,2255.1216,2923.7766,2096.0137,2458.1248
2007-03-06 06:00:00,2031.58,2255.1216,2923.7766,2096.0137,2458.1248
2007-03-06 07:00:00,2031.58,2255.1216,2923.7766,2096.0137,2458.1248
2007-03-06 08:00:00,2031.58,2255.1216,2923.8708,2096.0137,2458.2234
2007-03-06 09:00:00,2031.614,2255.1216,2924.4307,2096.0137,2458.3193
2007-03-06 10:00:00,2031.614,2255.27,2924.5803,2096.0137,2458.3193
2007-03-06 11:00:00,2031.614,2255.9453,2924.7732,2096.0137,2458.3193
2007-03-06 12:00:00,2031.6488,2257.0012,2924.9897,2096.0137,2458.3193
2007-03-06 13:00:00,2031.8384,2258.337,2925.5212,2096.197,2458.3193
2007-03-06 14:00:00,2032.2303,2259.8386,2926.5537,2096.359,2458.3193
2007-03-06 15:00:00,2033.0106,2260.8926,2927.543,2096.4548,2458.3499
2007-03-06 16:00:00,2034.0134,2261.868,2928.2378,2096.4548,2458.3652
2007-03-06 17:00:00,2034.9885,2263.027,2928.8818,2096.47,2458.429
2007-03-06 18:00:00,2035.9159,2263.9666,2931.116,2096.5806,2459.3674
2007-03-06 19:00:00,2036.0807,2265.1465,2934.0762,2096.9592,2460.1265
2007-03-06 20:00:00,2036.4996,2265.9683,2935.1353,2097.3044,2460.4695
2007-03-06 21:00:00,2037.2723,2267.543,2935.5918,2098.5342,2460.7903
2007-03-06 22:00:00,2038.1771,2268.407,2935.931,2099.763,2460.862
2007-03-06 23:00:00,2038.839,2268.709,2936.1458,2099.8328,2460.862
2007-03-07 00:00:00,2038.8816,2268.709,2936.159,2099.8328,2460.862
2007-03-07 01:00:00,2038.8816,2268.7244,2936.2473,2099.8328,2460.862
2007-03-07 02:00:00,2038.8816,2268.7686,2936.2473,2099.8328,2460.862
2007-03-07 03:00:00,2038.9253,2268.7686,2936.2473,2099.8328,2460.862
2007-03-07 04:00:00,2038.9253,2268.7686,2936.2473,2099.8328,2460.862
2007-03-07 05:00:00,2038.9253,2268.7686,2936.2473,2099.8328,2460.862
2007-03-07 06:00:00,2038.9305,2268.7686,2936.2473,2099.8328,2460.862
2007-03-07 07:00:00,2038.9305,2268.7686,2936.2473,2099.8328,2460.862
2007-03-07 08:00:00,2038.9305,2268.7686,2936.2473,2099.8328,2460.862
2007-03-07 09:00:00,2038.9305,2268.7686,2936.2473,2099.8328,2460.862
2007-03-07 10:00:00,2038.9305,2268.7686,2936.2473,2099.8328,2460.862
2007-03-07 11:00:00,2038.9305,2268.7686,2936.2473,2099.8328,2460.862
2007-03-07 12:00:00,2038.9305,2268.7686,2936.2473,2099.8328,2460.862
2007-03-07 13:00:00,2038.9305,2268.7686,2936.2473,2099.8328,2460.862
2007-03-07 14:00:00,2038.9305,2268.7686,2936.2473,2099.8328,2460.862
2007-03-07 15:00:00,2038.9305,2268.7686,2936.2473,2099.8328,2460.862
2007-03-07 16:00:00,2038.9305,2268.7686,2936.2473,2099.8545,2461.0144
2007-03-07 17:00:00,2038.9305,2268.7686,2936.2473,2099.8545,2461.021
2007-03-07 18:00:00,2038.9305,2268.7686,2936.2473,2099.8545,2461.021
2007-03-07 19:00:00,2038.9305,2268.7686,2936.2473,2099.8545,2461.021
2007-03-07 20:00:00,2038.9305,2268.7686,2936.2473,2099.8545,2461.021
2007-03-07 21:00:00,2038.9305,2268.7686,2936.2473,2099.8545,2461.021
2007-03-07 22:00:00,2038.9305,2268.7686,2936.2473,2099.8545,2461.021
2007-03-07 23:00:00,2038.9305,2268.7686,2936.2473,2099.8545,2461.021
2007-03-08 00:00:00,2038.9305,2268.7686,2936.2473,2099.8545,2461.021
2007-03-08 01:00:00,2038.9305,2268.7686,2936.2473,2099.8545,2461.021
2007-03-08 02:00:00,2038.9305,2268.7686,2936.2473,2099.8545,2461.021
2007-03-08 03:00:00,2038.9305,2268.7686,2936.2473,2099.8545,2461.0327
2007-03-08 04:00:00,2038.9305,2268.7686,2936.2473,2099.8545,2461.227
2007-03-08 05:00:00,2038.9673,2269.1482,2936.2473,2099.8545,2462.086
2007-03-08 06:00:00,2039.1466,2269.96,2936.2473,2100.043,2462.2632
2007-03-08 07:00:00,2039.3287,2270.266,2936.2473,2100.3215,2462.5193
2007-03-08 08:00:00,2039.5513,2270.266,2936.2473,2100.4014,2462.7083
2007-03-08 09:00:00,2039.5671,2270.266,2936.275,2100.4014,2462.902
2007-03-08 10:00:00,2039.5671,2270.428,2936.275,2100.4175,2462.902
2007-03-08 11:00:00,2039.5671,2270.856,2936.287,2100.5977,2462.902
2007-03-08 12:00:00,2039.6567,2270.856,2936.287,2100.871,2462.902
2007-03-08 13:00:00,2039.6567,2270.856,2936.287,2100.871,2462.902
2007-03-08 14:00:00,2039.672,2270.858,2936.287,2100.871,2462.902
2007-03-08 15:00:00,2039.8674,2271.1953,2936.5012,2100.9878,2463.0764
2007-03-08 16:00:00,2040.1423,2271.7305,2936.8313,2101.182,2463.5034
2007-03-08 17:00:00,2040.3955,2271.7961,2937.0513,2101.2246,2463.5044
2007-03-08 18:00:00,2040.4458,2271.812,2937.074,2101.3145,2463.7385
2007-03-08 19:00:00,2040.5039,2272.4736,2937.247,2101.6194,2463.9275
2007-03-08 20:00:00,2040.7826,2272.565,2938.0364,2101.6455,2464.3188
2007-03-08 21:00:00,2040.8097,2274.0566,2938.8584,2102.3838,2464.322
2007-03-08 22:00:00,2042.0455,2274.3118,2938.9375,2102.8528,2464.322
2007-03-08 23:00:00,2042.0852,2274.3118,2938.9375,2102.8528,2464.322
2007-03-09 00:00:00,2042.0852,2274.3118,2938.9375,2102.8528,2464.322
2007-03-09 01:00:00,2042.0852,2274.3118,2938.9375,2102.8528,2464.322
2007-03-09 02:00:00,2042.1073,2274.4585,2938.9375,2102.8818,2464.322
2007-03-09 03:00:00,2042.2645,2274.4697,2938.9375,2103.578,2464.322
2007-03-09 04:00:00,2042.8287,2274.4697,2938.9375,2104.5645,2464.3303
2007-03-09 05:00:00,2043.495,2274.49,2938.986,2105.2207,2464.5156
2007-03-09 06:00:00,2044.4615,2275.531,2939.4197,2106.6802,2464.7922
2007-03-09 07:00:00,2045.6298,2276.6157,2939.7224,2107.5007,2466.234
2007-03-09 08:00:00,2046.7002,2279.0103,2940.1409,2108.9844,2467.0977
2007-03-09 09:00:00,2047.6863,2281.1313,2940.6423,2110.6396,2467.185
2007-03-09 10:00:00,2048.9556,2281.5266,2941.4014,2111.5435,2467.5107
2007-03-09 11:00:00,2049.4683,2282.2305,2942.7405,2111.5713,2468.6372
2007-03-09 12:00:00,2049.915,2282.936,2943.4873,2111.7498,2472.9006
2007-03-09 13:00:00,2050.1738,2283.4724,2944.7625,2113.0466,2474.0781
2007-03-09 14:00:00,2050.197,2284.6797,2945.5188,2113.7659,2475.3618
2007-03-09 15:00:00,2050.6218,2284.8784,2946.069,2115.8472,2475.3916
2007-03-09 16:00:00,2050.6772,2285.0176,2946.3743,2116.0925,2475.4263
2007-03-09 17:00:00,2050.6772,2287.2087,2946.449,2116.462,2475.7612
2007-03-09 18:00:00,2050.7156,2287.4854,2947.7205,2116.987,2475.9272
2007-03-09 19:00:00,2050.9395,2288.7527,2948.2231,2118.0632,2476.4385
2007-03-09 20:00:00,2051.4739,2288.8684,2949.08,2118.7026,2476.947
2007-03-09 21:00:00,2052.2236,2288.8684,2949.08,2118.7095,2476.947
2007-03-09 22:00:00,2052.2463,2289.0188,2949.08,2119.346,2477.3965
2007-03-09 23:00:00,2052.2463,2289.0215,2949.287,2119.4282,2477.6172
2007-03-10 00:00:00,2052.368,2289.0215,2949.5815,2119.4717,2477.6282
2007-03-10 01:00:00,2052.394,2289.5571,2949.6216,2119.7378,2477.6282
2007-03-10 02:00:00,2052.4587,2290.8203,2951.1104,2120.3806,2478.0708
2007-03-10 03:00:00,2052.8628,2291.2888,2951.1926,2121.952,2478.0837
2007-03-10 04:00:00,2053.3528,2291.7566,2951.3052,2122.1765,2478.138
2007-03-10 05:00:00,2053.7405,2292.1362,2951.582,2122.519,2478.2913
2007-03-10 06:00:00,2054.5337,2292.5972,2952.044,2122.8855,2478.611
2007-03-10 07:00:00,2055.8218,2294.0737,2952.548,2124.274,2480.1152
2007-03-10 08:00:00,2058.4854,2295.7827,2953.3142,2126.0684,2481.0234
2007-03-10 09:00:00,2061.6033,2298.0754,2956.4739,2127.7017,2481.7556
2007-03-10 10:00:00,2063.6274,2299.6294,2959.2798,2130.4158,2482.2942
2007-03-10 11:00:00,2063.7944,2299.8306,2965.2512,2130.7122,2482.3694
2007-03-10 12:00:00,2064.055,2299.9724,2967.877,2131.4053,2482.4746
2007-03-10 13:00:00,2064.718,2301.4468,2969.5422,2131.6445,2483.6274
2007-03-10 14:00:00,2065.8936,2303.9001,2971.7712,2133.1204,2489.494
2007-03-10 15:00:00,2066.6438,2304.1301,2972.4932,2135.2527,2490.1946
2007-03-10 16:00:00,2067.8672,2305.184,2972.4932,2135.884,2492.1582
2007-03-10 17:00:00,2068.0916,2305.8267,2973.226,2136.219,2492.2327
2007-03-10 18:00:00,2068.0916,2305.8467,2973.2344,2136.3032,2492.2542
2007-03-10 19:00:00,2068.0916,2305.8467,2973.2344,2136.3032,2492.2542
2007-03-10 20:00:00,2068.0916,2305.8467,2973.2344,2136.3032,2492.2542
2007-03-10 21:00:00,2068.0916,2305.8467,2973.2344,2136.3032,2492.2542
2007-03-10 22:00:00,2068.1377,2305.946,2973.7124,2136.435,2492.3572
2007-03-10 23:00:00,2068.4348,2307.4385,2975.8523,2137.088,2492.7112
2007-03-11 00:00:00,2069.1675,2309.2053,2978.009,2137.9983,2493.174
2007-03-11 01:00:00,2069.903,2311.2173,2979.7754,2138.7234,2494.236
2007-03-11 02:00:00,2070.4043,2313.0771,2982.1313,2140.1587,2496.3423
2007-03-11 03:00:00,2071.1943,2314.484,2985.0679,2141.952,2498.76
2007-03-11 04:00:00,2071.4812,2316.0671,2988.5957,2145.3125,2501.3792
2007-03-11 05:00:00,2071.6716,2318.1714,2991.9456,2149.3875,2504.6594
2007-03-11 06:00:00,2071.899,2320.074,2994.6787,2156.4072,2507.6694
2007-03-11 07:00:00,2072.1921,2321.9326,2999.8372,2158.4329,2511.2605
2007-03-11 08:00:00,2072.655,2323.9387,3003.6858,2162.3672,2514.3066
2007-03-11 09:00:00,2072.8767,2325.355,3007.741,2164.9097,2518.132
2007-03-11 10:00:00,2073.1892,2326.282,3010.7192,2166.3552,2521.3374
2007-03-11 11:00:00,2073.4172,2327.068,3013.378,2167.7432,2523.507
2007-03-11 12:00:00,2073.702,2327.8523,3015.2517,2168.7861,2524.8638
2007-03-11 13:00:00,2074.132,2328.4565,3017.0906,2169.5674,2526.2478
2007-03-11 14:00:00,2074.7866,2329.0486,3019.3333,2170.4177,2527.5652
2007-03-11 15:00:00,2075.8115,2329.5305,3021.919,2171.326,2528.932
2007-03-11 16:00:00,2075.9949,2329.9993,3024.497,2172.2737,2530.344
2007-03-11 17:00:00,2076.1372,2330.426,3026.601,2173.2773,2531.7573
2007-03-11 18:00:00,2076.2976,2330.8184,3028.4216,2174.0732,2533.1147
2007-03-11 19:00:00,2076.381,2331.0696,3030.069,2174.7163,2534.1565
2007-03-11 20:00:00,2076.6877,2331.252,3032.273,2175.199,2534.8765
2007-03-11 21:00:00,2077.333,2331.404,3034.728,2175.458,2535.6262
2007-03-11 22:00:00,2077.7449,2331.4636,3037.3066,2175.609,2536.6934
2007-03-11 23:00:00,2077.9631,2331.4954,3039.239,2175.7456,2537.6787
2007-03-12 00:00:00,2078.1792,2332.1526,3040.347,2176.0286,2538.6062
2007-03-12 01:00:00,2078.4749,2333.423,3040.909,2176.6543,2540.49
2007-03-12 02:00:00,2078.8645,2334.714,3041.1655,2177.3591,2541.85
2007-03-12 03:00:00,2079.1697,2336.3252,3041.3108,2178.4314,2542.8796
2007-03-12 04:00:00,2079.9338,2337.68,3041.6455,2179.6072,2543.7732
2007-03-12 05:00:00,2081.4268,2339.1477,3042.2996,2180.8796,2544.0908
2007-03-12 06:00:00,2083.0752,2340.816,3043.2517,2182.5945,2544.4934
2007-03-12 07:00:00,2084.646,2343.0945,3043.7139,2184.1548,2545.1064
2007-03-12 08:00:00,2086.334,2346.4111,3044.3682,2186.406,2545.8733
2007-03-12 09:00:00,2088.1023,2349.8071,3046.5344,2188.4924,2546.316
2007-03-12 10:00:00,2090.4255,2353.4524,3049.1997,2189.8938,2546.542
2007-03-12 11:00:00,2093.7876,2355.3135,3051.4023,2190.2317,2546.8982
2007-03-12 12:00:00,2097.3252,2356.5476,3053.957,2191.038,2547.4548
2007-03-12 13:00:00,2098.0024,2358.0134,3056.7017,2192.265,2548.052
2007-03-12 14:00:00,2098.2205,2358.973,3060.1401,2192.9167,2549.1384
2007-03-12 15:00:00,2098.5212,2359.7463,3063.0032,2194.0525,2550.813
2007-03-12 16:00:00,2098.6523,2359.9841,3064.8462,2195.0007,2553.3987
2007-03-12 17:00:00,2098.6523,2360.483,3065.7017,2195.2732,2555.8074
2007-03-12 18:00:00,2098.6523,2360.564,3066.2385,2195.502,2557.6523
2007-03-12 19:00:00,2098.7834,2360.8171,3066.5024,2195.886,2557.9053
2007-03-12 20:00:00,2098.7834,2360.8171,3066.508,2195.886,2557.909
2007-03-12 21:00:00,2098.7834,2360.8171,3066.5398,2195.886,2557.9277
2007-03-12 22:00:00,2098.7834,2360.8171,3067.411,2195.886,2557.9558
2007-03-12 23:00:00,2099.0195,2361.1477,3068.2544,2195.8987,2558.1125
2007-03-13 00:00:00,2099.4434,2361.6365,3069.728,2196.0422,2558.3467
2007-03-13 01:00:00,2099.719,2362.49,3070.8203,2196.4583,2558.5117
2007-03-13 02:00:00,2100.1213,2363.033,3071.5317,2196.9421,2558.5525
2007-03-13 03:00:00,2100.6492,2363.2253,3072.353,2197.1672,2558.8557
2007-03-13 04:00:00,2100.783,2363.3586,3075.4924,2197.2173,2559.6052
2007-03-13 05:00:00,2100.9153,2363.478,3076.0398,2197.388,2559.6404
2007-03-13 06:00:00,2100.9182,2363.7407,3076.6572,2197.6165,2559.838
2007-03-13 07:00:00,2100.9202,2364.523,3077.6367,2198.3223,2560.3203
2007-03-13 08:00:00,2101.1064,2365.491,3077.9111,2198.6323,2560.339
2007-03-13 09:00:00,2101.1064,2366.1572,3078.5095,2199.261,2560.409
2007-03-13 10:00:00,2101.1184,2367.5425,3079.914,2199.8857,2560.7622
2007-03-13 11:00:00,2101.2915,2370.3076,3081.2856,2201.1318,2560.7776
2007-03-13 12:00:00,2101.7441,2372.3735,3082.2131,2202.343,2561.1157
2007-03-13 13:00:00,2102.4072,2372.9822,3085.8557,2202.8906,2561.584
2007-03-13 14:00:00,2102.7786,2373.0042,3086.4329,2203.1182,2562.113
2007-03-13 15:00:00,2103.5112,2373.4036,3090.499,2203.6233,2563.083
2007-03-13 16:00:00,2104.6008,2374.0583,3093.1587,2205.095,2564.502
2007-03-13 17:00:00,2105.6042,2375.3022,3095.391,2206.3792,2565.0894
2007-03-13 18:00:00,2106.075,2377.0005,3097.4995,2208.042,2565.7307
2007-03-13 19:00:00,2106.3564,2377.3264,3098.7551,2208.903,2566.6746
2007-03-13 20:00:00,2108.258,2379.1797,3101.0303,2210.4602,2566.9424
2007-03-13 21:00:00,2108.8647,2380.8032,3102.0176,2210.54,2568.7188
2007-03-13 22:00:00,2109.4956,2382.186,3105.1865,2210.77,2570.6648
2007-03-13 23:00:00,2110.4316,2383.1763,3105.7292,2211.645,2572.9868
2007-03-14 00:00:00,2111.4888,2384.1467,3108.3765,2212.9224,2575.224
2007-03-14 01:00:00,2112.3057,2386.0398,3108.7527,2214.6406,2576.2327
2007-03-14 02:00:00,2112.3137,2386.6414,3109.2563,2214.8862,2576.2903
2007-03-14 03:00:00,2112.3457,2387.015,3109.3347,2214.979,2578.4749
2007-03-14 04:00:00,2112.3457,2387.7432,3109.3474,2215.9578,2579.16
2007-03-14 05:00:00,2112.3457,2388.4927,3109.3635,2216.049,2579.16
2007-03-14 06:00:00,2112.457,2389.0557,3109.4705,2216.1606,2580.3557
2007-03-14 07:00:00,2112.6655,2389.2913,3109.7488,2216.38,2580.6953
2007-03-14 08:00:00,2112.6655,2389.5571,3109.8904,2216.542,2580.7954
2007-03-14 09:00:00,2112.695,2389.9966,3110.062,2216.608,2580.864
2007-03-14 10:00:00,2112.8022,2390.2527,3110.245,2216.799,2581.0415
2007-03-14 11:00:00,2112.887,2390.3489,3110.4336,2216.7998,2581.4316
2007-03-14 12:00:00,2112.9822,2390.3643,3110.8943,2216.8872,2582.0337
2007-03-14 13:00:00,2113.166,2390.4958,3111.4329,2217.0403,2582.3198
2007-03-14 14:00:00,2113.5583,2390.68,3112.2646,2217.2866,2583.1106
2007-03-14 15:00:00,2113.8855,2390.8672,3113.0125,2217.5906,2583.9978
2007-03-14 16:00:00,2114.4863,2391.4722,3113.9543,2218.195,2584.875
2007-03-14 17:00:00,2115.2527,2392.2068,3114.9922,2218.9978,2585.8564
2007-03-14 18:00:00,2116.23,2393.0457,3115.8767,2219.4019,2587.0146
2007-03-14 19:00:00,2117.3223,2393.9075,3116.7214,2220.1501,2588.259
2007-03-14 20:00:00,2118.6733,2394.2686,3117.7683,2220.672,2589.705
2007-03-14 21:00:00,2120.0015,2394.466,3118.8428,2220.9905,2591.353
2007-03-14 22:00:00,2120.891,2394.9673,3120.112,2221.2742,2593.0894
2007-03-14 23:00:00,2121.538,2395.804,3121.462,2221.6326,2594.8674
2007-03-15 00:00:00,2122.1453,2396.3152,3122.797,2222.1729,2596.4712
2007-03-15 01:00:00,2122.5437,2396.7114,3124.0264,2222.9924,2598.389
2007-03-15 02:00:00,2122.8284,2397.0005,3125.186,2223.9546,2600.7534
2007-03-15 03:00:00,2123.0415,2397.2097,3126.5642,2225.3257,2603.3137
2007-03-15 04:00:00,2123.4548,2397.4473,3128.1455,2226.9197,2605.7742
2007-03-15 05:00:00,2124.307,2397.7444,3129.2454,2228.52,2607.5273
2007-03-15 06:00:00,2124.596,2397.8716,3129.7036,2228.7925,2607.6936
2007-03-15 07:00:00,2124.7988,2398.2017,3130.6772,2229.111,2607.768
2007-03-15 08:00:00,2124.9097,2398.638,3132.744,2229.8782,2607.8818
2007-03-15 09:00:00,2124.9534,2398.638,3133.5347,2229.8782,2607.8818
2007-03-15 10:00:00,2124.9534,2398.638,3134.4263,2229.936,2607.9087
2007-03-15 11:00:00,2125.113,2398.693,3136.2185,2230.0278,2608.0696
2007-03-15 12:00:00,2125.298,2398.9082,3138.9954,2230.4246,2608.4238
2007-03-15 13:00:00,2125.6482,2399.6843,3141.5522,2231.3606,2608.7637
2007-03-15 14:00:00,2125.9714,2400.7954,3144.4475,2232.1597,2609.4119
2007-03-15 15:00:00,2126.393,2401.8843,3150.0393,2233.1838,2610.5547
2007-03-15 16:00:00,2126.8147,2403.2224,3155.4597,2235.739,2612.0962
2007-03-15 17:00:00,2127.0913,2404.8523,3159.9233,2238.647,2613.72
2007-03-15 18:00:00,2127.2573,2405.874,3164.0898,2240.9126,2615.13
2007-03-15 19:00:00,2127.3018,2406.293,3165.3333,2241.487,2616.3403
2007-03-15 20:00:00,2127.3018,2406.7031,3166.2593,2241.5332,2619.036
2007-03-15 21:00:00,2127.3018,2407.4897,3167.576,2242.1458,2622.9004
2007-03-15 22:00:00,2127.458,2407.6953,3168.6067,2242.3203,2624.8057
2007-03-15 23:00:00,2127.5994,2407.793,3169.3442,2242.4473,2627.2773
2007-03-16 00:00:00,2127.842,2411.0967,3169.7488,2243.3152,2628.0225
2007-03-16 01:00:00,2127.887,2412.0554,3169.8435,2243.9668,2628.158
2007-03-16 02:00:00,2128.7676,2412.5588,3171.0593,2244.0454,2629.5288
2007-03-16 03:00:00,2129.7744,2413.45,3172.7178,2245.2808,2630.7012
2007-03-16 04:00:00,2130.5652,2414.0112,3173.0896,2246.262,2630.7314
2007-03-16 05:00:00,2130.9746,2417.4175,3173.4265,2248.3896,2632.4497
2007-03-16 06:00:00,2131.3306,2418.7712,3174.1868,2250.5776,2633.1758
2007-03-16 07:00:00,2131.7588,2419.216,3175.3142,2250.934,2633.5835
2007-03-16 08:00:00,2132.5024,2420.9448,3176.5015,2252.5576,2635.6287
2007-03-16 09:00:00,2133.5906,2421.1064,3178.7776,2252.802,2635.7192
2007-03-16 10:00:00,2134.1274,2421.3113,3180.1663,2252.942,2635.7773
2007-03-16 11:00:00,2134.185,2422.272,3180.483,2253.4514,2635.8271
2007-03-16 12:00:00,2134.3108,2423.4302,3182.2346,2254.3604,2636.0674
2007-03-16 13:00:00,2134.4712,2424.8682,3184.223,2255.0938,2636.2664
2007-03-16 14:00:00,2134.7607,2426.4302,3185.942,2256.0164,2636.8862
2007-03-16 15:00:00,2135.5225,2429.1287,3188.174,2257.3215,2637.2983
2007-03-16 16:00:00,2138.2312,2433.1226,3192.204,2259.7004,2638.8682
2007-03-16 17:00:00,2139.134,2433.9915,3194.187,2260.4304,2639.1445
2007-03-16 18:00:00,2140.8787,2435.8179,3196.2866,2261.5645,2643.816
2007-03-16 19:00:00,2141.76,2437.079,3197.9182,2262.2112,2645.7146
2007-03-16 20:00:00,2143.434,2437.5278,3198.1514,2264.0774,2646.2905
2007-03-16 21:00:00,2144.085,2437.8396,3198.5823,2264.28,2646.7368
2007-03-16 22:00:00,2144.6987,2439.3376,3199.4924,2266.616,2647.2637
2007-03-16 23:00:00,2144.947,2440.9465,3200.455,2267.693,2649.8896
2007-03-17 00:00:00,2145.5576,2441.4214,3201.9111,2268.0542,2652.5063
2007-03-17 01:00:00,2146.0793,2442.2605,3202.4846,2270.2095,2656.4565
2007-03-17 02:00:00,2147.4397,2443.603,3204.9275,2272.0068,2658.9333
2007-03-17 03:00:00,2149.13,2444.1924,3206.5027,2272.5444,2659.505
2007-03-17 04:00:00,2149.13,2444.2097,3206.5464,2272.5867,2659.505
2007-03-17 05:00:00,2149.3948,2444.891,3206.5757,2273.2017,2659.5186
2007-03-17 06:00:00,2149.985,2444.9807,3207.3167,2273.3293,2659.573
2007-03-17 07:00:00,2151.028,2445.09,3207.9766,2274.477,2660.234
2007-03-17 08:00:00,2151.7131,2445.2124,3209.0032,2276.2087,2661.9932
2007-03-17 09:00:00,2152.1194,2445.313,3209.0042,2277.9065,2663.923
2007-03-17 10:00:00,2152.9004,2445.602,3209.5186,2278.513,2664.4146
2007-03-17 11:00:00,2153.4045,2445.6729,3210.0886,2279.3735,2665.2683
2007-03-17 12:00:00,2155.1187,2445.6729,3210.818,2279.4807,2665.2683
2007-03-17 13:00:00,2156.6113,2445.6729,3211.7634,2279.4915,2665.2683
2007-03-17 14:00:00,2156.6218,2445.6729,3211.7634,2279.557,2665.2683
2007-03-17 15:00:00,2156.7188,2445.6729,3211.7634,2279.557,2665.2683
2007-03-17 16:00:00,2157.4424,2445.6729,3212.6597,2279.557,2665.2683
2007-03-17 17:00:00,2158.7593,2445.6729,3213.6091,2279.644,2665.2683
2007-03-17 18:00:00,2159.0044,2445.6729,3214.1643,2279.6633,2665.2683
2007-03-17 19:00:00,2159.0044,2445.7505,3214.1643,2279.6633,2665.3179
2007-03-17 20:00:00,2159.0044,2445.7505,3214.1643,2279.6633,2665.3179
2007-03-17 21:00:00,2159.0422,2446.0176,3214.1643,2279.8237,2665.3179
2007-03-17 22:00:00,2159.2295,2446.1702,3214.1643,2279.8447,2665.3486
2007-03-17 23:00:00,2159.4023,2446.181,3214.1643,2280.061,2665.4788
2007-03-18 00:00:00,2159.928,2446.4604,3214.2153,2281.025,2665.8174
2007-03-18 01:00:00,2161.1865,2447.355,3214.4568,2283.6746,2667.0325
2007-03-18 02:00:00,2164.3774,2449.0725,3214.8945,2287.1042,2668.5803
2007-03-18 03:00:00,2166.5532,2451.883,3216.6917,2289.245,2672.2559
2007-03-18 04:00:00,2168.855,2455.6028,3219.0867,2292.1033,2674.2957
2007-03-18 05:00:00,2170.6296,2458.2517,3220.3877,2295.0696,2675.2756
2007-03-18 06:00:00,2171.1665,2458.9226,3222.038,2295.9365,2676.3933
2007-03-18 07:00:00,2171.8005,2459.0286,3222.7559,2296.3508,2676.6226
2007-03-18 08:00:00,2172.1206,2459.0444,3222.809,2296.5007,2676.6287
2007-03-18 09:00:00,2172.22,2459.3757,3223.036,2296.6824,2676.6948
2007-03-18 10:00:00,2172.6675,2459.973,3223.1643,2297.2056,2676.6948
2007-03-18 11:00:00,2172.9753,2460.0547,3223.398,2297.284,2676.7131
2007-03-18 12:00:00,2172.9866,2460.0925,3223.41,2297.284,2676.738
2007-03-18 13:00:00,2172.9866,2460.0925,3223.41,2297.284,2676.738
2007-03-18 14:00:00,2172.9866,2460.618,3223.41,2297.284,2676.738
2007-03-18 15:00:00,2172.9866,2460.8528,3223.41,2297.284,2676.738
2007-03-18 16:00:00,2172.9866,2460.8528,3223.41,2297.284,2676.738
2007-03-18 17:00:00,2172.9866,2460.8528,3223.41,2297.284,2676.738
2007-03-18 18:00:00,2172.9866,2460.8528,3223.41,2297.284,2676.738
2007-03-18 19:00:00,2172.9866,2460.8528,3223.4658,2297.284,2676.738
2007-03-18 20:00:00,2172.9866,2460.8528,3223.4905,2297.284,2676.738
2007-03-18 21:00:00,2172.9866,2460.8528,3223.5598,2297.284,2676.8794
2007-03-18 22:00:00,2172.9866,2460.8528,3223.5598,2297.284,2677.48
2007-03-18 23:00:00,2172.9866,2460.8528,3223.5598,2297.284,2677.6804
2007-03-19 00:00:00,2172.9866,2460.8528,3223.9976,2297.284,2678.863
2007-03-19 01:00:00,2173.073,2460.913,3224.5457,2297.284,2680.4292
2007-03-19 02:00:00,2173.1008,2460.9202,3224.5457,2297.342,2680.451
2007-03-19 03:00:00,2173.1008,2460.9202,3224.5457,2297.342,2680.451
2007-03-19 04:00:00,2173.1008,2460.9202,3224.5457,2297.342,2680.451
2007-03-19 05:00:00,2173.1008,2460.9202,3224.5457,2297.342,2680.451
2007-03-19 06:00:00,2173.1008,2460.9202,3224.5457,2297.342,2680.451
2007-03-19 07:00:00,2173.1008,2460.9202,3224.6577,2297.342,2680.5042
2007-03-19 08:00:00,2173.1008,2460.9226,3225.4116,2297.342,2681.1958
2007-03-19 09:00:00,2173.37,2461.1826,3226.5198,2297.462,2681.6963
2007-03-19 10:00:00,2173.5286,2462.8887,3230.1455,2298.2695,2684.707
2007-03-19 11:00:00,2173.9563,2464.5159,3232.4624,2299.3352,2685.3975
2007-03-19 12:00:00,2176.2751,2465.1438,3234.1108,2300.0276,2687.0176
2007-03-19 13:00:00,2176.64,2465.4067,3236.1196,2301.65,2687.039
2007-03-19 14:00:00,2176.922,2465.9285,3237.6023,2302.8914,2687.427
2007-03-19 15:00:00,2177.6807,2466.2993,3238.9094,2303.1646,2687.7725
2007-03-19 16:00:00,2178.8728,2466.9656,3239.5225,2304.4321,2687.859
2007-03-19 17:00:00,2179.7651,2467.0476,3239.5942,2304.6204,2687.9827
2007-03-19 18:00:00,2179.947,2467.6018,3241.8767,2304.6946,2689.147
2007-03-19 19:00:00,2181.5593,2468.2046,3241.9436,2304.8062,2689.7559
2007-03-19 20:00:00,2183.8188,2468.2622,3241.9436,2304.8862,2690.5728
2007-03-19 21:00:00,2186.1091,2468.5454,3242.3474,2305.2607,2692.4253
2007-03-19 22:00:00,2186.3691,2469.4546,3244.3313,2305.903,2694.2751
2007-03-19 23:00:00,2187.5232,2472.498,3246.9758,2307.5698,2695.7104
2007-03-20 00:00:00,2191.699,2474.153,3248.0786,2309.5125,2696.22
2007-03-20 01:00:00,2194.7842,2474.4426,3249.1108,2311.2427,2697.0476
2007-03-20 02:00:00,2196.68,2475.2463,3249.1406,2311.751,2698.0955
2007-03-20 03:00:00,2197.5957,2475.88,3249.2944,2311.8423,2698.5986
2007-03-20 04:00:00,2198.274,2476.8586,3249.769,2312.536,2701.1907
2007-03-20 05:00:00,2199.6953,2478.0564,3252.2988,2312.9973,2703.1675
2007-03-20 06:00:00,2201.879,2479.0413,3253.4766,2314.1646,2703.4106
2007-03-20 07:00:00,2204.0608,2479.5352,3253.931,2315.2795,2703.8398
2007-03-20 08:00:00,2204.918,2479.737,3254.242,2315.6016,2704.2354
2007-03-20 09:00:00,2205.2378,2479.8318,3254.5151,2316.2273,2704.277
2007-03-20 10:00:00,2206.0664,2479.8318,3254.7993,2316.4858,2704.8452
2007-03-20 11:00:00,2206.4421,2479.8486,3254.7993,2316.5022,2705.5063
2007-03-20 12:00:00,2206.7046,2479.9268,3256.041,2316.5146,2707.077
2007-03-20 13:00:00,2206.8254,2479.9827,3257.002,2316.5483,2707.619
2007-03-20 14:00:00,2207.1384,2480.059,3257.127,2316.5483,2707.7507
2007-03-20 15:00:00,2207.1907,2480.059,3257.2078,2316.5483,2708.1292
2007-03-20 16:00:00,2207.2952,2480.059,3257.6914,2316.5483,2708.1997
2007-03-20 17:00:00,2207.2952,2480.059,3257.6914,2316.5483,2708.3464
2007-03-20 18:00:00,2207.3235,2480.059,3257.7808,2316.5483,2708.3464
2007-03-20 19:00:00,2207.3235,2480.059,3258.015,2316.5483,2708.3613
2007-03-20 20:00:00,2207.3235,2480.059,3258.1277,2316.5483,2708.3613
2007-03-20 21:00:00,2207.3235,2480.059,3258.1985,2316.5483,2708.3613
2007-03-20 22:00:00,2207.3235,2480.059,3258.1985,2316.5483,2708.3613
2007-03-20 23:00:00,2207.3235,2480.059,3258.1985,2316.5483,2708.3613
2007-03-21 00:00:00,2207.3235,2480.059,3258.1985,2316.5483,2708.3613
2007-03-21 01:00:00,2207.3235,2480.059,3258.1985,2316.5483,2708.3613
2007-03-21 02:00:00,2207.3235,2480.059,3258.1985,2316.5483,2708.3613
2007-03-21 03:00:00,2207.3235,2480.059,3258.1985,2316.5483,2708.3613
2007-03-21 04:00:00,2207.3235,2480.059,3258.1985,2316.5483,2708.3613
2007-03-21 05:00:00,2207.3235,2480.059,3258.1985,2316.5483,2708.3613
2007-03-21 06:00:00,2207.3235,2480.059,3258.1985,2316.5483,2708.3613
2007-03-21 07:00:00,2207.3235,2480.059,3258.1985,2316.5483,2708.3613
2007-03-21 08:00:00,2207.3235,2480.059,3258.1985,2316.5483,2708.3613
2007-03-21 09:00:00,2207.3235,2480.059,3258.1985,2316.5483,2708.3613
2007-03-21 10:00:00,2207.3235,2480.059,3258.1985,2316.5483,2708.3613
2007-03-21 11:00:00,2207.3235,2480.059,3258.1985,2316.5483,2708.3613
2007-03-21 12:00:00,2207.3235,2480.059,3258.1985,2316.5483,2708.3613
2007-03-21 13:00:00,2207.3235,2480.059,3258.1985,2316.5483,2708.3613
2007-03-21 14:00:00,2207.3235,2480.059,3258.1985,2316.5483,2708.3613
2007-03-21 15:00:00,2207.3235,2480.059,3258.1985,2316.5483,2708.3613
2007-03-21 16:00:00,2207.3235,2480.059,3258.1985,2316.5483,2708.3613
2007-03-21 17:00:00,2207.3235,2480.059,3258.1985,2316.5483,2708.3613
2007-03-21 18:00:00,2207.3235,2480.059,3258.1985,2316.5483,2708.3613
2007-03-21 19:00:00,2207.3235,2480.059,3258.1985,2316.5483,2708.3613
2007-03-21 20:00:00,2207.3235,2480.059,3258.1985,2316.5483,2708.3613
2007-03-21 21:00:00,2207.3235,2480.059,3258.1985,2316.5483,2708.3613
2007-03-21 22:00:00,2207.3235,2480.059,3258.1985,2316.5483,2708.3613
2007-03-21 23:00:00,2207.3235,2480.059,3258.1985,2316.5483,2708.3613
2007-03-22 00:00:00,2207.3235,2480.059,3258.1985,2316.5483,2708.3613
2007-03-22 01:00:00,2207.3235,2480.059,3258.1985,2316.5483,2708.3613
2007-03-22 02:00:00,2207.3235,2480.059,3258.1985,2316.5483,2708.3613
2007-03-22 03:00:00,2207.3262,2480.059,3258.3835,2316.5483,2708.3613
2007-03-22 04:00:00,2207.5344,2480.059,3258.829,2316.5483,2708.3613
2007-03-22 05:00:00,2207.7441,2480.059,3259.1333,2316.7256,2708.3613
2007-03-22 06:00:00,2207.7656,2480.059,3259.1333,2316.927,2708.4504
2007-03-22 07:00:00,2207.7656,2480.059,3259.1333,2317.1223,2708.6458
2007-03-22 08:00:00,2207.7656,2480.059,3259.1333,2317.1416,2708.76
2007-03-22 09:00:00,2207.7656,2480.059,3259.1333,2317.1416,2708.9553
2007-03-22 10:00:00,2207.7656,2480.059,3259.1333,2317.1416,2708.9802
2007-03-22 11:00:00,2207.7656,2480.059,3259.1333,2317.1416,2708.9802
2007-03-22 12:00:00,2207.7656,2480.059,3259.1333,2317.1416,2708.9802
2007-03-22 13:00:00,2207.7656,2480.059,3259.1333,2317.1416,2708.9802
2007-03-22 14:00:00,2207.7656,2480.059,3259.1333,2317.1416,2708.9802
2007-03-22 15:00:00,2207.7656,2480.059,3259.1333,2317.1416,2708.9802
2007-03-22 16:00:00,2207.7656,2480.059,3259.1333,2317.1416,2708.9802
2007-03-22 17:00:00,2207.7656,2480.059,3259.1333,2317.1416,2708.9802
2007-03-22 18:00:00,2207.7656,2480.059,3259.1333,2317.1416,2708.9802
2007-03-22 19:00:00,2207.7656,2480.059,3259.1333,2317.1416,2708.9802
2007-03-22 20:00:00,2207.7656,2480.059,3259.1333,2317.1416,2708.9802
2007-03-22 21:00:00,2207.7656,2480.059,3259.1333,2317.1416,2708.9802
2007-03-22 22:00:00,2207.7656,2480.059,3259.1333,2317.1416,2708.9802
2007-03-22 23:00:00,2207.7656,2480.059,3259.1333,2317.1416,2708.9802
2007-03-23 00:00:00,2207.7656,2480.059,3259.1333,2317.1416,2708.9802
2007-03-23 01:00:00,2207.7656,2480.059,3259.1333,2317.1416,2708.9802
2007-03-23 02:00:00,2207.7656,2480.059,3259.1333,2317.1416,2708.9802
2007-03-23 03:00:00,2207.7656,2480.059,3259.1333,2317.1416,2708.9802
2007-03-23 04:00:00,2207.7656,2480.059,3259.1333,2317.1416,2708.9802
2007-03-23 05:00:00,2207.7656,2480.059,3259.1333,2317.1416,2708.9802
2007-03-23 06:00:00,2207.7656,2480.059,3259.1333,2317.1416,2708.9802
2007-03-23 07:00:00,2207.7656,2480.059,3259.1333,2317.1416,2708.9802
2007-03-23 08:00:00,2207.7656,2480.059,3259.1333,2317.1416,2708.9802
2007-03-23 09:00:00,2207.7656,2480.059,3259.1333,2317.1416,2708.9802
2007-03-23 10:00:00,2207.7656,2480.059,3259.1333,2317.1416,2708.9802
2007-03-23 11:00:00,2207.7656,2480.059,3259.1333,2317.1416,2708.9802
2007-03-23 12:00:00,2207.7656,2480.059,3259.1333,2317.1416,2708.9802
2007-03-23 13:00:00,2207.7656,2480.059,3259.1333,2317.1416,2708.9802
2007-03-23 14:00:00,2207.7656,2480.059,3259.1333,2317.1416,2708.9802
2007-03-23 15:00:00,2207.7656,2480.059,3259.1333,2317.1416,2708.9802
2007-03-23 16:00:00,2207.7656,2480.059,3259.1333,2317.1416,2708.9802
2007-03-23 17:00:00,2207.7656,2480.059,3259.1333,2317.1416,2708.9802
2007-03-23 18:00:00,2207.7656,2480.059,3259.1333,2317.1416,2708.9802
2007-03-23 19:00:00,2207.7656,2480.059,3259.1333,2317.1416,2708.9802
2007-03-23 20:00:00,2207.7656,2480.059,3259.1333,2317.1416,2708.9802
2007-03-23 21:00:00,2207.7656,2480.059,3259.1333,2317.1416,2708.9802
2007-03-23 22:00:00,2207.7656,2480.059,3259.1333,2317.1416,2708.9802
2007-03-23 23:00:00,2207.7656,2480.059,3259.1333,2317.1416,2708.9802
2007-03-24 00:00:00,2207.7656,2480.059,3259.1333,2317.1416,2708.9802
2007-03-24 01:00:00,2207.7656,2480.059,3259.1333,2317.1416,2708.9802
2007-03-24 02:00:00,2207.7656,2480.059,3259.1333,2317.1416,2708.9802
2007-03-24 03:00:00,2207.7656,2480.059,3259.1333,2317.1416,2708.9802
2007-03-24 04:00:00,2207.7656,2480.059,3259.1333,2317.1416,2708.9802
2007-03-24 05:00:00,2207.7656,2480.059,3259.1333,2317.1416,2708.9802
2007-03-24 06:00:00,2207.7656,2480.059,3259.1333,2317.1416,2708.9802
2007-03-24 07:00:00,2207.7656,2480.059,3259.1333,2317.1416,2708.9802
2007-03-24 08:00:00,2207.7656,2480.059,3259.1333,2317.1416,2708.9802
2007-03-24 09:00:00,2207.7656,2480.059,3259.1333,2317.1416,2708.9802
2007-03-24 10:00:00,2207.7656,2480.059,3259.1333,2317.1416,2708.9802
2007-03-24 11:00:00,2207.7656,2480.059,3259.1333,2317.1416,2708.9802
2007-03-24 12:00:00,2207.7656,2480.059,3259.1333,2317.1416,2708.9802
2007-03-24 13:00:00,2207.7656,2480.059,3259.1333,2317.1416,2708.9802
2007-03-24 14:00:00,2207.7656,2480.059,3259.1333,2317.1416,2708.9802
2007-03-24 15:00:00,2207.7656,2480.059,3259.1333,2317.1416,2708.9802
2007-03-24 16:00:00,2207.7656,2480.059,3259.1333,2317.1416,2708.9802
2007-03-24 17:00:00,2207.7656,2480.059,3259.1333,2317.1416,2708.9802
2007-03-24 18:00:00,2207.7656,2480.059,3259.1333,2317.1416,2708.9802
2007-03-24 19:00:00,2207.7656,2480.059,3259.1333,2317.1416,2708.9802
2007-03-24 20:00:00,2207.7656,2480.059,3259.1333,2317.1416,2708.9802
2007-03-24 21:00:00,2207.7656,2480.059,3259.1333,2317.1416,2708.9802
2007-03-24 22:00:00,2207.7656,2480.059,3259.1333,2317.1416,2708.9802
2007-03-24 23:00:00,2207.7656,2480.059,3259.1333,2317.1416,2708.9802
2007-03-25 00:00:00,2207.7656,2480.059,3259.1333,2317.1416,2708.9802
2007-03-25 01:00:00,2207.7656,2480.059,3259.1333,2317.1416,2708.9802
2007-03-25 02:00:00,2207.7656,2480.059,3259.1333,2317.1416,2708.9802
2007-03-25 03:00:00,2207.7656,2480.059,3259.1333,2317.1416,2708.9802
2007-03-25 04:00:00,2207.7656,2480.059,3259.1333,2317.1416,2708.9802
2007-03-25 05:00:00,2207.7656,2480.059,3259.1333,2317.1416,2708.9802
2007-03-25 06:00:00,2207.7656,2480.059,3259.1333,2317.1416,2708.9802
2007-03-25 07:00:00,2207.7656,2480.059,3259.1333,2317.1416,2708.9802
2007-03-25 08:00:00,2207.7656,2480.059,3259.1333,2317.1416,2708.9802
2007-03-25 09:00:00,2207.7656,2480.059,3259.1333,2317.1416,2708.9802
2007-03-25 10:00:00,2207.7656,2480.059,3259.1333,2317.1416,2708.9802
2007-03-25 11:00:00,2207.7656,2480.059,3259.1333,2317.1416,2708.9802
2007-03-25 12:00:00,2207.7656,2480.059,3259.1333,2317.1416,2708.9802
2007-03-25 13:00:00,2207.7656,2480.059,3259.1333,2317.1416,2708.9802
2007-03-25 14:00:00,2207.7656,2480.059,3259.1333,2317.1416,2708.9802
2007-03-25 15:00:00,2207.7656,2480.059,3259.1333,2317.1416,2708.9802
2007-03-25 16:00:00,2207.7656,2480.059,3259.1333,2317.1416,2708.9802
2007-03-25 17:00:00,2207.7656,2480.059,3259.1333,2317.1416,2708.9802
2007-03-25 18:00:00,2207.7656,2480.059,3259.1333,2317.1416,2708.9802
2007-03-25 19:00:00,2207.7656,2480.059,3259.1333,2317.1416,2708.9802
2007-03-25 20:00:00,2207.7656,2480.059,3259.1333,2317.1416,2708.9802
2007-03-25 21:00:00,2207.7656,2480.059,3259.1333,2317.1416,2708.9802
2007-03-25 22:00:00,2207.7656,2480.059,3259.1333,2317.1416,2708.9802
2007-03-25 23:00:00,2207.7656,2480.059,3259.1333,2317.1416,2708.9802
2007-03-26 00:00:00,2207.7656,2480.059,3259.1333,2317.1416,2708.9802
2007-03-26 01:00:00,2207.7656,2480.059,3259.1333,2317.1416,2708.9802
2007-03-26 02:00:00,2207.7656,2480.059,3259.1333,2317.1416,2708.9802
2007-03-26 03:00:00,2207.7656,2480.059,3259.1333,2317.1416,2708.9802
2007-03-26 04:00:00,2207.7656,2480.059,3259.1333,2317.1416,2708.9802
2007-03-26 05:00:00,2207.7656,2480.059,3259.1333,2317.1416,2708.9802
2007-03-26 06:00:00,2207.7656,2480.059,3259.1333,2317.1416,2708.9802
2007-03-26 07:00:00,2207.7656,2480.059,3259.1333,2317.1416,2708.9802
2007-03-26 08:00:00,2207.7656,2480.059,3259.1333,2317.1416,2708.9802
2007-03-26 09:00:00,2207.7656,2480.059,3259.1333,2317.1416,2708.9802
2007-03-26 10:00:00,2207.7656,2480.059,3259.1333,2317.1416,2708.9802
2007-03-26 11:00:00,2207.7656,2480.059,3259.1333,2317.1416,2708.9802
2007-03-26 12:00:00,2207.7656,2480.059,3259.1333,2317.1416,2708.9802
2007-03-26 13:00:00,2207.7656,2480.059,3259.1333,2317.1416,2708.9802
2007-03-26 14:00:00,2207.7656,2480.059,3259.1333,2317.1416,2708.9802
2007-03-26 15:00:00,2207.7656,2480.059,3259.1333,2317.1416,2708.9802
2007-03-26 16:00:00,2207.7656,2480.059,3259.1333,2317.1416,2708.9802
2007-03-26 17:00:00,2207.7656,2480.059,3259.1333,2317.1416,2708.9802
2007-03-26 18:00:00,2207.7656,2480.059,3259.1333,2317.1416,2708.9802
2007-03-26 19:00:00,2207.7656,2480.059,3259.1333,2317.1416,2708.9802
2007-03-26 20:00:00,2207.7656,2480.059,3259.1333,2317.1416,2708.9802
2007-03-26 21:00:00,2207.7656,2480.059,3259.1333,2317.1416,2708.9802
2007-03-26 22:00:00,2207.7656,2480.059,3259.1333,2317.1416,2708.9802
2007-03-26 23:00:00,2207.7656,2480.059,3259.1333,2317.1416,2708.9802
2007-03-27 00:00:00,2207.7656,2480.059,3259.1333,2317.1416,2708.9802
2007-03-27 01:00:00,2207.7656,2480.059,3259.1333,2317.1416,2708.9802
2007-03-27 02:00:00,2207.7656,2480.059,3259.1333,2317.1416,2708.9802
2007-03-27 03:00:00,2207.7656,2480.059,3259.1333,2317.1416,2708.9802
2007-03-27 04:00:00,2207.7656,2480.059,3259.1333,2317.1416,2708.9802
2007-03-27 05:00:00,2207.7656,2480.059,3259.1333,2317.1416,2708.9802
2007-03-27 06:00:00,2207.7656,2480.059,3259.1333,2317.1416,2708.9802
2007-03-27 07:00:00,2207.7656,2480.059,3259.1333,2317.1416,2708.9802
2007-03-27 08:00:00,2207.7656,2480.059,3259.1333,2317.1416,2708.9802
2007-03-27 09:00:00,2207.7656,2480.059,3259.1333,2317.1416,2708.9802
2007-03-27 10:00:00,2207.7656,2480.059,3259.1333,2317.1416,2708.9802
2007-03-27 11:00:00,2207.7656,2480.059,3259.1333,2317.1416,2708.9802
2007-03-27 12:00:00,2207.7656,2480.059,3259.1333,2317.1416,2708.9802
2007-03-27 13:00:00,2207.7656,2480.059,3259.1333,2317.1416,2708.9802
2007-03-27 14:00:00,2207.7656,2480.059,3259.1333,2317.1416,2708.9802
2007-03-27 15:00:00,2207.7656,2480.059,3259.1333,2317.1416,2708.9802
2007-03-27 16:00:00,2207.7656,2480.059,3259.1333,2317.1416,2708.9802
2007-03-27 17:00:00,2207.7656,2480.059,3259.1333,2317.1416,2708.9802
2007-03-27 18:00:00,2207.7656,2480.059,3259.1333,2317.1416,2708.9802
2007-03-27 19:00:00,2207.7656,2480.059,3259.1333,2317.1416,2708.9802
2007-03-27 20:00:00,2207.7656,2480.059,3259.1333,2317.1416,2708.9802
2007-03-27 21:00:00,2207.7656,2480.059,3259.1333,2317.1416,2708.9802
2007-03-27 22:00:00,2207.7656,2480.059,3259.1333,2317.1416,2708.9802
2007-03-27 23:00:00,2207.7656,2480.059,3259.1333,2317.1416,2708.9802
2007-03-28 00:00:00,2207.7656,2480.059,3259.1333,2317.1416,2708.9802
2007-03-28 01:00:00,2207.7656,2480.059,3259.1333,2317.1416,2708.9802
2007-03-28 02:00:00,2207.7656,2480.059,3259.1333,2317.1416,2708.9802
2007-03-28 03:00:00,2207.7656,2480.059,3259.1333,2317.1416,2708.9802
2007-03-28 04:00:00,2207.7656,2480.059,3259.1333,2317.1416,2708.9802
2007-03-28 05:00:00,2207.7656,2480.059,3259.1333,2317.1416,2708.9802
2007-03-28 06:00:00,2207.7656,2480.059,3259.1333,2317.1416,2708.9802
2007-03-28 07:00:00,2207.7656,2480.059,3259.1333,2317.1416,2708.9802
2007-03-28 08:00:00,2207.7656,2480.059,3259.1333,2317.1416,2708.9802
2007-03-28 09:00:00,2207.7656,2480.059,3259.1333,2317.1416,2708.9802
2007-03-28 10:00:00,2207.7656,2480.059,3259.1333,2317.1416,2708.9802
2007-03-28 11:00:00,2207.7656,2480.059,3259.1333,2317.1416,2708.9802
2007-03-28 12:00:00,2207.7656,2480.059,3259.1333,2317.1416,2708.9802
2007-03-28 13:00:00,2207.7656,2480.059,3259.1333,2317.1416,2708.9802
2007-03-28 14:00:00,2207.7656,2480.059,3259.1333,2317.1416,2708.9802
2007-03-28 15:00:00,2207.7656,2480.059,3259.1333,2317.1416,2708.9802
2007-03-28 16:00:00,2207.7656,2480.059,3259.1333,2317.1416,2708.9802
2007-03-28 17:00:00,2207.7656,2480.059,3259.1333,2317.1416,2708.9802
2007-03-28 18:00:00,2207.7656,2480.059,3259.1333,2317.1416,2708.9802
2007-03-28 19:00:00,2207.7656,2480.059,3259.1333,2317.1416,2708.9802
2007-03-28 20:00:00,2207.7656,2480.059,3259.1333,2317.1416,2708.9802
2007-03-28 21:00:00,2207.7656,2480.059,3259.1333,2317.1416,2708.9802
2007-03-28 22:00:00,2207.7656,2480.059,3259.1333,2317.1416,2708.9802
2007-03-28 23:00:00,2207.7656,2480.059,3259.1333,2317.1416,2708.9802
2007-03-29 00:00:00,2207.7656,2480.059,3259.1333,2317.1416,2708.9802
2007-03-29 01:00:00,2207.7656,2480.059,3259.1333,2317.1416,2708.9802
2007-03-29 02:00:00,2207.7656,2480.059,3259.1333,2317.1416,2708.9802
2007-03-29 03:00:00,2207.7656,2480.059,3259.1333,2317.1416,2708.9802
2007-03-29 04:00:00,2207.7656,2480.059,3259.1333,2317.1416,2708.9802
2007-03-29 05:00:00,2207.7656,2480.059,3259.1333,2317.1416,2708.9802
2007-03-29 06:00:00,2207.7656,2480.059,3259.1333,2317.1416,2708.9802
2007-03-29 07:00:00,2207.7656,2480.059,3259.1333,2317.1416,2708.9802
2007-03-29 08:00:00,2207.7656,2480.059,3259.1333,2317.1416,2708.9802
2007-03-29 09:00:00,2207.7656,2480.059,3259.1333,2317.1416,2708.9802
2007-03-29 10:00:00,2207.7656,2480.059,3259.1333,2317.1416,2708.9802
2007-03-29 11:00:00,2207.7656,2480.059,3259.1333,2317.1416,2708.9802
2007-03-29 12:00:00,2207.7656,2480.059,3259.1333,2317.1416,2708.9802
2007-03-29 13:00:00,2207.7656,2480.059,3259.1333,2317.1416,2708.9802
2007-03-29 14:00:00,2207.7656,2480.059,3259.1333,2317.1416,2708.9802
2007-03-29 15:00:00,2207.7656,2480.059,3259.1333,2317.1416,2708.9802
2007-03-29 16:00:00,2207.7656,2480.059,3259.1333,2317.1416,2708.9802
2007-03-29 17:00:00,2207.7656,2480.059,3259.1333,2317.1416,2708.9802
2007-03-29 18:00:00,2207.7656,2480.059,3259.1333,2317.1416,2708.9802
2007-03-29 19:00:00,2207.7656,2480.059,3259.1333,2317.1416,2708.9802
2007-03-29 20:00:00,2207.7656,2480.059,3259.1333,2317.1416,2708.9802
2007-03-29 21:00:00,2207.7656,2480.059,3259.1333,2317.1416,2708.9802
2007-03-29 22:00:00,2207.7656,2480.059,3259.1333,2317.1416,2708.9802
2007-03-29 23:00:00,2207.7656,2480.059,3259.1333,2317.1416,2708.9802
2007-03-30 00:00:00,2207.7656,2480.059,3259.1333,2317.1416,2708.9802
2007-03-30 01:00:00,2207.7656,2480.059,3259.1333,2317.1416,2708.9802
2007-03-30 02:00:00,2207.7656,2480.059,3259.1333,2317.1416,2708.9802
2007-03-30 03:00:00,2207.7656,2480.059,3259.1333,2317.1416,2708.9802
2007-03-30 04:00:00,2207.7656,2480.059,3259.1333,2317.1416,2708.9802
2007-03-30 05:00:00,2207.7656,2480.059,3259.1333,2317.1416,2708.9802
2007-03-30 06:00:00,2207.7656,2480.059,3259.1333,2317.1416,2708.9802
2007-03-30 07:00:00,2207.7656,2480.059,3259.1333,2317.1416,2708.9802
2007-03-30 08:00:00,2207.7656,2480.059,3259.1333,2317.1416,2708.9802
2007-03-30 09:00:00,2207.7656,2480.059,3259.1333,2317.1416,2708.9802
2007-03-30 10:00:00,2207.7656,2480.059,3259.1333,2317.1416,2708.9802
2007-03-30 11:00:00,2207.7656,2480.059,3259.1333,2317.1416,2708.9802
2007-03-30 12:00:00,2207.7656,2480.059,3259.1333,2317.1416,2708.9802
2007-03-30 13:00:00,2207.7656,2480.059,3259.1333,2317.1416,2708.9802
2007-03-30 14:00:00,2207.7656,2480.059,3259.1333,2317.1416,2708.9802
2007-03-30 15:00:00,2207.7656,2480.059,3259.1333,2317.1416,2708.9802
2007-03-30 16:00:00,2207.7656,2480.059,3259.1333,2317.1416,2708.9802
2007-03-30 17:00:00,2207.7656,2480.059,3259.1333,2317.1416,2708.9802
2007-03-30 18:00:00,2207.7656,2480.059,3259.1333,2317.1416,2708.9802
2007-03-30 19:00:00,2207.7656,2480.059,3259.1333,2317.1416,2708.9802
2007-03-30 20:00:00,2207.7656,2480.059,3259.1333,2317.1416,2708.9802
2007-03-30 21:00:00,2207.7656,2480.059,3259.1333,2317.1416,2708.9802
2007-03-30 22:00:00,2207.7656,2480.059,3259.1333,2317.1416,2708.9802
2007-03-30 23:00:00,2207.7656,2480.059,3259.1333,2317.1416,2708.9802
2007-03-31 00:00:00,2207.7656,2480.059,3259.1333,2317.1416,2708.9802
2007-03-31 01:00:00,2207.7656,2480.059,3259.1333,2317.1416,2708.9802
2007-03-31 02:00:00,2207.7656,2480.059,3259.1333,2317.1416,2708.9802
2007-03-31 03:00:00,2207.7656,2480.059,3259.1333,2317.1416,2708.9802
2007-03-31 04:00:00,2207.7656,2480.059,3259.1333,2317.1416,2708.9802
2007-03-31 05:00:00,2207.7656,2480.059,3259.1333,2317.1416,2708.9802
2007-03-31 06:00:00,2207.7656,2480.059,3259.1333,2317.1416,2708.9802
2007-03-31 07:00:00,2207.7656,2480.059,3259.1333,2317.1416,2708.9802
2007-03-31 08:00:00,2207.7656,2480.059,3259.1333,2317.1416,2708.9802
2007-03-31 09:00:00,2207.7656,2480.059,3259.1333,2317.1416,2708.9802
2007-03-31 10:00:00,2207.7656,2480.059,3259.1333,2317.1416,2708.9802
2007-03-31 11:00:00,2207.7656,2480.059,3259.1333,2317.1416,2708.9802
2007-03-31 12:00:00,2207.7656,2480.059,3259.1333,2317.1416,2708.9802
2007-03-31 13:00:00,2207.7656,2480.059,3259.1333,2317.1416,2708.9802
2007-03-31 14:00:00,2207.7656,2480.059,3259.1333,2317.1416,2708.9802
2007-03-31 15:00:00,2207.7656,2480.059,3259.1333,2317.1416,2708.9802
2007-03-31 16:00:00,2207.7656,2480.059,3259.1333,2317.1416,2708.9802
2007-03-31 17:00:00,2207.7656,2480.059,3259.1333,2317.1416,2708.9802
2007-03-31 18:00:00,2207.7656,2480.059,3259.1333,2317.1416,2708.9802
2007-03-31 19:00:00,2207.7656,2480.059,3259.1333,2317.1416,2708.9802
2007-03-31 20:00:00,2207.7656,2480.059,3259.1333,2317.1416,2708.9802
2007-03-31 21:00:00,2207.7656,2480.059,3259.1333,2317.1416,2708.9802
2007-03-31 22:00:00,2207.7656,2480.059,3259.1333,2317.1416,2708.9802
2007-03-31 23:00:00,2207.7656,2480.059,3259.1333,2317.1416,2708.9802
2007-04-01 00:00:00,2207.7656,2480.059,3259.1333,2317.1416,2708.9802
2007-04-01 01:00:00,2207.7656,2480.059,3259.1333,2317.1416,2708.9802
2007-04-01 02:00:00,2207.7656,2480.059,3259.1333,2317.1416,2708.9802
2007-04-01 03:00:00,2207.7656,2480.059,3259.1333,2317.1416,2708.9802
2007-04-01 04:00:00,2207.7656,2480.059,3259.1333,2317.1416,2708.9802
2007-04-01 05:00:00,2207.7656,2480.059,3259.1333,2317.1416,2708.9802
2007-04-01 06:00:00,2207.7656,2480.059,3259.1333,2317.1416,2708.9802
2007-04-01 07:00:00,2207.7656,2480.059,3259.1333,2317.1416,2708.9802
2007-04-01 08:00:00,2207.7656,2480.059,3259.1333,2317.1416,2708.9802
2007-04-01 09:00:00,2207.7656,2480.059,3259.1333,2317.1416,2708.9802
2007-04-01 10:00:00,2207.7656,2480.059,3259.1333,2317.1416,2708.9802
2007-04-01 11:00:00,2207.7656,2480.059,3259.1333,2317.1416,2708.9802
2007-04-01 12:00:00,2207.7656,2480.059,3259.1333,2317.1416,2708.9802
2007-04-01 13:00:00,2207.7656,2480.059,3259.1333,2317.1416,2708.9802
2007-04-01 14:00:00,2207.7656,2480.059,3259.1333,2317.1416,2708.9802
2007-04-01 15:00:00,2207.7656,2480.059,3259.1333,2317.1416,2708.9802
2007-04-01 16:00:00,2207.7656,2480.059,3259.1333,2317.1416,2708.9802
2007-04-01 17:00:00,2207.7656,2480.059,3259.1333,2317.1416,2708.9802
2007-04-01 18:00:00,2207.7656,2480.059,3259.1333,2317.1416,2708.9802
2007-04-01 19:00:00,2207.7656,2480.059,3259.1333,2317.1416,2708.9802
2007-04-01 20:00:00,2207.7656,2480.059,3259.1333,2317.1416,2708.9802
2007-04-01 21:00:00,2207.7656,2480.059,3259.1333,2317.1416,2708.9802
2007-04-01 22:00:00,2207.7656,2480.059,3259.1333,2317.1416,2708.9802
2007-04-01 23:00:00,2207.7656,2480.059,3259.1333,2317.1416,2708.9802
2007-04-02 00:00:00,2207.7656,2480.059,3259.1333,2317.1416,2708.9802
2007-04-02 01:00:00,2207.7656,2480.059,3259.1333,2317.1416,2708.9802
2007-04-02 02:00:00,2207.7656,2480.059,3259.1333,2317.1416,2708.9802
2007-04-02 03:00:00,2207.7656,2480.059,3259.1333,2317.1416,2709.0444
2007-04-02 04:00:00,2207.7656,2480.059,3259.1997,2317.1416,2709.12
2007-04-02 05:00:00,2207.7656,2480.2295,3259.4485,2317.1416,2709.6265
2007-04-02 06:00:00,2207.9004,2480.8208,3259.7324,2317.1416,2710.9036
2007-04-02 07:00:00,2208.2063,2481.9788,3260.1682,2317.1416,2711.7913
2007-04-02 08:00:00,2208.209,2482.1902,3260.328,2317.1416,2712.691
2007-04-02 09:00:00,2208.313,2482.9595,3260.7012,2317.1416,2713.1812
2007-04-02 10:00:00,2208.3623,2483.167,3261.3762,2317.147,2713.47
2007-04-02 11:00:00,2208.3833,2483.564,3261.5693,2317.147,2713.7478
2007-04-02 12:00:00,2208.435,2483.9531,3261.8047,2317.147,2713.841
2007-04-02 13:00:00,2208.5432,2484.4138,3262.0166,2317.147,2714.096
2007-04-02 14:00:00,2208.5916,2484.5415,3262.0974,2317.147,2714.12
2007-04-02 15:00:00,2208.5999,2484.5415,3262.16,2317.1626,2714.2197
2007-04-02 16:00:00,2208.7888,2484.5415,3262.2986,2317.1626,2714.4795
2007-04-02 17:00:00,2208.8032,2484.7214,3262.2986,2317.1626,2715.466
2007-04-02 18:00:00,2208.8032,2484.7214,3262.5444,2317.1626,2716.0742
2007-04-02 19:00:00,2208.8032,2484.7214,3262.6074,2317.1626,2716.108
2007-04-02 20:00:00,2208.8032,2484.7214,3262.6685,2317.1626,2716.122
2007-04-02 21:00:00,2208.8032,2484.7214,3263.008,2317.1626,2716.338
2007-04-02 22:00:00,2208.9204,2484.7214,3263.0178,2317.1626,2716.8308
2007-04-02 23:00:00,2208.9204,2484.7214,3263.207,2317.1626,2717.065
2007-04-03 00:00:00,2208.9446,2484.7214,3263.288,2317.1626,2717.13
2007-04-03 01:00:00,2208.9722,2484.7214,3263.5928,2317.1626,2717.155
2007-04-03 02:00:00,2208.9722,2484.7214,3263.5928,2317.1626,2717.2593
2007-04-03 03:00:00,2208.9722,2484.7214,3263.6792,2317.1626,2717.619
2007-04-03 04:00:00,2208.985,2484.7214,3264.2756,2317.1626,2718.0342
2007-04-03 05:00:00,2208.985,2484.7214,3264.2756,2317.1626,2718.0342
2007-04-03 06:00:00,2208.985,2484.7214,3264.5708,2317.1626,2718.0342
2007-04-03 07:00:00,2208.985,2484.7214,3264.6133,2317.1626,2718.0342
2007-04-03 08:00:00,2208.985,2484.7214,3264.6133,2317.1626,2718.174
2007-04-03 09:00:00,2208.985,2484.7214,3264.6133,2317.1626,2718.191
2007-04-03 10:00:00,2208.985,2484.7214,3264.6133,2317.1626,2718.191
2007-04-03 11:00:00,2208.985,2484.7214,3264.6133,2317.1626,2718.191
2007-04-03 12:00:00,2208.985,2484.7214,3264.6133,2317.1626,2718.191
2007-04-03 13:00:00,2208.985,2484.7214,3264.6133,2317.1626,2718.191
2007-04-03 14:00:00,2208.985,2484.7214,3264.6362,2317.1626,2718.2175
2007-04-03 15:00:00,2208.985,2484.7214,3265.0508,2317.1626,2718.6865
2007-04-03 16:00:00,2208.985,2484.7214,3265.226,2317.1626,2719.1357
2007-04-03 17:00:00,2208.985,2484.7214,3265.3057,2317.1626,2719.6152
2007-04-03 18:00:00,2209.0347,2484.7214,3265.3823,2317.1626,2719.7854
2007-04-03 19:00:00,2209.154,2484.7214,3265.3823,2317.1626,2719.8628
2007-04-03 20:00:00,2209.2563,2484.8535,3265.3823,2317.1626,2719.8628
2007-04-03 21:00:00,2209.4885,2485.554,3265.3823,2317.4028,2720.0496
2007-04-03 22:00:00,2209.949,2486.7288,3265.3823,2317.786,2720.2666
2007-04-03 23:00:00,2210.5688,2488.3098,3265.3823,2318.2585,2720.4902
2007-04-04 00:00:00,2211.4263,2490.0178,3265.7156,2318.7805,2720.7046
2007-04-04 01:00:00,2212.0254,2491.5493,3266.4216,2319.2332,2720.931
2007-04-04 02:00:00,2212.2417,2492.637,3267.269,2319.5015,2721.1294
2007-04-04 03:00:00,2212.2456,2493.59,3267.8015,2319.5015,2721.2202
2007-04-04 04:00:00,2212.2456,2494.3977,3268.062,2319.5015,2721.3018
2007-04-04 05:00:00,2212.2456,2494.8965,3268.1067,2319.5015,2721.3018
2007-04-04 06:00:00,2212.2456,2495.1152,3268.1067,2319.5015,2721.3018
2007-04-04 07:00:00,2212.2456,2495.1208,3268.1067,2319.5015,2721.3018
2007-04-04 08:00:00,2212.2456,2495.1208,3268.1067,2319.5015,2721.3018
2007-04-04 09:00:00,2212.2456,2495.1208,3268.1067,2319.5015,2721.3018
2007-04-04 10:00:00,2212.2456,2495.1208,3268.1067,2319.5015,2721.329
2007-04-04 11:00:00,2212.2456,2495.1355,3268.1067,2319.5015,2721.363
2007-04-04 12:00:00,2212.2456,2495.2842,3268.1067,2319.5015,2721.459
2007-04-04 13:00:00,2212.2456,2495.5461,3268.1067,2319.5015,2721.5688
2007-04-04 14:00:00,2212.2456,2495.6455,3268.1067,2319.5015,2721.637
2007-04-04 15:00:00,2212.2456,2495.6455,3268.1067,2319.5015,2721.9224
2007-04-04 16:00:00,2212.2456,2495.6455,3268.1067,2319.5015,2722.1497
2007-04-04 17:00:00,2212.2456,2495.6455,3268.1067,2319.5015,2722.216
2007-04-04 18:00:00,2212.2456,2495.6748,3268.1067,2319.5015,2722.2466
2007-04-04 19:00:00,2212.2456,2495.6748,3268.1067,2319.5015,2722.3845
2007-04-04 20:00:00,2212.2456,2495.6748,3268.1067,2319.5015,2722.6223
2007-04-04 21:00:00,2212.2456,2495.6748,3268.1067,2319.5015,2722.6873
2007-04-04 22:00:00,2212.2456,2495.6748,3268.1067,2319.5015,2722.7595
2007-04-04 23:00:00,2212.2456,2495.6748,3268.1067,2319.5015,2722.7979
2007-04-05 00:00:00,2212.2456,2495.6748,3268.1067,2319.5015,2722.8271
2007-04-05 01:00:00,2212.4143,2495.6748,3268.8113,2319.5015,2722.9434
2007-04-05 02:00:00,2212.9097,2495.6748,3268.9167,2319.656,2723.1323
2007-04-05 03:00:00,2213.0515,2495.7322,3268.9968,2319.656,2723.1323
2007-04-05 04:00:00,2213.0515,2495.7322,3268.9968,2319.656,2723.1323
2007-04-05 05:00:00,2213.0515,2495.7322,3268.9968,2319.656,2723.1323
2007-04-05 06:00:00,2213.435,2495.7322,3268.9968,2319.656,2723.1323
2007-04-05 07:00:00,2216.2197,2495.7322,3268.9968,2319.8755,2723.1445
2007-04-05 08:00:00,2218.5452,2495.7322,3268.9968,2320.5354,2723.1445
2007-04-05 09:00:00,2220.7847,2495.7966,3268.9968,2320.8774,2723.308
2007-04-05 10:00:00,2221.8423,2495.7966,3269.0054,2321.798,2723.4116
2007-04-05 11:00:00,2222.2505,2495.7966,3269.7896,2321.9324,2723.4116
2007-04-05 12:00:00,2223.8186,2495.9143,3270.809,2322.4736,2724.1594
2007-04-05 13:00:00,2223.8242,2496.088,3270.809,2322.8147,2724.65
2007-04-05 14:00:00,2226.257,2496.4292,3272.1672,2322.8584,2724.6948
2007-04-05 15:00:00,2226.9055,2497.3867,3272.9717,2323.3213,2726.0344
2007-04-05 16:00:00,2226.9685,2497.6052,3273.2827,2323.5166,2726.3503
2007-04-05 17:00:00,2227.0652,2497.8086,3273.557,2323.6824,2726.6648
2007-04-05 18:00:00,2227.2683,2498.282,3273.627,2323.9712,2727.15
2007-04-05 19:00:00,2227.8982,2498.4644,3274.2432,2323.9712,2727.5283
2007-04-05 20:00:00,2228.0847,2498.7231,3275.1458,2324.2964,2728.0
2007-04-05 21:00:00,2228.4277,2498.9631,3276.717,2324.6445,2728.5732
2007-04-05 22:00:00,2228.9731,2499.2498,3277.8386,2325.1406,2728.633
2007-04-05 23:00:00,2229.2751,2499.3843,3278.8264,2325.5583,2729.4124
2007-04-06 00:00:00,2229.715,2500.0618,3279.2253,2325.772,2730.9458
2007-04-06 01:00:00,2229.715,2500.7637,3279.303,2325.7744,2731.5532
2007-04-06 02:00:00,2229.715,2500.987,3279.303,2325.7744,2732.1782
2007-04-06 03:00:00,2230.5815,2501.1377,3279.4563,2325.7744,2732.19
2007-04-06 04:00:00,2231.6707,2501.1377,3279.613,2325.7808,2732.3933
2007-04-06 05:00:00,2231.836,2501.2068,3279.6843,2325.8015,2732.412
2007-04-06 06:00:00,2232.077,2501.263,3279.6843,2326.1392,2732.818
2007-04-06 07:00:00,2232.509,2501.4434,3280.6362,2326.1392,2733.2463
2007-04-06 08:00:00,2232.8784,2501.619,3280.9304,2326.8577,2733.5032
2007-04-06 09:00:00,2233.049,2501.619,3280.9304,2327.169,2733.5059
2007-04-06 10:00:00,2233.958,2501.8037,3281.4993,2327.2197,2734.3591
2007-04-06 11:00:00,2233.992,2501.8586,3281.9492,2327.8035,2734.4158
2007-04-06 12:00:00,2234.087,2501.9233,3282.3225,2327.8184,2734.5144
2007-04-06 13:00:00,2234.087,2502.4253,3282.348,2327.8193,2736.377
2007-04-06 14:00:00,2234.0916,2503.2673,3282.348,2327.9375,2736.5479
2007-04-06 15:00:00,2234.597,2503.269,3282.4534,2327.9492,2736.5479
2007-04-06 16:00:00,2234.6995,2503.269,3282.5571,2327.9492,2736.57
2007-04-06 17:00:00,2234.6995,2503.278,3282.5571,2328.1697,2736.7559
2007-04-06 18:00:00,2234.7717,2503.556,3282.682,2328.1697,2736.7559
2007-04-06 19:00:00,2235.3513,2503.614,3282.8262,2328.2583,2736.7559
2007-04-06 20:00:00,2235.6013,2503.7163,3282.9849,2328.7478,2737.687
2007-04-06 21:00:00,2235.8135,2503.9602,3283.14,2328.8865,2738.0808
2007-04-06 22:00:00,2235.8552,2503.9602,3283.418,2328.9453,2738.0808
2007-04-06 23:00:00,2236.1875,2503.9602,3283.8213,2329.1511,2738.0808
2007-04-07 00:00:00,2236.3064,2503.9956,3284.302,2329.4146,2738.3828
2007-04-07 01:00:00,2236.545,2504.0776,3285.8628,2329.7715,2738.7622
2007-04-07 02:00:00,2236.7378,2504.4143,3286.9468,2330.3208,2739.7903
2007-04-07 03:00:00,2237.431,2504.8044,3288.7075,2330.8845,2740.0908
2007-04-07 04:00:00,2238.5376,2504.9976,3290.0598,2331.1362,2740.284
2007-04-07 05:00:00,2238.9817,2505.154,3291.1428,2331.3179,2740.3374
2007-04-07 06:00:00,2239.3853,2505.3691,3291.9358,2331.5266,2740.4297
2007-04-07 07:00:00,2239.7727,2505.5566,3292.5645,2331.5867,2740.8105
2007-04-07 08:00:00,2240.7036,2505.723,3293.4216,2331.797,2741.2434
2007-04-07 09:00:00,2241.3093,2505.8652,3294.2307,2332.011,2741.6465
2007-04-07 10:00:00,2242.023,2506.018,3295.3286,2332.2483,2741.958
2007-04-07 11:00:00,2242.197,2506.07,3295.6226,2333.0315,2742.3762
2007-04-07 12:00:00,2242.3823,2506.8022,3296.2898,2333.6926,2742.404
2007-04-07 13:00:00,2242.6614,2506.8796,3297.7502,2333.6926,2742.969
2007-04-07 14:00:00,2242.9412,2507.1208,3298.6565,2334.0845,2743.0842
2007-04-07 15:00:00,2243.0952,2507.3838,3298.995,2334.4434,2744.2195
2007-04-07 16:00:00,2243.2478,2507.4966,3299.1648,2334.5588,2744.4268
2007-04-07 17:00:00,2243.3052,2507.4978,3299.18,2334.5588,2744.8591
2007-04-07 18:00:00,2243.3052,2507.5356,3299.3188,2335.3872,2745.617
2007-04-07 19:00:00,2243.4443,2507.555,3300.242,2335.7087,2745.7979
2007-04-07 20:00:00,2243.4443,2507.555,3300.242,2335.7087,2746.0388
2007-04-07 21:00:00,2243.5957,2507.618,3300.2983,2335.7087,2746.09
2007-04-07 22:00:00,2243.671,2507.618,3300.3684,2335.7087,2746.4216
2007-04-07 23:00:00,2243.777,2507.7725,3300.3684,2335.7087,2746.6526
2007-04-08 00:00:00,2243.8145,2507.925,3300.4233,2335.7087,2746.6548
2007-04-08 01:00:00,2243.8262,2507.925,3300.6978,2335.7087,2746.6548
2007-04-08 02:00:00,2243.8262,2507.925,3300.7925,2335.7087,2746.6548
2007-04-08 03:00:00,2243.8262,2507.925,3300.7925,2335.7087,2746.6548
2007-04-08 04:00:00,2243.8262,2507.925,3300.7925,2335.7087,2746.6548
2007-04-08 05:00:00,2243.8262,2507.925,3300.7925,2335.7087,2746.6548
2007-04-08 06:00:00,2243.8262,2507.925,3300.7925,2335.7087,2746.6548
2007-04-08 07:00:00,2243.8262,2507.925,3300.7925,2335.7087,2746.6548
2007-04-08 08:00:00,2243.8262,2507.925,3300.7925,2335.7314,2746.6548
2007-04-08 09:00:00,2243.847,2507.925,3300.7925,2335.9658,2746.6548
2007-04-08 10:00:00,2244.0178,2507.9573,3300.7925,2336.4326,2746.8242
2007-04-08 11:00:00,2244.2996,2508.1287,3300.7925,2337.0144,2746.9956
2007-04-08 12:00:00,2244.6794,2508.3625,3300.7925,2337.7742,2747.3613
2007-04-08 13:00:00,2245.2278,2508.6748,3300.7925,2338.572,2747.7603
2007-04-08 14:00:00,2245.6694,2508.8892,3300.7925,2339.4795,2748.046
2007-04-08 15:00:00,2246.1904,2509.0447,3300.7925,2340.3113,2748.2354
2007-04-08 16:00:00,2246.5493,2509.0447,3300.7925,2340.9805,2748.2476
2007-04-08 17:00:00,2246.9995,2509.0447,3300.7925,2341.5251,2748.3997
2007-04-08 18:00:00,2247.7056,2509.0447,3301.068,2342.3892,2748.5762
2007-04-08 19:00:00,2248.476,2509.353,3301.6377,2343.1562,2748.6318
2007-04-08 20:00:00,2249.0679,2509.5046,3301.8535,2343.4495,2748.6318
2007-04-08 21:00:00,2249.2925,2509.6335,3301.8535,2343.6943,2748.6318
2007-04-08 22:00:00,2249.3015,2509.6565,3301.8535,2343.7446,2748.6318
2007-04-08 23:00:00,2249.3015,2509.6565,3301.8535,2343.7446,2748.6318
2007-04-09 00:00:00,2249.3015,2509.6565,3301.8535,2343.7446,2748.6318
2007-04-09 01:00:00,2249.3015,2509.6565,3301.8535,2343.7446,2748.6318
2007-04-09 02:00:00,2249.3015,2509.6565,3301.8535,2343.7446,2748.6318
2007-04-09 03:00:00,2249.3015,2509.6565,3301.8535,2343.7446,2748.6318
2007-04-09 04:00:00,2249.3015,2509.6565,3301.8535,2343.7446,2748.6318
2007-04-09 05:00:00,2249.3015,2509.6565,3301.8535,2343.7446,2748.6318
2007-04-09 06:00:00,2249.3015,2509.6565,3301.8535,2343.7446,2748.6318
2007-04-09 07:00:00,2249.3015,2509.6565,3301.8535,2343.7446,2748.6318
2007-04-09 08:00:00,2249.3015,2509.6565,3301.8535,2343.7446,2748.6318
2007-04-09 09:00:00,2249.3015,2509.6565,3301.8535,2343.7446,2748.6318
2007-04-09 10:00:00,2249.3015,2509.6565,3301.8535,2343.7446,2748.6318
2007-04-09 11:00:00,2249.3015,2509.6565,3301.8535,2343.7446,2748.6318
2007-04-09 12:00:00,2249.3015,2509.6565,3301.8535,2343.7446,2748.6318
2007-04-09 13:00:00,2249.3015,2509.6565,3301.8535,2343.7446,2748.6318
2007-04-09 14:00:00,2249.3015,2509.6565,3301.8535,2343.7446,2748.6318
2007-04-09 15:00:00,2249.3015,2509.6565,3301.8604,2343.7446,2748.6658
2007-04-09 16:00:00,2249.3022,2509.913,3302.0151,2343.8022,2749.19
2007-04-09 17:00:00,2249.601,2510.5342,3302.1328,2344.0552,2750.0818
2007-04-09 18:00:00,2250.3186,2511.6147,3302.168,2344.6484,2751.6174
2007-04-09 19:00:00,2251.403,2513.7188,3302.5225,2345.8977,2753.303
2007-04-09 20:00:00,2253.1055,2515.666,3303.9333,2347.2708,2755.5923
2007-04-09 21:00:00,2254.4717,2518.1045,3305.6682,2348.655,2758.1196
2007-04-09 22:00:00,2255.8914,2519.6035,3307.752,2350.0916,2760.7332
2007-04-09 23:00:00,2258.246,2520.9297,3308.9243,2351.1975,2761.464
2007-04-10 00:00:00,2260.1467,2521.5935,3311.0698,2352.4602,2761.7058
2007-04-10 01:00:00,2261.3752,2521.6233,3311.2854,2352.5532,2762.3044
2007-04-10 02:00:00,2261.5852,2521.831,3311.457,2352.6064,2762.6472
2007-04-10 03:00:00,2261.5894,2521.8342,3312.156,2352.6233,2763.7732
2007-04-10 04:00:00,2261.7332,2522.0159,3312.9924,2352.907,2763.8174
2007-04-10 05:00:00,2261.7637,2522.0852,3312.9924,2352.9324,2763.8179
2007-04-10 06:00:00,2261.7637,2522.0852,3312.9924,2352.9324,2763.9314
2007-04-10 07:00:00,2261.7637,2522.0852,3312.9924,2352.9324,2763.9404
2007-04-10 08:00:00,2261.7637,2522.0852,3312.9924,2352.9324,2763.9404
2007-04-10 09:00:00,2261.7637,2522.1333,3312.9924,2352.9324,2764.0916
2007-04-10 10:00:00,2261.8706,2522.5322,3313.2332,2352.9324,2764.516
2007-04-10 11:00:00,2262.4595,2522.7607,3313.5115,2353.125,2764.7124
2007-04-10 12:00:00,2262.533,2523.0798,3314.3313,2353.2725,2764.9216
2007-04-10 13:00:00,2262.709,2523.4822,3315.3809,2353.5706,2765.0847
2007-04-10 14:00:00,2262.7922,2523.706,3316.4229,2354.2327,2765.1147
2007-04-10 15:00:00,2262.8252,2523.7861,3317.3684,2354.6199,2765.3582
2007-04-10 16:00:00,2262.8936,2523.8752,3318.162,2355.16,2765.4644
2007-04-10 17:00:00,2262.8936,2523.9143,3318.5564,2355.5518,2766.1436
2007-04-10 18:00:00,2262.9014,2523.9507,3319.6074,2355.7288,2766.6572
2007-04-10 19:00:00,2262.919,2523.9636,3319.8245,2355.7405,2767.556
2007-04-10 20:00:00,2262.9458,2524.1218,3320.132,2355.8699,2768.0828
2007-04-10 21:00:00,2263.1907,2524.4749,3320.6704,2356.741,2768.2954
2007-04-10 22:00:00,2264.142,2525.6592,3322.5925,2357.4395,2769.6992
2007-04-10 23:00:00,2264.434,2526.1917,3324.2083,2357.5168,2770.2605
2007-04-11 00:00:00,2264.9585,2527.499,3324.5537,2358.3208,2770.2808
2007-04-11 01:00:00,2265.0713,2527.5603,3324.6277,2358.4355,2770.2808
2007-04-11 02:00:00,2267.1965,2527.5603,3327.4077,2358.4363,2770.6846
2007-04-11 03:00:00,2267.927,2528.4683,3327.748,2359.9421,2771.3992
2007-04-11 04:00:00,2268.0115,2528.9094,3327.748,2360.131,2771.3992
2007-04-11 05:00:00,2268.2234,2528.9094,3327.748,2360.131,2771.3992
2007-04-11 06:00:00,2268.2346,2528.9094,3327.748,2360.3645,2771.3992
2007-04-11 07:00:00,2268.4558,2528.9094,3328.9456,2360.3645,2771.3992
2007-04-11 08:00:00,2268.6982,2528.9094,3330.403,2360.3645,2771.3992
2007-04-11 09:00:00,2269.013,2528.9094,3331.167,2360.3645,2771.3992
2007-04-11 10:00:00,2269.0852,2528.9094,3331.2864,2360.3645,2771.3992
2007-04-11 11:00:00,2269.0852,2528.9094,3331.4172,2360.3645,2771.3992
2007-04-11 12:00:00,2269.0852,2528.9094,3331.4526,2360.3645,2771.3992
2007-04-11 13:00:00,2269.0852,2528.9094,3331.4526,2360.3645,2771.3992
2007-04-11 14:00:00,2269.0852,2528.9094,3331.4526,2360.3645,2771.3992
2007-04-11 15:00:00,2269.0852,2528.9094,3331.4526,2360.3645,2771.3992
2007-04-11 16:00:00,2269.0852,2528.9094,3331.4526,2360.3645,2771.3992
2007-04-11 17:00:00,2269.0852,2528.9094,3331.4526,2360.3645,2771.3992
2007-04-11 18:00:00,2269.0852,2528.9094,3331.4526,2360.3645,2771.3992
2007-04-11 19:00:00,2269.0852,2528.9094,3331.4526,2360.3645,2771.3992
2007-04-11 20:00:00,2269.0852,2528.9094,3331.4526,2360.3645,2771.3992
2007-04-11 21:00:00,2269.0852,2528.9094,3331.4526,2360.3645,2771.3992
2007-04-11 22:00:00,2269.0852,2528.9094,3331.4526,2360.3645,2771.3992
2007-04-11 23:00:00,2269.0852,2528.9094,3331.4526,2360.3645,2771.3992
2007-04-12 00:00:00,2269.0852,2528.9124,3331.5889,2360.412,2771.4023
2007-04-12 01:00:00,2269.1135,2529.17,3332.1099,2360.8972,2771.6108
2007-04-12 02:00:00,2269.2834,2529.4128,3332.868,2361.5403,2771.8757
2007-04-12 03:00:00,2269.5325,2530.0002,3333.92,2362.4685,2772.7246
2007-04-12 04:00:00,2270.2163,2530.3691,3334.9822,2362.8704,2773.6353
2007-04-12 05:00:00,2270.6492,2530.4453,3335.0054,2362.9116,2773.776
2007-04-12 06:00:00,2270.8127,2530.4873,3335.0054,2362.9116,2773.8557
2007-04-12 07:00:00,2270.8127,2530.6064,3335.0054,2362.9116,2774.003
2007-04-12 08:00:00,2270.8127,2530.6174,3335.0054,2362.9116,2774.049
2007-04-12 09:00:00,2270.8127,2530.6387,3335.0054,2362.9116,2774.274
2007-04-12 10:00:00,2270.8127,2530.7412,3335.0054,2362.9116,2774.284
2007-04-12 11:00:00,2270.8127,2530.8728,3335.0054,2362.9275,2774.2861
2007-04-12 12:00:00,2270.8127,2531.0256,3335.0054,2362.9275,2774.362
2007-04-12 13:00:00,2270.8127,2531.0256,3335.0054,2362.9275,2774.3848
2007-04-12 14:00:00,2270.8127,2531.2192,3335.0054,2362.9275,2774.4165
2007-04-12 15:00:00,2270.8127,2531.2192,3335.0054,2362.9275,2774.4165
2007-04-12 16:00:00,2270.8127,2531.2192,3335.0054,2362.9275,2774.4165
2007-04-12 17:00:00,2270.8127,2531.2192,3335.0054,2362.9275,2774.4165
2007-04-12 18:00:00,2270.8127,2531.2192,3335.0054,2362.9275,2774.4165
2007-04-12 19:00:00,2270.8127,2531.2192,3335.0054,2362.9275,2774.4165
2007-04-12 20:00:00,2270.8127,2531.2192,3335.0054,2363.0037,2774.4165
2007-04-12 21:00:00,2270.8127,2531.2192,3335.0054,2363.1301,2774.4165
2007-04-12 22:00:00,2270.8127,2531.2192,3335.0054,2363.1301,2774.4165
2007-04-12 23:00:00,2270.8127,2531.2192,3335.0054,2363.1436,2774.4165
2007-04-13 00:00:00,2270.8127,2531.2192,3335.0054,2363.1436,2774.4165
2007-04-13 01:00:00,2270.8127,2531.2192,3335.0054,2363.1436,2774.4165
2007-04-13 02:00:00,2270.8127,2531.2192,3335.0054,2363.1436,2774.4165
2007-04-13 03:00:00,2270.8127,2531.2192,3335.0054,2363.1436,2774.4165
2007-04-13 04:00:00,2270.8127,2531.2192,3335.0054,2363.1436,2774.4165
2007-04-13 05:00:00,2270.8127,2531.2192,3335.0054,2363.1436,2774.4165
2007-04-13 06:00:00,2270.8127,2531.2192,3335.0054,2363.1436,2774.4438
2007-04-13 07:00:00,2270.8127,2531.2192,3335.0054,2363.1436,2774.516
2007-04-13 08:00:00,2270.8127,2531.2192,3335.0054,2363.1436,2774.516
2007-04-13 09:00:00,2270.8127,2531.2192,3335.0054,2363.1436,2774.516
2007-04-13 10:00:00,2270.8127,2531.2192,3335.0054,2363.1436,2774.516
2007-04-13 11:00:00,2270.8127,2531.2192,3335.0054,2363.1436,2774.516
2007-04-13 12:00:00,2270.8127,2531.2192,3335.0054,2363.1436,2774.516
2007-04-13 13:00:00,2270.8127,2531.2192,3335.0054,2363.1436,2774.516
2007-04-13 14:00:00,2270.8127,2531.2192,3335.0054,2363.1436,2774.516
2007-04-13 15:00:00,2270.8127,2531.2192,3335.0054,2363.1436,2774.516
2007-04-13 16:00:00,2270.8127,2531.2192,3335.0054,2363.1436,2774.516
2007-04-13 17:00:00,2270.8127,2531.2192,3335.0054,2363.1436,2774.516
2007-04-13 18:00:00,2270.8127,2531.2192,3335.0054,2363.1436,2774.516
2007-04-13 19:00:00,2270.8127,2531.2192,3335.0054,2363.1436,2774.516
2007-04-13 20:00:00,2270.8127,2531.2192,3335.0054,2363.1436,2774.516
2007-04-13 21:00:00,2270.8127,2531.2192,3335.0054,2363.1436,2774.516
2007-04-13 22:00:00,2270.8127,2531.2192,3335.0054,2363.1436,2774.516
2007-04-13 23:00:00,2270.8127,2531.2192,3335.0054,2363.1436,2774.516
2007-04-14 00:00:00,2270.8127,2531.2192,3335.0054,2363.1436,2774.516
2007-04-14 01:00:00,2270.8127,2531.2192,3335.0054,2363.1436,2774.516
2007-04-14 02:00:00,2270.8127,2531.2192,3335.0054,2363.1436,2774.516
2007-04-14 03:00:00,2270.8127,2531.2192,3335.0054,2363.1436,2774.516
2007-04-14 04:00:00,2270.8127,2531.2192,3335.0054,2363.1436,2774.516
2007-04-14 05:00:00,2270.8127,2531.2192,3335.0054,2363.1436,2774.516
2007-04-14 06:00:00,2270.8127,2531.2192,3335.0054,2363.1436,2774.516
2007-04-14 07:00:00,2270.8127,2531.2192,3335.0054,2363.1436,2774.516
2007-04-14 08:00:00,2270.8127,2531.2192,3335.0054,2363.1436,2774.516
2007-04-14 09:00:00,2270.8127,2531.2192,3335.0054,2363.1436,2774.516
2007-04-14 10:00:00,2270.8127,2531.2192,3335.0054,2363.1436,2774.516
2007-04-14 11:00:00,2270.8127,2531.2192,3335.0054,2363.1436,2774.516
2007-04-14 12:00:00,2270.8127,2531.2192,3335.0054,2363.1436,2774.516
2007-04-14 13:00:00,2270.8127,2531.2192,3335.0054,2363.1436,2774.516
2007-04-14 14:00:00,2270.8127,2531.2192,3335.0054,2363.1436,2774.516
2007-04-14 15:00:00,2270.8127,2531.2192,3335.0054,2363.1436,2774.516
2007-04-14 16:00:00,2270.8127,2531.2192,3335.0054,2363.1436,2774.516
2007-04-14 17:00:00,2270.8127,2531.2192,3335.0054,2363.1436,2774.516
2007-04-14 18:00:00,2270.8127,2531.2192,3335.0054,2363.1436,2774.516
2007-04-14 19:00:00,2270.8127,2531.2192,3335.0054,2363.1436,2774.516
2007-04-14 20:00:00,2270.8127,2531.2192,3335.0054,2363.1436,2774.516
2007-04-14 21:00:00,2270.8127,2531.2192,3335.0054,2363.1436,2774.516
2007-04-14 22:00:00,2270.8127,2531.2192,3335.0054,2363.1436,2774.516
2007-04-14 23:00:00,2270.8127,2531.2192,3335.0054,2363.1436,2774.516
2007-04-15 00:00:00,2270.8127,2531.2192,3335.0054,2363.1436,2774.516
2007-04-15 01:00:00,2270.8127,2531.2192,3335.0054,2363.1436,2774.516
2007-04-15 02:00:00,2270.8127,2531.2192,3335.0054,2363.1436,2774.516
2007-04-15 03:00:00,2270.8127,2531.2192,3335.0054,2363.1436,2774.516
2007-04-15 04:00:00,2270.8127,2531.2192,3335.0054,2363.1436,2774.516
2007-04-15 05:00:00,2270.8127,2531.2192,3335.0054,2363.1436,2774.516
2007-04-15 06:00:00,2270.8127,2531.2192,3335.0054,2363.1436,2774.516
2007-04-15 07:00:00,2270.8127,2531.2192,3335.0054,2363.1436,2774.516
2007-04-15 08:00:00,2270.8127,2531.2192,3335.0054,2363.1436,2774.516
2007-04-15 09:00:00,2270.8127,2531.2192,3335.0054,2363.1436,2774.516
2007-04-15 10:00:00,2270.8127,2531.2192,3335.0054,2363.1436,2774.516
2007-04-15 11:00:00,2270.8127,2531.2192,3335.0054,2363.1436,2774.516
2007-04-15 12:00:00,2270.8127,2531.2192,3335.0054,2363.1436,2774.516
2007-04-15 13:00:00,2270.8127,2531.2192,3335.0054,2363.1436,2774.516
2007-04-15 14:00:00,2270.8127,2531.2192,3335.0054,2363.1436,2774.516
2007-04-15 15:00:00,2270.8127,2531.2192,3335.0054,2363.1436,2774.516
2007-04-15 16:00:00,2270.8127,2531.2192,3335.0054,2363.1436,2774.516
2007-04-15 17:00:00,2270.8127,2531.2192,3335.0054,2363.1436,2774.516
2007-04-15 18:00:00,2270.8127,2531.2192,3335.0054,2363.1436,2774.516
2007-04-15 19:00:00,2270.8127,2531.2192,3335.0054,2363.1436,2774.516
2007-04-15 20:00:00,2270.8127,2531.2192,3335.0054,2363.1436,2774.516
2007-04-15 21:00:00,2270.8127,2531.2192,3335.0054,2363.1436,2774.516
2007-04-15 22:00:00,2270.8127,2531.2192,3335.0054,2363.1436,2774.516
2007-04-15 23:00:00,2270.8127,2531.2192,3335.0054,2363.1436,2774.516
2007-04-16 00:00:00,2270.8127,2531.2192,3335.0054,2363.1436,2774.516
2007-04-16 01:00:00,2270.8127,2531.2192,3335.0054,2363.1436,2774.516
2007-04-16 02:00:00,2270.8127,2531.2192,3335.0054,2363.1436,2774.516
2007-04-16 03:00:00,2270.8127,2531.2192,3335.0159,2363.1436,2774.529
2007-04-16 04:00:00,2270.8127,2531.3071,3335.6494,2363.1536,2775.826
2007-04-16 05:00:00,2271.2126,2533.9365,3336.8079,2363.4841,2776.4653
2007-04-16 06:00:00,2272.235,2535.2146,3337.02,2363.812,2777.192
2007-04-16 07:00:00,2272.381,2535.707,3337.194,2363.8723,2778.5818
2007-04-16 08:00:00,2272.6228,2536.1504,3337.194,2363.935,2778.9788
2007-04-16 09:00:00,2272.935,2536.21,3337.194,2363.935,2779.014
2007-04-16 10:00:00,2272.935,2536.21,3337.194,2363.9436,2779.014
2007-04-16 11:00:00,2272.935,2536.21,3337.194,2363.9436,2779.144
2007-04-16 12:00:00,2272.935,2536.256,3337.3125,2363.9712,2779.5107
2007-04-16 13:00:00,2272.935,2536.4153,3337.3665,2364.2961,2779.524
2007-04-16 14:00:00,2272.935,2536.4153,3337.3665,2364.3335,2779.524
2007-04-16 15:00:00,2272.935,2536.4153,3337.5369,2364.3335,2780.0981
2007-04-16 16:00:00,2272.9636,2537.015,3337.9163,2365.085,2780.3774
2007-04-16 17:00:00,2272.9636,2537.3113,3338.477,2365.1726,2781.5051
2007-04-16 18:00:00,2272.9636,2538.14,3338.6394,2365.9712,2782.4094
2007-04-16 19:00:00,2272.9636,2538.8672,3339.2861,2366.064,2783.8132
2007-04-16 20:00:00,2273.0225,2538.8672,3339.9685,2366.2458,2786.0088
2007-04-16 21:00:00,2273.0225,2538.8672,3340.146,2366.247,2786.621
2007-04-16 22:00:00,2273.0225,2538.8826,3340.2158,2366.2527,2787.4941
2007-04-16 23:00:00,2273.0225,2539.945,3340.5562,2366.2805,2788.032
2007-04-17 00:00:00,2273.0225,2539.952,3340.5945,2366.3486,2790.4453
2007-04-17 01:00:00,2273.3389,2540.0051,3340.829,2366.3486,2790.9792
2007-04-17 02:00:00,2273.413,2540.2097,3341.0508,2366.3486,2791.1812
2007-04-17 03:00:00,2273.4158,2540.2358,3341.7012,2366.3486,2794.1987
2007-04-17 04:00:00,2273.9133,2540.945,3342.8357,2366.4834,2795.4614
2007-04-17 05:00:00,2274.4336,2541.538,3342.8464,2367.4727,2796.5051
2007-04-17 06:00:00,2274.4849,2541.9963,3343.1028,2367.6372,2800.0764
2007-04-17 07:00:00,2275.1216,2543.7026,3343.439,2368.262,2800.3086
2007-04-17 08:00:00,2275.2993,2544.3953,3343.602,2368.8152,2801.179
2007-04-17 09:00:00,2275.4285,2544.606,3343.873,2369.1392,2801.546
2007-04-17 10:00:00,2275.619,2544.9639,3344.0388,2369.1414,2801.599
2007-04-17 11:00:00,2275.619,2545.058,3344.114,2369.4233,2802.1118
2007-04-17 12:00:00,2275.619,2545.2683,3344.3047,2369.4739,2803.3684
2007-04-17 13:00:00,2275.619,2545.5652,3344.4434,2370.3613,2804.1746
2007-04-17 14:00:00,2275.7227,2545.5652,3345.0603,2370.566,2804.1868
2007-04-17 15:00:00,2275.9714,2545.5652,3345.1162,2370.566,2804.1868
2007-04-17 16:00:00,2275.9714,2545.5652,3345.1682,2370.5686,2805.6018
2007-04-17 17:00:00,2275.9937,2545.5652,3346.0354,2370.6206,2806.197
2007-04-17 18:00:00,2276.3284,2545.5652,3346.3232,2370.6206,2807.3914
2007-04-17 19:00:00,2276.3284,2545.913,3346.3232,2370.6206,2808.2114
2007-04-17 20:00:00,2276.3284,2545.9849,3346.3425,2370.6206,2808.6013
2007-04-17 21:00:00,2276.3284,2545.9849,3346.3425,2370.6206,2808.6013
2007-04-17 22:00:00,2276.3284,2545.9849,3346.3425,2370.6206,2808.6597
2007-04-17 23:00:00,2276.3284,2545.9849,3346.3425,2370.6206,2808.7178
2007-04-18 00:00:00,2276.3284,2545.9849,3346.3723,2370.6206,2808.8267
2007-04-18 01:00:00,2276.3284,2545.9849,3346.6145,2370.6206,2808.9028
2007-04-18 02:00:00,2276.3284,2546.0283,3346.9429,2370.6445,2809.1611
2007-04-18 03:00:00,2276.3284,2546.0283,3347.2932,2370.7075,2809.406
2007-04-18 04:00:00,2276.3284,2546.0283,3347.4695,2370.7075,2809.406
2007-04-18 05:00:00,2276.3284,2546.0283,3347.4695,2370.7075,2809.406
2007-04-18 06:00:00,2276.3284,2546.0283,3347.4695,2370.7075,2809.406
2007-04-18 07:00:00,2276.3284,2546.0283,3347.4695,2370.7075,2809.406
2007-04-18 08:00:00,2276.3284,2546.0283,3347.4695,2370.7075,2809.7756
2007-04-18 09:00:00,2276.3284,2546.0283,3347.4695,2370.7659,2810.1335
2007-04-18 10:00:00,2276.3284,2546.0283,3347.4941,2370.9006,2810.9666
2007-04-18 11:00:00,2276.3284,2546.0283,3347.5396,2371.2158,2810.9707
2007-04-18 12:00:00,2276.3284,2546.0283,3347.5762,2371.2158,2810.9707
2007-04-18 13:00:00,2276.3284,2546.0283,3347.5762,2371.2158,2811.0227
2007-04-18 14:00:00,2276.3284,2546.0283,3347.5762,2371.2158,2811.0227
2007-04-18 15:00:00,2276.3474,2546.1726,3347.609,2371.2417,2811.0713
2007-04-18 16:00:00,2276.682,2546.3293,3347.7588,2371.2417,2811.219
2007-04-18 17:00:00,2276.7695,2546.8806,3348.1436,2371.3054,2811.5698
2007-04-18 18:00:00,2277.124,2547.9836,3348.8762,2371.4775,2811.6418
2007-04-18 19:00:00,2277.491,2548.7512,3349.2805,2371.6082,2812.232
2007-04-18 20:00:00,2277.7905,2549.372,3350.0496,2371.757,2813.2437
2007-04-18 21:00:00,2278.224,2551.154,3350.8132,2372.0132,2814.0784
2007-04-18 22:00:00,2278.4639,2552.59,3351.636,2372.146,2814.4478
2007-04-18 23:00:00,2278.703,2553.4187,3352.2627,2372.2288,2814.9358
2007-04-19 00:00:00,2278.9775,2554.2363,3352.33,2372.2627,2815.58
2007-04-19 01:00:00,2279.2888,2554.889,3352.5042,2372.6265,2815.6895
2007-04-19 02:00:00,2279.78,2554.9194,3352.5266,2372.7886,2815.8042
2007-04-19 03:00:00,2280.0251,2554.9194,3352.6042,2372.8098,2816.394
2007-04-19 04:00:00,2280.158,2555.9656,3353.6658,2373.008,2816.9377
2007-04-19 05:00:00,2280.183,2556.09,3354.3418,2373.0354,2817.4475
2007-04-19 06:00:00,2280.5938,2556.654,3355.0176,2373.2395,2818.2803
2007-04-19 07:00:00,2281.102,2556.6772,3355.3647,2373.331,2819.2742
2007-04-19 08:00:00,2281.102,2557.6726,3356.0754,2373.5862,2821.0393
2007-04-19 09:00:00,2281.8752,2559.1328,3358.739,2374.3823,2822.44
2007-04-19 10:00:00,2283.8535,2559.782,3361.4263,2375.2307,2823.4038
2007-04-19 11:00:00,2286.2737,2560.298,3362.5137,2376.2168,2823.4956
2007-04-19 12:00:00,2287.071,2560.744,3362.8977,2376.3271,2824.7693
2007-04-19 13:00:00,2287.8228,2562.5083,3364.4973,2378.3774,2826.2375
2007-04-19 14:00:00,2288.077,2562.8372,3364.6614,2378.7732,2826.6367
2007-04-19 15:00:00,2289.035,2563.2024,3364.899,2379.4875,2826.904
2007-04-19 16:00:00,2291.568,2563.5452,3366.4329,2380.4846,2828.2954
2007-04-19 17:00:00,2293.7378,2564.5366,3367.226,2381.372,2828.9194
2007-04-19 18:00:00,2293.9922,2565.1968,3370.8237,2383.4812,2830.486
2007-04-19 19:00:00,2295.0842,2566.1462,3371.5874,2384.207,2831.3645
2007-04-19 20:00:00,2297.3982,2567.262,3372.0166,2384.8518,2831.6987
2007-04-19 21:00:00,2297.7183,2567.9548,3373.0454,2385.092,2832.7756
2007-04-19 22:00:00,2298.3145,2568.8806,3374.2722,2386.1562,2834.3245
2007-04-19 23:00:00,2298.8013,2569.386,3375.2354,2386.9033,2834.8757
2007-04-20 00:00:00,2300.1345,2571.5989,3375.5964,2387.1514,2839.0493
2007-04-20 01:00:00,2301.4124,2573.1184,3376.8608,2387.7974,2840.2354
2007-04-20 02:00:00,2301.945,2573.84,3378.67,2388.3093,2840.8262
2007-04-20 03:00:00,2302.1667,2574.2336,3379.8242,2389.007,2841.2473
2007-04-20 04:00:00,2302.2546,2574.984,3380.6133,2390.2266,2841.7903
2007-04-20 05:00:00,2302.7078,2578.505,3380.6912,2390.6824,2845.655
2007-04-20 06:00:00,2303.3628,2578.7769,3380.786,2390.7134,2846.292
2007-04-20 07:00:00,2303.4338,2579.6484,3381.2092,2390.938,2848.2021
2007-04-20 08:00:00,2304.322,2579.7603,3382.058,2391.8032,2848.8022
2007-04-20 09:00:00,2304.4966,2580.1636,3383.9473,2392.3535,2849.6833
2007-04-20 10:00:00,2304.9011,2580.5605,3385.3628,2392.6526,2849.6914
2007-04-20 11:00:00,2305.1018,2580.7358,3385.3923,2392.8167,2850.068
2007-04-20 12:00:00,2305.3384,2580.7358,3386.107,2392.9727,2850.2065
2007-04-20 13:00:00,2305.3384,2580.7358,3386.1594,2393.0,2850.2065
2007-04-20 14:00:00,2306.0322,2580.7358,3387.0784,2393.051,2850.289
2007-04-20 15:00:00,2306.0422,2580.8105,3387.0823,2393.3257,2850.4246
2007-04-20 16:00:00,2306.0627,2580.8105,3387.4187,2393.3257,2850.8901
2007-04-20 17:00:00,2306.0923,2580.8367,3387.4268,2393.3398,2851.253
2007-04-20 18:00:00,2306.0923,2580.8367,3387.4268,2393.34,2851.5745
2007-04-20 19:00:00,2306.0923,2580.8367,3387.6133,2393.34,2851.8328
2007-04-20 20:00:00,2306.0923,2580.8367,3387.8267,2393.34,2851.8328
2007-04-20 21:00:00,2306.0923,2580.8367,3388.43,2393.34,2851.8328
2007-04-20 22:00:00,2306.0923,2580.8367,3388.6033,2393.34,2851.8328
2007-04-20 23:00:00,2306.0923,2580.8367,3388.6033,2393.34,2851.8328
2007-04-21 00:00:00,2306.0923,2580.8367,3388.6033,2393.34,2851.8328
2007-04-21 01:00:00,2306.0923,2580.8367,3388.6033,2393.34,2851.8328
2007-04-21 02:00:00,2306.0923,2580.8367,3388.6033,2393.34,2851.8328
2007-04-21 03:00:00,2306.0923,2580.8367,3388.6033,2393.34,2851.8328
2007-04-21 04:00:00,2306.0923,2580.8367,3388.6033,2393.34,2851.8328
2007-04-21 05:00:00,2306.0923,2580.8367,3388.6033,2393.34,2851.8328
2007-04-21 06:00:00,2306.0923,2580.8367,3388.6033,2393.34,2851.8328
2007-04-21 07:00:00,2306.0923,2580.8367,3388.6033,2393.34,2851.8328
2007-04-21 08:00:00,2306.0923,2580.8367,3388.6033,2393.34,2851.8328
2007-04-21 09:00:00,2306.0923,2580.8367,3388.6033,2393.34,2851.8328
2007-04-21 10:00:00,2306.0923,2580.8367,3388.6033,2393.34,2851.8328
2007-04-21 11:00:00,2306.0923,2580.8367,3388.6033,2393.34,2851.8328
2007-04-21 12:00:00,2306.0923,2580.8367,3388.6033,2393.34,2851.8328
2007-04-21 13:00:00,2306.0923,2580.8367,3388.6033,2393.34,2851.8328
2007-04-21 14:00:00,2306.0923,2580.8367,3388.6033,2393.34,2851.8328
2007-04-21 15:00:00,2306.0923,2580.8367,3388.6033,2393.34,2851.8328
2007-04-21 16:00:00,2306.0923,2580.8367,3388.6033,2393.34,2851.8328
2007-04-21 17:00:00,2306.0923,2580.8367,3388.6033,2393.34,2851.8328
2007-04-21 18:00:00,2306.0923,2580.8367,3388.6033,2393.34,2851.8328
2007-04-21 19:00:00,2306.0923,2580.8367,3388.6033,2393.34,2851.8328
2007-04-21 20:00:00,2306.0923,2580.8367,3388.6033,2393.34,2851.8328
2007-04-21 21:00:00,2306.0923,2580.8367,3388.6033,2393.34,2851.8328
2007-04-21 22:00:00,2306.0923,2580.8367,3388.6033,2393.34,2851.8328
2007-04-21 23:00:00,2306.0923,2580.8367,3388.6294,2393.34,2851.8328
2007-04-22 00:00:00,2306.0923,2580.8904,3388.7751,2393.405,2851.9465
2007-04-22 01:00:00,2306.1174,2581.0867,3388.78,2393.719,2852.1428
2007-04-22 02:00:00,2306.326,2581.3608,3388.8555,2394.0164,2852.3513
2007-04-22 03:00:00,2306.6626,2581.808,3389.1992,2394.4636,2852.5735
2007-04-22 04:00:00,2307.326,2582.399,3389.9524,2394.927,2852.7246
2007-04-22 05:00:00,2308.1013,2583.1196,3390.8042,2395.5327,2852.9265
2007-04-22 06:00:00,2308.8655,2583.9487,3392.456,2396.628,2853.2195
2007-04-22 07:00:00,2309.757,2584.961,3394.6604,2398.0005,2853.844
2007-04-22 08:00:00,2311.1687,2586.332,3397.2327,2399.6873,2854.7676
2007-04-22 09:00:00,2312.7214,2588.0928,3398.7803,2401.9526,2855.6436
2007-04-22 10:00:00,2314.121,2588.5127,3400.294,2403.174,2857.4895
2007-04-22 11:00:00,2315.8137,2589.211,3401.8396,2404.4458,2858.2542
2007-04-22 12:00:00,2317.4436,2589.961,3404.3408,2405.3494,2860.1548
2007-04-22 13:00:00,2318.4768,2590.404,3404.4268,2406.1206,2861.5308
2007-04-22 14:00:00,2318.9653,2591.3762,3404.4749,2406.8079,2862.9443
2007-04-22 15:00:00,2319.3806,2592.2397,3406.328,2407.5674,2864.8074
2007-04-22 16:00:00,2321.365,2594.3186,3407.421,2409.296,2866.4636
2007-04-22 17:00:00,2321.8213,2596.2205,3407.4294,2409.6016,2866.8633
2007-04-22 18:00:00,2322.3938,2597.1997,3407.4294,2409.8655,2867.6736
2007-04-22 19:00:00,2322.7483,2598.0137,3407.4294,2409.883,2868.0107
2007-04-22 20:00:00,2323.027,2598.4595,3407.4294,2409.9065,2868.4458
2007-04-22 21:00:00,2323.027,2598.684,3407.4294,2409.9065,2868.956
2007-04-22 22:00:00,2323.027,2598.996,3407.4294,2409.9065,2869.547
2007-04-22 23:00:00,2323.0784,2599.704,3407.7332,2410.0242,2870.5916
2007-04-23 00:00:00,2323.306,2603.8032,3408.431,2410.5432,2872.278
2007-04-23 01:00:00,2323.5493,2606.9858,3409.3022,2410.7534,2874.1633
2007-04-23 02:00:00,2323.7876,2610.0186,3410.8977,2410.984,2875.9636
2007-04-23 03:00:00,2323.9192,2611.8394,3411.2224,2411.4045,2877.4763
2007-04-23 04:00:00,2323.9663,2612.81,3411.3044,2411.6555,2878.093
2007-04-23 05:00:00,2324.7358,2613.2915,3411.4006,2411.986,2878.8464
2007-04-23 06:00:00,2325.0422,2614.0,3411.4006,2412.1968,2879.441
2007-04-23 07:00:00,2325.0422,2614.9175,3411.4006,2412.2659,2880.0486
2007-04-23 08:00:00,2325.1523,2615.1343,3411.4006,2412.2969,2880.374
2007-04-23 09:00:00,2325.2515,2615.1343,3411.4006,2412.406,2880.5847
2007-04-23 10:00:00,2325.2766,2615.1343,3411.4006,2412.406,2880.7573
2007-04-23 11:00:00,2325.2766,2615.1343,3411.4006,2412.406,2880.8098
2007-04-23 12:00:00,2325.2766,2615.1343,3411.4006,2412.406,2880.928
2007-04-23 13:00:00,2325.2766,2615.1343,3411.4006,2412.406,2880.928
2007-04-23 14:00:00,2325.2766,2615.1343,3411.4138,2412.406,2880.928
2007-04-23 15:00:00,2325.2766,2615.1343,3411.4272,2412.406,2880.928
2007-04-23 16:00:00,2325.2766,2615.1343,3411.4272,2412.406,2880.928
2007-04-23 17:00:00,2325.2766,2615.1343,3411.4272,2412.406,2880.928
2007-04-23 18:00:00,2325.2766,2615.236,3411.4272,2412.4497,2880.928
2007-04-23 19:00:00,2325.3035,2615.236,3411.4272,2412.4985,2880.928
2007-04-23 20:00:00,2325.3738,2615.236,3411.4272,2412.4985,2880.928
2007-04-23 21:00:00,2325.3738,2615.3362,3411.4272,2412.6597,2880.928
2007-04-23 22:00:00,2325.439,2615.3362,3411.4272,2412.7158,2880.928
2007-04-23 23:00:00,2325.4492,2615.3362,3411.4272,2412.7158,2880.928
2007-04-24 00:00:00,2325.4492,2615.3362,3411.4272,2412.7158,2880.928
2007-04-24 01:00:00,2325.4492,2615.3362,3411.4272,2412.7158,2880.928
2007-04-24 02:00:00,2325.4492,2615.3362,3411.4272,2412.7158,2880.928
2007-04-24 03:00:00,2325.4492,2615.3362,3411.4272,2412.7158,2880.928
2007-04-24 04:00:00,2325.4492,2615.3362,3411.4272,2412.7158,2880.928
2007-04-24 05:00:00,2325.4492,2615.3638,3411.4272,2412.7158,2881.6604
2007-04-24 06:00:00,2325.5466,2616.3428,3411.5093,2413.6257,2882.8499
2007-04-24 07:00:00,2326.4841,2618.1714,3412.5305,2414.7566,2883.666
2007-04-24 08:00:00,2327.6284,2621.0674,3414.3262,2416.4087,2885.6824
2007-04-24 09:00:00,2330.4253,2623.7632,3415.4119,2417.6833,2886.1772
2007-04-24 10:00:00,2332.7285,2626.8503,3415.5469,2418.4802,2886.1772
2007-04-24 11:00:00,2334.0642,2628.553,3415.9111,2419.3594,2886.1772
2007-04-24 12:00:00,2335.6409,2633.384,3416.2722,2423.3198,2886.1772
2007-04-24 13:00:00,2337.5278,2633.8555,3416.4487,2424.9382,2886.2034
2007-04-24 14:00:00,2338.1965,2634.5469,3416.533,2425.2246,2886.2034
2007-04-24 15:00:00,2339.5093,2635.1516,3416.5369,2425.4128,2886.2034
2007-04-24 16:00:00,2341.3318,2635.7695,3416.6248,2425.795,2886.2034
2007-04-24 17:00:00,2342.2444,2637.692,3416.6333,2425.8943,2886.6587
2007-04-24 18:00:00,2343.6042,2638.041,3416.6333,2426.002,2886.6587
2007-04-24 19:00:00,2344.682,2638.51,3416.6333,2426.0486,2886.6587
2007-04-24 20:00:00,2346.506,2640.8132,3416.69,2426.3853,2886.739
2007-04-24 21:00:00,2348.1987,2640.862,3416.834,2426.6484,2887.1992
2007-04-24 22:00:00,2348.6658,2641.021,3417.4778,2426.8184,2887.3618
2007-04-24 23:00:00,2349.474,2641.1748,3417.4778,2427.0674,2887.3618
2007-04-25 00:00:00,2349.6812,2641.2307,3417.4778,2427.0674,2887.3618
2007-04-25 01:00:00,2349.6812,2641.353,3417.4778,2427.1516,2887.3618
2007-04-25 02:00:00,2349.6812,2641.3894,3417.4778,2427.205,2887.3618
2007-04-25 03:00:00,2349.6812,2641.3894,3417.4778,2427.205,2887.8142
2007-04-25 04:00:00,2349.6812,2641.3894,3417.4778,2427.205,2887.9724
2007-04-25 05:00:00,2349.6812,2641.3894,3417.4778,2427.205,2887.9724
2007-04-25 06:00:00,2349.6812,2641.3894,3417.4778,2427.205,2887.9724
2007-04-25 07:00:00,2349.6812,2641.3894,3417.4778,2427.205,2887.9724
2007-04-25 08:00:00,2349.6812,2641.3894,3417.4778,2427.205,2887.9724
2007-04-25 09:00:00,2349.6812,2641.3894,3417.4778,2427.205,2887.9724
2007-04-25 10:00:00,2349.6812,2641.3894,3417.4778,2427.205,2887.9724
2007-04-25 11:00:00,2349.779,2641.9197,3417.4878,2427.54,2888.7144
2007-04-25 12:00:00,2350.5613,2643.321,3417.6792,2428.2378,2889.4316
2007-04-25 13:00:00,2351.159,2644.9038,3418.092,2429.114,2889.7227
2007-04-25 14:00:00,2351.791,2646.561,3418.0955,2430.164,2890.1367
2007-04-25 15:00:00,2352.5354,2647.636,3418.0955,2431.0994,2890.5986
2007-04-25 16:00:00,2353.4648,2648.608,3418.0974,2431.9246,2891.3518
2007-04-25 17:00:00,2354.7783,2648.862,3418.1921,2432.4949,2892.1062
2007-04-25 18:00:00,2356.4102,2649.1113,3418.1921,2432.8215,2893.4646
2007-04-25 19:00:00,2357.8352,2649.9026,3418.2043,2433.3918,2895.1484
2007-04-25 20:00:00,2358.889,2651.1575,3418.4883,2434.5222,2898.3325
2007-04-25 21:00:00,2360.388,2652.6592,3418.9424,2437.3442,2901.2915
2007-04-25 22:00:00,2362.012,2653.7295,3419.2556,2439.5688,2902.7334
2007-04-25 23:00:00,2363.791,2654.5974,3419.3208,2441.253,2902.7449
2007-04-26 00:00:00,2364.8088,2654.7512,3419.3208,2441.6267,2902.7449
2007-04-26 01:00:00,2364.894,2654.7512,3419.3208,2441.6267,2902.7449
2007-04-26 02:00:00,2364.894,2654.7512,3419.3208,2441.6267,2902.7449
2007-04-26 03:00:00,2364.903,2654.7517,3419.3267,2441.6675,2902.7449
2007-04-26 04:00:00,2364.903,2655.7856,3419.3599,2442.237,2902.77
2007-04-26 05:00:00,2364.903,2655.7856,3419.405,2442.6392,2902.9375
2007-04-26 06:00:00,2364.9038,2655.9202,3419.526,2442.6392,2903.058
2007-04-26 07:00:00,2364.9558,2655.9202,3419.526,2442.706,2903.0989
2007-04-26 08:00:00,2364.9766,2655.9202,3419.539,2442.706,2903.0989
2007-04-26 09:00:00,2364.9766,2655.9202,3419.539,2442.706,2903.6716
2007-04-26 10:00:00,2364.9766,2655.9485,3419.539,2442.706,2904.8018
2007-04-26 11:00:00,2364.9766,2656.3557,3419.5452,2442.7417,2905.1514
2007-04-26 12:00:00,2364.9766,2656.6624,3419.5876,2442.8328,2905.7676
2007-04-26 13:00:00,2365.1,2656.7327,3419.9802,2443.0203,2906.2944
2007-04-26 14:00:00,2365.1,2656.735,3420.3396,2443.0635,2906.2944
2007-04-26 15:00:00,2365.1,2656.735,3420.3396,2443.0635,2906.2944
2007-04-26 16:00:00,2365.1,2656.735,3420.3396,2443.0635,2906.2944
2007-04-26 17:00:00,2365.1,2656.735,3420.3396,2443.0635,2906.2944
2007-04-26 18:00:00,2365.1,2656.735,3420.3396,2443.0635,2906.2944
2007-04-26 19:00:00,2365.1,2656.735,3420.3396,2443.0635,2906.2944
2007-04-26 20:00:00,2365.1,2656.735,3420.3396,2443.0635,2906.2944
2007-04-26 21:00:00,2365.1,2656.735,3420.3396,2443.0635,2906.2944
2007-04-26 22:00:00,2365.1,2656.735,3420.3396,2443.0635,2906.2944
2007-04-26 23:00:00,2365.1,2656.735,3420.3396,2443.0635,2906.2944
2007-04-27 00:00:00,2365.1,2656.735,3420.3396,2443.0635,2906.2944
2007-04-27 01:00:00,2365.1,2656.735,3420.3396,2443.0635,2906.2944
2007-04-27 02:00:00,2365.1,2656.735,3420.3396,2443.0635,2906.2944
2007-04-27 03:00:00,2365.1,2656.735,3420.3396,2443.0635,2906.2944
2007-04-27 04:00:00,2365.1,2656.735,3420.3396,2443.0635,2906.2944
2007-04-27 05:00:00,2365.1,2656.735,3420.3396,2443.0635,2906.2944
2007-04-27 06:00:00,2365.1,2656.735,3420.3396,2443.0635,2906.2944
2007-04-27 07:00:00,2365.1,2656.735,3420.3396,2443.0635,2906.2944
2007-04-27 08:00:00,2365.1,2656.735,3420.3396,2443.0635,2906.2944
2007-04-27 09:00:00,2365.1,2656.735,3420.3396,2443.0635,2906.2944
2007-04-27 10:00:00,2365.1,2656.735,3420.3396,2443.0635,2906.2944
2007-04-27 11:00:00,2365.1,2656.735,3420.3396,2443.0635,2906.2944
2007-04-27 12:00:00,2365.1,2656.735,3420.3396,2443.0635,2906.2944
2007-04-27 13:00:00,2365.1,2656.735,3420.3396,2443.0635,2906.2944
2007-04-27 14:00:00,2365.1,2656.735,3420.3396,2443.0635,2906.2944
2007-04-27 15:00:00,2365.1277,2656.735,3420.3396,2443.0635,2906.3364
2007-04-27 16:00:00,2365.1306,2656.7803,3420.3396,2443.163,2906.4377
2007-04-27 17:00:00,2365.1306,2656.7803,3420.3396,2443.163,2906.5999
2007-04-27 18:00:00,2365.1306,2656.7803,3420.3396,2443.163,2906.6829
2007-04-27 19:00:00,2365.1306,2656.7803,3420.3396,2443.163,2906.7805
2007-04-27 20:00:00,2365.1306,2656.7803,3420.3396,2443.163,2906.9514
2007-04-27 21:00:00,2365.1306,2656.7803,3420.3396,2443.163,2906.9958
2007-04-27 22:00:00,2365.1306,2656.7803,3420.3396,2443.163,2906.9958
2007-04-27 23:00:00,2365.1306,2656.7803,3420.3396,2443.163,2906.9958
2007-04-28 00:00:00,2365.1306,2656.7803,3420.3396,2443.163,2906.9958
2007-04-28 01:00:00,2365.1306,2656.7803,3420.3396,2443.163,2906.9958
2007-04-28 02:00:00,2365.1306,2656.7803,3420.3396,2443.163,2906.9958
2007-04-28 03:00:00,2365.1306,2656.7803,3420.3396,2443.163,2906.9958
2007-04-28 04:00:00,2365.1306,2656.7803,3420.4446,2443.163,2906.9958
2007-04-28 05:00:00,2365.1306,2656.7803,3420.64,2443.163,2906.9958
2007-04-28 06:00:00,2365.1306,2656.7803,3420.647,2443.163,2906.9958
2007-04-28 07:00:00,2365.1306,2656.7803,3420.647,2443.163,2906.9958
2007-04-28 08:00:00,2365.1306,2656.7803,3420.647,2443.163,2906.9958
2007-04-28 09:00:00,2365.1306,2656.7803,3420.647,2443.163,2906.9958
2007-04-28 10:00:00,2365.1306,2656.7803,3420.647,2443.163,2906.9958
2007-04-28 11:00:00,2365.1306,2656.7803,3420.647,2443.163,2906.9958
2007-04-28 12:00:00,2365.1306,2656.7803,3420.647,2443.163,2906.9958
2007-04-28 13:00:00,2365.1306,2656.7803,3420.647,2443.163,2906.9958
2007-04-28 14:00:00,2365.1306,2656.7803,3420.647,2443.163,2906.9958
2007-04-28 15:00:00,2365.1306,2656.7803,3420.647,2443.163,2906.9958
2007-04-28 16:00:00,2365.1306,2656.7803,3420.647,2443.163,2906.9958
2007-04-28 17:00:00,2365.1306,2656.7803,3420.647,2443.163,2906.9958
2007-04-28 18:00:00,2365.1306,2656.7803,3420.647,2443.163,2906.9958
2007-04-28 19:00:00,2365.1306,2656.7803,3420.647,2443.163,2906.9958
2007-04-28 20:00:00,2365.1306,2656.7803,3420.647,2443.163,2906.9958
2007-04-28 21:00:00,2365.1306,2656.7803,3420.647,2443.163,2906.9958
2007-04-28 22:00:00,2365.1306,2656.7803,3420.647,2443.163,2906.9958
2007-04-28 23:00:00,2365.1306,2656.7803,3420.647,2443.163,2906.9958
2007-04-29 00:00:00,2365.1306,2656.7803,3420.647,2443.163,2906.9958
2007-04-29 01:00:00,2365.1306,2656.7803,3420.647,2443.163,2906.9958
2007-04-29 02:00:00,2365.1306,2656.7803,3420.647,2443.163,2906.9958
2007-04-29 03:00:00,2365.1306,2656.7803,3420.647,2443.163,2906.9958
2007-04-29 04:00:00,2365.1306,2656.7803,3420.647,2443.163,2906.9958
2007-04-29 05:00:00,2365.1306,2656.7803,3420.647,2443.163,2906.9958
2007-04-29 06:00:00,2365.1306,2656.7803,3420.647,2443.163,2906.9958
2007-04-29 07:00:00,2365.1306,2656.7803,3420.647,2443.163,2906.9958
2007-04-29 08:00:00,2365.1306,2656.7803,3420.647,2443.163,2906.9958
2007-04-29 09:00:00,2365.1306,2656.7803,3420.647,2443.163,2906.9958
2007-04-29 10:00:00,2365.1306,2656.7803,3420.647,2443.163,2906.9958
2007-04-29 11:00:00,2365.1306,2656.7803,3420.647,2443.163,2906.9958
2007-04-29 12:00:00,2365.1306,2656.7803,3420.647,2443.163,2906.9958
2007-04-29 13:00:00,2365.1306,2656.7803,3420.647,2443.163,2906.9958
2007-04-29 14:00:00,2365.1306,2656.7803,3420.647,2443.163,2906.9958
2007-04-29 15:00:00,2365.1306,2656.7803,3420.647,2443.163,2906.9958
2007-04-29 16:00:00,2365.1306,2656.7803,3420.647,2443.163,2906.9958
2007-04-29 17:00:00,2365.1306,2656.7803,3420.647,2443.163,2906.9958
2007-04-29 18:00:00,2365.1306,2656.7803,3420.647,2443.163,2906.9958
2007-04-29 19:00:00,2365.1306,2656.7803,3420.647,2443.163,2906.9958
2007-04-29 20:00:00,2365.1306,2656.7803,3420.647,2443.163,2906.9958
2007-04-29 21:00:00,2365.1306,2656.7803,3420.647,2443.163,2906.9958
2007-04-29 22:00:00,2365.1306,2656.7803,3420.647,2443.163,2906.9958
2007-04-29 23:00:00,2365.1306,2656.7803,3420.647,2443.163,2906.9958
2007-04-30 00:00:00,2365.1306,2656.7803,3420.647,2443.163,2906.9958
2007-04-30 01:00:00,2365.1306,2656.7803,3420.647,2443.163,2906.9958
2007-04-30 02:00:00,2365.1306,2656.7803,3420.647,2443.163,2906.9958
2007-04-30 03:00:00,2365.1306,2656.7803,3420.647,2443.163,2906.9958
2007-04-30 04:00:00,2365.1306,2656.7803,3420.647,2443.163,2906.9958
2007-04-30 05:00:00,2365.1306,2656.7803,3420.647,2443.163,2906.9958
2007-04-30 06:00:00,2365.1306,2656.7803,3420.647,2443.163,2906.9958
2007-04-30 07:00:00,2365.1306,2656.7803,3420.647,2443.163,2906.9958
2007-04-30 08:00:00,2365.1306,2656.7803,3420.647,2443.163,2906.9958
2007-04-30 09:00:00,2365.1306,2656.7803,3420.647,2443.163,2906.9958
2007-04-30 10:00:00,2365.1306,2656.7803,3420.647,2443.163,2906.9958
2007-04-30 11:00:00,2365.1306,2656.7803,3420.647,2443.163,2906.9958
2007-04-30 12:00:00,2365.1306,2656.7803,3420.647,2443.163,2906.9958
2007-04-30 13:00:00,2365.1306,2656.7803,3420.647,2443.163,2906.9958
2007-04-30 14:00:00,2365.1306,2656.7803,3420.647,2443.163,2906.9958
2007-04-30 15:00:00,2365.1306,2656.7803,3420.647,2443.163,2906.9958
2007-04-30 16:00:00,2365.1306,2656.7803,3420.647,2443.163,2906.9958
2007-04-30 17:00:00,2365.1306,2656.7803,3420.647,2443.163,2906.9958
2007-04-30 18:00:00,2365.1306,2656.7803,3420.647,2443.163,2906.9958
2007-04-30 19:00:00,2365.1306,2656.7803,3420.647,2443.163,2906.9958
2007-04-30 20:00:00,2365.1306,2656.7803,3420.647,2443.163,2906.9958
2007-04-30 21:00:00,2365.1306,2656.7803,3420.647,2443.163,2906.9958
2007-04-30 22:00:00,2365.1306,2656.7803,3420.647,2443.163,2906.9958
2007-04-30 23:00:00,2365.1306,2656.7803,3420.647,2443.163,2906.9958
2007-05-01 00:00:00,2365.1306,2656.7803,3420.647,2443.163,2906.9958
2007-05-01 01:00:00,2365.1306,2656.7803,3420.647,2443.163,2906.9958
2007-05-01 02:00:00,2365.1306,2656.7803,3420.647,2443.163,2906.9958
2007-05-01 03:00:00,2365.1306,2656.7803,3420.647,2443.163,2906.9958
2007-05-01 04:00:00,2365.1306,2656.7803,3420.647,2443.163,2906.9958
2007-05-01 05:00:00,2365.1306,2656.7803,3420.647,2443.163,2906.9958
2007-05-01 06:00:00,2365.1306,2656.7803,3420.647,2443.163,2906.9958
2007-05-01 07:00:00,2365.1306,2656.7803,3420.647,2443.163,2906.9958
2007-05-01 08:00:00,2365.1306,2656.7803,3420.647,2443.163,2906.9958
2007-05-01 09:00:00,2365.1306,2656.7803,3420.647,2443.163,2906.9958
2007-05-01 10:00:00,2365.1306,2656.7803,3420.647,2443.163,2906.9958
2007-05-01 11:00:00,2365.1306,2656.7803,3420.647,2443.163,2906.9958
2007-05-01 12:00:00,2365.1306,2656.7803,3420.647,2443.163,2906.9958
2007-05-01 13:00:00,2365.1306,2656.7803,3420.647,2443.163,2906.9958
2007-05-01 14:00:00,2365.1306,2656.7803,3420.647,2443.163,2906.9958
2007-05-01 15:00:00,2365.1306,2656.7803,3420.647,2443.163,2906.9958
2007-05-01 16:00:00,2365.1306,2656.7803,3420.647,2443.163,2906.9958
2007-05-01 17:00:00,2365.1306,2656.7803,3420.647,2443.163,2906.9958
2007-05-01 18:00:00,2365.1306,2656.7803,3420.647,2443.163,2906.9958
2007-05-01 19:00:00,2365.1306,2656.7803,3420.647,2443.163,2906.9958
2007-05-01 20:00:00,2365.1306,2656.7803,3420.647,2443.163,2906.9958
2007-05-01 21:00:00,2365.1306,2656.7803,3420.647,2443.163,2906.9958
2007-05-01 22:00:00,2365.1306,2656.7803,3420.647,2443.163,2906.9958
2007-05-01 23:00:00,2365.1306,2656.7803,3420.647,2443.163,2906.9958
2007-05-02 00:00:00,2365.1306,2656.7803,3420.647,2443.163,2906.9958
2007-05-02 01:00:00,2365.1306,2656.7803,3420.647,2443.163,2906.9958
2007-05-02 02:00:00,2365.1306,2656.7803,3420.647,2443.163,2906.9958
2007-05-02 03:00:00,2365.1306,2656.7803,3420.647,2443.163,2906.9958
2007-05-02 04:00:00,2365.1306,2656.7803,3420.647,2443.163,2906.9958
2007-05-02 05:00:00,2365.1306,2656.7803,3420.647,2443.163,2906.9958
2007-05-02 06:00:00,2365.1306,2656.7803,3420.647,2443.163,2906.9958
2007-05-02 07:00:00,2365.1306,2656.7803,3420.647,2443.163,2906.9958
2007-05-02 08:00:00,2365.1306,2656.7803,3420.647,2443.163,2906.9958
2007-05-02 09:00:00,2365.1306,2656.7803,3420.647,2443.163,2906.9958
2007-05-02 10:00:00,2365.1306,2656.7803,3420.647,2443.163,2906.9958
2007-05-02 11:00:00,2365.1306,2656.7803,3420.647,2443.163,2906.9958
2007-05-02 12:00:00,2365.1306,2656.7803,3420.647,2443.163,2906.9958
2007-05-02 13:00:00,2365.1306,2656.7803,3420.647,2443.163,2906.9958
2007-05-02 14:00:00,2365.1306,2656.7803,3420.647,2443.163,2906.9958
2007-05-02 15:00:00,2365.1306,2656.7803,3420.647,2443.163,2906.9958
2007-05-02 16:00:00,2365.1306,2656.7803,3420.647,2443.163,2906.9958
2007-05-02 17:00:00,2365.1306,2656.7803,3420.647,2443.163,2906.9958
2007-05-02 18:00:00,2365.1306,2656.7803,3420.647,2443.163,2906.9958
2007-05-02 19:00:00,2365.1306,2656.7803,3420.647,2443.163,2906.9958
2007-05-02 20:00:00,2365.1306,2656.7803,3420.647,2443.163,2906.9958
2007-05-02 21:00:00,2365.1306,2656.7803,3420.647,2443.163,2906.9958
2007-05-02 22:00:00,2365.1306,2656.7803,3420.647,2443.163,2906.9958
2007-05-02 23:00:00,2365.1306,2656.7803,3420.647,2443.163,2906.9958
2007-05-03 00:00:00,2365.1306,2656.7803,3420.647,2443.163,2906.9958
2007-05-03 01:00:00,2365.1306,2656.7803,3420.647,2443.163,2906.9958
2007-05-03 02:00:00,2365.1306,2656.7803,3420.647,2443.163,2906.9958
2007-05-03 03:00:00,2365.1306,2656.7803,3420.647,2443.163,2906.9958
2007-05-03 04:00:00,2365.1306,2656.7803,3420.647,2443.163,2906.9958
2007-05-03 05:00:00,2365.1306,2656.7803,3420.647,2443.163,2906.9958
2007-05-03 06:00:00,2365.1306,2656.7803,3420.647,2443.163,2906.9958
2007-05-03 07:00:00,2365.1306,2656.7803,3420.647,2443.163,2906.9958
2007-05-03 08:00:00,2365.1306,2656.7803,3420.647,2443.163,2906.9958
2007-05-03 09:00:00,2365.1306,2656.7803,3420.647,2443.163,2906.9958
2007-05-03 10:00:00,2365.1306,2656.7803,3420.647,2443.163,2906.9958
2007-05-03 11:00:00,2365.1306,2656.7803,3420.647,2443.163,2906.9958
2007-05-03 12:00:00,2365.1306,2656.7803,3420.647,2443.163,2906.9958
2007-05-03 13:00:00,2365.1306,2656.7803,3420.647,2443.163,2906.9958
2007-05-03 14:00:00,2365.1306,2656.7803,3420.647,2443.163,2906.9958
2007-05-03 15:00:00,2365.1306,2656.7803,3420.647,2443.163,2906.9958
2007-05-03 16:00:00,2365.1306,2656.7803,3420.647,2443.163,2906.9958
2007-05-03 17:00:00,2365.1306,2656.7803,3420.647,2443.163,2907.028
2007-05-03 18:00:00,2365.1306,2656.7803,3420.647,2443.163,2907.23
2007-05-03 19:00:00,2365.1306,2656.7803,3420.647,2443.163,2907.312
2007-05-03 20:00:00,2365.1306,2656.7803,3420.647,2443.163,2907.3958
2007-05-03 21:00:00,2365.1306,2656.7803,3420.6934,2443.163,2907.3958
2007-05-03 22:00:00,2365.1306,2656.7803,3420.8887,2443.163,2907.3958
2007-05-03 23:00:00,2365.1306,2656.7803,3421.084,2443.163,2907.3958
2007-05-04 00:00:00,2365.1306,2656.7803,3421.2793,2443.163,2907.3958
2007-05-04 01:00:00,2365.1306,2656.7803,3421.4746,2443.163,2907.3958
2007-05-04 02:00:00,2365.1306,2656.7803,3421.67,2443.163,2907.3958
2007-05-04 03:00:00,2365.1306,2656.7803,3421.7432,2443.163,2907.3958
2007-05-04 04:00:00,2365.1306,2656.7803,3421.7432,2443.163,2907.3958
2007-05-04 05:00:00,2365.1306,2656.7803,3421.7432,2443.163,2907.3958
2007-05-04 06:00:00,2365.1306,2656.7803,3421.7432,2443.163,2907.3958
2007-05-04 07:00:00,2365.1306,2656.7803,3421.7432,2443.163,2907.3958
2007-05-04 08:00:00,2365.1306,2656.7803,3421.7432,2443.163,2907.3958
2007-05-04 09:00:00,2365.1306,2656.7803,3421.7432,2443.163,2907.3958
2007-05-04 10:00:00,2365.1306,2656.7803,3421.7432,2443.163,2907.3958
2007-05-04 11:00:00,2365.1306,2656.7803,3421.7432,2443.163,2907.3958
2007-05-04 12:00:00,2365.1306,2656.7803,3421.7432,2443.163,2907.3958
2007-05-04 13:00:00,2365.1306,2656.7803,3421.7432,2443.163,2907.3958
2007-05-04 14:00:00,2365.1306,2656.7803,3421.7432,2443.163,2907.3958
2007-05-04 15:00:00,2365.1306,2656.7803,3421.7432,2443.163,2907.3958
2007-05-04 16:00:00,2365.1306,2656.7803,3421.7432,2443.163,2907.3958
2007-05-04 17:00:00,2365.1306,2656.7803,3421.7432,2443.163,2907.3958
2007-05-04 18:00:00,2365.1306,2656.7803,3421.7432,2443.163,2907.3958
2007-05-04 19:00:00,2365.1306,2656.7803,3421.7432,2443.163,2907.3958
2007-05-04 20:00:00,2365.1306,2656.7803,3421.7432,2443.163,2907.3958
2007-05-04 21:00:00,2365.1306,2656.7803,3421.7432,2443.163,2907.3958
2007-05-04 22:00:00,2365.1306,2656.7803,3421.7432,2443.163,2907.3958
2007-05-04 23:00:00,2365.1306,2656.7803,3421.7432,2443.163,2907.3958
2007-05-05 00:00:00,2365.1306,2656.7803,3421.7432,2443.163,2907.3958
2007-05-05 01:00:00,2365.1306,2656.7803,3421.7432,2443.163,2907.3958
2007-05-05 02:00:00,2365.1306,2656.7803,3421.7432,2443.163,2907.3958
2007-05-05 03:00:00,2365.1306,2656.7803,3421.7432,2443.163,2907.3958
2007-05-05 04:00:00,2365.1306,2656.7803,3421.7432,2443.163,2907.3958
2007-05-05 05:00:00,2365.1306,2656.7803,3421.7432,2443.163,2907.3958
2007-05-05 06:00:00,2365.1306,2656.7803,3421.7432,2443.163,2907.3958
2007-05-05 07:00:00,2365.1306,2656.7803,3421.7432,2443.163,2907.3958
2007-05-05 08:00:00,2365.1306,2656.7803,3421.7432,2443.163,2907.3958
2007-05-05 09:00:00,2365.1306,2656.7803,3421.7432,2443.163,2907.3958
2007-05-05 10:00:00,2365.1306,2656.7803,3421.7432,2443.163,2907.3958
2007-05-05 11:00:00,2365.1306,2656.7803,3421.7432,2443.163,2907.3958
2007-05-05 12:00:00,2365.1306,2656.7803,3421.7432,2443.163,2907.3958
2007-05-05 13:00:00,2365.1306,2656.7803,3421.7432,2443.163,2907.3958
2007-05-05 14:00:00,2365.1306,2656.7803,3421.7432,2443.163,2907.3958
2007-05-05 15:00:00,2365.1306,2656.7803,3421.7432,2443.163,2907.3958
2007-05-05 16:00:00,2365.1306,2656.7803,3421.7432,2443.163,2907.3958
2007-05-05 17:00:00,2365.1306,2656.7803,3421.7432,2443.163,2907.3958
2007-05-05 18:00:00,2365.1306,2656.7803,3421.7432,2443.163,2907.3958
2007-05-05 19:00:00,2365.1306,2656.7803,3421.7432,2443.163,2907.3958
2007-05-05 20:00:00,2365.1306,2656.7803,3421.7432,2443.163,2907.3958
2007-05-05 21:00:00,2365.1306,2656.7803,3421.7432,2443.163,2907.3958
2007-05-05 22:00:00,2365.1306,2656.7803,3421.7432,2443.163,2907.3958
2007-05-05 23:00:00,2365.1306,2656.7803,3421.7432,2443.163,2907.3958
2007-05-06 00:00:00,2365.1306,2656.7803,3421.7432,2443.163,2907.3958
2007-05-06 01:00:00,2365.1306,2656.7803,3421.7432,2443.163,2907.3958
2007-05-06 02:00:00,2365.1306,2656.7803,3421.7432,2443.163,2907.3958
2007-05-06 03:00:00,2365.1306,2656.7803,3421.7432,2443.163,2907.3958
2007-05-06 04:00:00,2365.1306,2656.7803,3421.7432,2443.163,2907.3958
2007-05-06 05:00:00,2365.1306,2656.7803,3421.7432,2443.163,2907.3958
2007-05-06 06:00:00,2365.1306,2656.7803,3421.7432,2443.163,2907.3958
2007-05-06 07:00:00,2365.1306,2656.7803,3421.7432,2443.163,2907.3958
2007-05-06 08:00:00,2365.1306,2656.7803,3421.7432,2443.163,2907.3958
2007-05-06 09:00:00,2365.1306,2656.7803,3421.7432,2443.163,2907.3958
2007-05-06 10:00:00,2365.1306,2656.7803,3421.8513,2443.163,2907.544
2007-05-06 11:00:00,2365.1306,2656.8855,3421.9778,2443.3079,2908.0469
2007-05-06 12:00:00,2365.6252,2657.575,3422.3638,2444.906,2909.368
2007-05-06 13:00:00,2367.4363,2658.7632,3422.7388,2446.875,2910.498
2007-05-06 14:00:00,2369.6567,2660.1228,3423.1716,2448.465,2911.46
2007-05-06 15:00:00,2372.102,2660.4055,3423.6123,2450.1267,2912.102
2007-05-06 16:00:00,2373.1199,2660.4707,3423.693,2450.248,2912.5095
2007-05-06 17:00:00,2373.3657,2660.9924,3423.9514,2450.5027,2912.8777
2007-05-06 18:00:00,2373.6838,2661.076,3424.7122,2450.5051,2913.0
2007-05-06 19:00:00,2373.6838,2661.076,3424.7783,2450.515,2913.0
2007-05-06 20:00:00,2373.6838,2661.1016,3424.7783,2450.515,2913.0
2007-05-06 21:00:00,2373.6838,2661.2058,3424.8425,2450.6506,2913.0
2007-05-06 22:00:00,2374.0212,2661.301,3424.881,2451.4392,2913.1826
2007-05-06 23:00:00,2374.7168,2662.3464,3425.0999,2452.7788,2913.4612
2007-05-07 00:00:00,2376.029,2662.859,3425.8152,2453.4575,2913.8015
2007-05-07 01:00:00,2377.9944,2662.89,3426.6104,2454.0256,2913.9258
2007-05-07 02:00:00,2378.629,2662.9463,3426.999,2454.521,2914.2751
2007-05-07 03:00:00,2379.7207,2663.6858,3427.1516,2455.0938,2914.849
2007-05-07 04:00:00,2380.0125,2664.3826,3427.5906,2455.6714,2915.4895
2007-05-07 05:00:00,2380.798,2665.2622,3427.993,2456.492,2915.9092
2007-05-07 06:00:00,2381.2231,2665.549,3428.1638,2456.856,2916.251
2007-05-07 07:00:00,2381.844,2665.859,3428.29,2457.0657,2916.528
2007-05-07 08:00:00,2382.8262,2666.4639,3428.518,2457.6108,2916.8088
2007-05-07 09:00:00,2383.822,2666.9485,3428.712,2458.119,2917.3894
2007-05-07 10:00:00,2384.4954,2667.1743,3428.9321,2458.965,2917.6624
2007-05-07 11:00:00,2385.1233,2668.5747,3429.3164,2459.6558,2918.0557
2007-05-07 12:00:00,2386.2627,2669.646,3429.888,2460.449,2918.741
2007-05-07 13:00:00,2387.4207,2671.0051,3431.3557,2461.259,2919.2375
2007-05-07 14:00:00,2388.8074,2672.485,3433.018,2462.1497,2919.6865
2007-05-07 15:00:00,2390.215,2674.2434,3436.2378,2462.95,2920.228
2007-05-07 16:00:00,2391.5837,2675.2139,3440.302,2463.3857,2920.886
2007-05-07 17:00:00,2392.6526,2675.465,3444.9556,2463.5776,2921.2773
2007-05-07 18:00:00,2393.685,2675.651,3447.7573,2463.7556,2921.648
2007-05-07 19:00:00,2394.613,2675.9053,3451.454,2463.8062,2922.6465
2007-05-07 20:00:00,2395.1545,2676.0574,3453.3691,2464.047,2923.6694
2007-05-07 21:00:00,2395.4714,2676.3796,3454.303,2464.1792,2923.6694
2007-05-07 22:00:00,2396.0588,2676.4243,3454.4646,2464.3965,2923.67
2007-05-07 23:00:00,2396.2256,2676.6924,3455.8037,2464.4583,2924.0117
2007-05-08 00:00:00,2396.4624,2676.703,3457.2522,2464.6123,2924.221
2007-05-08 01:00:00,2396.6633,2676.703,3459.2944,2464.685,2924.3699
2007-05-08 02:00:00,2396.8408,2676.728,3460.0122,2464.685,2924.4253
2007-05-08 03:00:00,2396.8457,2676.941,3460.3518,2464.7598,2924.447
2007-05-08 04:00:00,2397.0156,2677.377,3460.527,2464.7788,2924.5024
2007-05-08 05:00:00,2397.2725,2678.8718,3460.5784,2465.2043,2924.8987
2007-05-08 06:00:00,2397.6584,2679.5251,3460.5964,2466.0066,2925.2979
2007-05-08 07:00:00,2397.8328,2679.8435,3461.0469,2466.6177,2925.4277
2007-05-08 08:00:00,2397.838,2679.8542,3461.3042,2466.8381,2925.5742
2007-05-08 09:00:00,2397.838,2679.8542,3461.3347,2466.888,2925.7263
2007-05-08 10:00:00,2397.838,2679.8542,3461.3347,2466.888,2925.7263
2007-05-08 11:00:00,2397.838,2679.8542,3461.4321,2466.888,2925.7263
2007-05-08 12:00:00,2397.838,2679.9014,3461.4321,2466.888,2925.878
2007-05-08 13:00:00,2397.838,2679.9138,3461.4321,2466.888,2925.8855
2007-05-08 14:00:00,2397.838,2680.1292,3461.4321,2466.888,2925.8992
2007-05-08 15:00:00,2397.838,2680.1292,3461.4321,2466.888,2925.8992
2007-05-08 16:00:00,2397.838,2680.1292,3461.4321,2466.888,2925.8992
2007-05-08 17:00:00,2397.838,2680.1292,3461.4321,2466.888,2925.8992
2007-05-08 18:00:00,2397.838,2680.1292,3461.4321,2466.888,2925.8992
2007-05-08 19:00:00,2397.838,2680.1292,3461.4321,2466.888,2925.8992
2007-05-08 20:00:00,2397.838,2680.1292,3461.4321,2466.888,2925.8992
2007-05-08 21:00:00,2397.838,2680.1292,3461.4321,2466.888,2925.8992
2007-05-08 22:00:00,2397.838,2680.1292,3461.4321,2466.888,2925.8992
2007-05-08 23:00:00,2397.838,2680.1292,3461.4321,2466.888,2925.8992
2007-05-09 00:00:00,2397.838,2680.1292,3461.4321,2466.888,2925.8992
2007-05-09 01:00:00,2397.838,2680.1292,3461.4321,2466.888,2925.8992
2007-05-09 02:00:00,2397.838,2680.1292,3461.4321,2466.888,2925.8992
2007-05-09 03:00:00,2397.838,2680.1292,3461.4321,2466.888,2925.8992
2007-05-09 04:00:00,2397.838,2680.1292,3461.4321,2466.888,2925.8992
2007-05-09 05:00:00,2397.838,2680.1292,3461.4321,2466.888,2925.8992
2007-05-09 06:00:00,2397.838,2680.1292,3461.4321,2466.888,2925.8992
2007-05-09 07:00:00,2397.838,2680.1292,3461.4321,2466.888,2925.8992
2007-05-09 08:00:00,2397.838,2680.1292,3461.4321,2466.888,2925.8992
2007-05-09 09:00:00,2397.838,2680.1292,3461.4321,2466.888,2925.8992
2007-05-09 10:00:00,2397.838,2680.1292,3461.6492,2466.888,2925.9236
2007-05-09 11:00:00,2397.838,2680.1292,3462.0935,2466.888,2925.9236
2007-05-09 12:00:00,2397.838,2680.2144,3462.0935,2466.9377,2925.9236
2007-05-09 13:00:00,2397.838,2680.2144,3462.0935,2466.9377,2925.9236
2007-05-09 14:00:00,2397.838,2680.2144,3463.0796,2466.9377,2925.9236
2007-05-09 15:00:00,2397.838,2680.2144,3464.5493,2466.9377,2925.9236
2007-05-09 16:00:00,2397.8455,2680.2144,3465.2727,2466.9377,2925.9236
2007-05-09 17:00:00,2397.8455,2680.2144,3465.2727,2466.9377,2925.9236
2007-05-09 18:00:00,2397.8455,2680.2144,3465.9585,2466.9377,2926.024
2007-05-09 19:00:00,2397.8455,2680.2144,3467.0247,2466.9377,2926.0754
2007-05-09 20:00:00,2397.8455,2680.2144,3467.3196,2466.9377,2926.1584
2007-05-09 21:00:00,2397.8455,2680.2144,3467.601,2466.9377,2926.1584
2007-05-09 22:00:00,2397.8455,2680.2144,3467.626,2466.9377,2926.1938
2007-05-09 23:00:00,2397.8455,2680.2144,3467.7234,2466.9377,2926.1938
2007-05-10 00:00:00,2397.8455,2680.2144,3467.7234,2466.9377,2926.1938
2007-05-10 01:00:00,2397.8455,2680.2144,3467.7234,2466.9377,2926.1938
2007-05-10 02:00:00,2397.8455,2680.2144,3467.7234,2466.9377,2926.1938
2007-05-10 03:00:00,2397.8455,2680.2144,3467.7234,2466.9377,2926.1938
2007-05-10 04:00:00,2397.8455,2680.2144,3467.7234,2466.9377,2926.1938
2007-05-10 05:00:00,2397.8455,2680.2144,3467.7234,2466.9377,2926.1938
2007-05-10 06:00:00,2397.8455,2680.2144,3467.7234,2466.9377,2926.1938
2007-05-10 07:00:00,2397.8455,2680.2144,3467.7234,2466.9377,2926.1938
2007-05-10 08:00:00,2397.8455,2680.2144,3467.7234,2466.9377,2926.1938
2007-05-10 09:00:00,2397.8455,2680.2144,3467.7234,2466.9377,2926.1938
2007-05-10 10:00:00,2397.8455,2680.2144,3467.7234,2466.9377,2926.1938
2007-05-10 11:00:00,2397.8455,2680.2144,3467.7234,2466.9377,2926.1938
2007-05-10 12:00:00,2397.8455,2680.2144,3467.7234,2466.9377,2926.1938
2007-05-10 13:00:00,2397.8455,2680.2144,3467.7234,2466.9377,2926.1938
2007-05-10 14:00:00,2397.8455,2680.2144,3467.7234,2466.9377,2926.1938
2007-05-10 15:00:00,2397.8455,2680.2144,3467.7234,2466.9377,2926.1938
2007-05-10 16:00:00,2397.8455,2680.2144,3467.7234,2466.9377,2926.1938
2007-05-10 17:00:00,2397.8455,2680.2144,3467.7234,2466.9377,2926.1938
2007-05-10 18:00:00,2397.8455,2680.2144,3467.7234,2466.9377,2926.1938
2007-05-10 19:00:00,2397.8455,2680.2144,3467.7234,2466.9377,2926.1938
2007-05-10 20:00:00,2397.8455,2680.2144,3467.7234,2466.9377,2926.1938
2007-05-10 21:00:00,2397.8455,2680.2144,3467.7234,2466.9377,2926.1938
2007-05-10 22:00:00,2397.8455,2680.2144,3467.7234,2466.9377,2926.1938
2007-05-10 23:00:00,2397.8455,2680.2144,3467.7234,2466.9377,2926.1938
2007-05-11 00:00:00,2397.8455,2680.2144,3467.7234,2466.9377,2926.1938
2007-05-11 01:00:00,2397.8455,2680.2144,3467.7234,2466.9377,2926.1938
2007-05-11 02:00:00,2397.8455,2680.2144,3467.7234,2466.9377,2926.1938
2007-05-11 03:00:00,2397.8455,2680.2144,3467.7234,2466.9377,2926.1938
2007-05-11 04:00:00,2397.8455,2680.2144,3467.7234,2466.9377,2926.1938
2007-05-11 05:00:00,2397.8455,2680.2144,3467.7234,2466.9377,2926.1938
2007-05-11 06:00:00,2397.8455,2680.2144,3467.7234,2466.9377,2926.1938
2007-05-11 07:00:00,2397.8455,2680.2144,3467.7234,2466.9377,2926.1938
2007-05-11 08:00:00,2397.8455,2680.2144,3467.7234,2466.9377,2926.1938
2007-05-11 09:00:00,2397.8455,2680.2144,3467.7234,2466.9377,2926.1938
2007-05-11 10:00:00,2397.8455,2680.2144,3467.7234,2466.9377,2926.1938
2007-05-11 11:00:00,2397.8455,2680.2144,3467.7234,2466.9377,2926.1938
2007-05-11 12:00:00,2397.8455,2680.2144,3467.7234,2466.9377,2926.1938
2007-05-11 13:00:00,2397.8455,2680.2144,3467.7234,2466.9377,2926.1938
2007-05-11 14:00:00,2397.8455,2680.2144,3467.7234,2466.9377,2926.22
2007-05-11 15:00:00,2397.8455,2680.2144,3467.7234,2466.9377,2926.2224
2007-05-11 16:00:00,2397.8455,2680.2144,3467.7234,2466.9377,2926.2224
2007-05-11 17:00:00,2397.8455,2680.2144,3467.7234,2466.9377,2926.2224
2007-05-11 18:00:00,2397.8455,2680.2144,3467.7234,2466.9377,2926.2224
2007-05-11 19:00:00,2397.8455,2680.2144,3467.7234,2466.9377,2926.2224
2007-05-11 20:00:00,2397.8455,2680.2144,3467.7234,2466.9377,2926.345
2007-05-11 21:00:00,2397.8455,2680.2144,3467.7234,2466.9377,2926.345
2007-05-11 22:00:00,2397.8455,2680.2144,3467.7234,2466.9377,2926.345
2007-05-11 23:00:00,2397.8455,2680.2144,3467.7234,2466.9377,2926.345
2007-05-12 00:00:00,2397.8455,2680.2144,3467.7234,2466.9377,2926.345
2007-05-12 01:00:00,2397.8455,2680.2144,3467.7234,2466.9377,2926.345
2007-05-12 02:00:00,2397.8455,2680.2144,3467.7234,2466.9377,2926.345
2007-05-12 03:00:00,2397.8455,2680.2144,3467.7234,2466.9377,2926.345
2007-05-12 04:00:00,2397.8455,2680.2144,3467.7234,2466.9377,2926.345
2007-05-12 05:00:00,2397.8455,2680.2144,3467.7234,2466.9377,2926.345
2007-05-12 06:00:00,2397.8455,2680.2144,3467.7234,2466.9377,2926.345
2007-05-12 07:00:00,2397.8455,2680.2144,3467.7234,2466.9377,2926.345
2007-05-12 08:00:00,2397.8455,2680.2144,3467.7234,2466.9377,2926.345
2007-05-12 09:00:00,2397.8455,2680.2144,3467.7234,2466.9377,2926.345
2007-05-12 10:00:00,2397.8455,2680.2144,3467.7234,2466.9377,2926.345
2007-05-12 11:00:00,2397.8455,2680.2144,3467.7234,2466.9377,2926.345
2007-05-12 12:00:00,2397.8455,2680.2144,3467.7234,2466.9377,2926.345
2007-05-12 13:00:00,2397.8455,2680.2144,3467.7234,2466.9377,2926.345
2007-05-12 14:00:00,2397.8455,2680.2144,3467.7234,2466.9377,2926.345
2007-05-12 15:00:00,2397.8455,2680.2144,3467.7234,2466.9377,2926.345
2007-05-12 16:00:00,2397.8455,2680.2144,3467.7234,2466.9377,2926.345
2007-05-12 17:00:00,2397.8455,2680.2144,3467.7234,2466.9377,2926.345
2007-05-12 18:00:00,2397.8455,2680.2144,3467.7234,2466.9377,2926.345
2007-05-12 19:00:00,2397.8455,2680.2144,3467.7234,2466.9377,2926.345
2007-05-12 20:00:00,2397.8455,2680.2144,3467.7234,2466.9377,2926.345
2007-05-12 21:00:00,2397.8455,2680.2144,3467.7234,2466.9377,2926.345
2007-05-12 22:00:00,2397.8455,2680.2144,3467.7234,2466.9377,2926.345
2007-05-12 23:00:00,2397.8455,2680.2144,3467.7234,2466.9377,2926.345
2007-05-13 00:00:00,2397.8455,2680.2144,3467.7234,2466.9377,2926.345
2007-05-13 01:00:00,2397.8455,2680.2144,3467.7234,2466.9377,2926.345
2007-05-13 02:00:00,2397.8455,2680.2144,3467.7234,2466.9377,2926.345
2007-05-13 03:00:00,2397.8455,2680.2144,3467.7234,2466.9377,2926.345
2007-05-13 04:00:00,2397.8455,2680.2144,3467.7234,2466.9377,2926.345
2007-05-13 05:00:00,2397.8455,2680.2144,3467.7234,2466.9377,2926.345
2007-05-13 06:00:00,2397.8455,2680.2144,3467.7234,2466.9377,2926.345
2007-05-13 07:00:00,2397.8455,2680.2144,3467.7234,2466.9377,2926.345
2007-05-13 08:00:00,2397.8455,2680.2144,3467.7234,2466.9377,2926.345
2007-05-13 09:00:00,2397.8455,2680.2144,3467.7234,2466.9377,2926.345
2007-05-13 10:00:00,2397.8455,2680.2144,3467.7234,2466.9377,2926.345
2007-05-13 11:00:00,2397.8455,2680.2144,3467.7234,2466.9377,2926.345
2007-05-13 12:00:00,2397.8455,2680.2144,3467.7234,2466.9377,2926.345
2007-05-13 13:00:00,2397.8455,2680.2144,3467.7234,2466.9377,2926.361
2007-05-13 14:00:00,2397.8455,2680.2144,3467.7234,2466.9377,2926.585
2007-05-13 15:00:00,2397.8455,2680.2144,3467.777,2466.9377,2927.5781
2007-05-13 16:00:00,2397.8455,2680.2144,3467.7903,2466.9377,2928.2012
2007-05-13 17:00:00,2397.8455,2680.2144,3467.7903,2466.9377,2928.2012
2007-05-13 18:00:00,2397.8455,2680.2144,3467.7903,2466.9377,2928.2012
2007-05-13 19:00:00,2397.8455,2680.2144,3467.7903,2466.9377,2928.2012
2007-05-13 20:00:00,2397.8455,2680.2144,3467.7903,2466.9377,2928.2012
2007-05-13 21:00:00,2397.8455,2680.2144,3467.7903,2466.9377,2928.2012
2007-05-13 22:00:00,2397.8455,2680.2144,3467.7903,2466.9377,2928.2012
2007-05-13 23:00:00,2397.8455,2680.2144,3467.7903,2466.9377,2928.2012
2007-05-14 00:00:00,2397.8455,2680.2144,3467.7903,2466.9377,2928.2012
2007-05-14 01:00:00,2397.8455,2680.2144,3467.7903,2466.9377,2928.2012
2007-05-14 02:00:00,2397.8455,2680.2144,3467.7903,2466.9377,2928.2012
2007-05-14 03:00:00,2397.8455,2680.2144,3467.7903,2466.9377,2928.2012
2007-05-14 04:00:00,2397.8455,2680.2144,3467.7903,2466.9377,2928.2012
2007-05-14 05:00:00,2397.8455,2680.2144,3467.7903,2466.9377,2928.2012
2007-05-14 06:00:00,2397.8455,2680.2144,3467.7903,2466.9377,2928.2012
2007-05-14 07:00:00,2397.8455,2680.2144,3467.7903,2466.9377,2928.2012
2007-05-14 08:00:00,2397.8455,2680.2144,3467.7903,2466.9377,2928.2012
2007-05-14 09:00:00,2397.8455,2680.2144,3467.7903,2466.9377,2928.2012
2007-05-14 10:00:00,2397.8455,2680.2144,3467.7903,2466.9377,2928.2012
2007-05-14 11:00:00,2397.8455,2680.2144,3467.7903,2466.9377,2928.2012
2007-05-14 12:00:00,2397.8455,2680.2144,3467.7903,2466.9377,2928.2012
2007-05-14 13:00:00,2397.8455,2680.2144,3467.7903,2466.9377,2928.2012
2007-05-14 14:00:00,2397.8733,2680.2144,3467.7903,2466.9377,2928.2012
2007-05-14 15:00:00,2397.8733,2680.2144,3467.7903,2466.9377,2928.2012
2007-05-14 16:00:00,2397.8733,2680.2144,3467.7903,2466.9377,2928.2012
2007-05-14 17:00:00,2397.8733,2680.2144,3468.793,2466.9377,2928.2947
2007-05-14 18:00:00,2397.8733,2680.2144,3469.413,2466.9377,2928.3298
2007-05-14 19:00:00,2397.8733,2680.2144,3470.5698,2466.9377,2928.3645
2007-05-14 20:00:00,2397.8733,2680.2144,3470.8608,2466.9377,2928.3645
2007-05-14 21:00:00,2397.8733,2680.2144,3471.1887,2466.9377,2928.3645
2007-05-14 22:00:00,2397.8733,2680.2144,3471.247,2466.9377,2928.3645
2007-05-14 23:00:00,2397.8733,2680.2144,3471.6934,2466.9377,2928.3645
2007-05-15 00:00:00,2397.8733,2680.2144,3473.3315,2466.9377,2928.3645
2007-05-15 01:00:00,2397.8733,2680.2144,3473.412,2466.9377,2928.403
2007-05-15 02:00:00,2397.8733,2680.2144,3473.412,2466.9377,2928.403
2007-05-15 03:00:00,2397.8733,2680.2144,3473.412,2466.9377,2928.4802
2007-05-15 04:00:00,2397.8733,2680.2144,3473.412,2466.9377,2928.9207
2007-05-15 05:00:00,2397.8733,2680.2144,3473.412,2466.9377,2928.9207
2007-05-15 06:00:00,2397.8733,2680.2144,3473.412,2466.9377,2928.9207
2007-05-15 07:00:00,2397.8733,2680.2144,3473.412,2466.9377,2928.9207
2007-05-15 08:00:00,2397.8733,2680.2144,3473.416,2466.9377,2929.002
2007-05-15 09:00:00,2397.8733,2680.281,3473.6765,2466.9377,2931.1965
2007-05-15 10:00:00,2397.8733,2680.4895,3474.6772,2466.9463,2932.0144
2007-05-15 11:00:00,2397.8733,2680.4895,3475.9692,2467.0427,2932.1565
2007-05-15 12:00:00,2397.8733,2680.5674,3476.021,2467.25,2932.1565
2007-05-15 13:00:00,2397.8733,2682.4058,3476.1477,2468.9753,2932.1672
2007-05-15 14:00:00,2397.8765,2682.6372,3476.6897,2469.6423,2932.1672
2007-05-15 15:00:00,2397.8765,2682.6665,3476.8254,2469.7776,2932.1672
2007-05-15 16:00:00,2397.8765,2683.1848,3477.64,2470.1543,2932.9243
2007-05-15 17:00:00,2398.326,2683.5676,3478.5872,2470.5374,2932.9673
2007-05-15 18:00:00,2398.326,2683.5776,3479.2285,2470.7615,2933.3306
2007-05-15 19:00:00,2398.8372,2683.8018,3479.2292,2470.8135,2934.6228
2007-05-15 20:00:00,2398.9636,2684.6128,3481.1042,2471.0051,2934.702
2007-05-15 21:00:00,2400.0864,2684.657,3481.6868,2471.0461,2934.8352
2007-05-15 22:00:00,2400.3738,2684.7537,3482.4814,2471.448,2935.3545
2007-05-15 23:00:00,2401.4788,2685.0933,3484.1885,2471.7866,2935.9985
2007-05-16 00:00:00,2402.4446,2685.0933,3484.6323,2471.8477,2935.9985
2007-05-16 01:00:00,2402.5598,2685.0933,3484.6511,2471.8477,2935.9985
2007-05-16 02:00:00,2402.5598,2685.0933,3484.6873,2471.8477,2936.0283
2007-05-16 03:00:00,2402.666,2685.0933,3484.7344,2471.8477,2936.0283
2007-05-16 04:00:00,2402.666,2685.0933,3484.7344,2471.8477,2936.0283
2007-05-16 05:00:00,2402.666,2685.0933,3484.7344,2471.8477,2936.0283
2007-05-16 06:00:00,2402.666,2685.0933,3484.7344,2471.8477,2936.1118
2007-05-16 07:00:00,2402.666,2685.0933,3484.7344,2471.8477,2936.5774
2007-05-16 08:00:00,2402.666,2685.157,3484.7344,2471.8477,2936.7998
2007-05-16 09:00:00,2402.666,2685.2986,3484.7344,2472.0735,2936.8
2007-05-16 10:00:00,2402.666,2685.2986,3484.7344,2472.089,2937.0393
2007-05-16 11:00:00,2402.666,2685.2986,3484.7344,2472.089,2937.1006
2007-05-16 12:00:00,2402.666,2685.2986,3484.7344,2472.089,2937.1963
2007-05-16 13:00:00,2402.666,2685.2986,3484.7344,2472.089,2937.1963
2007-05-16 14:00:00,2402.666,2685.2986,3484.7344,2472.089,2937.6157
2007-05-16 15:00:00,2402.666,2685.2986,3484.7344,2472.089,2937.8174
2007-05-16 16:00:00,2402.666,2685.2986,3484.7344,2472.089,2937.8174
2007-05-16 17:00:00,2402.666,2687.576,3484.7344,2472.089,2937.8376
2007-05-16 18:00:00,2402.666,2687.693,3484.7344,2472.089,2938.575
2007-05-16 19:00:00,2402.666,2689.1877,3484.7344,2472.089,2939.0576
2007-05-16 20:00:00,2402.666,2689.2998,3484.7344,2472.089,2939.0576
2007-05-16 21:00:00,2402.666,2689.2998,3484.7344,2472.089,2939.0576
2007-05-16 22:00:00,2402.666,2689.2998,3484.7344,2472.089,2939.6748
2007-05-16 23:00:00,2402.666,2689.2998,3484.7344,2472.089,2939.6748
2007-05-17 00:00:00,2402.666,2689.2998,3484.7344,2472.089,2939.6748
2007-05-17 01:00:00,2402.666,2689.2998,3484.7344,2472.089,2939.6748
2007-05-17 02:00:00,2402.666,2689.2998,3484.7344,2472.089,2939.6748
2007-05-17 03:00:00,2402.666,2689.2998,3484.7344,2472.089,2939.6748
2007-05-17 04:00:00,2402.666,2689.2998,3484.7344,2472.089,2939.6748
2007-05-17 05:00:00,2402.666,2689.2998,3484.7344,2472.089,2939.6748
2007-05-17 06:00:00,2402.666,2689.2998,3484.7344,2472.089,2939.6748
2007-05-17 07:00:00,2402.666,2689.2998,3484.7344,2472.089,2939.6748
2007-05-17 08:00:00,2402.666,2689.2998,3484.7344,2472.089,2939.6748
2007-05-17 09:00:00,2402.666,2689.2998,3484.7344,2472.089,2939.6748
2007-05-17 10:00:00,2402.666,2689.2998,3484.7344,2472.089,2939.6748
2007-05-17 11:00:00,2402.666,2689.2998,3484.7344,2472.089,2939.6748
2007-05-17 12:00:00,2402.666,2689.2998,3484.7344,2472.089,2939.6748
2007-05-17 13:00:00,2402.666,2689.2998,3484.7344,2472.089,2939.6748
2007-05-17 14:00:00,2402.666,2689.2998,3484.7344,2472.089,2939.6748
2007-05-17 15:00:00,2402.666,2689.2998,3484.7344,2472.089,2939.6748
2007-05-17 16:00:00,2402.666,2689.2998,3484.7344,2472.089,2939.6748
2007-05-17 17:00:00,2402.666,2689.2998,3484.7344,2472.089,2939.6748
2007-05-17 18:00:00,2402.666,2689.2998,3484.7344,2472.089,2939.6748
2007-05-17 19:00:00,2402.666,2689.2998,3484.7344,2472.089,2939.6748
2007-05-17 20:00:00,2402.666,2689.2998,3484.7344,2472.089,2939.6748
2007-05-17 21:00:00,2402.666,2689.2998,3484.7344,2472.089,2939.6748
2007-05-17 22:00:00,2402.666,2689.2998,3484.7344,2472.089,2939.6748
2007-05-17 23:00:00,2402.666,2689.2998,3484.7344,2472.089,2939.6748
2007-05-18 00:00:00,2402.666,2689.2998,3484.7344,2472.089,2939.6748
2007-05-18 01:00:00,2402.666,2689.2998,3484.7344,2472.089,2939.6748
2007-05-18 02:00:00,2402.666,2689.2998,3484.7344,2472.089,2939.6748
2007-05-18 03:00:00,2402.666,2689.2998,3484.7344,2472.089,2939.6748
2007-05-18 04:00:00,2402.666,2689.2998,3484.7344,2472.089,2939.6858
2007-05-18 05:00:00,2402.666,2689.2998,3485.155,2472.089,2939.7227
2007-05-18 06:00:00,2403.138,2689.3235,3485.9512,2472.089,2939.7327
2007-05-18 07:00:00,2403.3855,2689.7988,3486.735,2472.58,2940.0093
2007-05-18 08:00:00,2403.6875,2689.8362,3488.3306,2473.328,2940.0823
2007-05-18 09:00:00,2404.2378,2690.4727,3488.4253,2474.2673,2940.1763
2007-05-18 10:00:00,2405.3728,2691.2566,3488.5913,2476.0757,2940.3044
2007-05-18 11:00:00,2406.5183,2693.335,3488.6912,2477.1326,2940.7214
2007-05-18 12:00:00,2408.2827,2694.997,3488.9697,2477.9001,2941.1714
2007-05-18 13:00:00,2409.8242,2695.7214,3489.2192,2479.3462,2941.6423
2007-05-18 14:00:00,2411.9233,2696.96,3489.5327,2480.57,2943.2344
2007-05-18 15:00:00,2413.6946,2699.4429,3490.264,2482.47,2945.0227
2007-05-18 16:00:00,2416.0298,2700.4202,3490.9736,2483.9358,2948.5166
2007-05-18 17:00:00,2418.7651,2701.109,3491.327,2485.927,2951.7734
2007-05-18 18:00:00,2419.0833,2701.34,3491.8506,2486.5298,2955.7632
2007-05-18 19:00:00,2419.4297,2701.356,3491.9573,2487.098,2956.2595
2007-05-18 20:00:00,2420.3386,2701.9639,3492.2412,2487.5898,2958.7932
2007-05-18 21:00:00,2420.358,2703.148,3493.6206,2487.5967,2959.7712
2007-05-18 22:00:00,2420.358,2703.353,3499.1326,2487.7297,2959.9412
2007-05-18 23:00:00,2420.484,2703.446,3499.6794,2487.7617,2960.1174
2007-05-19 00:00:00,2421.0872,2704.6748,3499.75,2488.2322,2960.1238
2007-05-19 01:00:00,2421.2808,2706.2222,3499.75,2488.3333,2960.1238
2007-05-19 02:00:00,2421.7031,2706.259,3499.75,2488.3572,2960.1238
2007-05-19 03:00:00,2421.802,2706.259,3499.7776,2488.373,2960.1238
2007-05-19 04:00:00,2421.917,2706.401,3499.7776,2488.52,2960.1238
2007-05-19 05:00:00,2422.2368,2706.4426,3499.7776,2488.6587,2960.2266
2007-05-19 06:00:00,2422.8906,2706.543,3500.296,2489.44,2960.7014
2007-05-19 07:00:00,2423.4148,2706.917,3501.4673,2489.9075,2961.4102
2007-05-19 08:00:00,2423.6418,2706.917,3501.9482,2489.9626,2961.8086
2007-05-19 09:00:00,2423.773,2706.9678,3502.4895,2489.9626,2961.8574
2007-05-19 10:00:00,2424.0037,2708.0625,3502.8389,2490.1492,2961.9072
2007-05-19 11:00:00,2424.0413,2708.0625,3503.0173,2490.159,2961.9072
2007-05-19 12:00:00,2424.1697,2709.4768,3503.712,2490.2405,2962.1628
2007-05-19 13:00:00,2424.3555,2710.0308,3504.6343,2491.0386,2963.0532
2007-05-19 14:00:00,2425.5642,2710.2932,3505.0278,2491.7908,2963.107
2007-05-19 15:00:00,2425.8154,2710.2932,3505.0278,2492.0632,2963.107
2007-05-19 16:00:00,2425.8154,2710.2932,3505.167,2492.0632,2963.107
2007-05-19 17:00:00,2426.3855,2710.2932,3506.6616,2492.5295,2963.2454
2007-05-19 18:00:00,2427.119,2710.6926,3507.3005,2493.1584,2964.9717
2007-05-19 19:00:00,2427.7896,2711.831,3508.6428,2493.914,2966.1904
2007-05-19 20:00:00,2428.5786,2712.791,3508.9343,2495.0027,2966.4763
2007-05-19 21:00:00,2428.9412,2712.791,3509.5017,2495.3867,2968.1594
2007-05-19 22:00:00,2429.0698,2713.7117,3511.3286,2495.4158,2970.4973
2007-05-19 23:00:00,2429.8677,2714.523,3514.013,2495.5217,2970.4973
2007-05-20 00:00:00,2431.287,2715.8418,3515.2524,2500.562,2970.5813
2007-05-20 01:00:00,2431.3208,2716.0864,3516.766,2502.146,2970.7676
2007-05-20 02:00:00,2431.5054,2716.368,3517.5264,2502.688,2970.979
2007-05-20 03:00:00,2431.5647,2716.6448,3518.2668,2503.0347,2971.1382
2007-05-20 04:00:00,2431.636,2717.0923,3518.667,2503.5178,2971.6575
2007-05-20 05:00:00,2431.683,2717.4148,3521.4072,2504.0435,2973.5903
2007-05-20 06:00:00,2432.1199,2719.0786,3525.471,2506.098,2975.1973
2007-05-20 07:00:00,2432.8462,2719.6018,3525.72,2508.4878,2975.2173
2007-05-20 08:00:00,2433.4055,2720.5518,3525.9019,2509.4502,2975.2793
2007-05-20 09:00:00,2433.7983,2720.7458,3526.6792,2509.8267,2975.5073
2007-05-20 10:00:00,2433.945,2720.8264,3529.7617,2509.8953,2976.24
2007-05-20 11:00:00,2434.0483,2720.8513,3532.4534,2509.9402,2976.736
2007-05-20 12:00:00,2434.3025,2721.4102,3536.16,2510.3694,2977.3325
2007-05-20 13:00:00,2434.5337,2721.5042,3539.8281,2510.6726,2977.6953
2007-05-20 14:00:00,2434.5405,2721.623,3539.9998,2510.7615,2977.6953
2007-05-20 15:00:00,2434.9094,2722.1306,3540.2847,2511.1,2977.6953
2007-05-20 16:00:00,2435.2075,2722.2278,3540.8262,2512.7195,2977.6953
2007-05-20 17:00:00,2435.8403,2722.3352,3542.2285,2512.7195,2977.8528
2007-05-20 18:00:00,2435.9736,2722.3352,3543.4868,2512.7195,2977.9697
2007-05-20 19:00:00,2435.9736,2722.3352,3543.9885,2512.9375,2977.9697
2007-05-20 20:00:00,2436.1243,2722.3352,3544.353,2513.2869,2978.1777
2007-05-20 21:00:00,2436.1243,2722.3352,3544.8188,2513.463,2978.1777
2007-05-20 22:00:00,2436.1243,2722.3352,3544.8188,2513.524,2978.1777
2007-05-20 23:00:00,2436.1243,2722.3352,3544.8188,2513.524,2978.1777
2007-05-21 00:00:00,2436.1243,2722.3352,3544.8188,2513.5469,2978.1777
2007-05-21 01:00:00,2436.1243,2722.3352,3544.8188,2513.5469,2978.1777
2007-05-21 02:00:00,2436.162,2722.351,3544.8298,2513.5469,2978.5452
2007-05-21 03:00:00,2436.2676,2722.4626,3544.8655,2513.5469,2978.5957
2007-05-21 04:00:00,2436.3176,2722.4626,3544.9263,2513.5469,2978.7815
2007-05-21 05:00:00,2436.3213,2722.4626,3544.9856,2513.5469,2978.9243
2007-05-21 06:00:00,2436.3455,2722.4626,3544.9856,2513.5469,2978.9243
2007-05-21 07:00:00,2436.3455,2722.4626,3544.9856,2513.5469,2978.9243
2007-05-21 08:00:00,2436.3455,2722.4626,3544.9856,2513.5469,2978.9243
2007-05-21 09:00:00,2436.3455,2722.4626,3544.9856,2513.5469,2978.9243
2007-05-21 10:00:00,2436.3455,2722.4626,3544.9856,2513.5469,2978.9243
2007-05-21 11:00:00,2436.3455,2722.4626,3544.9856,2513.5469,2978.9243
2007-05-21 12:00:00,2436.3455,2722.4626,3544.9856,2513.5469,2978.9243
2007-05-21 13:00:00,2436.3455,2722.4626,3544.9856,2513.5469,2978.9243
2007-05-21 14:00:00,2436.3455,2722.4626,3544.9856,2513.5469,2978.9243
2007-05-21 15:00:00,2436.3455,2722.4626,3544.9856,2513.5469,2978.9243
2007-05-21 16:00:00,2436.3455,2722.4626,3544.9856,2513.5469,2978.9243
2007-05-21 17:00:00,2436.3455,2722.4626,3544.9856,2513.5469,2978.9243
2007-05-21 18:00:00,2436.3455,2722.4626,3544.9856,2513.5469,2978.9243
2007-05-21 19:00:00,2436.3455,2722.4626,3544.9856,2513.5469,2978.9243
2007-05-21 20:00:00,2436.3455,2722.4626,3544.9856,2513.5469,2978.9243
2007-05-21 21:00:00,2436.3455,2722.4626,3544.9856,2513.5469,2978.9243
2007-05-21 22:00:00,2436.3455,2722.4626,3544.9856,2513.5469,2978.9243
2007-05-21 23:00:00,2436.3455,2722.4626,3544.9856,2513.5469,2978.9243
2007-05-22 00:00:00,2436.3455,2722.4626,3544.9856,2513.5469,2978.9243
2007-05-22 01:00:00,2436.3455,2722.4626,3544.9856,2513.5469,2978.9243
2007-05-22 02:00:00,2436.3455,2722.4626,3544.9856,2513.5469,2978.9243
2007-05-22 03:00:00,2436.3455,2722.4626,3544.9856,2513.5469,2978.9243
2007-05-22 04:00:00,2436.3455,2722.4626,3544.9856,2513.5469,2978.9243
2007-05-22 05:00:00,2436.3455,2722.4626,3544.9856,2513.5469,2978.9243
2007-05-22 06:00:00,2436.3455,2722.4626,3544.9856,2513.5469,2978.9243
2007-05-22 07:00:00,2436.3455,2722.4626,3544.9856,2513.5469,2978.9243
2007-05-22 08:00:00,2436.3455,2722.4626,3544.9856,2513.5469,2978.9243
2007-05-22 09:00:00,2436.3455,2722.4626,3544.9856,2513.5469,2978.9243
2007-05-22 10:00:00,2436.3455,2722.4626,3544.9856,2513.5469,2979.139
2007-05-22 11:00:00,2436.3455,2722.511,3545.0576,2513.5933,2980.493
2007-05-22 12:00:00,2436.4282,2723.6746,3546.9988,2514.2505,2983.3057
2007-05-22 13:00:00,2437.1313,2724.058,3548.2024,2514.9104,2984.3142
2007-05-22 14:00:00,2437.1826,2724.0874,3548.2627,2514.9236,2985.649
2007-05-22 15:00:00,2437.1826,2724.1753,3548.3784,2514.9236,2986.4182
2007-05-22 16:00:00,2437.2825,2724.2146,3549.8037,2515.0125,2987.5022
2007-05-22 17:00:00,2437.5442,2724.2673,3550.1245,2515.0125,2987.5237
2007-05-22 18:00:00,2437.56,2724.4177,3553.5479,2515.2441,2990.9243
2007-05-22 19:00:00,2437.6243,2725.473,3555.6592,2516.0562,2994.3416
2007-05-22 20:00:00,2437.655,2726.095,3555.9424,2516.906,2996.6384
2007-05-22 21:00:00,2437.705,2726.265,3557.4658,2517.0771,3000.2937
2007-05-22 22:00:00,2438.6455,2726.631,3557.681,2518.8308,3001.299
2007-05-22 23:00:00,2439.1287,2726.662,3557.8662,2518.8308,3001.299
2007-05-23 00:00:00,2439.1287,2726.7302,3558.8452,2518.916,3001.3337
2007-05-23 01:00:00,2439.212,2726.9187,3561.982,2519.0562,3005.181
2007-05-23 02:00:00,2439.8042,2727.1963,3563.105,2519.15,3008.1282
2007-05-23 03:00:00,2441.17,2727.8105,3563.7295,2519.4548,3008.5686
2007-05-23 04:00:00,2441.4377,2727.837,3564.0205,2519.4814,3008.7715
2007-05-23 05:00:00,2441.8188,2728.1,3564.0295,2519.8494,3008.8494
2007-05-23 06:00:00,2441.8398,2728.2327,3564.8057,2520.1003,3009.5
2007-05-23 07:00:00,2441.8694,2728.6316,3566.3499,2520.4973,3010.7268
2007-05-23 08:00:00,2441.983,2728.679,3569.6309,2521.1382,3012.7742
2007-05-23 09:00:00,2442.1353,2728.7695,3571.8203,2521.323,3013.2463
2007-05-23 10:00:00,2442.547,2728.9373,3572.4993,2521.4924,3014.271
2007-05-23 11:00:00,2442.9192,2729.0952,3573.84,2521.9707,3015.4434
2007-05-23 12:00:00,2443.6301,2729.1714,3575.1272,2522.149,3015.9365
2007-05-23 13:00:00,2443.6736,2729.79,3577.1667,2523.4976,3016.366
2007-05-23 14:00:00,2444.2566,2730.9058,3580.708,2525.506,3016.6833
2007-05-23 15:00:00,2444.531,2732.3435,3584.294,2527.2075,3017.3481
2007-05-23 16:00:00,2444.9207,2733.8967,3587.999,2528.003,3017.8386
2007-05-23 17:00:00,2445.6235,2735.2832,3592.3066,2528.8901,3018.8162
2007-05-23 18:00:00,2446.1174,2738.5994,3595.797,2531.1511,3019.6982
2007-05-23 19:00:00,2446.9473,2739.4424,3600.8137,2534.1921,3019.8674
2007-05-23 20:00:00,2447.8293,2739.4458,3603.3787,2534.54,3020.1072
2007-05-23 21:00:00,2447.9502,2739.4802,3603.3958,2534.7036,3020.1072
2007-05-23 22:00:00,2447.9502,2740.1943,3603.4048,2535.1392,3020.226
2007-05-23 23:00:00,2447.9553,2740.275,3603.5986,2535.2544,3020.5647
2007-05-24 00:00:00,2448.0835,2741.0022,3604.2534,2535.6675,3021.005
2007-05-24 01:00:00,2448.8958,2742.2612,3607.196,2537.0752,3022.337
2007-05-24 02:00:00,2450.4507,2742.6936,3608.9175,2538.7605,3022.9717
2007-05-24 03:00:00,2451.569,2742.8772,3611.2825,2541.0,3023.4758
2007-05-24 04:00:00,2451.6133,2742.895,3612.4377,2543.229,3023.6265
2007-05-24 05:00:00,2451.6653,2742.895,3616.7085,2543.3157,3023.7014
2007-05-24 06:00:00,2451.7634,2743.2454,3619.1047,2543.6436,3023.7275
2007-05-24 07:00:00,2452.1882,2743.435,3620.8804,2544.504,3024.5334
2007-05-24 08:00:00,2452.2412,2743.698,3621.4238,2545.4333,3024.944
2007-05-24 09:00:00,2452.2412,2743.9238,3621.7131,2546.6104,3025.0105
2007-05-24 10:00:00,2452.2505,2743.9446,3622.3633,2547.6912,3025.1123
2007-05-24 11:00:00,2452.2996,2744.2935,3623.7112,2547.9563,3026.6145
2007-05-24 12:00:00,2452.6006,2744.6213,3624.8936,2548.1206,3027.2256
2007-05-24 13:00:00,2453.526,2744.9707,3625.9905,2548.59,3027.9336
2007-05-24 14:00:00,2454.186,2745.481,3626.76,2549.1414,3028.4126
2007-05-24 15:00:00,2455.2417,2746.8037,3626.994,2550.3862,3029.143
2007-05-24 16:00:00,2455.791,2748.402,3627.2488,2552.051,3029.8877
2007-05-24 17:00:00,2455.954,2749.9722,3627.389,2553.144,3030.3662
2007-05-24 18:00:00,2456.0562,2751.704,3627.4236,2554.8252,3030.9456
2007-05-24 19:00:00,2456.063,2752.2307,3627.4236,2555.138,3030.9827
2007-05-24 20:00:00,2456.8147,2752.25,3629.0154,2555.157,3031.7122
2007-05-24 21:00:00,2457.053,2752.363,3629.248,2555.157,3031.7122
2007-05-24 22:00:00,2457.2512,2753.0051,3629.248,2555.6282,3031.7122
2007-05-24 23:00:00,2458.0305,2753.7642,3629.2534,2556.5789,3031.7122
2007-05-25 00:00:00,2458.379,2753.919,3629.2534,2556.9583,3031.7122
2007-05-25 01:00:00,2458.379,2753.919,3629.2534,2556.9922,3031.7122
2007-05-25 02:00:00,2458.379,2754.0254,3629.2534,2556.9922,3031.7185
2007-05-25 03:00:00,2458.8088,2755.2778,3629.5452,2557.8276,3032.3062
2007-05-25 04:00:00,2459.8154,2756.0781,3630.0005,2558.9065,3032.8687
2007-05-25 05:00:00,2460.4065,2756.8833,3630.502,2559.4246,3033.2214
2007-05-25 06:00:00,2461.0298,2756.886,3630.7637,2559.562,3033.2214
2007-05-25 07:00:00,2461.0427,2756.9832,3631.882,2559.8235,3034.137
2007-05-25 08:00:00,2461.47,2756.9958,3632.4395,2559.9348,3034.7708
2007-05-25 09:00:00,2461.47,2756.9958,3632.997,2559.952,3035.8723
2007-05-25 10:00:00,2461.484,2756.9958,3633.9065,2560.0303,3036.003
2007-05-25 11:00:00,2461.4956,2757.3452,3634.1863,2560.0781,3036.1646
2007-05-25 12:00:00,2461.4956,2757.6086,3635.5347,2560.2017,3036.7024
2007-05-25 13:00:00,2461.4956,2757.6343,3636.7424,2560.2017,3036.9236
2007-05-25 14:00:00,2461.4956,2757.6343,3638.1055,2560.2017,3036.973
2007-05-25 15:00:00,2461.4956,2757.6343,3638.3667,2560.2017,3037.6094
2007-05-25 16:00:00,2461.594,2757.6343,3638.8696,2560.2017,3038.6313
2007-05-25 17:00:00,2461.5972,2757.9365,3639.3643,2560.2275,3039.1018
2007-05-25 18:00:00,2461.5972,2758.0444,3639.4507,2560.6191,3039.1328
2007-05-25 19:00:00,2461.5972,2758.0947,3639.4644,2560.6191,3039.1328
2007-05-25 20:00:00,2461.5972,2758.1086,3639.4644,2560.6191,3039.906
2007-05-25 21:00:00,2461.5972,2758.1086,3639.6482,2560.6191,3040.3105
2007-05-25 22:00:00,2461.5972,2758.1086,3639.6482,2560.6191,3040.3105
2007-05-25 23:00:00,2461.5972,2758.2449,3639.6482,2560.6191,3040.363
2007-05-26 00:00:00,2461.5972,2758.4106,3639.6482,2560.6694,3040.4246
2007-05-26 01:00:00,2461.5972,2758.4106,3639.6482,2560.6694,3040.4385
2007-05-26 02:00:00,2461.5972,2758.4106,3639.6482,2560.6694,3040.4514
2007-05-26 03:00:00,2461.5972,2758.4106,3639.6482,2560.6694,3040.4514
2007-05-26 04:00:00,2461.5972,2758.4106,3639.6482,2560.6694,3040.4514
2007-05-26 05:00:00,2461.5972,2758.4106,3639.6482,2560.6694,3040.4514
2007-05-26 06:00:00,2461.5972,2758.4106,3639.6482,2560.6694,3040.4514
2007-05-26 07:00:00,2461.5972,2758.4106,3639.6482,2560.6694,3040.4514
2007-05-26 08:00:00,2461.5972,2758.4282,3639.6482,2560.6694,3040.4958
2007-05-26 09:00:00,2461.5972,2758.6733,3639.6482,2560.6694,3040.9421
2007-05-26 10:00:00,2461.5972,2759.761,3640.4832,2561.0547,3043.157
2007-05-26 11:00:00,2462.3457,2759.8503,3640.718,2562.3518,3043.157
2007-05-26 12:00:00,2462.377,2759.8503,3640.78,2562.3518,3043.2969
2007-05-26 13:00:00,2462.377,2759.908,3641.1763,2562.391,3043.5063
2007-05-26 14:00:00,2462.6104,2759.908,3641.2922,2562.4373,3043.6274
2007-05-26 15:00:00,2462.806,2759.908,3641.786,2562.4717,3043.8997
2007-05-26 16:00:00,2463.0178,2759.9768,3642.2336,2562.5417,3043.8997
2007-05-26 17:00:00,2463.245,2760.2568,3642.3564,2562.798,3043.8997
2007-05-26 18:00:00,2463.3123,2760.4834,3642.5457,2563.091,3043.8997
2007-05-26 19:00:00,2463.4714,2760.4834,3642.7034,2563.091,3044.0935
2007-05-26 20:00:00,2463.4714,2761.2869,3642.8938,2563.4294,3044.0935
2007-05-26 21:00:00,2463.4714,2761.2869,3642.9038,2563.7188,3044.0935
2007-05-26 22:00:00,2463.4714,2761.3086,3642.9268,2564.108,3044.1943
2007-05-26 23:00:00,2463.4714,2761.728,3643.0388,2564.6733,3045.2495
2007-05-27 00:00:00,2463.5847,2762.0642,3644.0803,2564.6733,3046.4648
2007-05-27 01:00:00,2463.5847,2762.792,3644.942,2564.6733,3047.075
2007-05-27 02:00:00,2463.6372,2762.916,3644.952,2564.6733,3047.1023
2007-05-27 03:00:00,2463.6372,2762.916,3644.952,2564.6733,3047.2808
2007-05-27 04:00:00,2463.6372,2762.916,3644.952,2564.6733,3047.4578
2007-05-27 05:00:00,2463.6372,2762.916,3644.952,2564.6733,3047.4578
2007-05-27 06:00:00,2463.6372,2762.916,3644.952,2564.6733,3047.4578
2007-05-27 07:00:00,2463.6372,2762.916,3644.952,2564.6733,3047.4578
2007-05-27 08:00:00,2463.6372,2762.916,3644.952,2564.6733,3047.4578
2007-05-27 09:00:00,2463.6372,2762.916,3644.952,2564.6733,3047.4578
2007-05-27 10:00:00,2463.6372,2762.916,3644.952,2564.6733,3047.4578
2007-05-27 11:00:00,2463.6372,2762.916,3644.952,2564.6733,3047.4578
2007-05-27 12:00:00,2463.6372,2762.916,3644.952,2564.6733,3047.4578
2007-05-27 13:00:00,2463.6372,2762.916,3644.952,2564.6733,3047.4578
2007-05-27 14:00:00,2463.6372,2762.916,3644.952,2564.6733,3047.4578
2007-05-27 15:00:00,2463.6372,2762.916,3644.952,2564.6733,3047.4578
2007-05-27 16:00:00,2463.6372,2762.916,3644.952,2564.6733,3047.4578
2007-05-27 17:00:00,2463.6372,2762.916,3644.952,2564.6733,3047.4578
2007-05-27 18:00:00,2463.6372,2762.916,3644.952,2564.6733,3047.4578
2007-05-27 19:00:00,2463.6372,2762.916,3644.952,2564.6733,3047.4578
2007-05-27 20:00:00,2463.6372,2762.916,3644.952,2564.6733,3047.4578
2007-05-27 21:00:00,2463.6372,2762.916,3644.952,2564.6733,3047.4578
2007-05-27 22:00:00,2463.6372,2762.916,3644.952,2564.6733,3047.4578
2007-05-27 23:00:00,2463.6372,2762.916,3644.952,2564.6733,3047.4578
2007-05-28 00:00:00,2463.6372,2762.916,3644.952,2564.6733,3047.4578
2007-05-28 01:00:00,2463.6372,2762.916,3644.952,2564.6733,3047.4578
2007-05-28 02:00:00,2463.6372,2762.916,3644.952,2564.6733,3047.4578
2007-05-28 03:00:00,2463.6372,2762.916,3644.952,2564.7246,3047.4578
2007-05-28 04:00:00,2463.6372,2763.0144,3644.952,2564.7256,3047.4578
2007-05-28 05:00:00,2463.6372,2763.0317,3644.952,2564.7256,3047.4578
2007-05-28 06:00:00,2463.6372,2763.2212,3644.952,2564.7256,3047.4578
2007-05-28 07:00:00,2463.6372,2763.3882,3644.952,2564.7256,3047.4578
2007-05-28 08:00:00,2463.6372,2763.3882,3644.952,2564.7256,3047.4578
2007-05-28 09:00:00,2463.6372,2763.3882,3644.952,2564.7256,3047.4578
2007-05-28 10:00:00,2463.6372,2763.3882,3644.952,2564.7256,3047.4578
2007-05-28 11:00:00,2463.6372,2763.3882,3644.952,2564.7256,3047.4578
2007-05-28 12:00:00,2463.6372,2763.3882,3644.952,2564.7256,3047.4578
2007-05-28 13:00:00,2463.6372,2763.3882,3644.952,2564.7256,3047.4578
2007-05-28 14:00:00,2463.6372,2763.3882,3644.952,2564.7256,3047.4578
2007-05-28 15:00:00,2463.6372,2763.3882,3644.952,2564.7256,3047.4578
2007-05-28 16:00:00,2463.6372,2763.3882,3644.952,2564.7256,3047.4578
2007-05-28 17:00:00,2463.6372,2763.3882,3644.952,2564.7256,3047.4578
2007-05-28 18:00:00,2463.6372,2763.3882,3644.952,2564.7256,3047.4578
2007-05-28 19:00:00,2463.6372,2763.3882,3644.952,2564.7256,3047.4578
2007-05-28 20:00:00,2463.6372,2763.3882,3644.952,2564.7256,3047.4578
2007-05-28 21:00:00,2463.6372,2763.3882,3644.952,2564.7256,3047.4578
2007-05-28 22:00:00,2463.6372,2763.3882,3644.952,2564.7256,3047.4578
2007-05-28 23:00:00,2463.6372,2763.3882,3644.952,2564.7256,3047.4578
2007-05-29 00:00:00,2463.6372,2763.3882,3645.032,2564.7932,3047.4578
2007-05-29 01:00:00,2463.6372,2763.3882,3645.0886,2564.8303,3047.6428
2007-05-29 02:00:00,2463.6372,2763.3882,3645.3386,2564.8499,3048.5845
2007-05-29 03:00:00,2463.6372,2763.3882,3645.5635,2564.8499,3049.0212
2007-05-29 04:00:00,2463.6372,2763.3882,3645.5635,2564.8499,3049.5256
2007-05-29 05:00:00,2463.6372,2763.3882,3645.5635,2564.8499,3049.7625
2007-05-29 06:00:00,2463.6372,2765.6084,3645.5635,2564.8499,3049.7625
2007-05-29 07:00:00,2463.6372,2766.3342,3645.5635,2564.8499,3049.8386
2007-05-29 08:00:00,2463.6372,2766.3342,3645.5635,2564.8499,3049.8386
2007-05-29 09:00:00,2463.6372,2766.3342,3645.5635,2564.8499,3049.8386
2007-05-29 10:00:00,2463.6372,2766.3342,3645.5635,2564.8499,3049.8386
2007-05-29 11:00:00,2463.6372,2766.3342,3645.5635,2564.8499,3049.8386
2007-05-29 12:00:00,2463.781,2766.3342,3645.5635,2564.8499,3049.8386
2007-05-29 13:00:00,2463.849,2766.3342,3645.5635,2564.8499,3049.8386
2007-05-29 14:00:00,2463.849,2766.3342,3645.5635,2564.8499,3049.8386
2007-05-29 15:00:00,2463.849,2766.3342,3645.5635,2564.8499,3049.8386
2007-05-29 16:00:00,2463.849,2766.3342,3645.5635,2564.8499,3049.8386
2007-05-29 17:00:00,2463.849,2766.3342,3645.5635,2564.8499,3049.8386
2007-05-29 18:00:00,2463.849,2766.3342,3645.5635,2564.8499,3049.8386
2007-05-29 19:00:00,2463.849,2766.3342,3645.5635,2564.8499,3049.8386
2007-05-29 20:00:00,2463.849,2766.3342,3645.5635,2564.8499,3049.8386
2007-05-29 21:00:00,2463.849,2766.3342,3645.5635,2564.8499,3049.8386
2007-05-29 22:00:00,2463.849,2766.3342,3645.5635,2564.8499,3049.8386
2007-05-29 23:00:00,2463.849,2766.3342,3645.5635,2564.8499,3049.8386
2007-05-30 00:00:00,2463.849,2766.3342,3645.5635,2564.8499,3049.8386
2007-05-30 01:00:00,2463.849,2766.3342,3645.5635,2564.8499,3049.8386
2007-05-30 02:00:00,2463.849,2766.3342,3645.5635,2564.8499,3049.8386
2007-05-30 03:00:00,2463.849,2766.3342,3645.5635,2564.8499,3049.8386
2007-05-30 04:00:00,2463.849,2766.3342,3645.5635,2564.8499,3049.8386
2007-05-30 05:00:00,2463.849,2766.3342,3645.5635,2564.8499,3049.8386
2007-05-30 06:00:00,2463.849,2766.3342,3645.5635,2564.8499,3049.8386
2007-05-30 07:00:00,2463.849,2766.3342,3645.5635,2564.8499,3049.8386
2007-05-30 08:00:00,2463.849,2766.3342,3645.5635,2564.8499,3049.8386
2007-05-30 09:00:00,2463.849,2766.3342,3645.5635,2564.8499,3049.8386
2007-05-30 10:00:00,2463.849,2766.3342,3645.5635,2564.8499,3049.8386
2007-05-30 11:00:00,2463.849,2766.3342,3645.5635,2564.8499,3049.8386
2007-05-30 12:00:00,2463.849,2766.3342,3645.5635,2564.8499,3049.8386
2007-05-30 13:00:00,2463.849,2766.3342,3645.5635,2564.8499,3049.8386
2007-05-30 14:00:00,2463.849,2766.3767,3645.5635,2564.8499,3049.9731
2007-05-30 15:00:00,2463.849,2766.3767,3645.6978,2564.8499,3051.157
2007-05-30 16:00:00,2463.849,2767.2395,3645.8513,2564.938,3051.5935
2007-05-30 17:00:00,2463.849,2769.4739,3646.6345,2564.9841,3052.3154
2007-05-30 18:00:00,2463.9106,2771.2302,3647.674,2564.9841,3053.6687
2007-05-30 19:00:00,2464.7166,2772.902,3649.1626,2565.255,3055.6553
2007-05-30 20:00:00,2465.3447,2773.8623,3650.5967,2566.1465,3056.3455
2007-05-30 21:00:00,2465.5835,2773.9941,3651.041,2566.2427,3056.6333
2007-05-30 22:00:00,2465.7087,2773.9941,3651.2188,2566.2866,3056.6677
2007-05-30 23:00:00,2465.8552,2773.9941,3651.2827,2566.2866,3056.6677
2007-05-31 00:00:00,2465.897,2773.9941,3651.4292,2566.3345,3056.6677
2007-05-31 01:00:00,2465.967,2773.9941,3651.5757,2566.4675,3056.6677
2007-05-31 02:00:00,2465.9941,2773.9941,3651.9631,2566.4675,3056.6677
2007-05-31 03:00:00,2465.9941,2773.9941,3651.9631,2566.4675,3056.6677
2007-05-31 04:00:00,2467.4424,2773.9941,3651.964,2566.517,3056.6677
2007-05-31 05:00:00,2468.058,2773.9941,3652.2078,2566.6523,3056.6677
2007-05-31 06:00:00,2468.4897,2774.0544,3652.222,2567.8206,3056.7156
2007-05-31 07:00:00,2468.4897,2774.0544,3652.2551,2567.8206,3056.815
2007-05-31 08:00:00,2468.4897,2774.25,3652.2551,2567.8206,3056.815
2007-05-31 09:00:00,2468.4897,2774.7283,3652.2551,2567.8206,3056.815
2007-05-31 10:00:00,2468.5093,2774.9663,3652.2551,2567.8567,3056.815
2007-05-31 11:00:00,2468.8098,2775.8645,3652.2852,2567.9004,3056.815
2007-05-31 12:00:00,2468.8462,2776.0706,3652.2852,2567.9004,3056.815
2007-05-31 13:00:00,2468.8462,2776.0706,3652.2852,2567.9004,3056.815
2007-05-31 14:00:00,2468.8462,2776.0706,3652.2852,2567.9004,3056.815
2007-05-31 15:00:00,2468.8462,2776.0706,3652.2852,2567.9004,3056.815
2007-05-31 16:00:00,2468.8462,2776.0706,3652.2852,2567.9004,3056.815
2007-05-31 17:00:00,2468.8462,2776.0706,3652.2852,2567.9004,3056.815
2007-05-31 18:00:00,2468.8462,2776.0706,3652.2852,2567.9004,3056.815
2007-05-31 19:00:00,2468.8462,2776.0706,3652.2852,2567.9004,3056.815
2007-05-31 20:00:00,2468.8462,2776.0706,3652.2852,2567.9004,3056.815
2007-05-31 21:00:00,2468.8462,2776.0706,3652.2852,2567.9004,3056.815
2007-05-31 22:00:00,2468.8462,2776.0706,3652.2852,2567.9004,3056.815
2007-05-31 23:00:00,2468.8462,2776.0706,3652.2852,2567.9004,3056.815
2007-06-01 00:00:00,2468.8462,2776.0706,3652.2852,2567.9004,3056.815
2007-06-01 01:00:00,2468.8462,2776.0706,3652.2852,2567.9004,3056.815
2007-06-01 02:00:00,2468.8923,2776.0706,3652.2852,2567.9387,3056.815
2007-06-01 03:00:00,2469.9895,2776.0967,3652.311,2569.0261,3056.815
2007-06-01 04:00:00,2473.132,2777.4363,3654.2168,2572.6765,3058.3752
2007-06-01 05:00:00,2475.4512,2779.5286,3655.0684,2573.6426,3061.2827
2007-06-01 06:00:00,2477.0134,2780.7747,3655.1064,2574.5444,3061.6824
2007-06-01 07:00:00,2478.4102,2781.1626,3655.1064,2574.9392,3061.778
2007-06-01 08:00:00,2479.2212,2781.5269,3655.1064,2575.1062,3061.778
2007-06-01 09:00:00,2480.4246,2781.817,3655.1064,2575.4307,3061.901
2007-06-01 10:00:00,2482.5696,2782.4292,3655.1064,2576.1199,3062.1567
2007-06-01 11:00:00,2484.1267,2783.3186,3655.1064,2576.6477,3062.6118
2007-06-01 12:00:00,2484.831,2784.2373,3655.1064,2576.947,3063.062
2007-06-01 13:00:00,2485.7185,2784.7358,3655.1064,2577.0525,3063.4795
2007-06-01 14:00:00,2486.2415,2784.9612,3655.1064,2577.2583,3063.839
2007-06-01 15:00:00,2486.3052,2785.6414,3655.1064,2577.5947,3064.1855
2007-06-01 16:00:00,2486.421,2785.9521,3655.115,2578.4878,3064.3137
2007-06-01 17:00:00,2487.6492,2785.9521,3655.115,2578.99,3064.3137
2007-06-01 18:00:00,2488.8894,2786.0234,3655.115,2579.804,3064.3137
2007-06-01 19:00:00,2489.5833,2786.0737,3655.115,2580.8396,3064.3137
2007-06-01 20:00:00,2489.7026,2786.0737,3655.115,2581.2761,3064.3748
2007-06-01 21:00:00,2489.7026,2786.0737,3655.521,2581.3965,3064.3748
2007-06-01 22:00:00,2489.8945,2786.0737,3655.521,2581.4902,3064.3748
2007-06-01 23:00:00,2489.9385,2786.0737,3655.521,2581.4902,3064.3748
2007-06-02 00:00:00,2489.9385,2786.0737,3655.521,2581.4902,3064.3748
2007-06-02 01:00:00,2489.9385,2786.0737,3655.521,2581.4902,3064.3748
2007-06-02 02:00:00,2489.9385,2786.0737,3655.521,2581.4902,3064.3748
2007-06-02 03:00:00,2489.9385,2786.0737,3655.521,2581.4902,3064.3748
2007-06-02 04:00:00,2489.9385,2786.0737,3655.521,2581.4902,3064.3748
2007-06-02 05:00:00,2489.9385,2786.0737,3655.521,2581.4902,3064.3748
2007-06-02 06:00:00,2489.9385,2786.0737,3655.521,2581.4902,3064.3748
2007-06-02 07:00:00,2489.9385,2786.0737,3655.521,2581.4902,3064.3748
2007-06-02 08:00:00,2489.9385,2786.0737,3655.521,2581.4902,3064.3748
2007-06-02 09:00:00,2489.9712,2786.0737,3655.521,2581.4902,3064.3748
2007-06-02 10:00:00,2489.9712,2786.0737,3655.521,2581.4902,3064.3748
2007-06-02 11:00:00,2489.9712,2786.0737,3655.521,2581.4902,3064.3748
2007-06-02 12:00:00,2489.9712,2786.0737,3655.521,2581.4902,3064.3748
2007-06-02 13:00:00,2489.9712,2786.0737,3655.521,2581.4902,3064.3748
2007-06-02 14:00:00,2489.9712,2786.0737,3655.521,2581.4902,3064.3748
2007-06-02 15:00:00,2489.9712,2786.0737,3655.521,2581.4902,3064.3748
2007-06-02 16:00:00,2489.9712,2786.0737,3655.521,2581.4902,3064.3748
2007-06-02 17:00:00,2489.9712,2786.0737,3655.521,2581.4902,3064.3748
2007-06-02 18:00:00,2489.9712,2786.0737,3655.521,2581.4902,3064.3748
2007-06-02 19:00:00,2489.9712,2786.0737,3655.521,2581.4902,3064.3748
2007-06-02 20:00:00,2489.9712,2786.0737,3655.521,2581.4902,3064.3748
2007-06-02 21:00:00,2489.9712,2786.0737,3655.521,2581.4902,3064.3748
2007-06-02 22:00:00,2489.9712,2786.0737,3655.521,2581.4902,3064.3748
2007-06-02 23:00:00,2489.9712,2786.0737,3655.521,2581.4902,3064.3748
2007-06-03 00:00:00,2489.9712,2786.0737,3655.521,2581.4902,3064.3748
2007-06-03 01:00:00,2489.9712,2786.0737,3655.521,2581.4902,3064.3748
2007-06-03 02:00:00,2489.9712,2786.0737,3655.521,2581.4902,3064.3748
2007-06-03 03:00:00,2489.9712,2786.0737,3655.521,2581.4902,3064.3748
2007-06-03 04:00:00,2489.9712,2786.0737,3655.521,2581.4902,3064.3748
2007-06-03 05:00:00,2489.9712,2786.0737,3655.521,2581.4902,3064.3748
2007-06-03 06:00:00,2489.9712,2786.0737,3655.521,2581.4902,3064.3748
2007-06-03 07:00:00,2489.9712,2786.0737,3655.521,2581.4902,3064.3748
2007-06-03 08:00:00,2489.9712,2786.0737,3655.521,2581.4902,3064.3748
2007-06-03 09:00:00,2489.9712,2786.0737,3655.521,2581.4902,3064.3748
2007-06-03 10:00:00,2489.9712,2786.0737,3655.521,2581.4902,3064.3748
2007-06-03 11:00:00,2489.9712,2786.0737,3655.521,2581.4902,3064.3748
2007-06-03 12:00:00,2489.9712,2786.0737,3655.521,2581.4902,3064.3748
2007-06-03 13:00:00,2489.9712,2786.0737,3655.521,2581.4902,3064.3748
2007-06-03 14:00:00,2489.9712,2786.0737,3655.521,2581.4902,3064.3748
2007-06-03 15:00:00,2489.9712,2786.0737,3655.521,2581.4902,3064.3748
2007-06-03 16:00:00,2489.9712,2786.0737,3655.521,2581.4902,3064.3748
2007-06-03 17:00:00,2489.9712,2786.0737,3655.521,2581.4902,3064.3748
2007-06-03 18:00:00,2489.9712,2786.0737,3655.521,2581.4902,3064.3748
2007-06-03 19:00:00,2489.9712,2786.0737,3655.521,2581.4902,3064.3748
2007-06-03 20:00:00,2489.9712,2786.0737,3655.521,2581.4902,3064.3748
2007-06-03 21:00:00,2489.9712,2786.0737,3655.521,2581.4902,3064.3748
2007-06-03 22:00:00,2489.9712,2786.0737,3655.521,2581.4902,3064.3748
2007-06-03 23:00:00,2489.9712,2786.0737,3655.521,2581.4902,3064.3748
2007-06-04 00:00:00,2489.9712,2786.0737,3655.521,2581.4902,3064.3748
2007-06-04 01:00:00,2489.9712,2786.0737,3655.521,2581.4902,3064.3748
2007-06-04 02:00:00,2489.9712,2786.0737,3655.521,2581.4902,3064.3748
2007-06-04 03:00:00,2489.9712,2786.0737,3655.521,2581.4902,3064.3748
2007-06-04 04:00:00,2489.9712,2786.0737,3655.521,2581.4902,3064.3748
2007-06-04 05:00:00,2489.9712,2786.0737,3655.521,2581.4902,3064.3748
2007-06-04 06:00:00,2489.9712,2786.0737,3655.521,2581.4902,3064.3748
2007-06-04 07:00:00,2489.9712,2786.0737,3655.521,2581.4902,3064.3748
2007-06-04 08:00:00,2489.9712,2786.0737,3655.521,2581.4902,3064.3748
2007-06-04 09:00:00,2489.9712,2786.0737,3655.521,2581.4902,3064.3748
2007-06-04 10:00:00,2489.9712,2786.0737,3655.521,2581.4902,3064.3748
2007-06-04 11:00:00,2489.9712,2786.0737,3655.521,2581.4902,3064.3748
2007-06-04 12:00:00,2489.9712,2786.0737,3655.521,2581.4902,3064.3748
2007-06-04 13:00:00,2489.9712,2786.0737,3655.521,2581.4902,3064.3748
2007-06-04 14:00:00,2489.9712,2786.0737,3655.521,2581.4902,3064.3748
2007-06-04 15:00:00,2489.9712,2786.0737,3655.521,2581.4902,3064.3748
2007-06-04 16:00:00,2489.9712,2786.0737,3655.521,2581.4902,3064.3748
2007-06-04 17:00:00,2489.9712,2786.0737,3655.521,2581.4902,3064.3748
2007-06-04 18:00:00,2489.9712,2786.0737,3655.521,2581.4902,3064.3748
2007-06-04 19:00:00,2489.9712,2786.0737,3655.521,2581.4902,3064.3748
2007-06-04 20:00:00,2489.9712,2786.0737,3655.521,2581.4902,3064.3748
2007-06-04 21:00:00,2489.9712,2786.0737,3655.521,2581.4902,3064.3748
2007-06-04 22:00:00,2489.9712,2786.0737,3655.521,2581.4902,3064.3748
2007-06-04 23:00:00,2489.9712,2786.0737,3655.521,2581.4902,3064.3748
2007-06-05 00:00:00,2489.9712,2786.0737,3655.521,2581.4902,3064.3748
2007-06-05 01:00:00,2489.9712,2786.0737,3655.521,2581.4902,3064.3748
2007-06-05 02:00:00,2489.9712,2786.0737,3655.521,2581.4902,3064.3748
2007-06-05 03:00:00,2489.9712,2786.0737,3655.521,2581.4902,3064.3748
2007-06-05 04:00:00,2489.9712,2786.0737,3655.521,2581.4902,3064.3748
2007-06-05 05:00:00,2489.9712,2786.0737,3655.521,2581.4902,3064.3748
2007-06-05 06:00:00,2489.9712,2786.0737,3655.521,2581.4902,3064.3748
2007-06-05 07:00:00,2489.9712,2786.0737,3655.521,2581.4902,3064.3748
2007-06-05 08:00:00,2489.9712,2786.0737,3655.521,2581.4902,3064.3748
2007-06-05 09:00:00,2489.9712,2786.0737,3655.521,2581.4902,3064.3748
2007-06-05 10:00:00,2489.9712,2786.0737,3655.521,2581.4902,3064.3748
2007-06-05 11:00:00,2489.9712,2786.0737,3655.521,2581.4902,3064.3748
2007-06-05 12:00:00,2489.9712,2786.0737,3655.521,2581.4902,3064.3748
2007-06-05 13:00:00,2489.9712,2786.0737,3655.521,2581.4902,3064.3748
2007-06-05 14:00:00,2489.9712,2786.0737,3655.521,2581.4902,3064.3748
2007-06-05 15:00:00,2489.9712,2786.0737,3655.521,2581.4902,3064.3748
2007-06-05 16:00:00,2489.9712,2786.0737,3655.521,2581.4902,3064.3748
2007-06-05 17:00:00,2489.9712,2786.0737,3655.521,2581.4902,3064.3748
2007-06-05 18:00:00,2489.9712,2786.0737,3655.521,2581.4902,3064.3748
2007-06-05 19:00:00,2489.9712,2786.0737,3655.521,2581.4902,3064.3748
2007-06-05 20:00:00,2489.9712,2786.0737,3655.521,2581.4902,3064.3748
2007-06-05 21:00:00,2489.9712,2786.0737,3655.521,2581.4902,3064.3748
2007-06-05 22:00:00,2489.9712,2786.0737,3655.521,2581.4902,3064.3748
2007-06-05 23:00:00,2489.9712,2786.0737,3655.521,2581.4902,3064.3748
2007-06-06 00:00:00,2489.9712,2786.0737,3655.521,2581.4902,3064.3748
2007-06-06 01:00:00,2489.9712,2786.0737,3655.521,2581.4902,3064.3748
2007-06-06 02:00:00,2489.9712,2786.0737,3655.521,2581.4902,3064.3748
2007-06-06 03:00:00,2489.9712,2786.0737,3655.521,2581.4902,3064.3748
2007-06-06 04:00:00,2489.9712,2786.0737,3655.521,2581.4902,3064.3748
2007-06-06 05:00:00,2489.9712,2786.0737,3655.521,2581.4902,3064.3748
2007-06-06 06:00:00,2489.9712,2786.0737,3655.521,2581.4902,3064.3748
2007-06-06 07:00:00,2489.9712,2786.0737,3655.521,2581.4902,3064.3748
2007-06-06 08:00:00,2489.9712,2786.0737,3655.521,2581.4902,3064.3748
2007-06-06 09:00:00,2489.9712,2786.0737,3655.521,2581.4902,3064.3748
2007-06-06 10:00:00,2489.9712,2786.0737,3655.521,2581.4902,3064.3748
2007-06-06 11:00:00,2489.9712,2786.0737,3655.521,2581.4902,3064.3748
2007-06-06 12:00:00,2489.9712,2786.0737,3655.521,2581.4902,3064.3748
2007-06-06 13:00:00,2489.9712,2786.0737,3655.521,2581.4902,3064.3748
2007-06-06 14:00:00,2489.9712,2786.0737,3655.521,2581.4902,3064.3748
2007-06-06 15:00:00,2489.9712,2786.0737,3655.521,2581.4902,3064.3748
2007-06-06 16:00:00,2489.9712,2786.0737,3655.521,2581.4902,3064.3748
2007-06-06 17:00:00,2489.9712,2786.0737,3655.521,2581.4902,3064.3748
2007-06-06 18:00:00,2489.9712,2786.0737,3655.521,2581.4902,3064.3748
2007-06-06 19:00:00,2489.9712,2786.0737,3655.521,2581.4902,3064.3748
2007-06-06 20:00:00,2489.9712,2786.0737,3655.521,2581.4902,3064.3748
2007-06-06 21:00:00,2489.9712,2786.0737,3655.521,2581.4902,3064.3748
2007-06-06 22:00:00,2489.9712,2786.0737,3655.521,2581.4902,3064.3748
2007-06-06 23:00:00,2489.9712,2786.0737,3655.521,2581.4902,3064.3748
2007-06-07 00:00:00,2489.9712,2786.0737,3655.521,2581.4902,3064.3748
2007-06-07 01:00:00,2489.9712,2786.0737,3655.521,2581.4902,3064.3748
2007-06-07 02:00:00,2489.9712,2786.0737,3655.521,2581.4902,3064.3748
2007-06-07 03:00:00,2489.9712,2786.0737,3655.521,2581.4902,3064.3748
2007-06-07 04:00:00,2489.9712,2786.0737,3655.521,2581.4902,3064.3748
2007-06-07 05:00:00,2489.9712,2786.0737,3655.521,2581.4902,3064.3748
2007-06-07 06:00:00,2489.9712,2786.0737,3655.521,2581.4902,3064.3748
2007-06-07 07:00:00,2489.9712,2786.0737,3655.521,2581.4902,3064.3748
2007-06-07 08:00:00,2489.9712,2786.0737,3655.521,2581.4902,3064.3748
2007-06-07 09:00:00,2489.9712,2786.0737,3655.521,2581.4902,3064.3748
2007-06-07 10:00:00,2489.9712,2786.0737,3655.521,2581.4902,3064.3748
2007-06-07 11:00:00,2489.9712,2786.0737,3655.521,2581.4902,3064.3748
2007-06-07 12:00:00,2489.9712,2786.0737,3655.521,2581.4902,3064.3748
2007-06-07 13:00:00,2489.9712,2786.0737,3655.521,2581.4902,3064.3748
2007-06-07 14:00:00,2489.9712,2786.0737,3655.521,2581.4902,3064.3748
2007-06-07 15:00:00,2489.9712,2786.0737,3655.521,2581.4902,3064.3748
2007-06-07 16:00:00,2489.9712,2786.0737,3655.521,2581.4902,3064.3748
2007-06-07 17:00:00,2489.9712,2786.0737,3655.521,2581.4902,3064.3748
2007-06-07 18:00:00,2489.9712,2786.0737,3655.521,2581.4902,3064.3748
2007-06-07 19:00:00,2489.9712,2786.0737,3655.521,2581.4902,3064.3748
2007-06-07 20:00:00,2489.9712,2786.0737,3655.521,2581.4902,3064.3748
2007-06-07 21:00:00,2489.9712,2786.0737,3655.521,2581.4902,3064.3748
2007-06-07 22:00:00,2489.9712,2786.0737,3655.521,2581.4902,3064.3748
2007-06-07 23:00:00,2489.9712,2786.0737,3655.521,2581.4902,3064.3748
2007-06-08 00:00:00,2489.9712,2786.0737,3655.521,2581.4902,3064.3748
2007-06-08 01:00:00,2489.9712,2786.0737,3655.521,2581.4902,3064.3748
2007-06-08 02:00:00,2489.9712,2786.0737,3655.521,2581.4902,3064.3748
2007-06-08 03:00:00,2489.9712,2786.0737,3655.521,2581.4902,3064.3748
2007-06-08 04:00:00,2489.9712,2786.0737,3655.521,2581.4902,3064.3748
2007-06-08 05:00:00,2489.9712,2786.0737,3655.521,2581.4902,3064.3748
2007-06-08 06:00:00,2489.9712,2786.0737,3655.521,2581.4902,3064.3748
2007-06-08 07:00:00,2489.9712,2786.0737,3655.521,2581.4902,3064.3748
2007-06-08 08:00:00,2489.9712,2786.0737,3655.521,2581.4902,3064.3748
2007-06-08 09:00:00,2489.9712,2786.0737,3655.521,2581.4902,3064.3748
2007-06-08 10:00:00,2489.9712,2786.0737,3655.521,2581.4902,3064.3748
2007-06-08 11:00:00,2489.9712,2786.0737,3655.521,2581.4902,3064.3748
2007-06-08 12:00:00,2489.9712,2786.0737,3655.521,2581.4902,3064.3748
2007-06-08 13:00:00,2489.9712,2786.0737,3655.521,2581.4902,3064.3748
2007-06-08 14:00:00,2489.9712,2786.0737,3655.521,2581.4902,3064.3748
2007-06-08 15:00:00,2489.9712,2786.0737,3655.521,2581.4902,3064.3748
2007-06-08 16:00:00,2489.9712,2786.0737,3655.521,2581.4902,3064.3748
2007-06-08 17:00:00,2489.9712,2786.0737,3655.521,2581.4902,3064.3748
2007-06-08 18:00:00,2489.9712,2786.0737,3655.521,2581.4902,3064.3748
2007-06-08 19:00:00,2489.9712,2786.0737,3655.521,2581.4902,3064.3748
2007-06-08 20:00:00,2489.9712,2786.0737,3655.521,2581.4902,3064.3748
2007-06-08 21:00:00,2489.9712,2786.0737,3655.521,2581.4902,3064.3748
2007-06-08 22:00:00,2489.9712,2786.0737,3655.521,2581.4902,3064.3748
2007-06-08 23:00:00,2489.9712,2786.0737,3655.521,2581.4902,3064.3748
2007-06-09 00:00:00,2489.9712,2786.0737,3655.521,2581.4902,3064.3748
2007-06-09 01:00:00,2489.9712,2786.0737,3655.521,2581.4902,3064.3748
2007-06-09 02:00:00,2489.9712,2786.0737,3655.521,2581.4902,3064.3748
2007-06-09 03:00:00,2489.9712,2786.0737,3655.521,2581.4902,3064.3748
2007-06-09 04:00:00,2489.9712,2786.0737,3655.521,2581.4902,3064.3748
2007-06-09 05:00:00,2489.9712,2786.0737,3655.521,2581.4902,3064.3748
2007-06-09 06:00:00,2489.9712,2786.0737,3655.521,2581.4902,3064.3748
2007-06-09 07:00:00,2489.9712,2786.0737,3655.521,2581.4902,3064.3748
2007-06-09 08:00:00,2489.9712,2786.0737,3655.521,2581.4902,3064.3748
2007-06-09 09:00:00,2489.9712,2786.0737,3655.521,2581.4902,3064.3748
2007-06-09 10:00:00,2489.9712,2786.0737,3655.521,2581.4902,3064.3748
2007-06-09 11:00:00,2489.9712,2786.0737,3655.521,2581.4902,3064.3748
2007-06-09 12:00:00,2489.9712,2786.0737,3655.521,2581.4902,3064.3748
2007-06-09 13:00:00,2489.9712,2786.0737,3655.521,2581.4902,3064.3748
2007-06-09 14:00:00,2489.9712,2786.0737,3655.521,2581.4902,3064.3748
2007-06-09 15:00:00,2489.9712,2786.0737,3655.521,2581.4902,3064.3748
2007-06-09 16:00:00,2489.9712,2786.0737,3655.521,2581.4902,3064.3748
2007-06-09 17:00:00,2489.9712,2786.0737,3655.521,2581.4902,3064.3748
2007-06-09 18:00:00,2489.9712,2786.0737,3655.521,2581.4902,3064.3748
2007-06-09 19:00:00,2489.9712,2786.0737,3655.521,2581.4902,3064.3748
2007-06-09 20:00:00,2489.9712,2786.0737,3655.521,2581.4902,3064.3748
2007-06-09 21:00:00,2489.9712,2786.0737,3655.521,2581.4902,3064.3748
2007-06-09 22:00:00,2489.9712,2786.0737,3655.521,2581.4902,3064.3748
2007-06-09 23:00:00,2489.9712,2786.0737,3655.521,2581.4902,3064.3748
2007-06-10 00:00:00,2489.9712,2786.0737,3655.521,2581.4902,3064.3748
2007-06-10 01:00:00,2489.9712,2786.0737,3655.521,2581.4902,3064.3748
2007-06-10 02:00:00,2489.9712,2786.0737,3655.521,2581.4902,3064.3748
2007-06-10 03:00:00,2489.9712,2786.0737,3655.521,2581.4902,3064.3748
2007-06-10 04:00:00,2489.9712,2786.0737,3655.521,2581.4902,3064.3748
2007-06-10 05:00:00,2489.9712,2786.0737,3655.521,2581.4902,3064.3748
2007-06-10 06:00:00,2489.9712,2786.0737,3655.521,2581.4902,3064.3748
2007-06-10 07:00:00,2489.9712,2786.0737,3655.521,2581.4902,3064.3748
2007-06-10 08:00:00,2489.9712,2786.0737,3655.521,2581.4902,3064.3748
2007-06-10 09:00:00,2489.9712,2786.0737,3655.521,2581.4902,3064.3748
2007-06-10 10:00:00,2489.9712,2786.0737,3655.521,2581.4902,3064.3748
2007-06-10 11:00:00,2489.9712,2786.0737,3655.521,2581.4902,3064.3748
2007-06-10 12:00:00,2489.9712,2786.0737,3655.521,2581.4902,3064.3748
2007-06-10 13:00:00,2489.9712,2786.0737,3655.521,2581.4902,3064.3748
2007-06-10 14:00:00,2489.9712,2786.0737,3655.521,2581.4902,3064.3748
2007-06-10 15:00:00,2489.9712,2786.0737,3655.521,2581.4902,3064.3748
2007-06-10 16:00:00,2489.9712,2786.0737,3655.521,2581.4902,3064.3748
2007-06-10 17:00:00,2489.9712,2786.0737,3655.521,2581.4902,3064.3748
2007-06-10 18:00:00,2489.9712,2786.0737,3655.521,2581.4902,3064.3748
2007-06-10 19:00:00,2489.9712,2786.0737,3655.521,2581.4902,3064.3748
2007-06-10 20:00:00,2489.9712,2786.0737,3655.521,2581.4902,3064.3748
2007-06-10 21:00:00,2489.9712,2786.0737,3655.521,2581.4902,3064.3748
2007-06-10 22:00:00,2489.9712,2786.0737,3655.521,2581.4902,3064.3748
2007-06-10 23:00:00,2489.9712,2786.0737,3655.521,2581.4902,3064.3748
2007-06-11 00:00:00,2489.9712,2786.0737,3655.521,2581.4902,3064.3748
2007-06-11 01:00:00,2489.9712,2786.0737,3655.521,2581.4902,3064.3748
2007-06-11 02:00:00,2489.9712,2786.0737,3655.521,2581.4902,3064.3748
2007-06-11 03:00:00,2489.9712,2786.0737,3655.521,2581.4902,3064.3748
2007-06-11 04:00:00,2489.9712,2786.0737,3655.521,2581.4902,3064.3748
2007-06-11 05:00:00,2489.9712,2786.0737,3655.521,2581.4902,3064.3748
2007-06-11 06:00:00,2489.9712,2786.0737,3655.521,2581.4902,3064.3748
2007-06-11 07:00:00,2489.9712,2786.0737,3655.521,2581.4902,3064.3748
2007-06-11 08:00:00,2489.9712,2786.0737,3655.521,2581.4902,3064.3748
2007-06-11 09:00:00,2489.9712,2786.0737,3655.521,2581.4902,3064.3748
2007-06-11 10:00:00,2489.9712,2786.0737,3655.521,2581.4902,3064.3748
2007-06-11 11:00:00,2489.9712,2786.0737,3655.521,2581.4902,3064.3748
2007-06-11 12:00:00,2489.9712,2786.0737,3655.521,2581.4902,3064.3748
2007-06-11 13:00:00,2489.9712,2786.0737,3655.521,2581.4902,3064.3748
2007-06-11 14:00:00,2489.9712,2786.0737,3655.521,2581.4902,3064.3748
2007-06-11 15:00:00,2489.9712,2786.0737,3655.521,2581.4902,3064.3748
2007-06-11 16:00:00,2489.9712,2786.0737,3655.521,2581.4902,3064.3748
2007-06-11 17:00:00,2489.9712,2786.0737,3655.521,2581.4902,3064.3748
2007-06-11 18:00:00,2489.9712,2786.0737,3655.521,2581.4902,3064.3748
2007-06-11 19:00:00,2489.9712,2786.0737,3655.521,2581.4902,3064.3748
2007-06-11 20:00:00,2489.9712,2786.0737,3655.521,2581.4902,3064.3748
2007-06-11 21:00:00,2489.9712,2786.0737,3655.521,2581.4902,3064.3748
2007-06-11 22:00:00,2489.9712,2786.0737,3655.521,2581.4902,3064.3748
2007-06-11 23:00:00,2489.9712,2786.0737,3655.521,2581.4902,3064.3748
2007-06-12 00:00:00,2489.9712,2786.0737,3655.521,2581.4902,3064.4084
2007-06-12 01:00:00,2489.9712,2786.0737,3655.521,2581.4902,3064.4084
2007-06-12 02:00:00,2489.9712,2786.0737,3655.521,2581.4902,3064.4084
2007-06-12 03:00:00,2489.9712,2786.0737,3655.6704,2581.4902,3064.4084
2007-06-12 04:00:00,2489.9712,2786.0737,3655.6704,2581.4902,3064.4084
2007-06-12 05:00:00,2489.9712,2786.0737,3655.6704,2581.4902,3064.4084
2007-06-12 06:00:00,2489.9712,2786.0737,3655.6704,2581.4902,3064.4084
2007-06-12 07:00:00,2489.9712,2786.0737,3655.6704,2581.4902,3064.4084
2007-06-12 08:00:00,2489.9712,2786.1099,3655.6924,2581.4902,3064.4084
2007-06-12 09:00:00,2489.9712,2786.1409,3655.8105,2581.4902,3064.42
2007-06-12 10:00:00,2489.9712,2786.1409,3655.8105,2581.4902,3064.5332
2007-06-12 11:00:00,2489.9712,2786.1409,3655.8105,2581.4902,3064.5332
2007-06-12 12:00:00,2489.9712,2786.1409,3655.8105,2581.4902,3064.583
2007-06-12 13:00:00,2489.9712,2786.1409,3655.9229,2581.4902,3064.6853
2007-06-12 14:00:00,2489.9712,2786.192,3655.9229,2581.4902,3064.795
2007-06-12 15:00:00,2489.9712,2786.2063,3656.1516,2581.4902,3064.987
2007-06-12 16:00:00,2489.9712,2786.2725,3656.464,2581.4902,3065.4326
2007-06-12 17:00:00,2489.9712,2786.274,3656.464,2581.4902,3065.8972
2007-06-12 18:00:00,2489.9712,2786.274,3656.6711,2581.4902,3066.0593
2007-06-12 19:00:00,2489.9712,2786.274,3656.9834,2581.4902,3066.2075
2007-06-12 20:00:00,2489.9712,2786.274,3656.9834,2581.4902,3066.2373
2007-06-12 21:00:00,2489.9712,2786.274,3657.08,2581.4902,3066.3083
2007-06-12 22:00:00,2489.9712,2786.274,3657.957,2581.4902,3066.3184
2007-06-12 23:00:00,2489.9712,2786.274,3657.957,2581.4902,3066.3423
2007-06-13 00:00:00,2489.9712,2786.274,3657.957,2581.4902,3066.3423
2007-06-13 01:00:00,2489.9712,2786.274,3658.186,2581.4902,3066.4797
2007-06-13 02:00:00,2489.9712,2786.274,3658.3674,2581.4902,3066.4922
2007-06-13 03:00:00,2489.9712,2786.274,3658.8237,2581.4902,3066.4922
2007-06-13 04:00:00,2489.9712,2786.274,3659.0173,2581.4902,3066.4922
2007-06-13 05:00:00,2489.9712,2786.274,3659.0222,2581.4902,3066.4922
2007-06-13 06:00:00,2489.9712,2786.274,3659.0222,2581.4902,3066.4922
2007-06-13 07:00:00,2489.9712,2786.274,3659.0222,2581.4902,3066.4922
2007-06-13 08:00:00,2489.9712,2786.274,3659.0222,2581.4902,3066.4922
2007-06-13 09:00:00,2489.9712,2786.274,3659.0222,2581.4902,3066.4922
2007-06-13 10:00:00,2489.9712,2786.274,3659.0222,2581.4902,3066.4922
2007-06-13 11:00:00,2489.9712,2786.274,3659.05,2581.4902,3066.4922
2007-06-13 12:00:00,2489.9712,2786.274,3659.0999,2581.4902,3066.4922
2007-06-13 13:00:00,2489.9712,2786.274,3659.0999,2581.4902,3066.4922
2007-06-13 14:00:00,2489.9712,2786.274,3659.0999,2581.4902,3066.568
2007-06-13 15:00:00,2489.9712,2786.274,3659.6418,2581.4902,3066.897
2007-06-13 16:00:00,2489.9712,2787.1055,3660.0913,2581.4902,3067.7563
2007-06-13 17:00:00,2489.9712,2787.9062,3660.954,2582.4807,3067.8408
2007-06-13 18:00:00,2490.1172,2788.0215,3661.3547,2582.8647,3067.8762
2007-06-13 19:00:00,2490.7207,2788.1062,3662.2708,2582.9048,3067.9294
2007-06-13 20:00:00,2490.7764,2788.5696,3662.5645,2582.9048,3067.9294
2007-06-13 21:00:00,2490.9155,2788.5696,3663.7341,2582.9048,3067.9294
2007-06-13 22:00:00,2491.0183,2788.694,3663.823,2582.9048,3067.9922
2007-06-13 23:00:00,2491.0183,2788.7751,3663.857,2582.9048,3067.9922
2007-06-14 00:00:00,2491.0183,2788.8503,3663.873,2582.9048,3067.9922
2007-06-14 01:00:00,2491.0183,2788.8503,3663.873,2582.9048,3067.9922
2007-06-14 02:00:00,2491.0183,2788.8503,3664.3315,2582.9048,3067.9922
2007-06-14 03:00:00,2491.0183,2788.8503,3664.3806,2582.9048,3067.9922
2007-06-14 04:00:00,2491.0183,2788.8503,3664.3806,2582.9048,3067.9922
2007-06-14 05:00:00,2491.0183,2788.8503,3664.3806,2582.9048,3067.9922
2007-06-14 06:00:00,2491.0183,2788.8503,3664.3806,2582.9048,3067.9922
2007-06-14 07:00:00,2491.0183,2788.8503,3664.3806,2582.9048,3067.9922
2007-06-14 08:00:00,2491.0183,2788.8503,3664.3806,2582.9048,3067.9922
2007-06-14 09:00:00,2491.0183,2788.8503,3664.4126,2582.9048,3067.9922
2007-06-14 10:00:00,2491.0183,2788.88,3664.718,2582.9048,3069.3354
2007-06-14 11:00:00,2491.0217,2789.3801,3664.7424,2582.9048,3069.6082
2007-06-14 12:00:00,2491.0217,2789.392,3664.7424,2582.9048,3071.2053
2007-06-14 13:00:00,2491.1404,2789.4246,3664.8982,2582.9048,3071.2053
2007-06-14 14:00:00,2491.1404,2789.817,3664.9326,2582.9048,3073.0273
2007-06-14 15:00:00,2491.1404,2789.817,3665.8403,2582.9048,3073.5452
2007-06-14 16:00:00,2491.1404,2789.817,3666.3757,2582.9048,3074.0808
2007-06-14 17:00:00,2491.1404,2789.8457,3666.4836,2582.9048,3074.2527
2007-06-14 18:00:00,2491.1404,2790.2178,3666.839,2582.93,3074.3555
2007-06-14 19:00:00,2491.1404,2790.2244,3667.2056,2582.93,3074.3555
2007-06-14 20:00:00,2491.1404,2790.2244,3667.3142,2582.93,3074.3555
2007-06-14 21:00:00,2491.1404,2790.2244,3667.3142,2582.93,3074.3555
2007-06-14 22:00:00,2491.1404,2790.2244,3667.3142,2582.93,3074.3555
2007-06-14 23:00:00,2491.1404,2790.2244,3667.3142,2582.93,3074.3555
2007-06-15 00:00:00,2491.1404,2790.2244,3667.3142,2582.93,3074.3555
2007-06-15 01:00:00,2491.1404,2790.2244,3667.3142,2582.93,3074.3555
2007-06-15 02:00:00,2491.1404,2790.2244,3667.3142,2582.93,3074.3555
2007-06-15 03:00:00,2491.1404,2790.2244,3667.3142,2582.93,3074.3555
2007-06-15 04:00:00,2491.1404,2790.2244,3667.3142,2582.93,3074.3555
2007-06-15 05:00:00,2491.1404,2790.2244,3667.3142,2582.93,3074.3843
2007-06-15 06:00:00,2491.1404,2790.2244,3667.3142,2582.93,3074.3843
2007-06-15 07:00:00,2491.1404,2790.2244,3667.3142,2582.93,3074.3843
2007-06-15 08:00:00,2491.1404,2790.2244,3667.3142,2582.93,3074.3843
2007-06-15 09:00:00,2491.1404,2790.2244,3667.3142,2582.93,3074.3843
2007-06-15 10:00:00,2491.1404,2790.2244,3667.3142,2582.93,3074.3843
2007-06-15 11:00:00,2491.1404,2790.2244,3667.3142,2582.93,3074.3843
2007-06-15 12:00:00,2491.1404,2790.2244,3667.3142,2582.93,3074.3843
2007-06-15 13:00:00,2491.1404,2790.2244,3667.3142,2582.93,3074.3843
2007-06-15 14:00:00,2491.1404,2790.2244,3667.3142,2582.93,3074.3843
2007-06-15 15:00:00,2491.1404,2790.2244,3667.3142,2582.93,3074.3843
2007-06-15 16:00:00,2491.1404,2790.2244,3667.3142,2582.93,3074.3843
2007-06-15 17:00:00,2491.1404,2790.2244,3667.3142,2582.93,3074.3843
2007-06-15 18:00:00,2491.1404,2790.2244,3667.3142,2582.93,3074.3843
2007-06-15 19:00:00,2491.1404,2790.2244,3667.3142,2582.93,3074.3843
2007-06-15 20:00:00,2491.1404,2790.2244,3667.3142,2582.93,3074.3843
2007-06-15 21:00:00,2491.1404,2790.2244,3667.3142,2582.93,3074.3843
2007-06-15 22:00:00,2491.1404,2790.2244,3667.3142,2582.93,3074.3843
2007-06-15 23:00:00,2491.1404,2790.2244,3667.3142,2582.93,3074.3843
2007-06-16 00:00:00,2491.1404,2790.2244,3667.3142,2582.93,3074.3843
2007-06-16 01:00:00,2491.1404,2790.2244,3667.3142,2582.93,3074.3843
2007-06-16 02:00:00,2491.1404,2790.2244,3667.3142,2582.93,3074.3843
2007-06-16 03:00:00,2491.1404,2790.2244,3667.3142,2582.93,3074.3843
2007-06-16 04:00:00,2491.1404,2790.2244,3667.3142,2582.93,3074.3843
2007-06-16 05:00:00,2491.1404,2790.2244,3667.3142,2582.93,3074.3843
2007-06-16 06:00:00,2491.1404,2790.2244,3667.3142,2582.93,3074.3843
2007-06-16 07:00:00,2491.1404,2790.2244,3667.3142,2582.93,3074.3843
2007-06-16 08:00:00,2491.1404,2790.2244,3667.3142,2582.93,3074.3843
2007-06-16 09:00:00,2491.1404,2790.2244,3667.3142,2582.93,3074.3843
2007-06-16 10:00:00,2491.1404,2790.2244,3667.3142,2582.93,3074.3843
2007-06-16 11:00:00,2491.1404,2790.2244,3667.3142,2582.93,3074.3843
2007-06-16 12:00:00,2491.1404,2790.2244,3667.3142,2582.93,3074.3843
2007-06-16 13:00:00,2491.1404,2790.2244,3667.3142,2582.93,3074.3843
2007-06-16 14:00:00,2491.1404,2790.2244,3667.3142,2582.93,3074.3843
2007-06-16 15:00:00,2491.1404,2790.2244,3667.3142,2582.93,3074.3843
2007-06-16 16:00:00,2491.1404,2790.2244,3667.3142,2582.93,3074.3843
2007-06-16 17:00:00,2491.1404,2790.2244,3667.3142,2582.93,3074.3843
2007-06-16 18:00:00,2491.1404,2790.2244,3667.3142,2582.93,3074.3843
2007-06-16 19:00:00,2491.1404,2790.2244,3667.3142,2582.93,3074.3843
2007-06-16 20:00:00,2491.1404,2790.2244,3667.3142,2582.93,3074.3843
2007-06-16 21:00:00,2491.1404,2790.2244,3667.3142,2582.93,3074.3843
2007-06-16 22:00:00,2491.1404,2790.2244,3667.3142,2582.93,3074.3843
2007-06-16 23:00:00,2491.1404,2790.2244,3667.3142,2582.93,3074.3843
2007-06-17 00:00:00,2491.1404,2790.2244,3667.3142,2582.93,3074.3843
2007-06-17 01:00:00,2491.1404,2790.2244,3667.3142,2582.93,3074.3843
2007-06-17 02:00:00,2491.1404,2790.2244,3667.3142,2582.93,3074.3843
2007-06-17 03:00:00,2491.1404,2790.2244,3667.3142,2582.93,3074.3843
2007-06-17 04:00:00,2491.1404,2790.2244,3667.3142,2582.93,3074.3843
2007-06-17 05:00:00,2491.1404,2790.2244,3667.3142,2582.93,3074.3843
2007-06-17 06:00:00,2491.1404,2790.2244,3667.3142,2582.93,3074.3843
2007-06-17 07:00:00,2491.1404,2790.2244,3667.3142,2582.93,3074.3843
2007-06-17 08:00:00,2491.1404,2790.2244,3667.3142,2582.93,3074.3843
2007-06-17 09:00:00,2491.1404,2790.2244,3667.3142,2582.93,3074.3843
2007-06-17 10:00:00,2491.1404,2790.2244,3667.3142,2582.93,3074.3843
2007-06-17 11:00:00,2491.1404,2790.2244,3667.3142,2582.93,3074.3843
2007-06-17 12:00:00,2491.1404,2790.2244,3667.3142,2582.93,3074.3843
2007-06-17 13:00:00,2491.1404,2790.2244,3667.3142,2582.93,3074.3843
2007-06-17 14:00:00,2491.1404,2790.2244,3667.3142,2582.93,3074.3843
2007-06-17 15:00:00,2491.1404,2790.2244,3667.3142,2582.93,3074.3843
2007-06-17 16:00:00,2491.1404,2790.2244,3667.3142,2583.0005,3074.3843
2007-06-17 17:00:00,2491.1404,2790.2244,3667.3142,2583.0818,3074.3843
2007-06-17 18:00:00,2491.1404,2790.2244,3667.3142,2583.0818,3074.3843
2007-06-17 19:00:00,2491.1404,2790.2244,3667.3142,2583.0818,3074.3843
2007-06-17 20:00:00,2491.1404,2790.2244,3667.3142,2583.0818,3074.3843
2007-06-17 21:00:00,2491.1404,2790.2244,3667.3142,2583.0818,3074.3843
2007-06-17 22:00:00,2491.1404,2790.2244,3667.3142,2583.0818,3074.3843
2007-06-17 23:00:00,2491.1404,2790.2244,3667.3142,2583.0818,3074.3843
2007-06-18 00:00:00,2491.1404,2790.2244,3667.3142,2583.0818,3074.3843
2007-06-18 01:00:00,2491.1404,2790.2244,3667.3142,2583.0818,3074.3843
2007-06-18 02:00:00,2491.1404,2790.2244,3667.3142,2583.0818,3074.3843
2007-06-18 03:00:00,2491.1404,2790.2244,3667.3142,2583.0818,3074.3843
2007-06-18 04:00:00,2491.1404,2790.2244,3667.3142,2583.0818,3074.3843
2007-06-18 05:00:00,2491.1404,2790.2244,3667.3142,2583.0818,3074.3843
2007-06-18 06:00:00,2491.1404,2790.2244,3667.3142,2583.0818,3074.3843
2007-06-18 07:00:00,2491.1404,2790.2244,3667.3142,2583.0818,3074.3843
2007-06-18 08:00:00,2491.1404,2790.2244,3667.3142,2583.0818,3074.3843
2007-06-18 09:00:00,2491.1404,2790.2244,3667.3142,2583.0818,3074.3843
2007-06-18 10:00:00,2491.1404,2790.2244,3667.3142,2583.0818,3074.3843
2007-06-18 11:00:00,2491.1404,2790.2244,3667.3142,2583.0818,3074.3843
2007-06-18 12:00:00,2491.1404,2790.2244,3667.3142,2583.0818,3074.3843
2007-06-18 13:00:00,2491.1404,2790.2244,3667.3142,2583.0818,3074.3843
2007-06-18 14:00:00,2491.1404,2790.2244,3667.3413,2583.0818,3074.3843
2007-06-18 15:00:00,2491.1404,2790.2244,3667.3633,2583.0818,3074.3843
2007-06-18 16:00:00,2491.1404,2790.2244,3667.3633,2583.0818,3074.3843
2007-06-18 17:00:00,2491.1404,2790.2244,3667.3633,2583.0818,3074.3843
2007-06-18 18:00:00,2491.1404,2790.2244,3667.3633,2583.0818,3074.3843
2007-06-18 19:00:00,2491.1404,2790.2244,3667.3633,2583.0818,3074.3843
2007-06-18 20:00:00,2491.1404,2790.2244,3667.3633,2583.0818,3074.3843
2007-06-18 21:00:00,2491.1404,2790.2244,3667.3633,2583.0818,3074.3843
2007-06-18 22:00:00,2491.1404,2790.2244,3667.3633,2583.0818,3074.3843
2007-06-18 23:00:00,2491.1404,2790.2244,3667.3633,2583.0818,3074.3843
2007-06-19 00:00:00,2491.1404,2790.2244,3667.3633,2583.0818,3074.3843
2007-06-19 01:00:00,2491.1404,2790.2244,3667.3633,2583.0818,3074.3843
2007-06-19 02:00:00,2491.1404,2790.2244,3667.3633,2583.0818,3074.3843
2007-06-19 03:00:00,2491.1404,2790.2244,3667.3633,2583.0818,3074.3843
2007-06-19 04:00:00,2491.1404,2790.2244,3667.3633,2583.0818,3074.3843
2007-06-19 05:00:00,2491.1404,2790.2244,3667.3633,2583.0818,3074.3843
2007-06-19 06:00:00,2491.1404,2790.2244,3667.3633,2583.0818,3074.3843
2007-06-19 07:00:00,2491.1404,2790.2244,3667.3633,2583.0818,3074.3843
2007-06-19 08:00:00,2491.1404,2790.2244,3667.3633,2583.0818,3074.3843
2007-06-19 09:00:00,2491.1404,2790.2244,3667.3633,2583.0818,3074.3843
2007-06-19 10:00:00,2491.1404,2790.2244,3667.3633,2583.0818,3074.3843
2007-06-19 11:00:00,2491.1404,2790.2244,3667.3633,2583.0818,3074.3843
2007-06-19 12:00:00,2491.1404,2790.2244,3667.3633,2583.0818,3074.3843
2007-06-19 13:00:00,2491.1404,2790.2244,3667.3633,2583.0818,3074.3843
2007-06-19 14:00:00,2491.1404,2790.2244,3667.3633,2583.0818,3074.3843
2007-06-19 15:00:00,2491.1404,2790.2244,3667.3633,2583.0818,3074.3843
2007-06-19 16:00:00,2491.1404,2790.2244,3667.3633,2583.0818,3074.3843
2007-06-19 17:00:00,2491.1404,2790.2244,3667.3633,2583.0818,3074.4001
2007-06-19 18:00:00,2491.1404,2790.2244,3667.3633,2583.0818,3074.6606
2007-06-19 19:00:00,2491.1404,2790.2244,3667.3633,2583.0818,3074.8982
2007-06-19 20:00:00,2491.1404,2790.2244,3667.3633,2583.0818,3074.8982
2007-06-19 21:00:00,2491.1404,2790.2244,3667.3633,2583.0818,3074.8982
2007-06-19 22:00:00,2491.1404,2790.2244,3667.3633,2583.0818,3074.8982
2007-06-19 23:00:00,2491.1404,2790.2244,3667.3633,2583.0818,3074.8982
2007-06-20 00:00:00,2491.1404,2790.2244,3667.3633,2583.0818,3074.8982
2007-06-20 01:00:00,2491.1404,2790.2244,3667.3633,2583.0818,3074.8982
2007-06-20 02:00:00,2491.1404,2790.2244,3667.3633,2583.0818,3074.8982
2007-06-20 03:00:00,2491.1404,2790.2244,3667.3633,2583.0818,3074.8982
2007-06-20 04:00:00,2491.1404,2790.2244,3667.3633,2583.0818,3074.8982
2007-06-20 05:00:00,2491.1404,2790.2244,3667.3633,2583.0818,3074.8982
2007-06-20 06:00:00,2491.1404,2790.2244,3667.3633,2583.0818,3074.8982
2007-06-20 07:00:00,2491.1404,2790.2244,3667.3633,2583.0818,3074.8982
2007-06-20 08:00:00,2491.1404,2790.2244,3667.3633,2583.0818,3074.8982
2007-06-20 09:00:00,2491.1404,2790.2244,3667.3633,2583.0818,3074.8982
2007-06-20 10:00:00,2491.1404,2790.2244,3667.3633,2583.0818,3074.8982
2007-06-20 11:00:00,2491.1404,2790.2244,3667.3633,2583.0818,3074.8982
2007-06-20 12:00:00,2491.1404,2790.2244,3667.3633,2583.0818,3074.8982
2007-06-20 13:00:00,2491.1404,2790.2244,3667.3633,2583.0818,3074.8982
2007-06-20 14:00:00,2491.1404,2790.2244,3667.3633,2583.0818,3074.8982
2007-06-20 15:00:00,2491.1404,2790.2244,3667.3633,2583.0818,3074.8982
2007-06-20 16:00:00,2491.1404,2790.2244,3667.3633,2583.0818,3074.8982
2007-06-20 17:00:00,2491.1404,2790.2244,3667.3633,2583.0818,3074.8982
2007-06-20 18:00:00,2491.1404,2790.2244,3667.3633,2583.0818,3074.8982
2007-06-20 19:00:00,2491.1404,2790.2244,3667.3633,2583.0818,3074.8982
2007-06-20 20:00:00,2491.1404,2790.2244,3667.3633,2583.0818,3074.8982
2007-06-20 21:00:00,2491.1404,2790.2244,3667.3633,2583.0818,3074.8982
2007-06-20 22:00:00,2491.1404,2790.2244,3667.3633,2583.0818,3074.8982
2007-06-20 23:00:00,2491.1404,2790.2244,3667.3633,2583.0818,3074.8982
2007-06-21 00:00:00,2491.1404,2790.2244,3667.3633,2583.0818,3074.8982
2007-06-21 01:00:00,2491.1404,2790.2244,3667.3633,2583.0818,3074.8982
2007-06-21 02:00:00,2491.1404,2790.2244,3667.3633,2583.0818,3074.8982
2007-06-21 03:00:00,2491.1404,2790.2244,3667.3633,2583.0818,3074.8982
2007-06-21 04:00:00,2491.1404,2790.2244,3667.3633,2583.0818,3074.8982
2007-06-21 05:00:00,2491.1404,2790.2244,3667.3633,2583.0818,3074.8982
2007-06-21 06:00:00,2491.1404,2790.2244,3667.3633,2583.0818,3074.8982
2007-06-21 07:00:00,2491.1404,2790.2244,3667.3633,2583.0818,3074.8982
2007-06-21 08:00:00,2491.1404,2790.2244,3667.3633,2583.0818,3074.8982
2007-06-21 09:00:00,2491.1404,2790.2244,3667.3633,2583.0818,3074.8982
2007-06-21 10:00:00,2491.1404,2790.2244,3667.3633,2583.0818,3074.8982
2007-06-21 11:00:00,2491.1404,2790.2244,3667.3633,2583.0818,3074.8982
2007-06-21 12:00:00,2491.1404,2790.2244,3667.3633,2583.0818,3074.8982
2007-06-21 13:00:00,2491.1404,2790.2244,3667.3633,2583.0818,3074.8982
2007-06-21 14:00:00,2491.1404,2790.2244,3667.3633,2583.0818,3074.8982
2007-06-21 15:00:00,2491.1404,2790.2244,3667.3633,2583.0818,3074.8982
2007-06-21 16:00:00,2491.1404,2790.2244,3667.3633,2583.0818,3074.8982
2007-06-21 17:00:00,2491.1404,2790.2244,3667.3633,2583.0818,3074.8982
2007-06-21 18:00:00,2491.1404,2790.2244,3667.3633,2583.0818,3074.8982
2007-06-21 19:00:00,2491.1404,2790.2244,3667.3633,2583.0818,3074.8982
2007-06-21 20:00:00,2491.1404,2790.2244,3667.3633,2583.0818,3074.8982
2007-06-21 21:00:00,2491.1404,2790.2244,3667.3633,2583.0818,3074.8982
2007-06-21 22:00:00,2491.1404,2790.2244,3667.3633,2583.0818,3074.8982
2007-06-21 23:00:00,2491.1404,2790.2673,3667.3633,2583.0818,3074.8982
2007-06-22 00:00:00,2491.1404,2790.2673,3667.3633,2583.0818,3074.8982
2007-06-22 01:00:00,2491.1404,2790.428,3667.3633,2583.0818,3074.8982
2007-06-22 02:00:00,2491.1404,2791.2622,3667.3633,2583.152,3074.9395
2007-06-22 03:00:00,2491.1404,2791.6528,3667.4673,2583.5046,3075.1401
2007-06-22 04:00:00,2491.1404,2791.6528,3667.9622,2583.618,3075.168
2007-06-22 05:00:00,2491.1404,2791.6528,3667.9622,2583.618,3075.168
2007-06-22 06:00:00,2491.1404,2791.6528,3667.9622,2583.618,3075.168
2007-06-22 07:00:00,2491.1602,2791.6528,3667.9622,2583.618,3075.168
2007-06-22 08:00:00,2491.1602,2791.6528,3667.9622,2583.618,3075.168
2007-06-22 09:00:00,2491.1602,2791.6528,3667.9622,2583.618,3075.168
2007-06-22 10:00:00,2491.1602,2791.6528,3667.9622,2583.618,3075.168
2007-06-22 11:00:00,2491.1602,2791.704,3667.9622,2583.618,3075.168
2007-06-22 12:00:00,2491.1602,2791.8135,3667.9622,2583.618,3075.168
2007-06-22 13:00:00,2491.1602,2791.8135,3667.9622,2583.618,3075.168
2007-06-22 14:00:00,2491.29,2791.8135,3667.9622,2583.618,3075.168
2007-06-22 15:00:00,2491.29,2791.8135,3667.9622,2583.6594,3075.168
2007-06-22 16:00:00,2491.331,2791.8135,3667.9622,2583.8174,3075.168
2007-06-22 17:00:00,2491.502,2791.8135,3667.9622,2583.9883,3075.168
2007-06-22 18:00:00,2491.6729,2791.9666,3667.9622,2584.1592,3075.168
2007-06-22 19:00:00,2491.9639,2792.4695,3667.9622,2584.8625,3075.168
2007-06-22 20:00:00,2492.4126,2792.8694,3667.9917,2585.4666,3075.168
2007-06-22 21:00:00,2492.5623,2793.0403,3667.9917,2585.7869,3075.2983
2007-06-22 22:00:00,2492.712,2793.477,3667.9917,2586.063,3075.4692
2007-06-22 23:00:00,2492.9785,2794.1428,3667.9917,2586.4048,3075.482
2007-06-23 00:00:00,2493.1936,2794.5593,3668.0786,2586.7466,3075.5583
2007-06-23 01:00:00,2493.387,2795.5864,3668.3784,2587.3235,3075.7798
2007-06-23 02:00:00,2493.7288,2797.321,3668.5876,2587.9954,3076.1697
2007-06-23 03:00:00,2494.2456,2799.2302,3668.7964,2588.508,3076.5115
2007-06-23 04:00:00,2494.7583,2801.0125,3669.055,2589.199,3077.0056
2007-06-23 05:00:00,2495.3723,2802.2183,3669.3967,2589.8682,3077.5928
2007-06-23 06:00:00,2495.7192,2803.2402,3669.6047,2590.3774,3077.7285
2007-06-23 07:00:00,2495.8901,2804.0034,3669.7756,2590.6267,3077.7285
2007-06-23 08:00:00,2496.0435,2804.6116,3670.0383,2590.7976,3077.7334
2007-06-23 09:00:00,2496.1196,2805.0469,3670.615,2590.9495,3077.9539
2007-06-23 10:00:00,2496.1196,2805.0605,3671.206,2590.9924,3078.3733
2007-06-23 11:00:00,2496.1196,2805.0808,3671.574,2591.1396,3078.7053
2007-06-23 12:00:00,2496.2192,2805.3247,3671.7852,2591.5159,3078.8762
2007-06-23 13:00:00,2496.9412,2806.9072,3672.1172,2592.15,3078.913
2007-06-23 14:00:00,2498.6765,2808.3396,3672.4336,2592.786,3079.497
2007-06-23 15:00:00,2500.7473,2809.0088,3672.7937,2594.0833,3080.265
2007-06-23 16:00:00,2502.43,2810.0083,3673.6199,2595.167,3080.8074
2007-06-23 17:00:00,2503.9097,2811.1167,3674.5754,2595.978,3081.564
2007-06-23 18:00:00,2505.99,2812.675,3675.5432,2596.5476,3082.5735
2007-06-23 19:00:00,2508.3057,2813.8572,3676.3337,2597.4043,3083.8345
2007-06-23 20:00:00,2509.636,2814.5002,3676.6592,2597.8289,3084.8076
2007-06-23 21:00:00,2510.222,2814.933,3677.0146,2598.3699,3085.0476
2007-06-23 22:00:00,2511.755,2815.5476,3678.0671,2599.168,3085.392
2007-06-23 23:00:00,2512.5457,2817.516,3679.1597,2599.943,3085.8984
2007-06-24 00:00:00,2513.4814,2819.279,3679.5193,2601.4907,3086.3638
2007-06-24 01:00:00,2514.5608,2821.1462,3679.904,2602.91,3087.4333
2007-06-24 02:00:00,2515.5962,2822.286,3680.2107,2604.455,3087.7046
2007-06-24 03:00:00,2519.8418,2823.1592,3680.384,2606.2893,3087.9214
2007-06-24 04:00:00,2522.978,2823.5486,3680.8198,2607.252,3088.1018
2007-06-24 05:00:00,2524.7317,2823.8623,3681.0234,2607.519,3088.1497
2007-06-24 06:00:00,2524.815,2824.7346,3681.1326,2607.9727,3088.153
2007-06-24 07:00:00,2525.0288,2825.2388,3681.1326,2608.2095,3088.2183
2007-06-24 08:00:00,2525.3206,2825.2808,3681.1816,2608.3228,3088.2183
2007-06-24 09:00:00,2525.7412,2825.2808,3681.1816,2608.8784,3088.2183
2007-06-24 10:00:00,2525.9749,2825.3489,3681.4304,2609.0278,3088.2183
2007-06-24 11:00:00,2526.1387,2825.3489,3681.6194,2609.4114,3088.3398
2007-06-24 12:00:00,2526.4019,2825.9966,3681.6194,2609.8062,3088.4504
2007-06-24 13:00:00,2526.5972,2826.3552,3682.1973,2610.131,3088.6995
2007-06-24 14:00:00,2526.5974,2826.7122,3682.3381,2610.4568,3088.945
2007-06-24 15:00:00,2526.6917,2827.2095,3682.3381,2610.4648,3089.3308
2007-06-24 16:00:00,2527.1423,2827.3867,3682.3381,2610.5273,3089.6328
2007-06-24 17:00:00,2527.4453,2827.476,3682.3381,2610.8938,3089.7888
2007-06-24 18:00:00,2527.718,2827.77,3682.3381,2610.8938,3089.791
2007-06-24 19:00:00,2527.913,2827.794,3682.3381,2610.8938,3089.8342
2007-06-24 20:00:00,2527.913,2827.794,3682.3381,2610.8938,3089.913
2007-06-24 21:00:00,2527.913,2827.794,3682.3381,2610.8938,3089.913
2007-06-24 22:00:00,2527.913,2827.794,3682.3381,2611.0674,3089.913
2007-06-24 23:00:00,2528.1099,2827.794,3682.3381,2611.1343,3089.913
2007-06-25 00:00:00,2528.1375,2827.794,3682.3381,2611.761,3089.913
2007-06-25 01:00:00,2528.1375,2827.9165,3682.3381,2612.303,3089.9397
2007-06-25 02:00:00,2528.1375,2828.2583,3682.3381,2612.3667,3090.1929
2007-06-25 03:00:00,2528.1375,2828.5586,3682.3384,2613.134,3090.4272
2007-06-25 04:00:00,2528.1375,2829.083,3682.5718,2614.1619,3090.7126
2007-06-25 05:00:00,2528.1938,2829.9326,3683.0718,2614.2415,3091.1033
2007-06-25 06:00:00,2528.1938,2829.9326,3683.0947,2614.2415,3091.4304
2007-06-25 07:00:00,2528.1938,2829.9326,3683.126,2614.2415,3091.8577
2007-06-25 08:00:00,2528.1938,2829.9326,3683.7004,2614.2415,3091.8577
2007-06-25 09:00:00,2528.252,2829.9326,3683.935,2614.2415,3091.8577
2007-06-25 10:00:00,2528.252,2829.9326,3683.935,2614.2415,3092.9573
2007-06-25 11:00:00,2528.252,2829.9326,3683.935,2614.2415,3092.9573
2007-06-25 12:00:00,2528.252,2829.9326,3683.935,2614.2415,3092.9573
2007-06-25 13:00:00,2528.252,2829.9326,3683.935,2614.2415,3092.9573
2007-06-25 14:00:00,2528.252,2829.9326,3683.935,2614.2415,3092.9573
2007-06-25 15:00:00,2528.252,2829.9326,3683.935,2614.2415,3092.9573
2007-06-25 16:00:00,2528.252,2829.9326,3683.935,2614.2415,3092.9573
2007-06-25 17:00:00,2528.252,2829.9326,3683.935,2614.2415,3092.9573
2007-06-25 18:00:00,2528.252,2829.9326,3683.935,2614.2415,3092.9573
2007-06-25 19:00:00,2528.252,2829.9326,3683.935,2614.2415,3092.9573
2007-06-25 20:00:00,2528.252,2829.9326,3683.935,2614.2415,3092.9573
2007-06-25 21:00:00,2528.252,2829.9326,3683.935,2614.2415,3092.9573
2007-06-25 22:00:00,2528.252,2829.9326,3683.935,2614.2415,3092.9573
2007-06-25 23:00:00,2528.252,2829.9326,3683.935,2614.2415,3092.9573
2007-06-26 00:00:00,2528.252,2829.9326,3683.935,2614.2415,3092.9573
2007-06-26 01:00:00,2528.252,2829.9326,3683.935,2614.2415,3092.9573
2007-06-26 02:00:00,2528.252,2829.9326,3683.935,2614.2415,3092.9573
2007-06-26 03:00:00,2528.252,2829.9326,3683.935,2614.2415,3092.9573
2007-06-26 04:00:00,2528.252,2829.9326,3683.935,2614.2415,3092.9573
2007-06-26 05:00:00,2528.252,2829.9326,3683.935,2614.2415,3092.9573
2007-06-26 06:00:00,2528.2712,2829.9326,3683.935,2614.2415,3092.9573
2007-06-26 07:00:00,2528.2712,2829.9326,3683.935,2614.2415,3092.9573
2007-06-26 08:00:00,2528.2712,2829.9326,3683.935,2614.2415,3092.9573
2007-06-26 09:00:00,2528.2712,2829.9326,3683.935,2614.2415,3092.9573
2007-06-26 10:00:00,2528.2712,2829.9326,3683.935,2614.2415,3092.9573
2007-06-26 11:00:00,2528.2712,2829.9326,3683.935,2614.2415,3092.9573
2007-06-26 12:00:00,2528.2712,2829.9326,3683.935,2614.2415,3092.9573
2007-06-26 13:00:00,2528.2712,2829.9326,3683.935,2614.2415,3092.9573
2007-06-26 14:00:00,2528.2712,2829.9326,3683.935,2614.2415,3092.9573
2007-06-26 15:00:00,2528.2712,2829.9326,3683.935,2614.2415,3092.9573
2007-06-26 16:00:00,2528.2712,2829.9326,3683.935,2614.2415,3092.9573
2007-06-26 17:00:00,2528.2712,2829.9326,3683.935,2614.2415,3092.9573
2007-06-26 18:00:00,2528.2712,2829.9326,3683.935,2614.2415,3092.9573
2007-06-26 19:00:00,2528.2712,2829.9326,3683.935,2614.2415,3092.9573
2007-06-26 20:00:00,2528.2712,2829.9326,3683.935,2614.2415,3092.9573
2007-06-26 21:00:00,2528.2712,2829.9326,3683.935,2614.2415,3092.9573
2007-06-26 22:00:00,2528.2712,2829.9326,3683.935,2614.2415,3092.9573
2007-06-26 23:00:00,2528.2712,2829.9326,3683.935,2614.2415,3092.9573
2007-06-27 00:00:00,2528.2712,2829.9326,3683.935,2614.2415,3092.9573
2007-06-27 01:00:00,2528.2712,2829.9326,3683.935,2614.2415,3092.9573
2007-06-27 02:00:00,2528.2712,2829.9326,3683.935,2614.2415,3092.9573
2007-06-27 03:00:00,2528.2712,2829.9326,3683.935,2614.2415,3092.9573
2007-06-27 04:00:00,2528.2712,2829.9326,3683.935,2614.2415,3092.9573
2007-06-27 05:00:00,2528.2712,2829.9326,3683.935,2614.2415,3092.9573
2007-06-27 06:00:00,2528.2712,2829.9326,3683.935,2614.2415,3092.9573
2007-06-27 07:00:00,2528.2712,2829.9326,3683.935,2614.2415,3092.9573
2007-06-27 08:00:00,2528.2712,2829.9326,3683.935,2614.2415,3092.9573
2007-06-27 09:00:00,2528.2712,2829.9326,3683.935,2614.2415,3092.9573
2007-06-27 10:00:00,2528.2712,2829.9326,3683.935,2614.2415,3092.9573
2007-06-27 11:00:00,2528.2712,2829.9326,3683.935,2614.2415,3092.9573
2007-06-27 12:00:00,2528.2712,2829.9326,3683.935,2614.2415,3092.9573
2007-06-27 13:00:00,2528.2712,2829.9326,3683.935,2614.2415,3092.9573
2007-06-27 14:00:00,2528.2712,2829.9326,3683.935,2614.2415,3092.9573
2007-06-27 15:00:00,2528.2712,2829.9326,3683.935,2614.2415,3092.9573
2007-06-27 16:00:00,2528.2712,2829.9326,3683.935,2614.2415,3092.9573
2007-06-27 17:00:00,2528.2712,2829.9326,3683.935,2614.2415,3092.9573
2007-06-27 18:00:00,2528.2712,2829.9326,3683.935,2614.2415,3092.9573
2007-06-27 19:00:00,2528.2712,2829.9326,3683.935,2614.2415,3092.9573
2007-06-27 20:00:00,2528.2712,2829.9326,3683.935,2614.2415,3092.9573
2007-06-27 21:00:00,2528.2712,2829.9326,3684.0125,2614.2415,3092.9573
2007-06-27 22:00:00,2528.2712,2829.9326,3684.0125,2614.2415,3092.9573
2007-06-27 23:00:00,2528.2712,2829.9326,3684.0125,2614.2415,3093.0034
2007-06-28 00:00:00,2528.2712,2829.9326,3684.0125,2614.2415,3093.0034
2007-06-28 01:00:00,2528.2712,2829.9326,3684.3186,2614.2415,3093.5894
2007-06-28 02:00:00,2528.2712,2829.9326,3684.8716,2614.2415,3094.1753
2007-06-28 03:00:00,2528.2712,2829.9326,3684.043,2614.2415,3093.144
2007-06-28 04:00:00,2528.2712,2829.9326,3685.042,2614.2415,3094.7004
2007-06-28 05:00:00,2528.2712,2829.9326,3685.2185,2614.2415,3095.0671
2007-06-28 06:00:00,2528.2712,2829.9326,3685.2185,2614.2415,3095.142
2007-06-28 07:00:00,2528.2712,2829.9326,3685.4507,2614.2415,3095.142
2007-06-28 08:00:00,2528.2712,2829.9326,3685.4517,2614.2415,3095.142
2007-06-28 09:00:00,2528.2712,2829.9326,3685.4517,2614.2415,3095.1487
2007-06-28 10:00:00,2528.2712,2829.9326,3685.4517,2614.2415,3095.1487
2007-06-28 11:00:00,2528.2712,2829.9326,3685.4517,2614.2415,3095.1487
2007-06-28 12:00:00,2528.2712,2829.9326,3685.4517,2614.2415,3095.1487
2007-06-28 13:00:00,2528.2712,2829.9326,3685.4517,2614.2415,3095.1487
2007-06-28 14:00:00,2528.2712,2829.9326,3685.4517,2614.2415,3095.1487
2007-06-28 15:00:00,2528.2712,2829.9326,3685.4517,2614.2415,3095.1487
2007-06-28 16:00:00,2528.2712,2829.9524,3685.528,2614.2415,3095.1487
2007-06-28 17:00:00,2528.2712,2829.9958,3685.5928,2614.2415,3095.229
2007-06-28 18:00:00,2528.2712,2830.106,3685.7285,2614.274,3095.318
2007-06-28 19:00:00,2528.2712,2830.2202,3685.926,2614.376,3095.7349
2007-06-28 20:00:00,2528.2712,2830.2427,3686.2966,2614.5745,3095.9302
2007-06-28 21:00:00,2528.2712,2830.347,3686.4473,2614.5745,3096.0034
2007-06-28 22:00:00,2528.2712,2830.38,3686.4473,2614.5745,3096.369
2007-06-28 23:00:00,2528.2712,2830.38,3686.4473,2614.6187,3096.571
2007-06-29 00:00:00,2528.2712,2830.38,3686.4473,2614.6187,3096.571
2007-06-29 01:00:00,2528.2712,2830.38,3686.4473,2614.6187,3096.571
2007-06-29 02:00:00,2528.2712,2830.38,3686.4473,2614.6187,3096.571
2007-06-29 03:00:00,2528.2712,2830.38,3686.4473,2614.6187,3096.571
2007-06-29 04:00:00,2528.2712,2830.38,3686.4473,2614.6187,3096.571
2007-06-29 05:00:00,2528.2712,2830.38,3686.4473,2614.6187,3096.571
2007-06-29 06:00:00,2528.2712,2830.38,3686.4473,2614.6187,3096.571
2007-06-29 07:00:00,2528.297,2830.38,3686.4473,2614.6187,3096.571
2007-06-29 08:00:00,2528.297,2830.38,3686.4473,2614.6187,3096.571
2007-06-29 09:00:00,2528.3381,2830.38,3686.4473,2614.6187,3096.571
2007-06-29 10:00:00,2528.3381,2830.38,3686.4473,2614.6187,3096.571
2007-06-29 11:00:00,2528.3381,2830.38,3686.4473,2614.6187,3096.571
2007-06-29 12:00:00,2528.3381,2830.38,3686.4473,2614.6187,3096.571
2007-06-29 13:00:00,2528.3381,2830.38,3686.4473,2614.6187,3096.571
2007-06-29 14:00:00,2528.3381,2830.38,3686.4473,2614.6187,3096.571
2007-06-29 15:00:00,2528.3381,2830.38,3686.4473,2614.6187,3096.571
2007-06-29 16:00:00,2528.3381,2830.38,3686.4473,2614.6187,3096.571
2007-06-29 17:00:00,2528.3381,2830.38,3686.4473,2614.6187,3096.571
2007-06-29 18:00:00,2528.3381,2830.38,3686.4473,2614.6187,3096.571
2007-06-29 19:00:00,2528.3381,2830.38,3686.4473,2614.6187,3096.571
2007-06-29 20:00:00,2528.3381,2830.38,3686.4473,2614.6187,3096.571
2007-06-29 21:00:00,2528.3381,2830.38,3686.4473,2614.6187,3096.571
2007-06-29 22:00:00,2528.3381,2830.38,3686.4473,2614.6187,3096.571
2007-06-29 23:00:00,2528.3381,2830.38,3686.4473,2614.6187,3096.571
2007-06-30 00:00:00,2528.3381,2830.38,3686.4473,2614.6187,3096.571
2007-06-30 01:00:00,2528.3381,2830.38,3686.4473,2614.6187,3096.571
2007-06-30 02:00:00,2528.3381,2830.38,3686.4473,2614.6187,3096.571
2007-06-30 03:00:00,2528.3381,2830.38,3686.4473,2614.6187,3096.571
2007-06-30 04:00:00,2528.3381,2830.38,3686.4473,2614.6187,3096.571
2007-06-30 05:00:00,2528.3381,2830.38,3686.4473,2614.6187,3096.571
2007-06-30 06:00:00,2528.3381,2830.38,3686.4473,2614.6187,3096.571
2007-06-30 07:00:00,2528.3381,2830.38,3686.4473,2614.6187,3096.571
2007-06-30 08:00:00,2528.3381,2830.38,3686.4473,2614.6187,3096.571
2007-06-30 09:00:00,2528.3381,2830.38,3686.4473,2614.6187,3096.571
2007-06-30 10:00:00,2528.3381,2830.38,3686.4473,2614.6187,3096.571
2007-06-30 11:00:00,2528.3381,2830.38,3686.4473,2614.6187,3096.571
2007-06-30 12:00:00,2528.3381,2830.38,3686.4473,2614.6187,3096.571
2007-06-30 13:00:00,2528.3381,2830.38,3686.4473,2614.6187,3096.571
2007-06-30 14:00:00,2528.3381,2830.38,3686.4473,2614.6187,3096.571
2007-06-30 15:00:00,2528.3381,2830.38,3686.4473,2614.6187,3096.571
2007-06-30 16:00:00,2528.3381,2830.38,3686.4473,2614.6187,3096.571
2007-06-30 17:00:00,2528.3381,2830.38,3686.4473,2614.6187,3096.571
2007-06-30 18:00:00,2528.3381,2830.38,3686.4473,2614.6187,3096.571
2007-06-30 19:00:00,2528.3381,2830.38,3686.4473,2614.6187,3096.571
2007-06-30 20:00:00,2528.3381,2830.38,3686.4473,2614.6187,3096.571
2007-06-30 21:00:00,2528.3381,2830.38,3686.4473,2614.6187,3096.571
2007-06-30 22:00:00,2528.3381,2830.38,3686.4473,2614.6187,3096.571
2007-06-30 23:00:00,2528.3381,2830.38,3686.4473,2614.6187,3096.571
2007-07-01 00:00:00,2528.3381,2830.38,3686.4473,2614.6187,3096.571
2007-07-01 01:00:00,2528.3381,2830.38,3686.4473,2614.6187,3096.571
2007-07-01 02:00:00,2528.3381,2830.38,3686.4473,2614.6187,3096.571
2007-07-01 03:00:00,2528.3381,2830.38,3686.4473,2614.6187,3096.571
2007-07-01 04:00:00,2528.3381,2830.38,3686.4473,2614.6187,3096.571
2007-07-01 05:00:00,2528.3381,2830.38,3686.4473,2614.6187,3096.571
2007-07-01 06:00:00,2528.3381,2830.38,3686.4473,2614.6187,3096.571
2007-07-01 07:00:00,2528.3381,2830.38,3686.4473,2614.6187,3096.571
2007-07-01 08:00:00,2528.3381,2830.38,3686.4473,2614.6187,3096.571
2007-07-01 09:00:00,2528.3381,2830.38,3686.4473,2614.6187,3096.571
2007-07-01 10:00:00,2528.3381,2830.38,3686.4473,2614.6187,3096.571
2007-07-01 11:00:00,2528.3381,2830.38,3686.4473,2614.6187,3096.571
2007-07-01 12:00:00,2528.3381,2830.38,3686.4473,2614.6187,3096.571
2007-07-01 13:00:00,2528.3381,2830.38,3686.4473,2614.6187,3096.571
2007-07-01 14:00:00,2528.3381,2830.38,3686.4473,2614.6187,3096.571
2007-07-01 15:00:00,2528.3381,2830.38,3686.4473,2614.6187,3096.571
2007-07-01 16:00:00,2528.3381,2830.38,3686.4473,2614.6187,3096.571
2007-07-01 17:00:00,2528.3381,2830.38,3686.4473,2614.6187,3096.571
2007-07-01 18:00:00,2528.3381,2830.38,3686.4473,2614.6187,3096.571
2007-07-01 19:00:00,2528.3381,2830.38,3686.4473,2614.6187,3096.571
2007-07-01 20:00:00,2528.3381,2830.38,3686.4473,2614.6187,3096.571
2007-07-01 21:00:00,2528.3381,2830.38,3686.4473,2614.6187,3096.571
2007-07-01 22:00:00,2528.3381,2830.38,3686.4473,2614.6187,3096.571
2007-07-01 23:00:00,2528.3381,2830.38,3686.4473,2614.6187,3096.571
2007-07-02 00:00:00,2528.3381,2830.38,3686.4473,2614.6187,3096.571
2007-07-02 01:00:00,2528.3381,2830.38,3686.4473,2614.6187,3096.571
2007-07-02 02:00:00,2528.3381,2830.38,3686.4473,2614.6187,3096.571
2007-07-02 03:00:00,2528.3406,2830.38,3686.4473,2614.6187,3096.571
2007-07-02 04:00:00,2528.4197,2830.38,3686.4473,2614.6187,3096.571
2007-07-02 05:00:00,2528.4197,2830.38,3686.4473,2614.6187,3096.571
2007-07-02 06:00:00,2528.4197,2830.38,3686.4473,2614.6187,3096.571
2007-07-02 07:00:00,2528.4197,2830.38,3686.4473,2614.6187,3096.571
2007-07-02 08:00:00,2528.4197,2830.38,3686.4473,2614.6187,3096.571
2007-07-02 09:00:00,2528.4197,2830.38,3686.5168,2614.6187,3096.571
2007-07-02 10:00:00,2528.4197,2830.5474,3686.5369,2614.6187,3096.571
2007-07-02 11:00:00,2528.4197,2830.803,3686.5369,2614.6187,3096.571
2007-07-02 12:00:00,2528.4197,2831.3306,3686.5369,2614.6187,3096.571
2007-07-02 13:00:00,2528.4197,2831.7146,3686.5369,2614.7188,3096.571
2007-07-02 14:00:00,2528.4465,2831.7534,3686.5369,2614.9004,3096.571
2007-07-02 15:00:00,2528.5105,2831.7534,3686.5369,2615.1045,3096.571
2007-07-02 16:00:00,2528.5215,2831.7534,3686.5369,2615.3386,3096.571
2007-07-02 17:00:00,2528.5215,2831.7534,3686.5369,2615.4407,3096.571
2007-07-02 18:00:00,2528.5215,2831.7534,3686.5369,2615.4407,3096.571
2007-07-02 19:00:00,2528.5215,2831.7534,3686.5369,2615.4407,3096.571
2007-07-02 20:00:00,2528.5215,2831.7534,3686.5369,2615.4407,3096.571
2007-07-02 21:00:00,2528.5215,2831.7876,3686.5369,2615.5286,3096.571
2007-07-02 22:00:00,2528.5215,2831.8472,3686.5369,2615.5676,3096.571
2007-07-02 23:00:00,2529.3906,2833.0837,3686.5369,2616.2336,3096.5796
2007-07-03 00:00:00,2531.658,2834.0354,3686.7163,2618.33,3097.0403
2007-07-03 01:00:00,2533.9463,2835.5452,3687.2888,2621.1294,3097.5107
2007-07-03 02:00:00,2535.2227,2837.3079,3687.8054,2623.4604,3098.218
2007-07-03 03:00:00,2536.1243,2839.14,3688.8008,2625.689,3099.332
2007-07-03 04:00:00,2536.834,2841.6963,3689.6548,2627.7861,3100.6936
2007-07-03 05:00:00,2537.3293,2844.76,3690.614,2629.1633,3102.204
2007-07-03 06:00:00,2538.0764,2846.8174,3691.2017,2630.17,3102.9053
2007-07-03 07:00:00,2538.6748,2848.962,3692.0671,2631.0088,3103.4163
2007-07-03 08:00:00,2539.4385,2850.5183,3693.1902,2631.5752,3103.88
2007-07-03 09:00:00,2540.0422,2851.0762,3693.8613,2632.1487,3104.1523
2007-07-03 10:00:00,2540.72,2851.2825,3694.0762,2632.9644,3104.2627
2007-07-03 11:00:00,2542.457,2851.7205,3694.7239,2634.0706,3104.2627
2007-07-03 12:00:00,2543.8176,2852.1504,3695.6768,2635.4458,3104.2627
2007-07-03 13:00:00,2545.1611,2852.9968,3696.9539,2636.689,3104.3018
2007-07-03 14:00:00,2546.1738,2854.3364,3698.0955,2638.6309,3104.465
2007-07-03 15:00:00,2547.0503,2856.584,3699.301,2639.7112,3105.5725
2007-07-03 16:00:00,2547.0503,2857.2046,3700.7393,2640.2957,3106.0178
2007-07-03 17:00:00,2547.0889,2857.3442,3701.6548,2640.3289,3106.5127
2007-07-03 18:00:00,2547.25,2857.3442,3702.216,2640.3289,3107.3718
2007-07-03 19:00:00,2547.25,2861.9297,3702.737,2640.7485,3109.2769
2007-07-03 20:00:00,2547.3994,2863.6143,3705.8093,2642.9265,3110.6968
2007-07-03 21:00:00,2547.6006,2864.8535,3708.539,2644.1763,3111.737
2007-07-03 22:00:00,2548.308,2865.6543,3709.7302,2644.6582,3112.0437
2007-07-03 23:00:00,2549.4155,2866.8857,3712.068,2645.5242,3112.2644
2007-07-04 00:00:00,2549.594,2868.5623,3715.3445,2646.4756,3112.4639
2007-07-04 01:00:00,2549.7764,2870.7722,3717.5588,2648.1191,3112.8118
2007-07-04 02:00:00,2550.0784,2873.4912,3718.8335,2649.9727,3113.2498
2007-07-04 03:00:00,2550.161,2875.7563,3719.8035,2650.7212,3113.6946
2007-07-04 04:00:00,2550.1667,2876.5293,3721.0286,2652.6006,3113.8975
2007-07-04 05:00:00,2550.1667,2877.0188,3721.6013,2652.7373,3114.0361
2007-07-04 06:00:00,2550.1667,2877.0188,3721.6013,2652.7373,3114.1084
2007-07-04 07:00:00,2550.1667,2877.0188,3721.7954,2652.7747,3114.1084
2007-07-04 08:00:00,2550.4275,2877.0188,3722.6248,2652.9568,3114.1133
2007-07-04 09:00:00,2550.872,2877.1692,3723.1023,2653.7422,3114.1782
2007-07-04 10:00:00,2551.1196,2877.547,3724.289,2654.7388,3114.5615
2007-07-04 11:00:00,2551.168,2877.8977,3726.6794,2654.9553,3114.577
2007-07-04 12:00:00,2551.2095,2878.6199,3727.8599,2655.5977,3114.8699
2007-07-04 13:00:00,2551.5273,2878.7964,3727.9792,2656.5935,3116.73
2007-07-04 14:00:00,2552.31,2878.8154,3728.9788,2656.6152,3117.8572
2007-07-04 15:00:00,2552.502,2879.681,3729.1882,2656.6152,3118.2617
2007-07-04 16:00:00,2552.502,2879.71,3729.204,2656.6152,3118.8289
2007-07-04 17:00:00,2552.502,2879.71,3729.204,2656.6152,3118.8289
2007-07-04 18:00:00,2552.502,2879.71,3729.204,2656.6152,3118.8289
2007-07-04 19:00:00,2552.502,2879.71,3729.204,2656.6152,3118.8289
2007-07-04 20:00:00,2552.502,2879.71,3729.204,2656.6152,3118.8289
2007-07-04 21:00:00,2552.502,2879.7288,3729.204,2656.6152,3118.8289
2007-07-04 22:00:00,2552.502,2879.7288,3729.204,2656.6152,3118.8289
2007-07-04 23:00:00,2552.5847,2879.7288,3729.204,2656.6184,3118.8289
2007-07-05 00:00:00,2552.6538,2879.7288,3729.204,2656.7244,3118.8289
2007-07-05 01:00:00,2552.6538,2879.7288,3729.204,2656.7244,3118.8289
2007-07-05 02:00:00,2552.6538,2879.7288,3729.204,2656.7244,3118.8289
2007-07-05 03:00:00,2552.6538,2879.7288,3729.204,2656.7385,3118.8289
2007-07-05 04:00:00,2552.6538,2879.76,3729.2214,2656.7385,3118.8289
2007-07-05 05:00:00,2552.696,2879.76,3729.2744,2656.7385,3118.8289
2007-07-05 06:00:00,2552.7576,2879.76,3729.417,2656.7385,3118.8289
2007-07-05 07:00:00,2552.7668,2879.76,3729.417,2656.9536,3118.8289
2007-07-05 08:00:00,2552.7668,2879.7888,3729.417,2657.5813,3118.8289
2007-07-05 09:00:00,2552.808,2879.8223,3729.417,2657.696,3118.8289
2007-07-05 10:00:00,2552.808,2879.8223,3729.417,2657.696,3118.8289
2007-07-05 11:00:00,2552.808,2879.8223,3729.417,2657.696,3118.8289
2007-07-05 12:00:00,2552.808,2879.8223,3729.417,2657.696,3118.8289
2007-07-05 13:00:00,2553.2097,2879.8223,3729.444,2657.9285,3118.8289
2007-07-05 14:00:00,2553.459,2879.9883,3729.5261,2658.4966,3118.8481
2007-07-05 15:00:00,2553.7476,2880.0896,3729.643,2658.5554,3118.96
2007-07-05 16:00:00,2554.0002,2880.0896,3729.643,2658.649,3118.96
2007-07-05 17:00:00,2554.1372,2880.0896,3729.643,2659.2827,3118.96
2007-07-05 18:00:00,2554.1372,2880.0896,3729.6602,2659.3403,3118.96
2007-07-05 19:00:00,2554.1372,2880.0896,3729.6602,2659.3403,3118.96
2007-07-05 20:00:00,2554.1372,2880.0896,3729.6602,2659.3403,3118.96
2007-07-05 21:00:00,2554.1372,2880.0896,3729.6602,2659.3403,3118.96
2007-07-05 22:00:00,2554.1372,2880.0896,3729.6602,2659.3403,3118.96
2007-07-05 23:00:00,2554.1372,2880.0896,3729.6602,2659.3403,3118.96
2007-07-06 00:00:00,2554.1372,2880.0896,3729.6602,2659.3403,3118.96
2007-07-06 01:00:00,2554.1372,2880.0896,3729.6602,2659.3403,3118.96
2007-07-06 02:00:00,2554.1372,2880.0896,3729.6602,2659.3403,3118.96
2007-07-06 03:00:00,2554.1372,2880.0896,3729.6602,2659.3403,3118.96
2007-07-06 04:00:00,2554.1372,2880.0896,3729.6602,2659.3403,3118.96
2007-07-06 05:00:00,2554.1372,2880.0896,3729.6602,2659.3403,3118.96
2007-07-06 06:00:00,2554.1372,2880.0896,3729.6602,2659.3403,3118.96
2007-07-06 07:00:00,2554.1372,2880.0896,3729.6602,2659.3403,3118.96
2007-07-06 08:00:00,2554.1372,2880.0896,3729.6602,2659.3403,3118.96
2007-07-06 09:00:00,2554.1372,2880.0896,3729.6602,2659.3403,3118.96
2007-07-06 10:00:00,2554.1372,2880.0896,3729.6602,2659.3403,3118.96
2007-07-06 11:00:00,2554.1372,2880.0896,3729.6602,2659.3403,3118.96
2007-07-06 12:00:00,2554.1372,2880.0896,3729.6602,2659.3403,3118.96
2007-07-06 13:00:00,2554.1372,2880.0896,3729.6602,2659.3403,3118.96
2007-07-06 14:00:00,2554.1372,2880.0896,3729.6602,2659.3403,3118.96
2007-07-06 15:00:00,2554.1372,2880.0896,3729.6602,2659.3403,3118.96
2007-07-06 16:00:00,2554.1372,2880.0896,3729.6602,2659.3403,3118.96
2007-07-06 17:00:00,2554.1372,2880.0896,3729.6602,2659.3403,3118.96
2007-07-06 18:00:00,2554.1372,2880.0896,3729.6602,2659.3403,3118.96
2007-07-06 19:00:00,2554.1372,2880.0896,3729.6602,2659.3403,3118.96
2007-07-06 20:00:00,2554.1372,2880.0896,3729.6602,2659.3403,3118.96
2007-07-06 21:00:00,2554.1372,2880.0896,3729.6602,2659.3403,3118.96
2007-07-06 22:00:00,2554.1372,2880.0896,3729.6602,2659.3403,3118.96
2007-07-06 23:00:00,2554.1372,2880.0896,3729.6602,2659.3403,3118.96
2007-07-07 00:00:00,2554.1372,2880.0896,3729.6602,2659.3403,3118.96
2007-07-07 01:00:00,2554.1372,2880.0896,3729.6602,2659.3403,3118.96
2007-07-07 02:00:00,2554.1372,2880.0896,3729.6602,2659.3403,3118.96
2007-07-07 03:00:00,2554.1372,2880.0896,3729.6602,2659.3403,3118.96
2007-07-07 04:00:00,2554.1372,2880.0896,3729.6602,2659.3403,3118.96
2007-07-07 05:00:00,2554.1372,2880.0896,3729.6602,2659.3403,3118.96
2007-07-07 06:00:00,2554.1372,2880.0896,3729.6602,2659.3403,3118.96
2007-07-07 07:00:00,2554.1372,2880.0896,3729.6602,2659.3403,3118.96
2007-07-07 08:00:00,2554.1372,2880.0896,3729.6602,2659.3403,3118.96
2007-07-07 09:00:00,2554.1372,2880.0896,3729.6602,2659.3403,3118.96
2007-07-07 10:00:00,2554.1372,2880.0896,3729.6602,2659.3403,3118.96
2007-07-07 11:00:00,2554.1372,2880.0896,3729.6602,2659.3403,3118.96
2007-07-07 12:00:00,2554.1372,2880.0896,3729.6602,2659.3403,3118.96
2007-07-07 13:00:00,2554.1372,2880.0896,3729.6602,2659.3403,3118.96
2007-07-07 14:00:00,2554.1372,2880.0896,3729.6602,2659.3403,3118.96
2007-07-07 15:00:00,2554.1372,2880.0896,3729.6602,2659.3403,3118.96
2007-07-07 16:00:00,2554.1372,2880.0896,3729.6602,2659.3403,3118.96
2007-07-07 17:00:00,2554.1372,2880.0896,3729.6602,2659.3403,3118.96
2007-07-07 18:00:00,2554.1372,2880.0896,3729.6602,2659.3403,3118.96
2007-07-07 19:00:00,2554.1372,2880.0896,3729.6602,2659.3403,3119.0178
2007-07-07 20:00:00,2554.1372,2880.0896,3729.6602,2659.3403,3119.298
2007-07-07 21:00:00,2554.1372,2880.0896,3729.6602,2659.3403,3119.4365
2007-07-07 22:00:00,2554.1372,2880.0896,3729.6602,2659.3403,3119.4365
2007-07-07 23:00:00,2554.1372,2880.0896,3729.6602,2659.3403,3119.4365
2007-07-08 00:00:00,2554.1372,2880.0896,3729.6602,2659.3403,3119.4365
2007-07-08 01:00:00,2554.1372,2880.0896,3729.6602,2659.3403,3119.4365
2007-07-08 02:00:00,2554.1372,2880.0896,3729.6602,2659.3403,3119.4365
2007-07-08 03:00:00,2554.1372,2880.0896,3729.6602,2659.3403,3119.4365
2007-07-08 04:00:00,2554.1372,2880.0896,3729.6658,2659.3403,3119.4832
2007-07-08 05:00:00,2554.1372,2880.0896,3729.6658,2659.3403,3120.0947
2007-07-08 06:00:00,2554.1372,2880.1802,3729.6658,2659.3403,3123.5066
2007-07-08 07:00:00,2554.1372,2880.5667,3729.6658,2659.3403,3127.1313
2007-07-08 08:00:00,2554.1372,2881.0432,3729.6658,2659.3403,3128.7444
2007-07-08 09:00:00,2554.1372,2881.5593,3729.6658,2659.3403,3128.8413
2007-07-08 10:00:00,2554.1372,2881.9316,3729.6658,2659.3403,3128.8726
2007-07-08 11:00:00,2554.1372,2881.9587,3729.6658,2659.3403,3128.8726
2007-07-08 12:00:00,2554.1372,2881.9587,3729.6658,2659.3403,3128.9617
2007-07-08 13:00:00,2554.1372,2881.9587,3729.6658,2659.3403,3128.9617
2007-07-08 14:00:00,2554.1372,2881.9587,3729.6658,2659.3403,3129.0347
2007-07-08 15:00:00,2554.1372,2881.9587,3729.6658,2659.3403,3130.23
2007-07-08 16:00:00,2554.1548,2881.9587,3729.7083,2659.3403,3130.475
2007-07-08 17:00:00,2554.5857,2882.0154,3729.9834,2659.5427,3130.8936
2007-07-08 18:00:00,2555.4895,2882.39,3730.2932,2659.8962,3131.6987
2007-07-08 19:00:00,2556.7573,2883.2666,3731.5435,2660.6294,3132.5054
2007-07-08 20:00:00,2557.9822,2884.4229,3731.98,2661.2341,3133.5376
2007-07-08 21:00:00,2559.0032,2885.3328,3732.6155,2661.9922,3134.764
2007-07-08 22:00:00,2559.996,2886.567,3733.154,2662.7617,3136.1633
2007-07-08 23:00:00,2560.6091,2887.6604,3733.5398,2663.3494,3136.958
2007-07-09 00:00:00,2561.3755,2888.646,3734.0105,2663.817,3137.8171
2007-07-09 01:00:00,2562.358,2889.2908,3734.7048,2663.995,3138.5642
2007-07-09 02:00:00,2563.3875,2890.0388,3735.488,2664.7898,3139.4578
2007-07-09 03:00:00,2563.6643,2891.12,3736.075,2665.76,3140.588
2007-07-09 04:00:00,2563.851,2892.2424,3736.1467,2666.2383,3141.747
2007-07-09 05:00:00,2563.851,2892.904,3736.9053,2666.473,3142.357
2007-07-09 06:00:00,2564.0972,2893.293,3737.1882,2667.2053,3143.5613
2007-07-09 07:00:00,2565.0398,2894.4377,3737.376,2668.4722,3144.7686
2007-07-09 08:00:00,2565.3254,2895.8157,3737.557,2669.2466,3146.6643
2007-07-09 09:00:00,2565.9568,2896.892,3737.8154,2669.7258,3148.2964
2007-07-09 10:00:00,2566.388,2897.7007,3738.3408,2670.0742,3149.0842
2007-07-09 11:00:00,2566.7134,2898.1611,3738.4873,2670.3901,3149.9397
2007-07-09 12:00:00,2567.0745,2899.0847,3738.6404,2670.686,3150.5696
2007-07-09 13:00:00,2567.3674,2899.572,3738.8154,2670.9082,3151.6477
2007-07-09 14:00:00,2567.7744,2900.1902,3739.048,2671.2795,3152.3206
2007-07-09 15:00:00,2568.2996,2901.0752,3739.5022,2671.8442,3153.043
2007-07-09 16:00:00,2568.6797,2902.0579,3740.1094,2672.5159,3154.0095
2007-07-09 17:00:00,2568.839,2902.8008,3740.7205,2672.903,3155.1953
2007-07-09 18:00:00,2569.1006,2903.0938,3741.1743,2673.2402,3156.2708
2007-07-09 19:00:00,2569.405,2903.297,3741.4368,2673.5288,3157.1062
2007-07-09 20:00:00,2569.47,2903.563,3741.6443,2673.8079,3157.2737
2007-07-09 21:00:00,2569.47,2903.7095,3741.7827,2673.8193,3157.436
2007-07-09 22:00:00,2569.47,2903.727,3741.9485,2673.8193,3157.5093
2007-07-09 23:00:00,2569.47,2903.727,3741.9485,2673.8193,3157.6558
2007-07-10 00:00:00,2569.47,2903.727,3741.9485,2673.8193,3157.673
2007-07-10 01:00:00,2569.47,2903.727,3741.9485,2673.8193,3157.6956
2007-07-10 02:00:00,2569.47,2903.727,3741.9485,2673.8193,3157.7148
2007-07-10 03:00:00,2569.47,2903.727,3741.9485,2673.8193,3157.7148
2007-07-10 04:00:00,2569.47,2903.727,3741.9485,2673.8193,3157.7756
2007-07-10 05:00:00,2569.47,2903.727,3741.9485,2673.8193,3157.7756
2007-07-10 06:00:00,2569.47,2903.727,3741.9485,2673.8193,3157.7756
2007-07-10 07:00:00,2569.47,2903.727,3741.9485,2673.8193,3157.7756
2007-07-10 08:00:00,2569.47,2903.727,3741.9485,2673.8193,3157.7756
2007-07-10 09:00:00,2569.47,2903.727,3741.9485,2673.8193,3157.7756
2007-07-10 10:00:00,2569.47,2903.727,3741.9485,2673.8193,3157.7756
2007-07-10 11:00:00,2569.47,2903.727,3741.9485,2673.8193,3157.7756
2007-07-10 12:00:00,2569.47,2903.727,3741.9485,2673.8193,3157.7756
2007-07-10 13:00:00,2569.47,2903.727,3741.9485,2673.8193,3157.7756
2007-07-10 14:00:00,2569.47,2903.727,3741.9485,2673.8193,3157.7756
2007-07-10 15:00:00,2569.47,2903.727,3741.9485,2673.8542,3157.7756
2007-07-10 16:00:00,2569.47,2903.727,3741.9485,2673.8542,3157.8254
2007-07-10 17:00:00,2569.47,2903.727,3741.9485,2673.8542,3157.8467
2007-07-10 18:00:00,2569.47,2903.727,3741.9485,2673.8542,3157.8467
2007-07-10 19:00:00,2569.47,2903.727,3741.9583,2673.8542,3157.8467
2007-07-10 20:00:00,2569.47,2903.727,3742.1047,2673.8542,3157.8467
2007-07-10 21:00:00,2569.47,2903.8362,3742.162,2673.8542,3157.8606
2007-07-10 22:00:00,2569.47,2903.928,3742.162,2673.8542,3158.007
2007-07-10 23:00:00,2569.47,2903.928,3742.162,2673.8542,3158.0576
2007-07-11 00:00:00,2569.47,2903.9727,3742.162,2673.8542,3158.1707
2007-07-11 01:00:00,2569.47,2904.016,3742.162,2673.8542,3158.2043
2007-07-11 02:00:00,2569.47,2904.0935,3742.1792,2673.8542,3158.2043
2007-07-11 03:00:00,2569.47,2904.24,3742.4993,2673.9988,3158.3286
2007-07-11 04:00:00,2569.47,2904.3865,3742.6458,2674.0938,3158.7395
2007-07-11 05:00:00,2569.47,2904.5496,3742.976,2674.0938,3159.1519
2007-07-11 06:00:00,2569.47,2904.9666,3743.1604,2674.0938,3159.5144
2007-07-11 07:00:00,2569.47,2905.2039,3743.307,2674.0938,3159.661
2007-07-11 08:00:00,2569.47,2905.2056,3743.4534,2674.0938,3159.8074
2007-07-11 09:00:00,2569.47,2905.2056,3743.4866,2674.0938,3160.03
2007-07-11 10:00:00,2569.47,2905.3325,3743.5217,2674.0938,3160.2573
2007-07-11 11:00:00,2569.47,2905.5164,3743.5217,2674.0938,3160.5488
2007-07-11 12:00:00,2569.47,2906.204,3743.5217,2674.0938,3160.8252
2007-07-11 13:00:00,2569.47,2906.897,3743.666,2674.5525,3161.149
2007-07-11 14:00:00,2569.47,2907.8823,3743.871,2674.5525,3161.9587
2007-07-11 15:00:00,2569.47,2908.1016,3744.0884,2674.5525,3162.4812
2007-07-11 16:00:00,2569.47,2908.1016,3744.4976,2674.5525,3163.186
2007-07-11 17:00:00,2569.47,2908.1016,3744.564,2674.5525,3163.363
2007-07-11 18:00:00,2569.47,2908.1016,3744.564,2674.5525,3163.5398
2007-07-11 19:00:00,2569.4724,2908.1016,3744.634,2674.5525,3163.5996
2007-07-11 20:00:00,2569.4724,2908.1016,3744.6924,2674.7424,3163.5996
2007-07-11 21:00:00,2569.4724,2908.1016,3744.8323,2674.9463,3163.5996
2007-07-11 22:00:00,2569.4724,2908.1016,3745.3894,2674.9463,3163.5996
2007-07-11 23:00:00,2569.5164,2908.1016,3745.4858,2674.9463,3163.5996
2007-07-12 00:00:00,2569.5164,2908.1016,3745.633,2674.9463,3163.5996
2007-07-12 01:00:00,2569.5164,2908.1016,3745.633,2674.9463,3163.6072
2007-07-12 02:00:00,2569.5164,2908.1016,3745.6846,2674.9463,3163.6072
2007-07-12 03:00:00,2569.5164,2909.465,3745.6846,2674.9463,3163.6501
2007-07-12 04:00:00,2569.5164,2910.8042,3745.6846,2675.4062,3163.783
2007-07-12 05:00:00,2570.0027,2911.825,3746.411,2675.92,3165.1487
2007-07-12 06:00:00,2570.0027,2912.7646,3746.4749,2677.046,3165.8303
2007-07-12 07:00:00,2570.5774,2913.3926,3746.601,2677.7593,3166.2104
2007-07-12 08:00:00,2570.7908,2913.8433,3746.7476,2677.9944,3166.7524
2007-07-12 09:00:00,2571.0188,2914.1775,3746.8418,2678.2583,3167.062
2007-07-12 10:00:00,2571.0989,2914.3962,3746.8418,2679.0862,3167.2085
2007-07-12 11:00:00,2571.26,2914.5427,3746.8418,2679.7817,3167.254
2007-07-12 12:00:00,2571.4688,2914.6892,3746.8418,2680.038,3167.254
2007-07-12 13:00:00,2571.5254,2914.958,3746.8418,2680.1814,3167.254
2007-07-12 14:00:00,2571.658,2915.0498,3746.8418,2680.2383,3167.254
2007-07-12 15:00:00,2571.9749,2915.0818,3746.8418,2680.4602,3167.254
2007-07-12 16:00:00,2572.161,2915.1575,3746.9219,2680.4714,3167.254
2007-07-12 17:00:00,2572.3423,2915.1628,3746.9219,2680.6062,3167.254
2007-07-12 18:00:00,2572.5579,2915.1628,3746.9219,2680.7188,3167.254
2007-07-12 19:00:00,2572.9966,2915.1628,3746.9219,2680.7214,3167.254
2007-07-12 20:00:00,2573.171,2915.1628,3746.9219,2680.7214,3167.254
2007-07-12 21:00:00,2573.3345,2915.1628,3746.9219,2680.7214,3167.254
2007-07-12 22:00:00,2573.5637,2915.1628,3746.9219,2680.7214,3167.254
2007-07-12 23:00:00,2573.8757,2915.1628,3746.9219,2680.7244,3167.254
2007-07-13 00:00:00,2574.1057,2915.1628,3746.9219,2680.8523,3167.254
2007-07-13 01:00:00,2574.2522,2915.1628,3746.9219,2680.8523,3167.254
2007-07-13 02:00:00,2574.3987,2915.274,3746.9219,2680.8523,3167.3264
2007-07-13 03:00:00,2574.4197,2915.3533,3746.9219,2680.9897,3167.4807
2007-07-13 04:00:00,2574.443,2915.4675,3747.0525,2681.1362,3167.561
2007-07-13 05:00:00,2574.7725,2915.614,3747.199,2681.2827,3167.7703
2007-07-13 06:00:00,2575.1272,2915.9424,3747.3455,2681.4292,3168.0286
2007-07-13 07:00:00,2575.3882,2916.129,3747.4592,2681.4854,3168.0723
2007-07-13 08:00:00,2575.5168,2916.129,3747.4592,2681.4854,3168.0723
2007-07-13 09:00:00,2575.537,2916.1929,3747.4592,2681.4854,3168.1218
2007-07-13 10:00:00,2575.537,2916.1929,3747.4592,2681.4854,3168.319
2007-07-13 11:00:00,2575.537,2916.275,3747.4592,2681.4854,3168.332
2007-07-13 12:00:00,2575.537,2916.4114,3747.4592,2681.509,3168.4062
2007-07-13 13:00:00,2575.537,2916.4128,3747.4592,2681.838,3168.5527
2007-07-13 14:00:00,2575.537,2916.4128,3747.4592,2681.9429,3168.6218
2007-07-13 15:00:00,2575.5642,2916.4128,3747.4592,2681.9429,3168.6218
2007-07-13 16:00:00,2575.6438,2916.4128,3747.4592,2681.9429,3168.6218
2007-07-13 17:00:00,2575.6438,2916.4128,3747.4592,2681.9429,3168.6218
2007-07-13 18:00:00,2575.6438,2916.4128,3747.4592,2681.9429,3168.6218
2007-07-13 19:00:00,2575.6438,2916.4128,3747.4592,2681.9429,3168.6218
2007-07-13 20:00:00,2575.6438,2916.4128,3747.4592,2681.9429,3168.6218
2007-07-13 21:00:00,2575.6438,2916.4128,3747.4592,2681.9429,3168.6218
2007-07-13 22:00:00,2575.6438,2916.4128,3747.4592,2681.9429,3168.6218
2007-07-13 23:00:00,2575.6438,2916.4128,3747.4592,2681.9429,3168.6218
2007-07-14 00:00:00,2575.6438,2916.4128,3747.4592,2681.9429,3168.6218
2007-07-14 01:00:00,2575.6438,2916.4128,3747.4592,2681.9429,3168.6218
2007-07-14 02:00:00,2575.6438,2916.4128,3747.4592,2681.9429,3168.6218
2007-07-14 03:00:00,2575.6438,2916.4128,3747.4592,2681.9429,3168.6218
2007-07-14 04:00:00,2575.6438,2916.4128,3747.4592,2681.9429,3168.6218
2007-07-14 05:00:00,2575.6438,2916.4128,3747.4592,2681.9429,3168.6218
2007-07-14 06:00:00,2575.6438,2916.4128,3747.4592,2681.9429,3168.6218
2007-07-14 07:00:00,2575.6438,2916.4128,3747.4592,2681.9429,3168.6218
2007-07-14 08:00:00,2575.6438,2916.4128,3747.4592,2681.9429,3168.6218
2007-07-14 09:00:00,2575.6438,2916.4128,3747.4592,2681.9429,3168.6218
2007-07-14 10:00:00,2575.6438,2916.4128,3747.4592,2681.9429,3168.6218
2007-07-14 11:00:00,2575.6438,2916.4128,3747.4592,2681.9429,3168.6218
2007-07-14 12:00:00,2575.6438,2916.4128,3747.4592,2681.9429,3168.6218
2007-07-14 13:00:00,2575.6438,2916.4128,3747.4592,2681.9429,3168.6218
2007-07-14 14:00:00,2575.6438,2916.4128,3747.4592,2681.9429,3168.6218
2007-07-14 15:00:00,2575.6438,2916.564,3747.4592,2682.1692,3168.6218
2007-07-14 16:00:00,2575.9763,2917.5962,3747.4998,2683.8425,3169.412
2007-07-14 17:00:00,2577.0784,2920.426,3747.87,2685.9976,3170.8616
2007-07-14 18:00:00,2578.9639,2922.589,3748.977,2687.486,3172.164
2007-07-14 19:00:00,2580.4216,2923.5588,3750.9749,2688.6917,3173.227
2007-07-14 20:00:00,2581.317,2923.667,3752.77,2689.0996,3173.4946
2007-07-14 21:00:00,2581.9111,2923.667,3752.9102,2689.0996,3173.5488
2007-07-14 22:00:00,2581.93,2923.6924,3752.9102,2689.3113,3173.5676
2007-07-14 23:00:00,2581.93,2923.6924,3752.9102,2689.659,3173.5676
2007-07-15 00:00:00,2581.93,2923.7434,3752.9102,2690.3555,3173.6013
2007-07-15 01:00:00,2581.93,2924.2476,3752.9355,2691.1077,3173.6013
2007-07-15 02:00:00,2581.93,2924.3052,3752.9355,2691.1077,3173.6013
2007-07-15 03:00:00,2581.93,2924.3394,3752.9355,2691.6125,3173.7783
2007-07-15 04:00:00,2581.93,2924.3394,3752.9924,2691.7083,3173.7783
2007-07-15 05:00:00,2581.93,2924.4446,3752.9924,2691.7083,3173.7783
2007-07-15 06:00:00,2581.93,2924.4446,3752.9924,2691.7083,3173.7783
2007-07-15 07:00:00,2581.93,2924.4446,3752.9924,2691.7083,3173.7783
2007-07-15 08:00:00,2581.93,2924.4924,3753.0571,2691.7393,3173.7827
2007-07-15 09:00:00,2581.93,2924.4924,3753.1548,2691.7393,3174.175
2007-07-15 10:00:00,2581.93,2924.53,3753.1548,2691.7393,3174.206
2007-07-15 11:00:00,2581.93,2924.53,3753.1548,2691.7393,3174.2197
2007-07-15 12:00:00,2581.93,2924.6897,3753.1863,2691.7393,3174.2454
2007-07-15 13:00:00,2581.961,2925.3933,3753.1863,2691.7952,3174.899
2007-07-15 14:00:00,2582.0186,2926.0642,3753.1863,2695.8152,3175.0718
2007-07-15 15:00:00,2582.4355,2926.5847,3753.225,2696.0503,3175.532
2007-07-15 16:00:00,2582.4692,2926.963,3753.6821,2696.1409,3175.892
2007-07-15 17:00:00,2582.4863,2926.9653,3754.2964,2696.1409,3175.9897
2007-07-15 18:00:00,2582.5967,2926.9753,3754.2976,2696.163,3176.454
2007-07-15 19:00:00,2582.605,2927.0442,3754.3206,2696.2083,3176.7532
2007-07-15 20:00:00,2582.6824,2927.0986,3754.3206,2696.2554,3178.0571
2007-07-15 21:00:00,2582.7014,2927.3877,3754.7207,2696.7917,3178.5393
2007-07-15 22:00:00,2583.0376,2927.5515,3755.7612,2697.551,3178.6204
2007-07-15 23:00:00,2583.4292,2927.6006,3755.7937,2697.706,3178.6628
2007-07-16 00:00:00,2583.4292,2927.6006,3756.0698,2697.774,3178.7737
2007-07-16 01:00:00,2583.4292,2927.6006,3756.734,2697.774,3178.8386
2007-07-16 02:00:00,2583.4292,2927.6006,3756.7827,2697.774,3178.8386
2007-07-16 03:00:00,2583.4292,2927.6006,3756.7827,2697.774,3178.8386
2007-07-16 04:00:00,2583.4292,2927.6006,3756.7827,2697.774,3178.9216
2007-07-16 05:00:00,2583.4292,2927.6006,3756.7827,2697.774,3178.9216
2007-07-16 06:00:00,2583.4292,2927.6006,3756.7827,2697.774,3178.9216
2007-07-16 07:00:00,2583.4292,2927.6006,3756.7827,2697.774,3178.9216
2007-07-16 08:00:00,2583.4292,2927.6006,3756.7827,2697.774,3178.9216
2007-07-16 09:00:00,2583.4292,2927.6006,3756.7827,2697.774,3178.9216
2007-07-16 10:00:00,2583.4292,2927.6006,3756.7827,2697.774,3178.9216
2007-07-16 11:00:00,2583.4292,2927.6006,3756.7827,2697.774,3178.9216
2007-07-16 12:00:00,2583.4292,2927.6006,3756.7827,2697.774,3178.9216
2007-07-16 13:00:00,2583.4292,2927.6006,3756.7827,2697.774,3178.9216
2007-07-16 14:00:00,2583.4292,2927.6006,3756.7827,2697.774,3178.9216
2007-07-16 15:00:00,2583.4292,2927.6006,3756.7827,2697.774,3178.9216
2007-07-16 16:00:00,2583.4292,2927.6006,3756.7827,2697.774,3178.9216
2007-07-16 17:00:00,2583.4292,2927.6006,3756.7827,2697.774,3178.9216
2007-07-16 18:00:00,2583.4292,2927.6006,3756.7827,2697.774,3178.9216
2007-07-16 19:00:00,2583.4292,2927.6006,3756.7827,2697.774,3178.9216
2007-07-16 20:00:00,2583.4292,2927.686,3756.7827,2697.8286,3178.9216
2007-07-16 21:00:00,2583.6687,2928.2642,3757.015,2698.5247,3179.3013
2007-07-16 22:00:00,2584.424,2929.4841,3757.6125,2699.2805,3179.8262
2007-07-16 23:00:00,2585.6926,2929.908,3758.4893,2700.1897,3180.4553
2007-07-17 00:00:00,2585.936,2929.908,3759.1348,2700.2666,3181.2473
2007-07-17 01:00:00,2585.936,2929.908,3759.3962,2700.2666,3181.2473
2007-07-17 02:00:00,2585.984,2929.9324,3759.5107,2700.4644,3181.2473
2007-07-17 03:00:00,2586.2463,2929.9324,3759.5408,2700.6963,3181.2473
2007-07-17 04:00:00,2586.3452,2929.9324,3759.5408,2700.6963,3181.2473
2007-07-17 05:00:00,2586.3452,2929.9324,3759.5408,2700.6963,3181.2473
2007-07-17 06:00:00,2586.3452,2929.9324,3759.5408,2700.6963,3181.2473
2007-07-17 07:00:00,2586.3452,2930.0046,3759.5408,2700.7024,3181.2473
2007-07-17 08:00:00,2586.5002,2931.748,3759.633,2703.0586,3181.4626
2007-07-17 09:00:00,2587.4392,2933.2676,3760.2131,2704.84,3182.2007
2007-07-17 10:00:00,2587.667,2933.727,3761.257,2705.1648,3182.2778
2007-07-17 11:00:00,2587.8203,2933.9475,3762.9705,2706.0999,3182.5754
2007-07-17 12:00:00,2588.5574,2933.9475,3765.7825,2706.222,3182.6584
2007-07-17 13:00:00,2589.1033,2934.0715,3767.921,2706.3494,3182.6833
2007-07-17 14:00:00,2589.6895,2934.136,3769.641,2708.0334,3182.726
2007-07-17 15:00:00,2590.1836,2936.4958,3771.2456,2712.4863,3183.0823
2007-07-17 16:00:00,2592.0222,2941.8687,3774.5002,2714.871,3184.5598
2007-07-17 17:00:00,2592.6096,2943.4077,3776.523,2718.5396,3187.3823
2007-07-17 18:00:00,2597.4058,2945.5627,3779.8176,2722.0176,3189.3352
2007-07-17 19:00:00,2599.4524,2946.4187,3781.3958,2725.2961,3192.8574
2007-07-17 20:00:00,2601.796,2947.279,3783.326,2726.2231,3196.9155
2007-07-17 21:00:00,2604.765,2948.7803,3785.6636,2727.4153,3199.7202
2007-07-17 22:00:00,2607.2803,2953.2952,3788.957,2728.6765,3203.392
2007-07-17 23:00:00,2610.1165,2957.8901,3792.4192,2730.1536,3207.3577
2007-07-18 00:00:00,2613.634,2963.2815,3795.666,2732.3755,3211.1616
2007-07-18 01:00:00,2617.4377,2966.3933,3799.0654,2734.0256,3213.8867
2007-07-18 02:00:00,2620.5244,2969.0427,3800.9902,2735.9448,3215.9639
2007-07-18 03:00:00,2622.5022,2971.1248,3802.49,2738.264,3218.2573
2007-07-18 04:00:00,2624.169,2973.108,3804.031,2739.5693,3220.1582
2007-07-18 05:00:00,2625.487,2974.2869,3805.778,2740.397,3221.3906
2007-07-18 06:00:00,2626.509,2975.2568,3806.3877,2742.1157,3222.244
2007-07-18 07:00:00,2627.8918,2976.0225,3806.7896,2743.461,3222.758
2007-07-18 08:00:00,2628.0066,2976.5708,3806.9988,2744.042,3222.762
2007-07-18 09:00:00,2628.0066,2976.5952,3807.345,2744.042,3222.764
2007-07-18 10:00:00,2628.0066,2976.5952,3807.5186,2744.042,3223.0327
2007-07-18 11:00:00,2628.2214,2976.6438,3807.785,2744.0635,3223.21
2007-07-18 12:00:00,2629.274,2976.6865,3807.785,2744.1094,3223.21
2007-07-18 13:00:00,2629.3682,2976.6865,3807.869,2744.1094,3223.21
2007-07-18 14:00:00,2629.3682,2976.6865,3808.0164,2744.1094,3223.21
2007-07-18 15:00:00,2629.3682,2976.6865,3808.2373,2744.1094,3223.21
2007-07-18 16:00:00,2629.3682,2976.6865,3808.2812,2744.1094,3223.21
2007-07-18 17:00:00,2629.3682,2976.6865,3808.2812,2744.1094,3223.21
2007-07-18 18:00:00,2629.3691,2976.6865,3808.9897,2744.1094,3223.2625
2007-07-18 19:00:00,2629.3877,2976.6865,3809.2344,2744.1094,3223.2625
2007-07-18 20:00:00,2629.3877,2976.6865,3809.453,2744.1094,3223.4648
2007-07-18 21:00:00,2629.3877,2976.6865,3809.545,2744.1094,3223.7214
2007-07-18 22:00:00,2629.3877,2976.6865,3810.2112,2744.1094,3223.9895
2007-07-18 23:00:00,2629.3877,2976.6865,3810.302,2744.1094,3224.0085
2007-07-19 00:00:00,2629.3877,2976.6865,3810.6804,2744.1094,3224.98
2007-07-19 01:00:00,2629.3877,2976.6865,3810.8018,2744.1094,3225.0544
2007-07-19 02:00:00,2629.3877,2976.6865,3810.8403,2744.1094,3225.0784
2007-07-19 03:00:00,2629.3877,2976.6865,3810.8403,2744.1094,3225.0784
2007-07-19 04:00:00,2629.3877,2976.6865,3810.8403,2744.1094,3225.0784
2007-07-19 05:00:00,2629.3943,2976.6865,3810.8892,2744.1094,3225.168
2007-07-19 06:00:00,2629.4028,2976.6865,3811.3958,2744.1094,3226.7285
2007-07-19 07:00:00,2629.4062,2976.6865,3811.4668,2744.1094,3226.7285
2007-07-19 08:00:00,2629.4062,2976.6865,3811.4685,2744.1094,3226.7285
2007-07-19 09:00:00,2629.4062,2976.6865,3812.2449,2744.1094,3226.735
2007-07-19 10:00:00,2629.4062,2976.6865,3812.3994,2744.1094,3226.7373
2007-07-19 11:00:00,2629.4062,2976.6865,3812.4077,2744.1094,3226.8494
2007-07-19 12:00:00,2629.4062,2976.6865,3812.4077,2744.1094,3226.8494
2007-07-19 13:00:00,2629.4062,2976.6865,3812.4077,2744.1094,3226.8494
2007-07-19 14:00:00,2629.4062,2976.6865,3812.4077,2744.1094,3226.8494
2007-07-19 15:00:00,2629.4143,2976.6865,3812.529,2744.1094,3227.087
2007-07-19 16:00:00,2629.497,2976.6865,3813.2773,2744.1094,3227.2805
2007-07-19 17:00:00,2629.497,2976.6865,3813.2773,2744.1094,3228.7224
2007-07-19 18:00:00,2629.497,2976.6865,3813.352,2744.1094,3229.8591
2007-07-19 19:00:00,2629.497,2976.6865,3813.352,2744.1094,3230.8057
2007-07-19 20:00:00,2629.497,2976.6865,3813.352,2744.1094,3231.4395
2007-07-19 21:00:00,2629.497,2976.6865,3813.366,2744.1094,3231.479
2007-07-19 22:00:00,2629.497,2976.6865,3813.366,2744.1094,3231.479
2007-07-19 23:00:00,2629.497,2976.6865,3813.366,2744.1094,3231.479
2007-07-20 00:00:00,2629.497,2976.6865,3813.3928,2744.1094,3231.479
2007-07-20 01:00:00,2629.497,2976.6865,3813.3928,2744.1094,3231.479
2007-07-20 02:00:00,2629.497,2976.6865,3813.3928,2744.1094,3231.479
2007-07-20 03:00:00,2629.497,2976.6865,3813.3928,2744.1094,3231.479
2007-07-20 04:00:00,2629.497,2976.6865,3813.3928,2744.1094,3231.479
2007-07-20 05:00:00,2629.497,2976.6865,3813.3928,2744.1094,3231.479
2007-07-20 06:00:00,2629.497,2976.6865,3813.3928,2744.1094,3231.479
2007-07-20 07:00:00,2629.497,2976.6865,3813.3928,2744.1094,3231.479
2007-07-20 08:00:00,2629.497,2976.6865,3813.3928,2744.1094,3231.479
2007-07-20 09:00:00,2629.497,2976.6865,3813.3928,2744.1094,3231.479
2007-07-20 10:00:00,2629.497,2976.6865,3813.3928,2744.1094,3231.479
2007-07-20 11:00:00,2629.497,2976.6865,3813.3928,2744.1094,3231.479
2007-07-20 12:00:00,2629.497,2976.6865,3813.3928,2744.1094,3231.479
2007-07-20 13:00:00,2629.497,2976.6865,3813.3928,2744.1094,3231.479
2007-07-20 14:00:00,2629.497,2976.6865,3813.3928,2744.1094,3231.479
2007-07-20 15:00:00,2629.497,2976.6865,3813.3928,2744.1094,3231.479
2007-07-20 16:00:00,2629.497,2976.6865,3813.3928,2744.1094,3231.479
2007-07-20 17:00:00,2629.497,2976.6865,3813.3928,2744.1094,3231.479
2007-07-20 18:00:00,2629.497,2976.6865,3813.3928,2744.1094,3231.479
2007-07-20 19:00:00,2629.497,2976.6865,3813.3928,2744.1094,3231.479
2007-07-20 20:00:00,2629.497,2976.6865,3813.3928,2744.1094,3231.479
2007-07-20 21:00:00,2629.497,2976.6865,3813.3928,2744.1094,3231.479
2007-07-20 22:00:00,2629.497,2976.6865,3813.3928,2744.1094,3231.479
2007-07-20 23:00:00,2629.497,2976.6865,3813.3928,2744.1094,3231.479
2007-07-21 00:00:00,2629.497,2976.6865,3813.3928,2744.1094,3231.479
2007-07-21 01:00:00,2629.497,2976.6865,3813.3928,2744.1094,3231.479
2007-07-21 02:00:00,2629.497,2976.6865,3813.3928,2744.1094,3231.479
2007-07-21 03:00:00,2629.497,2976.6865,3813.3928,2744.1094,3231.479
2007-07-21 04:00:00,2629.497,2976.6865,3813.3928,2744.1094,3231.479
2007-07-21 05:00:00,2629.497,2976.6865,3813.3928,2744.1094,3231.479
2007-07-21 06:00:00,2629.497,2976.6865,3813.3928,2744.1094,3231.479
2007-07-21 07:00:00,2629.497,2976.6865,3813.3928,2744.1094,3231.479
2007-07-21 08:00:00,2629.497,2976.6865,3813.3928,2744.1094,3231.479
2007-07-21 09:00:00,2629.497,2976.6865,3813.3928,2744.1094,3231.479
2007-07-21 10:00:00,2629.497,2976.6865,3813.3928,2744.1094,3231.479
2007-07-21 11:00:00,2629.497,2976.6865,3813.3928,2744.1094,3231.479
2007-07-21 12:00:00,2629.497,2976.6865,3813.3928,2744.1094,3231.479
2007-07-21 13:00:00,2629.497,2976.6865,3813.3928,2744.1094,3231.479
2007-07-21 14:00:00,2629.497,2976.6865,3813.3928,2744.1094,3231.479
2007-07-21 15:00:00,2629.497,2976.6865,3813.3928,2744.1094,3231.479
2007-07-21 16:00:00,2629.497,2976.6865,3813.3928,2744.1094,3231.479
2007-07-21 17:00:00,2629.497,2976.6865,3813.3928,2744.1094,3231.479
2007-07-21 18:00:00,2629.497,2976.6865,3813.3928,2744.1094,3231.479
2007-07-21 19:00:00,2629.497,2976.6865,3813.3928,2744.1094,3231.479
2007-07-21 20:00:00,2629.497,2976.6865,3813.3928,2744.1094,3231.479
2007-07-21 21:00:00,2629.497,2976.6865,3813.3928,2744.1094,3231.479
2007-07-21 22:00:00,2629.497,2976.6865,3813.3928,2744.1094,3231.479
2007-07-21 23:00:00,2629.497,2976.6865,3813.3928,2744.1094,3231.479
2007-07-22 00:00:00,2629.497,2976.6865,3813.3928,2744.1094,3231.479
2007-07-22 01:00:00,2629.497,2976.6865,3813.3928,2744.1094,3231.479
2007-07-22 02:00:00,2629.497,2976.6865,3813.3928,2744.1094,3231.479
2007-07-22 03:00:00,2629.497,2976.6865,3813.3928,2744.1094,3231.479
2007-07-22 04:00:00,2629.497,2976.6865,3813.3928,2744.1094,3231.479
2007-07-22 05:00:00,2629.497,2976.6865,3813.3928,2744.1094,3231.479
2007-07-22 06:00:00,2629.497,2976.6865,3813.3928,2744.1094,3231.479
2007-07-22 07:00:00,2629.497,2976.6865,3813.3928,2744.1094,3231.479
2007-07-22 08:00:00,2629.497,2976.6865,3813.3928,2744.1094,3231.479
2007-07-22 09:00:00,2629.497,2976.6865,3813.3928,2744.1094,3231.479
2007-07-22 10:00:00,2629.497,2976.6865,3813.3928,2744.1094,3231.479
2007-07-22 11:00:00,2629.497,2976.6865,3813.3928,2744.1094,3231.479
2007-07-22 12:00:00,2629.497,2976.6865,3813.3928,2744.1094,3231.479
2007-07-22 13:00:00,2629.5564,2976.6865,3813.3928,2744.1094,3231.479
2007-07-22 14:00:00,2629.5564,2976.6865,3813.3928,2744.1094,3231.479
2007-07-22 15:00:00,2629.5564,2976.6865,3813.3928,2744.1094,3231.479
2007-07-22 16:00:00,2629.5564,2976.6865,3813.3928,2744.1296,3231.479
2007-07-22 17:00:00,2629.5564,2976.6865,3813.3928,2744.1296,3231.479
2007-07-22 18:00:00,2629.5564,2976.6865,3813.3928,2744.1296,3231.479
2007-07-22 19:00:00,2629.5564,2976.6865,3813.3928,2744.1296,3231.479
2007-07-22 20:00:00,2629.5564,2976.6865,3813.3928,2744.1296,3231.479
2007-07-22 21:00:00,2629.5564,2976.6865,3813.3928,2744.1296,3231.479
2007-07-22 22:00:00,2629.5564,2976.6865,3813.3928,2744.1296,3231.479
2007-07-22 23:00:00,2629.5564,2976.822,3813.3928,2744.1296,3231.479
2007-07-23 00:00:00,2629.5564,2976.9233,3813.3928,2744.1296,3231.479
2007-07-23 01:00:00,2629.5564,2976.968,3813.3928,2744.1995,3231.479
2007-07-23 02:00:00,2629.5564,2977.195,3813.3928,2744.389,3231.479
2007-07-23 03:00:00,2629.5564,2977.2983,3813.3928,2744.48,3231.479
2007-07-23 04:00:00,2629.5564,2978.1843,3813.4077,2744.6812,3231.5374
2007-07-23 05:00:00,2629.5564,2978.9985,3813.5542,2744.858,3231.6838
2007-07-23 06:00:00,2629.5564,2979.0652,3813.7012,2745.0579,3231.9353
2007-07-23 07:00:00,2629.5564,2979.5396,3813.872,2745.283,3231.947
2007-07-23 08:00:00,2629.5564,2980.9934,3814.476,2745.499,3231.9827
2007-07-23 09:00:00,2629.6655,2981.1157,3815.5198,2745.719,3232.2095
2007-07-23 10:00:00,2629.8364,2981.1157,3816.329,2745.8826,3232.3052
2007-07-23 11:00:00,2630.0378,2981.3533,3816.465,2746.1165,3232.77
2007-07-23 12:00:00,2630.191,2981.5073,3816.6384,2746.5564,3233.2063
2007-07-23 13:00:00,2630.372,2981.6973,3816.9998,2747.8625,3233.2544
2007-07-23 14:00:00,2630.4604,2982.7808,3817.5698,2748.5522,3233.2617
2007-07-23 15:00:00,2630.4604,2982.8418,3818.0493,2748.5522,3233.3489
2007-07-23 16:00:00,2630.4604,2982.8418,3818.0825,2748.5522,3233.3489
2007-07-23 17:00:00,2630.4604,2982.8418,3818.0825,2748.6526,3233.3489
2007-07-23 18:00:00,2630.4604,2982.963,3818.0825,2748.6526,3233.3489
2007-07-23 19:00:00,2630.4604,2984.9922,3818.0825,2748.6526,3233.3489
2007-07-23 20:00:00,2630.4604,2985.256,3818.0825,2748.6526,3233.3489
2007-07-23 21:00:00,2630.4604,2985.256,3818.0825,2748.6526,3233.3489
2007-07-23 22:00:00,2630.4604,2985.256,3818.0825,2748.6526,3233.3489
2007-07-23 23:00:00,2630.4604,2985.256,3818.0825,2748.6526,3233.3489
2007-07-24 00:00:00,2630.4604,2985.256,3818.0825,2748.6526,3233.3489
2007-07-24 01:00:00,2630.4604,2985.256,3818.0825,2748.6526,3233.3489
2007-07-24 02:00:00,2630.4604,2985.256,3818.0825,2748.6526,3233.3489
2007-07-24 03:00:00,2630.4604,2985.256,3818.0825,2748.6526,3233.3489
2007-07-24 04:00:00,2630.4604,2985.256,3818.0825,2748.6526,3233.3489
2007-07-24 05:00:00,2630.4604,2985.256,3818.0825,2748.6526,3233.3489
2007-07-24 06:00:00,2630.4604,2985.256,3818.0825,2748.6526,3233.3489
2007-07-24 07:00:00,2630.4604,2985.256,3818.0825,2748.6526,3233.3489
2007-07-24 08:00:00,2630.4604,2985.256,3818.0825,2748.6526,3233.3489
2007-07-24 09:00:00,2630.4604,2985.3286,3818.0825,2748.6526,3233.3489
2007-07-24 10:00:00,2630.4604,2985.3286,3818.0825,2748.6526,3233.3489
2007-07-24 11:00:00,2630.4604,2985.3286,3818.0825,2748.6526,3233.3489
2007-07-24 12:00:00,2630.4604,2985.3286,3818.0825,2748.6526,3233.3489
2007-07-24 13:00:00,2630.4604,2985.3286,3818.0825,2748.6526,3233.3489
2007-07-24 14:00:00,2630.4604,2985.49,3818.0825,2748.6526,3233.3489
2007-07-24 15:00:00,2630.4604,2985.535,3818.0825,2748.6526,3233.3489
2007-07-24 16:00:00,2630.4604,2985.535,3818.0825,2748.6526,3233.3489
2007-07-24 17:00:00,2630.4604,2985.6306,3818.0825,2748.6526,3233.3489
2007-07-24 18:00:00,2630.4604,2986.0867,3818.0825,2748.6526,3233.388
2007-07-24 19:00:00,2630.4604,2986.0867,3818.0825,2748.6526,3233.388
2007-07-24 20:00:00,2630.4604,2986.0867,3818.1614,2748.6526,3233.388
2007-07-24 21:00:00,2630.4604,2986.0867,3818.554,2748.6526,3233.388
2007-07-24 22:00:00,2630.4604,2986.0867,3818.554,2748.6526,3233.388
2007-07-24 23:00:00,2630.4604,2986.0867,3818.554,2748.6526,3233.388
2007-07-25 00:00:00,2630.4604,2986.0972,3818.554,2748.6526,3233.388
2007-07-25 01:00:00,2630.4604,2986.0972,3818.554,2748.6526,3233.388
2007-07-25 02:00:00,2630.4604,2986.1658,3818.554,2748.6526,3234.5183
2007-07-25 03:00:00,2630.4604,2986.599,3818.554,2748.6526,3235.4536
2007-07-25 04:00:00,2630.4604,2987.0457,3818.7717,2748.7654,3236.192
2007-07-25 05:00:00,2630.4604,2988.5596,3818.936,2749.469,3236.7478
2007-07-25 06:00:00,2630.4604,2989.6116,3819.1462,2749.9119,3236.8386
2007-07-25 07:00:00,2630.5125,2989.6116,3819.2153,2749.9465,3236.953
2007-07-25 08:00:00,2630.6433,2989.8518,3819.2153,2750.0908,3236.953
2007-07-25 09:00:00,2630.7214,2989.8887,3819.2153,2750.2986,3238.3298
2007-07-25 10:00:00,2630.7214,2989.8887,3819.5784,2750.2986,3238.6401
2007-07-25 11:00:00,2630.7214,2990.1821,3819.5945,2750.4363,3239.864
2007-07-25 12:00:00,2630.7214,2990.6406,3819.6826,2750.4492,3240.865
2007-07-25 13:00:00,2630.7214,2990.7598,3819.9155,2750.4678,3241.3003
2007-07-25 14:00:00,2630.7214,2990.849,3819.9155,2750.5212,3241.3003
2007-07-25 15:00:00,2630.7214,2990.849,3819.9155,2750.5315,3241.3003
2007-07-25 16:00:00,2630.7214,2990.849,3819.9155,2750.5315,3241.3003
2007-07-25 17:00:00,2630.7214,2990.849,3819.967,2750.5356,3241.3003
2007-07-25 18:00:00,2630.7214,2990.849,3819.967,2750.5356,3241.3003
2007-07-25 19:00:00,2630.7214,2990.849,3819.967,2750.5356,3241.389
2007-07-25 20:00:00,2630.7214,2990.849,3820.0168,2750.5356,3241.758
2007-07-25 21:00:00,2630.7214,2990.849,3820.246,2750.5356,3241.758
2007-07-25 22:00:00,2630.7214,2990.849,3820.246,2750.5356,3241.758
2007-07-25 23:00:00,2630.7214,2990.849,3820.246,2750.5356,3241.758
2007-07-26 00:00:00,2630.7273,2990.849,3820.246,2750.5356,3241.758
2007-07-26 01:00:00,2630.7273,2990.849,3820.246,2750.5356,3241.758
2007-07-26 02:00:00,2630.7273,2990.849,3820.246,2750.5356,3241.758
2007-07-26 03:00:00,2630.7273,2990.849,3820.246,2750.5356,3241.7812
2007-07-26 04:00:00,2630.7273,2991.147,3820.246,2750.5554,3241.8328
2007-07-26 05:00:00,2630.7273,2991.215,3820.246,2750.5554,3241.8328
2007-07-26 06:00:00,2630.7947,2991.215,3820.2676,2750.5554,3241.8328
2007-07-26 07:00:00,2630.9397,2991.215,3820.2676,2750.6692,3241.8328
2007-07-26 08:00:00,2630.9397,2991.215,3820.2676,2750.6692,3241.8328
2007-07-26 09:00:00,2630.9397,2991.215,3820.2676,2750.6692,3241.8328
2007-07-26 10:00:00,2630.9397,2991.215,3820.2676,2750.6692,3241.8328
2007-07-26 11:00:00,2630.9397,2991.215,3820.2676,2750.6692,3241.8328
2007-07-26 12:00:00,2630.9397,2991.3936,3820.2676,2750.6692,3241.8328
2007-07-26 13:00:00,2631.4573,2991.3936,3820.2676,2750.7153,3241.8328
2007-07-26 14:00:00,2631.4922,2991.5796,3820.2676,2751.4075,3241.8328
2007-07-26 15:00:00,2631.4922,2991.5796,3820.2676,2751.4075,3241.8328
2007-07-26 16:00:00,2631.4922,2991.5796,3820.2676,2751.4075,3241.8328
2007-07-26 17:00:00,2631.4922,2991.5796,3820.2676,2751.4075,3241.8328
2007-07-26 18:00:00,2631.4922,2991.5796,3820.2676,2751.4075,3241.8328
2007-07-26 19:00:00,2631.4922,2991.6072,3820.2676,2751.4075,3241.8328
2007-07-26 20:00:00,2631.4922,2991.6072,3820.2676,2751.4075,3241.8328
2007-07-26 21:00:00,2631.4922,2991.6072,3820.4119,2751.4075,3241.9224
2007-07-26 22:00:00,2631.6777,2991.6138,3820.4119,2751.6296,3241.9224
2007-07-26 23:00:00,2631.701,2991.6294,3820.4253,2751.6626,3241.933
2007-07-27 00:00:00,2639.438,2995.159,3822.29,2759.0227,3243.022
2007-07-27 01:00:00,2639.6836,2995.159,3822.29,2759.0227,3243.022
2007-07-27 02:00:00,2641.0862,2995.159,3822.29,2759.0227,3243.022
2007-07-27 03:00:00,2641.1477,2995.159,3822.29,2759.0308,3243.022
2007-07-27 04:00:00,2641.1477,2995.282,3822.29,2759.1816,3243.022
2007-07-27 05:00:00,2641.344,2995.826,3822.29,2759.6414,3243.0596
2007-07-27 06:00:00,2642.3806,2997.481,3822.29,2761.1218,3243.0608
2007-07-27 07:00:00,2643.2734,2999.6143,3822.29,2762.941,3244.9282
2007-07-27 08:00:00,2643.7935,3000.4246,3823.4697,2763.986,3246.7832
2007-07-27 09:00:00,2644.9053,3001.0222,3824.7769,2764.5562,3247.2954
2007-07-27 10:00:00,2632.5698,2992.1177,3821.404,2752.5696,3242.0325
2007-07-27 11:00:00,2632.4075,2991.747,3821.1355,2752.1816,3241.9773
2007-07-27 12:00:00,2633.093,2992.541,3821.466,2753.5005,3242.2542
2007-07-27 13:00:00,2634.7998,2992.9463,3821.7969,2754.0105,3242.4238
2007-07-27 14:00:00,2635.2534,2993.7476,3821.8623,2755.293,3242.5835
2007-07-27 15:00:00,2638.3147,2994.341,3822.148,2758.1792,3242.9512
2007-07-27 16:00:00,2639.438,2994.6475,3822.2844,2758.809,3243.022
2007-07-27 17:00:00,2639.438,2994.6475,3822.2844,2758.809,3243.022
2007-07-27 18:00:00,2639.438,2994.6475,3822.2844,2758.809,3243.022
2007-07-27 19:00:00,2639.438,2994.6475,3822.2844,2758.809,3243.022
2007-07-27 20:00:00,2645.6724,3003.1348,3825.7039,2765.0205,3247.865
2007-07-27 21:00:00,2646.4072,3003.3928,3826.0144,2765.8064,3250.904
2007-07-27 22:00:00,2631.701,2991.6294,3820.4463,2751.6934,3241.933
2007-07-27 23:00:00,2631.7803,2991.6294,3820.4463,2752.1736,3241.9773
2007-07-28 00:00:00,2646.787,3003.961,3826.9414,2766.4146,3251.8787
2007-07-28 01:00:00,2646.9553,3004.77,3827.5225,2766.8289,3252.9185
2007-07-28 02:00:00,2647.012,3005.0986,3828.3435,2767.1143,3253.9165
2007-07-28 03:00:00,2647.1714,3006.0813,3828.848,2767.748,3254.194
2007-07-28 04:00:00,2647.7812,3006.9102,3828.893,2768.005,3254.759
2007-07-28 05:00:00,2647.8372,3008.277,3828.992,2768.4429,3256.1006
2007-07-28 06:00:00,2648.6008,3008.3567,3829.0042,2768.523,3256.418
2007-07-28 07:00:00,2648.8235,3008.525,3829.0398,2768.523,3256.465
2007-07-28 08:00:00,2648.9338,3008.9412,3829.068,2768.7373,3256.6462
2007-07-28 09:00:00,2649.0554,3009.2078,3829.08,2770.3777,3257.3264
2007-07-28 10:00:00,2649.1165,3009.8542,3829.1355,2773.0046,3257.764
2007-07-28 11:00:00,2649.3215,3011.7722,3829.729,2773.7092,3258.2168
2007-07-28 12:00:00,2649.5417,3013.3667,3829.729,2774.4666,3260.1692
2007-07-28 13:00:00,2649.7537,3013.8618,3830.657,2776.8992,3263.8982
2007-07-28 14:00:00,2650.2898,3016.388,3834.0552,2779.483,3265.456
2007-07-28 15:00:00,2651.584,3017.2864,3834.3582,2779.8708,3265.6423
2007-07-28 16:00:00,2652.3389,3019.2004,3834.5005,2780.1772,3265.919
2007-07-28 17:00:00,2652.5684,3019.2004,3834.5005,2780.1772,3266.2021
2007-07-28 18:00:00,2652.6064,3019.2004,3834.5513,2780.1772,3266.5762
2007-07-28 19:00:00,2652.6064,3019.2004,3834.7456,2780.1772,3267.066
2007-07-28 20:00:00,2652.6064,3019.2004,3834.8965,2780.1772,3267.6863
2007-07-28 21:00:00,2652.6064,3019.2004,3835.1204,2780.1772,3268.102
2007-07-28 22:00:00,2652.6064,3019.2004,3835.345,2780.2368,3268.4631
2007-07-28 23:00:00,2652.6064,3019.5007,3835.7893,2780.2368,3269.1033
2007-07-29 00:00:00,2652.6064,3019.7888,3836.8105,2780.2368,3269.3728
2007-07-29 01:00:00,2652.6064,3020.0996,3837.9048,2780.2786,3270.0447
2007-07-29 02:00:00,2652.6753,3020.9856,3838.7764,2780.351,3270.9739
2007-07-29 03:00:00,2653.1055,3021.831,3839.1726,2780.4905,3271.8052
2007-07-29 04:00:00,2653.2256,3022.4812,3839.633,2780.6821,3272.6577
2007-07-29 05:00:00,2653.6194,3023.1672,3840.0369,2780.8262,3273.548
2007-07-29 06:00:00,2653.7373,3023.243,3840.4058,2780.8262,3274.0205
2007-07-29 07:00:00,2653.7373,3023.243,3840.6284,2780.8262,3274.1917
2007-07-29 08:00:00,2653.7373,3023.243,3840.8992,2780.8262,3274.4324
2007-07-29 09:00:00,2653.7373,3023.4224,3840.9846,2780.8262,3274.514
2007-07-29 10:00:00,2653.7373,3023.6013,3841.0623,2780.8262,3274.7815
2007-07-29 11:00:00,2653.7373,3023.7014,3841.0664,2780.8262,3274.802
2007-07-29 12:00:00,2653.7373,3023.7742,3841.128,2780.8262,3274.886
2007-07-29 13:00:00,2653.7373,3024.0718,3841.1904,2780.8262,3275.8164
2007-07-29 14:00:00,2653.7373,3024.5627,3841.5044,2780.8262,3277.4988
2007-07-29 15:00:00,2653.7373,3024.8596,3842.5508,2780.9316,3279.017
2007-07-29 16:00:00,2653.7373,3025.393,3842.866,2780.9316,3279.982
2007-07-29 17:00:00,2653.7373,3025.4478,3843.012,2780.9316,3280.143
2007-07-29 18:00:00,2653.7373,3025.4478,3843.012,2780.9316,3280.5986
2007-07-29 19:00:00,2653.7373,3025.517,3843.012,2780.9316,3280.9146
2007-07-29 20:00:00,2653.7373,3025.517,3843.012,2780.9316,3280.9146
2007-07-29 21:00:00,2653.7373,3025.517,3843.012,2780.9316,3281.145
2007-07-29 22:00:00,2653.7373,3025.5393,3843.2812,2780.9316,3281.499
2007-07-29 23:00:00,2653.9036,3025.565,3843.5056,2780.9316,3282.3171
2007-07-30 00:00:00,2654.2422,3025.6592,3843.7246,2780.972,3283.7207
2007-07-30 01:00:00,2654.4556,3025.8987,3844.1125,2781.2837,3285.0806
2007-07-30 02:00:00,2654.4556,3026.3547,3845.0376,2781.556,3287.5125
2007-07-30 03:00:00,2654.4556,3027.116,3845.1565,2781.556,3288.169
2007-07-30 04:00:00,2654.459,3027.3176,3845.5186,2781.6902,3288.562
2007-07-30 05:00:00,2654.487,3027.3936,3845.5186,2781.827,3288.6997
2007-07-30 06:00:00,2654.487,3027.3936,3845.7898,2781.827,3288.769
2007-07-30 07:00:00,2654.487,3027.845,3846.2002,2781.827,3288.9238
2007-07-30 08:00:00,2654.487,3027.8577,3846.228,2781.827,3288.9302
2007-07-30 09:00:00,2654.487,3027.8577,3846.228,2781.827,3289.1428
2007-07-30 10:00:00,2654.487,3027.8577,3846.3687,2781.8384,3289.3494
2007-07-30 11:00:00,2654.554,3028.4834,3846.472,2781.9167,3291.5505
2007-07-30 12:00:00,2654.554,3028.6467,3846.6794,2781.9167,3292.6128
2007-07-30 13:00:00,2654.554,3028.71,3848.1228,2782.1482,3293.38
2007-07-30 14:00:00,2654.5784,3028.717,3848.306,2782.2866,3293.4878
2007-07-30 15:00:00,2654.6104,3029.5798,3849.5554,2782.5242,3293.989
2007-07-30 16:00:00,2655.2808,3030.012,3850.9453,2782.5664,3294.078
2007-07-30 17:00:00,2655.4714,3030.012,3851.1233,2782.634,3294.1233
2007-07-30 18:00:00,2655.4714,3030.242,3851.589,2782.634,3294.1492
2007-07-30 19:00:00,2655.5066,3032.0347,3852.2244,2782.634,3294.2212
2007-07-30 20:00:00,2655.7043,3033.8813,3852.3909,2782.634,3294.2354
2007-07-30 21:00:00,2655.8018,3033.9246,3853.0151,2782.634,3294.2515
2007-07-30 22:00:00,2655.8328,3033.929,3860.8975,2782.8303,3294.5535
2007-07-30 23:00:00,2655.9478,3034.1448,3865.2036,2782.869,3295.6155
2007-07-31 00:00:00,2655.9822,3034.7769,3867.8496,2782.869,3296.3164
2007-07-31 01:00:00,2655.9822,3035.312,3868.2522,2782.869,3297.1016
2007-07-31 02:00:00,2656.076,3035.6711,3868.387,2782.976,3297.5442
2007-07-31 03:00:00,2656.076,3037.4055,3868.387,2783.0056,3297.8635
2007-07-31 04:00:00,2656.076,3037.516,3868.387,2783.0056,3297.9521
2007-07-31 05:00:00,2656.076,3037.516,3868.4138,2783.0056,3298.013
2007-07-31 06:00:00,2656.076,3037.516,3869.4626,2783.0056,3298.0625
2007-07-31 07:00:00,2656.076,3037.516,3871.1606,2783.0056,3298.0625
2007-07-31 08:00:00,2656.076,3037.516,3872.4001,2783.0056,3298.1433
2007-07-31 09:00:00,2656.076,3037.516,3873.2852,2783.0056,3298.1643
2007-07-31 10:00:00,2656.076,3037.516,3874.5679,2783.0056,3298.3735
2007-07-31 11:00:00,2656.076,3037.516,3875.602,2783.0056,3299.3894
2007-07-31 12:00:00,2656.076,3037.5693,3877.2458,2783.0056,3300.0925
2007-07-31 13:00:00,2656.076,3037.5693,3878.02,2783.0056,3300.5288
2007-07-31 14:00:00,2656.076,3037.6458,3879.875,2783.0056,3301.0447
2007-07-31 15:00:00,2656.076,3037.6458,3880.4727,2783.0056,3301.639
2007-07-31 16:00:00,2656.076,3037.6458,3880.7668,2783.0056,3302.275
2007-07-31 17:00:00,2656.076,3037.6458,3880.8208,2783.0056,3303.2888
2007-07-31 18:00:00,2656.076,3037.6458,3880.8208,2783.01,3303.5742
2007-07-31 19:00:00,2656.076,3037.6458,3880.8208,2783.01,3303.6255
2007-07-31 20:00:00,2656.076,3037.6458,3880.8208,2783.01,3303.7686
2007-07-31 21:00:00,2656.076,3037.6458,3880.8208,2783.01,3303.7686
2007-07-31 22:00:00,2656.076,3037.6458,3880.8208,2783.01,3303.7686
2007-07-31 23:00:00,2656.076,3037.6458,3880.8208,2783.01,3303.7686
2007-08-01 00:00:00,2656.076,3037.6458,3880.8208,2783.01,3303.7686
2007-08-01 01:00:00,2656.076,3037.6458,3880.8208,2783.01,3303.7686
2007-08-01 02:00:00,2656.076,3037.6458,3880.8208,2783.01,3303.7686
2007-08-01 03:00:00,2656.076,3037.6458,3880.8208,2783.01,3303.8083
2007-08-01 04:00:00,2656.076,3037.6458,3880.8408,2783.01,3303.8083
2007-08-01 05:00:00,2656.3184,3037.8333,3881.757,2783.1157,3304.2285
2007-08-01 06:00:00,2657.1626,3038.3416,3881.8801,2783.33,3304.8208
2007-08-01 07:00:00,2657.4058,3039.1948,3881.8801,2783.961,3305.731
2007-08-01 08:00:00,2657.7136,3039.287,3881.8801,2784.0693,3306.644
2007-08-01 09:00:00,2657.7642,3039.515,3881.8801,2784.187,3306.6794
2007-08-01 10:00:00,2657.842,3039.8655,3881.8926,2784.362,3307.0042
2007-08-01 11:00:00,2658.1746,3040.37,3881.9922,2784.9219,3307.4094
2007-08-01 12:00:00,2658.6304,3040.9578,3882.2012,2785.2205,3307.4595
2007-08-01 13:00:00,2659.3083,3041.5637,3882.2312,2786.5308,3307.5203
2007-08-01 14:00:00,2659.5864,3042.26,3882.3586,2786.707,3308.1853
2007-08-01 15:00:00,2659.6853,3042.4072,3882.4722,2786.707,3308.304
2007-08-01 16:00:00,2660.0342,3042.4072,3882.5542,2786.724,3308.327
2007-08-01 17:00:00,2660.0342,3042.4136,3882.578,2786.7427,3308.424
2007-08-01 18:00:00,2660.1526,3042.6533,3882.823,2787.472,3308.424
2007-08-01 19:00:00,2660.199,3042.6533,3883.032,2788.3396,3309.0244
2007-08-01 20:00:00,2660.2598,3042.734,3883.268,2788.4448,3309.0906
2007-08-01 21:00:00,2660.791,3042.7737,3883.268,2788.9758,3309.0935
2007-08-01 22:00:00,2660.8418,3042.8457,3883.3018,2788.9993,3309.235
2007-08-01 23:00:00,2661.1294,3044.424,3883.5266,2789.4563,3310.0952
2007-08-02 00:00:00,2661.262,3044.665,3883.7725,2789.4563,3310.591
2007-08-02 01:00:00,2661.2722,3044.665,3883.849,2789.6072,3310.8008
2007-08-02 02:00:00,2661.2722,3044.665,3883.9265,2789.694,3310.8008
2007-08-02 03:00:00,2661.2722,3044.666,3883.9265,2789.694,3310.8145
2007-08-02 04:00:00,2661.2722,3044.666,3883.9265,2789.694,3310.8293
2007-08-02 05:00:00,2661.291,3044.8018,3884.4216,2789.694,3310.8293
2007-08-02 06:00:00,2661.584,3044.9033,3884.4358,2789.732,3310.8452
2007-08-02 07:00:00,2661.9026,3045.8958,3884.5972,2790.0767,3310.9182
2007-08-02 08:00:00,2662.5989,3047.81,3885.5637,2791.01,3310.9265
2007-08-02 09:00:00,2663.669,3048.8655,3885.5857,2791.3625,3310.9265
2007-08-02 10:00:00,2663.746,3049.3125,3885.71,2791.4014,3310.9307
2007-08-02 11:00:00,2663.746,3050.0173,3885.7495,2791.549,3311.0027
2007-08-02 12:00:00,2663.8733,3050.8276,3886.255,2791.6367,3311.03
2007-08-02 13:00:00,2664.0493,3051.2405,3888.2354,2791.6497,3311.5635
2007-08-02 14:00:00,2664.1738,3052.4175,3892.0986,2792.3477,3311.8027
2007-08-02 15:00:00,2664.8708,3052.661,3893.1345,2792.686,3311.813
2007-08-02 16:00:00,2664.907,3052.7258,3893.135,2792.7234,3311.813
2007-08-02 17:00:00,2664.907,3053.035,3893.987,2792.7234,3312.2856
2007-08-02 18:00:00,2664.9258,3053.3804,3894.725,2793.4768,3312.5237
2007-08-02 19:00:00,2664.9822,3053.3804,3894.727,2793.496,3312.8418
2007-08-02 20:00:00,2664.9822,3053.3938,3896.3372,2793.496,3314.2705
2007-08-02 21:00:00,2665.1682,3053.4285,3896.6323,2793.6392,3314.5828
2007-08-02 22:00:00,2665.1863,3053.4285,3896.7048,2793.6392,3314.6604
2007-08-02 23:00:00,2665.1863,3053.8003,3896.7048,2793.6392,3314.7085
2007-08-03 00:00:00,2665.209,3055.007,3896.7993,2794.044,3315.59
2007-08-03 01:00:00,2665.6685,3055.2234,3896.9412,2794.044,3315.763
2007-08-03 02:00:00,2665.7153,3055.3022,3896.9758,2794.044,3315.9387
2007-08-03 03:00:00,2665.7153,3055.3022,3896.9758,2794.044,3316.2505
2007-08-03 04:00:00,2665.7153,3055.3271,3896.9758,2794.044,3316.52
2007-08-03 05:00:00,2665.7153,3055.3271,3896.9758,2794.2515,3316.8337
2007-08-03 06:00:00,2665.7153,3055.3271,3896.9758,2794.2515,3316.8447
2007-08-03 07:00:00,2665.7153,3055.3271,3896.9758,2794.2515,3316.8447
2007-08-03 08:00:00,2665.7153,3055.3271,3896.9758,2794.2515,3316.8606
2007-08-03 09:00:00,2665.7153,3055.3499,3896.9758,2794.2515,3316.8606
2007-08-03 10:00:00,2665.7153,3055.3557,3896.9758,2794.2515,3316.8606
2007-08-03 11:00:00,2665.7153,3055.3557,3896.9758,2794.2515,3316.8767
2007-08-03 12:00:00,2665.7153,3055.3557,3896.9758,2794.2515,3316.8767
2007-08-03 13:00:00,2665.7153,3055.3557,3896.9758,2794.2515,3316.8767
2007-08-03 14:00:00,2665.7153,3055.3557,3896.9758,2794.2515,3316.8767
2007-08-03 15:00:00,2665.7153,3055.3557,3896.9758,2794.2515,3316.8767
2007-08-03 16:00:00,2665.7153,3055.3557,3896.9758,2794.2515,3316.8767
2007-08-03 17:00:00,2665.7153,3055.3557,3896.9758,2794.2515,3316.8767
2007-08-03 18:00:00,2665.7153,3055.3557,3896.9758,2794.2515,3316.8767
2007-08-03 19:00:00,2665.7153,3055.3557,3896.9758,2794.2515,3316.8767
2007-08-03 20:00:00,2665.7153,3055.3557,3896.9758,2794.2515,3316.8767
2007-08-03 21:00:00,2665.7153,3055.3557,3896.9758,2794.2515,3316.8767
2007-08-03 22:00:00,2665.7153,3055.3557,3896.9758,2794.2515,3316.8767
2007-08-03 23:00:00,2665.7153,3055.3557,3896.9758,2794.2515,3316.8767
2007-08-04 00:00:00,2665.7153,3055.3557,3896.9758,2794.2515,3316.8767
2007-08-04 01:00:00,2665.7153,3055.3557,3896.9758,2794.2515,3316.8767
2007-08-04 02:00:00,2665.7153,3055.3557,3896.9758,2794.2515,3316.8767
2007-08-04 03:00:00,2665.7153,3055.3557,3896.9758,2794.2515,3317.028
2007-08-04 04:00:00,2665.7153,3055.4023,3896.9758,2794.2515,3317.124
2007-08-04 05:00:00,2665.7153,3055.434,3896.9758,2794.2913,3317.7156
2007-08-04 06:00:00,2666.0723,3055.5574,3896.9758,2794.5205,3318.2583
2007-08-04 07:00:00,2667.2139,3056.709,3897.006,2795.0857,3319.1667
2007-08-04 08:00:00,2668.8323,3058.2642,3897.26,2796.4849,3320.8728
2007-08-04 09:00:00,2670.3787,3058.7517,3897.684,2796.8062,3322.2595
2007-08-04 10:00:00,2671.79,3059.5376,3897.8853,2797.9504,3322.593
2007-08-04 11:00:00,2674.9617,3063.223,3899.0864,2802.1777,3324.0435
2007-08-04 12:00:00,2678.5344,3066.2437,3902.9163,2804.4353,3324.8542
2007-08-04 13:00:00,2681.2437,3070.4504,3904.3284,2806.4949,3325.9077
2007-08-04 14:00:00,2683.156,3071.9233,3905.428,2807.7134,3325.928
2007-08-04 15:00:00,2683.397,3071.9233,3905.4763,2807.7173,3325.928
2007-08-04 16:00:00,2683.397,3071.9233,3905.4763,2807.7173,3325.928
2007-08-04 17:00:00,2683.397,3071.9233,3905.4763,2807.7173,3325.928
2007-08-04 18:00:00,2683.397,3071.9233,3905.4763,2807.7173,3325.928
2007-08-04 19:00:00,2683.397,3071.9233,3905.4763,2807.7173,3325.928
2007-08-04 20:00:00,2683.4575,3071.9233,3905.4763,2807.7173,3325.928
2007-08-04 21:00:00,2683.4575,3071.9233,3905.4763,2807.7173,3325.928
2007-08-04 22:00:00,2683.4575,3071.9233,3905.4763,2807.7173,3325.928
2007-08-04 23:00:00,2683.4575,3071.9233,3905.4763,2807.7173,3325.928
2007-08-05 00:00:00,2683.4575,3071.9233,3905.4763,2807.7173,3325.928
2007-08-05 01:00:00,2683.4575,3071.9233,3905.4763,2807.7173,3325.928
2007-08-05 02:00:00,2683.5203,3071.9587,3905.4763,2807.7534,3325.9343
2007-08-05 03:00:00,2683.616,3072.0093,3905.4763,2807.7642,3325.9343
2007-08-05 04:00:00,2683.7427,3072.0093,3905.4763,2807.951,3325.9343
2007-08-05 05:00:00,2683.9575,3072.523,3906.2166,2808.9192,3326.4558
2007-08-05 06:00:00,2684.7388,3072.5276,3906.545,2809.1646,3326.674
2007-08-05 07:00:00,2684.8152,3072.7864,3906.6152,2809.6238,3326.88
2007-08-05 08:00:00,2685.5383,3074.1782,3907.0217,2811.5242,3327.234
2007-08-05 09:00:00,2686.9995,3074.8784,3907.6458,2812.8188,3327.6746
2007-08-05 10:00:00,2687.6108,3075.241,3908.5784,2813.399,3327.8372
2007-08-05 11:00:00,2688.8225,3076.0713,3909.4685,2815.0479,3328.2065
2007-08-05 12:00:00,2691.6487,3078.705,3910.2722,2818.1914,3329.9165
2007-08-05 13:00:00,2693.5383,3080.8115,3910.7236,2819.4175,3333.4858
2007-08-05 14:00:00,2693.7573,3081.4746,3911.4854,2819.4358,3334.1047
2007-08-05 15:00:00,2693.7732,3081.4746,3911.603,2819.4358,3334.2397
2007-08-05 16:00:00,2693.7732,3081.4746,3911.603,2819.4358,3334.2397
2007-08-05 17:00:00,2693.7732,3081.4746,3911.603,2819.4358,3334.2397
2007-08-05 18:00:00,2693.7732,3081.4746,3911.603,2819.4358,3334.2397
2007-08-05 19:00:00,2693.7732,3081.4746,3911.603,2819.4358,3334.2397
2007-08-05 20:00:00,2693.7732,3081.4746,3911.603,2819.4358,3334.2397
2007-08-05 21:00:00,2693.7732,3081.4746,3911.603,2819.4358,3334.2397
2007-08-05 22:00:00,2693.7732,3081.4746,3911.603,2819.4358,3334.2397
2007-08-05 23:00:00,2693.7732,3081.4746,3911.603,2819.4358,3334.2397
2007-08-06 00:00:00,2693.7732,3081.4746,3911.603,2819.4358,3334.2397
2007-08-06 01:00:00,2693.7732,3081.4746,3911.603,2819.4358,3334.2397
2007-08-06 02:00:00,2693.7732,3081.4746,3911.603,2819.4358,3334.2397
2007-08-06 03:00:00,2693.7732,3081.4746,3911.603,2819.4358,3334.2397
2007-08-06 04:00:00,2693.7732,3081.4746,3911.603,2819.4358,3334.2397
2007-08-06 05:00:00,2693.7732,3081.4746,3911.603,2819.4358,3334.2397
2007-08-06 06:00:00,2693.7732,3081.4746,3911.603,2819.4358,3334.2397
2007-08-06 07:00:00,2693.7732,3081.4746,3911.603,2819.4358,3334.2397
2007-08-06 08:00:00,2693.7732,3081.4746,3911.603,2819.4358,3334.2397
2007-08-06 09:00:00,2693.7732,3081.4746,3911.603,2819.4358,3334.2397
2007-08-06 10:00:00,2693.7732,3081.4746,3911.603,2819.4358,3334.2397
2007-08-06 11:00:00,2693.7732,3081.4746,3911.603,2819.4358,3334.2397
2007-08-06 12:00:00,2693.7732,3081.4746,3911.603,2819.4358,3334.2397
2007-08-06 13:00:00,2693.7732,3081.4746,3911.603,2819.4358,3334.2397
2007-08-06 14:00:00,2693.7732,3081.4746,3911.603,2819.4358,3334.2397
2007-08-06 15:00:00,2693.7732,3081.4746,3911.603,2819.4358,3334.2397
2007-08-06 16:00:00,2693.7732,3081.4746,3911.603,2819.4358,3334.2397
2007-08-06 17:00:00,2693.7732,3081.4746,3911.603,2819.4358,3334.2397
2007-08-06 18:00:00,2693.7732,3081.4746,3911.603,2819.4358,3334.2397
2007-08-06 19:00:00,2693.7732,3081.4746,3911.603,2819.4358,3334.2397
2007-08-06 20:00:00,2693.7732,3081.4746,3911.603,2819.4358,3334.2397
2007-08-06 21:00:00,2693.7732,3081.4746,3911.603,2819.4358,3334.2397
2007-08-06 22:00:00,2693.7732,3081.4746,3911.603,2819.4358,3334.2397
2007-08-06 23:00:00,2693.7732,3081.4746,3911.603,2819.4358,3334.2397
2007-08-07 00:00:00,2693.7732,3081.4746,3911.603,2819.4358,3334.2397
2007-08-07 01:00:00,2693.7732,3081.4746,3911.603,2819.4358,3334.2397
2007-08-07 02:00:00,2693.7732,3081.4746,3911.603,2819.4358,3334.2397
2007-08-07 03:00:00,2693.7732,3081.4746,3911.603,2819.4358,3334.2397
2007-08-07 04:00:00,2693.7732,3081.4746,3911.603,2819.4358,3334.2397
2007-08-07 05:00:00,2693.7732,3081.4746,3911.603,2819.4358,3334.2397
2007-08-07 06:00:00,2693.7732,3081.4746,3911.603,2819.4358,3334.2397
2007-08-07 07:00:00,2693.7732,3081.4746,3911.603,2819.4358,3334.2397
2007-08-07 08:00:00,2693.7732,3081.4746,3911.603,2819.4358,3334.2397
2007-08-07 09:00:00,2693.7732,3081.4746,3911.603,2819.4358,3334.2397
2007-08-07 10:00:00,2693.7732,3081.4746,3911.603,2819.4358,3334.2397
2007-08-07 11:00:00,2693.7732,3081.4746,3911.603,2819.4358,3334.2397
2007-08-07 12:00:00,2693.7732,3081.4746,3911.603,2819.4358,3334.2397
2007-08-07 13:00:00,2693.7732,3081.4746,3911.603,2819.4358,3334.2397
2007-08-07 14:00:00,2693.893,3081.4746,3911.603,2819.4358,3334.2397
2007-08-07 15:00:00,2693.994,3081.4746,3911.603,2819.4707,3334.2397
2007-08-07 16:00:00,2694.2742,3081.4746,3911.603,2819.4822,3334.2397
2007-08-07 17:00:00,2694.2837,3081.4746,3911.603,2820.0115,3334.2397
2007-08-07 18:00:00,2694.3657,3081.4746,3911.603,2820.0757,3334.2397
2007-08-07 19:00:00,2694.3933,3081.4746,3911.603,2820.0757,3334.2397
2007-08-07 20:00:00,2694.934,3081.4746,3911.603,2820.0757,3334.2397
2007-08-07 21:00:00,2694.934,3081.4746,3911.603,2820.0757,3334.2397
2007-08-07 22:00:00,2695.0728,3081.4746,3911.603,2820.0757,3334.2397
2007-08-07 23:00:00,2695.0796,3081.4746,3911.603,2820.0757,3334.2397
2007-08-08 00:00:00,2695.0796,3081.4746,3911.603,2820.0757,3334.2397
2007-08-08 01:00:00,2695.0796,3081.4746,3911.603,2820.0757,3334.2397
2007-08-08 02:00:00,2695.0796,3081.4746,3911.603,2820.0757,3334.2397
2007-08-08 03:00:00,2695.0796,3081.4746,3911.603,2820.0757,3334.2397
2007-08-08 04:00:00,2695.0796,3081.4746,3911.603,2820.0757,3334.2397
2007-08-08 05:00:00,2695.0796,3081.4746,3911.603,2820.0757,3334.2397
2007-08-08 06:00:00,2695.0796,3081.4746,3911.603,2820.0757,3334.2397
2007-08-08 07:00:00,2695.0796,3081.4746,3911.603,2820.0757,3334.2397
2007-08-08 08:00:00,2695.0796,3081.4746,3911.603,2820.1208,3334.2397
2007-08-08 09:00:00,2695.0852,3081.4746,3911.603,2820.1208,3334.2397
2007-08-08 10:00:00,2695.117,3081.4746,3911.603,2820.73,3334.2397
2007-08-08 11:00:00,2695.117,3081.4746,3911.603,2820.767,3334.2397
2007-08-08 12:00:00,2695.1306,3081.4746,3911.603,2820.942,3334.2397
2007-08-08 13:00:00,2695.1306,3081.4746,3911.603,2821.6658,3334.2397
2007-08-08 14:00:00,2696.0027,3081.4746,3911.603,2821.783,3334.2397
2007-08-08 15:00:00,2697.4067,3081.4993,3911.6294,2823.567,3334.2397
2007-08-08 16:00:00,2697.4067,3081.5046,3912.2183,2823.6812,3334.3806
2007-08-08 17:00:00,2697.4067,3081.5046,3912.238,2823.6812,3334.5103
2007-08-08 18:00:00,2697.5354,3081.5261,3912.2988,2825.6077,3335.8232
2007-08-08 19:00:00,2697.5674,3082.3794,3912.5652,2826.1772,3337.1853
2007-08-08 20:00:00,2698.105,3082.7002,3913.513,2828.3325,3337.379
2007-08-08 21:00:00,2698.8318,3082.7048,3913.68,2828.87,3337.379
2007-08-08 22:00:00,2699.4963,3082.7048,3913.68,2828.87,3337.379
2007-08-08 23:00:00,2699.5186,3082.7048,3913.68,2828.87,3337.379
2007-08-09 00:00:00,2699.5186,3082.7048,3913.68,2828.87,3337.379
2007-08-09 01:00:00,2699.5186,3082.7048,3913.68,2828.87,3337.379
2007-08-09 02:00:00,2699.5186,3082.7048,3913.68,2828.87,3337.379
2007-08-09 03:00:00,2699.5186,3082.7048,3913.68,2828.87,3337.379
2007-08-09 04:00:00,2699.5186,3082.7048,3913.68,2828.87,3337.379
2007-08-09 05:00:00,2699.5186,3082.7048,3913.68,2828.87,3337.379
2007-08-09 06:00:00,2699.5186,3082.7048,3913.68,2828.87,3337.379
2007-08-09 07:00:00,2699.5186,3082.7048,3913.68,2828.87,3337.379
2007-08-09 08:00:00,2699.5186,3082.7048,3913.68,2828.87,3337.379
2007-08-09 09:00:00,2699.5186,3082.7048,3913.68,2828.87,3337.379
2007-08-09 10:00:00,2699.5186,3082.7048,3913.68,2828.87,3337.379
2007-08-09 11:00:00,2699.5186,3082.7048,3913.68,2828.87,3337.379
2007-08-09 12:00:00,2699.5186,3082.7048,3913.68,2828.87,3337.379
2007-08-09 13:00:00,2699.5186,3082.7048,3913.68,2828.87,3337.379
2007-08-09 14:00:00,2699.5186,3082.7048,3913.68,2828.87,3337.379
2007-08-09 15:00:00,2699.5186,3082.7048,3913.68,2828.87,3337.379
2007-08-09 16:00:00,2699.5186,3082.7048,3913.68,2828.87,3337.379
2007-08-09 17:00:00,2699.5186,3082.7048,3913.68,2828.87,3337.379
2007-08-09 18:00:00,2699.5186,3082.7048,3913.68,2828.87,3337.379
2007-08-09 19:00:00,2699.5186,3082.7048,3913.68,2828.87,3337.379
2007-08-09 20:00:00,2699.5186,3082.7048,3913.68,2828.87,3337.379
2007-08-09 21:00:00,2699.5186,3082.7048,3913.68,2828.87,3337.379
2007-08-09 22:00:00,2699.5186,3082.7048,3913.68,2828.87,3337.379
2007-08-09 23:00:00,2699.5186,3082.7048,3913.68,2828.87,3337.379
2007-08-10 00:00:00,2699.5186,3082.7048,3913.68,2828.8843,3337.379
2007-08-10 01:00:00,2699.5186,3082.7048,3913.68,2828.8843,3337.379
2007-08-10 02:00:00,2699.5186,3082.7693,3913.68,2828.8843,3337.379
2007-08-10 03:00:00,2699.5186,3083.06,3913.68,2828.8843,3337.4072
2007-08-10 04:00:00,2699.5186,3083.2964,3913.68,2828.8843,3337.4072
2007-08-10 05:00:00,2699.5278,3083.6196,3913.68,2828.8843,3337.4072
2007-08-10 06:00:00,2699.5278,3083.6294,3913.68,2828.8843,3337.4072
2007-08-10 07:00:00,2699.5278,3083.6294,3913.68,2828.8843,3337.4072
2007-08-10 08:00:00,2699.5278,3083.6294,3913.68,2828.8843,3337.4072
2007-08-10 09:00:00,2699.5278,3083.6294,3913.68,2828.8843,3337.4072
2007-08-10 10:00:00,2699.5278,3083.6294,3913.68,2828.8843,3337.4072
2007-08-10 11:00:00,2699.5278,3083.6294,3913.68,2828.8843,3337.4072
2007-08-10 12:00:00,2699.5278,3083.6294,3913.68,2828.8843,3337.4072
2007-08-10 13:00:00,2699.628,3083.6294,3913.68,2828.8843,3337.4072
2007-08-10 14:00:00,2699.628,3083.6294,3913.68,2828.8843,3337.4072
2007-08-10 15:00:00,2699.628,3083.6294,3913.68,2828.8843,3337.4072
2007-08-10 16:00:00,2699.628,3083.6294,3913.68,2828.8843,3337.4072
2007-08-10 17:00:00,2699.628,3083.6294,3913.68,2828.8843,3337.4072
2007-08-10 18:00:00,2699.628,3083.6294,3913.68,2828.8843,3337.4072
2007-08-10 19:00:00,2699.628,3083.6294,3913.68,2828.8843,3337.4072
2007-08-10 20:00:00,2699.628,3083.6294,3913.68,2828.8843,3337.4072
2007-08-10 21:00:00,2699.628,3083.6294,3913.68,2828.8843,3337.4072
2007-08-10 22:00:00,2699.628,3083.6294,3913.68,2828.8843,3337.4072
2007-08-10 23:00:00,2699.628,3083.6294,3913.68,2828.8843,3337.4072
2007-08-11 00:00:00,2699.628,3083.6294,3913.68,2828.8843,3337.4072
2007-08-11 01:00:00,2699.628,3083.6294,3913.68,2828.8843,3337.4072
2007-08-11 02:00:00,2699.628,3083.6294,3913.68,2828.8843,3337.4072
2007-08-11 03:00:00,2699.628,3083.6294,3913.68,2828.8843,3337.4072
2007-08-11 04:00:00,2699.628,3083.6294,3913.68,2828.8843,3337.4072
2007-08-11 05:00:00,2699.628,3083.6294,3913.68,2828.8843,3337.4072
2007-08-11 06:00:00,2699.628,3083.7056,3913.68,2828.8843,3337.4072
2007-08-11 07:00:00,2699.6665,3083.7056,3913.68,2828.8843,3337.4072
2007-08-11 08:00:00,2699.6665,3083.7056,3913.68,2828.8843,3337.4072
2007-08-11 09:00:00,2699.6665,3083.7522,3913.68,2828.8843,3337.4072
2007-08-11 10:00:00,2699.6665,3083.7522,3913.68,2828.8843,3337.4072
2007-08-11 11:00:00,2699.6665,3083.7522,3913.68,2828.8843,3337.4072
2007-08-11 12:00:00,2699.6665,3083.7522,3913.68,2828.9238,3337.4072
2007-08-11 13:00:00,2699.6665,3083.7522,3913.68,2828.9382,3337.4224
2007-08-11 14:00:00,2699.6665,3083.7522,3913.68,2828.9382,3337.4224
2007-08-11 15:00:00,2699.7158,3083.7522,3913.68,2828.9382,3337.4224
2007-08-11 16:00:00,2699.7158,3083.7522,3913.68,2828.9382,3337.4224
2007-08-11 17:00:00,2699.7158,3083.9712,3913.68,2828.9382,3337.4224
2007-08-11 18:00:00,2699.7158,3083.9822,3913.68,2828.9382,3337.4224
2007-08-11 19:00:00,2699.7158,3083.9822,3913.68,2828.9382,3337.4224
2007-08-11 20:00:00,2699.7158,3083.9822,3913.68,2828.9382,3337.4224
2007-08-11 21:00:00,2699.7158,3083.9822,3913.68,2828.9382,3337.4272
2007-08-11 22:00:00,2699.7158,3083.9822,3913.68,2828.9382,3337.429
2007-08-11 23:00:00,2699.7158,3083.9822,3913.68,2828.9382,3337.4312
2007-08-12 00:00:00,2699.7158,3083.9822,3913.68,2828.9382,3337.4312
2007-08-12 01:00:00,2699.7158,3083.9822,3913.68,2828.9382,3337.4312
2007-08-12 02:00:00,2699.7158,3083.9822,3913.68,2828.9382,3337.4705
2007-08-12 03:00:00,2699.7158,3083.9822,3913.68,2828.9382,3337.4705
2007-08-12 04:00:00,2699.7158,3083.9822,3913.68,2828.9382,3337.4705
2007-08-12 05:00:00,2699.7158,3083.986,3913.68,2828.9382,3337.4705
2007-08-12 06:00:00,2699.7158,3083.986,3913.68,2828.9382,3337.4705
2007-08-12 07:00:00,2699.7158,3083.986,3913.68,2828.9382,3337.4705
2007-08-12 08:00:00,2699.7158,3083.986,3913.68,2828.9382,3337.4705
2007-08-12 09:00:00,2699.7158,3083.986,3913.68,2828.9382,3337.4705
2007-08-12 10:00:00,2699.7158,3083.986,3913.68,2828.9382,3337.4705
2007-08-12 11:00:00,2699.7158,3083.986,3913.68,2828.9382,3337.4705
2007-08-12 12:00:00,2699.7158,3083.986,3913.68,2828.9436,3337.4705
2007-08-12 13:00:00,2699.7158,3083.986,3913.68,2828.9436,3337.4705
2007-08-12 14:00:00,2699.7158,3083.986,3913.68,2828.9436,3337.4705
2007-08-12 15:00:00,2699.7158,3083.986,3913.68,2828.9436,3337.4705
2007-08-12 16:00:00,2699.7158,3083.986,3913.68,2828.9436,3337.4705
2007-08-12 17:00:00,2699.7158,3083.986,3913.68,2828.9436,3337.4705
2007-08-12 18:00:00,2699.7158,3084.4194,3913.68,2828.9436,3337.4705
2007-08-12 19:00:00,2699.7158,3084.4485,3913.68,2828.9436,3337.4705
2007-08-12 20:00:00,2699.7158,3084.4485,3913.68,2828.9436,3337.4705
2007-08-12 21:00:00,2699.7158,3085.5852,3913.68,2828.976,3337.489
2007-08-12 22:00:00,2699.7158,3087.0645,3913.6843,2828.9922,3337.489
2007-08-12 23:00:00,2699.7158,3093.724,3913.6843,2829.2756,3337.4941
2007-08-13 00:00:00,2699.7158,3094.1125,3913.6843,2829.3022,3338.8472
2007-08-13 01:00:00,2699.7458,3094.1125,3913.714,2830.3308,3340.24
2007-08-13 02:00:00,2699.769,3094.1206,3915.0625,2831.5989,3340.24
2007-08-13 03:00:00,2700.1008,3094.1333,3916.02,2833.8445,3340.2837
2007-08-13 04:00:00,2700.1008,3094.359,3917.4546,2834.2056,3340.303
2007-08-13 05:00:00,2700.1008,3094.428,3917.6821,2834.4917,3341.4746
2007-08-13 06:00:00,2700.1113,3096.2776,3918.0142,2834.566,3344.372
2007-08-13 07:00:00,2700.897,3096.306,3918.8186,2834.7551,3344.4082
2007-08-13 08:00:00,2701.3577,3096.306,3918.8186,2834.974,3344.4148
2007-08-13 09:00:00,2701.8252,3096.306,3918.8447,2835.327,3344.4226
2007-08-13 10:00:00,2702.1396,3096.306,3918.8525,2835.327,3344.4226
2007-08-13 11:00:00,2702.1396,3096.306,3918.8525,2835.327,3344.4226
2007-08-13 12:00:00,2702.1396,3096.306,3918.8525,2835.327,3344.4226
2007-08-13 13:00:00,2702.1396,3096.306,3918.8525,2835.327,3344.4226
2007-08-13 14:00:00,2702.1633,3096.3223,3918.8525,2835.8052,3344.531
2007-08-13 15:00:00,2702.1633,3096.3223,3918.8525,2837.0376,3345.2485
2007-08-13 16:00:00,2702.3237,3096.3896,3918.8584,2837.1736,3345.2734
2007-08-13 17:00:00,2705.245,3096.4001,3919.0754,2837.1736,3345.3447
2007-08-13 18:00:00,2705.2805,3096.4001,3919.1,2837.1736,3345.3447
2007-08-13 19:00:00,2705.2805,3096.4001,3919.1,2837.1736,3345.3447
2007-08-13 20:00:00,2705.2805,3096.4001,3919.1,2837.1736,3345.3447
2007-08-13 21:00:00,2705.2805,3096.4001,3919.1,2837.1736,3345.3447
2007-08-13 22:00:00,2705.3113,3096.4001,3919.1,2837.1736,3345.3447
2007-08-13 23:00:00,2705.333,3096.9224,3919.1,2837.2363,3345.3447
2007-08-14 00:00:00,2705.333,3097.2705,3919.1,2837.3684,3345.3447
2007-08-14 01:00:00,2705.3376,3097.72,3919.1,2837.3784,3345.3447
2007-08-14 02:00:00,2705.3376,3097.7769,3919.1,2837.3857,3345.3447
2007-08-14 03:00:00,2705.3376,3097.8713,3919.1,2837.3857,3345.3584
2007-08-14 04:00:00,2705.3496,3098.0566,3919.1,2837.3857,3345.3584
2007-08-14 05:00:00,2705.3496,3098.1797,3919.1,2837.3857,3345.3584
2007-08-14 06:00:00,2705.3928,3098.2954,3919.1,2837.4436,3345.3584
2007-08-14 07:00:00,2705.4238,3098.2954,3919.1,2837.4436,3345.3584
2007-08-14 08:00:00,2705.4238,3098.2954,3919.1,2837.4436,3345.3584
2007-08-14 09:00:00,2705.4392,3098.2954,3919.1,2837.4436,3345.3584
2007-08-14 10:00:00,2705.4514,3098.2954,3919.1,2837.4934,3345.3584
2007-08-14 11:00:00,2705.4514,3098.2954,3919.1,2837.4934,3345.3584
2007-08-14 12:00:00,2705.4514,3098.2954,3919.1,2837.4934,3345.3584
2007-08-14 13:00:00,2705.4514,3098.2954,3919.1,2837.4934,3345.3584
2007-08-14 14:00:00,2705.4514,3098.2954,3919.1,2838.5376,3345.3584
2007-08-14 15:00:00,2705.4514,3098.2954,3919.1,2838.7312,3345.3584
2007-08-14 16:00:00,2705.4514,3098.3142,3919.1,2839.2354,3345.3584
2007-08-14 17:00:00,2705.4678,3098.749,3919.2014,2840.0623,3346.307
2007-08-14 18:00:00,2705.584,3099.7007,3920.0112,2840.6497,3347.153
2007-08-14 19:00:00,2706.2114,3100.7822,3920.8025,2842.005,3347.9602
2007-08-14 20:00:00,2707.0618,3101.7776,3921.537,2843.8474,3348.77
2007-08-14 21:00:00,2707.7827,3102.4214,3922.3713,2845.104,3349.5059
2007-08-14 22:00:00,2708.9248,3103.0408,3923.29,2845.465,3350.1086
2007-08-14 23:00:00,2709.8186,3103.6543,3924.2878,2845.6384,3350.61
2007-08-15 00:00:00,2711.0022,3104.316,3925.7776,2845.7227,3351.2644
2007-08-15 01:00:00,2712.3079,3105.7708,3927.7837,2846.601,3353.4297
2007-08-15 02:00:00,2713.9353,3107.807,3932.348,2847.934,3355.7212
2007-08-15 03:00:00,2716.1938,3111.2266,3940.2888,2850.011,3358.909
2007-08-15 04:00:00,2717.8184,3113.469,3947.188,2852.6577,3360.8271
2007-08-15 05:00:00,2720.0762,3113.7383,3952.7327,2853.9243,3361.0662
2007-08-15 06:00:00,2721.9192,3113.759,3954.4202,2854.4448,3361.571
2007-08-15 07:00:00,2723.2542,3113.843,3954.6125,2854.9534,3362.3525
2007-08-15 08:00:00,2723.6526,3114.481,3954.6125,2855.4207,3362.426
2007-08-15 09:00:00,2724.4954,3117.2974,3956.0361,2857.0078,3363.583
2007-08-15 10:00:00,2724.7942,3120.393,3958.4414,2857.818,3364.279
2007-08-15 11:00:00,2724.8186,3120.4844,3958.9263,2857.8918,3365.29
2007-08-15 12:00:00,2724.8186,3120.4844,3959.0115,2857.8918,3365.6792
2007-08-15 13:00:00,2724.8186,3120.4844,3959.365,2857.8918,3365.9302
2007-08-15 14:00:00,2724.8186,3120.4844,3961.0374,2857.8918,3366.0647
2007-08-15 15:00:00,2725.709,3120.4844,3961.334,2857.8918,3366.0647
2007-08-15 16:00:00,2725.9565,3120.4844,3961.334,2857.8918,3366.0647
2007-08-15 17:00:00,2725.963,3120.4844,3961.373,2857.8918,3366.0647
2007-08-15 18:00:00,2726.0737,3120.5657,3961.373,2858.0303,3367.2192
2007-08-15 19:00:00,2726.6501,3121.232,3962.5566,2859.3328,3367.6592
2007-08-15 20:00:00,2727.241,3121.3867,3963.8733,2860.8145,3367.8696
2007-08-15 21:00:00,2727.9524,3122.645,3964.1575,2860.836,3367.9011
2007-08-15 22:00:00,2727.9524,3121.5984,3964.1575,2860.836,3367.9011
2007-08-15 23:00:00,2727.9524,3122.6968,3964.1575,2860.836,3368.0815
2007-08-16 00:00:00,2727.9524,3122.6968,3964.1575,2860.8782,3368.0815
2007-08-16 01:00:00,2728.1533,3122.7773,3964.2034,2860.9248,3368.2334
2007-08-16 02:00:00,2728.155,3123.5027,3965.134,2860.9373,3368.2388
2007-08-16 03:00:00,2728.3413,3123.586,3965.134,2860.9524,3368.2388
2007-08-16 04:00:00,2728.353,3123.5913,3965.134,2860.9524,3368.5305
2007-08-16 05:00:00,2728.353,3124.4282,3965.1687,2860.9524,3368.5305
2007-08-16 06:00:00,2728.3872,3124.475,3965.2053,2860.9988,3368.5305
2007-08-16 07:00:00,2729.1616,3125.2302,3965.5479,2861.665,3368.5803
2007-08-16 08:00:00,2729.411,3125.4045,3965.7769,2862.2468,3368.6003
2007-08-16 09:00:00,2729.4343,3125.4565,3965.7883,2862.2769,3368.6003
2007-08-16 10:00:00,2730.5527,3125.4565,3965.8,2862.5608,3368.6003
2007-08-16 11:00:00,2730.9211,3125.4565,3965.8,2862.5708,3368.6162
2007-08-16 12:00:00,2731.2449,3125.4736,3966.1619,2862.8003,3369.773
2007-08-16 13:00:00,2731.2527,3127.447,3966.5913,2863.2563,3370.416
2007-08-16 14:00:00,2731.7034,3127.447,3967.2905,2863.5212,3370.468
2007-08-16 15:00:00,2732.0188,3127.6213,3967.3345,2863.5212,3370.613
2007-08-16 16:00:00,2732.029,3127.6252,3967.6514,2863.624,3371.598
2007-08-16 17:00:00,2733.3218,3128.8618,3968.6733,2866.062,3373.3557
2007-08-16 18:00:00,2734.6377,3130.5176,3969.3105,2868.399,3374.2139
2007-08-16 19:00:00,2735.215,3131.0618,3969.828,2870.136,3374.6711
2007-08-16 20:00:00,2736.0117,3132.4531,3970.3357,2872.7893,3374.7742
2007-08-16 21:00:00,2737.0093,3135.697,3970.7622,2875.0784,3374.8718
2007-08-16 22:00:00,2737.5269,3139.0256,3970.766,2877.686,3375.5093
2007-08-16 23:00:00,2738.3767,3140.5986,3970.838,2880.137,3376.5234
2007-08-17 00:00:00,2739.2144,3140.8953,3970.8853,2880.9766,3376.6025
2007-08-17 01:00:00,2739.2144,3140.8953,3971.002,2881.0051,3376.6025
2007-08-17 02:00:00,2739.2144,3141.0127,3972.128,2881.0315,3376.7253
2007-08-17 03:00:00,2739.2466,3141.1274,3974.0095,2881.5896,3377.1475
2007-08-17 04:00:00,2739.3005,3141.135,3974.0435,2881.6619,3377.1475
2007-08-17 05:00:00,2739.3005,3141.3108,3974.9001,2881.8867,3377.321
2007-08-17 06:00:00,2740.388,3141.3296,3980.18,2882.0403,3378.1523
2007-08-17 07:00:00,2740.5273,3142.093,3981.5532,2882.7136,3378.2117
2007-08-17 08:00:00,2741.2031,3143.365,3984.308,2884.0068,3379.17
2007-08-17 09:00:00,2742.8547,3144.7046,3992.24,2886.6277,3383.591
2007-08-17 10:00:00,2743.506,3147.098,3996.2131,2889.7805,3386.0825
2007-08-17 11:00:00,2743.54,3147.9143,3998.6985,2891.8047,3387.9153
2007-08-17 12:00:00,2743.8171,3147.9907,4001.1292,2892.1072,3389.082
2007-08-17 13:00:00,2744.164,3148.3667,4005.2097,2892.5122,3389.119
2007-08-17 14:00:00,2744.3296,3148.4502,4011.4126,2892.9941,3389.4602
2007-08-17 15:00:00,2744.3296,3148.5085,4017.0833,2894.4026,3390.048
2007-08-17 16:00:00,2744.3296,3148.5994,4027.4473,2896.1414,3390.4539
2007-08-17 17:00:00,2744.3296,3148.5994,4022.7222,2895.402,3390.2048
2007-08-17 18:00:00,2744.3296,3148.6194,4033.0916,2897.8894,3391.2285
2007-08-17 19:00:00,2744.3987,3148.792,4038.944,2899.0154,3392.7803
2007-08-17 20:00:00,2744.7554,3148.9424,4042.6726,2900.2097,3393.72
2007-08-17 21:00:00,2744.7678,3149.024,4044.3464,2900.859,3395.3972
2007-08-17 22:00:00,2744.7678,3149.03,4045.5862,2901.224,3396.8704
2007-08-17 23:00:00,2744.8098,3149.088,4046.876,2901.3079,3397.2827
2007-08-18 00:00:00,2744.8425,3149.1743,4047.0466,2901.366,3397.586
2007-08-18 01:00:00,2745.4094,3149.9207,4047.3037,2901.466,3398.0347
2007-08-18 02:00:00,2745.7703,3151.7036,4048.491,2901.6863,3398.299
2007-08-18 03:00:00,2745.8599,3153.196,4049.7214,2902.2673,3399.6519
2007-08-18 04:00:00,2745.8997,3153.9563,4049.9744,2902.623,3399.8174
2007-08-18 05:00:00,2745.9478,3154.554,4049.9783,2902.7341,3399.9443
2007-08-18 06:00:00,2746.091,3154.6218,4049.9783,2903.6042,3400.9846
2007-08-18 07:00:00,2746.326,3154.6218,4050.0088,2903.8472,3401.5325
2007-08-18 08:00:00,2746.4087,3154.6218,4050.0947,2903.8472,3401.604
2007-08-18 09:00:00,2746.4087,3154.7146,4050.1985,2903.8892,3401.7156
2007-08-18 10:00:00,2746.7024,3154.929,4050.4414,2903.909,3402.296
2007-08-18 11:00:00,2746.849,3154.968,4050.5876,2903.931,3402.6436
2007-08-18 12:00:00,2746.8838,3154.968,4050.5876,2903.931,3402.8367
2007-08-18 13:00:00,2746.8838,3154.968,4050.5876,2903.931,3403.0457
2007-08-18 14:00:00,2746.9045,3156.361,4050.6626,2904.0505,3403.2922
2007-08-18 15:00:00,2747.2058,3157.146,4050.8079,2904.1519,3403.8845
2007-08-18 16:00:00,2747.5479,3157.2688,4050.8079,2904.1519,3404.0654
2007-08-18 17:00:00,2747.5479,3157.2925,4050.8079,2904.1519,3404.0881
2007-08-18 18:00:00,2747.5479,3157.2925,4050.8079,2904.1519,3404.0881
2007-08-18 19:00:00,2747.5479,3157.2925,4050.8079,2904.1519,3404.2
2007-08-18 20:00:00,2747.5479,3157.2925,4050.8079,2904.1519,3404.2
2007-08-18 21:00:00,2747.5479,3157.2925,4050.8079,2904.1519,3404.5906
2007-08-18 22:00:00,2747.5479,3157.365,4050.8079,2904.1519,3404.5906
2007-08-18 23:00:00,2747.5479,3157.5251,4050.8079,2904.1519,3404.6714
2007-08-19 00:00:00,2747.5479,3157.5251,4050.8079,2904.1519,3404.7168
2007-08-19 01:00:00,2747.5479,3157.7842,4050.8079,2904.1519,3404.9111
2007-08-19 02:00:00,2747.984,3158.011,4050.8918,2904.1519,3405.0042
2007-08-19 03:00:00,2748.5063,3158.011,4050.8918,2904.1519,3405.26
2007-08-19 04:00:00,2748.7236,3158.011,4050.8918,2904.1519,3405.551
2007-08-19 05:00:00,2749.0486,3158.011,4050.8918,2904.1519,3405.6558
2007-08-19 06:00:00,2749.1914,3158.011,4050.8918,2904.1519,3405.6675
2007-08-19 07:00:00,2749.1914,3158.011,4050.8918,2904.1519,3405.6675
2007-08-19 08:00:00,2749.1914,3158.011,4050.8918,2904.1519,3405.6675
2007-08-19 09:00:00,2749.1914,3158.011,4050.8918,2904.1519,3405.6675
2007-08-19 10:00:00,2749.1914,3158.011,4050.8918,2904.1519,3405.6675
2007-08-19 11:00:00,2749.1914,3158.423,4050.9412,2904.2073,3405.9192
2007-08-19 12:00:00,2749.1914,3158.011,4050.8918,2904.1519,3405.6675
2007-08-19 13:00:00,2749.3733,3159.0823,4051.4863,2904.7651,3406.5696
2007-08-19 14:00:00,2749.764,3159.561,4052.315,2905.0132,3407.5854
2007-08-19 15:00:00,2750.1545,3159.8694,4053.9978,2905.393,3408.1194
2007-08-19 16:00:00,2750.7043,3160.4988,4055.9258,2905.8064,3408.3958
2007-08-19 17:00:00,2751.089,3161.1313,4057.2117,2906.0059,3408.6062
2007-08-19 18:00:00,2751.3342,3162.0654,4058.05,2906.398,3408.8022
2007-08-19 19:00:00,2751.7942,3162.9421,4058.603,2906.792,3408.9993
2007-08-19 20:00:00,2752.1306,3164.02,4059.5466,2907.0422,3409.1958
2007-08-19 21:00:00,2752.194,3164.7478,4060.2878,2907.217,3409.2693
2007-08-19 22:00:00,2752.251,3164.9749,4060.6575,2907.217,3409.4204
2007-08-19 23:00:00,2752.251,3164.981,4060.885,2907.217,3409.662
2007-08-20 00:00:00,2752.251,3165.0557,4060.9136,2907.217,3409.662
2007-08-20 01:00:00,2752.251,3165.3276,4061.1536,2907.2864,3409.7434
2007-08-20 02:00:00,2752.4167,3165.538,4061.4824,2907.3264,3409.9172
2007-08-20 03:00:00,2752.537,3165.5972,4061.5542,2907.3264,3410.3289
2007-08-20 04:00:00,2752.537,3165.5972,4061.6284,2907.3264,3410.3699
2007-08-20 05:00:00,2752.537,3165.5972,4061.7295,2907.3264,3410.5325
2007-08-20 06:00:00,2752.537,3165.5972,4061.7295,2907.3264,3410.5325
2007-08-20 07:00:00,2752.537,3165.5972,4061.7295,2907.3264,3410.5325
2007-08-20 08:00:00,2752.537,3165.687,4061.7295,2907.3264,3410.5325
2007-08-20 09:00:00,2752.5696,3166.0405,4061.7295,2907.3425,3410.5325
2007-08-20 10:00:00,2752.6729,3166.301,4061.7295,2907.4546,3410.5325
2007-08-20 11:00:00,2752.7756,3166.301,4061.7295,2907.4546,3410.5325
2007-08-20 12:00:00,2752.7756,3166.301,4061.7295,2907.4546,3410.5325
2007-08-20 13:00:00,2752.7756,3166.301,4061.7295,2907.522,3410.5325
2007-08-20 14:00:00,2752.7756,3166.301,4061.7295,2907.5535,3410.5325
2007-08-20 15:00:00,2752.7756,3166.301,4061.7295,2907.5535,3410.5325
2007-08-20 16:00:00,2752.7756,3166.301,4061.7295,2907.5535,3410.5325
2007-08-20 17:00:00,2752.7993,3166.301,4061.7295,2907.6592,3410.5325
2007-08-20 18:00:00,2752.7993,3166.4553,4061.7295,2907.7346,3410.5325
2007-08-20 19:00:00,2752.7993,3166.5342,4061.7295,2907.7869,3410.5325
2007-08-20 20:00:00,2752.7993,3166.5342,4061.7295,2907.845,3410.5325
2007-08-20 21:00:00,2752.7993,3166.5342,4061.7295,2907.845,3410.5325
2007-08-20 22:00:00,2752.7993,3166.5342,4061.7295,2907.845,3410.5325
2007-08-20 23:00:00,2752.7993,3166.5342,4061.7295,2907.845,3410.5325
2007-08-21 00:00:00,2752.7993,3166.5342,4061.7295,2907.845,3410.5325
2007-08-21 01:00:00,2752.7993,3166.5342,4061.7295,2907.845,3410.5325
2007-08-21 02:00:00,2752.7993,3166.5342,4061.7295,2907.845,3410.5325
2007-08-21 03:00:00,2752.7993,3166.5342,4061.7295,2907.845,3410.5325
2007-08-21 04:00:00,2752.7993,3166.5342,4061.7295,2907.845,3410.5325
2007-08-21 05:00:00,2752.7993,3166.5342,4061.7295,2907.845,3410.5325
2007-08-21 06:00:00,2752.7993,3166.5342,4061.7295,2907.845,3410.5325
2007-08-21 07:00:00,2752.7993,3166.5342,4061.7295,2907.845,3410.5325
2007-08-21 08:00:00,2752.7993,3166.5342,4061.7295,2907.845,3410.5325
2007-08-21 09:00:00,2752.7993,3166.5342,4061.7295,2907.845,3410.5325
2007-08-21 10:00:00,2752.7993,3166.5342,4061.7295,2907.845,3410.5325
2007-08-21 11:00:00,2752.7993,3166.5342,4061.7295,2907.845,3410.5325
2007-08-21 12:00:00,2752.7993,3166.5342,4061.7295,2907.845,3410.5325
2007-08-21 13:00:00,2752.7993,3166.5342,4061.7295,2907.845,3410.5325
2007-08-21 14:00:00,2752.7993,3166.5342,4061.7295,2907.845,3410.5325
2007-08-21 15:00:00,2752.7993,3166.5342,4061.7295,2907.845,3410.5325
2007-08-21 16:00:00,2752.7993,3166.5342,4061.7295,2907.845,3410.5325
2007-08-21 17:00:00,2752.7993,3166.5342,4061.7295,2907.845,3410.5325
2007-08-21 18:00:00,2752.7993,3166.5342,4061.7295,2907.845,3410.5325
2007-08-21 19:00:00,2752.7993,3166.5342,4061.7295,2907.845,3410.5325
2007-08-21 20:00:00,2752.7993,3166.5342,4061.7295,2907.845,3410.5325
2007-08-21 21:00:00,2752.7993,3166.5342,4061.7295,2907.845,3410.5325
2007-08-21 22:00:00,2752.7993,3166.5342,4061.7295,2907.845,3410.5325
2007-08-21 23:00:00,2752.7993,3166.5342,4061.7295,2907.845,3410.5325
2007-08-22 00:00:00,2752.7993,3166.5342,4061.7295,2907.845,3410.5325
2007-08-22 01:00:00,2752.7993,3166.5342,4061.7295,2907.845,3410.5325
2007-08-22 02:00:00,2752.7993,3166.5342,4061.7295,2907.845,3410.5325
2007-08-22 03:00:00,2752.7993,3166.5342,4061.7295,2907.845,3410.5325
2007-08-22 04:00:00,2752.7993,3166.5342,4061.7295,2907.845,3410.5325
2007-08-22 05:00:00,2752.7993,3166.5342,4061.7295,2907.845,3410.5325
2007-08-22 06:00:00,2752.7993,3166.5342,4061.7295,2907.845,3410.5325
2007-08-22 07:00:00,2752.7993,3166.5342,4061.7295,2907.845,3410.5325
2007-08-22 08:00:00,2752.7993,3166.5342,4061.7295,2907.845,3410.5325
2007-08-22 09:00:00,2752.7993,3166.5342,4061.7295,2907.845,3410.5325
2007-08-22 10:00:00,2752.7993,3166.5342,4061.7295,2907.845,3410.5325
2007-08-22 11:00:00,2752.7993,3166.5342,4061.7295,2907.845,3410.5325
2007-08-22 12:00:00,2752.7993,3166.5342,4061.7295,2907.845,3410.5325
2007-08-22 13:00:00,2752.7993,3166.5342,4061.7295,2907.845,3410.5325
2007-08-22 14:00:00,2752.7993,3166.5342,4061.7295,2907.845,3410.5325
2007-08-22 15:00:00,2752.7993,3166.5342,4061.7295,2907.845,3410.5325
2007-08-22 16:00:00,2752.7993,3166.5342,4061.7295,2907.845,3410.5325
2007-08-22 17:00:00,2752.7993,3166.5342,4061.7295,2907.845,3410.5325
2007-08-22 18:00:00,2752.7993,3166.5342,4061.7295,2907.845,3410.5325
2007-08-22 19:00:00,2752.7993,3166.5342,4061.7295,2907.845,3410.5325
2007-08-22 20:00:00,2752.7993,3166.5342,4061.7295,2907.845,3410.5325
2007-08-22 21:00:00,2752.7993,3166.5342,4061.7295,2907.845,3410.5325
2007-08-22 22:00:00,2752.7993,3166.5342,4061.7295,2907.845,3410.5325
2007-08-22 23:00:00,2752.7993,3166.5342,4061.7295,2907.845,3410.5325
2007-08-23 00:00:00,2752.7993,3166.5342,4061.7295,2907.845,3410.5325
2007-08-23 01:00:00,2752.7993,3166.5342,4061.7295,2907.845,3410.5325
2007-08-23 02:00:00,2752.7993,3166.5342,4061.7295,2907.845,3410.5325
2007-08-23 03:00:00,2752.7993,3166.5342,4061.7295,2907.845,3410.5325
2007-08-23 04:00:00,2752.7993,3166.5342,4061.7295,2907.845,3410.5325
2007-08-23 05:00:00,2752.7993,3166.5342,4061.7295,2907.845,3410.5325
2007-08-23 06:00:00,2752.7993,3166.5342,4061.7295,2907.845,3410.5325
2007-08-23 07:00:00,2752.7993,3166.5342,4061.7295,2907.845,3410.5325
2007-08-23 08:00:00,2752.7993,3166.5342,4061.7295,2907.845,3410.5325
2007-08-23 09:00:00,2752.7993,3166.5342,4061.7295,2907.845,3410.5325
2007-08-23 10:00:00,2752.7993,3166.5342,4061.7295,2907.845,3410.5325
2007-08-23 11:00:00,2752.7993,3166.5342,4061.7295,2907.845,3410.5325
2007-08-23 12:00:00,2752.7993,3166.5342,4061.7295,2907.845,3410.5325
2007-08-23 13:00:00,2752.7993,3166.5342,4061.7295,2907.845,3410.5325
2007-08-23 14:00:00,2752.7993,3166.5342,4061.7295,2907.845,3410.5325
2007-08-23 15:00:00,2752.7993,3166.5342,4061.7295,2907.845,3410.5325
2007-08-23 16:00:00,2752.7993,3166.5342,4061.7295,2907.845,3410.5325
2007-08-23 17:00:00,2752.7993,3166.5342,4061.7295,2907.845,3410.5325
2007-08-23 18:00:00,2752.7993,3166.5342,4061.7295,2907.845,3410.5325
2007-08-23 19:00:00,2752.7993,3166.5342,4061.7295,2907.845,3410.5325
2007-08-23 20:00:00,2752.7993,3166.5342,4061.7295,2907.845,3410.555
2007-08-23 21:00:00,2752.7993,3166.5342,4061.7295,2907.845,3410.6687
2007-08-23 22:00:00,2752.7993,3166.5342,4061.7295,2907.845,3410.6687
2007-08-23 23:00:00,2752.7993,3166.5342,4061.7295,2907.845,3410.6687
2007-08-24 00:00:00,2752.7993,3166.5342,4061.775,2907.845,3410.6687
2007-08-24 01:00:00,2752.7993,3166.5342,4061.7874,2907.845,3410.6687
2007-08-24 02:00:00,2752.7993,3166.5342,4061.7874,2907.845,3410.6687
2007-08-24 03:00:00,2752.7993,3166.5342,4061.7874,2907.845,3410.6885
2007-08-24 04:00:00,2752.7993,3166.5342,4061.7988,2907.845,3410.6885
2007-08-24 05:00:00,2752.7993,3166.5342,4061.8025,2907.845,3410.7043
2007-08-24 06:00:00,2752.822,3166.5342,4061.8025,2907.845,3410.7043
2007-08-24 07:00:00,2752.822,3166.5342,4061.8025,2907.845,3410.7043
2007-08-24 08:00:00,2752.8354,3166.5342,4061.8025,2907.845,3410.7043
2007-08-24 09:00:00,2752.8354,3166.5342,4061.8025,2907.845,3410.7043
2007-08-24 10:00:00,2752.8354,3166.5342,4061.8025,2907.845,3410.7043
2007-08-24 11:00:00,2752.8354,3166.5342,4061.8025,2907.845,3410.7043
2007-08-24 12:00:00,2752.8354,3166.5342,4061.8025,2907.845,3410.7195
2007-08-24 13:00:00,2752.8354,3166.5342,4061.8025,2907.845,3410.7307
2007-08-24 14:00:00,2752.8354,3166.5342,4061.8025,2907.845,3410.7307
2007-08-24 15:00:00,2752.8354,3166.65,4061.8025,2907.845,3410.7307
2007-08-24 16:00:00,2752.8354,3166.6516,4061.8025,2907.845,3410.7307
2007-08-24 17:00:00,2752.8354,3166.6516,4061.8025,2907.845,3410.7307
2007-08-24 18:00:00,2752.8354,3166.6516,4061.8025,2907.845,3410.7307
2007-08-24 19:00:00,2752.8354,3166.6516,4061.8025,2907.845,3410.7307
2007-08-24 20:00:00,2752.8354,3166.6516,4061.8025,2907.845,3410.7307
2007-08-24 21:00:00,2752.8354,3166.6516,4061.8025,2907.845,3410.7717
2007-08-24 22:00:00,2753.1057,3166.7302,4061.8025,2907.845,3411.2764
2007-08-24 23:00:00,2753.173,3167.28,4062.4038,2908.0046,3411.8186
2007-08-25 00:00:00,2753.1948,3167.5474,4066.0261,2908.3499,3411.9285
2007-08-25 01:00:00,2753.2446,3167.805,4070.8162,2908.7427,3412.2576
2007-08-25 02:00:00,2753.2446,3167.936,4071.2656,2908.8042,3412.2656
2007-08-25 03:00:00,2753.2683,3168.4355,4071.2773,2908.8042,3412.846
2007-08-25 04:00:00,2753.2698,3168.7498,4071.318,2908.8042,3413.576
2007-08-25 05:00:00,2753.2878,3168.8088,4071.6924,2908.8042,3414.0122
2007-08-25 06:00:00,2753.5642,3168.818,4071.8499,2908.8042,3415.1345
2007-08-25 07:00:00,2753.634,3168.8276,4072.2595,2908.9402,3415.6367
2007-08-25 08:00:00,2753.6372,3168.8438,4072.3188,2908.9895,3415.8342
2007-08-25 09:00:00,2753.6372,3168.8723,4072.4316,2909.0154,3415.927
2007-08-25 10:00:00,2753.6372,3168.8723,4072.4316,2909.0283,3415.927
2007-08-25 11:00:00,2753.6372,3168.8723,4072.47,2909.0283,3415.954
2007-08-25 12:00:00,2753.6372,3168.899,4072.5527,2909.0283,3416.0012
2007-08-25 13:00:00,2753.6372,3169.036,4072.6165,2909.0283,3416.0415
2007-08-25 14:00:00,2753.6372,3169.1394,4072.648,2909.0283,3416.1357
2007-08-25 15:00:00,2753.7224,3170.396,4075.8198,2909.3904,3419.7546
2007-08-25 16:00:00,2753.6372,3169.205,4072.759,2909.0378,3416.3975
2007-08-25 17:00:00,2753.6372,3169.411,4073.2737,2909.085,3417.2698
2007-08-25 18:00:00,2753.645,3170.1426,4074.4766,2909.24,3418.2156
2007-08-25 19:00:00,2754.03,3170.7134,4077.964,2909.4983,3421.47
2007-08-25 20:00:00,2755.0715,3172.203,4083.6929,2910.1636,3423.0762
2007-08-25 21:00:00,2754.5664,3170.7686,4080.7175,2909.869,3422.3264
2007-08-25 22:00:00,2754.9043,3171.08,4081.257,2910.0032,3422.976
2007-08-25 23:00:00,2755.1462,3172.3887,4085.4639,2910.6372,3423.24
2007-08-26 00:00:00,2755.1482,3173.1218,4086.828,2910.9043,3423.6128
2007-08-26 01:00:00,2755.421,3173.2917,4088.1091,2911.3818,3424.5808
2007-08-26 02:00:00,2755.7942,3173.4434,4090.129,2911.5452,3424.78
2007-08-26 03:00:00,2755.9937,3173.9973,4091.6206,2912.411,3427.6145
2007-08-26 04:00:00,2761.3198,3178.264,4099.1665,2919.12,3446.0833
2007-08-26 05:00:00,2757.8281,3174.28,4095.6936,2915.5432,3437.437
2007-08-26 06:00:00,2758.2554,3174.5972,4096.3667,2916.3198,3439.0198
2007-08-26 07:00:00,2758.5215,3174.9043,4096.6387,2916.361,3440.5657
2007-08-26 08:00:00,2758.5906,3175.4272,4096.6387,2916.5652,3441.4233
2007-08-26 09:00:00,2758.6184,3175.4556,4096.8887,2916.6624,3441.4573
2007-08-26 10:00:00,2758.6184,3176.888,4096.9014,2916.6624,3441.4573
2007-08-26 11:00:00,2758.6184,3177.0474,4096.9014,2916.6624,3441.4592
2007-08-26 12:00:00,2758.6184,3177.166,4097.084,2916.8406,3442.6611
2007-08-26 13:00:00,2759.4727,3177.9165,4097.447,2917.6218,3443.1165
2007-08-26 14:00:00,2759.7363,3178.0176,4097.862,2917.6218,3443.4587
2007-08-26 15:00:00,2759.9639,3178.0176,4098.2476,2918.3936,3445.174
2007-08-26 16:00:00,2761.1208,3178.206,4098.6978,2918.7607,3445.9236
2007-08-26 17:00:00,2761.3162,3178.2285,4099.1206,2919.0815,3445.9583
2007-08-26 18:00:00,2761.643,3178.5476,4100.3447,2919.3064,3446.8098
2007-08-26 19:00:00,2761.836,3178.623,4100.9336,2919.4922,3446.8098
2007-08-26 20:00:00,2762.0293,3178.623,4102.1743,2919.4922,3447.712
2007-08-26 21:00:00,2756.784,3174.136,4093.2446,2914.9944,3432.5771
2007-08-26 22:00:00,2762.2275,3178.718,4102.6636,2919.663,3449.116
2007-08-26 23:00:00,2763.6365,3178.9973,4104.213,2919.9404,3449.1602
2007-08-27 00:00:00,2763.673,3179.074,4104.286,2919.9404,3449.1602
2007-08-27 01:00:00,2763.673,3179.074,4104.355,2919.9404,3449.1602
2007-08-27 02:00:00,2764.142,3179.074,4104.7866,2919.9404,3449.1602
2007-08-27 03:00:00,2764.5903,3179.074,4105.885,2919.991,3449.4888
2007-08-27 04:00:00,2764.7212,3179.074,4105.885,2920.0642,3449.4888
2007-08-27 05:00:00,2764.7212,3179.097,4105.964,2920.0642,3449.4888
2007-08-27 06:00:00,2764.9326,3179.2017,4106.8916,2920.0642,3450.2002
2007-08-27 07:00:00,2765.1145,3179.6003,4107.175,2920.0642,3450.8801
2007-08-27 08:00:00,2765.1145,3179.7197,4107.69,2920.0642,3450.9832
2007-08-27 09:00:00,2765.1145,3179.7197,4107.7,2920.0642,3451.5212
2007-08-27 10:00:00,2765.1272,3179.7607,4107.784,2920.0642,3451.5627
2007-08-27 11:00:00,2765.1348,3179.7607,4108.133,2920.0642,3451.6968
2007-08-27 12:00:00,2765.1833,3179.7607,4109.4536,2920.0642,3452.0876
2007-08-27 13:00:00,2765.28,3179.8645,4112.2734,2920.7678,3454.9512
2007-08-27 14:00:00,2765.65,3179.8828,4112.8867,2920.8955,3455.2542
2007-08-27 15:00:00,2765.751,3180.3064,4114.79,2921.4326,3456.6934
2007-08-27 16:00:00,2765.7627,3181.2114,4116.137,2921.5208,3461.398
2007-08-27 17:00:00,2766.477,3181.888,4116.537,2921.6028,3461.7766
2007-08-27 18:00:00,2767.2788,3182.128,4117.932,2922.3691,3462.9207
2007-08-27 19:00:00,2767.9397,3182.128,4117.932,2922.3933,3463.0435
2007-08-27 20:00:00,2767.9644,3182.128,4117.932,2922.3933,3463.1091
2007-08-27 21:00:00,2767.9644,3182.128,4118.0747,2922.3933,3463.614
2007-08-27 22:00:00,2767.9644,3182.4326,4118.2964,2922.8838,3464.8718
2007-08-27 23:00:00,2767.9644,3182.4727,4118.2964,2922.9182,3465.6829
2007-08-28 00:00:00,2767.9644,3182.4817,4118.3506,2922.9182,3466.1667
2007-08-28 01:00:00,2768.0752,3182.4817,4119.382,2922.9182,3467.2725
2007-08-28 02:00:00,2768.118,3182.4817,4121.1753,2922.9182,3467.5974
2007-08-28 03:00:00,2768.1309,3182.4817,4122.01,2922.9182,3468.819
2007-08-28 04:00:00,2768.2239,3182.5203,4122.6533,2922.9182,3469.6514
2007-08-28 05:00:00,2768.2239,3182.5588,4122.7295,2922.9182,3469.9148
2007-08-28 06:00:00,2768.327,3182.5918,4123.5156,2922.9182,3470.4668
2007-08-28 07:00:00,2768.327,3182.7942,4124.245,2922.955,3472.4326
2007-08-28 08:00:00,2768.3484,3183.0046,4124.516,2923.079,3473.4988
2007-08-28 09:00:00,2768.4006,3183.648,4125.1333,2923.2285,3474.4626
2007-08-28 10:00:00,2768.4434,3183.7969,4125.2236,2923.2285,3474.5496
2007-08-28 11:00:00,2768.5269,3183.8745,4125.832,2923.2285,3474.6575
2007-08-28 12:00:00,2768.6777,3183.8765,4126.127,2923.2285,3474.6575
2007-08-28 13:00:00,2768.695,3183.8765,4126.127,2923.2285,3474.6575
2007-08-28 14:00:00,2768.695,3183.8765,4126.127,2923.2285,3474.6763
2007-08-28 15:00:00,2768.695,3183.8765,4126.127,2923.2285,3474.6934
2007-08-28 16:00:00,2768.695,3183.8765,4126.127,2923.2285,3475.2751
2007-08-28 17:00:00,2768.695,3183.8887,4126.127,2923.2285,3475.3186
2007-08-28 18:00:00,2768.695,3183.8887,4126.127,2923.2285,3475.3186
2007-08-28 19:00:00,2768.695,3184.0913,4126.127,2923.2285,3475.3186
2007-08-28 20:00:00,2768.695,3184.1145,4126.127,2923.2285,3475.4897
2007-08-28 21:00:00,2768.695,3184.2925,4126.127,2923.2285,3475.8237
2007-08-28 22:00:00,2768.695,3184.4849,4126.127,2923.2285,3476.143
2007-08-28 23:00:00,2768.695,3184.5376,4126.127,2923.2285,3476.175
2007-08-29 00:00:00,2768.695,3184.5376,4126.127,2923.2285,3476.271
2007-08-29 01:00:00,2768.695,3184.5452,4126.1763,2923.2285,3476.5127
2007-08-29 02:00:00,2768.695,3184.6282,4126.1763,2923.2285,3476.8035
2007-08-29 03:00:00,2768.695,3184.857,4126.231,2923.2285,3477.0112
2007-08-29 04:00:00,2768.695,3184.8933,4126.4165,2923.2368,3477.0112
2007-08-29 05:00:00,2768.7485,3184.8933,4127.2837,2923.2368,3477.0723
2007-08-29 06:00:00,2768.8328,3185.1426,4127.3213,2923.2368,3477.177
2007-08-29 07:00:00,2768.9893,3185.2942,4128.138,2923.2861,3477.201
2007-08-29 08:00:00,2769.4734,3185.2942,4128.4727,2923.2942,3477.286
2007-08-29 09:00:00,2769.4788,3185.2942,4129.096,2923.4766,3477.5745
2007-08-29 10:00:00,2769.5845,3185.8093,4129.3223,2923.6082,3477.9106
2007-08-29 11:00:00,2769.5845,3185.8093,4129.3223,2923.6082,3477.9106
2007-08-29 12:00:00,2769.5845,3185.8093,4129.3223,2923.6082,3477.9106
2007-08-29 13:00:00,2769.6584,3185.8093,4129.5205,2923.6082,3477.9106
2007-08-29 14:00:00,2769.7683,3185.8164,4129.6597,2923.6082,3478.086
2007-08-29 15:00:00,2769.9697,3185.846,4130.098,2923.628,3478.137
2007-08-29 16:00:00,2769.9697,3185.846,4130.098,2923.628,3478.137
2007-08-29 17:00:00,2769.9697,3185.846,4130.1465,2923.628,3478.137
2007-08-29 18:00:00,2769.9697,3185.846,4130.1465,2923.628,3478.2842
2007-08-29 19:00:00,2769.9697,3185.846,4130.2754,2923.628,3478.292
2007-08-29 20:00:00,2769.9697,3185.846,4130.416,2923.628,3478.292
2007-08-29 21:00:00,2769.9697,3185.846,4130.416,2923.628,3478.292
2007-08-29 22:00:00,2769.9697,3185.846,4130.416,2923.628,3478.4849
2007-08-29 23:00:00,2769.9697,3185.846,4130.416,2923.628,3478.4849
2007-08-30 00:00:00,2769.9697,3185.846,4130.416,2923.628,3478.4849
2007-08-30 01:00:00,2769.9697,3185.846,4130.416,2923.628,3478.4849
2007-08-30 02:00:00,2769.9697,3185.846,4130.416,2923.628,3478.4849
2007-08-30 03:00:00,2769.9697,3185.846,4130.416,2923.628,3478.4849
2007-08-30 04:00:00,2769.9697,3185.846,4130.416,2923.628,3478.4849
2007-08-30 05:00:00,2769.9697,3185.846,4130.416,2923.628,3478.4849
2007-08-30 06:00:00,2769.9697,3185.846,4130.416,2923.628,3478.4849
2007-08-30 07:00:00,2769.9697,3185.846,4130.416,2923.628,3478.4849
2007-08-30 08:00:00,2769.9697,3185.846,4130.416,2923.628,3478.4849
2007-08-30 09:00:00,2769.9697,3185.846,4130.416,2923.628,3478.4849
2007-08-30 10:00:00,2769.9697,3185.846,4130.416,2923.628,3478.4849
2007-08-30 11:00:00,2769.9697,3185.846,4130.416,2923.628,3478.4849
2007-08-30 12:00:00,2769.9697,3185.846,4130.416,2923.628,3478.5032
2007-08-30 13:00:00,2769.9697,3185.846,4130.416,2923.628,3478.5032
2007-08-30 14:00:00,2769.9697,3185.9082,4130.416,2923.628,3479.1487
2007-08-30 15:00:00,2769.9697,3186.0383,4130.416,2923.628,3479.1487
2007-08-30 16:00:00,2769.9697,3186.0847,4130.416,2923.628,3479.271
2007-08-30 17:00:00,2769.9697,3186.1328,4130.416,2923.628,3479.304
2007-08-30 18:00:00,2769.9697,3186.2646,4130.416,2923.628,3479.304
2007-08-30 19:00:00,2770.0105,3186.2646,4130.481,2923.628,3479.304
2007-08-30 20:00:00,2770.0142,3186.2646,4130.481,2923.628,3479.304
2007-08-30 21:00:00,2770.0142,3186.2646,4130.481,2923.628,3479.3848
2007-08-30 22:00:00,2770.0142,3186.2646,4130.481,2923.628,3479.9375
2007-08-30 23:00:00,2770.0142,3186.3062,4130.481,2923.6814,3480.2366
2007-08-31 00:00:00,2770.0142,3186.5942,4130.481,2923.7407,3480.788
2007-08-31 01:00:00,2770.0752,3186.762,4130.671,2923.936,3481.1824
2007-08-31 02:00:00,2770.271,3186.9475,4130.671,2924.082,3481.3777
2007-08-31 03:00:00,2770.5515,3187.2932,4130.6973,2924.2773,3481.573
2007-08-31 04:00:00,2770.7468,3187.585,4130.8774,2924.4727,3481.6455
2007-08-31 05:00:00,2770.9421,3187.7803,4130.9077,2924.668,3481.6455
2007-08-31 06:00:00,2771.1375,3187.8599,4130.9077,2924.8633,3481.6455
2007-08-31 07:00:00,2771.3328,3187.8599,4130.9077,2925.018,3481.6455
2007-08-31 08:00:00,2771.405,3187.8599,4130.9077,2925.082,3481.6455
2007-08-31 09:00:00,2771.405,3187.8599,4130.9077,2925.1863,3481.6455
2007-08-31 10:00:00,2771.405,3187.8599,4130.9077,2925.355,3481.6455
2007-08-31 11:00:00,2771.405,3187.8599,4130.9077,2925.355,3481.6455
2007-08-31 12:00:00,2771.405,3187.8599,4130.9077,2925.355,3481.6455
2007-08-31 13:00:00,2771.405,3187.8599,4130.9077,2925.355,3481.6455
2007-08-31 14:00:00,2771.405,3187.8599,4130.9077,2925.355,3481.6455
2007-08-31 15:00:00,2771.405,3187.8599,4130.9077,2925.355,3481.6455
2007-08-31 16:00:00,2771.405,3187.8599,4130.9077,2925.355,3481.6455
2007-08-31 17:00:00,2771.405,3187.8599,4130.9077,2925.355,3481.6455
2007-08-31 18:00:00,2771.405,3187.8599,4130.9077,2925.355,3481.6455
2007-08-31 19:00:00,2771.405,3187.8599,4130.9077,2925.355,3481.6455
2007-08-31 20:00:00,2771.405,3187.8599,4130.9077,2925.355,3481.6455
2007-08-31 21:00:00,2771.405,3187.8599,4130.9077,2925.355,3481.6455
2007-08-31 22:00:00,2771.405,3187.8599,4130.9077,2925.355,3481.6455
2007-08-31 23:00:00,2771.405,3187.8599,4130.9077,2925.355,3481.6455
2007-09-01 00:00:00,2771.405,3187.8599,4130.9077,2925.355,3481.6455
2007-09-01 01:00:00,2771.405,3187.8599,4130.9077,2925.355,3481.6455
2007-09-01 02:00:00,2771.405,3187.8599,4130.9077,2925.355,3481.6455
2007-09-01 03:00:00,2771.405,3187.8599,4130.9077,2925.355,3481.6455
2007-09-01 04:00:00,2771.405,3187.8599,4130.9077,2925.355,3481.6455
2007-09-01 05:00:00,2771.405,3187.8599,4130.9077,2925.355,3481.6455
2007-09-01 06:00:00,2771.405,3187.8599,4130.9077,2925.355,3481.6455
2007-09-01 07:00:00,2771.405,3187.8599,4130.9077,2925.355,3481.6455
2007-09-01 08:00:00,2771.405,3187.8599,4130.9077,2925.355,3481.6455
2007-09-01 09:00:00,2771.405,3187.8599,4130.9077,2925.355,3481.6455
2007-09-01 10:00:00,2771.405,3187.8599,4130.9077,2925.355,3481.6455
2007-09-01 11:00:00,2771.405,3187.932,4131.1025,2925.3652,3481.7896
2007-09-01 12:00:00,2771.6821,3188.3833,4131.9004,2925.6047,3482.097
2007-09-01 13:00:00,2772.1636,3189.165,4132.3223,2926.0862,3482.5874
2007-09-01 14:00:00,2773.1697,3190.3733,4134.8643,2926.962,3483.1138
2007-09-01 15:00:00,2775.463,3191.4902,4138.1064,2928.5342,3483.6904
2007-09-01 16:00:00,2776.9272,3193.3394,4139.6313,2929.966,3485.0054
2007-09-01 17:00:00,2779.1052,3195.6096,4141.2554,2931.303,3487.221
2007-09-01 18:00:00,2780.5588,3198.341,4143.2485,2933.297,3488.2285
2007-09-01 19:00:00,2782.2231,3200.3682,4145.6265,2934.7493,3489.298
2007-09-01 20:00:00,2783.0352,3201.9373,4149.287,2936.2751,3492.0837
2007-09-01 21:00:00,2785.007,3202.8604,4150.4404,2938.3638,3494.4863
2007-09-01 22:00:00,2786.959,3202.9592,4151.7476,2938.5493,3495.0225
2007-09-01 23:00:00,2786.959,3203.0183,4151.7476,2939.2383,3495.1912
2007-09-02 00:00:00,2786.9631,3203.1584,4151.7476,2939.464,3495.2642
2007-09-02 01:00:00,2786.9631,3203.2288,4151.7476,2939.4895,3495.2642
2007-09-02 02:00:00,2786.9631,3203.4253,4151.7476,2939.586,3495.2642
2007-09-02 03:00:00,2786.9631,3203.5452,4151.7476,2940.3599,3495.2922
2007-09-02 04:00:00,2787.0227,3203.5588,4152.309,2941.0913,3495.744
2007-09-02 05:00:00,2787.7751,3203.584,4153.437,2941.8738,3495.9639
2007-09-02 06:00:00,2789.4675,3203.732,4155.3735,2942.861,3497.469
2007-09-02 07:00:00,2790.551,3205.516,4156.4897,2944.696,3497.4844
2007-09-02 08:00:00,2790.6335,3205.9058,4156.5537,2946.754,3499.314
2007-09-02 09:00:00,2790.8123,3206.1104,4159.0845,2947.6035,3501.1248
2007-09-02 10:00:00,2791.6633,3207.2476,4161.4766,2948.7747,3502.4656
2007-09-02 11:00:00,2792.5315,3209.4392,4163.4043,2950.9556,3503.7576
2007-09-02 12:00:00,2792.6855,3210.4692,4166.068,2953.0312,3503.9802
2007-09-02 13:00:00,2793.2915,3212.7188,4168.0415,2956.8545,3504.491
2007-09-02 14:00:00,2795.44,3214.4502,4170.3438,2959.893,3505.9172
2007-09-02 15:00:00,2795.6584,3214.9758,4173.2793,2960.1382,3507.3442
2007-09-02 16:00:00,2795.9722,3215.958,4178.2305,2962.6797,3508.9397
2007-09-02 17:00:00,2796.4883,3216.5862,4180.071,2964.75,3511.0183
2007-09-02 18:00:00,2797.3306,3218.0127,4181.186,2966.4622,3513.1714
2007-09-02 19:00:00,2798.641,3219.52,4184.7886,2967.5583,3515.7876
2007-09-02 20:00:00,2800.9834,3221.6929,4186.3604,2968.5063,3518.8975
2007-09-02 21:00:00,2804.2527,3222.405,4187.9907,2969.3496,3519.992
2007-09-02 22:00:00,2806.721,3222.9834,4191.0386,2969.8738,3521.9739
2007-09-02 23:00:00,2807.5452,3223.0183,4191.8247,2970.254,3522.2207
2007-09-03 00:00:00,2808.3894,3223.0183,4192.068,2970.4294,3522.5632
2007-09-03 01:00:00,2808.4136,3223.0366,4192.6816,2970.5042,3523.7498
2007-09-03 02:00:00,2808.8367,3223.3455,4193.9453,2971.4158,3524.8914
2007-09-03 03:00:00,2809.8352,3224.414,4194.1616,2971.469,3525.4922
2007-09-03 04:00:00,2810.6787,3224.5647,4194.6177,2972.2483,3525.5833
2007-09-03 05:00:00,2810.9075,3224.6467,4196.012,2972.609,3526.1016
2007-09-03 06:00:00,2812.803,3225.2551,4197.378,2973.004,3527.4502
2007-09-03 07:00:00,2814.0144,3226.2756,4198.6494,2973.9282,3528.0461
2007-09-03 08:00:00,2815.4216,3227.2024,4199.0195,2974.5073,3529.4973
2007-09-03 09:00:00,2816.7122,3228.3452,4199.8145,2974.9734,3531.2341
2007-09-03 10:00:00,2818.4832,3229.6284,4201.0347,2975.1409,3534.6008
2007-09-03 11:00:00,2824.6013,3230.4395,4203.9697,2976.3147,3537.6907
2007-09-03 12:00:00,2827.9768,3233.62,4204.4937,2977.375,3538.4336
2007-09-03 13:00:00,2830.114,3236.2314,4204.84,2977.4397,3539.021
2007-09-03 14:00:00,2835.1636,3237.4163,4205.705,2977.9954,3539.8352
2007-09-03 15:00:00,2835.6658,3237.5334,4207.498,2978.559,3539.841
2007-09-03 16:00:00,2835.6658,3237.5461,4208.0205,2979.835,3540.6482
2007-09-03 17:00:00,2835.6658,3237.5557,4208.0205,2979.835,3540.7043
2007-09-03 18:00:00,2835.6658,3238.2542,4208.0205,2979.8577,3540.7043
2007-09-03 19:00:00,2836.0881,3239.2678,4208.0205,2980.0315,3541.0503
2007-09-03 20:00:00,2837.1416,3239.424,4208.317,2980.34,3543.0193
2007-09-03 21:00:00,2838.0647,3239.5083,4208.4907,2980.5073,3544.7566
2007-09-03 22:00:00,2838.8298,3239.511,4208.4907,2980.5293,3545.8284
2007-09-03 23:00:00,2838.89,3239.6582,4209.0625,2980.5293,3545.8284
2007-09-04 00:00:00,2840.566,3239.8027,4210.0234,2980.5444,3547.2603
2007-09-04 01:00:00,2839.7979,3239.7354,4209.0635,2980.5293,3545.8682
2007-09-04 02:00:00,2840.0933,3239.7793,4209.531,2980.536,3545.8762
2007-09-04 03:00:00,2840.497,3239.8027,4209.531,2980.5422,3545.9753
2007-09-04 04:00:00,2840.566,3239.8027,4209.6597,2980.5444,3547.0737
2007-09-04 05:00:00,2840.566,3239.8027,4209.6597,2980.5444,3547.0737
2007-09-04 06:00:00,2840.566,3239.8027,4209.83,2980.5444,3547.168
2007-09-04 07:00:00,2840.566,3239.8027,4210.0234,2980.5444,3547.1904
2007-09-04 08:00:00,2840.566,3239.8027,4210.0234,2980.5444,3547.2603
2007-09-04 09:00:00,2840.566,3239.8027,4210.0234,2980.5444,3547.2603
2007-09-04 10:00:00,2840.566,3239.8027,4210.0234,2980.5444,3547.2603
2007-09-04 11:00:00,2840.566,3239.8027,4210.0234,2980.5444,3547.2603
2007-09-04 12:00:00,2840.566,3239.8027,4210.0234,2980.5444,3547.2603
2007-09-04 13:00:00,2840.566,3239.8027,4210.0234,2980.5444,3547.2603
2007-09-04 14:00:00,2840.566,3239.8027,4210.0234,2980.5444,3547.2603
2007-09-04 15:00:00,2840.566,3239.8027,4210.0234,2980.5444,3547.2603
2007-09-04 16:00:00,2840.566,3239.8027,4210.0234,2980.5444,3547.2603
2007-09-04 17:00:00,2840.566,3239.8027,4210.0234,2980.5444,3547.2603
2007-09-04 18:00:00,2840.566,3239.8027,4210.0234,2980.5444,3547.2603
2007-09-04 19:00:00,2840.566,3239.8027,4210.0234,2980.5444,3547.2603
2007-09-04 20:00:00,2840.566,3239.8027,4210.0234,2980.5444,3547.2603
2007-09-04 21:00:00,2840.566,3240.0596,4210.441,2980.6082,3547.8303
2007-09-04 22:00:00,2840.566,3241.3196,4213.2705,2982.0137,3548.7705
2007-09-04 23:00:00,2840.9878,3242.4165,4214.776,2983.237,3549.244
2007-09-05 00:00:00,2841.1643,3243.9475,4214.776,2984.7104,3549.4856
2007-09-05 01:00:00,2841.1643,3244.3042,4214.78,2985.173,3550.175
2007-09-05 02:00:00,2841.1643,3244.5757,4215.052,2985.4812,3550.2222
2007-09-05 03:00:00,2841.2363,3244.774,4215.145,2985.9246,3550.3613
2007-09-05 04:00:00,2841.442,3244.9795,4215.145,2986.5413,3550.567
2007-09-05 05:00:00,2841.7566,3245.1602,4215.145,2987.1428,3550.7268
2007-09-05 06:00:00,2842.0925,3245.3816,4215.145,2987.4868,3550.8948
2007-09-05 07:00:00,2842.6116,3245.782,4215.145,2987.8035,3551.095
2007-09-05 08:00:00,2843.2136,3245.994,4215.145,2988.182,3551.3042
2007-09-05 09:00:00,2843.692,3246.3103,4215.145,2988.466,3551.4385
2007-09-05 10:00:00,2843.9727,3247.065,4215.145,2988.4912,3551.907
2007-09-05 11:00:00,2844.1658,3247.3357,4215.145,2988.554,3552.1394
2007-09-05 12:00:00,2844.301,3247.5044,4215.145,2988.554,3552.379
2007-09-05 13:00:00,2844.3137,3247.6914,4215.145,2988.5654,3552.677
2007-09-05 14:00:00,2844.3137,3247.6914,4215.145,2988.5654,3552.8127
2007-09-05 15:00:00,2844.3137,3247.6914,4215.145,2988.5654,3552.8127
2007-09-05 16:00:00,2844.3137,3247.6914,4215.145,2988.5994,3552.8127
2007-09-05 17:00:00,2844.3137,3247.6914,4215.145,2988.5994,3552.8213
2007-09-05 18:00:00,2844.3137,3247.6914,4215.145,2988.5994,3552.8748
2007-09-05 19:00:00,2844.3137,3247.6914,4215.145,2988.5994,3552.9758
2007-09-05 20:00:00,2844.3137,3247.6914,4215.145,2988.5994,3553.3572
2007-09-05 21:00:00,2844.3137,3247.732,4215.1855,2988.5994,3553.6343
2007-09-05 22:00:00,2844.3137,3247.7456,4215.1855,2988.5994,3553.6846
2007-09-05 23:00:00,2844.3137,3247.7456,4215.2417,2988.5994,3553.7666
2007-09-06 00:00:00,2844.3137,3247.7783,4215.2417,2988.5994,3553.783
2007-09-06 01:00:00,2844.3137,3247.7783,4215.2417,2988.5994,3553.8967
2007-09-06 02:00:00,2844.3916,3247.7786,4215.2417,2988.5994,3554.0068
2007-09-06 03:00:00,2844.6006,3247.9,4215.2417,2988.631,3554.0068
2007-09-06 04:00:00,2844.9004,3248.0234,4215.2417,2988.6614,3554.1077
2007-09-06 05:00:00,2845.6912,3248.1838,4215.2417,2988.8313,3554.357
2007-09-06 06:00:00,2845.9458,3248.2048,4215.2417,2988.8713,3554.4624
2007-09-06 07:00:00,2846.4146,3248.2048,4215.2417,2988.8865,3554.5461
2007-09-06 08:00:00,2847.0505,3248.2249,4215.2417,2988.8865,3554.7263
2007-09-06 09:00:00,2847.6685,3248.3086,4215.28,2988.8865,3554.883
2007-09-06 10:00:00,2848.9148,3248.3442,4215.28,2988.9075,3555.0498
2007-09-06 11:00:00,2849.4849,3248.4004,4215.5034,2989.0583,3555.3362
2007-09-06 12:00:00,2849.696,3248.4941,4215.9053,2989.278,3555.698
2007-09-06 13:00:00,2849.9395,3248.7454,4216.6567,2989.6243,3556.3752
2007-09-06 14:00:00,2850.955,3249.1118,4217.482,2989.9128,3557.0962
2007-09-06 15:00:00,2852.0645,3249.5212,4218.2935,2990.3157,3557.8228
2007-09-06 16:00:00,2853.7651,3249.8914,4219.579,2990.6433,3558.2937
2007-09-06 17:00:00,2855.63,3250.4949,4220.9946,2991.0923,3558.886
2007-09-06 18:00:00,2857.319,3251.227,4222.1714,2991.692,3559.4236
2007-09-06 19:00:00,2858.365,3251.4812,4222.831,2991.925,3559.7798
2007-09-06 20:00:00,2859.1,3251.6626,4223.2144,2992.1167,3559.9802
2007-09-06 21:00:00,2860.0344,3252.1528,4223.872,2992.1738,3560.3494
2007-09-06 22:00:00,2861.6152,3252.1528,4224.7954,2992.438,3560.6162
2007-09-06 23:00:00,2862.8586,3252.2805,4226.133,2992.6572,3561.1367
2007-09-07 00:00:00,2881.1978,3253.365,4230.4497,2994.0964,3575.604
2007-09-07 01:00:00,2882.193,3253.4438,4230.4497,2994.1426,3575.6978
2007-09-07 02:00:00,2883.1335,3253.5005,4230.5527,2994.162,3575.856
2007-09-07 03:00:00,2883.3494,3253.5962,4230.5684,2994.1765,3576.1902
2007-09-07 04:00:00,2883.404,3253.6306,4230.5684,2994.1765,3576.8914
2007-09-07 05:00:00,2883.4895,3253.7454,4230.7983,2994.1765,3577.7026
2007-09-07 06:00:00,2883.6123,3253.7454,4231.1333,2994.3474,3579.0283
2007-09-07 07:00:00,2864.1191,3252.4226,4227.609,2993.472,3562.0146
2007-09-07 08:00:00,2864.6174,3252.5452,4229.079,2993.6138,3562.7449
2007-09-07 09:00:00,2865.4783,3252.6204,4229.3394,2993.6816,3564.1755
2007-09-07 10:00:00,2865.9597,3253.0674,4229.682,2993.6816,3566.116
2007-09-07 11:00:00,2867.3652,3253.1255,4230.1387,2993.715,3567.613
2007-09-07 12:00:00,2869.1663,3253.131,4230.2305,2993.715,3569.427
2007-09-07 13:00:00,2869.5686,3253.1448,4230.251,2993.715,3570.6963
2007-09-07 14:00:00,2869.5686,3253.1448,4230.334,2993.715,3571.5383
2007-09-07 15:00:00,2869.5686,3253.1448,4230.334,2993.715,3572.6418
2007-09-07 16:00:00,2869.5686,3253.1448,4230.4385,2993.715,3573.796
2007-09-07 17:00:00,2869.67,3253.1448,4230.4497,2993.715,3574.3994
2007-09-07 18:00:00,2870.3557,3253.1448,4230.4497,2993.7644,3574.6956
2007-09-07 19:00:00,2872.601,3253.2249,4230.4497,2993.9663,3575.595
2007-09-07 20:00:00,2875.1099,3253.2278,4230.4497,2994.0247,3575.604
2007-09-07 21:00:00,2877.461,3253.2405,4230.4497,2994.0806,3575.604
2007-09-07 22:00:00,2878.7703,3253.2405,4230.4497,2994.0964,3575.604
2007-09-07 23:00:00,2879.845,3253.33,4230.4497,2994.0964,3575.604
2007-09-08 00:00:00,2883.6123,3253.7454,4231.441,2994.7278,3579.8286
2007-09-08 01:00:00,2883.6167,3253.7883,4231.6816,2995.1992,3580.7576
2007-09-08 02:00:00,2883.6167,3253.8638,4232.846,2995.3223,3581.3462
2007-09-08 03:00:00,2883.8472,3254.1213,4235.47,2995.3896,3581.6165
2007-09-08 04:00:00,2884.2908,3254.1912,4236.1367,2995.487,3581.6572
2007-09-08 05:00:00,2884.2908,3254.2048,4236.2144,2995.525,3581.703
2007-09-08 06:00:00,2884.3096,3254.2048,4236.3755,2995.5378,3581.7136
2007-09-08 07:00:00,2884.3096,3254.2048,4236.4463,2995.5378,3581.8538
2007-09-08 08:00:00,2884.3096,3254.2048,4236.4463,2995.5378,3582.6128
2007-09-08 09:00:00,2884.3474,3254.2048,4236.4463,2995.5964,3583.1519
2007-09-08 10:00:00,2884.3672,3254.2048,4236.4463,2995.7527,3583.5632
2007-09-08 11:00:00,2885.6113,3254.2048,4236.5347,2995.979,3583.6128
2007-09-08 12:00:00,2886.3462,3254.2397,4236.5347,2996.0237,3583.6318
2007-09-08 13:00:00,2886.7107,3255.2407,4236.5347,2996.111,3583.6318
2007-09-08 14:00:00,2886.7925,3255.5054,4236.5347,2996.4014,3583.805
2007-09-08 15:00:00,2886.7925,3255.6455,4236.5347,2996.4565,3584.233
2007-09-08 16:00:00,2886.8247,3255.7488,4236.5347,2996.4565,3584.4604
2007-09-08 17:00:00,2886.8247,3255.8284,4236.5347,2996.496,3584.8718
2007-09-08 18:00:00,2886.8518,3255.8284,4236.5347,2996.496,3584.965
2007-09-08 19:00:00,2886.8872,3255.839,4236.766,2996.5193,3585.2842
2007-09-08 20:00:00,2887.0593,3255.879,4237.5327,2996.5193,3585.3345
2007-09-08 21:00:00,2887.0593,3255.879,4237.5327,2996.6262,3585.536
2007-09-08 22:00:00,2887.0593,3255.879,4237.5327,2996.642,3585.6729
2007-09-08 23:00:00,2883.6123,3253.7798,4231.558,2994.848,3580.0837
2007-09-09 00:00:00,2887.0593,3255.879,4237.5327,2996.642,3585.715
2007-09-09 01:00:00,2887.0593,3255.879,4237.5327,2996.642,3585.715
2007-09-09 02:00:00,2887.0593,3255.879,4237.5327,2996.642,3585.715
2007-09-09 03:00:00,2887.0593,3255.879,4237.5327,2996.642,3585.715
2007-09-09 04:00:00,2887.0593,3255.879,4237.5327,2996.642,3585.715
2007-09-09 05:00:00,2887.0593,3255.879,4237.5327,2996.642,3585.715
2007-09-09 06:00:00,2887.0593,3255.879,4237.5327,2996.642,3585.715
2007-09-09 07:00:00,2887.0593,3255.879,4237.5327,2996.642,3585.715
2007-09-09 08:00:00,2887.0593,3255.879,4237.5327,2996.642,3585.715
2007-09-09 09:00:00,2887.0593,3255.879,4237.5327,2996.642,3585.715
2007-09-09 10:00:00,2887.0593,3255.879,4237.5327,2996.642,3585.725
2007-09-09 11:00:00,2887.0593,3255.879,4237.5327,2996.642,3585.828
2007-09-09 12:00:00,2887.0593,3255.9985,4237.5327,2996.6475,3585.8894
2007-09-09 13:00:00,2887.0593,3256.0173,4237.981,2996.755,3586.1538
2007-09-09 14:00:00,2887.4082,3256.16,4239.723,2996.8901,3586.9155
2007-09-09 15:00:00,2887.9634,3256.8623,4242.2417,2997.0728,3587.9604
2007-09-09 16:00:00,2889.3647,3258.2476,4243.7603,2997.3132,3589.3875
2007-09-09 17:00:00,2890.004,3259.834,4244.3096,2998.2466,3590.7427
2007-09-09 18:00:00,2890.509,3262.0454,4244.625,2999.551,3592.123
2007-09-09 19:00:00,2892.5579,3262.7925,4246.584,3001.0396,3594.1426
2007-09-09 20:00:00,2894.7515,3266.2717,4247.2666,3003.6177,3595.9666
2007-09-09 21:00:00,2895.764,3267.0574,4250.4478,3005.2375,3598.6973
2007-09-09 22:00:00,2897.4905,3267.5884,4251.5864,3005.6526,3599.3767
2007-09-09 23:00:00,2897.736,3268.8274,4251.8887,3008.0078,3599.635
2007-09-10 00:00:00,2898.1572,3268.8948,4252.1016,3008.8713,3599.721
2007-09-10 01:00:00,2898.2004,3269.015,4253.2993,3008.8784,3599.721
2007-09-10 02:00:00,2898.2747,3269.0266,4254.9893,3009.8845,3600.8533
2007-09-10 03:00:00,2898.512,3269.2656,4254.9893,3009.8845,3601.2034
2007-09-10 04:00:00,2898.8774,3269.732,4254.9893,3009.8845,3601.248
2007-09-10 05:00:00,2898.8774,3269.732,4255.4727,3009.8845,3601.2546
2007-09-10 06:00:00,2898.8774,3269.732,4255.7197,3009.8845,3601.3635
2007-09-10 07:00:00,2898.8774,3269.732,4256.159,3009.8845,3601.9465
2007-09-10 08:00:00,2898.8774,3269.7402,4256.5195,3009.8845,3602.1716
2007-09-10 09:00:00,2898.8774,3269.7402,4257.6636,3009.8845,3602.1775
2007-09-10 10:00:00,2898.8774,3269.7402,4257.7705,3009.8845,3602.1907
2007-09-10 11:00:00,2898.8774,3269.7402,4257.7705,3009.8845,3602.2827
2007-09-10 12:00:00,2898.8774,3269.7402,4257.7705,3009.8845,3602.3433
2007-09-10 13:00:00,2898.8774,3269.7402,4257.7705,3009.8845,3602.3433
2007-09-10 14:00:00,2898.8774,3269.7402,4257.7705,3009.8845,3602.3433
2007-09-10 15:00:00,2898.8774,3269.7402,4257.7705,3009.8845,3602.3433
2007-09-10 16:00:00,2898.8774,3269.7402,4257.7705,3009.8845,3602.3433
2007-09-10 17:00:00,2898.8774,3269.7402,4257.7705,3009.8845,3602.3433
2007-09-10 18:00:00,2898.8774,3269.7402,4257.792,3009.8845,3602.4138
2007-09-10 19:00:00,2898.8774,3269.7402,4258.0728,3009.8845,3602.6455
2007-09-10 20:00:00,2898.8774,3269.7402,4258.31,3009.8845,3602.6455
2007-09-10 21:00:00,2898.8774,3269.7402,4258.31,3009.8845,3602.6455
2007-09-10 22:00:00,2898.8774,3269.7402,4258.31,3009.8845,3602.6455
2007-09-10 23:00:00,2898.8774,3269.7402,4258.7544,3009.8845,3602.6455
2007-09-11 00:00:00,2898.8774,3269.7402,4258.947,3009.8845,3602.6458
2007-09-11 01:00:00,2899.3953,3269.7402,4258.947,3009.8845,3602.919
2007-09-11 02:00:00,2899.5474,3269.7402,4258.947,3009.8845,3602.9287
2007-09-11 03:00:00,2899.5574,3269.7402,4258.947,3009.9426,3603.0164
2007-09-11 04:00:00,2899.5574,3269.8057,4258.947,3009.9426,3603.0256
2007-09-11 05:00:00,2899.5574,3269.8057,4258.947,3009.9426,3603.1243
2007-09-11 06:00:00,2899.5574,3269.8057,4258.947,3009.9426,3603.4001
2007-09-11 07:00:00,2899.5745,3269.8057,4258.947,3009.9426,3603.4685
2007-09-11 08:00:00,2899.5745,3269.808,4258.947,3009.9426,3603.471
2007-09-11 09:00:00,2899.5745,3269.808,4258.947,3009.9426,3603.471
2007-09-11 10:00:00,2899.5745,3269.808,4258.947,3009.9426,3603.5168
2007-09-11 11:00:00,2899.5745,3269.808,4258.947,3009.9426,3603.5168
2007-09-11 12:00:00,2899.5745,3269.808,4258.947,3009.9426,3603.5332
2007-09-11 13:00:00,2899.5745,3269.808,4258.947,3009.9426,3603.5332
2007-09-11 14:00:00,2899.5745,3269.808,4258.947,3009.9426,3603.5332
2007-09-11 15:00:00,2899.5745,3269.8599,4258.947,3009.9426,3603.6746
2007-09-11 16:00:00,2899.5745,3270.1184,4258.947,3009.9434,3604.024
2007-09-11 17:00:00,2899.5745,3270.7073,4258.947,3009.9883,3604.569
2007-09-11 18:00:00,2899.656,3271.41,4258.996,3010.1453,3605.0596
2007-09-11 19:00:00,2900.423,3271.8972,4259.082,3010.4788,3606.201
2007-09-11 20:00:00,2902.1912,3272.3804,4259.321,3010.6953,3606.7542
2007-09-11 21:00:00,2903.1458,3272.8254,4259.8354,3010.9102,3607.637
2007-09-11 22:00:00,2904.0725,3272.9587,4259.8423,3011.1985,3608.4314
2007-09-11 23:00:00,2904.6848,3273.3381,4259.8423,3011.4688,3608.6335
2007-09-12 00:00:00,2904.6953,3273.8713,4259.8423,3011.6953,3608.795
2007-09-12 01:00:00,2904.6953,3273.9788,4259.8423,3011.7205,3608.8167
2007-09-12 02:00:00,2904.712,3274.1045,4259.8423,3011.7249,3609.2954
2007-09-12 03:00:00,2904.879,3274.1045,4259.8423,3011.7249,3609.842
2007-09-12 04:00:00,2904.9224,3274.1045,4259.8423,3011.7249,3609.858
2007-09-12 05:00:00,2904.925,3274.1045,4259.8423,3011.731,3610.372
2007-09-12 06:00:00,2905.0115,3274.125,4259.8423,3011.9558,3610.4438
2007-09-12 07:00:00,2905.0278,3274.1318,4260.302,3012.1309,3611.6846
2007-09-12 08:00:00,2905.0432,3274.1946,4260.366,3012.3784,3611.7866
2007-09-12 09:00:00,2905.0845,3274.3125,4260.634,3012.807,3612.5977
2007-09-12 10:00:00,2905.1213,3274.6526,4260.7974,3012.8154,3613.6487
2007-09-12 11:00:00,2905.167,3274.7756,4261.0967,3012.8313,3613.7605
2007-09-12 12:00:00,2905.2144,3274.8005,4261.386,3012.8735,3613.8054
2007-09-12 13:00:00,2905.2627,3274.8555,4261.595,3012.953,3613.8857
2007-09-12 14:00:00,2905.3352,3274.8555,4261.913,3013.2095,3613.9465
2007-09-12 15:00:00,2905.6353,3275.0076,4262.032,3013.7292,3614.6562
2007-09-12 16:00:00,2905.8357,3275.0076,4262.1406,3013.9766,3614.6562
2007-09-12 17:00:00,2906.2627,3275.0076,4262.165,3013.9766,3614.6562
2007-09-12 18:00:00,2906.3792,3275.0076,4262.165,3013.9844,3614.6562
2007-09-12 19:00:00,2906.4343,3275.0076,4262.165,3013.9844,3614.6562
2007-09-12 20:00:00,2906.5645,3275.0176,4262.165,3013.9844,3614.6562
2007-09-12 21:00:00,2906.7163,3275.0176,4262.166,3013.9844,3614.6562
2007-09-12 22:00:00,2906.8577,3275.0176,4262.2437,3013.9949,3614.6562
2007-09-12 23:00:00,2906.8577,3275.0176,4262.2437,3014.0005,3614.6562
2007-09-13 00:00:00,2906.8577,3275.0176,4262.2437,3014.0005,3614.6562
2007-09-13 01:00:00,2906.8577,3275.0176,4262.2437,3014.0005,3614.6562
2007-09-13 02:00:00,2906.8577,3275.0176,4262.2437,3014.0005,3614.6562
2007-09-13 03:00:00,2906.8577,3275.0176,4262.2437,3014.0005,3614.6562
2007-09-13 04:00:00,2906.8577,3275.0176,4262.2437,3014.0005,3614.6562
2007-09-13 05:00:00,2906.8577,3275.0176,4262.2437,3014.0005,3614.6562
2007-09-13 06:00:00,2906.8577,3275.0176,4262.2437,3014.0005,3614.6562
2007-09-13 07:00:00,2906.8577,3275.0176,4262.2437,3014.0005,3614.6562
2007-09-13 08:00:00,2906.8577,3275.0176,4262.2437,3014.0005,3614.6562
2007-09-13 09:00:00,2906.8577,3275.0176,4262.2437,3014.0005,3614.6562
2007-09-13 10:00:00,2906.8577,3275.0176,4262.2437,3014.0005,3614.6562
2007-09-13 11:00:00,2906.8577,3275.0176,4262.2437,3014.0005,3614.6562
2007-09-13 12:00:00,2906.8577,3275.0176,4262.2437,3014.0005,3614.6562
2007-09-13 13:00:00,2906.8577,3275.0176,4262.2437,3014.0005,3614.6562
2007-09-13 14:00:00,2906.8577,3275.0176,4262.2437,3014.0005,3614.6562
2007-09-13 15:00:00,2906.8577,3275.0176,4262.2437,3014.0005,3614.821
2007-09-13 16:00:00,2906.8577,3275.0176,4262.2437,3014.0005,3614.821
2007-09-13 17:00:00,2906.8577,3275.0176,4262.2437,3014.025,3614.821
2007-09-13 18:00:00,2906.8577,3275.0176,4262.2437,3014.1357,3614.821
2007-09-13 19:00:00,2906.8855,3275.0176,4262.2437,3014.2095,3614.821
2007-09-13 20:00:00,2906.8855,3275.0176,4262.2437,3014.2095,3614.821
2007-09-13 21:00:00,2906.9424,3275.1504,4262.7695,3014.2095,3615.0894
2007-09-13 22:00:00,2908.144,3275.9644,4264.1523,3014.4502,3616.13
2007-09-13 23:00:00,2909.0671,3277.3342,4266.114,3015.217,3617.3203
2007-09-14 00:00:00,2909.782,3278.7407,4268.9834,3016.2896,3618.1658
2007-09-14 01:00:00,2911.1536,3281.1648,4270.3013,3018.173,3619.132
2007-09-14 02:00:00,2912.319,3283.8228,4270.832,3020.965,3621.1865
2007-09-14 03:00:00,2914.0562,3287.4458,4271.5264,3024.9495,3623.655
2007-09-14 04:00:00,2916.1848,3291.053,4273.18,3028.5454,3625.9062
2007-09-14 05:00:00,2918.4019,3293.2383,4276.542,3031.4197,3628.0037
2007-09-14 06:00:00,2918.8892,3293.918,4278.6836,3033.3728,3628.5881
2007-09-14 07:00:00,2918.9978,3294.0085,4279.241,3033.7905,3628.7476
2007-09-14 08:00:00,2918.9978,3294.0085,4279.418,3033.8398,3628.763
2007-09-14 09:00:00,2919.0793,3294.0496,4279.995,3033.8474,3629.8271
2007-09-14 10:00:00,2919.4053,3294.2559,4286.971,3034.3445,3634.2947
2007-09-14 11:00:00,2920.659,3294.393,4288.581,3035.5544,3635.325
2007-09-14 12:00:00,2920.9414,3294.761,4290.671,3036.9814,3637.461
2007-09-14 13:00:00,2920.9749,3295.341,4291.9897,3037.167,3638.0022
2007-09-14 14:00:00,2921.0967,3297.6465,4293.669,3038.112,3638.5723
2007-09-14 15:00:00,2921.4526,3298.343,4294.3877,3039.0737,3639.1575
2007-09-14 16:00:00,2921.897,3298.395,4299.5054,3040.3784,3642.2793
2007-09-14 17:00:00,2922.4702,3299.8018,4302.4043,3041.6262,3643.7456
2007-09-14 18:00:00,2924.1262,3300.3137,4302.717,3043.263,3644.1252
2007-09-14 19:00:00,2925.3052,3301.8958,4303.7295,3043.985,3647.328
2007-09-14 20:00:00,2927.3413,3303.0225,4305.8994,3045.4758,3647.8098
2007-09-14 21:00:00,2929.1846,3304.704,4308.707,3046.9148,3648.021
2007-09-14 22:00:00,2931.5088,3305.7954,4312.5654,3048.7332,3648.6196
2007-09-14 23:00:00,2932.9548,3306.9,4316.682,3049.3735,3649.2195
2007-09-15 00:00:00,2948.8699,3314.2283,4333.83,3056.5073,3655.9238
2007-09-15 01:00:00,2951.477,3316.6433,4335.0293,3057.7498,3659.0615
2007-09-15 02:00:00,2953.1443,3317.1658,4337.4067,3059.9927,3659.6194
2007-09-15 03:00:00,2955.2332,3317.6873,4337.8745,3060.6648,3660.5269
2007-09-15 04:00:00,2935.2253,3308.8098,4319.012,3051.6318,3650.1367
2007-09-15 05:00:00,2937.9111,3310.362,4321.8896,3052.8108,3650.892
2007-09-15 06:00:00,2940.7803,3311.0232,4323.841,3053.8303,3651.0662
2007-09-15 07:00:00,2942.919,3311.281,4328.5845,3054.732,3651.1328
2007-09-15 08:00:00,2944.361,3311.365,4331.451,3055.0608,3651.3704
2007-09-15 09:00:00,2946.7405,3312.619,4332.8804,3055.3748,3652.5461
2007-09-15 10:00:00,2947.8013,3313.5583,4333.071,3055.901,3654.5806
2007-09-15 11:00:00,2956.4177,3318.1692,4340.0635,3060.9272,3660.9714
2007-09-15 12:00:00,2956.469,3318.1692,4340.0635,3060.9272,3660.9714
2007-09-15 13:00:00,2956.469,3318.1692,4340.1367,3060.9429,3660.9714
2007-09-15 14:00:00,2956.469,3318.1692,4340.1367,3060.9429,3660.9714
2007-09-15 15:00:00,2956.6343,3318.203,4340.1367,3060.9429,3661.771
2007-09-15 16:00:00,2955.9666,3318.1692,4338.7925,3060.8374,3660.9714
2007-09-15 17:00:00,2956.6982,3318.3413,4340.547,3061.0293,3662.101
2007-09-15 18:00:00,2956.8193,3318.3413,4340.6167,3061.0908,3662.9192
2007-09-15 19:00:00,2956.8193,3318.3413,4340.6167,3061.0908,3662.9192
2007-09-15 20:00:00,2956.8193,3318.3413,4340.6167,3061.0908,3662.9192
2007-09-15 21:00:00,2956.8193,3318.3413,4340.6167,3061.0908,3662.9387
2007-09-15 22:00:00,2956.8193,3318.3413,4340.6167,3061.0908,3662.9387
2007-09-15 23:00:00,2956.8193,3318.3413,4340.6167,3061.0745,3662.9192
2007-09-16 00:00:00,2967.02,3332.4365,4346.1685,3075.9756,3671.4207
2007-09-16 01:00:00,2956.8193,3318.3413,4340.6167,3061.0908,3662.9387
2007-09-16 02:00:00,2956.8193,3318.3413,4340.6167,3061.0908,3662.9387
2007-09-16 03:00:00,2956.8193,3318.3413,4340.6167,3061.0908,3662.9387
2007-09-16 04:00:00,2956.8193,3318.5698,4340.6167,3061.1838,3664.0415
2007-09-16 05:00:00,2957.34,3319.948,4340.9497,3062.647,3665.7976
2007-09-16 06:00:00,2959.7686,3322.2546,4342.4775,3065.2512,3668.0288
2007-09-16 07:00:00,2962.8967,3327.001,4343.0454,3070.0183,3669.8352
2007-09-16 08:00:00,2965.5703,3331.2363,4343.399,3073.7986,3670.2778
2007-09-16 09:00:00,2966.398,3331.7952,4343.8027,3075.2148,3670.7893
2007-09-16 10:00:00,2967.1252,3332.6516,4348.373,3076.323,3671.493
2007-09-16 11:00:00,2967.1357,3332.8464,4349.821,3076.3496,3671.493
2007-09-16 12:00:00,2967.297,3333.2168,4351.446,3076.4697,3671.648
2007-09-16 13:00:00,2967.3015,3333.611,4353.4424,3076.5251,3672.2068
2007-09-16 14:00:00,2967.3127,3335.1038,4353.5923,3077.1138,3672.4387
2007-09-16 15:00:00,2967.4824,3336.5383,4353.7246,3078.9597,3673.2175
2007-09-16 16:00:00,2968.7886,3336.8447,4355.3467,3079.0674,3674.001
2007-09-16 17:00:00,2968.814,3336.8447,4355.382,3079.0747,3674.5637
2007-09-16 18:00:00,2968.814,3337.0706,4355.5366,3079.1465,3674.771
2007-09-16 19:00:00,2969.3171,3337.511,4355.5366,3079.4307,3674.8965
2007-09-16 20:00:00,2969.4524,3338.8767,4355.5366,3080.0203,3674.9304
2007-09-16 21:00:00,2969.776,3340.7488,4355.5366,3082.7842,3675.831
2007-09-16 22:00:00,2970.74,3341.7961,4355.651,3084.074,3676.258
2007-09-16 23:00:00,2971.7039,3342.9314,4355.8647,3084.8838,3677.6016
2007-09-17 00:00:00,2972.2532,3343.0518,4356.1577,3085.3958,3678.5237
2007-09-17 01:00:00,2972.5159,3343.0654,4356.392,3085.438,3678.5781
2007-09-17 02:00:00,2972.6184,3343.1726,4356.8823,3085.438,3680.0664
2007-09-17 03:00:00,2972.7249,3343.299,4357.3594,3085.5173,3681.2798
2007-09-17 04:00:00,2972.7249,3343.8171,4357.6523,3085.6394,3681.8296
2007-09-17 05:00:00,2972.7249,3344.1968,4358.0366,3085.6982,3682.2344
2007-09-17 06:00:00,2972.7249,3344.3901,4358.369,3085.6982,3682.4897
2007-09-17 07:00:00,2972.7249,3344.452,4358.662,3085.6982,3682.6362
2007-09-17 08:00:00,2972.7249,3344.452,4358.735,3085.6982,3682.7397
2007-09-17 09:00:00,2972.7249,3344.452,4358.735,3085.6982,3682.7397
2007-09-17 10:00:00,2972.7249,3344.452,4358.8125,3085.6982,3682.7397
2007-09-17 11:00:00,2972.7249,3344.452,4358.9243,3085.6982,3682.7397
2007-09-17 12:00:00,2972.7249,3344.452,4359.0923,3085.6982,3682.7502
2007-09-17 13:00:00,2972.7249,3344.452,4359.4937,3085.6982,3683.257
2007-09-17 14:00:00,2972.7249,3344.452,4360.1167,3085.6982,3683.825
2007-09-17 15:00:00,2972.7559,3344.452,4360.7295,3085.6982,3685.6384
2007-09-17 16:00:00,2972.7559,3344.481,4360.7295,3085.704,3686.2588
2007-09-17 17:00:00,2972.774,3344.481,4361.551,3085.704,3686.28
2007-09-17 18:00:00,2972.774,3344.481,4361.551,3085.704,3686.28
2007-09-17 19:00:00,2972.774,3344.481,4361.672,3085.704,3686.384
2007-09-17 20:00:00,2972.774,3344.481,4361.926,3085.704,3687.1697
2007-09-17 21:00:00,2972.774,3344.481,4362.1763,3085.704,3688.2356
2007-09-17 22:00:00,2972.7761,3344.481,4363.103,3085.704,3689.2852
2007-09-17 23:00:00,2972.7761,3344.481,4364.5996,3085.704,3691.5168
2007-09-18 00:00:00,2972.7761,3344.481,4366.858,3085.704,3691.5522
2007-09-18 01:00:00,2972.7761,3344.481,4367.621,3085.704,3692.48
2007-09-18 02:00:00,2972.7761,3344.481,4368.561,3085.704,3693.253
2007-09-18 03:00:00,2972.7761,3344.481,4369.281,3085.704,3693.425
2007-09-18 04:00:00,2972.7761,3344.481,4369.3364,3085.704,3693.429
2007-09-18 05:00:00,2972.7761,3344.481,4370.1245,3085.704,3694.155
2007-09-18 06:00:00,2972.7761,3344.481,4370.1245,3085.704,3694.16
2007-09-18 07:00:00,2972.7761,3344.481,4370.1245,3085.704,3694.16
2007-09-18 08:00:00,2972.7761,3344.481,4370.1245,3085.704,3694.16
2007-09-18 09:00:00,2972.7761,3344.481,4370.1245,3085.704,3694.1956
2007-09-18 10:00:00,2972.7761,3344.481,4370.2954,3085.704,3694.2078
2007-09-18 11:00:00,2972.7761,3344.481,4370.343,3085.704,3694.6472
2007-09-18 12:00:00,2972.7761,3344.481,4370.343,3085.704,3694.6902
2007-09-18 13:00:00,2972.7761,3344.5422,4370.343,3085.704,3694.8547
2007-09-18 14:00:00,2972.7761,3344.5422,4370.343,3085.704,3694.8547
2007-09-18 15:00:00,2972.7761,3344.5422,4370.343,3085.704,3694.8547
2007-09-18 16:00:00,2972.7761,3344.5422,4370.343,3085.704,3694.8547
2007-09-18 17:00:00,2972.7761,3344.5422,4370.343,3085.704,3694.8547
2007-09-18 18:00:00,2972.7761,3344.5422,4370.343,3085.704,3695.4412
2007-09-18 19:00:00,2972.7761,3344.5422,4370.343,3085.704,3695.7937
2007-09-18 20:00:00,2972.7761,3344.5935,4370.343,3085.704,3695.7937
2007-09-18 21:00:00,2972.7761,3344.6082,4370.343,3085.704,3695.7937
2007-09-18 22:00:00,2972.7761,3344.6082,4370.343,3085.704,3695.7937
2007-09-18 23:00:00,2972.7761,3344.6082,4370.343,3085.704,3695.7937
2007-09-19 00:00:00,2972.7761,3344.7095,4370.343,3085.704,3695.7937
2007-09-19 01:00:00,2972.7761,3345.3271,4370.343,3085.7605,3695.8394
2007-09-19 02:00:00,2973.329,3345.8977,4370.343,3086.2734,3695.9792
2007-09-19 03:00:00,2973.917,3346.0989,4370.374,3086.416,3696.1074
2007-09-19 04:00:00,2974.2317,3346.2388,4370.7666,3086.8086,3696.1104
2007-09-19 05:00:00,2974.6423,3346.2388,4370.8105,3087.1045,3696.1104
2007-09-19 06:00:00,2974.9697,3346.6802,4371.4634,3087.3447,3696.1226
2007-09-19 07:00:00,2975.5876,3347.4133,4373.0093,3088.0303,3696.6367
2007-09-19 08:00:00,2977.1406,3349.479,4375.2593,3090.1887,3697.9507
2007-09-19 09:00:00,2978.859,3350.7205,4376.143,3091.7256,3698.2422
2007-09-19 10:00:00,2979.606,3351.3035,4376.965,3092.8086,3698.269
2007-09-19 11:00:00,2979.8079,3351.4333,4376.965,3092.8838,3698.299
2007-09-19 12:00:00,2979.8079,3351.4973,4376.965,3092.998,3698.4495
2007-09-19 13:00:00,2979.9048,3351.4973,4376.965,3093.0205,3698.4495
2007-09-19 14:00:00,2979.963,3351.52,4376.965,3093.0205,3698.6362
2007-09-19 15:00:00,2980.0425,3351.5437,4376.965,3093.0205,3698.7136
2007-09-19 16:00:00,2980.058,3351.597,4376.9653,3093.0708,3699.0273
2007-09-19 17:00:00,2980.1284,3351.6135,4377.639,3093.1077,3699.5552
2007-09-19 18:00:00,2980.4475,3351.8071,4377.92,3093.162,3699.5552
2007-09-19 19:00:00,2980.4722,3351.8071,4377.926,3093.162,3699.5552
2007-09-19 20:00:00,2980.5208,3351.8071,4377.926,3093.162,3699.5552
2007-09-19 21:00:00,2980.5208,3352.1611,4377.9976,3093.198,3699.8745
2007-09-19 22:00:00,2980.5305,3352.903,4378.026,3093.6306,3700.5127
2007-09-19 23:00:00,2980.7473,3353.7346,4378.422,3094.1858,3701.4856
2007-09-20 00:00:00,2981.027,3354.019,4378.6543,3094.2056,3702.559
2007-09-20 01:00:00,2981.2944,3354.019,4378.8945,3094.2473,3702.5713
2007-09-20 02:00:00,2981.2944,3354.0315,4378.8945,3094.2473,3702.6196
2007-09-20 03:00:00,2981.3013,3354.3274,4379.159,3094.2473,3702.6619
2007-09-20 04:00:00,2981.398,3354.3425,4379.4404,3094.252,3702.701
2007-09-20 05:00:00,2981.485,3354.3977,4379.4897,3094.3345,3702.701
2007-09-20 06:00:00,2981.485,3354.4375,4379.5283,3094.3345,3702.701
2007-09-20 07:00:00,2981.4956,3355.8796,4380.1646,3094.5242,3703.3118
2007-09-20 08:00:00,2981.91,3358.0337,4380.572,3095.304,3703.5032
2007-09-20 09:00:00,2982.824,3358.9368,4381.0347,3096.673,3703.7605
2007-09-20 10:00:00,2983.5723,3360.2273,4381.7935,3098.0232,3704.0784
2007-09-20 11:00:00,2984.1616,3362.3118,4382.601,3099.5432,3704.866
2007-09-20 12:00:00,2985.1372,3364.8796,4385.352,3100.8267,3706.097
2007-09-20 13:00:00,2986.0425,3366.5579,4386.8276,3102.321,3707.0781
2007-09-20 14:00:00,2986.3894,3367.0469,4389.226,3102.8171,3707.2822
2007-09-20 15:00:00,2986.6106,3367.091,4389.4805,3102.9158,3707.4197
2007-09-20 16:00:00,2986.834,3367.4663,4390.949,3103.129,3707.8352
2007-09-20 17:00:00,2986.952,3369.4358,4391.0186,3104.7266,3707.8352
2007-09-20 18:00:00,2987.2573,3369.715,4391.0786,3105.3594,3707.8352
2007-09-20 19:00:00,2987.315,3369.874,4391.5586,3105.5251,3707.9607
2007-09-20 20:00:00,2987.619,3371.0479,4394.0693,3106.241,3708.1143
2007-09-20 21:00:00,2988.1714,3372.1965,4395.7476,3107.03,3708.7205
2007-09-20 22:00:00,2988.8657,3372.714,4400.5894,3107.5498,3711.8628
2007-09-20 23:00:00,2989.139,3372.998,4403.299,3107.781,3712.554
2007-09-21 00:00:00,2989.5322,3373.392,4406.277,3108.2632,3713.232
2007-09-21 01:00:00,2989.9968,3373.9922,4409.1426,3108.3442,3714.7852
2007-09-21 02:00:00,2991.188,3375.7737,4411.02,3109.5762,3716.535
2007-09-21 03:00:00,2992.5317,3376.201,4411.6553,3110.6921,3716.5623
2007-09-21 04:00:00,2992.5515,3376.5825,4412.2676,3111.4421,3716.8289
2007-09-21 05:00:00,2992.5515,3376.623,4412.3774,3111.4905,3716.8389
2007-09-21 06:00:00,2992.6062,3377.6882,4413.361,3112.5645,3717.307
2007-09-21 07:00:00,2993.114,3377.759,4413.6772,3112.6045,3717.3708
2007-09-21 08:00:00,2993.1926,3377.7659,4415.1143,3112.6135,3718.0627
2007-09-21 09:00:00,2993.4119,3378.4094,4416.9355,3113.309,3718.2554
2007-09-21 10:00:00,2994.2087,3379.0515,4419.1763,3113.4194,3718.9248
2007-09-21 11:00:00,2994.4001,3379.1062,4419.78,3113.6196,3719.0293
2007-09-21 12:00:00,2994.9966,3379.1062,4419.81,3113.6196,3719.0361
2007-09-21 13:00:00,2995.0557,3379.1062,4422.069,3113.6196,3720.1318
2007-09-21 14:00:00,2995.0557,3379.861,4423.632,3113.7498,3720.3923
2007-09-21 15:00:00,2995.5156,3380.4675,4423.7188,3114.7258,3720.8252
2007-09-21 16:00:00,2995.8723,3381.073,4424.331,3115.0273,3721.0422
2007-09-21 17:00:00,2996.0095,3381.5042,4425.8726,3115.5635,3721.6372
2007-09-21 18:00:00,2996.2444,3381.8853,4429.95,3115.756,3722.2107
2007-09-21 19:00:00,2996.4397,3382.049,4432.117,3115.9832,3722.9578
2007-09-21 20:00:00,2996.6848,3383.1567,4436.551,3117.3306,3725.3506
2007-09-21 21:00:00,2997.097,3383.6199,4440.3887,3118.3296,3727.5422
2007-09-21 22:00:00,2997.4353,3386.5022,4440.723,3119.9414,3727.6467
2007-09-21 23:00:00,2997.4956,3386.6775,4441.0073,3120.7947,3728.35
2007-09-22 00:00:00,2997.6523,3387.4111,4443.8687,3122.0808,3728.383
2007-09-22 01:00:00,2998.649,3388.243,4445.5737,3123.364,3729.2466
2007-09-22 02:00:00,2998.6736,3389.0842,4447.4756,3126.3625,3729.2913
2007-09-22 03:00:00,2998.751,3389.1367,4448.743,3127.1125,3729.3086
2007-09-22 04:00:00,2998.929,3389.2175,4449.1816,3127.8015,3729.357
2007-09-22 05:00:00,2998.9832,3389.6367,4454.294,3128.2715,3729.375
2007-09-22 06:00:00,2999.339,3389.7761,4456.3125,3129.4187,3729.3826
2007-09-22 07:00:00,2999.8232,3390.3743,4461.602,3131.489,3731.404
2007-09-22 08:00:00,3001.4248,3390.586,4462.3696,3132.8352,3732.0642
2007-09-22 09:00:00,3001.582,3391.1282,4465.148,3134.9626,3732.1758
2007-09-22 10:00:00,3002.092,3391.3123,4465.213,3135.3962,3733.3376
2007-09-22 11:00:00,3002.3804,3391.3645,4467.457,3135.6191,3738.0842
2007-09-22 12:00:00,3003.6667,3391.4158,4470.6455,3135.6682,3738.6165
2007-09-22 13:00:00,3005.805,3391.4158,4472.363,3135.6682,3739.1118
2007-09-22 14:00:00,3005.8555,3391.4158,4473.3154,3135.6682,3739.1118
2007-09-22 15:00:00,3005.8555,3391.4158,4473.3306,3135.6682,3739.1118
2007-09-22 16:00:00,3005.8555,3391.4158,4473.3545,3135.6682,3739.1594
2007-09-22 17:00:00,3005.8555,3391.4158,4473.3545,3135.6682,3739.1594
2007-09-22 18:00:00,3005.8555,3391.4158,4473.368,3135.6682,3739.2
2007-09-22 19:00:00,3005.8555,3391.4158,4473.4277,3135.6787,3739.2
2007-09-22 20:00:00,3005.9717,3391.4478,4473.6816,3135.7007,3739.289
2007-09-22 21:00:00,3006.2878,3391.6064,4473.8296,3135.8313,3739.289
2007-09-22 22:00:00,3006.583,3392.4875,4474.496,3136.6536,3740.06
2007-09-22 23:00:00,3007.0085,3393.314,4475.9834,3136.958,3741.1548
2007-09-23 00:00:00,3007.4023,3395.6658,4478.0767,3137.7002,3741.8691
2007-09-23 01:00:00,3008.1123,3397.0234,4480.752,3138.6775,3742.0278
2007-09-23 02:00:00,3008.4646,3397.08,4482.1685,3138.7766,3742.412
2007-09-23 03:00:00,3008.7449,3397.089,4482.764,3138.9524,3742.5984
2007-09-23 04:00:00,3008.7449,3397.089,4482.764,3138.96,3742.5984
2007-09-23 05:00:00,3008.7449,3397.089,4482.764,3138.96,3742.5984
2007-09-23 06:00:00,3008.7449,3397.1167,4482.764,3138.9978,3742.5984
2007-09-23 07:00:00,3008.7515,3397.1323,4482.764,3138.9978,3742.5984
2007-09-23 08:00:00,3008.7795,3397.2278,4482.764,3138.9978,3742.5984
2007-09-23 09:00:00,3008.8838,3397.2278,4482.764,3139.081,3742.5984
2007-09-23 10:00:00,3008.8904,3397.3096,4482.764,3139.1074,3742.5984
2007-09-23 11:00:00,3009.0325,3397.6218,4482.764,3139.1074,3742.5984
2007-09-23 12:00:00,3009.065,3397.824,4482.764,3139.128,3742.6235
2007-09-23 13:00:00,3009.8198,3398.6062,4482.789,3139.2678,3742.9907
2007-09-23 14:00:00,3010.3691,3398.7852,4482.9697,3139.5994,3743.2368
2007-09-23 15:00:00,3010.5469,3398.828,4482.9697,3139.8765,3743.506
2007-09-23 16:00:00,3010.699,3398.9724,4483.0625,3140.067,3743.506
2007-09-23 17:00:00,3010.701,3399.308,4483.2144,3140.3442,3743.506
2007-09-23 18:00:00,3010.7322,3399.5212,4483.9033,3141.185,3743.5918
2007-09-23 19:00:00,3010.7603,3399.5312,4484.375,3141.5867,3743.6018
2007-09-23 20:00:00,3010.7634,3399.5312,4484.985,3141.8267,3743.6018
2007-09-23 21:00:00,3010.7659,3399.5312,4485.504,3141.958,3743.6018
2007-09-23 22:00:00,3010.9236,3399.72,4485.5063,3142.3862,3743.6152
2007-09-23 23:00:00,3011.6707,3399.895,4485.714,3143.2131,3743.768
2007-09-24 00:00:00,3011.796,3400.097,4485.898,3143.8179,3743.8076
2007-09-24 01:00:00,3011.8074,3400.097,4486.194,3143.8179,3743.8076
2007-09-24 02:00:00,3011.8796,3400.2046,4486.194,3143.9685,3743.846
2007-09-24 03:00:00,3012.365,3400.374,4486.194,3144.048,3744.054
2007-09-24 04:00:00,3012.4248,3400.4023,4486.194,3144.06,3744.054
2007-09-24 05:00:00,3013.025,3401.4167,4486.468,3145.7725,3744.3274
2007-09-24 06:00:00,3015.717,3403.7651,4487.98,3149.131,3745.9739
2007-09-24 07:00:00,3018.6025,3408.0242,4488.595,3153.4302,3747.7197
2007-09-24 08:00:00,3018.8271,3408.0442,4489.131,3153.721,3750.5532
2007-09-24 09:00:00,3019.1536,3408.0442,4489.1973,3154.0872,3750.7493
2007-09-24 10:00:00,3019.2568,3408.0442,4489.225,3154.0872,3750.7493
2007-09-24 11:00:00,3020.75,3408.0442,4489.225,3154.0889,3750.7493
2007-09-24 12:00:00,3024.415,3408.0815,4489.526,3155.7366,3750.7983
2007-09-24 13:00:00,3025.8796,3408.0815,4490.389,3157.1785,3750.8997
2007-09-24 14:00:00,3026.5193,3408.0815,4491.406,3158.0144,3750.9639
2007-09-24 15:00:00,3027.024,3408.0815,4491.8096,3158.5132,3750.9639
2007-09-24 16:00:00,3027.5967,3408.0815,4491.914,3158.815,3751.224
2007-09-24 17:00:00,3029.8804,3408.5586,4495.3237,3160.4375,3751.5593
2007-09-24 18:00:00,3035.3357,3410.4146,4500.7075,3164.6135,3752.177
2007-09-24 19:00:00,3038.9705,3412.4976,4506.3467,3166.4048,3753.623
2007-09-24 20:00:00,3041.2156,3414.8403,4512.51,3167.7573,3755.3276
2007-09-24 21:00:00,3043.0383,3416.4915,4516.0454,3169.819,3755.6584
2007-09-24 22:00:00,3044.1355,3417.1133,4518.113,3169.9607,3756.8677
2007-09-24 23:00:00,3044.2078,3418.807,4519.0854,3170.0283,3757.2498
2007-09-25 00:00:00,3044.606,3419.2356,4519.626,3170.1382,3757.5798
2007-09-25 01:00:00,3045.1277,3419.8389,4520.165,3170.4807,3757.734
2007-09-25 02:00:00,3045.1277,3420.0183,4520.833,3170.4807,3758.4297
2007-09-25 03:00:00,3045.1277,3420.033,4521.2275,3170.4807,3758.5098
2007-09-25 04:00:00,3045.456,3420.7126,4521.2275,3170.6145,3758.5098
2007-09-25 05:00:00,3045.4907,3420.7126,4521.2275,3170.6145,3758.7578
2007-09-25 06:00:00,3045.5046,3420.7126,4521.2275,3170.6145,3758.759
2007-09-25 07:00:00,3045.5046,3420.795,4521.2275,3170.6145,3758.759
2007-09-25 08:00:00,3045.638,3421.88,4521.2363,3170.694,3758.8193
2007-09-25 09:00:00,3046.7766,3423.7043,4521.621,3171.0964,3758.8193
2007-09-25 10:00:00,3047.9468,3424.5723,4521.6235,3171.4697,3758.8267
2007-09-25 11:00:00,3048.081,3424.5723,4521.678,3171.5168,3759.3015
2007-09-25 12:00:00,3048.1243,3424.9414,4522.28,3171.5198,3759.838
2007-09-25 13:00:00,3048.3535,3425.1985,4522.881,3171.5747,3760.457
2007-09-25 14:00:00,3048.394,3425.2395,4523.223,3171.5747,3760.9946
2007-09-25 15:00:00,3048.394,3425.2395,4523.516,3171.5747,3761.8293
2007-09-25 16:00:00,3048.394,3425.2395,4523.7217,3171.5781,3762.4692
2007-09-25 17:00:00,3048.3972,3425.2395,4523.9775,3171.654,3763.0818
2007-09-25 18:00:00,3048.5193,3425.2947,4524.3228,3171.6934,3763.721
2007-09-25 19:00:00,3048.7012,3425.3525,4524.5703,3171.7964,3764.2068
2007-09-25 20:00:00,3048.7449,3425.385,4524.706,3171.816,3764.305
2007-09-25 21:00:00,3048.762,3425.4395,4525.157,3171.8582,3764.3423
2007-09-25 22:00:00,3048.7842,3425.4395,4525.645,3171.9365,3764.649
2007-09-25 23:00:00,3048.8384,3425.4395,4526.421,3171.9365,3766.136
2007-09-26 00:00:00,3048.9055,3425.4395,4526.571,3171.9365,3766.986
2007-09-26 01:00:00,3048.9055,3425.4395,4526.571,3171.9365,3766.986
2007-09-26 02:00:00,3048.9055,3425.4395,4526.571,3171.9365,3767.2397
2007-09-26 03:00:00,3048.9055,3425.4395,4526.571,3171.9365,3767.2397
2007-09-26 04:00:00,3048.9055,3425.4395,4526.571,3171.9365,3767.2397
2007-09-26 05:00:00,3048.9055,3425.4395,4526.571,3171.9365,3767.2397
2007-09-26 06:00:00,3048.9055,3425.4395,4526.571,3171.9365,3767.2397
2007-09-26 07:00:00,3048.9055,3425.4395,4526.571,3171.9365,3767.2397
2007-09-26 08:00:00,3048.9055,3425.4395,4526.571,3171.9365,3767.2397
2007-09-26 09:00:00,3048.9055,3425.4395,4526.571,3171.9365,3767.2397
2007-09-26 10:00:00,3048.9055,3425.4395,4526.571,3171.9365,3767.2397
2007-09-26 11:00:00,3048.9055,3425.4395,4526.571,3171.9365,3767.2397
2007-09-26 12:00:00,3048.9055,3425.4395,4526.691,3171.9365,3767.2397
2007-09-26 13:00:00,3048.9055,3425.4395,4527.08,3171.9365,3767.2397
2007-09-26 14:00:00,3048.9055,3425.4395,4527.345,3171.9365,3767.2397
2007-09-26 15:00:00,3048.9055,3425.4395,4527.8164,3171.9365,3767.2397
2007-09-26 16:00:00,3048.9055,3425.4395,4527.8525,3171.9365,3767.2397
2007-09-26 17:00:00,3048.9055,3425.4395,4527.879,3171.9365,3767.2397
2007-09-26 18:00:00,3048.9055,3425.4395,4527.879,3171.9365,3767.2397
2007-09-26 19:00:00,3048.9055,3425.4395,4527.879,3171.9365,3767.2397
2007-09-26 20:00:00,3048.9055,3425.4395,4527.879,3171.9365,3767.2397
2007-09-26 21:00:00,3048.9055,3425.4395,4527.879,3171.9365,3767.2397
2007-09-26 22:00:00,3048.9055,3425.4395,4527.879,3171.9365,3767.2397
2007-09-26 23:00:00,3048.9055,3425.4395,4527.879,3171.9365,3767.2397
2007-09-27 00:00:00,3048.9055,3425.4395,4527.879,3171.9365,3767.2397
2007-09-27 01:00:00,3048.9055,3425.4395,4527.879,3171.9365,3767.2397
2007-09-27 02:00:00,3048.9055,3425.4395,4527.879,3171.9365,3767.2397
2007-09-27 03:00:00,3048.9055,3425.4395,4527.879,3171.9365,3767.2397
2007-09-27 04:00:00,3048.9055,3425.4395,4527.879,3171.9365,3767.2397
2007-09-27 05:00:00,3048.9055,3425.4395,4527.879,3171.9365,3767.2397
2007-09-27 06:00:00,3048.9055,3425.4395,4527.879,3171.9365,3767.2397
2007-09-27 07:00:00,3048.9055,3425.4395,4527.879,3171.9365,3767.2397
2007-09-27 08:00:00,3048.9055,3425.4395,4527.879,3171.9365,3767.2397
2007-09-27 09:00:00,3048.9055,3425.4395,4527.879,3171.9365,3767.2397
2007-09-27 10:00:00,3048.9055,3425.4395,4527.879,3171.9365,3767.2397
2007-09-27 11:00:00,3048.9055,3425.4395,4527.879,3171.9365,3767.2397
2007-09-27 12:00:00,3048.9055,3425.4395,4527.879,3171.9365,3767.2397
2007-09-27 13:00:00,3048.9055,3425.4395,4527.879,3171.9365,3767.2397
2007-09-27 14:00:00,3048.9055,3425.4395,4527.879,3171.9365,3767.2397
2007-09-27 15:00:00,3048.9055,3425.4395,4527.879,3171.9365,3767.2397
2007-09-27 16:00:00,3048.9055,3425.4395,4527.879,3171.9365,3767.2397
2007-09-27 17:00:00,3048.9055,3425.4395,4527.879,3171.9365,3767.2397
2007-09-27 18:00:00,3048.9055,3425.4395,4527.879,3171.9365,3767.2397
2007-09-27 19:00:00,3048.9055,3425.4395,4527.879,3171.9365,3767.2397
2007-09-27 20:00:00,3048.9055,3425.4395,4527.879,3171.9365,3767.2397
2007-09-27 21:00:00,3048.9055,3425.4395,4527.879,3171.9365,3767.2397
2007-09-27 22:00:00,3048.9055,3425.4395,4527.879,3171.9365,3767.2397
2007-09-27 23:00:00,3048.9055,3425.4395,4527.879,3171.9365,3767.2397
2007-09-28 00:00:00,3048.9055,3425.4395,4527.879,3171.9365,3767.2397
2007-09-28 01:00:00,3048.9055,3425.4395,4527.879,3171.9365,3767.2397
2007-09-28 02:00:00,3048.9055,3425.4395,4527.879,3171.9365,3767.2397
2007-09-28 03:00:00,3048.9055,3425.4395,4527.879,3171.9365,3767.2397
2007-09-28 04:00:00,3048.9055,3425.4395,4527.879,3171.9365,3767.2397
2007-09-28 05:00:00,3048.9055,3425.4395,4527.879,3171.9365,3767.2397
2007-09-28 06:00:00,3048.9055,3425.4395,4527.879,3171.9365,3767.2397
2007-09-28 07:00:00,3048.9055,3425.4395,4527.879,3171.9365,3767.2397
2007-09-28 08:00:00,3048.9055,3425.4395,4527.879,3171.9365,3767.2397
2007-09-28 09:00:00,3048.9055,3425.4395,4527.879,3171.9365,3767.2397
2007-09-28 10:00:00,3048.9055,3425.4395,4527.879,3171.9365,3767.2397
2007-09-28 11:00:00,3048.9055,3425.4395,4527.879,3171.9365,3767.2397
2007-09-28 12:00:00,3048.9055,3425.4395,4527.879,3171.9365,3767.2397
2007-09-28 13:00:00,3048.9055,3425.4395,4527.879,3171.9365,3767.2397
2007-09-28 14:00:00,3048.9055,3425.4395,4527.879,3171.9365,3767.2397
2007-09-28 15:00:00,3048.9055,3425.4395,4527.879,3171.9365,3767.2397
2007-09-28 16:00:00,3048.9055,3425.4395,4527.879,3171.9365,3767.2397
2007-09-28 17:00:00,3048.9055,3425.4395,4527.879,3171.9365,3767.2397
2007-09-28 18:00:00,3048.9055,3425.4395,4527.879,3171.9365,3767.2397
2007-09-28 19:00:00,3048.9055,3425.4395,4527.879,3171.9365,3767.2397
2007-09-28 20:00:00,3048.9055,3425.4395,4527.879,3171.9365,3767.2397
2007-09-28 21:00:00,3048.9055,3425.4395,4527.879,3171.9365,3767.2397
2007-09-28 22:00:00,3048.9055,3425.4395,4527.879,3171.9365,3767.2397
2007-09-28 23:00:00,3048.9055,3425.4395,4527.879,3171.9365,3767.2397
2007-09-29 00:00:00,3048.9055,3425.4395,4527.879,3171.9365,3767.2397
2007-09-29 01:00:00,3048.9055,3425.4395,4527.879,3171.9365,3767.2397
2007-09-29 02:00:00,3048.9055,3425.4395,4527.879,3171.9365,3767.2397
2007-09-29 03:00:00,3048.9055,3425.4395,4527.879,3171.9365,3767.2397
2007-09-29 04:00:00,3048.9055,3425.4395,4527.879,3171.9365,3767.2397
2007-09-29 05:00:00,3048.9055,3425.4395,4527.879,3171.9365,3767.2397
2007-09-29 06:00:00,3048.9055,3425.4395,4527.879,3171.9365,3767.2397
2007-09-29 07:00:00,3048.9055,3425.4395,4527.879,3171.9365,3767.2397
2007-09-29 08:00:00,3048.9055,3425.4395,4527.879,3171.9365,3767.2397
2007-09-29 09:00:00,3048.9055,3425.4395,4527.879,3171.9365,3767.2397
2007-09-29 10:00:00,3048.9055,3425.4395,4527.879,3171.9365,3767.2397
2007-09-29 11:00:00,3048.9055,3425.4395,4527.879,3171.9365,3767.2397
2007-09-29 12:00:00,3048.9055,3425.4395,4527.879,3171.9365,3767.2397
2007-09-29 13:00:00,3048.9055,3425.4395,4527.879,3171.9365,3767.2397
2007-09-29 14:00:00,3048.9055,3425.4395,4527.879,3171.9622,3767.2786
2007-09-29 15:00:00,3048.9055,3425.5781,4527.879,3172.7246,3767.2786
2007-09-29 16:00:00,3048.9055,3426.4338,4527.879,3174.2515,3767.6416
2007-09-29 17:00:00,3048.9055,3427.3167,4527.879,3175.6833,3767.8738
2007-09-29 18:00:00,3049.029,3427.3457,4528.023,3176.022,3767.9097
2007-09-29 19:00:00,3049.033,3427.3457,4528.023,3176.022,3767.9097
2007-09-29 20:00:00,3049.0437,3427.3457,4528.023,3176.053,3767.9097
2007-09-29 21:00:00,3049.2224,3427.6294,4528.023,3177.2463,3767.9097
2007-09-29 22:00:00,3049.2295,3427.6536,4528.023,3177.4832,3767.9097
2007-09-29 23:00:00,3049.2295,3427.6536,4528.023,3177.4832,3767.9097
2007-09-30 00:00:00,3049.2295,3427.6536,4528.023,3177.4832,3767.9097
2007-09-30 01:00:00,3049.2295,3427.6536,4528.023,3177.4946,3767.9097
2007-09-30 02:00:00,3049.2295,3427.6536,4528.023,3177.4946,3767.9097
2007-09-30 03:00:00,3049.2295,3427.6536,4528.023,3177.4946,3767.9097
2007-09-30 04:00:00,3049.2295,3427.6694,4528.023,3177.4946,3767.9097
2007-09-30 05:00:00,3049.2295,3427.6694,4528.023,3177.4946,3767.9097
2007-09-30 06:00:00,3049.2385,3427.6694,4528.023,3177.4946,3767.9097
2007-09-30 07:00:00,3049.2385,3427.6694,4528.023,3177.4946,3767.9097
2007-09-30 08:00:00,3049.2385,3427.6694,4528.023,3177.509,3767.9097
2007-09-30 09:00:00,3049.2747,3427.6694,4528.023,3177.7214,3767.9097
2007-09-30 10:00:00,3049.325,3427.6694,4528.023,3177.9326,3767.9097
2007-09-30 11:00:00,3049.7354,3427.6694,4528.023,3178.011,3767.9097
2007-09-30 12:00:00,3050.128,3427.6694,4528.072,3178.2224,3767.9226
2007-09-30 13:00:00,3050.2876,3427.6694,4528.1157,3178.505,3767.9226
2007-09-30 14:00:00,3050.289,3427.6694,4528.4585,3178.5234,3767.9712
2007-09-30 15:00:00,3050.4775,3427.6694,4528.4585,3178.6462,3767.9712
2007-09-30 16:00:00,3051.53,3427.6694,4528.4585,3178.9324,3767.9712
2007-09-30 17:00:00,3051.6313,3427.6804,4528.4585,3178.9705,3767.9712
2007-09-30 18:00:00,3051.6313,3427.7278,4528.4585,3178.9705,3767.9712
2007-09-30 19:00:00,3051.6313,3427.7278,4528.602,3178.9705,3767.9712
2007-09-30 20:00:00,3051.6655,3427.7278,4529.011,3178.9705,3767.9949
2007-09-30 21:00:00,3052.4597,3427.793,4529.5,3179.0164,3768.5007
2007-09-30 22:00:00,3052.8975,3428.2322,4529.955,3179.2388,3769.3691
2007-09-30 23:00:00,3053.2854,3429.029,4530.84,3179.4443,3771.0232
2007-10-01 00:00:00,3053.602,3429.5732,4531.3564,3179.4885,3771.3296
2007-10-01 01:00:00,3053.602,3429.7073,4531.671,3179.6277,3771.6013
2007-10-01 02:00:00,3053.602,3429.865,4531.842,3179.7178,3771.675
2007-10-01 03:00:00,3053.602,3430.1777,4531.842,3179.8477,3771.675
2007-10-01 04:00:00,3053.602,3430.2244,4531.842,3179.9475,3772.0386
2007-10-01 05:00:00,3053.602,3430.2568,4531.842,3179.9475,3772.7932
2007-10-01 06:00:00,3053.602,3430.2573,4532.227,3179.9475,3772.9583
2007-10-01 07:00:00,3053.602,3430.4639,4533.0356,3179.988,3773.127
2007-10-01 08:00:00,3053.602,3430.7966,4533.3306,3179.988,3773.4294
2007-10-01 09:00:00,3053.602,3430.7966,4533.357,3179.988,3773.576
2007-10-01 10:00:00,3053.602,3430.7966,4533.357,3179.988,3773.609
2007-10-01 11:00:00,3053.602,3430.7966,4533.357,3179.988,3773.609
2007-10-01 12:00:00,3053.602,3430.7966,4533.357,3179.988,3773.609
2007-10-01 13:00:00,3053.602,3430.7966,4533.357,3179.988,3773.662
2007-10-01 14:00:00,3053.602,3430.7966,4533.357,3179.988,3773.662
2007-10-01 15:00:00,3053.602,3430.7966,4533.357,3179.988,3773.662
2007-10-01 16:00:00,3053.602,3430.7966,4533.357,3179.988,3773.684
2007-10-01 17:00:00,3053.602,3430.7966,4533.357,3179.988,3773.8306
2007-10-01 18:00:00,3053.602,3430.7966,4533.357,3179.988,3773.8691
2007-10-01 19:00:00,3053.602,3430.7966,4533.357,3179.988,3773.8691
2007-10-01 20:00:00,3053.602,3430.7966,4533.357,3179.988,3773.8691
2007-10-01 21:00:00,3053.602,3430.7966,4533.357,3179.988,3773.8691
2007-10-01 22:00:00,3053.602,3430.7966,4533.357,3179.988,3773.8691
2007-10-01 23:00:00,3053.602,3430.7966,4533.357,3179.988,3773.8691
2007-10-02 00:00:00,3053.602,3430.7966,4533.357,3179.988,3773.8691
2007-10-02 01:00:00,3053.602,3430.7966,4533.357,3179.988,3773.8691
2007-10-02 02:00:00,3053.602,3430.7966,4533.357,3179.988,3773.8691
2007-10-02 03:00:00,3053.602,3430.7966,4533.357,3179.988,3773.8691
2007-10-02 04:00:00,3053.602,3430.7966,4533.357,3179.988,3773.8691
2007-10-02 05:00:00,3053.602,3430.7966,4533.357,3179.988,3773.8691
2007-10-02 06:00:00,3053.602,3430.7966,4533.357,3179.988,3773.8691
2007-10-02 07:00:00,3053.602,3430.7966,4533.357,3179.988,3773.8691
2007-10-02 08:00:00,3053.602,3430.7966,4533.357,3179.988,3773.8691
2007-10-02 09:00:00,3053.602,3430.7966,4533.357,3179.988,3773.8691
2007-10-02 10:00:00,3053.602,3430.7966,4533.357,3179.988,3773.8691
2007-10-02 11:00:00,3053.602,3430.7966,4533.357,3179.988,3773.8691
2007-10-02 12:00:00,3053.602,3430.7966,4533.357,3179.988,3773.8691
2007-10-02 13:00:00,3053.6272,3430.7966,4533.357,3179.988,3773.8691
2007-10-02 14:00:00,3053.6272,3430.7966,4533.357,3179.988,3773.8691
2007-10-02 15:00:00,3053.6272,3430.7966,4533.357,3179.988,3773.8691
2007-10-02 16:00:00,3053.6272,3430.7966,4533.357,3179.988,3773.8691
2007-10-02 17:00:00,3053.6272,3430.7966,4533.357,3179.988,3773.8691
2007-10-02 18:00:00,3053.6272,3430.7966,4533.357,3179.988,3773.8691
2007-10-02 19:00:00,3053.6272,3430.7966,4533.357,3179.988,3773.8691
2007-10-02 20:00:00,3053.6272,3430.7966,4533.357,3179.988,3773.8691
2007-10-02 21:00:00,3053.6272,3430.7966,4533.357,3179.988,3773.8691
2007-10-02 22:00:00,3053.6272,3430.7966,4533.357,3179.988,3773.8691
2007-10-02 23:00:00,3053.6272,3430.7966,4533.357,3179.988,3773.8691
2007-10-03 00:00:00,3053.6272,3430.7966,4533.357,3179.988,3773.8691
2007-10-03 01:00:00,3053.6272,3430.7966,4533.357,3179.988,3773.8691
2007-10-03 02:00:00,3053.6272,3430.7966,4533.357,3179.988,3773.8691
2007-10-03 03:00:00,3053.6272,3430.7966,4533.357,3179.988,3773.8691
2007-10-03 04:00:00,3053.6272,3430.7966,4533.357,3179.988,3773.8691
2007-10-03 05:00:00,3053.6272,3430.7966,4533.357,3179.988,3773.8691
2007-10-03 06:00:00,3053.6272,3430.7966,4533.357,3179.988,3773.8691
2007-10-03 07:00:00,3053.6272,3430.7966,4533.357,3179.988,3773.8691
2007-10-03 08:00:00,3053.6272,3430.7966,4533.357,3179.988,3773.8691
2007-10-03 09:00:00,3053.6272,3430.7966,4533.357,3179.988,3773.8691
2007-10-03 10:00:00,0.0,0.0,0.0,0.0,0.0
2007-10-03 11:00:00,3053.6272,3430.7966,4533.357,3179.988,3773.8691
2007-10-03 12:00:00,3053.6272,3430.7966,4533.357,3179.988,3773.8691
2007-10-03 13:00:00,3053.6272,3430.7966,4533.357,3179.988,3773.8691
2007-10-03 14:00:00,3053.6272,3430.7966,4533.357,3179.988,3773.8691
2007-10-03 15:00:00,3053.6272,3430.7966,4533.357,3179.988,3773.8691
2007-10-03 16:00:00,3053.6272,3430.7966,4533.357,3179.988,3773.8691
2007-10-03 17:00:00,3053.6272,3430.7966,4533.357,3179.988,3773.8691
2007-10-03 18:00:00,3053.6272,3430.7966,4533.357,3179.988,3773.8691
2007-10-03 19:00:00,3053.6272,3430.7966,4533.357,3179.988,3773.8691
2007-10-03 20:00:00,3053.6272,3430.7966,4533.357,3179.988,3773.8691
2007-10-03 21:00:00,3053.6272,3430.7966,4533.357,3179.988,3773.8691
2007-10-03 22:00:00,3053.6272,3430.7966,4533.357,3179.988,3773.8691
2007-10-03 23:00:00,3053.6272,3430.7966,4533.357,3179.988,3773.8691
2007-10-04 00:00:00,3053.6272,3430.7966,4533.357,3179.988,3773.8691
2007-10-04 01:00:00,3053.6272,3430.7966,4533.357,3179.988,3773.8691
2007-10-04 02:00:00,3053.6272,3430.7966,4533.357,3179.988,3773.8691
2007-10-04 03:00:00,3053.6272,3430.7966,4533.357,3179.988,3773.8691
2007-10-04 04:00:00,3053.6272,3430.7966,4533.357,3179.988,3773.8691
2007-10-04 05:00:00,3053.6272,3430.7966,4533.357,3179.988,3773.8691
2007-10-04 06:00:00,3053.6272,3430.7966,4533.357,3179.988,3773.8691
2007-10-04 07:00:00,3053.6272,3430.7966,4533.357,3179.988,3773.8691
2007-10-04 08:00:00,3053.6272,3430.7966,4533.357,3179.988,3773.8691
2007-10-04 09:00:00,3053.6272,3430.7966,4533.357,3179.988,3773.8691
2007-10-04 10:00:00,3053.6272,3430.7966,4533.357,3179.988,3773.8691
2007-10-04 11:00:00,3053.6272,3430.7966,4533.357,3179.988,3773.8691
2007-10-04 12:00:00,3053.6272,3430.7966,4533.357,3179.988,3773.8691
2007-10-04 13:00:00,3053.6272,3430.7966,4533.357,3179.988,3773.8691
2007-10-04 14:00:00,3053.6272,3430.7966,4533.357,3179.988,3773.8691
2007-10-04 15:00:00,3053.6272,3430.7966,4533.357,3179.988,3773.8691
2007-10-04 16:00:00,3053.6272,3430.7966,4533.357,3179.988,3773.8691
2007-10-04 17:00:00,3053.6272,3430.7966,4533.357,3179.988,3773.8691
2007-10-04 18:00:00,3053.6272,3430.7966,4533.357,3179.988,3773.8691
2007-10-04 19:00:00,3053.6272,3430.7966,4533.357,3179.988,3773.8691
2007-10-04 20:00:00,3053.6272,3430.7966,4533.357,3179.988,3773.8691
2007-10-04 21:00:00,3053.6272,3430.7966,4533.357,3179.988,3773.8691
2007-10-04 22:00:00,3053.6272,3430.7966,4533.357,3179.988,3773.8691
2007-10-04 23:00:00,3053.6272,3430.7966,4533.357,3179.988,3773.8691
2007-10-05 00:00:00,3053.6272,3430.7966,4533.357,3179.988,3773.8691
2007-10-05 01:00:00,3053.6272,3430.7966,4533.357,3179.988,3773.8691
2007-10-05 02:00:00,3053.6272,3430.7966,4533.357,3179.988,3773.8691
2007-10-05 03:00:00,3053.6272,3430.7966,4533.357,3179.988,3773.8691
2007-10-05 04:00:00,3053.6272,3430.7966,4533.357,3179.988,3773.8691
2007-10-05 05:00:00,3053.6272,3430.7966,4533.357,3179.988,3773.8691
2007-10-05 06:00:00,3053.6272,3430.7966,4533.357,3179.988,3773.8691
2007-10-05 07:00:00,3053.6272,3430.7966,4533.357,3179.988,3773.8691
2007-10-05 08:00:00,3053.6272,3430.7966,4533.357,3179.988,3773.8691
2007-10-05 09:00:00,3053.6272,3430.7966,4533.357,3179.988,3773.8691
2007-10-05 10:00:00,3053.6272,3430.7966,4533.357,3179.988,3773.8691
2007-10-05 11:00:00,3053.6272,3430.7966,4533.357,3179.988,3773.8691
2007-10-05 12:00:00,3053.6272,3430.7966,4533.357,3179.988,3773.8691
2007-10-05 13:00:00,3053.6272,3430.7966,4533.357,3179.988,3773.8691
2007-10-05 14:00:00,3053.6272,3430.7966,4533.357,3179.988,3773.8691
2007-10-05 15:00:00,3053.6272,3430.7966,4533.357,3179.988,3773.8691
2007-10-05 16:00:00,3053.6272,3430.7966,4533.357,3179.988,3773.8691
2007-10-05 17:00:00,3053.6272,3430.7966,4533.357,3179.988,3773.8691
2007-10-05 18:00:00,3053.6272,3430.7966,4533.357,3179.988,3773.8691
2007-10-05 19:00:00,3053.6272,3430.7966,4533.357,3179.988,3773.8691
2007-10-05 20:00:00,3053.6272,3430.7966,4533.357,3179.988,3773.8691
2007-10-05 21:00:00,3053.6272,3430.7966,4533.357,3179.988,3773.8691
2007-10-05 22:00:00,3053.6272,3430.7966,4533.357,3179.988,3773.8691
2007-10-05 23:00:00,3053.6272,3430.7966,4533.357,3179.988,3773.8691
2007-10-06 00:00:00,3053.9678,3431.0225,4533.9087,3179.988,3774.2563
2007-10-06 01:00:00,3053.6272,3430.7966,4533.357,3179.988,3773.8691
2007-10-06 02:00:00,3053.6272,3430.7966,4533.357,3179.988,3773.8691
2007-10-06 03:00:00,3053.6272,3430.7966,4533.357,3179.988,3773.8691
2007-10-06 04:00:00,3053.6272,3430.7966,4533.357,3179.988,3773.8691
2007-10-06 05:00:00,3053.6272,3430.7966,4533.357,3179.988,3773.8691
2007-10-06 06:00:00,3053.6272,3430.7966,4533.357,3179.988,3773.8691
2007-10-06 07:00:00,3053.6272,3430.7966,4533.357,3179.988,3773.8691
2007-10-06 08:00:00,3053.6272,3430.7966,4533.357,3179.988,3773.8691
2007-10-06 09:00:00,3053.6272,3430.7966,4533.357,3179.988,3773.8691
2007-10-06 10:00:00,3053.6272,3430.7966,4533.357,3179.988,3773.8691
2007-10-06 11:00:00,3053.6272,3430.7966,4533.357,3179.988,3773.8691
2007-10-06 12:00:00,3053.6272,3430.7966,4533.357,3179.988,3773.8691
2007-10-06 13:00:00,3053.6272,3430.7966,4533.357,3179.988,3773.8691
2007-10-06 14:00:00,3053.6272,3430.7966,4533.357,3179.988,3773.8691
2007-10-06 15:00:00,3053.6272,3430.7966,4533.357,3179.988,3773.8691
2007-10-06 16:00:00,3053.6272,3430.7966,4533.357,3179.988,3773.8691
2007-10-06 17:00:00,3053.6272,3430.7966,4533.357,3179.988,3773.8691
2007-10-06 18:00:00,3053.6702,3430.7966,4533.357,3179.988,3773.8691
2007-10-06 19:00:00,3053.7336,3430.7966,4533.357,3179.988,3773.8691
2007-10-06 20:00:00,3053.7456,3430.8396,4533.357,3179.988,3773.9624
2007-10-06 21:00:00,3054.982,3431.6145,4534.997,3180.0872,3774.433
2007-10-06 22:00:00,3055.5583,3431.6262,4536.8755,3180.2947,3774.6775
2007-10-06 23:00:00,3055.9102,3432.31,4538.834,3180.8157,3775.9875
2007-10-07 00:00:00,3056.1863,3432.536,4539.431,3181.2307,3776.4756
2007-10-07 01:00:00,3056.2048,3432.6548,4539.5166,3181.3132,3777.2969
2007-10-07 02:00:00,3056.3416,3432.6548,4539.5166,3181.556,3777.3867
2007-10-07 03:00:00,3056.4097,3432.6548,4539.5166,3181.6504,3777.3867
2007-10-07 04:00:00,3056.4097,3432.6548,4539.5166,3181.6821,3777.4539
2007-10-07 05:00:00,3056.4097,3432.7102,4539.5166,3181.7073,3777.4539
2007-10-07 06:00:00,3056.4097,3432.739,4539.5166,3181.7356,3777.5254
2007-10-07 07:00:00,3056.419,3433.0864,4539.5166,3181.7356,3777.532
2007-10-07 08:00:00,3056.4243,3433.1584,4539.5166,3181.7988,3777.5332
2007-10-07 09:00:00,3056.7761,3433.2683,4541.3535,3181.9028,3777.9102
2007-10-07 10:00:00,3057.1343,3434.344,4544.6577,3183.5918,3780.6536
2007-10-07 11:00:00,3057.2527,3434.623,4545.861,3184.5603,3782.2478
2007-10-07 12:00:00,3057.7217,3434.929,4546.854,3184.8315,3782.3818
2007-10-07 13:00:00,3057.9724,3435.0332,4546.9033,3184.996,3782.5244
2007-10-07 14:00:00,3057.9893,3435.307,4547.8594,3185.171,3782.7322
2007-10-07 15:00:00,3057.9893,3435.3616,4548.18,3185.2102,3783.3447
2007-10-07 16:00:00,3058.0154,3435.6384,4548.9844,3185.3044,3783.7478
2007-10-07 17:00:00,3058.553,3436.0186,4550.3794,3185.8984,3785.5708
2007-10-07 18:00:00,3060.7268,3436.4993,4551.036,3186.4487,3787.3232
2007-10-07 19:00:00,3061.7007,3437.0767,4552.0444,3186.7124,3789.035
2007-10-07 20:00:00,3061.9385,3437.4702,4552.624,3186.7905,3789.1611
2007-10-07 21:00:00,3063.7495,3437.5325,4553.8535,3187.2405,3790.6646
2007-10-07 22:00:00,3063.946,3437.7566,4553.9546,3187.3704,3791.07
2007-10-07 23:00:00,3066.2456,3437.7566,4554.964,3187.4536,3791.1492
2007-10-08 00:00:00,3070.1072,3439.2778,4556.3877,3188.1777,3794.787
2007-10-08 01:00:00,3070.1072,3439.2683,4556.3877,3188.1777,3794.722
2007-10-08 02:00:00,3070.1072,3439.281,4556.3877,3188.1777,3795.0364
2007-10-08 03:00:00,3070.1072,3439.281,4556.3877,3188.1777,3795.0364
2007-10-08 04:00:00,3070.1072,3439.281,4556.3877,3188.1777,3795.0364
2007-10-08 05:00:00,3070.1072,3439.281,4556.3877,3188.1777,3795.0364
2007-10-08 06:00:00,3070.1072,3439.281,4556.3877,3188.1777,3795.0364
2007-10-08 07:00:00,3070.1072,3439.281,4556.3877,3188.1777,3795.0574
2007-10-08 08:00:00,3070.1072,3439.281,4556.3877,3188.1777,3795.0574
2007-10-08 09:00:00,3070.1072,3439.281,4556.3877,3188.1777,3795.0574
2007-10-08 10:00:00,3070.1072,3439.281,4556.3877,3188.1777,3795.0574
2007-10-08 11:00:00,3070.1072,3439.281,4556.3877,3188.1777,3795.0574
2007-10-08 12:00:00,3068.525,3438.096,4555.343,3187.629,3792.1746
2007-10-08 13:00:00,3069.5862,3438.4583,4555.8916,3187.7522,3793.216
2007-10-08 14:00:00,3070.0552,3438.5037,4556.2017,3187.7522,3793.5344
2007-10-08 15:00:00,3070.0894,3438.519,4556.279,3187.7522,3794.4536
2007-10-08 16:00:00,3070.0894,3438.7239,4556.3633,3187.7522,3794.501
2007-10-08 17:00:00,3070.0967,3439.1387,4556.3633,3188.1543,3794.5225
2007-10-08 18:00:00,3070.0967,3439.2004,4556.3633,3188.1777,3794.5225
2007-10-08 19:00:00,3070.0967,3439.2205,4556.3633,3188.1777,3794.5225
2007-10-08 20:00:00,3070.1072,3439.235,4556.3633,3188.1777,3794.7107
2007-10-08 21:00:00,3070.1072,3439.235,4556.364,3188.1777,3794.7214
2007-10-08 22:00:00,3070.1072,3439.2683,4556.364,3188.1777,3794.7214
2007-10-08 23:00:00,3070.1072,3439.2683,4556.3877,3188.1777,3794.7214
2007-10-09 00:00:00,3070.1072,3439.281,4556.3877,3188.1777,3795.0574
2007-10-09 01:00:00,3070.1072,3439.281,4556.3877,3188.1777,3795.0574
2007-10-09 02:00:00,3070.1072,3439.281,4556.3877,3188.1777,3795.0574
2007-10-09 03:00:00,3070.1072,3439.281,4556.3877,3188.1777,3795.0574
2007-10-09 04:00:00,3070.1072,3439.281,4556.3877,3188.1777,3795.0574
2007-10-09 05:00:00,3070.1072,3439.281,4556.3877,3188.1777,3795.0574
2007-10-09 06:00:00,3070.1072,3439.281,4556.3877,3188.1777,3795.0574
2007-10-09 07:00:00,3070.1072,3439.281,4556.3877,3188.1777,3795.0574
2007-10-09 08:00:00,3070.1072,3439.281,4556.3877,3188.1777,3795.0574
2007-10-09 09:00:00,3070.1072,3439.281,4556.3877,3188.1777,3795.0574
2007-10-09 10:00:00,3070.1072,3439.281,4556.3877,3188.1777,3795.0574
2007-10-09 11:00:00,3070.1072,3439.281,4556.3877,3188.1777,3795.0574
2007-10-09 12:00:00,3070.1072,3439.281,4556.3877,3188.1777,3795.0574
2007-10-09 13:00:00,3070.1072,3439.281,4556.3877,3188.1777,3795.0574
2007-10-09 14:00:00,3070.1072,3439.281,4556.3877,3188.1777,3795.0574
2007-10-09 15:00:00,3070.1072,3439.281,4556.3877,3188.1777,3795.0574
2007-10-09 16:00:00,3070.1072,3439.281,4556.3877,3188.1777,3795.0574
2007-10-09 17:00:00,3070.1072,3439.281,4556.3877,3188.1777,3795.0574
2007-10-09 18:00:00,3070.1072,3439.281,4556.3877,3188.1777,3795.0574
2007-10-09 19:00:00,3070.1072,3439.281,4556.3877,3188.1777,3795.0574
2007-10-09 20:00:00,3070.1072,3439.281,4556.3877,3188.1777,3795.0574
2007-10-09 21:00:00,3070.1072,3439.281,4556.3877,3188.1777,3795.0574
2007-10-09 22:00:00,3070.1072,3439.281,4556.3877,3188.1777,3795.0574
2007-10-09 23:00:00,3070.1072,3439.281,4556.3877,3188.1777,3795.0574
2007-10-10 00:00:00,3070.1072,3439.281,4556.3877,3188.1777,3795.0574
2007-10-10 01:00:00,3070.1072,3439.281,4556.3877,3188.1777,3795.0574
2007-10-10 02:00:00,3070.1072,3439.281,4556.3877,3188.1777,3795.0574
2007-10-10 03:00:00,3070.135,3439.3853,4556.45,3188.1777,3795.0574
2007-10-10 04:00:00,3070.4307,3439.391,4556.644,3188.3086,3795.3313
2007-10-10 05:00:00,3070.6782,3439.4958,4557.085,3188.3086,3795.3774
2007-10-10 06:00:00,3070.7961,3439.4958,4557.085,3188.3086,3795.3774
2007-10-10 07:00:00,3070.7961,3439.4958,4557.085,3188.3086,3795.3774
2007-10-10 08:00:00,3070.8943,3439.5293,4557.085,3188.3086,3795.4888
2007-10-10 09:00:00,3070.9321,3439.6143,4557.111,3188.3645,3795.6167
2007-10-10 10:00:00,3070.9321,3439.7705,4557.111,3188.5786,3795.716
2007-10-10 11:00:00,3070.9321,3439.7705,4557.111,3188.6733,3795.8118
2007-10-10 12:00:00,3070.9321,3439.7705,4557.111,3188.6733,3795.8118
2007-10-10 13:00:00,3070.9321,3439.7705,4557.111,3188.6733,3795.8118
2007-10-10 14:00:00,3070.9321,3439.7705,4557.111,3188.6733,3795.8118
2007-10-10 15:00:00,3070.9321,3439.7705,4557.111,3188.6733,3795.8118
2007-10-10 16:00:00,3070.9321,3439.7705,4557.111,3188.6733,3795.8118
2007-10-10 17:00:00,3070.9321,3439.7705,4557.111,3188.6733,3795.8118
2007-10-10 18:00:00,3070.9321,3439.7705,4557.111,3188.6733,3795.8118
2007-10-10 19:00:00,3070.9321,3439.7705,4557.111,3188.6733,3795.8118
2007-10-10 20:00:00,3070.9321,3439.7705,4557.111,3188.6733,3795.8118
2007-10-10 21:00:00,3070.9321,3439.7705,4557.111,3188.6733,3795.8118
2007-10-10 22:00:00,3070.9321,3439.805,4557.111,3188.6814,3795.8186
2007-10-10 23:00:00,3070.9321,3440.0427,4557.6357,3188.85,3795.9255
2007-10-11 00:00:00,3091.175,3467.475,4586.474,3209.961,3814.4043
2007-10-11 01:00:00,3091.1152,3466.6377,4585.9766,3209.8699,3814.132
2007-10-11 02:00:00,3091.1926,3467.8037,4586.4834,3209.9893,3814.5347
2007-10-11 03:00:00,3091.1926,3467.8933,4586.4834,3209.9893,3815.621
2007-10-11 04:00:00,3091.1958,3467.8997,4586.561,3209.9893,3816.0327
2007-10-11 05:00:00,3091.2197,3467.8997,4587.0767,3209.9893,3816.286
2007-10-11 06:00:00,3091.2197,3467.8997,4587.0874,3209.9893,3816.286
2007-10-11 07:00:00,3071.2874,3440.3296,4558.338,3189.1184,3796.3142
2007-10-11 08:00:00,3072.0723,3441.315,4559.476,3190.081,3797.4634
2007-10-11 09:00:00,3073.0554,3442.1309,4561.1455,3190.8372,3798.629
2007-10-11 10:00:00,3075.9033,3445.438,4563.7964,3193.5378,3799.8435
2007-10-11 11:00:00,3078.8699,3447.5583,4568.0044,3196.335,3800.2078
2007-10-11 12:00:00,3080.0176,3449.5989,4570.5513,3197.8123,3800.9692
2007-10-11 13:00:00,3082.1775,3452.5793,4571.9106,3199.9172,3802.823
2007-10-11 14:00:00,3083.8435,3455.4016,4574.1104,3200.8054,3804.579
2007-10-11 15:00:00,3085.132,3458.8225,4576.873,3202.7117,3807.5203
2007-10-11 16:00:00,3087.2039,3462.2754,4581.105,3205.9058,3809.4731
2007-10-11 17:00:00,3089.6152,3465.2327,4583.6113,3208.6724,3811.3245
2007-10-11 18:00:00,3089.6445,3465.4414,4584.1323,3209.5808,3811.8706
2007-10-11 19:00:00,3089.8782,3465.4849,4584.1323,3209.6362,3812.649
2007-10-11 20:00:00,3089.989,3465.7173,4584.1323,3209.6362,3812.9023
2007-10-11 21:00:00,3089.989,3465.7258,4584.1675,3209.6362,3813.3909
2007-10-11 22:00:00,3090.0212,3465.8525,4584.2373,3209.6362,3813.6746
2007-10-11 23:00:00,3090.7546,3466.162,4584.74,3209.6743,3814.0508
2007-10-12 00:00:00,3091.2197,3467.8997,4587.0874,3209.9893,3816.286
2007-10-12 01:00:00,3091.2197,3467.8997,4587.0874,3209.9893,3816.286
2007-10-12 02:00:00,3091.2197,3467.8997,4587.0874,3209.9893,3816.286
2007-10-12 03:00:00,3091.2197,3467.8997,4587.0874,3209.9893,3816.286
2007-10-12 04:00:00,3091.2197,3467.8997,4587.0874,3209.9893,3816.286
2007-10-12 05:00:00,3091.2197,3467.8997,4587.0874,3209.9893,3816.286
2007-10-12 06:00:00,3091.2197,3467.8997,4587.0874,3209.9893,3816.286
2007-10-12 07:00:00,3091.2197,3467.8997,4587.0874,3209.9893,3816.286
2007-10-12 08:00:00,3091.2197,3467.8997,4587.0874,3209.9893,3816.286
2007-10-12 09:00:00,3091.2197,3467.8997,4587.0874,3209.9893,3816.286
2007-10-12 10:00:00,3091.2197,3467.8997,4587.0874,3209.9893,3816.286
2007-10-12 11:00:00,3091.2197,3467.8997,4587.0874,3209.9893,3816.286
2007-10-12 12:00:00,3091.2197,3467.8997,4587.0874,3209.9893,3816.286
2007-10-12 13:00:00,3091.2197,3467.8997,4587.0874,3209.9893,3816.286
2007-10-12 14:00:00,3091.2197,3467.8997,4587.0874,3209.9893,3816.286
2007-10-12 15:00:00,3091.2197,3467.8997,4587.0874,3209.9893,3816.286
2007-10-12 16:00:00,3091.2197,3467.8997,4587.0874,3209.9893,3816.286
2007-10-12 17:00:00,3091.2197,3467.8997,4587.0874,3209.9893,3816.286
2007-10-12 18:00:00,3091.2197,3467.8997,4587.0874,3209.9893,3816.286
2007-10-12 19:00:00,3091.2197,3467.8997,4587.0874,3209.9893,3816.286
2007-10-12 20:00:00,3091.2197,3467.8997,4587.0874,3209.9893,3816.286
2007-10-12 21:00:00,3091.2197,3467.8997,4587.0874,3209.9893,3816.286
2007-10-12 22:00:00,3091.2197,3467.8997,4587.0874,3209.9893,3816.286
2007-10-12 23:00:00,3091.2197,3467.8997,4587.0874,3209.9893,3816.286
2007-10-13 00:00:00,3091.2197,3467.8997,4587.0874,3209.9893,3816.286
2007-10-13 01:00:00,3091.2197,3467.8997,4587.0874,3209.9893,3816.286
2007-10-13 02:00:00,3091.2197,3467.8997,4587.0874,3209.9893,3816.286
2007-10-13 03:00:00,3091.2197,3467.8997,4587.0874,3209.9893,3816.286
2007-10-13 04:00:00,3091.2197,3467.8997,4587.0874,3209.9893,3816.286
2007-10-13 05:00:00,3091.2197,3467.8997,4587.0874,3209.9893,3816.286
2007-10-13 06:00:00,3091.2197,3467.8997,4587.0874,3209.9893,3816.286
2007-10-13 07:00:00,3091.2197,3467.8997,4587.0874,3209.9893,3816.286
2007-10-13 08:00:00,3091.2197,3467.8997,4587.0874,3209.9893,3816.286
2007-10-13 09:00:00,3091.2197,3467.8997,4587.0874,3209.9893,3816.286
2007-10-13 10:00:00,3091.2197,3467.8997,4587.0874,3209.9893,3816.286
2007-10-13 11:00:00,3091.2197,3467.8997,4587.0874,3209.9893,3816.3303
2007-10-13 12:00:00,3091.2197,3467.8997,4587.0874,3209.9893,3816.3303
2007-10-13 13:00:00,3091.2197,3467.8997,4587.0874,3209.9893,3816.3303
2007-10-13 14:00:00,3091.2197,3467.8997,4587.0874,3209.9893,3816.3303
2007-10-13 15:00:00,3091.2197,3467.8997,4587.0874,3209.9893,3816.3303
2007-10-13 16:00:00,3091.2197,3467.8997,4587.0874,3209.9893,3816.3303
2007-10-13 17:00:00,3091.2197,3467.8997,4587.0874,3209.9893,3816.3303
2007-10-13 18:00:00,3091.2197,3467.8997,4587.0874,3209.9893,3816.3303
2007-10-13 19:00:00,3091.2197,3467.8997,4587.0874,3209.9893,3816.3303
2007-10-13 20:00:00,3091.2197,3467.8997,4587.0874,3209.9893,3816.3303
2007-10-13 21:00:00,3091.2788,3467.8997,4587.0874,3209.9893,3816.8992
2007-10-13 22:00:00,3091.5925,3467.8997,4587.0874,3210.029,3819.0144
2007-10-13 23:00:00,3091.8804,3468.1145,4587.0874,3210.1924,3820.1526
2007-10-14 00:00:00,3093.8162,3476.1094,4596.007,3214.9587,3827.7065
2007-10-14 01:00:00,3093.8162,3476.1094,4595.986,3214.9587,3827.6863
2007-10-14 02:00:00,3092.176,3469.1726,4587.5454,3210.4634,3820.1833
2007-10-14 03:00:00,3092.6787,3470.296,4588.1133,3210.6594,3820.2153
2007-10-14 04:00:00,3093.0488,3472.3977,4588.904,3211.0354,3820.295
2007-10-14 05:00:00,3093.179,3472.6562,4590.2656,3211.2341,3820.3423
2007-10-14 06:00:00,3093.1826,3473.2954,4591.6475,3211.325,3820.878
2007-10-14 07:00:00,3093.194,3473.4668,4591.848,3211.3982,3821.4043
2007-10-14 08:00:00,3093.232,3473.725,4591.925,3211.5261,3821.7114
2007-10-14 09:00:00,3093.25,3473.851,4591.925,3211.5261,3821.8164
2007-10-14 10:00:00,3093.2651,3474.0278,4591.931,3211.539,3821.848
2007-10-14 11:00:00,3093.2744,3474.0312,4591.931,3211.5593,3821.848
2007-10-14 12:00:00,3093.2744,3474.0312,4591.931,3211.5642,3821.9111
2007-10-14 13:00:00,3093.2744,3474.0312,4591.931,3211.5642,3821.9304
2007-10-14 14:00:00,3093.2744,3474.698,4591.97,3211.576,3822.0298
2007-10-14 15:00:00,3093.2744,3474.698,4592.0327,3211.583,3822.0833
2007-10-14 16:00:00,3093.2744,3474.7012,4592.0327,3211.583,3822.1162
2007-10-14 17:00:00,3093.2744,3474.7207,4592.1934,3211.583,3822.434
2007-10-14 18:00:00,3093.2993,3474.827,4592.643,3211.6577,3823.1467
2007-10-14 19:00:00,3093.5366,3475.0542,4593.8174,3211.7166,3825.2766
2007-10-14 20:00:00,3093.6797,3475.4553,4594.4624,3212.4253,3826.2744
2007-10-14 21:00:00,3093.713,3475.7786,4595.409,3213.1294,3826.66
2007-10-14 22:00:00,3093.8162,3475.8901,4595.4653,3214.4492,3826.715
2007-10-14 23:00:00,3093.8162,3476.0928,4595.8,3214.918,3826.8442
2007-10-15 00:00:00,3093.8162,3476.3962,4596.0693,3215.067,3828.4248
2007-10-15 01:00:00,3094.0027,3476.41,4596.137,3215.1565,3829.7815
2007-10-15 02:00:00,3094.022,3476.5723,4596.199,3215.2039,3829.836
2007-10-15 03:00:00,3094.0615,3477.7483,4596.597,3216.545,3830.72
2007-10-15 04:00:00,3094.3218,3479.072,4597.571,3219.348,3831.8838
2007-10-15 05:00:00,3094.6345,3479.072,4599.273,3219.6553,3833.132
2007-10-15 06:00:00,3094.821,3479.1394,4599.425,3219.8389,3833.5022
2007-10-15 07:00:00,3094.821,3479.4705,4599.517,3220.3567,3833.5054
2007-10-15 08:00:00,3094.821,3479.5066,4599.616,3220.5415,3833.7434
2007-10-15 09:00:00,3094.821,3479.5903,4599.616,3220.551,3833.943
2007-10-15 10:00:00,3094.841,3479.632,4599.633,3220.8855,3833.943
2007-10-15 11:00:00,3094.841,3479.632,4599.633,3220.892,3833.943
2007-10-15 12:00:00,3094.841,3479.632,4599.633,3220.892,3833.943
2007-10-15 13:00:00,3094.841,3479.632,4599.633,3220.892,3833.943
2007-10-15 14:00:00,3094.841,3479.632,4599.633,3220.892,3833.943
2007-10-15 15:00:00,3094.841,3479.632,4599.633,3220.892,3833.943
2007-10-15 16:00:00,3094.841,3479.632,4599.633,3220.892,3833.943
2007-10-15 17:00:00,3094.841,3479.6501,4599.633,3220.892,3833.943
2007-10-15 18:00:00,3094.8547,3479.8574,4599.7075,3220.9248,3833.943
2007-10-15 19:00:00,3094.863,3479.8574,4599.7075,3220.9714,3833.943
2007-10-15 20:00:00,3094.8801,3480.389,4599.7075,3221.0632,3833.943
2007-10-15 21:00:00,3095.3088,3481.2114,4599.737,3222.0605,3834.2302
2007-10-15 22:00:00,3096.0117,3481.9673,4599.79,3223.1284,3834.9082
2007-10-15 23:00:00,3096.7039,3481.9893,4599.91,3223.6443,3835.3533
2007-10-16 00:00:00,3101.0496,3489.085,4607.731,3229.63,3839.6965
2007-10-16 01:00:00,3096.8262,3481.9893,4599.91,3223.7324,3835.3582
2007-10-16 02:00:00,3097.1848,3483.1501,4600.269,3224.1594,3836.9204
2007-10-16 03:00:00,3098.3235,3485.9934,4602.3843,3226.1587,3839.062
2007-10-16 04:00:00,3099.9834,3487.8027,4604.0273,3229.1626,3839.0854
2007-10-16 05:00:00,3100.3992,3487.8206,4604.2295,3229.2332,3839.0854
2007-10-16 06:00:00,3100.4377,3488.026,4604.316,3229.2332,3839.1426
2007-10-16 07:00:00,3100.6611,3488.026,4604.4326,3229.2332,3839.1467
2007-10-16 08:00:00,3100.6611,3488.026,4605.0,3229.2427,3839.1555
2007-10-16 09:00:00,3100.713,3488.386,4605.0,3229.2585,3839.521
2007-10-16 10:00:00,3101.025,3488.5789,4605.1206,3229.349,3839.559
2007-10-16 11:00:00,3101.025,3488.6167,4607.687,3229.3953,3839.6965
2007-10-16 12:00:00,3101.3225,3489.229,4609.317,3230.9995,3840.7065
2007-10-16 13:00:00,3101.728,3489.6045,4609.869,3231.9824,3840.7769
2007-10-16 14:00:00,3102.2766,3490.5063,4610.5605,3232.8914,3840.929
2007-10-16 15:00:00,3102.4883,3491.391,4610.9507,3233.5083,3841.2083
2007-10-16 16:00:00,3103.3586,3493.173,4614.6343,3235.6975,3843.5461
2007-10-16 17:00:00,3103.964,3493.21,4614.7563,3235.709,3843.5635
2007-10-16 18:00:00,3104.1848,3494.0486,4618.0845,3236.2695,3844.32
2007-10-16 19:00:00,3105.1704,3494.8147,4618.6646,3237.62,3844.475
2007-10-16 20:00:00,3106.2297,3495.0027,4621.7593,3238.9106,3844.5063
2007-10-16 21:00:00,3106.2803,3495.0056,4622.46,3238.9595,3845.4712
2007-10-16 22:00:00,3106.3809,3495.808,4625.057,3240.8,3846.6384
2007-10-16 23:00:00,3106.6965,3496.005,4625.615,3241.273,3846.6384
2007-10-17 00:00:00,3106.6965,3496.005,4625.636,3241.3164,3846.6501
2007-10-17 01:00:00,3106.854,3496.1797,4627.7207,3241.3167,3847.0557
2007-10-17 02:00:00,3107.8926,3497.808,4631.2563,3242.148,3847.9246
2007-10-17 03:00:00,3108.4866,3500.791,4633.035,3242.548,3848.9878
2007-10-17 04:00:00,3109.4333,3501.6792,4633.3726,3243.3196,3849.955
2007-10-17 05:00:00,3110.172,3503.056,4635.4165,3243.966,3851.0557
2007-10-17 06:00:00,3110.4072,3504.079,4635.9966,3244.2153,3851.4756
2007-10-17 07:00:00,3111.1853,3504.4111,4638.738,3244.5063,3852.3774
2007-10-17 08:00:00,3112.6226,3505.0315,4640.776,3245.005,3853.4211
2007-10-17 09:00:00,3113.0364,3505.9648,4641.545,3245.2913,3853.9836
2007-10-17 10:00:00,3114.876,3506.1492,4642.2856,3245.2988,3854.0369
2007-10-17 11:00:00,3115.7168,3506.1655,4643.068,3246.365,3854.1328
2007-10-17 12:00:00,3115.986,3506.6292,4644.447,3247.1453,3855.615
2007-10-17 13:00:00,3116.706,3506.9282,4644.8887,3247.6584,3855.9666
2007-10-17 14:00:00,3116.7893,3507.3018,4645.6895,3247.9412,3856.5725
2007-10-17 15:00:00,3117.4412,3507.5684,4647.0703,3249.2341,3857.3748
2007-10-17 16:00:00,3118.1685,3508.252,4647.9917,3249.2922,3857.5076
2007-10-17 17:00:00,3118.6108,3508.3484,4648.753,3249.6223,3857.8772
2007-10-17 18:00:00,3120.27,3508.4312,4650.146,3249.6914,3858.2026
2007-10-17 19:00:00,3120.729,3508.4832,4651.562,3249.7085,3858.7764
2007-10-17 20:00:00,3121.4631,3508.6504,4651.754,3249.889,3859.437
2007-10-17 21:00:00,3121.723,3508.675,4651.754,3249.8984,3859.8948
2007-10-17 22:00:00,3121.7427,3508.706,4652.909,3250.206,3861.2637
2007-10-17 23:00:00,3121.9814,3508.7854,4653.259,3250.5845,3861.4219
2007-10-18 00:00:00,3123.4902,3510.019,4654.459,3251.2268,3864.8083
2007-10-18 01:00:00,3123.4902,3509.769,4653.427,3251.1313,3864.364
2007-10-18 02:00:00,3123.8884,3510.0786,4654.521,3251.3699,3865.192
2007-10-18 03:00:00,3124.3489,3510.1187,4654.58,3251.5444,3866.754
2007-10-18 04:00:00,3124.7812,3510.1187,4655.0405,3251.6445,3866.9065
2007-10-18 05:00:00,3125.0325,3510.1187,4655.0405,3251.7107,3866.9065
2007-10-18 06:00:00,3125.1287,3510.12,4655.0405,3251.7107,3868.0227
2007-10-18 07:00:00,3125.172,3510.128,4655.656,3251.891,3868.726
2007-10-18 08:00:00,3125.6907,3510.4377,4656.4214,3253.084,3868.7668
2007-10-18 09:00:00,3125.8845,3510.4377,4656.4917,3253.134,3868.9106
2007-10-18 10:00:00,3126.376,3510.6526,4656.7695,3253.4622,3871.3342
2007-10-18 11:00:00,3126.5952,3510.6526,4657.3076,3253.4624,3872.94
2007-10-18 12:00:00,3126.8843,3510.671,4657.3076,3253.5388,3873.116
2007-10-18 13:00:00,3127.5327,3510.671,4657.3076,3253.6958,3873.1802
2007-10-18 14:00:00,3128.2893,3510.6868,4657.3076,3253.7246,3873.6753
2007-10-18 15:00:00,3128.2893,3510.7136,4657.471,3253.82,3873.709
2007-10-18 16:00:00,3128.2893,3510.879,4657.5093,3253.8953,3873.709
2007-10-18 17:00:00,3128.3003,3510.8794,4657.5566,3253.8953,3873.709
2007-10-18 18:00:00,3128.3447,3510.8794,4657.5566,3253.9558,3873.709
2007-10-18 19:00:00,3128.3447,3510.8794,4657.5566,3253.9558,3874.706
2007-10-18 20:00:00,3128.3447,3510.8794,4657.5566,3253.9558,3875.1772
2007-10-18 21:00:00,3122.1094,3508.903,4653.2905,3250.9636,3861.853
2007-10-18 22:00:00,3122.2764,3509.4243,4653.3555,3251.07,3863.007
2007-10-18 23:00:00,3122.5059,3509.759,4653.3896,3251.1143,3863.2727
2007-10-19 00:00:00,3128.3447,3510.8794,4657.5566,3253.9558,3875.3325
2007-10-19 01:00:00,3128.3447,3510.8794,4657.5566,3253.9558,3875.3325
2007-10-19 02:00:00,3128.3447,3510.8794,4657.5566,3253.9558,3875.3325
2007-10-19 03:00:00,3128.3447,3510.8794,4657.5566,3253.9558,3875.3325
2007-10-19 04:00:00,3128.3447,3510.8794,4657.5566,3253.9558,3875.3325
2007-10-19 05:00:00,3128.3447,3510.8794,4657.5566,3253.9558,3875.3325
2007-10-19 06:00:00,3128.3447,3510.8794,4657.5566,3253.9558,3875.3325
2007-10-19 07:00:00,3128.3447,3510.8794,4657.5566,3253.9558,3875.3325
2007-10-19 08:00:00,3128.3447,3510.8794,4657.5566,3253.9558,3875.3325
2007-10-19 09:00:00,3128.3447,3510.8794,4657.5566,3253.9558,3875.3325
2007-10-19 10:00:00,3128.3447,3510.8794,4657.5566,3253.9558,3875.3325
2007-10-19 11:00:00,3128.3447,3510.8794,4657.5566,3253.9558,3875.3325
2007-10-19 12:00:00,3128.3447,3510.8794,4657.5566,3253.9558,3875.3325
2007-10-19 13:00:00,3128.3447,3510.8794,4657.5566,3253.9558,3875.3325
2007-10-19 14:00:00,3128.3447,3510.8794,4657.5566,3253.9558,3875.3325
2007-10-19 15:00:00,3128.3447,3510.8794,4657.5566,3253.9558,3875.3325
2007-10-19 16:00:00,3128.3447,3510.8794,4657.5566,3253.9558,3875.3325
2007-10-19 17:00:00,3128.3447,3510.8794,4657.5566,3253.9558,3875.3325
2007-10-19 18:00:00,3128.3447,3510.8794,4657.5566,3253.9558,3875.3325
2007-10-19 19:00:00,3128.3447,3510.8794,4657.5566,3253.9558,3875.3325
2007-10-19 20:00:00,3128.3447,3510.8794,4657.5566,3253.9558,3875.3325
2007-10-19 21:00:00,3128.3447,3510.8794,4657.5566,3253.9558,3875.3325
2007-10-19 22:00:00,3128.3447,3510.8794,4657.5566,3253.9558,3875.3325
2007-10-19 23:00:00,3128.3447,3510.8794,4657.5566,3253.9558,3875.3325
2007-10-20 00:00:00,3128.3447,3510.8794,4657.5566,3253.9558,3875.3389
2007-10-20 01:00:00,3128.3447,3510.8794,4657.5566,3253.9558,3875.701
2007-10-20 02:00:00,3128.3447,3510.8904,4657.5566,3253.9558,3875.8357
2007-10-20 03:00:00,3128.3447,3510.8904,4657.5566,3253.9558,3875.9834
2007-10-20 04:00:00,3128.3447,3510.8904,4657.5566,3253.9558,3876.486
2007-10-20 05:00:00,3128.3447,3510.9133,4657.69,3253.9558,3877.0
2007-10-20 06:00:00,3128.3447,3510.9133,4658.299,3253.9558,3878.517
2007-10-20 07:00:00,3128.3447,3510.9133,4658.5107,3253.9558,3879.2144
2007-10-20 08:00:00,3128.3447,3510.9258,4658.5107,3253.9558,3879.9714
2007-10-20 09:00:00,3128.3447,3511.0073,4658.7197,3254.008,3880.5483
2007-10-20 10:00:00,3128.4368,3511.0964,4659.1514,3254.0854,3880.7378
2007-10-20 11:00:00,3128.5542,3511.0964,4659.3716,3254.6655,3880.7751
2007-10-20 12:00:00,3128.5542,3511.0964,4659.3716,3254.6655,3880.7834
2007-10-20 13:00:00,3128.5542,3511.0964,4659.3716,3254.6655,3880.881
2007-10-20 14:00:00,3128.5542,3511.0964,4659.3716,3254.6655,3880.8982
2007-10-20 15:00:00,3128.5542,3511.0964,4659.3716,3254.6655,3880.8982
2007-10-20 16:00:00,3128.5542,3511.0964,4659.3716,3254.6655,3880.8982
2007-10-20 17:00:00,3128.5542,3511.0964,4659.3716,3254.6655,3880.8982
2007-10-20 18:00:00,3128.5542,3511.0964,4659.3716,3254.6655,3880.8982
2007-10-20 19:00:00,3128.5542,3511.0964,4659.3716,3254.6655,3880.8982
2007-10-20 20:00:00,3128.5542,3511.0964,4659.3716,3254.6655,3880.8982
2007-10-20 21:00:00,3128.5542,3511.0964,4659.3716,3254.6655,3880.8982
2007-10-20 22:00:00,3128.5542,3511.0964,4659.3716,3254.6655,3880.8982
2007-10-20 23:00:00,3128.5542,3511.0964,4659.3716,3254.6655,3880.8982
2007-10-21 00:00:00,3128.5542,3511.0964,4659.3716,3254.6655,3880.8982
2007-10-21 01:00:00,3128.5542,3511.0964,4659.3716,3254.6655,3880.8982
2007-10-21 02:00:00,3128.5542,3511.0964,4659.3716,3254.6655,3880.8982
2007-10-21 03:00:00,3128.5542,3511.0964,4659.3716,3254.6655,3880.8982
2007-10-21 04:00:00,3128.5542,3511.0964,4659.3716,3254.7202,3880.8982
2007-10-21 05:00:00,3128.659,3511.0964,4659.3716,3254.9155,3880.9255
2007-10-21 06:00:00,3128.839,3511.0964,4659.3716,3255.1108,3880.965
2007-10-21 07:00:00,3129.0344,3511.0964,4659.3716,3255.3062,3880.965
2007-10-21 08:00:00,3129.2312,3511.0964,4659.3716,3255.503,3880.965
2007-10-21 09:00:00,3129.3523,3511.0964,4659.3716,3255.5337,3880.965
2007-10-21 10:00:00,3129.3523,3511.0964,4659.3716,3255.5337,3880.965
2007-10-21 11:00:00,3129.3523,3511.0964,4659.3716,3255.5337,3880.965
2007-10-21 12:00:00,3129.3523,3511.0964,4659.3716,3255.5337,3880.965
2007-10-21 13:00:00,3129.3523,3511.158,4659.3716,3255.5337,3880.965
2007-10-21 14:00:00,3129.3523,3511.405,4659.3716,3255.5337,3880.965
2007-10-21 15:00:00,3129.3904,3511.7642,4659.3716,3255.605,3880.965
2007-10-21 16:00:00,3128.5542,3511.0964,4659.3716,3254.6655,3880.8982
2007-10-21 17:00:00,3128.5542,3511.0964,4659.3716,3254.6655,3880.8982
2007-10-21 18:00:00,3128.5542,3511.0964,4659.3716,3254.6655,3880.8982
2007-10-21 19:00:00,3128.5542,3511.0964,4659.3716,3254.6655,3880.8982
2007-10-21 20:00:00,3128.5542,3511.0964,4659.3716,3254.6655,3880.8982
2007-10-21 21:00:00,3128.5542,3511.0964,4659.3716,3254.6655,3880.8982
2007-10-21 22:00:00,3128.5542,3511.0964,4659.3716,3254.6655,3880.8982
2007-10-21 23:00:00,3128.5542,3511.0964,4659.3716,3254.6655,3880.8982
2007-10-22 00:00:00,3131.4263,3513.3425,4659.3716,3255.689,3880.965
2007-10-22 01:00:00,3131.6423,3513.6555,4659.3716,3255.689,3880.965
2007-10-22 02:00:00,3131.7812,3514.0767,4659.3716,3255.689,3880.965
2007-10-22 03:00:00,3131.8198,3514.3357,4659.3716,3255.689,3880.965
2007-10-22 04:00:00,3131.8198,3514.6804,4659.3716,3255.689,3880.965
2007-10-22 05:00:00,3131.8198,3515.303,4659.3716,3255.689,3880.965
2007-10-22 06:00:00,3131.8198,3515.6406,4659.3716,3255.791,3880.965
2007-10-22 07:00:00,3132.0115,3515.9033,4659.3716,3256.0469,3880.965
2007-10-22 08:00:00,3132.3152,3515.9033,4659.3716,3256.0469,3880.965
2007-10-22 09:00:00,3132.3694,3515.9033,4659.3716,3256.0469,3880.965
2007-10-22 10:00:00,3132.3694,3515.9033,4659.3716,3256.0469,3880.965
2007-10-22 11:00:00,3132.3694,3515.9033,4659.3716,3256.0469,3880.965
2007-10-22 12:00:00,3132.3694,3515.9033,4659.3716,3256.0469,3880.965
2007-10-22 13:00:00,3132.3694,3515.9033,4659.3716,3256.0469,3880.965
2007-10-22 14:00:00,3132.3694,3515.9033,4659.3716,3256.0469,3880.965
2007-10-22 15:00:00,3132.3694,3515.9033,4659.3716,3256.0532,3880.965
2007-10-22 16:00:00,3132.3694,3515.9033,4659.3716,3256.0698,3880.965
2007-10-22 17:00:00,3131.2285,3513.122,4659.3716,3255.689,3880.965
2007-10-22 18:00:00,3129.6045,3511.9783,4659.3716,3255.689,3880.965
2007-10-22 19:00:00,3129.8235,3512.1973,4659.3716,3255.689,3880.965
2007-10-22 20:00:00,3130.1338,3512.4038,4659.3716,3255.689,3880.965
2007-10-22 21:00:00,3130.5654,3512.6196,4659.3716,3255.689,3880.965
2007-10-22 22:00:00,3130.809,3512.7405,4659.3716,3255.689,3880.965
2007-10-22 23:00:00,3131.0293,3512.9048,4659.3716,3255.689,3880.965
2007-10-23 00:00:00,3132.3694,3515.9033,4659.3716,3256.0698,3880.965
2007-10-23 01:00:00,3132.3694,3515.9033,4659.3716,3256.0698,3880.965
2007-10-23 02:00:00,3132.3694,3515.9033,4659.3716,3256.0698,3880.965
2007-10-23 03:00:00,3132.3694,3515.9033,4659.3716,3256.0698,3880.965
2007-10-23 04:00:00,3132.3694,3515.9033,4659.3716,3256.0698,3880.965
2007-10-23 05:00:00,3132.3694,3515.9033,4659.3716,3256.0698,3880.965
2007-10-23 06:00:00,3132.3694,3515.9033,4659.3716,3256.0698,3880.965
2007-10-23 07:00:00,3132.3694,3515.9033,4659.3716,3256.0698,3880.965
2007-10-23 08:00:00,3132.3694,3515.9033,4659.3716,3256.0698,3880.965
2007-10-23 09:00:00,3132.3694,3515.9033,4659.3716,3256.0698,3880.965
2007-10-23 10:00:00,3132.3694,3515.9033,4659.3716,3256.0698,3880.965
2007-10-23 11:00:00,3132.3694,3515.9033,4659.3716,3256.0698,3880.965
2007-10-23 12:00:00,3132.3694,3515.9033,4659.3716,3256.0698,3880.965
2007-10-23 13:00:00,3132.3694,3515.9033,4659.3716,3256.0698,3880.965
2007-10-23 14:00:00,3132.3694,3515.9033,4659.3716,3256.0698,3880.965
2007-10-23 15:00:00,3132.3694,3515.9033,4659.3716,3256.0698,3880.965
2007-10-23 16:00:00,3132.3694,3515.9033,4659.3716,3256.0698,3880.965
2007-10-23 17:00:00,3132.3694,3515.9033,4659.3716,3256.0698,3880.965
2007-10-23 18:00:00,3132.3694,3515.9033,4659.3716,3256.0698,3880.965
2007-10-23 19:00:00,3132.3694,3515.9033,4659.3716,3256.0698,3880.965
2007-10-23 20:00:00,3132.3694,3515.9033,4659.3716,3256.0698,3880.965
2007-10-23 21:00:00,3132.3694,3515.9033,4659.3716,3256.0698,3880.965
2007-10-23 22:00:00,3132.3694,3515.9033,4659.3716,3256.0698,3880.965
2007-10-23 23:00:00,3132.3694,3515.9033,4659.3716,3256.0698,3880.965
2007-10-24 00:00:00,3132.3694,3515.9033,4659.3716,3256.0698,3880.965
2007-10-24 01:00:00,3132.3694,3515.9033,4659.3716,3256.0698,3880.965
2007-10-24 02:00:00,3132.3694,3515.9033,4659.3716,3256.0698,3880.965
2007-10-24 03:00:00,3132.3694,3515.9033,4659.3716,3256.0698,3880.965
2007-10-24 04:00:00,3132.3694,3515.9033,4659.3716,3256.0698,3880.965
2007-10-24 05:00:00,3132.3694,3515.9033,4659.3716,3256.0698,3880.965
2007-10-24 06:00:00,3132.3694,3515.9033,4659.3716,3256.0698,3880.965
2007-10-24 07:00:00,3132.3694,3515.9033,4659.3716,3256.0698,3880.965
2007-10-24 08:00:00,3132.3694,3515.9033,4659.3716,3256.0698,3880.965
2007-10-24 09:00:00,3132.3694,3515.9033,4659.3716,3256.0698,3880.965
2007-10-24 10:00:00,3132.3694,3515.9033,4659.3716,3256.0698,3880.965
2007-10-24 11:00:00,3132.3694,3515.9033,4659.3716,3256.0698,3880.965
2007-10-24 12:00:00,3132.3694,3515.9033,4659.3716,3256.0698,3880.965
2007-10-24 13:00:00,3132.3694,3515.9033,4659.3716,3256.0698,3880.965
2007-10-24 14:00:00,3132.3694,3515.9033,4659.3716,3256.0698,3880.965
2007-10-24 15:00:00,3132.3694,3515.9033,4659.3716,3256.0698,3880.965
2007-10-24 16:00:00,3132.3694,3515.9033,4659.3716,3256.0698,3880.965
2007-10-24 17:00:00,3132.3694,3515.9033,4659.3716,3256.0698,3880.965
2007-10-24 18:00:00,3132.3694,3515.9033,4659.3716,3256.0698,3880.965
2007-10-24 19:00:00,3132.3694,3515.9033,4659.3716,3256.0698,3880.965
2007-10-24 20:00:00,3132.3694,3515.9033,4659.3716,3256.0698,3880.965
2007-10-24 21:00:00,3132.3694,3515.9033,4659.3716,3256.0698,3880.965
2007-10-24 22:00:00,3132.3694,3515.9033,4659.3716,3256.0698,3880.965
2007-10-24 23:00:00,3132.3694,3515.9033,4659.3716,3256.0698,3880.965
2007-10-25 00:00:00,3132.3694,3515.9033,4659.3716,3256.0698,3880.965
2007-10-25 01:00:00,3132.3694,3515.9033,4659.3716,3256.0698,3880.965
2007-10-25 02:00:00,3132.3694,3515.9033,4659.3716,3256.0698,3880.965
2007-10-25 03:00:00,3132.3694,3515.9033,4659.3716,3256.0698,3880.965
2007-10-25 04:00:00,3132.3694,3515.9033,4659.3716,3256.0698,3880.965
2007-10-25 05:00:00,3132.3694,3515.9033,4659.3716,3256.0698,3880.965
2007-10-25 06:00:00,3132.3694,3515.9033,4659.3716,3256.0698,3880.965
2007-10-25 07:00:00,3132.3694,3515.9033,4659.3716,3256.0698,3880.965
2007-10-25 08:00:00,3132.3694,3515.9033,4659.3716,3256.0698,3880.965
2007-10-25 09:00:00,3132.3694,3515.9033,4659.3716,3256.0698,3880.965
2007-10-25 10:00:00,3132.3694,3515.9033,4659.3716,3256.0698,3880.965
2007-10-25 11:00:00,3132.3694,3515.9033,4659.3716,3256.0698,3880.965
2007-10-25 12:00:00,3132.3694,3515.9033,4659.3716,3256.0698,3880.965
2007-10-25 13:00:00,3132.3694,3515.9033,4659.3716,3256.0698,3880.965
2007-10-25 14:00:00,3132.3694,3515.9033,4659.3716,3256.0698,3880.965
2007-10-25 15:00:00,3132.3694,3515.9033,4659.3716,3256.0698,3880.965
2007-10-25 16:00:00,3132.3694,3515.9033,4659.3716,3256.0698,3880.965
2007-10-25 17:00:00,3132.3694,3515.9033,4659.3716,3256.0698,3880.965
2007-10-25 18:00:00,3132.3694,3515.9033,4659.3716,3256.0698,3880.965
2007-10-25 19:00:00,3132.3694,3515.9033,4659.3716,3256.0698,3880.965
2007-10-25 20:00:00,3132.3694,3515.9033,4659.3716,3256.0698,3880.965
2007-10-25 21:00:00,3132.3694,3515.9033,4659.3716,3256.0698,3880.965
2007-10-25 22:00:00,3132.3694,3515.9033,4659.3716,3256.0698,3880.965
2007-10-25 23:00:00,3132.3694,3515.9033,4659.3716,3256.0698,3880.965
2007-10-26 00:00:00,3132.3694,3515.9033,4659.3716,3256.0698,3880.965
2007-10-26 01:00:00,3132.3694,3515.9033,4659.3716,3256.0698,3880.965
2007-10-26 02:00:00,3132.3694,3515.9033,4659.3716,3256.0698,3880.965
2007-10-26 03:00:00,3132.3694,3515.9033,4659.3716,3256.0698,3880.965
2007-10-26 04:00:00,3132.3694,3515.9033,4659.3716,3256.0698,3880.965
2007-10-26 05:00:00,3132.3694,3515.9033,4659.3716,3256.0698,3880.965
2007-10-26 06:00:00,3132.3694,3515.9033,4659.3716,3256.0698,3880.965
2007-10-26 07:00:00,3132.3694,3515.9033,4659.3716,3256.0698,3880.965
2007-10-26 08:00:00,3132.3694,3515.9033,4659.3716,3256.0698,3880.965
2007-10-26 09:00:00,3132.3694,3515.9033,4659.3716,3256.0698,3880.965
2007-10-26 10:00:00,3132.3694,3515.9033,4659.3716,3256.0698,3880.965
2007-10-26 11:00:00,3132.3694,3515.9033,4659.3716,3256.0698,3880.965
2007-10-26 12:00:00,3132.3694,3515.9033,4659.3716,3256.0698,3880.965
2007-10-26 13:00:00,3132.3694,3515.9033,4659.3716,3256.0698,3880.965
2007-10-26 14:00:00,3132.3694,3515.9033,4659.3716,3256.0698,3880.965
2007-10-26 15:00:00,3132.3694,3515.9033,4659.3716,3256.0698,3880.965
2007-10-26 16:00:00,3132.3694,3515.9033,4659.3716,3256.0698,3880.965
2007-10-26 17:00:00,3132.3694,3515.9033,4659.3716,3256.0698,3880.965
2007-10-26 18:00:00,3132.3694,3515.9033,4659.3716,3256.0698,3880.965
2007-10-26 19:00:00,3132.3694,3515.9033,4659.3716,3256.0698,3880.965
2007-10-26 20:00:00,3132.3694,3515.9033,4659.3716,3256.0698,3880.965
2007-10-26 21:00:00,3132.3694,3515.9033,4659.3716,3256.0698,3880.965
2007-10-26 22:00:00,3132.3694,3515.9033,4659.3716,3256.0698,3880.965
2007-10-26 23:00:00,3132.3694,3515.9033,4659.418,3256.0698,3881.8682
2007-10-27 00:00:00,3132.3694,3516.6655,4660.4517,3256.1785,3884.149
2007-10-27 01:00:00,3133.2146,3518.1562,4662.2593,3256.7036,3885.8652
2007-10-27 02:00:00,3134.5857,3520.5774,4663.9624,3257.1443,3887.2234
2007-10-27 03:00:00,3137.542,3522.8948,4665.0693,3258.0496,3888.6682
2007-10-27 04:00:00,3141.282,3525.3176,4666.292,3259.0293,3890.2976
2007-10-27 05:00:00,3144.3723,3527.4985,4667.2695,3259.9219,3891.4656
2007-10-27 06:00:00,3145.8423,3529.9067,4667.47,3260.7603,3891.761
2007-10-27 07:00:00,3146.5854,3529.9475,4667.6025,3261.0593,3892.3655
2007-10-27 08:00:00,3146.5933,3530.041,4667.8516,3261.0593,3892.9568
2007-10-27 09:00:00,3146.5933,3530.041,4668.0347,3261.0806,3893.5693
2007-10-27 10:00:00,3146.627,3530.041,4668.1333,3261.1267,3893.8242
2007-10-27 11:00:00,3146.627,3530.1873,4668.633,3261.2302,3893.8245
2007-10-27 12:00:00,3147.053,3530.3257,4669.151,3261.245,3894.6582
2007-10-27 13:00:00,3147.7234,3531.603,4669.958,3262.245,3895.6423
2007-10-27 14:00:00,3148.6602,3533.042,4670.903,3264.4875,3898.205
2007-10-27 15:00:00,3149.6604,3534.5923,4673.6577,3266.751,3900.5186
2007-10-27 16:00:00,3151.4346,3538.5876,4679.9795,3272.4336,3902.9832
2007-10-27 17:00:00,3152.655,3540.9316,4683.772,3275.9587,3903.8267
2007-10-27 18:00:00,3153.5554,3542.2864,4687.0864,3278.5369,3904.819
2007-10-27 19:00:00,3154.6958,3545.071,4690.086,3281.5708,3905.786
2007-10-27 20:00:00,3156.1582,3547.3472,4691.3237,3284.664,3907.714
2007-10-27 21:00:00,3157.6826,3550.841,4692.0,3287.6318,3910.3887
2007-10-27 22:00:00,3150.613,3536.4707,4676.4814,3269.1523,3902.1746
2007-10-27 23:00:00,3159.241,3553.832,4692.3877,3289.698,3912.7595
2007-10-28 00:00:00,3161.3838,3556.1406,4692.8013,3292.2092,3914.9004
2007-10-28 01:00:00,3165.0527,3562.5828,4693.821,3297.246,3918.4443
2007-10-28 02:00:00,3169.205,3569.9766,4695.4067,3303.7898,3923.2148
2007-10-28 03:00:00,3173.5376,3580.7563,4696.6123,3309.718,3926.9607
2007-10-28 04:00:00,3177.1536,3585.3684,4698.552,3315.0745,3932.4597
2007-10-28 05:00:00,3180.2344,3600.2202,4699.55,3316.9292,3936.92
2007-10-28 06:00:00,3183.8599,3607.9548,4701.979,3317.9653,3943.3203
2007-10-28 07:00:00,3188.0981,3610.5303,4703.052,3319.9502,3950.0168
2007-10-28 08:00:00,3189.1045,3612.7725,4704.1597,3320.7144,3954.8394
2007-10-28 09:00:00,3195.324,3618.265,4705.806,3327.482,3960.006
2007-10-28 10:00:00,3199.6614,3619.5466,4707.3657,3332.5427,3965.657
2007-10-28 11:00:00,3203.259,3625.2983,4707.5767,3338.0425,3966.5125
2007-10-28 12:00:00,3208.5063,3631.2422,4709.25,3342.1611,3969.0046
2007-10-28 13:00:00,3213.807,3635.5264,4710.537,3346.6472,3971.7405
2007-10-28 14:00:00,3218.3713,3638.2754,4714.787,3350.8198,3973.3442
2007-10-28 15:00:00,3220.845,3640.4438,4715.722,3354.4766,3973.7688
2007-10-28 16:00:00,3223.5198,3641.4473,4717.696,3356.925,3974.715
2007-10-28 17:00:00,3224.3728,3641.967,4717.9067,3358.7148,3974.7285
2007-10-28 18:00:00,3224.387,3641.9734,4718.0107,3358.7424,3974.7534
2007-10-28 19:00:00,3224.387,3641.9734,4718.1294,3358.7424,3975.122
2007-10-28 20:00:00,3224.387,3641.9734,4718.2,3358.7424,3975.207
2007-10-28 21:00:00,3224.387,3642.0618,4718.2,3358.8286,3975.207
2007-10-28 22:00:00,3224.387,3642.0618,4718.2,3358.8716,3975.207
2007-10-28 23:00:00,3224.387,3642.0618,4718.2144,3358.8716,3975.207
2007-10-29 00:00:00,3224.387,3642.0618,4718.2144,3358.8716,3975.207
2007-10-29 01:00:00,3224.387,3642.0618,4718.425,3358.8716,3975.207
2007-10-29 02:00:00,3224.4128,3642.1213,4718.425,3358.9768,3975.207
2007-10-29 03:00:00,3224.4128,3642.1414,4718.425,3358.9805,3975.207
2007-10-29 04:00:00,3224.4248,3643.6038,4718.425,3359.3606,3975.207
2007-10-29 05:00:00,3224.5452,3643.6182,4718.425,3359.3826,3975.207
2007-10-29 06:00:00,3224.7188,3643.6384,4718.425,3359.9233,3975.2524
2007-10-29 07:00:00,3224.8506,3644.5688,4718.425,3360.3328,3975.2952
2007-10-29 08:00:00,3225.4539,3644.7183,4718.425,3360.9802,3975.2952
2007-10-29 09:00:00,3226.1714,3644.981,4718.437,3361.3567,3975.3223
2007-10-29 10:00:00,3226.8406,3645.3284,4718.4653,3361.7046,3975.3372
2007-10-29 11:00:00,3226.8796,3645.4927,4718.678,3361.849,3975.4727
2007-10-29 12:00:00,3227.239,3645.641,4718.7827,3362.133,3975.4783
2007-10-29 13:00:00,3227.8691,3645.6843,4718.7827,3362.1558,3975.5225
2007-10-29 14:00:00,3228.0398,3646.2542,4718.7827,3362.6199,3975.6753
2007-10-29 15:00:00,3228.438,3646.8042,4719.277,3363.264,3976.1548
2007-10-29 16:00:00,3228.754,3646.8042,4719.8677,3363.2903,3976.1548
2007-10-29 17:00:00,3228.754,3647.7185,4719.956,3363.333,3976.815
2007-10-29 18:00:00,3228.967,3647.9014,4720.9565,3364.3413,3976.8413
2007-10-29 19:00:00,3228.967,3647.9749,4721.8696,3364.3704,3977.2324
2007-10-29 20:00:00,3229.4226,3650.9683,4723.6816,3365.9534,3978.898
2007-10-29 21:00:00,3231.6296,3652.3635,4725.485,3368.7605,3980.9727
2007-10-29 22:00:00,3233.1465,3652.3635,4725.6235,3369.3,3981.6406
2007-10-29 23:00:00,3233.1465,3653.2092,4726.515,3369.4048,3981.6406
2007-10-30 00:00:00,3233.3293,3654.3906,4726.8564,3370.3364,3981.7305
2007-10-30 01:00:00,3233.4026,3654.3906,4726.8564,3370.3364,3981.7305
2007-10-30 02:00:00,3233.4067,3654.3906,4728.24,3370.3364,3982.2344
2007-10-30 03:00:00,3233.9558,3654.73,4728.507,3370.4365,3982.7693
2007-10-30 04:00:00,3234.3252,3656.3154,4729.7075,3371.219,3983.6729
2007-10-30 05:00:00,3234.344,3657.0547,4729.8447,3371.247,3984.9385
2007-10-30 06:00:00,3234.528,3658.9775,4730.0493,3371.9893,3986.3809
2007-10-30 07:00:00,3234.7815,3659.9043,4730.87,3373.029,3986.7615
2007-10-30 08:00:00,3234.931,3661.6826,4731.5566,3373.2659,3989.6814
2007-10-30 09:00:00,3235.9482,3661.8704,4733.748,3373.7563,3990.7397
2007-10-30 10:00:00,3235.9985,3661.9583,4734.6216,3373.905,3992.1416
2007-10-30 11:00:00,3236.345,3665.0913,4737.129,3374.7327,3994.7397
2007-10-30 12:00:00,3237.526,3665.283,4739.1304,3374.9202,3994.7397
2007-10-30 13:00:00,3237.644,3665.283,4739.5254,3374.9202,3994.9146
2007-10-30 14:00:00,3237.8647,3665.8362,4743.1396,3375.342,3995.4058
2007-10-30 15:00:00,3238.0686,3665.84,4743.785,3375.3833,3995.4424
2007-10-30 16:00:00,3238.21,3666.2798,4744.2847,3375.3833,3995.907
2007-10-30 17:00:00,3238.4336,3666.7375,4744.516,3375.3833,3996.446
2007-10-30 18:00:00,3238.6277,3666.77,4744.863,3375.4204,3996.446
2007-10-30 19:00:00,3238.6611,3666.77,4744.907,3375.4204,3996.446
2007-10-30 20:00:00,3238.6733,3666.773,4745.8145,3375.4204,3996.446
2007-10-30 21:00:00,3238.7927,3666.773,4746.278,3375.4204,3996.5432
2007-10-30 22:00:00,3238.7927,3666.773,4746.278,3375.4204,3996.6167
2007-10-30 23:00:00,3238.7927,3666.773,4746.278,3375.4204,3996.7344
2007-10-31 00:00:00,3238.7927,3666.773,4746.278,3375.4204,3997.0786
2007-10-31 01:00:00,3238.7927,3666.773,4746.278,3375.4204,3997.0786
2007-10-31 02:00:00,3238.7927,3666.773,4746.278,3375.4204,3997.0786
2007-10-31 03:00:00,3238.7927,3666.773,4746.278,3375.4204,3997.0786
2007-10-31 04:00:00,3238.7927,3667.1833,4746.278,3375.4841,3997.167
2007-10-31 05:00:00,3239.5605,3667.9607,4746.278,3376.0908,3997.4705
2007-10-31 06:00:00,3241.387,3669.7004,4747.0483,3377.1572,3998.1833
2007-10-31 07:00:00,3244.4282,3671.4377,4754.0234,3379.2417,3999.2388
2007-10-31 08:00:00,3247.8123,3672.863,4757.3345,3381.7405,4000.3022
2007-10-31 09:00:00,3249.5264,3673.816,4757.743,3382.446,4001.015
2007-10-31 10:00:00,3249.9788,3675.3938,4758.1074,3383.9075,4003.6343
2007-10-31 11:00:00,3250.5627,3678.818,4761.741,3386.5134,4010.9832
2007-10-31 12:00:00,3251.776,3681.7966,4767.865,3391.9814,4017.1824
2007-10-31 13:00:00,3254.32,3685.946,4775.171,3397.923,4025.3135
2007-10-31 14:00:00,3256.6086,3689.4219,4782.3857,3404.2588,4030.0076
2007-10-31 15:00:00,3258.232,3693.44,4787.6353,3410.1096,4034.1064
2007-10-31 16:00:00,3259.6174,3698.158,4792.813,3413.2476,4038.281
2007-10-31 17:00:00,3261.2666,3702.5935,4798.3105,3414.7205,4042.5754
2007-10-31 18:00:00,3263.1367,3706.535,4802.197,3416.285,4046.8374
2007-10-31 19:00:00,3265.0361,3710.9958,4803.088,3417.457,4049.7654
2007-10-31 20:00:00,3266.2517,3712.3691,4805.032,3419.5913,4051.075
2007-10-31 21:00:00,3267.163,3715.8042,4805.463,3421.477,4051.2908
2007-10-31 22:00:00,3267.163,3719.2446,4805.5596,3422.6519,4051.6926
2007-10-31 23:00:00,3267.163,3719.635,4805.5693,3422.654,4051.733
2007-11-01 00:00:00,3267.163,3719.7278,4805.5757,3422.733,4051.782
2007-11-01 01:00:00,3267.163,3719.8801,4805.5864,3422.8176,4051.8655
2007-11-01 02:00:00,3267.163,3719.8918,4805.5864,3422.8352,4051.8655
2007-11-01 03:00:00,3267.2212,3719.8972,4806.954,3422.8352,4052.3308
2007-11-01 04:00:00,3267.3037,3720.3423,4807.493,3423.1948,4052.5735
2007-11-01 05:00:00,3267.3374,3720.3972,4807.571,3423.1948,4052.5735
2007-11-01 06:00:00,3267.3684,3720.4082,4808.836,3423.1948,4052.699
2007-11-01 07:00:00,3267.505,3720.657,4808.836,3423.1948,4052.8054
2007-11-01 08:00:00,3267.505,3720.657,4808.9375,3423.1948,4052.8054
2007-11-01 09:00:00,3267.505,3720.657,4808.9375,3423.1948,4052.8054
2007-11-01 10:00:00,3267.9253,3720.657,4808.9375,3423.1948,4053.035
2007-11-01 11:00:00,3267.9646,3720.657,4808.9375,3423.1948,4053.1528
2007-11-01 12:00:00,3268.2512,3720.6956,4809.4053,3423.1948,4053.4224
2007-11-01 13:00:00,3268.3386,3720.742,4809.6265,3423.3364,4054.4185
2007-11-01 14:00:00,3268.5513,3720.742,4809.6265,3423.3364,4054.884
2007-11-01 15:00:00,3268.6309,3720.742,4809.6265,3423.3364,4055.0017
2007-11-01 16:00:00,3268.6309,3720.742,4809.6387,3423.3364,4055.045
2007-11-01 17:00:00,3268.6309,3720.742,4809.6387,3423.3364,4055.06
2007-11-01 18:00:00,3268.6309,3720.742,4809.6387,3423.3364,4055.7454
2007-11-01 19:00:00,3268.6406,3720.742,4809.6387,3423.3364,4056.073
2007-11-01 20:00:00,3268.6704,3720.742,4809.6875,3423.3364,4056.3167
2007-11-01 21:00:00,3268.7012,3720.742,4809.8687,3423.3364,4056.3223
2007-11-01 22:00:00,3268.7012,3720.742,4809.955,3423.3364,4056.3223
2007-11-01 23:00:00,3268.7012,3720.742,4809.967,3423.3364,4056.3223
2007-11-02 00:00:00,3268.7012,3720.742,4809.967,3423.3364,4056.3223
2007-11-02 01:00:00,3268.7012,3720.742,4809.967,3423.3364,4056.3223
2007-11-02 02:00:00,3268.7012,3720.742,4809.967,3423.3364,4056.3223
2007-11-02 03:00:00,3268.7012,3720.742,4809.967,3423.3364,4056.3223
2007-11-02 04:00:00,3268.7012,3720.742,4809.967,3423.3364,4056.3223
2007-11-02 05:00:00,3268.7012,3720.742,4809.967,3423.3364,4056.3223
2007-11-02 06:00:00,3268.7012,3720.742,4809.967,3423.3364,4056.3223
2007-11-02 07:00:00,3268.7012,3720.742,4809.967,3423.3364,4056.3223
2007-11-02 08:00:00,3268.7012,3720.742,4809.967,3423.3364,4056.3223
2007-11-02 09:00:00,3268.7012,3720.742,4809.967,3423.3364,4056.3223
2007-11-02 10:00:00,3268.7012,3720.742,4809.967,3423.3364,4056.3223
2007-11-02 11:00:00,3268.7012,3720.8242,4810.0723,3423.4148,4056.3718
2007-11-02 12:00:00,3268.9065,3720.858,4810.8643,3423.834,4056.3718
2007-11-02 13:00:00,3269.58,3720.9004,4814.44,3424.2961,4056.4983
2007-11-02 14:00:00,3272.2146,3721.8147,4820.06,3425.4607,4057.1643
2007-11-02 15:00:00,3275.82,3723.4429,4821.535,3426.8801,4058.8247
2007-11-02 16:00:00,3277.356,3725.9397,4822.105,3428.2148,4059.7087
2007-11-02 17:00:00,3277.6404,3728.4963,4822.8384,3429.75,4061.3813
2007-11-02 18:00:00,3278.592,3730.3726,4826.055,3432.7751,4064.0244
2007-11-02 19:00:00,3280.1372,3732.418,4831.758,3436.8218,4067.0735
2007-11-02 20:00:00,3282.7344,3735.2053,4840.375,3440.9023,4070.7278
2007-11-02 21:00:00,3285.716,3738.0486,4847.181,3444.1953,4073.4197
2007-11-02 22:00:00,3287.5608,3740.4204,4849.0386,3445.9282,4075.207
2007-11-02 23:00:00,3288.0767,3740.6836,4849.0483,3446.0813,4075.253
2007-11-03 00:00:00,3288.1143,3740.7646,4849.0586,3446.1387,4075.3657
2007-11-03 01:00:00,3288.2095,3740.8472,4849.0586,3446.4702,4075.604
2007-11-03 02:00:00,3288.8218,3740.911,4851.037,3447.3374,4076.063
2007-11-03 03:00:00,3290.2063,3741.8623,4853.197,3448.898,4076.8984
2007-11-03 04:00:00,3290.9226,3744.7036,4855.9033,3450.8103,4078.7493
2007-11-03 05:00:00,3292.1318,3746.8174,4860.3647,3452.7246,4079.7239
2007-11-03 06:00:00,3293.0154,3747.7236,4861.5444,3453.5098,4079.9553
2007-11-03 07:00:00,3293.953,3747.7754,4862.1025,3453.605,4079.979
2007-11-03 08:00:00,3294.227,3747.8142,4862.2236,3453.7646,4079.979
2007-11-03 09:00:00,3294.2617,3747.8325,4863.3438,3453.7832,4079.9849
2007-11-03 10:00:00,3294.2617,3747.9043,4863.475,3453.7832,4080.0283
2007-11-03 11:00:00,3294.2659,3747.909,4863.7324,3453.7832,4081.131
2007-11-03 12:00:00,3295.622,3748.4067,4863.911,3453.9631,4082.2297
2007-11-03 13:00:00,3295.6262,3748.4895,4863.911,3454.0085,4082.29
2007-11-03 14:00:00,3295.651,3748.4895,4864.0737,3454.0247,4082.3416
2007-11-03 15:00:00,3295.8816,3748.6038,4864.446,3454.236,4083.207
2007-11-03 16:00:00,3295.9355,3748.6824,4865.2207,3454.3245,4084.4153
2007-11-03 17:00:00,3295.9355,3748.9087,4866.8286,3454.382,4084.6743
2007-11-03 18:00:00,3296.269,3749.004,4867.5254,3454.3914,4084.9019
2007-11-03 19:00:00,3296.269,3749.1104,4868.116,3454.4229,4085.9546
2007-11-03 20:00:00,3296.269,3749.1104,4868.169,3454.4287,4086.229
2007-11-03 21:00:00,3296.269,3749.1116,4868.222,3454.5635,4086.2996
2007-11-03 22:00:00,3296.269,3749.1206,4868.222,3454.5635,4086.3472
2007-11-03 23:00:00,3296.269,3749.1206,4868.222,3454.5635,4086.3472
2007-11-04 00:00:00,3296.269,3749.1206,4868.222,3454.5635,4086.3472
2007-11-04 01:00:00,3296.269,3749.1206,4868.2617,3454.5635,4086.3472
2007-11-04 02:00:00,3296.269,3749.1206,4868.289,3454.5635,4086.3472
2007-11-04 03:00:00,3296.269,3749.1206,4868.289,3454.5635,4086.3472
2007-11-04 04:00:00,3296.269,3749.1206,4868.4595,3454.5635,4086.3472
2007-11-04 05:00:00,3296.269,3749.1206,4868.5728,3454.5635,4086.3472
2007-11-04 06:00:00,3296.269,3749.1206,4868.5728,3454.5635,4086.3472
2007-11-04 07:00:00,3296.269,3749.1206,4868.5728,3454.5635,4086.3472
2007-11-04 08:00:00,3296.269,3749.1206,4868.5728,3454.5635,4086.3472
2007-11-04 09:00:00,3296.269,3749.1206,4868.5728,3454.5635,4086.3472
2007-11-04 10:00:00,3296.269,3749.1206,4868.5728,3454.5635,4086.3472
2007-11-04 11:00:00,3296.269,3749.1206,4868.5728,3454.5635,4086.3472
2007-11-04 12:00:00,3296.269,3749.1206,4868.5728,3454.5635,4086.3472
2007-11-04 13:00:00,3296.269,3749.1206,4868.5728,3454.5635,4086.3472
2007-11-04 14:00:00,3296.269,3749.1206,4868.5728,3454.5635,4086.3472
2007-11-04 15:00:00,3296.269,3749.1206,4868.5728,3454.5635,4086.3472
2007-11-04 16:00:00,3296.269,3749.1206,4868.5728,3454.5635,4086.3472
2007-11-04 17:00:00,3296.269,3749.1206,4868.5728,3454.5635,4086.3472
2007-11-04 18:00:00,3296.269,3749.1206,4868.5728,3454.5635,4086.3472
2007-11-04 19:00:00,3296.269,3749.1206,4868.5728,3454.5635,4086.3472
2007-11-04 20:00:00,3296.269,3749.1206,4868.5728,3454.5635,4086.3472
2007-11-04 21:00:00,3296.269,3749.1206,4868.5728,3454.5635,4086.3472
2007-11-04 22:00:00,3296.269,3749.1206,4868.5728,3454.5635,4086.3472
2007-11-04 23:00:00,3296.269,3749.1206,4868.5728,3454.5635,4086.3472
2007-11-05 00:00:00,3296.269,3749.1206,4868.5728,3454.5635,4086.3472
2007-11-05 01:00:00,3296.269,3749.1206,4868.5728,3454.5635,4086.3472
2007-11-05 02:00:00,3296.269,3749.1206,4868.5728,3454.5635,4086.3472
2007-11-05 03:00:00,3296.269,3749.1863,4868.5728,3454.5635,4086.3472
2007-11-05 04:00:00,3296.269,3749.3252,4868.6616,3454.5635,4086.5378
2007-11-05 05:00:00,3296.3333,3750.5576,4869.279,3455.025,4086.8943
2007-11-05 06:00:00,3296.518,3751.845,4870.6763,3455.7097,4087.1807
2007-11-05 07:00:00,3296.7417,3753.3252,4872.3467,3456.1946,4087.5168
2007-11-05 08:00:00,3297.4417,3755.213,4874.4893,3456.639,4088.0542
2007-11-05 09:00:00,3298.237,3757.347,4878.0454,3457.064,4088.9485
2007-11-05 10:00:00,3299.9524,3760.0684,4883.3516,3458.6145,4090.0654
2007-11-05 11:00:00,3302.245,3762.3157,4885.6753,3460.9624,4090.7727
2007-11-05 12:00:00,3303.856,3764.9216,4887.126,3463.9214,4091.581
2007-11-05 13:00:00,3305.4744,3768.4575,4888.853,3466.2957,4092.4988
2007-11-05 14:00:00,3308.1704,3771.8252,4890.7275,3467.7937,4093.2446
2007-11-05 15:00:00,3310.941,3777.0964,4894.769,3471.954,4096.36
2007-11-05 16:00:00,3314.0325,3779.2957,4895.4766,3475.082,4098.778
2007-11-05 17:00:00,3314.403,3779.3633,4896.342,3475.6216,4099.6074
2007-11-05 18:00:00,3314.403,3779.796,4897.3306,3475.6216,4100.932
2007-11-05 19:00:00,3314.403,3780.738,4899.333,3475.715,4102.024
2007-11-05 20:00:00,3314.403,3780.8071,4899.448,3475.715,4102.024
2007-11-05 21:00:00,3314.403,3781.001,4900.531,3475.715,4103.006
2007-11-05 22:00:00,3314.403,3781.0845,4901.1484,3475.7485,4103.2593
2007-11-05 23:00:00,3314.4292,3781.1282,4901.4907,3475.7485,4103.3066
2007-11-06 00:00:00,3314.7715,3781.2502,4902.7124,3475.8623,4105.1924
2007-11-06 01:00:00,3314.933,3781.3804,4903.24,3475.9324,4106.1504
2007-11-06 02:00:00,3315.6926,3781.9285,4904.1704,3476.3599,4107.627
2007-11-06 03:00:00,3316.1394,3782.149,4905.2554,3476.5295,4107.913
2007-11-06 04:00:00,3316.8354,3782.2651,4905.993,3476.563,4108.101
2007-11-06 05:00:00,3317.985,3782.3428,4907.783,3476.9644,4109.1543
2007-11-06 06:00:00,3318.8586,3784.2832,4909.772,3478.2854,4110.8774
2007-11-06 07:00:00,3320.073,3784.5935,4911.358,3478.6775,4111.212
2007-11-06 08:00:00,3321.3364,3784.5935,4911.707,3478.6775,4111.8594
2007-11-06 09:00:00,3322.7832,3784.7622,4912.791,3479.368,4111.9307
2007-11-06 10:00:00,3323.0542,3784.7622,4913.0303,3479.3726,4111.9307
2007-11-06 11:00:00,3323.5366,3784.7622,4913.0303,3479.4324,4112.029
2007-11-06 12:00:00,3323.8098,3784.7773,4913.411,3479.5037,4112.029
2007-11-06 13:00:00,3323.915,3784.7773,4913.8643,3479.7078,4112.029
2007-11-06 14:00:00,3324.1077,3784.7773,4913.8643,3479.9165,4112.029
2007-11-06 15:00:00,3324.1077,3784.7773,4913.8643,3479.9888,4112.165
2007-11-06 16:00:00,3324.1077,3784.8384,4913.9185,3480.0422,4112.391
2007-11-06 17:00:00,3324.1536,3784.8384,4913.9185,3480.073,4112.4727
2007-11-06 18:00:00,3324.3328,3785.293,4913.946,3480.2175,4112.753
2007-11-06 19:00:00,3325.113,3787.1802,4914.113,3481.165,4113.3403
2007-11-06 20:00:00,3326.3772,3790.2605,4914.355,3483.6243,4114.5894
2007-11-06 21:00:00,3327.6038,3793.2915,4915.4287,3486.0977,4117.9277
2007-11-06 22:00:00,3330.056,3796.5789,4916.3364,3489.0356,4122.217
2007-11-06 23:00:00,3333.1255,3800.1116,4919.0767,3492.574,4124.519
2007-11-07 00:00:00,3352.3662,3809.7263,4935.1416,3509.5112,4136.9526
2007-11-07 01:00:00,3335.1277,3800.4343,4920.156,3493.6953,4125.1216
2007-11-07 02:00:00,3337.848,3800.8643,4921.1187,3493.9954,4125.521
2007-11-07 03:00:00,3338.4736,3801.9368,4921.9424,3495.5361,4127.138
2007-11-07 04:00:00,3339.812,3802.518,4923.19,3497.067,4127.956
2007-11-07 05:00:00,3340.77,3802.748,4925.0327,3498.1296,4128.0957
2007-11-07 06:00:00,3341.6782,3802.9028,4925.2476,3499.929,4128.729
2007-11-07 07:00:00,3342.619,3803.8347,4926.313,3500.9536,4130.359
2007-11-07 08:00:00,3344.1,3805.79,4928.6055,3501.693,4131.773
2007-11-07 09:00:00,3346.456,3806.0066,4930.1406,3503.3967,4132.6196
2007-11-07 10:00:00,3347.6812,3806.5195,4930.802,3505.6084,4133.352
2007-11-07 11:00:00,3348.062,3806.9001,4931.889,3505.996,4133.466
2007-11-07 12:00:00,3350.2307,3807.6016,4934.545,3507.6763,4134.3125
2007-11-07 13:00:00,3352.277,3809.603,4935.0947,3509.4067,4135.7666
2007-11-07 14:00:00,3353.992,3810.8145,4936.121,3509.9697,4137.334
2007-11-07 15:00:00,3356.023,3810.8152,4936.131,3510.541,4137.334
2007-11-07 16:00:00,3357.0837,3810.9124,4936.131,3510.541,4139.8066
2007-11-07 17:00:00,3357.116,3813.204,4936.1577,3510.5793,4143.491
2007-11-07 18:00:00,3357.1265,3813.8044,4936.2026,3510.6184,4144.304
2007-11-07 19:00:00,3357.5159,3813.8262,4936.577,3510.949,4144.3296
2007-11-07 20:00:00,3357.7786,3813.8262,4936.577,3510.949,4144.3296
2007-11-07 21:00:00,3357.9746,3813.8262,4936.593,3510.949,4144.4644
2007-11-07 22:00:00,3357.9746,3813.8262,4936.6216,3510.949,4144.5654
2007-11-07 23:00:00,3357.982,3813.8262,4936.783,3510.949,4144.8853
2007-11-08 00:00:00,3358.009,3813.8262,4937.633,3510.949,4144.8853
2007-11-08 01:00:00,3358.009,3813.8262,4937.633,3510.949,4144.8853
2007-11-08 02:00:00,3358.009,3813.8262,4937.633,3510.949,4145.077
2007-11-08 03:00:00,3358.009,3813.8818,4937.633,3510.949,4145.743
2007-11-08 04:00:00,3358.009,3813.8818,4937.633,3510.98,4146.155
2007-11-08 05:00:00,3358.0645,3814.1753,4937.633,3511.0356,4146.5054
2007-11-08 06:00:00,3358.4473,3815.021,4937.633,3511.2363,4147.0386
2007-11-08 07:00:00,3358.802,3816.4255,4937.8223,3511.5085,4147.2764
2007-11-08 08:00:00,3359.7207,3818.1074,4938.575,3512.2812,4147.5513
2007-11-08 09:00:00,3361.0767,3819.1216,4939.458,3513.804,4147.68
2007-11-08 10:00:00,3362.0898,3820.3875,4941.2334,3515.1885,4147.981
2007-11-08 11:00:00,3363.3955,3823.065,4942.658,3517.3147,4148.6284
2007-11-08 12:00:00,3364.8933,3824.6387,4943.214,3518.9277,4150.007
2007-11-08 13:00:00,3367.1404,3827.337,4944.223,3522.171,4151.333
2007-11-08 14:00:00,3370.1804,3829.04,4946.8696,3524.0173,4152.554
2007-11-08 15:00:00,3370.6665,3829.6394,4948.551,3524.3987,4153.2695
2007-11-08 16:00:00,3370.8982,3829.8184,4948.67,3524.8503,4154.0635
2007-11-08 17:00:00,3371.213,3830.6252,4948.754,3525.82,4155.0483
2007-11-08 18:00:00,3371.6702,3830.7363,4948.754,3526.3777,4155.992
2007-11-08 19:00:00,3371.7485,3830.7393,4948.754,3526.4688,4156.221
2007-11-08 20:00:00,3371.7485,3830.7393,4948.788,3526.4688,4156.538
2007-11-08 21:00:00,3371.7898,3830.9475,4949.6064,3526.4688,4158.5737
2007-11-08 22:00:00,3372.1143,3831.3896,4949.9478,3526.5627,4161.234
2007-11-08 23:00:00,3372.2288,3831.715,4951.0137,3526.5952,4162.57
2007-11-09 00:00:00,3377.923,3833.6897,4956.7397,3529.6633,4171.6504
2007-11-09 01:00:00,3377.012,3833.2744,4955.3184,3528.858,4170.2075
2007-11-09 02:00:00,3379.3457,3835.577,4958.6694,3530.5596,4173.939
2007-11-09 03:00:00,3381.8179,3836.4417,4959.108,3531.3967,4174.424
2007-11-09 04:00:00,3384.114,3836.783,4959.288,3531.7217,4174.9365
2007-11-09 05:00:00,3384.1812,3837.644,4959.6553,3532.1304,4176.2373
2007-11-09 06:00:00,3384.7275,3837.9446,4960.794,3534.1814,4176.331
2007-11-09 07:00:00,3387.3945,3837.9446,4961.385,3534.2458,4176.675
2007-11-09 08:00:00,3387.9097,3838.2275,4962.3345,3535.111,4177.0586
2007-11-09 09:00:00,3389.5354,3838.464,4962.5195,3535.161,4177.408
2007-11-09 10:00:00,3390.332,3839.4663,4963.1226,3535.4346,4180.9253
2007-11-09 11:00:00,3391.1123,3840.5203,4964.0137,3535.7793,4181.853
2007-11-09 12:00:00,3391.262,3843.5952,4964.3604,3536.1985,4185.958
2007-11-09 13:00:00,3392.3147,3844.6511,4965.384,3537.5798,4186.5425
2007-11-09 14:00:00,3392.9663,3844.8633,4966.7217,3538.0405,4186.947
2007-11-09 15:00:00,3395.7717,3845.2458,4966.723,3538.277,4187.175
2007-11-09 16:00:00,3398.5134,3845.4492,4968.2856,3538.4685,4187.2104
2007-11-09 17:00:00,3399.7898,3846.3057,4969.2676,3538.7573,4188.7935
2007-11-09 18:00:00,3401.293,3847.1877,4971.7744,3539.7666,4189.5586
2007-11-09 19:00:00,3372.524,3831.8713,4951.467,3526.6775,4163.5396
2007-11-09 20:00:00,3373.0952,3832.16,4952.648,3527.064,4163.659
2007-11-09 21:00:00,3374.189,3832.3179,4953.442,3527.3005,4165.403
2007-11-09 22:00:00,3376.2014,3832.9844,4954.8345,3527.714,4167.881
2007-11-09 23:00:00,3376.9507,3833.2651,4955.2114,3528.7825,4167.953
2007-11-10 00:00:00,3427.3198,3858.602,4988.8228,3555.5132,4202.668
2007-11-10 01:00:00,3402.8096,3847.7388,4972.956,3541.3276,4190.168
2007-11-10 02:00:00,3403.366,3848.775,4975.018,3542.4407,4191.43
2007-11-10 03:00:00,3404.24,3851.525,4977.0483,3544.5833,4191.8804
2007-11-10 04:00:00,3406.2717,3852.1904,4978.309,3545.3003,4192.968
2007-11-10 05:00:00,3409.986,3852.4795,4983.237,3547.0095,4192.996
2007-11-10 06:00:00,3412.032,3854.7576,4983.357,3549.286,4195.525
2007-11-10 07:00:00,3414.9087,3854.994,4983.48,3549.375,4197.229
2007-11-10 08:00:00,3417.8098,3855.0066,4984.2646,3550.8152,4197.229
2007-11-10 09:00:00,3417.8845,3855.024,4985.816,3552.2717,4197.319
2007-11-10 10:00:00,3418.5146,3855.1516,4986.204,3552.4675,4198.173
2007-11-10 11:00:00,3419.885,3856.4546,4987.167,3553.199,4199.207
2007-11-10 12:00:00,3420.5842,3856.5964,4988.0435,3554.4268,4199.251
2007-11-10 13:00:00,3420.9265,3856.7554,4988.113,3554.9297,4199.3027
2007-11-10 14:00:00,3422.2627,3856.9585,4988.1636,3555.2253,4200.7524
2007-11-10 15:00:00,3423.0422,3858.2454,4988.179,3555.3892,4201.2134
2007-11-10 16:00:00,3424.2422,3858.2688,4988.577,3555.4736,4201.3276
2007-11-10 17:00:00,3425.2043,3858.316,4988.6367,3555.5132,4201.4106
2007-11-10 18:00:00,3426.6946,3858.427,4988.8228,3555.5132,4202.39
2007-11-10 19:00:00,3427.7268,3858.7024,4988.8228,3555.5132,4203.2124
2007-11-10 20:00:00,3427.7356,3858.7378,4988.8228,3555.5132,4203.376
2007-11-10 21:00:00,3427.7356,3858.7878,4990.8027,3555.8828,4203.6323
2007-11-10 22:00:00,3427.7463,3859.696,4992.372,3556.4927,4206.5786
2007-11-10 23:00:00,3427.765,3860.4724,4992.915,3556.9128,4208.1016
2007-11-11 00:00:00,3428.1313,3860.6746,4993.1196,3557.21,4208.5806
2007-11-11 01:00:00,3428.8257,3861.2883,4993.1196,3557.242,4209.29
2007-11-11 02:00:00,3429.5854,3862.2488,4993.427,3557.6077,4210.3955
2007-11-11 03:00:00,3429.7285,3862.418,4993.872,3557.6648,4212.345
2007-11-11 04:00:00,3430.3284,3863.0112,4994.732,3557.6648,4213.4473
2007-11-11 05:00:00,3430.3284,3863.7185,4996.797,3558.136,4214.095
2007-11-11 06:00:00,3430.4468,3863.8276,4998.1196,3558.1782,4214.7207
2007-11-11 07:00:00,3431.037,3865.1526,5001.1562,3559.0244,4216.5845
2007-11-11 08:00:00,3432.765,3865.447,5002.801,3559.5947,4217.3506
2007-11-11 09:00:00,3433.785,3867.537,5004.092,3560.906,4220.9946
2007-11-11 10:00:00,3434.6345,3868.5532,5005.0796,3562.6963,4222.677
2007-11-11 11:00:00,3435.6316,3868.6619,5005.3975,3563.1953,4224.4365
2007-11-11 12:00:00,3437.5315,3869.4434,5006.3667,3563.884,4225.894
2007-11-11 13:00:00,3439.5442,3870.0698,5007.315,3564.1897,4227.9824
2007-11-11 14:00:00,3441.357,3870.811,5007.9277,3564.5007,4229.1147
2007-11-11 15:00:00,3442.3716,3871.3562,5007.9277,3564.7905,4230.359
2007-11-11 16:00:00,3442.6472,3872.7095,5008.107,3564.916,4232.064
2007-11-11 17:00:00,3443.4446,3873.1323,5008.6323,3564.9766,4233.1963
2007-11-11 18:00:00,3445.186,3873.2869,5008.647,3565.0012,4233.234
2007-11-11 19:00:00,3446.9436,3873.8208,5009.3574,3565.6646,4233.3647
2007-11-11 20:00:00,3446.974,3873.8806,5009.358,3565.6646,4235.5273
2007-11-11 21:00:00,3446.974,3873.9268,5009.358,3565.6646,4236.6016
2007-11-11 22:00:00,3446.9744,3873.9268,5009.358,3565.6646,4236.7544
2007-11-11 23:00:00,3447.173,3873.9268,5009.3804,3565.6646,4236.7544
2007-11-12 00:00:00,3447.1863,3873.997,5013.671,3565.8362,4244.42
2007-11-12 01:00:00,3447.1863,3873.997,5013.5903,3565.8362,4243.9053
2007-11-12 02:00:00,3447.1863,3873.997,5013.671,3565.8533,4246.1304
2007-11-12 03:00:00,3447.1863,3873.997,5013.671,3565.8533,4246.1904
2007-11-12 04:00:00,3447.1863,3873.997,5013.699,3565.8533,4246.1904
2007-11-12 05:00:00,3447.1863,3873.997,5014.137,3565.8533,4246.234
2007-11-12 06:00:00,3447.1863,3873.997,5015.07,3565.8533,4246.7524
2007-11-12 07:00:00,3447.1863,3873.997,5015.2334,3565.8533,4247.012
2007-11-12 08:00:00,3447.1863,3873.997,5015.417,3565.8533,4247.1577
2007-11-12 09:00:00,3447.1863,3873.997,5015.4395,3565.8533,4248.1445
2007-11-12 10:00:00,3447.1863,3873.997,5015.878,3565.8533,4248.186
2007-11-12 11:00:00,3447.1863,3873.997,5015.878,3565.8533,4248.186
2007-11-12 12:00:00,3447.1863,3873.997,5015.878,3565.8533,4248.186
2007-11-12 13:00:00,3447.1863,3873.997,5015.878,3565.8533,4248.186
2007-11-12 14:00:00,3447.1863,3873.9268,5009.3804,3565.6646,4236.7544
2007-11-12 15:00:00,3447.1863,3873.9268,5009.3804,3565.6646,4237.1626
2007-11-12 16:00:00,3447.1863,3873.9268,5009.681,3565.6646,4237.5356
2007-11-12 17:00:00,3447.1863,3873.9268,5009.714,3565.6646,4238.375
2007-11-12 18:00:00,3447.1863,3873.9268,5009.822,3565.6646,4238.709
2007-11-12 19:00:00,3447.1863,3873.9268,5009.8813,3565.6646,4238.8706
2007-11-12 20:00:00,3447.1863,3873.9268,5009.8813,3565.6646,4239.008
2007-11-12 21:00:00,3447.1863,3873.9268,5010.328,3565.6646,4240.123
2007-11-12 22:00:00,3447.1863,3873.9268,5012.2847,3565.6646,4240.9517
2007-11-12 23:00:00,3447.1863,3873.997,5013.523,3565.798,4242.5215
2007-11-13 00:00:00,3447.1863,3873.997,5015.878,3565.8533,4248.186
2007-11-13 01:00:00,3447.1863,3873.997,5015.878,3565.8533,4248.186
2007-11-13 02:00:00,3447.1863,3873.997,5015.878,3565.8533,4248.186
2007-11-13 03:00:00,3447.1863,3873.997,5015.878,3565.8533,4248.186
2007-11-13 04:00:00,3447.1863,3873.997,5015.878,3565.8533,4248.186
2007-11-13 05:00:00,3447.1863,3873.997,5015.878,3565.8533,4248.186
2007-11-13 06:00:00,3447.1863,3873.997,5015.878,3565.8533,4248.186
2007-11-13 07:00:00,3447.1863,3873.997,5015.878,3565.8533,4248.186
2007-11-13 08:00:00,3447.1863,3873.997,5015.878,3565.8533,4248.186
2007-11-13 09:00:00,3447.1863,3873.997,5015.878,3565.8533,4248.186
2007-11-13 10:00:00,3447.1863,3873.997,5015.878,3565.8533,4248.186
2007-11-13 11:00:00,3447.1863,3873.997,5015.878,3565.8533,4248.186
2007-11-13 12:00:00,3447.1863,3873.997,5015.878,3565.8533,4248.186
2007-11-13 13:00:00,3447.1863,3873.997,5015.878,3565.8533,4248.186
2007-11-13 14:00:00,3447.1863,3873.997,5015.878,3565.8533,4248.186
2007-11-13 15:00:00,3447.1863,3873.997,5015.878,3565.8533,4248.186
2007-11-13 16:00:00,3447.1863,3873.997,5015.878,3565.8533,4248.186
2007-11-13 17:00:00,3447.1863,3873.997,5015.878,3565.8533,4248.186
2007-11-13 18:00:00,3447.1863,3873.997,5015.878,3565.8533,4248.186
2007-11-13 19:00:00,3447.1863,3873.997,5015.878,3565.8533,4248.186
2007-11-13 20:00:00,3447.1863,3873.997,5015.878,3565.8533,4248.186
2007-11-13 21:00:00,3447.1863,3873.997,5015.878,3565.8533,4248.186
2007-11-13 22:00:00,3447.1863,3873.997,5015.878,3565.8533,4248.186
2007-11-13 23:00:00,3447.1863,3873.997,5015.878,3565.8533,4248.186
2007-11-14 00:00:00,3447.1863,3873.997,5015.878,3565.8533,4248.186
2007-11-14 01:00:00,3447.1863,3873.997,5015.878,3565.8533,4248.186
2007-11-14 02:00:00,3447.1863,3873.997,5015.878,3565.8533,4248.186
2007-11-14 03:00:00,3447.1863,3873.997,5015.878,3565.8533,4248.186
2007-11-14 04:00:00,3447.1863,3873.997,5015.878,3565.8533,4248.186
2007-11-14 05:00:00,3447.1863,3873.997,5015.878,3565.8533,4248.186
2007-11-14 06:00:00,3447.1863,3873.997,5015.878,3565.8533,4248.186
2007-11-14 07:00:00,3447.1863,3873.997,5015.878,3565.8533,4248.186
2007-11-14 08:00:00,3447.1863,3873.997,5015.878,3565.8533,4248.186
2007-11-14 09:00:00,3447.1863,3873.997,5015.878,3565.8533,4248.186
2007-11-14 10:00:00,3447.1863,3873.997,5015.878,3565.8533,4248.186
2007-11-14 11:00:00,3447.1863,3873.997,5015.878,3565.8533,4248.186
2007-11-14 12:00:00,3447.1863,3873.997,5015.878,3565.8533,4248.186
2007-11-14 13:00:00,3447.1863,3873.997,5015.878,3565.8533,4248.186
2007-11-14 14:00:00,3447.1863,3873.997,5015.878,3565.8533,4248.186
2007-11-14 15:00:00,3447.1863,3873.997,5015.878,3565.8533,4248.186
2007-11-14 16:00:00,3447.1863,3873.997,5015.878,3565.8533,4248.186
2007-11-14 17:00:00,3447.1863,3873.997,5015.878,3565.8533,4248.186
2007-11-14 18:00:00,3447.1863,3873.997,5015.878,3565.8533,4248.186
2007-11-14 19:00:00,3447.1863,3873.997,5015.878,3565.8533,4248.186
2007-11-14 20:00:00,3447.1863,3873.997,5015.878,3565.8533,4248.186
2007-11-14 21:00:00,3447.1863,3873.997,5015.878,3565.8533,4248.186
2007-11-14 22:00:00,3447.1863,3873.997,5015.878,3565.8533,4248.186
2007-11-14 23:00:00,3447.1863,3873.997,5015.878,3565.8533,4248.186
2007-11-15 00:00:00,3447.9045,3875.0078,5016.07,3566.9614,4250.1006
2007-11-15 01:00:00,3447.899,3875.0078,5016.07,3566.9614,4250.1006
2007-11-15 02:00:00,3447.9045,3875.0078,5016.243,3566.9614,4250.1006
2007-11-15 03:00:00,3447.9045,3875.0078,5016.243,3566.9614,4250.1006
2007-11-15 04:00:00,3447.9045,3875.0078,5016.243,3566.9614,4250.1006
2007-11-15 05:00:00,3447.978,3875.3267,5016.243,3566.9614,4250.11
2007-11-15 06:00:00,3447.978,3875.3267,5016.243,3566.9702,4250.128
2007-11-15 07:00:00,3448.3076,3875.3267,5016.243,3566.9702,4250.421
2007-11-15 08:00:00,3448.653,3875.3267,5016.2515,3566.9702,4250.448
2007-11-15 09:00:00,3447.1863,3874.0195,5015.878,3565.8533,4248.2095
2007-11-15 10:00:00,3447.2085,3874.1113,5015.878,3565.9282,4248.2095
2007-11-15 11:00:00,3447.2085,3874.1353,5015.878,3565.932,4248.2476
2007-11-15 12:00:00,3447.2305,3874.215,5015.878,3566.201,4248.3667
2007-11-15 13:00:00,3447.351,3874.2957,5015.914,3566.39,4248.623
2007-11-15 14:00:00,3447.592,3874.3977,5015.914,3566.4773,4249.0366
2007-11-15 15:00:00,3447.592,3874.592,5015.914,3566.6875,4249.603
2007-11-15 16:00:00,3447.6262,3874.7463,5015.914,3566.8235,4249.6587
2007-11-15 17:00:00,3447.6262,3874.8386,5015.914,3566.9143,4249.935
2007-11-15 18:00:00,3447.7727,3875.0078,5015.914,3566.9614,4249.9995
2007-11-15 19:00:00,3447.8792,3875.0078,5015.914,3566.9614,4249.9995
2007-11-15 20:00:00,3447.8792,3875.0078,5015.914,3566.9614,4249.9995
2007-11-15 21:00:00,3447.8792,3875.0078,5015.914,3566.9614,4249.9995
2007-11-15 22:00:00,3447.8792,3875.0078,5016.0215,3566.9614,4250.017
2007-11-15 23:00:00,3447.8792,3875.0078,5016.07,3566.9614,4250.1006
2007-11-16 00:00:00,3448.659,3875.3267,5016.5474,3566.9702,4250.5757
2007-11-16 01:00:00,3448.751,3875.3318,5017.163,3567.0356,4251.5156
2007-11-16 02:00:00,3448.7542,3875.3604,5017.552,3567.0356,4251.831
2007-11-16 03:00:00,3448.9497,3875.3604,5017.907,3567.0415,4252.222
2007-11-16 04:00:00,3449.2449,3875.3604,5017.9653,3567.0415,4252.6533
2007-11-16 05:00:00,3449.8142,3875.396,5018.124,3567.0415,4253.299
2007-11-16 06:00:00,3449.906,3875.396,5018.124,3567.0415,4254.602
2007-11-16 07:00:00,3449.9517,3875.417,5018.124,3567.0415,4255.394
2007-11-16 08:00:00,3450.051,3875.417,5018.176,3567.0415,4255.394
2007-11-16 09:00:00,3450.062,3875.4404,5018.4097,3567.066,4255.6006
2007-11-16 10:00:00,3450.062,3875.4404,5018.7656,3567.1975,4255.644
2007-11-16 11:00:00,3450.062,3875.4404,5018.796,3567.1975,4255.79
2007-11-16 12:00:00,3450.062,3875.4404,5018.796,3567.1975,4255.79
2007-11-16 13:00:00,3450.062,3875.4404,5018.796,3567.1975,4255.8604
2007-11-16 14:00:00,3450.062,3875.4404,5018.796,3567.1975,4256.6455
2007-11-16 15:00:00,3450.062,3875.4404,5018.796,3567.1975,4256.6455
2007-11-16 16:00:00,3450.062,3875.4404,5018.796,3567.1975,4256.6455
2007-11-16 17:00:00,3450.062,3875.4404,5018.796,3567.1975,4256.846
2007-11-16 18:00:00,3450.062,3875.4404,5018.796,3567.1975,4257.0464
2007-11-16 19:00:00,3450.062,3875.4404,5018.796,3567.1975,4257.229
2007-11-16 20:00:00,3450.062,3875.4404,5018.796,3567.1975,4257.236
2007-11-16 21:00:00,3450.062,3875.4404,5018.796,3567.1975,4257.372
2007-11-16 22:00:00,3450.062,3875.5159,5018.796,3567.1975,4257.433
2007-11-16 23:00:00,3450.062,3875.6113,5018.796,3567.2134,4257.6357
2007-11-17 00:00:00,3450.729,3875.931,5018.796,3567.6743,4258.6875
2007-11-17 01:00:00,3450.2021,3875.783,5018.796,3567.3088,4257.8887
2007-11-17 02:00:00,3450.4707,3875.931,5018.796,3567.6614,4258.4106
2007-11-17 03:00:00,3450.729,3875.931,5018.796,3567.6743,4258.6875
2007-11-17 04:00:00,3450.729,3875.931,5018.796,3567.6743,4258.6875
2007-11-17 05:00:00,3450.729,3875.931,5018.796,3567.6743,4258.6875
2007-11-17 06:00:00,3450.729,3875.931,5018.796,3567.6743,4258.6875
2007-11-17 07:00:00,3450.729,3875.931,5018.796,3567.6934,4258.6875
2007-11-17 08:00:00,3450.729,3875.931,5018.796,3567.6934,4258.6875
2007-11-17 09:00:00,3450.729,3875.9592,5018.796,3567.6934,4258.6875
2007-11-17 10:00:00,3450.729,3875.9692,5018.796,3567.6934,4258.6875
2007-11-17 11:00:00,3450.729,3876.0256,5018.796,3567.6934,4258.6875
2007-11-17 12:00:00,3450.729,3876.0256,5018.796,3567.6934,4258.6875
2007-11-17 13:00:00,3450.729,3876.0256,5018.796,3567.6934,4258.6875
2007-11-17 14:00:00,3450.729,3876.0356,5018.796,3567.6934,4258.6875
2007-11-17 15:00:00,3450.729,3876.0908,5018.796,3567.6958,4258.6875
2007-11-17 16:00:00,3450.8179,3876.1982,5018.796,3567.8164,4258.6875
2007-11-17 17:00:00,3450.8179,3876.4087,5018.796,3567.8843,4258.6875
2007-11-17 18:00:00,3450.8545,3876.6785,5018.796,3567.965,4258.6875
2007-11-17 19:00:00,3450.8691,3876.7449,5018.796,3567.965,4258.6875
2007-11-17 20:00:00,3450.8691,3876.8157,5018.796,3567.965,4258.6875
2007-11-17 21:00:00,3450.8691,3877.0464,5018.796,3567.9783,4258.6875
2007-11-17 22:00:00,3450.8691,3877.263,5018.796,3567.9783,4258.6875
2007-11-17 23:00:00,3450.8691,3877.4377,5018.796,3567.9783,4258.6875
2007-11-18 00:00:00,3451.146,3877.9453,5018.796,3568.1597,4258.6875
2007-11-18 01:00:00,3451.146,3877.8745,5018.796,3568.1597,4258.6875
2007-11-18 02:00:00,3451.146,3877.9453,5018.796,3568.1597,4258.6875
2007-11-18 03:00:00,3451.146,3877.9453,5018.796,3568.1597,4258.6875
2007-11-18 04:00:00,3450.8691,3877.5664,5018.796,3567.9783,4258.6875
2007-11-18 05:00:00,3450.8691,3877.584,5018.796,3567.9783,4258.6875
2007-11-18 06:00:00,3450.8691,3877.584,5018.796,3567.9783,4258.6875
2007-11-18 07:00:00,3450.8691,3877.6157,5018.796,3567.9783,4258.6875
2007-11-18 08:00:00,3450.8691,3877.6392,5018.796,3567.9783,4258.6875
2007-11-18 09:00:00,3450.8691,3877.6611,5018.796,3567.9783,4258.6875
2007-11-18 10:00:00,3450.8691,3877.6611,5018.796,3567.9783,4258.6875
2007-11-18 11:00:00,3450.8691,3877.6611,5018.796,3567.9783,4258.6875
2007-11-18 12:00:00,3450.8691,3877.7012,5018.796,3567.9783,4258.6875
2007-11-18 13:00:00,3451.1016,3877.7012,5018.796,3567.9783,4258.6875
2007-11-18 14:00:00,3451.1016,3877.7012,5018.796,3567.9783,4258.6875
2007-11-18 15:00:00,3451.1016,3877.7012,5018.796,3567.9783,4258.6875
2007-11-18 16:00:00,3451.1016,3877.7083,5018.796,3567.9783,4258.6875
2007-11-18 17:00:00,3451.1016,3877.7112,5018.796,3567.9783,4258.6875
2007-11-18 18:00:00,3451.1016,3877.733,5018.796,3568.004,4258.6875
2007-11-18 19:00:00,3451.1016,3877.8457,5018.796,3568.0537,4258.6875
2007-11-18 20:00:00,3451.146,3877.8708,5018.796,3568.0696,4258.6875
2007-11-18 21:00:00,3451.146,3877.8745,5018.796,3568.074,4258.6875
2007-11-18 22:00:00,3451.146,3877.8745,5018.796,3568.1597,4258.6875
2007-11-18 23:00:00,3451.146,3877.8745,5018.796,3568.1597,4258.6875
2007-11-19 00:00:00,3451.146,3877.9453,5018.796,3568.1597,4258.6875
2007-11-19 01:00:00,3451.146,3877.9453,5018.796,3568.1597,4258.6875
2007-11-19 02:00:00,3451.146,3877.9453,5018.796,3568.1597,4258.6875
2007-11-19 03:00:00,3451.146,3877.9453,5018.796,3568.1597,4258.6875
2007-11-19 04:00:00,3451.146,3877.9453,5018.796,3568.1597,4258.6875
2007-11-19 05:00:00,3451.146,3877.9453,5018.796,3568.1597,4258.6875
2007-11-19 06:00:00,3451.146,3877.9453,5018.796,3568.1597,4258.6875
2007-11-19 07:00:00,3451.146,3877.9453,5018.796,3568.1597,4258.6875
2007-11-19 08:00:00,3451.146,3877.9453,5018.796,3568.1597,4258.6875
2007-11-19 09:00:00,3451.146,3877.9453,5018.796,3568.1597,4258.6875
2007-11-19 10:00:00,3451.146,3877.9453,5018.796,3568.1597,4258.6875
2007-11-19 11:00:00,3451.146,3877.9453,5018.796,3568.1597,4258.6875
2007-11-19 12:00:00,3451.146,3877.9453,5018.796,3568.1597,4258.6875
2007-11-19 13:00:00,3451.146,3877.9453,5018.796,3568.1597,4258.6875
2007-11-19 14:00:00,3451.146,3877.9453,5018.796,3568.1597,4258.6875
2007-11-19 15:00:00,3451.146,3877.9453,5018.796,3568.1597,4258.6875
2007-11-19 16:00:00,3451.146,3877.9453,5018.796,3568.1597,4258.6875
2007-11-19 17:00:00,3451.146,3877.9453,5018.796,3568.1597,4258.6875
2007-11-19 18:00:00,3451.146,3877.9453,5018.796,3568.1597,4258.6875
2007-11-19 19:00:00,3451.146,3877.9453,5018.796,3568.1597,4258.6875
2007-11-19 20:00:00,3451.146,3877.9453,5018.796,3568.1597,4258.6875
2007-11-19 21:00:00,3451.146,3877.9453,5018.796,3568.1597,4258.6875
2007-11-19 22:00:00,3451.146,3877.9453,5018.796,3568.1597,4258.6875
2007-11-19 23:00:00,3451.146,3877.9453,5018.796,3568.1597,4258.6875
2007-11-20 00:00:00,3451.146,3877.9453,5018.796,3568.1597,4258.6875
2007-11-20 01:00:00,3451.146,3877.9453,5018.796,3568.1597,4258.6875
2007-11-20 02:00:00,3451.146,3877.9453,5018.796,3568.1597,4258.6875
2007-11-20 03:00:00,3451.146,3877.9453,5018.796,3568.1597,4258.6875
2007-11-20 04:00:00,3451.146,3877.9453,5018.796,3568.1597,4258.6875
2007-11-20 05:00:00,3451.146,3877.9453,5018.796,3568.1597,4258.6875
2007-11-20 06:00:00,3451.146,3877.9453,5018.796,3568.1597,4258.6875
2007-11-20 07:00:00,3451.146,3877.9453,5018.796,3568.1597,4258.6875
2007-11-20 08:00:00,3451.146,3877.9453,5018.796,3568.1597,4258.6875
2007-11-20 09:00:00,3451.146,3877.9453,5018.796,3568.1597,4258.6875
2007-11-20 10:00:00,3451.146,3877.9453,5018.796,3568.1597,4258.6875
2007-11-20 11:00:00,3451.146,3877.9453,5018.796,3568.1597,4258.6875
2007-11-20 12:00:00,3451.146,3877.9453,5018.796,3568.1597,4258.6875
2007-11-20 13:00:00,3451.146,3877.9453,5018.796,3568.1597,4258.6875
2007-11-20 14:00:00,3451.146,3877.9453,5018.796,3568.1597,4258.6875
2007-11-20 15:00:00,3451.146,3877.9453,5018.796,3568.1597,4258.6875
2007-11-20 16:00:00,3451.146,3877.9453,5018.796,3568.1597,4258.6875
2007-11-20 17:00:00,3451.146,3877.9453,5018.796,3568.1597,4258.6875
2007-11-20 18:00:00,3451.146,3877.9453,5018.796,3568.1597,4258.6875
2007-11-20 19:00:00,3451.146,3877.9453,5018.796,3568.1597,4258.6875
2007-11-20 20:00:00,3451.146,3877.9453,5018.796,3568.1597,4258.6875
2007-11-20 21:00:00,3451.146,3877.9453,5018.796,3568.1597,4258.6875
2007-11-20 22:00:00,3451.146,3877.9453,5018.796,3568.1597,4258.6875
2007-11-20 23:00:00,3451.146,3877.9453,5018.796,3568.1597,4258.6875
2007-11-21 00:00:00,3451.146,3877.9453,5018.796,3568.1597,4258.6875
2007-11-21 01:00:00,3451.146,3877.9453,5018.796,3568.1597,4258.6875
2007-11-21 02:00:00,3451.146,3877.9453,5018.796,3568.1597,4258.6875
2007-11-21 03:00:00,3451.146,3877.9453,5018.796,3568.1597,4258.6875
2007-11-21 04:00:00,3451.146,3877.9453,5018.796,3568.1597,4258.6875
2007-11-21 05:00:00,3451.146,3877.9453,5018.796,3568.1597,4258.6875
2007-11-21 06:00:00,3451.146,3877.9453,5018.796,3568.1597,4258.6875
2007-11-21 07:00:00,3451.146,3877.9453,5018.796,3568.1597,4258.6875
2007-11-21 08:00:00,3451.146,3877.9453,5018.796,3568.1597,4258.6875
2007-11-21 09:00:00,3451.146,3877.9453,5018.796,3568.1597,4258.6875
2007-11-21 10:00:00,3451.146,3877.9453,5018.796,3568.1597,4258.6875
2007-11-21 11:00:00,3451.146,3877.9453,5018.796,3568.1597,4258.6875
2007-11-21 12:00:00,3451.146,3877.9453,5018.796,3568.1597,4258.6875
2007-11-21 13:00:00,3451.146,3877.9453,5018.796,3568.1597,4258.6875
2007-11-21 14:00:00,3451.146,3877.9453,5018.796,3568.1597,4258.6875
2007-11-21 15:00:00,3451.146,3877.9453,5018.8384,3568.1597,4258.7026
2007-11-21 16:00:00,3451.146,3877.9453,5019.182,3568.1597,4258.91
2007-11-21 17:00:00,3451.146,3877.9453,5019.454,3568.1597,4259.075
2007-11-21 18:00:00,3451.1885,3877.9924,5019.454,3568.405,4259.301
2007-11-21 19:00:00,3451.6152,3878.4583,5019.454,3569.3481,4259.6133
2007-11-21 20:00:00,3452.4517,3879.7437,5019.454,3570.4392,4260.097
2007-11-21 21:00:00,3453.808,3881.6685,5019.6006,3571.8774,4260.6895
2007-11-21 22:00:00,3455.478,3883.6055,5019.966,3573.4055,4261.212
2007-11-21 23:00:00,3457.04,3885.1528,5020.6465,3574.9192,4261.8555
2007-11-22 00:00:00,3459.6848,3887.5493,5022.07,3577.272,4263.263
2007-11-22 01:00:00,3459.1414,3887.28,5021.874,3577.0642,4263.2427
2007-11-22 02:00:00,3459.9229,3887.9053,5022.07,3577.5354,4263.263
2007-11-22 03:00:00,3460.206,3888.1443,5022.07,3577.7722,4263.263
2007-11-22 04:00:00,3460.4358,3888.6016,5022.07,3578.2341,4263.479
2007-11-22 05:00:00,3460.8083,3889.3306,5022.5913,3578.919,4264.4707
2007-11-22 06:00:00,3461.42,3889.7007,5023.5903,3579.7007,4265.391
2007-11-22 07:00:00,3461.7798,3889.7908,5023.8413,3579.8596,4265.458
2007-11-22 08:00:00,3461.9426,3889.7908,5023.8413,3579.8647,4265.458
2007-11-22 09:00:00,3461.9426,3889.8042,5023.8413,3579.8767,4265.492
2007-11-22 10:00:00,3461.9426,3889.839,5023.8945,3579.9673,4265.6206
2007-11-22 11:00:00,3462.191,3890.021,5024.1343,3580.9626,4265.6206
2007-11-22 12:00:00,3462.538,3890.341,5024.159,3581.1604,4265.6855
2007-11-22 13:00:00,3463.1282,3891.461,5026.071,3582.3206,4267.45
2007-11-22 14:00:00,3465.0864,3893.4812,5027.194,3584.5132,4268.4795
2007-11-22 15:00:00,3466.8635,3894.8022,5029.507,3585.7744,4271.1865
2007-11-22 16:00:00,3468.3691,3896.8435,5031.1445,3587.8528,4273.3486
2007-11-22 17:00:00,3470.1553,3898.479,5032.0825,3589.749,4274.5747
2007-11-22 18:00:00,3470.4258,3899.0737,5032.5703,3590.0842,4275.728
2007-11-22 19:00:00,3470.656,3899.4265,5032.8306,3590.193,4276.487
2007-11-22 20:00:00,3471.0623,3899.4653,5033.0664,3590.5215,4276.8545
2007-11-22 21:00:00,3471.3691,3899.4653,5033.2656,3590.7107,4277.2773
2007-11-22 22:00:00,3471.5789,3899.4653,5033.479,3590.7107,4277.868
2007-11-22 23:00:00,3458.296,3886.4802,5021.444,3576.1873,4262.593
2007-11-23 00:00:00,3472.704,3900.1438,5037.5234,3590.7646,4285.3726
2007-11-23 01:00:00,3471.7883,3899.4653,5033.4883,3590.7107,4278.227
2007-11-23 02:00:00,3472.0017,3899.4653,5033.5005,3590.7107,4279.5024
2007-11-23 03:00:00,3472.1157,3899.4653,5034.2866,3590.7107,4280.1313
2007-11-23 04:00:00,3472.2532,3899.5427,5034.3076,3590.7156,4280.1313
2007-11-23 05:00:00,3472.2532,3899.5427,5034.3076,3590.7156,4280.1313
2007-11-23 06:00:00,3472.272,3899.5427,5034.3076,3590.7156,4280.305
2007-11-23 07:00:00,3472.283,3899.5427,5034.3076,3590.7156,4280.363
2007-11-23 08:00:00,3472.283,3899.5427,5034.3076,3590.7156,4280.363
2007-11-23 09:00:00,3472.283,3899.5427,5034.857,3590.7156,4280.363
2007-11-23 10:00:00,3472.4075,3899.5532,5034.882,3590.7156,4280.363
2007-11-23 11:00:00,3472.6108,3899.7966,5035.8916,3590.7156,4281.0825
2007-11-23 12:00:00,3472.6108,3899.9016,5036.428,3590.7646,4281.0825
2007-11-23 13:00:00,3472.6108,3900.0276,5036.742,3590.7646,4283.5464
2007-11-23 14:00:00,3472.6108,3900.0586,5036.8403,3590.7646,4284.1436
2007-11-23 15:00:00,3472.938,3900.2837,5037.575,3590.7854,4287.3623
2007-11-23 16:00:00,3473.0693,3900.2837,5037.575,3590.8003,4287.933
2007-11-23 17:00:00,3473.0693,3900.2837,5037.6484,3590.8003,4287.933
2007-11-23 18:00:00,3473.0693,3900.2837,5037.6484,3590.8003,4287.933
2007-11-23 19:00:00,3473.0693,3900.2837,5037.6484,3590.8003,4287.933
2007-11-23 20:00:00,3473.0693,3900.2837,5037.6484,3590.8003,4287.933
2007-11-23 21:00:00,3473.0693,3900.2837,5037.6484,3590.8003,4287.933
2007-11-23 22:00:00,3473.0693,3900.2837,5037.6484,3590.8003,4287.933
2007-11-23 23:00:00,3473.0693,3900.2837,5037.6484,3590.8003,4287.933
2007-11-24 00:00:00,3473.0693,3900.2837,5037.6484,3590.8003,4287.933
2007-11-24 01:00:00,3473.0693,3900.2837,5037.6484,3590.8003,4287.933
2007-11-24 02:00:00,3473.0693,3900.2837,5037.6484,3590.8003,4287.933
2007-11-24 03:00:00,3473.0693,3900.2837,5037.6484,3590.8003,4288.0527
2007-11-24 04:00:00,3473.1423,3900.2837,5037.6484,3591.2227,4288.0947
2007-11-24 05:00:00,3473.39,3900.2837,5037.6484,3591.7488,4288.4346
2007-11-24 06:00:00,3473.9758,3900.4172,5037.6484,3592.6946,4288.6245
2007-11-24 07:00:00,3474.7966,3900.5884,5037.6484,3593.4407,4288.8276
2007-11-24 08:00:00,3475.7795,3900.5884,5037.6484,3594.0994,4289.122
2007-11-24 09:00:00,3476.841,3900.7007,5037.6484,3594.355,4289.2773
2007-11-24 10:00:00,3478.0967,3900.8645,5037.6484,3594.602,4289.2993
2007-11-24 11:00:00,3479.0698,3901.193,5037.6704,3594.8354,4290.219
2007-11-24 12:00:00,3480.617,3901.9592,5038.043,3596.3552,4291.214
2007-11-24 13:00:00,3483.4631,3902.459,5038.317,3599.172,4291.8164
2007-11-24 14:00:00,3486.5068,3902.7617,5038.7236,3600.6313,4292.189
2007-11-24 15:00:00,3488.0063,3902.9998,5039.596,3600.7593,4292.6055
2007-11-24 16:00:00,3488.1096,3903.0708,5039.9673,3600.7664,4293.146
2007-11-24 17:00:00,3488.1096,3903.1387,5040.7773,3600.7664,4293.929
2007-11-24 18:00:00,3488.1096,3903.2236,5040.7773,3600.7969,4294.305
2007-11-24 19:00:00,3488.1096,3903.288,5040.9014,3600.7969,4294.7183
2007-11-24 20:00:00,3488.1194,3905.2913,5041.254,3601.2004,4295.328
2007-11-24 21:00:00,3488.3457,3906.0764,5041.3735,3601.7117,4295.6157
2007-11-24 22:00:00,3488.7903,3906.2275,5041.453,3601.9023,4295.6353
2007-11-24 23:00:00,3488.904,3906.4758,5041.474,3601.9644,4295.6353
2007-11-25 00:00:00,3496.3896,3915.9243,5047.7646,3609.9104,4307.358
2007-11-25 01:00:00,3495.6099,3915.3027,5047.3413,3608.3416,4305.4893
2007-11-25 02:00:00,3497.2966,3918.1472,5048.017,3610.5398,4307.494
2007-11-25 03:00:00,3498.3396,3918.2292,5049.8594,3611.0618,4308.8315
2007-11-25 04:00:00,3500.8386,3918.4282,5050.112,3611.813,4308.8657
2007-11-25 05:00:00,3502.6487,3918.858,5051.088,3612.7283,4309.1216
2007-11-25 06:00:00,3504.007,3919.0972,5052.232,3613.5183,4309.2827
2007-11-25 07:00:00,3504.3494,3919.4543,5053.175,3614.0068,4309.44
2007-11-25 08:00:00,3505.7627,3919.6138,5053.272,3614.5383,4309.5083
2007-11-25 09:00:00,3506.4812,3920.3464,5055.1562,3615.2834,4309.9106
2007-11-25 10:00:00,3506.97,3922.1426,5058.7427,3617.7427,4310.0835
2007-11-25 11:00:00,3507.8215,3923.0054,5059.8804,3618.9521,4310.452
2007-11-25 12:00:00,3509.808,3924.225,5060.652,3619.4758,4311.398
2007-11-25 13:00:00,3511.183,3926.7888,5061.0376,3620.1924,4313.8125
2007-11-25 14:00:00,3512.4666,3927.0469,5061.6543,3620.5405,4314.082
2007-11-25 15:00:00,3514.4978,3927.6892,5062.601,3622.062,4315.244
2007-11-25 16:00:00,3516.2554,3928.4817,5062.947,3622.7583,4319.285
2007-11-25 17:00:00,3516.962,3929.4346,5064.0967,3623.3638,4321.5103
2007-11-25 18:00:00,3488.9814,3906.9165,5041.474,3601.9644,4295.7915
2007-11-25 19:00:00,3489.058,3907.8965,5041.8926,3601.9734,4296.569
2007-11-25 20:00:00,3489.4358,3908.3247,5042.3267,3602.4138,4296.681
2007-11-25 21:00:00,3489.7937,3909.5457,5043.734,3602.5935,4299.6836
2007-11-25 22:00:00,3491.824,3912.3916,5045.735,3604.4412,4303.689
2007-11-25 23:00:00,3494.1611,3914.831,5046.938,3606.77,4304.769
2007-11-26 00:00:00,3536.3406,3943.3003,5082.068,3636.6187,4337.929
2007-11-26 01:00:00,3516.9807,3930.8643,5065.9414,3625.5696,4321.9307
2007-11-26 02:00:00,3519.211,3931.2454,5068.169,3626.818,4321.98
2007-11-26 03:00:00,3520.6238,3932.1445,5069.794,3628.0361,4322.7407
2007-11-26 04:00:00,3523.0964,3935.032,5071.0425,3629.4463,4323.026
2007-11-26 05:00:00,3523.9573,3935.5317,5072.942,3631.219,4324.027
2007-11-26 06:00:00,3525.0706,3937.1516,5073.724,3632.5112,4324.1816
2007-11-26 07:00:00,3526.0847,3937.8289,5075.778,3633.9473,4325.8545
2007-11-26 08:00:00,3526.6096,3939.3853,5076.321,3634.5815,4327.1333
2007-11-26 09:00:00,3528.7039,3939.6646,5076.343,3635.1548,4328.2334
2007-11-26 10:00:00,3529.455,3939.7283,5076.425,3635.195,4329.226
2007-11-26 11:00:00,3530.291,3939.995,5077.5557,3635.7048,4330.5337
2007-11-26 12:00:00,3531.354,3940.1975,5077.76,3635.7417,4331.2983
2007-11-26 13:00:00,3531.817,3941.1973,5078.776,3635.9248,4331.6772
2007-11-26 14:00:00,3532.3276,3941.3115,5079.4165,3636.046,4333.513
2007-11-26 15:00:00,3533.4346,3941.5537,5079.525,3636.0916,4334.2505
2007-11-26 16:00:00,3534.8503,3941.601,5079.681,3636.1042,4334.9023
2007-11-26 17:00:00,3535.336,3942.093,5080.277,3636.1045,4336.5703
2007-11-26 18:00:00,3535.4204,3942.7937,5080.409,3636.3325,4337.002
2007-11-26 19:00:00,3535.686,3942.9712,5080.909,3636.3325,4337.713
2007-11-26 20:00:00,3536.3406,3943.3003,5082.068,3636.6187,4338.0186
2007-11-26 21:00:00,3536.3406,3943.3003,5082.068,3636.6187,4338.7114
2007-11-26 22:00:00,3536.389,3943.3003,5082.068,3636.6187,4338.9478
2007-11-26 23:00:00,3536.389,3943.3926,5083.1133,3636.6187,4339.008
2007-11-27 00:00:00,3536.5168,3943.4277,5083.684,3636.7239,4339.3555
2007-11-27 01:00:00,3536.5168,3943.4895,5083.684,3636.7239,4340.162
2007-11-27 02:00:00,3536.5532,3943.4895,5084.317,3636.8628,4340.771
2007-11-27 03:00:00,3536.6055,3943.5798,5084.982,3637.0825,4341.6226
2007-11-27 04:00:00,3536.6055,3943.9736,5085.744,3637.1763,4342.195
2007-11-27 05:00:00,3536.6055,3944.0615,5086.403,3637.3638,4342.6465
2007-11-27 06:00:00,3536.6055,3944.2185,5086.8096,3637.3638,4342.7085
2007-11-27 07:00:00,3536.6055,3944.3933,5087.2,3637.3638,4343.285
2007-11-27 08:00:00,3536.6055,3944.3933,5087.5874,3637.3638,4343.458
2007-11-27 09:00:00,3536.6055,3944.3933,5087.5874,3637.3638,4343.6626
2007-11-27 10:00:00,3536.6055,3944.3933,5087.5874,3637.3638,4343.6626
2007-11-27 11:00:00,3536.6055,3944.3933,5087.5874,3637.3638,4343.6626
2007-11-27 12:00:00,3536.6055,3944.3933,5087.5874,3637.3638,4343.6626
2007-11-27 13:00:00,3536.6055,3944.3933,5087.5874,3637.3638,4343.6626
2007-11-27 14:00:00,3536.6055,3944.3933,5087.5874,3637.3638,4343.6626
2007-11-27 15:00:00,3536.6055,3944.3933,5087.5874,3637.3638,4343.6626
2007-11-27 16:00:00,3536.6055,3944.5483,5087.5874,3637.3638,4343.6626
2007-11-27 17:00:00,3536.757,3944.7437,5087.5874,3637.5498,4343.6626
2007-11-27 18:00:00,3536.9783,3944.939,5087.5874,3637.7512,4343.6626
2007-11-27 19:00:00,3537.3005,3945.246,5087.5874,3638.1418,4343.734
2007-11-27 20:00:00,3537.6936,3945.5698,5087.5874,3638.535,4343.734
2007-11-27 21:00:00,3537.9888,3945.7388,5087.5874,3638.8293,4343.734
2007-11-27 22:00:00,3538.1963,3945.7388,5087.5874,3639.0369,4343.734
2007-11-27 23:00:00,3538.2031,3945.7388,5087.5874,3639.173,4343.734
2007-11-28 00:00:00,3548.3176,3958.0674,5105.652,3650.6667,4354.9126
2007-11-28 01:00:00,3547.9514,3957.495,5104.964,3649.904,4353.4023
2007-11-28 02:00:00,3549.2466,3959.1765,5108.2515,3652.1887,4356.5117
2007-11-28 03:00:00,3550.604,3959.653,5108.346,3653.016,4356.522
2007-11-28 04:00:00,3550.604,3959.773,5108.346,3653.4033,4356.705
2007-11-28 05:00:00,3550.604,3959.773,5108.346,3653.5088,4356.705
2007-11-28 06:00:00,3550.604,3959.8276,5108.346,3653.5088,4356.705
2007-11-28 07:00:00,3550.604,3959.8547,5108.346,3653.5088,4356.705
2007-11-28 08:00:00,3550.604,3959.9863,5108.346,3653.5671,4356.705
2007-11-28 09:00:00,3550.6196,3961.1702,5108.346,3654.3042,4356.917
2007-11-28 10:00:00,3551.4062,3961.7217,5108.475,3654.9731,4357.297
2007-11-28 11:00:00,3552.1199,3962.842,5108.5186,3655.237,4358.0806
2007-11-28 12:00:00,3552.6626,3963.8198,5109.366,3656.7803,4359.868
2007-11-28 13:00:00,3538.2031,3945.8027,5087.5874,3639.2336,4343.734
2007-11-28 14:00:00,3538.2036,3946.0981,5088.113,3639.5237,4343.734
2007-11-28 15:00:00,3538.4546,3946.43,5088.525,3639.9182,4343.734
2007-11-28 16:00:00,3538.9077,3946.8638,5088.525,3640.1821,4343.9004
2007-11-28 17:00:00,3539.2207,3947.922,5088.919,3640.8015,4344.3535
2007-11-28 18:00:00,3539.96,3949.7722,5091.935,3642.504,4345.7793
2007-11-28 19:00:00,3542.1265,3951.9404,5096.6533,3645.246,4346.906
2007-11-28 20:00:00,3544.268,3953.562,5098.8906,3646.898,4347.3823
2007-11-28 21:00:00,3545.8623,3955.4246,5101.344,3648.1194,4347.96
2007-11-28 22:00:00,3547.062,3956.8262,5102.1963,3649.117,4349.075
2007-11-28 23:00:00,3547.2898,3957.4692,5103.802,3649.6555,4351.6704
2007-11-29 00:00:00,3553.9175,3964.881,5110.1177,3657.8247,4360.654
2007-11-29 01:00:00,3555.135,3965.9412,5110.5537,3658.9575,4361.0303
2007-11-29 02:00:00,3556.1428,3966.8103,5110.9233,3660.1855,4361.699
2007-11-29 03:00:00,3557.3223,3967.7688,5111.411,3661.0679,4362.3755
2007-11-29 04:00:00,3558.1995,3968.3748,5111.79,3661.8643,4362.6694
2007-11-29 05:00:00,3559.016,3968.7144,5112.108,3662.4382,4362.9873
2007-11-29 06:00:00,3559.8313,3969.186,5112.4688,3662.8376,4363.452
2007-11-29 07:00:00,3560.5,3970.149,5112.841,3663.2146,4364.0244
2007-11-29 08:00:00,3561.3152,3970.8083,5113.0044,3663.7644,4364.486
2007-11-29 09:00:00,3561.8345,3971.2124,5113.3003,3663.984,4365.5737
2007-11-29 10:00:00,3561.882,3971.4185,5113.7095,3664.2183,4366.2817
2007-11-29 11:00:00,3561.882,3971.5847,5113.7227,3664.45,4367.228
2007-11-29 12:00:00,3562.0493,3971.6824,5113.7227,3664.5012,4367.681
2007-11-29 13:00:00,3562.3284,3971.6824,5113.832,3664.5422,4367.6836
2007-11-29 14:00:00,3562.3833,3971.6824,5113.832,3664.6978,4367.6836
2007-11-29 15:00:00,3562.3833,3971.6824,5113.832,3664.7869,4367.848
2007-11-29 16:00:00,3562.3833,3971.7842,5113.8477,3664.7869,4368.3687
2007-11-29 17:00:00,3562.3833,3972.6077,5113.862,3664.8179,4368.3687
2007-11-29 18:00:00,3562.435,3972.6077,5113.862,3664.8179,4368.3687
2007-11-29 19:00:00,3562.435,3972.6077,5113.862,3664.8179,4368.4297
2007-11-29 20:00:00,3562.4663,3972.6077,5113.862,3664.8179,4368.703
2007-11-29 21:00:00,3562.4663,3972.6077,5113.862,3664.8179,4368.758
2007-11-29 22:00:00,3562.4663,3972.6077,5113.862,3664.8179,4368.9097
2007-11-29 23:00:00,3562.4663,3972.6077,5113.862,3664.8179,4369.2334
2007-11-30 00:00:00,3562.4663,3972.6077,5113.862,3664.8179,4369.6914
2007-11-30 01:00:00,3562.4663,3972.6077,5113.862,3664.8179,4369.7
2007-11-30 02:00:00,3562.4663,3972.6077,5113.862,3664.8179,4370.08
2007-11-30 03:00:00,3562.4663,3972.6213,5113.862,3664.8179,4370.08
2007-11-30 04:00:00,3562.4663,3972.8408,5113.862,3664.8728,4370.3916
2007-11-30 05:00:00,3562.4963,3972.8408,5113.862,3664.8867,4370.3916
2007-11-30 06:00:00,3562.5034,3972.8408,5113.862,3664.8867,4370.3916
2007-11-30 07:00:00,3562.5034,3972.8408,5113.862,3664.8867,4370.3916
2007-11-30 08:00:00,3562.5034,3972.8408,5113.862,3664.8867,4370.3916
2007-11-30 09:00:00,3562.5034,3972.8408,5113.862,3664.8867,4370.3916
2007-11-30 10:00:00,3562.5034,3972.8408,5113.862,3664.8867,4370.3916
2007-11-30 11:00:00,3562.5034,3972.8408,5113.862,3664.8867,4370.3916
2007-11-30 12:00:00,3562.5034,3972.8408,5113.862,3664.8867,4370.3916
2007-11-30 13:00:00,3562.5034,3972.8408,5113.862,3664.8867,4370.3916
2007-11-30 14:00:00,3562.5034,3972.8408,5113.862,3664.8867,4370.3916
2007-11-30 15:00:00,3562.5034,3972.8408,5113.862,3664.8867,4370.3916
2007-11-30 16:00:00,3562.5034,3972.8408,5113.862,3664.8867,4370.3916
2007-11-30 17:00:00,3562.5034,3972.8408,5113.862,3664.8867,4370.3916
2007-11-30 18:00:00,3562.5034,3972.8408,5113.862,3664.8867,4370.3916
2007-11-30 19:00:00,3562.5034,3972.8408,5113.862,3664.8867,4370.3916
2007-11-30 20:00:00,3562.5308,3972.8408,5113.862,3664.8867,4370.3916
2007-11-30 21:00:00,3562.5308,3972.8408,5113.862,3664.8867,4370.3916
2007-11-30 22:00:00,3562.662,3972.8408,5113.862,3664.8867,4370.519
2007-11-30 23:00:00,3563.2578,3972.8408,5113.862,3664.966,4370.955
2007-12-01 00:00:00,3577.475,3981.3079,5115.0625,3680.7278,4378.047
2007-12-01 01:00:00,3577.3767,3981.3079,5115.0093,3680.421,4377.9097
2007-12-01 02:00:00,3578.336,3981.7249,5115.7744,3681.135,4378.8164
2007-12-01 03:00:00,3579.7078,3982.6443,5116.9033,3681.834,4380.712
2007-12-01 04:00:00,3580.5195,3983.3115,5118.207,3682.4614,4382.3916
2007-12-01 05:00:00,3580.7163,3983.6755,5118.8906,3682.736,4383.771
2007-12-01 06:00:00,3580.8494,3983.933,5119.3384,3682.736,4384.8306
2007-12-01 07:00:00,3581.1506,3984.364,5119.635,3682.7979,4385.614
2007-12-01 08:00:00,3563.865,3973.2578,5113.862,3665.487,4372.0156
2007-12-01 09:00:00,3564.686,3973.6377,5113.9976,3666.6162,4372.789
2007-12-01 10:00:00,3565.565,3973.8574,5114.215,3667.804,4372.924
2007-12-01 11:00:00,3566.0764,3973.8853,5114.215,3668.1975,4372.924
2007-12-01 12:00:00,3566.3792,3973.8853,5114.215,3668.3909,4372.924
2007-12-01 13:00:00,3567.2876,3974.0737,5114.215,3668.8203,4373.2773
2007-12-01 14:00:00,3568.3616,3974.7578,5114.4355,3669.7566,4373.9683
2007-12-01 15:00:00,3569.7273,3976.5515,5114.7686,3671.3948,4375.1343
2007-12-01 16:00:00,3571.3752,3977.7705,5115.0093,3672.2776,4375.912
2007-12-01 17:00:00,3572.4238,3978.3394,5115.0093,3672.8477,4376.6875
2007-12-01 18:00:00,3573.5496,3978.411,5115.0093,3673.6653,4377.073
2007-12-01 19:00:00,3574.6511,3978.598,5115.0093,3674.7957,4377.357
2007-12-01 20:00:00,3575.7058,3979.13,5115.0093,3676.1838,4377.357
2007-12-01 21:00:00,3576.5212,3980.0142,5115.0093,3678.4233,4377.5986
2007-12-01 22:00:00,3576.9922,3981.0886,5115.0093,3679.5989,4377.9097
2007-12-01 23:00:00,3577.19,3981.3079,5115.0093,3680.2676,4377.9097
2007-12-02 00:00:00,3581.4543,3984.5647,5120.146,3682.8767,4386.0938
2007-12-02 01:00:00,3581.8518,3984.7136,5120.4307,3682.9385,4386.58
2007-12-02 02:00:00,3582.3188,3984.7136,5120.8096,3682.9937,4386.58
2007-12-02 03:00:00,3582.5266,3984.898,5121.562,3682.9937,4386.8745
2007-12-02 04:00:00,3582.5654,3985.0864,5121.562,3682.998,4387.7646
2007-12-02 05:00:00,3582.5654,3985.3171,5121.562,3683.0059,4388.37
2007-12-02 06:00:00,3582.5654,3985.3171,5121.562,3683.0059,4388.4536
2007-12-02 07:00:00,3582.5654,3985.3171,5121.562,3683.0059,4388.4536
2007-12-02 08:00:00,3582.5654,3985.3171,5121.562,3683.0059,4388.4536
2007-12-02 09:00:00,3582.5654,3985.3171,5121.562,3683.0059,4388.4536
2007-12-02 10:00:00,3582.5654,3985.3171,5121.562,3683.0059,4388.4536
2007-12-02 11:00:00,3582.5654,3985.3171,5121.562,3683.0059,4388.4536
2007-12-02 12:00:00,3582.5654,3985.3171,5121.562,3683.0059,4388.4536
2007-12-02 13:00:00,3582.5654,3985.3171,5121.562,3683.0059,4388.4536
2007-12-02 14:00:00,3582.5654,3985.3171,5121.562,3683.0059,4388.4536
2007-12-02 15:00:00,3582.5654,3985.3171,5121.562,3683.0059,4388.4536
2007-12-02 16:00:00,3582.5654,3985.3171,5121.562,3683.0059,4388.4536
2007-12-02 17:00:00,3582.5654,3985.3171,5121.562,3683.0059,4388.4536
2007-12-02 18:00:00,3582.5654,3985.3171,5121.562,3683.0059,4388.4536
2007-12-02 19:00:00,3582.5654,3985.3171,5121.562,3683.0098,4388.4536
2007-12-02 20:00:00,3582.5654,3985.3171,5121.562,3683.3977,4388.4536
2007-12-02 21:00:00,3582.6401,3985.3171,5121.562,3683.8257,4388.4536
2007-12-02 22:00:00,3582.6401,3985.3171,5121.562,3684.238,4388.4536
2007-12-02 23:00:00,3582.6401,3985.3608,5121.562,3684.5051,4388.4536
2007-12-03 00:00:00,3582.6401,3985.3608,5121.562,3684.6484,4388.4536
2007-12-03 01:00:00,3582.6401,3985.3608,5121.562,3684.6484,4388.4536
2007-12-03 02:00:00,3582.6401,3985.3608,5121.562,3684.6484,4388.4536
2007-12-03 03:00:00,3582.6401,3985.3608,5121.562,3684.6484,4388.4536
2007-12-03 04:00:00,3582.6401,3985.3608,5121.562,3684.6484,4388.4536
2007-12-03 05:00:00,3582.6401,3985.3608,5121.562,3684.6484,4388.4536
2007-12-03 06:00:00,3582.6401,3985.3608,5121.562,3684.6484,4388.4536
2007-12-03 07:00:00,3582.6401,3985.3608,5121.562,3684.6484,4388.4536
2007-12-03 08:00:00,3582.6401,3985.3608,5121.562,3684.6484,4388.4536
2007-12-03 09:00:00,3582.6401,3985.3608,5121.562,3684.6484,4388.4536
2007-12-03 10:00:00,3582.6401,3985.3608,5121.562,3684.6484,4388.4536
2007-12-03 11:00:00,3582.6401,3985.3608,5121.562,3684.6484,4388.4536
2007-12-03 12:00:00,3582.6401,3985.3608,5121.562,3684.6484,4388.4536
2007-12-03 13:00:00,3582.6401,3985.3608,5121.562,3684.6484,4388.4536
2007-12-03 14:00:00,3582.6401,3985.3608,5121.562,3684.6484,4388.4536
2007-12-03 15:00:00,3582.6401,3985.3608,5121.562,3684.6484,4388.4536
2007-12-03 16:00:00,3582.6401,3985.3608,5121.562,3684.6484,4388.4536
2007-12-03 17:00:00,3582.6401,3985.3608,5121.562,3684.6484,4388.4536
2007-12-03 18:00:00,3582.6401,3985.3608,5121.562,3684.6484,4388.4536
2007-12-03 19:00:00,3582.6401,3985.3608,5121.562,3684.6484,4388.4536
2007-12-03 20:00:00,3582.6401,3985.3608,5121.562,3684.6484,4388.4536
2007-12-03 21:00:00,3582.6401,3985.3608,5121.562,3684.6484,4388.4536
2007-12-03 22:00:00,3582.6401,3985.3608,5121.562,3684.6484,4388.4536
2007-12-03 23:00:00,3582.6401,3985.3608,5121.562,3684.6484,4388.4536
2007-12-04 00:00:00,3584.9836,3988.7175,5121.562,3687.0344,4390.0366
2007-12-04 01:00:00,3584.5671,3987.7507,5121.562,3686.1582,4389.492
2007-12-04 02:00:00,3585.6433,3991.2798,5122.747,3688.899,4391.736
2007-12-04 03:00:00,3582.6401,3985.3608,5121.562,3684.6484,4388.4536
2007-12-04 04:00:00,3582.6401,3985.3608,5121.562,3684.6484,4388.4536
2007-12-04 05:00:00,3582.6401,3985.3865,5121.562,3684.6484,4388.531
2007-12-04 06:00:00,3582.6401,3985.3865,5121.562,3684.6484,4388.531
2007-12-04 07:00:00,3582.687,3985.3865,5121.562,3684.6484,4388.531
2007-12-04 08:00:00,3582.7026,3985.3865,5121.562,3684.6484,4388.531
2007-12-04 09:00:00,3582.7026,3985.3865,5121.562,3684.6484,4388.531
2007-12-04 10:00:00,3582.7026,3985.3865,5121.562,3684.6484,4388.531
2007-12-04 11:00:00,3582.7026,3985.3865,5121.562,3684.6484,4388.706
2007-12-04 12:00:00,3582.7026,3985.3865,5121.562,3684.6484,4388.9736
2007-12-04 13:00:00,3582.7026,3985.3865,5121.562,3684.6484,4388.9736
2007-12-04 14:00:00,3582.7026,3985.4058,5121.562,3684.6484,4389.226
2007-12-04 15:00:00,3582.7026,3985.4746,5121.562,3684.711,4389.226
2007-12-04 16:00:00,3582.7026,3985.4746,5121.562,3684.711,4389.226
2007-12-04 17:00:00,3582.7026,3985.4746,5121.562,3684.711,4389.226
2007-12-04 18:00:00,3582.7026,3985.4746,5121.562,3684.711,4389.226
2007-12-04 19:00:00,3582.7026,3985.494,5121.562,3684.711,4389.226
2007-12-04 20:00:00,3582.7026,3985.4949,5121.562,3684.711,4389.226
2007-12-04 21:00:00,3582.7026,3985.5098,5121.562,3684.711,4389.226
2007-12-04 22:00:00,3583.024,3986.2095,5121.562,3685.1858,4389.226
2007-12-04 23:00:00,3583.808,3986.981,5121.562,3685.6365,4389.226
2007-12-05 00:00:00,3587.9275,3993.2336,5125.804,3691.5947,4393.2935
2007-12-05 01:00:00,3590.683,3995.6177,5129.716,3693.927,4394.174
2007-12-05 02:00:00,3593.4185,3998.4827,5132.581,3696.0625,4395.186
2007-12-05 03:00:00,3595.717,4000.741,5137.343,3697.956,4396.1606
2007-12-05 04:00:00,3598.014,4004.167,5143.0215,3700.3545,4396.9316
2007-12-05 05:00:00,3601.2834,4006.4114,5148.133,3702.072,4397.8364
2007-12-05 06:00:00,3604.4856,4009.1428,5155.0776,3703.8708,4399.2344
2007-12-05 07:00:00,3607.8972,4011.5881,5157.059,3705.0044,4399.2344
2007-12-05 08:00:00,3609.1074,4012.8918,5157.611,3705.3362,4399.3115
2007-12-05 09:00:00,3610.4055,4016.7644,5159.7705,3707.5808,4400.0005
2007-12-05 10:00:00,3611.9207,4019.7483,5165.1465,3709.552,4400.9023
2007-12-05 11:00:00,3612.7153,4021.4817,5170.6587,3711.6655,4401.9927
2007-12-05 12:00:00,3613.8027,4023.5784,5175.182,3714.8472,4403.216
2007-12-05 13:00:00,3614.7358,4025.0999,5180.773,3717.398,4404.486
2007-12-05 14:00:00,3615.2373,4026.139,5185.172,3719.2974,4406.013
2007-12-05 15:00:00,3616.1162,4026.7075,5188.935,3720.9841,4406.66
2007-12-05 16:00:00,3616.716,4028.0188,5192.0454,3722.8682,4407.113
2007-12-05 17:00:00,3617.5767,4028.7727,5195.85,3723.717,4407.8594
2007-12-05 18:00:00,3618.0806,4029.9229,5198.371,3724.791,4408.3384
2007-12-05 19:00:00,3619.499,4031.3972,5200.1562,3725.8162,4409.084
2007-12-05 20:00:00,3619.8381,4031.5967,5201.6567,3726.0857,4409.3525
2007-12-05 21:00:00,3620.0164,4031.7422,5202.1636,3726.371,4409.444
2007-12-05 22:00:00,3620.4705,4032.3076,5202.4277,3726.8533,4409.547
2007-12-05 23:00:00,3620.703,4033.3496,5203.3413,3727.569,4409.9673
2007-12-06 00:00:00,3626.868,4041.2913,5210.257,3731.6057,4410.841
2007-12-06 01:00:00,3620.9062,4035.0264,5204.6543,3728.147,4410.0283
2007-12-06 02:00:00,3621.3013,4035.2583,5204.742,3728.372,4410.0654
2007-12-06 03:00:00,3621.3772,4035.7996,5204.8955,3728.5674,4410.2515
2007-12-06 04:00:00,3621.5308,4036.0647,5205.2085,3729.0244,4410.2847
2007-12-06 05:00:00,3621.8506,4036.8647,5205.453,3729.3132,4410.4478
2007-12-06 06:00:00,3623.0186,4037.2185,5206.678,3729.8408,4410.623
2007-12-06 07:00:00,3623.8625,4038.1057,5206.874,3730.1685,4410.737
2007-12-06 08:00:00,3624.0247,4038.3591,5207.4653,3730.4,4410.737
2007-12-06 09:00:00,3625.2188,4040.2092,5208.5986,3731.0073,4410.737
2007-12-06 10:00:00,3626.378,4041.1545,5209.955,3731.3086,4410.7397
2007-12-06 11:00:00,3626.9895,4041.4272,5210.2993,3731.6743,4411.1143
2007-12-06 12:00:00,3627.1245,4041.7153,5210.2993,3731.6743,4411.3926
2007-12-06 13:00:00,3627.4849,4041.8281,5211.294,3731.801,4411.8936
2007-12-06 14:00:00,3627.5073,4041.995,5211.303,3731.8198,4412.071
2007-12-06 15:00:00,3627.6885,4043.0159,5212.01,3732.2754,4413.8174
2007-12-06 16:00:00,3628.0693,4043.2542,5213.502,3732.593,4414.1646
2007-12-06 17:00:00,3628.1643,4043.4153,5214.241,3732.9739,4414.182
2007-12-06 18:00:00,3628.2327,4043.7393,5215.682,3733.5864,4414.296
2007-12-06 19:00:00,3628.267,4043.8555,5216.3403,3733.6611,4414.5474
2007-12-06 20:00:00,3628.267,4044.1758,5216.8213,3734.173,4414.5474
2007-12-06 21:00:00,3628.3643,4044.2383,5218.6167,3735.0996,4415.133
2007-12-06 22:00:00,3628.4822,4044.44,5218.864,3735.62,4415.133
2007-12-06 23:00:00,3628.4946,4044.44,5218.885,3735.62,4415.133
2007-12-07 00:00:00,3628.5093,4044.7466,5218.885,3735.629,4415.133
2007-12-07 01:00:00,3628.7256,4044.9463,5218.885,3736.0159,4415.133
2007-12-07 02:00:00,3628.8972,4045.0076,5218.885,3736.2422,4415.28
2007-12-07 03:00:00,3629.1484,4045.619,5218.885,3737.1814,4415.8843
2007-12-07 04:00:00,3630.0012,4046.9348,5218.885,3739.0562,4416.296
2007-12-07 05:00:00,3630.7832,4047.3123,5218.885,3739.457,4416.296
2007-12-07 06:00:00,3630.7925,4047.385,5218.885,3739.7405,4416.296
2007-12-07 07:00:00,3630.8684,4047.5696,5218.885,3739.878,4416.296
2007-12-07 08:00:00,3630.9233,4048.0227,5218.885,3739.9458,4416.296
2007-12-07 09:00:00,3630.9504,4048.3796,5218.885,3739.9458,4416.468
2007-12-07 10:00:00,3630.9504,4048.3975,5218.885,3739.9458,4416.5566
2007-12-07 11:00:00,3630.9504,4048.3975,5218.885,3739.9458,4416.5566
2007-12-07 12:00:00,3630.9504,4048.3975,5218.885,3739.9458,4416.5566
2007-12-07 13:00:00,3630.9504,4048.3975,5219.194,3739.9458,4416.5566
2007-12-07 14:00:00,3630.9504,4048.3975,5219.194,3739.9458,4416.6206
2007-12-07 15:00:00,3630.9504,4048.3975,5219.194,3739.9458,4416.6226
2007-12-07 16:00:00,3630.9504,4048.3975,5219.194,3739.9458,4416.6226
2007-12-07 17:00:00,3630.9504,4048.3975,5219.194,3739.9458,4416.6226
2007-12-07 18:00:00,3630.9504,4048.3975,5219.415,3739.9458,4416.6226
2007-12-07 19:00:00,3630.9504,4048.3975,5219.58,3739.9458,4416.693
2007-12-07 20:00:00,3630.9504,4048.3975,5219.58,3739.9458,4416.853
2007-12-07 21:00:00,3630.9504,4048.3975,5219.65,3739.9458,4417.3086
2007-12-07 22:00:00,3630.9504,4048.3975,5219.6763,3739.9458,4417.51
2007-12-07 23:00:00,3630.9504,4048.3975,5219.6763,3739.9458,4417.897
2007-12-08 00:00:00,3630.9504,4048.3975,5219.6763,3739.9458,4418.817
2007-12-08 01:00:00,3630.9504,4048.3975,5219.6763,3739.9458,4418.6216
2007-12-08 02:00:00,3630.9504,4048.3975,5219.6763,3739.9458,4419.0522
2007-12-08 03:00:00,3630.9504,4048.3975,5219.838,3739.9458,4419.152
2007-12-08 04:00:00,3630.9504,4048.3975,5219.838,3739.9458,4419.2344
2007-12-08 05:00:00,3630.9504,4048.3975,5219.838,3739.9458,4419.6587
2007-12-08 06:00:00,3630.9504,4048.3975,5220.278,3739.9458,4420.351
2007-12-08 07:00:00,3630.9504,4048.3975,5220.706,3739.9458,4420.447
2007-12-08 08:00:00,3630.9504,4048.3975,5221.491,3739.9458,4420.746
2007-12-08 09:00:00,3630.9504,4048.3975,5221.693,3739.9458,4420.8687
2007-12-08 10:00:00,3630.9504,4048.3975,5221.959,3739.9458,4422.161
2007-12-08 11:00:00,3630.9504,4048.437,5223.132,3739.9458,4423.393
2007-12-08 12:00:00,3630.9504,4048.437,5223.7036,3739.9458,4423.4155
2007-12-08 13:00:00,3630.9504,4048.437,5223.7363,3739.9458,4423.4155
2007-12-08 14:00:00,3630.9504,4048.437,5224.142,3739.9458,4423.4155
2007-12-08 15:00:00,3630.9504,4048.437,5224.2417,3739.9458,4423.4155
2007-12-08 16:00:00,3630.9504,4048.437,5224.2417,3739.9458,4423.4155
2007-12-08 17:00:00,3630.9504,4048.437,5224.2417,3739.9458,4423.4155
2007-12-08 18:00:00,3630.9504,4048.437,5224.2417,3739.9458,4423.4155
2007-12-08 19:00:00,3630.9504,4048.437,5224.2417,3739.9458,4423.4155
2007-12-08 20:00:00,3630.9504,4048.437,5224.2417,3739.9458,4423.4155
2007-12-08 21:00:00,3630.9504,4048.437,5224.2417,3739.9458,4423.4155
2007-12-08 22:00:00,3630.9504,4048.3975,5219.6763,3739.9458,4418.116
2007-12-08 23:00:00,3630.9504,4048.3975,5219.6763,3739.9458,4418.472
2007-12-09 00:00:00,3630.9504,4048.437,5224.2417,3739.9458,4423.4155
2007-12-09 01:00:00,3630.9504,4048.437,5224.2417,3739.9458,4423.4155
2007-12-09 02:00:00,3630.9504,4048.437,5224.2417,3739.9458,4423.4155
2007-12-09 03:00:00,3630.9504,4048.437,5224.2417,3739.9458,4423.4155
2007-12-09 04:00:00,3630.9504,4048.437,5224.2417,3739.9458,4423.4155
2007-12-09 05:00:00,3630.9504,4048.437,5224.2417,3739.9458,4423.4155
2007-12-09 06:00:00,3630.9504,4048.437,5224.2417,3739.9458,4423.4155
2007-12-09 07:00:00,3630.9504,4048.437,5224.2417,3739.9458,4423.4155
2007-12-09 08:00:00,3630.9504,4048.437,5224.2417,3739.9458,4423.4155
2007-12-09 09:00:00,3630.9504,4048.437,5224.2417,3739.9458,4423.4155
2007-12-09 10:00:00,3630.9504,4048.437,5224.2417,3739.9458,4423.4155
2007-12-09 11:00:00,3630.9504,4048.437,5224.2417,3739.9458,4423.4155
2007-12-09 12:00:00,3630.9504,4048.437,5224.2417,3739.9458,4423.4155
2007-12-09 13:00:00,3630.9504,4048.437,5224.2417,3739.9458,4423.4155
2007-12-09 14:00:00,3630.9504,4048.437,5224.2417,3739.9458,4423.4155
2007-12-09 15:00:00,3630.9504,4048.437,5224.2417,3739.9458,4423.4155
2007-12-09 16:00:00,3630.9504,4048.437,5224.2417,3739.9458,4423.4155
2007-12-09 17:00:00,3630.9504,4048.437,5224.2417,3739.9458,4423.4155
2007-12-09 18:00:00,3630.9504,4048.437,5224.2417,3739.9458,4423.4155
2007-12-09 19:00:00,3630.9504,4048.437,5224.2417,3739.9458,4423.4155
2007-12-09 20:00:00,3630.9504,4048.437,5224.2417,3739.9458,4423.4155
2007-12-09 21:00:00,3630.9504,4048.437,5224.2417,3739.9458,4423.4155
2007-12-09 22:00:00,3630.9504,4048.437,5224.2417,3739.9458,4423.4155
2007-12-09 23:00:00,3630.9504,4048.437,5224.2417,3739.9458,4423.4155
2007-12-10 00:00:00,3630.9504,4048.437,5224.2417,3739.9458,4423.4155
2007-12-10 01:00:00,3630.9504,4048.437,5224.2417,3739.9458,4423.4155
2007-12-10 02:00:00,3630.9504,4048.437,5224.2417,3739.9458,4423.4155
2007-12-10 03:00:00,3630.9504,4048.437,5224.2417,3739.9458,4423.4155
2007-12-10 04:00:00,3630.9504,4048.437,5224.2417,3739.9458,4423.4155
2007-12-10 05:00:00,3630.9504,4048.437,5224.2417,3739.9458,4423.4155
2007-12-10 06:00:00,3630.9504,4048.437,5224.2417,3739.9458,4423.4155
2007-12-10 07:00:00,3630.9504,4048.437,5224.2417,3739.9458,4423.4155
2007-12-10 08:00:00,3630.9504,4048.437,5224.2417,3739.9458,4423.4155
2007-12-10 09:00:00,3630.9504,4048.437,5224.2417,3739.9458,4423.4155
2007-12-10 10:00:00,3630.9504,4048.437,5224.2417,3739.9458,4423.4155
2007-12-10 11:00:00,3630.9504,4048.437,5224.2417,3739.9458,4423.4155
2007-12-10 12:00:00,3630.9504,4048.437,5224.2417,3739.9458,4423.4155
2007-12-10 13:00:00,3630.9504,4048.437,5224.2417,3739.9458,4423.4155
2007-12-10 14:00:00,3630.9504,4048.437,5224.2417,3739.9458,4423.4155
2007-12-10 15:00:00,3630.9504,4048.437,5224.2417,3739.9458,4423.4155
2007-12-10 16:00:00,3630.9504,4048.437,5224.2417,3739.9458,4423.4155
2007-12-10 17:00:00,3630.9504,4048.437,5224.2417,3739.9458,4423.4155
2007-12-10 18:00:00,3630.9504,4048.437,5224.2417,3739.9458,4423.4155
2007-12-10 19:00:00,3630.9504,4048.437,5224.2417,3739.9458,4423.4155
2007-12-10 20:00:00,3630.9504,4048.437,5224.2417,3739.9458,4423.4155
2007-12-10 21:00:00,3630.9504,4048.437,5224.2417,3739.9458,4423.4155
2007-12-10 22:00:00,3630.9504,4048.437,5224.2417,3739.9458,4423.4155
2007-12-10 23:00:00,3630.9504,4048.437,5224.2417,3739.9458,4423.4155
2007-12-11 00:00:00,3630.9504,4048.437,5224.2417,3739.9458,4423.4155
2007-12-11 01:00:00,3630.9504,4048.437,5224.2417,3739.9458,4423.4155
2007-12-11 02:00:00,3630.9504,4048.437,5224.2417,3739.9458,4423.4155
2007-12-11 03:00:00,3630.9504,4048.437,5224.2417,3739.9458,4423.4155
2007-12-11 04:00:00,3630.9504,4048.437,5224.2417,3739.9458,4423.4155
2007-12-11 05:00:00,3630.9504,4048.437,5224.2417,3739.9458,4423.4155
2007-12-11 06:00:00,3630.9504,4048.437,5224.2417,3739.9458,4423.4155
2007-12-11 07:00:00,3630.9504,4048.437,5224.2417,3739.9458,4423.4155
2007-12-11 08:00:00,3630.9504,4048.437,5224.2417,3739.9458,4423.4155
2007-12-11 09:00:00,3630.9504,4048.437,5224.2417,3739.9458,4423.4155
2007-12-11 10:00:00,3630.9504,4048.437,5224.2417,3739.9458,4423.4155
2007-12-11 11:00:00,3630.9504,4048.437,5224.2417,3739.9458,4423.4155
2007-12-11 12:00:00,3630.9504,4048.437,5224.2417,3739.9458,4423.4155
2007-12-11 13:00:00,3630.9504,4048.437,5224.2417,3739.9458,4423.4155
2007-12-11 14:00:00,3630.9504,4048.437,5224.2417,3739.9458,4423.4155
2007-12-11 15:00:00,3630.9504,4048.437,5224.2417,3739.9458,4423.4155
2007-12-11 16:00:00,3630.9504,4048.437,5224.2417,3739.9458,4423.4155
2007-12-11 17:00:00,3630.9504,4048.437,5224.2417,3739.9458,4423.4155
2007-12-11 18:00:00,3630.9504,4048.437,5224.2417,3739.9458,4423.4155
2007-12-11 19:00:00,3630.9504,4048.437,5224.2417,3739.9458,4423.4155
2007-12-11 20:00:00,3630.9504,4048.437,5224.2417,3739.9458,4423.4155
2007-12-11 21:00:00,3630.9504,4048.437,5224.2417,3739.9458,4423.4155
2007-12-11 22:00:00,3630.9504,4048.437,5224.2417,3739.9458,4423.4155
2007-12-11 23:00:00,3630.9504,4048.437,5224.2417,3739.9458,4423.4155
2007-12-12 00:00:00,3630.9504,4048.437,5224.2417,3739.9458,4423.4155
2007-12-12 01:00:00,3630.9504,4048.437,5224.2417,3739.9458,4423.4155
2007-12-12 02:00:00,3630.9504,4048.437,5224.2417,3739.9458,4423.4155
2007-12-12 03:00:00,3630.9504,4048.437,5224.2417,3739.9458,4423.4155
2007-12-12 04:00:00,3630.9504,4048.437,5224.2417,3739.9458,4423.4155
2007-12-12 05:00:00,3630.9504,4048.437,5224.2417,3739.9458,4423.4155
2007-12-12 06:00:00,3630.9504,4048.437,5224.2417,3739.9458,4423.4155
2007-12-12 07:00:00,3630.9504,4048.437,5224.2417,3739.9458,4423.4155
2007-12-12 08:00:00,3630.9504,4048.437,5224.2417,3739.9458,4423.4155
2007-12-12 09:00:00,3630.9504,4048.437,5224.2417,3739.9458,4423.4155
2007-12-12 10:00:00,3630.9504,4048.437,5224.2417,3739.9458,4423.4155
2007-12-12 11:00:00,3630.9504,4048.437,5224.2417,3739.9458,4423.4155
2007-12-12 12:00:00,3630.9504,4048.437,5224.2417,3739.9458,4423.4155
2007-12-12 13:00:00,3630.9504,4048.437,5224.2417,3739.9458,4423.4155
2007-12-12 14:00:00,3630.9504,4048.437,5224.2417,3739.9458,4423.4155
2007-12-12 15:00:00,3630.9504,4048.437,5224.2417,3739.9458,4423.4155
2007-12-12 16:00:00,3630.9504,4048.437,5224.2417,3739.9458,4423.4155
2007-12-12 17:00:00,3630.9504,4048.437,5224.2417,3739.9458,4423.4155
2007-12-12 18:00:00,3630.9504,4048.437,5224.2417,3739.9458,4423.4155
2007-12-12 19:00:00,3630.9504,4048.437,5224.2417,3739.9458,4423.4155
2007-12-12 20:00:00,3630.9504,4048.437,5224.2417,3739.9458,4423.4155
2007-12-12 21:00:00,3630.9504,4048.437,5224.2417,3739.9458,4423.4155
2007-12-12 22:00:00,3630.9504,4048.437,5224.2417,3739.9458,4423.4155
2007-12-12 23:00:00,3630.9504,4048.437,5224.2417,3739.9458,4423.4155
2007-12-13 00:00:00,3630.9504,4048.437,5224.2417,3739.9458,4423.4155
2007-12-13 01:00:00,3630.9504,4048.437,5224.2417,3739.9458,4423.4155
2007-12-13 02:00:00,3630.9504,4048.437,5224.2417,3739.9458,4423.4155
2007-12-13 03:00:00,3630.9504,4048.437,5224.2417,3739.9458,4423.4155
2007-12-13 04:00:00,3630.9504,4048.437,5224.2417,3739.9458,4423.4155
2007-12-13 05:00:00,3630.9504,4048.437,5224.2417,3739.9458,4423.4155
2007-12-13 06:00:00,3630.9504,4048.437,5224.2417,3739.9458,4423.4155
2007-12-13 07:00:00,3630.9504,4048.437,5224.2417,3739.9458,4423.4155
2007-12-13 08:00:00,3630.9504,4048.437,5224.2417,3739.9458,4423.4155
2007-12-13 09:00:00,3630.9504,4048.437,5224.2417,3739.9458,4423.4155
2007-12-13 10:00:00,3630.9504,4048.437,5224.2417,3739.9458,4423.4155
2007-12-13 11:00:00,3630.9504,4048.437,5224.2417,3739.9458,4423.4155
2007-12-13 12:00:00,3630.9504,4048.437,5224.2417,3739.9458,4423.4155
2007-12-13 13:00:00,3630.9504,4048.437,5224.2417,3739.9458,4423.4155
2007-12-13 14:00:00,3630.9504,4048.437,5224.2417,3739.9458,4423.4155
2007-12-13 15:00:00,3630.9504,4048.437,5224.2417,3739.9458,4423.4155
2007-12-13 16:00:00,3630.9504,4048.437,5224.2417,3739.9458,4423.4155
2007-12-13 17:00:00,3630.9504,4048.437,5224.2417,3739.9458,4423.4155
2007-12-13 18:00:00,3630.9504,4048.437,5224.2417,3739.9458,4423.4155
2007-12-13 19:00:00,3630.9504,4048.437,5224.2417,3739.9458,4423.4155
2007-12-13 20:00:00,3630.9504,4048.437,5224.2417,3739.9458,4423.4155
2007-12-13 21:00:00,3630.9504,4048.437,5224.2417,3739.9458,4423.4155
2007-12-13 22:00:00,3630.9504,4048.437,5224.2417,3739.9458,4423.4155
2007-12-13 23:00:00,3630.9504,4048.437,5224.2417,3739.9458,4423.4155
2007-12-14 00:00:00,3630.9504,4048.437,5224.2417,3739.9458,4423.4155
2007-12-14 01:00:00,3630.9504,4048.437,5224.2417,3739.9458,4423.4155
2007-12-14 02:00:00,3630.9504,4048.437,5224.2417,3739.9458,4423.4155
2007-12-14 03:00:00,3630.9504,4048.437,5224.2417,3739.9458,4423.4155
2007-12-14 04:00:00,3630.9504,4048.437,5224.2417,3739.9458,4423.4155
2007-12-14 05:00:00,3630.9504,4048.437,5224.2417,3739.9458,4423.4155
2007-12-14 06:00:00,3630.9504,4048.437,5224.2417,3739.9458,4423.4155
2007-12-14 07:00:00,3630.9504,4048.437,5224.2417,3739.9458,4423.4155
2007-12-14 08:00:00,3630.9504,4048.437,5224.2417,3739.9458,4423.4155
2007-12-14 09:00:00,3630.9504,4048.437,5224.2417,3739.9458,4423.4155
2007-12-14 10:00:00,3630.9504,4048.437,5224.2417,3739.9458,4423.4155
2007-12-14 11:00:00,3630.9504,4048.437,5224.2417,3739.9458,4423.4155
2007-12-14 12:00:00,3630.9504,4048.437,5224.2417,3739.9458,4423.4155
2007-12-14 13:00:00,3630.9504,4048.437,5224.2417,3739.9458,4423.4155
2007-12-14 14:00:00,3630.9504,4048.437,5224.2417,3739.9458,4423.4155
2007-12-14 15:00:00,3630.9504,4048.437,5224.2417,3739.9458,4423.4155
2007-12-14 16:00:00,3630.9504,4048.437,5224.2417,3739.9458,4423.4155
2007-12-14 17:00:00,3630.9504,4048.437,5224.2417,3739.9458,4423.4155
2007-12-14 18:00:00,3630.9504,4048.437,5224.2417,3739.9458,4423.4155
2007-12-14 19:00:00,3630.9504,4048.437,5224.2417,3739.9458,4423.4155
2007-12-14 20:00:00,3630.9504,4048.437,5224.2417,3739.9458,4423.4155
2007-12-14 21:00:00,3630.9504,4048.437,5224.2417,3739.9458,4423.4155
2007-12-14 22:00:00,3630.9504,4048.437,5224.2417,3739.9458,4423.4155
2007-12-14 23:00:00,3630.9504,4048.437,5224.2417,3739.9458,4423.4155
2007-12-15 00:00:00,3630.9504,4048.437,5224.2417,3739.9458,4423.4155
2007-12-15 01:00:00,3630.9504,4048.437,5224.2417,3739.9458,4423.4155
2007-12-15 02:00:00,3630.9504,4048.437,5224.2417,3739.9458,4423.4155
2007-12-15 03:00:00,3630.9504,4048.437,5224.2417,3739.9458,4423.4155
2007-12-15 04:00:00,3630.9504,4048.437,5224.2417,3739.9458,4423.4155
2007-12-15 05:00:00,3630.9504,4048.437,5224.2417,3739.9458,4423.4155
2007-12-15 06:00:00,3630.9504,4048.437,5224.2417,3739.9458,4423.4155
2007-12-15 07:00:00,3630.9504,4048.437,5224.2417,3739.9458,4423.4155
2007-12-15 08:00:00,3630.9504,4048.437,5224.2417,3739.9458,4423.4155
2007-12-15 09:00:00,3630.9504,4048.437,5224.2417,3739.9458,4423.4155
2007-12-15 10:00:00,3630.9504,4048.437,5224.2417,3739.9458,4423.4155
2007-12-15 11:00:00,3630.9504,4048.437,5224.2417,3739.9458,4423.4155
2007-12-15 12:00:00,3630.9504,4048.437,5224.2417,3739.9458,4423.4155
2007-12-15 13:00:00,3630.9504,4048.437,5224.2417,3739.9458,4423.4155
2007-12-15 14:00:00,3630.9504,4048.437,5224.2417,3739.9458,4423.4155
2007-12-15 15:00:00,3630.9504,4048.437,5224.2417,3739.9458,4423.4155
2007-12-15 16:00:00,3630.9504,4048.437,5224.2417,3739.9458,4423.4155
2007-12-15 17:00:00,3630.9504,4048.437,5224.2417,3739.9458,4423.4155
2007-12-15 18:00:00,3630.9504,4048.437,5224.2417,3739.9458,4423.4155
2007-12-15 19:00:00,3630.9504,4048.437,5224.2417,3739.9458,4423.4155
2007-12-15 20:00:00,3630.9504,4048.437,5224.2417,3739.9458,4423.4155
2007-12-15 21:00:00,3630.9504,4048.437,5224.2417,3739.9458,4423.4155
2007-12-15 22:00:00,3630.9504,4048.437,5224.2417,3739.9458,4423.4155
2007-12-15 23:00:00,3630.9504,4048.437,5224.2417,3739.9458,4423.4155
2007-12-16 00:00:00,3630.9504,4048.437,5224.2417,3739.9458,4423.4155
2007-12-16 01:00:00,3630.9504,4048.437,5224.2417,3739.9458,4423.4155
2007-12-16 02:00:00,3630.9504,4048.437,5224.2417,3739.9458,4423.4155
2007-12-16 03:00:00,3630.9504,4048.437,5224.2417,3739.9458,4423.4155
2007-12-16 04:00:00,3630.9504,4048.437,5224.2417,3739.9458,4423.4155
2007-12-16 05:00:00,3630.9504,4048.437,5224.2417,3739.9458,4423.4155
2007-12-16 06:00:00,3630.9504,4048.437,5224.2417,3739.9458,4423.4155
2007-12-16 07:00:00,3630.9504,4048.437,5224.2417,3739.9458,4423.4155
2007-12-16 08:00:00,3630.9504,4048.437,5224.2417,3739.9458,4423.4155
2007-12-16 09:00:00,3630.9504,4048.437,5224.2417,3739.9458,4423.4155
2007-12-16 10:00:00,3630.9504,4048.437,5224.2417,3739.9458,4423.4155
2007-12-16 11:00:00,3630.9504,4048.437,5224.2417,3739.9458,4423.4155
2007-12-16 12:00:00,3630.9504,4048.437,5224.2417,3739.9458,4423.4155
2007-12-16 13:00:00,3630.9504,4048.437,5224.2417,3739.9458,4423.4155
2007-12-16 14:00:00,3630.9504,4048.437,5224.2417,3739.9458,4423.4155
2007-12-16 15:00:00,3630.9504,4048.437,5224.2417,3739.9458,4423.4155
2007-12-16 16:00:00,3630.9504,4048.437,5224.2417,3739.9458,4423.4155
2007-12-16 17:00:00,3630.9504,4048.437,5224.2417,3739.9458,4423.4155
2007-12-16 18:00:00,3630.9504,4048.437,5224.2417,3739.9458,4423.4155
2007-12-16 19:00:00,3630.9504,4048.437,5224.2417,3739.9458,4423.4155
2007-12-16 20:00:00,3630.9504,4048.437,5224.2417,3739.9458,4423.4155
2007-12-16 21:00:00,3630.9504,4048.437,5224.2417,3739.9458,4423.4155
2007-12-16 22:00:00,3630.9504,4048.437,5224.2417,3739.9458,4423.4155
2007-12-16 23:00:00,3630.9504,4048.437,5224.2417,3739.9458,4423.4155
2007-12-17 00:00:00,3630.9504,4048.437,5224.2417,3739.9458,4423.4155
2007-12-17 01:00:00,3630.9504,4048.437,5224.2417,3739.9458,4423.4155
2007-12-17 02:00:00,3630.9504,4048.437,5224.2417,3739.9458,4423.4155
2007-12-17 03:00:00,3630.9504,4048.437,5224.2417,3739.9458,4423.4155
2007-12-17 04:00:00,3630.9504,4048.437,5224.2417,3739.9458,4423.4155
2007-12-17 05:00:00,3630.9504,4048.437,5224.2417,3739.9458,4423.4155
2007-12-17 06:00:00,3630.9504,4048.437,5224.2417,3739.9458,4423.4155
2007-12-17 07:00:00,3630.9504,4048.437,5224.2417,3739.9458,4423.4155
2007-12-17 08:00:00,3630.9504,4048.437,5224.2417,3739.9458,4423.4155
2007-12-17 09:00:00,3630.9504,4048.437,5224.2417,3739.9458,4423.4155
2007-12-17 10:00:00,3630.9504,4048.437,5224.2417,3739.9458,4423.4155
2007-12-17 11:00:00,3630.9504,4048.437,5224.2417,3739.9458,4423.4155
2007-12-17 12:00:00,3630.9504,4048.437,5224.2417,3739.9458,4423.4155
2007-12-17 13:00:00,3630.9504,4048.437,5224.2417,3739.9458,4423.4155
2007-12-17 14:00:00,3630.9504,4048.437,5224.2417,3739.9458,4423.4155
2007-12-17 15:00:00,3630.9504,4048.437,5224.2417,3739.9458,4423.4155
2007-12-17 16:00:00,3630.9504,4048.437,5224.2417,3739.9458,4423.4155
2007-12-17 17:00:00,3630.9504,4048.437,5224.2417,3739.9458,4423.4155
2007-12-17 18:00:00,3630.9504,4048.437,5224.2417,3739.9458,4423.4155
2007-12-17 19:00:00,3630.9504,4048.437,5224.2417,3739.9458,4423.4155
2007-12-17 20:00:00,3630.9504,4048.437,5224.2417,3739.9458,4423.4155
2007-12-17 21:00:00,3630.9504,4048.437,5224.2417,3739.9458,4423.4155
2007-12-17 22:00:00,3630.9504,4048.437,5224.2417,3739.9458,4423.4155
2007-12-17 23:00:00,3630.9504,4048.437,5224.2417,3739.9458,4423.4155
2007-12-18 00:00:00,3630.9504,4048.437,5224.2417,3739.9458,4423.4155
2007-12-18 01:00:00,3630.9504,4048.437,5224.2417,3739.9458,4423.4155
2007-12-18 02:00:00,3630.9504,4048.437,5224.2417,3739.9458,4423.4155
2007-12-18 03:00:00,3630.9504,4048.437,5224.2417,3739.9458,4423.4155
2007-12-18 04:00:00,3630.9504,4048.437,5224.2417,3739.9458,4423.4155
2007-12-18 05:00:00,3630.9504,4048.437,5224.2417,3739.9458,4423.4155
2007-12-18 06:00:00,3630.9504,4048.437,5224.2417,3739.9458,4423.4155
2007-12-18 07:00:00,3630.9504,4048.437,5224.2417,3739.9458,4423.4155
2007-12-18 08:00:00,3630.9504,4048.437,5224.2417,3739.9458,4423.4155
2007-12-18 09:00:00,3630.9504,4048.437,5224.2417,3739.9458,4423.4155
2007-12-18 10:00:00,3630.9504,4048.437,5224.2417,3739.9458,4423.4155
2007-12-18 11:00:00,3630.9504,4048.437,5224.2417,3739.9458,4423.4155
2007-12-18 12:00:00,3630.9504,4048.437,5224.2417,3739.9458,4423.4155
2007-12-18 13:00:00,3630.9504,4048.437,5224.2417,3739.9458,4423.4155
2007-12-18 14:00:00,3630.9504,4048.437,5224.2417,3739.9458,4423.4155
2007-12-18 15:00:00,3630.9504,4048.437,5224.2417,3739.9458,4423.4155
2007-12-18 16:00:00,3630.9504,4048.437,5224.2417,3739.9458,4423.4155
2007-12-18 17:00:00,3630.9504,4048.437,5224.2417,3739.9458,4423.4155
2007-12-18 18:00:00,3630.9504,4048.437,5224.2417,3739.9458,4423.4155
2007-12-18 19:00:00,3630.9504,4048.437,5224.2417,3739.9458,4423.4155
2007-12-18 20:00:00,3630.9504,4048.437,5224.2417,3739.9458,4423.4155
2007-12-18 21:00:00,3630.9504,4048.437,5224.2417,3739.9458,4423.4155
2007-12-18 22:00:00,3630.9504,4048.437,5224.2417,3739.9458,4423.4155
2007-12-18 23:00:00,3630.9504,4048.437,5224.2417,3739.9458,4423.4155
2007-12-19 00:00:00,3630.9504,4048.437,5224.2417,3739.9458,4423.4155
2007-12-19 01:00:00,3630.9504,4048.437,5224.2417,3739.9458,4423.4155
2007-12-19 02:00:00,3630.9504,4048.437,5224.2417,3739.9458,4423.4155
2007-12-19 03:00:00,3630.9504,4048.437,5224.2417,3739.9458,4423.4155
2007-12-19 04:00:00,3630.9504,4048.437,5224.2417,3739.9458,4423.4155
2007-12-19 05:00:00,3630.9504,4048.437,5224.2417,3739.9458,4423.4155
2007-12-19 06:00:00,3630.9504,4048.437,5224.2417,3739.9458,4423.4155
2007-12-19 07:00:00,3630.9504,4048.437,5224.2417,3739.9458,4423.4155
2007-12-19 08:00:00,3630.9504,4048.437,5224.2417,3739.9458,4423.4155
2007-12-19 09:00:00,3630.9504,4048.437,5224.2417,3739.9458,4423.4155
2007-12-19 10:00:00,3630.9504,4048.437,5224.2417,3739.9458,4423.4155
2007-12-19 11:00:00,3630.9504,4048.437,5224.2417,3739.9458,4423.4155
2007-12-19 12:00:00,3630.9504,4048.437,5224.2417,3739.9458,4423.4155
2007-12-19 13:00:00,3630.9504,4048.437,5224.2417,3739.9458,4423.4155
2007-12-19 14:00:00,3630.9504,4048.437,5224.2417,3739.9458,4423.4155
2007-12-19 15:00:00,3630.9504,4048.437,5224.2417,3739.9458,4423.4155
2007-12-19 16:00:00,3630.9504,4048.437,5224.2417,3739.9458,4423.4155
2007-12-19 17:00:00,3630.9504,4048.437,5224.2417,3739.9458,4423.4155
2007-12-19 18:00:00,3630.9504,4048.437,5224.2417,3739.9458,4423.4155
2007-12-19 19:00:00,3630.9504,4048.437,5224.2417,3739.9458,4423.4155
2007-12-19 20:00:00,3630.9504,4048.437,5224.2417,3739.9458,4423.4155
2007-12-19 21:00:00,3630.9504,4048.437,5224.2417,3739.9458,4423.4155
2007-12-19 22:00:00,3630.9504,4048.437,5224.2417,3739.9458,4423.4155
2007-12-19 23:00:00,3630.9504,4048.437,5224.2417,3739.9458,4423.4155
2007-12-20 00:00:00,3630.9504,4048.437,5224.2417,3739.9458,4423.4155
2007-12-20 01:00:00,3630.9504,4048.437,5224.2417,3739.9458,4423.4155
2007-12-20 02:00:00,3630.9504,4048.437,5224.2417,3739.9458,4423.4155
2007-12-20 03:00:00,3630.9504,4048.437,5224.2417,3739.9458,4423.4155
2007-12-20 04:00:00,3630.9504,4048.437,5224.2417,3739.9458,4423.4155
2007-12-20 05:00:00,3630.9504,4048.437,5224.2417,3739.9458,4423.4155
2007-12-20 06:00:00,3630.9504,4048.437,5224.2417,3739.9458,4423.4155
2007-12-20 07:00:00,3630.9504,4048.437,5224.2417,3739.9458,4423.4155
2007-12-20 08:00:00,3630.9504,4048.437,5224.2417,3739.9458,4423.4155
2007-12-20 09:00:00,3630.9504,4048.437,5224.2417,3739.9458,4423.4155
2007-12-20 10:00:00,3630.9504,4048.437,5224.2417,3739.9458,4423.4155
2007-12-20 11:00:00,3630.9504,4048.437,5224.2417,3739.9458,4423.4155
2007-12-20 12:00:00,3630.9504,4048.437,5224.2417,3739.9458,4423.4155
2007-12-20 13:00:00,3630.9504,4048.437,5224.2417,3739.9458,4423.4155
2007-12-20 14:00:00,3630.9504,4048.437,5224.2417,3739.9458,4423.4155
2007-12-20 15:00:00,3630.9504,4048.437,5224.2417,3739.9458,4423.4155
2007-12-20 16:00:00,3630.9504,4048.437,5224.2417,3739.9458,4423.4155
2007-12-20 17:00:00,3630.9504,4048.437,5224.2417,3739.9458,4423.4155
2007-12-20 18:00:00,3630.9504,4048.437,5224.2417,3739.9458,4423.4155
2007-12-20 19:00:00,3630.9504,4048.437,5224.2417,3739.9458,4423.4155
2007-12-20 20:00:00,3630.9504,4048.437,5224.2417,3739.9458,4423.4155
2007-12-20 21:00:00,3630.9504,4048.437,5224.2417,3739.9458,4423.4155
2007-12-20 22:00:00,3630.9504,4048.437,5224.2417,3739.9458,4423.4155
2007-12-20 23:00:00,3630.9504,4048.437,5224.2417,3739.9458,4423.4155
2007-12-21 00:00:00,3630.9504,4048.437,5224.2417,3739.9458,4423.4155
2007-12-21 01:00:00,3630.9504,4048.437,5224.2417,3739.9458,4423.4155
2007-12-21 02:00:00,3630.9504,4048.437,5224.2417,3739.9458,4423.4155
2007-12-21 03:00:00,3630.9504,4048.437,5224.2417,3739.9458,4423.4155
2007-12-21 04:00:00,3630.9504,4048.437,5224.2417,3739.9458,4423.4155
2007-12-21 05:00:00,3630.9504,4048.437,5224.2417,3739.9458,4423.4155
2007-12-21 06:00:00,3630.9504,4048.437,5224.2417,3739.9458,4423.4155
2007-12-21 07:00:00,3630.9504,4048.437,5224.2417,3739.9458,4423.4155
2007-12-21 08:00:00,3630.9504,4048.437,5224.2417,3739.9458,4423.4155
2007-12-21 09:00:00,3630.9504,4048.437,5224.2417,3739.9458,4423.4155
2007-12-21 10:00:00,3630.9504,4048.437,5224.2417,3739.9458,4423.4155
2007-12-21 11:00:00,3630.9504,4048.437,5224.2417,3739.9458,4423.4155
2007-12-21 12:00:00,3630.9504,4048.437,5224.2417,3739.9458,4423.4155
2007-12-21 13:00:00,3630.9504,4048.437,5224.2417,3739.9458,4423.4155
2007-12-21 14:00:00,3630.9504,4048.437,5224.2417,3739.9458,4423.4155
2007-12-21 15:00:00,3630.9504,4048.437,5224.2417,3739.9458,4423.4155
2007-12-21 16:00:00,3630.9504,4048.437,5224.2417,3739.9458,4423.4155
2007-12-21 17:00:00,3630.9504,4048.437,5224.2417,3739.9458,4423.4155
2007-12-21 18:00:00,3630.9504,4048.437,5224.2417,3739.9458,4423.4155
2007-12-21 19:00:00,3630.9504,4048.437,5224.2417,3739.9458,4423.4155
2007-12-21 20:00:00,3630.9504,4048.437,5224.2417,3739.9458,4423.4155
2007-12-21 21:00:00,3630.9504,4048.437,5224.2417,3739.9458,4423.4155
2007-12-21 22:00:00,3630.9504,4048.437,5224.2417,3739.9458,4423.4155
2007-12-21 23:00:00,3630.9504,4048.437,5224.2417,3739.9458,4423.4155
2007-12-22 00:00:00,3630.9504,4048.437,5224.2417,3739.9458,4423.4155
2007-12-22 01:00:00,3630.9504,4048.437,5224.2417,3739.9458,4423.4155
2007-12-22 02:00:00,3630.9504,4048.437,5224.2417,3739.9458,4423.4155
2007-12-22 03:00:00,3630.9504,4048.437,5224.2417,3739.9458,4423.4155
2007-12-22 04:00:00,3630.9504,4048.437,5224.2417,3739.9458,4423.4155
2007-12-22 05:00:00,3630.9504,4048.437,5224.2417,3739.9458,4423.4155
2007-12-22 06:00:00,3630.9504,4048.437,5224.2417,3739.9458,4423.4155
2007-12-22 07:00:00,3630.9504,4048.437,5224.2417,3739.9458,4423.4155
2007-12-22 08:00:00,3630.9504,4048.437,5224.2417,3739.9458,4423.4155
2007-12-22 09:00:00,3630.9504,4048.437,5224.2417,3739.9458,4423.4155
2007-12-22 10:00:00,3630.9504,4048.437,5224.2417,3739.9458,4423.4155
2007-12-22 11:00:00,3630.9504,4048.437,5224.2417,3739.9458,4423.4155
2007-12-22 12:00:00,3630.9504,4048.437,5224.2417,3739.9458,4423.4155
2007-12-22 13:00:00,3630.9504,4048.437,5224.2417,3739.9458,4423.4155
2007-12-22 14:00:00,3630.9504,4048.437,5224.2417,3739.9458,4423.4155
2007-12-22 15:00:00,3630.9504,4048.437,5224.2417,3739.9458,4423.4155
2007-12-22 16:00:00,3630.9504,4048.437,5224.2417,3739.9458,4423.4155
2007-12-22 17:00:00,3630.9504,4048.437,5224.2417,3739.9458,4423.4155
2007-12-22 18:00:00,3630.9504,4048.437,5224.2417,3739.9458,4423.4155
2007-12-22 19:00:00,3630.9504,4048.437,5224.2417,3739.9458,4423.4155
2007-12-22 20:00:00,3630.9504,4048.437,5224.2417,3739.9458,4423.4155
2007-12-22 21:00:00,3630.9504,4048.437,5224.2417,3739.9458,4423.4155
2007-12-22 22:00:00,3630.9504,4048.437,5224.2417,3739.9458,4423.4155
2007-12-22 23:00:00,3630.9504,4048.437,5224.2417,3739.9458,4423.4155
2007-12-23 00:00:00,3631.0552,4048.7703,5224.2417,3740.1802,4423.4663
2007-12-23 01:00:00,3631.439,4049.2002,5224.2417,3740.669,4423.641
2007-12-23 02:00:00,3632.057,4049.7898,5224.2417,3741.2263,4423.729
2007-12-23 03:00:00,3632.5696,4050.335,5224.277,3741.6724,4424.0728
2007-12-23 04:00:00,3632.8198,4050.9246,5224.277,3742.1604,4424.6455
2007-12-23 05:00:00,3632.936,4051.0278,5224.277,3742.368,4424.7314
2007-12-23 06:00:00,3632.936,4051.1167,5224.4756,3742.3752,4425.3257
2007-12-23 07:00:00,3633.1826,4051.2925,5224.566,3742.4375,4425.3257
2007-12-23 08:00:00,3633.2273,4051.2925,5224.566,3742.4375,4425.3555
2007-12-23 09:00:00,3633.2273,4051.2925,5224.566,3742.4375,4425.394
2007-12-23 10:00:00,3633.2273,4051.2925,5224.566,3742.4375,4425.394
2007-12-23 11:00:00,3633.2273,4051.2925,5224.566,3742.4375,4425.404
2007-12-23 12:00:00,3633.2273,4051.2925,5224.566,3742.4375,4425.404
2007-12-23 13:00:00,3633.2273,4051.3743,5224.566,3742.4375,4425.404
2007-12-23 14:00:00,3633.2273,4051.3743,5224.566,3742.4375,4425.404
2007-12-23 15:00:00,3633.2273,4051.3743,5224.566,3742.4375,4425.404
2007-12-23 16:00:00,3633.2273,4051.3743,5224.566,3742.4375,4425.404
2007-12-23 17:00:00,3633.2273,4051.3743,5224.566,3742.4375,4425.404
2007-12-23 18:00:00,3633.2273,4051.3743,5224.566,3742.4375,4425.404
2007-12-23 19:00:00,3633.2273,4051.3743,5224.566,3742.4375,4425.404
2007-12-23 20:00:00,3633.2273,4051.3743,5224.566,3742.4375,4425.404
2007-12-23 21:00:00,3633.2273,4051.3743,5224.566,3742.4375,4425.404
2007-12-23 22:00:00,3633.2273,4051.3743,5224.566,3742.4375,4425.404
2007-12-23 23:00:00,3633.2273,4051.3743,5224.566,3742.4375,4425.404
2007-12-24 00:00:00,3633.2273,4051.3743,5224.566,3742.4375,4425.404
2007-12-24 01:00:00,3633.2273,4051.3743,5224.566,3742.4375,4425.404
2007-12-24 02:00:00,3633.2273,4051.3743,5224.566,3742.4375,4425.404
2007-12-24 03:00:00,3633.2273,4051.395,5224.566,3742.4375,4425.404
2007-12-24 04:00:00,3633.2405,4052.5254,5224.8145,3742.5354,4425.908
2007-12-24 05:00:00,3634.2607,4054.5742,5225.342,3743.1255,4426.8613
2007-12-24 06:00:00,3635.639,4056.7297,5226.221,3743.8367,4427.8306
2007-12-24 07:00:00,3636.9495,4058.9062,5227.54,3744.568,4428.562
2007-12-24 08:00:00,3637.8474,4061.037,5228.84,3745.4368,4429.023
2007-12-24 09:00:00,3638.5842,4063.2007,5230.593,3746.3337,4429.409
2007-12-24 10:00:00,3638.9272,4065.1401,5234.0693,3747.022,4430.3613
2007-12-24 11:00:00,3639.1218,4066.5862,5237.0674,3748.857,4431.346
2007-12-24 12:00:00,3639.3618,4067.281,5238.86,3749.5977,4432.58
2007-12-24 13:00:00,3639.387,4067.7563,5239.2217,3749.959,4432.641
2007-12-24 14:00:00,3639.387,4067.7563,5239.2217,3749.959,4432.9707
2007-12-24 15:00:00,3639.552,4067.945,5239.2217,3749.969,4432.9707
2007-12-24 16:00:00,3639.552,4067.9617,5239.2373,3749.969,4433.0938
2007-12-24 17:00:00,3639.7468,4068.588,5239.805,3750.1562,4433.319
2007-12-24 18:00:00,3639.885,4068.6956,5239.842,3750.4478,4433.3467
2007-12-24 19:00:00,3639.8887,4068.6968,5239.8867,3750.4773,4433.49
2007-12-24 20:00:00,3640.1455,4068.6968,5240.0796,3750.4773,4433.5015
2007-12-24 21:00:00,3633.2273,4051.3743,5224.566,3742.4375,4425.404
2007-12-24 22:00:00,3633.2273,4051.3743,5224.566,3742.4375,4425.404
2007-12-24 23:00:00,3633.2273,4051.3743,5224.566,3742.4375,4425.404
2007-12-25 00:00:00,3640.2976,4070.5696,5240.661,3750.584,4435.799
2007-12-25 01:00:00,3640.1455,4069.4836,5240.0796,3750.4773,4433.53
2007-12-25 02:00:00,3640.1455,4069.7134,5240.0796,3750.5544,4433.53
2007-12-25 03:00:00,3640.1455,4069.7666,5240.155,3750.5544,4434.175
2007-12-25 04:00:00,3640.1455,4069.7734,5240.2197,3750.5544,4434.4897
2007-12-25 05:00:00,3640.1956,4069.8884,5240.6196,3750.5544,4434.6006
2007-12-25 06:00:00,3640.2976,4070.136,5240.6196,3750.5544,4434.6187
2007-12-25 07:00:00,3640.2976,4070.2424,5240.6196,3750.5544,4434.6865
2007-12-25 08:00:00,3640.2976,4070.4014,5240.631,3750.5544,4435.7476
2007-12-25 09:00:00,3640.2976,4070.5696,5240.661,3750.5798,4435.799
2007-12-25 10:00:00,3640.2976,4070.5696,5240.661,3750.584,4435.799
2007-12-25 11:00:00,3640.2976,4070.5696,5240.661,3750.584,4435.799
2007-12-25 12:00:00,3640.2976,4070.5696,5240.661,3750.584,4435.799
2007-12-25 13:00:00,3640.2976,4070.5696,5240.661,3750.584,4435.799
2007-12-25 14:00:00,3640.2976,4070.5696,5240.661,3750.584,4435.799
2007-12-25 15:00:00,3640.2976,4070.5696,5240.661,3750.584,4435.799
2007-12-25 16:00:00,3640.2976,4070.5696,5240.661,3750.584,4435.799
2007-12-25 17:00:00,3640.2976,4070.5696,5240.661,3750.584,4435.799
2007-12-25 18:00:00,3640.2976,4070.5696,5240.661,3750.584,4435.799
2007-12-25 19:00:00,3640.2976,4070.5696,5240.661,3750.584,4435.799
2007-12-25 20:00:00,3640.5857,4070.5696,5240.661,3750.932,4435.799
2007-12-25 21:00:00,3641.2097,4070.5696,5240.661,3751.2534,4435.799
2007-12-25 22:00:00,3641.736,4070.5696,5240.661,3751.4626,4435.799
2007-12-25 23:00:00,3642.0784,4070.5696,5240.661,3751.8005,4435.799
2007-12-26 00:00:00,3642.4006,4070.7078,5240.661,3752.1624,4435.799
2007-12-26 01:00:00,3642.582,4070.7087,5240.661,3752.2268,4435.799
2007-12-26 02:00:00,3642.582,4070.7087,5240.661,3752.2268,4435.799
2007-12-26 03:00:00,3642.582,4070.7087,5240.661,3752.2268,4435.799
2007-12-26 04:00:00,3642.582,4070.7256,5240.661,3752.2268,4435.799
2007-12-26 05:00:00,3642.597,4071.4192,5240.661,3752.298,4436.283
2007-12-26 06:00:00,3643.2314,4073.0142,5240.661,3753.4844,4436.5127
2007-12-26 07:00:00,3644.1418,4073.2073,5240.693,3754.2737,4436.9473
2007-12-26 08:00:00,3645.1614,4075.0613,5241.1406,3755.5332,4438.3843
2007-12-26 09:00:00,3646.6526,4075.8552,5242.626,3756.0632,4438.932
2007-12-26 10:00:00,3647.0256,4076.488,5243.4,3756.7913,4439.467
2007-12-26 11:00:00,3647.675,4076.6204,5243.998,3757.0483,4440.084
2007-12-26 12:00:00,3648.6035,4076.6458,5248.642,3757.1047,4440.5425
2007-12-26 13:00:00,3648.7815,4076.6458,5249.0815,3757.1047,4440.5425
2007-12-26 14:00:00,3648.7937,4077.3596,5249.2485,3757.6616,4440.5737
2007-12-26 15:00:00,3649.1223,4078.3975,5250.3384,3758.685,4440.8354
2007-12-26 16:00:00,3650.0496,4079.404,5251.5146,3760.0605,4441.2983
2007-12-26 17:00:00,3650.9575,4081.4958,5253.681,3762.221,4442.131
2007-12-26 18:00:00,3652.482,4083.5833,5258.073,3765.1333,4442.9917
2007-12-26 19:00:00,3653.7097,4085.7114,5263.179,3768.5186,4444.3755
2007-12-26 20:00:00,3654.824,4087.8281,5268.7686,3772.3853,4445.3413
2007-12-26 21:00:00,3655.41,4089.599,5274.369,3776.0122,4446.1353
2007-12-26 22:00:00,3656.1023,4090.9253,5280.2383,3778.036,4446.6963
2007-12-26 23:00:00,3656.5393,4091.4382,5285.8535,3778.835,4447.0854
2007-12-27 00:00:00,3656.7434,4092.1646,5290.702,3779.8877,4447.4727
2007-12-27 01:00:00,3657.1501,4093.4714,5294.7114,3781.4683,4447.8936
2007-12-27 02:00:00,3657.955,4094.9204,5297.6465,3782.91,4448.284
2007-12-27 03:00:00,3658.5652,4096.268,5298.628,3783.8003,4448.7993
2007-12-27 04:00:00,3659.213,4098.0596,5299.1016,3784.9255,4449.669
2007-12-27 05:00:00,3660.1526,4100.003,5299.9966,3786.5552,4451.2075
2007-12-27 06:00:00,3661.1853,4101.7583,5301.2417,3787.881,4453.151
2007-12-27 07:00:00,3662.6848,4104.38,5303.1255,3789.368,4455.1587
2007-12-27 08:00:00,3664.6987,4106.5405,5305.5435,3790.703,4457.685
2007-12-27 09:00:00,3666.2231,4108.0444,5307.9507,3792.1064,4460.5884
2007-12-27 10:00:00,3667.4944,4109.804,5310.0225,3793.0256,4463.286
2007-12-27 11:00:00,3669.0442,4111.877,5313.7275,3795.2224,4467.802
2007-12-27 12:00:00,3671.5269,4115.821,5321.9023,3800.342,4471.4243
2007-12-27 13:00:00,3673.046,4117.4365,5327.4697,3802.6968,4472.282
2007-12-27 14:00:00,3673.6619,4118.535,5332.141,3804.3862,4473.564
2007-12-27 15:00:00,3674.2065,4119.1743,5334.232,3805.8499,4474.283
2007-12-27 16:00:00,3674.5518,4119.768,5336.7217,3806.8765,4474.6797
2007-12-27 17:00:00,3675.7263,4120.4053,5338.522,3808.4558,4474.6904
2007-12-27 18:00:00,3675.7705,4124.519,5343.0796,3809.5508,4474.6904
2007-12-27 19:00:00,3675.9692,4124.9775,5343.6553,3810.1936,4474.6904
2007-12-27 20:00:00,3676.0073,4127.629,5344.743,3811.7234,4475.025
2007-12-27 21:00:00,3676.817,4129.648,5345.8535,3812.9824,4475.2695
2007-12-27 22:00:00,3676.8506,4131.1113,5347.991,3813.0745,4476.356
2007-12-27 23:00:00,3676.9873,4131.1113,5348.972,3813.0989,4476.481
2007-12-28 00:00:00,3677.019,4131.1113,5349.864,3813.0989,4477.016
2007-12-28 01:00:00,3678.6414,4131.1714,5353.8667,3813.3564,4479.7686
2007-12-28 02:00:00,3683.396,4131.198,5356.3584,3813.754,4488.115
2007-12-28 03:00:00,3686.5334,4131.4487,5356.609,3813.833,4491.725
2007-12-28 04:00:00,3687.2737,4132.098,5356.987,3814.8804,4492.2373
2007-12-28 05:00:00,3687.4714,4132.168,5357.099,3814.9414,4492.499
2007-12-28 06:00:00,3687.5315,4132.439,5357.628,3815.2356,4493.157
2007-12-28 07:00:00,3687.745,4132.8296,5357.9185,3815.3633,4493.288
2007-12-28 08:00:00,3687.745,4133.2036,5358.3906,3815.3638,4493.288
2007-12-28 09:00:00,3687.745,4133.394,5358.606,3815.3696,4493.288
2007-12-28 10:00:00,3687.745,4133.394,5358.62,3815.3696,4493.288
2007-12-28 11:00:00,3687.745,4133.394,5358.62,3815.3696,4493.288
2007-12-28 12:00:00,3687.745,4133.394,5358.62,3815.3696,4493.288
2007-12-28 13:00:00,3687.745,4133.394,5358.62,3815.3696,4493.288
2007-12-28 14:00:00,3687.745,4133.6,5358.62,3815.487,4493.7544
2007-12-28 15:00:00,3687.745,4133.6,5358.62,3815.6255,4493.8535
2007-12-28 16:00:00,3687.7822,4133.64,5358.62,3815.6255,4494.079
2007-12-28 17:00:00,3687.7825,4133.64,5358.62,3815.6255,4494.079
2007-12-28 18:00:00,3687.7825,4133.64,5358.62,3815.6255,4494.079
2007-12-28 19:00:00,3687.7825,4133.64,5358.62,3815.6255,4494.079
2007-12-28 20:00:00,3687.7825,4133.64,5358.62,3815.6653,4494.079
2007-12-28 21:00:00,3688.038,4133.8335,5358.62,3816.1506,4494.079
2007-12-28 22:00:00,3688.4666,4134.13,5358.62,3816.7673,4494.079
2007-12-28 23:00:00,3688.6663,4134.319,5358.715,3817.0317,4494.079
2007-12-29 00:00:00,3688.85,4134.7104,5358.8047,3817.6785,4494.5186
2007-12-29 01:00:00,3689.0356,4134.896,5358.975,3817.9404,4494.576
2007-12-29 02:00:00,3689.2212,4135.0093,5358.975,3818.0842,4494.576
2007-12-29 03:00:00,3689.4307,4135.1973,5358.975,3818.1921,4494.576
2007-12-29 04:00:00,3689.9175,4136.7534,5359.2466,3819.4885,4494.9697
2007-12-29 05:00:00,3693.4077,4140.44,5360.875,3823.1626,4501.3267
2007-12-29 06:00:00,3696.1064,4143.1035,5363.219,3825.7686,4503.13
2007-12-29 07:00:00,3697.8857,4143.3213,5363.625,3826.0984,4503.557
2007-12-29 08:00:00,3697.8857,4143.3213,5363.625,3826.1064,4503.557
2007-12-29 09:00:00,3698.117,4143.3745,5363.625,3826.1675,4503.557
2007-12-29 10:00:00,3698.1216,4144.673,5363.625,3826.1675,4503.557
2007-12-29 11:00:00,3698.1216,4145.446,5363.625,3826.4688,4503.5654
2007-12-29 12:00:00,3698.369,4146.0176,5363.625,3826.8208,4503.5654
2007-12-29 13:00:00,3698.369,4147.0293,5363.625,3826.8271,4503.9106
2007-12-29 14:00:00,3698.5083,4148.579,5363.625,3827.6653,4504.847
2007-12-29 15:00:00,3698.818,4150.911,5364.7993,3828.2979,4505.8633
2007-12-29 16:00:00,3699.112,4152.6875,5365.6904,3829.1877,4507.309
2007-12-29 17:00:00,3699.157,4153.2715,5366.1157,3829.6912,4507.876
2007-12-29 18:00:00,3699.1763,4153.4116,5366.346,3829.863,4508.2314
2007-12-29 19:00:00,3699.1763,4153.4116,5366.3687,3829.863,4508.2935
2007-12-29 20:00:00,3699.1763,4153.4116,5366.3687,3829.863,4508.4595
2007-12-29 21:00:00,3699.1763,4153.4116,5366.3687,3829.863,4508.5527
2007-12-29 22:00:00,3699.1763,4153.4116,5366.3687,3829.863,4508.5527
2007-12-29 23:00:00,3699.1763,4153.4116,5366.3687,3829.863,4508.636
2007-12-30 00:00:00,3699.3884,4153.4985,5366.778,3830.0527,4509.3105
2007-12-30 01:00:00,3699.6753,4153.7017,5368.168,3830.5764,4509.426
2007-12-30 02:00:00,3701.459,4153.7256,5369.967,3831.3997,4509.9595
2007-12-30 03:00:00,3702.9138,4153.9517,5370.064,3831.4194,4510.2524
2007-12-30 04:00:00,3705.4714,4154.033,5370.206,3831.4856,4510.9736
2007-12-30 05:00:00,3707.2168,4154.0596,5372.855,3832.2468,4511.4155
2007-12-30 06:00:00,3710.8022,4154.0596,5374.617,3832.977,4512.2183
2007-12-30 07:00:00,3711.249,4155.963,5375.352,3833.9146,4514.5474
2007-12-30 08:00:00,3712.5178,4158.1187,5376.9756,3835.5417,4516.538
2007-12-30 09:00:00,3713.5244,4158.1694,5377.449,3836.3503,4518.3145
2007-12-30 10:00:00,3714.2017,4160.146,5377.489,3836.71,4518.5654
2007-12-30 11:00:00,3716.6326,4160.146,5379.239,3837.221,4519.219
2007-12-30 12:00:00,3717.0957,4160.6714,5380.564,3837.9658,4519.703
2007-12-30 13:00:00,3717.8105,4160.8276,5384.0356,3839.4631,4519.703
2007-12-30 14:00:00,3719.1504,4161.2075,5384.595,3840.116,4519.964
2007-12-30 15:00:00,3720.7144,4161.8984,5384.729,3841.4878,4519.993
2007-12-30 16:00:00,3722.1958,4162.462,5385.2456,3841.9421,4520.3193
2007-12-30 17:00:00,3722.5146,4162.6426,5385.68,3842.7898,4523.3135
2007-12-30 18:00:00,3722.639,4162.6816,5386.018,3843.5588,4524.799
2007-12-30 19:00:00,3722.639,4162.6816,5386.018,3843.5588,4524.799
2007-12-30 20:00:00,3722.686,4162.6816,5386.018,3843.5588,4525.1567
2007-12-30 21:00:00,3722.686,4162.6816,5386.0273,3843.5588,4525.5063
2007-12-30 22:00:00,3722.686,4162.6816,5386.0273,3843.5588,4526.0435
2007-12-30 23:00:00,3722.686,4162.6816,5386.0273,3843.5588,4526.0435
2007-12-31 00:00:00,3722.686,4162.6816,5386.0273,3843.5588,4526.0435
2007-12-31 01:00:00,3722.686,4162.6816,5386.0273,3843.5588,4526.0435
2007-12-31 02:00:00,3722.686,4162.6816,5386.0273,3843.5588,4526.0435
2007-12-31 03:00:00,3722.686,4162.6816,5386.0273,3843.5588,4526.0435
2007-12-31 04:00:00,3722.686,4162.6816,5386.0273,3843.5588,4526.0435
2007-12-31 05:00:00,3722.686,4162.6816,5386.0273,3843.5588,4526.0435
2007-12-31 06:00:00,3722.686,4162.6816,5386.0273,3843.5588,4526.0435
2007-12-31 07:00:00,3722.686,4162.6816,5386.0273,3843.5588,4526.0435
2007-12-31 08:00:00,3722.686,4162.6816,5386.0273,3843.5588,4526.0435
2007-12-31 09:00:00,3722.686,4162.6816,5386.0273,3843.5588,4526.0435
2007-12-31 10:00:00,3722.686,4162.6816,5386.0273,3843.5588,4526.0435
2007-12-31 11:00:00,3722.686,4162.6816,5386.0273,3843.5588,4526.0435
2007-12-31 12:00:00,3722.686,4162.6816,5386.0273,3843.5588,4526.0435
2007-12-31 13:00:00,3722.686,4162.6816,5386.0273,3843.5588,4526.0435
2007-12-31 14:00:00,3722.686,4162.6816,5386.0273,3843.5588,4526.0435
2007-12-31 15:00:00,3722.686,4162.6816,5386.0273,3843.5588,4526.0435
2007-12-31 16:00:00,3722.686,4162.6816,5386.0273,3843.5588,4526.0435
2007-12-31 17:00:00,3722.686,4162.6816,5386.0273,3843.5588,4526.0435
2007-12-31 18:00:00,3722.686,4162.6816,5386.0273,3843.5588,4526.0435
2007-12-31 19:00:00,3722.686,4162.6816,5386.0273,3843.5588,4526.0435
2007-12-31 20:00:00,3722.686,4162.6816,5386.0273,3843.5588,4526.0435
2007-12-31 21:00:00,3722.686,4162.6816,5386.0273,3843.5588,4526.0435
2007-12-31 22:00:00,3722.686,4162.6816,5386.0273,3843.5588,4526.0435
2007-12-31 23:00:00,3722.686,4162.6816,5386.0273,3843.5588,4526.0435
